TiempoDesdeInicioSesion,TimestampVideo,LatenciaVideo
10.20,35.0,1784239607393,1784239604625
10.23,31.0,1784239607426,1784239604654
10.25,25.0,1784239607459,1784239604681
10.30,33.0,1784239607493,1784239604723
10.32,26.0,1784239607527,1784239604750
10.53,201.0,1784239607560,1784239604958
10.53,166.0,1784239607595,1784239604958
10.53,133.0,1784239607628,1784239604958
10.53,99.0,1784239607662,1784239604958
10.53,65.0,1784239607696,1784239604958
10.53,25.0,1784239607736,1784239604958
10.56,27.0,1784239607763,1784239604987
10.59,22.0,1784239607797,1784239605016
10.63,31.0,1784239607829,1784239605057
10.66,23.0,1784239607864,1784239605084
10.70,32.0,1784239607897,1784239605126
10.71,13.0,1784239607931,1784239605141
10.77,35.0,1784239607964,1784239605196
10.80,29.0,1784239607997,1784239605223
10.81,9.0,1784239608032,1784239605238
10.85,16.0,1784239608066,1784239605279
10.89,25.0,1784239608099,1784239605321
10.94,33.0,1784239608132,1784239605362
10.95,15.0,1784239608165,1784239605377
10.99,25.0,1784239608198,1784239605420
11.19,183.0,1784239608233,1784239605613
11.19,150.0,1784239608266,1784239605613
11.19,116.0,1784239608300,1784239605613
11.19,82.0,1784239608334,1784239605613
11.19,48.0,1784239608368,1784239605613
11.19,15.0,1784239608401,1784239605613
11.23,24.0,1784239608435,1784239605656
11.27,33.0,1784239608467,1784239605697
11.30,26.0,1784239608502,1784239605725
11.33,22.0,1784239608535,1784239605754
11.38,43.0,1784239608569,1784239605809
11.41,36.0,1784239608603,1784239605836
11.42,16.0,1784239608637,1784239605850
11.47,27.0,1784239608669,1784239605893
11.51,32.0,1784239608704,1784239605933
11.55,40.0,1784239608738,1784239605975
11.56,21.0,1784239608771,1784239605989
11.74,170.0,1784239608805,1784239606172
11.74,137.0,1784239608838,1784239606172
11.74,103.0,1784239608872,1784239606172
11.74,70.0,1784239608905,1784239606172
11.74,36.0,1784239608939,1784239606172
11.79,42.0,1784239608973,1784239606212
11.80,22.0,1784239609007,1784239606226
11.84,32.0,1784239609040,1784239606269
11.88,39.0,1784239609073,1784239606309
11.90,20.0,1784239609107,1784239606324
11.94,28.0,1784239609140,1784239606365
11.98,36.0,1784239609174,1784239606407
12.01,31.0,1784239609207,1784239606435
12.04,24.0,1784239609241,1784239606462
12.19,143.0,1784239609275,1784239606615
12.19,109.0,1784239609309,1784239606615
12.19,76.0,1784239609342,1784239606615
12.19,40.0,1784239609376,1784239606615
12.22,36.0,1784239609409,1784239606644
12.25,29.0,1784239609444,1784239606672
12.27,24.0,1784239609477,1784239606700
12.31,31.0,1784239609511,1784239606741
12.36,40.0,1784239609545,1784239606784
12.38,34.0,1784239609578,1784239606811
12.41,30.0,1784239609611,1784239606840
12.45,36.0,1784239609645,1784239606880
12.48,32.0,1784239609678,1784239606909
12.51,28.0,1784239609711,1784239606938
12.55,33.0,1784239609746,1784239606978
12.58,29.0,1784239609779,1784239607007
12.59,9.0,1784239609813,1784239607021
12.65,31.0,1784239609846,1784239607076
12.69,38.0,1784239609880,1784239607117
12.72,32.0,1784239609914,1784239607145
12.73,13.0,1784239609947,1784239607159
12.79,36.0,1784239609980,1784239607215
12.97,183.0,1784239610015,1784239607397
12.97,151.0,1784239610047,1784239607397
12.97,116.0,1784239610082,1784239607397
12.97,84.0,1784239610114,1784239607397
12.97,48.0,1784239610150,1784239607397
12.97,16.0,1784239610182,1784239607397
13.03,38.0,1784239610215,1784239607452
13.04,18.0,1784239610249,1784239607466
13.07,12.0,1784239610282,1784239607493
13.11,20.0,1784239610317,1784239607536
13.15,30.0,1784239610349,1784239607578
13.19,37.0,1784239610384,1784239607620
13.21,18.0,1784239610417,1784239607634
13.26,39.0,1784239610451,1784239607689
13.29,32.0,1784239610485,1784239607716
13.30,14.0,1784239610517,1784239607730
13.33,9.0,1784239610551,1784239607759
13.39,30.0,1784239610585,1784239607814
13.43,38.0,1784239610619,1784239607856
13.44,18.0,1784239610653,1784239607870
13.48,26.0,1784239610686,1784239607911
13.68,188.0,1784239610720,1784239608107
13.68,156.0,1784239610752,1784239608107
13.68,121.0,1784239610787,1784239608107
13.68,87.0,1784239610821,1784239608107
13.68,54.0,1784239610854,1784239608107
13.68,20.0,1784239610888,1784239608107
13.72,28.0,1784239610921,1784239608148
13.76,37.0,1784239610955,1784239608191
13.79,30.0,1784239610989,1784239608218
13.82,25.0,1784239611022,1784239608246
13.85,19.0,1784239611055,1784239608273
13.90,41.0,1784239611089,1784239608329
13.93,35.0,1784239611122,1784239608356
13.94,16.0,1784239611156,1784239608371
13.99,29.0,1784239611189,1784239608417
14.03,33.0,1784239611222,1784239608454
14.07,39.0,1784239611258,1784239608496
14.08,19.0,1784239611292,1784239608510
14.12,29.0,1784239611324,1784239608552
14.17,36.0,1784239611359,1784239608594
14.18,14.5,1784239611393,1784239608607
14.22,22.5,1784239611426,1784239608648
14.26,32.5,1784239611459,1784239608691
14.28,12.5,1784239611492,1784239608704
14.32,22.5,1784239611525,1784239608747
14.36,29.5,1784239611559,1784239608788
14.40,37.5,1784239611593,1784239608830
14.42,17.5,1784239611627,1784239608844
14.46,26.5,1784239611660,1784239608886
14.50,34.5,1784239611693,1784239608927
14.53,29.5,1784239611727,1784239608956
14.56,23.5,1784239611760,1784239608983
14.60,32.5,1784239611793,1784239609025
14.64,39.5,1784239611828,1784239609067
14.64,5.5,1784239611862,1784239609067
14.70,28.5,1784239611895,1784239609123
14.74,34.5,1784239611930,1784239609164
14.76,28.5,1784239611963,1784239609191
14.78,10.5,1784239611996,1784239609206
14.83,32.5,1784239612030,1784239609262
14.86,27.5,1784239612063,1784239609290
14.90,35.5,1784239612097,1784239609332
14.93,29.5,1784239612130,1784239609359
14.97,37.5,1784239612164,1784239609401
15.00,32.5,1784239612197,1784239609429
15.02,11.5,1784239612231,1784239609442
15.04,8.5,1784239612264,1784239609472
15.10,27.5,1784239612299,1784239609526
15.14,39.5,1784239612330,1784239609569
15.16,16.5,1784239612365,1784239609581
15.21,40.5,1784239612398,1784239609638
15.24,33.5,1784239612432,1784239609665
15.25,13.5,1784239612466,1784239609679
15.29,22.5,1784239612500,1784239609722
15.34,30.5,1784239612533,1784239609763
15.38,39.5,1784239612567,1784239609806
15.39,18.5,1784239612601,1784239609819
15.43,27.5,1784239612634,1784239609861
15.48,35.5,1784239612668,1784239609903
15.49,15.5,1784239612702,1784239609917
15.53,24.5,1784239612734,1784239609958
15.57,32.5,1784239612768,1784239610000
15.61,40.5,1784239612802,1784239610042
15.63,19.5,1784239612837,1784239610056
15.67,28.5,1784239612869,1784239610097
15.71,36.5,1784239612904,1784239610140
15.73,16.5,1784239612937,1784239610153
15.77,23.5,1784239612971,1784239610194
15.81,33.5,1784239613004,1784239610237
15.84,26.5,1784239613038,1784239610264
15.87,21.5,1784239613071,1784239610292
15.89,16.5,1784239613105,1784239610321
15.94,23.5,1784239613138,1784239610361
15.98,32.5,1784239613171,1784239610403
15.99,12.5,1784239613205,1784239610417
16.03,21.5,1784239613238,1784239610459
16.07,29.5,1784239613272,1784239610501
16.12,37.5,1784239613306,1784239610543
16.13,18.5,1784239613339,1784239610557
16.17,25.5,1784239613374,1784239610599
16.21,33.9,1784239613407,1784239610640
16.38,168.9,1784239613440,1784239610808
16.38,134.9,1784239613474,1784239610808
16.38,100.9,1784239613508,1784239610808
16.38,66.9,1784239613542,1784239610808
16.38,32.9,1784239613576,1784239610808
16.41,27.9,1784239613608,1784239610835
16.45,36.9,1784239613641,1784239610877
16.48,31.9,1784239613675,1784239610906
16.51,23.9,1784239613709,1784239610932
16.55,32.9,1784239613743,1784239610975
16.58,26.9,1784239613776,1784239611002
16.60,20.9,1784239613810,1784239611030
16.65,28.9,1784239613844,1784239611072
16.69,37.9,1784239613877,1784239611114
16.69,3.9,1784239613911,1784239611114
16.74,24.9,1784239613945,1784239611169
16.78,33.9,1784239613978,1784239611211
16.81,27.9,1784239614012,1784239611239
16.84,22.9,1784239614045,1784239611267
16.88,29.9,1784239614079,1784239611308
16.92,39.9,1784239614112,1784239611351
16.95,31.9,1784239614147,1784239611378
16.98,27.9,1784239614179,1784239611406
17.02,34.9,1784239614214,1784239611448
17.26,237.9,1784239614247,1784239611684
17.26,204.9,1784239614280,1784239611684
17.26,170.9,1784239614314,1784239611684
17.26,136.9,1784239614348,1784239611684
17.26,102.9,1784239614382,1784239611684
17.26,69.9,1784239614415,1784239611684
17.26,35.9,1784239614449,1784239611684
17.29,31.9,1784239614482,1784239611713
17.30,11.9,1784239614515,1784239611726
17.36,34.9,1784239614548,1784239611782
17.37,11.9,1784239614584,1784239611795
17.40,5.9,1784239614618,1784239611823
17.45,30.9,1784239614650,1784239611880
17.49,38.9,1784239614684,1784239611922
17.52,31.9,1784239614717,1784239611948
17.54,13.9,1784239614750,1784239611963
17.59,34.9,1784239614785,1784239612019
17.62,27.9,1784239614819,1784239612046
17.65,23.9,1784239614851,1784239612074
17.69,31.9,1784239614886,1784239612117
17.73,39.9,1784239614918,1784239612157
17.75,19.9,1784239614953,1784239612172
17.77,13.9,1784239614987,1784239612200
17.83,35.9,1784239615021,1784239612256
17.86,28.9,1784239615056,1784239612284
17.87,11.9,1784239615087,1784239612298
17.91,25.9,1784239615115,1784239612340
17.97,39.9,1784239615156,1784239612395
17.98,22.9,1784239615186,1784239612408
18.01,26.9,1784239615210,1784239612436
18.07,35.9,1784239615257,1784239612492
18.08,17.9,1784239615289,1784239612506
18.11,13.9,1784239615321,1784239612534
18.13,9.9,1784239615353,1784239612562
18.32,149.1,1784239615387,1784239612743
18.32,120.1,1784239615416,1784239612743
18.32,77.1,1784239615459,1784239612743
18.32,50.1,1784239615486,1784239612743
18.32,24.1,1784239615512,1784239612743
18.36,18.1,1784239615560,1784239612785
18.40,27.1,1784239615592,1784239612826
18.41,11.1,1784239615623,1784239612841
18.44,6.1,1784239615655,1784239612868
18.47,2.1,1784239615686,1784239612895
18.51,10.1,1784239615721,1784239612938
18.55,13.1,1784239615759,1784239612979
18.58,14.1,1784239615787,1784239613008
18.64,42.1,1784239615814,1784239613063
18.65,22.1,1784239615847,1784239613076
18.83,155.1,1784239615895,1784239613257
18.83,124.1,1784239615926,1784239613257
18.83,92.1,1784239615958,1784239613257
18.83,60.1,1784239615990,1784239613257
18.83,25.1,1784239616025,1784239613257
18.87,37.1,1784239616055,1784239613299
19.01,144.1,1784239616088,1784239613439
19.01,114.1,1784239616119,1784239613440
19.01,82.1,1784239616151,1784239613440
19.01,34.1,1784239616199,1784239613440
19.01,2.1,1784239616231,1784239613440
19.05,10.1,1784239616263,1784239613480
19.08,7.1,1784239616295,1784239613509
19.12,17.1,1784239616326,1784239613550
19.15,13.1,1784239616358,1784239613578
19.18,10.1,1784239616390,1784239613607
19.21,5.1,1784239616422,1784239613634
19.25,14.1,1784239616454,1784239613675
19.29,8.1,1784239616502,1784239613717
19.35,32.1,1784239616534,1784239613773
19.35,0.1,1784239616566,1784239613773
19.39,10.1,1784239616598,1784239613815
19.42,5.1,1784239616630,1784239613842
19.44,1.1,1784239616662,1784239613870
19.48,10.1,1784239616695,1784239613912
19.54,35.1,1784239616726,1784239613968
19.54,3.1,1784239616759,1784239613969
19.58,11.1,1784239616792,1784239614010
19.64,21.1,1784239616837,1784239614065
19.68,44.1,1784239616856,1784239614107
19.70,11.1,1784239616904,1784239614122
19.74,20.1,1784239616937,1784239614164
19.78,30.1,1784239616968,1784239614205
19.79,10.1,1784239617001,1784239614218
19.99,170.1,1784239617036,1784239614413
19.99,140.1,1784239617066,1784239614413
19.99,108.1,1784239617098,1784239614413
19.99,69.1,1784239617137,1784239614413
19.99,45.1,1784239617161,1784239614413
20.01,41.1,1784239617194,1784239614442
20.03,13.1,1784239617236,1784239614456
20.07,16.1,1784239617274,1784239614497
20.11,27.1,1784239617305,1784239614539
20.13,8.1,1784239617337,1784239614552
20.17,19.1,1784239617369,1784239614595
20.18,1.4,1784239617401,1784239614609
20.22,6.4,1784239617437,1784239614650
20.25,7.4,1784239617464,1784239614678
20.31,26.4,1784239617505,1784239614738
20.35,29.4,1784239617537,1784239614773
20.36,3.4,1784239617577,1784239614787
20.40,13.4,1784239617609,1784239614829
20.43,11.4,1784239617642,1784239614860
20.46,4.4,1784239617673,1784239614884
20.49,8.4,1784239617705,1784239614920
20.54,18.4,1784239617737,1784239614962
20.56,12.4,1784239617768,1784239614987
20.59,4.4,1784239617801,1784239615012
20.64,20.4,1784239617836,1784239615063
20.68,20.4,1784239617880,1784239615107
20.71,20.4,1784239617912,1784239615139
20.73,4.4,1784239617946,1784239615157
20.75,0.4,1784239617975,1784239615182
20.80,9.4,1784239618008,1784239615224
20.85,21.4,1784239618046,1784239615274
20.87,13.4,1784239618079,1784239615299
20.90,13.4,1784239618104,1784239615324
20.95,23.4,1784239618146,1784239615376
21.10,151.4,1784239618168,1784239615526
21.10,119.4,1784239618201,1784239615527
21.10,72.4,1784239618248,1784239615527
21.10,40.4,1784239618280,1784239615527
21.10,8.4,1784239618312,1784239615527
21.13,7.4,1784239618346,1784239615560
21.16,3.4,1784239618376,1784239615586
21.20,12.4,1784239618409,1784239615628
21.23,1.4,1784239618446,1784239615654
21.26,7.4,1784239618473,1784239615687
21.30,15.4,1784239618505,1784239615727
21.35,24.4,1784239618547,1784239615778
21.39,28.4,1784239618584,1784239615819
21.40,5.4,1784239618616,1784239615828
21.45,21.4,1784239618649,1784239615877
21.47,2.4,1784239618686,1784239615895
21.64,149.4,1784239618713,1784239616069
21.64,115.4,1784239618747,1784239616069
21.64,86.4,1784239618776,1784239616069
21.64,55.4,1784239618808,1784239616070
21.77,138.4,1784239618851,1784239616196
21.77,103.4,1784239618886,1784239616196
21.77,69.4,1784239618920,1784239616196
21.77,37.4,1784239618952,1784239616196
21.77,3.4,1784239618986,1784239616196
21.80,6.4,1784239619016,1784239616229
21.83,0.4,1784239619048,1784239616255
21.88,13.4,1784239619086,1784239616306
21.90,12.4,1784239619112,1784239616331
21.96,20.4,1784239619155,1784239616382
21.98,14.4,1784239619186,1784239616407
22.02,34.4,1784239619208,1784239616449
22.04,2.4,1784239619256,1784239616465
22.07,3.4,1784239619288,1784239616498
22.12,23.4,1784239619320,1784239616550
22.14,7.4,1784239619352,1784239616566
22.16,-0.6,1784239619386,1784239616592
22.21,10.1,1784239619418,1784239616633
22.24,14.1,1784239619448,1784239616667
22.30,35.1,1784239619486,1784239616726
22.32,27.1,1784239619511,1784239616743
22.36,26.1,1784239619555,1784239616786
22.40,30.1,1784239619592,1784239616827
22.41,8.1,1784239619624,1784239616837
22.44,11.1,1784239619655,1784239616871
22.48,14.1,1784239619687,1784239616906
22.51,10.1,1784239619718,1784239616933
22.55,19.1,1784239619750,1784239616974
22.57,7.1,1784239619787,1784239616999
22.61,12.1,1784239619815,1784239617032
22.66,28.1,1784239619857,1784239617090
22.81,150.1,1784239619887,1784239617242
22.81,110.1,1784239619927,1784239617242
22.81,77.1,1784239619960,1784239617242
22.81,45.1,1784239619992,1784239617242
22.82,13.1,1784239620024,1784239617242
22.84,6.1,1784239620055,1784239617266
22.87,6.1,1784239620087,1784239617298
22.91,9.1,1784239620118,1784239617332
22.96,25.1,1784239620161,1784239617391
22.98,17.1,1784239620186,1784239617408
23.02,7.1,1784239620230,1784239617442
23.04,1.1,1784239620262,1784239617468
23.10,28.1,1784239620294,1784239617527
23.11,5.1,1784239620325,1784239617535
23.15,13.1,1784239620358,1784239617576
23.20,32.1,1784239620390,1784239617627
23.21,8.1,1784239620422,1784239617635
23.25,19.1,1784239620453,1784239617677
23.30,35.1,1784239620487,1784239617727
23.33,22.1,1784239620533,1784239617760
23.49,147.1,1784239620565,1784239617917
23.49,115.1,1784239620597,1784239617917
23.49,76.1,1784239620636,1784239617917
23.49,51.1,1784239620661,1784239617917
23.49,19.1,1784239620693,1784239617917
23.52,12.1,1784239620725,1784239617942
23.54,7.1,1784239620757,1784239617969
23.59,15.1,1784239620799,1784239618019
23.63,35.1,1784239620821,1784239618061
23.68,47.1,1784239620853,1784239618105
23.69,8.1,1784239620900,1784239618113
23.72,5.1,1784239620936,1784239618146
23.77,28.1,1784239620964,1784239618197
23.78,4.1,1784239620997,1784239618206
23.83,25.1,1784239621028,1784239618258
23.85,5.1,1784239621065,1784239618275
23.91,28.1,1784239621102,1784239618335
23.92,2.1,1784239621136,1784239618343
23.97,39.1,1784239621157,1784239618401
24.01,25.1,1784239621205,1784239618435
24.02,0.1,1784239621237,1784239618442
24.07,20.1,1784239621268,1784239618493
24.11,20.1,1784239621310,1784239618535
24.12,2.1,1784239621336,1784239618543
24.16,10.1,1784239621370,1784239618585
24.21,26.4,1784239621405,1784239618636
24.22,3.4,1784239621436,1784239618644
24.26,22.4,1784239621459,1784239618686
24.29,8.4,1784239621507,1784239618720
24.32,0.4,1784239621540,1784239618745
24.35,3.4,1784239621571,1784239618779
24.39,13.4,1784239621603,1784239618821
24.42,4.4,1784239621636,1784239618845
24.45,6.4,1784239621667,1784239618878
24.50,26.4,1784239621699,1784239618930
24.52,4.4,1784239621738,1784239618947
24.55,4.4,1784239621763,1784239618972
24.60,11.4,1784239621806,1784239619022
24.63,8.4,1784239621843,1784239619056
24.66,9.4,1784239621875,1784239619089
24.69,-0.6,1784239621910,1784239619114
24.72,3.4,1784239621939,1784239619147
24.75,5.4,1784239621971,1784239619181
24.79,5.4,1784239622006,1784239619216
24.82,9.4,1784239622036,1784239619250
24.86,12.4,1784239622067,1784239619284
24.92,31.4,1784239622109,1784239619345
24.93,20.4,1784239622136,1784239619361
24.98,21.4,1784239622179,1784239619405
24.99,5.4,1784239622211,1784239619421
25.03,7.4,1784239622243,1784239619455
25.06,8.4,1784239622275,1784239619488
25.10,13.4,1784239622306,1784239619524
25.12,5.4,1784239622338,1784239619548
25.16,15.4,1784239622370,1784239619590
25.20,17.4,1784239622402,1784239619624
25.23,15.4,1784239622437,1784239619657
25.26,21.4,1784239622466,1784239619692
25.31,23.4,1784239622514,1784239619742
25.33,8.4,1784239622546,1784239619759
25.37,9.4,1784239622578,1784239619792
25.41,18.4,1784239622610,1784239619833
25.46,36.4,1784239622642,1784239619883
25.47,12.4,1784239622674,1784239619891
25.50,14.4,1784239622706,1784239619925
25.56,30.4,1784239622749,1784239619984
25.59,44.4,1784239622770,1784239620019
25.60,21.4,1784239622802,1784239620028
25.63,6.4,1784239622850,1784239620061
25.69,26.4,1784239622882,1784239620113
25.69,1.4,1784239622915,1784239620121
25.74,12.4,1784239622946,1784239620163
25.79,21.4,1784239622986,1784239620212
25.79,6.4,1784239623011,1784239620222
25.83,10.4,1784239623043,1784239620258
25.92,64.4,1784239623076,1784239620345
25.98,93.4,1784239623107,1784239620405
25.98,50.4,1784239623150,1784239620405
26.03,65.4,1784239623187,1784239620457
26.03,33.4,1784239623219,1784239620457
26.07,42.4,1784239623251,1784239620498
26.07,7.4,1784239623286,1784239620498
26.11,20.4,1784239623314,1784239620539
26.14,14.4,1784239623346,1784239620565
26.18,23.4,1784239623378,1784239620606
26.21,20.9,1784239623410,1784239620635
26.26,32.9,1784239623453,1784239620690
26.28,12.9,1784239623486,1784239620703
26.33,31.9,1784239623523,1784239620759
26.35,11.9,1784239623556,1784239620772
26.37,8.9,1784239623587,1784239620800
26.40,4.9,1784239623619,1784239620828
26.46,22.9,1784239623656,1784239620883
26.47,5.9,1784239623687,1784239620897
26.51,20.9,1784239623714,1784239620939
26.57,31.9,1784239623758,1784239620994
26.60,29.9,1784239623789,1784239621023
26.61,20.9,1784239623811,1784239621036
26.66,28.9,1784239623858,1784239621091
26.68,10.9,1784239623891,1784239621106
26.71,5.9,1784239623924,1784239621134
26.76,29.9,1784239623956,1784239621190
26.80,39.9,1784239623986,1784239621230
26.80,7.9,1784239624018,1784239621230
26.86,21.9,1784239624060,1784239621286
26.87,10.9,1784239624086,1784239621301
26.90,10.9,1784239624114,1784239621329
26.94,9.9,1784239624157,1784239621371
26.99,13.9,1784239624194,1784239621412
27.01,8.9,1784239624226,1784239621439
27.04,5.9,1784239624258,1784239621468
27.08,14.9,1784239624290,1784239621509
27.11,12.9,1784239624321,1784239621538
27.14,2.9,1784239624358,1784239621565
27.18,16.9,1784239624386,1784239621607
27.24,40.9,1784239624417,1784239621662
27.25,13.9,1784239624459,1784239621677
27.28,3.9,1784239624497,1784239621705
27.32,13.9,1784239624529,1784239621747
27.35,7.9,1784239624562,1784239621774
27.38,5.9,1784239624593,1784239621803
27.43,22.9,1784239624631,1784239621858
27.44,7.9,1784239624659,1784239621871
27.50,34.9,1784239624689,1784239621928
27.50,2.9,1784239624721,1784239621928
27.56,19.9,1784239624759,1784239621983
27.58,5.9,1784239624801,1784239622011
27.78,168.9,1784239624833,1784239622206
27.78,137.9,1784239624865,1784239622207
27.78,105.9,1784239624897,1784239622207
27.78,72.9,1784239624930,1784239622207
27.78,42.9,1784239624960,1784239622207
27.81,37.9,1784239624992,1784239622234
27.82,17.9,1784239625026,1784239622248
27.88,34.9,1784239625065,1784239622304
27.91,28.9,1784239625099,1784239622332
27.92,6.9,1784239625135,1784239622346
27.96,15.9,1784239625167,1784239622387
27.99,10.9,1784239625199,1784239622414
28.04,30.9,1784239625237,1784239622472
28.04,4.9,1784239625263,1784239622472
28.11,31.9,1784239625305,1784239622541
28.14,28.9,1784239625336,1784239622569
28.25,114.9,1784239625361,1784239622680
28.25,71.9,1784239625401,1784239622680
28.25,36.9,1784239625436,1784239622680
28.25,2.9,1784239625470,1784239622680
28.30,12.9,1784239625502,1784239622722
28.32,4.9,1784239625537,1784239622749
28.35,5.9,1784239625565,1784239622778
28.39,13.9,1784239625598,1784239622819
28.42,3.9,1784239625636,1784239622847
28.45,5.9,1784239625662,1784239622875
28.50,17.9,1784239625705,1784239622930
28.53,14.9,1784239625736,1784239622958
28.56,5.9,1784239625774,1784239622987
28.59,1.9,1784239625806,1784239623015
28.63,9.9,1784239625838,1784239623055
28.66,6.9,1784239625870,1784239623084
28.71,29.9,1784239625902,1784239623139
28.73,10.9,1784239625936,1784239623154
28.77,22.9,1784239625966,1784239623196
28.81,32.9,1784239625998,1784239623238
28.84,21.9,1784239626036,1784239623265
28.88,35.9,1784239626064,1784239623307
28.92,30.9,1784239626110,1784239623348
28.92,-1.1,1784239626142,1784239623348
28.96,9.9,1784239626174,1784239623391
28.99,5.9,1784239626206,1784239623419
29.03,14.9,1784239626238,1784239623460
29.06,11.9,1784239626270,1784239623489
29.10,20.9,1784239626302,1784239623530
29.13,5.9,1784239626344,1784239623557
29.19,32.9,1784239626374,1784239623614
29.20,9.9,1784239626411,1784239623628
29.23,4.9,1784239626443,1784239623655
29.27,13.9,1784239626475,1784239623696
29.30,10.9,1784239626507,1784239623725
29.33,6.9,1784239626539,1784239623753
29.37,15.9,1784239626571,1784239623794
29.40,12.9,1784239626603,1784239623823
29.42,6.9,1784239626636,1784239623850
29.46,17.9,1784239626667,1784239623892
29.52,30.9,1784239626709,1784239623947
29.54,8.9,1784239626746,1784239623962
29.59,26.9,1784239626783,1784239624017
29.60,13.9,1784239626810,1784239624031
29.63,10.9,1784239626842,1784239624060
29.66,6.9,1784239626874,1784239624088
29.70,12.9,1784239626909,1784239624129
29.76,29.9,1784239626949,1784239624186
29.77,21.9,1784239626970,1784239624199
29.80,3.9,1784239627015,1784239624226
29.84,10.9,1784239627050,1784239624268
29.90,35.9,1784239627081,1784239624324
29.90,3.9,1784239627113,1784239624324
29.94,5.9,1784239627152,1784239624365
30.00,37.9,1784239627177,1784239624422
30.00,5.9,1784239627209,1784239624422
30.05,17.9,1784239627252,1784239624477
30.08,11.9,1784239627286,1784239624505
30.11,20.9,1784239627305,1784239624533
30.13,2.9,1784239627352,1784239624562
30.19,24.9,1784239627384,1784239624616
30.20,8.9,1784239627416,1784239624630
30.23,4.9,1784239627448,1784239624658
30.29,22.9,1784239627486,1784239624714
30.30,11.9,1784239627512,1784239624729
30.34,10.9,1784239627554,1784239624770
30.38,20.9,1784239627586,1784239624812
30.41,26.9,1784239627608,1784239624840
30.44,10.9,1784239627651,1784239624867
30.47,2.9,1784239627688,1784239624896
30.52,25.9,1784239627720,1784239624951
30.54,7.9,1784239627752,1784239624965
30.57,0.9,1784239627787,1784239624993
30.61,11.9,1784239627817,1784239625034
30.64,8.9,1784239627849,1784239625063
30.68,12.9,1784239627886,1784239625104
30.71,13.9,1784239627913,1784239625132
30.76,27.9,1784239627955,1784239625188
30.80,37.9,1784239627986,1784239625229
30.80,-0.1,1784239628024,1784239625229
30.84,9.9,1784239628056,1784239625271
30.89,18.9,1784239628089,1784239625313
31.10,196.9,1784239628120,1784239625522
31.10,164.9,1784239628152,1784239625522
31.10,130.9,1784239628186,1784239625522
31.10,100.9,1784239628216,1784239625522
31.10,57.9,1784239628259,1784239625522
31.10,30.9,1784239628287,1784239625523
31.11,2.9,1784239628328,1784239625536
31.15,12.9,1784239628360,1784239625578
31.18,7.9,1784239628392,1784239625605
31.21,4.9,1784239628424,1784239625634
31.25,12.9,1784239628456,1784239625674
31.28,9.9,1784239628488,1784239625703
31.32,18.9,1784239628520,1784239625744
31.37,32.9,1784239628562,1784239625800
31.37,8.9,1784239628586,1784239625800
31.42,21.9,1784239628616,1784239625843
31.47,28.9,1784239628664,1784239625898
31.48,10.9,1784239628696,1784239625912
31.51,6.9,1784239628728,1784239625940
31.55,15.9,1784239628760,1784239625981
31.72,147.9,1784239628796,1784239626149
31.72,119.9,1784239628824,1784239626149
31.72,87.9,1784239628856,1784239626149
31.72,45.9,1784239628898,1784239626149
31.72,22.9,1784239628921,1784239626149
31.78,46.9,1784239628952,1784239626204
31.79,12.9,1784239629001,1784239626219
31.82,9.9,1784239629032,1784239626247
31.86,18.9,1784239629065,1784239626289
31.89,13.9,1784239629096,1784239626315
31.92,9.9,1784239629128,1784239626343
31.94,6.9,1784239629160,1784239626372
31.99,14.9,1784239629193,1784239626413
32.01,10.9,1784239629225,1784239626441
32.04,6.9,1784239629257,1784239626469
32.10,18.9,1784239629300,1784239626524
32.13,11.9,1784239629336,1784239626553
32.15,7.9,1784239629368,1784239626581
32.18,5.9,1784239629397,1784239626608
32.22,17.8,1784239629428,1784239626650
32.25,14.8,1784239629460,1784239626679
32.31,26.8,1784239629503,1784239626734
32.32,6.8,1784239629537,1784239626748
32.36,29.8,1784239629556,1784239626790
32.42,37.8,1784239629603,1784239626845
32.42,3.8,1784239629637,1784239626845
32.46,16.8,1784239629667,1784239626888
32.49,9.8,1784239629700,1784239626914
32.52,1.8,1784239629737,1784239626943
32.56,17.8,1784239629763,1784239626985
32.61,37.8,1784239629798,1784239627040
32.63,14.8,1784239629836,1784239627055
32.65,18.8,1784239629859,1784239627082
32.71,31.8,1784239629902,1784239627138
32.73,11.8,1784239629936,1784239627152
32.75,3.8,1784239629972,1784239627180
32.81,27.8,1784239630004,1784239627236
32.85,36.8,1784239630036,1784239627277
32.85,1.8,1784239630071,1784239627277
32.89,14.8,1784239630100,1784239627319
32.92,5.8,1784239630136,1784239627346
32.98,25.8,1784239630173,1784239627403
33.00,19.8,1784239630206,1784239627430
33.05,32.8,1784239630236,1784239627473
33.07,36.8,1784239630259,1784239627500
33.09,2.8,1784239630308,1784239627515
33.25,135.8,1784239630340,1784239627680
33.25,104.8,1784239630371,1784239627680
33.25,72.8,1784239630403,1784239627680
33.25,39.8,1784239630436,1784239627680
33.28,28.8,1784239630476,1784239627709
33.32,36.8,1784239630509,1784239627750
33.32,9.8,1784239630536,1784239627750
33.38,24.8,1784239630577,1784239627806
33.39,5.8,1784239630611,1784239627821
33.44,14.8,1784239630643,1784239627862
33.71,258.8,1784239630677,1784239628140
33.71,225.8,1784239630710,1784239628140
33.71,196.8,1784239630739,1784239628140
33.71,158.8,1784239630777,1784239628140
33.71,123.8,1784239630812,1784239628140
33.71,99.8,1784239630836,1784239628140
33.71,58.8,1784239630877,1784239628140
33.71,26.8,1784239630910,1784239628141
33.73,3.8,1784239630947,1784239628155
33.77,13.8,1784239630978,1784239628196
33.80,9.8,1784239631010,1784239628224
33.84,18.8,1784239631043,1784239628266
33.87,11.8,1784239631078,1784239628294
33.89,11.8,1784239631106,1784239628322
33.95,24.8,1784239631149,1784239628378
33.99,36.8,1784239631179,1784239628420
34.01,27.8,1784239631202,1784239628434
34.05,32.8,1784239631237,1784239628474
34.08,14.8,1784239631284,1784239628503
34.10,9.8,1784239631316,1784239628530
34.15,21.8,1784239631346,1784239628572
34.16,4.8,1784239631379,1784239628588
34.20,13.8,1784239631410,1784239628628
34.26,36.5,1784239631444,1784239628684
34.30,43.5,1784239631479,1784239628726
34.30,16.5,1784239631506,1784239628726
34.35,27.5,1784239631550,1784239628781
34.37,4.5,1784239631587,1784239628795
34.41,14.5,1784239631619,1784239628837
34.44,10.5,1784239631651,1784239628865
34.47,3.5,1784239631686,1784239628893
34.49,3.5,1784239631714,1784239628921
34.54,13.5,1784239631746,1784239628963
34.58,15.5,1784239631786,1784239629005
34.59,2.5,1784239631813,1784239629019
34.65,16.5,1784239631853,1784239629073
34.67,12.5,1784239631886,1784239629102
34.70,3.5,1784239631923,1784239629130
34.74,14.5,1784239631954,1784239629172
34.77,8.5,1784239631987,1784239629199
34.81,17.5,1784239632020,1784239629241
34.84,14.5,1784239632051,1784239629269
34.87,6.5,1784239632086,1784239629296
34.91,18.5,1784239632117,1784239629339
34.97,43.5,1784239632147,1784239629394
34.98,15.5,1784239632188,1784239629407
35.01,21.5,1784239632210,1784239629435
35.06,29.5,1784239632258,1784239629491
35.08,11.5,1784239632291,1784239629506
35.11,6.5,1784239632323,1784239629533
35.15,16.5,1784239632355,1784239629575
35.18,12.5,1784239632387,1784239629603
35.20,8.5,1784239632418,1784239629630
35.25,17.5,1784239632451,1784239629672
35.27,11.5,1784239632486,1784239629701
35.32,23.5,1784239632514,1784239629741
35.37,37.5,1784239632557,1784239629798
35.39,13.5,1784239632595,1784239629812
35.41,9.5,1784239632626,1784239629839
35.44,6.5,1784239632658,1784239629868
35.48,15.5,1784239632690,1784239629909
35.51,12.5,1784239632722,1784239629938
35.54,7.5,1784239632754,1784239629965
35.59,30.5,1784239632787,1784239630021
35.61,9.5,1784239632822,1784239630035
35.66,26.5,1784239632860,1784239630090
35.82,153.5,1784239632886,1784239630243
35.82,109.5,1784239632930,1784239630243
35.82,77.5,1784239632962,1784239630243
35.82,45.5,1784239632994,1784239630243
35.82,13.5,1784239633026,1784239630243
35.87,37.5,1784239633058,1784239630299
35.87,4.5,1784239633091,1784239630299
35.91,14.5,1784239633122,1784239630340
35.96,24.5,1784239633154,1784239630382
36.01,37.5,1784239633197,1784239630438
36.03,30.5,1784239633219,1784239630453
36.07,23.5,1784239633267,1784239630494
36.11,32.5,1784239633299,1784239630535
36.12,14.5,1784239633331,1784239630549
36.15,11.5,1784239633363,1784239630578
36.18,8.5,1784239633394,1784239630606
36.21,3.6,1784239633426,1784239630633
36.26,19.6,1784239633465,1784239630688
36.30,26.6,1784239633501,1784239630731
36.32,7.6,1784239633533,1784239630744
36.48,153.6,1784239633555,1784239630912
36.49,106.6,1784239633602,1784239630912
36.49,72.6,1784239633636,1784239630912
36.49,42.6,1784239633666,1784239630912
36.49,10.6,1784239633698,1784239630912
36.53,13.6,1784239633736,1784239630953
36.55,15.6,1784239633762,1784239630981
36.60,25.6,1784239633794,1784239631023
36.62,10.6,1784239633837,1784239631051
36.64,3.6,1784239633858,1784239631065
36.69,16.6,1784239633900,1784239631120
36.73,19.6,1784239633939,1784239631162
36.76,17.6,1784239633969,1784239631190
36.80,23.6,1784239634005,1784239631232
36.82,6.6,1784239634036,1784239631246
36.86,19.6,1784239634065,1784239631288
36.92,42.6,1784239634097,1784239631343
36.93,16.6,1784239634137,1784239631357
36.96,20.6,1784239634161,1784239631385
37.01,33.6,1784239634203,1784239631440
37.03,15.6,1784239634236,1784239631455
37.06,5.6,1784239634273,1784239631482
37.10,15.6,1784239634305,1784239631524
37.13,11.6,1784239634337,1784239631552
37.17,21.6,1784239634369,1784239631594
37.20,18.6,1784239634400,1784239631622
37.22,10.6,1784239634436,1784239631650
37.26,24.6,1784239634463,1784239631691
37.32,37.6,1784239634506,1784239631747
37.33,13.6,1784239634544,1784239631761
37.36,9.6,1784239634576,1784239631789
37.39,4.6,1784239634608,1784239631816
37.43,14.6,1784239634640,1784239631858
37.46,12.6,1784239634671,1784239631887
37.51,34.6,1784239634704,1784239631942
37.53,16.6,1784239634736,1784239631956
37.56,12.6,1784239634767,1784239631983
37.60,12.6,1784239634810,1784239632026
37.63,14.6,1784239634836,1784239632054
37.67,13.6,1784239634878,1784239632095
37.70,8.6,1784239634910,1784239632122
37.74,19.6,1784239634942,1784239632165
37.77,14.6,1784239634974,1784239632192
37.79,11.6,1784239635006,1784239632221
37.84,20.6,1784239635038,1784239632262
37.86,15.6,1784239635071,1784239632290
37.89,11.6,1784239635103,1784239632318
37.93,19.6,1784239635136,1784239632359
37.99,44.6,1784239635167,1784239632415
38.00,10.6,1784239635215,1784239632429
38.03,6.6,1784239635247,1784239632457
38.07,16.6,1784239635279,1784239632499
38.10,12.6,1784239635310,1784239632526
38.13,6.6,1784239635346,1784239632556
38.27,109.6,1784239635381,1784239632694
38.27,84.6,1784239635406,1784239632694
38.27,41.1,1784239635449,1784239632694
38.27,20.1,1784239635470,1784239632694
38.31,20.1,1784239635512,1784239632736
38.34,9.1,1784239635550,1784239632763
38.36,5.1,1784239635582,1784239632791
38.41,15.1,1784239635614,1784239632833
38.43,10.1,1784239635647,1784239632861
38.49,34.1,1784239635678,1784239632916
38.50,16.1,1784239635710,1784239632930
38.53,13.1,1784239635742,1784239632959
38.59,24.1,1784239635786,1784239633014
38.59,4.1,1784239635806,1784239633014
38.66,31.1,1784239635849,1784239633084
38.67,7.1,1784239635886,1784239633097
38.70,3.1,1784239635918,1784239633125
38.74,14.1,1784239635949,1784239633167
38.77,4.1,1784239635986,1784239633194
38.80,6.1,1784239636013,1784239633223
38.85,28.1,1784239636046,1784239633278
38.88,16.1,1784239636086,1784239633306
38.89,7.1,1784239636110,1784239633321
38.95,20.1,1784239636152,1784239633376
38.98,11.1,1784239636189,1784239633404
39.03,34.1,1784239636221,1784239633459
39.05,15.1,1784239636254,1784239633473
39.07,11.1,1784239636286,1784239633501
39.12,21.1,1784239636318,1784239633543
39.13,3.1,1784239636350,1784239633557
39.17,8.1,1784239636386,1784239633598
39.21,22.1,1784239636414,1784239633640
39.27,36.1,1784239636456,1784239633696
39.28,14.1,1784239636492,1784239633710
39.33,39.1,1784239636509,1784239633752
39.37,32.1,1784239636557,1784239633793
39.38,11.1,1784239636592,1784239633807
39.41,9.1,1784239636622,1784239633835
39.45,19.1,1784239636654,1784239633877
39.51,36.1,1784239636693,1784239633933
39.51,11.1,1784239636718,1784239633933
39.56,34.1,1784239636751,1784239633989
39.60,33.1,1784239636793,1784239634030
39.62,26.1,1784239636814,1784239634044
39.65,11.1,1784239636857,1784239634072
39.69,17.1,1784239636893,1784239634114
39.71,11.1,1784239636926,1784239634141
39.74,8.1,1784239636958,1784239634170
39.78,13.1,1784239636994,1784239634211
39.81,13.1,1784239637022,1784239634239
39.87,37.1,1784239637054,1784239634295
39.90,25.1,1784239637094,1784239634323
39.91,14.1,1784239637119,1784239634337
39.97,27.1,1784239637161,1784239634392
39.98,8.1,1784239637194,1784239634406
40.02,13.1,1784239637231,1784239634448
40.05,10.1,1784239637262,1784239634476
40.08,6.1,1784239637294,1784239634504
40.12,15.1,1784239637326,1784239634545
40.15,11.1,1784239637358,1784239634573
40.19,17.1,1784239637394,1784239634615
40.22,17.1,1784239637422,1784239634643
40.26,28.1,1784239637454,1784239634685
40.31,40.1,1784239637497,1784239634740
40.33,22.1,1784239637530,1784239634755
40.36,13.1,1784239637567,1784239634783
40.38,8.1,1784239637599,1784239634810
40.41,5.1,1784239637631,1784239634839
40.45,13.1,1784239637663,1784239634879
40.48,8.1,1784239637696,1784239634907
40.54,32.1,1784239637728,1784239634963
40.55,13.1,1784239637761,1784239634977
40.61,34.1,1784239637796,1784239635033
40.62,20.1,1784239637824,1784239635047
40.65,12.1,1784239637859,1784239635074
40.70,29.1,1784239637899,1784239635131
40.75,48.1,1784239637921,1784239635172
40.76,15.1,1784239637969,1784239635187
40.79,10.1,1784239638001,1784239635214
40.83,15.1,1784239638037,1784239635255
40.86,15.1,1784239638065,1784239635283
40.91,32.1,1784239638104,1784239635339
40.93,15.1,1784239638136,1784239635354
40.95,17.1,1784239638161,1784239635381
41.01,30.1,1784239638204,1784239635437
41.02,11.1,1784239638237,1784239635451
41.08,44.1,1784239638259,1784239635506
41.09,12.1,1784239638305,1784239635520
41.12,8.1,1784239638337,1784239635548
41.16,19.1,1784239638368,1784239635590
41.19,15.1,1784239638400,1784239635618
41.23,17.1,1784239638440,1784239635660
41.26,22.1,1784239638463,1784239635688
41.32,35.1,1784239638505,1784239635743
41.33,17.1,1784239638537,1784239635757
41.36,7.1,1784239638575,1784239635785
41.40,16.1,1784239638607,1784239635826
41.43,12.1,1784239638639,1784239635854
41.46,9.1,1784239638670,1784239635882
41.50,19.1,1784239638702,1784239635924
41.55,36.1,1784239638741,1784239635980
41.55,11.1,1784239638766,1784239635980
41.59,20.1,1784239638799,1784239636022
41.65,38.1,1784239638836,1784239636077
41.65,8.1,1784239638866,1784239636077
41.69,5.1,1784239638911,1784239636119
41.73,14.1,1784239638944,1784239636161
41.76,8.1,1784239638978,1784239636189
41.79,6.1,1784239639008,1784239636217
41.83,15.1,1784239639040,1784239636258
41.86,11.1,1784239639072,1784239636286
41.89,7.1,1784239639104,1784239636314
41.94,30.1,1784239639137,1784239636370
41.96,13.1,1784239639168,1784239636384
42.03,40.1,1784239639211,1784239636454
42.03,15.1,1784239639236,1784239636454
42.07,12.1,1784239639280,1784239636495
42.10,7.1,1784239639312,1784239636522
42.12,4.1,1784239639344,1784239636551
42.17,10.1,1784239639379,1784239636592
42.21,23.1,1784239639408,1784239636634
42.23,20.3,1784239639439,1784239636661
42.39,142.3,1784239639471,1784239636815
42.39,111.3,1784239639502,1784239636815
42.39,77.3,1784239639536,1784239636815
42.39,46.3,1784239639567,1784239636815
42.40,12.3,1784239639615,1784239636829
42.43,8.3,1784239639647,1784239636857
42.49,30.3,1784239639681,1784239636913
42.50,14.3,1784239639711,1784239636927
42.67,148.3,1784239639744,1784239637094
42.67,118.3,1784239639774,1784239637094
42.67,86.3,1784239639806,1784239637094
42.67,43.3,1784239639849,1784239637094
42.67,18.3,1784239639874,1784239637094
42.71,15.3,1784239639918,1784239637135
42.74,12.3,1784239639950,1784239637164
42.76,8.3,1784239639981,1784239637191
42.79,5.3,1784239640013,1784239637220
42.85,27.3,1784239640045,1784239637274
42.89,36.3,1784239640078,1784239637316
42.89,6.3,1784239640108,1784239637316
42.95,19.3,1784239640151,1784239637372
42.99,25.3,1784239640187,1784239637414
43.00,6.3,1784239640220,1784239637428
43.04,16.3,1784239640252,1784239637470
43.07,10.3,1784239640286,1784239637498
43.11,21.3,1784239640316,1784239637539
43.13,3.3,1784239640348,1784239637553
43.18,21.3,1784239640386,1784239637609
43.21,24.3,1784239640412,1784239637638
43.27,36.3,1784239640455,1784239637693
43.28,17.3,1784239640487,1784239637706
43.31,24.3,1784239640508,1784239637734
43.36,32.3,1784239640556,1784239637790
43.38,14.3,1784239640588,1784239637804
43.40,9.3,1784239640620,1784239637831
43.45,19.3,1784239640652,1784239637873
43.48,14.3,1784239640686,1784239637902
43.50,11.3,1784239640716,1784239637929
43.54,17.3,1784239640752,1784239637971
43.57,8.3,1784239640789,1784239637999
43.61,22.3,1784239640816,1784239638040
43.64,6.3,1784239640860,1784239638068
43.67,3.3,1784239640892,1784239638097
43.71,11.3,1784239640925,1784239638138
43.74,8.3,1784239640956,1784239638166
43.78,17.3,1784239640989,1784239638208
43.81,12.3,1784239641020,1784239638234
43.85,23.3,1784239641052,1784239638277
43.88,17.3,1784239641086,1784239638305
44.05,159.3,1784239641116,1784239638477
44.05,116.3,1784239641159,1784239638477
44.05,89.3,1784239641186,1784239638477
44.05,47.3,1784239641228,1784239638477
44.05,15.3,1784239641260,1784239638477
44.08,8.3,1784239641293,1784239638503
44.12,16.3,1784239641327,1784239638545
44.15,15.3,1784239641356,1784239638573
44.19,29.3,1784239641388,1784239638619
44.21,17.3,1784239641420,1784239638639
44.27,32.1,1784239641462,1784239638696
44.27,8.1,1784239641486,1784239638696
44.34,46.1,1784239641516,1784239638764
44.35,12.1,1784239641564,1784239638778
44.38,8.1,1784239641595,1784239638805
44.42,19.1,1784239641627,1784239638848
44.45,14.1,1784239641659,1784239638875
44.48,10.1,1784239641691,1784239638903
44.52,21.1,1784239641722,1784239638945
44.55,16.1,1784239641755,1784239638973
44.60,30.1,1784239641797,1784239639029
44.75,161.1,1784239641818,1784239639181
44.75,118.1,1784239641861,1784239639181
44.75,80.1,1784239641899,1784239639181
44.75,48.1,1784239641931,1784239639181
44.75,16.1,1784239641963,1784239639181
44.81,33.1,1784239642002,1784239639237
44.84,36.1,1784239642027,1784239639265
44.85,12.1,1784239642065,1784239639279
44.91,31.1,1784239642102,1784239639335
44.92,10.1,1784239642136,1784239639348
44.95,20.1,1784239642155,1784239639377
44.99,13.1,1784239642203,1784239639418
45.02,8.1,1784239642236,1784239639446
45.05,5.1,1784239642267,1784239639474
45.09,15.1,1784239642299,1784239639516
45.12,6.1,1784239642336,1784239639544
45.15,7.1,1784239642363,1784239639572
45.20,30.1,1784239642395,1784239639627
45.35,143.1,1784239642436,1784239639781
45.35,121.1,1784239642458,1784239639781
45.35,74.1,1784239642505,1784239639781
45.35,43.1,1784239642536,1784239639781
45.35,8.1,1784239642571,1784239639781
45.41,35.1,1784239642600,1784239639837
45.42,13.1,1784239642636,1784239639851
45.45,12.1,1784239642664,1784239639878
45.51,36.1,1784239642696,1784239639934
45.69,177.1,1784239642736,1784239640115
45.69,153.1,1784239642760,1784239640115
45.69,105.1,1784239642808,1784239640115
45.76,142.1,1784239642841,1784239640185
45.76,111.1,1784239642872,1784239640185
45.76,79.1,1784239642904,1784239640185
45.76,46.1,1784239642937,1784239640185
45.76,15.1,1784239642968,1784239640185
45.81,29.1,1784239643009,1784239640240
45.81,2.1,1784239643036,1784239640240
45.87,30.1,1784239643064,1784239640296
45.90,12.1,1784239643109,1784239640323
45.92,5.1,1784239643144,1784239640351
45.97,16.1,1784239643175,1784239640393
45.99,8.1,1784239643210,1784239640420
46.04,21.1,1784239643240,1784239640463
46.06,16.1,1784239643272,1784239640490
46.12,34.1,1784239643310,1784239640546
46.13,21.1,1784239643337,1784239640560
46.16,18.1,1784239643368,1784239640588
46.22,31.1,1784239643411,1784239640644
46.23,20.1,1784239643436,1784239640658
46.26,5.7,1784239643479,1784239640686
46.31,29.7,1784239643511,1784239640742
46.36,33.7,1784239643548,1784239640783
46.37,20.7,1784239643575,1784239640797
46.40,11.7,1784239643611,1784239640824
46.45,39.7,1784239643639,1784239640880
46.47,22.7,1784239643670,1784239640894
46.52,37.7,1784239643712,1784239640951
46.54,26.7,1784239643736,1784239640964
46.56,7.7,1784239643782,1784239640991
46.61,18.7,1784239643814,1784239641034
46.63,13.7,1784239643846,1784239641061
46.68,24.7,1784239643878,1784239641104
46.69,3.7,1784239643913,1784239641118
46.73,14.7,1784239643942,1784239641158
46.76,12.7,1784239643974,1784239641188
46.83,42.7,1784239644013,1784239641257
46.84,20.7,1784239644049,1784239641271
46.87,25.7,1784239644071,1784239641298
46.93,39.7,1784239644113,1784239641354
47.08,170.7,1784239644136,1784239641508
47.08,123.7,1784239644183,1784239641508
47.08,91.7,1784239644215,1784239641508
47.08,59.7,1784239644247,1784239641508
47.08,27.7,1784239644279,1784239641508
47.11,20.7,1784239644313,1784239641535
47.16,36.7,1784239644353,1784239641591
47.18,17.7,1784239644386,1784239641605
47.22,30.7,1784239644414,1784239641646
47.25,18.7,1784239644454,1784239641674
47.28,14.7,1784239644487,1784239641703
47.30,11.7,1784239644517,1784239641730
47.35,22.7,1784239644549,1784239641773
47.37,11.7,1784239644586,1784239641799
47.40,11.7,1784239644614,1784239641827
47.44,12.7,1784239644656,1784239641870
47.47,9.7,1784239644686,1784239641897
47.51,23.7,1784239644714,1784239641939
47.54,8.7,1784239644757,1784239641967
47.58,16.7,1784239644790,1784239642008
47.61,13.7,1784239644821,1784239642036
47.64,9.7,1784239644854,1784239642065
47.68,18.7,1784239644886,1784239642106
47.73,35.7,1784239644924,1784239642161
47.73,10.7,1784239644950,1784239642162
47.78,16.7,1784239644986,1784239642204
47.80,15.7,1784239645015,1784239642232
47.86,30.7,1784239645056,1784239642288
47.87,6.7,1784239645094,1784239642302
47.92,14.7,1784239645126,1784239642342
47.94,11.7,1784239645158,1784239642371
47.97,6.7,1784239645190,1784239642398
48.01,11.7,1784239645227,1784239642440
48.04,13.7,1784239645254,1784239642469
48.07,6.7,1784239645288,1784239642496
48.11,17.7,1784239645319,1784239642538
48.17,41.7,1784239645351,1784239642594
48.17,6.7,1784239645386,1784239642594
48.21,16.7,1784239645417,1784239642635
48.25,12.7,1784239645462,1784239642676
48.28,10.2,1784239645494,1784239642705
48.31,5.2,1784239645526,1784239642732
48.35,15.2,1784239645558,1784239642774
48.38,12.2,1784239645590,1784239642803
48.40,7.2,1784239645622,1784239642830
48.45,17.2,1784239645654,1784239642872
48.50,39.2,1784239645687,1784239642927
48.50,8.2,1784239645718,1784239642927
48.56,22.2,1784239645760,1784239642983
48.58,12.2,1784239645797,1784239643010
48.61,8.2,1784239645829,1784239643038
48.65,19.2,1784239645861,1784239643081
48.68,14.2,1784239645894,1784239643109
48.71,10.2,1784239645926,1784239643137
48.74,5.2,1784239645958,1784239643164
48.79,29.2,1784239645990,1784239643220
48.82,25.2,1784239646022,1784239643248
48.88,39.2,1784239646064,1784239643304
48.89,15.2,1784239646101,1784239643317
48.92,10.2,1784239646133,1784239643344
48.96,21.2,1784239646165,1784239643387
48.99,17.2,1784239646197,1784239643415
49.02,13.2,1784239646229,1784239643443
49.06,24.2,1784239646260,1784239643485
49.25,181.2,1784239646297,1784239643679
49.25,154.2,1784239646324,1784239643679
49.29,165.2,1784239646356,1784239643722
49.29,122.2,1784239646399,1784239643722
49.29,85.2,1784239646436,1784239643722
49.29,53.2,1784239646468,1784239643722
49.29,20.2,1784239646501,1784239643722
49.32,15.2,1784239646532,1784239643748
49.35,12.2,1784239646564,1784239643777
49.39,22.2,1784239646596,1784239643819
49.45,37.2,1784239646636,1784239643874
49.45,13.2,1784239646660,1784239643874
49.52,39.2,1784239646703,1784239643943
49.54,34.2,1784239646737,1784239643972
49.56,13.2,1784239646772,1784239643986
49.59,9.2,1784239646803,1784239644013
49.63,18.2,1784239646836,1784239644055
49.66,10.2,1784239646871,1784239644082
49.68,11.2,1784239646899,1784239644111
49.73,16.2,1784239646936,1784239644153
49.75,16.2,1784239646963,1784239644180
49.80,17.2,1784239647005,1784239644223
49.82,11.2,1784239647038,1784239644250
49.88,41.2,1784239647064,1784239644306
49.89,12.2,1784239647107,1784239644320
49.92,6.2,1784239647141,1784239644348
49.96,18.2,1784239647170,1784239644389
49.99,15.2,1784239647202,1784239644418
50.03,22.2,1784239647236,1784239644459
50.06,20.2,1784239647266,1784239644487
50.10,19.2,1784239647309,1784239644529
50.12,5.2,1784239647336,1784239644542
50.19,49.2,1784239647362,1784239644612
50.20,15.2,1784239647410,1784239644626
50.23,10.2,1784239647443,1784239644654
50.27,16.2,1784239647479,1784239644696
50.30,15.2,1784239647507,1784239644723
50.32,11.2,1784239647539,1784239644751
50.37,21.2,1784239647571,1784239644793
50.39,17.2,1784239647604,1784239644822
50.42,10.2,1784239647638,1784239644849
50.46,23.2,1784239647667,1784239644891
50.49,6.2,1784239647710,1784239644917
50.55,37.2,1784239647736,1784239644974
50.56,6.2,1784239647780,1784239644987
50.60,17.2,1784239647812,1784239645030
50.63,12.2,1784239647845,1784239645058
50.66,6.2,1784239647878,1784239645085
50.70,15.2,1784239647911,1784239645127
50.73,13.2,1784239647941,1784239645155
50.76,9.2,1784239647973,1784239645183
50.80,20.2,1784239648004,1784239645225
50.85,42.2,1784239648038,1784239645281
50.88,25.2,1784239648082,1784239645308
50.90,11.2,1784239648111,1784239645323
50.95,28.2,1784239648149,1784239645378
50.96,11.2,1784239648180,1784239645392
50.99,6.2,1784239648212,1784239645419
51.03,16.2,1784239648245,1784239645462
51.06,13.2,1784239648276,1784239645490
51.09,8.2,1784239648308,1784239645517
51.15,21.2,1784239648351,1784239645573
51.16,14.2,1784239648372,1784239645587
51.23,50.2,1784239648405,1784239645656
51.24,23.2,1784239648447,1784239645671
51.27,11.2,1784239648486,1784239645698
51.30,9.2,1784239648516,1784239645726
51.34,17.2,1784239648549,1784239645767
51.52,166.2,1784239648581,1784239645948
51.52,134.2,1784239648613,1784239645948
51.52,102.2,1784239648645,1784239645948
51.52,61.2,1784239648686,1784239645948
51.65,164.2,1784239648709,1784239646074
51.65,122.2,1784239648751,1784239646074
51.65,85.2,1784239648788,1784239646074
51.65,53.2,1784239648820,1784239646074
51.65,20.2,1784239648853,1784239646074
51.68,15.2,1784239648886,1784239646102
51.72,25.2,1784239648917,1784239646143
51.74,22.2,1784239648948,1784239646171
51.77,12.2,1784239648986,1784239646199
51.80,14.2,1784239649012,1784239646227
51.84,13.2,1784239649054,1784239646268
51.90,38.2,1784239649086,1784239646325
51.91,14.2,1784239649124,1784239646339
51.94,10.2,1784239649156,1784239646367
51.98,19.2,1784239649189,1784239646409
52.01,15.2,1784239649220,1784239646436
52.04,10.2,1784239649253,1784239646464
52.08,18.2,1784239649286,1784239646505
52.09,2.2,1784239649317,1784239646520
52.15,15.2,1784239649359,1784239646575
52.20,44.2,1784239649386,1784239646631
52.20,18.2,1784239649412,1784239646631
52.25,16.2,1784239649455,1784239646672
52.27,8.4,1784239649493,1784239646701
52.32,18.4,1784239649524,1784239646742
52.34,14.4,1784239649556,1784239646770
52.38,22.4,1784239649589,1784239646811
52.43,33.4,1784239649620,1784239646853
52.44,16.4,1784239649652,1784239646868
52.48,23.4,1784239649686,1784239646909
52.54,36.4,1784239649729,1784239646965
52.57,33.4,1784239649759,1784239646992
52.58,19.4,1784239649787,1784239647006
52.62,20.4,1784239649829,1784239647049
52.65,17.4,1784239649860,1784239647077
52.68,9.4,1784239649896,1784239647105
52.72,16.4,1784239649930,1784239647146
52.75,17.4,1784239649956,1784239647173
52.80,41.4,1784239649988,1784239647229
52.82,13.4,1784239650030,1784239647243
52.87,37.4,1784239650062,1784239647299
52.90,41.4,1784239650086,1784239647327
52.91,10.4,1784239650130,1784239647340
52.96,22.4,1784239650162,1784239647384
52.98,14.4,1784239650195,1784239647409
53.01,7.4,1784239650231,1784239647438
53.21,175.4,1784239650258,1784239647633
53.21,143.4,1784239650290,1784239647633
53.21,102.4,1784239650331,1784239647633
53.21,79.4,1784239650354,1784239647633
53.21,33.4,1784239650401,1784239647634
53.23,28.4,1784239650433,1784239647661
53.25,10.4,1784239650465,1784239647675
53.29,18.4,1784239650499,1784239647717
53.35,41.4,1784239650531,1784239647772
53.35,12.4,1784239650560,1784239647772
53.40,35.4,1784239650593,1784239647828
53.44,38.4,1784239650632,1784239647870
53.47,42.4,1784239650656,1784239647898
53.48,7.4,1784239650704,1784239647911
53.53,17.4,1784239650737,1784239647954
53.58,41.4,1784239650768,1784239648009
53.58,8.4,1784239650801,1784239648009
53.62,15.4,1784239650836,1784239648051
53.65,15.4,1784239650864,1784239648079
53.71,38.4,1784239650897,1784239648135
53.72,12.4,1784239650936,1784239648148
53.75,16.4,1784239650960,1784239648176
53.82,43.4,1784239651002,1784239648245
53.82,5.4,1784239651040,1784239648245
53.86,16.4,1784239651072,1784239648288
53.89,11.4,1784239651104,1784239648315
53.92,7.4,1784239651136,1784239648343
53.96,18.4,1784239651168,1784239648386
53.99,13.4,1784239651200,1784239648413
54.01,5.4,1784239651236,1784239648441
54.06,20.4,1784239651263,1784239648483
54.11,33.4,1784239651306,1784239648539
54.13,16.4,1784239651337,1784239648553
54.15,4.4,1784239651375,1784239648579
54.19,15.4,1784239651407,1784239648622
54.22,11.4,1784239651439,1784239648650
54.25,8.4,1784239651470,1784239648678
54.29,18.0,1784239651503,1784239648720
54.33,25.0,1784239651536,1784239648760
54.35,10.0,1784239651566,1784239648775
54.40,24.0,1784239651608,1784239648831
54.45,38.0,1784239651636,1784239648873
54.46,10.0,1784239651677,1784239648886
54.50,20.0,1784239651709,1784239648928
54.53,15.0,1784239651742,1784239648956
54.56,12.0,1784239651773,1784239648984
54.58,7.0,1784239651805,1784239649011
54.63,18.0,1784239651837,1784239649054
54.81,168.0,1784239651868,1784239649235
54.81,125.0,1784239651911,1784239649235
54.81,100.0,1784239651936,1784239649235
54.81,56.0,1784239651980,1784239649235
54.81,24.0,1784239652012,1784239649235
54.84,19.0,1784239652044,1784239649262
54.86,12.0,1784239652079,1784239649290
55.06,179.0,1784239652108,1784239649486
55.06,147.0,1784239652140,1784239649486
55.06,115.0,1784239652172,1784239649486
55.06,83.0,1784239652204,1784239649486
55.06,40.0,1784239652247,1784239649486
55.07,32.0,1784239652268,1784239649499
55.10,11.0,1784239652316,1784239649526
55.14,21.0,1784239652349,1784239649569
55.17,18.0,1784239652379,1784239649596
55.35,168.0,1784239652411,1784239649778
55.35,136.0,1784239652443,1784239649778
55.35,104.0,1784239652475,1784239649778
55.35,72.0,1784239652507,1784239649778
55.35,30.0,1784239652549,1784239649778
55.35,9.0,1784239652570,1784239649778
55.41,31.0,1784239652603,1784239649833
55.43,11.0,1784239652651,1784239649861
55.48,18.0,1784239652686,1784239649903
55.50,17.0,1784239652714,1784239649930
55.53,13.0,1784239652747,1784239649959
55.59,36.0,1784239652779,1784239650014
55.60,18.0,1784239652811,1784239650028
55.64,17.0,1784239652854,1784239650070
55.67,12.0,1784239652886,1784239650097
55.71,30.0,1784239652910,1784239650139
55.74,13.0,1784239652955,1784239650167
55.77,9.0,1784239652987,1784239650195
55.81,19.0,1784239653019,1784239650237
55.84,15.0,1784239653051,1784239650265
55.88,22.0,1784239653086,1784239650307
56.06,176.0,1784239653114,1784239650489
56.06,142.0,1784239653148,1784239650489
56.06,103.0,1784239653187,1784239650489
56.06,80.0,1784239653210,1784239650489
56.06,37.0,1784239653253,1784239650489
56.08,18.0,1784239653286,1784239650503
56.13,51.0,1784239653306,1784239650556
56.14,17.0,1784239653355,1784239650571
56.17,13.0,1784239653387,1784239650599
56.21,24.0,1784239653418,1784239650641
56.24,18.0,1784239653451,1784239650668
56.27,12.0,1784239653486,1784239650697
56.31,26.9,1784239653514,1784239650739
56.37,39.9,1784239653556,1784239650794
56.38,22.9,1784239653587,1784239650808
56.41,12.9,1784239653625,1784239650836
56.45,22.9,1784239653657,1784239650878
56.48,15.9,1784239653690,1784239650904
56.51,12.9,1784239653722,1784239650933
56.53,7.9,1784239653754,1784239650960
56.58,19.9,1784239653786,1784239651004
56.62,27.9,1784239653818,1784239651044
56.66,26.9,1784239653861,1784239651086
56.67,15.9,1784239653886,1784239651100
56.71,13.9,1784239653930,1784239651142
56.74,9.9,1784239653962,1784239651170
56.79,19.9,1784239653994,1784239651212
56.81,15.9,1784239654026,1784239651240
57.01,177.9,1784239654058,1784239651434
57.01,145.9,1784239654090,1784239651434
57.01,113.9,1784239654122,1784239651434
57.01,81.9,1784239654154,1784239651434
57.01,49.9,1784239654186,1784239651434
57.02,28.9,1784239654219,1784239651446
57.08,42.9,1784239654262,1784239651503
57.10,33.9,1784239654299,1784239651531
57.12,15.9,1784239654331,1784239651545
57.15,11.9,1784239654363,1784239651573
57.19,20.9,1784239654395,1784239651614
57.22,17.9,1784239654427,1784239651643
57.27,36.9,1784239654464,1784239651699
57.29,22.9,1784239654492,1784239651713
57.33,29.9,1784239654526,1784239651754
57.34,13.9,1784239654557,1784239651769
57.38,14.9,1784239654597,1784239651810
57.43,34.9,1784239654619,1784239651852
57.45,18.9,1784239654662,1784239651879
57.48,8.9,1784239654700,1784239651907
57.52,18.9,1784239654731,1784239651948
57.55,15.9,1784239654763,1784239651977
57.58,9.9,1784239654797,1784239652005
57.63,35.9,1784239654827,1784239652061
57.65,17.9,1784239654859,1784239652075
57.70,30.9,1784239654902,1784239652131
57.72,10.9,1784239654936,1784239652145
57.76,33.9,1784239654956,1784239652188
57.79,11.9,1784239655003,1784239652213
57.82,7.9,1784239655036,1784239652242
57.86,17.9,1784239655068,1784239652284
57.89,13.9,1784239655100,1784239652312
57.94,32.9,1784239655136,1784239652367
57.95,19.9,1784239655164,1784239652382
58.01,42.9,1784239655196,1784239652437
58.02,16.9,1784239655236,1784239652451
58.05,18.9,1784239655260,1784239652477
58.09,18.9,1784239655303,1784239652520
58.12,9.9,1784239655340,1784239652548
58.16,19.9,1784239655371,1784239652589
58.19,16.9,1784239655403,1784239652618
58.22,10.9,1784239655436,1784239652645
58.26,21.9,1784239655467,1784239652687
58.43,158.0,1784239655499,1784239652855
58.43,121.0,1784239655536,1784239652855
58.43,95.0,1784239655562,1784239652855
58.43,52.0,1784239655605,1784239652855
58.43,16.0,1784239655641,1784239652855
58.47,21.0,1784239655676,1784239652895
58.50,20.0,1784239655705,1784239652923
58.52,17.0,1784239655737,1784239652952
58.57,27.0,1784239655769,1784239652994
58.62,51.0,1784239655801,1784239653050
58.62,15.0,1784239655837,1784239653050
58.80,166.0,1784239655865,1784239653229
58.80,122.0,1784239655909,1784239653229
58.80,85.0,1784239655946,1784239653229
58.80,54.0,1784239655977,1784239653229
58.80,22.0,1784239656009,1784239653229
58.83,19.0,1784239656041,1784239653258
58.86,15.0,1784239656073,1784239653286
58.90,26.0,1784239656104,1784239653328
58.96,50.0,1784239656136,1784239653384
58.97,30.0,1784239656169,1784239653397
59.01,29.0,1784239656212,1784239653439
59.01,5.0,1784239656236,1784239653439
59.07,32.0,1784239656265,1784239653495
59.10,12.0,1784239656312,1784239653522
59.14,18.0,1784239656348,1784239653564
59.16,18.0,1784239656376,1784239653592
59.19,14.0,1784239656408,1784239653620
59.24,16.0,1784239656448,1784239653662
59.26,20.0,1784239656472,1784239653690
59.29,14.0,1784239656506,1784239653718
59.33,14.0,1784239656548,1784239653760
59.37,34.0,1784239656569,1784239653801
59.40,21.0,1784239656611,1784239653830
59.43,10.0,1784239656649,1784239653857
59.49,35.0,1784239656679,1784239653912
59.50,17.0,1784239656711,1784239653926
59.55,34.0,1784239656749,1784239653981
59.58,36.0,1784239656776,1784239654010
59.60,18.0,1784239656808,1784239654024
59.65,32.0,1784239656850,1784239654080
59.67,25.0,1784239656871,1784239654094
59.71,28.0,1784239656909,1784239654135
59.74,13.0,1784239656952,1784239654163
59.76,10.0,1784239656983,1784239654191
59.81,20.0,1784239657015,1784239654233
59.83,14.0,1784239657049,1784239654261
59.89,39.0,1784239657080,1784239654317
59.90,20.0,1784239657111,1784239654329
59.96,38.0,1784239657150,1784239654386
59.97,16.0,1784239657186,1784239654400
60.01,36.0,1784239657207,1784239654441
60.04,17.0,1784239657255,1784239654470
60.10,39.0,1784239657288,1784239654525
60.10,8.0,1784239657319,1784239654525
60.14,19.0,1784239657351,1784239654568
60.17,11.0,1784239657386,1784239654595
60.20,9.0,1784239657415,1784239654622
60.25,29.0,1784239657451,1784239654678
60.28,21.2,1784239657486,1784239654706
60.29,10.2,1784239657511,1784239654720
60.35,23.2,1784239657554,1784239654776
60.38,19.2,1784239657586,1784239654804
60.40,9.2,1784239657623,1784239654831
60.45,19.2,1784239657655,1784239654873
60.47,11.2,1784239657691,1784239654901
60.52,24.2,1784239657719,1784239654942
60.54,20.2,1784239657752,1784239654971
60.57,14.2,1784239657786,1784239654999
60.61,16.2,1784239657825,1784239655040
60.67,37.2,1784239657860,1784239655096
60.68,25.2,1784239657886,1784239655110
60.71,14.2,1784239657925,1784239655138
60.75,22.2,1784239657957,1784239655178
60.78,13.2,1784239657995,1784239655207
60.82,23.2,1784239658028,1784239655250
60.86,40.2,1784239658052,1784239655291
60.88,12.2,1784239658093,1784239655304
61.04,153.2,1784239658119,1784239655471
61.04,113.2,1784239658159,1784239655471
61.04,77.2,1784239658195,1784239655471
61.04,45.2,1784239658227,1784239655471
61.04,13.2,1784239658259,1784239655471
61.07,10.2,1784239658291,1784239655500
61.11,20.2,1784239658323,1784239655542
61.14,16.2,1784239658355,1784239655570
61.20,39.2,1784239658387,1784239655625
61.24,50.2,1784239658418,1784239655667
61.25,21.2,1784239658461,1784239655681
61.28,12.2,1784239658498,1784239655709
61.34,35.2,1784239658530,1784239655764
61.35,18.2,1784239658562,1784239655779
61.38,11.2,1784239658596,1784239655806
61.41,10.2,1784239658625,1784239655834
61.45,20.2,1784239658657,1784239655876
61.49,28.2,1784239658691,1784239655918
61.52,24.2,1784239658722,1784239655945
61.57,49.2,1784239658753,1784239656001
61.59,19.2,1784239658796,1784239656014
61.63,25.2,1784239658833,1784239656057
61.66,21.2,1784239658865,1784239656085
61.69,16.2,1784239658898,1784239656113
61.73,26.2,1784239658929,1784239656154
61.75,22.2,1784239658961,1784239656182
61.81,42.2,1784239658997,1784239656238
61.83,29.2,1784239659025,1784239656253
61.88,44.2,1784239659065,1784239656308
61.91,34.2,1784239659103,1784239656336
61.92,15.2,1784239659137,1784239656351
61.95,9.2,1784239659168,1784239656376
61.99,19.2,1784239659201,1784239656419
62.02,12.2,1784239659236,1784239656447
62.06,26.2,1784239659264,1784239656489
62.09,21.2,1784239659296,1784239656516
62.14,35.2,1784239659337,1784239656571
62.16,27.2,1784239659360,1784239656586
62.21,39.2,1784239659403,1784239656641
62.24,35.2,1784239659436,1784239656670
62.26,13.2,1784239659472,1784239656684
62.28,8.2,1784239659504,1784239656711
62.49,185.2,1784239659536,1784239656920
62.49,154.2,1784239659567,1784239656920
62.49,116.2,1784239659605,1784239656920
62.49,83.2,1784239659638,1784239656920
62.49,59.2,1784239659662,1784239656920
62.49,14.2,1784239659707,1784239656920
62.52,10.2,1784239659739,1784239656948
62.56,16.2,1784239659774,1784239656989
62.59,12.2,1784239659806,1784239657017
62.63,21.2,1784239659839,1784239657059
62.66,14.2,1784239659873,1784239657086
62.69,27.7,1784239659908,1784239657115
62.73,34.7,1784239659941,1784239657155
62.79,66.7,1784239659966,1784239657212
62.81,50.7,1784239660010,1784239657240
62.83,32.7,1784239660042,1784239657254
62.85,37.7,1784239660065,1784239657282
62.92,59.7,1784239660112,1784239657351
62.95,58.7,1784239660141,1784239657379
62.97,34.7,1784239660179,1784239657393
62.99,36.7,1784239660205,1784239657421
63.16,165.7,1784239660243,1784239657588
63.16,138.7,1784239660270,1784239657588
63.16,98.7,1784239660310,1784239657588
63.16,64.7,1784239660344,1784239657588
63.16,31.7,1784239660377,1784239657588
63.33,163.7,1784239660412,1784239657755
63.33,130.7,1784239660445,1784239657755
63.33,99.7,1784239660476,1784239657755
63.33,63.7,1784239660512,1784239657755
63.33,30.7,1784239660545,1784239657755
63.37,38.7,1784239660579,1784239657797
63.40,34.7,1784239660611,1784239657825
63.43,37.7,1784239660636,1784239657853
63.45,34.7,1784239660667,1784239657881
63.50,32.7,1784239660710,1784239657922
63.54,37.7,1784239660747,1784239657964
63.57,32.7,1784239660780,1784239657992
63.59,30.7,1784239660810,1784239658020
63.63,37.7,1784239660844,1784239658061
63.69,60.7,1784239660877,1784239658117
63.72,55.7,1784239660910,1784239658145
63.75,42.7,1784239660951,1784239658173
63.77,37.7,1784239660984,1784239658201
63.82,45.7,1784239661018,1784239658243
63.83,26.7,1784239661050,1784239658256
63.87,36.7,1784239661082,1784239658298
63.90,29.7,1784239661117,1784239658326
63.94,43.7,1784239661145,1784239658368
63.97,38.7,1784239661177,1784239658395
64.01,49.7,1784239661209,1784239658438
64.05,49.7,1784239661251,1784239658480
64.07,29.7,1784239661283,1784239658492
64.11,36.7,1784239661319,1784239658535
64.28,170.7,1784239661352,1784239658702
64.28,135.7,1784239661387,1784239658702
64.28,102.7,1784239661420,1784239658702
64.28,74.7,1784239661448,1784239658702
64.28,36.7,1784239661486,1784239658702
64.30,29.3,1784239661520,1784239658730
64.34,44.3,1784239661546,1784239658771
64.37,32.3,1784239661586,1784239658799
64.40,36.3,1784239661610,1784239658827
64.44,33.3,1784239661654,1784239658868
64.47,27.3,1784239661688,1784239658896
64.51,35.3,1784239661722,1784239658938
64.54,34.3,1784239661752,1784239658967
64.58,39.3,1784239661788,1784239659008
64.61,36.3,1784239661819,1784239659036
64.66,55.3,1784239661856,1784239659092
64.68,38.3,1784239661886,1784239659105
64.73,58.3,1784239661923,1784239659162
64.76,53.3,1784239661956,1784239659190
64.78,31.3,1784239661992,1784239659204
64.80,25.3,1784239662024,1784239659230
64.86,49.3,1784239662057,1784239659287
64.87,34.3,1784239662086,1784239659301
64.92,40.3,1784239662121,1784239659342
64.97,59.3,1784239662158,1784239659398
64.97,29.3,1784239662188,1784239659398
65.02,37.3,1784239662224,1784239659442
65.07,57.3,1784239662258,1784239659496
65.08,34.3,1784239662294,1784239659509
65.11,29.3,1784239662328,1784239659538
65.14,23.3,1784239662362,1784239659566
65.19,49.3,1784239662390,1784239659620
65.24,55.3,1784239662427,1784239659663
65.25,33.3,1784239662462,1784239659676
65.28,26.3,1784239662497,1784239659704
65.33,51.3,1784239662528,1784239659760
65.35,31.3,1784239662562,1784239659774
65.37,34.3,1784239662586,1784239659801
65.43,47.3,1784239662629,1784239659857
65.44,28.3,1784239662662,1784239659871
65.49,39.3,1784239662693,1784239659913
65.51,35.3,1784239662725,1784239659941
65.54,25.3,1784239662762,1784239659968
65.60,54.3,1784239662789,1784239660024
65.61,26.3,1784239662831,1784239660038
65.67,50.3,1784239662867,1784239660098
65.67,31.3,1784239662886,1784239660098
65.74,49.3,1784239662933,1784239660163
65.76,46.3,1784239662965,1784239660192
65.78,26.3,1784239662998,1784239660205
66.02,229.3,1784239663032,1784239660442
66.02,196.3,1784239663065,1784239660442
66.02,162.3,1784239663099,1784239660442
66.07,188.3,1784239663128,1784239660497
66.07,150.3,1784239663166,1784239660497
66.07,117.3,1784239663199,1784239660497
66.07,95.3,1784239663221,1784239660497
66.07,48.3,1784239663268,1784239660497
66.11,56.3,1784239663303,1784239660540
66.14,51.3,1784239663336,1784239660568
66.15,37.3,1784239663363,1784239660581
66.18,32.3,1784239663396,1784239660609
66.24,47.3,1784239663436,1784239660664
66.25,33.3,1784239663464,1784239660678
66.31,52.3,1784239663502,1784239660735
66.35,56.9,1784239663536,1784239660776
66.36,35.9,1784239663571,1784239660790
66.39,31.9,1784239663603,1784239660818
66.42,26.9,1784239663636,1784239660846
66.45,24.9,1784239663666,1784239660874
66.49,33.9,1784239663698,1784239660915
66.54,51.9,1784239663736,1784239660971
66.54,23.9,1784239663764,1784239660971
66.59,24.9,1784239663804,1784239661012
66.64,50.9,1784239663836,1784239661070
66.66,25.9,1784239663874,1784239661083
66.70,34.9,1784239663906,1784239661124
66.73,31.9,1784239663937,1784239661152
66.75,27.9,1784239663969,1784239661180
66.78,23.9,1784239664001,1784239661208
66.82,29.9,1784239664036,1784239661249
66.86,42.9,1784239664065,1784239661291
66.92,55.9,1784239664108,1784239661347
66.95,56.9,1784239664136,1784239661376
66.96,40.9,1784239664165,1784239661389
66.99,24.9,1784239664209,1784239661417
67.03,33.9,1784239664241,1784239661458
67.06,30.9,1784239664273,1784239661487
67.10,40.9,1784239664305,1784239661529
67.13,33.9,1784239664339,1784239661556
67.16,31.9,1784239664369,1784239661584
67.20,40.9,1784239664402,1784239661626
67.23,34.9,1784239664437,1784239661655
67.25,31.9,1784239664466,1784239661681
67.30,27.9,1784239664512,1784239661723
67.34,35.9,1784239664545,1784239661764
67.37,32.9,1784239664576,1784239661792
67.39,28.9,1784239664608,1784239661820
67.44,39.9,1784239664639,1784239661862
67.46,35.9,1784239664671,1784239661890
67.49,31.9,1784239664703,1784239661918
67.53,39.9,1784239664736,1784239661959
67.56,38.9,1784239664766,1784239661988
67.60,38.9,1784239664808,1784239662030
67.63,27.9,1784239664846,1784239662057
67.67,37.9,1784239664878,1784239662099
67.70,33.9,1784239664910,1784239662127
67.73,29.9,1784239664941,1784239662154
67.77,40.9,1784239664973,1784239662197
67.80,32.9,1784239665008,1784239662224
67.84,35.9,1784239665047,1784239662266
67.87,41.9,1784239665069,1784239662294
68.12,249.9,1784239665111,1784239662544
68.12,211.9,1784239665149,1784239662544
68.12,181.9,1784239665180,1784239662545
68.12,150.9,1784239665211,1784239662545
68.12,118.9,1784239665243,1784239662545
68.12,86.9,1784239665275,1784239662545
68.12,54.9,1784239665307,1784239662545
68.13,24.9,1784239665350,1784239662558
68.17,29.9,1784239665387,1784239662600
68.20,26.9,1784239665419,1784239662629
68.24,33.9,1784239665453,1784239662670
68.27,28.9,1784239665486,1784239662698
68.30,23.5,1784239665517,1784239662726
68.34,34.5,1784239665547,1784239662767
68.40,57.5,1784239665580,1784239662823
68.41,41.5,1784239665610,1784239662837
68.44,26.5,1784239665653,1784239662865
68.47,19.5,1784239665687,1784239662892
68.51,27.5,1784239665722,1784239662935
68.54,22.5,1784239665754,1784239662962
68.58,32.5,1784239665786,1784239663004
68.61,29.5,1784239665818,1784239663033
68.63,24.5,1784239665850,1784239663060
68.67,29.5,1784239665886,1784239663101
68.70,29.5,1784239665915,1784239663130
68.74,29.5,1784239665956,1784239663171
68.77,28.5,1784239665986,1784239663200
68.83,43.5,1784239666025,1784239663254
68.84,25.5,1784239666057,1784239663268
68.87,21.5,1784239666090,1784239663297
68.91,31.5,1784239666121,1784239663338
68.94,28.5,1784239666152,1784239663366
68.97,22.5,1784239666186,1784239663394
69.01,29.5,1784239666220,1784239663435
69.07,57.5,1784239666249,1784239663492
69.08,31.5,1784239666287,1784239663504
69.11,35.5,1784239666312,1784239663533
69.16,48.5,1784239666355,1784239663589
69.18,23.5,1784239666393,1784239663602
69.22,33.5,1784239666425,1784239663644
69.24,29.5,1784239666457,1784239663672
69.27,25.5,1784239666490,1784239663701
69.30,20.5,1784239666521,1784239663727
69.34,32.5,1784239666552,1784239663770
69.40,47.5,1784239666593,1784239663826
69.43,51.5,1784239666616,1784239663853
69.45,36.5,1784239666658,1784239663880
69.50,51.5,1784239666686,1784239663923
69.54,48.5,1784239666730,1784239663964
69.54,19.5,1784239666759,1784239663964
69.58,29.5,1784239666791,1784239664006
69.61,26.5,1784239666822,1784239664034
69.63,21.5,1784239666855,1784239664062
69.68,28.5,1784239666890,1784239664104
69.72,41.5,1784239666919,1784239664146
69.76,41.5,1784239666960,1784239664187
69.77,29.5,1784239666986,1784239664201
69.83,41.5,1784239667030,1784239664257
69.87,51.5,1784239667062,1784239664299
69.89,32.5,1784239667095,1784239664313
69.91,28.5,1784239667126,1784239664340
69.94,25.5,1784239667158,1784239664369
70.01,61.5,1784239667191,1784239664438
70.01,26.5,1784239667226,1784239664438
70.05,40.5,1784239667254,1784239664480
70.11,53.5,1784239667297,1784239664536
70.12,46.5,1784239667318,1784239664550
70.30,179.5,1784239667366,1784239664731
70.30,147.5,1784239667398,1784239664731
70.30,115.5,1784239667430,1784239664731
70.30,83.5,1784239667462,1784239664731
70.30,50.5,1784239667495,1784239664731
70.32,31.1,1784239667526,1784239664744
70.36,40.1,1784239667558,1784239664785
70.40,40.1,1784239667601,1784239664828
70.55,157.1,1784239667636,1784239664980
70.55,139.1,1784239667654,1784239664980
70.55,91.1,1784239667702,1784239664980
70.55,57.1,1784239667736,1784239664980
70.55,25.1,1784239667768,1784239664980
70.58,24.1,1784239667798,1784239665009
70.64,41.1,1784239667836,1784239665064
70.65,20.1,1784239667871,1784239665078
70.69,28.1,1784239667905,1784239665120
70.72,24.1,1784239667937,1784239665148
70.76,30.1,1784239667973,1784239665190
70.79,25.1,1784239668006,1784239665218
70.83,32.1,1784239668041,1784239665260
70.86,29.1,1784239668072,1784239665288
70.89,27.1,1784239668101,1784239665315
70.93,34.1,1784239668136,1784239665357
70.96,26.1,1784239668172,1784239665385
71.01,46.1,1784239668207,1784239665440
71.03,32.1,1784239668236,1784239665455
71.08,51.1,1784239668272,1784239665510
71.11,43.1,1784239668308,1784239665538
71.13,25.1,1784239668340,1784239665552
71.17,34.1,1784239668372,1784239665593
71.19,30.1,1784239668404,1784239665621
71.22,26.1,1784239668437,1784239665650
71.26,33.1,1784239668472,1784239665692
71.29,29.1,1784239668503,1784239665719
71.32,23.1,1784239668537,1784239665747
71.36,28.1,1784239668573,1784239665788
71.40,36.1,1784239668607,1784239665830
71.43,26.1,1784239668645,1784239665858
71.46,23.1,1784239668676,1784239665886
71.49,19.1,1784239668708,1784239665914
71.53,27.1,1784239668741,1784239665955
71.56,24.1,1784239668773,1784239665984
71.58,20.1,1784239668805,1784239666012
71.64,41.1,1784239668839,1784239666067
71.67,35.1,1784239668873,1784239666095
71.72,54.1,1784239668911,1784239666152
71.74,41.1,1784239668936,1784239666164
71.77,26.1,1784239668980,1784239666193
71.79,22.1,1784239669012,1784239666221
71.83,27.1,1784239669048,1784239666262
71.86,27.1,1784239669076,1784239666290
71.91,37.1,1784239669108,1784239666332
71.92,19.1,1784239669140,1784239666346
71.96,27.1,1784239669174,1784239666388
72.00,39.1,1784239669203,1784239666429
72.04,46.1,1784239669238,1784239666471
72.07,29.1,1784239669283,1784239666499
72.10,25.1,1784239669315,1784239666527
72.13,20.1,1784239669348,1784239666555
72.17,30.1,1784239669379,1784239666596
72.20,26.1,1784239669411,1784239666624
72.25,43.1,1784239669450,1784239666680
72.27,32.1,1784239669475,1784239666694
72.29,28.1,1784239669507,1784239666722
72.57,263.6,1784239669550,1784239667001
72.57,238.6,1784239669575,1784239667001
72.57,194.6,1784239669619,1784239667001
72.57,162.6,1784239669651,1784239667001
72.57,126.6,1784239669687,1784239667001
72.57,98.6,1784239669715,1784239667001
72.57,66.6,1784239669747,1784239667001
72.59,40.6,1784239669786,1784239667014
72.60,30.6,1784239669810,1784239667028
72.64,39.6,1784239669843,1784239667070
72.67,24.6,1784239669886,1784239667098
72.73,57.6,1784239669910,1784239667155
72.74,26.6,1784239669955,1784239667169
72.77,21.6,1784239669986,1784239667195
72.81,31.6,1784239670018,1784239667237
72.84,22.6,1784239670055,1784239667265
72.88,32.6,1784239670086,1784239667306
72.91,33.6,1784239670114,1784239667335
72.93,28.6,1784239670146,1784239667362
72.98,31.6,1784239670186,1784239667405
73.03,62.6,1784239670210,1784239667460
73.05,33.6,1784239670253,1784239667474
73.07,24.6,1784239670290,1784239667502
73.10,20.6,1784239670322,1784239667530
73.14,30.6,1784239670354,1784239667572
73.17,23.6,1784239670388,1784239667599
73.21,34.6,1784239670419,1784239667641
73.24,30.6,1784239670451,1784239667669
73.27,22.6,1784239670486,1784239667696
73.31,35.6,1784239670515,1784239667738
73.37,48.6,1784239670558,1784239667794
73.39,48.6,1784239670586,1784239667822
73.41,21.6,1784239670627,1784239667836
73.45,30.6,1784239670659,1784239667877
73.48,26.6,1784239670691,1784239667905
73.51,20.6,1784239670725,1784239667933
73.55,32.6,1784239670755,1784239667975
73.58,28.6,1784239670787,1784239668003
73.62,28.6,1784239670828,1784239668044
73.66,37.6,1784239670861,1784239668086
73.67,25.6,1784239670887,1784239668100
73.74,67.6,1784239670915,1784239668170
73.74,20.6,1784239670962,1784239668170
73.80,43.6,1784239670994,1784239668225
73.81,24.6,1784239671026,1784239668238
73.85,33.6,1784239671060,1784239668281
73.88,31.6,1784239671090,1784239668309
73.91,26.6,1784239671122,1784239668336
73.94,23.6,1784239671154,1784239668365
73.99,36.6,1784239671197,1784239668421
74.02,26.6,1784239671234,1784239668448
74.05,25.6,1784239671262,1784239668475
74.08,24.6,1784239671292,1784239668504
74.12,34.6,1784239671323,1784239668545
74.15,29.6,1784239671356,1784239668573
74.19,29.6,1784239671398,1784239668615
74.22,27.6,1784239671428,1784239668643
74.24,24.6,1784239671459,1784239668671
74.28,31.6,1784239671493,1784239668712
74.31,29.7,1784239671523,1784239668741
74.34,24.7,1784239671555,1784239668768
74.38,24.7,1784239671598,1784239668811
74.42,28.7,1784239671635,1784239668852
74.47,42.7,1784239671662,1784239668893
74.49,32.7,1784239671700,1784239668921
74.52,34.7,1784239671725,1784239668948
74.55,21.7,1784239671768,1784239668978
74.59,32.7,1784239671798,1784239669019
74.86,259.7,1784239671835,1784239669283
74.86,227.7,1784239671867,1784239669283
74.86,192.7,1784239671903,1784239669284
74.86,159.7,1784239671936,1784239669284
74.86,125.7,1784239671970,1784239669284
74.86,99.7,1784239671996,1784239669284
74.86,59.7,1784239672036,1784239669284
74.86,30.7,1784239672065,1784239669284
74.90,35.7,1784239672102,1784239669326
74.93,26.7,1784239672138,1784239669353
74.95,19.7,1784239672172,1784239669380
74.98,15.7,1784239672204,1784239669408
75.02,25.7,1784239672237,1784239669451
75.05,25.7,1784239672265,1784239669479
75.11,41.7,1784239672304,1784239669534
75.15,49.7,1784239672338,1784239669576
75.16,41.7,1784239672360,1784239669590
75.19,24.7,1784239672405,1784239669618
75.22,16.7,1784239672440,1784239669645
75.26,25.7,1784239672474,1784239669688
75.30,33.7,1784239672507,1784239669729
75.33,28.7,1784239672539,1784239669756
75.39,51.7,1784239672573,1784239669813
75.40,29.7,1784239672608,1784239669826
75.44,44.7,1784239672636,1784239669869
75.46,18.7,1784239672675,1784239669882
75.50,25.7,1784239672709,1784239669923
75.52,25.7,1784239672738,1784239669952
75.57,35.7,1784239672770,1784239669994
75.61,44.7,1784239672802,1784239670035
75.62,25.7,1784239672836,1784239670050
75.66,31.7,1784239672871,1784239670091
75.69,20.7,1784239672909,1784239670118
75.73,28.7,1784239672944,1784239670161
75.76,21.7,1784239672978,1784239670188
75.82,43.7,1784239673012,1784239670244
75.83,24.7,1784239673044,1784239670257
75.87,31.7,1784239673080,1784239670300
75.90,33.7,1784239673106,1784239670328
75.93,24.7,1784239673141,1784239670354
75.96,29.7,1784239673166,1784239670384
76.01,37.7,1784239673213,1784239670439
76.04,33.7,1784239673245,1784239670467
76.08,43.7,1784239673277,1784239670509
76.11,35.7,1784239673313,1784239670537
76.14,34.7,1784239673341,1784239670564
76.19,58.7,1784239673373,1784239670620
76.21,37.7,1784239673408,1784239670634
76.25,39.7,1784239673447,1784239670675
76.26,16.7,1784239673484,1784239670689
76.30,32.7,1784239673511,1784239670732
76.33,20.4,1784239673550,1784239670759
76.50,153.4,1784239673584,1784239670926
76.50,125.4,1784239673612,1784239670926
76.50,93.4,1784239673644,1784239670926
76.50,61.4,1784239673676,1784239670926
76.50,20.4,1784239673717,1784239670926
76.54,31.4,1784239673749,1784239670969
76.57,22.4,1784239673784,1784239670995
76.61,32.4,1784239673817,1784239671038
76.64,26.4,1784239673850,1784239671065
76.67,20.4,1784239673884,1784239671093
76.88,195.4,1784239673918,1784239671302
76.88,167.4,1784239673946,1784239671302
76.92,169.4,1784239673986,1784239671344
76.92,137.4,1784239674018,1784239671344
76.92,101.4,1784239674054,1784239671344
76.92,69.4,1784239674086,1784239671344
77.06,174.4,1784239674120,1784239671483
77.06,140.4,1784239674154,1784239671483
77.06,108.4,1784239674186,1784239671483
77.06,74.4,1784239674220,1784239671483
77.06,40.4,1784239674254,1784239671483
77.10,48.4,1784239674288,1784239671525
77.11,37.4,1784239674313,1784239671539
77.17,50.4,1784239674355,1784239671594
77.20,46.4,1784239674387,1784239671622
77.21,27.4,1784239674421,1784239671637
77.25,39.4,1784239674450,1784239671678
77.28,28.4,1784239674488,1784239671705
77.31,25.4,1784239674520,1784239671734
77.33,20.4,1784239674552,1784239671761
77.38,26.4,1784239674589,1784239671804
77.40,24.4,1784239674618,1784239671831
77.45,26.4,1784239674657,1784239671872
77.47,21.4,1784239674691,1784239671901
77.53,44.4,1784239674723,1784239671956
77.54,28.4,1784239674754,1784239671971
77.57,18.4,1784239674791,1784239671998
77.63,42.4,1784239674823,1784239672054
77.64,24.4,1784239674855,1784239672068
77.68,33.4,1784239674887,1784239672109
77.71,29.4,1784239674919,1784239672137
77.77,44.4,1784239674960,1784239672193
77.78,32.4,1784239674987,1784239672208
77.84,61.4,1784239675013,1784239672263
77.85,26.4,1784239675062,1784239672277
77.88,21.4,1784239675094,1784239672304
77.91,19.4,1784239675124,1784239672332
77.95,29.4,1784239675156,1784239672374
77.98,25.4,1784239675188,1784239672402
78.02,33.4,1784239675221,1784239672443
78.04,22.4,1784239675261,1784239672472
78.07,21.4,1784239675289,1784239672499
78.11,36.4,1784239675316,1784239672541
78.17,43.4,1784239675364,1784239672596
78.18,26.4,1784239675396,1784239672611
78.21,21.4,1784239675428,1784239672638
78.25,30.4,1784239675461,1784239672680
78.28,24.4,1784239675495,1784239672708
78.31,17.4,1784239675530,1784239672736
78.35,24.0,1784239675564,1784239672777
78.41,55.0,1784239675590,1784239672834
78.41,25.0,1784239675620,1784239672834
78.45,22.0,1784239675664,1784239672875
78.48,25.0,1784239675690,1784239672904
78.64,149.0,1784239675732,1784239673070
78.64,117.0,1784239675764,1784239673070
78.64,80.0,1784239675801,1784239673070
78.64,54.0,1784239675827,1784239673070
78.64,22.0,1784239675859,1784239673070
78.70,45.0,1784239675892,1784239673126
78.73,40.0,1784239675925,1784239673154
78.77,39.0,1784239675967,1784239673195
78.81,48.0,1784239676000,1784239673237
78.83,28.0,1784239676035,1784239673252
78.85,22.0,1784239676068,1784239673279
78.89,31.0,1784239676100,1784239673320
78.92,28.0,1784239676131,1784239673348
78.96,38.0,1784239676164,1784239673391
78.99,34.0,1784239676196,1784239673419
79.05,48.0,1784239676236,1784239673473
79.06,33.0,1784239676266,1784239673488
79.08,21.0,1784239676292,1784239673502
79.13,32.0,1784239676336,1784239673557
79.16,25.0,1784239676372,1784239673586
79.19,20.0,1784239676404,1784239673613
79.23,30.0,1784239676436,1784239673655
79.26,28.0,1784239676466,1784239673683
79.30,32.0,1784239676504,1784239673725
79.33,28.0,1784239676536,1784239673753
79.35,28.0,1784239676563,1784239673780
79.40,28.0,1784239676605,1784239673822
79.42,24.0,1784239676637,1784239673850
79.46,43.0,1784239676659,1784239673891
79.49,24.0,1784239676706,1784239673919
79.55,47.0,1784239676739,1784239673975
79.56,31.0,1784239676769,1784239673989
79.59,22.0,1784239676805,1784239674016
79.65,43.0,1784239676841,1784239674073
79.65,19.0,1784239676865,1784239674073
79.69,19.0,1784239676907,1784239674115
79.73,31.0,1784239676936,1784239674156
79.76,18.0,1784239676977,1784239674184
79.80,29.0,1784239677008,1784239674226
79.83,24.0,1784239677041,1784239674254
79.86,21.0,1784239677072,1784239674282
80.05,183.0,1784239677104,1784239674476
80.05,145.0,1784239677142,1784239674476
80.05,119.0,1784239677168,1784239674476
80.05,77.0,1784239677210,1784239674476
80.05,43.0,1784239677244,1784239674476
80.08,36.0,1784239677279,1784239674504
80.09,18.0,1784239677312,1784239674519
80.13,26.0,1784239677345,1784239674560
80.16,24.0,1784239677375,1784239674588
80.22,48.0,1784239677406,1784239674643
80.24,44.0,1784239677439,1784239674672
80.26,25.0,1784239677472,1784239674686
80.31,40.0,1784239677512,1784239674741
80.36,49.0,1784239677545,1784239674783
80.37,25.8,1784239677580,1784239674796
80.41,34.8,1784239677614,1784239674839
80.45,44.8,1784239677646,1784239674881
80.47,26.8,1784239677677,1784239674894
80.51,35.8,1784239677711,1784239674937
80.55,40.8,1784239677747,1784239674978
80.56,17.8,1784239677783,1784239674991
80.61,40.8,1784239677804,1784239675035
80.65,36.8,1784239677848,1784239675075
80.66,31.8,1784239677867,1784239675089
80.70,23.8,1784239677917,1784239675131
80.73,19.8,1784239677949,1784239675159
80.76,14.8,1784239677983,1784239675188
80.80,21.8,1784239678016,1784239675228
80.83,15.8,1784239678050,1784239675256
80.87,23.8,1784239678084,1784239675298
80.93,56.8,1784239678107,1784239675354
80.93,12.8,1784239678151,1784239675354
80.97,20.8,1784239678184,1784239675395
81.01,28.8,1784239678218,1784239675437
81.04,23.8,1784239678251,1784239675465
81.07,19.8,1784239678283,1784239675493
81.11,28.8,1784239678316,1784239675535
81.14,20.8,1784239678352,1784239675563
81.18,28.8,1784239678386,1784239675605
81.21,22.8,1784239678419,1784239675632
81.26,44.8,1784239678453,1784239675688
81.28,25.8,1784239678486,1784239675702
81.30,17.8,1784239678522,1784239675730
81.34,24.8,1784239678556,1784239675771
81.37,21.8,1784239678587,1784239675799
81.40,19.8,1784239678617,1784239675827
81.44,24.8,1784239678654,1784239675869
81.50,46.8,1784239678688,1784239675925
81.51,34.8,1784239678714,1784239675939
81.55,34.8,1784239678755,1784239675980
81.60,45.8,1784239678786,1784239676022
81.61,20.8,1784239678826,1784239676037
81.64,14.8,1784239678859,1784239676064
81.68,22.8,1784239678892,1784239676105
81.71,21.8,1784239678921,1784239676133
81.75,26.8,1784239678957,1784239676174
81.78,27.8,1784239678986,1784239676204
81.80,22.8,1784239679018,1784239676231
81.85,32.8,1784239679049,1784239676272
81.87,22.8,1784239679087,1784239676300
81.93,40.8,1784239679125,1784239676356
81.94,18.8,1784239679161,1784239676370
81.99,29.8,1784239679192,1784239676412
82.01,22.8,1784239679226,1784239676439
82.04,21.8,1784239679256,1784239676468
82.08,30.8,1784239679288,1784239676509
82.14,48.8,1784239679326,1784239676565
82.17,41.8,1784239679361,1784239676593
82.18,30.8,1784239679386,1784239676607
82.21,25.8,1784239679419,1784239676635
82.26,40.8,1784239679459,1784239676690
82.28,23.8,1784239679490,1784239676704
82.31,14.8,1784239679528,1784239676733
82.37,51.1,1784239679560,1784239676802
82.40,44.1,1784239679594,1784239676829
82.42,24.1,1784239679629,1784239676844
82.44,21.1,1784239679659,1784239676871
82.49,24.1,1784239679697,1784239676912
82.52,30.1,1784239679721,1784239676942
82.57,43.1,1784239679763,1784239676997
82.60,45.1,1784239679788,1784239677024
82.61,15.1,1784239679832,1784239677038
82.67,39.1,1784239679864,1784239677094
82.68,18.1,1784239679899,1784239677108
82.71,14.1,1784239679931,1784239677136
82.76,34.1,1784239679966,1784239677191
82.79,29.1,1784239680000,1784239677220
82.97,176.1,1784239680033,1784239677400
82.97,143.1,1784239680066,1784239677400
82.97,110.1,1784239680099,1784239677400
82.97,75.1,1784239680134,1784239677400
82.97,41.1,1784239680168,1784239677400
82.99,22.1,1784239680201,1784239677414
83.02,15.1,1784239680236,1784239677442
83.07,43.1,1784239680264,1784239677498
83.10,33.1,1784239680301,1784239677525
83.14,41.1,1784239680336,1784239677568
83.17,36.1,1784239680369,1784239677596
83.20,30.1,1784239680402,1784239677623
83.24,38.1,1784239680436,1784239677665
83.24,18.1,1784239680456,1784239677665
83.29,29.1,1784239680501,1784239677721
83.34,34.1,1784239680537,1784239677762
83.35,15.1,1784239680570,1784239677776
83.39,24.1,1784239680604,1784239677819
83.42,19.1,1784239680636,1784239677846
83.45,13.1,1784239680670,1784239677874
83.52,48.1,1784239680704,1784239677943
83.53,29.1,1784239680738,1784239677958
83.56,25.1,1784239680769,1784239677985
83.59,18.1,1784239680804,1784239678013
83.63,23.1,1784239680840,1784239678054
83.66,20.1,1784239680872,1784239678083
83.70,32.1,1784239680902,1784239678125
83.73,25.1,1784239680936,1784239678152
83.89,156.1,1784239680973,1784239678320
83.89,121.1,1784239681008,1784239678320
83.89,92.1,1784239681037,1784239678320
83.89,55.1,1784239681074,1784239678320
83.89,21.1,1784239681108,1784239678320
83.93,29.1,1784239681140,1784239678360
83.96,22.1,1784239681176,1784239678389
83.99,18.1,1784239681208,1784239678417
84.05,39.1,1784239681242,1784239678472
84.05,14.1,1784239681267,1784239678472
84.09,13.1,1784239681310,1784239678514
84.14,37.1,1784239681342,1784239678570
84.14,16.1,1784239681363,1784239678570
84.20,25.1,1784239681410,1784239678626
84.23,18.1,1784239681444,1784239678653
84.27,28.1,1784239681477,1784239678696
84.30,25.1,1784239681507,1784239678723
84.32,16.1,1784239681544,1784239678751
84.37,30.6,1784239681571,1784239678793
84.42,50.6,1784239681605,1784239678847
84.44,31.6,1784239681639,1784239678862
84.49,48.6,1784239681679,1784239678919
84.49,16.6,1784239681711,1784239678919
84.53,32.6,1784239681736,1784239678960
84.56,17.6,1784239681779,1784239678988
84.60,27.6,1784239681811,1784239679030
84.63,21.6,1784239681844,1784239679057
84.67,27.6,1784239681880,1784239679099
84.73,53.6,1784239681910,1784239679155
84.73,15.6,1784239681948,1784239679155
84.77,30.6,1784239681974,1784239679196
84.80,23.6,1784239682009,1784239679224
84.84,38.6,1784239682036,1784239679266
84.87,17.6,1784239682085,1784239679294
84.91,27.6,1784239682117,1784239679336
84.95,37.6,1784239682149,1784239679378
84.99,49.6,1784239682179,1784239679420
85.01,30.6,1784239682211,1784239679433
85.03,25.6,1784239682243,1784239679460
85.09,48.6,1784239682277,1784239679517
85.10,29.6,1784239682309,1784239679530
85.16,46.6,1784239682349,1784239679587
85.19,53.6,1784239682370,1784239679615
85.20,17.6,1784239682418,1784239679627
85.26,41.6,1784239682450,1784239679683
85.28,33.6,1784239682486,1784239679711
85.30,16.6,1784239682518,1784239679726
85.34,24.6,1784239682552,1784239679768
85.37,25.6,1784239682578,1784239679795
85.42,41.6,1784239682619,1784239679852
85.44,18.6,1784239682654,1784239679864
85.47,13.6,1784239682687,1784239679892
85.51,22.6,1784239682721,1784239679935
85.55,30.6,1784239682753,1784239679975
85.59,38.6,1784239682788,1784239680018
85.60,21.6,1784239682818,1784239680031
85.63,19.6,1784239682849,1784239680060
85.81,161.6,1784239682888,1784239680241
85.81,127.6,1784239682922,1784239680241
85.81,93.6,1784239682956,1784239680241
85.81,60.6,1784239682989,1784239680241
85.81,39.6,1784239683010,1784239680241
85.84,20.6,1784239683057,1784239680269
85.87,15.6,1784239683089,1784239680296
85.93,39.6,1784239683122,1784239680353
85.94,22.6,1784239683152,1784239680366
85.97,15.6,1784239683186,1784239680393
86.01,27.6,1784239683216,1784239680435
86.06,50.6,1784239683249,1784239680491
86.08,26.6,1784239683287,1784239680505
86.12,40.6,1784239683315,1784239680547
86.16,42.6,1784239683354,1784239680588
86.18,19.6,1784239683392,1784239680603
86.38,191.6,1784239683428,1784239680811
86.38,161.6,1784239683458,1784239680811
86.38,130.6,1784239683489,1784239680811
86.38,93.6,1784239683526,1784239680811
86.38,65.6,1784239683554,1784239680811
86.38,25.2,1784239683593,1784239680811
86.43,31.2,1784239683629,1784239680853
86.45,29.2,1784239683659,1784239680881
86.48,19.2,1784239683696,1784239680908
86.54,44.2,1784239683728,1784239680965
86.80,273.2,1784239683763,1784239681229
86.80,243.2,1784239683793,1784239681229
86.80,213.2,1784239683823,1784239681229
86.80,181.2,1784239683855,1784239681229
86.80,139.2,1784239683897,1784239681229
86.80,117.2,1784239683919,1784239681229
86.80,76.2,1784239683960,1784239681229
86.94,178.2,1784239683998,1784239681369
86.94,145.2,1784239684031,1784239681369
86.94,111.2,1784239684065,1784239681369
86.94,79.2,1784239684097,1784239681369
86.94,43.2,1784239684133,1784239681369
86.94,17.2,1784239684159,1784239681369
86.98,18.2,1784239684200,1784239681411
87.04,52.2,1784239684221,1784239681466
87.05,35.2,1784239684252,1784239681480
87.08,14.2,1784239684300,1784239681507
87.12,25.2,1784239684331,1784239681549
87.18,44.2,1784239684368,1784239681605
87.37,207.2,1784239684400,1784239681800
87.37,177.2,1784239684430,1784239681800
87.37,140.2,1784239684467,1784239681800
87.44,173.2,1784239684503,1784239681869
87.44,150.2,1784239684526,1784239681869
87.44,117.2,1784239684559,1784239681869
87.44,75.2,1784239684601,1784239681869
87.44,39.2,1784239684637,1784239681869
87.46,23.2,1784239684668,1784239681884
87.48,15.2,1784239684703,1784239681911
87.53,25.2,1784239684736,1784239681954
87.57,33.2,1784239684769,1784239681995
87.61,39.2,1784239684805,1784239682037
87.62,22.2,1784239684836,1784239682051
87.65,14.2,1784239684872,1784239682079
87.71,41.2,1784239684901,1784239682135
87.86,155.2,1784239684939,1784239682287
87.86,120.2,1784239684974,1784239682287
87.86,89.2,1784239685005,1784239682287
87.86,56.2,1784239685038,1784239682287
87.86,22.2,1784239685072,1784239682287
87.92,44.2,1784239685105,1784239682342
87.93,27.2,1784239685136,1784239682356
87.97,33.2,1784239685173,1784239682399
88.01,38.2,1784239685209,1784239682440
88.03,19.2,1784239685242,1784239682454
88.06,14.2,1784239685275,1784239682482
88.10,22.2,1784239685309,1784239682524
88.15,52.2,1784239685336,1784239682581
88.17,27.2,1784239685374,1784239682594
88.21,42.2,1784239685401,1784239682636
88.22,15.2,1784239685441,1784239682649
88.26,32.2,1784239685465,1784239682690
88.29,17.2,1784239685509,1784239682719
88.35,37.2,1784239685544,1784239682774
88.36,20.2,1784239685576,1784239682789
88.39,17.2,1784239685607,1784239682816
88.44,37.2,1784239685643,1784239682872
88.46,23.2,1784239685671,1784239682886
88.50,33.2,1784239685703,1784239682928
88.56,47.2,1784239685745,1784239682984
88.57,37.2,1784239685769,1784239682998
88.60,23.2,1784239685809,1784239683024
88.65,52.2,1784239685836,1784239683080
88.68,38.2,1784239685878,1784239683108
88.70,19.2,1784239685912,1784239683123
88.89,185.2,1784239685941,1784239683318
88.89,146.2,1784239685980,1784239683318
88.89,119.2,1784239686008,1784239683319
88.89,89.2,1784239686038,1784239683319
88.89,55.2,1784239686072,1784239683319
88.92,40.2,1784239686113,1784239683345
88.93,20.2,1784239686147,1784239683359
88.99,42.2,1784239686181,1784239683415
89.02,37.2,1784239686214,1784239683443
89.18,172.2,1784239686246,1784239683610
89.18,138.2,1784239686280,1784239683610
89.18,103.2,1784239686315,1784239683610
89.18,73.2,1784239686345,1784239683610
89.18,44.2,1784239686374,1784239683610
89.20,16.2,1784239686416,1784239683624
89.25,39.2,1784239686449,1784239683680
89.27,18.2,1784239686483,1784239683693
89.32,38.2,1784239686519,1784239683749
89.34,20.2,1784239686551,1784239683763
89.38,27.2,1784239686586,1784239683805
89.41,23.2,1784239686618,1784239683833
89.43,20.2,1784239686648,1784239683860
89.49,38.2,1784239686687,1784239683917
89.52,42.2,1784239686710,1784239683944
89.56,43.2,1784239686751,1784239683986
89.57,21.2,1784239686787,1784239684000
89.60,16.2,1784239686820,1784239684028
89.64,26.2,1784239686852,1784239684070
89.70,44.2,1784239686889,1784239684125
89.71,27.2,1784239686920,1784239684139
89.74,28.2,1784239686948,1784239684168
89.77,16.2,1784239686986,1784239684194
89.82,37.2,1784239687021,1784239684250
89.84,17.2,1784239687055,1784239684264
89.88,26.2,1784239687088,1784239684306
89.91,21.2,1784239687121,1784239684334
89.94,14.2,1784239687156,1784239684362
89.98,23.2,1784239687189,1784239684404
90.00,18.2,1784239687221,1784239684431
90.06,39.2,1784239687256,1784239684487
90.07,23.2,1784239687287,1784239684502
90.10,16.2,1784239687321,1784239684529
90.14,23.2,1784239687356,1784239684571
90.17,21.2,1784239687386,1784239684599
90.21,25.2,1784239687424,1784239684641
90.25,33.2,1784239687457,1784239684682
90.28,25.2,1784239687493,1784239684710
90.31,20.2,1784239687526,1784239684738
90.34,14.2,1784239687560,1784239684766
90.38,25.3,1784239687591,1784239684808
90.55,160.3,1784239687623,1784239684975
90.55,129.3,1784239687654,1784239684975
90.55,91.3,1784239687692,1784239684975
90.55,60.3,1784239687723,1784239684975
90.55,24.3,1784239687759,1784239684975
90.59,29.3,1784239687795,1784239685016
90.62,25.3,1784239687827,1784239685044
90.64,21.3,1784239687858,1784239685071
90.69,30.3,1784239687891,1784239685113
90.71,26.3,1784239687923,1784239685141
90.74,22.3,1784239687955,1784239685169
90.78,23.3,1784239687997,1784239685212
90.81,24.3,1784239688023,1784239685239
90.87,40.3,1784239688064,1784239685296
90.88,18.3,1784239688098,1784239685308
90.91,15.3,1784239688130,1784239685337
90.95,24.3,1784239688162,1784239685378
90.98,19.3,1784239688194,1784239685405
91.15,155.3,1784239688226,1784239685573
91.15,124.3,1784239688257,1784239685573
91.15,91.3,1784239688290,1784239685573
91.15,57.3,1784239688324,1784239685573
91.15,27.3,1784239688354,1784239685573
91.20,40.3,1784239688397,1784239685629
91.22,27.3,1784239688424,1784239685643
91.26,27.3,1784239688466,1784239685685
91.29,23.3,1784239688497,1784239685712
91.34,41.3,1784239688535,1784239685768
91.35,29.3,1784239688561,1784239685782
91.40,38.3,1784239688593,1784239685823
91.43,36.3,1784239688624,1784239685852
91.45,31.3,1784239688656,1784239685879
91.51,45.3,1784239688699,1784239685936
91.54,46.3,1784239688725,1784239685963
91.55,17.3,1784239688768,1784239685977
91.59,25.3,1784239688801,1784239686018
91.63,34.3,1784239688835,1784239686061
91.66,35.3,1784239688860,1784239686087
91.70,36.3,1784239688903,1784239686131
91.72,16.3,1784239688936,1784239686144
91.76,39.3,1784239688956,1784239686187
91.79,18.3,1784239689004,1784239686214
91.81,13.3,1784239689036,1784239686241
91.86,23.3,1784239689068,1784239686283
91.88,19.3,1784239689100,1784239686311
91.91,10.3,1784239689136,1784239686338
91.95,26.3,1784239689163,1784239686381
92.01,50.3,1784239689195,1784239686437
92.02,22.3,1784239689236,1784239686450
92.07,41.3,1784239689260,1784239686493
92.09,21.3,1784239689307,1784239686520
92.12,17.3,1784239689339,1784239686548
92.16,26.3,1784239689371,1784239686589
92.19,22.3,1784239689404,1784239686618
92.22,18.3,1784239689436,1784239686646
92.25,13.3,1784239689467,1784239686672
92.30,39.3,1784239689498,1784239686729
92.33,28.3,1784239689536,1784239686756
92.34,15.6,1784239689562,1784239686770
92.40,23.6,1784239689610,1784239686826
92.43,19.6,1784239689642,1784239686854
92.45,14.6,1784239689674,1784239686881
92.50,24.6,1784239689706,1784239686923
92.52,21.6,1784239689738,1784239686952
92.57,30.6,1784239689770,1784239686993
92.59,25.6,1784239689803,1784239687021
92.62,19.6,1784239689838,1784239687050
92.66,31.6,1784239689866,1784239687090
92.69,16.6,1784239689910,1784239687119
92.73,21.6,1784239689946,1784239687160
92.76,17.6,1784239689978,1784239687188
92.80,24.6,1784239690012,1784239687229
92.83,23.6,1784239690042,1784239687258
92.86,18.6,1784239690075,1784239687286
92.90,29.6,1784239690106,1784239687328
92.96,53.6,1784239690138,1784239687384
92.96,21.6,1784239690170,1784239687384
93.00,21.6,1784239690211,1784239687425
93.05,51.6,1784239690236,1784239687480
93.07,35.6,1784239690266,1784239687494
93.10,16.6,1784239690313,1784239687522
93.12,13.6,1784239690345,1784239687551
93.16,22.6,1784239690377,1784239687592
93.19,18.6,1784239690409,1784239687620
93.25,40.6,1784239690442,1784239687675
93.26,23.6,1784239690473,1784239687689
93.30,33.6,1784239690505,1784239687731
93.36,46.6,1784239690548,1784239687787
93.39,54.6,1784239690568,1784239687815
93.40,20.6,1784239690616,1784239687829
93.43,15.6,1784239690648,1784239687856
93.49,39.6,1784239690680,1784239687912
93.50,21.6,1784239690712,1784239687926
93.54,26.6,1784239690749,1784239687968
93.60,54.6,1784239690776,1784239688023
93.61,37.6,1784239690808,1784239688038
93.64,23.6,1784239690849,1784239688065
93.67,28.6,1784239690871,1784239688092
93.71,24.6,1784239690918,1784239688135
93.74,19.6,1784239690950,1784239688162
93.76,11.6,1784239690986,1784239688190
93.81,26.6,1784239691014,1784239688233
93.83,21.6,1784239691046,1784239688260
93.88,22.6,1784239691087,1784239688302
93.89,13.6,1784239691110,1784239688316
93.96,40.6,1784239691153,1784239688386
93.97,20.6,1784239691187,1784239688400
94.00,12.6,1784239691222,1784239688427
94.04,19.6,1784239691257,1784239688469
94.07,17.6,1784239691287,1784239688497
94.11,27.6,1784239691318,1784239688538
94.14,23.6,1784239691351,1784239688567
94.17,15.6,1784239691386,1784239688594
94.21,29.6,1784239691414,1784239688636
94.26,43.6,1784239691456,1784239688692
94.29,40.6,1784239691487,1784239688720
94.31,16.6,1784239691525,1784239688734
94.35,26.6,1784239691557,1784239688776
94.38,21.3,1784239691589,1784239688803
94.40,17.3,1784239691621,1784239688831
94.60,177.3,1784239691655,1784239689025
94.60,146.3,1784239691686,1784239689025
94.60,115.3,1784239691717,1784239689025
94.60,83.3,1784239691749,1784239689025
94.60,46.3,1784239691786,1784239689025
94.61,19.3,1784239691828,1784239689040
94.64,15.3,1784239691860,1784239689068
94.68,24.3,1784239691892,1784239689109
94.71,19.3,1784239691925,1784239689137
94.74,17.3,1784239691956,1784239689166
94.78,26.3,1784239691988,1784239689207
94.81,21.3,1784239692021,1784239689235
94.85,30.3,1784239692053,1784239689276
94.86,12.3,1784239692086,1784239689291
94.92,38.3,1784239692116,1784239689347
94.95,22.3,1784239692159,1784239689374
94.98,23.3,1784239692186,1784239689402
95.02,20.3,1784239692231,1784239689444
95.04,19.3,1784239692260,1784239689472
95.09,27.3,1784239692293,1784239689513
95.14,53.3,1784239692324,1784239689570
95.14,20.3,1784239692357,1784239689570
95.18,28.3,1784239692389,1784239689610
95.24,43.3,1784239692431,1784239689667
95.24,22.3,1784239692452,1784239689667
95.28,29.3,1784239692486,1784239689708
95.34,39.3,1784239692532,1784239689764
95.35,21.3,1784239692564,1784239689778
95.38,16.3,1784239692597,1784239689806
95.43,36.3,1784239692633,1784239689862
95.45,21.3,1784239692661,1784239689875
95.49,31.3,1784239692693,1784239689917
95.52,20.3,1784239692732,1784239689945
95.55,23.3,1784239692757,1784239689973
95.59,22.3,1784239692800,1784239690015
95.61,16.3,1784239692833,1784239690042
95.66,39.3,1784239692853,1784239690085
95.69,23.3,1784239692896,1784239690112
95.73,24.3,1784239692936,1784239690153
95.75,23.3,1784239692965,1784239690181
95.78,19.3,1784239692997,1784239690209
95.82,25.3,1784239693033,1784239690251
95.85,21.3,1784239693065,1784239690279
95.91,39.3,1784239693103,1784239690335
95.92,20.3,1784239693136,1784239690349
95.96,40.3,1784239693157,1784239690390
95.99,21.3,1784239693204,1784239690418
96.02,16.3,1784239693237,1784239690446
96.06,27.3,1784239693268,1784239690488
96.09,22.3,1784239693301,1784239690516
96.12,13.3,1784239693337,1784239690543
96.16,28.3,1784239693365,1784239690586
96.21,51.3,1784239693397,1784239690641
96.24,40.3,1784239693436,1784239690669
96.24,15.3,1784239693461,1784239690669
96.30,28.3,1784239693504,1784239690725
96.33,19.3,1784239693541,1784239690753
96.35,15.3,1784239693572,1784239690780
96.39,24.1,1784239693605,1784239690822
96.42,20.1,1784239693637,1784239690850
96.45,16.1,1784239693669,1784239690878
96.49,26.1,1784239693701,1784239690920
96.52,18.1,1784239693736,1784239690947
96.55,18.1,1784239693764,1784239690975
96.59,18.1,1784239693807,1784239691018
96.63,29.1,1784239693837,1784239691059
96.66,34.1,1784239693860,1784239691087
96.69,14.1,1784239693907,1784239691114
96.73,24.1,1784239693939,1784239691156
96.76,21.1,1784239693972,1784239691186
96.78,15.1,1784239694004,1784239691212
96.83,24.1,1784239694036,1784239691253
96.85,20.1,1784239694068,1784239691281
96.91,33.1,1784239694111,1784239691337
96.92,22.1,1784239694136,1784239691351
96.97,35.1,1784239694164,1784239691392
96.99,15.1,1784239694212,1784239691420
97.04,25.1,1784239694244,1784239691462
97.06,21.1,1784239694276,1784239691490
97.09,17.1,1784239694308,1784239691518
97.12,12.1,1784239694341,1784239691546
97.16,22.1,1784239694373,1784239691588
97.20,31.1,1784239694405,1784239691629
97.26,45.1,1784239694447,1784239691685
97.41,176.1,1784239694469,1784239691838
97.41,134.1,1784239694511,1784239691838
97.41,108.1,1784239694537,1784239691838
97.41,65.1,1784239694580,1784239691838
97.41,33.1,1784239694612,1784239691838
97.43,17.1,1784239694643,1784239691853
97.47,26.1,1784239694675,1784239691894
97.49,22.1,1784239694707,1784239691922
97.55,45.1,1784239694740,1784239691978
97.55,12.1,1784239694773,1784239691978
97.61,36.1,1784239694804,1784239692033
97.63,16.1,1784239694852,1784239692061
97.68,26.1,1784239694884,1784239692103
97.70,22.1,1784239694916,1784239692131
97.73,17.1,1784239694948,1784239692158
97.77,27.1,1784239694980,1784239692200
97.80,23.1,1784239695012,1784239692228
97.83,20.1,1784239695044,1784239692257
97.88,43.1,1784239695076,1784239692312
97.90,24.1,1784239695108,1784239692325
97.94,24.1,1784239695151,1784239692368
97.97,15.1,1784239695187,1784239692395
98.02,48.1,1784239695211,1784239692452
98.04,20.1,1784239695252,1784239692465
98.07,13.1,1784239695286,1784239692492
98.26,178.1,1784239695316,1784239692687
98.26,141.1,1784239695353,1784239692687
98.26,107.1,1784239695387,1784239692687
98.26,83.1,1784239695412,1784239692688
98.26,41.1,1784239695454,1784239692688
98.27,22.1,1784239695487,1784239692702
98.30,29.1,1784239695507,1784239692729
98.34,23.1,1784239695555,1784239692771
98.37,18.6,1784239695587,1784239692799
98.41,28.6,1784239695619,1784239692841
98.44,24.6,1784239695651,1784239692869
98.47,16.6,1784239695686,1784239692896
98.51,29.6,1784239695715,1784239692938
98.57,43.6,1784239695757,1784239692994
98.58,28.6,1784239695786,1784239693008
98.61,31.6,1784239695810,1784239693035
98.65,26.6,1784239695858,1784239693078
98.68,21.6,1784239695890,1784239693105
98.71,17.6,1784239695922,1784239693133
98.75,27.6,1784239695954,1784239693175
98.78,23.6,1784239695986,1784239693203
98.80,19.6,1784239696018,1784239693231
98.84,26.6,1784239696051,1784239693271
98.87,20.6,1784239696086,1784239693300
98.90,20.6,1784239696114,1784239693328
98.94,14.6,1784239696162,1784239693370
98.98,24.6,1784239696194,1784239693412
99.01,20.6,1784239696226,1784239693440
99.04,13.6,1784239696260,1784239693467
99.08,25.6,1784239696290,1784239693509
99.11,14.6,1784239696329,1784239693537
99.15,23.6,1784239696361,1784239693578
99.18,18.6,1784239696394,1784239693606
99.21,11.6,1784239696430,1784239693635
99.25,20.6,1784239696462,1784239693676
99.28,15.6,1784239696495,1784239693704
99.32,23.6,1784239696529,1784239693746
99.35,17.6,1784239696562,1784239693773
99.38,12.6,1784239696596,1784239693802
99.42,25.6,1784239696624,1784239693843
99.44,21.6,1784239696656,1784239693871
99.49,21.6,1784239696697,1784239693912
99.51,16.6,1784239696731,1784239693941
99.57,50.6,1784239696752,1784239693996
99.58,30.6,1784239696787,1784239694011
99.61,27.6,1784239696817,1784239694038
99.65,21.6,1784239696865,1784239694080
99.68,16.6,1784239696898,1784239694108
99.71,10.6,1784239696932,1784239694136
99.75,24.6,1784239696960,1784239694178
99.78,20.6,1784239696991,1784239694205
99.81,16.6,1784239697023,1784239694233
99.86,30.6,1784239697065,1784239694289
99.89,23.6,1784239697100,1784239694317
99.92,16.6,1784239697134,1784239694344
99.95,11.6,1784239697167,1784239694372
99.99,17.6,1784239697203,1784239694414
100.01,12.6,1784239697236,1784239694442
100.06,22.6,1784239697268,1784239694484
100.10,30.6,1784239697301,1784239694525
100.13,21.6,1784239697337,1784239694552
100.18,46.6,1784239697369,1784239694609
100.20,26.6,1784239697402,1784239694622
100.22,21.6,1784239697436,1784239694651
100.25,14.6,1784239697470,1784239694678
100.28,12.6,1784239697501,1784239694707
100.32,19.6,1784239697536,1784239694749
100.35,11.6,1784239697571,1784239694776
100.41,33.3,1784239697605,1784239694832
100.43,27.3,1784239697638,1784239694859
100.46,32.3,1784239697661,1784239694887
100.52,42.3,1784239697706,1784239694942
100.53,23.3,1784239697740,1784239694957
100.56,16.3,1784239697774,1784239694984
100.59,13.3,1784239697806,1784239695013
100.63,23.3,1784239697837,1784239695054
100.66,18.3,1784239697871,1784239695083
100.70,25.3,1784239697906,1784239695125
100.71,7.3,1784239697936,1784239695137
100.77,35.3,1784239697964,1784239695193
100.81,34.3,1784239698008,1784239695236
100.85,42.3,1784239698041,1784239695277
100.86,19.3,1784239698077,1784239695290
100.89,18.3,1784239698108,1784239695320
100.93,22.3,1784239698145,1784239695361
100.96,19.3,1784239698175,1784239695388
101.13,152.3,1784239698211,1784239695557
101.13,126.3,1784239698237,1784239695557
101.13,87.3,1784239698276,1784239695557
101.13,62.3,1784239698301,1784239695557
101.13,18.3,1784239698345,1784239695557
101.18,40.3,1784239698377,1784239695611
101.20,21.3,1784239698410,1784239695625
101.23,14.3,1784239698445,1784239695653
101.25,11.3,1784239698476,1784239695681
101.30,17.3,1784239698511,1784239695722
101.34,24.3,1784239698546,1784239695764
101.37,26.3,1784239698572,1784239695792
101.39,13.3,1784239698613,1784239695820
101.44,24.3,1784239698644,1784239695862
101.60,157.3,1784239698679,1784239696030
101.60,125.3,1784239698711,1784239696030
101.60,89.3,1784239698747,1784239696030
101.60,57.3,1784239698779,1784239696030
101.60,23.3,1784239698813,1784239696030
101.63,15.3,1784239698848,1784239696057
101.67,29.3,1784239698875,1784239696098
101.73,44.3,1784239698916,1784239696154
101.76,39.3,1784239698949,1784239696182
101.77,32.3,1784239698970,1784239696196
101.80,26.3,1784239699004,1784239696224
101.84,22.3,1784239699050,1784239696266
101.87,16.3,1784239699084,1784239696294
101.89,14.3,1784239699113,1784239696321
101.95,36.3,1784239699147,1784239696377
101.99,43.3,1784239699182,1784239696419
102.01,23.3,1784239699217,1784239696434
102.05,30.3,1784239699250,1784239696474
102.06,21.3,1784239699274,1784239696489
102.10,31.3,1784239699306,1784239696531
102.13,15.3,1784239699349,1784239696558
102.17,20.3,1784239699386,1784239696600
102.20,15.3,1784239699418,1784239696627
102.26,41.3,1784239699450,1784239696685
102.27,18.3,1784239699486,1784239696698
102.30,19.3,1784239699513,1784239696726
102.34,26.3,1784239699548,1784239696768
102.37,14.3,1784239699586,1784239696794
102.42,49.4,1784239699608,1784239696851
102.44,20.4,1784239699651,1784239696865
102.48,24.4,1784239699688,1784239696906
102.51,21.4,1784239699719,1784239696934
102.54,17.4,1784239699752,1784239696963
102.58,22.4,1784239699788,1784239697004
102.61,22.4,1784239699816,1784239697032
102.66,44.4,1784239699849,1784239697087
102.67,21.4,1784239699886,1784239697101
102.73,39.4,1784239699924,1784239697157
102.76,37.4,1784239699954,1784239697185
102.77,19.4,1784239699986,1784239697199
102.81,22.4,1784239700023,1784239697239
102.84,20.4,1784239700055,1784239697269
102.87,14.4,1784239700088,1784239697296
102.91,25.4,1784239700119,1784239697338
102.94,19.4,1784239700152,1784239697365
102.97,13.4,1784239700186,1784239697393
103.01,18.4,1784239700223,1784239697435
103.05,33.4,1784239700250,1784239697477
103.08,24.4,1784239700287,1784239697505
103.12,41.4,1784239700312,1784239697547
103.16,39.4,1784239700355,1784239697588
103.18,15.4,1784239700393,1784239697602
103.20,12.4,1784239700424,1784239697630
103.24,21.4,1784239700456,1784239697671
103.27,18.4,1784239700488,1784239697700
103.30,14.4,1784239700520,1784239697728
103.34,24.4,1784239700552,1784239697770
103.38,30.4,1784239700587,1784239697811
103.40,14.4,1784239700617,1784239697825
103.45,28.4,1784239700659,1784239697881
103.48,29.4,1784239700686,1784239697909
103.51,14.4,1784239700728,1784239697936
103.54,11.4,1784239700760,1784239697965
103.59,27.4,1784239700799,1784239698020
103.62,30.4,1784239700824,1784239698048
103.64,12.4,1784239700856,1784239698062
103.69,35.4,1784239700889,1784239698118
103.72,31.4,1784239700920,1784239698145
103.77,47.4,1784239700961,1784239698202
103.77,22.4,1784239700986,1784239698202
103.82,18.4,1784239701031,1784239698243
103.87,42.4,1784239701063,1784239698299
103.89,23.4,1784239701095,1784239698312
103.91,18.4,1784239701128,1784239698340
103.96,28.4,1784239701160,1784239698382
104.01,51.4,1784239701192,1784239698437
104.01,16.4,1784239701227,1784239698437
104.05,29.4,1784239701256,1784239698479
104.11,42.4,1784239701299,1784239698535
104.12,19.4,1784239701336,1784239698549
104.16,28.4,1784239701368,1784239698590
104.19,25.4,1784239701400,1784239698619
104.22,17.4,1784239701436,1784239698647
104.25,16.4,1784239701464,1784239698674
104.29,28.4,1784239701495,1784239698717
104.35,41.4,1784239701537,1784239698772
104.35,19.4,1784239701559,1784239698772
104.40,31.8,1784239701602,1784239698828
104.44,37.8,1784239701637,1784239698869
104.46,17.8,1784239701671,1784239698883
104.50,27.8,1784239701703,1784239698925
104.53,21.8,1784239701737,1784239698953
104.55,17.8,1784239701768,1784239698980
104.60,27.8,1784239701800,1784239699022
104.62,20.8,1784239701836,1784239699051
104.65,19.8,1784239701864,1784239699078
104.69,18.8,1784239701906,1784239699119
104.72,17.8,1784239701936,1784239699148
104.89,160.8,1784239701960,1784239699315
104.89,113.8,1784239702007,1784239699315
104.89,80.8,1784239702040,1784239699315
104.89,48.8,1784239702072,1784239699315
104.89,17.8,1784239702103,1784239699315
104.93,26.8,1784239702136,1784239699357
104.96,24.8,1784239702166,1784239699385
105.01,36.8,1784239702209,1784239699440
105.03,23.8,1784239702236,1784239699454
105.08,52.8,1784239702262,1784239699509
105.10,19.8,1784239702310,1784239699524
105.13,15.8,1784239702342,1784239699552
105.15,11.8,1784239702374,1784239699580
105.19,21.8,1784239702406,1784239699622
105.22,16.8,1784239702438,1784239699649
105.26,26.8,1784239702470,1784239699691
105.29,22.8,1784239702502,1784239699719
105.32,16.8,1784239702536,1784239699747
105.36,27.8,1784239702566,1784239699788
105.42,41.8,1784239702608,1784239699844
105.43,27.8,1784239702636,1784239699858
105.46,13.8,1784239702678,1784239699886
105.50,23.8,1784239702709,1784239699927
105.53,19.8,1784239702741,1784239699955
105.56,15.8,1784239702773,1784239699983
105.60,25.8,1784239702805,1784239700025
105.65,48.8,1784239702837,1784239700080
105.65,17.8,1784239702868,1784239700080
105.70,20.8,1784239702911,1784239700126
105.74,26.8,1784239702947,1784239700168
105.77,25.8,1784239702977,1784239700197
105.80,21.8,1784239703009,1784239700225
105.84,29.8,1784239703041,1784239700265
105.87,25.8,1784239703074,1784239700294
105.90,29.8,1784239703104,1784239700328
105.93,17.8,1784239703147,1784239700359
105.97,22.8,1784239703184,1784239700401
106.02,32.8,1784239703216,1784239700443
106.03,14.8,1784239703247,1784239700456
106.06,10.8,1784239703279,1784239700484
106.10,19.8,1784239703311,1784239700525
106.16,44.8,1784239703343,1784239700582
106.17,25.8,1784239703375,1784239700595
106.20,21.8,1784239703407,1784239700623
106.25,36.8,1784239703449,1784239700680
106.27,27.8,1784239703471,1784239700693
106.31,20.8,1784239703520,1784239700735
106.34,17.8,1784239703551,1784239700763
106.49,136.8,1784239703586,1784239700917
106.49,103.3,1784239703614,1784239700917
106.49,70.3,1784239703647,1784239700917
106.49,39.3,1784239703678,1784239700917
106.64,159.3,1784239703710,1784239701069
106.64,117.3,1784239703753,1784239701070
106.64,84.3,1784239703786,1784239701070
106.64,63.3,1784239703807,1784239701070
106.64,15.3,1784239703855,1784239701070
106.67,11.3,1784239703886,1784239701097
106.71,16.3,1784239703923,1784239701139
106.74,18.3,1784239703950,1784239701168
106.95,189.3,1784239703986,1784239701375
106.95,162.3,1784239704013,1784239701375
106.95,119.3,1784239704056,1784239701375
106.95,88.3,1784239704087,1784239701375
106.95,50.3,1784239704125,1784239701375
106.95,19.3,1784239704157,1784239701376
106.98,14.3,1784239704189,1784239701403
107.00,11.3,1784239704221,1784239701432
107.03,6.3,1784239704253,1784239701459
107.07,15.3,1784239704286,1784239701501
107.12,24.3,1784239704318,1784239701542
107.16,35.3,1784239704349,1784239701584
107.17,12.3,1784239704386,1784239701598
107.21,27.3,1784239704413,1784239701640
107.27,40.3,1784239704455,1784239701695
107.28,17.3,1784239704493,1784239701710
107.31,12.3,1784239704525,1784239701737
107.37,30.3,1784239704563,1784239701793
107.38,18.3,1784239704589,1784239701807
107.41,15.3,1784239704620,1784239701835
107.44,12.3,1784239704652,1784239701864
107.46,4.3,1784239704687,1784239701891
107.51,16.3,1784239704716,1784239701932
107.55,15.3,1784239704759,1784239701974
107.58,6.3,1784239704796,1784239702002
107.62,15.3,1784239704828,1784239702043
107.64,7.3,1784239704864,1784239702071
107.69,16.3,1784239704897,1784239702113
107.71,18.3,1784239704924,1784239702142
107.77,41.3,1784239704956,1784239702197
107.77,9.3,1784239704988,1784239702197
107.81,20.3,1784239705019,1784239702239
107.87,30.3,1784239705064,1784239702294
107.90,36.3,1784239705086,1784239702322
107.92,32.3,1784239705118,1784239702350
107.95,14.3,1784239705164,1784239702378
107.98,9.3,1784239705197,1784239702406
108.02,21.3,1784239705227,1784239702448
108.06,24.3,1784239705265,1784239702489
108.08,11.3,1784239705292,1784239702503
108.10,9.3,1784239705323,1784239702532
108.16,22.3,1784239705365,1784239702587
108.20,32.3,1784239705397,1784239702629
108.24,52.3,1784239705418,1784239702670
108.26,19.3,1784239705466,1784239702685
108.29,14.3,1784239705498,1784239702712
108.34,40.3,1784239705529,1784239702769
108.34,3.3,1784239705566,1784239702769
108.40,32.3,1784239705593,1784239702825
108.44,29.9,1784239705636,1784239702865
108.48,41.9,1784239705666,1784239702907
108.49,21.9,1784239705700,1784239702921
108.52,13.9,1784239705736,1784239702949
108.58,36.9,1784239705769,1784239703005
108.59,17.9,1784239705802,1784239703019
108.62,11.9,1784239705836,1784239703047
108.66,21.9,1784239705867,1784239703088
108.68,6.9,1784239705897,1784239703103
108.72,6.9,1784239705937,1784239703143
108.76,19.9,1784239705967,1784239703186
108.81,40.9,1784239706002,1784239703242
108.83,15.9,1784239706039,1784239703254
108.87,25.9,1784239706071,1784239703296
108.90,21.9,1784239706103,1784239703324
108.93,17.9,1784239706136,1784239703353
108.95,12.9,1784239706168,1784239703380
108.99,20.9,1784239706201,1784239703421
109.02,14.9,1784239706236,1784239703450
109.05,9.9,1784239706269,1784239703478
109.11,28.9,1784239706306,1784239703534
109.15,39.9,1784239706337,1784239703576
109.29,146.9,1784239706369,1784239703715
109.29,106.9,1784239706409,1784239703715
109.29,73.9,1784239706442,1784239703715
109.29,40.9,1784239706475,1784239703715
109.29,11.9,1784239706504,1784239703715
109.33,19.9,1784239706537,1784239703756
109.36,14.9,1784239706570,1784239703784
109.39,11.9,1784239706601,1784239703812
109.43,17.9,1784239706636,1784239703853
109.46,12.9,1784239706670,1784239703882
109.50,16.9,1784239706708,1784239703924
109.54,21.9,1784239706745,1784239703966
109.57,15.9,1784239706777,1784239703992
109.59,12.9,1784239706809,1784239704021
109.64,21.9,1784239706841,1784239704062
109.66,16.9,1784239706875,1784239704091
109.69,9.9,1784239706910,1784239704119
109.73,22.9,1784239706937,1784239704159
109.76,18.9,1784239706971,1784239704189
109.82,32.9,1784239707011,1784239704243
109.83,22.9,1784239707036,1784239704258
109.89,43.9,1784239707071,1784239704314
109.90,15.9,1784239707112,1784239704327
109.93,9.9,1784239707145,1784239704354
109.97,20.9,1784239707176,1784239704396
110.00,16.9,1784239707208,1784239704424
110.05,39.9,1784239707241,1784239704480
110.19,149.9,1784239707271,1784239704620
110.19,117.9,1784239707303,1784239704620
110.19,84.9,1784239707336,1784239704620
110.19,37.9,1784239707383,1784239704620
110.19,5.9,1784239707415,1784239704620
110.23,15.9,1784239707447,1784239704662
110.26,11.9,1784239707479,1784239704690
110.30,20.9,1784239707511,1784239704731
110.33,16.9,1784239707543,1784239704759
110.37,27.9,1784239707575,1784239704802
110.40,22.9,1784239707607,1784239704829
110.46,37.3,1784239707650,1784239704885
110.47,27.3,1784239707673,1784239704898
110.50,9.3,1784239707719,1784239704926
110.53,5.3,1784239707751,1784239704954
110.57,11.3,1784239707786,1784239704995
110.60,10.3,1784239707815,1784239705023
110.64,19.3,1784239707848,1784239705065
110.69,36.3,1784239707886,1784239705120
110.69,10.3,1784239707912,1784239705120
110.74,20.3,1784239707944,1784239705162
110.78,20.3,1784239707986,1784239705204
110.79,13.3,1784239708007,1784239705218
110.83,8.3,1784239708054,1784239705260
110.88,15.3,1784239708089,1784239705302
110.90,12.3,1784239708120,1784239705330
110.93,11.3,1784239708149,1784239705358
110.97,15.3,1784239708186,1784239705399
111.00,16.3,1784239708213,1784239705427
111.06,30.3,1784239708256,1784239705484
111.08,26.3,1784239708286,1784239705510
111.11,30.3,1784239708310,1784239705538
111.17,39.3,1784239708357,1784239705594
111.18,22.3,1784239708389,1784239705609
111.21,16.3,1784239708421,1784239705635
111.24,13.3,1784239708453,1784239705664
111.40,146.3,1784239708487,1784239705831
111.40,115.3,1784239708518,1784239705831
111.40,83.3,1784239708550,1784239705831
111.40,47.3,1784239708586,1784239705831
111.40,19.3,1784239708614,1784239705831
111.45,18.3,1784239708656,1784239705872
111.47,8.3,1784239708694,1784239705900
111.50,6.3,1784239708725,1784239705929
111.54,14.3,1784239708757,1784239705969
111.57,11.3,1784239708789,1784239705998
111.60,7.3,1784239708821,1784239706026
111.64,17.3,1784239708852,1784239706067
111.68,25.3,1784239708886,1784239706109
111.70,9.3,1784239708917,1784239706124
111.75,22.3,1784239708959,1784239706179
111.79,31.3,1784239708991,1784239706220
111.81,10.3,1784239709027,1784239706235
111.85,19.3,1784239709059,1784239706276
111.88,15.3,1784239709091,1784239706304
111.92,24.3,1784239709123,1784239706345
111.93,6.3,1784239709155,1784239706359
111.99,33.3,1784239709186,1784239706417
112.02,28.3,1784239709218,1784239706444
112.07,40.3,1784239709261,1784239706499
112.07,15.3,1784239709286,1784239706499
112.13,42.3,1784239709315,1784239706555
112.17,36.3,1784239709363,1784239706597
112.18,17.3,1784239709395,1784239706610
112.23,25.3,1784239709429,1784239706652
112.24,10.3,1784239709458,1784239706666
112.28,20.3,1784239709490,1784239706708
112.31,16.3,1784239709522,1784239706736
112.36,28.3,1784239709565,1784239706791
112.41,39.3,1784239709597,1784239706834
112.41,18.3,1784239709618,1784239706834
112.45,11.6,1784239709666,1784239706874
112.49,22.6,1784239709698,1784239706917
112.53,32.6,1784239709730,1784239706959
112.55,13.6,1784239709762,1784239706972
112.59,20.6,1784239709797,1784239707014
112.62,21.6,1784239709825,1784239707043
112.66,30.6,1784239709857,1784239707084
112.70,29.6,1784239709900,1784239707126
112.73,19.6,1784239709937,1784239707153
112.76,17.6,1784239709968,1784239707182
112.78,11.6,1784239710000,1784239707208
112.84,37.6,1784239710031,1784239707265
112.85,16.6,1784239710065,1784239707278
112.89,28.6,1784239710095,1784239707320
112.94,30.6,1784239710136,1784239707363
112.95,20.6,1784239710159,1784239707376
112.99,21.6,1784239710201,1784239707419
113.03,24.6,1784239710239,1784239707460
113.06,17.6,1784239710273,1784239707487
113.09,17.6,1784239710302,1784239707516
113.13,21.6,1784239710339,1784239707557
113.16,21.6,1784239710367,1784239707585
113.19,17.6,1784239710399,1784239707613
113.23,22.6,1784239710436,1784239707655
113.26,22.6,1784239710463,1784239707682
113.31,36.6,1784239710505,1784239707738
113.33,19.6,1784239710536,1784239707752
113.35,9.6,1784239710574,1784239707780
113.39,19.6,1784239710606,1784239707822
113.42,14.6,1784239710639,1784239707850
113.45,11.6,1784239710670,1784239707878
113.49,19.6,1784239710703,1784239707919
113.52,14.6,1784239710736,1784239707947
113.56,25.6,1784239710767,1784239707989
113.62,45.6,1784239710802,1784239708044
113.62,11.6,1784239710836,1784239708044
113.66,26.6,1784239710863,1784239708086
113.70,19.6,1784239710911,1784239708127
113.73,15.6,1784239710943,1784239708155
113.77,26.6,1784239710975,1784239708198
113.80,23.6,1784239711006,1784239708226
113.83,18.6,1784239711038,1784239708253
113.86,14.6,1784239711071,1784239708282
113.90,24.6,1784239711102,1784239708323
113.92,17.6,1784239711137,1784239708351
113.95,16.6,1784239711166,1784239708379
114.13,155.6,1784239711208,1784239708560
114.13,118.6,1784239711245,1784239708560
114.13,82.6,1784239711281,1784239708560
114.13,53.6,1784239711310,1784239708560
114.13,21.6,1784239711342,1784239708560
114.19,44.6,1784239711374,1784239708615
114.19,13.6,1784239711405,1784239708615
114.24,27.6,1784239711447,1784239708671
114.29,46.6,1784239711469,1784239708712
114.31,32.6,1784239711512,1784239708741
114.33,21.6,1784239711536,1784239708754
114.38,31.6,1784239711583,1784239708811
114.40,14.6,1784239711613,1784239708824
114.43,11.7,1784239711645,1784239708853
114.48,27.7,1784239711683,1784239708907
114.52,38.7,1784239711715,1784239708950
114.52,11.7,1784239711742,1784239708950
114.58,24.7,1784239711783,1784239709004
114.61,31.7,1784239711806,1784239709034
114.66,41.7,1784239711850,1784239709088
114.66,5.7,1784239711886,1784239709088
114.70,16.7,1784239711918,1784239709131
114.76,39.7,1784239711950,1784239709186
114.77,17.7,1784239711986,1784239709200
114.80,15.7,1784239712015,1784239709227
114.84,28.7,1784239712045,1784239709270
114.90,43.7,1784239712086,1784239709326
114.90,21.7,1784239712109,1784239709327
114.96,33.7,1784239712152,1784239709382
114.97,11.7,1784239712186,1784239709394
115.02,49.7,1784239712205,1784239709451
115.04,14.7,1784239712254,1784239709465
115.07,7.7,1784239712289,1784239709493
115.11,20.7,1784239712318,1784239709535
115.14,14.7,1784239712351,1784239709562
115.18,21.7,1784239712386,1784239709604
115.21,20.7,1784239712415,1784239709632
115.26,43.7,1784239712447,1784239709687
115.27,18.7,1784239712486,1784239709701
115.30,20.7,1784239712511,1784239709728
115.36,35.7,1784239712553,1784239709785
115.37,12.7,1784239712590,1784239709799
115.41,21.7,1784239712622,1784239709840
115.44,17.7,1784239712654,1784239709868
115.47,12.7,1784239712687,1784239709896
115.51,24.7,1784239712717,1784239709938
115.57,47.7,1784239712750,1784239709994
115.57,11.7,1784239712786,1784239709994
115.61,26.7,1784239712813,1784239710036
115.66,38.7,1784239712856,1784239710091
115.68,15.7,1784239712893,1784239710105
115.71,11.7,1784239712925,1784239710133
115.75,18.7,1784239712959,1784239710174
115.78,16.7,1784239712989,1784239710202
115.82,27.7,1784239713020,1784239710244
115.83,9.7,1784239713052,1784239710258
115.87,14.7,1784239713089,1784239710300
115.92,29.7,1784239713116,1784239710342
115.97,42.7,1784239713158,1784239710397
115.98,19.7,1784239713195,1784239710411
116.01,15.7,1784239713227,1784239710439
116.04,12.7,1784239713259,1784239710468
116.08,16.7,1784239713295,1784239710508
116.11,17.7,1784239713323,1784239710537
116.14,13.7,1784239713355,1784239710565
116.21,49.7,1784239713388,1784239710634
116.21,17.7,1784239713420,1784239710634
116.25,26.7,1784239713452,1784239710675
116.26,5.7,1784239713488,1784239710690
116.32,33.7,1784239713516,1784239710746
116.35,13.7,1784239713563,1784239710773
116.37,6.7,1784239713598,1784239710801
116.43,29.2,1784239713632,1784239710857
116.47,40.2,1784239713663,1784239710899
116.49,23.2,1784239713694,1784239710913
116.54,48.2,1784239713725,1784239710969
116.57,36.2,1784239713764,1784239710996
116.58,24.2,1784239713790,1784239711010
116.63,25.2,1784239713832,1784239711053
116.67,33.2,1784239713865,1784239711094
116.68,10.2,1784239713901,1784239711107
116.71,7.2,1784239713932,1784239711135
116.75,17.2,1784239713964,1784239711177
116.79,28.2,1784239713995,1784239711219
116.83,33.2,1784239714033,1784239711262
116.85,12.2,1784239714066,1784239711274
116.88,5.2,1784239714101,1784239711302
116.92,25.2,1784239714122,1784239711343
116.97,38.2,1784239714167,1784239711401
117.00,30.2,1784239714202,1784239711428
117.01,11.2,1784239714235,1784239711442
117.06,23.2,1784239714265,1784239711484
117.11,40.2,1784239714303,1784239711539
117.14,42.2,1784239714329,1784239711567
117.16,17.2,1784239714369,1784239711582
117.20,24.2,1784239714403,1784239711623
117.23,20.2,1784239714436,1784239711652
117.25,10.2,1784239714472,1784239711678
117.29,20.2,1784239714504,1784239711720
117.32,16.2,1784239714536,1784239711748
117.35,10.2,1784239714571,1784239711777
117.41,34.2,1784239714602,1784239711832
117.43,25.2,1784239714639,1784239711860
117.46,20.2,1784239714671,1784239711887
117.49,14.2,1784239714706,1784239711916
117.52,10.2,1784239714737,1784239711943
117.56,28.2,1784239714761,1784239711985
117.59,8.2,1784239714809,1784239712013
117.63,19.2,1784239714839,1784239712054
117.66,15.2,1784239714871,1784239712082
117.70,22.2,1784239714907,1784239712125
117.73,16.2,1784239714940,1784239712152
117.75,17.2,1784239714967,1784239712180
117.79,18.2,1784239715007,1784239712221
117.82,16.2,1784239715038,1784239712250
117.86,21.2,1784239715075,1784239712292
117.91,27.2,1784239715110,1784239712333
117.95,36.2,1784239715143,1784239712375
117.96,16.2,1784239715176,1784239712388
117.99,12.2,1784239715209,1784239712417
118.03,20.2,1784239715243,1784239712459
118.09,42.2,1784239715276,1784239712514
118.10,24.2,1784239715308,1784239712528
118.14,30.2,1784239715344,1784239712570
118.14,10.2,1784239715365,1784239712571
118.20,17.2,1784239715412,1784239712625
118.23,12.2,1784239715444,1784239712652
118.27,21.2,1784239715478,1784239712695
118.32,46.2,1784239715508,1784239712750
118.32,13.2,1784239715541,1784239712750
118.37,23.2,1784239715573,1784239712792
118.42,40.2,1784239715612,1784239712848
118.44,20.2,1784239715647,1784239712863
118.46,27.2,1784239715669,1784239712891
118.52,39.2,1784239715711,1784239712945
118.53,16.2,1784239715748,1784239712959
118.56,12.2,1784239715780,1784239712987
118.60,21.2,1784239715812,1784239713028
118.63,16.2,1784239715845,1784239713056
118.67,22.2,1784239715881,1784239713098
118.70,23.2,1784239715909,1784239713127
118.76,40.2,1784239715948,1784239713183
118.77,19.2,1784239715982,1784239713196
118.80,23.2,1784239716005,1784239713223
118.84,25.2,1784239716046,1784239713266
118.87,12.2,1784239716086,1784239713293
118.89,10.2,1784239716116,1784239713321
118.94,18.2,1784239716150,1784239713363
118.99,42.2,1784239716182,1784239713419
119.01,21.2,1784239716217,1784239713433
119.03,21.2,1784239716243,1784239713459
119.08,21.2,1784239716286,1784239713502
119.13,52.2,1784239716311,1784239713558
119.15,25.2,1784239716351,1784239713571
119.17,34.2,1784239716371,1784239713600
119.20,14.2,1784239716418,1784239713627
119.23,10.2,1784239716450,1784239713655
119.28,30.2,1784239716486,1784239713711
119.33,40.2,1784239716517,1784239713752
119.35,33.2,1784239716553,1784239713781
119.37,13.2,1784239716586,1784239713794
119.41,32.2,1784239716610,1784239713837
119.44,14.2,1784239716655,1784239713864
119.47,8.2,1784239716689,1784239713892
119.51,17.2,1784239716722,1784239713934
119.54,13.2,1784239716754,1784239713962
119.58,20.2,1784239716788,1784239714003
119.60,19.2,1784239716818,1784239714032
119.65,24.2,1784239716854,1784239714073
119.69,31.2,1784239716889,1784239714115
119.70,18.2,1784239716916,1784239714129
119.76,33.2,1784239716957,1784239714185
119.94,184.2,1784239716986,1784239714365
119.94,160.2,1784239717010,1784239714365
119.98,156.2,1784239717057,1784239714408
119.98,124.2,1784239717089,1784239714408
119.98,92.2,1784239717121,1784239714408
119.98,60.2,1784239717153,1784239714408
119.98,22.2,1784239717191,1784239714408
120.04,42.2,1784239717226,1784239714463
120.05,22.2,1784239717259,1784239714476
120.09,37.2,1784239717286,1784239714518
120.11,11.2,1784239717327,1784239714533
120.15,18.2,1784239717361,1784239714574
120.18,16.2,1784239717391,1784239714602
120.23,37.2,1784239717426,1784239714658
120.25,17.2,1784239717460,1784239714672
120.29,31.2,1784239717488,1784239714714
120.33,33.2,1784239717527,1784239714755
120.34,21.2,1784239717554,1784239714770
120.38,30.2,1784239717587,1784239714812
120.43,27.2,1784239717631,1784239714853
120.47,41.9,1784239717658,1784239714895
120.48,17.9,1784239717695,1784239714908
120.51,11.9,1784239717729,1784239714936
120.54,10.9,1784239717759,1784239714965
120.61,41.9,1784239717797,1784239715034
120.62,23.9,1784239717829,1784239715048
120.66,30.9,1784239717863,1784239715089
120.70,36.9,1784239717899,1784239715131
120.72,18.9,1784239717930,1784239715144
120.76,26.9,1784239717966,1784239715188
120.80,35.9,1784239717997,1784239715228
120.82,15.9,1784239718032,1784239715243
120.84,9.9,1784239718065,1784239715270
120.90,38.9,1784239718093,1784239715327
120.91,13.9,1784239718132,1784239715341
120.96,29.9,1784239718157,1784239715382
120.98,14.9,1784239718200,1784239715410
121.03,21.9,1784239718235,1784239715452
121.05,32.9,1784239718252,1784239715480
121.08,9.9,1784239718302,1784239715507
121.12,17.9,1784239718336,1784239715549
121.15,14.9,1784239718367,1784239715577
121.19,21.9,1784239718402,1784239715619
121.23,28.9,1784239718436,1784239715660
121.25,11.9,1784239718468,1784239715675
121.29,18.9,1784239718502,1784239715716
121.32,12.9,1784239718536,1784239715744
121.36,18.9,1784239718571,1784239715785
121.39,16.9,1784239718602,1784239715814
121.43,23.9,1784239718637,1784239715856
121.47,30.9,1784239718671,1784239715897
121.48,14.9,1784239718701,1784239715911
121.53,19.9,1784239718738,1784239715953
121.55,15.9,1784239718770,1784239715981
121.60,22.9,1784239718804,1784239716022
121.62,16.9,1784239718838,1784239716050
121.68,38.9,1784239718871,1784239716105
121.69,17.9,1784239718906,1784239716119
121.72,10.9,1784239718941,1784239716147
121.76,21.9,1784239718972,1784239716189
121.82,45.9,1784239719004,1784239716245
121.83,27.9,1784239719036,1784239716259
121.86,17.9,1784239719074,1784239716287
121.89,12.9,1784239719107,1784239716315
121.93,18.9,1784239719142,1784239716356
122.10,154.9,1784239719174,1784239716524
122.10,120.9,1784239719208,1784239716524
122.10,89.9,1784239719239,1784239716524
122.10,54.9,1784239719274,1784239716524
122.10,20.9,1784239719308,1784239716524
122.13,20.9,1784239719336,1784239716552
122.18,36.9,1784239719375,1784239716607
122.19,15.9,1784239719409,1784239716620
122.22,18.9,1784239719436,1784239716650
122.26,16.9,1784239719478,1784239716690
122.29,13.9,1784239719510,1784239716719
122.33,20.9,1784239719544,1784239716760
122.63,278.9,1784239719579,1784239717053
122.63,250.9,1784239719607,1784239717053
122.63,216.9,1784239719641,1784239717053
122.63,176.0,1784239719673,1784239717053
122.65,166.0,1784239719711,1784239717081
122.65,139.0,1784239719738,1784239717081
122.65,111.0,1784239719766,1784239717081
122.65,63.0,1784239719814,1784239717081
122.65,31.0,1784239719846,1784239717081
122.68,22.0,1784239719882,1784239717108
122.69,5.0,1784239719913,1784239717122
122.75,26.0,1784239719948,1784239717178
122.76,8.0,1784239719979,1784239717191
122.79,2.0,1784239720013,1784239717219
122.83,17.0,1784239720040,1784239717261
122.86,5.0,1784239720081,1784239717290
122.90,12.0,1784239720116,1784239717332
122.95,21.0,1784239720148,1784239717373
122.96,3.0,1784239720180,1784239717387
123.02,23.0,1784239720215,1784239717442
123.03,1.0,1784239720251,1784239717456
123.09,26.0,1784239720282,1784239717512
123.10,11.0,1784239720310,1784239717525
123.14,14.0,1784239720350,1784239717568
123.17,8.0,1784239720383,1784239717595
123.21,28.0,1784239720406,1784239717638
123.25,23.0,1784239720452,1784239717679
123.29,30.0,1784239720487,1784239717721
123.29,1.0,1784239720516,1784239717721
123.34,6.0,1784239720553,1784239717763
123.36,6.0,1784239720580,1784239717790
123.42,24.0,1784239720618,1784239717846
123.45,25.0,1784239720645,1784239717874
123.60,137.0,1784239720686,1784239718027
123.60,102.0,1784239720721,1784239718027
123.60,69.0,1784239720755,1784239718028
123.60,35.0,1784239720789,1784239718028
123.60,3.0,1784239720821,1784239718028
123.64,12.0,1784239720853,1784239718069
123.68,20.0,1784239720887,1784239718111
123.73,27.0,1784239720921,1784239718152
123.75,23.0,1784239720954,1784239718181
123.77,4.0,1784239720986,1784239718194
123.81,22.0,1784239721010,1784239718236
123.84,4.0,1784239721057,1784239718265
123.88,12.0,1784239721090,1784239718306
123.91,7.0,1784239721123,1784239718334
123.93,3.0,1784239721154,1784239718361
123.96,-3.0,1784239721189,1784239718390
124.00,5.0,1784239721223,1784239718432
124.05,12.0,1784239721257,1784239718473
124.06,-3.0,1784239721286,1784239718487
124.12,25.0,1784239721313,1784239718542
124.17,40.0,1784239721355,1784239718599
124.17,2.0,1784239721393,1784239718599
124.21,9.0,1784239721427,1784239718640
124.24,5.0,1784239721459,1784239718668
124.28,14.0,1784239721492,1784239718710
124.31,10.0,1784239721523,1784239718737
124.49,155.0,1784239721559,1784239718918
124.49,128.0,1784239721586,1784239718918
124.49,89.0,1784239721626,1784239718919
124.49,53.0,1784239721662,1784239718919
124.49,28.9,1784239721686,1784239718919
124.52,11.9,1784239721729,1784239718945
124.55,9.9,1784239721760,1784239718974
124.58,2.9,1784239721795,1784239719002
124.62,12.9,1784239721827,1784239719044
124.65,11.9,1784239721856,1784239719072
124.67,0.9,1784239721895,1784239719100
124.71,15.9,1784239721920,1784239719140
124.77,29.9,1784239721962,1784239719196
124.78,8.9,1784239721997,1784239719210
124.83,32.9,1784239722016,1784239719253
124.85,11.9,1784239722065,1784239719281
124.88,8.9,1784239722095,1784239719308
124.91,3.9,1784239722127,1784239719335
124.94,2.9,1784239722158,1784239719365
125.01,36.9,1784239722192,1784239719433
125.02,12.9,1784239722231,1784239719448
125.05,5.9,1784239722265,1784239719475
125.10,29.9,1784239722297,1784239719531
125.12,8.9,1784239722332,1784239719545
125.15,1.9,1784239722366,1784239719572
125.19,11.9,1784239722398,1784239719614
125.22,8.9,1784239722430,1784239719643
125.24,1.9,1784239722464,1784239719670
125.30,21.9,1784239722500,1784239719726
125.34,36.9,1784239722526,1784239719767
125.35,17.9,1784239722559,1784239719781
125.38,3.9,1784239722601,1784239719809
125.44,23.9,1784239722637,1784239719865
125.45,5.9,1784239722669,1784239719879
125.49,13.9,1784239722703,1784239719921
125.52,8.9,1784239722736,1784239719949
125.58,28.9,1784239722771,1784239720004
125.59,10.9,1784239722803,1784239720018
125.62,5.9,1784239722836,1784239720046
125.65,8.9,1784239722861,1784239720074
125.69,8.9,1784239722903,1784239720116
125.74,30.9,1784239722936,1784239720171
125.77,22.9,1784239722972,1784239720199
125.79,5.9,1784239723003,1784239720213
125.81,0.9,1784239723036,1784239720241
125.86,9.9,1784239723069,1784239720283
125.90,21.9,1784239723099,1784239720325
125.93,11.9,1784239723136,1784239720352
125.98,41.9,1784239723162,1784239720408
125.99,13.9,1784239723204,1784239720422
126.02,6.9,1784239723239,1784239720450
126.08,27.9,1784239723273,1784239720505
126.09,9.9,1784239723305,1784239720519
126.15,30.9,1784239723340,1784239720575
126.16,15.9,1784239723369,1784239720589
126.19,12.9,1784239723400,1784239720617
126.22,4.9,1784239723436,1784239720645
126.26,17.9,1784239723465,1784239720687
126.30,17.9,1784239723507,1784239720729
126.33,8.9,1784239723543,1784239720756
126.36,4.9,1784239723575,1784239720784
126.38,-0.1,1784239723607,1784239720811
126.43,8.9,1784239723641,1784239720854
126.46,2.9,1784239723675,1784239720881
126.50,14.9,1784239723705,1784239720923
126.55,32.9,1784239723743,1784239720979
126.57,20.9,1784239723768,1784239720992
126.59,7.9,1784239723809,1784239721020
126.62,-0.1,1784239723846,1784239721049
126.68,38.9,1784239723862,1784239721104
126.69,3.9,1784239723911,1784239721118
126.73,11.9,1784239723945,1784239721160
126.76,5.9,1784239723980,1784239721189
126.82,33.9,1784239724006,1784239721243
126.84,22.9,1784239724045,1784239721271
126.87,17.9,1784239724079,1784239721300
126.91,24.9,1784239724112,1784239721340
126.93,14.9,1784239724137,1784239721355
126.97,11.9,1784239724182,1784239721397
127.03,34.9,1784239724214,1784239721452
127.03,1.9,1784239724247,1784239721452
127.22,167.9,1784239724277,1784239721648
127.22,129.9,1784239724315,1784239721648
127.22,95.9,1784239724349,1784239721648
127.22,63.9,1784239724381,1784239721648
127.22,29.9,1784239724415,1784239721648
127.25,22.9,1784239724449,1784239721675
127.26,15.9,1784239724470,1784239721689
127.30,10.9,1784239724517,1784239721731
127.33,5.9,1784239724550,1784239721759
127.37,16.9,1784239724580,1784239721800
127.40,10.9,1784239724615,1784239721829
127.43,1.9,1784239724650,1784239721855
127.61,150.9,1784239724683,1784239722037
127.61,116.9,1784239724717,1784239722037
127.61,82.9,1784239724751,1784239722037
127.61,47.9,1784239724786,1784239722037
127.61,17.9,1784239724816,1784239722037
127.64,9.9,1784239724852,1784239722065
127.67,2.9,1784239724886,1784239722092
127.69,-2.1,1784239724919,1784239722120
127.74,5.9,1784239724953,1784239722162
127.79,28.9,1784239724986,1784239722218
127.79,-1.1,1784239725016,1784239722218
127.85,15.9,1784239725054,1784239722273
127.87,11.9,1784239725087,1784239722302
127.90,10.9,1784239725116,1784239722330
127.94,12.9,1784239725155,1784239722371
127.97,8.9,1784239725187,1784239722399
128.00,4.9,1784239725219,1784239722427
128.04,13.9,1784239725251,1784239722468
128.22,160.9,1784239725286,1784239722650
128.22,130.9,1784239725317,1784239722651
128.22,89.9,1784239725358,1784239722651
128.22,61.9,1784239725386,1784239722651
128.22,30.9,1784239725417,1784239722651
128.26,28.9,1784239725459,1784239722691
128.28,11.9,1784239725491,1784239722706
128.31,6.9,1784239725523,1784239722733
128.35,15.9,1784239725556,1784239722775
128.38,11.9,1784239725588,1784239722803
128.40,7.9,1784239725620,1784239722831
128.45,17.3,1784239725652,1784239722872
128.47,11.3,1784239725687,1784239722901
128.51,20.3,1784239725718,1784239722941
128.57,35.3,1784239725759,1784239722997
128.60,34.3,1784239725788,1784239723025
128.61,18.3,1784239725819,1784239723040
128.66,18.3,1784239725862,1784239723083
128.68,12.3,1784239725894,1784239723109
128.71,8.3,1784239725925,1784239723136
128.75,20.3,1784239725957,1784239723180
128.78,9.3,1784239725994,1784239723206
128.81,11.3,1784239726021,1784239723235
128.85,20.3,1784239726053,1784239723276
128.88,5.3,1784239726096,1784239723304
128.92,23.3,1784239726120,1784239723346
128.95,13.3,1784239726158,1784239723374
129.00,30.3,1784239726196,1784239723429
129.03,25.3,1784239726228,1784239723456
129.04,6.3,1784239726262,1784239723471
129.07,4.3,1784239726292,1784239723499
129.11,14.3,1784239726324,1784239723541
129.14,7.3,1784239726359,1784239723569
129.18,18.3,1784239726389,1784239723610
129.21,14.3,1784239726421,1784239723638
129.27,39.3,1784239726452,1784239723694
129.28,19.3,1784239726486,1784239723708
129.32,14.3,1784239726533,1784239723750
129.35,10.3,1784239726565,1784239723778
129.38,5.3,1784239726597,1784239723805
129.42,16.3,1784239726628,1784239723847
129.45,12.3,1784239726660,1784239723875
129.50,29.3,1784239726699,1784239723931
129.53,30.3,1784239726725,1784239723958
129.55,12.3,1784239726757,1784239723972
129.71,136.3,1784239726800,1784239724139
129.71,99.3,1784239726837,1784239724139
129.71,83.3,1784239726853,1784239724139
129.71,35.3,1784239726901,1784239724139
129.71,0.3,1784239726936,1784239724139
129.75,11.3,1784239726967,1784239724181
129.78,9.3,1784239726997,1784239724209
129.84,25.3,1784239727037,1784239724265
129.85,12.3,1784239727064,1784239724279
129.88,0.3,1784239727103,1784239724306
129.92,10.3,1784239727136,1784239724349
129.95,17.3,1784239727156,1784239724376
129.99,13.3,1784239727203,1784239724419
130.02,7.3,1784239727236,1784239724446
130.05,4.3,1784239727267,1784239724474
130.09,14.3,1784239727299,1784239724516
130.12,4.3,1784239727336,1784239724543
130.14,0.3,1784239727368,1784239724571
130.20,17.3,1784239727406,1784239724626
130.23,17.3,1784239727436,1784239724656
130.38,129.3,1784239727475,1784239724807
130.38,99.3,1784239727506,1784239724808
130.38,66.3,1784239727539,1784239724808
130.38,35.3,1784239727570,1784239724808
130.39,15.3,1784239727604,1784239724822
130.42,11.3,1784239727636,1784239724850
130.62,176.3,1784239727665,1784239725044
130.62,133.3,1784239727708,1784239725044
130.62,105.3,1784239727736,1784239725044
130.62,64.3,1784239727777,1784239725044
130.62,33.3,1784239727808,1784239725044
130.63,14.3,1784239727841,1784239725058
130.66,11.3,1784239727872,1784239725086
130.69,2.3,1784239727909,1784239725114
130.71,1.3,1784239727937,1784239725141
130.76,8.3,1784239727972,1784239725183
130.80,11.3,1784239728011,1784239725225
130.86,43.3,1784239728036,1784239725282
130.86,4.3,1784239728075,1784239725282
130.90,37.6,1784239728106,1784239725324
130.92,24.6,1784239728146,1784239725351
130.97,35.6,1784239728176,1784239725392
130.99,31.6,1784239728208,1784239725420
131.02,28.6,1784239728240,1784239725449
131.05,21.6,1784239728274,1784239725476
131.09,33.6,1784239728303,1784239725517
131.12,29.6,1784239728336,1784239725546
131.19,63.6,1784239728371,1784239725615
131.19,19.6,1784239728415,1784239725615
131.24,42.6,1784239728448,1784239725671
131.26,25.6,1784239728480,1784239725686
131.30,33.6,1784239728512,1784239725726
131.34,43.6,1784239728545,1784239725769
131.37,41.6,1784239728575,1784239725797
131.40,34.6,1784239728609,1784239725824
131.44,45.6,1784239728640,1784239725866
131.47,42.6,1784239728671,1784239725894
131.52,67.6,1784239728702,1784239725950
131.54,32.6,1784239728751,1784239725964
131.58,41.6,1784239728783,1784239726005
131.61,37.6,1784239728815,1784239726033
131.63,32.6,1784239728847,1784239726060
131.68,42.6,1784239728879,1784239726102
131.70,39.6,1784239728911,1784239726131
131.73,33.6,1784239728944,1784239726158
131.77,32.6,1784239728987,1784239726200
131.80,40.6,1784239729007,1784239726228
131.84,40.6,1784239729049,1784239726270
131.87,30.6,1784239729087,1784239726298
131.90,27.6,1784239729118,1784239726326
131.95,48.6,1784239729152,1784239726381
132.00,55.6,1784239729187,1784239726423
132.00,29.6,1784239729213,1784239726423
132.04,40.6,1784239729244,1784239726465
132.07,25.6,1784239729286,1784239726492
132.11,45.6,1784239729308,1784239726534
132.16,58.6,1784239729351,1784239726590
132.18,34.6,1784239729389,1784239726604
132.21,28.6,1784239729423,1784239726632
132.23,27.6,1784239729452,1784239726660
132.28,34.6,1784239729486,1784239726701
132.30,32.6,1784239729517,1784239726730
132.34,41.6,1784239729549,1784239726771
132.37,32.6,1784239729586,1784239726799
132.40,33.6,1784239729613,1784239726827
132.44,31.6,1784239729656,1784239726868
132.50,54.3,1784239729687,1784239726923
132.51,32.3,1784239729724,1784239726938
132.54,28.3,1784239729756,1784239726966
132.58,31.3,1784239729794,1784239727007
132.61,31.3,1784239729822,1784239727035
132.64,29.3,1784239729853,1784239727064
132.68,37.3,1784239729886,1784239727105
132.69,19.3,1784239729918,1784239727119
132.76,59.3,1784239729949,1784239727190
132.76,22.3,1784239729986,1784239727190
132.83,63.3,1784239730014,1784239727259
132.86,41.3,1784239730062,1784239727285
132.87,32.3,1784239730086,1784239727300
132.91,34.3,1784239730126,1784239727342
132.94,28.3,1784239730159,1784239727369
132.97,26.3,1784239730189,1784239727397
133.01,37.3,1784239730221,1784239727440
133.04,33.3,1784239730252,1784239727467
133.08,32.3,1784239730295,1784239727509
133.11,31.3,1784239730324,1784239727537
133.17,47.3,1784239730363,1784239727592
133.18,29.3,1784239730395,1784239727606
133.21,22.3,1784239730431,1784239727635
133.25,35.3,1784239730459,1784239727676
133.28,30.3,1784239730492,1784239727704
133.33,45.3,1784239730532,1784239727759
133.35,36.3,1784239730555,1784239727773
133.40,49.3,1784239730598,1784239727829
133.42,29.3,1784239730632,1784239727843
133.46,52.3,1784239730652,1784239727886
133.49,30.3,1784239730700,1784239727912
133.54,54.3,1784239730732,1784239727968
133.54,23.3,1784239730763,1784239727968
133.60,43.3,1784239730799,1784239728024
133.61,23.3,1784239730832,1784239728037
133.64,25.3,1784239730859,1784239728066
133.68,33.3,1784239730892,1784239728107
133.72,34.3,1784239730933,1784239728149
133.75,39.3,1784239730956,1784239728177
133.81,53.3,1784239730998,1784239728233
133.82,30.3,1784239731036,1784239728248
133.86,39.3,1784239731067,1784239728288
133.89,34.3,1784239731100,1784239728316
133.92,29.3,1784239731133,1784239728344
133.96,34.3,1784239731169,1784239728385
133.99,31.3,1784239731202,1784239728415
134.04,45.3,1784239731242,1784239728469
134.06,31.3,1784239731271,1784239728484
134.10,41.3,1784239731303,1784239728526
134.14,48.3,1784239731338,1784239728568
134.18,58.3,1784239731369,1784239728609
134.20,25.3,1784239731415,1784239728622
134.24,36.3,1784239731446,1784239728664
134.28,60.3,1784239731464,1784239728706
134.28,25.3,1784239731499,1784239728706
134.35,58.3,1784239731537,1784239728777
134.38,62.3,1784239731560,1784239728804
134.39,28.3,1784239731608,1784239728818
134.43,37.3,1784239731640,1784239728859
134.46,33.0,1784239731672,1784239728888
134.49,27.0,1784239731704,1784239728914
134.52,23.0,1784239731737,1784239728943
134.56,33.0,1784239731768,1784239728984
134.59,28.0,1784239731801,1784239729012
134.63,34.0,1784239731837,1784239729054
134.66,35.0,1784239731864,1784239729082
134.71,48.0,1784239731906,1784239729137
134.72,32.0,1784239731937,1784239729152
134.75,22.0,1784239731975,1784239729180
134.79,27.0,1784239732011,1784239729221
134.82,28.0,1784239732038,1784239729249
135.02,186.0,1784239732075,1784239729444
135.02,159.0,1784239732102,1784239729444
135.02,123.0,1784239732138,1784239729444
135.02,96.0,1784239732165,1784239729444
135.02,53.0,1784239732208,1784239729444
135.03,29.0,1784239732246,1784239729458
135.06,25.0,1784239732277,1784239729485
135.10,33.0,1784239732311,1784239729527
135.13,31.0,1784239732341,1784239729555
135.16,27.0,1784239732373,1784239729583
135.20,38.0,1784239732405,1784239729626
135.25,59.0,1784239732439,1784239729681
135.25,29.0,1784239732469,1784239729681
135.30,28.0,1784239732511,1784239729722
135.35,56.0,1784239732539,1784239729778
135.36,29.0,1784239732580,1784239729792
135.39,24.0,1784239732613,1784239729820
135.43,34.0,1784239732645,1784239729862
135.46,29.0,1784239732677,1784239729889
135.49,26.0,1784239732709,1784239729918
135.53,34.0,1784239732741,1784239729958
135.56,31.0,1784239732773,1784239729987
135.59,26.0,1784239732805,1784239730014
135.64,40.0,1784239732847,1784239730070
135.69,62.0,1784239732868,1784239730113
135.70,26.0,1784239732917,1784239730126
135.73,22.0,1784239732949,1784239730154
135.77,33.0,1784239732980,1784239730196
135.80,29.0,1784239733012,1784239730224
135.82,25.0,1784239733044,1784239730252
135.88,43.0,1784239733081,1784239730307
135.91,44.0,1784239733108,1784239730335
135.94,30.0,1784239733151,1784239730364
135.96,33.0,1784239733174,1784239730390
136.02,60.0,1784239733204,1784239730447
136.03,26.0,1784239733252,1784239730461
136.06,18.0,1784239733287,1784239730488
136.10,33.0,1784239733316,1784239730532
136.30,192.0,1784239733350,1784239730725
136.30,156.0,1784239733386,1784239730725
136.31,144.0,1784239733412,1784239730739
136.31,112.0,1784239733444,1784239730739
136.31,70.0,1784239733486,1784239730739
136.31,37.0,1784239733519,1784239730739
136.34,27.0,1784239733556,1784239730766
136.37,24.0,1784239733587,1784239730794
136.41,34.0,1784239733619,1784239730836
136.44,30.0,1784239733651,1784239730864
136.47,22.5,1784239733686,1784239730892
136.49,20.5,1784239733715,1784239730919
136.55,44.5,1784239733747,1784239730975
136.59,47.5,1784239733786,1784239731017
136.74,175.5,1784239733811,1784239731170
136.74,132.5,1784239733854,1784239731170
136.74,95.5,1784239733891,1784239731170
136.74,61.5,1784239733925,1784239731170
136.74,31.5,1784239733955,1784239731170
136.77,27.5,1784239733987,1784239731198
136.81,31.5,1784239734025,1784239731240
136.84,31.5,1784239734053,1784239731268
136.87,26.5,1784239734086,1784239731296
136.91,37.5,1784239734115,1784239731336
136.94,23.5,1784239734159,1784239731366
136.98,37.5,1784239734186,1784239731407
137.01,24.5,1784239734226,1784239731434
137.18,158.5,1784239734259,1784239731601
137.18,126.5,1784239734291,1784239731601
137.18,94.5,1784239734323,1784239731601
137.18,62.5,1784239734355,1784239731601
137.18,31.5,1784239734387,1784239731602
137.20,28.5,1784239734418,1784239731630
137.25,37.5,1784239734451,1784239731672
137.27,30.5,1784239734486,1784239731700
137.30,30.5,1784239734514,1784239731728
137.34,23.5,1784239734562,1784239731769
137.37,18.5,1784239734594,1784239731796
137.43,40.5,1784239734628,1784239731852
137.44,24.5,1784239734658,1784239731866
137.48,34.5,1784239734690,1784239731908
137.51,29.5,1784239734723,1784239731936
137.54,27.5,1784239734754,1784239731965
137.59,37.5,1784239734798,1784239732019
137.62,46.5,1784239734818,1784239732048
137.65,25.5,1784239734866,1784239732075
137.68,21.5,1784239734898,1784239732103
137.72,31.5,1784239734930,1784239732145
137.75,27.5,1784239734962,1784239732173
137.77,22.5,1784239734995,1784239732201
137.82,32.5,1784239735026,1784239732242
137.87,49.5,1784239735065,1784239732298
137.89,37.5,1784239735091,1784239732312
137.91,28.5,1784239735128,1784239732340
137.95,44.5,1784239735154,1784239732382
138.00,44.5,1784239735196,1784239732424
138.01,19.5,1784239735234,1784239732437
138.05,29.5,1784239735266,1784239732479
138.08,25.5,1784239735298,1784239732507
138.12,29.5,1784239735336,1784239732549
138.15,30.5,1784239735362,1784239732576
138.19,39.5,1784239735395,1784239732618
138.22,26.5,1784239735436,1784239732646
138.25,33.5,1784239735458,1784239732675
138.30,46.5,1784239735501,1784239732731
138.32,23.5,1784239735537,1784239732744
138.36,31.5,1784239735570,1784239732785
138.39,27.5,1784239735602,1784239732813
138.43,35.5,1784239735636,1784239732855
138.46,33.5,1784239735666,1784239732883
138.48,28.5,1784239735698,1784239732911
138.53,31.5,1784239735736,1784239732952
138.54,21.5,1784239735761,1784239732967
138.60,34.5,1784239735804,1784239733023
138.62,25.5,1784239735841,1784239733051
138.65,21.5,1784239735872,1784239733078
138.69,30.5,1784239735904,1784239733119
138.72,26.5,1784239735937,1784239733148
138.76,37.5,1784239735968,1784239733190
138.79,31.5,1784239736001,1784239733217
138.82,23.5,1784239736036,1784239733244
138.86,36.5,1784239736065,1784239733286
138.89,33.5,1784239736097,1784239733315
138.93,35.5,1784239736136,1784239733356
138.96,23.5,1784239736176,1784239733384
139.00,33.5,1784239736208,1784239733426
139.03,27.5,1784239736241,1784239733453
139.06,24.5,1784239736272,1784239733481
139.10,34.5,1784239736304,1784239733523
139.12,29.5,1784239736337,1784239733551
139.15,26.5,1784239736368,1784239733579
139.19,34.5,1784239736401,1784239733620
139.22,28.5,1784239736436,1784239733649
139.26,42.5,1784239736464,1784239733691
139.29,22.5,1784239736512,1784239733719
139.33,31.5,1784239736545,1784239733761
139.36,27.5,1784239736576,1784239733788
139.40,37.5,1784239736608,1784239733830
139.43,33.5,1784239736641,1784239733859
139.46,28.5,1784239736672,1784239733885
139.49,25.5,1784239736704,1784239733914
139.53,33.5,1784239736737,1784239733955
139.56,30.5,1784239736768,1784239733983
139.58,25.5,1784239736801,1784239734011
139.64,32.5,1784239736849,1784239734066
139.67,28.5,1784239736881,1784239734094
139.70,23.5,1784239736914,1784239734122
139.72,20.5,1784239736945,1784239734150
139.77,32.5,1784239736976,1784239734193
139.79,26.5,1784239737008,1784239734219
139.82,20.5,1784239737043,1784239734248
139.88,43.5,1784239737075,1784239734303
139.92,48.5,1784239737112,1784239734345
139.96,65.5,1784239737136,1784239734386
139.97,34.5,1784239737183,1784239734402
140.00,29.5,1784239737215,1784239734429
140.03,23.5,1784239737248,1784239734456
140.09,46.5,1784239737280,1784239734511
140.10,29.5,1784239737311,1784239734525
140.15,52.5,1784239737344,1784239734581
140.20,62.5,1784239737375,1784239734622
140.20,30.5,1784239737407,1784239734622
140.25,39.5,1784239737454,1784239734678
140.27,21.5,1784239737486,1784239734692
140.31,31.5,1784239737518,1784239734734
140.49,177.5,1784239737554,1784239734916
140.49,145.5,1784239737586,1784239734916
140.49,117.5,1784239737614,1784239734916
140.49,85.5,1784239737646,1784239734916
140.49,42.9,1784239737686,1784239734916
140.49,19.9,1784239737709,1784239734916
140.54,29.9,1784239737754,1784239734971
140.57,21.9,1784239737790,1784239734999
140.60,17.9,1784239737821,1784239735026
140.64,25.9,1784239737855,1784239735068
140.67,23.9,1784239737886,1784239735097
140.71,31.9,1784239737919,1784239735138
140.75,36.9,1784239737955,1784239735179
140.77,19.9,1784239737986,1784239735193
140.81,34.9,1784239738013,1784239735235
140.86,48.9,1784239738055,1784239735291
140.88,31.9,1784239738086,1784239735305
140.91,36.9,1784239738109,1784239735333
140.93,16.9,1784239738157,1784239735361
140.99,41.9,1784239738188,1784239735417
141.00,22.9,1784239738220,1784239735430
141.03,14.9,1784239738256,1784239735458
141.07,26.9,1784239738286,1784239735500
141.10,23.9,1784239738316,1784239735527
141.16,40.9,1784239738356,1784239735584
141.17,24.9,1784239738386,1784239735598
141.21,27.9,1784239738425,1784239735640
141.24,19.9,1784239738460,1784239735667
141.28,28.9,1784239738492,1784239735708
141.31,22.9,1784239738526,1784239735736
141.34,20.9,1784239738557,1784239735765
141.38,29.9,1784239738589,1784239735806
141.41,26.9,1784239738620,1784239735834
141.45,31.9,1784239738657,1784239735876
141.48,28.9,1784239738687,1784239735903
141.51,27.9,1784239738717,1784239735932
141.55,26.9,1784239738760,1784239735974
141.57,15.9,1784239738798,1784239736001
141.62,27.9,1784239738829,1784239736044
141.64,22.9,1784239738861,1784239736071
141.67,19.9,1784239738893,1784239736100
141.71,25.9,1784239738927,1784239736140
141.74,23.9,1784239738958,1784239736169
141.78,32.9,1784239738990,1784239736210
141.81,28.9,1784239739022,1784239736238
141.87,41.9,1784239739065,1784239736294
141.87,21.9,1784239739086,1784239736295
141.94,42.9,1784239739133,1784239736363
141.95,25.9,1784239739165,1784239736378
141.99,33.9,1784239739197,1784239736418
142.02,30.9,1784239739229,1784239736447
142.05,27.9,1784239739260,1784239736475
142.08,23.9,1784239739292,1784239736503
142.12,32.9,1784239739324,1784239736544
142.15,25.9,1784239739359,1784239736572
142.20,43.9,1784239739398,1784239736629
142.22,34.9,1784239739420,1784239736642
142.26,29.9,1784239739467,1784239736684
142.28,24.9,1784239739499,1784239736711
142.31,16.9,1784239739536,1784239736740
142.35,30.9,1784239739563,1784239736781
142.38,25.9,1784239739596,1784239736809
142.42,27.9,1784239739636,1784239736851
142.45,31.9,1784239739660,1784239736879
142.51,45.9,1784239739702,1784239736935
142.52,24.9,1784239739737,1784239736949
142.55,17.9,1784239739771,1784239736976
142.59,27.9,1784239739803,1784239737018
142.62,22.9,1784239739837,1784239737047
142.65,17.9,1784239739867,1784239737072
142.69,28.9,1784239739899,1784239737115
142.72,18.9,1784239739936,1784239737142
142.74,20.9,1784239739963,1784239737171
142.80,33.9,1784239740006,1784239737227
142.83,31.9,1784239740036,1784239737255
142.84,17.9,1784239740064,1784239737269
142.90,30.9,1784239740107,1784239737325
142.93,45.8,1784239740139,1784239737352
142.98,70.8,1784239740170,1784239737408
143.01,65.8,1784239740202,1784239737435
143.02,46.8,1784239740236,1784239737450
143.06,58.8,1784239740265,1784239737491
143.11,62.8,1784239740303,1784239737533
143.13,57.8,1784239740336,1784239737561
143.15,46.8,1784239740361,1784239737575
143.20,55.8,1784239740408,1784239737631
143.22,36.8,1784239740440,1784239737644
143.27,61.8,1784239740472,1784239737701
143.29,42.8,1784239740504,1784239737714
143.32,39.8,1784239740536,1784239737743
143.36,48.8,1784239740568,1784239737784
143.40,57.8,1784239740600,1784239737825
143.43,49.8,1784239740636,1784239737853
143.47,63.8,1784239740664,1784239737895
143.50,50.8,1784239740706,1784239737924
143.55,68.8,1784239740743,1784239737979
143.55,37.8,1784239740774,1784239737979
143.59,46.8,1784239740806,1784239738020
143.64,56.8,1784239740838,1784239738062
143.65,37.8,1784239740870,1784239738075
143.71,56.8,1784239740909,1784239738133
143.73,55.8,1784239740936,1784239738159
143.79,66.8,1784239740981,1784239738215
143.80,49.8,1784239741013,1784239738230
143.96,169.8,1784239741045,1784239738382
143.96,134.8,1784239741081,1784239738383
143.96,106.8,1784239741109,1784239738383
143.96,74.8,1784239741141,1784239738383
143.96,42.8,1784239741173,1784239738383
144.00,52.8,1784239741204,1784239738424
144.02,36.8,1784239741247,1784239738451
144.07,58.8,1784239741268,1784239738494
144.09,38.8,1784239741316,1784239738522
144.14,46.8,1784239741349,1784239738563
144.16,44.8,1784239741380,1784239738592
144.19,39.8,1784239741412,1784239738619
144.23,46.8,1784239741447,1784239738661
144.28,58.8,1784239741476,1784239738702
144.30,55.8,1784239741507,1784239738730
144.36,68.8,1784239741550,1784239738786
144.37,61.8,1784239741571,1784239738800
144.42,56.8,1784239741618,1784239738842
144.44,50.8,1784239741651,1784239738869
144.47,47.8,1784239741683,1784239738898
144.50,41.4,1784239741715,1784239738926
144.54,50.4,1784239741747,1784239738967
144.60,66.4,1784239741786,1784239739022
144.60,41.4,1784239741811,1784239739022
144.79,204.4,1784239741843,1784239739217
144.79,161.4,1784239741886,1784239739217
144.79,136.4,1784239741911,1784239739217
144.79,97.4,1784239741950,1784239739217
144.79,61.4,1784239741986,1784239739217
144.81,43.4,1784239742019,1784239739232
144.83,39.4,1784239742051,1784239739260
144.86,31.4,1784239742086,1784239739287
144.90,46.4,1784239742114,1784239739330
144.94,46.4,1784239742155,1784239739371
144.99,57.4,1784239742186,1784239739413
145.01,61.4,1784239742210,1784239739441
145.04,40.4,1784239742258,1784239739468
145.07,36.4,1784239742290,1784239739496
145.11,46.4,1784239742322,1784239739538
145.14,42.4,1784239742354,1784239739566
145.17,38.4,1784239742386,1784239739594
145.21,48.4,1784239742418,1784239739636
145.24,41.4,1784239742452,1784239739663
145.28,49.4,1784239742486,1784239739705
145.31,49.4,1784239742514,1784239739733
145.36,62.4,1784239742556,1784239739788
145.38,39.4,1784239742594,1784239739803
145.40,35.4,1784239742626,1784239739831
145.45,44.4,1784239742658,1784239739872
145.47,40.4,1784239742690,1784239739900
145.52,51.4,1784239742721,1784239739942
145.54,47.4,1784239742753,1784239739970
145.57,41.4,1784239742787,1784239739998
145.61,51.4,1784239742817,1784239740038
145.67,65.4,1784239742860,1784239740095
145.68,53.4,1784239742886,1784239740109
145.71,52.4,1784239742915,1784239740137
145.77,60.4,1784239742962,1784239740192
145.91,169.4,1784239742994,1784239740333
145.91,138.4,1784239743025,1784239740333
145.91,102.4,1784239743061,1784239740333
145.91,71.4,1784239743092,1784239740333
145.91,38.4,1784239743125,1784239740333
145.95,50.4,1784239743153,1784239740373
145.97,44.4,1784239743187,1784239740401
146.02,56.4,1784239743217,1784239740443
146.04,37.4,1784239743264,1784239740471
146.07,33.4,1784239743296,1784239740499
146.11,43.4,1784239743328,1784239740541
146.17,66.4,1784239743360,1784239740596
146.20,62.4,1784239743392,1784239740624
146.21,44.4,1784239743424,1784239740638
146.27,63.4,1784239743460,1784239740693
146.30,53.4,1784239743499,1784239740722
146.34,74.4,1784239743520,1784239740764
146.35,39.4,1784239743568,1784239740777
146.38,35.4,1784239743600,1784239740805
146.42,45.4,1784239743632,1784239740847
146.45,36.4,1784239743668,1784239740874
146.48,33.4,1784239743699,1784239740902
146.52,44.4,1784239743728,1784239740944
146.71,199.4,1784239743768,1784239741139
146.71,176.4,1784239743792,1784239741140
146.71,145.4,1784239743823,1784239741140
146.71,100.4,1784239743868,1784239741140
146.71,65.4,1784239743903,1784239741140
146.71,32.4,1784239743936,1784239741140
146.75,41.4,1784239743968,1784239741181
146.78,37.4,1784239743999,1784239741208
146.81,28.4,1784239744036,1784239741236
147.00,192.4,1784239744068,1784239741432
147.00,163.4,1784239744097,1784239741432
147.00,124.4,1784239744136,1784239741432
147.00,92.4,1784239744168,1784239741432
147.00,58.4,1784239744202,1784239741432
147.02,35.4,1784239744239,1784239741446
147.23,212.4,1784239744270,1784239741654
147.23,180.4,1784239744302,1784239741654
147.23,146.4,1784239744336,1784239741654
147.23,113.4,1784239744369,1784239741654
147.23,84.4,1784239744398,1784239741654
147.23,46.4,1784239744436,1784239741654
147.26,41.4,1784239744469,1784239741682
147.30,47.4,1784239744505,1784239741724
147.32,37.4,1784239744542,1784239741751
147.35,35.4,1784239744573,1784239741780
147.39,44.4,1784239744605,1784239741821
147.42,40.4,1784239744637,1784239741849
147.48,59.4,1784239744674,1784239741905
147.48,32.4,1784239744701,1784239741905
147.52,39.4,1784239744736,1784239741947
147.56,46.4,1784239744770,1784239741988
147.62,67.4,1784239744806,1784239742045
147.63,42.4,1784239744844,1784239742058
147.66,38.4,1784239744875,1784239742085
147.69,32.4,1784239744910,1784239742114
147.73,45.4,1784239744939,1784239742156
147.76,41.4,1784239744971,1784239742184
147.80,46.4,1784239745007,1784239742225
147.83,42.4,1784239745039,1784239742253
147.85,38.4,1784239745071,1784239742281
147.90,48.4,1784239745103,1784239742323
147.92,42.4,1784239745137,1784239742351
147.97,49.4,1784239745171,1784239742392
148.02,66.4,1784239745210,1784239742448
148.03,43.4,1784239745247,1784239742462
148.06,40.4,1784239745278,1784239742490
148.11,50.4,1784239745310,1784239742532
148.13,45.4,1784239745342,1784239742559
148.16,42.4,1784239745373,1784239742587
148.20,51.4,1784239745406,1784239742629
148.26,65.4,1784239745448,1784239742685
148.26,39.4,1784239745474,1784239742685
148.31,66.4,1784239745503,1784239742741
148.34,46.4,1784239745550,1784239742768
148.38,56.4,1784239745582,1784239742810
148.40,38.4,1784239745614,1784239742824
148.42,33.4,1784239745647,1784239742852
148.48,58.4,1784239745678,1784239742908
148.49,37.6,1784239745711,1784239742922
148.55,60.6,1784239745743,1784239742977
148.56,41.6,1784239745775,1784239742990
148.61,52.6,1784239745807,1784239743033
148.66,65.6,1784239745849,1784239743088
148.68,43.6,1784239745886,1784239743103
148.70,37.6,1784239745919,1784239743130
148.73,33.6,1784239745951,1784239743158
148.76,26.6,1784239745986,1784239743186
148.80,38.6,1784239746016,1784239743228
148.84,49.6,1784239746046,1784239743269
148.88,51.6,1784239746086,1784239743311
148.90,42.6,1784239746109,1784239743325
148.95,54.6,1784239746152,1784239743380
148.97,33.6,1784239746187,1784239743394
149.01,41.6,1784239746221,1784239743436
149.04,37.6,1784239746253,1784239743464
149.19,156.6,1784239746287,1784239743617
149.19,127.6,1784239746316,1784239743617
149.19,94.6,1784239746349,1784239743617
149.19,57.6,1784239746386,1784239743617
149.19,30.6,1784239746413,1784239743617
149.25,43.6,1784239746456,1784239743673
149.27,40.6,1784239746486,1784239743700
149.30,31.6,1784239746524,1784239743729
149.34,40.6,1784239746556,1784239743770
149.37,34.6,1784239746591,1784239743799
149.41,47.6,1784239746620,1784239743841
149.44,42.6,1784239746652,1784239743868
149.48,51.6,1784239746686,1784239743911
149.51,46.6,1784239746717,1784239743937
149.57,70.6,1784239746749,1784239743993
149.58,47.6,1784239746786,1784239744007
149.62,63.6,1784239746813,1784239744050
149.65,48.6,1784239746856,1784239744078
149.68,38.6,1784239746893,1784239744105
149.71,33.6,1784239746925,1784239744132
149.75,44.6,1784239746957,1784239744175
149.80,61.6,1784239746995,1784239744230
149.80,36.6,1784239747020,1784239744230
149.84,45.6,1784239747053,1784239744272
149.87,40.6,1784239747086,1784239744300
149.90,37.6,1784239747117,1784239744328
149.94,35.6,1784239747160,1784239744369
149.98,40.6,1784239747197,1784239744411
150.01,38.6,1784239747228,1784239744440
150.04,32.6,1784239747261,1784239744467
150.08,43.6,1784239747292,1784239744509
150.11,39.6,1784239747323,1784239744536
150.15,49.6,1784239747355,1784239744578
150.21,62.6,1784239747397,1784239744633
150.21,41.6,1784239747418,1784239744633
150.25,40.6,1784239747461,1784239744675
150.28,31.6,1784239747498,1784239744703
150.32,41.6,1784239747530,1784239744745
150.35,37.6,1784239747562,1784239744773
150.37,30.6,1784239747596,1784239744800
150.42,43.6,1784239747626,1784239744843
150.44,37.6,1784239747659,1784239744870
150.49,48.6,1784239747691,1784239744913
150.51,41.6,1784239747723,1784239744940
150.54,37.6,1784239747755,1784239744968
150.58,37.6,1784239747797,1784239745010
150.75,166.6,1784239747834,1784239745176
150.75,135.6,1784239747866,1784239745177
150.75,103.6,1784239747898,1784239745177
150.75,69.6,1784239747932,1784239745177
150.75,39.6,1784239747962,1784239745177
150.78,36.6,1784239747994,1784239745206
150.82,45.6,1784239748026,1784239745247
150.85,33.6,1784239748065,1784239745274
150.90,54.6,1784239748100,1784239745330
150.92,46.6,1784239748122,1784239745344
150.96,40.6,1784239748170,1784239745386
150.99,37.6,1784239748202,1784239745415
151.02,29.6,1784239748237,1784239745442
151.06,39.6,1784239748269,1784239745484
151.08,36.6,1784239748298,1784239745510
151.14,62.6,1784239748330,1784239745568
151.15,43.6,1784239748362,1784239745581
151.21,56.6,1784239748404,1784239745636
151.24,52.6,1784239748437,1784239745665
151.25,44.6,1784239748458,1784239745678
151.31,51.6,1784239748506,1784239745733
151.32,34.6,1784239748538,1784239745748
151.35,29.6,1784239748570,1784239745775
151.39,38.6,1784239748602,1784239745816
151.42,32.6,1784239748637,1784239745845
151.45,31.6,1784239748667,1784239745874
151.50,53.6,1784239748699,1784239745928
151.53,44.6,1784239748736,1784239745956
151.54,32.6,1784239748762,1784239745970
151.60,46.6,1784239748805,1784239746027
151.64,48.6,1784239748843,1784239746067
151.66,31.6,1784239748875,1784239746082
151.70,38.6,1784239748910,1784239746124
151.72,37.6,1784239748939,1784239746152
151.75,30.6,1784239748974,1784239746180
151.78,28.6,1784239749003,1784239746207
151.82,37.6,1784239749036,1784239746249
151.86,47.6,1784239749067,1784239746290
151.92,60.6,1784239749110,1784239746346
151.92,35.6,1784239749136,1784239746347
151.96,33.6,1784239749179,1784239746388
152.00,44.6,1784239749210,1784239746430
152.03,39.6,1784239749243,1784239746458
152.06,36.6,1784239749274,1784239746486
152.10,45.6,1784239749306,1784239746527
152.13,41.6,1784239749338,1784239746555
152.17,51.6,1784239749370,1784239746597
152.20,46.6,1784239749402,1784239746624
152.21,27.6,1784239749436,1784239746639
152.27,51.6,1784239749467,1784239746694
152.31,50.6,1784239749510,1784239746736
152.32,27.6,1784239749547,1784239746750
152.36,34.6,1784239749582,1784239746792
152.39,32.6,1784239749611,1784239746819
152.43,43.6,1784239749643,1784239746862
152.46,38.6,1784239749675,1784239746889
152.49,36.6,1784239749706,1784239746918
152.63,135.2,1784239749739,1784239747057
152.63,92.2,1784239749782,1784239747057
152.63,71.2,1784239749803,1784239747057
152.63,39.2,1784239749836,1784239747058
152.67,34.2,1784239749882,1784239747099
152.70,28.2,1784239749915,1784239747126
152.73,25.2,1784239749946,1784239747154
152.78,44.2,1784239749982,1784239747209
152.80,30.2,1784239750010,1784239747223
152.84,41.2,1784239750042,1784239747266
152.88,42.2,1784239750082,1784239747307
152.92,58.2,1784239750108,1784239747349
152.94,28.2,1784239750152,1784239747363
152.96,22.2,1784239750186,1784239747391
153.01,34.2,1784239750216,1784239747433
153.03,28.2,1784239750249,1784239747460
153.07,33.2,1784239750286,1784239747502
153.10,26.2,1784239750321,1784239747530
153.13,31.2,1784239750344,1784239747558
153.17,31.2,1784239750386,1784239747600
153.20,36.2,1784239750408,1784239747627
153.24,30.2,1784239750456,1784239747669
153.27,26.2,1784239750488,1784239747697
153.30,22.2,1784239750519,1784239747724
153.34,32.2,1784239750552,1784239747767
153.37,25.2,1784239750586,1784239747794
153.40,24.2,1784239750616,1784239747823
153.44,33.2,1784239750648,1784239747864
153.49,50.2,1784239750686,1784239747919
153.49,24.2,1784239750712,1784239747919
153.55,38.2,1784239750754,1784239747975
153.58,35.2,1784239750786,1784239748004
153.60,25.2,1784239750823,1784239748031
153.65,35.2,1784239750855,1784239748073
153.67,30.2,1784239750888,1784239748101
153.70,25.2,1784239750920,1784239748128
153.73,22.2,1784239750951,1784239748156
153.77,30.2,1784239750986,1784239748199
153.81,40.2,1784239751017,1784239748240
153.87,56.2,1784239751057,1784239748296
153.88,41.2,1784239751086,1784239748310
153.91,27.2,1784239751127,1784239748337
153.94,23.2,1784239751159,1784239748365
153.98,31.2,1784239751193,1784239748407
154.01,29.2,1784239751222,1784239748434
154.04,26.2,1784239751254,1784239748463
154.08,32.2,1784239751289,1784239748504
154.11,33.2,1784239751317,1784239748533
154.16,45.2,1784239751360,1784239748588
154.20,62.2,1784239751386,1784239748631
154.22,31.2,1784239751430,1784239748644
154.38,165.2,1784239751462,1784239748810
154.38,132.2,1784239751495,1784239748810
154.38,101.2,1784239751526,1784239748810
154.38,69.2,1784239751558,1784239748810
154.38,34.2,1784239751593,1784239748810
154.41,33.2,1784239751622,1784239748838
154.44,29.2,1784239751654,1784239748866
154.50,42.2,1784239751697,1784239748922
154.54,63.2,1784239751718,1784239748964
154.55,27.1,1784239751766,1784239748977
154.58,34.1,1784239751787,1784239749005
154.62,34.1,1784239751829,1784239749047
154.65,30.1,1784239751861,1784239749075
154.69,40.1,1784239751893,1784239749117
154.72,35.1,1784239751925,1784239749144
154.75,32.1,1784239751957,1784239749173
154.79,32.1,1784239751999,1784239749215
154.84,65.1,1784239752021,1784239749270
154.87,49.1,1784239752065,1784239749298
154.89,27.1,1784239752101,1784239749312
154.91,23.1,1784239752133,1784239749340
154.96,33.1,1784239752165,1784239749382
154.98,23.1,1784239752202,1784239749409
155.02,38.1,1784239752229,1784239749451
155.05,35.1,1784239752260,1784239749479
155.11,58.1,1784239752293,1784239749535
155.12,42.1,1784239752324,1784239749550
155.15,36.1,1784239752356,1784239749576
155.21,49.1,1784239752400,1784239749633
155.22,26.1,1784239752436,1784239749646
155.26,37.1,1784239752468,1784239749689
155.29,32.1,1784239752500,1784239749716
155.32,23.1,1784239752536,1784239749743
155.36,38.1,1784239752564,1784239749786
155.41,54.1,1784239752603,1784239749841
155.44,49.1,1784239752636,1784239749869
155.46,40.1,1784239752659,1784239749883
155.51,53.1,1784239752702,1784239749939
155.53,27.1,1784239752740,1784239749951
155.55,26.1,1784239752771,1784239749981
155.58,21.1,1784239752803,1784239750008
155.62,29.1,1784239752837,1784239750050
155.65,27.1,1784239752867,1784239750078
155.69,36.1,1784239752899,1784239750119
155.72,27.1,1784239752937,1784239750148
155.75,28.1,1784239752963,1784239750175
155.79,27.1,1784239753006,1784239750217
155.85,46.1,1784239753042,1784239750272
155.86,28.1,1784239753074,1784239750286
155.89,24.1,1784239753107,1784239750315
155.93,34.1,1784239753138,1784239750356
155.96,30.1,1784239753170,1784239750384
156.01,47.1,1784239753209,1784239750440
156.03,33.1,1784239753236,1784239750453
156.05,32.1,1784239753266,1784239750482
156.10,30.1,1784239753309,1784239750523
156.12,30.1,1784239753336,1784239750550
156.15,34.1,1784239753362,1784239750580
156.19,26.1,1784239753410,1784239750620
156.22,23.1,1784239753442,1784239750649
156.26,33.1,1784239753474,1784239750691
156.29,30.1,1784239753505,1784239750719
156.35,53.1,1784239753537,1784239750774
156.36,34.1,1784239753569,1784239750787
156.42,48.1,1784239753611,1784239750843
156.43,37.1,1784239753636,1784239750857
156.46,37.1,1784239753665,1784239750886
156.50,31.1,1784239753713,1784239750928
156.53,25.4,1784239753745,1784239750955
156.56,22.4,1784239753776,1784239750983
156.60,31.4,1784239753808,1784239751024
156.65,55.4,1784239753840,1784239751080
156.65,24.4,1784239753871,1784239751080
156.71,40.4,1784239753910,1784239751135
156.74,43.4,1784239753936,1784239751164
156.76,24.4,1784239753983,1784239751192
156.79,19.4,1784239754015,1784239751219
156.83,29.4,1784239754047,1784239751261
156.86,24.4,1784239754080,1784239751289
156.89,21.4,1784239754111,1784239751317
156.93,30.4,1784239754143,1784239751358
156.96,25.4,1784239754176,1784239751386
156.99,21.4,1784239754208,1784239751414
157.04,35.4,1784239754251,1784239751471
157.07,42.4,1784239754272,1784239751499
157.13,63.4,1784239754305,1784239751553
157.14,31.4,1784239754352,1784239751568
157.18,41.4,1784239754384,1784239751610
157.21,35.4,1784239754416,1784239751636
157.24,32.4,1784239754448,1784239751665
157.28,41.4,1784239754480,1784239751706
157.31,38.4,1784239754512,1784239751735
157.35,37.4,1784239754554,1784239751776
157.38,33.4,1784239754587,1784239751805
157.41,39.4,1784239754608,1784239751832
157.46,48.4,1784239754655,1784239751888
157.47,30.4,1784239754687,1784239751902
157.50,27.4,1784239754718,1784239751930
157.54,35.4,1784239754751,1784239751971
157.57,29.4,1784239754786,1784239752000
157.60,27.4,1784239754815,1784239752027
157.64,36.4,1784239754847,1784239752068
157.70,53.4,1784239754886,1784239752124
157.70,29.4,1784239754910,1784239752124
157.75,42.4,1784239754953,1784239752180
157.79,47.4,1784239754990,1784239752222
157.81,29.4,1784239755022,1784239752236
157.84,25.4,1784239755054,1784239752264
157.88,34.4,1784239755086,1784239752305
157.91,29.4,1784239755119,1784239752333
157.93,24.4,1784239755152,1784239752361
157.98,31.4,1784239755186,1784239752402
158.00,31.4,1784239755215,1784239752431
158.05,29.4,1784239755258,1784239752472
158.07,29.4,1784239755286,1784239752500
158.12,37.4,1784239755320,1784239752542
158.14,27.4,1784239755359,1784239752571
158.17,22.4,1784239755391,1784239752598
158.37,184.4,1784239755423,1784239752792
158.37,152.4,1784239755455,1784239752792
158.37,121.4,1784239755486,1784239752792
158.37,88.4,1784239755519,1784239752792
158.37,45.4,1784239755562,1784239752792
158.38,35.4,1784239755586,1784239752806
158.44,63.4,1784239755615,1784239752863
158.45,29.4,1784239755662,1784239752876
158.48,22.4,1784239755697,1784239752904
158.51,20.4,1784239755727,1784239752932
158.55,28.1,1784239755759,1784239752973
158.59,33.1,1784239755797,1784239753016
158.62,34.1,1784239755823,1784239753043
158.64,31.1,1784239755854,1784239753071
158.69,30.1,1784239755897,1784239753113
158.85,176.1,1784239755919,1784239753281
158.85,130.1,1784239755965,1784239753281
158.85,97.1,1784239755998,1784239753281
158.85,66.1,1784239756029,1784239753281
158.85,29.1,1784239756066,1784239753281
158.88,24.1,1784239756097,1784239753307
158.91,26.1,1784239756125,1784239753337
158.95,34.1,1784239756157,1784239753377
159.01,50.1,1784239756198,1784239753434
159.02,39.1,1784239756223,1784239753448
159.05,36.1,1784239756253,1784239753475
159.09,30.1,1784239756300,1784239753516
159.12,27.1,1784239756332,1784239753545
159.15,22.1,1784239756364,1784239753572
159.19,30.1,1784239756398,1784239753614
159.24,57.1,1784239756427,1784239753670
159.24,25.1,1784239756459,1784239753670
159.29,27.1,1784239756499,1784239753712
159.33,30.1,1784239756537,1784239753753
159.35,24.1,1784239756571,1784239753781
159.38,21.1,1784239756602,1784239753809
159.42,29.1,1784239756636,1784239753851
159.61,180.1,1784239756666,1784239754032
159.61,147.1,1784239756699,1784239754032
159.61,110.1,1784239756736,1784239754032
159.61,84.1,1784239756762,1784239754032
159.61,47.1,1784239756799,1784239754032
159.62,23.1,1784239756836,1784239754045
159.66,44.1,1784239756858,1784239754088
159.72,55.1,1784239756902,1784239754143
159.72,18.1,1784239756939,1784239754143
159.76,28.1,1784239756971,1784239754185
159.79,24.1,1784239757003,1784239754213
159.95,157.1,1784239757037,1784239754380
159.95,127.1,1784239757067,1784239754380
159.95,94.1,1784239757100,1784239754380
159.95,58.1,1784239757136,1784239754380
159.95,31.1,1784239757163,1784239754380
160.01,44.1,1784239757206,1784239754436
160.02,28.1,1784239757236,1784239754450
160.05,17.1,1784239757275,1784239754478
160.09,26.1,1784239757307,1784239754519
160.13,36.1,1784239757339,1784239754561
160.15,19.1,1784239757370,1784239754575
160.19,28.1,1784239757402,1784239754616
160.23,35.1,1784239757436,1784239754657
160.25,20.1,1784239757466,1784239754672
160.30,34.1,1784239757508,1784239754728
160.47,173.1,1784239757536,1784239754895
160.47,131.1,1784239757578,1784239754895
160.47,99.1,1784239757610,1784239754895
160.47,68.1,1784239757641,1784239754895
160.47,36.1,1784239757673,1784239754895
160.50,31.1,1784239757705,1784239754922
160.54,41.1,1784239757737,1784239754964
160.73,205.9,1784239757768,1784239755160
160.73,162.9,1784239757811,1784239755160
160.73,137.9,1784239757836,1784239755160
160.73,109.9,1784239757864,1784239755160
160.73,62.9,1784239757912,1784239755161
160.73,30.9,1784239757944,1784239755161
160.76,25.9,1784239757976,1784239755188
160.79,19.9,1784239758010,1784239755216
160.82,16.9,1784239758040,1784239755243
160.86,26.9,1784239758072,1784239755285
160.90,37.9,1784239758103,1784239755327
160.96,46.9,1784239758149,1784239755382
160.97,28.9,1784239758182,1784239755397
161.00,23.9,1784239758214,1784239755424
161.04,32.9,1784239758247,1784239755466
161.07,27.9,1784239758280,1784239755494
161.09,24.9,1784239758310,1784239755521
161.15,48.9,1784239758342,1784239755577
161.17,31.9,1784239758374,1784239755592
161.19,26.9,1784239758406,1784239755619
161.25,39.9,1784239758449,1784239755675
161.25,18.9,1784239758470,1784239755675
161.30,39.9,1784239758504,1784239755730
161.35,34.9,1784239758550,1784239755771
161.39,46.9,1784239758581,1784239755814
161.40,28.9,1784239758613,1784239755828
161.43,22.9,1784239758646,1784239755855
161.49,47.9,1784239758677,1784239755911
161.50,29.9,1784239758709,1784239755925
161.54,30.9,1784239758751,1784239755968
161.57,35.9,1784239758773,1784239755995
161.62,59.9,1784239758804,1784239756050
161.64,25.9,1784239758853,1784239756065
161.68,34.9,1784239758885,1784239756106
161.71,30.9,1784239758917,1784239756134
161.74,27.9,1784239758948,1784239756162
161.78,31.9,1784239758986,1784239756204
161.81,33.9,1784239759012,1784239756232
161.85,32.9,1784239759054,1784239756273
161.87,28.9,1784239759086,1784239756301
161.90,20.9,1784239759123,1784239756330
161.94,29.9,1784239759155,1784239756371
161.97,25.9,1784239759187,1784239756399
162.00,21.9,1784239759219,1784239756427
162.04,25.9,1784239759256,1784239756468
162.07,23.9,1784239759287,1784239756497
162.11,33.9,1784239759318,1784239756538
162.28,171.9,1784239759348,1784239756706
162.28,133.9,1784239759386,1784239756706
162.28,97.9,1784239759422,1784239756706
162.28,59.9,1784239759460,1784239756706
162.28,27.9,1784239759492,1784239756706
162.31,24.9,1784239759523,1784239756734
162.35,29.9,1784239759558,1784239756774
162.38,29.9,1784239759587,1784239756803
162.40,26.9,1784239759618,1784239756831
162.45,35.9,1784239759651,1784239756873
162.47,27.9,1784239759686,1784239756900
162.53,53.9,1784239759715,1784239756955
162.54,24.0,1784239759758,1784239756970
162.59,29.0,1784239759795,1784239757012
162.61,25.0,1784239759827,1784239757040
162.64,21.0,1784239759858,1784239757067
162.68,29.0,1784239759891,1784239757108
162.71,25.0,1784239759923,1784239757136
162.74,24.0,1784239759954,1784239757166
162.79,36.0,1784239759996,1784239757220
162.81,27.0,1784239760019,1784239757234
162.86,39.0,1784239760062,1784239757289
162.88,29.0,1784239760086,1784239757303
162.92,27.0,1784239760131,1784239757346
162.95,22.0,1784239760162,1784239757372
162.97,18.0,1784239760194,1784239757400
163.02,29.0,1784239760226,1784239757443
163.04,25.0,1784239760258,1784239757471
163.10,48.0,1784239760290,1784239757526
163.13,38.0,1784239760328,1784239757554
163.16,41.0,1784239760354,1784239757583
163.20,39.0,1784239760397,1784239757624
163.21,32.0,1784239760418,1784239757638
163.25,27.0,1784239760466,1784239757681
163.28,22.0,1784239760498,1784239757708
163.34,45.0,1784239760530,1784239757763
163.35,21.0,1784239760567,1784239757776
163.38,22.0,1784239760594,1784239757804
163.43,46.0,1784239760626,1784239757860
163.45,29.0,1784239760658,1784239757875
163.50,42.0,1784239760701,1784239757931
163.50,22.0,1784239760721,1784239757931
163.56,30.0,1784239760768,1784239757986
163.59,26.0,1784239760800,1784239758014
163.61,17.0,1784239760836,1784239758041
163.64,16.0,1784239760865,1784239758069
163.68,26.0,1784239760897,1784239758111
163.74,43.0,1784239760936,1784239758167
163.74,18.0,1784239760961,1784239758167
163.80,29.0,1784239761005,1784239758222
163.84,40.0,1784239761036,1784239758264
163.85,17.0,1784239761073,1784239758278
163.89,28.0,1784239761104,1784239758320
163.92,23.0,1784239761137,1784239758348
163.96,33.0,1784239761169,1784239758390
164.01,43.0,1784239761201,1784239758432
164.02,21.0,1784239761237,1784239758446
164.06,35.0,1784239761265,1784239758488
164.10,44.0,1784239761297,1784239758529
164.13,32.0,1784239761336,1784239758556
164.16,35.0,1784239761361,1784239758584
164.21,49.0,1784239761404,1784239758641
164.23,31.0,1784239761436,1784239758655
164.26,22.0,1784239761472,1784239758682
164.30,27.0,1784239761508,1784239758723
164.32,26.0,1784239761537,1784239758751
164.37,32.0,1784239761574,1784239758794
164.41,39.0,1784239761608,1784239758835
164.42,26.0,1784239761636,1784239758850
164.46,38.0,1784239761665,1784239758891
164.51,36.0,1784239761709,1784239758933
164.52,23.0,1784239761736,1784239758947
164.56,38.0,1784239761762,1784239758988
164.59,19.0,1784239761809,1784239759016
164.63,28.0,1784239761842,1784239759058
164.66,24.0,1784239761873,1784239759085
164.70,30.0,1784239761910,1784239759128
164.74,44.0,1784239761937,1784239759169
164.76,27.0,1784239761969,1784239759184
164.80,26.0,1784239762010,1784239759224
164.83,28.0,1784239762036,1784239759252
164.87,26.0,1784239762081,1784239759295
164.90,24.0,1784239762110,1784239759322
164.92,17.0,1784239762146,1784239759351
164.96,27.0,1784239762177,1784239759392
164.99,21.0,1784239762210,1784239759419
165.03,32.0,1784239762241,1784239759461
165.06,29.0,1784239762273,1784239759490
165.09,19.0,1784239762310,1784239759517
165.13,24.0,1784239762347,1784239759559
165.17,44.0,1784239762369,1784239759601
165.20,31.0,1784239762411,1784239759630
165.23,20.0,1784239762448,1784239759656
165.29,44.0,1784239762480,1784239759712
165.30,26.0,1784239762512,1784239759726
165.33,21.0,1784239762545,1784239759754
165.52,181.0,1784239762580,1784239759949
165.52,150.0,1784239762611,1784239759949
165.52,110.0,1784239762651,1784239759949
165.52,89.0,1784239762672,1784239759949
165.52,50.0,1784239762711,1784239759949
165.55,37.0,1784239762752,1784239759977
165.56,17.0,1784239762786,1784239759991
165.61,29.0,1784239762816,1784239760033
165.63,24.0,1784239762849,1784239760061
165.69,42.0,1784239762886,1784239760116
165.70,30.0,1784239762912,1784239760130
165.76,54.0,1784239762944,1784239760186
165.77,26.0,1784239762986,1784239760200
165.80,27.0,1784239763012,1784239760227
165.86,43.0,1784239763052,1784239760283
165.87,21.0,1784239763087,1784239760296
165.90,18.0,1784239763119,1784239760325
165.94,27.0,1784239763152,1784239760367
165.97,21.0,1784239763186,1784239760395
166.00,19.0,1784239763215,1784239760422
166.04,28.0,1784239763248,1784239760464
166.09,45.0,1784239763286,1784239760519
166.09,18.0,1784239763313,1784239760519
166.15,33.0,1784239763354,1784239760575
166.18,24.0,1784239763391,1784239760603
166.20,20.0,1784239763423,1784239760631
166.37,156.0,1784239763455,1784239760799
166.37,124.0,1784239763487,1784239760799
166.37,92.0,1784239763519,1784239760799
166.37,59.0,1784239763552,1784239760799
166.37,24.0,1784239763587,1784239760799
166.40,23.0,1784239763615,1784239760826
166.58,162.0,1784239763657,1784239761007
166.58,133.0,1784239763686,1784239761007
166.58,105.0,1784239763714,1784239761007
166.58,58.2,1784239763759,1784239761007
166.58,25.2,1784239763792,1784239761007
166.61,22.2,1784239763823,1784239761035
166.65,31.2,1784239763855,1784239761076
166.68,27.2,1784239763888,1784239761105
166.71,22.2,1784239763920,1784239761132
166.76,49.2,1784239763951,1784239761190
166.76,14.2,1784239763986,1784239761190
166.80,24.2,1784239764016,1784239761230
166.86,35.2,1784239764060,1784239761285
166.90,51.2,1784239764086,1784239761327
166.91,23.2,1784239764128,1784239761341
166.94,19.2,1784239764160,1784239761369
166.98,29.2,1784239764192,1784239761411
167.01,24.2,1784239764224,1784239761438
167.04,21.2,1784239764255,1784239761466
167.10,46.2,1784239764287,1784239761523
167.10,15.2,1784239764318,1784239761523
167.15,25.2,1784239764362,1784239761577
167.18,17.2,1784239764399,1784239761606
167.22,26.2,1784239764431,1784239761647
167.25,22.2,1784239764463,1784239761675
167.28,18.2,1784239764495,1784239761703
167.32,27.2,1784239764527,1784239761744
167.35,23.2,1784239764559,1784239761772
167.39,31.2,1784239764594,1784239761815
167.42,29.2,1784239764623,1784239761842
167.44,25.2,1784239764655,1784239761870
167.49,25.2,1784239764697,1784239761912
167.51,32.2,1784239764718,1784239761940
167.56,26.2,1784239764766,1784239761982
167.58,19.2,1784239764800,1784239762009
167.62,30.2,1784239764831,1784239762051
167.65,26.2,1784239764863,1784239762079
167.68,23.2,1784239764895,1784239762108
167.72,32.2,1784239764927,1784239762149
167.75,27.2,1784239764959,1784239762176
167.79,26.2,1784239765002,1784239762218
167.82,33.2,1784239765024,1784239762247
167.88,47.2,1784239765065,1784239762302
167.89,23.2,1784239765104,1784239762317
167.92,17.2,1784239765137,1784239762344
167.96,29.2,1784239765167,1784239762386
167.99,24.2,1784239765200,1784239762414
168.04,42.2,1784239765237,1784239762469
168.06,30.2,1784239765263,1784239762483
168.24,179.2,1784239765296,1784239762665
168.24,138.2,1784239765337,1784239762665
168.24,116.2,1784239765359,1784239762665
168.24,73.2,1784239765402,1784239762665
168.24,36.2,1784239765439,1784239762665
168.25,18.2,1784239765470,1784239762678
168.29,28.2,1784239765502,1784239762720
168.32,22.2,1784239765536,1784239762748
168.35,19.2,1784239765566,1784239762775
168.40,39.2,1784239765602,1784239762831
168.42,19.2,1784239765637,1784239762846
168.45,21.2,1784239765662,1784239762873
168.49,21.2,1784239765705,1784239762916
168.54,37.2,1784239765743,1784239762970
168.56,35.2,1784239765759,1784239762984
168.59,17.0,1784239765806,1784239763012
168.63,26.0,1784239765838,1784239763053
168.65,23.0,1784239765870,1784239763082
168.71,46.0,1784239765902,1784239763137
168.72,26.0,1784239765936,1784239763151
168.75,23.0,1784239765967,1784239763179
168.81,36.0,1784239766010,1784239763235
168.81,10.0,1784239766036,1784239763235
168.88,43.0,1784239766072,1784239763304
168.92,50.0,1784239766107,1784239763346
168.93,27.0,1784239766144,1784239763360
168.96,23.0,1784239766176,1784239763388
168.99,18.0,1784239766208,1784239763415
169.02,14.0,1784239766241,1784239763444
169.06,24.0,1784239766273,1784239763486
169.09,20.0,1784239766305,1784239763514
169.11,15.0,1784239766337,1784239763541
169.16,26.0,1784239766368,1784239763583
169.20,24.0,1784239766411,1784239763624
169.23,15.0,1784239766448,1784239763652
169.27,26.0,1784239766480,1784239763695
169.30,21.0,1784239766512,1784239763722
169.32,19.0,1784239766543,1784239763751
169.50,167.0,1784239766575,1784239763931
169.50,130.0,1784239766612,1784239763931
169.51,103.0,1784239766640,1784239763932
169.51,72.0,1784239766671,1784239763932
169.51,40.0,1784239766703,1784239763932
169.53,32.0,1784239766738,1784239763959
169.56,14.0,1784239766783,1784239763986
169.60,26.0,1784239766815,1784239764030
169.63,20.0,1784239766847,1784239764056
169.69,44.0,1784239766879,1784239764112
169.70,25.0,1784239766912,1784239764126
169.73,22.0,1784239766943,1784239764154
169.78,45.0,1784239766975,1784239764209
169.80,28.0,1784239767007,1784239764224
169.96,151.0,1784239767050,1784239764390
169.96,113.0,1784239767088,1784239764390
169.96,82.0,1784239767119,1784239764390
169.96,50.0,1784239767151,1784239764390
169.96,15.0,1784239767186,1784239764390
170.01,28.0,1784239767215,1784239764432
170.03,24.0,1784239767247,1784239764460
170.08,26.0,1784239767287,1784239764502
170.10,28.0,1784239767313,1784239764530
170.31,195.0,1784239767354,1784239764738
170.31,163.0,1784239767386,1784239764738
170.31,142.0,1784239767407,1784239764738
170.31,95.0,1784239767454,1784239764738
170.31,62.0,1784239767487,1784239764738
170.31,27.0,1784239767522,1784239764738
170.34,27.0,1784239767551,1784239764767
170.37,19.0,1784239767586,1784239764794
170.41,24.0,1784239767623,1784239764836
170.46,46.0,1784239767657,1784239764892
170.49,44.0,1784239767686,1784239764919
170.51,21.0,1784239767723,1784239764933
170.56,47.0,1784239767753,1784239764989
170.58,21.6,1784239767791,1784239765003
170.74,156.6,1784239767823,1784239765170
170.74,125.6,1784239767854,1784239765170
170.74,92.6,1784239767887,1784239765170
170.74,56.6,1784239767923,1784239765170
170.74,28.6,1784239767951,1784239765170
170.77,19.6,1784239767988,1784239765198
170.81,26.6,1784239768023,1784239765240
170.84,19.6,1784239768057,1784239765267
170.88,24.6,1784239768094,1784239765309
170.92,33.6,1784239768127,1784239765351
170.94,14.6,1784239768160,1784239765365
170.98,24.6,1784239768192,1784239765407
171.01,20.6,1784239768223,1784239765434
171.04,17.6,1784239768255,1784239765463
171.09,40.6,1784239768287,1784239765518
171.11,18.6,1784239768323,1784239765532
171.16,35.6,1784239768361,1784239765587
171.17,24.6,1784239768386,1784239765601
171.22,23.6,1784239768430,1784239765644
171.24,19.6,1784239768461,1784239765671
171.27,15.6,1784239768493,1784239765699
171.31,25.6,1784239768524,1784239765740
171.34,23.6,1784239768556,1784239765770
171.40,35.6,1784239768599,1784239765825
171.41,24.6,1784239768624,1784239765839
171.47,51.6,1784239768652,1784239765894
171.48,17.6,1784239768700,1784239765908
171.51,14.6,1784239768731,1784239765936
171.55,24.6,1784239768763,1784239765978
171.58,20.6,1784239768795,1784239766006
171.61,15.6,1784239768827,1784239766033
171.65,25.6,1784239768859,1784239766075
171.70,49.6,1784239768891,1784239766131
171.72,28.6,1784239768925,1784239766144
171.76,31.6,1784239768965,1784239766187
171.80,40.6,1784239768997,1784239766228
171.84,45.6,1784239769034,1784239766270
171.84,12.6,1784239769067,1784239766270
171.88,22.6,1784239769099,1784239766312
171.91,18.6,1784239769131,1784239766340
171.94,13.6,1784239769163,1784239766367
171.98,23.6,1784239769195,1784239766409
172.04,51.6,1784239769227,1784239766469
172.04,19.6,1784239769259,1784239766469
172.08,19.6,1784239769301,1784239766511
172.14,40.6,1784239769337,1784239766568
172.17,31.6,1784239769370,1784239766592
172.18,14.6,1784239769402,1784239766607
172.23,32.6,1784239769437,1784239766660
172.26,30.6,1784239769466,1784239766687
172.29,27.6,1784239769498,1784239766716
172.33,30.6,1784239769536,1784239766757
172.36,32.6,1784239769562,1784239766785
172.41,45.6,1784239769605,1784239766841
172.41,14.6,1784239769636,1784239766841
172.46,33.6,1784239769658,1784239766882
172.48,13.6,1784239769706,1784239766910
172.53,22.6,1784239769739,1784239766952
172.55,19.6,1784239769770,1784239766980
172.60,29.7,1784239769802,1784239767022
172.62,22.7,1784239769836,1784239767049
172.65,23.7,1784239769865,1784239767079
172.71,45.7,1784239769897,1784239767133
172.72,20.7,1784239769936,1784239767147
172.76,37.7,1784239769961,1784239767189
172.80,31.7,1784239770009,1784239767231
172.82,13.7,1784239770041,1784239767245
172.86,21.7,1784239770074,1784239767286
172.89,19.7,1784239770105,1784239767315
172.93,28.7,1784239770137,1784239767356
172.96,23.7,1784239770169,1784239767383
173.00,33.7,1784239770202,1784239767426
173.03,27.7,1784239770236,1784239767454
173.05,24.7,1784239770266,1784239767481
173.10,24.7,1784239770308,1784239767523
173.14,38.7,1784239770336,1784239767565
173.17,25.7,1784239770377,1784239767593
173.19,21.7,1784239770409,1784239767621
173.36,155.7,1784239770441,1784239767787
173.36,124.7,1784239770472,1784239767787
173.36,92.7,1784239770504,1784239767787
173.36,60.7,1784239770536,1784239767787
173.36,28.7,1784239770568,1784239767787
173.42,41.7,1784239770611,1784239767843
173.43,31.7,1784239770636,1784239767858
173.46,15.7,1784239770679,1784239767885
173.50,24.7,1784239770711,1784239767926
173.53,19.7,1784239770744,1784239767954
173.56,16.7,1784239770775,1784239767982
173.60,27.7,1784239770807,1784239768025
173.65,49.7,1784239770840,1784239768080
173.67,32.7,1784239770871,1784239768094
173.69,21.7,1784239770910,1784239768122
173.74,37.7,1784239770936,1784239768164
173.76,17.7,1784239770983,1784239768191
173.79,14.7,1784239771015,1784239768220
173.84,23.7,1784239771048,1784239768262
173.86,19.7,1784239771079,1784239768289
173.90,29.7,1784239771111,1784239768331
173.93,24.7,1784239771144,1784239768359
173.96,20.7,1784239771175,1784239768386
174.00,30.7,1784239771208,1784239768429
174.06,43.7,1784239771250,1784239768484
174.09,49.7,1784239771272,1784239768512
174.10,31.7,1784239771304,1784239768526
174.15,38.7,1784239771352,1784239768581
174.17,18.7,1784239771386,1784239768595
174.20,16.7,1784239771416,1784239768623
174.24,25.7,1784239771449,1784239768665
174.29,43.7,1784239771486,1784239768720
174.29,17.7,1784239771512,1784239768720
174.35,31.7,1784239771554,1784239768776
174.36,12.7,1784239771587,1784239768790
174.39,19.7,1784239771607,1784239768817
174.43,14.7,1784239771655,1784239768860
174.48,23.7,1784239771688,1784239768902
174.50,20.7,1784239771719,1784239768930
174.53,15.7,1784239771751,1784239768957
174.57,22.1,1784239771786,1784239768999
174.60,20.1,1784239771815,1784239769026
174.66,44.1,1784239771848,1784239769083
174.67,20.1,1784239771886,1784239769097
174.71,34.1,1784239771912,1784239769137
174.75,35.1,1784239771954,1784239769180
174.77,17.1,1784239771986,1784239769194
174.81,21.1,1784239772024,1784239769236
174.84,19.1,1784239772054,1784239769264
174.86,13.1,1784239772087,1784239769291
174.91,23.1,1784239772119,1784239769333
174.93,18.1,1784239772152,1784239769361
174.96,12.1,1784239772186,1784239769389
175.00,25.1,1784239772215,1784239769431
175.06,37.1,1784239772258,1784239769486
175.10,51.1,1784239772286,1784239769528
175.12,40.1,1784239772311,1784239769542
175.14,20.1,1784239772359,1784239769570
175.17,15.1,1784239772392,1784239769598
175.21,25.1,1784239772423,1784239769639
175.26,34.1,1784239772457,1784239769682
175.28,30.1,1784239772487,1784239769708
175.31,28.1,1784239772518,1784239769737
175.35,27.1,1784239772561,1784239769779
175.38,28.1,1784239772587,1784239769806
175.39,16.1,1784239772613,1784239769820
175.45,24.1,1784239772661,1784239769876
175.48,20.1,1784239772693,1784239769904
175.53,44.1,1784239772725,1784239769960
175.55,25.1,1784239772757,1784239769973
175.59,35.1,1784239772789,1784239770015
175.62,31.1,1784239772821,1784239770043
175.63,14.1,1784239772852,1784239770057
175.67,21.1,1784239772887,1784239770099
175.71,16.1,1784239772933,1784239770140
175.74,13.1,1784239772964,1784239770168
175.78,23.1,1784239772996,1784239770210
175.81,14.1,1784239773033,1784239770238
175.85,25.1,1784239773065,1784239770281
175.88,21.1,1784239773096,1784239770308
175.92,26.1,1784239773133,1784239770350
175.95,30.1,1784239773156,1784239770377
176.01,45.1,1784239773197,1784239770433
176.02,21.1,1784239773235,1784239770447
176.05,14.1,1784239773269,1784239770474
176.09,28.1,1784239773298,1784239770517
176.13,33.1,1784239773334,1784239770558
176.15,19.1,1784239773362,1784239770572
176.19,28.1,1784239773395,1784239770614
176.24,44.1,1784239773434,1784239770669
176.26,35.1,1784239773458,1784239770684
176.30,35.1,1784239773500,1784239770726
176.34,43.1,1784239773534,1784239770768
176.35,20.1,1784239773570,1784239770781
176.38,16.1,1784239773602,1784239770809
176.44,38.1,1784239773636,1784239770865
176.45,22.1,1784239773666,1784239770879
176.49,30.1,1784239773699,1784239770920
176.52,22.1,1784239773736,1784239770949
176.55,21.1,1784239773763,1784239770975
176.74,183.5,1784239773795,1784239771170
176.74,141.5,1784239773837,1784239771170
176.74,120.5,1784239773858,1784239771170
176.74,72.5,1784239773906,1784239771170
176.74,40.5,1784239773938,1784239771170
176.76,22.5,1784239773972,1784239771186
176.79,14.5,1784239774007,1784239771213
176.84,36.5,1784239774040,1784239771268
176.86,19.5,1784239774072,1784239771283
176.88,19.5,1784239774099,1784239771310
176.92,20.5,1784239774139,1784239771351
176.95,26.5,1784239774162,1784239771380
176.98,11.5,1784239774205,1784239771408
177.02,20.5,1784239774237,1784239771449
177.05,12.5,1784239774274,1784239771478
177.09,21.5,1784239774305,1784239771518
177.15,41.5,1784239774341,1784239771574
177.15,9.5,1784239774373,1784239771574
177.19,22.5,1784239774402,1784239771616
177.24,38.5,1784239774442,1784239771672
177.26,28.5,1784239774466,1784239771686
177.30,27.5,1784239774508,1784239771727
177.32,10.5,1784239774540,1784239771742
177.37,33.5,1784239774572,1784239771797
177.39,11.5,1784239774609,1784239771812
177.43,18.5,1784239774643,1784239771853
177.48,43.5,1784239774673,1784239771908
177.48,8.5,1784239774709,1784239771909
177.54,30.5,1784239774743,1784239771965
177.55,9.5,1784239774777,1784239771978
177.61,31.5,1784239774811,1784239772034
177.62,11.5,1784239774845,1784239772048
177.68,32.5,1784239774879,1784239772103
177.69,14.5,1784239774911,1784239772117
177.72,9.5,1784239774945,1784239772146
177.77,30.5,1784239774980,1784239772202
177.79,17.5,1784239775006,1784239772215
177.84,41.5,1784239775039,1784239772272
177.87,26.5,1784239775080,1784239772298
177.91,35.5,1784239775113,1784239772340
177.96,50.5,1784239775140,1784239772382
177.97,24.5,1784239775181,1784239772397
178.00,18.5,1784239775214,1784239772424
178.02,15.5,1784239775245,1784239772452
178.07,18.5,1784239775283,1784239772493
178.09,14.5,1784239775316,1784239772522
178.15,34.5,1784239775351,1784239772577
178.15,11.5,1784239775374,1784239772577
178.19,22.5,1784239775405,1784239772619
178.25,36.5,1784239775448,1784239772676
178.28,25.5,1784239775485,1784239772702
178.30,21.5,1784239775518,1784239772731
178.33,17.5,1784239775550,1784239772759
178.36,10.5,1784239775584,1784239772786
178.40,21.5,1784239775614,1784239772827
178.43,18.5,1784239775646,1784239772856
178.47,19.5,1784239775687,1784239772898
178.53,41.5,1784239775719,1784239772952
178.55,37.5,1784239775752,1784239772981
178.57,17.5,1784239775786,1784239772995
178.61,26.4,1784239775820,1784239773037
178.65,36.4,1784239775853,1784239773080
178.66,15.4,1784239775886,1784239773092
178.71,23.4,1784239775920,1784239773134
178.73,16.4,1784239775954,1784239773161
178.79,39.4,1784239775987,1784239773217
178.82,33.4,1784239776021,1784239773245
178.83,15.4,1784239776054,1784239773260
178.87,24.4,1784239776086,1784239773301
178.90,16.4,1784239776122,1784239773329
178.96,36.4,1784239776157,1784239773384
178.97,18.4,1784239776190,1784239773399
179.00,13.4,1784239776222,1784239773426
179.04,23.4,1784239776254,1784239773468
179.10,46.4,1784239776287,1784239773524
179.10,15.4,1784239776318,1784239773524
179.15,31.4,1784239776357,1784239773579
179.17,17.4,1784239776386,1784239773594
179.21,19.4,1784239776425,1784239773635
179.25,28.4,1784239776458,1784239773677
179.28,21.4,1784239776493,1784239773705
179.31,17.4,1784239776525,1784239773733
179.33,13.4,1784239776557,1784239773761
179.39,34.4,1784239776591,1784239773816
179.57,186.4,1784239776620,1784239773997
179.57,154.4,1784239776652,1784239773997
179.57,113.4,1784239776693,1784239773997
179.57,81.4,1784239776726,1784239773998
179.57,46.4,1784239776761,1784239773998
179.58,26.4,1784239776794,1784239774011
179.61,19.4,1784239776829,1784239774039
179.64,15.4,1784239776861,1784239774067
179.67,9.4,1784239776895,1784239774095
179.71,16.4,1784239776930,1784239774137
179.77,43.4,1784239776959,1784239774193
179.79,32.4,1784239776997,1784239774220
179.81,14.4,1784239777029,1784239774234
179.86,33.4,1784239777065,1784239774289
179.88,27.4,1784239777086,1784239774304
179.92,23.4,1784239777132,1784239774346
179.95,18.4,1784239777163,1784239774372
179.97,15.4,1784239777196,1784239774402
180.02,23.4,1784239777228,1784239774442
180.06,27.4,1784239777266,1784239774484
180.10,38.4,1784239777298,1784239774527
180.14,44.4,1784239777332,1784239774567
180.16,25.4,1784239777365,1784239774581
180.20,33.4,1784239777399,1784239774623
180.24,42.4,1784239777432,1784239774665
180.25,21.4,1784239777468,1784239774680
180.28,17.4,1784239777499,1784239774707
180.32,28.4,1784239777530,1784239774749
180.35,26.4,1784239777562,1784239774779
180.39,27.4,1784239777601,1784239774819
180.43,43.4,1784239777626,1784239774860
180.45,22.4,1784239777661,1784239774874
180.49,26.4,1784239777700,1784239774917
180.52,16.4,1784239777737,1784239774944
180.57,55.4,1784239777753,1784239774999
180.59,21.4,1784239777802,1784239775014
180.63,30.7,1784239777836,1784239775056
180.66,27.7,1784239777866,1784239775083
180.68,19.7,1784239777903,1784239775112
180.73,26.7,1784239777936,1784239775152
180.75,30.7,1784239777962,1784239775182
180.78,14.7,1784239778004,1784239775208
180.82,21.7,1784239778039,1784239775250
180.85,15.7,1784239778074,1784239775279
180.91,38.7,1784239778106,1784239775334
180.92,20.7,1784239778139,1784239775349
180.95,13.7,1784239778172,1784239775375
180.98,14.7,1784239778200,1784239775404
181.02,20.7,1784239778236,1784239775446
181.06,25.7,1784239778272,1784239775487
181.12,44.7,1784239778309,1784239775543
181.13,30.7,1784239778337,1784239775557
181.16,20.7,1784239778375,1784239775585
181.19,15.7,1784239778407,1784239775612
181.23,23.7,1784239778441,1784239775654
181.26,19.7,1784239778473,1784239775682
181.30,25.7,1784239778509,1784239775724
181.32,21.7,1784239778541,1784239775752
181.37,37.7,1784239778566,1784239775793
181.41,36.7,1784239778609,1784239775835
181.42,18.7,1784239778641,1784239775849
181.48,40.7,1784239778675,1784239775905
181.49,18.7,1784239778710,1784239775918
181.52,13.7,1784239778744,1784239775947
181.58,36.7,1784239778776,1784239776002
181.62,47.7,1784239778806,1784239776043
181.62,10.7,1784239778843,1784239776043
181.67,40.7,1784239778870,1784239776100
181.71,41.7,1784239778910,1784239776141
181.73,28.7,1784239778937,1784239776155
181.77,30.7,1784239778977,1784239776197
181.80,26.7,1784239779009,1784239776225
181.83,17.7,1784239779046,1784239776253
181.85,10.7,1784239779081,1784239776281
181.90,21.7,1784239779112,1784239776323
181.94,32.7,1784239779142,1784239776364
181.97,24.7,1784239779178,1784239776392
182.01,32.7,1784239779212,1784239776434
182.04,23.7,1784239779249,1784239776462
182.06,22.7,1784239779278,1784239776490
182.10,26.7,1784239779316,1784239776532
182.13,20.7,1784239779349,1784239776559
182.16,16.7,1784239779380,1784239776586
182.19,11.7,1784239779414,1784239776615
182.23,20.7,1784239779447,1784239776657
182.26,13.7,1784239779481,1784239776684
182.30,21.7,1784239779515,1784239776726
182.34,28.7,1784239779549,1784239776767
182.36,22.7,1784239779571,1784239776783
182.42,47.7,1784239779615,1784239776852
182.42,12.7,1784239779650,1784239776852
182.47,21.7,1784239779682,1784239776893
182.49,15.7,1784239779716,1784239776921
182.55,37.7,1784239779750,1784239776977
182.58,31.7,1784239779784,1784239777005
182.59,12.1,1784239779817,1784239777019
182.65,35.1,1784239779850,1784239777075
182.66,13.1,1784239779885,1784239777088
182.70,22.1,1784239779918,1784239777130
182.74,27.1,1784239779955,1784239777172
182.79,38.1,1784239779986,1784239777214
182.81,33.1,1784239780019,1784239777242
182.86,40.1,1784239780053,1784239777283
182.88,36.1,1784239780086,1784239777312
182.90,26.1,1784239780109,1784239777325
182.95,39.1,1784239780152,1784239777381
182.97,14.1,1784239780190,1784239777394
183.02,40.1,1784239780220,1784239777450
183.06,45.1,1784239780257,1784239777492
183.07,16.1,1784239780286,1784239777492
183.11,27.1,1784239780317,1784239777534
183.16,42.1,1784239780357,1784239777589
183.18,27.1,1784239780386,1784239777603
183.21,28.1,1784239780414,1784239777632
183.26,45.1,1784239780452,1784239777687
183.27,24.1,1784239780486,1784239777700
183.32,27.1,1784239780525,1784239777742
183.34,21.1,1784239780559,1784239777770
183.37,20.1,1784239780589,1784239777799
183.41,27.1,1784239780624,1784239777841
183.44,26.1,1784239780652,1784239777868
183.50,36.1,1784239780697,1784239777923
183.51,15.1,1784239780732,1784239777937
183.57,36.1,1784239780767,1784239777993
183.59,35.1,1784239780795,1784239778020
183.62,29.1,1784239780830,1784239778049
183.65,25.1,1784239780863,1784239778078
183.68,16.1,1784239780898,1784239778104
183.71,18.1,1784239780926,1784239778134
183.75,26.1,1784239780959,1784239778175
183.77,19.1,1784239780993,1784239778202
183.82,25.1,1784239781030,1784239778245
183.84,17.1,1784239781064,1784239778271
183.89,30.1,1784239781094,1784239778314
183.93,39.1,1784239781126,1784239778355
183.94,21.1,1784239781158,1784239778369
183.97,14.1,1784239781193,1784239778397
184.04,49.1,1784239781228,1784239778467
184.04,15.1,1784239781262,1784239778467
184.08,23.1,1784239781296,1784239778509
184.14,46.1,1784239781329,1784239778565
184.15,23.1,1784239781365,1784239778578
184.18,19.1,1784239781397,1784239778606
184.21,12.1,1784239781431,1784239778633
184.40,177.1,1784239781463,1784239778830
184.40,143.1,1784239781497,1784239778830
184.40,113.1,1784239781527,1784239778830
184.40,83.1,1784239781557,1784239778830
184.40,40.1,1784239781600,1784239778830
184.42,31.1,1784239781621,1784239778842
184.44,25.1,1784239781655,1784239778870
184.49,22.1,1784239781701,1784239778913
184.51,16.1,1784239781733,1784239778939
184.57,36.1,1784239781769,1784239778995
184.58,19.1,1784239781801,1784239779010
184.61,19.1,1784239781829,1784239779038
184.67,42.1,1784239781861,1784239779093
184.68,21.1,1784239781896,1784239779107
184.72,34.1,1784239781925,1784239779149
184.75,30.1,1784239781956,1784239779176
184.79,24.1,1784239782004,1784239779218
184.82,20.1,1784239782036,1784239779246
184.85,16.1,1784239782068,1784239779274
184.87,12.1,1784239782099,1784239779301
184.92,18.1,1784239782136,1784239779344
184.94,16.1,1784239782165,1784239779371
185.00,34.1,1784239782203,1784239779427
185.04,43.1,1784239782236,1784239779469
185.06,34.1,1784239782259,1784239779483
185.08,16.1,1784239782304,1784239779510
185.14,38.1,1784239782337,1784239779565
185.15,17.1,1784239782373,1784239779580
185.18,15.1,1784239782403,1784239779608
185.22,24.1,1784239782436,1784239779650
185.25,20.1,1784239782467,1784239779677
185.28,17.1,1784239782499,1784239779706
185.46,160.1,1784239782536,1784239779886
185.46,134.1,1784239782562,1784239779886
185.46,91.1,1784239782605,1784239779886
185.46,55.1,1784239782641,1784239779886
185.46,22.1,1784239782674,1784239779886
185.49,19.1,1784239782706,1784239779915
185.52,13.1,1784239782738,1784239779941
185.56,24.1,1784239782770,1784239779984
185.59,20.1,1784239782802,1784239780012
185.61,14.1,1784239782836,1784239780040
185.65,25.1,1784239782866,1784239780081
185.71,48.1,1784239782898,1784239780136
185.74,40.1,1784239782936,1784239780166
185.74,14.1,1784239782962,1784239780166
185.81,39.1,1784239783005,1784239780234
185.85,44.1,1784239783043,1784239780277
185.85,12.1,1784239783075,1784239780277
185.91,34.1,1784239783108,1784239780332
185.92,17.1,1784239783139,1784239780346
185.95,12.1,1784239783171,1784239780373
185.99,24.1,1784239783202,1784239780416
186.03,31.1,1784239783236,1784239780457
186.09,58.1,1784239783266,1784239780514
186.10,24.1,1784239783314,1784239780528
186.13,18.1,1784239783347,1784239780555
186.16,16.1,1784239783377,1784239780583
186.20,26.1,1784239783409,1784239780625
186.23,20.1,1784239783442,1784239780652
186.27,30.1,1784239783474,1784239780694
186.30,26.1,1784239783506,1784239780722
186.34,25.1,1784239783549,1784239780764
186.36,33.1,1784239783569,1784239780792
186.41,31.1,1784239783612,1784239780833
186.43,21.1,1784239783650,1784239780861
186.46,18.1,1784239783681,1784239780889
186.50,28.1,1784239783713,1784239780931
186.53,23.1,1784239783745,1784239780958
186.56,19.1,1784239783777,1784239780986
186.60,30.0,1784239783809,1784239781029
186.66,52.0,1784239783841,1784239781083
186.67,35.0,1784239783873,1784239781098
186.73,53.0,1784239783910,1784239781153
186.74,25.0,1784239783952,1784239781167
186.77,19.0,1784239783986,1784239781195
186.80,16.0,1784239784017,1784239781223
186.84,26.0,1784239784049,1784239781265
186.87,22.0,1784239784081,1784239781293
186.89,18.0,1784239784113,1784239781321
186.94,28.0,1784239784145,1784239781363
186.99,42.0,1784239784186,1784239781418
186.99,19.0,1784239784209,1784239781418
187.05,32.0,1784239784252,1784239781474
187.09,37.0,1784239784289,1784239781516
187.13,46.0,1784239784321,1784239781557
187.13,14.0,1784239784353,1784239781557
187.17,24.0,1784239784386,1784239781600
187.20,21.0,1784239784416,1784239781627
187.23,15.0,1784239784449,1784239781654
187.27,21.0,1784239784486,1784239781697
187.30,21.0,1784239784513,1784239781724
187.34,22.0,1784239784555,1784239781767
187.37,19.0,1784239784586,1784239781795
187.41,23.0,1784239784623,1784239781836
187.44,19.0,1784239784655,1784239781864
187.46,13.0,1784239784687,1784239781890
187.51,25.0,1784239784718,1784239781933
187.53,20.0,1784239784751,1784239781961
187.56,13.0,1784239784786,1784239781989
187.60,26.0,1784239784815,1784239782031
187.66,40.0,1784239784856,1784239782086
187.67,24.0,1784239784886,1784239782100
187.70,14.0,1784239784925,1784239782129
187.76,36.0,1784239784958,1784239782184
187.77,18.0,1784239784990,1784239782198
187.80,15.0,1784239785021,1784239782226
187.84,24.0,1784239785053,1784239782267
187.87,19.0,1784239785086,1784239782295
187.90,16.0,1784239785117,1784239782323
187.95,30.0,1784239785160,1784239782380
187.98,31.0,1784239785186,1784239782407
187.99,17.0,1784239785214,1784239782421
188.05,24.0,1784239785262,1784239782476
188.08,19.0,1784239785295,1784239782504
188.10,17.0,1784239785325,1784239782532
188.16,41.0,1784239785357,1784239782588
188.19,37.0,1784239785389,1784239782616
188.22,31.0,1784239785423,1784239782644
188.26,42.0,1784239785453,1784239782685
188.27,23.0,1784239785487,1784239782700
188.33,48.0,1784239785517,1784239782755
188.36,28.0,1784239785564,1784239782782
188.38,26.0,1784239785595,1784239782811
188.41,20.0,1784239785628,1784239782838
188.45,26.0,1784239785665,1784239782881
188.48,24.0,1784239785693,1784239782907
188.51,20.0,1784239785725,1784239782935
188.56,37.0,1784239785765,1784239782992
188.70,140.0,1784239785800,1784239783130
188.70,114.0,1784239785820,1784239783130
188.70,69.0,1784239785865,1784239783130
188.70,33.0,1784239785901,1784239783130
188.72,16.0,1784239785933,1784239783145
188.75,11.0,1784239785965,1784239783172
188.79,21.0,1784239785997,1784239783214
188.83,32.0,1784239786028,1784239783256
188.84,7.0,1784239786066,1784239783269
188.90,38.0,1784239786092,1784239783326
188.91,20.0,1784239786123,1784239783339
188.96,20.0,1784239786166,1784239783382
189.00,23.0,1784239786203,1784239783422
189.02,19.0,1784239786236,1784239783451
189.05,17.0,1784239786266,1784239783479
189.08,11.0,1784239786299,1784239783506
189.14,31.0,1784239786336,1784239783563
189.15,13.0,1784239786366,1784239783575
189.19,27.0,1784239786394,1784239783617
189.22,13.0,1784239786437,1784239783646
189.27,38.0,1784239786467,1784239783701
189.29,13.0,1784239786506,1784239783715
189.32,9.0,1784239786538,1784239783743
189.36,19.0,1784239786570,1784239783785
189.39,15.0,1784239786602,1784239783813
189.41,9.0,1784239786636,1784239783841
189.46,20.0,1784239786667,1784239783883
189.51,44.0,1784239786698,1784239783938
189.53,20.0,1784239786736,1784239783952
189.55,16.0,1784239786768,1784239783980
189.61,34.0,1784239786805,1784239784035
189.62,18.0,1784239786836,1784239784050
189.65,10.0,1784239786873,1784239784079
189.69,13.0,1784239786910,1784239784119
189.72,14.0,1784239786937,1784239784147
189.76,25.0,1784239786968,1784239784189
189.79,19.0,1784239787001,1784239784216
189.82,13.0,1784239787036,1784239784245
189.86,22.0,1784239787068,1784239784286
189.91,38.0,1784239787108,1784239784342
189.93,23.0,1784239787136,1784239784355
189.96,10.0,1784239787177,1784239784383
190.00,20.0,1784239787209,1784239784425
190.03,15.0,1784239787242,1784239784453
190.05,12.0,1784239787273,1784239784481
190.10,22.0,1784239787305,1784239784523
190.12,18.0,1784239787337,1784239784551
190.15,14.0,1784239787369,1784239784579
190.21,28.0,1784239787411,1784239784635
190.22,16.0,1784239787436,1784239784648
190.28,38.0,1784239787469,1784239784703
190.29,10.0,1784239787512,1784239784718
190.33,18.0,1784239787545,1784239784759
190.36,16.0,1784239787576,1784239784788
190.39,11.0,1784239787608,1784239784815
190.43,17.0,1784239787644,1784239784857
190.46,17.0,1784239787672,1784239784885
190.49,13.0,1784239787703,1784239784912
190.53,23.0,1784239787736,1784239784955
190.58,44.0,1784239787770,1784239785010
190.60,13.0,1784239787815,1784239785024
190.62,9.0,1784239787847,1784239785052
190.68,33.0,1784239787879,1784239785108
190.69,15.0,1784239787911,1784239785122
190.72,10.0,1784239787943,1784239785149
190.76,21.0,1784239787975,1784239785192
190.79,18.0,1784239788006,1784239785220
190.83,15.0,1784239788049,1784239785260
190.86,21.0,1784239788072,1784239785289
190.90,16.0,1784239788118,1784239785330
190.93,10.0,1784239788152,1784239785358
190.96,4.0,1784239788186,1784239785386
191.00,37.7,1784239788214,1784239785428
191.03,30.7,1784239788249,1784239785456
191.08,57.7,1784239788278,1784239785512
191.10,38.7,1784239788310,1784239785525
191.15,51.7,1784239788353,1784239785581
191.17,32.7,1784239788386,1784239785595
191.21,38.7,1784239788421,1784239785636
191.24,35.7,1784239788453,1784239785665
191.27,29.7,1784239788486,1784239785692
191.29,27.7,1784239788517,1784239785721
191.34,34.7,1784239788551,1784239785762
191.36,31.7,1784239788581,1784239785789
191.39,26.7,1784239788615,1784239785818
191.45,48.7,1784239788648,1784239785873
191.49,53.7,1784239788686,1784239785916
191.50,42.7,1784239788710,1784239785929
191.54,40.7,1784239788753,1784239785970
191.57,32.7,1784239788789,1784239785998
191.61,42.7,1784239788821,1784239786040
191.64,37.7,1784239788853,1784239786067
191.67,33.7,1784239788886,1784239786096
191.71,42.7,1784239788918,1784239786137
191.74,39.7,1784239788950,1784239786166
191.77,31.7,1784239788986,1784239786194
191.95,183.7,1784239789014,1784239786374
191.95,140.7,1784239789057,1784239786374
191.95,111.7,1784239789086,1784239786374
191.95,87.7,1784239789110,1784239786374
191.95,39.7,1784239789158,1784239786374
191.98,36.7,1784239789190,1784239786403
192.00,32.7,1784239789222,1784239786431
192.05,41.7,1784239789254,1784239786472
192.07,35.7,1784239789287,1784239786499
192.10,33.7,1784239789319,1784239786529
192.14,40.7,1784239789353,1784239786570
192.17,34.7,1784239789387,1784239786598
192.21,47.7,1784239789415,1784239786639
192.24,32.7,1784239789458,1784239786667
192.28,36.7,1784239789495,1784239786708
192.31,32.7,1784239789527,1784239786736
192.34,29.7,1784239789559,1784239786765
192.38,38.7,1784239789591,1784239786806
192.41,32.7,1784239789625,1784239786834
192.45,44.7,1784239789655,1784239786876
192.50,57.7,1784239789698,1784239786932
192.50,36.7,1784239789719,1784239786932
192.55,33.7,1784239789762,1784239786972
192.60,67.7,1784239789786,1784239787030
192.63,48.7,1784239789832,1784239787057
192.64,30.3,1784239789863,1784239787071
192.69,38.3,1784239789896,1784239787112
192.74,62.3,1784239789928,1784239787168
192.74,31.3,1784239789959,1784239787168
192.78,42.3,1784239789991,1784239787211
192.81,37.3,1784239790023,1784239787238
192.85,38.3,1784239790064,1784239787280
192.88,30.3,1784239790099,1784239787307
192.92,50.3,1784239790122,1784239787350
192.96,60.3,1784239790152,1784239787390
192.98,26.3,1784239790201,1784239787405
193.02,37.3,1784239790232,1784239787447
193.05,33.3,1784239790264,1784239787475
193.08,28.3,1784239790296,1784239787502
193.13,53.3,1784239790328,1784239787559
193.17,54.3,1784239790369,1784239787601
193.20,48.3,1784239790402,1784239787628
193.21,28.3,1784239790436,1784239787642
193.26,49.3,1784239790456,1784239787683
193.31,63.3,1784239790498,1784239787739
193.45,164.3,1784239790537,1784239787879
193.45,133.3,1784239790568,1784239787879
193.45,100.3,1784239790601,1784239787879
193.45,65.3,1784239790636,1784239787879
193.45,35.3,1784239790666,1784239787879
193.51,59.3,1784239790696,1784239787933
193.52,35.3,1784239790736,1784239787949
193.55,26.3,1784239790771,1784239787975
193.61,51.3,1784239790802,1784239788031
193.62,28.3,1784239790840,1784239788046
193.65,25.3,1784239790871,1784239788074
193.70,49.3,1784239790903,1784239788130
193.73,43.3,1784239790936,1784239788157
193.90,179.3,1784239790967,1784239788324
193.90,147.3,1784239790999,1784239788324
193.90,110.3,1784239791036,1784239788324
193.90,73.3,1784239791073,1784239788324
194.02,164.3,1784239791106,1784239788448
194.02,127.3,1784239791143,1784239788448
194.02,111.3,1784239791159,1784239788448
194.02,63.3,1784239791207,1784239788448
194.02,30.3,1784239791240,1784239788448
194.08,56.3,1784239791271,1784239788505
194.09,38.3,1784239791303,1784239788519
194.12,33.3,1784239791336,1784239788547
194.16,35.3,1784239791375,1784239788588
194.22,56.3,1784239791410,1784239788644
194.22,30.3,1784239791436,1784239788644
194.27,57.3,1784239791464,1784239788699
194.31,51.3,1784239791512,1784239788741
194.33,33.3,1784239791544,1784239788755
194.37,39.3,1784239791580,1784239788797
194.38,27.3,1784239791607,1784239788812
194.43,36.3,1784239791639,1784239788853
194.47,47.3,1784239791670,1784239788895
194.50,41.3,1784239791703,1784239788922
194.52,36.3,1784239791736,1784239788950
194.57,35.3,1784239791780,1784239788993
194.61,47.3,1784239791809,1784239789034
194.63,37.3,1784239791847,1784239789062
194.66,30.3,1784239791881,1784239789089
194.69,28.3,1784239791911,1784239789117
194.73,39.3,1784239791942,1784239789159
194.76,29.3,1784239791981,1784239789188
194.80,38.3,1784239792014,1784239789230
194.86,59.3,1784239792047,1784239789284
194.89,54.3,1784239792081,1784239789313
194.90,31.3,1784239792117,1784239789326
194.93,27.3,1784239792149,1784239789354
194.97,37.3,1784239792181,1784239789396
195.00,33.3,1784239792212,1784239789423
195.03,47.7,1784239792245,1784239789452
195.07,51.7,1784239792282,1784239789493
195.09,54.7,1784239792308,1784239789522
195.14,53.7,1784239792351,1784239789564
195.16,48.7,1784239792382,1784239789590
195.22,83.7,1784239792404,1784239789647
195.23,49.7,1784239792452,1784239789661
195.26,44.7,1784239792484,1784239789688
195.30,54.7,1784239792516,1784239789730
195.48,202.7,1784239792548,1784239789910
195.48,168.7,1784239792582,1784239789910
195.48,139.7,1784239792611,1784239789910
195.48,97.7,1784239792653,1784239789910
195.48,64.7,1784239792686,1784239789910
195.53,85.7,1784239792707,1784239789952
195.54,58.7,1784239792749,1784239789967
195.57,48.7,1784239792787,1784239789995
195.61,57.7,1784239792819,1784239790036
195.64,53.7,1784239792851,1784239790064
195.67,45.7,1784239792887,1784239790092
195.71,59.7,1784239792915,1784239790134
195.76,82.7,1784239792947,1784239790189
195.79,71.7,1784239792986,1784239790217
195.80,60.7,1784239793011,1784239790231
195.86,73.7,1784239793054,1784239790287
195.90,82.7,1784239793086,1784239790328
195.90,44.7,1784239793124,1784239790328
195.94,53.7,1784239793157,1784239790370
195.97,50.7,1784239793189,1784239790399
196.00,46.7,1784239793220,1784239790426
196.04,55.7,1784239793253,1784239790468
196.07,49.7,1784239793287,1784239790496
196.10,46.7,1784239793317,1784239790523
196.15,71.7,1784239793349,1784239790580
196.18,62.7,1784239793386,1784239790608
196.19,48.7,1784239793413,1784239790621
196.25,56.7,1784239793461,1784239790677
196.29,64.7,1784239793494,1784239790718
196.31,47.7,1784239793525,1784239790732
196.33,44.7,1784239793557,1784239790761
196.51,192.7,1784239793589,1784239790941
196.51,161.7,1784239793620,1784239790941
196.51,119.7,1784239793662,1784239790941
196.51,95.7,1784239793686,1784239790941
196.64,190.7,1784239793716,1784239791066
196.64,147.7,1784239793759,1784239791066
196.67,139.7,1784239793796,1784239791095
196.67,107.7,1784239793828,1784239791095
196.67,69.8,1784239793860,1784239791095
196.67,37.8,1784239793892,1784239791095
196.71,46.8,1784239793924,1784239791136
196.74,43.8,1784239793955,1784239791164
196.81,79.8,1784239793989,1784239791234
196.81,49.8,1784239794019,1784239791234
196.86,59.8,1784239794065,1784239791290
196.91,79.8,1784239794087,1784239791332
196.92,47.8,1784239794132,1784239791345
196.95,43.8,1784239794164,1784239791373
196.99,52.8,1784239794196,1784239791414
197.02,48.8,1784239794228,1784239791442
197.04,44.8,1784239794260,1784239791470
197.09,54.8,1784239794293,1784239791513
197.11,49.8,1784239794324,1784239791539
197.14,45.8,1784239794357,1784239791568
197.20,58.8,1784239794399,1784239791623
197.24,79.8,1784239794420,1784239791665
197.25,46.8,1784239794468,1784239791680
197.28,40.8,1784239794501,1784239791707
197.32,47.8,1784239794536,1784239791749
197.35,47.8,1784239794564,1784239791777
197.38,43.8,1784239794596,1784239791805
197.42,53.8,1784239794628,1784239791847
197.45,39.8,1784239794669,1784239791874
197.50,67.8,1784239794697,1784239791930
197.52,41.8,1784239794737,1784239791944
197.54,33.8,1784239794772,1784239791971
197.59,47.8,1784239794801,1784239792014
197.61,38.8,1784239794837,1784239792041
197.66,46.8,1784239794871,1784239792083
197.70,63.8,1784239794896,1784239792125
197.74,65.8,1784239794936,1784239792167
197.74,40.8,1784239794961,1784239792167
197.80,52.8,1784239795004,1784239792222
197.82,47.8,1784239795036,1784239792249
197.85,39.8,1784239795073,1784239792278
197.89,49.8,1784239795105,1784239792320
197.92,44.8,1784239795137,1784239792347
197.95,40.8,1784239795169,1784239792375
197.99,50.8,1784239795201,1784239792417
198.02,43.8,1784239795236,1784239792445
198.06,56.8,1784239795265,1784239792487
198.11,68.8,1784239795308,1784239792542
198.13,52.8,1784239795338,1784239792556
198.16,47.8,1784239795370,1784239792583
198.21,69.8,1784239795405,1784239792640
198.23,46.8,1784239795442,1784239792654
198.26,43.8,1784239795473,1784239792682
198.28,39.8,1784239795505,1784239792710
198.32,47.8,1784239795538,1784239792751
198.35,44.8,1784239795569,1784239792779
198.41,68.8,1784239795601,1784239792835
198.42,47.8,1784239795636,1784239792849
198.46,61.8,1784239795664,1784239792891
198.51,60.8,1784239795706,1784239792932
198.55,64.8,1784239795744,1784239792974
198.56,45.8,1784239795777,1784239792988
198.59,43.8,1784239795807,1784239793016
198.64,60.0,1784239795843,1784239793071
198.66,47.0,1784239795870,1784239793085
198.70,49.0,1784239795911,1784239793128
198.73,51.0,1784239795936,1784239793155
198.78,77.0,1784239795966,1784239793211
198.80,57.0,1784239795999,1784239793224
198.96,177.0,1784239796047,1784239793392
198.96,145.0,1784239796079,1784239793392
198.96,113.0,1784239796111,1784239793392
198.96,80.0,1784239796144,1784239793392
198.96,49.0,1784239796175,1784239793392
198.99,44.0,1784239796207,1784239793419
199.03,54.0,1784239796240,1784239793462
199.06,50.0,1784239796271,1784239793489
199.09,46.0,1784239796303,1784239793517
199.13,41.0,1784239796350,1784239793559
199.17,50.0,1784239796383,1784239793601
199.20,46.0,1784239796415,1784239793629
199.23,42.0,1784239796447,1784239793657
199.26,37.0,1784239796479,1784239793684
199.30,47.0,1784239796511,1784239793726
199.33,42.0,1784239796543,1784239793753
199.37,54.0,1784239796574,1784239793796
199.40,49.0,1784239796606,1784239793823
199.45,72.0,1784239796639,1784239793879
199.47,56.0,1784239796670,1784239793894
199.52,63.0,1784239796718,1784239793949
199.55,59.0,1784239796750,1784239793977
199.56,38.0,1784239796784,1784239793990
199.59,37.0,1784239796813,1784239794018
199.63,46.0,1784239796846,1784239794060
199.69,61.0,1784239796886,1784239794115
199.70,52.0,1784239796910,1784239794130
199.73,47.0,1784239796942,1784239794157
199.79,56.0,1784239796989,1784239794213
199.80,39.0,1784239797020,1784239794227
199.84,49.0,1784239797052,1784239794269
199.87,43.0,1784239797086,1784239794297
199.90,40.0,1784239797116,1784239794324
199.94,50.0,1784239797149,1784239794367
199.97,40.0,1784239797186,1784239794394
200.00,41.0,1784239797213,1784239794422
200.04,50.0,1784239797245,1784239794463
200.09,65.0,1784239797287,1784239794520
200.11,41.0,1784239797324,1784239794533
200.13,37.0,1784239797356,1784239794561
200.18,47.0,1784239797388,1784239794603
200.20,44.0,1784239797419,1784239794631
200.23,38.0,1784239797452,1784239794658
200.27,46.0,1784239797486,1784239794700
200.30,45.0,1784239797515,1784239794728
200.33,40.0,1784239797548,1784239794756
200.37,39.0,1784239797591,1784239794798
200.41,60.0,1784239797612,1784239794840
200.44,40.0,1784239797659,1784239794867
200.47,36.0,1784239797692,1784239794896
200.51,47.0,1784239797723,1784239794938
200.54,42.0,1784239797755,1784239794965
200.59,60.0,1784239797792,1784239795020
200.61,47.0,1784239797820,1784239795035
200.64,40.5,1784239797852,1784239795063
200.68,47.5,1784239797886,1784239795104
200.70,44.5,1784239797916,1784239795131
200.76,68.5,1784239797949,1784239795188
200.80,63.5,1784239797996,1784239795230
200.82,45.5,1784239798028,1784239795244
200.84,41.5,1784239798060,1784239795272
200.90,64.5,1784239798092,1784239795327
200.90,33.5,1784239798123,1784239795327
200.94,43.5,1784239798155,1784239795369
201.00,57.5,1784239798197,1784239795425
201.00,36.5,1784239798218,1784239795425
201.05,58.5,1784239798252,1784239795481
201.10,53.5,1784239798298,1784239795522
201.11,34.5,1784239798330,1784239795535
201.15,45.5,1784239798362,1784239795578
201.18,36.5,1784239798398,1784239795605
201.22,50.5,1784239798426,1784239795647
201.23,32.5,1784239798458,1784239795661
201.29,47.5,1784239798499,1784239795717
201.32,53.5,1784239798521,1784239795745
201.49,188.5,1784239798553,1784239795912
201.49,142.5,1784239798599,1784239795912
201.49,108.5,1784239798633,1784239795912
201.49,77.5,1784239798665,1784239795913
201.49,42.5,1784239798700,1784239795913
201.51,39.5,1784239798729,1784239795939
201.54,36.5,1784239798761,1784239795968
201.60,53.5,1784239798799,1784239796023
201.62,54.5,1784239798825,1784239796050
201.65,52.5,1784239798857,1784239796080
201.71,64.5,1784239798900,1784239796135
201.71,43.5,1784239798921,1784239796135
201.76,55.5,1784239798964,1784239796190
201.78,33.5,1784239799000,1784239796204
201.82,43.5,1784239799032,1784239796246
201.85,37.5,1784239799065,1784239796273
201.89,44.5,1784239799100,1784239796315
201.94,64.5,1784239799136,1784239796371
201.96,53.5,1784239799160,1784239796384
202.00,53.5,1784239799203,1784239796427
202.01,32.5,1784239799237,1784239796440
202.06,39.5,1784239799272,1784239796482
202.08,37.5,1784239799303,1784239796511
202.13,46.5,1784239799336,1784239796553
202.15,42.5,1784239799367,1784239796580
202.20,50.5,1784239799401,1784239796622
202.22,42.5,1784239799436,1784239796649
202.25,37.5,1784239799470,1784239796678
202.29,43.5,1784239799506,1784239796720
202.32,39.5,1784239799537,1784239796747
202.38,56.5,1784239799576,1784239796803
202.39,38.5,1784239799607,1784239796816
202.42,35.5,1784239799639,1784239796845
202.47,58.5,1784239799671,1784239796900
202.49,42.5,1784239799702,1784239796915
202.52,36.5,1784239799736,1784239796943
202.56,46.5,1784239799766,1784239796983
202.61,59.5,1784239799809,1784239797039
202.63,46.5,1784239799836,1784239797053
202.68,74.0,1784239799863,1784239797109
202.70,40.0,1784239799911,1784239797123
202.72,36.0,1784239799942,1784239797150
202.75,33.0,1784239799974,1784239797179
202.79,44.0,1784239800005,1784239797221
202.85,67.0,1784239800037,1784239797276
202.85,35.0,1784239800070,1784239797277
202.92,62.0,1784239800112,1784239797346
202.92,38.0,1784239800136,1784239797346
202.96,49.0,1784239800166,1784239797387
203.02,62.0,1784239800209,1784239797443
203.04,52.0,1784239800247,1784239797471
203.06,31.0,1784239800282,1784239797485
203.11,55.0,1784239800314,1784239797541
203.13,39.0,1784239800343,1784239797554
203.16,31.0,1784239800379,1784239797582
203.20,46.0,1784239800407,1784239797625
203.25,69.0,1784239800440,1784239797681
203.25,38.0,1784239800471,1784239797681
203.28,32.0,1784239800504,1784239797708
203.34,56.0,1784239800536,1784239797764
203.36,37.0,1784239800582,1784239797791
203.39,34.0,1784239800614,1784239797820
203.43,43.0,1784239800646,1784239797861
203.46,39.0,1784239800678,1784239797889
203.50,49.0,1784239800710,1784239797931
203.52,31.0,1784239800742,1784239797945
203.56,40.0,1784239800774,1784239797986
203.60,49.0,1784239800808,1784239798029
203.66,60.0,1784239800852,1784239798084
203.67,39.0,1784239800886,1784239798097
203.70,36.0,1784239800917,1784239798125
203.74,47.0,1784239800948,1784239798167
203.78,56.0,1784239800980,1784239798208
203.80,37.0,1784239801014,1784239798223
203.84,48.0,1784239801044,1784239798264
203.89,63.0,1784239801086,1784239798321
203.89,41.0,1784239801108,1784239798321
203.95,48.0,1784239801156,1784239798376
203.96,30.0,1784239801188,1784239798390
204.01,41.0,1784239801219,1784239798432
204.03,36.0,1784239801252,1784239798460
204.07,43.0,1784239801286,1784239798501
204.10,41.0,1784239801316,1784239798529
204.13,38.0,1784239801347,1784239798557
204.19,55.0,1784239801386,1784239798613
204.20,44.0,1784239801411,1784239798627
204.24,42.0,1784239801454,1784239798668
204.27,39.0,1784239801486,1784239798697
204.31,43.0,1784239801523,1784239798738
204.34,39.0,1784239801555,1784239798766
204.37,35.0,1784239801587,1784239798794
204.41,45.0,1784239801619,1784239798836
204.44,41.0,1784239801651,1784239798864
204.48,47.0,1784239801686,1784239798905
204.51,48.0,1784239801713,1784239798933
204.66,158.0,1784239801756,1784239799086
204.66,121.0,1784239801793,1784239799086
204.66,90.0,1784239801824,1784239799086
204.66,54.1,1784239801856,1784239799086
204.67,35.1,1784239801889,1784239799100
204.84,170.1,1784239801921,1784239799267
204.84,139.1,1784239801952,1784239799267
204.84,105.1,1784239801986,1784239799267
204.84,73.1,1784239802018,1784239799267
204.87,60.1,1784239802059,1784239799295
204.87,33.1,1784239802086,1784239799295
204.91,47.1,1784239802113,1784239799336
204.95,42.1,1784239802161,1784239799379
204.98,37.1,1784239802193,1784239799406
205.01,33.1,1784239802225,1784239799434
205.04,30.1,1784239802257,1784239799463
205.08,38.1,1784239802289,1784239799503
205.10,35.1,1784239802320,1784239799531
205.15,45.1,1784239802352,1784239799573
205.17,39.1,1784239802386,1784239799601
205.23,64.1,1784239802417,1784239799657
205.24,36.1,1784239802459,1784239799671
205.27,27.1,1784239802496,1784239799699
205.31,36.1,1784239802528,1784239799740
205.34,32.1,1784239802560,1784239799768
205.38,44.1,1784239802591,1784239799811
205.41,38.1,1784239802624,1784239799838
205.58,175.1,1784239802655,1784239800006
205.58,133.1,1784239802697,1784239800006
205.58,110.1,1784239802720,1784239800006
205.58,64.1,1784239802766,1784239800006
205.58,32.1,1784239802798,1784239800006
205.63,55.1,1784239802830,1784239800061
205.65,37.1,1784239802862,1784239800075
205.68,33.1,1784239802894,1784239800103
205.72,43.1,1784239802926,1784239800145
205.75,38.1,1784239802958,1784239800172
205.80,51.1,1784239803001,1784239800228
205.82,44.1,1784239803022,1784239800242
205.87,57.1,1784239803065,1784239800298
205.88,32.1,1784239803103,1784239800311
205.91,27.1,1784239803136,1784239800339
205.95,38.1,1784239803167,1784239800381
205.98,34.1,1784239803199,1784239800409
206.01,25.1,1784239803236,1784239800437
206.05,41.1,1784239803263,1784239800480
206.08,34.1,1784239803296,1784239800506
206.14,50.1,1784239803336,1784239800562
206.15,41.1,1784239803359,1784239800576
206.20,53.1,1784239803402,1784239800631
206.22,31.1,1784239803439,1784239800646
206.25,27.1,1784239803471,1784239800674
206.29,36.1,1784239803503,1784239800715
206.32,29.1,1784239803537,1784239800742
206.34,28.1,1784239803567,1784239800771
206.39,38.1,1784239803599,1784239800813
206.41,28.1,1784239803636,1784239800840
206.44,30.1,1784239803662,1784239800868
206.50,44.1,1784239803704,1784239800924
206.53,40.1,1784239803736,1784239800952
206.55,31.1,1784239803773,1784239800980
206.58,27.1,1784239803805,1784239801008
206.62,36.1,1784239803837,1784239801049
206.65,32.6,1784239803868,1784239801078
206.71,55.6,1784239803900,1784239801133
206.72,34.6,1784239803936,1784239801148
206.75,32.6,1784239803965,1784239801175
206.82,58.6,1784239804008,1784239801244
206.82,30.6,1784239804036,1784239801244
206.87,43.6,1784239804079,1784239801300
206.89,26.6,1784239804110,1784239801314
206.93,36.6,1784239804142,1784239801356
206.96,31.6,1784239804174,1784239801383
207.01,54.6,1784239804207,1784239801439
207.03,36.6,1784239804239,1784239801453
207.05,33.6,1784239804271,1784239801482
207.10,42.6,1784239804303,1784239801523
207.12,37.6,1784239804336,1784239801551
207.15,34.6,1784239804367,1784239801579
207.36,198.6,1784239804411,1784239801787
207.36,162.6,1784239804447,1784239801787
207.40,173.6,1784239804479,1784239801830
207.40,141.6,1784239804511,1784239801830
207.40,108.6,1784239804544,1784239801830
207.40,77.6,1784239804575,1784239801830
207.40,45.6,1784239804607,1784239801830
207.44,54.6,1784239804639,1784239801871
207.46,37.6,1784239804670,1784239801885
207.50,45.6,1784239804703,1784239801926
207.53,39.6,1784239804737,1784239801954
207.56,38.6,1784239804766,1784239801982
207.60,31.6,1784239804815,1784239802024
207.63,26.6,1784239804848,1784239802052
207.67,36.6,1784239804880,1784239802094
207.72,56.6,1784239804916,1784239802150
207.72,30.6,1784239804942,1784239802150
207.76,40.6,1784239804974,1784239802192
207.82,51.6,1784239805017,1784239802246
207.83,29.6,1784239805053,1784239802260
207.86,26.6,1784239805084,1784239802288
207.90,35.6,1784239805117,1784239802330
207.93,30.6,1784239805149,1784239802357
207.97,36.6,1784239805186,1784239802400
208.00,32.6,1784239805217,1784239802427
208.03,31.6,1784239805245,1784239802454
208.07,34.6,1784239805286,1784239802498
208.13,56.6,1784239805318,1784239802552
208.15,52.6,1784239805351,1784239802581
208.17,30.6,1784239805386,1784239802594
208.21,39.6,1784239805420,1784239802637
208.24,34.6,1784239805452,1784239802664
208.27,28.6,1784239805486,1784239802692
208.31,38.6,1784239805518,1784239802734
208.34,36.6,1784239805548,1784239802762
208.39,52.6,1784239805587,1784239802817
208.41,35.6,1784239805619,1784239802832
208.46,63.6,1784239805646,1784239802887
208.49,49.6,1784239805688,1784239802915
208.50,32.6,1784239805719,1784239802929
208.56,51.6,1784239805756,1784239802985
208.57,33.6,1784239805787,1784239802998
208.60,29.6,1784239805819,1784239803026
208.64,35.6,1784239805855,1784239803068
208.67,30.1,1784239805887,1784239803096
208.70,26.1,1784239805919,1784239803124
208.75,44.1,1784239805957,1784239803180
208.79,56.1,1784239805986,1784239803221
208.81,38.1,1784239806019,1784239803236
208.84,25.1,1784239806059,1784239803263
208.88,35.1,1784239806091,1784239803305
208.91,30.1,1784239806124,1784239803333
208.93,28.1,1784239806154,1784239803361
208.97,35.1,1784239806187,1784239803401
209.00,31.1,1784239806222,1784239803432
209.06,55.1,1784239806251,1784239803485
209.06,21.1,1784239806286,1784239803486
209.13,55.1,1784239806321,1784239803555
209.17,61.1,1784239806357,1784239803597
209.17,23.1,1784239806395,1784239803597
209.34,159.1,1784239806426,1784239803764
209.34,127.1,1784239806458,1784239803764
209.34,94.1,1784239806491,1784239803764
209.34,64.1,1784239806521,1784239803764
209.34,32.1,1784239806553,1784239803764
209.37,27.1,1784239806586,1784239803792
209.41,33.1,1784239806622,1784239803834
209.46,51.1,1784239806659,1784239803889
209.48,38.1,1784239806686,1784239803903
209.50,24.1,1784239806729,1784239803932
209.56,47.1,1784239806761,1784239803987
209.57,29.1,1784239806793,1784239804001
209.60,25.1,1784239806825,1784239804029
209.64,34.1,1784239806857,1784239804070
209.70,59.1,1784239806888,1784239804126
209.70,25.1,1784239806922,1784239804126
209.74,37.1,1784239806952,1784239804168
209.78,44.1,1784239806987,1784239804210
209.84,54.1,1784239807032,1784239804265
209.85,37.1,1784239807064,1784239804280
209.88,32.1,1784239807096,1784239804307
209.91,27.1,1784239807128,1784239804334
209.94,24.1,1784239807160,1784239804363
209.98,33.1,1784239807193,1784239804405
210.02,43.1,1784239807225,1784239804447
210.05,38.1,1784239807257,1784239804474
210.10,52.1,1784239807299,1784239804530
210.12,28.1,1784239807337,1784239804544
210.14,23.1,1784239807369,1784239804571
210.19,35.1,1784239807401,1784239804615
210.21,26.1,1784239807436,1784239804641
210.26,39.1,1784239807465,1784239804683
210.28,34.1,1784239807498,1784239804711
210.34,52.1,1784239807536,1784239804767
210.35,31.1,1784239807571,1784239804781
210.41,54.1,1784239807604,1784239804837
210.42,35.1,1784239807636,1784239804850
210.45,42.1,1784239807656,1784239804877
210.49,37.1,1784239807704,1784239804920
210.52,31.1,1784239807737,1784239804947
210.55,29.1,1784239807768,1784239804976
210.58,24.1,1784239807800,1784239805003
210.62,30.1,1784239807836,1784239805045
210.66,42.6,1784239807864,1784239805087
210.70,41.6,1784239807907,1784239805129
210.72,25.6,1784239807937,1784239805143
210.77,58.6,1784239807960,1784239805199
210.81,52.6,1784239808007,1784239805240
210.83,33.6,1784239808040,1784239805254
210.86,29.6,1784239808072,1784239805282
210.88,25.6,1784239808103,1784239805309
210.91,19.6,1784239808137,1784239805337
210.95,32.6,1784239808167,1784239805380
211.01,45.6,1784239808209,1784239805435
211.01,18.6,1784239808236,1784239805435
211.06,47.6,1784239808263,1784239805491
211.09,33.6,1784239808305,1784239805519
211.15,49.6,1784239808343,1784239805573
211.16,33.6,1784239808374,1784239805588
211.19,29.6,1784239808406,1784239805616
211.22,24.6,1784239808439,1784239805644
211.26,34.6,1784239808470,1784239805685
211.29,31.6,1784239808502,1784239805714
211.33,39.6,1784239808536,1784239805756
211.36,35.6,1784239808567,1784239805783
211.40,36.6,1784239808609,1784239805826
211.43,24.6,1784239808647,1784239805852
211.45,22.6,1784239808679,1784239805882
211.50,31.6,1784239808711,1784239805923
211.52,27.6,1784239808743,1784239805951
211.57,37.6,1784239808774,1784239805992
211.59,33.6,1784239808806,1784239806020
211.65,46.6,1784239808849,1784239806076
211.66,39.6,1784239808870,1784239806090
211.72,54.6,1784239808910,1784239806145
211.72,27.6,1784239808937,1784239806145
211.76,24.6,1784239808983,1784239806188
211.80,34.6,1784239809015,1784239806230
211.83,28.6,1784239809047,1784239806256
211.89,51.6,1784239809080,1784239806312
212.05,188.6,1784239809111,1784239806480
212.05,155.6,1784239809144,1784239806480
212.05,124.6,1784239809175,1784239806480
212.05,92.6,1784239809207,1784239806480
212.05,49.6,1784239809250,1784239806480
212.09,69.6,1784239809271,1784239806521
212.09,21.6,1784239809319,1784239806521
212.14,30.6,1784239809352,1784239806563
212.16,24.6,1784239809386,1784239806591
212.19,22.6,1784239809416,1784239806619
212.23,31.6,1784239809449,1784239806661
212.29,56.6,1784239809480,1784239806717
212.29,24.6,1784239809512,1784239806717
212.34,45.6,1784239809545,1784239806771
212.37,32.6,1784239809586,1784239806799
212.39,24.6,1784239809608,1784239806813
212.44,38.6,1784239809650,1784239806869
212.47,27.6,1784239809689,1784239806897
212.50,24.6,1784239809720,1784239806925
212.54,34.6,1784239809752,1784239806967
212.57,27.6,1784239809787,1784239806995
212.61,38.6,1784239809817,1784239807036
212.64,29.6,1784239809855,1784239807065
212.68,38.3,1784239809886,1784239807106
212.71,35.3,1784239809917,1784239807134
212.76,53.3,1784239809955,1784239807190
212.78,34.3,1784239809986,1784239807202
212.80,26.3,1784239810024,1784239807232
212.86,49.3,1784239810056,1784239807287
212.87,30.3,1784239810088,1784239807300
212.90,27.3,1784239810120,1784239807329
212.94,37.3,1784239810152,1784239807371
212.97,30.3,1784239810186,1784239807398
213.01,42.3,1784239810216,1784239807440
213.07,64.3,1784239810249,1784239807495
213.07,27.3,1784239810286,1784239807495
213.11,42.3,1784239810313,1784239807537
213.15,38.3,1784239810360,1784239807580
213.18,32.3,1784239810393,1784239807607
213.21,28.3,1784239810425,1784239807635
213.24,25.3,1784239810456,1784239807663
213.28,34.3,1784239810489,1784239807705
213.33,51.3,1784239810527,1784239807760
213.33,26.3,1784239810552,1784239807760
213.38,34.3,1784239810586,1784239807802
213.43,58.3,1784239810617,1784239807857
213.46,44.3,1784239810660,1784239807886
213.47,32.3,1784239810686,1784239807900
213.51,30.3,1784239810729,1784239807941
213.54,25.3,1784239810761,1784239807968
213.58,33.3,1784239810796,1784239808011
213.61,35.3,1784239810822,1784239808039
213.64,30.3,1784239810854,1784239808066
213.68,30.3,1784239810896,1784239808108
213.74,64.3,1784239810918,1784239808164
213.77,45.3,1784239810965,1784239808192
213.78,26.3,1784239810997,1784239808205
213.82,34.3,1784239811032,1784239808248
213.85,29.3,1784239811064,1784239808275
213.88,27.3,1784239811094,1784239808303
213.92,39.3,1784239811125,1784239808346
213.95,33.3,1784239811157,1784239808372
214.00,48.3,1784239811199,1784239808429
214.02,28.3,1784239811233,1784239808443
214.07,63.3,1784239811253,1784239808498
214.09,44.3,1784239811287,1784239808513
214.11,24.3,1784239811333,1784239808539
214.15,36.3,1784239811364,1784239808582
214.18,32.3,1784239811396,1784239808610
214.24,49.3,1784239811433,1784239808664
214.25,38.3,1784239811460,1784239808680
214.43,186.3,1784239811493,1784239808861
214.43,146.3,1784239811533,1784239808861
214.43,123.3,1784239811556,1784239808861
214.43,76.3,1784239811603,1784239808861
214.43,43.3,1784239811636,1784239808861
214.45,23.3,1784239811668,1784239808873
214.49,34.3,1784239811700,1784239808916
214.52,26.3,1784239811736,1784239808944
214.56,40.3,1784239811764,1784239808986
214.59,37.3,1784239811795,1784239809014
214.61,22.3,1784239811837,1784239809041
214.64,28.3,1784239811859,1784239809069
214.68,27.8,1784239811902,1784239809112
214.73,30.8,1784239811939,1784239809152
214.75,27.8,1784239811971,1784239809181
214.78,22.8,1784239812003,1784239809208
214.95,155.8,1784239812037,1784239809375
214.95,124.8,1784239812068,1784239809375
214.95,93.8,1784239812099,1784239809375
214.95,56.8,1784239812136,1784239809375
214.95,29.8,1784239812163,1784239809375
215.12,153.8,1784239812206,1784239809542
215.12,121.8,1784239812238,1784239809542
215.12,97.8,1784239812262,1784239809542
215.12,52.8,1784239812307,1784239809542
215.12,20.8,1784239812340,1784239809543
215.30,169.8,1784239812371,1784239809723
215.30,137.8,1784239812403,1784239809723
215.30,103.8,1784239812437,1784239809723
215.30,73.8,1784239812467,1784239809723
215.31,54.8,1784239812501,1784239809738
215.31,19.8,1784239812536,1784239809738
215.37,47.8,1784239812563,1784239809793
215.39,27.8,1784239812611,1784239809821
215.42,21.8,1784239812644,1784239809848
215.46,32.8,1784239812675,1784239809890
215.49,28.8,1784239812707,1784239809918
215.52,24.8,1784239812739,1784239809946
215.56,35.8,1784239812770,1784239809988
215.62,49.8,1784239812812,1784239810044
215.63,37.8,1784239812838,1784239810058
215.66,37.8,1784239812865,1784239810085
215.70,34.8,1784239812910,1784239810127
215.73,27.8,1784239812945,1784239810155
215.76,23.8,1784239812977,1784239810183
215.80,33.8,1784239813009,1784239810225
215.83,28.8,1784239813041,1784239810252
215.85,25.8,1784239813073,1784239810281
215.90,34.8,1784239813106,1784239810323
215.95,48.8,1784239813147,1784239810378
215.97,40.8,1784239813169,1784239810392
216.02,54.8,1784239813211,1784239810448
216.05,42.8,1784239813250,1784239810475
216.06,25.8,1784239813281,1784239810489
216.23,160.8,1784239813313,1784239810656
216.23,128.8,1784239813345,1784239810656
216.23,97.8,1784239813376,1784239810656
216.23,64.8,1784239813409,1784239810656
216.26,60.8,1784239813441,1784239810684
216.29,57.8,1784239813472,1784239810712
216.30,39.8,1784239813504,1784239810726
216.35,51.8,1784239813547,1784239810781
216.37,27.8,1784239813586,1784239810796
216.40,24.8,1784239813616,1784239810823
216.44,34.8,1784239813648,1784239810865
216.47,24.8,1784239813686,1784239810893
216.49,25.8,1784239813713,1784239810921
216.54,36.8,1784239813745,1784239810964
216.56,30.8,1784239813777,1784239810990
216.59,27.8,1784239813808,1784239811018
216.63,27.8,1784239813850,1784239811060
216.68,31.4,1784239813887,1784239811102
216.70,26.4,1784239813920,1784239811130
216.73,23.4,1784239813951,1784239811158
216.77,29.4,1784239813986,1784239811199
216.80,28.4,1784239814015,1784239811227
216.83,23.4,1784239814048,1784239811255
216.87,27.4,1784239814086,1784239811297
216.90,29.4,1784239814111,1784239811324
216.95,42.4,1784239814154,1784239811380
216.97,22.4,1784239814188,1784239811394
217.01,30.4,1784239814223,1784239811437
217.04,25.4,1784239814255,1784239811464
217.06,20.4,1784239814287,1784239811491
217.11,31.4,1784239814319,1784239811534
217.13,25.4,1784239814352,1784239811561
217.16,18.4,1784239814386,1784239811588
217.20,31.4,1784239814415,1784239811630
217.26,44.4,1784239814458,1784239811686
217.27,30.4,1784239814486,1784239811700
217.32,47.4,1784239814511,1784239811742
217.36,45.4,1784239814554,1784239811783
217.37,22.4,1784239814592,1784239811798
217.41,31.4,1784239814624,1784239811839
217.44,27.4,1784239814656,1784239811867
217.47,23.4,1784239814688,1784239811895
217.50,20.4,1784239814720,1784239811924
217.54,28.4,1784239814752,1784239811964
217.58,35.4,1784239814787,1784239812006
217.59,22.4,1784239814815,1784239812021
217.65,35.4,1784239814857,1784239812076
217.80,150.4,1784239814895,1784239812229
217.80,118.4,1784239814927,1784239812229
217.80,86.4,1784239814959,1784239812229
217.80,54.4,1784239814991,1784239812229
217.80,24.4,1784239815022,1784239812230
217.87,61.4,1784239815054,1784239812299
217.89,32.4,1784239815097,1784239812313
217.91,38.4,1784239815119,1784239812341
217.97,52.4,1784239815161,1784239812397
217.98,29.4,1784239815198,1784239812411
218.01,23.4,1784239815231,1784239812438
218.04,19.4,1784239815262,1784239812465
218.08,29.4,1784239815295,1784239812508
218.11,25.4,1784239815326,1784239812535
218.15,36.4,1784239815358,1784239812578
218.18,31.4,1784239815390,1784239812605
218.22,41.4,1784239815422,1784239812647
218.26,50.4,1784239815454,1784239812688
218.30,50.4,1784239815497,1784239812731
218.32,33.4,1784239815529,1784239812746
218.35,22.4,1784239815566,1784239812772
218.39,31.4,1784239815599,1784239812814
218.42,27.4,1784239815631,1784239812842
218.44,22.4,1784239815663,1784239812869
218.49,33.4,1784239815695,1784239812912
218.54,57.4,1784239815727,1784239812968
218.55,38.4,1784239815759,1784239812981
218.58,24.4,1784239815801,1784239813009
218.61,31.4,1784239815822,1784239813037
218.65,41.4,1784239815854,1784239813079
218.69,39.3,1784239815896,1784239813120
218.74,44.3,1784239815933,1784239813162
218.75,26.3,1784239815965,1784239813176
218.78,22.3,1784239815997,1784239813204
218.83,38.3,1784239816037,1784239813260
218.87,46.3,1784239816070,1784239813301
218.89,26.3,1784239816104,1784239813315
218.92,21.3,1784239816137,1784239813343
218.96,28.3,1784239816172,1784239813385
218.99,24.3,1784239816204,1784239813413
219.03,33.3,1784239816236,1784239813454
219.06,29.3,1784239816268,1784239813482
219.08,24.3,1784239816301,1784239813510
219.13,31.3,1784239816337,1784239813553
219.15,30.3,1784239816365,1784239813580
219.21,44.3,1784239816407,1784239813636
219.22,27.3,1784239816437,1784239813649
219.28,61.3,1784239816460,1784239813706
219.31,40.3,1784239816508,1784239813733
219.32,22.3,1784239816540,1784239813747
219.52,184.3,1784239816573,1784239813942
219.52,153.3,1784239816604,1784239813942
219.52,121.3,1784239816636,1784239813942
219.52,81.3,1784239816676,1784239813942
219.52,55.3,1784239816702,1784239813942
219.52,21.3,1784239816736,1784239813942
219.56,34.3,1784239816765,1784239813984
219.60,32.3,1784239816808,1784239814025
219.63,30.3,1784239816839,1784239814054
219.65,21.3,1784239816876,1784239814082
219.70,26.3,1784239816912,1784239814123
219.75,52.3,1784239816943,1784239814180
219.75,23.3,1784239816972,1784239814180
219.79,31.3,1784239817004,1784239814220
219.85,55.3,1784239817037,1784239814277
219.85,23.3,1784239817069,1784239814277
219.90,34.3,1784239817112,1784239814331
219.92,15.3,1784239817146,1784239814346
219.99,49.3,1784239817181,1784239814415
219.99,18.3,1784239817212,1784239814415
220.03,26.3,1784239817246,1784239814457
220.06,24.3,1784239817276,1784239814485
220.09,21.3,1784239817308,1784239814514
220.14,36.3,1784239817347,1784239814568
220.16,25.3,1784239817372,1784239814582
220.18,21.3,1784239817404,1784239814610
220.24,34.3,1784239817447,1784239814666
220.28,54.3,1784239817468,1784239814707
220.43,160.3,1784239817516,1784239814861
220.43,128.3,1784239817548,1784239814861
220.43,96.3,1784239817580,1784239814861
220.43,61.3,1784239817615,1784239814861
220.43,27.3,1784239817649,1784239814861
220.46,25.3,1784239817678,1784239814888
220.49,25.3,1784239817707,1784239814917
220.53,23.3,1784239817750,1784239814958
220.56,30.3,1784239817771,1784239814986
220.60,40.3,1784239817803,1784239815028
220.63,19.3,1784239817851,1784239815055
220.67,30.3,1784239817883,1784239815098
220.70,22.7,1784239817917,1784239815125
220.73,20.7,1784239817948,1784239815154
220.75,13.7,1784239817983,1784239815182
220.80,23.7,1784239818014,1784239815223
220.84,26.7,1784239818052,1784239815264
220.89,60.7,1784239818074,1784239815320
220.89,19.7,1784239818115,1784239815320
220.95,38.7,1784239818153,1784239815377
220.99,45.7,1784239818186,1784239815417
220.99,15.7,1784239818216,1784239815417
221.05,35.7,1784239818253,1784239815474
221.09,42.7,1784239818286,1784239815514
221.09,17.7,1784239818311,1784239815514
221.14,31.7,1784239818354,1784239815571
221.17,27.7,1784239818386,1784239815599
221.20,34.7,1784239818407,1784239815627
221.24,27.7,1784239818455,1784239815668
221.27,24.7,1784239818487,1784239815697
221.31,34.7,1784239818518,1784239815738
221.34,26.7,1784239818554,1784239815766
221.37,22.7,1784239818586,1784239815794
221.41,35.7,1784239818615,1784239815836
221.46,47.7,1784239818658,1784239815891
221.46,19.7,1784239818686,1784239815891
221.52,50.7,1784239818711,1784239815947
221.56,49.7,1784239818753,1784239815988
221.58,27.7,1784239818790,1784239816003
221.62,37.7,1784239818822,1784239816045
221.65,32.7,1784239818854,1784239816072
221.67,27.7,1784239818886,1784239816099
221.70,22.7,1784239818921,1784239816129
221.76,46.7,1784239818951,1784239816183
221.77,25.7,1784239818986,1784239816197
221.81,27.7,1784239819026,1784239816239
221.85,39.7,1784239819057,1784239816282
221.88,27.7,1784239819095,1784239816308
221.91,25.7,1784239819126,1784239816337
221.94,21.7,1784239819158,1784239816365
221.98,27.7,1784239819193,1784239816406
222.01,26.7,1784239819222,1784239816434
222.04,20.7,1784239819256,1784239816462
222.10,59.7,1784239819287,1784239816532
222.12,42.7,1784239819318,1784239816546
222.15,27.7,1784239819361,1784239816574
222.20,45.7,1784239819398,1784239816629
222.23,41.7,1784239819430,1784239816657
222.24,22.7,1784239819462,1784239816670
222.27,19.7,1784239819494,1784239816699
222.31,28.7,1784239819526,1784239816740
222.34,22.7,1784239819561,1784239816769
222.37,20.7,1784239819590,1784239816796
222.41,29.7,1784239819622,1784239816837
222.44,26.7,1784239819653,1784239816865
222.47,21.7,1784239819686,1784239816893
222.54,60.7,1784239819717,1784239816963
222.56,40.7,1784239819765,1784239816991
222.58,22.7,1784239819797,1784239817005
222.61,17.7,1784239819829,1784239817032
222.65,29.7,1784239819860,1784239817075
222.68,25.7,1784239819892,1784239817103
222.70,18.9,1784239819925,1784239817130
222.74,28.9,1784239819956,1784239817171
222.80,43.9,1784239819999,1784239817229
222.81,18.9,1784239820036,1784239817241
222.86,28.9,1784239820068,1784239817283
222.89,25.9,1784239820100,1784239817312
222.91,16.9,1784239820136,1784239817339
222.95,30.9,1784239820164,1784239817381
222.98,24.9,1784239820197,1784239817408
223.04,41.9,1784239820237,1784239817465
223.05,32.9,1784239820260,1784239817479
223.11,45.9,1784239820302,1784239817534
223.12,25.9,1784239820336,1784239817548
223.15,32.9,1784239820356,1784239817575
223.19,26.9,1784239820404,1784239817617
223.22,22.9,1784239820436,1784239817645
223.25,20.9,1784239820467,1784239817674
223.29,25.9,1784239820503,1784239817715
223.48,188.9,1784239820536,1784239817911
223.48,161.9,1784239820563,1784239817911
223.52,158.9,1784239820606,1784239817951
223.52,127.9,1784239820637,1784239817951
223.52,104.9,1784239820660,1784239817951
223.52,56.9,1784239820708,1784239817951
223.52,24.9,1784239820740,1784239817951
223.55,22.9,1784239820771,1784239817980
223.58,17.9,1784239820803,1784239818007
223.62,24.9,1784239820837,1784239818048
223.66,36.9,1784239820867,1784239818090
223.71,48.9,1784239820898,1784239818133
223.72,23.9,1784239820937,1784239818147
223.77,53.9,1784239820962,1784239818202
223.79,20.9,1784239821010,1784239818217
223.82,14.9,1784239821043,1784239818244
223.86,23.9,1784239821075,1784239818285
223.89,21.9,1784239821106,1784239818314
223.91,16.9,1784239821138,1784239818341
223.96,26.9,1784239821170,1784239818383
224.01,50.9,1784239821202,1784239818439
224.01,16.9,1784239821236,1784239818439
224.05,28.9,1784239821266,1784239818481
224.11,40.9,1784239821309,1784239818536
224.15,56.9,1784239821336,1784239818579
224.17,27.9,1784239821378,1784239818592
224.19,24.9,1784239821409,1784239818620
224.22,19.9,1784239821441,1784239818647
224.25,15.9,1784239821473,1784239818675
224.29,25.9,1784239821505,1784239818717
224.35,49.9,1784239821537,1784239818773
224.35,16.9,1784239821570,1784239818773
224.40,31.9,1784239821611,1784239818829
224.44,48.9,1784239821636,1784239818871
224.49,45.9,1784239821680,1784239818912
224.50,27.9,1784239821712,1784239818926
224.53,23.9,1784239821744,1784239818954
224.55,18.9,1784239821776,1784239818981
224.60,28.9,1784239821809,1784239819024
224.64,37.9,1784239821841,1784239819065
224.67,34.9,1784239821873,1784239819094
224.68,11.8,1784239821909,1784239819107
224.74,29.8,1784239821947,1784239819163
224.76,21.8,1784239821984,1784239819192
224.81,26.8,1784239822020,1784239819233
224.83,26.8,1784239822048,1784239819261
224.88,35.8,1784239822080,1784239819302
224.90,31.8,1784239822112,1784239819330
224.92,14.8,1784239822144,1784239819345
224.97,26.8,1784239822187,1784239819400
225.00,33.8,1784239822208,1784239819428
225.06,46.8,1784239822251,1784239819484
225.07,38.8,1784239822272,1784239819497
225.11,48.8,1784239822304,1784239819539
225.14,27.8,1784239822352,1784239819566
225.17,22.8,1784239822386,1784239819595
225.20,19.8,1784239822416,1784239819622
225.25,44.8,1784239822448,1784239819679
225.27,19.8,1784239822486,1784239819692
225.31,35.8,1784239822512,1784239819734
225.36,48.8,1784239822554,1784239819789
225.52,169.8,1784239822587,1784239819943
225.52,149.8,1784239822607,1784239819943
225.52,101.8,1784239822655,1784239819943
225.52,68.8,1784239822688,1784239819943
225.52,37.8,1784239822719,1784239819943
225.53,17.8,1784239822752,1784239819956
225.74,192.8,1784239822786,1784239820165
225.74,162.8,1784239822816,1784239820165
225.74,130.8,1784239822848,1784239820165
225.74,92.8,1784239822886,1784239820165
225.74,68.8,1784239822910,1784239820165
225.74,26.8,1784239822952,1784239820165
225.79,44.8,1784239822990,1784239820221
225.81,26.8,1784239823022,1784239820235
225.84,23.8,1784239823054,1784239820264
225.86,18.8,1784239823086,1784239820291
225.91,28.8,1784239823118,1784239820333
225.96,45.8,1784239823156,1784239820388
225.98,29.8,1784239823186,1784239820402
226.21,238.8,1784239823214,1784239820639
226.21,193.8,1784239823259,1784239820639
226.21,158.8,1784239823294,1784239820639
226.21,126.8,1784239823326,1784239820639
226.21,93.8,1784239823359,1784239820639
226.21,62.8,1784239823390,1784239820639
226.21,30.8,1784239823422,1784239820639
226.24,20.8,1784239823459,1784239820666
226.30,39.8,1784239823496,1784239820722
226.31,31.8,1784239823518,1784239820736
226.37,45.8,1784239823560,1784239820792
226.39,45.8,1784239823587,1784239820819
226.41,16.8,1784239823630,1784239820833
226.45,27.8,1784239823662,1784239820876
226.48,22.8,1784239823694,1784239820903
226.50,20.8,1784239823725,1784239820932
226.55,27.8,1784239823759,1784239820973
226.60,53.8,1784239823789,1784239821029
226.60,21.8,1784239823821,1784239821029
226.64,24.8,1784239823859,1784239821070
226.67,23.8,1784239823889,1784239821099
226.73,36.0,1784239823932,1784239821154
226.74,18.0,1784239823964,1784239821168
226.77,14.0,1784239823996,1784239821196
226.84,51.0,1784239824028,1784239821265
226.98,154.0,1784239824064,1784239821404
226.98,126.0,1784239824092,1784239821404
226.98,94.0,1784239824124,1784239821404
226.98,58.0,1784239824160,1784239821404
226.98,21.0,1784239824197,1784239821404
227.03,41.0,1784239824234,1784239821461
227.06,36.0,1784239824267,1784239821489
227.07,18.0,1784239824298,1784239821502
227.12,27.0,1784239824331,1784239821544
227.14,22.0,1784239824363,1784239821571
227.20,47.0,1784239824395,1784239821628
227.23,43.0,1784239824426,1784239821655
227.24,23.0,1784239824460,1784239821669
227.30,37.0,1784239824501,1784239821724
227.31,30.0,1784239824522,1784239821738
227.37,39.0,1784239824570,1784239821795
227.41,49.0,1784239824602,1784239821837
227.41,17.0,1784239824634,1784239821837
227.47,41.0,1784239824666,1784239821893
227.48,21.0,1784239824699,1784239821906
227.53,39.0,1784239824736,1784239821961
227.55,27.0,1784239824762,1784239821975
227.60,40.0,1784239824805,1784239822031
227.62,23.0,1784239824836,1784239822045
227.66,40.0,1784239824861,1784239822087
227.70,38.0,1784239824906,1784239822130
227.72,19.0,1784239824938,1784239822143
227.76,28.0,1784239824970,1784239822184
227.79,24.0,1784239825002,1784239822212
227.99,200.0,1784239825036,1784239822422
227.99,169.0,1784239825067,1784239822422
227.99,128.0,1784239825108,1784239822422
227.99,100.0,1784239825136,1784239822422
227.99,75.0,1784239825161,1784239822422
227.99,27.0,1784239825209,1784239822422
228.02,22.0,1784239825241,1784239822449
228.05,17.0,1784239825273,1784239822476
228.09,29.0,1784239825305,1784239822520
228.12,22.0,1784239825338,1784239822546
228.16,33.0,1784239825369,1784239822588
228.22,57.0,1784239825401,1784239822644
228.23,34.0,1784239825438,1784239822658
228.26,36.0,1784239825464,1784239822686
228.31,48.0,1784239825507,1784239822741
228.33,23.0,1784239825545,1784239822754
228.36,17.0,1784239825579,1784239822782
228.38,16.0,1784239825609,1784239822811
228.43,27.0,1784239825640,1784239822853
228.45,18.0,1784239825677,1784239822881
228.48,18.0,1784239825704,1784239822908
228.55,56.0,1784239825736,1784239822978
228.55,25.0,1784239825768,1784239822979
228.61,36.0,1784239825811,1784239823033
228.65,53.0,1784239825836,1784239823075
228.66,25.0,1784239825879,1784239823090
228.70,33.0,1784239825912,1784239823131
228.72,15.5,1784239825943,1784239823145
228.76,25.5,1784239825976,1784239823188
228.79,20.5,1784239826007,1784239823214
228.84,44.5,1784239826039,1784239823270
228.86,24.5,1784239826074,1784239823285
228.89,22.5,1784239826103,1784239823312
228.93,31.5,1784239826136,1784239823354
228.98,55.5,1784239826167,1784239823409
229.00,20.5,1784239826216,1784239823423
229.02,17.5,1784239826247,1784239823451
229.22,181.5,1784239826278,1784239823646
229.22,143.5,1784239826316,1784239823646
229.22,117.5,1784239826342,1784239823646
229.22,85.5,1784239826374,1784239823646
229.22,53.5,1784239826406,1784239823646
229.23,25.5,1784239826449,1784239823661
229.26,29.5,1784239826472,1784239823688
229.32,39.5,1784239826518,1784239823744
229.33,21.5,1784239826550,1784239823758
229.36,14.5,1784239826584,1784239823785
229.54,165.5,1784239826614,1784239823966
229.54,134.5,1784239826646,1784239823967
229.54,94.5,1784239826686,1784239823967
229.54,70.5,1784239826710,1784239823967
229.54,27.5,1784239826753,1784239823967
229.57,22.5,1784239826786,1784239823995
229.62,57.5,1784239826806,1784239824050
229.64,23.5,1784239826854,1784239824064
229.66,18.5,1784239826886,1784239824091
229.71,28.5,1784239826918,1784239824133
229.73,26.5,1784239826949,1784239824162
229.76,16.5,1784239826986,1784239824189
229.79,17.5,1784239827014,1784239824218
229.86,54.5,1784239827046,1784239824287
229.89,42.5,1784239827086,1784239824315
229.90,32.5,1784239827109,1784239824328
229.96,40.5,1784239827157,1784239824384
229.97,21.5,1784239827189,1784239824397
230.00,17.5,1784239827222,1784239824426
230.04,26.5,1784239827254,1784239824467
230.07,22.5,1784239827286,1784239824495
230.13,40.5,1784239827325,1784239824552
230.15,43.5,1784239827349,1784239824579
230.17,20.5,1784239827386,1784239824593
230.19,21.5,1784239827412,1784239824620
230.24,21.5,1784239827455,1784239824663
230.29,38.5,1784239827493,1784239824718
230.43,144.5,1784239827525,1784239824856
230.43,114.5,1784239827556,1784239824857
230.43,82.5,1784239827588,1784239824857
230.43,50.5,1784239827620,1784239824857
230.43,18.5,1784239827652,1784239824857
230.47,26.5,1784239827686,1784239824899
230.51,37.5,1784239827716,1784239824940
230.57,51.5,1784239827759,1784239824997
230.57,24.5,1784239827786,1784239824997
230.63,37.5,1784239827828,1784239825052
230.67,47.5,1784239827860,1784239825094
230.67,15.5,1784239827892,1784239825094
230.71,24.0,1784239827925,1784239825136
230.74,21.0,1784239827956,1784239825164
230.77,18.0,1784239827987,1784239825192
230.81,26.0,1784239828020,1784239825233
230.97,150.0,1784239828063,1784239825400
230.97,127.0,1784239828086,1784239825400
230.97,82.0,1784239828131,1784239825400
230.97,48.0,1784239828165,1784239825400
230.97,14.0,1784239828199,1784239825400
231.01,27.0,1784239828227,1784239825441
231.06,30.0,1784239828266,1784239825483
231.10,48.0,1784239828291,1784239825526
231.11,29.0,1784239828323,1784239825539
231.15,29.0,1784239828366,1784239825582
231.20,34.0,1784239828402,1784239825623
231.24,43.0,1784239828434,1784239825664
231.25,25.0,1784239828467,1784239825679
231.28,20.0,1784239828499,1784239825706
231.34,40.0,1784239828536,1784239825763
231.35,22.0,1784239828567,1784239825776
231.38,22.0,1784239828595,1784239825804
231.57,177.0,1784239828636,1784239826000
231.57,146.0,1784239828667,1784239826000
231.57,111.0,1784239828702,1784239826000
231.57,76.0,1784239828737,1784239826000
231.57,46.0,1784239828767,1784239826000
231.59,24.0,1784239828802,1784239826013
231.61,17.0,1784239828836,1784239826040
231.66,28.0,1784239828867,1784239826082
231.70,39.0,1784239828898,1784239826124
231.73,26.0,1784239828939,1784239826152
231.77,41.0,1784239828967,1784239826195
231.79,30.0,1784239829004,1784239826221
231.82,20.0,1784239829042,1784239826249
231.86,31.0,1784239829074,1784239826292
231.89,27.0,1784239829105,1784239826319
231.92,22.0,1784239829138,1784239826347
231.96,33.0,1784239829169,1784239826389
231.99,28.0,1784239829201,1784239826416
232.02,21.0,1784239829236,1784239826444
232.18,157.0,1784239829268,1784239826612
232.18,118.0,1784239829307,1784239826612
232.18,84.0,1784239829341,1784239826612
232.18,57.0,1784239829368,1784239826612
232.18,17.0,1784239829408,1784239826612
232.23,27.0,1784239829440,1784239826654
232.25,22.0,1784239829472,1784239826681
232.28,15.0,1784239829507,1784239826709
232.32,27.0,1784239829537,1784239826751
232.35,23.0,1784239829568,1784239826778
232.41,46.0,1784239829601,1784239826834
232.42,25.0,1784239829636,1784239826848
232.48,48.0,1784239829669,1784239826904
232.50,32.0,1784239829712,1784239826931
232.52,13.0,1784239829745,1784239826945
232.56,24.0,1784239829776,1784239826987
232.59,20.0,1784239829808,1784239827015
232.62,18.0,1784239829839,1784239827044
232.66,27.0,1784239829871,1784239827085
232.69,16.0,1784239829910,1784239827113
232.71,16.0,1784239829936,1784239827140
232.77,39.0,1784239829969,1784239827196
232.80,22.0,1784239830014,1784239827224
232.83,18.0,1784239830046,1784239827252
232.85,13.0,1784239830078,1784239827279
232.90,25.0,1784239830109,1784239827322
232.92,20.0,1784239830141,1784239827349
232.95,16.0,1784239830173,1784239827377
232.99,27.0,1784239830204,1784239827419
233.05,39.0,1784239830248,1784239827475
233.09,44.0,1784239830284,1784239827516
233.10,27.0,1784239830316,1784239827531
233.13,22.0,1784239830348,1784239827558
233.19,46.0,1784239830380,1784239827614
233.19,14.0,1784239830412,1784239827614
233.24,32.0,1784239830451,1784239827671
233.27,34.0,1784239830476,1784239827698
233.28,15.0,1784239830508,1784239827711
233.34,28.0,1784239830551,1784239827767
233.38,35.0,1784239830586,1784239827809
233.42,42.0,1784239830620,1784239827850
233.44,25.0,1784239830652,1784239827865
233.47,19.0,1784239830686,1784239827893
233.49,16.0,1784239830716,1784239827920
233.54,26.0,1784239830748,1784239827962
233.58,36.0,1784239830780,1784239828004
233.60,32.0,1784239830812,1784239828032
233.66,56.0,1784239830844,1784239828088
233.67,27.0,1784239830886,1784239828101
233.70,32.0,1784239830910,1784239828130
233.73,19.0,1784239830950,1784239828157
233.77,23.0,1784239830987,1784239828198
233.80,21.0,1784239831019,1784239828228
233.84,29.0,1784239831051,1784239828268
233.87,23.0,1784239831086,1784239828297
233.90,20.0,1784239831115,1784239828323
233.95,45.0,1784239831147,1784239828380
234.00,48.0,1784239831186,1784239828422
234.01,36.0,1784239831211,1784239828435
234.04,21.0,1784239831254,1784239828463
234.06,13.0,1784239831291,1784239828492
234.11,20.0,1784239831324,1784239828532
234.13,18.0,1784239831355,1784239828561
234.18,28.0,1784239831388,1784239828604
234.20,24.0,1784239831418,1784239828630
234.25,34.0,1784239831451,1784239828673
234.27,26.0,1784239831486,1784239828700
234.30,25.0,1784239831515,1784239828728
234.34,23.0,1784239831558,1784239828769
234.37,23.0,1784239831586,1784239828797
234.43,38.0,1784239831627,1784239828853
234.44,19.0,1784239831660,1784239828867
234.47,15.0,1784239831692,1784239828895
234.51,24.0,1784239831724,1784239828936
234.54,17.0,1784239831759,1784239828964
234.58,30.0,1784239831788,1784239829006
234.61,26.0,1784239831820,1784239829034
234.64,22.0,1784239831852,1784239829062
234.68,29.0,1784239831886,1784239829103
234.70,27.5,1784239831916,1784239829132
234.75,29.5,1784239831957,1784239829175
234.77,16.5,1784239831996,1784239829201
234.83,41.5,1784239832026,1784239829256
234.86,38.5,1784239832058,1784239829285
234.87,19.5,1784239832090,1784239829298
234.91,31.5,1784239832122,1784239829342
234.94,26.5,1784239832154,1784239829369
234.97,22.5,1784239832186,1784239829397
235.01,31.5,1784239832218,1784239829438
235.07,45.5,1784239832260,1784239829494
235.08,21.5,1784239832297,1784239829507
235.11,17.5,1784239832329,1784239829535
235.14,14.5,1784239832361,1784239829564
235.18,22.5,1784239832394,1784239829605
235.21,18.5,1784239832426,1784239829633
235.25,28.5,1784239832458,1784239829675
235.30,50.5,1784239832491,1784239829730
235.32,34.5,1784239832522,1784239829745
235.36,43.5,1784239832554,1784239829786
235.40,38.5,1784239832602,1784239829829
235.42,17.5,1784239832636,1784239829842
235.44,15.5,1784239832666,1784239829870
235.49,24.5,1784239832699,1784239829912
235.54,41.5,1784239832736,1784239829966
235.54,15.5,1784239832762,1784239829966
235.58,26.5,1784239832795,1784239830010
235.64,49.5,1784239832826,1784239830064
235.64,17.5,1784239832858,1784239830064
235.69,32.5,1784239832900,1784239830121
235.72,37.5,1784239832922,1784239830148
235.75,17.5,1784239832969,1784239830175
235.78,10.5,1784239833004,1784239830203
235.82,21.5,1784239833036,1784239830246
235.86,32.5,1784239833066,1784239830287
235.90,37.5,1784239833103,1784239830329
235.93,27.5,1784239833141,1784239830357
235.97,48.5,1784239833162,1784239830399
236.00,34.5,1784239833204,1784239830427
236.03,27.5,1784239833238,1784239830454
236.07,35.5,1784239833273,1784239830497
236.08,16.5,1784239833305,1784239830510
236.12,24.5,1784239833338,1784239830551
236.15,22.5,1784239833369,1784239830580
236.18,18.5,1784239833401,1784239830608
236.21,10.5,1784239833436,1784239830635
236.25,24.5,1784239833465,1784239830678
236.31,47.5,1784239833497,1784239830733
236.35,49.5,1784239833536,1784239830774
236.36,38.5,1784239833562,1784239830789
236.40,32.5,1784239833609,1784239830830
236.42,15.5,1784239833640,1784239830844
236.47,38.5,1784239833673,1784239830900
236.49,21.5,1784239833704,1784239830914
236.53,29.5,1784239833737,1784239830955
236.56,26.5,1784239833768,1784239830983
236.61,49.5,1784239833801,1784239831039
236.63,28.5,1784239833836,1784239831053
236.68,41.5,1784239833878,1784239831108
236.71,36.5,1784239833912,1784239831137
236.74,30.5,1784239833945,1784239831164
236.77,26.6,1784239833978,1784239831193
236.79,20.6,1784239834011,1784239831220
236.82,17.6,1784239834041,1784239831247
236.86,21.6,1784239834079,1784239831289
236.89,24.6,1784239834104,1784239831317
236.95,46.6,1784239834137,1784239831372
236.96,20.6,1784239834179,1784239831388
237.02,43.6,1784239834211,1784239831443
237.03,32.6,1784239834236,1784239831457
237.06,14.6,1784239834281,1784239831484
237.11,38.6,1784239834313,1784239831540
237.13,19.6,1784239834346,1784239831554
237.16,14.6,1784239834379,1784239831582
237.20,26.6,1784239834409,1784239831624
237.39,189.6,1784239834441,1784239831819
237.39,151.6,1784239834479,1784239831819
237.39,126.6,1784239834504,1784239831819
237.39,83.6,1784239834547,1784239831819
237.39,46.6,1784239834584,1784239831819
237.39,12.6,1784239834618,1784239831819
237.43,24.6,1784239834648,1784239831861
237.46,19.6,1784239834680,1784239831888
237.49,15.6,1784239834712,1784239831916
237.53,23.6,1784239834745,1784239831957
237.57,30.6,1784239834781,1784239832000
237.59,16.6,1784239834809,1784239832014
237.64,29.6,1784239834851,1784239832069
237.67,22.6,1784239834886,1784239832097
237.70,16.6,1784239834921,1784239832126
237.74,25.6,1784239834952,1784239832166
237.77,20.6,1784239834986,1784239832195
237.80,18.6,1784239835016,1784239832223
237.82,14.6,1784239835047,1784239832250
237.88,31.6,1784239835086,1784239832306
237.91,33.6,1784239835111,1784239832333
237.95,32.6,1784239835154,1784239832375
237.96,14.6,1784239835187,1784239832390
238.00,34.6,1784239835208,1784239832431
238.06,46.6,1784239835251,1784239832486
238.07,25.6,1784239835288,1784239832502
238.10,20.6,1784239835320,1784239832529
238.15,36.6,1784239835352,1784239832577
238.16,14.6,1784239835386,1784239832589
238.20,21.6,1784239835416,1784239832626
238.27,50.6,1784239835455,1784239832694
238.27,19.6,1784239835486,1784239832694
238.31,36.6,1784239835512,1784239832737
238.38,59.6,1784239835555,1784239832803
238.38,22.6,1784239835592,1784239832803
238.41,20.6,1784239835624,1784239832833
238.44,17.6,1784239835656,1784239832862
238.48,26.6,1784239835689,1784239832904
238.50,22.6,1784239835720,1784239832931
238.53,19.6,1784239835752,1784239832960
238.58,26.6,1784239835787,1784239833002
238.60,25.6,1784239835816,1784239833030
238.64,24.6,1784239835858,1784239833071
238.67,24.6,1784239835886,1784239833099
238.71,25.6,1784239835927,1784239833141
238.74,21.2,1784239835959,1784239833169
238.77,17.2,1784239835991,1784239833197
238.81,23.2,1784239836026,1784239833238
238.84,22.2,1784239836055,1784239833266
238.88,32.2,1784239836087,1784239833308
238.91,29.2,1784239836118,1784239833336
238.96,41.2,1784239836161,1784239833391
238.98,18.2,1784239836198,1784239833405
239.01,14.2,1784239836230,1784239833433
239.05,25.2,1784239836262,1784239833476
239.08,19.2,1784239836295,1784239833503
239.10,16.2,1784239836326,1784239833531
239.15,25.2,1784239836358,1784239833572
239.17,21.2,1784239836390,1784239833600
239.20,17.2,1784239836422,1784239833628
239.24,26.2,1784239836454,1784239833669
239.29,37.2,1784239836487,1784239833713
239.31,34.2,1784239836517,1784239833740
239.34,14.2,1784239836565,1784239833768
239.38,23.2,1784239836597,1784239833809
239.41,19.2,1784239836629,1784239833837
239.44,15.2,1784239836661,1784239833865
239.48,25.2,1784239836693,1784239833907
239.51,21.2,1784239836725,1784239833935
239.54,16.2,1784239836757,1784239833962
239.59,29.2,1784239836799,1784239834017
239.63,51.2,1784239836820,1784239834060
239.65,17.2,1784239836868,1784239834074
239.68,11.2,1784239836903,1784239834103
239.72,18.2,1784239836936,1784239834143
239.74,18.2,1784239836964,1784239834171
239.77,14.2,1784239836996,1784239834199
239.83,35.2,1784239837030,1784239834254
239.87,43.2,1784239837065,1784239834297
239.91,47.2,1784239837102,1784239834338
239.91,12.2,1784239837137,1784239834338
239.97,35.2,1784239837171,1784239834395
239.98,17.2,1784239837202,1784239834408
240.01,10.2,1784239837237,1784239834436
240.05,23.2,1784239837266,1784239834478
240.08,14.2,1784239837303,1784239834506
240.12,23.2,1784239837336,1784239834548
240.15,24.2,1784239837362,1784239834575
240.20,37.2,1784239837405,1784239834631
240.22,20.2,1784239837436,1784239834645
240.26,40.2,1784239837458,1784239834687
240.30,34.2,1784239837506,1784239834729
240.34,42.2,1784239837539,1784239834770
240.36,25.2,1784239837570,1784239834784
240.39,22.2,1784239837601,1784239834812
240.58,180.2,1784239837637,1784239835006
240.58,151.2,1784239837666,1784239835006
240.58,118.2,1784239837699,1784239835006
240.58,81.2,1784239837736,1784239835006
240.58,55.2,1784239837762,1784239835006
240.59,27.2,1784239837805,1784239835021
240.64,33.2,1784239837842,1784239835064
240.65,14.2,1784239837874,1784239835077
240.69,23.2,1784239837906,1784239835118
240.72,17.2,1784239837940,1784239835146
240.77,36.2,1784239837977,1784239835201
240.82,56.2,1784239838000,1784239835244
240.83,33.2,1784239838036,1784239835257
240.86,31.2,1784239838066,1784239835285
240.89,14.2,1784239838111,1784239835313
240.93,22.2,1784239838145,1784239835355
240.96,19.2,1784239838175,1784239835382
241.00,29.2,1784239838207,1784239835424
241.03,25.2,1784239838239,1784239835452
241.05,21.2,1784239838271,1784239835480
241.10,30.2,1784239838303,1784239835521
241.12,26.2,1784239838337,1784239835551
241.15,19.2,1784239838370,1784239835577
241.19,21.2,1784239838410,1784239835619
241.23,26.2,1784239838447,1784239835661
241.28,33.2,1784239838482,1784239835703
241.29,19.2,1784239838510,1784239835717
241.33,27.2,1784239838544,1784239835759
241.36,25.2,1784239838574,1784239835787
241.39,20.2,1784239838606,1784239835814
241.43,18.2,1784239838649,1784239835855
241.46,26.2,1784239838670,1784239835884
241.51,47.2,1784239838704,1784239835939
241.53,16.2,1784239838750,1784239835954
241.57,26.2,1784239838782,1784239835996
241.62,47.2,1784239838815,1784239836050
241.62,15.2,1784239838847,1784239836050
241.68,40.2,1784239838879,1784239836107
241.83,162.2,1784239838910,1784239836260
241.83,130.2,1784239838942,1784239836260
241.83,99.2,1784239838973,1784239836260
241.83,57.2,1784239839015,1784239836260
241.83,23.2,1784239839049,1784239836260
241.86,21.2,1784239839079,1784239836288
241.90,31.2,1784239839110,1784239836329
241.96,54.2,1784239839143,1784239836385
241.97,25.2,1784239839186,1784239836399
242.00,32.2,1784239839208,1784239836428
242.06,40.2,1784239839254,1784239836482
242.07,21.2,1784239839287,1784239836496
242.10,19.2,1784239839318,1784239836525
242.14,27.2,1784239839351,1784239836566
242.17,20.2,1784239839386,1784239836594
242.19,20.2,1784239839414,1784239836622
242.24,29.2,1784239839447,1784239836664
242.26,17.2,1784239839486,1784239836691
242.29,19.2,1784239839511,1784239836718
242.33,20.2,1784239839553,1784239836761
242.38,29.2,1784239839586,1784239836803
242.40,21.2,1784239839622,1784239836831
242.43,16.2,1784239839654,1784239836858
242.47,25.2,1784239839687,1784239836900
242.50,22.2,1784239839718,1784239836928
242.53,18.2,1784239839750,1784239836956
242.57,21.2,1784239839789,1784239836998
242.60,23.2,1784239839815,1784239837026
242.65,36.2,1784239839857,1784239837081
242.67,21.2,1784239839886,1784239837095
242.71,39.2,1784239839910,1784239837137
242.74,18.5,1784239839957,1784239837164
242.78,28.5,1784239839990,1784239837207
242.81,25.5,1784239840021,1784239837235
242.84,19.5,1784239840055,1784239837263
242.86,15.5,1784239840086,1784239837290
242.91,27.5,1784239840116,1784239837332
242.96,39.5,1784239840159,1784239837387
242.97,26.5,1784239840186,1784239837401
243.00,12.5,1784239840228,1784239837429
243.04,22.5,1784239840260,1784239837471
243.07,17.5,1784239840292,1784239837498
243.10,14.5,1784239840324,1784239837527
243.14,24.5,1784239840356,1784239837569
243.17,19.5,1784239840388,1784239837596
243.20,16.5,1784239840419,1784239837624
243.25,29.5,1784239840462,1784239837680
243.30,47.5,1784239840486,1784239837722
243.31,16.5,1784239840531,1784239837736
243.35,26.5,1784239840563,1784239837778
243.38,21.5,1784239840595,1784239837805
243.41,16.5,1784239840628,1784239837833
243.43,13.5,1784239840659,1784239837861
243.48,22.5,1784239840692,1784239837903
243.50,18.5,1784239840724,1784239837931
243.53,15.5,1784239840755,1784239837959
243.59,27.5,1784239840798,1784239838014
243.63,48.5,1784239840819,1784239838056
243.67,41.5,1784239840866,1784239838096
243.69,22.5,1784239840901,1784239838112
243.71,20.5,1784239840930,1784239838139
243.75,29.5,1784239840963,1784239838181
243.78,26.5,1784239840995,1784239838210
243.82,35.5,1784239841027,1784239838251
243.85,25.5,1784239841065,1784239838279
243.91,43.5,1784239841102,1784239838334
243.92,23.5,1784239841136,1784239838348
243.96,46.5,1784239841155,1784239838390
243.98,13.5,1784239841202,1784239838404
244.02,21.5,1784239841236,1784239838446
244.05,17.5,1784239841267,1784239838473
244.10,42.5,1784239841299,1784239838530
244.12,18.5,1784239841336,1784239838543
244.14,19.5,1784239841363,1784239838571
244.20,43.5,1784239841395,1784239838627
244.24,44.5,1784239841436,1784239838669
244.26,22.5,1784239841472,1784239838683
244.30,34.5,1784239841501,1784239838724
244.34,39.5,1784239841538,1784239838766
244.35,19.5,1784239841572,1784239838780
244.39,26.5,1784239841606,1784239838821
244.44,37.5,1784239841638,1784239838864
244.45,23.5,1784239841666,1784239838878
244.49,25.5,1784239841706,1784239838920
244.52,22.5,1784239841736,1784239838947
244.55,24.5,1784239841762,1784239838975
244.59,22.5,1784239841806,1784239839017
244.65,48.5,1784239841836,1784239839073
244.79,165.5,1784239841858,1784239839212
244.81,145.5,1784239841906,1784239839240
244.81,113.5,1784239841938,1784239839240
244.81,74.9,1784239841972,1784239839240
244.81,39.9,1784239842007,1784239839240
244.83,18.9,1784239842041,1784239839253
244.86,13.9,1784239842074,1784239839281
244.88,8.9,1784239842108,1784239839310
244.92,21.9,1784239842136,1784239839351
244.98,50.9,1784239842163,1784239839407
245.13,158.9,1784239842209,1784239839561
245.13,126.9,1784239842241,1784239839561
245.13,91.9,1784239842276,1784239839561
245.13,57.9,1784239842310,1784239839561
245.13,30.9,1784239842337,1784239839561
245.16,18.9,1784239842376,1784239839588
245.22,38.9,1784239842412,1784239839644
245.24,40.9,1784239842437,1784239839671
245.26,14.9,1784239842477,1784239839685
245.29,6.9,1784239842513,1784239839713
245.33,14.9,1784239842546,1784239839754
245.36,12.9,1784239842577,1784239839783
245.38,9.9,1784239842608,1784239839811
245.43,19.9,1784239842640,1784239839853
245.45,12.9,1784239842674,1784239839880
245.49,20.9,1784239842708,1784239839922
245.54,23.9,1784239842747,1784239839964
245.55,14.9,1784239842770,1784239839978
245.59,14.9,1784239842811,1784239840019
245.64,20.9,1784239842848,1784239840062
245.66,12.9,1784239842882,1784239840088
245.69,9.9,1784239842914,1784239840117
245.73,19.9,1784239842946,1784239840159
245.77,28.9,1784239842978,1784239840200
245.80,26.9,1784239843009,1784239840229
245.83,12.9,1784239843050,1784239840256
245.86,16.9,1784239843074,1784239840284
245.91,37.9,1784239843109,1784239840340
245.93,9.9,1784239843151,1784239840354
245.97,16.9,1784239843185,1784239840395
246.00,10.9,1784239843219,1784239840423
246.04,18.9,1784239843252,1784239840464
246.08,34.9,1784239843279,1784239840507
246.11,28.9,1784239843312,1784239840534
246.14,23.9,1784239843346,1784239840563
246.19,38.9,1784239843386,1784239840618
246.21,28.9,1784239843410,1784239840632
246.23,16.9,1784239843450,1784239840660
246.26,7.9,1784239843486,1784239840687
246.30,18.9,1784239843518,1784239840730
246.33,14.9,1784239843550,1784239840758
246.36,5.9,1784239843586,1784239840785
246.40,19.9,1784239843615,1784239840828
246.43,14.9,1784239843647,1784239840855
246.47,16.9,1784239843686,1784239840896
246.50,19.9,1784239843711,1784239840924
246.55,33.9,1784239843753,1784239840980
246.57,14.9,1784239843786,1784239840994
246.61,19.9,1784239843823,1784239841036
246.64,15.9,1784239843855,1784239841064
246.67,12.9,1784239843886,1784239841092
246.71,20.9,1784239843919,1784239841133
246.74,18.3,1784239843951,1784239841162
246.76,11.3,1784239843986,1784239841190
246.80,22.3,1784239844016,1784239841231
246.86,37.3,1784239844056,1784239841286
246.87,21.3,1784239844086,1784239841300
246.90,23.3,1784239844112,1784239841328
246.94,20.3,1784239844158,1784239841371
246.97,15.3,1784239844190,1784239841398
247.00,11.3,1784239844222,1784239841426
247.04,20.3,1784239844254,1784239841467
247.07,15.3,1784239844287,1784239841495
247.10,11.3,1784239844318,1784239841522
247.15,25.3,1784239844361,1784239841579
247.18,28.3,1784239844386,1784239841607
247.19,14.3,1784239844414,1784239841621
247.25,22.3,1784239844461,1784239841676
247.29,30.3,1784239844494,1784239841717
247.32,24.3,1784239844529,1784239841746
247.33,9.3,1784239844558,1784239841760
247.37,19.3,1784239844590,1784239841802
247.42,29.3,1784239844622,1784239841844
247.43,10.3,1784239844654,1784239841857
247.49,34.3,1784239844686,1784239841913
247.50,17.3,1784239844717,1784239841927
247.57,43.3,1784239844760,1784239841996
247.58,32.3,1784239844786,1784239842011
247.61,30.3,1784239844815,1784239842038
247.65,25.3,1784239844862,1784239842080
247.69,35.3,1784239844894,1784239842122
247.71,18.3,1784239844925,1784239842136
247.74,14.3,1784239844957,1784239842164
247.78,25.3,1784239844988,1784239842206
247.81,21.3,1784239845020,1784239842234
247.85,17.3,1784239845065,1784239842275
247.88,23.3,1784239845087,1784239842303
247.92,21.3,1784239845131,1784239842345
247.95,17.3,1784239845163,1784239842373
247.97,12.3,1784239845195,1784239842400
248.02,22.3,1784239845227,1784239842442
248.04,16.3,1784239845261,1784239842470
248.09,19.3,1784239845300,1784239842512
248.11,23.3,1784239845323,1784239842539
248.14,20.3,1784239845354,1784239842567
248.18,20.3,1784239845397,1784239842610
248.21,8.3,1784239845436,1784239842637
248.25,20.3,1784239845466,1784239842679
248.28,14.3,1784239845499,1784239842706
248.32,24.3,1784239845531,1784239842748
248.35,21.3,1784239845562,1784239842776
248.39,30.3,1784239845595,1784239842818
248.42,17.3,1784239845636,1784239842846
248.45,11.3,1784239845670,1784239842874
248.49,21.3,1784239845701,1784239842915
248.52,11.3,1784239845739,1784239842943
248.56,37.3,1784239845755,1784239842985
248.59,18.3,1784239845802,1784239843013
248.61,11.3,1784239845836,1784239843040
248.66,24.3,1784239845866,1784239843083
248.78,117.3,1784239845898,1784239843208
248.78,79.3,1784239845936,1784239843208
248.78,53.3,1784239845962,1784239843208
248.78,10.1,1784239846004,1784239843208
248.99,187.1,1784239846036,1784239843417
248.99,158.1,1784239846065,1784239843417
249.02,144.1,1784239846106,1784239843444
249.02,113.1,1784239846137,1784239843444
249.02,81.1,1784239846169,1784239843444
249.02,48.1,1784239846202,1784239843444
249.02,14.1,1784239846236,1784239843444
249.04,13.1,1784239846265,1784239843472
249.10,26.1,1784239846308,1784239843528
249.12,12.1,1784239846336,1784239843542
249.17,41.1,1784239846362,1784239843597
249.19,14.1,1784239846405,1784239843613
249.23,17.1,1784239846442,1784239843653
249.25,13.1,1784239846474,1784239843681
249.28,9.1,1784239846506,1784239843709
249.32,18.1,1784239846538,1784239843750
249.35,15.1,1784239846570,1784239843779
249.38,10.1,1784239846602,1784239843806
249.42,17.1,1784239846636,1784239843847
249.48,45.1,1784239846665,1784239843904
249.49,11.1,1784239846713,1784239843918
249.53,20.1,1784239846746,1784239843960
249.56,17.1,1784239846777,1784239843988
249.59,12.1,1784239846809,1784239844015
249.62,8.1,1784239846841,1784239844043
249.66,14.1,1784239846877,1784239844085
249.70,21.1,1784239846912,1784239844127
249.76,49.1,1784239846938,1784239844181
249.76,18.1,1784239846969,1784239844181
249.81,33.1,1784239847011,1784239844238
249.83,10.1,1784239847048,1784239844252
249.87,21.1,1784239847080,1784239844295
249.89,16.1,1784239847112,1784239844322
249.94,24.1,1784239847144,1784239844362
249.96,21.1,1784239847176,1784239844391
249.99,16.1,1784239847208,1784239844418
250.05,41.1,1784239847240,1784239844475
250.06,23.1,1784239847272,1784239844489
250.09,18.1,1784239847305,1784239844517
250.15,30.1,1784239847348,1784239844572
250.19,51.1,1784239847369,1784239844614
250.20,15.1,1784239847419,1784239844628
250.23,13.1,1784239847449,1784239844656
250.27,18.1,1784239847486,1784239844698
250.33,46.1,1784239847513,1784239844753
250.33,14.1,1784239847545,1784239844753
250.38,39.1,1784239847577,1784239844810
250.42,38.1,1784239847619,1784239844851
250.44,18.1,1784239847652,1784239844864
250.49,41.1,1784239847686,1784239844921
250.52,35.1,1784239847719,1784239844948
250.54,16.1,1784239847752,1784239844962
250.56,11.1,1784239847786,1784239844991
250.61,19.1,1784239847819,1784239845032
250.63,16.1,1784239847849,1784239845059
250.67,21.1,1784239847886,1784239845101
250.70,16.1,1784239847919,1784239845129
250.76,44.1,1784239847946,1784239845184
250.77,19.0,1784239847986,1784239845199
250.80,12.0,1784239848020,1784239845226
250.84,17.0,1784239848057,1784239845268
250.87,14.0,1784239848088,1784239845296
250.91,23.0,1784239848120,1784239845337
250.94,19.0,1784239848152,1784239845365
250.97,14.0,1784239848186,1784239845394
250.99,8.0,1784239848220,1784239845422
251.06,38.0,1784239848258,1784239845490
251.06,10.0,1784239848286,1784239845490
251.11,18.0,1784239848320,1784239845532
251.16,39.0,1784239848355,1784239845588
251.18,22.0,1784239848386,1784239845602
251.20,12.0,1784239848424,1784239845630
251.25,22.0,1784239848456,1784239845672
251.27,17.0,1784239848488,1784239845699
251.44,152.0,1784239848520,1784239845866
251.44,113.0,1784239848559,1784239845866
251.44,85.0,1784239848587,1784239845866
251.44,52.0,1784239848621,1784239845867
251.44,14.0,1784239848659,1784239845867
251.48,29.0,1784239848686,1784239845909
251.51,14.0,1784239848728,1784239845936
251.54,10.0,1784239848760,1784239845964
251.58,21.0,1784239848792,1784239846007
251.61,17.0,1784239848823,1784239846034
251.64,13.0,1784239848855,1784239846062
251.69,37.0,1784239848887,1784239846118
251.70,16.0,1784239848921,1784239846131
251.76,31.0,1784239848962,1784239846187
251.77,20.0,1784239848986,1784239846200
251.83,40.0,1784239849022,1784239846256
251.84,11.0,1784239849065,1784239846270
251.87,8.0,1784239849096,1784239846298
251.91,18.0,1784239849128,1784239846340
251.94,14.0,1784239849160,1784239846368
251.97,10.0,1784239849192,1784239846396
252.01,20.0,1784239849224,1784239846438
252.04,16.0,1784239849256,1784239846466
252.09,29.0,1784239849298,1784239846521
252.12,32.0,1784239849323,1784239846549
252.16,35.0,1784239849362,1784239846591
252.18,10.0,1784239849400,1784239846604
252.21,4.0,1784239849436,1784239846634
252.25,17.0,1784239849464,1784239846675
252.28,10.0,1784239849498,1784239846702
252.30,7.0,1784239849528,1784239846729
252.35,18.0,1784239849560,1784239846772
252.40,42.0,1784239849592,1784239846828
252.43,38.0,1784239849623,1784239846855
252.44,20.0,1784239849655,1784239846869
252.50,29.0,1784239849702,1784239846925
252.51,8.0,1784239849736,1784239846938
252.55,20.0,1784239849767,1784239846981
252.58,18.0,1784239849798,1784239847010
252.61,6.0,1784239849837,1784239847037
252.65,23.0,1784239849862,1784239847079
252.68,17.0,1784239849895,1784239847106
252.74,32.0,1784239849936,1784239847162
252.78,51.0,1784239849958,1784239847203
252.79,18.0,1784239850005,1784239847217
252.82,15.0,1784239850038,1784239847247
252.86,23.0,1784239850070,1784239847287
252.89,20.0,1784239850101,1784239847315
252.92,13.0,1784239850136,1784239847343
252.96,25.0,1784239850165,1784239847384
252.99,20.0,1784239850198,1784239847412
253.03,24.0,1784239850236,1784239847454
253.05,26.0,1784239850261,1784239847481
253.11,38.0,1784239850304,1784239847536
253.12,16.0,1784239850341,1784239847551
253.15,12.0,1784239850373,1784239847579
253.18,10.0,1784239850404,1784239847608
253.22,19.0,1784239850437,1784239847650
253.26,30.0,1784239850468,1784239847692
253.43,157.0,1784239850508,1784239847859
253.43,129.0,1784239850536,1784239847859
253.43,100.0,1784239850565,1784239847859
253.43,55.0,1784239850610,1784239847859
253.43,23.0,1784239850642,1784239847859
253.46,19.0,1784239850673,1784239847886
253.49,14.0,1784239850706,1784239847914
253.53,25.0,1784239850737,1784239847956
253.56,20.0,1784239850769,1784239847983
253.72,155.0,1784239850801,1784239848150
253.72,121.0,1784239850836,1784239848151
253.72,93.0,1784239850864,1784239848151
253.72,44.0,1784239850913,1784239848151
253.72,13.0,1784239850944,1784239848151
253.77,22.0,1784239850976,1784239848192
253.79,18.0,1784239851008,1784239848220
253.82,13.0,1784239851041,1784239848248
253.86,23.0,1784239851072,1784239848289
253.89,18.0,1784239851105,1784239848317
253.93,19.0,1784239851147,1784239848360
253.99,39.0,1784239851181,1784239848414
254.00,25.0,1784239851211,1784239848430
254.03,14.0,1784239851249,1784239848457
254.06,10.0,1784239851281,1784239848485
254.10,18.0,1784239851314,1784239848526
254.13,15.0,1784239851345,1784239848554
254.15,11.0,1784239851376,1784239848581
254.20,22.0,1784239851408,1784239848624
254.25,45.0,1784239851440,1784239848679
254.25,13.0,1784239851472,1784239848679
254.29,24.0,1784239851504,1784239848722
254.35,37.0,1784239851547,1784239848778
254.36,12.0,1784239851585,1784239848791
254.39,8.0,1784239851617,1784239848819
254.43,18.0,1784239851649,1784239848861
254.46,13.0,1784239851681,1784239848888
254.50,23.0,1784239851713,1784239848930
254.53,20.0,1784239851744,1784239848958
254.59,44.0,1784239851776,1784239849014
254.59,12.0,1784239851808,1784239849014
254.66,39.0,1784239851850,1784239849083
254.67,16.0,1784239851887,1784239849097
254.70,12.0,1784239851919,1784239849125
254.74,22.0,1784239851951,1784239849167
254.77,14.1,1784239851986,1784239849194
254.80,10.1,1784239852018,1784239849222
254.84,25.1,1784239852045,1784239849264
254.87,12.1,1784239852086,1784239849292
254.89,17.1,1784239852109,1784239849320
254.94,17.1,1784239852151,1784239849362
254.98,21.1,1784239852188,1784239849403
255.00,17.1,1784239852220,1784239849431
255.03,13.1,1784239852252,1784239849459
255.07,21.1,1784239852286,1784239849501
255.10,17.1,1784239852318,1784239849529
255.13,13.1,1784239852349,1784239849556
255.17,18.1,1784239852386,1784239849598
255.20,21.1,1784239852412,1784239849627
255.25,33.1,1784239852454,1784239849681
255.27,16.1,1784239852486,1784239849696
255.44,145.1,1784239852524,1784239849863
255.44,114.1,1784239852555,1784239849863
255.44,78.1,1784239852591,1784239849863
255.44,50.1,1784239852619,1784239849863
255.44,18.1,1784239852651,1784239849863
255.46,10.1,1784239852686,1784239849890
255.50,23.1,1784239852715,1784239849932
255.56,37.1,1784239852757,1784239849988
255.58,22.1,1784239852786,1784239850002
255.60,9.1,1784239852827,1784239850030
255.64,19.1,1784239852859,1784239850072
255.80,140.1,1784239852891,1784239850225
255.80,108.1,1784239852923,1784239850225
255.80,77.1,1784239852954,1784239850225
255.80,44.1,1784239852987,1784239850225
255.80,13.1,1784239853018,1784239850225
255.84,12.1,1784239853061,1784239850267
255.88,29.1,1784239853086,1784239850309
255.91,23.1,1784239853119,1784239850336
255.94,7.1,1784239853163,1784239850364
255.98,19.1,1784239853193,1784239850406
256.02,27.1,1784239853226,1784239850447
256.03,11.1,1784239853257,1784239850462
256.08,20.1,1784239853289,1784239850503
256.10,15.1,1784239853321,1784239850530
256.13,13.1,1784239853353,1784239850560
256.19,35.1,1784239853386,1784239850615
256.23,30.1,1784239853433,1784239850657
256.24,9.1,1784239853467,1784239850670
256.27,6.1,1784239853498,1784239850698
256.31,13.1,1784239853533,1784239850740
256.34,12.1,1784239853562,1784239850768
256.37,8.1,1784239853594,1784239850796
256.43,32.1,1784239853626,1784239850852
256.45,27.1,1784239853658,1784239850879
256.49,37.1,1784239853690,1784239850921
256.52,33.1,1784239853722,1784239850949
256.56,27.1,1784239853769,1784239850990
256.58,9.1,1784239853802,1784239851005
256.62,16.1,1784239853836,1784239851046
256.65,15.1,1784239853865,1784239851074
256.69,24.1,1784239853898,1784239851116
256.73,29.1,1784239853934,1784239851157
256.74,16.1,1784239853961,1784239851171
256.80,39.7,1784239853994,1784239851227
256.84,42.7,1784239854034,1784239851270
256.86,24.7,1784239854065,1784239851283
256.88,16.7,1784239854101,1784239851311
256.91,9.7,1784239854136,1784239851339
256.95,18.7,1784239854169,1784239851381
257.00,27.7,1784239854201,1784239851422
257.02,21.7,1784239854236,1784239851451
257.05,19.7,1784239854265,1784239851478
257.08,14.7,1784239854297,1784239851505
257.14,32.7,1784239854336,1784239851562
257.15,20.7,1784239854361,1784239851575
257.19,17.7,1784239854406,1784239851617
257.22,13.7,1784239854438,1784239851645
257.26,19.7,1784239854474,1784239851687
257.44,169.7,1784239854504,1784239851867
257.44,136.7,1784239854537,1784239851867
257.44,101.7,1784239854572,1784239851867
257.44,67.7,1784239854606,1784239851867
257.44,33.7,1784239854640,1784239851867
257.47,28.7,1784239854674,1784239851896
257.51,36.7,1784239854707,1784239851937
257.52,19.7,1784239854739,1784239851952
257.55,11.7,1784239854774,1784239851979
257.59,17.7,1784239854810,1784239852021
257.76,152.7,1784239854843,1784239852189
257.76,120.7,1784239854875,1784239852189
257.76,93.7,1784239854902,1784239852189
257.76,53.7,1784239854942,1784239852189
257.76,20.7,1784239854975,1784239852189
257.82,41.7,1784239855009,1784239852244
257.82,7.7,1784239855043,1784239852244
257.86,12.7,1784239855079,1784239852285
257.90,23.7,1784239855110,1784239852327
257.93,16.7,1784239855145,1784239852355
257.96,12.7,1784239855177,1784239852383
258.00,26.7,1784239855205,1784239852425
258.04,34.7,1784239855238,1784239852466
258.08,37.7,1784239855278,1784239852509
258.10,18.7,1784239855311,1784239852523
258.12,19.7,1784239855338,1784239852551
258.18,33.7,1784239855379,1784239852606
258.19,12.7,1784239855413,1784239852619
258.22,7.7,1784239855447,1784239852648
258.28,26.7,1784239855483,1784239852703
258.32,38.7,1784239855513,1784239852745
258.35,33.7,1784239855546,1784239852773
258.36,13.7,1784239855580,1784239852787
258.39,6.7,1784239855614,1784239852814
258.44,27.7,1784239855650,1784239852871
258.46,11.7,1784239855679,1784239852884
258.50,17.7,1784239855715,1784239852926
258.53,11.7,1784239855748,1784239852953
258.55,7.7,1784239855780,1784239852981
258.60,19.7,1784239855811,1784239853024
258.62,8.7,1784239855848,1784239853050
258.68,37.7,1784239855876,1784239853107
258.69,17.7,1784239855909,1784239853120
258.74,19.7,1784239855950,1784239853163
258.75,14.7,1784239855970,1784239853178
258.78,9.1,1784239856002,1784239853204
258.83,18.1,1784239856050,1784239853261
258.87,27.1,1784239856082,1784239853302
258.92,35.1,1784239856116,1784239853344
258.94,29.1,1784239856149,1784239853371
258.96,15.1,1784239856177,1784239853385
259.00,25.1,1784239856209,1784239853427
259.01,7.1,1784239856241,1784239853441
259.07,17.1,1784239856286,1784239853496
259.10,10.1,1784239856322,1784239853525
259.14,19.1,1784239856354,1784239853566
259.17,16.1,1784239856386,1784239853595
259.21,24.1,1784239856418,1784239853635
259.25,37.1,1784239856448,1784239853678
259.29,40.1,1784239856486,1784239853719
259.31,19.1,1784239856521,1784239853733
259.35,28.1,1784239856555,1784239853776
259.36,9.1,1784239856587,1784239853789
259.40,15.1,1784239856622,1784239853830
259.43,12.1,1784239856654,1784239853859
259.47,20.1,1784239856687,1784239853900
259.53,38.1,1784239856725,1784239853956
259.53,7.1,1784239856756,1784239853956
259.57,19.1,1784239856786,1784239853998
259.60,20.1,1784239856813,1784239854026
259.64,26.1,1784239856849,1784239854068
259.67,9.1,1784239856894,1784239854096
259.70,20.1,1784239856910,1784239854123
259.74,14.1,1784239856958,1784239854165
259.78,23.1,1784239856990,1784239854206
259.81,20.1,1784239857022,1784239854235
259.86,43.1,1784239857054,1784239854290
259.88,19.1,1784239857091,1784239854303
259.90,12.1,1784239857126,1784239854331
259.95,22.1,1784239857159,1784239854374
259.97,22.1,1784239857186,1784239854401
260.00,24.1,1784239857213,1784239854430
260.03,18.1,1784239857246,1784239854457
260.07,13.1,1784239857293,1784239854499
260.10,10.1,1784239857324,1784239854527
260.16,34.1,1784239857356,1784239854583
260.17,12.1,1784239857391,1784239854596
260.21,24.1,1784239857421,1784239854638
260.24,22.1,1784239857452,1784239854667
260.28,29.1,1784239857486,1784239854708
260.31,14.1,1784239857531,1784239854738
260.34,7.1,1784239857565,1784239854765
260.38,14.1,1784239857598,1784239854805
260.43,40.1,1784239857629,1784239854862
260.45,18.1,1784239857664,1784239854875
260.48,19.1,1784239857690,1784239854902
260.50,7.1,1784239857731,1784239854931
260.55,24.1,1784239857755,1784239854972
260.59,35.1,1784239857787,1784239855015
260.62,31.1,1784239857818,1784239855042
260.64,10.1,1784239857866,1784239855069
260.69,18.1,1784239857901,1784239855112
260.73,29.1,1784239857932,1784239855154
260.74,12.1,1784239857962,1784239855167
260.80,35.9,1784239857994,1784239855223
260.82,24.9,1784239858033,1784239855251
260.85,19.9,1784239858066,1784239855279
260.88,12.9,1784239858100,1784239855306
260.91,6.9,1784239858134,1784239855334
260.95,13.9,1784239858169,1784239855376
260.98,9.9,1784239858201,1784239855404
261.02,15.9,1784239858236,1784239855445
261.05,16.9,1784239858264,1784239855474
261.09,24.9,1784239858297,1784239855515
261.12,14.9,1784239858336,1784239855544
261.14,13.9,1784239858364,1784239855571
261.19,26.9,1784239858393,1784239855613
261.21,11.9,1784239858436,1784239855641
261.26,20.9,1784239858470,1784239855684
261.28,28.9,1784239858489,1784239855711
261.31,7.9,1784239858537,1784239855738
261.51,167.9,1784239858572,1784239855933
261.51,135.9,1784239858604,1784239855933
261.51,101.9,1784239858638,1784239855933
261.51,74.9,1784239858665,1784239855933
261.51,35.9,1784239858705,1784239855934
261.52,15.9,1784239858738,1784239855947
261.55,19.9,1784239858762,1784239855975
261.59,16.9,1784239858807,1784239856017
261.62,10.9,1784239858841,1784239856045
261.65,5.9,1784239858873,1784239856072
261.69,14.9,1784239858906,1784239856114
261.74,36.9,1784239858940,1784239856170
261.76,16.9,1784239858974,1784239856184
261.79,11.9,1784239859007,1784239856212
261.83,16.9,1784239859043,1784239856253
261.85,23.9,1784239859065,1784239856282
261.91,37.9,1784239859106,1784239856337
261.92,15.9,1784239859142,1784239856351
261.95,9.9,1784239859176,1784239856379
261.99,19.9,1784239859207,1784239856420
262.02,12.9,1784239859242,1784239856448
262.08,39.9,1784239859270,1784239856503
262.11,36.9,1784239859302,1784239856532
262.12,7.9,1784239859345,1784239856546
262.17,30.9,1784239859377,1784239856601
262.19,10.9,1784239859411,1784239856615
262.22,14.9,1784239859436,1784239856644
262.29,41.9,1784239859478,1784239856713
262.29,9.9,1784239859510,1784239856713
262.33,19.9,1784239859542,1784239856755
262.36,15.9,1784239859574,1784239856783
262.38,7.9,1784239859609,1784239856810
262.44,33.9,1784239859639,1784239856866
262.47,21.9,1784239859679,1784239856894
262.51,27.9,1784239859715,1784239856936
262.52,20.9,1784239859737,1784239856951
262.56,15.9,1784239859782,1784239856991
262.59,10.9,1784239859815,1784239857019
262.65,30.9,1784239859851,1784239857075
262.66,18.9,1784239859876,1784239857088
262.69,10.9,1784239859913,1784239857117
262.75,28.9,1784239859950,1784239857172
262.76,22.9,1784239859972,1784239857188
262.80,19.0,1784239860017,1784239857229
262.84,30.0,1784239860047,1784239857270
262.87,35.0,1784239860069,1784239857297
262.90,15.0,1784239860117,1784239857325
262.94,22.0,1784239860151,1784239857366
262.97,22.0,1784239860180,1784239857395
263.00,12.0,1784239860217,1784239857422
263.02,6.0,1784239860251,1784239857450
263.07,23.0,1784239860277,1784239857493
263.09,18.0,1784239860309,1784239857520
263.15,32.0,1784239860351,1784239857576
263.16,24.0,1784239860372,1784239857589
263.21,19.0,1784239860420,1784239857632
263.23,15.0,1784239860452,1784239857660
263.27,21.0,1784239860486,1784239857700
263.44,156.0,1784239860519,1784239857868
263.44,123.0,1784239860552,1784239857868
263.44,89.0,1784239860586,1784239857868
263.44,62.0,1784239860613,1784239857868
263.44,23.0,1784239860652,1784239857868
263.47,17.0,1784239860686,1784239857896
263.50,22.0,1784239860709,1784239857924
263.54,22.0,1784239860752,1784239857967
263.57,12.0,1784239860789,1784239857994
263.61,22.0,1784239860821,1784239858036
263.64,18.0,1784239860852,1784239858063
263.66,11.0,1784239860887,1784239858091
263.71,22.0,1784239860918,1784239858133
263.76,44.0,1784239860953,1784239858190
263.78,23.0,1784239860986,1784239858202
263.80,24.0,1784239861013,1784239858230
263.83,10.0,1784239861056,1784239858259
263.87,14.0,1784239861093,1784239858300
263.90,10.0,1784239861125,1784239858328
263.94,20.0,1784239861157,1784239858370
263.97,15.0,1784239861189,1784239858397
264.00,12.0,1784239861220,1784239858425
264.04,21.0,1784239861253,1784239858467
264.07,16.0,1784239861286,1784239858495
264.10,14.0,1784239861316,1784239858523
264.17,41.0,1784239861359,1784239858593
264.19,41.0,1784239861386,1784239858620
264.21,29.0,1784239861412,1784239858634
264.25,24.0,1784239861460,1784239858677
264.29,33.0,1784239861492,1784239858718
264.30,14.0,1784239861524,1784239858731
264.33,10.0,1784239861556,1784239858759
264.39,28.0,1784239861594,1784239858815
264.40,17.0,1784239861620,1784239858830
264.44,15.0,1784239861662,1784239858870
264.47,19.0,1784239861687,1784239858899
264.50,18.0,1784239861716,1784239858927
264.54,11.0,1784239861764,1784239858968
264.57,7.0,1784239861796,1784239858996
264.61,18.0,1784239861828,1784239859039
264.64,13.0,1784239861860,1784239859066
264.68,23.0,1784239861892,1784239859108
264.71,18.0,1784239861924,1784239859135
264.74,14.0,1784239861957,1784239859164
264.78,15.0,1784239861997,1784239859205
264.83,39.6,1784239862029,1784239859261
264.85,17.6,1784239862065,1784239859275
264.88,10.6,1784239862099,1784239859302
264.92,20.6,1784239862131,1784239859344
264.95,16.6,1784239862163,1784239859372
264.97,13.6,1784239862194,1784239859400
265.02,23.6,1784239862226,1784239859442
265.06,32.6,1784239862258,1784239859483
265.10,32.6,1784239862300,1784239859525
265.11,24.6,1784239862322,1784239859539
265.14,18.6,1784239862356,1784239859567
265.20,28.6,1784239862402,1784239859623
265.21,10.6,1784239862434,1784239859637
265.25,20.6,1784239862466,1784239859679
265.28,15.6,1784239862498,1784239859706
265.34,33.6,1784239862536,1784239859762
265.35,21.6,1784239862562,1784239859776
265.40,44.6,1784239862594,1784239859831
265.43,42.6,1784239862625,1784239859860
265.43,10.6,1784239862657,1784239859860
265.50,36.6,1784239862700,1784239859929
265.52,14.6,1784239862736,1784239859943
265.54,10.6,1784239862768,1784239859971
265.74,172.6,1784239862800,1784239860165
265.74,137.6,1784239862836,1784239860166
265.74,109.6,1784239862864,1784239860166
265.74,77.6,1784239862896,1784239860166
265.74,37.6,1784239862936,1784239860166
265.74,14.6,1784239862959,1784239860166
265.78,13.6,1784239863002,1784239860208
265.84,34.6,1784239863036,1784239860263
265.85,12.6,1784239863072,1784239860277
265.88,6.6,1784239863106,1784239860305
265.92,18.6,1784239863136,1784239860347
265.95,14.6,1784239863168,1784239860375
265.98,10.6,1784239863199,1784239860402
266.03,29.6,1784239863236,1784239860458
266.05,17.6,1784239863262,1784239860472
266.12,45.6,1784239863305,1784239860543
266.13,20.6,1784239863342,1784239860555
266.16,16.6,1784239863374,1784239860583
266.19,13.6,1784239863406,1784239860612
266.21,8.6,1784239863438,1784239860639
266.25,18.6,1784239863470,1784239860681
266.28,15.6,1784239863502,1784239860710
266.31,8.6,1784239863536,1784239860737
266.35,19.6,1784239863567,1784239860779
266.41,32.6,1784239863609,1784239860834
266.45,47.6,1784239863636,1784239860876
266.46,19.6,1784239863678,1784239860890
266.50,29.6,1784239863710,1784239860932
266.52,11.6,1784239863742,1784239860946
266.56,21.6,1784239863773,1784239860987
266.59,17.6,1784239863805,1784239861015
266.64,41.6,1784239863837,1784239861071
266.64,9.6,1784239863869,1784239861071
266.70,24.6,1784239863909,1784239861126
266.73,25.6,1784239863936,1784239861154
266.78,36.6,1784239863981,1784239861210
266.80,21.4,1784239864012,1784239861225
266.82,15.4,1784239864044,1784239861251
266.85,11.4,1784239864076,1784239861279
266.89,22.4,1784239864108,1784239861322
266.94,31.4,1784239864140,1784239861363
266.98,40.4,1784239864172,1784239861404
266.98,9.4,1784239864203,1784239861404
267.02,18.4,1784239864236,1784239861446
267.08,44.4,1784239864267,1784239861503
267.12,37.4,1784239864315,1784239861544
267.13,19.4,1784239864347,1784239861558
267.17,23.4,1784239864384,1784239861599
267.20,24.4,1784239864411,1784239861627
267.23,20.4,1784239864443,1784239861655
267.26,17.4,1784239864475,1784239861684
267.30,26.4,1784239864507,1784239861725
267.35,38.4,1784239864550,1784239861780
267.37,32.4,1784239864572,1784239861796
267.40,13.4,1784239864618,1784239861823
267.44,23.4,1784239864650,1784239861865
267.47,15.4,1784239864688,1784239861895
267.50,14.4,1784239864715,1784239861921
267.55,38.4,1784239864747,1784239861977
267.59,38.4,1784239864786,1784239862016
267.60,27.4,1784239864812,1784239862031
267.65,29.4,1784239864854,1784239862075
267.69,36.4,1784239864886,1784239862114
267.70,14.4,1784239864923,1784239862129
267.74,23.4,1784239864955,1784239862170
267.77,14.4,1784239864991,1784239862197
267.80,13.4,1784239865021,1784239862226
267.84,27.4,1784239865049,1784239862268
267.87,17.4,1784239865087,1784239862296
267.90,19.4,1784239865112,1784239862323
267.95,32.4,1784239865155,1784239862379
267.97,14.4,1784239865187,1784239862393
268.01,20.4,1784239865223,1784239862435
268.04,15.4,1784239865255,1784239862462
268.06,13.4,1784239865286,1784239862491
268.09,8.4,1784239865318,1784239862518
268.15,35.4,1784239865349,1784239862576
268.18,24.4,1784239865386,1784239862602
268.19,11.4,1784239865413,1784239862616
268.24,23.4,1784239865456,1784239862671
268.27,21.4,1784239865486,1784239862699
268.30,11.4,1784239865525,1784239862728
268.34,19.4,1784239865559,1784239862770
268.37,17.4,1784239865589,1784239862798
268.40,13.4,1784239865620,1784239862825
268.44,23.4,1784239865652,1784239862867
268.47,17.4,1784239865686,1784239862895
268.51,27.4,1784239865717,1784239862936
268.57,42.4,1784239865759,1784239862993
268.57,15.4,1784239865786,1784239862993
268.62,28.4,1784239865828,1784239863048
268.66,38.4,1784239865859,1784239863089
268.66,6.4,1784239865891,1784239863089
268.71,16.4,1784239865924,1784239863132
268.73,13.4,1784239865955,1784239863160
268.80,50.4,1784239865987,1784239863229
268.80,17.6,1784239866019,1784239863229
268.86,30.6,1784239866061,1784239863284
268.86,6.6,1784239866086,1784239863285
268.91,16.6,1784239866131,1784239863340
268.95,25.6,1784239866164,1784239863382
268.97,6.6,1784239866197,1784239863396
269.01,19.6,1784239866225,1784239863437
269.05,22.6,1784239866264,1784239863479
269.09,39.6,1784239866289,1784239863521
269.11,21.6,1784239866321,1784239863535
269.15,20.6,1784239866364,1784239863577
269.19,39.6,1784239866386,1784239863618
269.23,34.6,1784239866433,1784239863660
269.25,17.6,1784239866465,1784239863675
269.28,12.6,1784239866497,1784239863702
269.32,22.6,1784239866529,1784239863744
269.34,13.6,1784239866565,1784239863771
269.37,13.6,1784239866593,1784239863799
269.44,41.6,1784239866636,1784239863870
269.47,39.6,1784239866665,1784239863897
269.48,19.6,1784239866699,1784239863911
269.51,9.6,1784239866737,1784239863939
269.55,20.6,1784239866768,1784239863981
269.58,16.6,1784239866799,1784239864008
269.62,21.6,1784239866836,1784239864050
269.65,20.6,1784239866866,1784239864079
269.68,17.6,1784239866896,1784239864106
269.72,18.6,1784239866936,1784239864147
269.75,17.6,1784239866966,1784239864176
269.80,34.6,1784239867005,1784239864232
269.82,16.6,1784239867036,1784239864245
269.85,7.6,1784239867073,1784239864273
269.89,18.6,1784239867104,1784239864315
269.92,13.6,1784239867137,1784239864343
269.96,22.6,1784239867168,1784239864383
269.98,16.6,1784239867203,1784239864412
270.01,11.6,1784239867236,1784239864440
270.06,22.6,1784239867267,1784239864482
270.11,38.6,1784239867306,1784239864537
270.14,35.6,1784239867336,1784239864564
270.15,19.6,1784239867367,1784239864579
270.21,38.6,1784239867403,1784239864634
270.22,15.6,1784239867441,1784239864649
270.25,11.6,1784239867473,1784239864677
270.29,21.6,1784239867505,1784239864719
270.32,15.6,1784239867538,1784239864746
270.35,13.6,1784239867569,1784239864775
270.40,34.6,1784239867602,1784239864829
270.42,15.6,1784239867636,1784239864844
270.44,10.6,1784239867668,1784239864871
270.49,13.6,1784239867707,1784239864913
270.53,19.6,1784239867744,1784239864956
270.56,12.6,1784239867777,1784239864982
270.58,10.6,1784239867808,1784239865011
270.63,14.6,1784239867845,1784239865052
270.65,15.6,1784239867872,1784239865080
270.68,6.6,1784239867909,1784239865108
270.74,33.6,1784239867937,1784239865163
270.75,17.6,1784239867968,1784239865178
270.82,43.6,1784239868011,1784239865247
270.83,31.3,1784239868037,1784239865261
270.88,29.3,1784239868081,1784239865303
270.89,11.3,1784239868113,1784239865317
270.92,7.3,1784239868145,1784239865345
270.96,17.3,1784239868177,1784239865387
271.00,23.3,1784239868213,1784239865429
271.04,37.3,1784239868240,1784239865470
271.06,20.3,1784239868271,1784239865484
271.10,30.3,1784239868303,1784239865526
271.16,38.3,1784239868351,1784239865582
271.29,145.3,1784239868383,1784239865721
271.29,113.3,1784239868415,1784239865721
271.29,81.3,1784239868447,1784239865721
271.29,49.3,1784239868479,1784239865721
271.29,17.3,1784239868511,1784239865721
271.34,24.3,1784239868546,1784239865763
271.35,9.3,1784239868575,1784239865777
271.39,18.3,1784239868607,1784239865818
271.45,33.3,1784239868649,1784239865875
271.49,37.3,1784239868686,1784239865916
271.50,19.3,1784239868718,1784239865930
271.53,14.3,1784239868750,1784239865957
271.57,20.3,1784239868786,1784239865999
271.60,20.3,1784239868814,1784239866027
271.63,16.3,1784239868846,1784239866055
271.67,18.3,1784239868886,1784239866097
271.70,23.3,1784239868910,1784239866126
271.74,21.3,1784239868952,1784239866166
271.78,32.3,1784239868986,1784239866211
271.82,49.3,1784239869006,1784239866248
271.84,16.3,1784239869054,1784239866263
271.86,12.3,1784239869086,1784239866291
271.91,22.3,1784239869118,1784239866333
271.93,18.3,1784239869150,1784239866361
271.96,10.3,1784239869186,1784239866389
272.00,20.3,1784239869218,1784239866431
272.05,23.3,1784239869256,1784239866472
272.07,21.3,1784239869286,1784239866500
272.10,27.3,1784239869309,1784239866529
272.14,20.3,1784239869357,1784239866570
272.17,16.3,1784239869389,1784239866598
272.20,13.3,1784239869421,1784239866627
272.24,21.3,1784239869453,1784239866667
272.27,15.3,1784239869487,1784239866695
272.31,26.3,1784239869517,1784239866736
272.34,21.3,1784239869551,1784239866765
272.37,14.3,1784239869586,1784239866793
272.41,27.3,1784239869614,1784239866834
272.46,40.3,1784239869657,1784239866890
272.48,25.3,1784239869686,1784239866904
272.50,12.3,1784239869726,1784239866931
272.53,9.3,1784239869758,1784239866960
272.73,173.3,1784239869789,1784239867155
272.73,141.3,1784239869821,1784239867155
272.73,110.3,1784239869852,1784239867155
272.73,76.3,1784239869886,1784239867155
272.73,45.3,1784239869917,1784239867155
272.74,17.3,1784239869959,1784239867169
272.80,37.3,1784239869996,1784239867226
272.81,17.3,1784239870028,1784239867238
272.84,11.4,1784239870063,1784239867266
272.88,23.4,1784239870093,1784239867308
272.91,19.4,1784239870125,1784239867336
272.94,15.4,1784239870157,1784239867364
272.98,25.4,1784239870189,1784239867406
273.02,28.4,1784239870226,1784239867446
273.03,17.4,1784239870252,1784239867461
273.08,25.4,1784239870286,1784239867503
273.12,37.4,1784239870316,1784239867545
273.15,16.4,1784239870364,1784239867572
273.17,14.4,1784239870395,1784239867601
273.22,24.4,1784239870427,1784239867643
273.24,20.4,1784239870459,1784239867671
273.30,35.4,1784239870499,1784239867726
273.31,23.4,1784239870524,1784239867739
273.34,19.4,1784239870556,1784239867767
273.40,33.4,1784239870598,1784239867823
273.41,23.4,1784239870622,1784239867837
273.45,19.4,1784239870668,1784239867879
273.48,15.4,1784239870700,1784239867907
273.51,6.4,1784239870736,1784239867934
273.55,21.4,1784239870763,1784239867976
273.58,15.4,1784239870796,1784239868003
273.63,41.4,1784239870827,1784239868060
273.65,23.4,1784239870859,1784239868074
273.70,35.4,1784239870902,1784239868129
273.72,15.4,1784239870936,1784239868143
273.76,38.4,1784239870955,1784239868185
273.80,32.4,1784239871004,1784239868228
273.81,13.4,1784239871036,1784239868241
273.84,5.4,1784239871071,1784239868268
273.88,20.4,1784239871099,1784239868311
273.91,10.4,1784239871136,1784239868338
273.94,12.4,1784239871162,1784239868366
273.99,24.4,1784239871205,1784239868421
274.02,20.4,1784239871237,1784239868449
274.05,28.4,1784239871258,1784239868478
274.08,12.4,1784239871301,1784239868505
274.12,17.4,1784239871338,1784239868547
274.15,12.4,1784239871370,1784239868574
274.19,21.4,1784239871403,1784239868616
274.22,16.4,1784239871436,1784239868644
274.41,179.4,1784239871467,1784239868838
274.41,148.4,1784239871499,1784239868839
274.41,111.4,1784239871536,1784239868839
274.41,84.4,1784239871563,1784239868839
274.41,41.4,1784239871606,1784239868839
274.43,24.4,1784239871637,1784239868853
274.47,28.4,1784239871675,1784239868895
274.48,10.4,1784239871707,1784239868909
274.52,20.4,1784239871739,1784239868951
274.57,30.4,1784239871770,1784239868992
274.59,26.4,1784239871802,1784239869020
274.62,20.4,1784239871836,1784239869048
274.66,30.4,1784239871867,1784239869089
274.72,43.4,1784239871910,1784239869145
274.72,17.4,1784239871936,1784239869145
274.76,18.4,1784239871978,1784239869188
274.80,26.4,1784239872010,1784239869228
274.83,20.1,1784239872044,1784239869257
274.86,13.1,1784239872078,1784239869284
274.90,25.1,1784239872108,1784239869326
275.08,175.1,1784239872140,1784239869508
275.08,137.1,1784239872178,1784239869508
275.08,111.1,1784239872204,1784239869508
275.08,75.1,1784239872240,1784239869508
275.08,36.1,1784239872279,1784239869508
275.12,46.1,1784239872310,1784239869549
275.12,8.1,1784239872348,1784239869549
275.16,19.1,1784239872379,1784239869591
275.19,14.1,1784239872411,1784239869618
275.22,11.1,1784239872443,1784239869647
275.26,15.1,1784239872480,1784239869688
275.29,16.1,1784239872507,1784239869716
275.33,26.1,1784239872539,1784239869758
275.37,22.1,1784239872584,1784239869799
275.41,34.1,1784239872614,1784239869841
275.43,13.1,1784239872649,1784239869855
275.47,20.1,1784239872684,1784239869897
275.50,16.1,1784239872716,1784239869925
275.53,10.1,1784239872750,1784239869953
275.58,37.1,1784239872780,1784239870010
275.60,18.1,1784239872812,1784239870023
275.65,38.1,1784239872847,1784239870078
275.68,32.1,1784239872881,1784239870106
275.71,24.1,1784239872917,1784239870134
275.75,32.1,1784239872951,1784239870176
275.76,16.1,1784239872981,1784239870190
275.80,33.1,1784239873005,1784239870231
275.83,19.1,1784239873048,1784239870260
275.86,8.1,1784239873086,1784239870287
275.90,19.1,1784239873117,1784239870329
275.93,10.1,1784239873154,1784239870357
275.99,33.1,1784239873186,1784239870412
276.00,15.1,1784239873219,1784239870427
276.04,21.1,1784239873254,1784239870468
276.08,31.1,1784239873286,1784239870510
276.12,39.1,1784239873320,1784239870552
276.14,18.1,1784239873355,1784239870566
276.17,14.1,1784239873387,1784239870594
276.21,23.1,1784239873420,1784239870636
276.25,35.1,1784239873450,1784239870678
276.26,12.1,1784239873486,1784239870691
276.31,19.1,1784239873521,1784239870733
276.36,41.1,1784239873555,1784239870789
276.36,7.1,1784239873589,1784239870789
276.42,28.1,1784239873624,1784239870845
276.46,36.1,1784239873658,1784239870887
276.47,16.1,1784239873691,1784239870900
276.64,151.1,1784239873723,1784239871067
276.64,119.1,1784239873755,1784239871067
276.64,84.1,1784239873790,1784239871067
276.64,55.1,1784239873819,1784239871067
276.65,38.1,1784239873850,1784239871081
276.67,16.1,1784239873886,1784239871095
276.71,19.1,1784239873925,1784239871137
276.75,30.1,1784239873956,1784239871179
276.77,5.1,1784239873995,1784239871193
276.81,17.1,1784239874025,1784239871235
276.84,12.9,1784239874057,1784239871262
276.86,4.9,1784239874093,1784239871290
276.90,17.9,1784239874121,1784239871331
276.95,21.9,1784239874160,1784239871374
276.97,23.9,1784239874186,1784239871402
277.00,20.9,1784239874216,1784239871429
277.04,18.9,1784239874259,1784239871470
277.09,26.9,1784239874294,1784239871513
277.13,36.9,1784239874326,1784239871555
277.14,14.9,1784239874361,1784239871568
277.17,8.9,1784239874395,1784239871596
277.21,23.9,1784239874422,1784239871638
277.24,18.9,1784239874454,1784239871665
277.28,19.9,1784239874497,1784239871709
277.34,40.9,1784239874530,1784239871763
277.35,19.9,1784239874565,1784239871777
277.38,14.9,1784239874597,1784239871804
277.41,7.9,1784239874633,1784239871833
277.46,31.9,1784239874664,1784239871888
277.50,44.9,1784239874693,1784239871930
277.64,144.9,1784239874733,1784239872070
277.64,121.9,1784239874756,1784239872070
277.64,79.9,1784239874798,1784239872070
277.64,46.9,1784239874832,1784239872071
277.64,11.9,1784239874867,1784239872071
277.68,17.9,1784239874901,1784239872111
277.74,41.9,1784239874933,1784239872167
277.75,22.9,1784239874966,1784239872181
277.78,19.9,1784239874998,1784239872210
277.81,16.9,1784239875028,1784239872237
277.85,21.9,1784239875065,1784239872279
277.88,12.9,1784239875101,1784239872306
277.91,8.9,1784239875134,1784239872335
277.95,16.9,1784239875168,1784239872377
277.99,19.9,1784239875205,1784239872417
278.02,16.9,1784239875236,1784239872445
278.05,14.9,1784239875266,1784239872473
278.09,21.9,1784239875302,1784239872516
278.13,28.9,1784239875336,1784239872557
278.14,12.9,1784239875366,1784239872571
278.19,24.9,1784239875395,1784239872612
278.37,166.9,1784239875436,1784239872795
278.37,144.9,1784239875458,1784239872795
278.37,102.9,1784239875500,1784239872795
278.37,64.9,1784239875538,1784239872795
278.37,33.9,1784239875569,1784239872795
278.41,41.9,1784239875601,1784239872835
278.44,34.9,1784239875636,1784239872863
278.45,10.9,1784239875674,1784239872877
278.51,42.9,1784239875698,1784239872933
278.52,18.9,1784239875736,1784239872947
278.72,177.9,1784239875772,1784239873142
278.72,145.9,1784239875804,1784239873142
278.76,155.9,1784239875836,1784239873184
278.76,117.9,1784239875874,1784239873184
278.76,81.9,1784239875910,1784239873184
278.76,53.9,1784239875938,1784239873184
278.76,17.9,1784239875974,1784239873184
278.79,15.9,1784239876004,1784239873212
278.84,35.9,1784239876039,1784239873267
278.85,22.4,1784239876067,1784239873281
278.91,37.4,1784239876108,1784239873337
278.92,16.4,1784239876142,1784239873350
278.95,10.4,1784239876177,1784239873379
278.99,20.4,1784239876209,1784239873421
279.02,11.4,1784239876245,1784239873448
279.06,26.4,1784239876273,1784239873491
279.09,17.4,1784239876308,1784239873517
279.12,17.4,1784239876337,1784239873546
279.15,13.4,1784239876368,1784239873573
279.20,26.4,1784239876411,1784239873629
279.24,32.4,1784239876448,1784239873672
279.26,12.4,1784239876481,1784239873685
279.29,8.4,1784239876512,1784239873712
279.33,18.4,1784239876544,1784239873754
279.38,41.4,1784239876577,1784239873810
279.41,33.4,1784239876614,1784239873839
279.42,12.4,1784239876647,1784239873851
279.45,8.4,1784239876679,1784239873879
279.49,16.4,1784239876713,1784239873921
279.54,24.4,1784239876747,1784239873963
279.56,31.4,1784239876768,1784239873991
279.59,10.4,1784239876816,1784239874018
279.63,21.4,1784239876848,1784239874061
279.68,28.4,1784239876882,1784239874102
279.87,190.4,1784239876915,1784239874297
279.87,161.4,1784239876944,1784239874297
279.87,129.4,1784239876976,1784239874297
279.87,89.4,1784239877016,1784239874297
279.87,56.4,1784239877049,1784239874297
279.87,22.4,1784239877083,1784239874297
279.91,29.4,1784239877117,1784239874338
279.93,9.4,1784239877152,1784239874353
279.97,20.4,1784239877183,1784239874395
280.00,17.4,1784239877213,1784239874422
280.04,21.4,1784239877251,1784239874464
280.07,14.4,1784239877286,1784239874492
280.11,23.4,1784239877319,1784239874534
280.14,19.4,1784239877351,1784239874562
280.16,10.4,1784239877388,1784239874590
280.20,17.4,1784239877422,1784239874631
280.23,15.4,1784239877452,1784239874659
280.27,22.4,1784239877487,1784239874701
280.30,14.4,1784239877522,1784239874728
280.34,28.4,1784239877550,1784239874770
280.39,32.4,1784239877588,1784239874812
280.40,23.4,1784239877612,1784239874827
280.44,21.4,1784239877655,1784239874868
280.47,17.4,1784239877686,1784239874895
280.50,8.4,1784239877724,1784239874924
280.54,18.4,1784239877755,1784239874965
280.58,28.4,1784239877787,1784239875007
280.76,176.4,1784239877822,1784239875190
280.76,146.4,1784239877852,1784239875190
280.76,112.4,1784239877886,1784239875190
280.76,82.4,1784239877916,1784239875190
280.76,40.4,1784239877958,1784239875190
280.78,24.4,1784239877986,1784239875202
280.82,28.4,1784239878024,1784239875244
280.86,34.1,1784239878059,1784239875285
280.87,17.1,1784239878091,1784239875300
280.90,13.1,1784239878123,1784239875328
280.94,23.1,1784239878154,1784239875369
280.98,33.1,1784239878186,1784239875411
281.00,15.1,1784239878218,1784239875425
281.07,51.1,1784239878252,1784239875495
281.07,8.1,1784239878295,1784239875495
281.11,29.1,1784239878315,1784239875536
281.15,30.1,1784239878356,1784239875578
281.19,33.1,1784239878394,1784239875619
281.21,16.1,1784239878426,1784239875634
281.24,12.1,1784239878458,1784239875662
281.28,16.1,1784239878495,1784239875703
281.30,17.1,1784239878522,1784239875731
281.35,20.1,1784239878562,1784239875774
281.40,42.1,1784239878595,1784239875829
281.40,20.1,1784239878617,1784239875829
281.44,18.1,1784239878660,1784239875870
281.50,38.1,1784239878697,1784239875927
281.51,19.1,1784239878729,1784239875940
281.54,14.1,1784239878761,1784239875967
281.58,22.1,1784239878796,1784239876010
281.61,20.1,1784239878825,1784239876037
281.64,16.1,1784239878857,1784239876065
281.68,19.1,1784239878896,1784239876107
281.71,21.1,1784239878922,1784239876135
281.76,46.1,1784239878953,1784239876191
281.78,11.1,1784239879001,1784239876204
281.83,35.1,1784239879033,1784239876260
281.85,14.1,1784239879068,1784239876274
281.87,12.1,1784239879097,1784239876301
281.92,23.1,1784239879129,1784239876344
281.95,19.1,1784239879161,1784239876372
281.97,10.1,1784239879197,1784239876399
282.01,24.1,1784239879225,1784239876441
282.04,20.1,1784239879257,1784239876469
282.08,19.1,1784239879300,1784239876511
282.11,26.1,1784239879321,1784239876539
282.17,50.1,1784239879353,1784239876595
282.18,17.1,1784239879400,1784239876609
282.21,12.1,1784239879432,1784239876636
282.25,22.1,1784239879464,1784239876678
282.28,16.1,1784239879498,1784239876706
282.33,32.1,1784239879537,1784239876761
282.35,24.1,1784239879560,1784239876776
282.40,36.1,1784239879603,1784239876831
282.43,31.1,1784239879636,1784239876859
282.45,9.1,1784239879672,1784239876873
282.49,19.1,1784239879704,1784239876915
282.52,15.1,1784239879736,1784239876943
282.54,10.1,1784239879768,1784239876970
282.59,19.1,1784239879801,1784239877012
282.61,12.1,1784239879836,1784239877040
282.64,9.1,1784239879867,1784239877068
282.70,33.1,1784239879899,1784239877124
282.72,24.1,1784239879936,1784239877152
282.78,56.1,1784239879960,1784239877208
282.79,26.1,1784239880003,1784239877221
282.82,17.1,1784239880040,1784239877249
282.85,11.5,1784239880073,1784239877276
282.88,9.5,1784239880104,1784239877305
282.92,19.5,1784239880136,1784239877347
282.95,15.5,1784239880168,1784239877375
283.00,28.5,1784239880210,1784239877430
283.02,16.5,1784239880236,1784239877444
283.06,30.5,1784239880264,1784239877486
283.09,16.5,1784239880306,1784239877514
283.29,193.5,1784239880337,1784239877722
283.30,170.5,1784239880360,1784239877722
283.30,122.5,1784239880408,1784239877722
283.30,89.5,1784239880441,1784239877722
283.30,57.5,1784239880473,1784239877722
283.45,179.5,1784239880505,1784239877876
283.45,148.5,1784239880536,1784239877876
283.45,116.5,1784239880568,1784239877876
283.45,72.5,1784239880612,1784239877876
283.45,48.5,1784239880636,1784239877876
283.46,17.5,1784239880680,1784239877889
283.49,12.5,1784239880713,1784239877917
283.53,22.5,1784239880746,1784239877960
283.56,17.5,1784239880777,1784239877986
283.59,13.5,1784239880809,1784239878014
283.63,22.5,1784239880842,1784239878056
283.66,19.5,1784239880873,1784239878084
283.70,25.5,1784239880909,1784239878126
283.74,28.5,1784239880948,1784239878168
283.75,21.5,1784239880969,1784239878182
283.80,14.5,1784239881017,1784239878223
283.84,24.5,1784239881050,1784239878266
283.88,34.5,1784239881081,1784239878307
283.89,16.5,1784239881113,1784239878321
283.92,11.5,1784239881145,1784239878348
284.13,190.5,1784239881176,1784239878558
284.13,157.5,1784239881209,1784239878558
284.13,125.5,1784239881241,1784239878558
284.13,94.5,1784239881272,1784239878558
284.13,62.5,1784239881304,1784239878558
284.13,19.5,1784239881347,1784239878558
284.16,10.5,1784239881384,1784239878586
284.20,21.5,1784239881415,1784239878628
284.23,15.5,1784239881448,1784239878655
284.27,20.5,1784239881486,1784239878698
284.30,21.5,1784239881512,1784239878725
284.35,45.5,1784239881543,1784239878780
284.37,17.5,1784239881586,1784239878795
284.40,22.5,1784239881608,1784239878822
284.45,37.5,1784239881650,1784239878879
284.47,11.5,1784239881688,1784239878891
284.51,23.5,1784239881719,1784239878934
284.53,18.5,1784239881751,1784239878961
284.56,11.5,1784239881786,1784239878989
284.60,24.5,1784239881815,1784239879031
284.63,21.5,1784239881847,1784239879060
284.69,35.5,1784239881887,1784239879114
284.70,24.5,1784239881912,1784239879128
284.76,38.5,1784239881954,1784239879184
284.77,20.5,1784239881986,1784239879198
284.80,10.5,1784239882024,1784239879226
284.84,21.3,1784239882055,1784239879268
284.87,17.3,1784239882087,1784239879296
284.90,13.3,1784239882118,1784239879323
284.92,9.3,1784239882150,1784239879351
284.97,16.3,1784239882186,1784239879394
284.99,13.3,1784239882215,1784239879420
285.05,27.3,1784239882258,1784239879477
285.08,26.3,1784239882286,1784239879504
285.12,28.3,1784239882326,1784239879546
285.13,14.3,1784239882354,1784239879560
285.18,19.3,1784239882391,1784239879602
285.20,14.3,1784239882423,1784239879629
285.24,25.3,1784239882455,1784239879672
285.27,20.3,1784239882487,1784239879699
285.30,17.3,1784239882519,1784239879728
285.36,39.3,1784239882552,1784239879783
285.36,5.3,1784239882586,1784239879783
285.41,32.3,1784239882615,1784239879839
285.45,32.3,1784239882657,1784239879881
285.48,22.3,1784239882695,1784239879909
285.51,17.3,1784239882727,1784239879936
285.54,12.3,1784239882759,1784239879963
285.58,22.3,1784239882792,1784239880006
285.61,18.3,1784239882823,1784239880033
285.65,29.3,1784239882855,1784239880076
285.70,51.3,1784239882888,1784239880131
285.70,20.3,1784239882919,1784239880131
285.75,19.3,1784239882961,1784239880172
285.77,22.3,1784239882986,1784239880200
285.82,21.3,1784239883030,1784239880243
285.84,13.3,1784239883065,1784239880270
285.87,12.3,1784239883094,1784239880298
285.91,22.3,1784239883126,1784239880340
285.97,38.3,1784239883165,1784239880395
285.98,27.3,1784239883191,1784239880410
286.01,24.3,1784239883222,1784239880438
286.04,19.3,1784239883254,1784239880465
286.08,18.3,1784239883297,1784239880507
286.11,8.3,1784239883334,1784239880534
286.15,18.3,1784239883366,1784239880576
286.18,14.3,1784239883398,1784239880604
286.23,39.3,1784239883430,1784239880661
286.26,28.3,1784239883467,1784239880687
286.27,16.3,1784239883494,1784239880702
286.32,26.3,1784239883526,1784239880744
286.35,17.3,1784239883563,1784239880772
286.40,36.3,1784239883600,1784239880828
286.55,151.3,1784239883637,1784239880980
286.55,119.3,1784239883669,1784239880980
286.55,87.3,1784239883701,1784239880980
286.55,52.3,1784239883736,1784239880980
286.55,23.3,1784239883765,1784239880980
286.58,20.3,1784239883797,1784239881009
286.64,35.3,1784239883836,1784239881063
286.65,23.3,1784239883862,1784239881077
286.71,47.3,1784239883894,1784239881133
286.72,19.3,1784239883936,1784239881147
286.75,25.3,1784239883958,1784239881175
286.79,19.3,1784239884006,1784239881217
286.82,14.3,1784239884038,1784239881244
286.85,10.1,1784239884071,1784239881273
286.90,36.1,1784239884101,1784239881329
286.92,14.1,1784239884136,1784239881342
286.94,11.1,1784239884166,1784239881369
287.00,36.1,1784239884198,1784239881426
287.04,40.1,1784239884236,1784239881468
287.04,15.1,1784239884261,1784239881468
287.10,28.1,1784239884304,1784239881524
287.12,18.1,1784239884341,1784239881551
287.15,13.1,1784239884373,1784239881578
287.18,10.1,1784239884405,1784239881607
287.22,20.1,1784239884437,1784239881649
287.25,16.1,1784239884469,1784239881677
287.31,40.1,1784239884500,1784239881732
287.32,17.1,1784239884536,1784239881745
287.36,31.1,1784239884564,1784239881787
287.42,41.1,1784239884610,1784239881843
287.43,22.1,1784239884644,1784239881858
287.46,18.1,1784239884676,1784239881886
287.49,10.1,1784239884711,1784239881913
287.51,9.1,1784239884740,1784239881941
287.56,19.1,1784239884771,1784239881982
287.58,7.1,1784239884811,1784239882010
287.61,11.1,1784239884836,1784239882039
287.65,20.1,1784239884867,1784239882079
287.71,33.1,1784239884911,1784239882136
287.75,50.1,1784239884936,1784239882178
287.76,20.1,1784239884980,1784239882192
287.79,16.1,1784239885012,1784239882220
287.82,10.1,1784239885044,1784239882246
287.86,16.1,1784239885081,1784239882289
287.89,13.1,1784239885112,1784239882317
287.93,27.1,1784239885140,1784239882359
287.95,9.1,1784239885172,1784239882373
288.00,24.1,1784239885212,1784239882428
288.04,31.1,1784239885247,1784239882470
288.08,51.1,1784239885268,1784239882511
288.10,18.1,1784239885316,1784239882526
288.27,152.1,1784239885348,1784239882692
288.27,121.1,1784239885379,1784239882692
288.27,87.1,1784239885413,1784239882692
288.27,56.1,1784239885444,1784239882692
288.27,24.1,1784239885476,1784239882692
288.29,16.1,1784239885513,1784239882721
288.34,19.1,1784239885551,1784239882762
288.36,27.1,1784239885572,1784239882791
288.39,9.1,1784239885617,1784239882818
288.43,15.1,1784239885652,1784239882859
288.46,9.1,1784239885686,1784239882887
288.52,34.1,1784239885718,1784239882944
288.56,43.1,1784239885751,1784239882986
288.57,20.1,1784239885787,1784239882999
288.60,15.1,1784239885820,1784239883027
288.66,39.1,1784239885852,1784239883083
288.67,19.1,1784239885886,1784239883097
288.73,41.1,1784239885919,1784239883152
288.75,35.1,1784239885952,1784239883179
288.77,14.1,1784239885989,1784239883195
288.80,10.1,1784239886020,1784239883222
288.84,17.5,1784239886055,1784239883264
288.87,13.5,1784239886087,1784239883292
288.91,24.5,1784239886117,1784239883333
288.93,20.5,1784239886149,1784239883361
288.99,35.5,1784239886189,1784239883416
289.00,22.5,1784239886216,1784239883430
289.03,13.5,1784239886255,1784239883460
289.07,20.5,1784239886289,1784239883501
289.10,14.5,1784239886322,1784239883528
289.13,8.5,1784239886356,1784239883556
289.17,18.5,1784239886388,1784239883598
289.20,12.5,1784239886422,1784239883626
289.24,21.5,1784239886456,1784239883669
289.27,17.5,1784239886486,1784239883695
289.30,14.5,1784239886517,1784239883723
289.34,15.5,1784239886558,1784239883765
289.37,15.5,1784239886586,1784239883793
289.44,43.5,1784239886627,1784239883862
289.44,11.5,1784239886659,1784239883862
289.48,19.5,1784239886693,1784239883904
289.64,156.5,1784239886723,1784239884071
289.64,122.5,1784239886757,1784239884071
289.64,87.5,1784239886792,1784239884071
289.64,59.5,1784239886820,1784239884071
289.64,19.5,1784239886860,1784239884071
289.67,11.5,1784239886896,1784239884099
289.87,175.5,1784239886927,1784239884294
289.87,138.5,1784239886964,1784239884294
289.87,106.5,1784239886996,1784239884294
289.87,74.5,1784239887028,1784239884294
289.87,44.5,1784239887058,1784239884294
289.87,10.5,1784239887092,1784239884294
289.91,22.5,1784239887122,1784239884336
289.94,18.5,1784239887154,1784239884364
289.99,30.5,1784239887197,1784239884419
290.23,234.5,1784239887230,1784239884656
290.23,204.5,1784239887260,1784239884656
290.23,166.5,1784239887298,1784239884656
290.23,131.5,1784239887333,1784239884656
290.27,142.5,1784239887364,1784239884698
290.27,109.5,1784239887397,1784239884698
290.27,81.5,1784239887425,1784239884698
290.27,41.5,1784239887465,1784239884698
290.30,45.5,1784239887490,1784239884727
290.30,13.5,1784239887522,1784239884727
290.35,25.5,1784239887565,1784239884782
290.38,15.5,1784239887602,1784239884809
290.41,10.5,1784239887635,1784239884837
290.45,20.5,1784239887666,1784239884878
290.49,30.5,1784239887698,1784239884920
290.54,38.5,1784239887732,1784239884962
290.56,35.5,1784239887764,1784239884991
290.59,30.5,1784239887796,1784239885018
290.63,34.5,1784239887834,1784239885060
290.65,14.5,1784239887868,1784239885074
290.69,24.5,1784239887900,1784239885116
290.73,27.5,1784239887938,1784239885157
290.74,11.5,1784239887969,1784239885172
290.79,20.5,1784239888001,1784239885213
290.82,14.5,1784239888036,1784239885242
290.86,25.6,1784239888066,1784239885283
290.88,22.6,1784239888097,1784239885311
290.94,39.6,1784239888136,1784239885367
291.08,150.6,1784239888165,1784239885507
291.08,110.6,1784239888205,1784239885507
291.08,78.6,1784239888237,1784239885507
291.08,57.6,1784239888258,1784239885507
291.08,9.6,1784239888306,1784239885507
291.12,17.6,1784239888338,1784239885547
291.16,27.6,1784239888370,1784239885589
291.19,24.6,1784239888401,1784239885617
291.22,16.6,1784239888436,1784239885644
291.25,17.6,1784239888465,1784239885674
291.29,16.6,1784239888507,1784239885715
291.32,14.6,1784239888536,1784239885742
291.36,29.6,1784239888563,1784239885784
291.38,12.6,1784239888608,1784239885812
291.41,8.6,1784239888640,1784239885840
291.45,18.6,1784239888672,1784239885882
291.75,278.6,1784239888704,1784239886174
291.75,245.6,1784239888737,1784239886174
291.75,214.6,1784239888768,1784239886174
291.75,181.6,1784239888801,1784239886174
291.75,146.6,1784239888836,1784239886174
291.75,118.6,1784239888864,1784239886174
291.75,72.6,1784239888910,1784239886174
291.75,37.6,1784239888945,1784239886174
291.76,20.6,1784239888976,1784239886188
291.79,15.6,1784239889008,1784239886215
291.82,12.6,1784239889040,1784239886244
291.86,19.6,1784239889075,1784239886286
291.89,12.6,1784239889108,1784239886312
291.94,29.6,1784239889147,1784239886368
291.96,23.6,1784239889168,1784239886383
292.00,21.6,1784239889211,1784239886424
292.01,10.6,1784239889236,1784239886438
292.07,22.6,1784239889280,1784239886494
292.09,17.6,1784239889312,1784239886521
292.14,23.6,1784239889348,1784239886563
292.16,22.6,1784239889377,1784239886591
292.19,19.6,1784239889408,1784239886619
292.22,14.6,1784239889440,1784239886646
292.25,12.6,1784239889471,1784239886675
292.29,23.6,1784239889502,1784239886717
292.35,44.6,1784239889536,1784239886772
292.36,11.6,1784239889583,1784239886786
292.40,22.6,1784239889615,1784239886829
292.43,17.6,1784239889647,1784239886856
292.48,40.6,1784239889679,1784239886911
292.48,9.6,1784239889710,1784239886911
292.53,18.6,1784239889743,1784239886953
292.55,15.6,1784239889774,1784239886981
292.60,17.6,1784239889815,1784239887024
292.64,24.6,1784239889849,1784239887065
292.68,29.6,1784239889886,1784239887107
292.71,24.6,1784239889918,1784239887134
292.74,20.6,1784239889950,1784239887162
292.90,151.6,1784239889986,1784239887329
292.90,123.6,1784239890014,1784239887329
292.90,91.6,1784239890046,1784239887329
292.90,48.9,1784239890086,1784239887329
292.90,20.9,1784239890114,1784239887329
292.96,38.9,1784239890152,1784239887385
292.97,18.9,1784239890186,1784239887399
293.01,36.9,1784239890211,1784239887442
293.20,175.9,1784239890252,1784239887622
293.20,139.9,1784239890289,1784239887623
293.20,112.9,1784239890316,1784239887623
293.20,75.9,1784239890353,1784239887623
293.20,42.9,1784239890386,1784239887623
293.21,28.9,1784239890412,1784239887635
293.25,28.9,1784239890454,1784239887677
293.26,10.9,1784239890486,1784239887691
293.31,14.9,1784239890524,1784239887733
293.33,10.9,1784239890556,1784239887761
293.36,7.9,1784239890588,1784239887790
293.42,30.9,1784239890619,1784239887844
293.43,12.9,1784239890652,1784239887859
293.47,18.9,1784239890687,1784239887900
293.53,46.9,1784239890715,1784239887956
293.54,17.9,1784239890758,1784239887970
293.57,16.9,1784239890786,1784239887997
293.63,31.9,1784239890827,1784239888053
293.64,13.9,1784239890859,1784239888067
293.67,9.9,1784239890891,1784239888095
293.71,15.9,1784239890927,1784239888137
293.74,15.9,1784239890954,1784239888164
293.77,11.9,1784239890987,1784239888193
293.82,35.9,1784239891018,1784239888248
293.86,34.9,1784239891061,1784239888290
293.88,23.9,1784239891086,1784239888304
293.92,24.9,1784239891128,1784239888347
293.95,17.9,1784239891162,1784239888374
293.97,12.9,1784239891194,1784239888401
294.02,19.9,1784239891229,1784239888443
294.04,18.9,1784239891258,1784239888471
294.07,15.9,1784239891290,1784239888500
294.11,16.9,1784239891329,1784239888540
294.14,15.9,1784239891358,1784239888568
294.18,30.9,1784239891386,1784239888611
294.21,14.9,1784239891429,1784239888638
294.27,40.9,1784239891459,1784239888694
294.28,16.9,1784239891497,1784239888708
294.31,11.9,1784239891529,1784239888735
294.34,7.9,1784239891561,1784239888763
294.38,17.9,1784239891593,1784239888805
294.41,8.9,1784239891630,1784239888833
294.45,23.9,1784239891657,1784239888875
294.50,46.9,1784239891689,1784239888930
294.52,19.9,1784239891730,1784239888944
294.55,25.9,1784239891753,1784239888973
294.57,4.9,1784239891801,1784239889000
294.62,15.9,1784239891833,1784239889043
294.64,10.9,1784239891865,1784239889070
294.68,18.9,1784239891898,1784239889111
294.73,28.9,1784239891931,1784239889154
294.74,10.9,1784239891962,1784239889167
294.78,19.9,1784239891995,1784239889209
294.82,25.9,1784239892031,1784239889251
294.87,33.9,1784239892065,1784239889293
294.88,11.3,1784239892101,1784239889307
294.94,30.3,1784239892136,1784239889361
294.96,42.3,1784239892154,1784239889391
294.98,6.3,1784239892202,1784239889403
295.02,13.3,1784239892237,1784239889445
295.05,13.3,1784239892266,1784239889474
295.07,8.3,1784239892298,1784239889501
295.13,26.3,1784239892336,1784239889557
295.14,10.3,1784239892366,1784239889571
295.19,12.3,1784239892405,1784239889612
295.21,10.3,1784239892436,1784239889641
295.25,29.3,1784239892458,1784239889682
295.28,10.3,1784239892505,1784239889710
295.31,4.3,1784239892538,1784239889737
295.35,15.3,1784239892570,1784239889780
295.38,11.3,1784239892602,1784239889808
295.41,5.3,1784239892636,1784239889836
295.45,18.3,1784239892665,1784239889878
295.51,39.3,1784239892698,1784239889932
295.55,43.3,1784239892737,1784239889975
295.55,18.3,1784239892762,1784239889975
295.60,30.3,1784239892805,1784239890030
295.62,7.3,1784239892842,1784239890044
295.66,17.3,1784239892874,1784239890086
295.69,9.3,1784239892910,1784239890114
295.73,20.3,1784239892941,1784239890156
295.74,6.3,1784239892969,1784239890170
295.80,21.3,1784239893010,1784239890226
295.83,21.3,1784239893037,1784239890253
295.85,19.3,1784239893066,1784239890280
295.91,30.3,1784239893111,1784239890336
295.92,11.3,1784239893145,1784239890351
295.95,6.3,1784239893177,1784239890378
295.99,16.3,1784239893209,1784239890420
296.02,12.3,1784239893241,1784239890448
296.06,22.3,1784239893273,1784239890490
296.09,18.3,1784239893305,1784239890518
296.12,13.3,1784239893337,1784239890545
296.16,20.3,1784239893373,1784239890588
296.19,8.3,1784239893412,1784239890615
296.24,40.3,1784239893436,1784239890671
296.26,25.3,1784239893465,1784239890685
296.30,20.3,1784239893512,1784239890727
296.33,15.3,1784239893544,1784239890754
296.36,10.3,1784239893577,1784239890782
296.40,22.3,1784239893608,1784239890825
296.42,16.3,1784239893641,1784239890852
296.45,11.3,1784239893673,1784239890879
296.49,22.3,1784239893705,1784239890922
296.55,36.3,1784239893747,1784239890978
296.58,42.3,1784239893768,1784239891005
296.59,9.3,1784239893815,1784239891019
296.63,17.3,1784239893848,1784239891060
296.68,28.3,1784239893880,1784239891103
296.69,9.3,1784239893912,1784239891116
296.75,33.3,1784239893944,1784239891172
296.76,16.3,1784239893976,1784239891187
296.79,10.3,1784239894008,1784239891213
296.83,11.3,1784239894050,1784239891256
296.88,44.7,1784239894072,1784239891311
296.93,55.7,1784239894103,1784239891353
296.93,6.7,1784239894152,1784239891353
296.97,14.7,1784239894186,1784239891395
297.00,12.7,1784239894215,1784239891422
297.02,7.7,1784239894248,1784239891450
297.08,25.7,1784239894286,1784239891506
297.11,29.7,1784239894311,1784239891535
297.15,28.7,1784239894353,1784239891576
297.16,9.7,1784239894386,1784239891590
297.20,29.7,1784239894407,1784239891631
297.23,11.7,1784239894453,1784239891659
297.26,6.7,1784239894486,1784239891687
297.30,19.7,1784239894515,1784239891729
297.33,15.7,1784239894547,1784239891757
297.38,31.7,1784239894586,1784239891812
297.40,21.7,1784239894611,1784239891827
297.44,19.7,1784239894654,1784239891868
297.48,29.7,1784239894686,1784239891910
297.50,7.7,1784239894722,1784239891924
297.54,17.7,1784239894754,1784239891966
297.57,13.7,1784239894786,1784239891994
297.61,17.7,1784239894823,1784239892035
297.65,31.7,1784239894851,1784239892077
297.66,10.7,1784239894886,1784239892091
297.71,18.7,1784239894918,1784239892131
297.76,47.7,1784239894947,1784239892189
297.78,19.7,1784239894988,1784239892202
297.80,24.7,1784239895010,1784239892229
297.85,19.7,1784239895058,1784239892272
297.87,14.7,1784239895090,1784239892299
297.90,10.7,1784239895122,1784239892327
297.94,21.7,1784239895153,1784239892369
297.97,14.7,1784239895188,1784239892397
298.01,26.7,1784239895217,1784239892438
298.07,39.7,1784239895260,1784239892494
298.08,28.7,1784239895286,1784239892509
298.11,12.7,1784239895329,1784239892536
298.14,8.7,1784239895361,1784239892564
298.18,18.7,1784239895393,1784239892606
298.21,15.7,1784239895424,1784239892634
298.23,10.7,1784239895456,1784239892661
298.28,21.7,1784239895488,1784239892704
298.30,16.7,1784239895520,1784239892731
298.36,29.7,1784239895563,1784239892787
298.36,6.7,1784239895586,1784239892787
298.42,16.7,1784239895631,1784239892842
298.44,13.7,1784239895663,1784239892871
298.47,7.7,1784239895697,1784239892899
298.53,27.7,1784239895732,1784239892954
298.54,13.7,1784239895759,1784239892967
298.57,9.7,1784239895792,1784239892996
298.61,20.7,1784239895823,1784239893038
298.64,15.7,1784239895855,1784239893065
298.68,15.7,1784239895898,1784239893108
298.71,20.7,1784239895920,1784239893135
298.76,29.7,1784239895967,1784239893191
298.81,38.7,1784239896000,1784239893233
298.81,5.7,1784239896033,1784239893233
298.85,15.7,1784239896065,1784239893275
298.88,12.3,1784239896096,1784239893302
298.90,9.3,1784239896127,1784239893330
298.95,20.3,1784239896158,1784239893372
299.00,40.3,1784239896193,1784239893427
299.01,25.3,1784239896222,1784239893441
299.04,19.3,1784239896256,1784239893469
299.08,15.3,1784239896302,1784239893511
299.11,9.3,1784239896336,1784239893539
299.14,6.3,1784239896366,1784239893566
299.18,17.3,1784239896398,1784239893609
299.22,20.3,1784239896436,1784239893650
299.24,9.3,1784239896461,1784239893664
299.29,33.3,1784239896493,1784239893720
299.32,18.3,1784239896536,1784239893748
299.35,25.3,1784239896557,1784239893776
299.39,19.3,1784239896605,1784239893818
299.42,14.3,1784239896637,1784239893845
299.45,10.3,1784239896669,1784239893873
299.47,5.3,1784239896701,1784239893900
299.52,13.3,1784239896736,1784239893943
299.54,12.3,1784239896764,1784239893970
299.60,36.3,1784239896797,1784239894027
299.63,24.3,1784239896836,1784239894054
299.65,26.3,1784239896861,1784239894081
299.71,35.3,1784239896908,1784239894137
299.71,4.3,1784239896940,1784239894138
299.75,13.3,1784239896972,1784239894179
299.79,17.3,1784239897010,1784239894221
299.82,18.3,1784239897036,1784239894248
299.85,13.3,1784239897069,1784239894276
299.88,9.3,1784239897102,1784239894305
299.92,16.3,1784239897136,1784239894346
299.95,16.3,1784239897165,1784239894375
299.99,15.3,1784239897208,1784239894417
300.02,14.3,1784239897236,1784239894444
300.07,28.3,1784239897277,1784239894499
300.09,10.3,1784239897309,1784239894513
300.13,16.3,1784239897345,1784239894555
300.16,17.3,1784239897372,1784239894583
300.18,13.3,1784239897404,1784239894611
300.23,13.3,1784239897446,1784239894653
300.27,32.3,1784239897468,1784239894694
300.30,19.3,1784239897510,1784239894723
300.32,10.3,1784239897546,1784239894750
300.37,19.3,1784239897579,1784239894792
300.41,29.3,1784239897611,1784239894834
300.42,11.3,1784239897643,1784239894848
300.46,20.3,1784239897675,1784239894889
300.49,16.3,1784239897707,1784239894917
300.55,34.3,1784239897746,1784239894974
300.56,21.3,1784239897772,1784239894987
300.59,18.3,1784239897803,1784239895015
300.63,15.3,1784239897847,1784239895056
300.66,23.3,1784239897867,1784239895084
300.70,17.3,1784239897915,1784239895126
300.73,13.3,1784239897947,1784239895154
300.75,9.3,1784239897979,1784239895182
300.80,19.3,1784239898010,1784239895223
300.82,10.3,1784239898047,1784239895251
300.85,6.3,1784239898079,1784239895279
300.89,15.4,1784239898111,1784239895320
300.95,34.4,1784239898148,1784239895376
300.98,41.4,1784239898170,1784239895405
300.99,12.4,1784239898212,1784239895418
301.02,3.4,1784239898249,1784239895446
301.06,13.4,1784239898281,1784239895488
301.09,9.4,1784239898313,1784239895516
301.13,16.4,1784239898348,1784239895558
301.16,14.4,1784239898377,1784239895585
301.19,10.4,1784239898409,1784239895613
301.23,9.4,1784239898452,1784239895655
301.28,44.4,1784239898473,1784239895711
301.31,41.4,1784239898504,1784239895739
301.33,7.4,1784239898552,1784239895753
301.38,30.4,1784239898584,1784239895808
301.40,13.4,1784239898616,1784239895823
301.42,7.4,1784239898649,1784239895850
301.47,12.4,1784239898686,1784239895892
301.49,13.4,1784239898713,1784239895920
301.55,33.4,1784239898749,1784239895976
301.58,22.4,1784239898787,1784239896003
301.60,28.4,1784239898809,1784239896031
301.66,35.4,1784239898857,1784239896086
301.67,19.4,1784239898887,1784239896100
301.70,12.4,1784239898922,1784239896128
301.73,9.4,1784239898953,1784239896156
301.77,18.4,1784239898986,1784239896198
301.80,15.4,1784239899018,1784239896227
301.84,23.4,1784239899051,1784239896268
301.85,1.4,1784239899086,1784239896281
301.90,17.4,1784239899113,1784239896324
301.95,28.4,1784239899157,1784239896379
301.97,13.4,1784239899187,1784239896394
302.01,16.4,1784239899225,1784239896435
302.05,26.4,1784239899257,1784239896477
302.08,20.4,1784239899290,1784239896504
302.11,17.4,1784239899321,1784239896532
302.13,15.4,1784239899352,1784239896561
302.17,21.4,1784239899386,1784239896601
302.19,5.4,1784239899416,1784239896615
302.24,18.4,1784239899459,1784239896671
302.27,19.4,1784239899486,1784239896699
302.33,49.4,1784239899511,1784239896754
302.34,17.4,1784239899559,1784239896770
302.37,12.4,1784239899591,1784239896797
302.41,21.4,1784239899623,1784239896838
302.44,18.4,1784239899655,1784239896867
302.47,13.4,1784239899687,1784239896894
302.51,22.4,1784239899719,1784239896935
302.57,36.4,1784239899762,1784239896992
302.58,21.4,1784239899792,1784239897007
302.62,28.4,1784239899825,1784239897047
302.66,33.4,1784239899862,1784239897089
302.68,15.4,1784239899894,1784239897103
302.70,11.4,1784239899926,1784239897131
302.75,21.4,1784239899958,1784239897173
302.80,44.4,1784239899990,1784239897228
302.94,152.4,1784239900022,1784239897368
302.94,109.4,1784239900065,1784239897368
302.94,88.4,1784239900086,1784239897368
302.94,39.8,1784239900133,1784239897368
302.95,20.8,1784239900165,1784239897381
302.98,16.8,1784239900198,1784239897410
303.02,23.8,1784239900233,1784239897452
303.05,23.8,1784239900260,1784239897479
303.09,33.8,1784239900292,1784239897521
303.11,15.8,1784239900324,1784239897535
303.14,11.8,1784239900356,1784239897563
303.21,38.8,1784239900398,1784239897632
303.23,45.8,1784239900419,1784239897660
303.25,11.8,1784239900467,1784239897674
303.28,7.8,1784239900499,1784239897702
303.32,17.8,1784239900531,1784239897744
303.34,12.8,1784239900563,1784239897771
303.39,22.8,1784239900595,1784239897813
303.44,46.8,1784239900627,1784239897869
303.44,14.8,1784239900659,1784239897869
303.48,13.8,1784239900702,1784239897911
303.54,34.8,1784239900736,1784239897966
303.57,27.8,1784239900771,1784239897994
303.58,11.8,1784239900802,1784239898009
303.62,14.8,1784239900839,1784239898049
303.65,16.8,1784239900865,1784239898077
303.71,39.8,1784239900898,1784239898133
303.72,14.8,1784239900937,1784239898147
303.75,18.8,1784239900961,1784239898175
303.80,32.8,1784239901004,1784239898232
303.82,13.8,1784239901036,1784239898245
303.85,3.8,1784239901074,1784239898273
303.89,13.8,1784239901105,1784239898314
303.92,8.8,1784239901138,1784239898342
304.08,145.8,1784239901169,1784239898510
304.08,109.8,1784239901205,1784239898510
304.08,78.8,1784239901236,1784239898510
304.08,45.8,1784239901269,1784239898510
304.10,19.8,1784239901308,1784239898523
304.12,20.8,1784239901336,1784239898552
304.15,21.8,1784239901361,1784239898578
304.19,16.8,1784239901409,1784239898621
304.22,12.8,1784239901441,1784239898649
304.26,21.8,1784239901473,1784239898690
304.29,18.8,1784239901504,1784239898718
304.32,14.8,1784239901536,1784239898746
304.35,10.8,1784239901568,1784239898774
304.39,9.8,1784239901610,1784239898815
304.42,11.8,1784239901636,1784239898843
304.47,39.8,1784239901664,1784239898899
304.49,10.8,1784239901707,1784239898913
304.53,15.8,1784239901745,1784239898956
304.56,11.8,1784239901776,1784239898983
304.58,6.8,1784239901809,1784239899011
304.63,15.8,1784239901841,1784239899052
304.65,11.8,1784239901873,1784239899080
304.71,27.8,1784239901912,1784239899135
304.74,31.8,1784239901937,1784239899164
304.77,28.8,1784239901968,1784239899192
304.82,41.8,1784239902011,1784239899248
304.82,4.8,1784239902048,1784239899248
304.88,27.8,1784239902080,1784239899303
304.92,37.1,1784239902112,1784239899345
304.92,5.1,1784239902144,1784239899345
304.96,15.1,1784239902176,1784239899387
304.99,10.1,1784239902208,1784239899414
305.04,33.1,1784239902241,1784239899470
305.06,11.1,1784239902277,1784239899484
305.10,26.1,1784239902304,1784239899526
305.15,38.1,1784239902347,1784239899581
305.17,16.1,1784239902383,1784239899595
305.20,10.1,1784239902418,1784239899624
305.23,11.1,1784239902448,1784239899655
305.45,197.1,1784239902480,1784239899873
305.45,167.1,1784239902511,1784239899874
305.45,128.1,1784239902550,1784239899874
305.45,103.1,1784239902575,1784239899874
305.45,71.1,1784239902607,1784239899874
305.45,28.1,1784239902650,1784239899874
305.49,48.1,1784239902671,1784239899915
305.50,15.1,1784239902718,1784239899929
305.53,11.1,1784239902750,1784239899957
305.56,3.1,1784239902786,1784239899985
305.60,17.1,1784239902814,1784239900027
305.64,27.1,1784239902846,1784239900069
305.68,29.1,1784239902886,1784239900111
305.85,172.1,1784239902910,1784239900278
305.85,130.1,1784239902952,1784239900278
305.85,93.1,1784239902989,1784239900278
305.85,62.1,1784239903020,1784239900278
305.85,30.1,1784239903052,1784239900278
305.87,10.1,1784239903086,1784239900292
305.91,20.1,1784239903117,1784239900333
305.95,31.1,1784239903148,1784239900375
305.98,21.1,1784239903186,1784239900403
306.00,23.1,1784239903212,1784239900431
306.06,32.1,1784239903258,1784239900486
306.07,18.1,1784239903286,1784239900500
306.10,9.1,1784239903323,1784239900528
306.14,16.1,1784239903358,1784239900570
306.17,15.1,1784239903387,1784239900598
306.20,9.1,1784239903421,1784239900626
306.25,27.1,1784239903458,1784239900681
306.27,13.1,1784239903486,1784239900695
306.31,26.1,1784239903515,1784239900737
306.48,150.1,1784239903558,1784239900904
306.48,115.1,1784239903593,1784239900904
306.48,83.1,1784239903625,1784239900904
306.48,50.1,1784239903658,1784239900904
306.48,19.1,1784239903689,1784239900904
306.50,15.1,1784239903721,1784239900932
306.55,19.1,1784239903759,1784239900974
306.57,20.1,1784239903786,1784239901002
306.60,17.1,1784239903816,1784239901029
306.64,16.1,1784239903859,1784239901071
306.67,7.1,1784239903896,1784239901099
306.71,17.1,1784239903928,1784239901141
306.74,12.1,1784239903960,1784239901168
306.78,23.1,1784239903992,1784239901211
306.80,6.1,1784239904024,1784239901226
306.84,11.1,1784239904060,1784239901267
306.87,11.1,1784239904087,1784239901294
306.99,99.7,1784239904119,1784239901419
306.99,57.7,1784239904161,1784239901419
306.99,32.7,1784239904186,1784239901419
307.02,31.7,1784239904215,1784239901447
307.06,26.7,1784239904262,1784239901489
307.08,8.7,1784239904294,1784239901503
307.10,3.7,1784239904326,1784239901530
307.15,11.7,1784239904360,1784239901572
307.20,36.7,1784239904390,1784239901627
307.20,1.7,1784239904425,1784239901627
307.27,36.7,1784239904461,1784239901698
307.30,27.7,1784239904497,1784239901725
307.31,21.7,1784239904518,1784239901740
307.35,15.7,1784239904565,1784239901781
307.37,-2.3,1784239904597,1784239901795
307.41,6.7,1784239904629,1784239901836
307.44,3.7,1784239904661,1784239901865
307.48,12.7,1784239904693,1784239901906
307.49,-5.3,1784239904725,1784239901920
307.55,14.7,1784239904761,1784239901976
307.60,31.7,1784239904799,1784239902031
307.63,38.7,1784239904820,1784239902059
307.65,6.7,1784239904867,1784239902074
307.67,0.7,1784239904900,1784239902101
307.87,163.7,1784239904932,1784239902296
307.87,131.7,1784239904964,1784239902296
307.87,99.7,1784239904996,1784239902296
307.87,59.7,1784239905036,1784239902296
307.87,30.7,1784239905065,1784239902296
307.88,7.7,1784239905102,1784239902310
307.91,1.7,1784239905136,1784239902338
307.97,31.7,1784239905162,1784239902394
307.98,3.7,1784239905203,1784239902407
308.02,12.7,1784239905236,1784239902449
308.05,9.7,1784239905266,1784239902476
308.08,3.7,1784239905300,1784239902504
308.12,9.7,1784239905336,1784239902546
308.15,12.7,1784239905362,1784239902575
308.20,26.7,1784239905403,1784239902630
308.22,2.7,1784239905440,1784239902643
308.26,12.7,1784239905472,1784239902685
308.29,8.7,1784239905504,1784239902713
308.31,5.7,1784239905536,1784239902742
308.36,14.7,1784239905568,1784239902783
308.38,10.7,1784239905600,1784239902811
308.41,2.7,1784239905636,1784239902839
308.45,14.7,1784239905664,1784239902879
308.51,27.7,1784239905708,1784239902936
308.55,32.7,1784239905745,1784239902978
308.55,1.7,1784239905776,1784239902978
308.59,10.7,1784239905808,1784239903019
308.62,7.7,1784239905840,1784239903048
308.65,3.7,1784239905872,1784239903076
308.69,7.7,1784239905909,1784239903117
308.72,7.7,1784239905937,1784239903145
308.75,3.7,1784239905968,1784239903172
308.80,17.7,1784239906011,1784239903229
308.83,20.7,1784239906036,1784239903257
308.89,47.7,1784239906065,1784239903313
308.89,0.7,1784239906112,1784239903313
308.93,11.8,1784239906144,1784239903354
308.95,6.8,1784239906176,1784239903381
309.01,26.8,1784239906212,1784239903437
309.02,12.8,1784239906241,1784239903452
309.05,8.8,1784239906273,1784239903480
309.08,3.8,1784239906305,1784239903507
309.14,17.8,1784239906347,1784239903563
309.16,24.8,1784239906368,1784239903591
309.22,35.8,1784239906412,1784239903646
309.23,12.8,1784239906449,1784239903660
309.26,8.8,1784239906481,1784239903688
309.30,18.8,1784239906513,1784239903730
309.33,14.8,1784239906545,1784239903758
309.36,9.8,1784239906577,1784239903785
309.40,18.8,1784239906609,1784239903826
309.46,34.8,1784239906650,1784239903883
309.46,12.8,1784239906673,1784239903884
309.50,20.8,1784239906705,1784239903924
309.53,1.8,1784239906752,1784239903952
309.57,9.8,1784239906786,1784239903994
309.60,7.8,1784239906816,1784239904022
309.64,16.8,1784239906849,1784239904064
309.66,7.8,1784239906886,1784239904092
309.69,7.8,1784239906913,1784239904119
309.73,16.8,1784239906946,1784239904161
309.79,32.8,1784239906986,1784239904217
309.79,7.8,1784239907011,1784239904217
309.85,23.8,1784239907051,1784239904273
309.87,15.8,1784239907087,1784239904301
309.90,8.8,1784239907121,1784239904328
309.93,5.8,1784239907153,1784239904357
309.97,12.8,1784239907187,1784239904398
310.00,9.8,1784239907219,1784239904427
310.03,5.8,1784239907250,1784239904454
310.07,10.8,1784239907286,1784239904495
310.10,11.8,1784239907313,1784239904523
310.14,10.8,1784239907355,1784239904564
310.17,7.8,1784239907386,1784239904592
310.21,27.8,1784239907409,1784239904635
310.24,9.8,1784239907455,1784239904663
310.26,3.8,1784239907489,1784239904691
310.31,13.8,1784239907520,1784239904732
310.36,31.8,1784239907557,1784239904787
310.36,3.8,1784239907586,1784239904788
310.40,15.8,1784239907616,1784239904830
310.46,28.8,1784239907658,1784239904885
310.47,14.8,1784239907686,1784239904899
310.53,45.8,1784239907711,1784239904955
310.54,11.8,1784239907759,1784239904969
310.57,6.8,1784239907792,1784239904997
310.61,15.8,1784239907824,1784239905038
310.64,12.8,1784239907855,1784239905066
310.69,29.8,1784239907894,1784239905122
310.71,17.8,1784239907920,1784239905136
310.95,222.8,1784239907952,1784239905373
310.95,188.8,1784239907986,1784239905373
310.95,159.8,1784239908015,1784239905373
310.95,116.8,1784239908058,1784239905373
310.95,79.8,1784239908095,1784239905373
310.95,46.2,1784239908127,1784239905373
310.95,15.2,1784239908158,1784239905373
310.97,10.2,1784239908190,1784239905400
311.00,6.2,1784239908223,1784239905429
311.04,16.2,1784239908254,1784239905470
311.10,31.2,1784239908296,1784239905527
311.10,5.2,1784239908322,1784239905527
311.14,7.2,1784239908360,1784239905567
311.18,12.2,1784239908398,1784239905610
311.21,8.2,1784239908429,1784239905637
311.24,4.2,1784239908461,1784239905665
311.28,13.2,1784239908494,1784239905707
311.46,162.2,1784239908526,1784239905888
311.46,123.2,1784239908565,1784239905888
311.46,100.2,1784239908588,1784239905888
311.46,68.2,1784239908620,1784239905888
311.46,36.2,1784239908652,1784239905888
311.47,2.2,1784239908700,1784239905902
311.52,11.2,1784239908732,1784239905943
311.56,22.2,1784239908763,1784239905985
311.57,3.2,1784239908796,1784239905999
311.63,27.2,1784239908828,1784239906055
311.64,10.2,1784239908859,1784239906069
311.70,22.2,1784239908902,1784239906124
311.71,16.2,1784239908923,1784239906139
311.75,25.2,1784239908955,1784239906180
311.81,38.2,1784239908997,1784239906235
311.81,-0.8,1784239909036,1784239906235
311.85,10.2,1784239909067,1784239906277
311.88,7.2,1784239909099,1784239906306
311.91,3.2,1784239909130,1784239906333
311.95,14.2,1784239909162,1784239906376
312.00,36.2,1784239909195,1784239906431
312.02,8.2,1784239909236,1784239906444
312.06,28.2,1784239909258,1784239906486
312.10,26.2,1784239909301,1784239906527
312.12,5.2,1784239909338,1784239906543
312.16,11.2,1784239909373,1784239906584
312.18,8.2,1784239909403,1784239906611
312.21,4.2,1784239909436,1784239906640
312.25,8.2,1784239909473,1784239906681
312.30,24.2,1784239909499,1784239906723
312.32,15.2,1784239909536,1784239906751
312.35,5.2,1784239909573,1784239906778
312.39,16.2,1784239909604,1784239906820
312.42,12.2,1784239909636,1784239906848
312.45,3.2,1784239909673,1784239906876
312.49,13.2,1784239909705,1784239906918
312.52,8.2,1784239909737,1784239906945
312.55,0.2,1784239909774,1784239906974
312.57,2.2,1784239909800,1784239907002
312.62,8.2,1784239909836,1784239907044
312.66,11.2,1784239909874,1784239907085
312.71,31.2,1784239909910,1784239907141
312.73,9.2,1784239909945,1784239907154
312.76,8.2,1784239909975,1784239907183
312.78,3.2,1784239910007,1784239907210
312.81,0.2,1784239910039,1784239907239
312.85,5.2,1784239910075,1784239907280
312.88,6.2,1784239910103,1784239907309
312.91,0.4,1784239910136,1784239907335
312.95,4.4,1784239910175,1784239907378
313.01,24.4,1784239910209,1784239907432
313.02,1.4,1784239910247,1784239907447
313.06,12.4,1784239910278,1784239907489
313.09,7.4,1784239910310,1784239907516
313.12,3.4,1784239910342,1784239907544
313.16,12.4,1784239910375,1784239907586
313.19,8.4,1784239910406,1784239907613
313.24,32.4,1784239910438,1784239907669
313.26,9.4,1784239910476,1784239907684
313.30,15.4,1784239910512,1784239907726
313.33,18.4,1784239910537,1784239907754
313.37,15.4,1784239910581,1784239907795
313.40,12.4,1784239910613,1784239907824
313.42,7.4,1784239910645,1784239907851
313.47,18.4,1784239910677,1784239907894
313.49,12.4,1784239910709,1784239907920
313.52,9.4,1784239910741,1784239907949
313.55,0.4,1784239910777,1784239907976
313.59,14.4,1784239910805,1784239908018
313.63,13.4,1784239910847,1784239908059
313.67,17.4,1784239910885,1784239908101
313.70,13.4,1784239910917,1784239908129
313.73,10.4,1784239910948,1784239908157
313.76,6.4,1784239910981,1784239908186
313.80,16.4,1784239911012,1784239908227
313.81,-2.6,1784239911044,1784239908240
313.87,20.4,1784239911078,1784239908297
313.90,17.4,1784239911109,1784239908325
313.95,29.4,1784239911152,1784239908380
313.97,8.4,1784239911187,1784239908394
314.01,17.4,1784239911220,1784239908436
314.04,13.4,1784239911251,1784239908463
314.06,7.4,1784239911286,1784239908492
314.23,145.4,1784239911315,1784239908659
314.23,112.4,1784239911348,1784239908659
314.23,74.4,1784239911386,1784239908659
314.23,50.4,1784239911410,1784239908659
314.23,7.4,1784239911453,1784239908659
314.27,15.4,1784239911486,1784239908700
314.30,7.4,1784239911522,1784239908728
314.33,4.4,1784239911553,1784239908756
314.37,12.4,1784239911586,1784239908797
314.40,11.4,1784239911616,1784239908826
314.45,33.4,1784239911649,1784239908881
314.48,25.4,1784239911686,1784239908910
314.50,11.4,1784239911713,1784239908923
314.55,23.4,1784239911756,1784239908978
314.57,8.4,1784239911786,1784239908993
314.61,26.4,1784239911809,1784239909034
314.64,6.4,1784239911857,1784239909062
314.66,1.4,1784239911889,1784239909089
314.70,11.4,1784239911922,1784239909132
314.73,8.4,1784239911952,1784239909159
314.76,2.4,1784239911987,1784239909188
314.80,9.4,1784239912021,1784239909229
314.86,27.4,1784239912059,1784239909285
314.89,28.4,1784239912086,1784239909313
314.91,30.4,1784239912111,1784239909340
314.94,11.7,1784239912159,1784239909368
314.97,6.7,1784239912192,1784239909396
315.00,3.7,1784239912224,1784239909425
315.19,165.7,1784239912255,1784239909618
315.19,134.7,1784239912286,1784239909618
315.19,103.7,1784239912318,1784239909619
315.19,60.7,1784239912361,1784239909619
315.19,35.7,1784239912386,1784239909619
315.21,10.7,1784239912425,1784239909633
315.25,20.7,1784239912457,1784239909675
315.29,23.7,1784239912495,1784239909716
315.30,5.7,1784239912527,1784239909730
315.33,0.7,1784239912561,1784239909759
315.37,12.7,1784239912590,1784239909800
315.40,7.7,1784239912622,1784239909827
315.43,4.7,1784239912654,1784239909856
315.47,14.7,1784239912686,1784239909898
315.51,24.7,1784239912717,1784239909939
315.55,23.7,1784239912760,1784239909981
315.58,13.7,1784239912797,1784239910008
315.61,10.7,1784239912829,1784239910037
315.64,1.7,1784239912865,1784239910064
315.67,2.7,1784239912892,1784239910092
315.71,11.7,1784239912925,1784239910134
315.75,22.7,1784239912956,1784239910176
315.80,35.7,1784239912998,1784239910231
315.82,27.7,1784239913020,1784239910245
315.85,8.7,1784239913068,1784239910274
315.89,16.7,1784239913100,1784239910314
315.92,14.7,1784239913131,1784239910343
315.94,4.7,1784239913168,1784239910370
315.99,19.7,1784239913196,1784239910413
316.04,37.7,1784239913233,1784239910468
316.04,11.7,1784239913259,1784239910468
316.10,24.7,1784239913302,1784239910524
316.11,18.7,1784239913323,1784239910539
316.15,27.7,1784239913354,1784239910579
316.19,21.7,1784239913402,1784239910621
316.21,1.7,1784239913436,1784239910635
316.25,10.7,1784239913469,1784239910677
316.28,9.7,1784239913499,1784239910706
316.32,13.7,1784239913536,1784239910747
316.35,11.7,1784239913566,1784239910775
316.39,13.7,1784239913605,1784239910816
316.42,9.7,1784239913636,1784239910843
316.46,29.7,1784239913659,1784239910886
316.49,15.7,1784239913701,1784239910914
316.51,6.7,1784239913738,1784239910942
316.56,14.7,1784239913770,1784239910982
316.58,10.7,1784239913802,1784239911010
316.61,4.7,1784239913836,1784239911038
316.65,16.7,1784239913866,1784239911080
316.71,40.7,1784239913898,1784239911136
316.72,15.7,1784239913937,1784239911150
316.75,18.7,1784239913962,1784239911178
316.92,143.7,1784239914004,1784239911345
316.92,110.7,1784239914037,1784239911345
316.92,72.7,1784239914075,1784239911345
316.92,42.7,1784239914105,1784239911345
316.92,10.8,1784239914137,1784239911345
316.95,8.8,1784239914168,1784239911374
317.02,34.8,1784239914211,1784239911443
317.02,9.8,1784239914236,1784239911443
317.06,22.8,1784239914264,1784239911484
317.10,18.8,1784239914311,1784239911527
317.13,13.8,1784239914343,1784239911554
317.16,9.8,1784239914375,1784239911582
317.20,18.8,1784239914407,1784239911623
317.22,15.8,1784239914439,1784239911652
317.25,6.8,1784239914475,1784239911679
317.29,19.8,1784239914503,1784239911720
317.32,15.8,1784239914536,1784239911749
317.36,21.8,1784239914572,1784239911791
317.39,11.8,1784239914609,1784239911818
317.45,41.8,1784239914636,1784239911875
317.47,25.8,1784239914678,1784239911901
317.49,8.8,1784239914710,1784239911916
317.52,3.8,1784239914742,1784239911943
317.56,13.8,1784239914774,1784239911985
317.61,30.8,1784239914814,1784239912042
317.63,18.8,1784239914839,1784239912055
317.66,14.8,1784239914870,1784239912082
317.71,31.8,1784239914910,1784239912139
317.73,4.8,1784239914951,1784239912153
317.77,15.8,1784239914982,1784239912195
317.81,24.8,1784239915014,1784239912236
317.82,5.8,1784239915047,1784239912250
317.88,30.8,1784239915078,1784239912306
317.89,11.8,1784239915110,1784239912319
318.10,189.8,1784239915141,1784239912528
318.10,156.8,1784239915174,1784239912528
318.10,124.8,1784239915206,1784239912528
318.10,82.8,1784239915248,1784239912528
318.10,60.8,1784239915270,1784239912528
318.10,13.8,1784239915317,1784239912528
318.13,8.8,1784239915350,1784239912556
318.16,0.8,1784239915386,1784239912584
318.20,11.8,1784239915417,1784239912626
318.23,11.8,1784239915445,1784239912654
318.28,25.8,1784239915487,1784239912710
318.30,16.8,1784239915510,1784239912724
318.35,28.8,1784239915553,1784239912779
318.37,8.8,1784239915587,1784239912793
318.39,16.8,1784239915608,1784239912822
318.44,12.8,1784239915653,1784239912863
318.48,20.8,1784239915687,1784239912905
318.49,4.8,1784239915716,1784239912918
318.55,28.8,1784239915749,1784239912975
318.59,30.8,1784239915788,1784239913016
318.59,3.8,1784239915816,1784239913017
318.63,5.8,1784239915855,1784239913058
318.69,27.8,1784239915888,1784239913113
318.70,5.8,1784239915924,1784239913127
318.73,2.8,1784239915955,1784239913155
318.77,12.8,1784239915988,1784239913198
318.80,10.8,1784239916018,1784239913226
318.83,4.8,1784239916051,1784239913253
318.87,9.8,1784239916088,1784239913295
319.03,137.5,1784239916126,1784239913461
319.03,116.5,1784239916147,1784239913461
319.03,75.5,1784239916188,1784239913461
319.03,37.5,1784239916226,1784239913461
319.03,5.5,1784239916258,1784239913461
319.06,1.5,1784239916290,1784239913489
319.10,12.5,1784239916321,1784239913531
319.13,7.5,1784239916354,1784239913559
319.16,0.5,1784239916389,1784239913587
319.20,13.5,1784239916417,1784239913628
319.26,37.5,1784239916449,1784239913684
319.30,39.5,1784239916489,1784239913726
319.31,30.5,1784239916513,1784239913741
319.36,24.5,1784239916561,1784239913783
319.38,17.5,1784239916595,1784239913810
319.40,1.5,1784239916625,1784239913824
319.44,11.5,1784239916656,1784239913865
319.48,20.5,1784239916690,1784239913908
319.49,3.5,1784239916721,1784239913922
319.54,12.5,1784239916753,1784239913963
319.58,17.5,1784239916790,1784239914005
319.61,19.5,1784239916816,1784239914033
319.66,42.5,1784239916849,1784239914089
319.68,9.5,1784239916896,1784239914103
319.72,18.5,1784239916928,1784239914144
319.75,14.5,1784239916960,1784239914172
319.91,148.5,1784239916993,1784239914339
319.91,117.5,1784239917024,1784239914339
319.91,77.5,1784239917064,1784239914339
319.91,51.5,1784239917090,1784239914339
319.91,21.5,1784239917120,1784239914339
319.94,17.5,1784239917152,1784239914367
320.00,34.5,1784239917191,1784239914423
320.01,7.5,1784239917232,1784239914437
320.07,31.5,1784239917264,1784239914493
320.09,25.5,1784239917297,1784239914520
320.11,9.5,1784239917328,1784239914535
320.14,4.5,1784239917360,1784239914562
320.18,13.5,1784239917392,1784239914603
320.20,10.5,1784239917424,1784239914632
320.25,20.5,1784239917456,1784239914674
320.28,12.5,1784239917492,1784239914702
320.33,40.5,1784239917520,1784239914758
320.34,4.5,1784239917568,1784239914770
320.51,139.5,1784239917601,1784239914938
320.51,108.5,1784239917632,1784239914938
320.51,77.5,1784239917663,1784239914938
320.51,45.5,1784239917695,1784239914938
320.54,31.5,1784239917736,1784239914965
320.55,21.5,1784239917761,1784239914980
320.58,17.5,1784239917792,1784239915007
320.64,30.5,1784239917836,1784239915064
320.68,35.5,1784239917872,1784239915105
320.68,3.5,1784239917904,1784239915105
320.72,14.5,1784239917936,1784239915148
320.75,9.5,1784239917968,1784239915175
320.78,5.5,1784239918000,1784239915203
320.82,10.5,1784239918036,1784239915244
320.85,9.5,1784239918066,1784239915273
320.87,5.5,1784239918097,1784239915300
320.93,23.5,1784239918136,1784239915357
320.97,32.9,1784239918168,1784239915397
320.99,7.9,1784239918208,1784239915412
321.03,15.9,1784239918241,1784239915453
321.05,12.9,1784239918272,1784239915481
321.08,8.9,1784239918304,1784239915509
321.11,3.9,1784239918337,1784239915537
321.15,13.9,1784239918368,1784239915578
321.19,22.9,1784239918401,1784239915620
321.21,0.9,1784239918436,1784239915633
321.26,30.9,1784239918463,1784239915690
321.30,23.9,1784239918511,1784239915731
321.35,34.9,1784239918543,1784239915774
321.36,14.9,1784239918576,1784239915787
321.39,11.9,1784239918607,1784239915815
321.43,22.9,1784239918638,1784239915857
321.44,4.9,1784239918670,1784239915871
321.49,13.9,1784239918702,1784239915912
321.53,23.9,1784239918736,1784239915956
321.54,6.9,1784239918766,1784239915969
321.60,18.9,1784239918809,1784239916024
321.62,7.9,1784239918848,1784239916052
321.65,4.9,1784239918879,1784239916080
321.69,11.9,1784239918914,1784239916122
321.73,11.9,1784239918946,1784239916154
321.76,15.9,1784239918978,1784239916190
321.79,12.9,1784239919008,1784239916217
321.83,20.9,1784239919041,1784239916258
321.86,16.9,1784239919072,1784239916285
321.88,5.9,1784239919102,1784239916304
321.93,10.9,1784239919150,1784239916357
321.96,4.9,1784239919182,1784239916383
321.99,5.9,1784239919214,1784239916416
322.02,8.9,1784239919246,1784239916451
322.06,9.9,1784239919278,1784239916484
322.09,13.9,1784239919310,1784239916520
322.12,6.9,1784239919343,1784239916546
322.17,24.9,1784239919374,1784239916595
322.19,16.9,1784239919407,1784239916620
322.24,25.9,1784239919449,1784239916671
322.26,17.9,1784239919473,1784239916687
322.29,5.9,1784239919519,1784239916721
322.33,7.9,1784239919551,1784239916755
322.36,6.9,1784239919586,1784239916789
322.40,12.9,1784239919615,1784239916824
322.43,13.9,1784239919647,1784239916857
322.46,7.9,1784239919679,1784239916883
322.50,16.9,1784239919711,1784239916924
322.55,32.9,1784239919744,1784239916973
322.56,7.9,1784239919786,1784239916990
322.60,18.9,1784239919808,1784239917023
322.65,26.9,1784239919851,1784239917074
322.66,8.9,1784239919886,1784239917091
322.70,7.9,1784239919921,1784239917125
322.73,10.9,1784239919952,1784239917159
322.77,9.9,1784239919986,1784239917192
322.79,4.9,1784239920016,1784239917217
322.84,15.9,1784239920054,1784239917266
322.87,17.9,1784239920086,1784239917300
322.90,16.9,1784239920112,1784239917325
322.96,33.6,1784239920155,1784239917384
322.97,5.6,1784239920192,1784239917393
323.00,8.6,1784239920224,1784239917428
323.03,9.6,1784239920256,1784239917461
323.07,10.6,1784239920288,1784239917494
323.10,11.6,1784239920320,1784239917527
323.13,13.6,1784239920352,1784239917561
323.16,4.6,1784239920386,1784239917586
323.20,17.6,1784239920415,1784239917628
323.26,32.6,1784239920458,1784239917686
323.27,12.6,1784239920486,1784239917694
323.30,20.6,1784239920514,1784239917730
323.35,25.6,1784239920559,1784239917780
323.37,10.6,1784239920591,1784239917797
323.40,12.6,1784239920623,1784239917831
323.44,13.6,1784239920655,1784239917864
323.46,7.6,1784239920687,1784239917890
323.50,10.6,1784239920718,1784239917924
323.54,9.6,1784239920761,1784239917966
323.56,9.6,1784239920786,1784239917991
323.59,5.6,1784239920814,1784239918015
323.64,7.6,1784239920862,1784239918065
323.67,10.6,1784239920893,1784239918099
323.70,9.6,1784239920926,1784239918131
323.74,11.6,1784239920958,1784239918165
323.78,21.6,1784239920990,1784239918207
323.80,14.6,1784239921022,1784239918232
323.86,40.6,1784239921054,1784239918290
323.88,23.6,1784239921087,1784239918306
323.90,17.6,1784239921118,1784239918331
324.07,142.6,1784239921161,1784239918499
324.07,103.6,1784239921200,1784239918499
324.07,72.6,1784239921231,1784239918499
324.07,40.6,1784239921263,1784239918499
324.07,4.6,1784239921299,1784239918499
324.11,6.6,1784239921332,1784239918534
324.14,13.6,1784239921359,1784239918568
324.20,32.6,1784239921399,1784239918627
324.20,8.6,1784239921423,1784239918627
324.24,17.6,1784239921455,1784239918668
324.30,32.6,1784239921499,1784239918727
324.31,5.6,1784239921534,1784239918735
324.34,6.6,1784239921566,1784239918768
324.38,8.6,1784239921599,1784239918803
324.43,30.6,1784239921635,1784239918861
324.45,13.6,1784239921669,1784239918878
324.50,32.6,1784239921699,1784239918927
324.51,15.6,1784239921725,1784239918936
324.54,15.6,1784239921757,1784239918968
324.60,31.6,1784239921800,1784239919027
324.61,18.6,1784239921821,1784239919035
324.64,20.6,1784239921854,1784239919070
324.70,30.6,1784239921902,1784239919128
324.71,3.6,1784239921937,1784239919136
324.74,8.6,1784239921966,1784239919170
324.78,9.6,1784239922000,1784239919205
324.84,31.6,1784239922037,1784239919264
324.84,4.6,1784239922064,1784239919264
324.89,14.6,1784239922105,1784239919315
324.91,7.5,1784239922136,1784239919339
324.95,18.5,1784239922158,1784239919372
324.99,12.5,1784239922206,1784239919414
325.03,23.5,1784239922238,1784239919457
325.05,9.5,1784239922270,1784239919475
325.08,11.5,1784239922301,1784239919508
325.12,9.5,1784239922337,1784239919542
325.15,14.5,1784239922366,1784239919576
325.21,28.5,1784239922409,1784239919633
325.22,10.5,1784239922436,1784239919642
325.27,43.5,1784239922461,1784239919700
325.31,33.5,1784239922505,1784239919734
325.32,4.5,1784239922543,1784239919743
325.35,8.5,1784239922574,1784239919778
325.38,8.5,1784239922606,1784239919810
325.42,10.5,1784239922638,1784239919844
325.45,9.5,1784239922673,1784239919878
325.50,31.5,1784239922701,1784239919928
325.51,4.5,1784239922736,1784239919936
325.55,17.5,1784239922764,1784239919977
325.60,26.5,1784239922807,1784239920029
325.62,5.5,1784239922845,1784239920046
325.65,5.5,1784239922877,1784239920078
325.69,6.5,1784239922910,1784239920112
325.72,9.5,1784239922941,1784239920146
325.75,10.5,1784239922973,1784239920179
325.79,13.5,1784239923005,1784239920214
325.85,39.5,1784239923037,1784239920272
325.85,7.5,1784239923069,1784239920272
325.90,13.5,1784239923114,1784239920323
325.94,21.5,1784239923148,1784239920365
325.96,15.5,1784239923180,1784239920391
325.99,7.5,1784239923214,1784239920417
326.02,10.5,1784239923244,1784239920450
326.06,11.5,1784239923278,1784239920485
326.08,6.5,1784239923308,1784239920510
326.13,16.5,1784239923340,1784239920552
326.15,11.5,1784239923372,1784239920579
326.18,10.5,1784239923405,1784239920611
326.23,10.5,1784239923447,1784239920653
326.28,23.5,1784239923484,1784239920703
326.32,31.5,1784239923516,1784239920743
326.33,8.5,1784239923548,1784239920752
326.36,8.5,1784239923581,1784239920785
326.39,10.5,1784239923612,1784239920818
326.43,11.5,1784239923645,1784239920852
326.46,14.5,1784239923676,1784239920886
326.49,15.5,1784239923708,1784239920919
326.55,30.5,1784239923751,1784239920977
326.57,26.5,1784239923772,1784239920994
326.61,20.5,1784239923820,1784239921036
326.63,4.5,1784239923852,1784239921052
326.66,6.5,1784239923884,1784239921086
326.69,7.5,1784239923916,1784239921119
326.73,9.5,1784239923948,1784239921153
326.78,23.5,1784239923986,1784239921205
326.79,13.5,1784239924012,1784239921221
326.85,41.5,1784239924044,1784239921281
326.86,6.5,1784239924087,1784239921289
326.90,19.5,1784239924108,1784239921323
327.07,146.5,1784239924152,1784239921493
327.07,109.5,1784239924189,1784239921493
327.07,77.5,1784239924221,1784239921493
327.07,45.5,1784239924253,1784239921493
327.07,11.5,1784239924287,1784239921493
327.10,13.5,1784239924316,1784239921524
327.15,35.5,1784239924349,1784239921579
327.21,59.5,1784239924387,1784239921641
327.21,34.5,1784239924412,1784239921641
327.26,42.5,1784239924455,1784239921692
327.26,10.5,1784239924487,1784239921692
327.30,12.5,1784239924524,1784239921731
327.33,7.5,1784239924557,1784239921759
327.37,14.5,1784239924590,1784239921799
327.40,11.5,1784239924621,1784239921827
327.44,21.5,1784239924653,1784239921869
327.48,22.5,1784239924687,1784239921904
327.50,14.5,1784239924716,1784239921925
327.57,39.5,1784239924759,1784239921993
327.57,12.5,1784239924786,1784239921993
327.61,27.5,1784239924812,1784239922034
327.66,36.5,1784239924859,1784239922090
327.68,22.5,1784239924886,1784239922103
327.71,9.5,1784239924928,1784239922132
327.75,19.5,1784239924960,1784239922174
327.77,13.5,1784239924993,1784239922201
327.80,11.5,1784239925024,1784239922230
327.83,7.5,1784239925056,1784239922258
327.87,12.5,1784239925093,1784239922300
327.90,12.5,1784239925120,1784239922327
327.94,22.5,1784239925152,1784239922369
327.98,23.5,1784239925187,1784239922405
328.01,28.5,1784239925216,1784239922439
328.05,23.5,1784239925263,1784239922481
328.07,3.5,1784239925296,1784239922494
328.11,17.5,1784239925328,1784239922540
328.14,14.5,1784239925360,1784239922569
328.17,10.5,1784239925392,1784239922597
328.20,8.5,1784239925424,1784239922627
328.24,13.5,1784239925457,1784239922665
328.46,207.5,1784239925489,1784239922891
328.46,176.5,1784239925520,1784239922891
328.46,141.5,1784239925555,1784239922891
328.50,144.5,1784239925590,1784239922929
328.50,103.5,1784239925631,1784239922929
328.50,71.5,1784239925663,1784239922929
328.50,39.5,1784239925695,1784239922929
328.53,27.5,1784239925733,1784239922955
328.55,23.5,1784239925759,1784239922977
328.57,12.5,1784239925791,1784239922998
328.61,20.5,1784239925824,1784239923039
328.64,16.5,1784239925855,1784239923066
328.68,16.5,1784239925897,1784239923108
328.71,5.5,1784239925935,1784239923135
328.77,30.5,1784239925967,1784239923192
328.78,11.5,1784239925999,1784239923205
328.81,8.5,1784239926031,1784239923234
328.84,7.5,1784239926067,1784239923269
328.88,15.5,1784239926095,1784239923305
328.92,18.5,1784239926136,1784239923349
328.95,20.2,1784239926160,1784239923374
329.00,31.2,1784239926203,1784239923428
329.02,12.2,1784239926236,1784239923442
329.05,22.2,1784239926256,1784239923472
329.10,29.2,1784239926304,1784239923527
329.11,12.2,1784239926336,1784239923542
329.16,22.2,1784239926368,1784239923584
329.19,15.2,1784239926403,1784239923612
329.22,12.2,1784239926436,1784239923642
329.25,22.2,1784239926465,1784239923681
329.32,42.2,1784239926508,1784239923744
329.32,14.2,1784239926536,1784239923744
329.35,18.2,1784239926564,1784239923776
329.56,185.2,1784239926604,1784239923983
329.56,148.2,1784239926641,1784239923983
329.56,116.2,1784239926673,1784239923983
329.56,84.2,1784239926705,1784239923983
329.56,52.2,1784239926737,1784239923983
329.56,21.2,1784239926768,1784239923983
