TiempoDesdeInicioSesion,TimestampVideo,LatenciaVideo
8.87,5.5,1784227833054,1784227830428
8.90,4.5,1784227833081,1784227830454
8.94,10.5,1784227833117,1784227830496
8.97,5.5,1784227833149,1784227830523
9.00,0.5,1784227833183,1784227830552
9.04,7.5,1784227833217,1784227830593
9.07,1.5,1784227833250,1784227830620
9.11,10.5,1784227833283,1784227830662
9.14,3.5,1784227833318,1784227830690
9.16,-1.5,1784227833351,1784227830718
9.21,3.5,1784227833388,1784227830760
9.23,2.5,1784227833417,1784227830788
9.27,9.5,1784227833451,1784227830829
9.30,3.5,1784227833485,1784227830857
9.33,-1.5,1784227833520,1784227830887
9.37,7.5,1784227833552,1784227830928
9.40,0.5,1784227833586,1784227830955
9.44,8.5,1784227833620,1784227830997
9.47,3.5,1784227833653,1784227831025
9.51,9.5,1784227833688,1784227831066
9.54,4.5,1784227833721,1784227831094
9.57,-1.5,1784227833755,1784227831122
9.61,6.5,1784227833789,1784227831164
9.64,1.5,1784227833822,1784227831192
9.68,9.5,1784227833855,1784227831233
9.71,3.5,1784227833889,1784227831261
9.75,10.5,1784227833923,1784227831302
9.78,5.5,1784227833957,1784227831331
9.81,0.5,1784227833990,1784227831359
9.85,9.5,1784227834022,1784227831400
9.87,3.5,1784227834056,1784227831428
9.92,10.5,1784227834090,1784227831469
9.94,6.5,1784227834123,1784227831498
9.97,-0.5,1784227834158,1784227831526
10.01,6.5,1784227834193,1784227831568
10.04,2.5,1784227834224,1784227831595
10.08,10.5,1784227834259,1784227831638
10.11,4.5,1784227834292,1784227831665
10.14,-2.5,1784227834326,1784227831692
10.18,6.5,1784227834360,1784227831735
10.21,0.5,1784227834394,1784227831763
10.25,10.5,1784227834427,1784227831806
10.28,3.5,1784227834460,1784227831832
10.31,-2.5,1784227834493,1784227831859
10.35,6.5,1784227834527,1784227831902
10.38,-0.5,1784227834562,1784227831930
10.42,8.5,1784227834595,1784227831972
10.44,1.5,1784227834628,1784227831998
10.49,9.5,1784227834663,1784227832041
10.51,6.5,1784227834694,1784227832069
10.54,-0.5,1784227834729,1784227832097
10.58,7.5,1784227834762,1784227832138
10.61,1.5,1784227834797,1784227832167
10.65,10.5,1784227834829,1784227832208
10.68,3.5,1784227834864,1784227832236
10.71,-1.5,1784227834897,1784227832264
10.75,6.5,1784227834931,1784227832306
10.78,0.5,1784227834964,1784227832333
10.82,8.5,1784227834998,1784227832375
10.85,4.5,1784227835030,1784227832403
10.88,-0.7,1784227835063,1784227832431
10.92,3.3,1784227835100,1784227832472
10.95,-1.7,1784227835133,1784227832500
10.99,7.3,1784227835167,1784227832543
11.02,2.3,1784227835199,1784227832570
11.04,-2.7,1784227835232,1784227832598
11.09,4.3,1784227835267,1784227832640
11.11,-1.7,1784227835301,1784227832668
11.15,7.3,1784227835333,1784227832709
11.18,1.3,1784227835367,1784227832737
11.22,9.3,1784227835401,1784227832779
11.25,3.3,1784227835435,1784227832807
11.28,-1.7,1784227835468,1784227832835
11.32,7.3,1784227835501,1784227832877
11.35,2.3,1784227835534,1784227832905
11.39,8.3,1784227835570,1784227832947
11.42,2.3,1784227835603,1784227832974
11.46,12.3,1784227835636,1784227833017
11.49,4.3,1784227835670,1784227833043
11.52,-0.7,1784227835704,1784227833072
11.56,7.3,1784227835737,1784227833113
11.59,2.3,1784227835771,1784227833142
11.63,8.3,1784227835806,1784227833183
11.66,3.3,1784227835838,1784227833210
11.70,11.3,1784227835872,1784227833252
11.73,6.3,1784227835905,1784227833280
11.76,1.3,1784227835939,1784227833309
11.80,8.3,1784227835972,1784227833349
11.82,3.3,1784227836006,1784227833378
11.85,-1.7,1784227836039,1784227833406
11.89,7.3,1784227836071,1784227833447
11.92,1.3,1784227836106,1784227833476
11.96,7.3,1784227836140,1784227833516
11.99,1.3,1784227836174,1784227833544
12.03,9.3,1784227836208,1784227833586
12.06,6.3,1784227836240,1784227833615
12.09,0.3,1784227836274,1784227833643
12.13,7.3,1784227836308,1784227833684
12.16,2.3,1784227836341,1784227833712
12.20,10.3,1784227836375,1784227833754
12.23,3.3,1784227836409,1784227833781
12.27,11.3,1784227836443,1784227833823
12.30,4.3,1784227836477,1784227833850
12.32,0.3,1784227836510,1784227833879
12.37,8.3,1784227836544,1784227833921
12.40,3.3,1784227836577,1784227833949
12.42,-3.7,1784227836611,1784227833976
12.46,4.3,1784227836645,1784227834018
12.49,-1.7,1784227836678,1784227834045
12.53,8.3,1784227836711,1784227834088
12.56,2.3,1784227836745,1784227834116
12.60,9.3,1784227836779,1784227834157
12.63,3.3,1784227836813,1784227834185
12.66,-1.7,1784227836846,1784227834213
12.70,6.3,1784227836880,1784227834255
12.73,1.3,1784227836913,1784227834283
12.77,9.3,1784227836946,1784227834324
12.80,3.3,1784227836980,1784227834352
12.84,11.3,1784227837014,1784227834394
12.87,7.3,1784227837046,1784227834422
12.90,1.3,1784227837080,1784227834450
12.94,8.3,1784227837114,1784227834491
12.96,0.3,1784227837150,1784227834519
13.01,10.3,1784227837182,1784227834561
13.03,5.3,1784227837215,1784227834589
13.06,-0.7,1784227837249,1784227834617
13.10,5.3,1784227837284,1784227834658
13.13,0.3,1784227837317,1784227834686
13.17,9.3,1784227837350,1784227834728
13.20,3.3,1784227837384,1784227834756
13.23,-1.7,1784227837417,1784227834784
13.27,5.3,1784227837451,1784227834825
13.30,0.3,1784227837485,1784227834854
13.34,7.3,1784227837519,1784227834895
13.37,2.3,1784227837552,1784227834923
13.40,-0.7,1784227837584,1784227834952
13.44,6.3,1784227837618,1784227834993
13.47,0.3,1784227837652,1784227835021
13.51,9.3,1784227837686,1784227835064
13.54,3.3,1784227837720,1784227835092
13.58,12.3,1784227837753,1784227835134
13.61,5.3,1784227837788,1784227835162
13.63,-0.7,1784227837820,1784227835188
13.67,6.3,1784227837854,1784227835229
13.70,-1.7,1784227837889,1784227835256
13.74,8.3,1784227837921,1784227835298
13.77,3.3,1784227837955,1784227835327
13.81,10.3,1784227837989,1784227835368
13.84,5.3,1784227838022,1784227835396
13.87,1.3,1784227838054,1784227835424
13.91,9.3,1784227838088,1784227835466
13.94,2.3,1784227838123,1784227835494
13.98,12.3,1784227838156,1784227835537
14.01,4.3,1784227838190,1784227835563
14.04,-0.7,1784227838223,1784227835591
14.08,7.3,1784227838257,1784227835633
14.11,1.3,1784227838291,1784227835661
14.15,10.3,1784227838324,1784227835703
14.18,3.3,1784227838358,1784227835730
14.20,-1.7,1784227838392,1784227835759
14.25,7.3,1784227838424,1784227835800
14.27,-1.7,1784227838460,1784227835827
14.32,9.3,1784227838492,1784227835870
14.34,3.3,1784227838526,1784227835898
14.37,-2.7,1784227838560,1784227835926
14.41,5.3,1784227838593,1784227835967
14.44,-1.7,1784227838628,1784227835995
14.48,8.3,1784227838660,1784227836037
14.51,2.3,1784227838695,1784227836066
14.55,10.3,1784227838728,1784227836107
14.58,3.3,1784227838762,1784227836134
14.62,12.3,1784227838796,1784227836177
14.65,5.3,1784227838830,1784227836204
14.68,1.3,1784227838862,1784227836232
14.72,9.3,1784227838896,1784227836274
14.75,2.3,1784227838929,1784227836300
14.78,-2.7,1784227838963,1784227836329
14.82,5.3,1784227838997,1784227836371
14.84,1.3,1784227839029,1784227836399
14.89,10.3,1784227839062,1784227836441
14.91,5.0,1784227839095,1784227836469
14.94,-2.0,1784227839130,1784227836497
14.98,4.0,1784227839165,1784227836538
15.01,-1.0,1784227839198,1784227836566
15.05,8.0,1784227839231,1784227836608
15.08,1.0,1784227839266,1784227836636
15.12,9.0,1784227839299,1784227836677
15.15,5.0,1784227839331,1784227836705
15.18,-3.0,1784227839367,1784227836733
15.22,8.0,1784227839399,1784227836776
15.25,1.0,1784227839432,1784227836802
15.29,8.0,1784227839467,1784227836844
15.32,2.0,1784227839501,1784227836872
15.35,-3.0,1784227839534,1784227836900
15.39,6.0,1784227839567,1784227836942
15.42,-1.0,1784227839601,1784227836969
15.46,7.0,1784227839635,1784227837011
15.48,2.0,1784227839668,1784227837039
15.53,10.0,1784227839702,1784227837081
15.55,4.0,1784227839735,1784227837108
15.58,0.0,1784227839768,1784227837137
15.62,5.0,1784227839802,1784227837176
15.65,-2.0,1784227839837,1784227837204
15.69,8.0,1784227839870,1784227837247
15.73,16.0,1784227839902,1784227837287
15.75,2.0,1784227839937,1784227837308
15.79,4.0,1784227839970,1784227837343
15.82,4.0,1784227840004,1784227837377
15.86,3.0,1784227840038,1784227837410
15.88,-4.0,1784227840070,1784227837435
15.92,4.0,1784227840105,1784227837478
15.96,4.0,1784227840138,1784227837511
15.99,5.0,1784227840172,1784227837546
16.02,-2.0,1784227840206,1784227837573
16.05,0.0,1784227840239,1784227837608
16.09,0.0,1784227840273,1784227837642
16.12,0.0,1784227840306,1784227837675
16.16,0.0,1784227840340,1784227837709
16.19,1.0,1784227840374,1784227837744
16.22,1.0,1784227840408,1784227837778
16.26,2.0,1784227840441,1784227837812
16.29,4.0,1784227840475,1784227837848
16.33,4.0,1784227840509,1784227837882
16.36,4.0,1784227840543,1784227837916
16.40,4.0,1784227840576,1784227837949
16.42,-1.0,1784227840609,1784227837977
16.46,-2.0,1784227840642,1784227838009
16.49,-1.0,1784227840676,1784227838044
16.52,0.0,1784227840709,1784227838078
16.56,-1.0,1784227840744,1784227838112
16.59,0.0,1784227840777,1784227838146
16.63,0.0,1784227840811,1784227838180
16.66,2.0,1784227840844,1784227838215
16.70,3.0,1784227840878,1784227838250
16.73,5.0,1784227840912,1784227838286
16.76,-1.0,1784227840945,1784227838313
16.79,-2.0,1784227840979,1784227838346
16.83,-2.0,1784227841013,1784227838380
16.86,0.0,1784227841045,1784227838414
16.89,2.2,1784227841078,1784227838449
16.92,-2.8,1784227841112,1784227838478
16.97,5.2,1784227841146,1784227838520
17.00,6.2,1784227841180,1784227838555
17.03,-1.8,1784227841213,1784227838580
17.07,5.2,1784227841249,1784227838623
17.09,-1.8,1784227841282,1784227838649
17.13,-1.8,1784227841315,1784227838682
17.16,-0.8,1784227841347,1784227838715
17.20,-1.8,1784227841383,1784227838750
17.23,-0.8,1784227841416,1784227838784
17.26,-1.8,1784227841451,1784227838818
17.30,0.2,1784227841483,1784227838852
17.33,1.2,1784227841516,1784227838886
17.37,1.2,1784227841550,1784227838920
17.40,1.2,1784227841584,1784227838954
17.44,2.2,1784227841618,1784227838989
17.47,5.2,1784227841650,1784227839024
17.49,-3.8,1784227841684,1784227839049
17.54,4.2,1784227841718,1784227839091
17.57,5.2,1784227841751,1784227839125
17.60,4.2,1784227841785,1784227839158
17.63,-1.8,1784227841818,1784227839185
17.67,-2.8,1784227841853,1784227839219
17.70,0.2,1784227841885,1784227839254
17.74,2.2,1784227841919,1784227839290
17.77,3.2,1784227841953,1784227839325
17.81,3.2,1784227841987,1784227839359
17.84,5.2,1784227842020,1784227839394
17.87,5.2,1784227842054,1784227839428
17.90,1.2,1784227842085,1784227839455
17.94,1.2,1784227842120,1784227839490
17.97,1.2,1784227842155,1784227839525
18.00,3.2,1784227842187,1784227839559
18.04,2.2,1784227842221,1784227839592
18.07,1.2,1784227842256,1784227839626
18.11,2.2,1784227842289,1784227839660
18.14,3.2,1784227842322,1784227839694
18.17,3.2,1784227842356,1784227839728
18.21,4.2,1784227842390,1784227839763
18.24,6.2,1784227842423,1784227839798
18.27,-1.8,1784227842457,1784227839824
18.31,5.2,1784227842491,1784227839865
18.34,-2.8,1784227842524,1784227839890
18.37,-1.8,1784227842558,1784227839925
18.41,0.2,1784227842591,1784227839960
18.44,0.2,1784227842625,1784227839994
18.47,0.2,1784227842659,1784227840028
18.51,2.2,1784227842691,1784227840062
18.54,3.2,1784227842725,1784227840097
18.58,2.2,1784227842759,1784227840130
18.61,3.2,1784227842792,1784227840164
18.65,4.2,1784227842827,1784227840200
18.67,-1.8,1784227842859,1784227840226
18.71,-2.8,1784227842893,1784227840259
18.75,5.2,1784227842928,1784227840302
18.78,-0.8,1784227842962,1784227840330
18.81,1.2,1784227842994,1784227840364
18.84,2.2,1784227843028,1784227840399
18.88,2.2,1784227843062,1784227840433
18.91,4.6,1784227843095,1784227840468
18.94,-0.4,1784227843127,1784227840495
18.98,-0.4,1784227843163,1784227840531
19.01,-0.4,1784227843196,1784227840564
19.04,1.6,1784227843229,1784227840599
19.08,1.6,1784227843263,1784227840633
19.11,-0.4,1784227843297,1784227840665
19.15,1.6,1784227843329,1784227840699
19.18,-0.4,1784227843365,1784227840733
19.21,-0.4,1784227843398,1784227840766
19.25,0.6,1784227843432,1784227840801
19.28,0.6,1784227843466,1784227840835
19.31,1.6,1784227843499,1784227840869
19.35,2.6,1784227843533,1784227840904
19.38,4.6,1784227843565,1784227840938
19.42,5.6,1784227843599,1784227840973
19.45,6.6,1784227843632,1784227841007
19.49,4.6,1784227843667,1784227841040
19.52,5.6,1784227843700,1784227841074
19.54,-2.4,1784227843733,1784227841099
19.58,-2.4,1784227843767,1784227841133
19.61,-0.4,1784227843800,1784227841168
19.65,-1.4,1784227843835,1784227841202
19.68,-0.4,1784227843868,1784227841236
19.72,-0.4,1784227843902,1784227841270
19.75,0.6,1784227843935,1784227841304
19.79,3.6,1784227843969,1784227841341
19.82,3.6,1784227844003,1784227841375
19.86,5.6,1784227844035,1784227841409
19.89,5.6,1784227844069,1784227841443
19.92,-1.4,1784227844102,1784227841469
19.95,0.6,1784227844134,1784227841503
19.98,0.6,1784227844169,1784227841538
20.02,0.6,1784227844203,1784227841572
20.05,-1.4,1784227844238,1784227841605
20.09,2.6,1784227844270,1784227841641
20.12,0.6,1784227844305,1784227841674
20.15,1.6,1784227844337,1784227841707
20.19,1.6,1784227844371,1784227841741
20.22,0.6,1784227844406,1784227841775
20.26,1.6,1784227844439,1784227841809
20.29,2.6,1784227844473,1784227841844
20.32,1.6,1784227844508,1784227841878
20.36,3.6,1784227844540,1784227841912
20.39,5.6,1784227844573,1784227841947
20.43,5.6,1784227844608,1784227841982
20.45,-1.4,1784227844641,1784227842008
20.49,-1.4,1784227844675,1784227842042
20.52,-0.4,1784227844708,1784227842076
20.56,-0.4,1784227844742,1784227842110
20.59,0.6,1784227844775,1784227842144
20.62,2.6,1784227844808,1784227842179
20.66,1.6,1784227844843,1784227842213
20.69,2.6,1784227844876,1784227842247
20.73,4.6,1784227844908,1784227842281
20.76,3.6,1784227844943,1784227842315
20.80,4.6,1784227844977,1784227842350
20.82,-2.4,1784227845010,1784227842376
20.86,-0.4,1784227845043,1784227842411
20.89,-0.3,1784227845077,1784227842445
20.92,0.7,1784227845109,1784227842478
20.96,1.7,1784227845143,1784227842513
20.99,-1.3,1784227845179,1784227842546
21.03,0.7,1784227845212,1784227842581
21.06,1.7,1784227845245,1784227842615
21.10,2.7,1784227845278,1784227842649
21.13,2.7,1784227845313,1784227842684
21.16,1.7,1784227845348,1784227842718
21.20,2.7,1784227845380,1784227842751
21.23,2.7,1784227845414,1784227842785
21.27,4.7,1784227845447,1784227842820
21.30,3.7,1784227845481,1784227842853
21.33,3.7,1784227845514,1784227842886
21.37,2.7,1784227845549,1784227842920
21.40,4.7,1784227845582,1784227842955
21.43,5.7,1784227845615,1784227842989
21.47,4.7,1784227845649,1784227843022
21.49,-3.3,1784227845682,1784227843047
21.53,-2.3,1784227845716,1784227843082
21.57,5.7,1784227845749,1784227843123
21.60,-1.3,1784227845783,1784227843150
21.63,1.7,1784227845816,1784227843186
21.67,0.7,1784227845851,1784227843220
21.70,2.7,1784227845884,1784227843255
21.73,3.7,1784227845917,1784227843289
21.77,2.7,1784227845951,1784227843322
21.80,2.7,1784227845986,1784227843357
21.84,4.7,1784227846018,1784227843391
21.87,3.7,1784227846053,1784227843425
21.90,-1.3,1784227846085,1784227843452
21.93,-0.3,1784227846118,1784227843486
21.97,0.7,1784227846151,1784227843520
22.00,-1.3,1784227846187,1784227843554
22.03,0.7,1784227846219,1784227843588
22.07,-0.3,1784227846253,1784227843621
22.10,-1.3,1784227846288,1784227843655
22.14,1.7,1784227846320,1784227843690
22.17,0.7,1784227846355,1784227843724
22.20,1.7,1784227846387,1784227843757
22.24,1.7,1784227846422,1784227843792
22.27,0.7,1784227846456,1784227843825
22.31,0.7,1784227846490,1784227843859
22.34,3.7,1784227846522,1784227843894
22.37,3.7,1784227846555,1784227843927
22.41,4.7,1784227846589,1784227843962
22.45,8.7,1784227846623,1784227844000
22.47,-0.3,1784227846657,1784227844025
22.50,-2.3,1784227846692,1784227844058
22.54,0.7,1784227846724,1784227844093
22.57,-0.3,1784227846758,1784227844126
22.61,1.7,1784227846791,1784227844161
22.64,1.7,1784227846825,1784227844195
22.67,3.7,1784227846857,1784227844229
22.71,3.7,1784227846891,1784227844263
22.74,2.7,1784227846926,1784227844297
22.78,2.7,1784227846960,1784227844331
22.81,3.7,1784227846993,1784227844365
22.85,5.7,1784227847026,1784227844400
22.89,15.7,1784227847059,1784227844443
22.91,-2.1,1784227847093,1784227844459
22.94,1.9,1784227847125,1784227844495
22.98,1.9,1784227847159,1784227844529
23.01,-1.1,1784227847195,1784227844562
23.04,2.9,1784227847226,1784227844597
23.08,3.9,1784227847261,1784227844633
23.11,3.9,1784227847294,1784227844666
23.15,4.9,1784227847330,1784227844703
23.18,4.9,1784227847364,1784227844737
23.21,-2.1,1784227847396,1784227844762
23.24,-0.1,1784227847429,1784227844797
23.28,0.9,1784227847463,1784227844832
23.31,1.9,1784227847496,1784227844866
23.35,-0.1,1784227847531,1784227844899
23.38,1.9,1784227847564,1784227844934
23.42,2.9,1784227847598,1784227844969
23.45,4.9,1784227847631,1784227845004
23.48,4.9,1784227847664,1784227845037
23.52,6.9,1784227847698,1784227845073
23.55,4.9,1784227847732,1784227845105
23.58,-0.1,1784227847765,1784227845133
23.61,-0.1,1784227847799,1784227845167
23.65,-0.1,1784227847834,1784227845202
23.68,0.9,1784227847868,1784227845237
23.72,2.9,1784227847899,1784227845270
23.75,3.9,1784227847933,1784227845305
23.78,3.9,1784227847966,1784227845338
23.82,3.9,1784227848001,1784227845373
23.85,3.9,1784227848034,1784227845406
23.89,6.9,1784227848067,1784227845442
23.91,-1.1,1784227848101,1784227845468
23.95,1.9,1784227848133,1784227845503
23.98,1.9,1784227848167,1784227845537
24.02,1.9,1784227848202,1784227845572
24.05,1.9,1784227848235,1784227845605
24.09,2.9,1784227848270,1784227845641
24.12,2.9,1784227848303,1784227845674
24.15,3.9,1784227848336,1784227845708
24.19,3.9,1784227848370,1784227845742
24.22,4.9,1784227848403,1784227845776
24.26,4.9,1784227848437,1784227845810
24.28,-3.1,1784227848471,1784227845836
24.33,5.9,1784227848506,1784227845880
24.35,-0.1,1784227848538,1784227845906
24.39,0.9,1784227848571,1784227845940
24.42,2.9,1784227848604,1784227845975
24.45,0.9,1784227848639,1784227846008
24.55,61.9,1784227848672,1784227846102
24.55,26.9,1784227848707,1784227846102
24.61,53.9,1784227848739,1784227846161
24.61,20.9,1784227848773,1784227846162
24.66,43.9,1784227848806,1784227846218
24.66,8.9,1784227848841,1784227846218
24.70,14.9,1784227848874,1784227846257
24.73,7.9,1784227848908,1784227846284
24.76,3.9,1784227848941,1784227846313
24.80,8.9,1784227848975,1784227846352
24.84,15.9,1784227849009,1784227846393
24.87,11.9,1784227849042,1784227846422
24.89,0.9,1784227849076,1784227846445
24.92,0.8,1784227849109,1784227846478
24.97,9.8,1784227849141,1784227846519
24.99,1.8,1784227849176,1784227846546
25.03,9.8,1784227849211,1784227846589
25.06,2.8,1784227849245,1784227846616
25.09,-1.2,1784227849276,1784227846643
25.13,7.8,1784227849310,1784227846686
25.16,0.8,1784227849345,1784227846714
25.20,8.8,1784227849378,1784227846755
25.23,3.8,1784227849411,1784227846783
25.27,11.8,1784227849445,1784227846825
25.30,4.8,1784227849480,1784227846853
25.33,1.8,1784227849512,1784227846882
25.37,8.8,1784227849546,1784227846923
25.40,3.8,1784227849579,1784227846951
25.44,11.8,1784227849613,1784227846993
25.47,3.8,1784227849648,1784227847020
25.49,-1.2,1784227849681,1784227847048
25.54,7.8,1784227849714,1784227847090
25.56,1.8,1784227849747,1784227847117
25.60,8.8,1784227849782,1784227847159
25.63,4.8,1784227849814,1784227847187
25.66,-1.2,1784227849849,1784227847216
25.70,5.8,1784227849883,1784227847257
25.73,0.8,1784227849916,1784227847285
25.77,10.8,1784227849948,1784227847327
25.80,4.8,1784227849981,1784227847354
25.83,-1.2,1784227850016,1784227847383
25.87,4.8,1784227850051,1784227847424
25.90,0.8,1784227850083,1784227847452
25.94,9.8,1784227850116,1784227847494
25.97,2.8,1784227850150,1784227847521
26.00,-2.2,1784227850183,1784227847549
26.04,5.8,1784227850217,1784227847591
26.06,-1.2,1784227850252,1784227847619
26.11,6.8,1784227850285,1784227847660
26.13,1.8,1784227850319,1784227847689
26.18,9.8,1784227850352,1784227847730
26.20,3.8,1784227850386,1784227847758
26.23,-0.2,1784227850419,1784227847787
26.27,6.8,1784227850453,1784227847828
26.30,1.8,1784227850486,1784227847856
26.34,8.8,1784227850520,1784227847897
26.37,2.8,1784227850554,1784227847925
26.40,-3.2,1784227850588,1784227847953
26.44,5.8,1784227850621,1784227847995
26.47,-0.2,1784227850655,1784227848023
26.51,6.8,1784227850689,1784227848064
26.54,0.8,1784227850723,1784227848092
26.58,10.8,1784227850755,1784227848134
26.61,5.8,1784227850788,1784227848162
26.64,0.8,1784227850822,1784227848191
26.68,7.8,1784227850856,1784227848232
26.71,0.8,1784227850890,1784227848259
26.75,10.8,1784227850923,1784227848302
26.77,4.8,1784227850956,1784227848329
26.80,-1.2,1784227850990,1784227848357
26.84,5.8,1784227851025,1784227848399
26.87,0.8,1784227851058,1784227848427
26.91,8.8,1784227851091,1784227848468
26.94,1.7,1784227851126,1784227848496
26.97,-0.3,1784227851156,1784227848524
27.01,7.7,1784227851191,1784227848567
27.04,-0.3,1784227851225,1784227848593
27.08,8.7,1784227851259,1784227848636
27.11,1.7,1784227851293,1784227848663
27.15,11.7,1784227851326,1784227848706
27.18,5.7,1784227851360,1784227848734
27.21,0.7,1784227851392,1784227848761
27.25,7.7,1784227851427,1784227848803
27.28,-0.3,1784227851463,1784227848831
27.32,9.7,1784227851495,1784227848873
27.35,3.7,1784227851528,1784227848900
27.37,-2.3,1784227851562,1784227848928
27.42,4.7,1784227851597,1784227848970
27.44,1.7,1784227851628,1784227848998
27.49,8.7,1784227851662,1784227849039
27.51,3.7,1784227851695,1784227849067
27.56,10.7,1784227851730,1784227849109
27.58,6.7,1784227851763,1784227849138
27.61,-0.3,1784227851797,1784227849165
27.65,8.7,1784227851830,1784227849207
27.68,1.7,1784227851865,1784227849235
27.72,9.7,1784227851898,1784227849276
27.75,2.7,1784227851933,1784227849304
27.78,-0.3,1784227851964,1784227849332
27.82,8.7,1784227851998,1784227849375
27.85,1.7,1784227852032,1784227849402
27.89,8.7,1784227852066,1784227849443
27.92,3.7,1784227852100,1784227849472
27.96,12.7,1784227852133,1784227849514
27.99,8.7,1784227852165,1784227849542
28.02,2.7,1784227852199,1784227849570
28.06,8.7,1784227852233,1784227849610
28.08,3.7,1784227852267,1784227849639
28.11,-2.3,1784227852301,1784227849667
28.15,5.7,1784227852334,1784227849708
28.18,0.7,1784227852368,1784227849737
28.22,7.7,1784227852402,1784227849778
28.25,1.7,1784227852436,1784227849806
28.29,10.7,1784227852469,1784227849848
28.32,4.7,1784227852502,1784227849875
28.35,0.7,1784227852536,1784227849905
28.39,6.7,1784227852571,1784227849946
28.42,2.7,1784227852603,1784227849974
28.45,-3.3,1784227852636,1784227850001
28.49,2.7,1784227852670,1784227850041
28.52,-3.3,1784227852704,1784227850069
28.56,4.7,1784227852739,1784227850112
28.59,0.7,1784227852771,1784227850140
28.63,8.7,1784227852805,1784227850182
28.66,2.7,1784227852838,1784227850209
28.70,10.7,1784227852872,1784227850251
28.72,4.7,1784227852905,1784227850278
28.75,0.7,1784227852938,1784227850307
28.80,7.7,1784227852973,1784227850349
28.82,2.7,1784227853006,1784227850377
28.86,9.7,1784227853040,1784227850418
28.89,4.7,1784227853073,1784227850446
28.92,-1.3,1784227853107,1784227850474
28.96,5.6,1784227853140,1784227850514
29.00,16.6,1784227853174,1784227850559
29.03,13.6,1784227853206,1784227850588
29.06,2.6,1784227853244,1784227850615
29.10,10.6,1784227853276,1784227850655
29.13,3.6,1784227853310,1784227850682
29.16,-0.4,1784227853343,1784227850711
29.20,8.6,1784227853376,1784227850753
29.23,2.6,1784227853410,1784227850781
29.27,9.6,1784227853444,1784227850822
29.30,3.6,1784227853478,1784227850850
29.33,1.6,1784227853510,1784227850880
29.36,5.6,1784227853545,1784227850919
29.40,2.6,1784227853578,1784227850949
29.44,10.6,1784227853611,1784227850990
29.48,18.6,1784227853646,1784227851033
29.49,0.6,1784227853678,1784227851047
29.53,7.6,1784227853712,1784227851088
29.56,0.6,1784227853747,1784227851116
29.60,9.6,1784227853780,1784227851158
29.63,3.6,1784227853814,1784227851186
29.66,-1.4,1784227853847,1784227851214
29.70,6.6,1784227853879,1784227851254
29.73,2.6,1784227853913,1784227851284
29.77,9.6,1784227853947,1784227851325
29.80,0.6,1784227853983,1784227851352
29.84,10.6,1784227854015,1784227851394
29.87,5.6,1784227854048,1784227851422
29.90,-0.4,1784227854082,1784227851450
29.94,6.6,1784227854116,1784227851491
29.97,0.6,1784227854150,1784227851519
29.99,-1.4,1784227854181,1784227851548
30.03,5.6,1784227854215,1784227851589
30.06,-1.4,1784227854249,1784227851616
30.10,5.6,1784227854283,1784227851657
30.13,1.6,1784227854316,1784227851686
30.17,9.6,1784227854350,1784227851728
30.20,3.6,1784227854384,1784227851756
30.24,11.6,1784227854417,1784227851797
30.27,3.6,1784227854452,1784227851824
30.30,-0.4,1784227854485,1784227851853
30.35,14.6,1784227854517,1784227851900
30.37,1.6,1784227854552,1784227851922
30.41,9.6,1784227854586,1784227851964
30.44,5.6,1784227854619,1784227851993
30.47,0.6,1784227854652,1784227852021
30.51,5.6,1784227854687,1784227852061
30.54,1.6,1784227854719,1784227852089
30.58,8.6,1784227854754,1784227852131
30.61,4.6,1784227854787,1784227852160
30.63,-1.4,1784227854822,1784227852189
30.67,5.6,1784227854855,1784227852229
30.70,0.6,1784227854888,1784227852257
30.74,9.6,1784227854921,1784227852299
30.77,2.6,1784227854955,1784227852326
30.81,11.6,1784227854988,1784227852368
30.84,5.6,1784227855022,1784227852396
30.87,-1.4,1784227855056,1784227852423
30.91,7.6,1784227855089,1784227852465
30.94,1.5,1784227855123,1784227852493
30.97,-3.5,1784227855156,1784227852521
31.01,5.5,1784227855189,1784227852563
31.04,-1.5,1784227855223,1784227852590
31.08,7.5,1784227855257,1784227852633
31.11,2.5,1784227855290,1784227852661
31.15,7.5,1784227855326,1784227852702
31.18,2.5,1784227855359,1784227852730
31.20,-1.5,1784227855391,1784227852758
31.25,5.5,1784227855425,1784227852799
31.27,0.5,1784227855459,1784227852828
31.32,8.5,1784227855492,1784227852869
31.34,2.5,1784227855526,1784227852897
31.38,9.5,1784227855560,1784227852938
31.41,4.5,1784227855594,1784227852967
31.44,1.5,1784227855626,1784227852996
31.48,8.5,1784227855660,1784227853037
31.51,2.5,1784227855693,1784227853064
31.55,9.5,1784227855728,1784227853106
31.58,3.5,1784227855762,1784227853134
31.62,11.5,1784227855796,1784227853176
31.65,5.5,1784227855829,1784227853203
31.68,0.5,1784227855862,1784227853231
31.72,8.5,1784227855896,1784227853273
31.75,2.5,1784227855930,1784227853301
31.79,12.5,1784227855962,1784227853343
31.82,4.5,1784227855998,1784227853371
31.84,-0.5,1784227856030,1784227853398
31.89,8.5,1784227856064,1784227853441
31.91,2.5,1784227856097,1784227853468
31.96,9.5,1784227856131,1784227853509
31.98,3.5,1784227856165,1784227853537
32.01,-0.5,1784227856197,1784227853565
32.05,8.5,1784227856230,1784227853607
32.08,2.5,1784227856265,1784227853636
32.12,8.5,1784227856299,1784227853676
32.15,3.5,1784227856332,1784227853704
32.18,-1.5,1784227856366,1784227853733
32.22,6.5,1784227856399,1784227853774
32.25,-0.5,1784227856434,1784227853802
32.29,8.5,1784227856467,1784227853844
32.32,3.5,1784227856499,1784227853871
32.35,-2.5,1784227856534,1784227853900
32.39,6.5,1784227856567,1784227853942
32.42,-0.5,1784227856601,1784227853969
32.46,7.5,1784227856635,1784227854011
32.49,3.5,1784227856668,1784227854040
32.53,10.5,1784227856702,1784227854081
32.55,4.5,1784227856735,1784227854108
32.60,11.5,1784227856770,1784227854150
32.62,6.5,1784227856803,1784227854178
32.65,0.5,1784227856838,1784227854207
32.69,8.5,1784227856870,1784227854247
32.72,2.5,1784227856904,1784227854275
32.75,-1.5,1784227856937,1784227854304
32.79,6.5,1784227856970,1784227854345
32.82,0.5,1784227857004,1784227854373
32.86,7.5,1784227857038,1784227854414
32.89,1.5,1784227857072,1784227854442
32.93,10.5,1784227857105,1784227854484
32.96,6.4,1784227857139,1784227854514
32.98,-3.6,1784227857173,1784227854538
33.03,6.4,1784227857206,1784227854581
33.06,1.4,1784227857240,1784227854610
33.10,9.4,1784227857273,1784227854651
33.13,4.4,1784227857307,1784227854680
33.17,11.4,1784227857341,1784227854721
33.19,3.4,1784227857376,1784227854748
33.22,0.4,1784227857407,1784227854776
33.26,8.4,1784227857441,1784227854818
33.29,1.4,1784227857475,1784227854845
33.32,-2.6,1784227857508,1784227854874
33.36,4.4,1784227857542,1784227854915
33.39,-2.6,1784227857576,1784227854942
33.43,6.4,1784227857609,1784227854984
33.46,1.4,1784227857643,1784227855013
33.50,10.4,1784227857676,1784227855055
33.53,2.4,1784227857711,1784227855082
33.56,-3.6,1784227857744,1784227855109
33.60,6.4,1784227857777,1784227855152
33.63,-0.6,1784227857811,1784227855179
33.67,7.4,1784227857846,1784227855222
33.69,2.4,1784227857878,1784227855249
33.74,9.4,1784227857913,1784227855291
33.77,4.4,1784227857947,1784227855320
33.79,-1.6,1784227857979,1784227855346
33.83,6.4,1784227858013,1784227855388
33.86,0.4,1784227858047,1784227855416
33.90,10.4,1784227858080,1784227855459
33.93,4.4,1784227858114,1784227855487
33.96,-2.6,1784227858148,1784227855514
34.00,7.4,1784227858180,1784227855556
34.03,1.4,1784227858213,1784227855583
34.06,-3.6,1784227858246,1784227855611
34.10,4.4,1784227858280,1784227855653
34.13,-3.6,1784227858315,1784227855680
34.17,5.4,1784227858348,1784227855722
34.20,-1.6,1784227858383,1784227855750
34.24,8.4,1784227858416,1784227855793
34.27,0.4,1784227858450,1784227855819
34.31,10.4,1784227858482,1784227855861
34.34,3.4,1784227858517,1784227855889
34.36,-1.6,1784227858550,1784227855917
34.40,7.4,1784227858583,1784227855959
34.43,1.4,1784227858617,1784227855987
34.47,9.4,1784227858650,1784227856028
34.50,2.4,1784227858685,1784227856056
34.53,-1.6,1784227858718,1784227856085
34.57,6.4,1784227858751,1784227856126
34.60,0.4,1784227858785,1784227856154
34.64,7.4,1784227858819,1784227856195
34.67,0.4,1784227858854,1784227856223
34.71,10.4,1784227858886,1784227856265
34.74,5.4,1784227858919,1784227856293
34.77,-0.6,1784227858953,1784227856321
34.81,6.4,1784227858988,1784227856363
34.84,1.4,1784227859021,1784227856391
34.88,10.4,1784227859054,1784227856433
34.91,4.4,1784227859087,1784227856460
34.93,-0.6,1784227859121,1784227856489
34.98,4.4,1784227859156,1784227856529
35.00,-0.6,1784227859190,1784227856558
35.04,10.4,1784227859220,1784227856599
35.07,3.4,1784227859255,1784227856627
35.10,-0.6,1784227859288,1784227856656
35.14,4.4,1784227859323,1784227856696
35.17,-0.6,1784227859357,1784227856725
35.21,7.4,1784227859391,1784227856767
35.24,-1.6,1784227859426,1784227856793
35.28,9.4,1784227859458,1784227856836
35.31,4.4,1784227859491,1784227856864
35.34,-0.6,1784227859524,1784227856892
35.38,6.4,1784227859558,1784227856933
35.41,-0.6,1784227859593,1784227856961
35.45,10.4,1784227859625,1784227857004
35.48,3.4,1784227859659,1784227857031
35.50,-3.6,1784227859693,1784227857058
35.55,5.4,1784227859726,1784227857100
35.57,-0.6,1784227859760,1784227857128
35.62,9.4,1784227859793,1784227857171
35.64,2.4,1784227859827,1784227857198
35.69,9.4,1784227859861,1784227857239
35.71,3.4,1784227859895,1784227857267
35.74,-2.6,1784227859930,1784227857296
35.78,7.4,1784227859961,1784227857337
35.81,1.4,1784227859995,1784227857365
35.84,-2.6,1784227860026,1784227857392
35.88,3.4,1784227860062,1784227857434
35.91,-2.6,1784227860097,1784227857463
35.95,6.4,1784227860129,1784227857504
35.98,-0.6,1784227860163,1784227857531
36.02,9.4,1784227860196,1784227857574
36.05,5.4,1784227860228,1784227857602
36.08,-1.6,1784227860262,1784227857629
36.12,4.4,1784227860298,1784227857671
36.14,-1.6,1784227860331,1784227857698
36.19,7.4,1784227860364,1784227857740
36.21,0.4,1784227860399,1784227857768
36.26,8.4,1784227860432,1784227857809
36.28,3.4,1784227860466,1784227857838
36.31,0.4,1784227860496,1784227857865
36.35,6.4,1784227860532,1784227857907
36.38,2.4,1784227860565,1784227857936
36.42,9.4,1784227860599,1784227857977
36.45,2.4,1784227860634,1784227858005
36.49,10.4,1784227860667,1784227858046
36.52,6.4,1784227860700,1784227858075
36.55,0.4,1784227860734,1784227858103
36.59,7.4,1784227860768,1784227858144
36.62,2.4,1784227860800,1784227858171
36.66,10.4,1784227860835,1784227858214
36.69,4.4,1784227860869,1784227858242
36.72,0.4,1784227860901,1784227858270
36.76,6.4,1784227860936,1784227858311
36.79,1.4,1784227860969,1784227858339
36.83,9.4,1784227861004,1784227858382
36.85,3.4,1784227861036,1784227858408
36.88,-1.6,1784227861069,1784227858436
36.92,6.4,1784227861103,1784227858478
36.95,0.3,1784227861137,1784227858506
36.99,9.3,1784227861170,1784227858548
37.02,3.3,1784227861204,1784227858576
37.05,-1.7,1784227861237,1784227858604
37.09,6.3,1784227861270,1784227858645
37.12,0.3,1784227861305,1784227858674
37.16,8.3,1784227861338,1784227858715
37.19,1.3,1784227861372,1784227858742
37.22,-2.7,1784227861405,1784227858771
37.26,4.3,1784227861439,1784227858812
37.29,-1.7,1784227861473,1784227858840
37.33,8.3,1784227861505,1784227858882
37.36,2.3,1784227861539,1784227858910
37.38,-3.7,1784227861572,1784227858937
37.43,5.3,1784227861606,1784227858980
37.45,-0.7,1784227861639,1784227859007
37.49,4.3,1784227861676,1784227859049
37.52,2.3,1784227861706,1784227859077
37.56,7.3,1784227861742,1784227859118
37.59,3.3,1784227861775,1784227859147
37.62,-1.7,1784227861809,1784227859176
37.66,4.3,1784227861843,1784227859216
37.69,-1.7,1784227861876,1784227859243
37.73,7.3,1784227861909,1784227859285
37.76,1.3,1784227861944,1784227859314
37.80,9.3,1784227861977,1784227859355
37.83,2.3,1784227862012,1784227859383
37.86,-2.7,1784227862044,1784227859410
37.90,6.3,1784227862077,1784227859452
37.93,1.3,1784227862112,1784227859482
37.97,8.3,1784227862145,1784227859522
38.00,3.3,1784227862179,1784227859551
38.02,-2.7,1784227862212,1784227859578
38.07,7.3,1784227862244,1784227859620
38.09,1.3,1784227862278,1784227859648
38.14,8.3,1784227862313,1784227859690
38.16,2.3,1784227862347,1784227859718
38.19,-3.7,1784227862380,1784227859745
38.23,4.3,1784227862414,1784227859787
38.26,-0.7,1784227862448,1784227859816
38.30,7.3,1784227862481,1784227859857
38.33,0.3,1784227862515,1784227859884
38.37,10.3,1784227862548,1784227859927
38.40,4.3,1784227862582,1784227859955
38.43,-1.7,1784227862615,1784227859982
38.47,7.3,1784227862648,1784227860024
38.50,-0.7,1784227862683,1784227860051
38.54,8.3,1784227862716,1784227860093
38.57,2.3,1784227862749,1784227860120
38.60,-2.7,1784227862783,1784227860149
38.64,8.3,1784227862817,1784227860194
38.67,2.3,1784227862851,1784227860222
38.71,10.3,1784227862885,1784227860264
38.74,4.3,1784227862919,1784227860292
38.77,1.3,1784227862950,1784227860320
38.81,7.3,1784227862985,1784227860361
38.83,0.3,1784227863019,1784227860388
38.87,-0.7,1784227863052,1784227860420
38.90,4.3,1784227863085,1784227860458
38.94,1.3,1784227863119,1784227860489
38.98,12.2,1784227863153,1784227860534
39.01,7.2,1784227863186,1784227860562
39.04,4.2,1784227863218,1784227860591
39.07,-2.8,1784227863253,1784227860619
39.11,8.2,1784227863286,1784227860663
39.14,2.2,1784227863320,1784227860691
39.18,8.2,1784227863355,1784227860732
39.21,3.2,1784227863388,1784227860760
39.23,-2.8,1784227863422,1784227860788
39.28,7.2,1784227863455,1784227860831
39.30,2.2,1784227863488,1784227860859
39.35,8.2,1784227863523,1784227860900
39.37,2.2,1784227863557,1784227860928
39.40,1.2,1784227863589,1784227860959
39.44,6.2,1784227863623,1784227860998
39.47,1.2,1784227863656,1784227861026
39.51,7.2,1784227863691,1784227861067
39.54,2.2,1784227863724,1784227861095
39.58,10.2,1784227863758,1784227861137
39.61,3.2,1784227863792,1784227861164
39.64,-1.8,1784227863825,1784227861192
39.68,6.2,1784227863859,1784227861234
39.71,1.2,1784227863893,1784227861263
39.75,11.2,1784227863925,1784227861305
39.78,4.2,1784227863959,1784227861332
39.80,-2.8,1784227863993,1784227861359
39.85,4.2,1784227864028,1784227861401
39.88,1.2,1784227864060,1784227861430
39.92,9.2,1784227864093,1784227861471
39.94,3.2,1784227864127,1784227861499
39.99,11.2,1784227864161,1784227861541
40.01,4.2,1784227864195,1784227861568
40.04,-0.8,1784227864228,1784227861596
40.08,8.2,1784227864261,1784227861638
40.11,3.2,1784227864294,1784227861666
40.15,9.2,1784227864329,1784227861707
40.18,3.2,1784227864363,1784227861735
40.21,-1.8,1784227864397,1784227861764
40.25,6.2,1784227864431,1784227861806
40.28,0.2,1784227864464,1784227861833
40.32,10.2,1784227864496,1784227861875
40.35,4.2,1784227864530,1784227861903
40.38,-2.8,1784227864564,1784227861930
40.42,7.2,1784227864597,1784227861973
40.45,1.2,1784227864630,1784227862000
40.49,8.2,1784227864665,1784227862042
40.52,1.2,1784227864700,1784227862070
40.54,-3.8,1784227864732,1784227862097
40.59,6.2,1784227864765,1784227862140
40.61,0.2,1784227864798,1784227862167
40.65,8.2,1784227864832,1784227862209
40.68,2.2,1784227864866,1784227862237
40.72,9.2,1784227864900,1784227862278
40.75,4.2,1784227864934,1784227862307
40.78,-0.8,1784227864967,1784227862335
40.82,6.2,1784227865001,1784227862376
40.85,3.2,1784227865033,1784227862405
40.89,9.2,1784227865068,1784227862446
40.92,2.2,1784227865103,1784227862474
40.95,-1.8,1784227865135,1784227862502
40.99,7.2,1784227865168,1784227862544
41.02,2.2,1784227865201,1784227862572
41.06,10.2,1784227865235,1784227862614
41.09,3.2,1784227865269,1784227862641
41.11,-1.8,1784227865301,1784227862668
41.16,6.2,1784227865336,1784227862711
41.18,1.2,1784227865369,1784227862739
41.23,8.2,1784227865403,1784227862780
41.25,3.2,1784227865436,1784227862808
41.30,11.2,1784227865470,1784227862850
41.32,6.2,1784227865503,1784227862878
41.35,0.2,1784227865537,1784227862906
41.39,7.2,1784227865571,1784227862947
41.42,2.2,1784227865604,1784227862975
41.45,-2.8,1784227865638,1784227863004
41.49,5.2,1784227865672,1784227863046
41.52,-0.8,1784227865706,1784227863074
41.56,6.2,1784227865740,1784227863115
41.59,-0.8,1784227865774,1784227863142
41.63,10.2,1784227865806,1784227863185
41.66,3.2,1784227865840,1784227863212
41.69,-2.8,1784227865874,1784227863240
41.73,4.2,1784227865908,1784227863281
41.76,0.2,1784227865941,1784227863310
41.80,8.2,1784227865975,1784227863352
41.83,1.2,1784227866009,1784227863379
41.85,-3.8,1784227866042,1784227863407
41.89,5.2,1784227866074,1784227863448
41.92,-0.8,1784227866108,1784227863476
41.96,8.2,1784227866142,1784227863519
41.99,1.2,1784227866176,1784227863546
42.02,-3.8,1784227866209,1784227863574
42.06,5.2,1784227866243,1784227863617
42.09,-2.8,1784227866277,1784227863643
42.13,5.2,1784227866311,1784227863685
42.16,-0.8,1784227866346,1784227863714
42.20,6.2,1784227866380,1784227863755
42.23,1.2,1784227866413,1784227863783
42.27,9.2,1784227866447,1784227863825
42.30,6.2,1784227866478,1784227863853
42.33,-0.8,1784227866512,1784227863880
42.37,8.2,1784227866545,1784227863922
42.40,-1.8,1784227866582,1784227863949
42.44,8.2,1784227866615,1784227863992
42.47,2.2,1784227866648,1784227864019
42.49,-2.8,1784227866681,1784227864047
42.54,5.2,1784227866715,1784227864089
42.56,1.2,1784227866747,1784227864117
42.60,8.2,1784227866781,1784227864158
42.63,3.2,1784227866815,1784227864187
42.66,-0.8,1784227866847,1784227864215
42.70,4.2,1784227866883,1784227864256
42.73,0.2,1784227866915,1784227864284
42.77,9.2,1784227866948,1784227864326
42.80,3.2,1784227866982,1784227864354
42.83,-2.8,1784227867016,1784227864382
42.87,5.2,1784227867050,1784227864424
42.90,-0.8,1784227867084,1784227864452
42.94,5.2,1784227867119,1784227864493
42.97,1.2,1784227867151,1784227864521
43.01,8.1,1784227867185,1784227864562
43.04,5.1,1784227867217,1784227864591
43.06,-2.9,1784227867252,1784227864618
43.11,7.1,1784227867284,1784227864660
43.13,2.1,1784227867318,1784227864689
43.18,7.1,1784227867353,1784227864729
43.20,3.1,1784227867386,1784227864758
43.23,-3.9,1784227867420,1784227864785
43.27,5.1,1784227867454,1784227864828
43.30,-2.9,1784227867489,1784227864855
43.34,9.1,1784227867520,1784227864898
43.37,1.1,1784227867555,1784227864925
43.40,-1.9,1784227867587,1784227864954
43.44,4.1,1784227867621,1784227864994
43.47,-1.9,1784227867655,1784227865022
43.51,6.1,1784227867689,1784227865064
43.54,2.1,1784227867721,1784227865092
43.58,9.1,1784227867756,1784227865134
43.61,3.1,1784227867789,1784227865161
43.64,-0.9,1784227867822,1784227865190
43.68,6.1,1784227867856,1784227865231
43.70,0.1,1784227867889,1784227865258
43.75,8.1,1784227867923,1784227865300
43.77,3.1,1784227867957,1784227865329
43.82,8.1,1784227867993,1784227865370
43.84,5.1,1784227868024,1784227865398
43.87,-1.9,1784227868059,1784227865426
43.91,8.1,1784227868091,1784227865468
43.94,0.1,1784227868126,1784227865495
43.97,-2.9,1784227868158,1784227865524
44.01,4.1,1784227868192,1784227865565
44.04,-0.9,1784227868225,1784227865593
44.08,6.1,1784227868260,1784227865635
44.11,2.1,1784227868293,1784227865664
44.15,9.1,1784227868327,1784227865705
44.18,2.1,1784227868362,1784227865733
44.22,10.1,1784227868395,1784227865774
44.25,3.1,1784227868429,1784227865801
44.28,-0.9,1784227868462,1784227865830
44.32,7.1,1784227868495,1784227865871
44.35,1.1,1784227868529,1784227865899
44.37,-0.9,1784227868560,1784227865928
44.41,2.1,1784227868597,1784227865968
44.44,-1.9,1784227868629,1784227865996
44.48,7.1,1784227868663,1784227866039
44.51,3.1,1784227868696,1784227866068
44.55,9.1,1784227868730,1784227866108
44.58,3.1,1784227868765,1784227866137
44.61,-0.9,1784227868796,1784227866164
44.65,5.1,1784227868832,1784227866206
44.68,-0.9,1784227868866,1784227866234
44.72,8.1,1784227868898,1784227866275
44.75,3.1,1784227868931,1784227866303
44.78,-3.9,1784227868965,1784227866330
44.82,5.1,1784227869000,1784227866374
44.85,0.1,1784227869032,1784227866401
44.89,7.1,1784227869066,1784227866442
44.92,1.1,1784227869101,1784227866471
44.96,9.1,1784227869134,1784227866512
44.99,4.1,1784227869167,1784227866540
45.01,-1.9,1784227869201,1784227866568
45.05,6.1,1784227869234,1784227866609
45.08,-0.9,1784227869269,1784227866637
45.13,9.1,1784227869301,1784227866679
45.15,5.1,1784227869334,1784227866708
45.18,-1.9,1784227869368,1784227866735
45.22,5.1,1784227869402,1784227866776
45.25,-0.9,1784227869437,1784227866805
45.29,8.1,1784227869470,1784227866847
45.32,2.1,1784227869503,1784227866874
45.35,-2.9,1784227869536,1784227866902
45.39,4.1,1784227869570,1784227866943
45.42,0.1,1784227869603,1784227866972
45.46,7.1,1784227869637,1784227867013
45.49,0.1,1784227869671,1784227867040
45.53,9.1,1784227869704,1784227867082
45.56,5.1,1784227869737,1784227867111
45.58,-1.9,1784227869772,1784227867139
45.63,5.1,1784227869806,1784227867180
45.65,-0.9,1784227869839,1784227867207
45.70,8.1,1784227869872,1784227867249
45.72,3.1,1784227869906,1784227867278
45.75,-2.9,1784227869940,1784227867306
45.79,5.1,1784227869973,1784227867347
45.82,-0.9,1784227870007,1784227867375
45.86,9.1,1784227870039,1784227867417
45.89,3.1,1784227870074,1784227867446
45.92,-2.9,1784227870107,1784227867473
45.96,4.1,1784227870142,1784227867515
46.00,11.1,1784227870177,1784227867557
46.03,6.1,1784227870209,1784227867584
46.06,2.1,1784227870242,1784227867613
46.10,10.1,1784227870275,1784227867654
46.13,5.1,1784227870308,1784227867682
46.15,-2.9,1784227870342,1784227867708
46.20,5.1,1784227870376,1784227867750
46.22,0.1,1784227870410,1784227867779
46.27,9.1,1784227870443,1784227867821
46.29,2.1,1784227870477,1784227867848
46.34,10.1,1784227870511,1784227867890
46.36,5.1,1784227870544,1784227867918
46.39,-0.9,1784227870579,1784227867947
46.43,7.1,1784227870613,1784227867989
46.46,0.1,1784227870647,1784227868016
46.50,10.1,1784227870678,1784227868057
46.53,4.1,1784227870712,1784227868085
46.56,-1.9,1784227870746,1784227868113
46.60,6.1,1784227870780,1784227868155
46.63,0.1,1784227870814,1784227868183
46.67,9.1,1784227870847,1784227868225
46.70,3.1,1784227870880,1784227868252
46.73,-2.9,1784227870914,1784227868280
46.77,5.1,1784227870947,1784227868321
46.80,-1.9,1784227870982,1784227868349
46.84,6.1,1784227871016,1784227868391
46.86,1.1,1784227871048,1784227868418
46.89,-1.9,1784227871081,1784227868448
46.93,5.1,1784227871115,1784227868489
46.96,-1.9,1784227871150,1784227868517
47.00,7.0,1784227871183,1784227868559
47.03,3.0,1784227871215,1784227868587
47.07,9.0,1784227871250,1784227868628
47.10,5.0,1784227871282,1784227868656
47.13,-2.0,1784227871316,1784227868683
47.17,8.0,1784227871349,1784227868726
47.20,-1.0,1784227871385,1784227868753
47.24,10.0,1784227871417,1784227868796
47.27,3.0,1784227871452,1784227868824
47.31,10.0,1784227871486,1784227868865
47.34,4.0,1784227871519,1784227868892
47.37,0.0,1784227871552,1784227868921
47.41,7.0,1784227871586,1784227868962
47.44,2.0,1784227871619,1784227868990
47.48,9.0,1784227871654,1784227869032
47.51,3.0,1784227871687,1784227869059
47.53,-1.0,1784227871720,1784227869088
47.58,6.0,1784227871755,1784227869130
47.60,0.0,1784227871788,1784227869157
47.64,9.0,1784227871821,1784227869199
47.67,3.0,1784227871855,1784227869227
47.70,-2.0,1784227871888,1784227869255
47.74,6.0,1784227871922,1784227869297
47.77,0.0,1784227871955,1784227869324
47.81,8.0,1784227871990,1784227869367
47.84,2.0,1784227872023,1784227869394
47.88,11.0,1784227872056,1784227869436
47.91,5.0,1784227872089,1784227869463
47.94,-2.0,1784227872124,1784227869491
47.98,8.0,1784227872157,1784227869534
48.01,1.0,1784227872191,1784227869561
48.05,10.0,1784227872224,1784227869603
48.08,3.0,1784227872258,1784227869630
48.10,-2.0,1784227872291,1784227869658
48.15,8.0,1784227872324,1784227869701
48.17,3.0,1784227872357,1784227869729
48.22,8.0,1784227872392,1784227869769
48.24,2.0,1784227872427,1784227869798
48.29,6.0,1784227872464,1784227869839
48.31,5.0,1784227872493,1784227869867
48.34,1.0,1784227872526,1784227869896
48.38,8.0,1784227872560,1784227869937
48.41,2.0,1784227872594,1784227869965
48.45,11.0,1784227872628,1784227870008
48.48,3.0,1784227872662,1784227870034
48.51,-1.0,1784227872695,1784227870063
48.55,7.0,1784227872728,1784227870104
48.58,2.0,1784227872761,1784227870132
48.62,11.0,1784227872795,1784227870175
48.65,3.0,1784227872829,1784227870201
48.67,-3.0,1784227872863,1784227870229
48.72,4.0,1784227872898,1784227870271
48.75,-1.0,1784227872931,1784227870299
48.79,9.0,1784227872964,1784227870342
48.82,4.0,1784227872996,1784227870369
48.84,-2.0,1784227873030,1784227870397
48.88,5.0,1784227873064,1784227870438
48.91,0.0,1784227873098,1784227870467
48.95,6.0,1784227873132,1784227870507
48.98,4.0,1784227873164,1784227870537
49.01,-2.9,1784227873198,1784227870564
49.05,4.1,1784227873232,1784227870605
49.08,-0.9,1784227873266,1784227870634
49.12,5.1,1784227873300,1784227870674
49.15,3.1,1784227873331,1784227870703
49.18,-3.9,1784227873366,1784227870731
49.22,4.1,1784227873400,1784227870773
49.25,-2.9,1784227873434,1784227870800
49.29,6.1,1784227873467,1784227870842
49.32,0.1,1784227873500,1784227870869
49.36,9.1,1784227873534,1784227870912
49.39,2.1,1784227873568,1784227870939
49.41,-2.9,1784227873601,1784227870967
49.45,5.1,1784227873635,1784227871009
49.48,0.1,1784227873668,1784227871037
49.53,8.1,1784227873702,1784227871079
49.55,2.1,1784227873736,1784227871107
49.58,-4.9,1784227873770,1784227871134
49.62,4.1,1784227873803,1784227871176
49.65,-1.9,1784227873837,1784227871204
49.69,5.1,1784227873872,1784227871246
49.72,0.1,1784227873905,1784227871274
49.76,9.1,1784227873937,1784227871315
49.79,2.1,1784227873972,1784227871343
49.82,-2.9,1784227874005,1784227871371
49.86,3.1,1784227874040,1784227871412
49.89,0.1,1784227874072,1784227871441
49.93,8.1,1784227874105,1784227871482
49.96,3.1,1784227874139,1784227871511
49.98,-2.9,1784227874172,1784227871538
50.03,4.1,1784227874207,1784227871580
50.05,-1.9,1784227874240,1784227871607
50.09,6.1,1784227874274,1784227871649
50.12,0.1,1784227874308,1784227871677
50.15,-2.9,1784227874339,1784227871705
50.19,4.1,1784227874374,1784227871747
50.22,-1.9,1784227874408,1784227871775
50.26,5.1,1784227874442,1784227871816
50.29,1.1,1784227874475,1784227871845
50.33,8.1,1784227874510,1784227871887
50.36,2.1,1784227874543,1784227871914
50.39,-2.9,1784227874576,1784227871942
50.43,4.1,1784227874610,1784227871983
50.46,0.1,1784227874643,1784227872012
50.50,7.1,1784227874678,1784227872054
50.53,1.1,1784227874711,1784227872081
50.57,9.1,1784227874745,1784227872123
50.60,4.1,1784227874777,1784227872150
50.62,-1.9,1784227874811,1784227872178
50.67,7.1,1784227874845,1784227872221
50.69,1.1,1784227874878,1784227872248
50.74,9.1,1784227874912,1784227872290
50.76,4.1,1784227874945,1784227872318
50.79,-1.9,1784227874979,1784227872346
50.83,5.1,1784227875013,1784227872387
50.86,0.1,1784227875047,1784227872416
50.90,8.1,1784227875080,1784227872457
50.93,3.1,1784227875114,1784227872486
50.96,-1.9,1784227875146,1784227872513
51.00,7.0,1784227875179,1784227872555
51.03,-2.0,1784227875215,1784227872582
51.07,7.0,1784227875248,1784227872624
51.10,2.0,1784227875281,1784227872652
51.14,10.0,1784227875315,1784227872694
51.17,4.0,1784227875348,1784227872721
51.20,-1.0,1784227875382,1784227872750
51.24,8.0,1784227875415,1784227872792
51.26,1.0,1784227875449,1784227872819
51.31,7.0,1784227875484,1784227872860
51.33,2.0,1784227875518,1784227872889
51.36,-1.0,1784227875549,1784227872917
51.40,6.0,1784227875583,1784227872958
51.43,0.0,1784227875617,1784227872986
51.47,8.0,1784227875651,1784227873028
51.50,2.0,1784227875685,1784227873056
51.54,9.0,1784227875719,1784227873097
51.57,5.0,1784227875751,1784227873125
51.60,-2.0,1784227875787,1784227873154
51.64,8.0,1784227875819,1784227873196
51.67,3.0,1784227875851,1784227873223
51.70,-4.0,1784227875886,1784227873251
51.74,5.0,1784227875919,1784227873293
51.77,-2.0,1784227875953,1784227873320
51.81,7.0,1784227875986,1784227873362
51.84,1.0,1784227876020,1784227873390
51.88,9.0,1784227876054,1784227873432
51.91,5.0,1784227876086,1784227873460
51.93,-3.0,1784227876121,1784227873487
51.97,5.0,1784227876155,1784227873529
52.00,1.0,1784227876188,1784227873558
52.04,8.0,1784227876222,1784227873599
52.07,2.0,1784227876256,1784227873627
52.10,-3.0,1784227876289,1784227873655
52.14,4.0,1784227876323,1784227873696
52.17,1.0,1784227876355,1784227873725
52.21,7.0,1784227876389,1784227873765
52.24,0.0,1784227876424,1784227873793
52.28,8.0,1784227876458,1784227873835
52.31,3.0,1784227876491,1784227873863
52.34,-3.0,1784227876525,1784227873891
52.38,6.0,1784227876558,1784227873933
52.41,0.0,1784227876591,1784227873960
52.45,9.0,1784227876626,1784227874004
52.48,4.0,1784227876658,1784227874031
52.50,-5.0,1784227876693,1784227874057
52.55,3.0,1784227876727,1784227874099
52.57,0.0,1784227876760,1784227874129
52.62,5.0,1784227876795,1784227874169
52.64,1.0,1784227876828,1784227874198
52.67,-3.0,1784227876860,1784227874226
52.71,3.0,1784227876895,1784227874267
52.74,-2.0,1784227876928,1784227874295
52.78,5.0,1784227876963,1784227874337
52.81,1.0,1784227876995,1784227874365
52.85,8.0,1784227877030,1784227874407
52.88,2.0,1784227877063,1784227874434
52.92,10.0,1784227877097,1784227874476
52.95,3.0,1784227877132,1784227874504
52.98,-1.0,1784227877163,1784227874531
53.02,8.0,1784227877197,1784227874574
53.05,2.0,1784227877230,1784227874601
53.08,-2.0,1784227877263,1784227874630
53.12,5.0,1784227877297,1784227874671
53.14,-2.0,1784227877331,1784227874698
53.19,8.0,1784227877363,1784227874740
53.21,3.0,1784227877397,1784227874769
53.24,-3.0,1784227877431,1784227874797
53.28,5.0,1784227877464,1784227874838
53.31,-2.0,1784227877499,1784227874866
53.35,7.0,1784227877532,1784227874908
53.38,3.0,1784227877565,1784227874937
53.42,8.0,1784227877600,1784227874977
53.45,3.0,1784227877633,1784227875005
53.48,-4.0,1784227877667,1784227875032
53.52,6.0,1784227877699,1784227875074
53.55,0.0,1784227877734,1784227875103
53.59,7.0,1784227877768,1784227875144
53.62,2.0,1784227877801,1784227875172
53.65,-3.0,1784227877834,1784227875200
53.69,3.0,1784227877869,1784227875241
53.72,-2.0,1784227877902,1784227875269
53.76,7.0,1784227877935,1784227875311
53.79,2.0,1784227877968,1784227875339
53.83,9.0,1784227878003,1784227875381
53.85,3.0,1784227878036,1784227875408
53.88,-2.0,1784227878070,1784227875437
53.92,4.0,1784227878105,1784227875478
53.95,2.0,1784227878137,1784227875508
53.99,9.0,1784227878171,1784227875549
54.02,1.0,1784227878205,1784227875575
54.05,-2.0,1784227878237,1784227875604
54.09,6.0,1784227878271,1784227875646
54.12,-2.0,1784227878306,1784227875673
54.16,7.0,1784227878339,1784227875715
54.19,2.0,1784227878371,1784227875742
54.22,-4.0,1784227878405,1784227875770
54.26,3.0,1784227878441,1784227875813
54.29,-2.0,1784227878473,1784227875840
54.33,5.0,1784227878508,1784227875882
54.36,-2.0,1784227878542,1784227875909
54.40,9.0,1784227878575,1784227875953
54.43,2.0,1784227878608,1784227875979
54.45,-4.0,1784227878642,1784227876007
54.49,5.0,1784227878675,1784227876049
54.54,10.0,1784227878712,1784227876091
54.56,6.0,1784227878743,1784227876118
54.59,2.0,1784227878776,1784227876147
54.62,-4.0,1784227878809,1784227876174
54.66,3.0,1784227878843,1784227876215
54.69,-2.0,1784227878877,1784227876244
54.73,6.0,1784227878910,1784227876285
54.76,2.0,1784227878943,1784227876314
54.80,10.0,1784227878977,1784227876356
54.83,4.0,1784227879010,1784227876383
54.86,-5.0,1784227879046,1784227876410
54.90,6.0,1784227879079,1784227876454
54.93,1.0,1784227879111,1784227876481
54.97,8.0,1784227879146,1784227876523
55.00,3.0,1784227879179,1784227876551
55.02,-3.0,1784227879212,1784227876578
55.07,5.0,1784227879246,1784227876620
55.09,-1.0,1784227879280,1784227876648
55.14,8.0,1784227879312,1784227876689
55.16,2.0,1784227879346,1784227876717
55.19,-3.0,1784227879379,1784227876745
55.23,6.0,1784227879412,1784227876787
55.26,0.0,1784227879447,1784227876816
55.30,6.0,1784227879481,1784227876856
55.33,2.0,1784227879514,1784227876885
55.37,9.0,1784227879549,1784227876927
55.40,4.0,1784227879582,1784227876955
55.43,-3.0,1784227879616,1784227876982
55.47,5.0,1784227879649,1784227877023
55.50,1.0,1784227879682,1784227877052
55.54,7.0,1784227879717,1784227877093
55.57,2.0,1784227879750,1784227877121
55.59,-3.0,1784227879783,1784227877149
55.64,4.0,1784227879817,1784227877190
55.66,-2.0,1784227879851,1784227877218
55.71,7.0,1784227879885,1784227877261
55.73,1.0,1784227879918,1784227877288
55.78,9.0,1784227879951,1784227877329
55.80,4.0,1784227879985,1784227877358
55.83,-2.0,1784227880019,1784227877386
55.87,7.0,1784227880051,1784227877427
55.90,0.0,1784227880086,1784227877455
55.94,10.0,1784227880119,1784227877498
55.97,3.0,1784227880153,1784227877525
56.00,-3.0,1784227880186,1784227877552
56.04,5.0,1784227880220,1784227877594
56.07,0.0,1784227880254,1784227877623
56.11,9.0,1784227880287,1784227877665
56.14,1.0,1784227880321,1784227877691
56.18,11.0,1784227880355,1784227877735
56.21,5.0,1784227880387,1784227877761
56.24,-2.0,1784227880422,1784227877789
56.28,8.0,1784227880454,1784227877831
56.30,1.0,1784227880489,1784227877859
56.33,-4.0,1784227880522,1784227877887
56.37,4.0,1784227880556,1784227877929
56.40,-2.0,1784227880590,1784227877957
56.44,6.0,1784227880623,1784227877998
56.47,3.0,1784227880656,1784227878028
56.51,9.0,1784227880691,1784227878069
56.54,2.0,1784227880724,1784227878095
56.57,-3.0,1784227880758,1784227878124
56.61,5.0,1784227880791,1784227878165
56.64,1.0,1784227880824,1784227878194
56.68,7.0,1784227880858,1784227878234
56.71,1.0,1784227880892,1784227878262
56.74,-4.0,1784227880926,1784227878291
56.78,4.0,1784227880959,1784227878332
56.81,-3.0,1784227880994,1784227878360
56.85,6.0,1784227881027,1784227878402
56.88,-2.0,1784227881062,1784227878429
56.92,8.0,1784227881095,1784227878472
56.95,3.0,1784227881128,1784227878500
56.99,9.0,1784227881163,1784227878541
57.01,5.2,1784227881195,1784227878569
57.04,0.2,1784227881229,1784227878598
57.08,7.2,1784227881262,1784227878638
57.11,1.2,1784227881296,1784227878666
57.14,-2.8,1784227881329,1784227878695
57.18,2.2,1784227881364,1784227878735
57.21,-1.8,1784227881396,1784227878763
57.25,8.2,1784227881429,1784227878806
57.28,1.2,1784227881464,1784227878834
57.32,8.2,1784227881498,1784227878875
57.35,4.2,1784227881531,1784227878904
57.38,-3.8,1784227881565,1784227878930
57.42,6.2,1784227881598,1784227878973
57.45,-0.8,1784227881632,1784227879000
57.49,6.2,1784227881667,1784227879042
57.52,0.2,1784227881701,1784227879070
57.54,-3.8,1784227881732,1784227879097
57.59,4.2,1784227881766,1784227879139
57.61,-0.8,1784227881800,1784227879168
57.65,7.2,1784227881833,1784227879209
57.68,0.2,1784227881868,1784227879237
57.72,9.2,1784227881901,1784227879279
57.75,4.2,1784227881934,1784227879307
57.78,-1.8,1784227881967,1784227879334
57.82,6.2,1784227882001,1784227879376
57.85,0.2,1784227882035,1784227879404
57.88,-4.8,1784227882068,1784227879432
57.92,3.2,1784227882102,1784227879474
57.95,-2.8,1784227882136,1784227879502
57.99,4.2,1784227882170,1784227879543
58.02,2.2,1784227882201,1784227879572
58.06,6.2,1784227882238,1784227879613
58.09,2.2,1784227882270,1784227879641
58.13,11.2,1784227882303,1784227879683
58.16,4.2,1784227882337,1784227879710
58.18,-1.8,1784227882371,1784227879738
58.23,8.2,1784227882403,1784227879780
58.25,2.2,1784227882436,1784227879807
58.28,-3.8,1784227882471,1784227879836
58.32,5.2,1784227882504,1784227879878
58.35,1.2,1784227882537,1784227879907
58.39,7.2,1784227882571,1784227879947
58.42,0.2,1784227882606,1784227879975
58.46,9.2,1784227882639,1784227880017
58.49,3.2,1784227882673,1784227880045
58.52,-0.8,1784227882705,1784227880073
58.56,5.2,1784227882740,1784227880114
58.59,-0.8,1784227882774,1784227880142
58.63,8.2,1784227882807,1784227880184
58.66,3.2,1784227882840,1784227880212
58.69,-2.8,1784227882874,1784227880240
58.73,4.2,1784227882908,1784227880281
58.75,-2.8,1784227882943,1784227880309
58.80,8.2,1784227882974,1784227880351
58.82,1.2,1784227883008,1784227880378
58.87,8.2,1784227883043,1784227880420
58.89,1.2,1784227883079,1784227880449
58.92,-1.8,1784227883109,1784227880476
58.96,6.2,1784227883143,1784227880518
58.99,1.2,1784227883177,1784227880547
59.03,8.2,1784227883211,1784227880588
59.06,0.2,1784227883246,1784227880615
59.10,9.2,1784227883279,1784227880657
59.13,5.2,1784227883312,1784227880686
59.16,-1.8,1784227883346,1784227880713
59.20,7.2,1784227883379,1784227880755
59.23,2.2,1784227883411,1784227880782
59.26,-3.8,1784227883445,1784227880810
59.30,5.2,1784227883479,1784227880853
59.33,-1.8,1784227883513,1784227880880
59.37,7.2,1784227883546,1784227880922
59.40,1.2,1784227883579,1784227880949
59.42,-2.8,1784227883612,1784227880978
59.47,3.2,1784227883647,1784227881019
59.49,-2.8,1784227883681,1784227881047
59.53,6.2,1784227883714,1784227881089
59.56,1.2,1784227883747,1784227881117
59.60,8.2,1784227883781,1784227881158
59.63,2.2,1784227883815,1784227881186
59.66,-1.8,1784227883848,1784227881215
59.70,4.2,1784227883883,1784227881256
59.73,0.2,1784227883916,1784227881285
59.77,6.2,1784227883951,1784227881326
59.80,1.2,1784227883983,1784227881353
59.84,9.2,1784227884017,1784227881395
59.87,3.2,1784227884051,1784227881423
59.90,-2.8,1784227884085,1784227881451
59.94,4.2,1784227884119,1784227881492
59.97,0.2,1784227884151,1784227881520
60.01,9.2,1784227884185,1784227881563
60.04,2.2,1784227884218,1784227881589
60.08,10.2,1784227884253,1784227881632
60.11,4.2,1784227884286,1784227881659
60.13,-0.8,1784227884319,1784227881687
60.17,6.2,1784227884353,1784227881728
60.20,1.2,1784227884387,1784227881757
60.23,-2.8,1784227884419,1784227881785
60.27,5.2,1784227884453,1784227881827
60.30,-1.8,1784227884487,1784227881854
60.34,7.2,1784227884521,1784227881897
60.37,0.2,1784227884555,1784227881924
60.40,-2.8,1784227884587,1784227881953
60.44,4.2,1784227884621,1784227881994
60.47,-0.8,1784227884653,1784227882021
60.51,6.2,1784227884689,1784227882064
60.54,-0.8,1784227884723,1784227882091
60.58,8.2,1784227884756,1784227882133
60.61,2.2,1784227884789,1784227882160
60.63,-3.8,1784227884823,1784227882188
60.68,6.2,1784227884856,1784227882231
60.70,-0.8,1784227884890,1784227882258
60.75,6.2,1784227884925,1784227882300
60.77,0.2,1784227884959,1784227882328
60.82,9.2,1784227884992,1784227882370
60.84,2.2,1784227885027,1784227882398
60.87,-1.8,1784227885058,1784227882425
60.91,5.2,1784227885093,1784227882467
60.94,1.2,1784227885126,1784227882496
60.98,10.2,1784227885159,1784227882538
61.01,1.2,1784227885194,1784227882564
61.05,10.1,1784227885227,1784227882606
61.08,6.1,1784227885259,1784227882634
61.11,0.1,1784227885293,1784227882662
61.15,8.1,1784227885326,1784227882703
61.18,2.1,1784227885360,1784227882731
61.20,-3.9,1784227885394,1784227882759
61.25,6.1,1784227885427,1784227882802
61.28,-0.9,1784227885461,1784227882829
61.32,7.1,1784227885495,1784227882871
61.34,2.1,1784227885528,1784227882899
61.39,10.1,1784227885562,1784227882941
61.41,2.1,1784227885597,1784227882968
61.44,-0.9,1784227885629,1784227882997
61.48,6.1,1784227885663,1784227883038
61.51,-0.9,1784227885697,1784227883065
61.55,7.1,1784227885731,1784227883107
61.58,2.1,1784227885765,1784227883136
61.61,-3.9,1784227885798,1784227883163
61.65,6.1,1784227885830,1784227883205
61.68,0.1,1784227885863,1784227883232
61.72,7.1,1784227885898,1784227883274
61.75,3.1,1784227885932,1784227883304
61.79,10.1,1784227885965,1784227883344
61.82,4.1,1784227885999,1784227883372
61.86,10.1,1784227886035,1784227883414
61.89,6.1,1784227886066,1784227883441
61.92,1.1,1784227886100,1784227883470
61.96,9.1,1784227886134,1784227883512
61.98,3.1,1784227886167,1784227883539
62.01,-2.9,1784227886201,1784227883567
62.05,5.1,1784227886234,1784227883608
62.08,-0.9,1784227886269,1784227883637
62.12,8.1,1784227886302,1784227883679
62.15,1.1,1784227886336,1784227883706
62.18,-3.9,1784227886369,1784227883734
62.22,5.1,1784227886402,1784227883776
62.25,1.1,1784227886434,1784227883804
62.28,-3.9,1784227886469,1784227883834
62.32,2.1,1784227886503,1784227883874
62.36,9.1,1784227886537,1784227883915
62.39,5.1,1784227886570,1784227883944
62.42,-0.9,1784227886604,1784227883972
62.46,4.1,1784227886639,1784227884012
62.49,0.1,1784227886671,1784227884040
62.53,9.1,1784227886705,1784227884083
62.56,2.1,1784227886738,1784227884109
62.58,-2.9,1784227886772,1784227884138
62.63,3.1,1784227886807,1784227884179
62.65,-1.9,1784227886840,1784227884207
62.70,6.1,1784227886874,1784227884249
62.72,1.1,1784227886907,1784227884277
62.75,-3.9,1784227886940,1784227884305
62.79,4.1,1784227886974,1784227884347
62.82,-0.9,1784227887006,1784227884374
62.86,5.1,1784227887042,1784227884416
62.89,0.1,1784227887075,1784227884444
62.93,10.1,1784227887107,1784227884486
62.96,4.1,1784227887141,1784227884514
62.99,-2.9,1784227887174,1784227884540
63.03,5.2,1784227887209,1784227884583
63.06,1.2,1784227887242,1784227884612
63.10,9.2,1784227887276,1784227884654
63.13,2.2,1784227887310,1784227884681
63.15,-3.8,1784227887343,1784227884708
63.20,3.2,1784227887377,1784227884749
63.22,-1.8,1784227887411,1784227884778
63.27,8.2,1784227887443,1784227884820
63.30,3.2,1784227887477,1784227884849
63.34,9.2,1784227887511,1784227884889
63.36,3.2,1784227887546,1784227884918
63.39,-3.8,1784227887579,1784227884944
63.43,6.2,1784227887612,1784227884987
63.46,0.2,1784227887646,1784227885015
63.50,9.2,1784227887679,1784227885057
63.53,2.2,1784227887713,1784227885084
63.56,-2.8,1784227887747,1784227885113
63.60,7.2,1784227887779,1784227885155
63.63,-0.8,1784227887814,1784227885182
63.67,7.2,1784227887848,1784227885224
63.70,1.2,1784227887881,1784227885251
63.72,-3.8,1784227887914,1784227885279
63.77,4.2,1784227887948,1784227885321
63.79,-1.8,1784227887981,1784227885348
63.84,7.2,1784227888014,1784227885390
63.86,0.2,1784227888049,1784227885418
63.89,-3.8,1784227888082,1784227885447
63.93,2.2,1784227888117,1784227885488
63.96,-1.8,1784227888149,1784227885516
64.00,6.2,1784227888182,1784227885557
64.03,2.2,1784227888216,1784227885587
64.07,9.2,1784227888250,1784227885628
64.10,1.2,1784227888285,1784227885655
64.13,-2.8,1784227888318,1784227885684
64.17,3.2,1784227888352,1784227885724
64.20,0.2,1784227888384,1784227885753
64.24,7.2,1784227888419,1784227885795
64.27,3.2,1784227888450,1784227885822
64.31,10.2,1784227888485,1784227885864
64.34,3.2,1784227888520,1784227885892
64.37,-2.8,1784227888554,1784227885920
64.41,5.2,1784227888587,1784227885961
64.44,0.2,1784227888621,1784227885990
64.48,9.2,1784227888653,1784227886031
64.50,3.2,1784227888687,1784227886059
64.53,-2.8,1784227888721,1784227886087
64.57,4.2,1784227888755,1784227886128
64.60,-0.8,1784227888789,1784227886157
64.64,8.2,1784227888821,1784227886198
64.67,0.2,1784227888856,1784227886225
64.70,-3.8,1784227888888,1784227886253
64.74,2.2,1784227888924,1784227886295
64.78,10.2,1784227888959,1784227886338
64.81,7.2,1784227888990,1784227886366
64.84,1.2,1784227889023,1784227886393
64.87,-4.8,1784227889057,1784227886421
64.91,3.2,1784227889090,1784227886462
64.94,-3.8,1784227889125,1784227886490
64.98,6.2,1784227889157,1784227886532
65.01,0.2,1784227889191,1784227886560
65.05,8.1,1784227889225,1784227886602
65.08,1.1,1784227889259,1784227886629
65.12,10.1,1784227889293,1784227886672
65.14,5.1,1784227889325,1784227886699
65.17,0.1,1784227889358,1784227886727
65.22,9.1,1784227889392,1784227886770
65.24,2.1,1784227889426,1784227886797
65.27,-3.9,1784227889458,1784227886823
65.31,6.1,1784227889492,1784227886867
65.34,-1.9,1784227889527,1784227886894
65.38,7.1,1784227889561,1784227886937
65.41,0.1,1784227889595,1784227886964
65.45,9.1,1784227889628,1784227887006
65.48,3.1,1784227889661,1784227887033
65.52,10.1,1784227889696,1784227887075
65.55,7.1,1784227889728,1784227887104
65.58,0.1,1784227889762,1784227887131
65.62,9.1,1784227889795,1784227887173
65.65,0.1,1784227889831,1784227887200
65.67,-3.9,1784227889863,1784227887228
65.72,3.1,1784227889897,1784227887269
65.74,-1.9,1784227889931,1784227887298
65.79,8.1,1784227889963,1784227887340
65.81,1.1,1784227889997,1784227887367
65.85,8.1,1784227890032,1784227887409
65.88,5.1,1784227890063,1784227887437
65.91,-2.9,1784227890098,1784227887464
65.95,7.1,1784227890131,1784227887507
65.98,0.1,1784227890166,1784227887535
66.02,9.1,1784227890199,1784227887577
66.05,4.1,1784227890232,1784227887605
66.08,-1.9,1784227890265,1784227887632
66.12,6.1,1784227890299,1784227887674
66.15,-0.9,1784227890334,1784227887702
66.19,7.1,1784227890367,1784227887743
66.22,2.1,1784227890400,1784227887771
66.26,10.1,1784227890434,1784227887813
66.29,4.1,1784227890467,1784227887840
66.31,-0.9,1784227890500,1784227887868
66.36,6.1,1784227890535,1784227887910
66.38,-0.9,1784227890570,1784227887938
66.43,7.1,1784227890603,1784227887979
66.45,4.1,1784227890635,1784227888008
66.48,-2.9,1784227890670,1784227888036
66.52,5.1,1784227890703,1784227888077
66.55,-1.9,1784227890738,1784227888105
66.59,7.1,1784227890771,1784227888147
66.62,3.1,1784227890803,1784227888175
66.65,-2.9,1784227890838,1784227888204
66.69,4.1,1784227890871,1784227888244
66.72,-1.9,1784227890905,1784227888272
66.76,7.1,1784227890939,1784227888315
66.79,1.1,1784227890972,1784227888342
66.82,-4.9,1784227891005,1784227888369
66.86,5.1,1784227891038,1784227888412
66.89,-1.9,1784227891072,1784227888439
66.93,5.1,1784227891107,1784227888481
66.95,0.1,1784227891139,1784227888508
67.00,8.1,1784227891174,1784227888551
67.02,2.1,1784227891207,1784227888578
67.05,-1.8,1784227891241,1784227888608
67.09,5.2,1784227891275,1784227888649
67.12,-0.8,1784227891308,1784227888676
67.16,8.2,1784227891341,1784227888718
67.19,1.2,1784227891376,1784227888746
67.23,8.2,1784227891410,1784227888787
67.26,3.2,1784227891443,1784227888815
67.29,-0.8,1784227891475,1784227888843
67.33,7.2,1784227891509,1784227888885
67.36,1.2,1784227891543,1784227888913
67.40,9.2,1784227891578,1784227888956
67.43,2.2,1784227891611,1784227888982
67.46,-2.8,1784227891644,1784227889010
67.50,5.2,1784227891678,1784227889052
67.53,1.2,1784227891711,1784227889081
67.57,8.2,1784227891745,1784227889122
67.60,1.2,1784227891779,1784227889149
67.62,-2.8,1784227891812,1784227889178
67.67,5.2,1784227891845,1784227889219
67.69,-0.8,1784227891879,1784227889247
67.73,7.2,1784227891913,1784227889289
67.76,3.2,1784227891946,1784227889318
67.79,-3.8,1784227891979,1784227889344
67.83,4.2,1784227892014,1784227889387
67.86,-1.8,1784227892047,1784227889414
67.90,5.2,1784227892082,1784227889456
67.93,1.2,1784227892114,1784227889484
67.97,8.2,1784227892148,1784227889525
68.00,5.2,1784227892180,1784227889554
68.03,-3.8,1784227892215,1784227889580
68.07,5.2,1784227892249,1784227889623
68.10,-1.8,1784227892283,1784227889650
68.14,8.2,1784227892316,1784227889693
68.17,2.2,1784227892350,1784227889721
68.19,-2.8,1784227892382,1784227889748
68.24,4.2,1784227892417,1784227889790
68.26,-2.8,1784227892451,1784227889817
68.31,9.2,1784227892482,1784227889860
68.33,2.2,1784227892516,1784227889887
68.36,-3.8,1784227892550,1784227889915
68.40,4.2,1784227892584,1784227889957
68.43,-1.8,1784227892618,1784227889985
68.47,6.2,1784227892653,1784227890028
68.50,1.2,1784227892685,1784227890055
68.54,8.2,1784227892719,1784227890096
68.57,2.2,1784227892753,1784227890124
68.60,-0.8,1784227892785,1784227890153
68.64,5.2,1784227892819,1784227890193
68.67,-1.8,1784227892854,1784227890221
68.71,7.2,1784227892887,1784227890263
68.74,2.2,1784227892921,1784227890292
68.78,9.2,1784227892955,1784227890333
68.81,5.2,1784227892987,1784227890361
68.83,-0.8,1784227893021,1784227890389
68.88,7.2,1784227893054,1784227890430
68.90,1.2,1784227893088,1784227890458
68.95,9.2,1784227893122,1784227890500
68.97,4.2,1784227893155,1784227890528
69.00,-4.8,1784227893191,1784227890555
69.04,5.3,1784227893223,1784227890597
69.07,1.3,1784227893256,1784227890626
69.11,8.3,1784227893290,1784227890667
69.14,2.3,1784227893324,1784227890695
69.18,10.3,1784227893357,1784227890736
69.21,4.3,1784227893391,1784227890764
69.24,-0.7,1784227893424,1784227890792
69.28,7.3,1784227893458,1784227890834
69.31,4.3,1784227893490,1784227890863
69.34,-2.7,1784227893524,1784227890890
69.38,6.3,1784227893557,1784227890932
69.40,-2.7,1784227893592,1784227890958
69.45,7.3,1784227893625,1784227891001
69.47,1.3,1784227893659,1784227891029
69.52,9.3,1784227893692,1784227891070
69.54,3.3,1784227893726,1784227891098
69.59,11.3,1784227893761,1784227891141
69.61,4.3,1784227893795,1784227891168
69.64,-1.7,1784227893829,1784227891196
69.68,8.3,1784227893861,1784227891238
69.71,2.3,1784227893895,1784227891266
69.75,9.3,1784227893929,1784227891307
69.78,4.3,1784227893962,1784227891335
69.81,-0.7,1784227893995,1784227891363
69.85,6.3,1784227894030,1784227891405
69.88,1.3,1784227894062,1784227891432
69.91,-4.7,1784227894096,1784227891460
69.95,3.3,1784227894130,1784227891502
69.98,-1.7,1784227894163,1784227891530
70.02,5.3,1784227894197,1784227891571
70.05,1.3,1784227894230,1784227891600
70.09,8.3,1784227894264,1784227891641
70.12,3.3,1784227894298,1784227891670
70.14,-2.7,1784227894331,1784227891697
70.18,4.3,1784227894366,1784227891739
70.21,-0.7,1784227894399,1784227891767
70.25,7.3,1784227894433,1784227891809
70.28,2.3,1784227894466,1784227891837
70.31,-2.7,1784227894499,1784227891865
70.35,4.3,1784227894532,1784227891905
70.38,-0.7,1784227894566,1784227891934
70.42,7.3,1784227894599,1784227891975
70.45,3.3,1784227894632,1784227892004
70.49,8.3,1784227894669,1784227892046
70.52,4.3,1784227894701,1784227892074
70.55,-2.7,1784227894735,1784227892101
70.59,4.3,1784227894769,1784227892142
70.62,-0.7,1784227894802,1784227892170
70.66,8.3,1784227894836,1784227892213
70.69,2.3,1784227894869,1784227892240
70.71,-4.7,1784227894903,1784227892267
70.76,4.3,1784227894937,1784227892310
70.78,-0.7,1784227894970,1784227892338
70.82,6.3,1784227895004,1784227892379
70.85,1.3,1784227895038,1784227892408
70.88,-2.7,1784227895070,1784227892436
70.92,3.3,1784227895105,1784227892477
70.95,-0.7,1784227895137,1784227892505
70.99,5.3,1784227895173,1784227892547
71.02,0.3,1784227895205,1784227892574
71.05,-4.8,1784227895239,1784227892603
71.09,3.2,1784227895272,1784227892644
71.12,-4.8,1784227895308,1784227892672
71.16,3.2,1784227895341,1784227892713
71.19,-1.8,1784227895374,1784227892741
71.23,7.2,1784227895407,1784227892783
71.26,1.2,1784227895440,1784227892810
71.30,11.2,1784227895474,1784227892854
71.33,4.2,1784227895507,1784227892880
71.35,-0.8,1784227895540,1784227892908
71.40,7.2,1784227895574,1784227892950
71.42,2.2,1784227895608,1784227892979
71.45,-3.8,1784227895642,1784227893007
71.49,2.2,1784227895677,1784227893048
71.52,-2.8,1784227895709,1784227893075
71.56,5.2,1784227895742,1784227893116
71.59,1.2,1784227895776,1784227893146
71.63,7.2,1784227895810,1784227893186
71.66,1.2,1784227895844,1784227893214
71.69,-2.8,1784227895877,1784227893243
71.73,3.2,1784227895912,1784227893284
71.76,0.2,1784227895944,1784227893313
71.80,7.2,1784227895978,1784227893354
71.83,0.2,1784227896013,1784227893382
71.87,9.2,1784227896046,1784227893424
71.90,4.2,1784227896078,1784227893451
71.92,-1.8,1784227896112,1784227893479
71.97,6.2,1784227896145,1784227893520
72.00,0.2,1784227896180,1784227893549
72.04,8.2,1784227896213,1784227893590
72.06,3.2,1784227896246,1784227893618
72.09,-2.8,1784227896281,1784227893647
72.13,5.2,1784227896314,1784227893688
72.16,-0.8,1784227896349,1784227893717
72.20,8.2,1784227896381,1784227893758
72.23,2.2,1784227896415,1784227893786
72.26,-3.8,1784227896448,1784227893813
72.30,5.2,1784227896482,1784227893856
72.33,0.2,1784227896514,1784227893883
72.37,8.2,1784227896548,1784227893925
72.40,3.2,1784227896582,1784227893954
72.44,11.2,1784227896616,1784227893996
72.47,3.2,1784227896650,1784227894022
72.50,-1.8,1784227896684,1784227894051
72.54,5.2,1784227896718,1784227894092
72.57,0.2,1784227896751,1784227894120
72.61,9.2,1784227896784,1784227894162
72.64,2.2,1784227896818,1784227894189
72.66,-2.8,1784227896852,1784227894218
72.70,6.2,1784227896884,1784227894259
72.73,0.2,1784227896919,1784227894288
72.77,8.2,1784227896952,1784227894329
72.80,2.2,1784227896985,1784227894356
72.83,-3.8,1784227897020,1784227894385
72.87,4.2,1784227897053,1784227894426
72.90,0.2,1784227897086,1784227894455
72.94,8.2,1784227897118,1784227894495
72.97,3.2,1784227897152,1784227894524
73.01,8.2,1784227897188,1784227894565
73.04,3.2,1784227897221,1784227894593
73.07,-3.9,1784227897255,1784227894620
73.11,6.1,1784227897288,1784227894663
73.14,0.1,1784227897322,1784227894691
73.18,9.1,1784227897355,1784227894733
73.21,2.1,1784227897389,1784227894760
73.25,10.1,1784227897423,1784227894802
73.28,5.1,1784227897455,1784227894829
73.30,-0.9,1784227897490,1784227894858
73.33,-4.9,1784227897522,1784227894886
73.37,2.1,1784227897556,1784227894927
73.40,-2.9,1784227897591,1784227894957
73.44,4.1,1784227897624,1784227894997
73.47,-1.9,1784227897658,1784227895025
73.51,7.1,1784227897691,1784227895067
73.54,0.1,1784227897725,1784227895094
73.58,7.1,1784227897760,1784227895136
73.61,2.1,1784227897792,1784227895163
73.64,-3.9,1784227897826,1784227895191
73.68,5.1,1784227897859,1784227895233
73.71,0.1,1784227897893,1784227895262
73.75,7.1,1784227897927,1784227895303
73.78,2.1,1784227897960,1784227895331
73.80,-3.9,1784227897993,1784227895358
73.85,4.1,1784227898027,1784227895400
73.87,-0.9,1784227898061,1784227895429
73.92,7.1,1784227898093,1784227895469
73.94,1.1,1784227898128,1784227895498
73.97,-2.9,1784227898161,1784227895527
74.01,4.1,1784227898195,1784227895568
74.04,-0.9,1784227898228,1784227895596
74.08,6.1,1784227898262,1784227895637
74.11,-0.9,1784227898297,1784227895665
74.15,9.1,1784227898329,1784227895707
74.18,2.1,1784227898364,1784227895735
74.21,-1.9,1784227898397,1784227895764
74.25,6.1,1784227898430,1784227895805
74.28,-0.9,1784227898464,1784227895832
74.32,7.1,1784227898498,1784227895874
74.35,3.1,1784227898530,1784227895902
74.38,-1.9,1784227898564,1784227895931
74.42,4.1,1784227898598,1784227895971
74.45,-1.9,1784227898632,1784227895999
74.49,7.1,1784227898664,1784227896040
74.51,0.1,1784227898699,1784227896068
74.54,-4.9,1784227898733,1784227896097
74.58,5.1,1784227898765,1784227896139
74.61,-1.9,1784227898799,1784227896166
74.65,6.1,1784227898833,1784227896208
74.68,0.1,1784227898867,1784227896236
74.72,7.1,1784227898901,1784227896277
74.75,4.1,1784227898933,1784227896306
74.78,-2.9,1784227898967,1784227896333
74.82,5.1,1784227899001,1784227896375
74.85,1.1,1784227899034,1784227896404
74.89,8.1,1784227899069,1784227896446
74.92,3.1,1784227899101,1784227896473
74.96,9.1,1784227899136,1784227896514
74.99,4.1,1784227899169,1784227896542
75.02,-1.9,1784227899203,1784227896570
75.06,7.1,1784227899236,1784227896612
75.09,-0.8,1784227899271,1784227896639
75.13,8.2,1784227899304,1784227896681
75.16,2.2,1784227899338,1784227896709
75.18,-1.8,1784227899371,1784227896738
75.22,4.2,1784227899405,1784227896778
75.25,-1.8,1784227899439,1784227896806
75.28,-5.8,1784227899472,1784227896835
75.32,1.2,1784227899506,1784227896876
75.35,-2.8,1784227899538,1784227896904
75.39,4.2,1784227899573,1784227896946
75.42,-3.8,1784227899609,1784227896974
75.46,6.2,1784227899641,1784227897016
75.49,1.2,1784227899674,1784227897044
75.53,8.2,1784227899708,1784227897085
75.56,2.2,1784227899742,1784227897113
75.59,-3.8,1784227899776,1784227897141
75.63,3.2,1784227899810,1784227897182
75.66,-2.8,1784227899844,1784227897210
75.70,9.2,1784227899875,1784227897253
75.73,1.2,1784227899909,1784227897279
75.77,10.2,1784227899943,1784227897322
75.80,4.2,1784227899976,1784227897349
75.82,-1.8,1784227900011,1784227897378
75.86,6.2,1784227900044,1784227897419
75.89,2.2,1784227900076,1784227897447
75.92,-3.8,1784227900110,1784227897475
75.96,6.2,1784227900142,1784227897517
75.99,-2.8,1784227900179,1784227897545
76.03,4.2,1784227900214,1784227897587
76.06,-0.8,1784227900246,1784227897614
76.10,7.2,1784227900280,1784227897656
76.13,3.2,1784227900312,1784227897684
76.16,-1.8,1784227900344,1784227897711
76.20,6.2,1784227900379,1784227897754
76.23,0.2,1784227900412,1784227897781
76.27,9.2,1784227900445,1784227897823
76.30,2.2,1784227900480,1784227897851
76.32,-2.8,1784227900512,1784227897878
76.37,4.2,1784227900547,1784227897920
76.39,-1.8,1784227900580,1784227897947
76.44,7.2,1784227900614,1784227897990
76.46,1.2,1784227900648,1784227898018
76.49,-4.8,1784227900681,1784227898045
76.53,4.2,1784227900715,1784227898088
76.56,-2.8,1784227900749,1784227898115
76.60,6.2,1784227900782,1784227898157
76.63,1.2,1784227900814,1784227898184
76.66,-4.8,1784227900849,1784227898213
76.70,3.2,1784227900883,1784227898255
76.73,-2.8,1784227900917,1784227898283
76.77,5.2,1784227900950,1784227898324
76.80,1.2,1784227900983,1784227898353
76.84,7.2,1784227901018,1784227898394
76.87,3.2,1784227901050,1784227898422
76.91,9.2,1784227901085,1784227898463
76.94,3.2,1784227901119,1784227898491
76.97,-0.8,1784227901151,1784227898519
77.01,6.2,1784227901185,1784227898560
77.03,2.2,1784227901218,1784227898589
77.08,9.3,1784227901252,1784227898630
77.10,3.3,1784227901286,1784227898658
77.13,-2.7,1784227901321,1784227898687
77.17,4.3,1784227901354,1784227898727
77.20,-1.7,1784227901390,1784227898757
77.24,9.3,1784227901420,1784227898798
77.27,2.3,1784227901454,1784227898825
77.30,-2.7,1784227901488,1784227898854
77.34,5.3,1784227901521,1784227898895
77.37,0.3,1784227901554,1784227898923
77.41,8.3,1784227901587,1784227898964
77.44,1.3,1784227901622,1784227898992
77.47,-3.7,1784227901655,1784227899020
77.51,4.3,1784227901689,1784227899062
77.54,-2.7,1784227901723,1784227899089
77.58,7.3,1784227901756,1784227899132
77.61,0.3,1784227901790,1784227899159
77.63,-4.7,1784227901824,1784227899188
77.67,3.3,1784227901857,1784227899229
77.70,-1.7,1784227901890,1784227899257
77.74,5.3,1784227901924,1784227899298
77.77,0.3,1784227901958,1784227899327
77.81,9.3,1784227901991,1784227899369
77.84,2.3,1784227902025,1784227899396
77.87,-2.7,1784227902058,1784227899424
77.91,5.3,1784227902092,1784227899466
77.94,-0.7,1784227902126,1784227899494
77.98,6.3,1784227902160,1784227899535
78.01,0.3,1784227902193,1784227899562
78.04,-3.7,1784227902226,1784227899591
78.08,3.3,1784227902261,1784227899633
78.11,-2.7,1784227902295,1784227899661
78.15,3.3,1784227902330,1784227899702
78.18,-0.7,1784227902362,1784227899730
78.22,7.3,1784227902395,1784227899771
78.25,2.3,1784227902429,1784227899800
78.27,-2.7,1784227902461,1784227899827
78.32,6.3,1784227902495,1784227899870
78.36,13.3,1784227902529,1784227899911
78.39,8.3,1784227902562,1784227899939
78.41,3.3,1784227902595,1784227899967
78.44,-3.7,1784227902630,1784227899995
78.48,6.3,1784227902662,1784227900037
78.51,-1.7,1784227902697,1784227900064
78.55,7.3,1784227902730,1784227900106
78.58,1.3,1784227902764,1784227900134
78.61,-3.7,1784227902797,1784227900162
78.65,4.3,1784227902831,1784227900204
78.68,-3.7,1784227902866,1784227900231
78.72,5.3,1784227902899,1784227900273
78.75,0.3,1784227902933,1784227900302
78.79,8.3,1784227902965,1784227900342
78.82,3.3,1784227902999,1784227900371
78.84,-2.7,1784227903033,1784227900399
78.89,5.3,1784227903066,1784227900440
78.91,-1.7,1784227903101,1784227900468
78.96,7.3,1784227903134,1784227900510
78.98,1.3,1784227903168,1784227900538
79.01,-4.7,1784227903202,1784227900566
79.05,4.3,1784227903234,1784227900607
79.08,-2.6,1784227903269,1784227900635
79.12,7.4,1784227903302,1784227900678
79.15,1.4,1784227903336,1784227900706
79.18,-4.6,1784227903369,1784227900733
79.22,0.4,1784227903405,1784227900774
79.25,-3.6,1784227903437,1784227900802
79.29,5.4,1784227903470,1784227900844
79.32,-1.6,1784227903504,1784227900871
79.36,7.4,1784227903538,1784227900914
79.39,2.4,1784227903571,1784227900942
79.42,-1.6,1784227903603,1784227900970
79.46,5.4,1784227903637,1784227901011
79.48,-1.6,1784227903671,1784227901038
79.53,6.4,1784227903705,1784227901080
79.55,0.4,1784227903739,1784227901108
79.60,9.4,1784227903772,1784227901150
79.62,4.4,1784227903805,1784227901178
79.65,-0.6,1784227903839,1784227901207
79.69,6.4,1784227903873,1784227901248
79.72,0.4,1784227903906,1784227901275
79.76,8.4,1784227903940,1784227901317
79.79,3.4,1784227903973,1784227901345
79.82,-2.6,1784227904007,1784227901373
79.86,5.4,1784227904040,1784227901414
79.89,-1.6,1784227904075,1784227901442
79.93,7.4,1784227904108,1784227901484
79.96,1.4,1784227904142,1784227901512
79.99,-4.6,1784227904176,1784227901540
80.03,2.4,1784227904210,1784227901581
80.06,-1.6,1784227904242,1784227901609
80.10,7.4,1784227904276,1784227901652
80.12,-0.6,1784227904310,1784227901678
80.17,9.4,1784227904343,1784227901721
80.19,3.4,1784227904377,1784227901749
80.22,-1.6,1784227904410,1784227901777
80.26,5.4,1784227904444,1784227901818
80.29,0.4,1784227904477,1784227901846
80.33,8.4,1784227904512,1784227901889
80.36,3.4,1784227904544,1784227901916
80.39,-3.6,1784227904578,1784227901943
80.43,5.4,1784227904611,1784227901985
80.46,0.4,1784227904645,1784227902014
80.50,9.4,1784227904678,1784227902056
80.53,1.4,1784227904713,1784227902083
80.57,10.4,1784227904746,1784227902125
80.60,3.4,1784227904781,1784227902153
80.63,-2.6,1784227904814,1784227902180
80.67,6.4,1784227904847,1784227902222
80.70,0.4,1784227904881,1784227902250
80.74,8.4,1784227904915,1784227902292
80.77,2.4,1784227904948,1784227902319
80.79,-2.6,1784227904982,1784227902348
80.84,5.4,1784227905016,1784227902390
80.86,0.4,1784227905048,1784227902417
80.90,6.4,1784227905083,1784227902458
80.93,0.4,1784227905117,1784227902486
80.98,9.4,1784227905151,1784227902529
81.00,5.4,1784227905183,1784227902557
81.03,-1.6,1784227905216,1784227902583
81.07,5.4,1784227905251,1784227902625
81.10,0.7,1784227905285,1784227902654
81.14,7.7,1784227905320,1784227902696
81.17,4.7,1784227905351,1784227902724
81.20,-2.3,1784227905385,1784227902751
81.24,5.7,1784227905419,1784227902793
81.27,1.7,1784227905452,1784227902822
81.31,10.7,1784227905484,1784227902863
81.34,1.7,1784227905520,1784227902890
81.36,-3.3,1784227905553,1784227902918
81.41,5.7,1784227905586,1784227902960
81.43,0.7,1784227905619,1784227902988
81.48,7.7,1784227905653,1784227903029
81.50,1.7,1784227905688,1784227903058
81.53,-2.3,1784227905720,1784227903086
81.57,5.7,1784227905753,1784227903127
81.60,-0.3,1784227905788,1784227903156
81.64,7.7,1784227905821,1784227903197
81.67,0.7,1784227905855,1784227903224
81.70,-4.3,1784227905888,1784227903252
81.74,3.7,1784227905922,1784227903294
81.77,-2.3,1784227905956,1784227903322
81.81,4.7,1784227905990,1784227903363
81.84,-0.3,1784227906023,1784227903391
81.88,9.7,1784227906056,1784227903434
81.91,2.7,1784227906091,1784227903462
81.95,10.7,1784227906125,1784227903504
81.98,4.7,1784227906157,1784227903530
82.00,-1.3,1784227906191,1784227903558
82.05,5.7,1784227906226,1784227903600
82.07,2.7,1784227906258,1784227903629
82.12,8.7,1784227906293,1784227903670
82.14,0.7,1784227906328,1784227903697
82.17,-3.3,1784227906361,1784227903726
82.21,5.7,1784227906393,1784227903767
82.24,-0.3,1784227906427,1784227903795
82.28,8.7,1784227906461,1784227903838
82.31,2.7,1784227906494,1784227903865
82.35,9.7,1784227906529,1784227903907
82.38,4.7,1784227906561,1784227903934
82.41,-0.3,1784227906594,1784227903962
82.45,8.7,1784227906627,1784227904004
82.48,4.7,1784227906660,1784227904033
82.51,-3.3,1784227906694,1784227904059
82.55,4.7,1784227906729,1784227904102
82.58,-0.3,1784227906762,1784227904130
82.62,8.7,1784227906795,1784227904172
82.65,1.7,1784227906829,1784227904199
82.69,9.7,1784227906862,1784227904240
82.71,3.7,1784227906897,1784227904269
82.74,-1.3,1784227906930,1784227904297
82.78,6.7,1784227906963,1784227904338
82.81,0.7,1784227906997,1784227904366
82.85,8.7,1784227907031,1784227904408
82.88,2.7,1784227907065,1784227904436
82.91,-2.3,1784227907098,1784227904464
82.95,3.7,1784227907133,1784227904505
82.98,0.7,1784227907165,1784227904534
83.02,7.7,1784227907199,1784227904575
83.05,1.7,1784227907233,1784227904603
83.08,-3.4,1784227907266,1784227904631
83.12,5.6,1784227907299,1784227904673
83.15,-3.4,1784227907334,1784227904699
83.19,6.6,1784227907366,1784227904741
83.22,1.6,1784227907400,1784227904770
83.26,8.6,1784227907434,1784227904811
83.29,2.6,1784227907468,1784227904839
83.31,-2.4,1784227907501,1784227904867
83.35,4.6,1784227907536,1784227904909
83.38,0.6,1784227907569,1784227904938
83.41,-4.4,1784227907601,1784227904965
83.45,0.6,1784227907637,1784227905006
83.48,-1.4,1784227907668,1784227905035
83.52,5.6,1784227907702,1784227905076
83.55,-0.4,1784227907737,1784227905105
83.59,6.6,1784227907770,1784227905145
83.62,1.6,1784227907803,1784227905173
83.66,8.6,1784227907839,1784227905216
83.69,3.6,1784227907871,1784227905243
83.72,-2.4,1784227907905,1784227905271
83.76,5.6,1784227907938,1784227905312
83.79,-0.4,1784227907973,1784227905341
83.83,8.6,1784227908005,1784227905382
83.86,1.6,1784227908040,1784227905410
83.88,-3.4,1784227908073,1784227905438
83.93,3.6,1784227908107,1784227905479
83.95,-0.4,1784227908140,1784227905508
84.00,6.6,1784227908174,1784227905549
84.02,3.6,1784227908206,1784227905578
84.06,9.6,1784227908241,1784227905619
84.09,3.6,1784227908275,1784227905647
84.12,-2.4,1784227908309,1784227905675
84.16,4.6,1784227908343,1784227905716
84.19,-0.4,1784227908377,1784227905745
84.23,8.6,1784227908410,1784227905787
84.26,3.6,1784227908442,1784227905814
84.29,-3.4,1784227908476,1784227905841
84.33,4.6,1784227908511,1784227905884
84.36,-2.4,1784227908545,1784227905911
84.40,8.6,1784227908577,1784227905954
84.43,1.6,1784227908610,1784227905980
84.46,-2.4,1784227908643,1784227906009
84.50,5.6,1784227908676,1784227906050
84.52,-1.4,1784227908711,1784227906078
84.57,8.6,1784227908744,1784227906121
84.59,2.6,1784227908778,1784227906149
84.62,-3.4,1784227908811,1784227906176
84.66,3.6,1784227908845,1784227906217
84.69,-0.4,1784227908878,1784227906246
84.73,6.6,1784227908912,1784227906287
84.76,1.6,1784227908945,1784227906315
84.79,-5.4,1784227908980,1784227906343
84.83,3.6,1784227909013,1784227906385
84.86,-2.4,1784227909047,1784227906413
84.90,4.6,1784227909081,1784227906454
84.93,-0.4,1784227909115,1784227906483
84.97,7.6,1784227909148,1784227906524
85.00,2.6,1784227909181,1784227906552
85.03,-3.4,1784227909215,1784227906580
85.07,2.6,1784227909250,1784227906621
85.10,-1.3,1784227909282,1784227906649
85.14,6.7,1784227909316,1784227906691
85.17,2.7,1784227909349,1784227906720
85.21,9.7,1784227909383,1784227906761
85.23,3.7,1784227909416,1784227906788
85.26,-3.3,1784227909451,1784227906816
85.30,5.7,1784227909484,1784227906858
85.33,0.7,1784227909518,1784227906887
85.37,7.7,1784227909552,1784227906928
85.40,3.7,1784227909585,1784227906957
85.43,-3.3,1784227909618,1784227906983
85.47,5.7,1784227909651,1784227907025
85.50,-0.3,1784227909686,1784227907054
85.54,8.7,1784227909718,1784227907095
85.57,2.7,1784227909751,1784227907122
85.60,-4.3,1784227909786,1784227907150
85.64,4.7,1784227909820,1784227907193
85.67,-0.3,1784227909853,1784227907221
85.71,6.7,1784227909886,1784227907261
85.74,0.7,1784227909921,1784227907290
85.78,9.7,1784227909954,1784227907332
85.80,3.7,1784227909987,1784227907359
85.83,-2.3,1784227910021,1784227907387
85.87,4.7,1784227910055,1784227907428
85.90,0.7,1784227910088,1784227907457
85.94,6.7,1784227910123,1784227907498
85.97,1.7,1784227910156,1784227907526
86.00,-3.3,1784227910190,1784227907555
86.04,3.7,1784227910223,1784227907595
86.07,-1.3,1784227910257,1784227907624
86.11,6.7,1784227910291,1784227907666
86.14,2.7,1784227910323,1784227907694
86.18,10.7,1784227910357,1784227907736
86.21,3.7,1784227910391,1784227907763
86.24,-3.3,1784227910425,1784227907790
86.28,3.7,1784227910460,1784227907832
86.31,-0.3,1784227910493,1784227907861
86.35,8.7,1784227910525,1784227907902
86.38,2.7,1784227910559,1784227907930
86.42,10.7,1784227910593,1784227907972
86.45,6.7,1784227910625,1784227908000
86.47,0.7,1784227910659,1784227908028
86.51,8.7,1784227910692,1784227908069
86.54,0.7,1784227910727,1784227908096
86.57,-3.3,1784227910760,1784227908125
86.61,4.7,1784227910794,1784227908167
86.64,-0.3,1784227910826,1784227908194
86.68,6.7,1784227910862,1784227908237
86.71,1.7,1784227910895,1784227908265
86.74,-4.3,1784227910928,1784227908292
86.78,2.7,1784227910963,1784227908334
86.81,-1.3,1784227910995,1784227908362
86.85,7.7,1784227911028,1784227908404
86.88,0.7,1784227911062,1784227908431
86.92,8.7,1784227911096,1784227908473
86.95,2.7,1784227911130,1784227908501
86.97,-3.3,1784227911164,1784227908529
87.02,4.7,1784227911197,1784227908570
87.04,-1.3,1784227911231,1784227908598
87.09,6.7,1784227911265,1784227908640
87.11,1.9,1784227911298,1784227908668
87.16,8.9,1784227911332,1784227908709
87.18,3.9,1784227911365,1784227908737
87.21,-1.1,1784227911399,1784227908766
87.25,7.9,1784227911432,1784227908808
87.28,0.9,1784227911466,1784227908835
87.32,7.9,1784227911501,1784227908877
87.35,2.9,1784227911534,1784227908905
87.38,-2.1,1784227911567,1784227908933
87.42,4.9,1784227911601,1784227908974
87.45,0.9,1784227911633,1784227909002
87.49,8.9,1784227911667,1784227909044
87.52,2.9,1784227911701,1784227909072
87.54,-3.1,1784227911734,1784227909099
87.59,4.9,1784227911768,1784227909141
87.62,-0.1,1784227911801,1784227909169
87.66,5.9,1784227911836,1784227909210
87.68,1.9,1784227911869,1784227909239
87.73,8.9,1784227911903,1784227909280
87.75,2.9,1784227911936,1784227909307
87.78,-3.1,1784227911971,1784227909336
87.82,5.9,1784227912004,1784227909378
87.85,0.9,1784227912037,1784227909406
87.89,8.9,1784227912070,1784227909447
87.92,2.9,1784227912104,1784227909475
87.95,-4.1,1784227912138,1784227909502
87.99,4.9,1784227912171,1784227909544
88.02,0.9,1784227912204,1784227909573
88.06,7.9,1784227912238,1784227909614
88.09,1.9,1784227912272,1784227909642
88.12,-3.1,1784227912306,1784227909671
88.16,4.9,1784227912339,1784227909712
88.19,-1.1,1784227912373,1784227909740
88.23,5.9,1784227912407,1784227909781
88.26,-0.1,1784227912441,1784227909809
88.28,-4.1,1784227912474,1784227909838
88.33,3.9,1784227912507,1784227909879
88.35,-3.1,1784227912542,1784227909907
88.39,5.9,1784227912575,1784227909949
88.42,-0.1,1784227912608,1784227909976
88.45,-3.1,1784227912641,1784227910006
88.49,1.9,1784227912675,1784227910045
88.52,-3.1,1784227912709,1784227910074
88.56,5.9,1784227912742,1784227910116
88.59,-1.1,1784227912777,1784227910144
88.63,7.9,1784227912810,1784227910186
88.67,13.9,1784227912845,1784227910227
88.70,9.9,1784227912878,1784227910256
88.73,4.9,1784227912911,1784227910284
88.76,-1.1,1784227912944,1784227910311
88.80,6.9,1784227912977,1784227910352
88.83,-0.1,1784227913012,1784227910380
88.87,8.9,1784227913046,1784227910423
88.90,2.9,1784227913079,1784227910450
88.92,-2.1,1784227913112,1784227910478
88.97,3.9,1784227913147,1784227910519
88.99,-1.1,1784227913180,1784227910547
89.04,7.9,1784227913213,1784227910589
89.06,2.9,1784227913247,1784227910618
89.09,-3.1,1784227913280,1784227910645
89.13,3.9,1784227913314,1784227910686
89.16,-2.1,1784227913348,1784227910714
89.20,7.9,1784227913381,1784227910757
89.23,0.9,1784227913415,1784227910784
89.27,8.9,1784227913449,1784227910826
89.30,2.9,1784227913482,1784227910853
89.33,-4.1,1784227913517,1784227910881
89.37,6.9,1784227913549,1784227910924
89.40,0.9,1784227913583,1784227910952
89.44,8.9,1784227913616,1784227910993
89.47,1.9,1784227913650,1784227911020
89.49,-2.1,1784227913683,1784227911049
89.54,5.9,1784227913716,1784227911090
89.56,-0.1,1784227913750,1784227911118
89.61,6.9,1784227913784,1784227911159
89.63,2.9,1784227913817,1784227911188
89.66,-3.1,1784227913851,1784227911216
89.70,5.9,1784227913884,1784227911258
89.73,-2.1,1784227913919,1784227911285
89.77,4.9,1784227913953,1784227911326
89.80,0.9,1784227913986,1784227911355
89.84,8.9,1784227914020,1784227911397
89.87,1.9,1784227914054,1784227911424
89.90,-2.1,1784227914086,1784227911452
89.94,5.9,1784227914120,1784227911494
89.97,-0.1,1784227914154,1784227911522
90.01,7.9,1784227914188,1784227911564
90.04,2.9,1784227914220,1784227911591
90.07,-3.1,1784227914254,1784227911619
90.11,4.9,1784227914288,1784227911661
90.13,-2.1,1784227914322,1784227911688
90.18,5.9,1784227914356,1784227911730
90.20,1.9,1784227914389,1784227911759
90.23,-4.1,1784227914423,1784227911787
90.27,2.9,1784227914456,1784227911827
90.30,-1.1,1784227914489,1784227911856
90.34,6.9,1784227914522,1784227911897
90.37,0.9,1784227914557,1784227911926
90.41,8.9,1784227914590,1784227911967
90.44,1.9,1784227914625,1784227911995
90.47,-1.1,1784227914656,1784227912023
90.51,-2.1,1784227914699,1784227912065
90.54,-0.1,1784227914725,1784227912093
90.58,7.9,1784227914758,1784227912134
90.61,2.9,1784227914792,1784227912163
90.64,-3.1,1784227914825,1784227912190
90.68,3.9,1784227914860,1784227912232
90.71,-2.1,1784227914893,1784227912259
90.75,4.9,1784227914928,1784227912301
90.77,0.9,1784227914960,1784227912329
90.82,7.9,1784227914995,1784227912371
90.84,2.9,1784227915028,1784227912399
90.87,-3.1,1784227915062,1784227912427
90.91,5.9,1784227915094,1784227912468
90.94,-0.1,1784227915128,1784227912496
90.98,8.9,1784227915162,1784227912539
91.01,0.9,1784227915196,1784227912565
91.04,-3.1,1784227915228,1784227912593
91.08,3.9,1784227915263,1784227912635
91.11,0.1,1784227915296,1784227912664
91.15,8.1,1784227915329,1784227912705
91.18,2.1,1784227915363,1784227912733
91.21,-3.9,1784227915398,1784227912762
91.25,3.1,1784227915431,1784227912802
91.28,-1.9,1784227915465,1784227912831
91.32,6.1,1784227915499,1784227912873
91.35,1.1,1784227915531,1784227912900
91.39,9.1,1784227915565,1784227912942
91.42,3.1,1784227915599,1784227912970
91.44,-2.9,1784227915633,1784227912998
91.48,4.1,1784227915666,1784227913038
91.51,1.1,1784227915698,1784227913067
91.55,8.1,1784227915733,1784227913109
91.58,2.1,1784227915767,1784227913137
91.62,10.1,1784227915801,1784227913179
91.65,3.1,1784227915835,1784227913206
91.68,-0.9,1784227915867,1784227913234
91.72,7.1,1784227915901,1784227913276
91.75,3.1,1784227915934,1784227913305
91.78,-2.9,1784227915967,1784227913332
91.82,3.1,1784227916001,1784227913372
91.85,-0.9,1784227916034,1784227913401
91.89,6.1,1784227916069,1784227913443
91.92,1.1,1784227916103,1784227913472
91.96,8.1,1784227916137,1784227913513
91.99,1.1,1784227916170,1784227913539
92.01,-2.9,1784227916203,1784227913568
92.06,4.1,1784227916237,1784227913609
92.08,-0.9,1784227916271,1784227913638
92.13,5.1,1784227916306,1784227913679
92.15,-0.9,1784227916340,1784227913707
92.19,8.1,1784227916373,1784227913749
92.22,4.1,1784227916405,1784227913777
92.25,-2.9,1784227916439,1784227913804
92.29,7.1,1784227916472,1784227913847
92.32,0.1,1784227916506,1784227913874
92.36,9.1,1784227916540,1784227913917
92.39,1.1,1784227916574,1784227913943
92.42,-2.9,1784227916607,1784227913972
92.46,5.1,1784227916640,1784227914013
92.49,1.1,1784227916673,1784227914042
92.53,10.1,1784227916707,1784227914085
92.56,2.1,1784227916741,1784227914111
92.60,11.1,1784227916775,1784227914154
92.63,2.1,1784227916810,1784227914180
92.65,-0.9,1784227916842,1784227914209
92.70,5.1,1784227916877,1784227914250
92.72,2.1,1784227916908,1784227914278
92.77,8.1,1784227916943,1784227914319
92.79,2.1,1784227916977,1784227914347
92.84,10.1,1784227917012,1784227914390
92.86,4.1,1784227917045,1784227914417
92.89,0.1,1784227917078,1784227914446
92.93,9.1,1784227917111,1784227914488
92.96,1.1,1784227917145,1784227914514
92.99,-1.9,1784227917178,1784227914544
93.03,5.1,1784227917212,1784227914585
93.06,2.1,1784227917243,1784227914613
93.10,8.1,1784227917278,1784227914654
93.13,2.1,1784227917312,1784227914682
93.17,10.1,1784227917346,1784227914724
93.20,4.1,1784227917380,1784227914752
93.23,-1.9,1784227917413,1784227914779
93.27,7.1,1784227917446,1784227914821
93.29,1.1,1784227917480,1784227914849
93.34,9.1,1784227917514,1784227914891
93.36,3.1,1784227917547,1784227914918
93.39,-1.9,1784227917581,1784227914947
93.43,5.1,1784227917615,1784227914988
93.46,0.1,1784227917648,1784227915016
93.49,-5.9,1784227917681,1784227915043
93.53,2.1,1784227917715,1784227915085
93.56,-2.9,1784227917749,1784227915114
93.60,5.1,1784227917783,1784227915156
93.63,-1.9,1784227917817,1784227915183
93.67,6.1,1784227917850,1784227915224
93.70,1.1,1784227917884,1784227915253
93.73,-3.9,1784227917916,1784227915280
93.77,5.1,1784227917950,1784227915323
93.80,-1.9,1784227917984,1784227915350
93.84,5.1,1784227918019,1784227915392
93.87,1.1,1784227918051,1784227915420
93.91,8.1,1784227918085,1784227915461
93.94,2.1,1784227918120,1784227915490
93.96,-1.9,1784227918152,1784227915518
94.00,4.1,1784227918186,1784227915558
94.03,0.1,1784227918219,1784227915587
94.07,7.1,1784227918253,1784227915628
94.10,3.1,1784227918286,1784227915657
94.14,9.1,1784227918321,1784227915698
94.17,4.1,1784227918354,1784227915726
94.20,-1.9,1784227918388,1784227915754
94.24,7.1,1784227918421,1784227915796
94.27,2.1,1784227918454,1784227915824
94.31,9.1,1784227918488,1784227915865
94.34,2.1,1784227918523,1784227915893
94.37,-2.9,1784227918556,1784227915921
94.41,7.1,1784227918589,1784227915964
94.44,0.1,1784227918623,1784227915991
94.48,9.1,1784227918656,1784227916033
94.51,3.1,1784227918689,1784227916060
94.53,-3.9,1784227918725,1784227916089
94.58,3.1,1784227918758,1784227916129
94.60,0.1,1784227918790,1784227916158
94.65,7.1,1784227918824,1784227916199
94.67,3.1,1784227918857,1784227916228
94.70,-2.9,1784227918891,1784227916256
94.74,4.1,1784227918925,1784227916297
94.77,-0.9,1784227918958,1784227916325
94.81,7.1,1784227918992,1784227916367
94.84,0.1,1784227919027,1784227916395
94.88,9.1,1784227919060,1784227916437
94.91,4.1,1784227919092,1784227916464
94.94,-1.9,1784227919126,1784227916492
94.98,6.1,1784227919160,1784227916534
95.01,-1.9,1784227919195,1784227916561
95.05,8.1,1784227919228,1784227916604
95.08,0.1,1784227919263,1784227916631
95.10,-2.8,1784227919294,1784227916659
95.15,5.2,1784227919327,1784227916700
95.17,-1.8,1784227919362,1784227916728
95.22,6.2,1784227919396,1784227916770
95.24,1.2,1784227919429,1784227916798
95.29,9.2,1784227919462,1784227916839
95.31,3.2,1784227919496,1784227916867
95.34,-0.8,1784227919529,1784227916896
95.38,7.2,1784227919563,1784227916938
95.41,0.2,1784227919597,1784227916965
95.45,8.2,1784227919630,1784227917006
95.48,3.2,1784227919664,1784227917035
95.51,-1.8,1784227919697,1784227917063
95.55,5.2,1784227919731,1784227917104
95.58,0.2,1784227919764,1784227917132
95.62,8.2,1784227919798,1784227917174
95.65,1.2,1784227919833,1784227917202
95.69,10.2,1784227919866,1784227917244
95.72,3.2,1784227919900,1784227917271
95.74,-2.8,1784227919934,1784227917299
95.79,7.2,1784227919965,1784227917340
95.82,0.2,1784227920001,1784227917369
95.86,8.2,1784227920035,1784227917411
95.88,2.2,1784227920068,1784227917438
95.91,-1.8,1784227920100,1784227917466
95.95,5.2,1784227920135,1784227917508
95.98,2.2,1784227920168,1784227917538
96.02,7.2,1784227920202,1784227917577
96.05,2.2,1784227920235,1784227917605
96.08,-1.8,1784227920268,1784227917634
96.12,6.2,1784227920302,1784227917676
96.15,0.2,1784227920336,1784227917704
96.19,7.2,1784227920370,1784227917745
96.22,1.2,1784227920404,1784227917773
96.26,10.2,1784227920436,1784227917814
96.29,4.2,1784227920471,1784227917843
96.32,-0.8,1784227920503,1784227917870
96.36,6.2,1784227920538,1784227917912
96.39,-0.8,1784227920572,1784227917939
96.43,8.2,1784227920605,1784227917981
96.46,3.2,1784227920638,1784227918009
96.48,-2.8,1784227920672,1784227918037
96.52,5.2,1784227920705,1784227918078
96.55,0.2,1784227920739,1784227918107
96.59,8.2,1784227920772,1784227918148
96.62,2.2,1784227920807,1784227918177
96.65,-2.8,1784227920841,1784227918206
96.69,4.2,1784227920874,1784227918246
96.72,-1.8,1784227920907,1784227918273
96.76,6.2,1784227920942,1784227918316
96.79,2.2,1784227920974,1784227918344
96.82,-4.8,1784227921008,1784227918371
96.86,5.2,1784227921041,1784227918414
96.90,11.2,1784227921076,1784227918455
96.93,6.2,1784227921108,1784227918482
96.96,-0.8,1784227921143,1784227918510
97.00,7.2,1784227921177,1784227918552
97.03,1.2,1784227921211,1784227918580
97.05,-2.8,1784227921243,1784227918608
97.10,4.2,1784227921278,1784227918650
97.12,1.3,1784227921309,1784227918678
97.16,6.3,1784227921345,1784227918719
97.19,1.3,1784227921378,1784227918747
97.24,9.3,1784227921412,1784227918789
97.26,3.3,1784227921445,1784227918816
97.29,-1.7,1784227921479,1784227918845
97.33,6.3,1784227921513,1784227918887
97.36,0.3,1784227921546,1784227918914
97.40,9.3,1784227921579,1784227918956
97.43,1.3,1784227921613,1784227918982
97.46,-1.7,1784227921646,1784227919012
97.50,5.3,1784227921680,1784227919053
97.53,1.3,1784227921712,1784227919081
97.57,9.3,1784227921746,1784227919123
97.60,3.3,1784227921779,1784227919150
97.64,10.3,1784227921814,1784227919192
97.67,5.3,1784227921847,1784227919220
97.70,0.3,1784227921881,1784227919249
97.74,6.3,1784227921916,1784227919290
97.76,1.3,1784227921949,1784227919318
97.81,9.3,1784227921982,1784227919359
97.83,4.3,1784227922016,1784227919388
97.86,-0.7,1784227922049,1784227919416
97.90,4.3,1784227922084,1784227919456
97.93,1.3,1784227922117,1784227919486
97.96,-4.7,1784227922149,1784227919512
98.00,3.3,1784227922183,1784227919554
98.03,-2.7,1784227922217,1784227919582
98.07,5.3,1784227922251,1784227919624
98.10,-0.7,1784227922285,1784227919652
98.14,8.3,1784227922318,1784227919694
98.17,3.3,1784227922351,1784227919722
98.21,10.3,1784227922386,1784227919764
98.24,2.3,1784227922420,1784227919790
98.26,-0.7,1784227922452,1784227919819
98.31,6.3,1784227922486,1784227919860
98.33,0.3,1784227922520,1784227919888
98.38,7.3,1784227922554,1784227919929
98.40,2.3,1784227922587,1784227919957
98.43,-1.7,1784227922621,1784227919987
98.47,4.3,1784227922655,1784227920027
98.50,0.3,1784227922688,1784227920056
98.53,-3.7,1784227922720,1784227920084
98.57,3.3,1784227922754,1784227920125
98.60,-2.7,1784227922788,1784227920153
98.64,5.3,1784227922822,1784227920195
98.67,0.3,1784227922855,1784227920223
98.71,8.3,1784227922889,1784227920265
98.74,1.3,1784227922923,1784227920292
98.78,8.3,1784227922957,1784227920333
98.81,2.3,1784227922991,1784227920361
98.84,-2.7,1784227923025,1784227920390
98.88,5.3,1784227923059,1784227920432
98.91,-0.7,1784227923092,1784227920459
98.95,8.3,1784227923125,1784227920501
98.97,2.3,1784227923159,1784227920529
99.00,-1.7,1784227923191,1784227920557
99.04,6.3,1784227923224,1784227920598
99.07,-0.7,1784227923259,1784227920626
99.11,8.3,1784227923292,1784227920668
99.16,13.4,1784227923329,1784227920710
99.17,-3.6,1784227923360,1784227920724
99.21,3.4,1784227923394,1784227920765
99.24,-0.6,1784227923427,1784227920794
99.28,6.4,1784227923461,1784227920835
99.31,2.4,1784227923494,1784227920864
99.35,8.4,1784227923529,1784227920905
99.38,1.4,1784227923563,1784227920932
99.41,-1.6,1784227923595,1784227920961
99.45,4.4,1784227923630,1784227921002
99.48,-0.6,1784227923663,1784227921030
99.52,9.4,1784227923696,1784227921073
99.55,2.4,1784227923729,1784227921099
99.57,-2.6,1784227923762,1784227921127
99.62,5.4,1784227923796,1784227921169
99.64,-0.6,1784227923831,1784227921198
99.68,7.4,1784227923864,1784227921239
99.71,1.4,1784227923898,1784227921267
99.74,-4.6,1784227923931,1784227921294
99.78,6.4,1784227923964,1784227921338
99.81,-1.6,1784227923998,1784227921364
99.85,7.4,1784227924031,1784227921406
99.88,2.4,1784227924065,1784227921435
99.92,8.4,1784227924099,1784227921475
99.95,3.4,1784227924133,1784227921504
99.98,-2.6,1784227924166,1784227921531
100.02,5.4,1784227924200,1784227921573
100.05,-0.6,1784227924234,1784227921601
100.09,7.4,1784227924267,1784227921642
100.12,2.4,1784227924301,1784227921671
100.16,9.4,1784227924335,1784227921712
100.19,4.4,1784227924368,1784227921740
100.21,-1.6,1784227924402,1784227921768
100.26,8.4,1784227924435,1784227921811
100.28,3.4,1784227924468,1784227921839
100.33,10.4,1784227924502,1784227921880
100.35,3.4,1784227924536,1784227921907
100.38,-2.6,1784227924570,1784227921935
100.42,7.4,1784227924603,1784227921978
100.45,-0.6,1784227924637,1784227922004
100.49,10.4,1784227924670,1784227922048
100.52,3.4,1784227924703,1784227922074
100.55,-2.6,1784227924737,1784227922102
100.59,6.4,1784227924770,1784227922144
100.62,-0.6,1784227924805,1784227922172
100.66,9.4,1784227924837,1784227922214
100.69,2.4,1784227924872,1784227922242
100.72,-3.6,1784227924905,1784227922269
100.76,4.4,1784227924939,1784227922311
100.78,-0.6,1784227924971,1784227922338
100.83,7.4,1784227925005,1784227922380
100.85,2.4,1784227925038,1784227922408
100.88,-3.6,1784227925073,1784227922437
100.92,4.4,1784227925105,1784227922477
100.95,-2.6,1784227925140,1784227922505
100.99,7.4,1784227925173,1784227922548
101.02,-1.6,1784227925210,1784227922576
101.06,9.4,1784227925241,1784227922618
101.09,3.4,1784227925274,1784227922645
101.12,-3.6,1784227925309,1784227922673
101.16,5.4,1784227925342,1784227922715
101.19,-0.6,1784227925376,1784227922743
101.23,8.4,1784227925409,1784227922785
101.26,1.4,1784227925443,1784227922812
101.30,10.4,1784227925476,1784227922854
101.33,3.4,1784227925511,1784227922882
101.36,-2.6,1784227925544,1784227922909
101.40,5.4,1784227925579,1784227922952
101.42,0.4,1784227925611,1784227922979
101.45,-4.6,1784227925645,1784227923008
101.49,2.4,1784227925678,1784227923048
101.52,-2.6,1784227925712,1784227923077
101.56,6.4,1784227925744,1784227923118
101.59,0.4,1784227925778,1784227923146
101.63,8.4,1784227925813,1784227923189
101.66,2.4,1784227925846,1784227923216
101.70,8.4,1784227925881,1784227923257
101.73,3.4,1784227925914,1784227923285
101.76,-1.6,1784227925948,1784227923314
101.80,6.4,1784227925981,1784227923355
101.83,1.4,1784227926014,1784227923383
101.87,10.4,1784227926047,1784227923425
101.90,4.4,1784227926081,1784227923453
101.93,-0.6,1784227926115,1784227923482
101.97,6.4,1784227926149,1784227923523
102.00,0.4,1784227926182,1784227923550
102.04,9.4,1784227926215,1784227923592
102.07,3.4,1784227926249,1784227923620
102.09,-2.6,1784227926282,1784227923647
102.14,6.4,1784227926315,1784227923689
102.16,0.4,1784227926350,1784227923718
102.20,7.4,1784227926384,1784227923759
102.23,1.4,1784227926418,1784227923787
102.27,9.4,1784227926451,1784227923828
102.30,2.4,1784227926486,1784227923856
102.33,-2.6,1784227926519,1784227923884
102.37,6.4,1784227926552,1784227923926
102.40,3.4,1784227926585,1784227923956
102.44,9.4,1784227926619,1784227923996
102.47,2.4,1784227926652,1784227924022
102.50,-2.6,1784227926686,1784227924051
102.54,6.4,1784227926719,1784227924093
102.57,1.4,1784227926752,1784227924121
102.61,9.4,1784227926785,1784227924162
102.64,2.4,1784227926820,1784227924190
102.66,-3.6,1784227926854,1784227924218
102.71,5.4,1784227926887,1784227924260
102.73,-0.6,1784227926921,1784227924288
102.78,6.4,1784227926955,1784227924329
102.80,0.4,1784227926989,1784227924357
102.83,-2.6,1784227927021,1784227924386
102.87,4.4,1784227927055,1784227924427
102.90,-1.6,1784227927089,1784227924455
102.94,6.4,1784227927122,1784227924496
102.97,2.4,1784227927155,1784227924525
103.00,-4.6,1784227927190,1784227924553
103.04,1.4,1784227927224,1784227924593
103.07,-2.6,1784227927257,1784227924622
103.11,6.4,1784227927291,1784227924665
103.14,-0.4,1784227927325,1784227924692
103.18,8.6,1784227927358,1784227924734
103.21,2.6,1784227927391,1784227924761
103.24,-2.4,1784227927424,1784227924789
103.28,4.6,1784227927459,1784227924831
103.30,-1.4,1784227927492,1784227924858
103.35,5.6,1784227927527,1784227924900
103.37,1.6,1784227927560,1784227924929
103.41,-2.4,1784227927594,1784227924959
103.44,-3.4,1784227927628,1784227924992
103.47,0.6,1784227927661,1784227925029
103.52,7.6,1784227927695,1784227925070
103.54,4.6,1784227927727,1784227925099
103.60,24.6,1784227927761,1784227925153
103.61,2.6,1784227927795,1784227925165
103.64,-3.4,1784227927829,1784227925193
103.68,3.6,1784227927863,1784227925234
103.71,-0.4,1784227927896,1784227925263
103.75,6.6,1784227927931,1784227925305
103.78,2.6,1784227927962,1784227925332
103.82,9.6,1784227927997,1784227925374
103.85,5.6,1784227928029,1784227925402
103.88,-0.4,1784227928063,1784227925430
103.92,6.6,1784227928097,1784227925471
103.95,1.6,1784227928131,1784227925500
103.97,-2.4,1784227928163,1784227925528
104.01,3.6,1784227928198,1784227925569
104.04,-2.4,1784227928232,1784227925597
104.08,6.6,1784227928265,1784227925639
104.11,-0.4,1784227928299,1784227925666
104.15,7.6,1784227928333,1784227925708
104.18,3.6,1784227928365,1784227925736
104.21,-1.4,1784227928398,1784227925764
104.25,6.6,1784227928432,1784227925806
104.28,-1.4,1784227928468,1784227925834
104.32,6.6,1784227928501,1784227925875
104.35,0.6,1784227928535,1784227925903
104.39,8.6,1784227928568,1784227925944
104.42,4.6,1784227928601,1784227925973
104.45,-2.4,1784227928635,1784227926000
104.49,6.6,1784227928668,1784227926042
104.52,0.6,1784227928702,1784227926070
104.56,7.6,1784227928736,1784227926111
104.59,2.6,1784227928769,1784227926139
104.61,-0.4,1784227928801,1784227926168
104.65,5.6,1784227928836,1784227926209
104.68,0.6,1784227928869,1784227926237
104.72,8.6,1784227928903,1784227926279
104.75,2.6,1784227928936,1784227926306
104.78,-3.4,1784227928971,1784227926335
104.82,4.6,1784227929004,1784227926376
104.85,-0.4,1784227929037,1784227926404
104.89,8.6,1784227929070,1784227926446
104.92,0.6,1784227929105,1784227926473
104.96,9.6,1784227929138,1784227926515
104.99,2.6,1784227929172,1784227926542
105.02,-1.4,1784227929206,1784227926572
105.06,6.6,1784227929239,1784227926613
105.09,0.6,1784227929272,1784227926640
105.13,9.6,1784227929306,1784227926683
105.16,2.6,1784227929340,1784227926710
105.18,-3.4,1784227929374,1784227926738
105.23,3.6,1784227929408,1784227926779
105.25,-0.4,1784227929440,1784227926807
105.30,5.6,1784227929476,1784227926849
105.32,2.6,1784227929508,1784227926878
105.35,-3.4,1784227929541,1784227926905
105.39,2.6,1784227929577,1784227926947
105.42,-2.4,1784227929610,1784227926975
105.46,7.6,1784227929642,1784227927017
105.49,0.6,1784227929676,1784227927044
105.53,8.6,1784227929710,1784227927086
105.56,1.6,1784227929745,1784227927114
105.59,-2.4,1784227929776,1784227927141
105.63,7.6,1784227929809,1784227927184
105.66,1.6,1784227929843,1784227927212
105.70,10.6,1784227929876,1784227927254
105.73,2.6,1784227929911,1784227927281
105.75,-2.4,1784227929944,1784227927309
105.80,5.6,1784227929978,1784227927351
105.82,-0.4,1784227930011,1784227927378
105.87,6.6,1784227930046,1784227927420
105.89,0.6,1784227930080,1784227927448
105.94,9.6,1784227930113,1784227927490
105.96,4.6,1784227930147,1784227927519
105.99,-1.4,1784227930179,1784227927545
106.03,5.6,1784227930214,1784227927587
106.06,0.6,1784227930247,1784227927615
106.10,8.6,1784227930281,1784227927657
106.13,5.6,1784227930313,1784227927686
106.16,-2.4,1784227930348,1784227927713
106.20,4.6,1784227930383,1784227927755
106.23,0.6,1784227930415,1784227927783
106.27,7.6,1784227930449,1784227927824
106.30,1.6,1784227930483,1784227927852
106.33,-4.4,1784227930517,1784227927880
106.37,3.6,1784227930550,1784227927921
106.40,-2.4,1784227930584,1784227927949
106.44,5.6,1784227930618,1784227927991
106.47,1.6,1784227930651,1784227928020
106.51,8.6,1784227930684,1784227928060
106.53,3.6,1784227930718,1784227928089
106.56,-2.4,1784227930751,1784227928116
106.60,6.6,1784227930784,1784227928158
106.63,0.6,1784227930818,1784227928186
106.67,8.6,1784227930852,1784227928228
106.70,2.6,1784227930886,1784227928256
106.73,-2.4,1784227930919,1784227928284
106.77,2.6,1784227930954,1784227928324
106.80,-0.4,1784227930987,1784227928354
106.84,7.6,1784227931020,1784227928395
106.87,1.6,1784227931053,1784227928422
106.91,8.6,1784227931088,1784227928464
106.94,3.6,1784227931121,1784227928492
106.97,-0.4,1784227931154,1784227928521
107.01,7.6,1784227931187,1784227928562
107.04,2.6,1784227931220,1784227928590
107.08,8.6,1784227931255,1784227928631
107.10,1.6,1784227931289,1784227928658
107.13,-3.5,1784227931323,1784227928687
107.17,4.5,1784227931356,1784227928728
107.20,0.5,1784227931389,1784227928757
107.24,7.5,1784227931423,1784227928798
107.27,1.5,1784227931458,1784227928827
107.31,9.5,1784227931492,1784227928869
107.34,4.5,1784227931524,1784227928896
107.37,-0.5,1784227931557,1784227928924
107.41,6.5,1784227931592,1784227928966
107.44,-0.5,1784227931627,1784227928994
107.48,9.5,1784227931659,1784227929036
107.51,3.5,1784227931692,1784227929063
107.54,-2.5,1784227931726,1784227929091
107.58,5.5,1784227931760,1784227929133
107.61,0.5,1784227931792,1784227929160
107.63,-5.5,1784227931826,1784227929188
107.68,3.5,1784227931859,1784227929230
107.70,-2.5,1784227931893,1784227929258
107.75,6.5,1784227931926,1784227929300
107.77,0.5,1784227931960,1784227929328
107.82,9.5,1784227931993,1784227929370
107.84,0.5,1784227932029,1784227929397
107.87,-2.5,1784227932061,1784227929426
107.91,5.5,1784227932094,1784227929467
107.94,0.5,1784227932128,1784227929496
107.98,5.5,1784227932163,1784227929536
108.01,1.5,1784227932195,1784227929564
108.04,-3.5,1784227932229,1784227929593
108.08,3.5,1784227932263,1784227929634
108.11,-1.5,1784227932296,1784227929662
108.15,4.5,1784227932332,1784227929704
108.18,0.5,1784227932364,1784227929732
108.22,8.5,1784227932397,1784227929773
108.25,2.5,1784227932431,1784227929801
108.28,-1.5,1784227932464,1784227929830
108.32,3.5,1784227932499,1784227929870
108.34,-1.5,1784227932532,1784227929898
108.39,7.5,1784227932565,1784227929940
108.41,1.5,1784227932599,1784227929968
108.46,9.5,1784227932633,1784227930010
108.48,2.5,1784227932667,1784227930037
108.51,-2.5,1784227932700,1784227930065
108.55,5.5,1784227932734,1784227930107
108.58,0.5,1784227932767,1784227930135
108.61,-4.5,1784227932800,1784227930163
108.65,4.5,1784227932833,1784227930205
108.69,10.5,1784227932869,1784227930247
108.72,5.5,1784227932902,1784227930275
108.75,-2.5,1784227932937,1784227930302
108.79,8.5,1784227932968,1784227930344
108.82,1.5,1784227933003,1784227930372
108.86,10.5,1784227933036,1784227930414
108.89,4.5,1784227933069,1784227930441
108.92,-0.5,1784227933103,1784227930470
108.96,5.5,1784227933137,1784227930510
108.99,1.5,1784227933170,1784227930539
109.01,-3.5,1784227933203,1784227930567
109.05,3.5,1784227933237,1784227930608
109.08,-1.5,1784227933271,1784227930637
109.12,5.5,1784227933305,1784227930678
109.15,0.5,1784227933338,1784227930706
109.19,9.5,1784227933372,1784227930749
109.22,2.5,1784227933405,1784227930775
109.25,-2.5,1784227933439,1784227930804
109.29,5.5,1784227933472,1784227930845
109.32,-1.5,1784227933507,1784227930873
109.36,7.5,1784227933539,1784227930914
109.39,2.5,1784227933573,1784227930943
109.42,-2.5,1784227933606,1784227930971
109.46,3.5,1784227933641,1784227931012
109.49,-1.5,1784227933674,1784227931040
109.53,6.5,1784227933708,1784227931082
109.55,1.5,1784227933740,1784227931109
109.58,-4.5,1784227933774,1784227931137
109.63,4.5,1784227933807,1784227931179
109.65,-2.5,1784227933841,1784227931206
109.69,5.5,1784227933875,1784227931248
109.72,-0.5,1784227933909,1784227931276
109.76,7.5,1784227933943,1784227931318
109.79,2.5,1784227933976,1784227931346
109.83,10.5,1784227934010,1784227931388
109.86,4.5,1784227934043,1784227931415
109.89,-2.5,1784227934078,1784227931443
109.93,7.5,1784227934111,1784227931486
109.96,1.5,1784227934145,1784227931514
110.00,7.5,1784227934180,1784227931555
110.03,2.5,1784227934212,1784227931582
110.06,-2.5,1784227934245,1784227931610
110.10,6.5,1784227934279,1784227931653
110.13,0.5,1784227934313,1784227931681
110.17,7.5,1784227934347,1784227931722
110.20,2.5,1784227934379,1784227931749
110.22,-4.5,1784227934414,1784227931777
110.27,4.5,1784227934447,1784227931819
110.29,-0.5,1784227934480,1784227931847
110.33,8.5,1784227934513,1784227931889
110.36,0.5,1784227934549,1784227931917
110.39,-3.5,1784227934581,1784227931945
110.43,4.5,1784227934615,1784227931987
110.46,-0.5,1784227934648,1784227932015
110.50,6.5,1784227934682,1784227932056
110.53,-0.5,1784227934717,1784227932084
110.57,10.5,1784227934749,1784227932127
110.60,3.5,1784227934783,1784227932154
110.63,-3.5,1784227934816,1784227932180
110.67,6.5,1784227934849,1784227932223
110.70,-0.5,1784227934884,1784227932251
110.74,8.5,1784227934917,1784227932293
110.77,2.5,1784227934950,1784227932320
110.80,-2.5,1784227934984,1784227932349
110.84,4.5,1784227935018,1784227932390
110.86,-0.5,1784227935052,1784227932419
110.91,8.5,1784227935085,1784227932461
110.93,0.5,1784227935120,1784227932488
110.96,-2.5,1784227935151,1784227932516
111.00,3.5,1784227935186,1784227932557
111.03,-1.5,1784227935220,1784227932586
111.07,5.5,1784227935253,1784227932626
111.10,0.5,1784227935287,1784227932655
111.13,-4.5,1784227935320,1784227932683
111.17,1.4,1784227935355,1784227932724
111.20,-4.6,1784227935389,1784227932752
111.24,4.4,1784227935422,1784227932794
111.27,0.4,1784227935454,1784227932822
111.31,8.4,1784227935488,1784227932864
111.34,1.4,1784227935523,1784227932892
111.38,10.4,1784227935556,1784227932934
111.41,3.4,1784227935589,1784227932960
111.43,-2.6,1784227935623,1784227932988
111.48,5.4,1784227935657,1784227933030
111.51,0.4,1784227935691,1784227933059
111.55,7.4,1784227935726,1784227933101
111.57,2.4,1784227935758,1784227933128
111.60,-2.6,1784227935792,1784227933157
111.64,6.4,1784227935824,1784227933198
111.67,1.4,1784227935857,1784227933226
111.71,6.4,1784227935895,1784227933269
111.74,0.4,1784227935927,1784227933295
111.77,-3.6,1784227935960,1784227933324
111.81,5.4,1784227935992,1784227933365
111.84,-0.6,1784227936026,1784227933393
111.88,7.4,1784227936060,1784227933435
111.91,1.4,1784227936093,1784227933462
111.95,9.4,1784227936127,1784227933504
111.98,3.4,1784227936161,1784227933532
112.01,-1.6,1784227936194,1784227933560
112.05,6.4,1784227936228,1784227933602
112.08,1.4,1784227936261,1784227933630
112.12,8.4,1784227936295,1784227933671
112.15,2.4,1784227936329,1784227933699
112.17,-2.6,1784227936362,1784227933727
112.21,5.4,1784227936395,1784227933768
112.24,-1.6,1784227936430,1784227933796
112.28,6.4,1784227936464,1784227933838
112.31,0.4,1784227936497,1784227933865
112.35,8.4,1784227936531,1784227933907
112.38,4.4,1784227936564,1784227933936
112.41,-0.6,1784227936597,1784227933964
112.45,7.4,1784227936631,1784227934006
112.48,1.4,1784227936664,1784227934033
112.52,10.4,1784227936698,1784227934076
112.55,3.4,1784227936732,1784227934103
112.58,-1.6,1784227936765,1784227934131
112.62,5.4,1784227936799,1784227934172
112.65,0.4,1784227936832,1784227934200
112.69,8.4,1784227936865,1784227934241
112.72,2.4,1784227936900,1784227934270
112.74,-3.6,1784227936934,1784227934298
112.78,4.4,1784227936967,1784227934339
112.81,0.4,1784227937000,1784227934368
112.86,8.4,1784227937033,1784227934409
112.88,0.4,1784227937069,1784227934437
112.91,-3.6,1784227937101,1784227934465
112.95,3.4,1784227937135,1784227934506
112.98,-0.6,1784227937168,1784227934535
113.02,6.4,1784227937202,1784227934576
113.05,1.4,1784227937235,1784227934604
113.09,8.4,1784227937269,1784227934645
113.12,1.4,1784227937304,1784227934673
113.15,-2.5,1784227937336,1784227934701
113.19,4.5,1784227937371,1784227934743
113.22,0.5,1784227937403,1784227934771
113.26,6.5,1784227937438,1784227934812
113.29,1.5,1784227937471,1784227934840
113.31,-4.5,1784227937506,1784227934869
113.36,3.5,1784227937539,1784227934910
113.38,-0.5,1784227937571,1784227934938
113.43,7.5,1784227937605,1784227934980
113.45,1.5,1784227937639,1784227935008
113.48,-3.5,1784227937672,1784227935036
113.52,4.5,1784227937706,1784227935078
113.55,-2.5,1784227937740,1784227935105
113.59,5.5,1784227937773,1784227935146
113.62,-0.5,1784227937807,1784227935174
113.65,-3.5,1784227937839,1784227935203
113.69,4.5,1784227937872,1784227935244
113.72,-0.5,1784227937906,1784227935273
113.76,5.5,1784227937941,1784227935314
113.79,-0.5,1784227937975,1784227935342
113.83,8.5,1784227938009,1784227935385
113.86,2.5,1784227938041,1784227935411
113.89,-2.5,1784227938075,1784227935440
113.93,3.5,1784227938109,1784227935480
113.95,-2.5,1784227938143,1784227935508
114.00,8.5,1784227938175,1784227935551
114.02,1.5,1784227938209,1784227935578
114.07,7.5,1784227938244,1784227935619
114.09,4.5,1784227938276,1784227935648
114.12,-2.5,1784227938311,1784227935676
114.16,6.5,1784227938343,1784227935717
114.19,-1.5,1784227938379,1784227935745
114.23,8.5,1784227938411,1784227935787
114.26,2.5,1784227938445,1784227935815
114.29,-3.5,1784227938479,1784227935843
114.33,6.5,1784227938512,1784227935886
114.36,-0.5,1784227938546,1784227935913
114.40,7.5,1784227938580,1784227935955
114.43,2.5,1784227938613,1784227935983
114.47,9.5,1784227938647,1784227936024
114.50,3.5,1784227938681,1784227936052
114.53,-2.5,1784227938715,1784227936080
114.57,6.5,1784227938748,1784227936122
114.60,0.5,1784227938780,1784227936148
114.64,7.5,1784227938815,1784227936190
114.66,2.5,1784227938848,1784227936218
114.69,-2.5,1784227938881,1784227936246
114.73,5.5,1784227938915,1784227936288
114.76,0.5,1784227938949,1784227936317
114.80,7.5,1784227938983,1784227936358
114.83,2.5,1784227939016,1784227936386
114.87,10.5,1784227939050,1784227936428
114.90,5.5,1784227939083,1784227936456
114.93,-1.5,1784227939118,1784227936484
114.97,6.5,1784227939152,1784227936526
115.00,0.5,1784227939185,1784227936553
115.04,9.5,1784227939218,1784227936595
115.07,3.5,1784227939251,1784227936622
115.10,-0.5,1784227939284,1784227936651
115.14,5.5,1784227939319,1784227936692
115.17,0.5,1784227939352,1784227936720
115.21,9.5,1784227939386,1784227936763
115.23,1.5,1784227939420,1784227936789
115.26,-4.5,1784227939454,1784227936817
115.30,3.5,1784227939488,1784227936859
115.33,-1.5,1784227939521,1784227936887
115.37,5.5,1784227939555,1784227936928
115.40,0.5,1784227939589,1784227936957
115.43,-3.5,1784227939621,1784227936985
115.47,4.5,1784227939655,1784227937027
115.50,-0.5,1784227939689,1784227937056
115.54,6.5,1784227939722,1784227937096
115.57,0.5,1784227939756,1784227937124
115.61,8.5,1784227939789,1784227937165
115.64,3.5,1784227939823,1784227937194
115.67,-2.5,1784227939855,1784227937220
115.71,7.5,1784227939888,1784227937263
115.74,-0.5,1784227939923,1784227937290
115.78,8.5,1784227939956,1784227937332
115.81,1.5,1784227939991,1784227937360
115.83,-3.5,1784227940025,1784227937389
115.88,3.5,1784227940059,1784227937430
115.90,-0.5,1784227940091,1784227937458
115.95,7.5,1784227940124,1784227937499
115.97,2.5,1784227940158,1784227937528
116.00,-3.5,1784227940191,1784227937555
116.04,4.5,1784227940225,1784227937597
116.07,-1.5,1784227940258,1784227937624
116.11,6.5,1784227940293,1784227937667
116.14,1.5,1784227940326,1784227937695
116.17,-4.5,1784227940359,1784227937722
116.21,1.5,1784227940395,1784227937764
116.24,-2.5,1784227940427,1784227937792
116.28,5.5,1784227940461,1784227937834
116.31,-0.5,1784227940495,1784227937862
116.35,7.5,1784227940529,1784227937904
116.38,0.5,1784227940563,1784227937931
116.42,9.5,1784227940596,1784227937973
116.45,4.5,1784227940630,1784227938002
116.47,-2.5,1784227940664,1784227938029
116.52,7.5,1784227940696,1784227938071
116.54,-0.5,1784227940731,1784227938098
116.59,7.5,1784227940765,1784227938140
116.61,4.5,1784227940796,1784227938168
116.64,-3.5,1784227940831,1784227938195
116.68,7.5,1784227940863,1784227938238
116.71,0.5,1784227940897,1784227938265
116.75,8.5,1784227940931,1784227938307
116.78,3.5,1784227940965,1784227938336
116.81,-2.5,1784227940998,1784227938363
116.85,6.5,1784227941031,1784227938405
116.88,-0.5,1784227941065,1784227938432
116.92,7.5,1784227941099,1784227938474
116.95,1.5,1784227941133,1784227938502
116.99,9.5,1784227941166,1784227938543
117.02,4.5,1784227941200,1784227938572
117.05,-1.5,1784227941233,1784227938599
117.09,6.5,1784227941267,1784227938641
117.12,0.5,1784227941301,1784227938669
117.16,9.5,1784227941334,1784227938711
117.18,1.5,1784227941369,1784227938738
117.23,9.5,1784227941404,1784227938781
117.25,5.5,1784227941435,1784227938808
117.28,-0.5,1784227941469,1784227938836
117.32,8.5,1784227941502,1784227938878
117.35,0.5,1784227941537,1784227938905
117.39,10.5,1784227941570,1784227938948
117.42,4.5,1784227941604,1784227938976
117.45,-0.5,1784227941637,1784227939004
117.49,6.5,1784227941671,1784227939045
117.52,0.5,1784227941704,1784227939072
117.55,-3.5,1784227941738,1784227939102
117.59,3.5,1784227941771,1784227939142
117.62,-2.5,1784227941805,1784227939170
117.66,6.5,1784227941838,1784227939212
117.69,-0.5,1784227941872,1784227939239
117.71,-4.5,1784227941905,1784227939268
117.75,2.5,1784227941939,1784227939309
117.78,-3.5,1784227941973,1784227939337
117.82,5.5,1784227942006,1784227939379
117.85,-0.5,1784227942040,1784227939407
117.89,8.5,1784227942073,1784227939449
117.92,1.5,1784227942107,1784227939476
117.95,-4.5,1784227942141,1784227939504
117.99,5.5,1784227942174,1784227939547
118.02,-1.5,1784227942208,1784227939574
118.06,5.5,1784227942243,1784227939616
118.09,0.5,1784227942276,1784227939644
118.13,6.5,1784227942310,1784227939684
118.16,2.5,1784227942343,1784227939713
118.19,-4.5,1784227942377,1784227939740
118.23,4.5,1784227942411,1784227939783
118.26,0.5,1784227942442,1784227939810
118.30,7.5,1784227942477,1784227939852
118.33,2.5,1784227942510,1784227939880
118.35,-2.5,1784227942543,1784227939908
118.40,4.5,1784227942578,1784227939950
118.42,-0.5,1784227942611,1784227939978
118.47,7.5,1784227942645,1784227940020
118.49,1.5,1784227942678,1784227940047
118.52,-3.5,1784227942712,1784227940076
118.56,2.5,1784227942746,1784227940116
118.59,-2.5,1784227942779,1784227940144
118.63,6.5,1784227942813,1784227940187
118.66,1.5,1784227942846,1784227940215
118.69,-4.5,1784227942879,1784227940242
118.73,5.5,1784227942912,1784227940285
118.76,-3.5,1784227942948,1784227940312
118.80,7.5,1784227942979,1784227940354
118.83,0.5,1784227943013,1784227940381
118.87,7.5,1784227943048,1784227940423
118.90,1.5,1784227943082,1784227940451
118.94,9.5,1784227943116,1784227940493
118.97,4.5,1784227943148,1784227940520
119.00,-0.5,1784227943182,1784227940549
119.04,6.5,1784227943215,1784227940589
119.06,1.5,1784227943249,1784227940618
119.09,-4.5,1784227943282,1784227940645
119.13,3.5,1784227943317,1784227940688
119.16,-2.4,1784227943351,1784227940716
119.20,5.6,1784227943385,1784227940758
119.23,-0.4,1784227943419,1784227940786
119.27,6.6,1784227943453,1784227940827
119.30,1.6,1784227943485,1784227940854
119.33,-4.4,1784227943519,1784227940882
119.37,4.6,1784227943552,1784227940924
119.40,0.6,1784227943585,1784227940953
119.44,6.6,1784227943620,1784227940994
119.47,0.6,1784227943653,1784227941021
119.51,9.6,1784227943686,1784227941063
119.54,3.6,1784227943720,1784227941091
119.57,-1.4,1784227943753,1784227941119
119.61,6.6,1784227943787,1784227941161
119.63,0.6,1784227943821,1784227941189
119.68,9.6,1784227943854,1784227941231
119.70,3.6,1784227943888,1784227941259
119.73,-2.4,1784227943921,1784227941286
119.77,5.6,1784227943955,1784227941328
119.80,-1.4,1784227943989,1784227941355
119.84,8.6,1784227944022,1784227941398
119.87,3.6,1784227944055,1784227941426
119.90,-2.4,1784227944089,1784227941454
119.94,3.6,1784227944123,1784227941494
119.97,-0.4,1784227944156,1784227941523
120.01,9.6,1784227944189,1784227941566
120.04,1.6,1784227944224,1784227941593
120.08,8.6,1784227944258,1784227941634
120.11,2.6,1784227944291,1784227941661
120.15,9.6,1784227944327,1784227941704
120.18,6.6,1784227944358,1784227941732
120.20,-1.4,1784227944393,1784227941759
120.25,7.6,1784227944426,1784227941801
120.27,1.6,1784227944459,1784227941828
120.30,-3.4,1784227944494,1784227941858
120.34,3.6,1784227944527,1784227941898
120.37,-1.4,1784227944560,1784227941926
120.41,7.6,1784227944593,1784227941968
120.44,1.6,1784227944627,1784227941996
120.48,8.6,1784227944662,1784227942038
120.51,3.6,1784227944694,1784227942065
120.54,-3.4,1784227944728,1784227942092
120.58,4.6,1784227944762,1784227942134
120.61,0.6,1784227944795,1784227942163
120.65,8.6,1784227944829,1784227942205
120.68,1.6,1784227944863,1784227942232
120.71,-4.4,1784227944896,1784227942259
120.75,7.6,1784227944928,1784227942303
120.78,-2.4,1784227944964,1784227942329
120.82,7.6,1784227944997,1784227942372
120.84,2.6,1784227945029,1784227942399
120.89,9.6,1784227945064,1784227942441
120.92,3.6,1784227945098,1784227942469
120.94,-1.4,1784227945131,1784227942497
120.98,6.6,1784227945164,1784227942538
121.01,1.6,1784227945198,1784227942567
121.05,8.6,1784227945232,1784227942608
121.08,2.6,1784227945266,1784227942636
121.11,-2.4,1784227945299,1784227942664
121.15,4.6,1784227945333,1784227942705
121.18,0.7,1784227945365,1784227942733
121.22,8.7,1784227945399,1784227942775
121.25,1.7,1784227945434,1784227942803
121.28,-4.3,1784227945467,1784227942830
121.32,3.7,1784227945500,1784227942871
121.35,0.7,1784227945533,1784227942901
121.39,6.7,1784227945568,1784227942942
121.42,0.7,1784227945602,1784227942970
121.44,-3.3,1784227945635,1784227942999
121.48,2.7,1784227945669,1784227943039
121.51,-2.3,1784227945702,1784227943067
121.56,6.7,1784227945735,1784227943109
121.58,1.7,1784227945769,1784227943138
121.62,6.7,1784227945804,1784227943178
121.65,-0.3,1784227945839,1784227943206
121.68,-2.3,1784227945870,1784227943235
121.72,4.7,1784227945904,1784227943276
121.75,1.7,1784227945936,1784227943305
121.79,7.7,1784227945971,1784227943346
121.82,-0.3,1784227946006,1784227943373
121.86,9.7,1784227946039,1784227943416
121.89,3.7,1784227946072,1784227943443
121.92,-2.3,1784227946106,1784227943471
121.96,5.7,1784227946140,1784227943513
121.99,-0.3,1784227946173,1784227943540
122.03,7.7,1784227946207,1784227943582
122.06,1.7,1784227946241,1784227943610
122.08,-3.3,1784227946274,1784227943638
122.13,5.7,1784227946307,1784227943680
122.15,-2.3,1784227946342,1784227943707
122.20,7.7,1784227946374,1784227943749
122.22,2.7,1784227946408,1784227943778
122.27,9.7,1784227946442,1784227943819
122.29,3.7,1784227946476,1784227943847
122.32,-1.3,1784227946509,1784227943875
122.36,7.7,1784227946543,1784227943918
122.39,0.7,1784227946576,1784227943944
122.43,9.7,1784227946609,1784227943986
122.46,3.7,1784227946643,1784227944014
122.49,-2.3,1784227946677,1784227944042
122.53,5.7,1784227946711,1784227944084
122.56,0.7,1784227946743,1784227944111
122.60,8.7,1784227946778,1784227944154
122.63,2.7,1784227946810,1784227944180
122.66,-1.3,1784227946843,1784227944209
122.70,5.7,1784227946878,1784227944251
122.72,-0.3,1784227946911,1784227944278
122.77,8.7,1784227946944,1784227944320
122.79,2.7,1784227946978,1784227944348
122.82,-2.3,1784227947012,1784227944377
122.86,5.7,1784227947045,1784227944418
122.89,-1.3,1784227947079,1784227944445
122.93,7.7,1784227947113,1784227944488
122.96,1.7,1784227947146,1784227944515
122.99,-4.3,1784227947180,1784227944543
123.03,4.7,1784227947213,1784227944585
123.06,-2.3,1784227947248,1784227944613
123.10,5.7,1784227947281,1784227944654
123.13,0.7,1784227947314,1784227944682
123.17,6.6,1784227947351,1784227944725
123.20,3.6,1784227947381,1784227944752
123.23,-4.4,1784227947416,1784227944779
123.27,4.6,1784227947449,1784227944821
123.30,1.6,1784227947482,1784227944851
123.34,9.6,1784227947515,1784227944892
123.36,2.6,1784227947549,1784227944919
123.41,9.6,1784227947583,1784227944960
123.43,3.6,1784227947617,1784227944988
123.46,-1.4,1784227947651,1784227945017
123.50,6.6,1784227947685,1784227945059
123.53,0.6,1784227947718,1784227945086
123.56,-4.4,1784227947750,1784227945113
123.60,3.6,1784227947784,1784227945155
123.63,-2.4,1784227947819,1784227945184
123.67,5.6,1784227947853,1784227945226
123.70,-0.4,1784227947886,1784227945253
123.74,8.6,1784227947919,1784227945295
123.77,2.6,1784227947953,1784227945323
123.80,-3.4,1784227947987,1784227945351
123.84,4.6,1784227948020,1784227945392
123.87,-1.4,1784227948054,1784227945420
123.91,7.6,1784227948087,1784227945462
123.94,2.6,1784227948120,1784227945490
123.96,-4.4,1784227948154,1784227945517
124.01,3.6,1784227948188,1784227945559
124.03,-1.4,1784227948221,1784227945587
124.07,4.6,1784227948256,1784227945628
124.10,0.6,1784227948289,1784227945657
124.14,8.6,1784227948322,1784227945698
124.17,3.6,1784227948356,1784227945727
124.20,-2.4,1784227948390,1784227945755
124.24,4.6,1784227948424,1784227945796
124.27,0.6,1784227948457,1784227945825
124.31,8.6,1784227948491,1784227945867
124.34,-0.4,1784227948526,1784227945893
124.38,9.6,1784227948559,1784227945936
124.41,3.6,1784227948592,1784227945963
124.44,-1.4,1784227948626,1784227945992
124.48,6.6,1784227948660,1784227946034
124.51,-0.4,1784227948693,1784227946060
124.55,6.6,1784227948728,1784227946102
124.58,2.6,1784227948760,1784227946130
124.60,-3.4,1784227948793,1784227946157
124.65,6.6,1784227948827,1784227946201
124.67,-1.4,1784227948861,1784227946227
124.72,8.6,1784227948894,1784227946270
124.74,3.6,1784227948927,1784227946298
124.77,-3.4,1784227948960,1784227946324
124.81,5.6,1784227948994,1784227946367
124.84,-1.4,1784227949028,1784227946394
124.88,8.6,1784227949062,1784227946438
124.91,2.6,1784227949095,1784227946465
124.94,-4.4,1784227949129,1784227946492
124.98,3.6,1784227949163,1784227946534
125.01,-1.4,1784227949196,1784227946562
125.05,7.6,1784227949229,1784227946604
125.08,0.6,1784227949264,1784227946632
125.12,10.6,1784227949296,1784227946674
125.15,2.6,1784227949330,1784227946700
125.17,-2.4,1784227949364,1784227946729
125.22,3.6,1784227949399,1784227946770
125.24,-1.4,1784227949432,1784227946798
125.29,6.6,1784227949465,1784227946839
125.31,0.6,1784227949500,1784227946868
125.34,-4.4,1784227949533,1784227946896
125.38,2.6,1784227949567,1784227946937
125.41,-3.4,1784227949601,1784227946965
125.45,7.6,1784227949633,1784227947008
125.48,2.6,1784227949666,1784227947036
125.51,-4.4,1784227949700,1784227947063
125.55,3.6,1784227949734,1784227947105
125.58,-2.4,1784227949767,1784227947132
125.62,6.6,1784227949801,1784227947175
125.65,-0.4,1784227949835,1784227947202
125.68,-4.4,1784227949867,1784227947230
125.72,3.6,1784227949901,1784227947272
125.75,-1.4,1784227949934,1784227947300
125.79,4.6,1784227949968,1784227947340
125.82,-1.4,1784227950003,1784227947369
125.86,7.6,1784227950036,1784227947411
125.88,0.6,1784227950070,1784227947438
125.91,-3.4,1784227950103,1784227947467
125.95,2.6,1784227950138,1784227947508
125.98,-2.4,1784227950171,1784227947536
126.02,6.6,1784227950204,1784227947578
126.05,0.6,1784227950238,1784227947606
126.08,-3.4,1784227950270,1784227947634
126.12,4.6,1784227950304,1784227947676
126.15,-1.4,1784227950338,1784227947704
126.19,5.6,1784227950372,1784227947745
126.22,-0.4,1784227950406,1784227947773
126.26,8.6,1784227950439,1784227947815
126.29,2.6,1784227950473,1784227947843
126.32,-4.4,1784227950507,1784227947870
126.36,4.6,1784227950540,1784227947912
126.39,-1.4,1784227950574,1784227947940
126.43,4.6,1784227950610,1784227947982
126.46,0.6,1784227950642,1784227948010
126.50,9.6,1784227950675,1784227948052
126.52,2.6,1784227950709,1784227948079
126.55,-2.4,1784227950743,1784227948108
126.59,3.6,1784227950777,1784227948148
126.62,-1.4,1784227950810,1784227948176
126.66,8.6,1784227950843,1784227948219
126.69,2.6,1784227950876,1784227948246
126.73,9.6,1784227950911,1784227948288
126.76,5.6,1784227950943,1784227948316
126.79,0.6,1784227950976,1784227948344
126.83,7.6,1784227951010,1784227948385
126.86,1.6,1784227951044,1784227948413
126.89,-5.4,1784227951078,1784227948440
126.93,3.6,1784227951111,1784227948482
126.96,0.6,1784227951144,1784227948512
127.00,6.6,1784227951179,1784227948553
127.03,-0.4,1784227951212,1784227948579
127.07,9.6,1784227951245,1784227948622
127.10,3.6,1784227951279,1784227948650
127.12,-2.4,1784227951313,1784227948678
127.17,5.6,1784227951347,1784227948720
127.19,0.7,1784227951380,1784227948748
127.23,7.7,1784227951414,1784227948789
127.26,2.7,1784227951447,1784227948817
127.29,-3.3,1784227951481,1784227948845
127.33,4.7,1784227951515,1784227948887
127.36,-1.3,1784227951548,1784227948914
127.40,5.7,1784227951583,1784227948956
127.43,0.7,1784227951616,1784227948984
127.47,9.7,1784227951649,1784227949026
127.50,1.7,1784227951684,1784227949053
127.53,-1.3,1784227951716,1784227949082
127.57,5.7,1784227951750,1784227949123
127.60,0.7,1784227951784,1784227949152
127.64,6.7,1784227951819,1784227949193
127.67,2.7,1784227951851,1784227949221
127.69,-3.3,1784227951884,1784227949248
127.74,4.7,1784227951918,1784227949290
127.76,0.7,1784227951951,1784227949319
127.81,7.7,1784227951984,1784227949359
127.83,1.7,1784227952019,1784227949388
127.86,-2.3,1784227952051,1784227949416
127.90,4.7,1784227952085,1784227949457
127.93,-0.3,1784227952119,1784227949486
127.97,6.7,1784227952153,1784227949527
128.00,0.7,1784227952187,1784227949555
128.03,-4.3,1784227952220,1784227949583
128.07,3.7,1784227952253,1784227949624
128.10,-1.3,1784227952287,1784227949653
128.14,7.7,1784227952320,1784227949695
128.17,-1.3,1784227952355,1784227949721
128.21,8.7,1784227952388,1784227949764
128.24,2.7,1784227952422,1784227949792
128.27,-3.3,1784227952455,1784227949819
128.31,2.7,1784227952490,1784227949860
128.33,-1.3,1784227952523,1784227949889
128.38,6.7,1784227952556,1784227949930
128.40,0.7,1784227952590,1784227949958
128.45,7.7,1784227952625,1784227950000
128.47,2.7,1784227952657,1784227950027
128.50,-2.3,1784227952691,1784227950056
128.54,5.7,1784227952725,1784227950098
128.57,-0.3,1784227952759,1784227950126
128.61,8.7,1784227952791,1784227950167
128.64,1.7,1784227952826,1784227950195
128.67,-3.3,1784227952859,1784227950223
128.71,4.7,1784227952893,1784227950265
128.74,-1.3,1784227952927,1784227950293
128.77,-4.3,1784227952958,1784227950321
128.81,2.7,1784227952992,1784227950362
128.84,-3.3,1784227953026,1784227950390
128.88,5.7,1784227953059,1784227950432
128.91,-1.3,1784227953093,1784227950459
128.95,8.7,1784227953126,1784227950502
128.98,2.7,1784227953160,1784227950530
129.02,9.7,1784227953194,1784227950571
129.04,3.7,1784227953227,1784227950598
129.07,-2.3,1784227953261,1784227950626
129.11,6.7,1784227953295,1784227950669
129.14,0.7,1784227953328,1784227950696
129.17,-4.3,1784227953362,1784227950725
129.21,2.7,1784227953396,1784227950766
129.24,-3.3,1784227953431,1784227950795
129.28,4.7,1784227953464,1784227950836
129.31,-0.3,1784227953497,1784227950864
129.35,5.7,1784227953531,1784227950904
129.38,2.7,1784227953564,1784227950934
129.42,9.7,1784227953599,1784227950976
129.45,2.7,1784227953633,1784227951003
129.48,-2.3,1784227953665,1784227951030
129.52,4.7,1784227953699,1784227951071
129.55,-0.3,1784227953733,1784227951100
129.59,6.7,1784227953767,1784227951141
129.62,3.7,1784227953799,1784227951170
129.64,-2.3,1784227953833,1784227951198
129.68,2.7,1784227953868,1784227951238
129.71,0.7,1784227953899,1784227951267
129.75,6.7,1784227953934,1784227951308
129.80,15.7,1784227953967,1784227951350
129.82,7.7,1784227954003,1784227951378
129.85,3.7,1784227954034,1784227951405
129.88,1.7,1784227954066,1784227951435
129.92,5.7,1784227954102,1784227951475
129.95,1.7,1784227954135,1784227951504
129.99,8.7,1784227954169,1784227951545
130.02,2.7,1784227954202,1784227951572
130.05,-3.3,1784227954237,1784227951601
130.09,4.7,1784227954270,1784227951642
130.12,-0.3,1784227954303,1784227951670
130.16,6.7,1784227954338,1784227951712
130.19,2.7,1784227954370,1784227951740
130.21,-2.3,1784227954403,1784227951768
130.26,4.7,1784227954437,1784227951809
130.28,-1.3,1784227954471,1784227951837
130.32,7.7,1784227954504,1784227951879
130.35,1.7,1784227954538,1784227951907
130.38,-4.3,1784227954572,1784227951935
130.42,0.7,1784227954608,1784227951976
130.45,-2.3,1784227954640,1784227952005
130.49,6.7,1784227954672,1784227952046
130.52,1.7,1784227954706,1784227952075
130.56,7.7,1784227954741,1784227952116
130.59,1.7,1784227954775,1784227952144
130.62,-4.3,1784227954808,1784227952171
130.66,4.7,1784227954842,1784227952214
130.69,-0.3,1784227954874,1784227952241
130.73,6.7,1784227954908,1784227952282
130.76,-1.3,1784227954944,1784227952310
130.78,-3.3,1784227954974,1784227952338
130.83,3.7,1784227955009,1784227952380
130.85,-1.3,1784227955042,1784227952408
130.90,7.7,1784227955075,1784227952450
130.92,0.7,1784227955109,1784227952477
130.95,-4.3,1784227955143,1784227952506
130.99,3.7,1784227955176,1784227952547
131.02,-1.3,1784227955209,1784227952575
131.06,5.7,1784227955244,1784227952617
131.09,0.7,1784227955277,1784227952645
131.13,9.7,1784227955310,1784227952687
131.16,1.7,1784227955345,1784227952714
131.19,-2.3,1784227955378,1784227952743
131.23,4.7,1784227955412,1784227952784
131.26,0.7,1784227955445,1784227952813
131.30,7.7,1784227955479,1784227952854
131.33,1.7,1784227955513,1784227952882
131.37,8.7,1784227955547,1784227952923
131.40,2.7,1784227955582,1784227952952
131.42,-3.3,1784227955614,1784227952978
131.47,5.7,1784227955648,1784227953021
131.49,-0.3,1784227955681,1784227953048
131.54,7.7,1784227955715,1784227953090
131.56,3.7,1784227955748,1784227953119
131.59,-3.3,1784227955782,1784227953146
131.63,4.7,1784227955816,1784227953188
131.66,0.7,1784227955848,1784227953216
131.70,8.7,1784227955881,1784227953257
131.73,3.7,1784227955915,1784227953286
131.76,-3.3,1784227955949,1784227953313
131.80,4.7,1784227955983,1784227953355
131.83,-1.3,1784227956017,1784227953383
131.87,7.7,1784227956050,1784227953425
131.90,2.7,1784227956083,1784227953453
131.94,9.7,1784227956118,1784227953495
131.97,2.7,1784227956151,1784227953521
132.01,10.7,1784227956186,1784227953564
132.04,6.7,1784227956219,1784227953593
132.07,-0.3,1784227956252,1784227953619
132.11,9.7,1784227956285,1784227953662
132.13,1.7,1784227956319,1784227953688
132.16,-3.3,1784227956353,1784227953717
132.20,5.7,1784227956386,1784227953759
132.23,-0.3,1784227956420,1784227953787
132.27,7.7,1784227956453,1784227953828
132.30,1.7,1784227956487,1784227953856
132.33,-5.3,1784227956522,1784227953884
132.37,4.7,1784227956554,1784227953926
132.40,-1.3,1784227956588,1784227953954
132.44,6.7,1784227956622,1784227953996
132.47,-0.3,1784227956656,1784227954023
132.51,7.7,1784227956689,1784227954064
132.54,3.7,1784227956722,1784227954093
132.57,-4.3,1784227956757,1784227954120
132.61,4.7,1784227956790,1784227954162
132.64,-1.3,1784227956824,1784227954190
132.68,6.7,1784227956858,1784227954232
132.71,3.7,1784227956889,1784227954260
132.73,-3.3,1784227956924,1784227954288
132.77,2.7,1784227956959,1784227954329
132.80,-1.3,1784227956990,1784227954356
132.85,8.7,1784227957023,1784227954399
132.87,1.7,1784227957058,1784227954427
132.91,9.7,1784227957091,1784227954468
132.94,2.7,1784227957125,1784227954495
132.97,-1.3,1784227957158,1784227954524
133.01,7.7,1784227957192,1784227954567
133.04,0.7,1784227957226,1784227954594
133.08,9.7,1784227957259,1784227954636
133.11,2.7,1784227957293,1784227954663
133.14,-1.3,1784227957325,1784227954691
133.18,4.7,1784227957360,1784227954732
133.21,-0.2,1784227957393,1784227954760
133.25,7.8,1784227957427,1784227954802
133.28,2.8,1784227957461,1784227954831
133.30,-4.2,1784227957495,1784227954858
133.35,3.8,1784227957529,1784227954900
133.37,-1.2,1784227957562,1784227954928
133.42,5.8,1784227957596,1784227954969
133.44,1.8,1784227957629,1784227954998
133.48,7.8,1784227957664,1784227955039
133.51,1.8,1784227957698,1784227955067
133.54,-4.2,1784227957732,1784227955095
133.58,5.8,1784227957764,1784227955137
133.61,-0.2,1784227957798,1784227955165
133.65,7.8,1784227957831,1784227955206
133.68,1.8,1784227957865,1784227955234
133.71,-3.2,1784227957898,1784227955262
133.75,5.8,1784227957931,1784227955304
133.78,-1.2,1784227957965,1784227955331
133.82,9.8,1784227957997,1784227955374
133.85,1.8,1784227958032,1784227955401
133.88,-4.2,1784227958066,1784227955429
133.92,3.8,1784227958100,1784227955471
133.94,-3.2,1784227958134,1784227955498
133.99,7.8,1784227958165,1784227955540
134.01,0.8,1784227958200,1784227955568
134.04,-4.2,1784227958234,1784227955597
134.08,2.8,1784227958268,1784227955638
134.11,-2.2,1784227958301,1784227955666
134.15,4.8,1784227958335,1784227955707
134.18,-0.2,1784227958369,1784227955736
134.22,5.8,1784227958404,1784227955777
134.25,1.8,1784227958435,1784227955804
134.28,-3.2,1784227958469,1784227955833
134.32,3.8,1784227958503,1784227955874
134.35,-1.2,1784227958537,1784227955903
134.39,5.8,1784227958572,1784227955945
134.42,-1.2,1784227958606,1784227955972
134.45,-4.2,1784227958637,1784227956000
134.49,3.8,1784227958671,1784227956042
134.52,-2.2,1784227958705,1784227956070
134.56,5.8,1784227958739,1784227956112
134.59,0.8,1784227958772,1784227956140
134.63,7.8,1784227958805,1784227956180
134.66,1.8,1784227958840,1784227956209
134.68,-3.2,1784227958873,1784227956237
134.72,3.8,1784227958907,1784227956278
134.75,-0.2,1784227958940,1784227956307
134.79,8.8,1784227958972,1784227956348
134.82,3.8,1784227959006,1784227956377
134.85,-5.2,1784227959041,1784227956403
134.89,4.8,1784227959073,1784227956445
134.92,-0.2,1784227959107,1784227956474
134.96,8.8,1784227959140,1784227956516
134.99,0.8,1784227959175,1784227956543
135.02,-4.2,1784227959208,1784227956571
135.06,3.8,1784227959242,1784227956613
135.09,-1.2,1784227959275,1784227956641
135.13,7.8,1784227959308,1784227956683
135.16,-0.2,1784227959343,1784227956710
135.20,7.8,1784227959377,1784227956752
135.23,3.9,1784227959409,1784227956780
135.25,-2.1,1784227959443,1784227956808
135.30,6.9,1784227959476,1784227956850
135.32,-0.1,1784227959510,1784227956877
135.36,6.9,1784227959545,1784227956919
135.39,0.9,1784227959579,1784227956947
135.42,-4.1,1784227959611,1784227956974
135.46,2.9,1784227959646,1784227957016
135.49,-2.1,1784227959679,1784227957044
135.53,5.9,1784227959713,1784227957086
135.56,0.9,1784227959746,1784227957114
135.60,8.9,1784227959780,1784227957156
135.63,3.9,1784227959813,1784227957184
135.66,-3.1,1784227959847,1784227957211
135.70,5.9,1784227959880,1784227957253
135.73,-0.1,1784227959914,1784227957281
135.77,7.9,1784227959947,1784227957322
135.80,0.9,1784227959982,1784227957350
135.82,-3.1,1784227960014,1784227957378
135.87,4.9,1784227960047,1784227957419
135.89,-2.1,1784227960082,1784227957447
135.94,6.9,1784227960116,1784227957490
135.96,-0.1,1784227960150,1784227957517
135.99,-4.1,1784227960183,1784227957546
136.03,3.9,1784227960216,1784227957587
136.06,-1.1,1784227960249,1784227957615
136.10,6.9,1784227960283,1784227957657
136.13,1.9,1784227960316,1784227957685
136.17,8.9,1784227960351,1784227957727
136.20,3.9,1784227960384,1784227957755
136.23,-3.1,1784227960418,1784227957782
136.27,5.9,1784227960452,1784227957825
136.30,-0.1,1784227960485,1784227957852
136.34,6.9,1784227960520,1784227957894
136.37,-0.1,1784227960554,1784227957921
136.41,9.9,1784227960586,1784227957963
136.44,4.9,1784227960620,1784227957992
136.47,-1.1,1784227960653,1784227958019
136.51,5.9,1784227960687,1784227958060
136.53,0.9,1784227960720,1784227958088
136.56,-3.1,1784227960753,1784227958117
136.60,4.9,1784227960786,1784227958158
136.63,-1.1,1784227960821,1784227958187
136.67,4.9,1784227960855,1784227958227
136.70,-0.1,1784227960888,1784227958255
136.74,7.9,1784227960922,1784227958297
136.77,2.9,1784227960955,1784227958325
136.80,-3.1,1784227960989,1784227958353
136.84,5.9,1784227961022,1784227958395
136.87,-0.1,1784227961056,1784227958423
136.91,8.9,1784227961090,1784227958466
136.94,-0.1,1784227961124,1784227958491
136.98,9.9,1784227961157,1784227958534
137.01,3.9,1784227961190,1784227958561
137.04,-4.1,1784227961226,1784227958589
137.08,5.9,1784227961259,1784227958632
137.11,1.9,1784227961291,1784227958660
137.15,7.9,1784227961326,1784227958701
137.17,2.9,1784227961359,1784227958729
137.20,-3.1,1784227961393,1784227958757
137.24,2.9,1784227961428,1784227958798
137.27,0.9,1784227961459,1784227958827
137.31,7.9,1784227961493,1784227958868
137.34,2.9,1784227961527,1784227958897
137.38,8.9,1784227961561,1784227958937
137.41,3.9,1784227961594,1784227958965
137.44,-1.1,1784227961628,1784227958994
137.48,6.9,1784227961661,1784227959035
137.51,0.9,1784227961695,1784227959063
137.54,-4.1,1784227961728,1784227959091
137.58,3.9,1784227961761,1784227959132
137.61,-3.1,1784227961795,1784227959159
137.65,6.9,1784227961829,1784227959203
137.68,0.9,1784227961862,1784227959230
137.72,7.9,1784227961896,1784227959271
137.75,1.9,1784227961930,1784227959299
137.77,-4.1,1784227961964,1784227959327
137.82,4.9,1784227961997,1784227959369
137.84,0.9,1784227962030,1784227959398
137.88,6.9,1784227962064,1784227959438
137.91,0.9,1784227962099,1784227959467
137.94,-3.1,1784227962130,1784227959494
137.98,4.9,1784227962165,1784227959537
138.01,-2.1,1784227962199,1784227959564
138.05,5.9,1784227962232,1784227959605
138.08,1.9,1784227962265,1784227959634
138.11,-4.1,1784227962299,1784227959662
138.15,2.9,1784227962333,1784227959703
138.18,-2.1,1784227962366,1784227959731
138.22,4.9,1784227962401,1784227959773
138.25,-0.1,1784227962434,1784227959801
138.29,8.9,1784227962467,1784227959843
138.32,1.9,1784227962501,1784227959870
138.34,-3.1,1784227962534,1784227959898
138.39,3.9,1784227962569,1784227959940
138.41,-0.1,1784227962602,1784227959969
138.46,6.9,1784227962636,1784227960010
138.48,-0.1,1784227962670,1784227960037
138.53,9.9,1784227962704,1784227960081
138.55,5.9,1784227962735,1784227960108
138.58,-1.1,1784227962769,1784227960135
138.62,7.9,1784227962803,1784227960178
138.65,0.9,1784227962837,1784227960205
138.68,-5.1,1784227962870,1784227960232
138.72,4.9,1784227962903,1784227960275
138.75,-2.1,1784227962938,1784227960303
138.79,5.9,1784227962971,1784227960344
138.82,-1.1,1784227963005,1784227960371
138.85,-5.1,1784227963038,1784227960400
138.89,3.9,1784227963071,1784227960442
138.91,-4.1,1784227963105,1784227960468
138.96,4.9,1784227963139,1784227960511
138.99,-1.1,1784227963173,1784227960539
139.03,7.9,1784227963206,1784227960581
139.05,1.9,1784227963240,1784227960609
139.10,8.9,1784227963274,1784227960650
139.12,3.9,1784227963307,1784227960678
139.15,-1.1,1784227963341,1784227960707
139.19,3.9,1784227963377,1784227960748
139.22,0.0,1784227963408,1784227960775
139.26,7.0,1784227963443,1784227960817
139.29,4.0,1784227963475,1784227960846
139.32,-3.0,1784227963509,1784227960873
139.36,5.0,1784227963543,1784227960915
139.39,1.0,1784227963576,1784227960944
139.43,9.0,1784227963610,1784227960986
139.46,1.0,1784227963644,1784227961012
139.50,9.0,1784227963678,1784227961054
139.53,4.0,1784227963711,1784227961082
139.56,-2.0,1784227963745,1784227961110
139.60,7.0,1784227963778,1784227961152
139.63,2.0,1784227963811,1784227961180
139.67,7.0,1784227963847,1784227961221
139.70,5.0,1784227963878,1784227961250
139.72,-2.0,1784227963912,1784227961277
139.76,6.0,1784227963946,1784227961319
139.79,1.0,1784227963979,1784227961347
139.83,6.0,1784227964014,1784227961387
139.86,3.0,1784227964047,1784227961417
139.89,-3.0,1784227964080,1784227961444
139.93,5.0,1784227964114,1784227961486
139.96,0.0,1784227964147,1784227961514
140.00,7.0,1784227964181,1784227961555
140.03,1.0,1784227964215,1784227961583
140.07,9.0,1784227964249,1784227961625
140.10,4.0,1784227964282,1784227961653
140.13,-1.0,1784227964315,1784227961681
140.17,7.0,1784227964348,1784227961722
140.20,2.0,1784227964382,1784227961751
140.22,-4.0,1784227964415,1784227961778
140.27,3.0,1784227964449,1784227961819
140.29,-1.0,1784227964482,1784227961848
140.34,6.0,1784227964517,1784227961890
140.36,-1.0,1784227964551,1784227961917
140.41,8.0,1784227964584,1784227961959
140.43,3.0,1784227964617,1784227961987
140.46,-3.0,1784227964651,1784227962015
140.50,6.0,1784227964685,1784227962058
140.53,-2.0,1784227964719,1784227962084
140.57,8.0,1784227964752,1784227962127
140.60,2.0,1784227964786,1784227962155
140.63,-5.0,1784227964820,1784227962182
140.67,4.0,1784227964853,1784227962224
140.70,0.0,1784227964886,1784227962253
140.74,5.0,1784227964922,1784227962294
140.77,1.0,1784227964953,1784227962321
140.81,9.0,1784227964987,1784227962363
140.84,1.0,1784227965022,1784227962390
140.87,-2.0,1784227965054,1784227962419
140.91,6.0,1784227965087,1784227962460
140.93,1.0,1784227965120,1784227962488
140.96,-5.0,1784227965155,1784227962517
141.00,3.0,1784227965188,1784227962558
141.03,-2.0,1784227965222,1784227962587
141.07,4.0,1784227965256,1784227962627
141.10,1.0,1784227965288,1784227962656
141.14,7.0,1784227965323,1784227962697
141.17,2.0,1784227965357,1784227962726
141.20,-3.0,1784227965390,1784227962754
141.24,4.1,1784227965424,1784227962795
141.27,-0.9,1784227965457,1784227962823
141.31,7.1,1784227965491,1784227962865
141.34,1.1,1784227965525,1784227962893
141.38,9.1,1784227965558,1784227962934
141.41,3.1,1784227965592,1784227962962
141.44,-2.9,1784227965625,1784227962989
141.48,7.1,1784227965658,1784227963032
141.51,-0.9,1784227965693,1784227963059
141.55,8.1,1784227965727,1784227963102
141.57,3.1,1784227965759,1784227963129
141.60,-1.9,1784227965792,1784227963157
141.64,4.1,1784227965827,1784227963198
141.67,-0.9,1784227965861,1784227963227
141.71,5.1,1784227965895,1784227963267
141.74,1.1,1784227965929,1784227963297
141.77,-4.9,1784227965962,1784227963324
141.81,5.1,1784227965994,1784227963366
141.84,-0.9,1784227966028,1784227963394
141.88,7.1,1784227966061,1784227963435
141.91,0.1,1784227966096,1784227963463
141.95,7.1,1784227966130,1784227963504
141.98,0.1,1784227966165,1784227963532
142.01,-3.9,1784227966197,1784227963560
142.05,5.1,1784227966230,1784227963602
142.08,-1.9,1784227966265,1784227963630
142.12,6.1,1784227966298,1784227963671
142.15,1.1,1784227966332,1784227963700
142.17,-2.9,1784227966364,1784227963728
142.22,4.1,1784227966399,1784227963770
142.24,-1.9,1784227966432,1784227963797
142.28,5.1,1784227966466,1784227963838
142.31,1.1,1784227966500,1784227963868
142.35,10.1,1784227966532,1784227963909
142.38,3.1,1784227966566,1784227963936
142.41,-3.9,1784227966601,1784227963964
142.45,6.1,1784227966634,1784227964007
142.48,-0.9,1784227966668,1784227964034
142.52,6.1,1784227966702,1784227964075
142.55,2.1,1784227966735,1784227964104
142.58,-3.9,1784227966768,1784227964131
142.62,3.1,1784227966803,1784227964173
142.65,-0.9,1784227966835,1784227964201
142.69,6.1,1784227966870,1784227964243
142.72,1.1,1784227966902,1784227964270
142.76,9.1,1784227966936,1784227964312
142.79,4.1,1784227966969,1784227964340
142.81,-1.9,1784227967004,1784227964369
142.86,5.1,1784227967038,1784227964410
142.88,1.1,1784227967069,1784227964437
142.92,9.1,1784227967103,1784227964479
142.95,5.1,1784227967136,1784227964508
142.98,-1.9,1784227967171,1784227964536
143.02,5.1,1784227967205,1784227964577
143.05,-0.9,1784227967238,1784227964604
143.09,7.1,1784227967272,1784227964646
143.12,2.1,1784227967305,1784227964674
143.16,11.1,1784227967339,1784227964717
143.19,4.1,1784227967373,1784227964744
143.22,-0.9,1784227967406,1784227964772
143.26,7.1,1784227967439,1784227964813
143.29,0.1,1784227967474,1784227964841
143.32,-3.9,1784227967506,1784227964869
143.36,3.1,1784227967540,1784227964910
143.38,-3.9,1784227967575,1784227964938
143.43,5.1,1784227967608,1784227964980
143.45,-0.9,1784227967643,1784227965009
143.50,8.1,1784227967676,1784227965051
143.52,1.1,1784227967709,1784227965077
143.57,8.1,1784227967744,1784227965119
143.59,4.1,1784227967776,1784227965147
143.62,-0.9,1784227967809,1784227965175
143.66,8.1,1784227967843,1784227965218
143.69,2.1,1784227967876,1784227965245
143.72,-4.9,1784227967910,1784227965272
143.76,5.1,1784227967943,1784227965315
143.79,-0.9,1784227967977,1784227965343
143.83,6.1,1784227968011,1784227965384
143.86,0.1,1784227968044,1784227965411
143.89,-4.9,1784227968077,1784227965439
143.93,3.1,1784227968111,1784227965481
143.96,-0.9,1784227968144,1784227965510
144.00,6.1,1784227968179,1784227965552
144.02,-1.9,1784227968213,1784227965578
144.07,6.1,1784227968247,1784227965620
144.10,3.1,1784227968279,1784227965649
144.12,-3.9,1784227968314,1784227965677
144.16,4.1,1784227968348,1784227965719
144.19,-0.9,1784227968380,1784227965746
144.23,7.1,1784227968414,1784227965788
144.26,2.1,1784227968447,1784227965816
144.30,8.1,1784227968482,1784227965857
144.33,4.1,1784227968515,1784227965886
144.36,-3.9,1784227968549,1784227965912
144.40,8.1,1784227968581,1784227965956
144.43,0.1,1784227968616,1784227965983
144.47,7.1,1784227968650,1784227966024
144.50,2.1,1784227968683,1784227966052
144.53,-3.9,1784227968717,1784227966080
144.57,5.1,1784227968750,1784227966122
144.60,-0.9,1784227968784,1784227966150
144.64,9.1,1784227968817,1784227966193
144.67,0.1,1784227968852,1784227966219
144.71,8.1,1784227968886,1784227966261
144.73,3.1,1784227968919,1784227966289
144.76,-0.9,1784227968952,1784227966318
144.80,6.1,1784227968985,1784227966358
144.83,0.1,1784227969020,1784227966387
144.87,8.1,1784227969054,1784227966429
144.90,3.1,1784227969085,1784227966455
144.93,-1.9,1784227969119,1784227966484
144.97,6.1,1784227969152,1784227966525
145.00,0.1,1784227969187,1784227966554
145.04,8.1,1784227969220,1784227966595
145.07,2.1,1784227969254,1784227966623
145.10,-1.9,1784227969287,1784227966652
145.14,5.1,1784227969321,1784227966693
145.17,-0.9,1784227969354,1784227966720
145.21,8.1,1784227969388,1784227966763
145.24,1.1,1784227969422,1784227966790
145.26,-3.9,1784227969455,1784227966818
145.31,4.1,1784227969489,1784227966860
145.33,-1.9,1784227969523,1784227966888
145.38,6.1,1784227969556,1784227966929
145.40,1.1,1784227969590,1784227966958
145.45,9.1,1784227969623,1784227966999
145.47,2.1,1784227969657,1784227967026
145.51,9.1,1784227969693,1784227967069
145.54,4.1,1784227969726,1784227967097
145.57,-0.9,1784227969759,1784227967125
145.61,7.1,1784227969793,1784227967167
145.64,2.1,1784227969825,1784227967194
145.68,10.1,1784227969860,1784227967237
145.71,4.1,1784227969892,1784227967263
145.74,-1.9,1784227969927,1784227967292
145.78,7.1,1784227969960,1784227967334
145.81,-0.9,1784227969995,1784227967361
145.85,8.1,1784227970029,1784227967404
145.88,3.1,1784227970061,1784227967431
145.90,-1.9,1784227970093,1784227967458
145.95,5.1,1784227970128,1784227967500
145.97,-0.9,1784227970162,1784227967528
146.02,8.1,1784227970195,1784227967570
146.04,1.1,1784227970229,1784227967597
146.07,-2.9,1784227970262,1784227967626
146.11,5.1,1784227970296,1784227967668
146.14,-0.9,1784227970329,1784227967695
146.18,7.1,1784227970363,1784227967737
146.21,1.1,1784227970397,1784227967765
146.25,9.1,1784227970431,1784227967807
146.28,5.1,1784227970463,1784227967835
146.31,-1.9,1784227970497,1784227967862
146.35,7.1,1784227970531,1784227967905
146.38,0.1,1784227970564,1784227967931
146.41,-4.9,1784227970597,1784227967959
146.45,3.1,1784227970632,1784227968002
146.48,-2.9,1784227970665,1784227968029
146.52,5.1,1784227970699,1784227968071
146.55,-0.9,1784227970733,1784227968099
146.59,7.1,1784227970767,1784227968141
146.61,2.1,1784227970799,1784227968168
146.64,-3.9,1784227970833,1784227968196
146.68,2.1,1784227970868,1784227968237
146.71,-0.9,1784227970901,1784227968267
146.75,7.1,1784227970933,1784227968307
146.78,2.1,1784227970967,1784227968336
146.82,8.1,1784227971002,1784227968377
146.85,4.1,1784227971035,1784227968406
146.88,-0.9,1784227971068,1784227968434
146.92,6.1,1784227971102,1784227968475
146.95,1.1,1784227971135,1784227968503
146.99,9.1,1784227971168,1784227968544
147.02,3.1,1784227971203,1784227968573
147.05,-2.9,1784227971236,1784227968600
147.09,4.1,1784227971271,1784227968642
147.12,-0.9,1784227971304,1784227968670
147.16,9.1,1784227971336,1784227968712
147.19,3.1,1784227971369,1784227968739
147.21,-2.9,1784227971404,1784227968768
147.25,4.1,1784227971438,1784227968809
147.28,-1.9,1784227971472,1784227968837
147.32,7.1,1784227971505,1784227968879
147.35,0.1,1784227971540,1784227968907
147.39,8.1,1784227971573,1784227968948
147.42,3.1,1784227971606,1784227968976
147.45,-2.9,1784227971640,1784227969004
147.49,6.1,1784227971673,1784227969046
147.52,-0.9,1784227971708,1784227969074
147.56,6.1,1784227971743,1784227969116
147.59,1.1,1784227971775,1784227969143
147.63,8.1,1784227971810,1784227969185
147.66,4.1,1784227971842,1784227969213
147.69,-1.9,1784227971875,1784227969240
147.73,7.1,1784227971908,1784227969282
147.76,-0.9,1784227971943,1784227969309
147.80,8.1,1784227971978,1784227969353
147.83,3.1,1784227972009,1784227969379
147.85,-2.9,1784227972044,1784227969408
147.89,6.1,1784227972076,1784227969449
147.92,2.1,1784227972109,1784227969478
147.97,8.1,1784227972144,1784227969519
147.99,1.1,1784227972178,1784227969546
148.02,-1.9,1784227972210,1784227969575
148.06,3.1,1784227972246,1784227969616
148.09,-0.9,1784227972278,1784227969644
148.13,8.1,1784227972312,1784227969687
148.16,3.1,1784227972344,1784227969714
148.19,-3.9,1784227972379,1784227969742
148.23,5.1,1784227972412,1784227969784
148.26,-0.9,1784227972446,1784227969812
148.30,6.1,1784227972480,1784227969853
148.33,1.1,1784227972513,1784227969881
148.37,8.1,1784227972547,1784227969922
148.40,6.1,1784227972579,1784227969952
148.42,-0.9,1784227972613,1784227969979
148.47,7.1,1784227972646,1784227970020
148.49,0.1,1784227972681,1784227970048
148.54,8.1,1784227972715,1784227970090
148.56,3.1,1784227972748,1784227970118
148.59,-1.9,1784227972782,1784227970147
148.63,5.1,1784227972815,1784227970187
148.66,0.1,1784227972848,1784227970215
148.70,8.1,1784227972882,1784227970257
148.73,2.1,1784227972916,1784227970285
148.76,-3.9,1784227972950,1784227970313
148.80,4.1,1784227972983,1784227970354
148.83,-0.9,1784227973016,1784227970382
148.87,7.1,1784227973051,1784227970425
148.90,1.1,1784227973084,1784227970452
148.94,9.1,1784227973118,1784227970494
148.97,3.1,1784227973151,1784227970521
149.00,-1.9,1784227973185,1784227970550
149.04,7.1,1784227973218,1784227970592
149.06,0.1,1784227973252,1784227970619
149.11,7.1,1784227973286,1784227970660
149.13,2.1,1784227973319,1784227970688
149.16,-0.9,1784227973352,1784227970718
149.20,4.1,1784227973386,1784227970757
149.23,-1.9,1784227973421,1784227970786
149.27,6.1,1784227973454,1784227970827
149.30,1.1,1784227973488,1784227970856
149.34,10.1,1784227973521,1784227970898
149.37,0.1,1784227973558,1784227970925
149.40,-2.9,1784227973590,1784227970954
149.44,5.1,1784227973624,1784227970996
149.47,1.1,1784227973655,1784227971023
149.51,8.1,1784227973689,1784227971064
149.54,3.1,1784227973722,1784227971092
149.57,-2.9,1784227973756,1784227971120
149.61,5.1,1784227973790,1784227971162
149.64,-0.9,1784227973823,1784227971189
149.68,8.1,1784227973857,1784227971232
149.70,0.1,1784227973892,1784227971259
149.73,-5.9,1784227973925,1784227971286
149.78,4.1,1784227973958,1784227971329
149.80,-2.9,1784227973992,1784227971356
149.84,6.1,1784227974025,1784227971398
149.87,-0.9,1784227974060,1784227971426
149.90,-4.9,1784227974093,1784227971455
149.94,3.1,1784227974125,1784227971495
149.97,-0.9,1784227974158,1784227971524
150.01,4.1,1784227974194,1784227971565
150.04,2.1,1784227974225,1784227971594
150.08,10.1,1784227974259,1784227971636
150.11,1.1,1784227974294,1784227971662
150.14,-2.9,1784227974327,1784227971691
150.18,5.1,1784227974361,1784227971733
150.21,-0.9,1784227974395,1784227971761
150.25,6.1,1784227974429,1784227971802
150.28,2.1,1784227974461,1784227971830
150.30,-3.9,1784227974495,1784227971858
150.35,4.1,1784227974528,1784227971899
150.37,0.1,1784227974562,1784227971929
150.42,7.1,1784227974596,1784227971970
150.44,1.1,1784227974629,1784227971997
150.48,8.1,1784227974663,1784227972038
150.51,2.1,1784227974697,1784227972066
150.54,-2.9,1784227974731,1784227972095
150.58,6.1,1784227974763,1784227972136
150.61,0.1,1784227974797,1784227972164
150.65,7.1,1784227974831,1784227972205
150.68,2.1,1784227974866,1784227972235
150.71,-4.9,1784227974899,1784227972261
150.75,6.1,1784227974931,1784227972304
150.78,-1.9,1784227974966,1784227972331
150.82,8.1,1784227974999,1784227972374
150.85,2.1,1784227975032,1784227972401
150.87,-3.9,1784227975065,1784227972428
150.92,2.1,1784227975101,1784227972470
150.94,-0.9,1784227975132,1784227972498
150.99,7.1,1784227975166,1784227972540
151.01,1.1,1784227975201,1784227972569
151.06,8.1,1784227975234,1784227972609
151.08,2.1,1784227975268,1784227972637
151.11,-1.9,1784227975301,1784227972666
151.15,4.1,1784227975335,1784227972706
151.18,-0.9,1784227975369,1784227972735
151.22,8.1,1784227975403,1784227972778
151.25,0.3,1784227975437,1784227972804
151.29,7.3,1784227975472,1784227972846
151.32,3.3,1784227975504,1784227972874
151.35,-1.7,1784227975538,1784227972903
151.39,6.3,1784227975571,1784227972944
151.42,0.3,1784227975605,1784227972972
151.46,9.3,1784227975638,1784227973014
151.49,4.3,1784227975670,1784227973041
151.51,-1.7,1784227975704,1784227973069
151.56,6.3,1784227975738,1784227973111
151.58,-0.7,1784227975773,1784227973139
151.63,8.3,1784227975805,1784227973180
151.65,2.3,1784227975839,1784227973208
151.68,-1.7,1784227975872,1784227973237
151.72,5.3,1784227975906,1784227973278
151.75,1.3,1784227975939,1784227973307
151.79,7.3,1784227975974,1784227973348
151.82,1.3,1784227976007,1784227973375
151.85,-4.7,1784227976041,1784227973403
151.89,3.3,1784227976075,1784227973445
151.92,-2.7,1784227976109,1784227973473
151.96,5.3,1784227976142,1784227973514
151.99,1.3,1784227976175,1784227973543
152.03,9.3,1784227976208,1784227973584
152.06,3.3,1784227976242,1784227973612
152.09,-2.7,1784227976275,1784227973639
152.13,4.3,1784227976310,1784227973681
152.16,0.3,1784227976343,1784227973710
152.20,8.3,1784227976377,1784227973752
152.22,1.3,1784227976411,1784227973779
152.25,-2.7,1784227976443,1784227973807
152.29,3.3,1784227976478,1784227973848
152.32,-0.7,1784227976511,1784227973877
152.36,7.3,1784227976544,1784227973918
152.39,2.3,1784227976577,1784227973946
152.43,8.3,1784227976613,1784227973988
152.46,4.3,1784227976645,1784227974016
152.49,-2.7,1784227976680,1784227974044
152.53,7.3,1784227976712,1784227974086
152.56,2.3,1784227976745,1784227974114
152.60,9.3,1784227976780,1784227974156
152.63,1.3,1784227976814,1784227974182
152.66,-2.7,1784227976847,1784227974211
152.70,4.3,1784227976882,1784227974253
152.73,-0.7,1784227976914,1784227974280
152.77,8.3,1784227976948,1784227974323
152.80,1.3,1784227976982,1784227974350
152.82,-3.7,1784227977015,1784227974378
152.87,4.3,1784227977049,1784227974420
152.89,-0.7,1784227977082,1784227974448
152.93,6.3,1784227977116,1784227974489
152.96,1.3,1784227977149,1784227974517
153.01,9.3,1784227977183,1784227974559
153.03,3.3,1784227977217,1784227974587
153.06,-1.7,1784227977250,1784227974615
153.10,5.3,1784227977284,1784227974656
153.13,0.3,1784227977317,1784227974684
153.17,7.3,1784227977352,1784227974726
153.20,2.3,1784227977385,1784227974754
153.23,-2.7,1784227977418,1784227974782
153.27,5.3,1784227977452,1784227974824
153.30,1.3,1784227977485,1784227974853
153.34,7.3,1784227977519,1784227974893
153.37,0.3,1784227977554,1784227974921
153.39,-4.7,1784227977586,1784227974948
153.44,5.3,1784227977619,1784227974991
153.46,-2.7,1784227977654,1784227975018
153.51,7.3,1784227977686,1784227975060
153.53,-0.7,1784227977721,1784227975087
153.58,9.3,1784227977754,1784227975130
153.60,2.3,1784227977788,1784227975157
153.63,-2.7,1784227977822,1784227975186
153.67,5.3,1784227977855,1784227975227
153.70,1.3,1784227977888,1784227975256
153.74,8.3,1784227977922,1784227975297
153.77,2.3,1784227977956,1784227975325
153.80,-1.7,1784227977989,1784227975354
153.84,4.3,1784227978023,1784227975394
153.87,-0.7,1784227978056,1784227975422
153.91,8.3,1784227978089,1784227975464
153.94,1.3,1784227978124,1784227975492
153.97,-3.7,1784227978157,1784227975520
154.01,4.3,1784227978190,1784227975561
154.03,-2.7,1784227978225,1784227975589
154.08,6.3,1784227978258,1784227975631
154.10,0.3,1784227978292,1784227975659
154.13,-4.7,1784227978324,1784227975686
154.17,2.3,1784227978359,1784227975728
154.20,-3.7,1784227978393,1784227975756
154.24,5.3,1784227978426,1784227975798
154.27,1.3,1784227978459,1784227975827
154.31,7.3,1784227978493,1784227975867
154.34,2.3,1784227978527,1784227975896
154.37,-3.7,1784227978561,1784227975924
154.41,3.3,1784227978595,1784227975965
154.44,0.3,1784227978627,1784227975994
154.48,7.3,1784227978661,1784227976035
154.51,0.3,1784227978696,1784227976063
154.55,8.3,1784227978730,1784227976105
154.58,1.3,1784227978764,1784227976132
154.61,-0.7,1784227978795,1784227976161
154.65,6.3,1784227978829,1784227976202
154.68,0.3,1784227978863,1784227976230
154.70,-3.7,1784227978896,1784227976259
154.74,0.3,1784227978932,1784227976299
154.77,-1.7,1784227978963,1784227976328
154.82,5.3,1784227978997,1784227976369
154.84,-0.7,1784227979031,1784227976397
154.88,6.3,1784227979065,1784227976438
154.91,1.3,1784227979098,1784227976466
154.94,-4.7,1784227979132,1784227976494
154.98,4.3,1784227979165,1784227976536
155.01,-0.7,1784227979199,1784227976565
155.05,6.3,1784227979232,1784227976605
155.08,0.3,1784227979266,1784227976633
155.12,8.3,1784227979300,1784227976675
155.15,3.3,1784227979334,1784227976704
155.18,-2.7,1784227979367,1784227976731
155.22,4.3,1784227979401,1784227976772
155.25,1.3,1784227979434,1784227976802
155.29,7.3,1784227979468,1784227976842
155.32,3.3,1784227979500,1784227976870
155.34,-3.7,1784227979534,1784227976897
155.39,4.3,1784227979568,1784227976939
155.41,-1.7,1784227979602,1784227976967
155.46,7.3,1784227979636,1784227977010
155.48,1.3,1784227979670,1784227977038
155.51,-3.7,1784227979702,1784227977065
155.55,3.3,1784227979737,1784227977107
155.58,-2.7,1784227979771,1784227977135
155.62,6.3,1784227979804,1784227977177
155.65,1.3,1784227979837,1784227977205
155.68,-3.7,1784227979870,1784227977233
155.72,3.3,1784227979903,1784227977273
155.75,-3.7,1784227979938,1784227977301
155.79,6.3,1784227979971,1784227977344
155.82,-0.7,1784227980005,1784227977371
155.86,7.3,1784227980039,1784227977413
155.89,1.3,1784227980073,1784227977441
155.91,-2.7,1784227980105,1784227977469
155.96,5.3,1784227980139,1784227977511
155.98,-0.7,1784227980172,1784227977538
156.03,6.3,1784227980206,1784227977579
156.05,-0.7,1784227980242,1784227977608
156.10,7.3,1784227980275,1784227977649
156.12,3.3,1784227980308,1784227977678
156.15,-2.7,1784227980341,1784227977705
156.19,3.3,1784227980377,1784227977747
156.22,-0.7,1784227980409,1784227977775
156.26,8.3,1784227980443,1784227977818
156.29,4.3,1784227980475,1784227977846
156.33,9.3,1784227980510,1784227977886
156.36,4.3,1784227980544,1784227977915
156.39,-1.7,1784227980577,1784227977942
156.43,4.3,1784227980613,1784227977984
156.46,-0.7,1784227980645,1784227978011
156.50,9.3,1784227980678,1784227978054
156.53,2.3,1784227980712,1784227978081
156.56,-2.7,1784227980746,1784227978110
156.60,6.3,1784227980779,1784227978152
156.62,0.3,1784227980812,1784227978179
156.67,7.3,1784227980846,1784227978220
156.69,1.3,1784227980879,1784227978247
156.72,0.3,1784227980911,1784227978278
156.76,4.3,1784227980947,1784227978318
156.79,-0.7,1784227980980,1784227978346
156.83,8.3,1784227981013,1784227978388
156.86,1.3,1784227981047,1784227978415
156.89,-3.7,1784227981081,1784227978444
156.93,4.3,1784227981114,1784227978485
156.96,-0.7,1784227981147,1784227978513
157.00,6.3,1784227981181,1784227978554
157.03,2.3,1784227981214,1784227978583
157.07,9.3,1784227981248,1784227978624
157.10,4.3,1784227981281,1784227978652
157.13,-2.7,1784227981316,1784227978680
157.17,5.3,1784227981350,1784227978722
157.20,0.3,1784227981383,1784227978750
157.24,8.3,1784227981417,1784227978792
157.26,1.4,1784227981451,1784227978819
157.29,-3.6,1784227981483,1784227978846
157.33,5.4,1784227981517,1784227978889
157.36,-0.6,1784227981552,1784227978918
157.40,5.4,1784227981586,1784227978958
157.43,1.4,1784227981618,1784227978986
157.46,-4.6,1784227981652,1784227979014
157.50,2.4,1784227981686,1784227979055
157.53,-1.6,1784227981719,1784227979084
157.57,8.4,1784227981752,1784227979127
157.60,1.4,1784227981786,1784227979154
157.64,9.4,1784227981819,1784227979195
157.67,2.4,1784227981854,1784227979223
157.70,-1.6,1784227981886,1784227979251
157.74,5.4,1784227981921,1784227979293
157.77,-0.6,1784227981954,1784227979320
157.81,8.4,1784227981987,1784227979362
157.84,0.4,1784227982022,1784227979389
157.86,-3.6,1784227982055,1784227979418
157.91,3.4,1784227982089,1784227979459
157.93,-1.6,1784227982122,1784227979487
157.98,5.4,1784227982157,1784227979529
158.00,1.4,1784227982189,1784227979557
158.03,-4.6,1784227982222,1784227979584
158.07,4.4,1784227982256,1784227979627
158.10,-1.6,1784227982290,1784227979655
158.14,5.4,1784227982324,1784227979696
158.17,0.4,1784227982358,1784227979725
158.21,7.4,1784227982392,1784227979766
158.24,3.4,1784227982424,1784227979794
158.27,-2.6,1784227982457,1784227979821
158.31,5.4,1784227982491,1784227979863
158.34,0.4,1784227982524,1784227979891
158.38,7.4,1784227982559,1784227979933
158.41,0.4,1784227982593,1784227979960
158.43,-3.6,1784227982626,1784227979989
158.48,3.4,1784227982660,1784227980030
158.51,-0.6,1784227982693,1784227980059
158.55,6.4,1784227982727,1784227980100
158.57,-0.6,1784227982761,1784227980127
158.62,8.4,1784227982794,1784227980169
158.64,2.4,1784227982828,1784227980197
158.67,-1.6,1784227982861,1784227980226
158.71,6.4,1784227982895,1784227980268
158.74,-0.6,1784227982929,1784227980295
158.78,8.4,1784227982962,1784227980337
158.81,1.4,1784227982996,1784227980364
158.84,-2.6,1784227983029,1784227980393
158.88,4.4,1784227983063,1784227980434
158.91,-1.6,1784227983097,1784227980462
158.95,6.4,1784227983131,1784227980504
158.98,1.4,1784227983164,1784227980532
159.01,-3.6,1784227983196,1784227980559
159.05,4.4,1784227983230,1784227980601
159.08,-0.6,1784227983264,1784227980630
159.12,6.4,1784227983297,1784227980670
159.14,-0.6,1784227983332,1784227980698
159.19,9.4,1784227983365,1784227980741
159.21,2.4,1784227983399,1784227980768
159.24,-0.6,1784227983432,1784227980798
159.28,5.6,1784227983466,1784227980838
159.31,-1.4,1784227983500,1784227980865
159.35,8.6,1784227983533,1784227980908
159.38,1.6,1784227983567,1784227980935
159.41,-2.4,1784227983600,1784227980964
159.45,4.6,1784227983634,1784227981005
159.48,-2.4,1784227983668,1784227981032
159.52,6.6,1784227983702,1784227981075
159.55,0.6,1784227983735,1784227981102
159.59,9.6,1784227983769,1784227981145
159.62,3.6,1784227983802,1784227981172
159.65,-1.4,1784227983836,1784227981201
159.69,5.6,1784227983870,1784227981242
159.72,0.6,1784227983903,1784227981270
159.76,8.6,1784227983936,1784227981311
159.78,1.6,1784227983971,1784227981339
159.83,10.6,1784227984004,1784227981381
159.85,4.6,1784227984037,1784227981408
159.88,-0.4,1784227984071,1784227981437
159.92,5.6,1784227984106,1784227981478
159.95,-0.4,1784227984140,1784227981506
159.99,8.6,1784227984173,1784227981548
160.02,4.6,1784227984204,1784227981575
160.05,-1.4,1784227984238,1784227981603
160.09,7.6,1784227984272,1784227981646
160.12,0.6,1784227984306,1784227981673
160.15,-3.4,1784227984339,1784227981702
160.19,3.6,1784227984372,1784227981742
160.22,-3.4,1784227984407,1784227981770
160.26,5.6,1784227984440,1784227981812
160.29,1.6,1784227984473,1784227981841
160.31,-5.4,1784227984507,1784227981868
160.36,1.6,1784227984541,1784227981909
160.38,-2.4,1784227984573,1784227981937
160.43,5.6,1784227984607,1784227981979
160.45,-0.4,1784227984642,1784227982008
160.50,8.6,1784227984675,1784227982050
160.52,0.6,1784227984709,1784227982076
160.56,7.6,1784227984744,1784227982118
160.59,3.6,1784227984776,1784227982146
160.62,-0.4,1784227984809,1784227982175
160.66,6.6,1784227984844,1784227982217
160.69,-1.4,1784227984879,1784227982244
160.73,7.6,1784227984912,1784227982286
160.76,1.6,1784227984945,1784227982313
160.79,-2.4,1784227984978,1784227982342
160.83,6.6,1784227985011,1784227982384
160.86,-1.4,1784227985046,1784227982411
160.90,6.6,1784227985079,1784227982452
160.93,1.6,1784227985112,1784227982480
160.95,-3.4,1784227985146,1784227982509
161.00,3.6,1784227985180,1784227982550
161.02,-1.4,1784227985213,1784227982578
161.07,7.6,1784227985246,1784227982620
161.09,2.6,1784227985279,1784227982648
161.14,8.6,1784227985314,1784227982689
161.16,2.6,1784227985348,1784227982717
161.19,-1.4,1784227985381,1784227982746
161.23,6.6,1784227985415,1784227982788
161.26,0.6,1784227985448,1784227982815
161.30,7.6,1784227985482,1784227982856
161.33,1.6,1784227985516,1784227982884
161.36,-2.4,1784227985549,1784227982913
161.40,5.6,1784227985583,1784227982955
161.43,-1.4,1784227985616,1784227982981
161.47,7.6,1784227985649,1784227983023
161.50,1.6,1784227985684,1784227983052
161.54,8.6,1784227985718,1784227983093
161.57,1.6,1784227985753,1784227983121
161.59,-2.4,1784227985785,1784227983149
161.64,6.6,1784227985819,1784227983192
161.66,-0.4,1784227985852,1784227983218
161.71,7.6,1784227985886,1784227983260
161.73,3.6,1784227985918,1784227983288
161.76,-3.4,1784227985953,1784227983316
161.80,5.6,1784227985986,1784227983358
161.83,-0.4,1784227986020,1784227983386
161.87,6.6,1784227986054,1784227983427
161.90,1.6,1784227986086,1784227983454
161.93,-3.4,1784227986120,1784227983483
161.97,3.6,1784227986154,1784227983524
162.00,-1.4,1784227986188,1784227983553
162.04,7.6,1784227986221,1784227983595
162.07,0.6,1784227986255,1784227983622
162.11,8.6,1784227986289,1784227983664
162.14,4.6,1784227986321,1784227983692
162.17,-0.4,1784227986355,1784227983721
162.21,6.6,1784227986388,1784227983761
162.23,0.6,1784227986422,1784227983789
162.28,7.6,1784227986457,1784227983831
162.30,3.6,1784227986489,1784227983859
162.33,-1.4,1784227986523,1784227983888
162.37,4.6,1784227986557,1784227983928
162.40,0.6,1784227986590,1784227983957
162.44,9.6,1784227986623,1784227983999
162.47,2.6,1784227986657,1784227984026
162.50,-2.4,1784227986690,1784227984054
162.54,4.6,1784227986725,1784227984096
162.57,-0.4,1784227986758,1784227984124
162.61,6.6,1784227986792,1784227984165
162.64,0.6,1784227986826,1784227984193
162.68,9.6,1784227986859,1784227984235
162.71,3.6,1784227986893,1784227984263
162.74,-3.4,1784227986927,1784227984290
162.78,5.6,1784227986960,1784227984332
162.81,-0.4,1784227986994,1784227984360
162.85,5.6,1784227987029,1784227984401
162.88,1.6,1784227987061,1784227984429
162.90,-3.4,1784227987095,1784227984458
162.95,3.6,1784227987129,1784227984499
162.97,-0.4,1784227987162,1784227984528
163.01,5.6,1784227987197,1784227984569
163.04,2.6,1784227987228,1784227984597
163.07,-3.4,1784227987261,1784227984624
163.11,4.6,1784227987296,1784227984667
163.14,-1.4,1784227987330,1784227984695
163.18,6.6,1784227987363,1784227984736
163.21,-0.4,1784227987398,1784227984764
163.25,8.6,1784227987431,1784227984806
163.28,3.6,1784227987464,1784227984834
163.31,-1.4,1784227987497,1784227984862
163.35,4.6,1784227987531,1784227984902
163.38,-1.4,1784227987565,1784227984930
163.42,9.6,1784227987597,1784227984973
163.45,1.6,1784227987633,1784227985001
163.47,-2.4,1784227987665,1784227985029
163.52,4.6,1784227987699,1784227985070
163.54,-2.4,1784227987734,1784227985098
163.59,6.6,1784227987767,1784227985140
163.61,0.6,1784227987800,1784227985167
163.65,8.6,1784227987834,1784227985209
163.68,1.6,1784227987868,1784227985236
163.71,-3.4,1784227987902,1784227985265
163.75,5.6,1784227987935,1784227985307
163.78,-1.4,1784227987970,1784227985335
163.82,8.6,1784227988002,1784227985377
163.85,2.6,1784227988035,1784227985404
163.88,-3.4,1784227988070,1784227985433
163.92,4.6,1784227988103,1784227985474
163.95,-0.4,1784227988136,1784227985502
163.99,5.6,1784227988171,1784227985543
164.02,1.6,1784227988203,1784227985571
164.04,-3.4,1784227988236,1784227985599
164.09,5.6,1784227988269,1784227985641
164.11,-2.4,1784227988304,1784227985668
164.16,6.6,1784227988338,1784227985711
164.18,0.6,1784227988371,1784227985738
164.21,-4.4,1784227988405,1784227985767
164.25,3.6,1784227988438,1784227985808
164.28,-1.4,1784227988471,1784227985836
164.32,6.6,1784227988505,1784227985878
164.35,-0.4,1784227988540,1784227985906
164.39,7.6,1784227988573,1784227985947
164.42,0.6,1784227988607,1784227985974
164.45,-2.4,1784227988639,1784227986003
164.49,4.6,1784227988674,1784227986045
164.52,0.6,1784227988706,1784227986073
164.56,7.6,1784227988741,1784227986115
164.59,2.6,1784227988773,1784227986142
164.63,7.6,1784227988810,1784227986184
164.66,2.6,1784227988843,1784227986212
164.69,-3.4,1784227988876,1784227986239
164.73,5.6,1784227988909,1784227986281
164.75,0.6,1784227988942,1784227986309
164.80,7.6,1784227988977,1784227986351
164.83,2.6,1784227989011,1784227986380
164.85,-2.4,1784227989043,1784227986407
164.89,4.6,1784227989077,1784227986448
164.92,-0.4,1784227989111,1784227986477
164.96,5.6,1784227989145,1784227986517
164.99,1.6,1784227989177,1784227986545
165.02,-4.4,1784227989212,1784227986574
165.06,4.6,1784227989244,1784227986615
165.09,-0.4,1784227989278,1784227986644
165.13,7.6,1784227989312,1784227986686
165.16,-0.4,1784227989346,1784227986712
165.20,8.6,1784227989379,1784227986754
165.23,3.6,1784227989413,1784227986783
165.26,-2.4,1784227989447,1784227986811
165.30,5.8,1784227989481,1784227986853
165.33,-0.2,1784227989513,1784227986879
165.37,7.8,1784227989547,1784227986921
165.40,2.8,1784227989581,1784227986950
165.44,9.8,1784227989615,1784227986991
165.47,3.8,1784227989649,1784227987019
165.49,-1.2,1784227989682,1784227987047
165.53,7.8,1784227989715,1784227987089
165.56,1.8,1784227989749,1784227987117
165.60,8.8,1784227989783,1784227987158
165.63,2.8,1784227989817,1784227987186
165.66,-2.2,1784227989850,1784227987214
165.70,6.8,1784227989883,1784227987256
165.73,-0.2,1784227989918,1784227987284
165.76,-4.2,1784227989950,1784227987312
165.80,2.8,1784227989984,1784227987353
165.83,-1.2,1784227990017,1784227987382
165.87,5.8,1784227990051,1784227987423
165.90,0.8,1784227990085,1784227987452
165.94,8.8,1784227990118,1784227987493
165.97,-0.2,1784227990153,1784227987519
165.99,-2.2,1784227990185,1784227987549
166.04,4.8,1784227990219,1784227987590
166.06,-0.2,1784227990252,1784227987618
166.11,7.8,1784227990285,1784227987659
166.13,1.8,1784227990320,1784227987688
166.16,-4.2,1784227990354,1784227987716
166.20,3.8,1784227990387,1784227987757
166.23,-0.2,1784227990420,1784227987786
166.27,5.8,1784227990455,1784227987827
166.30,-0.2,1784227990488,1784227987854
166.34,7.8,1784227990522,1784227987896
166.37,2.8,1784227990555,1784227987924
166.40,-2.2,1784227990589,1784227987953
166.44,6.8,1784227990621,1784227987994
166.47,-0.2,1784227990656,1784227988022
166.51,7.8,1784227990689,1784227988063
166.54,-0.2,1784227990724,1784227988090
166.56,-4.2,1784227990756,1784227988118
166.61,1.8,1784227990792,1784227988160
166.63,-2.2,1784227990825,1784227988189
166.68,4.8,1784227990859,1784227988230
166.70,-0.2,1784227990892,1784227988258
166.75,7.8,1784227990926,1784227988300
166.77,2.8,1784227990958,1784227988327
166.80,-2.2,1784227990992,1784227988356
166.84,5.8,1784227991025,1784227988397
166.87,-1.2,1784227991060,1784227988425
166.91,8.8,1784227991093,1784227988468
166.94,2.8,1784227991126,1784227988495
166.97,-4.2,1784227991160,1784227988522
167.01,4.8,1784227991194,1784227988565
167.04,-1.2,1784227991228,1784227988593
167.08,6.8,1784227991261,1784227988634
167.11,1.8,1784227991293,1784227988661
167.15,9.8,1784227991328,1784227988704
167.18,3.8,1784227991361,1784227988731
167.21,-3.2,1784227991396,1784227988759
167.25,8.8,1784227991427,1784227988802
167.27,-1.1,1784227991463,1784227988828
167.32,7.9,1784227991496,1784227988870
167.34,3.9,1784227991529,1784227988899
167.37,-3.1,1784227991564,1784227988927
167.41,4.9,1784227991597,1784227988968
167.44,-1.1,1784227991630,1784227988995
167.48,6.9,1784227991664,1784227989037
167.51,1.9,1784227991698,1784227989066
167.54,-3.1,1784227991731,1784227989094
167.58,3.9,1784227991765,1784227989135
167.61,0.9,1784227991797,1784227989164
167.65,5.9,1784227991832,1784227989204
167.68,-0.1,1784227991867,1784227989233
167.72,9.9,1784227991899,1784227989275
167.75,4.9,1784227991932,1784227989303
167.78,-2.1,1784227991967,1784227989331
167.82,5.9,1784227992000,1784227989372
167.85,-1.1,1784227992034,1784227989399
167.89,8.9,1784227992067,1784227989442
167.91,2.9,1784227992100,1784227989469
167.94,-3.1,1784227992135,1784227989498
167.98,3.9,1784227992168,1784227989538
168.01,-1.1,1784227992202,1784227989567
168.06,8.9,1784227992236,1784227989611
168.09,4.9,1784227992268,1784227989639
168.11,-1.1,1784227992302,1784227989667
168.15,7.9,1784227992335,1784227989709
168.18,3.9,1784227992368,1784227989738
168.24,27.9,1784227992404,1784227989798
168.24,-5.1,1784227992437,1784227989798
168.28,-4.1,1784227992470,1784227989832
168.32,2.9,1784227992504,1784227989873
168.35,-3.1,1784227992538,1784227989901
168.39,6.9,1784227992571,1784227989944
168.42,-0.1,1784227992604,1784227989970
168.46,6.9,1784227992639,1784227990012
168.49,1.9,1784227992672,1784227990040
168.51,-3.1,1784227992705,1784227990068
168.56,2.9,1784227992740,1784227990109
168.58,-1.1,1784227992773,1784227990138
168.63,5.9,1784227992807,1784227990179
168.65,-1.1,1784227992842,1784227990207
168.70,8.9,1784227992874,1784227990249
168.72,2.9,1784227992908,1784227990277
168.75,-4.1,1784227992942,1784227990304
168.79,5.9,1784227992974,1784227990346
168.82,-0.1,1784227993009,1784227990375
168.86,8.9,1784227993041,1784227990416
168.89,3.9,1784227993074,1784227990444
168.93,8.9,1784227993110,1784227990485
168.96,5.9,1784227993142,1784227990514
168.99,-1.1,1784227993176,1784227990541
169.03,7.9,1784227993210,1784227990584
169.06,1.9,1784227993243,1784227990611
169.08,-4.1,1784227993276,1784227990638
169.13,5.9,1784227993309,1784227990681
169.15,-1.1,1784227993343,1784227990708
169.20,6.9,1784227993378,1784227990751
169.22,0.9,1784227993411,1784227990778
169.27,9.9,1784227993444,1784227990820
169.29,3.9,1784227993478,1784227990848
169.32,-1.1,1784227993511,1784227990876
169.36,4.9,1784227993545,1784227990916
169.39,0.9,1784227993579,1784227990946
169.43,8.9,1784227993612,1784227990987
169.46,1.9,1784227993646,1784227991014
169.49,-3.1,1784227993681,1784227991044
169.53,3.9,1784227993714,1784227991084
169.56,-1.1,1784227993747,1784227991112
169.60,7.9,1784227993780,1784227991154
169.63,1.9,1784227993814,1784227991182
169.67,9.9,1784227993848,1784227991224
169.70,2.9,1784227993882,1784227991251
169.72,-3.1,1784227993916,1784227991279
169.77,5.9,1784227993949,1784227991321
169.79,-0.1,1784227993982,1784227991348
169.84,7.9,1784227994016,1784227991390
169.86,1.9,1784227994050,1784227991418
169.89,-3.1,1784227994083,1784227991446
169.93,5.9,1784227994116,1784227991488
169.96,-3.1,1784227994153,1784227991516
170.00,4.9,1784227994185,1784227991556
170.03,1.9,1784227994217,1784227991585
170.06,-4.1,1784227994252,1784227991614
170.10,4.9,1784227994284,1784227991655
170.13,-1.1,1784227994318,1784227991683
170.17,4.9,1784227994353,1784227991724
170.20,0.9,1784227994386,1784227991753
170.24,7.9,1784227994421,1784227991795
170.27,1.9,1784227994453,1784227991821
170.30,-2.1,1784227994486,1784227991850
170.34,4.9,1784227994520,1784227991891
170.37,-0.1,1784227994553,1784227991919
170.41,8.9,1784227994587,1784227991962
170.44,1.9,1784227994621,1784227991989
170.46,-3.1,1784227994655,1784227992018
170.50,3.9,1784227994688,1784227992058
170.53,-2.1,1784227994722,1784227992086
170.57,6.9,1784227994755,1784227992128
170.60,-0.1,1784227994790,1784227992156
170.64,7.9,1784227994823,1784227992197
170.67,3.9,1784227994856,1784227992226
170.70,-2.1,1784227994890,1784227992254
170.74,5.9,1784227994923,1784227992295
170.77,0.9,1784227994957,1784227992324
170.81,8.9,1784227994990,1784227992365
170.84,1.9,1784227995025,1784227992393
170.87,-3.1,1784227995058,1784227992421
170.91,5.9,1784227995091,1784227992463
170.94,-2.1,1784227995126,1784227992490
170.98,7.9,1784227995159,1784227992533
171.01,1.9,1784227995192,1784227992560
171.03,-4.1,1784227995226,1784227992588
171.08,2.9,1784227995260,1784227992629
171.10,-1.1,1784227995292,1784227992657
171.15,9.9,1784227995324,1784227992700
171.17,1.9,1784227995359,1784227992727
171.21,8.9,1784227995393,1784227992768
171.24,3.9,1784227995427,1784227992797
171.27,-2.1,1784227995460,1784227992824
171.31,7.9,1784227995493,1784227992867
171.34,-1.1,1784227995529,1784227992894
171.38,8.9,1784227995561,1784227992936
171.41,1.9,1784227995596,1784227992964
171.44,-5.1,1784227995630,1784227992991
171.48,3.9,1784227995663,1784227993033
171.51,-1.1,1784227995696,1784227993061
171.55,7.9,1784227995729,1784227993103
171.58,-0.1,1784227995764,1784227993130
171.62,9.9,1784227995797,1784227993173
171.65,4.9,1784227995830,1784227993201
171.67,-3.1,1784227995865,1784227993228
171.72,5.9,1784227995897,1784227993269
171.74,0.9,1784227995931,1784227993298
171.79,7.9,1784227995965,1784227993339
171.81,1.9,1784227995999,1784227993367
171.84,-2.1,1784227996032,1784227993396
171.88,5.9,1784227996065,1784227993437
171.91,-0.1,1784227996099,1784227993465
171.95,5.9,1784227996135,1784227993507
171.98,0.9,1784227996167,1784227993534
172.02,9.9,1784227996200,1784227993576
172.05,2.9,1784227996235,1784227993604
172.08,-0.1,1784227996267,1784227993633
172.12,6.9,1784227996301,1784227993674
172.15,1.9,1784227996333,1784227993701
172.18,-3.1,1784227996366,1784227993729
172.22,2.9,1784227996402,1784227993771
172.25,-2.1,1784227996435,1784227993799
172.29,5.9,1784227996469,1784227993841
172.31,-0.1,1784227996502,1784227993868
172.36,9.9,1784227996535,1784227993911
172.38,1.9,1784227996570,1784227993938
172.41,-2.1,1784227996603,1784227993967
172.45,5.9,1784227996636,1784227994008
172.48,-1.1,1784227996671,1784227994036
172.52,8.9,1784227996703,1784227994078
172.55,2.9,1784227996736,1784227994105
172.58,-3.1,1784227996771,1784227994134
172.62,1.9,1784227996806,1784227994174
172.65,-2.1,1784227996839,1784227994203
172.69,6.9,1784227996872,1784227994245
172.72,0.9,1784227996905,1784227994272
172.76,8.9,1784227996939,1784227994314
172.79,3.9,1784227996972,1784227994342
172.82,-3.1,1784227997007,1784227994370
172.86,3.9,1784227997042,1784227994412
172.89,-1.1,1784227997074,1784227994439
172.93,8.9,1784227997107,1784227994482
172.95,1.9,1784227997141,1784227994509
172.98,-2.1,1784227997173,1784227994537
173.02,1.9,1784227997210,1784227994578
173.05,-2.1,1784227997242,1784227994606
173.09,6.9,1784227997275,1784227994648
173.12,2.9,1784227997307,1784227994676
173.15,-4.1,1784227997341,1784227994703
173.19,4.9,1784227997375,1784227994746
173.22,-1.1,1784227997409,1784227994774
173.26,6.9,1784227997442,1784227994815
173.29,1.1,1784227997477,1784227994844
173.33,9.1,1784227997510,1784227994885
173.36,4.1,1784227997543,1784227994913
173.39,-2.9,1784227997578,1784227994941
173.43,6.1,1784227997610,1784227994982
173.46,0.1,1784227997644,1784227995010
173.50,9.1,1784227997677,1784227995052
173.53,2.1,1784227997711,1784227995079
173.55,-3.9,1784227997745,1784227995107
173.60,4.1,1784227997779,1784227995149
173.62,0.1,1784227997812,1784227995178
173.67,7.1,1784227997846,1784227995219
173.69,0.1,1784227997880,1784227995246
173.74,10.1,1784227997913,1784227995289
173.76,5.1,1784227997946,1784227995317
173.79,-1.9,1784227997980,1784227995344
173.83,6.1,1784227998014,1784227995386
173.86,0.1,1784227998048,1784227995414
173.90,9.1,1784227998081,1784227995456
173.93,2.1,1784227998116,1784227995484
173.96,-2.9,1784227998148,1784227995511
174.00,5.1,1784227998182,1784227995553
174.03,0.1,1784227998216,1784227995582
174.07,9.1,1784227998248,1784227995623
174.10,1.1,1784227998284,1784227995651
174.12,-2.9,1784227998316,1784227995679
174.17,4.1,1784227998349,1784227995719
174.19,-0.9,1784227998383,1784227995748
174.24,6.1,1784227998418,1784227995790
174.26,0.1,1784227998451,1784227995817
174.31,8.1,1784227998485,1784227995859
174.33,3.1,1784227998518,1784227995887
174.36,-1.9,1784227998552,1784227995916
174.40,7.1,1784227998584,1784227995957
174.43,0.1,1784227998619,1784227995985
174.47,9.1,1784227998652,1784227996027
174.50,3.1,1784227998685,1784227996054
174.53,-2.9,1784227998720,1784227996083
174.57,5.1,1784227998753,1784227996124
174.60,-0.9,1784227998787,1784227996152
174.64,5.1,1784227998822,1784227996193
174.67,0.1,1784227998856,1784227996222
174.71,9.1,1784227998889,1784227996264
174.74,3.1,1784227998922,1784227996291
174.76,-3.9,1784227998956,1784227996318
174.81,6.1,1784227998988,1784227996360
174.84,1.1,1784227999023,1784227996390
174.88,8.1,1784227999056,1784227996430
174.90,1.1,1784227999090,1784227996457
174.93,-1.9,1784227999122,1784227996486
174.97,4.1,1784227999157,1784227996527
175.00,-0.9,1784227999191,1784227996556
175.04,5.1,1784227999226,1784227996597
175.07,2.1,1784227999258,1784227996626
175.11,10.1,1784227999291,1784227996667
175.14,4.1,1784227999324,1784227996694
175.17,1.1,1784227999356,1784227996723
175.21,9.1,1784227999390,1784227996765
175.24,1.1,1784227999425,1784227996792
175.27,-3.9,1784227999458,1784227996820
175.31,4.1,1784227999492,1784227996862
175.34,-1.9,1784227999526,1784227996890
175.38,6.1,1784227999559,1784227996931
175.40,0.1,1784227999593,1784227996959
175.43,-3.9,1784227999625,1784227996987
175.48,4.1,1784227999659,1784227997029
175.50,-1.9,1784227999693,1784227997057
175.54,6.1,1784227999726,1784227997098
175.57,1.1,1784227999760,1784227997127
175.61,8.1,1784227999794,1784227997168
175.64,2.1,1784227999828,1784227997196
175.68,8.1,1784227999864,1784227997238
175.71,2.1,1784227999898,1784227997266
175.74,-3.9,1784227999931,1784227997293
175.78,6.1,1784227999963,1784227997335
175.81,2.1,1784227999996,1784227997364
175.85,8.1,1784228000030,1784227997404
175.88,3.1,1784228000064,1784227997433
175.92,9.1,1784228000099,1784227997474
175.95,5.1,1784228000132,1784227997503
175.98,0.1,1784228000164,1784227997530
176.02,8.1,1784228000198,1784227997572
176.05,1.1,1784228000232,1784227997599
176.07,-3.9,1784228000265,1784227997627
176.11,3.1,1784228000300,1784227997669
176.14,0.1,1784228000331,1784227997697
176.18,9.1,1784228000364,1784227997739
176.21,0.1,1784228000400,1784227997766
176.25,8.1,1784228000434,1784227997808
176.28,4.1,1784228000467,1784227997837
176.31,0.1,1784228000499,1784227997865
176.35,6.1,1784228000534,1784227997906
176.38,-1.9,1784228000570,1784227997934
176.42,8.1,1784228000603,1784227997977
176.45,3.1,1784228000635,1784227998004
176.48,-2.9,1784228000668,1784227998031
176.52,4.1,1784228000703,1784227998073
176.55,-0.9,1784228000736,1784227998101
176.59,5.1,1784228000771,1784227998142
176.62,0.1,1784228000804,1784227998170
176.66,9.1,1784228000837,1784227998212
176.69,2.1,1784228000872,1784227998240
176.71,-1.9,1784228000904,1784227998268
176.76,5.1,1784228000939,1784227998310
176.78,0.1,1784228000972,1784227998338
176.83,8.1,1784228001005,1784227998379
176.85,3.1,1784228001038,1784227998407
176.88,-2.9,1784228001072,1784227998435
176.92,6.1,1784228001105,1784227998477
176.95,0.1,1784228001138,1784227998504
176.99,7.1,1784228001172,1784227998545
177.02,2.1,1784228001206,1784227998574
177.05,-2.9,1784228001239,1784227998602
177.09,5.1,1784228001273,1784227998644
177.12,0.1,1784228001305,1784227998671
177.16,9.1,1784228001339,1784227998714
177.19,3.1,1784228001372,1784227998741
177.21,-3.9,1784228001406,1784227998768
177.26,4.1,1784228001440,1784227998810
177.28,-1.9,1784228001474,1784227998838
177.33,7.1,1784228001508,1784227998881
177.35,1.1,1784228001541,1784227998908
177.38,-4.9,1784228001574,1784227998935
177.42,1.1,1784228001610,1784227998977
177.47,10.1,1784228001644,1784227999020
177.49,6.1,1784228001676,1784227999048
177.52,-0.9,1784228001711,1784227999076
177.56,6.1,1784228001744,1784227999116
177.59,1.1,1784228001777,1784227999144
177.63,9.1,1784228001812,1784227999187
177.66,4.1,1784228001844,1784227999214
177.69,-1.9,1784228001878,1784227999242
177.73,7.1,1784228001911,1784227999284
177.76,1.1,1784228001945,1784227999312
177.80,8.1,1784228001980,1784227999354
177.83,3.1,1784228002011,1784227999380
177.86,-2.9,1784228002046,1784227999409
177.90,6.1,1784228002079,1784227999451
177.92,0.1,1784228002113,1784227999479
177.97,9.1,1784228002146,1784227999521
177.99,1.1,1784228002181,1784227999548
178.02,-1.9,1784228002213,1784227999577
178.06,4.1,1784228002248,1784227999618
178.09,-0.9,1784228002281,1784227999646
178.13,6.1,1784228002315,1784227999687
178.16,2.1,1784228002348,1784227999716
178.19,-4.9,1784228002381,1784227999742
178.23,3.1,1784228002416,1784227999785
178.26,0.1,1784228002448,1784227999814
178.30,6.1,1784228002483,1784227999855
178.33,1.1,1784228002515,1784227999882
178.37,10.1,1784228002549,1784227999925
178.40,3.1,1784228002583,1784227999952
178.43,-1.9,1784228002616,1784227999980
178.47,6.1,1784228002650,1784228000022
178.50,0.1,1784228002684,1784228000050
178.52,-4.9,1784228002717,1784228000078
178.56,2.1,1784228002751,1784228000119
178.59,-1.9,1784228002784,1784228000148
178.63,4.1,1784228002818,1784228000188
178.66,-1.9,1784228002852,1784228000216
178.70,7.1,1784228002884,1784228000257
178.73,0.1,1784228002920,1784228000286
178.76,-3.9,1784228002952,1784228000314
178.80,4.1,1784228002986,1784228000356
178.83,-0.9,1784228003019,1784228000384
178.87,6.1,1784228003053,1784228000425
178.90,0.1,1784228003088,1784228000454
178.94,6.1,1784228003122,1784228000494
178.97,1.1,1784228003155,1784228000522
179.00,-3.9,1784228003188,1784228000550
179.04,5.1,1784228003221,1784228000592
179.07,-1.9,1784228003255,1784228000619
179.11,6.1,1784228003290,1784228000662
179.14,0.1,1784228003324,1784228000690
179.16,-3.9,1784228003356,1784228000718
179.20,4.1,1784228003389,1784228000759
179.23,-2.9,1784228003424,1784228000787
179.27,5.1,1784228003457,1784228000828
179.30,0.2,1784228003491,1784228000857
179.33,-3.8,1784228003523,1784228000885
179.37,2.2,1784228003559,1784228000927
179.40,-1.8,1784228003591,1784228000955
179.44,4.2,1784228003625,1784228000995
179.47,0.2,1784228003658,1784228001024
179.51,8.2,1784228003692,1784228001066
179.54,1.2,1784228003727,1784228001094
179.57,-2.8,1784228003758,1784228001121
179.61,6.2,1784228003792,1784228001164
179.64,0.2,1784228003825,1784228001191
179.68,7.2,1784228003860,1784228001233
179.71,0.2,1784228003894,1784228001260
179.73,-4.8,1784228003927,1784228001288
179.78,2.2,1784228003962,1784228001330
179.80,-2.8,1784228003994,1784228001357
179.85,7.2,1784228004027,1784228001400
179.87,0.2,1784228004061,1784228001427
179.92,7.2,1784228004096,1784228001469
179.94,3.2,1784228004129,1784228001498
179.98,10.2,1784228004163,1784228001539
180.01,5.2,1784228004196,1784228001567
180.04,-0.8,1784228004229,1784228001594
180.08,7.2,1784228004264,1784228001637
180.11,1.2,1784228004297,1784228001664
180.15,7.2,1784228004332,1784228001705
180.18,5.2,1784228004363,1784228001734
180.21,-1.8,1784228004398,1784228001762
180.25,8.2,1784228004430,1784228001804
180.28,1.2,1784228004464,1784228001831
180.32,11.2,1784228004497,1784228001874
180.35,3.2,1784228004532,1784228001901
180.37,-2.8,1784228004566,1784228001929
180.42,5.2,1784228004599,1784228001970
180.44,0.2,1784228004632,1784228001998
180.49,6.2,1784228004667,1784228002039
180.51,3.2,1784228004699,1784228002068
180.54,-2.8,1784228004733,1784228002096
180.58,4.2,1784228004767,1784228002137
180.61,-0.8,1784228004800,1784228002165
180.65,6.2,1784228004835,1784228002207
180.68,1.2,1784228004868,1784228002235
180.72,10.2,1784228004902,1784228002278
180.75,3.2,1784228004936,1784228002305
180.78,-1.8,1784228004969,1784228002333
180.82,6.2,1784228005002,1784228002374
180.85,1.2,1784228005036,1784228002403
180.89,7.2,1784228005071,1784228002444
180.92,0.2,1784228005105,1784228002471
180.95,-4.8,1784228005139,1784228002500
180.99,5.2,1784228005170,1784228002541
181.02,-1.8,1784228005205,1784228002569
181.06,7.2,1784228005238,1784228002611
181.08,1.2,1784228005272,1784228002639
181.11,-4.8,1784228005305,1784228002666
181.15,3.2,1784228005340,1784228002709
181.18,0.2,1784228005371,1784228002737
181.21,-4.8,1784228005404,1784228002765
181.25,0.2,1784228005439,1784228002805
181.29,9.2,1784228005473,1784228002848
181.32,4.2,1784228005506,1784228002876
181.35,-1.8,1784228005539,1784228002903
181.39,6.2,1784228005574,1784228002946
181.42,0.2,1784228005607,1784228002973
181.46,9.2,1784228005640,1784228003015
181.49,4.2,1784228005673,1784228003043
181.52,-2.8,1784228005707,1784228003070
181.56,5.2,1784228005741,1784228003112
181.59,0.2,1784228005774,1784228003140
181.63,8.2,1784228005809,1784228003183
181.66,2.2,1784228005842,1784228003210
181.68,-3.8,1784228005875,1784228003237
181.72,5.2,1784228005908,1784228003279
181.75,-0.8,1784228005943,1784228003308
181.79,7.2,1784228005976,1784228003349
181.82,1.2,1784228006010,1784228003377
181.86,8.2,1784228006044,1784228003418
181.89,3.2,1784228006077,1784228003446
181.92,-1.8,1784228006111,1784228003475
181.96,6.2,1784228006144,1784228003516
181.99,1.2,1784228006177,1784228003544
182.03,9.2,1784228006211,1784228003586
182.06,3.2,1784228006245,1784228003614
182.09,-2.8,1784228006279,1784228003642
182.13,4.2,1784228006313,1784228003683
182.16,-0.8,1784228006346,1784228003711
182.20,9.2,1784228006379,1784228003754
182.23,1.2,1784228006413,1784228003780
182.25,-2.8,1784228006445,1784228003808
182.30,3.2,1784228006480,1784228003849
182.32,-1.8,1784228006514,1784228003878
182.37,5.2,1784228006549,1784228003920
182.39,0.2,1784228006581,1784228003947
182.44,8.2,1784228006615,1784228003989
182.46,4.2,1784228006648,1784228004018
182.49,-1.8,1784228006682,1784228004046
182.53,6.2,1784228006715,1784228004087
182.56,0.2,1784228006749,1784228004115
182.60,8.2,1784228006783,1784228004157
182.63,3.2,1784228006816,1784228004185
182.67,9.2,1784228006851,1784228004226
182.70,3.2,1784228006885,1784228004254
182.73,-2.8,1784228006919,1784228004282
182.77,6.2,1784228006951,1784228004323
182.80,0.2,1784228006986,1784228004352
182.84,10.2,1784228007018,1784228004394
182.87,1.2,1784228007053,1784228004420
182.90,-1.8,1784228007085,1784228004449
182.94,7.2,1784228007118,1784228004491
182.96,1.2,1784228007152,1784228004519
182.99,-3.8,1784228007185,1784228004547
183.03,3.2,1784228007219,1784228004588
183.06,-0.8,1784228007251,1784228004616
183.10,4.2,1784228007288,1784228004658
183.13,0.2,1784228007320,1784228004686
183.17,5.2,1784228007356,1784228004727
183.20,3.2,1784228007386,1784228004755
183.23,-2.8,1784228007421,1784228004784
183.28,11.2,1784228007454,1784228004831
183.30,-1.8,1784228007489,1784228004853
183.34,8.3,1784228007521,1784228004895
183.37,1.3,1784228007555,1784228004922
183.40,-3.7,1784228007589,1784228004951
183.44,4.3,1784228007622,1784228004992
183.47,-1.7,1784228007656,1784228005020
183.51,6.3,1784228007690,1784228005062
183.54,0.3,1784228007723,1784228005089
183.56,-3.7,1784228007756,1784228005118
183.61,3.3,1784228007790,1784228005159
183.63,-2.7,1784228007824,1784228005187
183.67,5.3,1784228007858,1784228005229
183.70,-1.7,1784228007893,1784228005257
183.74,7.3,1784228007926,1784228005299
183.77,2.3,1784228007958,1784228005326
183.81,10.3,1784228007992,1784228005368
183.84,3.3,1784228008026,1784228005395
183.87,-2.7,1784228008061,1784228005424
183.91,8.3,1784228008092,1784228005466
183.94,2.3,1784228008126,1784228005494
183.97,-3.7,1784228008159,1784228005521
184.01,3.3,1784228008193,1784228005562
184.04,-0.7,1784228008226,1784228005591
184.08,6.3,1784228008260,1784228005632
184.11,1.3,1784228008293,1784228005660
184.15,8.3,1784228008327,1784228005701
184.18,3.3,1784228008361,1784228005730
184.20,-1.7,1784228008394,1784228005758
184.25,4.3,1784228008429,1784228005799
184.27,-2.7,1784228008463,1784228005826
184.31,6.3,1784228008496,1784228005868
184.34,1.3,1784228008531,1784228005898
184.37,-4.7,1784228008564,1784228005925
184.41,4.3,1784228008597,1784228005967
184.44,-1.7,1784228008630,1784228005994
184.48,6.3,1784228008664,1784228006036
184.51,2.3,1784228008697,1784228006065
184.54,-3.7,1784228008730,1784228006092
184.58,2.3,1784228008766,1784228006134
184.61,-2.7,1784228008798,1784228006161
184.65,6.3,1784228008832,1784228006204
184.68,-1.7,1784228008867,1784228006231
184.72,8.3,1784228008899,1784228006273
184.75,0.3,1784228008934,1784228006300
184.79,8.3,1784228008969,1784228006343
184.82,3.3,1784228009001,1784228006370
184.84,-1.7,1784228009035,1784228006399
184.89,5.3,1784228009069,1784228006440
184.91,1.3,1784228009101,1784228006468
184.95,9.3,1784228009134,1784228006509
184.98,1.3,1784228009170,1784228006537
185.01,-2.7,1784228009202,1784228006565
185.05,5.3,1784228009235,1784228006606
185.08,1.3,1784228009268,1784228006635
185.12,8.3,1784228009302,1784228006676
185.15,3.3,1784228009336,1784228006705
185.18,-2.7,1784228009369,1784228006732
185.22,6.3,1784228009402,1784228006774
185.25,-0.7,1784228009437,1784228006802
185.29,8.3,1784228009470,1784228006844
185.32,1.3,1784228009504,1784228006871
185.35,-3.7,1784228009537,1784228006899
185.39,4.3,1784228009571,1784228006941
185.42,-1.7,1784228009605,1784228006969
185.46,5.3,1784228009639,1784228007010
185.48,-1.7,1784228009674,1784228007038
185.53,7.3,1784228009707,1784228007080
185.55,2.3,1784228009740,1784228007108
185.58,-3.7,1784228009774,1784228007136
185.62,6.3,1784228009806,1784228007178
185.65,-0.7,1784228009840,1784228007205
185.69,6.3,1784228009875,1784228007247
185.72,1.3,1784228009908,1784228007275
185.75,-2.7,1784228009941,1784228007304
185.79,6.3,1784228009974,1784228007346
185.82,-2.7,1784228010009,1784228007372
185.86,8.3,1784228010041,1784228007415
185.89,1.3,1784228010075,1784228007442
185.93,9.3,1784228010109,1784228007484
185.96,3.3,1784228010143,1784228007512
185.99,-1.7,1784228010176,1784228007540
186.04,18.3,1784228010210,1784228007594
186.06,0.3,1784228010244,1784228007610
186.10,8.3,1784228010277,1784228007651
186.13,4.3,1784228010310,1784228007680
186.17,9.3,1784228010345,1784228007720
186.19,5.3,1784228010377,1784228007748
186.22,-0.7,1784228010411,1784228007776
186.26,9.3,1784228010444,1784228007819
186.29,3.3,1784228010478,1784228007847
186.32,-2.7,1784228010511,1784228007874
186.36,4.3,1784228010546,1784228007916
186.39,-1.7,1784228010579,1784228007943
186.43,6.3,1784228010614,1784228007986
186.46,2.3,1784228010645,1784228008013
186.50,8.3,1784228010681,1784228008055
186.53,2.3,1784228010714,1784228008082
186.56,-3.7,1784228010748,1784228008110
186.60,6.3,1784228010781,1784228008153
186.63,-0.7,1784228010815,1784228008180
186.67,9.3,1784228010848,1784228008223
186.70,2.3,1784228010882,1784228008250
186.72,-1.7,1784228010915,1784228008279
186.76,2.3,1784228010951,1784228008319
186.79,-1.7,1784228010983,1784228008347
186.83,7.3,1784228011016,1784228008389
186.86,3.3,1784228011049,1784228008418
186.90,8.3,1784228011084,1784228008458
186.93,3.3,1784228011117,1784228008486
186.96,-2.7,1784228011151,1784228008514
187.00,5.3,1784228011184,1784228008555
187.03,1.3,1784228011217,1784228008584
187.07,9.3,1784228011251,1784228008626
187.10,2.3,1784228011285,1784228008653
187.13,-2.7,1784228011318,1784228008681
187.17,5.3,1784228011352,1784228008723
187.20,-0.7,1784228011385,1784228008750
187.24,8.3,1784228011418,1784228008792
187.27,2.3,1784228011452,1784228008820
187.29,-3.7,1784228011486,1784228008848
187.34,4.3,1784228011520,1784228008890
187.36,-0.7,1784228011553,1784228008918
187.41,8.3,1784228011586,1784228008960
187.43,-0.7,1784228011622,1784228008987
187.48,8.3,1784228011656,1784228009030
187.50,3.3,1784228011688,1784228009057
187.53,-1.7,1784228011722,1784228009086
187.57,4.3,1784228011756,1784228009126
187.60,-1.7,1784228011791,1784228009155
187.64,9.3,1784228011823,1784228009198
187.67,1.3,1784228011857,1784228009224
187.70,-2.7,1784228011889,1784228009252
187.74,5.3,1784228011923,1784228009294
187.77,0.3,1784228011956,1784228009322
187.81,6.3,1784228011991,1784228009363
187.84,0.3,1784228012025,1784228009391
187.86,-3.7,1784228012057,1784228009419
187.91,4.3,1784228012091,1784228009461
187.93,-1.7,1784228012124,1784228009488
187.98,5.3,1784228012159,1784228009530
188.00,-0.7,1784228012193,1784228009558
188.05,9.3,1784228012225,1784228009600
188.07,2.3,1784228012260,1784228009628
188.10,-2.7,1784228012293,1784228009656
188.14,2.3,1784228012329,1784228009697
188.17,-1.7,1784228012361,1784228009725
188.21,7.3,1784228012394,1784228009767
188.24,4.3,1784228012426,1784228009796
188.27,-1.7,1784228012459,1784228009823
188.31,5.3,1784228012494,1784228009865
188.34,-1.7,1784228012528,1784228009892
188.38,9.3,1784228012561,1784228009936
188.41,1.3,1784228012595,1784228009962
188.45,9.3,1784228012629,1784228010004
188.48,4.3,1784228012662,1784228010032
188.51,-0.7,1784228012695,1784228010060
188.55,7.3,1784228012729,1784228010102
188.57,-0.7,1784228012763,1784228010128
188.62,8.3,1784228012797,1784228010171
188.64,2.3,1784228012830,1784228010198
188.67,-0.7,1784228012863,1784228010228
188.71,4.3,1784228012898,1784228010268
188.74,-0.7,1784228012931,1784228010296
188.78,7.3,1784228012965,1784228010338
188.81,0.3,1784228013000,1784228010366
188.85,8.3,1784228013034,1784228010408
188.88,2.3,1784228013067,1784228010435
188.91,-2.7,1784228013100,1784228010463
188.95,5.3,1784228013133,1784228010504
188.98,0.3,1784228013167,1784228010533
189.02,7.3,1784228013201,1784228010574
189.05,2.3,1784228013234,1784228010602
189.09,11.3,1784228013268,1784228010645
189.12,4.3,1784228013302,1784228010672
189.15,0.3,1784228013335,1784228010701
189.19,6.3,1784228013370,1784228010742
189.22,1.3,1784228013402,1784228010769
189.24,-2.7,1784228013434,1784228010797
189.28,5.3,1784228013468,1784228010839
189.31,-0.7,1784228013502,1784228010867
189.35,8.4,1784228013535,1784228010909
189.38,2.4,1784228013568,1784228010936
189.42,9.4,1784228013603,1784228010978
189.45,3.4,1784228013637,1784228011006
189.48,-1.6,1784228013670,1784228011034
189.52,5.4,1784228013705,1784228011076
189.55,1.4,1784228013737,1784228011104
189.58,-3.6,1784228013770,1784228011132
189.62,4.4,1784228013804,1784228011174
189.65,-2.6,1784228013838,1784228011201
189.69,5.4,1784228013872,1784228011243
189.72,1.4,1784228013904,1784228011271
189.76,7.4,1784228013939,1784228011312
189.79,2.4,1784228013973,1784228011341
189.83,8.4,1784228014008,1784228011382
189.86,3.4,1784228014041,1784228011410
189.88,-2.6,1784228014074,1784228011437
189.93,6.4,1784228014107,1784228011479
189.95,0.4,1784228014142,1784228011508
189.98,-4.6,1784228014174,1784228011535
190.02,5.4,1784228014207,1784228011578
190.05,-1.6,1784228014241,1784228011605
190.09,6.4,1784228014275,1784228011647
190.12,0.4,1784228014309,1784228011675
190.16,8.4,1784228014342,1784228011716
190.19,1.4,1784228014377,1784228011744
190.22,-3.6,1784228014410,1784228011772
190.26,5.4,1784228014443,1784228011814
190.29,0.4,1784228014476,1784228011842
190.33,6.4,1784228014511,1784228011883
190.36,1.4,1784228014543,1784228011910
190.40,11.4,1784228014577,1784228011954
190.43,4.4,1784228014611,1784228011981
190.45,-0.6,1784228014644,1784228012009
190.50,8.4,1784228014677,1784228012051
190.52,-0.6,1784228014713,1784228012078
190.57,7.4,1784228014747,1784228012120
190.59,1.4,1784228014780,1784228012147
190.62,-1.6,1784228014812,1784228012176
190.66,5.4,1784228014847,1784228012218
190.69,-0.6,1784228014880,1784228012245
190.73,9.4,1784228014913,1784228012288
190.76,2.4,1784228014947,1784228012315
190.79,-3.6,1784228014981,1784228012343
190.83,4.4,1784228015015,1784228012385
190.86,-1.6,1784228015048,1784228012412
190.90,7.4,1784228015082,1784228012455
190.93,0.4,1784228015116,1784228012482
190.97,10.4,1784228015148,1784228012524
191.00,3.4,1784228015182,1784228012551
191.03,-1.6,1784228015216,1784228012580
191.07,4.4,1784228015251,1784228012621
191.10,0.4,1784228015283,1784228012649
191.14,7.4,1784228015318,1784228012691
191.16,3.4,1784228015350,1784228012719
191.19,-1.6,1784228015383,1784228012747
191.23,3.4,1784228015418,1784228012787
191.26,1.4,1784228015450,1784228012817
191.30,8.4,1784228015484,1784228012858
191.33,1.5,1784228015518,1784228012885
191.36,-2.5,1784228015551,1784228012914
191.40,4.5,1784228015585,1784228012955
191.43,-1.5,1784228015619,1784228012983
191.47,6.5,1784228015652,1784228013024
191.50,0.5,1784228015686,1784228013052
191.53,-4.5,1784228015719,1784228013080
191.57,3.5,1784228015753,1784228013122
191.61,12.5,1784228015786,1784228013164
191.64,7.5,1784228015820,1784228013193
191.67,0.5,1784228015854,1784228013220
191.72,22.5,1784228015887,1784228013275
191.75,16.5,1784228015922,1784228013304
191.76,-2.5,1784228015955,1784228013318
191.81,3.5,1784228015990,1784228013359
191.83,-1.5,1784228016023,1784228013387
191.87,6.5,1784228016056,1784228013428
191.90,1.5,1784228016089,1784228013456
191.93,-4.5,1784228016123,1784228013484
191.97,3.5,1784228016157,1784228013526
192.00,-0.5,1784228016189,1784228013554
192.04,7.5,1784228016223,1784228013596
192.07,0.5,1784228016258,1784228013624
192.11,7.5,1784228016292,1784228013665
192.14,4.5,1784228016324,1784228013694
192.17,-2.5,1784228016358,1784228013721
192.21,4.5,1784228016392,1784228013762
192.24,-0.5,1784228016425,1784228013790
192.28,7.5,1784228016459,1784228013832
192.31,2.5,1784228016492,1784228013860
192.33,-2.5,1784228016526,1784228013889
192.38,4.5,1784228016560,1784228013930
192.40,-0.5,1784228016593,1784228013958
192.45,5.5,1784228016628,1784228013999
192.47,1.5,1784228016660,1784228014027
192.50,-3.5,1784228016694,1784228014056
192.54,3.5,1784228016728,1784228014097
192.57,-4.5,1784228016763,1784228014124
192.61,6.5,1784228016795,1784228014167
192.64,0.5,1784228016828,1784228014194
192.68,8.5,1784228016863,1784228014237
192.71,2.5,1784228016896,1784228014264
192.74,-3.5,1784228016930,1784228014292
192.78,3.5,1784228016964,1784228014333
192.81,-0.5,1784228016997,1784228014362
192.85,5.5,1784228017031,1784228014402
192.88,0.5,1784228017065,1784228014431
192.92,9.5,1784228017098,1784228014473
192.95,2.5,1784228017132,1784228014500
192.97,-2.5,1784228017165,1784228014528
193.02,6.5,1784228017198,1784228014570
193.04,1.5,1784228017231,1784228014598
193.09,9.5,1784228017266,1784228014641
193.11,1.5,1784228017301,1784228014668
193.14,-4.5,1784228017334,1784228014695
193.18,4.5,1784228017368,1784228014738
193.21,-0.5,1784228017400,1784228014765
193.25,7.5,1784228017434,1784228014807
193.28,3.5,1784228017466,1784228014835
193.31,-1.5,1784228017499,1784228014863
193.35,5.4,1784228017534,1784228014905
193.38,-2.6,1784228017568,1784228014931
193.42,8.4,1784228017600,1784228014974
193.45,1.4,1784228017634,1784228015001
193.48,-2.6,1784228017668,1784228015031
193.52,3.4,1784228017702,1784228015071
193.55,-1.6,1784228017735,1784228015099
193.59,5.4,1784228017769,1784228015140
193.61,1.4,1784228017802,1784228015169
193.66,7.4,1784228017837,1784228015210
193.68,2.4,1784228017870,1784228015238
193.71,-2.6,1784228017903,1784228015266
193.75,4.4,1784228017938,1784228015308
193.78,-0.6,1784228017972,1784228015337
193.82,7.4,1784228018005,1784228015378
193.85,0.4,1784228018040,1784228015406
193.88,-2.6,1784228018072,1784228015435
193.92,5.4,1784228018105,1784228015476
193.95,-2.6,1784228018139,1784228015502
193.99,6.4,1784228018174,1784228015546
194.02,0.4,1784228018206,1784228015572
194.06,9.4,1784228018239,1784228015614
194.09,4.4,1784228018273,1784228015643
194.12,-2.6,1784228018308,1784228015671
194.16,6.4,1784228018340,1784228015712
194.19,-2.6,1784228018376,1784228015739
194.23,7.4,1784228018408,1784228015781
194.25,1.4,1784228018442,1784228015809
194.28,-1.6,1784228018473,1784228015837
194.32,4.4,1784228018508,1784228015878
194.35,-2.6,1784228018543,1784228015906
194.40,8.4,1784228018576,1784228015950
194.42,0.4,1784228018610,1784228015976
194.45,-3.6,1784228018642,1784228016004
194.49,5.4,1784228018676,1784228016047
194.52,-0.6,1784228018709,1784228016074
194.56,7.4,1784228018743,1784228016116
194.59,0.4,1784228018777,1784228016143
194.62,-3.6,1784228018810,1784228016172
194.66,3.4,1784228018844,1784228016213
194.69,-2.6,1784228018877,1784228016240
194.73,6.4,1784228018911,1784228016283
194.76,-1.6,1784228018945,1784228016309
194.80,7.4,1784228018980,1784228016353
194.83,-0.6,1784228019014,1784228016379
194.87,9.4,1784228019047,1784228016422
194.90,4.4,1784228019080,1784228016450
194.92,-1.6,1784228019113,1784228016477
194.97,7.4,1784228019147,1784228016520
194.99,1.4,1784228019180,1784228016547
195.03,8.4,1784228019215,1784228016589
195.06,4.4,1784228019247,1784228016617
195.09,-2.6,1784228019282,1784228016645
195.13,5.4,1784228019316,1784228016687
195.16,0.4,1784228019348,1784228016714
195.20,7.4,1784228019383,1784228016756
195.23,3.4,1784228019415,1784228016784
195.26,-3.6,1784228019449,1784228016811
195.30,4.4,1784228019483,1784228016853
195.33,-1.6,1784228019517,1784228016881
195.37,6.5,1784228019550,1784228016922
195.40,1.5,1784228019583,1784228016950
195.44,9.5,1784228019617,1784228016992
195.47,3.5,1784228019651,1784228017020
195.49,-2.5,1784228019684,1784228017047
195.54,6.5,1784228019718,1784228017090
195.56,0.5,1784228019751,1784228017117
195.61,8.5,1784228019785,1784228017159
195.63,4.5,1784228019818,1784228017188
195.66,-2.5,1784228019853,1784228017216
195.70,4.5,1784228019886,1784228017256
195.73,-0.5,1784228019920,1784228017285
195.77,8.5,1784228019953,1784228017327
195.80,-0.5,1784228019989,1784228017354
195.83,-3.5,1784228020021,1784228017383
195.87,5.5,1784228020053,1784228017424
195.90,-1.5,1784228020088,1784228017452
195.94,7.5,1784228020121,1784228017494
195.97,0.5,1784228020155,1784228017521
196.00,-4.5,1784228020189,1784228017550
196.04,3.5,1784228020222,1784228017591
196.06,-2.5,1784228020256,1784228017619
196.11,5.5,1784228020289,1784228017660
196.13,-0.5,1784228020323,1784228017688
196.18,6.5,1784228020358,1784228017730
196.20,0.5,1784228020392,1784228017758
196.23,-4.5,1784228020424,1784228017785
196.27,4.5,1784228020458,1784228017828
196.30,1.5,1784228020489,1784228017856
196.34,7.5,1784228020524,1784228017897
196.37,2.5,1784228020557,1784228017925
196.40,-2.5,1784228020591,1784228017954
196.44,4.5,1784228020625,1784228017995
196.47,-1.5,1784228020659,1784228018023
196.51,6.5,1784228020692,1784228018064
196.54,0.5,1784228020726,1784228018092
196.58,8.5,1784228020760,1784228018134
196.61,2.5,1784228020793,1784228018161
196.64,-3.5,1784228020827,1784228018189
196.68,3.5,1784228020861,1784228018230
196.71,-1.5,1784228020895,1784228018259
196.75,7.5,1784228020928,1784228018301
196.77,0.5,1784228020962,1784228018328
196.80,-4.5,1784228020995,1784228018356
196.84,4.5,1784228021029,1784228018399
196.87,-0.5,1784228021061,1784228018426
196.91,6.5,1784228021096,1784228018468
196.94,0.5,1784228021129,1784228018495
196.97,-3.5,1784228021162,1784228018524
197.01,3.5,1784228021196,1784228018565
197.04,-2.5,1784228021230,1784228018593
197.08,4.5,1784228021264,1784228018634
197.11,0.5,1784228021297,1784228018663
197.15,9.5,1784228021330,1784228018705
197.18,2.5,1784228021364,1784228018732
197.21,-2.5,1784228021397,1784228018760
197.25,4.5,1784228021431,1784228018801
197.28,-1.5,1784228021465,1784228018829
197.32,7.5,1784228021498,1784228018871
197.35,2.5,1784228021531,1784228018899
197.39,7.5,1784228021567,1784228018940
197.41,4.5,1784228021598,1784228018968
197.44,-1.5,1784228021633,1784228018997
197.48,4.5,1784228021668,1784228019038
197.51,-0.5,1784228021701,1784228019066
197.55,8.5,1784228021734,1784228019108
197.58,1.5,1784228021768,1784228019135
197.62,9.5,1784228021802,1784228019177
197.65,2.5,1784228021836,1784228019204
197.68,-1.5,1784228021869,1784228019233
197.72,8.5,1784228021902,1784228019276
197.75,2.5,1784228021935,1784228019303
197.79,10.5,1784228021969,1784228019345
197.82,2.5,1784228022004,1784228019372
197.85,-1.5,1784228022036,1784228019400
197.89,6.5,1784228022070,1784228019442
197.92,0.5,1784228022104,1784228019470
197.96,8.5,1784228022138,1784228019512
197.99,0.5,1784228022173,1784228019539
198.03,8.5,1784228022207,1784228019581
198.06,6.5,1784228022238,1784228019610
198.08,-0.5,1784228022273,1784228019638
198.12,7.5,1784228022305,1784228019678
198.15,2.5,1784228022339,1784228019707
198.19,8.5,1784228022374,1784228019748
198.22,5.5,1784228022405,1784228019776
198.25,0.5,1784228022439,1784228019805
198.29,6.5,1784228022474,1784228019846
198.32,1.5,1784228022506,1784228019873
198.35,-3.5,1784228022539,1784228019901
198.39,4.5,1784228022574,1784228019944
198.42,-1.5,1784228022607,1784228019971
198.46,7.5,1784228022640,1784228020013
198.49,1.5,1784228022673,1784228020040
198.51,-5.5,1784228022708,1784228020068
198.56,1.5,1784228022742,1784228020109
198.58,-3.5,1784228022776,1784228020138
198.63,6.5,1784228022809,1784228020181
198.65,-0.5,1784228022842,1784228020207
198.69,7.5,1784228022876,1784228020249
198.72,1.5,1784228022910,1784228020277
198.75,-3.5,1784228022944,1784228020306
198.79,3.5,1784228022978,1784228020347
198.82,-1.5,1784228023011,1784228020375
198.86,5.5,1784228023046,1784228020417
198.89,0.5,1784228023077,1784228020443
198.93,8.5,1784228023112,1784228020486
198.96,2.5,1784228023146,1784228020514
198.99,-1.5,1784228023178,1784228020542
199.03,4.5,1784228023213,1784228020583
199.06,-0.5,1784228023247,1784228020612
199.10,6.5,1784228023281,1784228020653
199.13,2.5,1784228023313,1784228020681
199.17,10.5,1784228023347,1784228020723
199.20,3.5,1784228023381,1784228020750
199.22,-1.5,1784228023414,1784228020778
199.27,6.5,1784228023447,1784228020819
199.29,1.5,1784228023482,1784228020849
199.32,-2.5,1784228023514,1784228020877
199.36,4.6,1784228023548,1784228020918
199.39,-1.4,1784228023582,1784228020946
199.43,7.6,1784228023615,1784228020988
199.46,1.6,1784228023647,1784228021014
199.49,-4.4,1784228023682,1784228021043
199.53,2.6,1784228023716,1784228021084
199.56,-2.4,1784228023750,1784228021113
199.60,6.6,1784228023783,1784228021155
199.63,-0.4,1784228023817,1784228021182
199.67,7.6,1784228023850,1784228021223
199.70,1.6,1784228023884,1784228021251
199.73,-3.4,1784228023917,1784228021279
199.77,7.6,1784228023949,1784228021322
199.79,-1.4,1784228023985,1784228021349
199.84,4.6,1784228024020,1784228021390
199.86,-0.4,1784228024054,1784228021419
199.91,8.6,1784228024086,1784228021460
199.93,2.6,1784228024120,1784228021488
199.96,-2.4,1784228024153,1784228021516
200.00,5.6,1784228024187,1784228021558
200.03,1.6,1784228024219,1784228021586
200.07,8.6,1784228024253,1784228021627
200.10,3.6,1784228024287,1784228021656
200.13,-1.4,1784228024320,1784228021684
200.17,4.6,1784228024355,1784228021725
200.20,-0.4,1784228024388,1784228021753
200.24,7.6,1784228024421,1784228021794
200.27,1.6,1784228024455,1784228021822
200.30,-3.4,1784228024489,1784228021851
200.34,5.6,1784228024521,1784228021892
200.37,-1.4,1784228024555,1784228021919
200.41,8.6,1784228024588,1784228021962
200.44,1.6,1784228024622,1784228021989
200.46,-4.4,1784228024656,1784228022017
200.50,2.6,1784228024691,1784228022059
200.53,-3.4,1784228024725,1784228022087
200.57,5.6,1784228024758,1784228022129
200.60,-0.4,1784228024791,1784228022156
200.64,8.6,1784228024824,1784228022198
200.67,3.6,1784228024858,1784228022227
200.70,-3.4,1784228024892,1784228022254
200.74,5.6,1784228024925,1784228022296
200.77,-0.4,1784228024959,1784228022324
200.81,6.6,1784228024993,1784228022365
200.84,2.6,1784228025026,1784228022394
200.87,-5.4,1784228025060,1784228022420
200.91,4.6,1784228025094,1784228022464
200.94,-1.4,1784228025127,1784228022491
200.98,7.6,1784228025160,1784228022533
201.01,-0.4,1784228025195,1784228022560
201.05,7.6,1784228025229,1784228022602
201.08,2.6,1784228025262,1784228022630
201.10,-1.4,1784228025294,1784228022658
201.15,4.6,1784228025329,1784228022699
201.17,-0.4,1784228025363,1784228022728
201.21,7.6,1784228025396,1784228022769
201.24,1.6,1784228025430,1784228022797
201.28,9.6,1784228025464,1784228022839
201.31,5.6,1784228025497,1784228022868
201.34,0.6,1784228025529,1784228022895
201.38,7.7,1784228025563,1784228022936
201.41,1.7,1784228025597,1784228022964
201.44,-3.3,1784228025631,1784228022993
201.48,5.7,1784228025664,1784228023035
201.51,-2.3,1784228025698,1784228023061
201.55,5.7,1784228025732,1784228023103
201.58,0.7,1784228025765,1784228023131
201.62,9.7,1784228025799,1784228023174
201.65,2.7,1784228025832,1784228023200
201.67,-2.3,1784228025866,1784228023229
201.72,4.7,1784228025900,1784228023270
201.74,-0.3,1784228025933,1784228023298
201.79,8.7,1784228025967,1784228023341
201.81,3.7,1784228025999,1784228023368
201.84,-2.3,1784228026034,1784228023397
201.88,2.7,1784228026069,1784228023437
201.91,-2.3,1784228026102,1784228023465
201.95,7.7,1784228026135,1784228023508
201.98,0.7,1784228026169,1784228023535
202.01,-3.3,1784228026202,1784228023564
202.05,2.7,1784228026236,1784228023604
202.08,-3.3,1784228026271,1784228023633
202.12,5.7,1784228026304,1784228023675
202.15,-0.3,1784228026337,1784228023702
202.19,8.7,1784228026370,1784228023744
202.22,2.7,1784228026404,1784228023772
202.25,-2.3,1784228026437,1784228023800
202.29,3.7,1784228026472,1784228023841
202.31,-0.3,1784228026504,1784228023869
202.34,-4.3,1784228026537,1784228023898
202.38,1.7,1784228026571,1784228023938
202.41,-2.3,1784228026605,1784228023968
202.45,4.7,1784228026638,1784228024008
202.48,-1.3,1784228026672,1784228024036
202.52,6.7,1784228026706,1784228024078
202.55,1.7,1784228026739,1784228024106
202.59,8.7,1784228026774,1784228024148
202.62,2.7,1784228026807,1784228024175
202.65,-2.3,1784228026841,1784228024204
202.69,4.7,1784228026875,1784228024245
202.72,-0.3,1784228026909,1784228024274
202.76,8.7,1784228026941,1784228024315
202.79,1.7,1784228026975,1784228024342
202.82,-3.3,1784228027008,1784228024370
202.86,4.7,1784228027042,1784228024412
202.89,-0.3,1784228027076,1784228024441
202.93,7.7,1784228027109,1784228024482
202.96,0.7,1784228027144,1784228024510
203.00,8.7,1784228027177,1784228024551
203.03,4.7,1784228027210,1784228024580
203.05,-2.3,1784228027244,1784228024607
203.10,4.7,1784228027279,1784228024649
203.12,0.7,1784228027312,1784228024678
203.16,7.7,1784228027345,1784228024718
203.19,3.7,1784228027378,1784228024747
203.22,-1.3,1784228027412,1784228024776
203.26,5.7,1784228027446,1784228024817
203.29,-3.3,1784228027481,1784228024843
203.33,9.7,1784228027512,1784228024887
203.36,2.7,1784228027545,1784228024913
203.39,-3.3,1784228027579,1784228024941
203.43,5.7,1784228027612,1784228024983
203.46,-1.3,1784228027647,1784228025011
203.50,8.7,1784228027679,1784228025053
203.53,0.7,1784228027714,1784228025080
203.57,9.7,1784228027747,1784228025122
203.60,2.7,1784228027782,1784228025150
203.62,-2.3,1784228027815,1784228025178
203.67,5.7,1784228027848,1784228025219
203.69,0.7,1784228027882,1784228025248
203.74,7.7,1784228027916,1784228025289
203.76,2.7,1784228027950,1784228025318
203.79,-3.3,1784228027983,1784228025345
203.83,4.7,1784228028017,1784228025387
203.86,0.7,1784228028049,1784228025415
203.90,7.7,1784228028083,1784228025456
203.93,1.7,1784228028118,1784228025485
203.97,8.7,1784228028152,1784228025526
204.00,2.7,1784228028186,1784228025554
204.03,-0.3,1784228028218,1784228025583
204.07,7.7,1784228028251,1784228025624
204.10,1.7,1784228028285,1784228025652
204.14,8.7,1784228028320,1784228025694
204.17,2.7,1784228028353,1784228025721
204.19,-2.3,1784228028386,1784228025749
204.24,5.7,1784228028420,1784228025791
204.26,-0.3,1784228028454,1784228025819
204.31,8.7,1784228028487,1784228025861
204.33,0.7,1784228028521,1784228025887
204.36,-1.3,1784228028553,1784228025917
204.40,4.7,1784228028588,1784228025958
204.43,-0.3,1784228028620,1784228025985
204.47,7.7,1784228028655,1784228026028
204.50,1.7,1784228028689,1784228026056
204.53,-2.3,1784228028721,1784228026084
204.57,4.7,1784228028755,1784228026125
204.60,-0.3,1784228028788,1784228026153
204.64,6.7,1784228028823,1784228026195
204.67,1.7,1784228028856,1784228026223
204.71,9.7,1784228028890,1784228026265
204.74,2.7,1784228028924,1784228026292
204.77,-3.3,1784228028957,1784228026319
204.81,5.7,1784228028991,1784228026362
204.84,0.7,1784228029023,1784228026389
204.88,7.7,1784228029058,1784228026431
204.90,0.7,1784228029093,1784228026459
204.93,-3.3,1784228029125,1784228026487
204.98,4.7,1784228029159,1784228026529
205.00,-1.3,1784228029193,1784228026557
205.04,8.7,1784228029225,1784228026599
205.07,-0.3,1784228029260,1784228026625
205.11,8.7,1784228029294,1784228026668
205.14,4.7,1784228029326,1784228026696
205.17,0.7,1784228029359,1784228026725
205.21,6.7,1784228029394,1784228026766
205.24,1.7,1784228029426,1784228026793
205.28,8.7,1784228029461,1784228026835
205.31,4.7,1784228029493,1784228026863
205.34,-3.3,1784228029528,1784228026890
205.38,4.8,1784228029562,1784228026932
205.41,-2.2,1784228029596,1784228026959
205.45,5.8,1784228029631,1784228027002
205.48,0.8,1784228029664,1784228027030
205.50,-3.2,1784228029696,1784228027058
205.55,2.8,1784228029731,1784228027099
205.57,-1.2,1784228029764,1784228027128
205.62,5.8,1784228029798,1784228027169
205.64,0.8,1784228029831,1784228027197
205.68,6.8,1784228029866,1784228027238
205.71,1.8,1784228029900,1784228027267
205.74,-2.2,1784228029932,1784228027295
205.78,5.8,1784228029965,1784228027336
205.81,-0.2,1784228029999,1784228027364
205.85,7.8,1784228030034,1784228027407
205.88,0.8,1784228030068,1784228027434
205.91,-2.2,1784228030100,1784228027463
205.95,2.8,1784228030134,1784228027502
205.98,-0.2,1784228030167,1784228027532
206.02,6.8,1784228030201,1784228027573
206.05,0.8,1784228030234,1784228027600
206.09,8.8,1784228030269,1784228027643
206.12,3.8,1784228030301,1784228027670
206.14,-2.2,1784228030335,1784228027698
206.18,5.8,1784228030368,1784228027739
206.21,-2.2,1784228030404,1784228027767
206.25,7.8,1784228030435,1784228027808
206.28,1.8,1784228030469,1784228027836
206.31,-3.2,1784228030503,1784228027865
206.35,4.8,1784228030537,1784228027907
206.38,-0.2,1784228030569,1784228027934
206.42,7.8,1784228030603,1784228027976
206.45,0.8,1784228030637,1784228028003
206.49,8.8,1784228030671,1784228028045
206.52,4.8,1784228030704,1784228028074
206.55,-1.2,1784228030737,1784228028101
206.59,7.8,1784228030771,1784228028144
206.62,1.8,1784228030804,1784228028171
206.64,-4.2,1784228030838,1784228028199
206.69,2.8,1784228030872,1784228028240
206.71,-2.2,1784228030905,1784228028268
206.76,5.8,1784228030939,1784228028310
206.78,0.8,1784228030972,1784228028338
206.83,6.8,1784228031007,1784228028379
206.85,2.8,1784228031040,1784228028408
206.90,10.8,1784228031075,1784228028451
206.92,3.8,1784228031108,1784228028477
206.95,-1.2,1784228031141,1784228028505
206.99,6.8,1784228031175,1784228028547
207.02,1.8,1784228031208,1784228028575
207.06,9.8,1784228031242,1784228028617
207.09,2.8,1784228031276,1784228028644
207.12,-2.2,1784228031309,1784228028672
207.16,6.8,1784228031342,1784228028714
207.19,1.8,1784228031376,1784228028743
207.23,9.8,1784228031409,1784228028784
207.26,1.8,1784228031444,1784228028811
207.29,-3.2,1784228031477,1784228028839
207.33,4.8,1784228031511,1784228028881
207.36,-1.2,1784228031545,1784228028909
207.40,8.8,1784228031577,1784228028951
207.42,2.8,1784228031610,1784228028978
207.45,-4.2,1784228031645,1784228029006
207.49,4.8,1784228031678,1784228029048
207.52,-1.2,1784228031712,1784228029076
207.56,6.8,1784228031746,1784228029118
207.59,0.8,1784228031780,1784228029146
207.63,7.8,1784228031814,1784228029187
207.66,3.8,1784228031847,1784228029216
207.69,-4.2,1784228031881,1784228029242
207.73,4.8,1784228031915,1784228029285
207.76,-2.2,1784228031949,1784228029312
207.80,7.8,1784228031981,1784228029354
207.83,0.8,1784228032015,1784228029381
207.87,8.8,1784228032050,1784228029424
207.90,2.8,1784228032083,1784228029451
207.93,-1.2,1784228032115,1784228029479
207.97,6.8,1784228032149,1784228029521
208.00,0.8,1784228032183,1784228029549
208.02,-4.2,1784228032216,1784228029577
208.06,-0.2,1784228032253,1784228029618
208.09,-2.2,1784228032284,1784228029647
208.13,7.8,1784228032316,1784228029689
208.16,-0.2,1784228032351,1784228029716
208.20,7.8,1784228032385,1784228029758
208.23,0.8,1784228032420,1784228029786
208.27,10.8,1784228032452,1784228029828
208.30,2.8,1784228032487,1784228029855
208.33,-1.2,1784228032519,1784228029883
208.37,7.8,1784228032552,1784228029925
208.40,1.8,1784228032585,1784228029952
208.43,-3.2,1784228032618,1784228029980
208.47,2.8,1784228032654,1784228030022
208.50,-3.2,1784228032688,1784228030050
208.54,4.8,1784228032722,1784228030092
208.57,-1.2,1784228032755,1784228030119
208.61,7.8,1784228032789,1784228030162
208.64,2.8,1784228032821,1784228030189
208.66,-2.2,1784228032855,1784228030218
208.70,4.8,1784228032888,1784228030258
208.73,0.8,1784228032921,1784228030287
208.78,8.8,1784228032955,1784228030329
208.80,2.8,1784228032988,1784228030356
208.83,-3.2,1784228033022,1784228030384
208.87,4.8,1784228033056,1784228030426
208.90,-1.2,1784228033090,1784228030454
208.94,7.8,1784228033122,1784228030495
208.97,0.8,1784228033156,1784228030522
209.01,8.8,1784228033191,1784228030565
209.04,1.8,1784228033226,1784228030593
209.07,-1.2,1784228033257,1784228030621
209.11,5.8,1784228033292,1784228030663
209.14,-2.2,1784228033327,1784228030690
209.18,7.8,1784228033359,1784228030732
209.21,0.8,1784228033393,1784228030759
209.23,-4.2,1784228033426,1784228030787
209.28,3.8,1784228033460,1784228030829
209.30,-1.2,1784228033493,1784228030857
209.34,4.8,1784228033528,1784228030898
209.37,2.8,1784228033560,1784228030928
209.40,-4.2,1784228033594,1784228030955
209.44,4.8,1784228033626,1784228030996
209.47,-2.2,1784228033661,1784228031024
209.51,5.8,1784228033695,1784228031066
209.54,0.8,1784228033728,1784228031094
209.58,8.8,1784228033762,1784228031136
209.61,3.8,1784228033795,1784228031164
209.64,-3.2,1784228033829,1784228031191
209.68,5.8,1784228033862,1784228031233
209.71,-0.2,1784228033897,1784228031262
209.75,6.8,1784228033931,1784228031303
209.78,0.8,1784228033965,1784228031331
209.80,-4.2,1784228033997,1784228031358
209.85,3.8,1784228034031,1784228031400
209.87,-1.2,1784228034064,1784228031428
209.92,7.8,1784228034098,1784228031471
209.94,0.8,1784228034132,1784228031498
209.97,-3.2,1784228034164,1784228031526
210.01,2.8,1784228034199,1784228031567
210.04,-2.2,1784228034232,1784228031595
210.08,4.8,1784228034267,1784228031637
210.11,-1.2,1784228034301,1784228031665
210.15,6.8,1784228034334,1784228031706
210.18,2.8,1784228034367,1784228031735
210.21,-3.2,1784228034401,1784228031763
210.25,4.8,1784228034434,1784228031804
210.28,-0.2,1784228034467,1784228031832
210.32,7.8,1784228034501,1784228031874
210.35,0.8,1784228034535,1784228031901
210.38,-3.2,1784228034568,1784228031930
210.42,3.8,1784228034602,1784228031971
210.45,-2.2,1784228034636,1784228031999
210.49,5.8,1784228034669,1784228032040
210.51,-1.2,1784228034704,1784228032068
210.56,8.8,1784228034737,1784228032111
210.58,1.8,1784228034771,1784228032138
210.61,-2.2,1784228034804,1784228032167
210.65,4.8,1784228034838,1784228032208
210.68,-0.2,1784228034871,1784228032236
210.72,7.8,1784228034905,1784228032278
210.75,-0.2,1784228034940,1784228032305
210.79,8.8,1784228034973,1784228032347
210.82,3.8,1784228035006,1784228032375
210.85,-1.2,1784228035039,1784228032403
210.89,6.8,1784228035073,1784228032445
210.92,-0.2,1784228035108,1784228032473
210.95,-4.2,1784228035139,1784228032500
210.99,2.8,1784228035174,1784228032542
211.02,-2.2,1784228035207,1784228032570
211.06,5.8,1784228035240,1784228032611
211.09,0.8,1784228035274,1784228032640
211.11,-4.2,1784228035307,1784228032668
211.16,2.8,1784228035341,1784228032709
211.18,-4.2,1784228035376,1784228032737
211.22,3.8,1784228035409,1784228032778
211.25,-0.2,1784228035442,1784228032807
211.29,7.8,1784228035475,1784228032848
211.32,1.8,1784228035509,1784228032876
211.35,-2.2,1784228035542,1784228032905
211.39,3.8,1784228035577,1784228032946
211.42,0.8,1784228035608,1784228032974
211.46,8.8,1784228035642,1784228033016
211.49,0.8,1784228035677,1784228033043
211.52,-3.2,1784228035711,1784228033073
211.56,3.8,1784228035745,1784228033114
211.59,-3.2,1784228035778,1784228033140
211.63,6.8,1784228035811,1784228033183
211.66,0.8,1784228035845,1784228033211
211.70,8.8,1784228035878,1784228033252
211.73,0.8,1784228035914,1784228033280
211.75,-1.2,1784228035945,1784228033309
211.80,4.8,1784228035980,1784228033350
211.82,-2.2,1784228036014,1784228033377
211.87,9.8,1784228036045,1784228033420
211.89,1.8,1784228036080,1784228033447
211.92,-3.2,1784228036113,1784228033475
211.96,5.8,1784228036146,1784228033517
211.99,-1.2,1784228036181,1784228033545
212.03,5.8,1784228036215,1784228033586
212.06,1.8,1784228036249,1784228033616
212.10,9.8,1784228036282,1784228033657
212.13,3.8,1784228036315,1784228033684
212.16,-4.2,1784228036351,1784228033712
212.20,6.8,1784228036383,1784228033755
212.23,-0.2,1784228036416,1784228033781
212.27,8.8,1784228036450,1784228033824
212.30,1.8,1784228036483,1784228033850
212.34,9.8,1784228036517,1784228033892
212.37,3.8,1784228036551,1784228033920
212.40,-0.2,1784228036584,1784228033949
212.42,-6.2,1784228036617,1784228033976
212.46,2.8,1784228036650,1784228034018
212.49,-3.2,1784228036684,1784228034046
212.53,4.8,1784228036718,1784228034088
212.56,-1.2,1784228036752,1784228034116
212.60,6.8,1784228036786,1784228034158
212.63,0.8,1784228036820,1784228034186
212.67,8.8,1784228036854,1784228034228
212.70,4.8,1784228036886,1784228034256
212.73,-2.2,1784228036921,1784228034284
212.77,6.8,1784228036954,1784228034326
212.80,-1.2,1784228036988,1784228034352
212.84,8.8,1784228037021,1784228034395
212.87,1.8,1784228037055,1784228034422
212.90,-3.2,1784228037088,1784228034450
212.94,3.8,1784228037122,1784228034491
212.97,-1.2,1784228037155,1784228034519
213.01,5.8,1784228037190,1784228034561
213.04,2.8,1784228037221,1784228034589
213.06,-5.2,1784228037256,1784228034616
213.10,3.8,1784228037289,1784228034658
213.13,-2.2,1784228037324,1784228034687
213.17,5.8,1784228037357,1784228034728
213.20,-0.2,1784228037391,1784228034756
213.23,-5.2,1784228037424,1784228034784
213.27,0.8,1784228037459,1784228034825
213.30,-4.2,1784228037492,1784228034853
213.34,7.8,1784228037524,1784228034897
213.37,-1.2,1784228037559,1784228034923
213.41,8.8,1784228037592,1784228034966
213.44,2.8,1784228037625,1784228034993
213.47,-2.2,1784228037658,1784228035021
213.51,5.8,1784228037692,1784228035063
213.54,-1.2,1784228037727,1784228035091
213.58,7.8,1784228037760,1784228035133
213.61,0.8,1784228037794,1784228035160
213.65,8.8,1784228037828,1784228035202
213.68,3.8,1784228037861,1784228035230
213.70,-2.2,1784228037894,1784228035257
213.75,5.8,1784228037928,1784228035299
213.77,0.8,1784228037962,1784228035328
213.81,7.8,1784228037996,1784228035369
213.84,1.8,1784228038031,1784228035398
213.87,-2.2,1784228038062,1784228035425
213.91,5.8,1784228038096,1784228035467
213.94,-0.2,1784228038130,1784228035495
213.98,6.8,1784228038164,1784228035536
214.01,1.8,1784228038197,1784228035564
214.04,-3.2,1784228038230,1784228035592
214.08,5.8,1784228038263,1784228035634
214.11,-1.2,1784228038297,1784228035661
214.15,7.8,1784228038330,1784228035703
214.18,-0.2,1784228038365,1784228035730
214.22,7.8,1784228038399,1784228035772
214.25,3.8,1784228038432,1784228035801
214.27,-2.2,1784228038465,1784228035828
214.32,3.8,1784228038500,1784228035869
214.34,-1.2,1784228038534,1784228035898
214.39,7.8,1784228038567,1784228035940
214.41,0.8,1784228038601,1784228035967
214.44,-1.2,1784228038632,1784228035996
214.48,3.8,1784228038667,1784228036036
214.51,-0.2,1784228038700,1784228036065
214.55,7.8,1784228038734,1784228036107
214.58,1.8,1784228038768,1784228036135
214.61,-3.2,1784228038800,1784228036162
214.65,3.8,1784228038835,1784228036204
214.68,-2.2,1784228038869,1784228036232
214.72,6.8,1784228038902,1784228036274
214.75,1.8,1784228038935,1784228036302
214.79,8.8,1784228038969,1784228036343
214.82,2.8,1784228039003,1784228036371
214.85,-2.2,1784228039036,1784228036399
214.89,5.8,1784228039070,1784228036441
214.91,-1.2,1784228039104,1784228036468
214.96,6.8,1784228039137,1784228036509
214.98,2.8,1784228039170,1784228036538
215.01,-4.2,1784228039205,1784228036566
215.05,4.8,1784228039238,1784228036608
215.08,-1.2,1784228039272,1784228036636
215.12,6.8,1784228039306,1784228036678
215.15,2.8,1784228039338,1784228036706
215.18,-4.2,1784228039372,1784228036733
215.22,3.8,1784228039406,1784228036775
215.25,-3.2,1784228039440,1784228036802
215.29,7.8,1784228039473,1784228036846
215.32,1.8,1784228039507,1784228036874
215.36,8.8,1784228039540,1784228036914
215.39,3.0,1784228039574,1784228036942
215.42,-4.0,1784228039608,1784228036969
215.46,6.0,1784228039640,1784228037011
215.49,-1.0,1784228039675,1784228037039
215.53,8.0,1784228039709,1784228037082
215.56,1.0,1784228039743,1784228037109
215.60,9.0,1784228039777,1784228037151
215.62,3.0,1784228039810,1784228037178
215.65,0.0,1784228039842,1784228037207
215.69,8.0,1784228039876,1784228037249
215.72,0.0,1784228039911,1784228037276
215.76,8.0,1784228039945,1784228037318
215.79,3.0,1784228039978,1784228037346
215.82,-1.0,1784228040010,1784228037374
215.86,7.0,1784228040044,1784228037416
215.89,1.0,1784228040077,1784228037443
215.93,6.0,1784228040114,1784228037485
215.96,2.0,1784228040147,1784228037514
215.99,-4.0,1784228040179,1784228037540
216.03,6.0,1784228040212,1784228037583
216.06,0.0,1784228040246,1784228037611
216.10,8.0,1784228040280,1784228037653
216.13,0.0,1784228040315,1784228037680
216.15,-4.0,1784228040347,1784228037708
216.20,4.0,1784228040381,1784228037750
216.22,-2.0,1784228040415,1784228037778
216.26,4.0,1784228040449,1784228037818
216.29,0.0,1784228040482,1784228037847
216.34,9.0,1784228040515,1784228037889
216.36,4.0,1784228040548,1784228037917
216.39,-2.0,1784228040582,1784228037945
216.43,6.0,1784228040616,1784228037987
216.46,1.0,1784228040648,1784228038014
216.49,-5.0,1784228040682,1784228038042
216.53,3.0,1784228040716,1784228038084
216.56,-4.0,1784228040750,1784228038111
216.60,5.0,1784228040783,1784228038153
216.63,0.0,1784228040817,1784228038182
216.67,8.0,1784228040851,1784228038224
216.70,3.0,1784228040883,1784228038251
216.73,-4.0,1784228040918,1784228038279
216.77,5.0,1784228040951,1784228038321
216.79,-2.0,1784228040985,1784228038348
216.84,7.0,1784228041018,1784228038390
216.86,2.0,1784228041051,1784228038418
216.89,-4.0,1784228041085,1784228038446
216.93,2.0,1784228041120,1784228038487
216.96,-2.0,1784228041153,1784228038516
217.00,5.0,1784228041187,1784228038557
217.03,0.0,1784228041220,1784228038585
217.07,7.0,1784228041255,1784228038627
217.10,2.0,1784228041288,1784228038655
217.14,10.0,1784228041322,1784228038697
217.17,3.0,1784228041357,1784228038725
217.20,-1.0,1784228041388,1784228038752
217.24,7.0,1784228041422,1784228038794
217.27,2.0,1784228041455,1784228038822
217.30,-5.0,1784228041490,1784228038850
217.34,4.0,1784228041523,1784228038892
217.36,-3.0,1784228041557,1784228038919
217.41,7.0,1784228041590,1784228038962
217.44,1.0,1784228041623,1784228038989
217.46,-4.0,1784228041656,1784228039017
217.50,3.0,1784228041690,1784228039058
217.53,-4.0,1784228041725,1784228039086
217.57,4.0,1784228041759,1784228039128
217.60,0.0,1784228041792,1784228039157
217.64,7.0,1784228041826,1784228039198
217.67,3.0,1784228041858,1784228039226
217.70,-3.0,1784228041892,1784228039254
217.74,4.0,1784228041926,1784228039295
217.77,-2.0,1784228041961,1784228039324
217.81,5.0,1784228041995,1784228039365
217.84,1.0,1784228042026,1784228039392
217.88,9.0,1784228042060,1784228039434
217.91,3.0,1784228042094,1784228039462
217.94,-2.0,1784228042128,1784228039491
217.98,4.0,1784228042163,1784228039532
218.01,-1.0,1784228042195,1784228039559
218.05,9.0,1784228042228,1784228039602
218.08,2.0,1784228042262,1784228039629
218.10,-3.0,1784228042296,1784228039658
218.14,4.0,1784228042329,1784228039698
218.17,-1.0,1784228042363,1784228039727
218.21,7.0,1784228042396,1784228039768
218.24,1.0,1784228042431,1784228039797
218.27,-4.0,1784228042463,1784228039824
218.31,5.0,1784228042498,1784228039868
218.34,-2.0,1784228042532,1784228039895
218.38,6.0,1784228042565,1784228039936
218.41,1.0,1784228042599,1784228039965
218.45,10.0,1784228042632,1784228040007
218.48,4.0,1784228042664,1784228040033
218.51,-2.0,1784228042698,1784228040061
218.55,6.0,1784228042732,1784228040103
218.58,0.0,1784228042766,1784228040131
218.62,8.0,1784228042800,1784228040173
218.65,1.0,1784228042834,1784228040200
218.69,9.0,1784228042868,1784228040242
218.72,6.0,1784228042900,1784228040271
218.74,-1.0,1784228042935,1784228040299
218.79,7.0,1784228042968,1784228040340
218.81,0.0,1784228043002,1784228040367
218.84,-4.0,1784228043036,1784228040397
218.88,5.0,1784228043068,1784228040438
218.91,-2.0,1784228043102,1784228040465
218.95,6.0,1784228043135,1784228040506
218.98,0.0,1784228043170,1784228040535
219.01,-4.0,1784228043202,1784228040563
219.05,3.0,1784228043237,1784228040605
219.08,-3.0,1784228043270,1784228040632
219.12,5.0,1784228043304,1784228040674
219.15,0.0,1784228043337,1784228040702
219.19,7.0,1784228043371,1784228040743
219.22,1.0,1784228043405,1784228040771
219.25,-4.0,1784228043438,1784228040799
219.29,4.0,1784228043472,1784228040841
219.32,-2.0,1784228043507,1784228040870
219.36,6.0,1784228043540,1784228040911
219.38,-1.0,1784228043574,1784228040938
219.43,9.1,1784228043606,1784228040980
219.45,4.1,1784228043640,1784228041009
219.48,-0.9,1784228043673,1784228041037
219.52,6.1,1784228043706,1784228041077
219.55,0.1,1784228043741,1784228041106
219.59,7.1,1784228043775,1784228041147
219.62,2.1,1784228043808,1784228041175
219.65,-2.9,1784228043842,1784228041204
219.69,5.1,1784228043875,1784228041245
219.72,0.1,1784228043908,1784228041273
219.76,7.1,1784228043943,1784228041315
219.79,3.1,1784228043975,1784228041343
219.83,10.1,1784228044009,1784228041384
219.86,5.1,1784228044042,1784228041412
219.89,-1.9,1784228044076,1784228041439
219.93,9.1,1784228044110,1784228041484
219.95,0.1,1784228044143,1784228041508
220.00,7.1,1784228044178,1784228041550
220.02,2.1,1784228044211,1784228041578
220.05,-3.9,1784228044245,1784228041606
220.09,5.1,1784228044278,1784228041648
220.12,-1.9,1784228044313,1784228041676
220.16,7.1,1784228044345,1784228041717
220.19,1.1,1784228044380,1784228041746
220.23,9.1,1784228044414,1784228041788
220.26,5.1,1784228044445,1784228041815
220.29,-1.9,1784228044480,1784228041843
220.33,6.1,1784228044514,1784228041885
220.36,0.1,1784228044548,1784228041913
220.40,9.1,1784228044582,1784228041956
220.43,3.1,1784228044614,1784228041982
220.46,-2.9,1784228044648,1784228042010
220.50,6.1,1784228044680,1784228042051
220.53,0.1,1784228044714,1784228042079
220.57,8.1,1784228044749,1784228042122
220.60,2.1,1784228044782,1784228042149
220.62,-1.9,1784228044815,1784228042178
220.66,4.1,1784228044850,1784228042219
220.69,-1.9,1784228044884,1784228042247
220.74,7.1,1784228044917,1784228042289
220.76,1.1,1784228044950,1784228042316
220.80,8.1,1784228044984,1784228042357
220.83,2.1,1784228045018,1784228042385
220.86,-0.9,1784228045051,1784228042415
220.90,4.1,1784228045087,1784228042456
220.93,0.1,1784228045119,1784228042484
220.97,8.1,1784228045152,1784228042525
221.00,4.1,1784228045185,1784228042554
221.03,-2.9,1784228045219,1784228042581
221.07,6.1,1784228045252,1784228042623
221.10,-1.9,1784228045287,1784228042650
221.14,7.1,1784228045321,1784228042693
221.17,2.1,1784228045353,1784228042720
221.19,-1.9,1784228045386,1784228042749
221.24,4.1,1784228045421,1784228042790
221.26,0.1,1784228045453,1784228042818
221.30,5.1,1784228045489,1784228042859
221.33,3.1,1784228045520,1784228042888
221.37,7.1,1784228045556,1784228042928
221.40,3.2,1784228045589,1784228042957
221.43,-1.8,1784228045621,1784228042984
221.47,5.2,1784228045656,1784228043026
221.50,1.2,1784228045689,1784228043055
221.53,-3.8,1784228045721,1784228043082
221.57,4.2,1784228045756,1784228043125
221.60,-2.8,1784228045790,1784228043152
221.64,5.2,1784228045824,1784228043194
221.67,1.2,1784228045856,1784228043222
221.71,9.2,1784228045890,1784228043264
221.74,1.2,1784228045925,1784228043291
221.76,-2.8,1784228045957,1784228043319
221.81,5.2,1784228045991,1784228043361
221.83,-0.8,1784228046024,1784228043388
221.88,8.2,1784228046058,1784228043431
221.90,1.2,1784228046092,1784228043458
221.95,9.2,1784228046126,1784228043500
221.97,4.2,1784228046159,1784228043528
222.00,-0.8,1784228046192,1784228043556
222.04,7.2,1784228046226,1784228043598
222.07,-0.8,1784228046261,1784228043625
222.11,6.2,1784228046296,1784228043667
222.14,2.2,1784228046327,1784228043694
222.17,-3.8,1784228046361,1784228043722
222.21,4.2,1784228046395,1784228043764
222.24,-0.8,1784228046429,1784228043793
222.28,7.2,1784228046462,1784228043834
222.31,1.2,1784228046496,1784228043862
222.34,-4.8,1784228046530,1784228043890
222.38,4.2,1784228046563,1784228043932
222.41,-0.8,1784228046596,1784228043960
222.45,5.2,1784228046631,1784228044001
222.48,1.2,1784228046664,1784228044030
222.50,-4.8,1784228046696,1784228044056
222.54,3.2,1784228046730,1784228044098
222.57,-2.8,1784228046764,1784228044126
222.61,5.2,1784228046798,1784228044168
222.64,-0.8,1784228046832,1784228044196
222.68,7.2,1784228046865,1784228044237
222.71,2.2,1784228046899,1784228044266
222.74,-3.8,1784228046933,1784228044294
222.78,4.2,1784228046967,1784228044336
222.81,-1.8,1784228047000,1784228044363
222.85,8.2,1784228047032,1784228044405
222.88,2.2,1784228047067,1784228044434
222.91,-4.8,1784228047101,1784228044461
222.95,3.2,1784228047134,1784228044502
222.98,-1.8,1784228047167,1784228044530
223.02,5.2,1784228047202,1784228044572
223.05,0.2,1784228047235,1784228044600
223.09,10.2,1784228047267,1784228044642
223.12,2.2,1784228047302,1784228044669
223.14,-0.8,1784228047334,1784228044698
223.19,6.2,1784228047369,1784228044740
223.21,0.2,1784228047402,1784228044767
223.25,7.2,1784228047437,1784228044809
223.28,0.2,1784228047471,1784228044836
223.31,-3.8,1784228047504,1784228044865
223.35,6.2,1784228047536,1784228044907
223.38,-0.8,1784228047570,1784228044934
223.42,8.2,1784228047604,1784228044977
223.45,0.2,1784228047638,1784228045003
223.49,7.2,1784228047673,1784228045045
223.52,3.2,1784228047705,1784228045073
223.55,-2.8,1784228047739,1784228045101
223.59,6.2,1784228047772,1784228045143
223.62,-0.8,1784228047807,1784228045171
223.66,7.2,1784228047840,1784228045212
223.69,3.2,1784228047873,1784228045241
223.73,9.2,1784228047908,1784228045282
223.76,4.2,1784228047941,1784228045310
223.78,-0.8,1784228047974,1784228045338
223.83,7.2,1784228048008,1784228045380
223.85,0.2,1784228048041,1784228045406
223.88,-4.8,1784228048076,1784228045436
223.92,3.2,1784228048108,1784228045476
223.95,-1.8,1784228048143,1784228045506
223.99,6.2,1784228048176,1784228045547
224.02,0.2,1784228048209,1784228045574
224.06,8.2,1784228048243,1784228045616
224.09,4.2,1784228048275,1784228045644
224.12,-2.8,1784228048310,1784228045672
224.16,6.2,1784228048344,1784228045715
224.19,-2.8,1784228048379,1784228045741
224.23,8.2,1784228048411,1784228045784
224.26,3.2,1784228048444,1784228045812
224.30,9.2,1784228048478,1784228045852
224.33,3.2,1784228048512,1784228045880
224.35,-2.8,1784228048546,1784228045908
224.40,4.2,1784228048581,1784228045950
224.42,0.2,1784228048612,1784228045977
224.47,9.2,1784228048645,1784228046019
224.49,3.2,1784228048680,1784228046048
224.52,-0.8,1784228048712,1784228046076
224.56,6.2,1784228048746,1784228046117
224.59,1.2,1784228048780,1784228046146
224.63,8.2,1784228048814,1784228046187
224.66,4.2,1784228048847,1784228046216
224.69,-1.8,1784228048881,1784228046244
224.73,5.2,1784228048914,1784228046284
224.76,1.2,1784228048947,1784228046313
224.80,8.2,1784228048981,1784228046354
224.83,3.2,1784228049014,1784228046382
224.86,-1.8,1784228049047,1784228046410
224.90,4.2,1784228049083,1784228046452
224.93,-2.8,1784228049117,1784228046479
224.97,8.2,1784228049149,1784228046522
224.99,1.2,1784228049183,1784228046549
225.02,-3.8,1784228049216,1784228046577
225.06,2.2,1784228049251,1784228046618
225.09,-3.8,1784228049285,1784228046646
225.13,6.2,1784228049318,1784228046689
225.16,0.2,1784228049351,1784228046716
225.20,7.2,1784228049385,1784228046757
225.23,1.2,1784228049420,1784228046786
225.27,9.2,1784228049453,1784228046827
225.30,4.2,1784228049486,1784228046855
225.33,-1.8,1784228049519,1784228046882
225.37,6.2,1784228049553,1784228046924
225.40,1.2,1784228049587,1784228046953
225.44,9.3,1784228049621,1784228046995
225.47,2.3,1784228049655,1784228047022
225.51,10.3,1784228049689,1784228047064
225.54,7.3,1784228049720,1784228047092
225.57,0.3,1784228049754,1784228047119
225.59,-3.7,1784228049787,1784228047148
225.63,3.3,1784228049821,1784228047189
225.66,-2.7,1784228049855,1784228047217
225.70,6.3,1784228049888,1784228047259
225.73,-1.7,1784228049923,1784228047286
225.77,6.3,1784228049957,1784228047328
225.80,2.3,1784228049989,1784228047356
225.83,-3.7,1784228050023,1784228047384
225.87,4.3,1784228050057,1784228047426
225.90,-1.7,1784228050091,1784228047454
225.94,7.3,1784228050124,1784228047496
225.97,0.3,1784228050158,1784228047523
226.01,8.3,1784228050192,1784228047565
226.04,4.3,1784228050224,1784228047593
226.07,-2.7,1784228050259,1784228047621
226.11,6.3,1784228050292,1784228047663
226.14,0.3,1784228050325,1784228047690
226.18,9.3,1784228050359,1784228047733
226.21,1.3,1784228050393,1784228047759
226.23,-2.7,1784228050427,1784228047789
226.28,4.3,1784228050460,1784228047829
226.30,-1.7,1784228050494,1784228047857
226.35,6.3,1784228050528,1784228047899
226.37,1.3,1784228050561,1784228047927
226.40,-2.7,1784228050594,1784228047956
226.44,2.3,1784228050630,1784228047997
226.47,0.3,1784228050660,1784228048025
226.51,6.3,1784228050696,1784228048067
226.54,0.3,1784228050729,1784228048094
226.57,-3.7,1784228050762,1784228048123
226.61,4.3,1784228050795,1784228048164
226.64,-1.7,1784228050829,1784228048192
226.68,7.3,1784228050862,1784228048234
226.71,1.3,1784228050896,1784228048262
226.75,7.3,1784228050930,1784228048302
226.78,2.3,1784228050964,1784228048331
226.80,-2.7,1784228050997,1784228048359
226.85,4.3,1784228051031,1784228048400
226.87,0.3,1784228051064,1784228048429
226.92,8.3,1784228051098,1784228048471
226.94,2.3,1784228051131,1784228048498
226.97,-4.7,1784228051165,1784228048525
227.01,3.3,1784228051199,1784228048567
227.04,-2.7,1784228051233,1784228048595
227.08,5.3,1784228051267,1784228048637
227.11,-1.7,1784228051302,1784228048665
227.15,9.3,1784228051333,1784228048707
227.18,1.3,1784228051368,1784228048734
227.21,-1.7,1784228051400,1784228048763
227.25,4.3,1784228051435,1784228048804
227.28,-1.7,1784228051469,1784228048832
227.32,6.3,1784228051503,1784228048874
227.35,1.3,1784228051535,1784228048901
227.38,-4.7,1784228051569,1784228048929
227.42,5.2,1784228051602,1784228048972
227.45,-1.8,1784228051636,1784228048999
227.49,5.2,1784228051670,1784228049040
227.51,0.2,1784228051703,1784228049068
227.54,-2.8,1784228051736,1784228049098
227.58,4.2,1784228051770,1784228049139
227.61,-1.8,1784228051804,1784228049167
227.65,6.2,1784228051837,1784228049208
227.68,0.2,1784228051871,1784228049236
227.72,7.2,1784228051905,1784228049277
227.75,1.2,1784228051939,1784228049305
227.78,-3.8,1784228051972,1784228049333
227.82,6.2,1784228052005,1784228049376
227.85,-1.8,1784228052039,1784228049402
227.89,7.2,1784228052073,1784228049445
227.92,1.2,1784228052107,1784228049473
227.95,-3.8,1784228052139,1784228049500
227.99,4.2,1784228052173,1784228049542
228.02,-0.8,1784228052206,1784228049570
228.06,7.2,1784228052239,1784228049611
228.08,0.2,1784228052274,1784228049639
228.11,-4.8,1784228052307,1784228049667
228.15,3.2,1784228052341,1784228049709
228.18,-2.8,1784228052375,1784228049737
228.22,4.2,1784228052409,1784228049778
228.25,-1.8,1784228052443,1784228049806
228.29,8.2,1784228052476,1784228049849
228.32,1.2,1784228052510,1784228049876
228.36,9.2,1784228052543,1784228049917
228.39,3.2,1784228052577,1784228049945
228.42,-2.8,1784228052611,1784228049973
228.46,6.2,1784228052645,1784228050016
228.49,0.2,1784228052678,1784228050043
228.53,8.2,1784228052711,1784228050084
228.56,4.2,1784228052743,1784228050112
228.59,-1.8,1784228052778,1784228050141
228.63,6.2,1784228052812,1784228050183
228.66,-1.8,1784228052846,1784228050209
228.70,8.2,1784228052879,1784228050252
228.73,2.2,1784228052913,1784228050280
228.75,-2.8,1784228052946,1784228050308
228.79,5.2,1784228052979,1784228050349
228.82,-2.8,1784228053014,1784228050376
228.87,7.2,1784228053047,1784228050419
228.89,1.2,1784228053082,1784228050448
228.93,8.2,1784228053115,1784228050488
228.96,5.2,1784228053147,1784228050517
228.99,-1.8,1784228053181,1784228050544
229.03,5.2,1784228053215,1784228050585
229.06,1.2,1784228053249,1784228050615
229.10,8.2,1784228053283,1784228050656
229.13,3.2,1784228053315,1784228050683
229.16,-1.8,1784228053349,1784228050712
229.20,5.2,1784228053383,1784228050753
229.23,-2.8,1784228053418,1784228050780
229.27,7.2,1784228053451,1784228050823
229.30,1.2,1784228053484,1784228050850
229.32,-3.8,1784228053517,1784228050878
229.37,6.2,1784228053550,1784228050921
229.39,-1.8,1784228053585,1784228050948
229.44,6.2,1784228053619,1784228050990
229.46,-0.8,1784228053653,1784228051017
229.51,9.2,1784228053685,1784228051059
229.53,2.2,1784228053720,1784228051087
229.56,-0.8,1784228053751,1784228051115
229.60,7.2,1784228053785,1784228051157
229.63,1.2,1784228053819,1784228051185
229.67,10.2,1784228053852,1784228051227
229.70,4.2,1784228053886,1784228051255
229.73,-2.8,1784228053921,1784228051283
229.77,5.2,1784228053953,1784228051323
229.80,0.2,1784228053987,1784228051352
229.84,8.2,1784228054021,1784228051394
229.87,1.2,1784228054054,1784228051420
229.90,-2.8,1784228054088,1784228051450
229.94,4.2,1784228054122,1784228051491
229.96,-0.8,1784228054155,1784228051519
230.01,7.2,1784228054188,1784228051560
230.03,0.2,1784228054223,1784228051588
230.08,7.2,1784228054257,1784228051629
230.10,4.2,1784228054289,1784228051658
230.13,-1.8,1784228054323,1784228051686
230.17,4.2,1784228054359,1784228051728
230.20,0.2,1784228054390,1784228051755
230.24,7.2,1784228054425,1784228051797
230.27,3.2,1784228054458,1784228051826
230.30,-2.8,1784228054491,1784228051853
230.34,4.2,1784228054526,1784228051895
230.37,-0.8,1784228054559,1784228051923
230.41,7.2,1784228054593,1784228051965
230.44,1.2,1784228054627,1784228051993
230.48,9.2,1784228054660,1784228052034
230.51,3.2,1784228054693,1784228052061
230.54,-3.8,1784228054728,1784228052089
230.58,9.2,1784228054758,1784228052132
230.61,-0.8,1784228054795,1784228052159
230.63,-3.8,1784228054827,1784228052188
230.68,3.2,1784228054861,1784228052229
230.70,-2.8,1784228054895,1784228052257
230.74,5.2,1784228054928,1784228052298
230.77,-0.8,1784228054962,1784228052326
230.81,8.2,1784228054996,1784228052369
230.84,1.2,1784228055030,1784228052396
230.87,-3.8,1784228055063,1784228052424
230.91,3.2,1784228055097,1784228052465
230.94,-1.8,1784228055131,1784228052494
230.98,8.2,1784228055163,1784228052536
231.01,2.2,1784228055197,1784228052564
231.04,-4.8,1784228055231,1784228052591
231.08,1.2,1784228055266,1784228052632
231.11,-0.8,1784228055297,1784228052661
231.15,5.2,1784228055332,1784228052702
231.18,0.2,1784228055365,1784228052730
231.22,8.2,1784228055399,1784228052772
231.25,1.2,1784228055433,1784228052799
231.29,8.2,1784228055468,1784228052841
231.32,3.2,1784228055501,1784228052869
231.34,-2.8,1784228055535,1784228052897
231.38,7.2,1784228055567,1784228052939
231.41,3.2,1784228055600,1784228052968
231.45,8.2,1784228055636,1784228053009
231.48,2.2,1784228055669,1784228053036
231.51,0.2,1784228055700,1784228053065
231.55,5.2,1784228055736,1784228053106
231.58,4.2,1784228055766,1784228053135
231.61,-3.8,1784228055801,1784228053162
231.65,2.2,1784228055836,1784228053203
231.68,-1.8,1784228055869,1784228053232
231.72,7.2,1784228055902,1784228053274
231.75,-2.8,1784228055938,1784228053300
231.79,9.2,1784228055969,1784228053343
231.82,0.2,1784228056004,1784228053369
231.84,-3.8,1784228056038,1784228053399
231.89,5.2,1784228056069,1784228053439
231.91,-0.8,1784228056103,1784228053467
231.96,6.2,1784228056138,1784228053509
231.98,0.2,1784228056172,1784228053537
232.01,-3.8,1784228056205,1784228053566
232.05,4.2,1784228056238,1784228053607
232.08,-2.8,1784228056272,1784228053634
232.12,5.2,1784228056306,1784228053676
232.15,1.2,1784228056339,1784228053705
232.18,-4.8,1784228056373,1784228053733
232.22,1.2,1784228056408,1784228053774
232.25,-3.8,1784228056441,1784228053802
232.29,4.2,1784228056475,1784228053844
232.32,-1.8,1784228056508,1784228053871
232.36,8.2,1784228056541,1784228053914
232.39,2.2,1784228056574,1784228053941
232.41,-4.8,1784228056608,1784228053968
232.46,3.2,1784228056642,1784228054010
232.48,-2.8,1784228056677,1784228054039
232.53,5.2,1784228056711,1784228054081
232.55,0.2,1784228056743,1784228054108
232.58,-4.8,1784228056776,1784228054136
232.62,4.2,1784228056809,1784228054178
232.65,-1.8,1784228056843,1784228054206
232.69,7.2,1784228056876,1784228054248
232.72,0.2,1784228056910,1784228054275
232.76,9.2,1784228056944,1784228054318
232.79,2.2,1784228056978,1784228054345
232.82,-1.8,1784228057011,1784228054374
232.86,4.2,1784228057045,1784228054414
232.89,-1.8,1784228057079,1784228054442
232.93,8.2,1784228057111,1784228054484
232.96,1.2,1784228057146,1784228054512
232.99,-3.8,1784228057179,1784228054540
233.03,5.2,1784228057212,1784228054582
233.06,0.2,1784228057247,1784228054612
233.09,-2.8,1784228057280,1784228054642
233.13,4.2,1784228057314,1784228054683
233.16,-1.8,1784228057347,1784228054710
233.20,5.2,1784228057382,1784228054752
233.23,7.2,1784228057414,1784228054786
233.26,4.2,1784228057449,1784228054818
233.29,-0.8,1784228057482,1784228054846
233.33,7.2,1784228057516,1784228054888
233.36,1.2,1784228057550,1784228054916
233.40,8.2,1784228057584,1784228054957
233.43,2.6,1784228057618,1784228054985
233.46,-0.4,1784228057650,1784228055014
233.50,7.6,1784228057683,1784228055055
233.53,1.6,1784228057717,1784228055083
233.57,8.6,1784228057752,1784228055125
233.60,6.6,1784228057783,1784228055154
233.63,-0.4,1784228057817,1784228055181
233.67,7.6,1784228057850,1784228055222
233.70,0.6,1784228057884,1784228055249
233.72,-5.4,1784228057918,1784228055277
233.77,3.6,1784228057952,1784228055320
233.79,-2.4,1784228057986,1784228055348
233.83,5.6,1784228058019,1784228055389
233.86,1.6,1784228058052,1784228055418
233.90,5.6,1784228058088,1784228055458
233.93,2.6,1784228058119,1784228055486
233.96,-2.4,1784228058153,1784228055515
234.00,4.6,1784228058187,1784228055556
234.03,-1.4,1784228058221,1784228055584
234.07,7.6,1784228058254,1784228055626
234.10,3.6,1784228058287,1784228055655
234.13,-5.4,1784228058322,1784228055681
234.17,3.6,1784228058355,1784228055723
234.20,-2.4,1784228058389,1784228055751
234.24,5.6,1784228058423,1784228055793
234.27,-0.4,1784228058457,1784228055821
234.31,8.6,1784228058490,1784228055863
234.34,1.6,1784228058524,1784228055890
234.36,-3.4,1784228058557,1784228055918
234.41,3.6,1784228058591,1784228055959
234.43,0.6,1784228058624,1784228055989
234.48,6.6,1784228058659,1784228056030
234.50,0.6,1784228058692,1784228056057
234.53,-3.4,1784228058725,1784228056086
234.57,3.6,1784228058759,1784228056127
234.60,-0.4,1784228058791,1784228056155
234.64,7.6,1784228058825,1784228056197
234.67,1.6,1784228058859,1784228056225
234.71,8.6,1784228058893,1784228056266
234.74,3.6,1784228058926,1784228056294
234.77,-0.4,1784228058959,1784228056323
234.81,5.6,1784228058994,1784228056364
234.84,-0.4,1784228059028,1784228056392
234.88,8.6,1784228059061,1784228056434
234.91,0.6,1784228059095,1784228056460
234.93,-4.4,1784228059128,1784228056488
234.98,5.6,1784228059160,1784228056530
235.00,-1.4,1784228059195,1784228056558
235.05,5.6,1784228059229,1784228056599
235.07,1.6,1784228059262,1784228056628
235.10,-4.4,1784228059296,1784228056656
235.14,4.6,1784228059329,1784228056698
235.17,-2.4,1784228059363,1784228056725
235.21,3.6,1784228059398,1784228056766
235.24,-0.4,1784228059431,1784228056795
235.28,7.6,1784228059466,1784228056838
235.31,3.6,1784228059498,1784228056866
235.34,-3.4,1784228059532,1784228056893
235.38,3.6,1784228059566,1784228056934
235.41,-3.4,1784228059601,1784228056962
235.45,6.5,1784228059633,1784228057004
235.48,1.5,1784228059665,1784228057031
235.52,9.5,1784228059700,1784228057074
235.55,3.5,1784228059733,1784228057101
235.58,-2.5,1784228059767,1784228057129
235.62,7.5,1784228059799,1784228057171
235.64,1.5,1784228059833,1784228057199
235.69,8.5,1784228059868,1784228057241
235.71,1.5,1784228059902,1784228057268
235.74,-2.5,1784228059935,1784228057297
235.78,5.5,1784228059968,1784228057338
235.81,1.5,1784228060001,1784228057367
235.85,6.5,1784228060035,1784228057406
235.88,1.5,1784228060069,1784228057435
235.91,-4.5,1784228060103,1784228057463
235.95,4.5,1784228060136,1784228057505
235.98,-1.5,1784228060170,1784228057533
236.02,7.5,1784228060203,1784228057575
236.05,2.5,1784228060236,1784228057603
236.08,-4.5,1784228060270,1784228057630
236.12,5.5,1784228060303,1784228057673
236.15,-2.5,1784228060338,1784228057700
236.19,5.5,1784228060371,1784228057741
236.22,1.5,1784228060403,1784228057769
236.26,7.5,1784228060440,1784228057812
236.28,0.5,1784228060473,1784228057838
236.31,-3.5,1784228060506,1784228057867
236.35,5.5,1784228060539,1784228057909
236.38,0.5,1784228060573,1784228057938
236.42,6.5,1784228060608,1784228057979
236.45,0.5,1784228060641,1784228058006
236.48,-4.5,1784228060674,1784228058034
236.52,5.5,1784228060707,1784228058077
236.55,-0.5,1784228060740,1784228058104
236.59,6.5,1784228060775,1784228058146
236.62,2.5,1784228060807,1784228058174
236.65,-3.5,1784228060841,1784228058202
236.69,2.5,1784228060876,1784228058243
236.72,-3.5,1784228060909,1784228058270
236.76,6.5,1784228060942,1784228058313
236.79,-0.5,1784228060976,1784228058340
236.83,8.5,1784228061009,1784228058382
236.86,4.5,1784228061042,1784228058411
236.88,-4.5,1784228061077,1784228058437
236.93,6.5,1784228061109,1784228058480
236.95,-1.5,1784228061145,1784228058508
237.00,8.5,1784228061176,1784228058549
237.02,2.5,1784228061211,1784228058578
237.05,-4.5,1784228061245,1784228058605
237.09,4.5,1784228061278,1784228058647
237.12,-2.5,1784228061313,1784228058675
237.16,7.5,1784228061345,1784228058717
237.19,-0.5,1784228061380,1784228058744
237.23,7.5,1784228061413,1784228058785
237.26,3.5,1784228061446,1784228058814
237.29,-3.5,1784228061481,1784228058842
237.33,6.5,1784228061513,1784228058884
237.36,-0.5,1784228061548,1784228058912
237.40,6.5,1784228061582,1784228058953
237.43,1.5,1784228061615,1784228058981
237.45,-4.5,1784228061648,1784228059008
237.50,3.5,1784228061682,1784228059050
237.52,-1.5,1784228061715,1784228059078
237.57,6.5,1784228061749,1784228059120
237.59,1.5,1784228061782,1784228059148
237.62,-2.5,1784228061815,1784228059177
237.66,3.5,1784228061849,1784228059217
237.69,-1.5,1784228061883,1784228059246
237.73,6.5,1784228061917,1784228059288
237.76,1.5,1784228061950,1784228059316
237.80,8.5,1784228061983,1784228059356
237.83,2.5,1784228062017,1784228059384
237.86,-1.5,1784228062050,1784228059413
237.90,5.5,1784228062085,1784228059455
237.93,-1.5,1784228062119,1784228059482
237.97,9.5,1784228062151,1784228059525
238.00,3.5,1784228062184,1784228059552
238.03,-3.5,1784228062219,1784228059580
238.07,3.5,1784228062252,1784228059620
238.09,-1.5,1784228062286,1784228059649
238.14,7.5,1784228062319,1784228059691
238.16,1.5,1784228062353,1784228059719
238.21,7.5,1784228062388,1784228059760
238.23,2.5,1784228062421,1784228059788
238.26,-3.5,1784228062455,1784228059816
238.30,5.5,1784228062488,1784228059858
238.33,-0.5,1784228062522,1784228059886
238.37,8.5,1784228062555,1784228059928
238.40,2.5,1784228062590,1784228059957
238.43,-4.5,1784228062623,1784228059983
238.47,3.5,1784228062657,1784228060025
238.50,0.5,1784228062689,1784228060054
238.54,7.5,1784228062723,1784228060095
238.57,1.5,1784228062757,1784228060123
238.61,9.5,1784228062791,1784228060165
238.64,4.5,1784228062823,1784228060192
238.67,-2.5,1784228062857,1784228060219
238.71,7.5,1784228062890,1784228060262
238.74,-0.5,1784228062925,1784228060289
238.78,9.5,1784228062958,1784228060332
238.80,2.5,1784228062992,1784228060359
238.83,-2.5,1784228063025,1784228060387
238.87,4.5,1784228063059,1784228060428
238.90,0.5,1784228063092,1784228060457
238.94,7.5,1784228063126,1784228060498
238.97,2.5,1784228063160,1784228060527
239.00,-3.5,1784228063193,1784228060554
239.04,5.5,1784228063226,1784228060596
239.07,-0.5,1784228063260,1784228060624
239.11,7.5,1784228063294,1784228060666
239.14,2.5,1784228063327,1784228060694
239.18,8.5,1784228063362,1784228060735
239.21,4.5,1784228063395,1784228060764
239.24,-3.5,1784228063430,1784228060791
239.28,4.5,1784228063464,1784228060833
239.31,0.5,1784228063495,1784228060860
239.35,7.5,1784228063529,1784228060901
239.38,3.5,1784228063562,1784228060930
239.40,-3.5,1784228063597,1784228060958
239.45,4.6,1784228063631,1784228061000
239.47,-0.4,1784228063664,1784228061028
239.52,7.6,1784228063697,1784228061069
239.54,1.6,1784228063730,1784228061096
239.57,-3.4,1784228063764,1784228061125
239.61,4.6,1784228063798,1784228061167
239.64,-1.4,1784228063831,1784228061194
239.68,7.6,1784228063864,1784228061236
239.71,2.6,1784228063898,1784228061265
239.74,-6.4,1784228063933,1784228061291
239.78,2.6,1784228063966,1784228061333
239.81,-2.4,1784228064000,1784228061362
239.85,7.6,1784228064032,1784228061404
239.88,-0.4,1784228064068,1784228061432
239.92,7.6,1784228064101,1784228061473
239.95,0.6,1784228064135,1784228061500
239.99,9.6,1784228064169,1784228061543
240.02,4.6,1784228064202,1784228061571
240.04,-1.4,1784228064235,1784228061598
240.09,6.6,1784228064269,1784228061640
240.11,-0.4,1784228064303,1784228061667
240.16,8.6,1784228064337,1784228061710
240.18,4.6,1784228064369,1784228061738
240.21,-1.4,1784228064403,1784228061766
240.25,6.6,1784228064436,1784228061807
240.28,-1.4,1784228064471,1784228061834
240.32,8.6,1784228064504,1784228061877
240.35,1.6,1784228064538,1784228061904
240.38,-4.4,1784228064573,1784228061933
240.42,4.6,1784228064605,1784228061974
240.45,-0.4,1784228064638,1784228062002
240.49,7.6,1784228064672,1784228062044
240.52,1.6,1784228064705,1784228062071
240.55,-4.4,1784228064739,1784228062099
240.59,4.6,1784228064773,1784228062142
240.61,-1.4,1784228064806,1784228062169
240.66,6.6,1784228064839,1784228062210
240.68,0.6,1784228064873,1784228062238
240.73,8.6,1784228064907,1784228062280
240.75,3.6,1784228064941,1784228062309
240.78,-3.4,1784228064974,1784228062335
240.82,6.6,1784228065008,1784228062379
240.85,0.6,1784228065041,1784228062406
240.89,9.6,1784228065074,1784228062448
240.92,1.6,1784228065109,1784228062475
240.95,-3.4,1784228065142,1784228062503
240.99,4.6,1784228065176,1784228062545
241.02,0.6,1784228065208,1784228062573
241.06,6.6,1784228065243,1784228062614
241.09,1.6,1784228065276,1784228062642
241.12,-3.4,1784228065309,1784228062670
241.16,3.6,1784228065344,1784228062712
241.19,-2.4,1784228065378,1784228062740
241.23,7.6,1784228065410,1784228062782
241.25,-0.4,1784228065445,1784228062809
241.30,8.6,1784228065479,1784228062852
241.33,1.6,1784228065514,1784228062880
241.35,-4.4,1784228065546,1784228062906
241.39,5.6,1784228065579,1784228062949
241.42,-0.4,1784228065613,1784228062977
241.46,8.8,1784228065646,1784228063019
241.49,0.8,1784228065680,1784228063045
241.52,-3.2,1784228065713,1784228063074
241.56,5.8,1784228065747,1784228063117
241.59,-1.2,1784228065781,1784228063144
241.63,5.8,1784228065815,1784228063185
241.66,2.8,1784228065847,1784228063214
241.69,-4.2,1784228065881,1784228063241
241.73,3.8,1784228065915,1784228063283
241.76,-1.2,1784228065947,1784228063310
241.80,5.8,1784228065982,1784228063352
241.83,-0.2,1784228066016,1784228063380
241.87,8.8,1784228066049,1784228063422
241.90,2.8,1784228066082,1784228063449
241.92,-2.2,1784228066117,1784228063479
241.97,5.8,1784228066149,1784228063519
241.99,0.8,1784228066182,1784228063547
242.03,8.8,1784228066216,1784228063589
242.06,2.8,1784228066250,1784228063617
242.09,-3.2,1784228066284,1784228063645
242.13,3.8,1784228066318,1784228063686
242.16,0.8,1784228066350,1784228063715
242.20,6.8,1784228066385,1784228063756
242.23,0.8,1784228066419,1784228063784
242.28,10.8,1784228066454,1784228063829
242.30,2.8,1784228066486,1784228063853
242.33,-3.2,1784228066520,1784228063881
242.37,5.8,1784228066554,1784228063924
242.40,-0.2,1784228066587,1784228063951
242.44,6.8,1784228066622,1784228063993
242.47,2.8,1784228066654,1784228064021
242.51,9.8,1784228066688,1784228064062
242.54,5.8,1784228066721,1784228064091
242.56,-2.2,1784228066756,1784228064118
242.61,6.8,1784228066789,1784228064160
242.63,0.8,1784228066823,1784228064188
242.66,-4.2,1784228066855,1784228064215
242.70,5.8,1784228066888,1784228064258
242.73,-2.2,1784228066923,1784228064285
242.77,4.8,1784228066957,1784228064326
242.80,0.8,1784228066990,1784228064355
242.83,-2.2,1784228067022,1784228064384
242.87,2.8,1784228067057,1784228064424
242.90,-3.2,1784228067091,1784228064452
242.94,6.8,1784228067123,1784228064494
242.97,0.8,1784228067157,1784228064522
243.01,8.8,1784228067192,1784228064565
243.04,2.8,1784228067225,1784228064592
243.06,-4.2,1784228067259,1784228064619
243.11,5.8,1784228067291,1784228064661
243.14,-0.2,1784228067325,1784228064689
243.18,7.8,1784228067359,1784228064731
243.20,1.8,1784228067392,1784228064758
243.25,7.8,1784228067427,1784228064799
243.28,10.8,1784228067460,1784228064835
243.30,-2.2,1784228067495,1784228064857
243.34,5.8,1784228067528,1784228064898
243.37,-1.2,1784228067562,1784228064925
243.41,8.8,1784228067594,1784228064967
243.44,3.8,1784228067627,1784228064995
243.47,-2.2,1784228067662,1784228065024
243.51,5.8,1784228067696,1784228065066
243.54,-3.2,1784228067731,1784228065092
243.58,7.8,1784228067763,1784228065135
243.61,-0.2,1784228067798,1784228065162
243.65,9.8,1784228067830,1784228065204
243.68,5.8,1784228067862,1784228065232
243.71,-3.2,1784228067898,1784228065259
243.75,6.8,1784228067930,1784228065301
243.78,0.8,1784228067964,1784228065329
243.80,-4.2,1784228067997,1784228065357
243.84,2.8,1784228068031,1784228065398
243.87,-3.2,1784228068065,1784228065426
243.91,5.8,1784228068099,1784228065469
243.94,-0.2,1784228068132,1784228065496
243.98,9.8,1784228068165,1784228065539
244.01,0.8,1784228068200,1784228065565
244.04,-3.2,1784228068233,1784228065594
244.08,6.8,1784228068265,1784228065636
244.11,-1.2,1784228068300,1784228065663
244.15,6.8,1784228068334,1784228065705
244.18,1.8,1784228068367,1784228065733
244.21,-3.2,1784228068400,1784228065761
244.25,3.8,1784228068435,1784228065803
244.28,-2.2,1784228068469,1784228065831
244.32,5.8,1784228068502,1784228065872
244.35,-0.2,1784228068536,1784228065900
244.39,8.8,1784228068569,1784228065942
244.42,0.8,1784228068604,1784228065969
244.44,-3.2,1784228068636,1784228065997
244.49,3.8,1784228068671,1784228066039
244.51,-1.2,1784228068704,1784228066067
244.55,7.8,1784228068737,1784228066109
244.58,2.8,1784228068770,1784228066137
244.62,9.8,1784228068805,1784228066179
244.65,4.8,1784228068838,1784228066207
244.68,-0.2,1784228068870,1784228066234
244.71,-4.2,1784228068904,1784228066264
244.75,2.8,1784228068937,1784228066304
244.78,-4.2,1784228068972,1784228066332
244.82,4.8,1784228069005,1784228066374
244.85,-1.2,1784228069038,1784228066401
244.89,5.8,1784228069073,1784228066443
244.92,-0.2,1784228069107,1784228066471
244.96,9.8,1784228069140,1784228066514
244.99,1.8,1784228069174,1784228066540
245.01,-4.2,1784228069207,1784228066567
245.06,5.8,1784228069240,1784228066610
245.08,-1.2,1784228069275,1784228066638
245.13,7.8,1784228069308,1784228066680
245.15,0.8,1784228069342,1784228066707
245.18,-4.2,1784228069376,1784228066736
245.22,4.8,1784228069409,1784228066778
245.25,-2.2,1784228069443,1784228066805
245.29,5.8,1784228069477,1784228066847
245.32,0.8,1784228069510,1784228066875
245.36,8.8,1784228069543,1784228066916
245.39,2.8,1784228069577,1784228066944
245.42,-4.2,1784228069612,1784228066972
245.46,5.9,1784228069645,1784228067015
245.49,-0.1,1784228069678,1784228067042
245.53,7.9,1784228069712,1784228067084
245.56,1.9,1784228069745,1784228067111
245.60,9.9,1784228069779,1784228067153
245.63,4.9,1784228069812,1784228067181
245.65,-1.1,1784228069846,1784228067209
245.70,6.9,1784228069879,1784228067250
245.72,2.9,1784228069912,1784228067279
245.75,-4.1,1784228069946,1784228067306
245.79,5.9,1784228069979,1784228067349
245.82,-1.1,1784228070013,1784228067376
245.86,6.9,1784228070047,1784228067418
245.89,0.9,1784228070080,1784228067445
245.93,7.9,1784228070115,1784228067487
245.96,3.9,1784228070148,1784228067516
245.99,-2.1,1784228070182,1784228067544
246.03,4.9,1784228070216,1784228067585
246.06,0.9,1784228070248,1784228067613
246.10,7.9,1784228070282,1784228067654
246.13,2.9,1784228070315,1784228067682
246.16,-3.1,1784228070349,1784228067710
246.20,3.9,1784228070383,1784228067751
246.23,-2.1,1784228070417,1784228067779
246.27,6.9,1784228070450,1784228067821
246.30,-0.1,1784228070485,1784228067849
246.34,9.9,1784228070517,1784228067891
246.36,2.9,1784228070552,1784228067919
246.41,9.9,1784228070587,1784228067961
246.43,5.9,1784228070619,1784228067989
246.46,0.9,1784228070652,1784228068017
246.50,6.9,1784228070687,1784228068058
246.53,1.9,1784228070720,1784228068086
246.56,-4.1,1784228070754,1784228068114
246.60,4.9,1784228070787,1784228068156
246.63,-1.1,1784228070820,1784228068183
246.67,7.9,1784228070853,1784228068225
246.70,1.9,1784228070887,1784228068253
246.74,-2.1,1784228070934,1784228068296
246.77,2.9,1784228070955,1784228068322
246.80,-2.1,1784228070988,1784228068350
246.84,5.9,1784228071022,1784228068392
246.87,-1.1,1784228071056,1784228068419
246.91,7.9,1784228071090,1784228068462
246.94,3.9,1784228071122,1784228068490
246.96,-3.1,1784228071156,1784228068517
247.00,4.9,1784228071190,1784228068559
247.03,0.9,1784228071223,1784228068588
247.07,8.9,1784228071256,1784228068629
247.10,2.9,1784228071290,1784228068657
247.13,-3.1,1784228071323,1784228068684
247.17,3.9,1784228071358,1784228068726
247.20,-1.1,1784228071392,1784228068755
247.24,6.9,1784228071425,1784228068796
247.27,0.9,1784228071459,1784228068824
247.31,7.9,1784228071493,1784228068865
247.34,2.9,1784228071526,1784228068893
247.37,-2.1,1784228071559,1784228068921
247.41,5.9,1784228071592,1784228068962
247.44,-0.1,1784228071627,1784228068991
247.48,8.0,1784228071660,1784228069032
247.51,3.0,1784228071694,1784228069061
247.53,-3.0,1784228071728,1784228069089
247.58,5.0,1784228071761,1784228069130
247.60,-1.0,1784228071794,1784228069157
247.65,7.0,1784228071828,1784228069199
247.67,3.0,1784228071861,1784228069228
247.70,-4.0,1784228071895,1784228069255
247.74,4.0,1784228071929,1784228069297
247.77,-2.0,1784228071962,1784228069324
247.81,7.0,1784228071995,1784228069366
247.84,1.0,1784228072030,1784228069395
247.88,10.0,1784228072063,1784228069437
247.91,4.0,1784228072096,1784228069464
247.94,-3.0,1784228072131,1784228069492
247.98,6.0,1784228072164,1784228069534
248.01,-1.0,1784228072198,1784228069561
248.05,9.0,1784228072231,1784228069604
248.08,2.0,1784228072265,1784228069631
248.12,11.0,1784228072298,1784228069673
248.15,5.0,1784228072331,1784228069700
248.17,-1.0,1784228072366,1784228069729
248.22,4.0,1784228072401,1784228069769
248.24,-1.0,1784228072435,1784228069798
248.29,8.0,1784228072468,1784228069840
248.31,2.0,1784228072501,1784228069867
248.34,-1.0,1784228072534,1784228069897
248.38,5.0,1784228072568,1784228069937
248.41,-1.0,1784228072602,1784228069965
248.45,8.0,1784228072636,1784228070008
248.48,2.0,1784228072669,1784228070035
248.51,-4.0,1784228072702,1784228070062
248.55,5.0,1784228072736,1784228070105
248.58,0.0,1784228072768,1784228070132
248.62,5.0,1784228072804,1784228070173
248.65,1.0,1784228072836,1784228070201
248.69,10.0,1784228072870,1784228070244
248.72,6.0,1784228072902,1784228070272
248.75,0.0,1784228072936,1784228070300
248.79,7.0,1784228072971,1784228070342
248.81,1.0,1784228073004,1784228070369
248.86,8.0,1784228073038,1784228070410
248.88,4.0,1784228073071,1784228070439
248.91,-3.0,1784228073105,1784228070466
248.95,4.0,1784228073140,1784228070508
248.98,0.0,1784228073173,1784228070537
249.02,8.0,1784228073206,1784228070578
249.05,3.0,1784228073239,1784228070606
249.09,10.0,1784228073274,1784228070648
249.12,3.0,1784228073308,1784228070675
249.15,0.0,1784228073339,1784228070703
249.19,7.0,1784228073374,1784228070745
249.22,0.0,1784228073409,1784228070773
249.26,10.0,1784228073441,1784228070815
249.29,4.0,1784228073475,1784228070843
249.32,-2.0,1784228073508,1784228070870
249.36,8.0,1784228073541,1784228070913
249.39,1.0,1784228073575,1784228070940
249.43,9.0,1784228073608,1784228070981
249.46,2.0,1784228073643,1784228071009
249.48,-2.9,1784228073676,1784228071037
249.52,5.1,1784228073710,1784228071079
249.55,-0.9,1784228073743,1784228071106
249.59,7.1,1784228073777,1784228071148
249.62,1.1,1784228073812,1784228071177
249.65,-3.9,1784228073844,1784228071204
249.69,4.1,1784228073878,1784228071246
249.72,-0.9,1784228073910,1784228071273
249.76,8.1,1784228073944,1784228071316
249.79,2.1,1784228073978,1784228071344
249.83,9.1,1784228074012,1784228071385
249.86,3.1,1784228074046,1784228071413
249.89,-2.9,1784228074080,1784228071441
249.93,6.1,1784228074113,1784228071483
249.96,-1.9,1784228074147,1784228071509
250.00,9.1,1784228074179,1784228071552
250.03,2.1,1784228074213,1784228071579
250.07,9.1,1784228074249,1784228071622
250.10,5.1,1784228074281,1784228071650
250.12,0.1,1784228074314,1784228071678
250.16,7.1,1784228074348,1784228071719
250.19,1.1,1784228074382,1784228071747
250.22,-3.9,1784228074415,1784228071775
250.26,3.1,1784228074449,1784228071816
250.29,-2.9,1784228074483,1784228071844
250.33,7.1,1784228074516,1784228071887
250.36,1.1,1784228074550,1784228071915
250.40,10.1,1784228074583,1784228071957
250.43,3.1,1784228074616,1784228071983
250.46,-1.9,1784228074650,1784228072012
250.50,6.1,1784228074684,1784228072054
250.53,-1.9,1784228074719,1784228072081
250.57,8.1,1784228074751,1784228072123
250.60,0.1,1784228074786,1784228072150
250.62,-4.9,1784228074819,1784228072178
250.67,5.1,1784228074852,1784228072221
250.69,-1.9,1784228074886,1784228072248
250.74,7.1,1784228074919,1784228072290
250.76,1.1,1784228074952,1784228072317
250.81,10.1,1784228074986,1784228072360
250.83,4.1,1784228075020,1784228072388
250.86,-1.9,1784228075053,1784228072415
250.90,5.1,1784228075088,1784228072457
250.93,-1.9,1784228075122,1784228072484
250.97,7.1,1784228075156,1784228072527
251.00,3.1,1784228075188,1784228072555
251.03,-1.9,1784228075220,1784228072582
251.07,6.1,1784228075254,1784228072624
251.10,0.1,1784228075288,1784228072652
251.14,8.1,1784228075321,1784228072693
251.17,1.1,1784228075356,1784228072721
251.21,9.1,1784228075390,1784228072763
251.24,6.1,1784228075422,1784228072792
251.26,-1.9,1784228075457,1784228072819
251.31,6.1,1784228075491,1784228072861
251.33,1.1,1784228075523,1784228072888
251.38,9.1,1784228075557,1784228072930
251.40,3.1,1784228075591,1784228072958
251.43,-1.9,1784228075624,1784228072986
251.47,4.3,1784228075660,1784228073028
251.50,1.3,1784228075691,1784228073056
251.54,9.3,1784228075725,1784228073098
251.57,2.3,1784228075760,1784228073126
251.61,11.3,1784228075793,1784228073168
251.64,5.3,1784228075827,1784228073196
251.67,-0.7,1784228075860,1784228073223
251.71,8.3,1784228075893,1784228073265
251.74,3.3,1784228075926,1784228073293
251.77,-3.7,1784228075960,1784228073320
251.81,2.3,1784228075996,1784228073362
251.84,-2.7,1784228076029,1784228073390
251.88,6.3,1784228076062,1784228073432
251.91,1.3,1784228076095,1784228073460
251.95,9.3,1784228076129,1784228073502
251.97,2.3,1784228076163,1784228073529
252.00,-2.7,1784228076195,1784228073556
252.04,5.3,1784228076230,1784228073599
252.07,-0.7,1784228076263,1784228073626
252.11,8.3,1784228076297,1784228073669
252.14,1.3,1784228076332,1784228073697
252.17,-3.7,1784228076364,1784228073724
252.21,3.3,1784228076399,1784228073766
252.24,-0.7,1784228076432,1784228073795
252.28,7.3,1784228076464,1784228073835
252.31,1.3,1784228076499,1784228073864
252.34,-3.7,1784228076532,1784228073892
252.38,3.3,1784228076566,1784228073933
252.41,-1.7,1784228076599,1784228073961
252.45,6.3,1784228076633,1784228074003
252.48,-0.7,1784228076667,1784228074030
252.52,8.3,1784228076700,1784228074072
252.55,3.3,1784228076733,1784228074100
252.57,-2.7,1784228076767,1784228074128
252.62,4.3,1784228076801,1784228074169
252.64,-0.7,1784228076834,1784228074197
252.68,6.3,1784228076869,1784228074239
252.71,3.3,1784228076901,1784228074268
252.74,-2.7,1784228076934,1784228074295
252.78,5.3,1784228076968,1784228074337
252.81,-1.7,1784228077003,1784228074365
252.85,7.3,1784228077036,1784228074407
252.88,2.3,1784228077069,1784228074435
252.92,8.3,1784228077103,1784228074475
252.95,3.3,1784228077137,1784228074504
252.98,-2.7,1784228077171,1784228074532
253.02,4.3,1784228077206,1784228074574
253.05,0.3,1784228077237,1784228074601
253.09,7.3,1784228077272,1784228074643
253.12,3.3,1784228077304,1784228074671
253.16,10.3,1784228077339,1784228074713
253.19,5.3,1784228077372,1784228074741
253.21,-0.7,1784228077405,1784228074768
253.26,6.3,1784228077440,1784228074810
253.28,2.3,1784228077472,1784228074838
253.33,9.3,1784228077506,1784228074879
253.35,4.3,1784228077540,1784228074908
253.38,-3.7,1784228077575,1784228074935
253.42,8.3,1784228077606,1784228074978
253.45,1.3,1784228077640,1784228075005
253.49,8.3,1784228077675,1784228075047
253.52,2.3,1784228077708,1784228075074
253.55,-1.7,1784228077741,1784228075103
253.59,6.3,1784228077775,1784228075145
253.62,-0.7,1784228077809,1784228075172
253.66,9.3,1784228077842,1784228075215
253.69,0.3,1784228077878,1784228075242
253.73,9.3,1784228077911,1784228075284
253.76,5.3,1784228077942,1784228075311
253.79,-0.7,1784228077976,1784228075339
253.83,7.3,1784228078009,1784228075380
253.85,1.3,1784228078044,1784228075409
253.88,-2.7,1784228078077,1784228075438
253.92,2.3,1784228078112,1784228075478
253.95,-2.7,1784228078145,1784228075506
253.99,5.3,1784228078179,1784228075548
254.02,1.3,1784228078211,1784228075576
254.06,9.3,1784228078245,1784228075618
254.09,2.3,1784228078279,1784228075645
254.12,-1.7,1784228078312,1784228075674
254.16,5.3,1784228078346,1784228075715
254.19,0.3,1784228078379,1784228075743
254.23,6.3,1784228078414,1784228075784
254.26,2.3,1784228078447,1784228075813
254.30,10.3,1784228078480,1784228075854
254.33,3.3,1784228078515,1784228075882
254.36,-1.7,1784228078548,1784228075910
254.40,6.3,1784228078582,1784228075952
254.43,1.3,1784228078614,1784228075979
254.47,9.3,1784228078649,1784228076022
254.49,2.3,1784228078683,1784228076049
254.52,-2.7,1784228078717,1784228076078
254.56,5.3,1784228078749,1784228076118
254.59,1.3,1784228078783,1784228076148
254.63,8.3,1784228078816,1784228076188
254.66,2.3,1784228078850,1784228076216
254.69,-2.7,1784228078884,1784228076245
254.73,4.3,1784228078919,1784228076287
254.76,-0.7,1784228078951,1784228076314
254.80,8.3,1784228078984,1784228076356
254.83,1.3,1784228079018,1784228076383
254.87,9.3,1784228079052,1784228076425
254.90,3.3,1784228079086,1784228076453
254.93,-3.7,1784228079120,1784228076480
254.97,8.3,1784228079151,1784228076523
255.00,0.3,1784228079186,1784228076550
255.04,9.3,1784228079219,1784228076592
255.07,4.3,1784228079252,1784228076620
255.09,-2.7,1784228079287,1784228076648
255.14,5.3,1784228079320,1784228076689
255.16,0.3,1784228079354,1784228076718
255.20,8.3,1784228079387,1784228076759
255.23,1.3,1784228079421,1784228076786
255.27,10.3,1784228079455,1784228076829
255.30,5.3,1784228079488,1784228076857
255.33,-1.7,1784228079522,1784228076884
255.37,6.3,1784228079556,1784228076926
255.40,2.3,1784228079589,1784228076955
255.43,-3.7,1784228079622,1784228076982
255.47,3.3,1784228079657,1784228077024
255.50,-0.8,1784228079689,1784228077052
255.54,6.2,1784228079723,1784228077093
255.57,-0.8,1784228079758,1784228077121
255.61,9.2,1784228079790,1784228077163
255.64,2.2,1784228079825,1784228077191
255.66,-3.8,1784228079858,1784228077218
255.71,4.2,1784228079892,1784228077260
255.73,-2.8,1784228079927,1784228077288
255.78,9.2,1784228079957,1784228077330
255.80,2.2,1784228079991,1784228077357
255.85,9.2,1784228080027,1784228077400
255.87,4.2,1784228080060,1784228077428
255.90,-2.8,1784228080093,1784228077454
255.94,8.2,1784228080126,1784228077498
255.97,2.2,1784228080160,1784228077526
256.01,8.2,1784228080195,1784228077567
256.04,2.2,1784228080229,1784228077595
256.07,-3.8,1784228080262,1784228077622
256.11,6.2,1784228080295,1784228077665
256.14,1.2,1784228080327,1784228077692
256.18,8.2,1784228080362,1784228077734
256.21,2.2,1784228080396,1784228077762
256.24,-3.8,1784228080429,1784228077789
256.28,5.2,1784228080462,1784228077831
256.31,-1.8,1784228080497,1784228077859
256.35,7.2,1784228080530,1784228077901
256.37,0.2,1784228080564,1784228077928
256.42,10.2,1784228080597,1784228077971
256.44,5.2,1784228080630,1784228077999
256.47,-1.8,1784228080665,1784228078027
256.51,5.2,1784228080698,1784228078067
256.54,-1.8,1784228080733,1784228078095
256.58,10.2,1784228080765,1784228078139
256.61,2.2,1784228080799,1784228078165
256.65,9.2,1784228080833,1784228078206
256.68,5.2,1784228080866,1784228078235
256.71,-1.8,1784228080901,1784228078263
256.75,8.2,1784228080933,1784228078305
256.78,2.2,1784228080966,1784228078332
256.81,-2.8,1784228081000,1784228078361
256.85,4.2,1784228081034,1784228078402
256.88,-1.8,1784228081068,1784228078430
256.92,3.2,1784228081104,1784228078471
256.95,1.2,1784228081135,1784228078500
256.99,9.2,1784228081169,1784228078542
257.02,3.2,1784228081202,1784228078569
257.04,-2.8,1784228081236,1784228078597
257.08,5.2,1784228081270,1784228078639
257.11,1.2,1784228081302,1784228078667
257.14,-4.8,1784228081336,1784228078695
257.18,2.2,1784228081370,1784228078736
257.21,-3.8,1784228081405,1784228078765
257.25,4.2,1784228081438,1784228078806
257.28,0.2,1784228081470,1784228078834
257.32,7.2,1784228081504,1784228078875
257.35,1.2,1784228081539,1784228078904
257.39,9.2,1784228081572,1784228078945
257.42,4.2,1784228081606,1784228078974
257.45,-2.8,1784228081640,1784228079001
257.49,5.2,1784228081673,1784228079042
257.52,0.2,1784228081706,1784228079070
257.56,9.2,1784228081739,1784228079112
257.59,2.2,1784228081774,1784228079140
257.61,-3.8,1784228081807,1784228079167
257.66,6.2,1784228081841,1784228079211
257.68,0.2,1784228081874,1784228079238
257.73,8.2,1784228081907,1784228079279
257.75,1.2,1784228081942,1784228079307
257.78,-3.8,1784228081974,1784228079334
257.82,5.2,1784228082008,1784228079377
257.85,-0.8,1784228082041,1784228079404
257.89,6.2,1784228082076,1784228079446
257.92,0.2,1784228082110,1784228079474
257.96,10.2,1784228082143,1784228079517
257.99,4.2,1784228082176,1784228079544
258.02,-0.8,1784228082209,1784228079572
258.06,7.2,1784228082243,1784228079614
258.09,-0.8,1784228082278,1784228079641
258.12,-4.8,1784228082310,1784228079669
258.16,3.2,1784228082344,1784228079711
258.18,-3.8,1784228082378,1784228079738
258.23,5.2,1784228082412,1784228079781
258.25,-1.8,1784228082446,1784228079808
258.30,6.2,1784228082480,1784228079850
258.32,2.2,1784228082512,1784228079878
258.35,-4.8,1784228082546,1784228079905
258.39,3.2,1784228082580,1784228079947
258.42,-1.8,1784228082614,1784228079976
258.46,5.2,1784228082648,1784228080017
258.49,0.2,1784228082680,1784228080044
258.53,9.2,1784228082714,1784228080087
258.56,3.2,1784228082748,1784228080115
258.59,-2.8,1784228082782,1784228080143
258.63,6.2,1784228082814,1784228080184
258.66,0.2,1784228082848,1784228080212
258.70,7.2,1784228082882,1784228080253
258.73,2.2,1784228082916,1784228080282
258.77,9.2,1784228082950,1784228080323
258.80,4.2,1784228082983,1784228080351
258.83,-0.8,1784228083016,1784228080379
258.87,7.2,1784228083050,1784228080421
258.89,1.2,1784228083083,1784228080448
258.92,-4.8,1784228083117,1784228080476
258.96,3.2,1784228083151,1784228080518
258.99,-2.8,1784228083185,1784228080546
259.03,6.2,1784228083218,1784228080588
259.06,0.2,1784228083251,1784228080615
259.10,8.2,1784228083285,1784228080657
259.13,3.2,1784228083318,1784228080685
259.16,-4.8,1784228083353,1784228080712
259.20,5.2,1784228083386,1784228080755
259.23,-0.8,1784228083420,1784228080783
259.27,8.2,1784228083453,1784228080825
259.30,1.2,1784228083486,1784228080851
259.34,9.2,1784228083521,1784228080894
259.37,5.2,1784228083553,1784228080922
259.40,-1.8,1784228083587,1784228080949
259.44,7.2,1784228083621,1784228080992
259.47,0.2,1784228083655,1784228081019
259.51,8.3,1784228083689,1784228081061
259.53,2.3,1784228083722,1784228081088
259.56,-3.7,1784228083756,1784228081116
259.60,6.3,1784228083789,1784228081159
259.63,-0.7,1784228083823,1784228081186
259.67,8.3,1784228083856,1784228081228
259.70,3.3,1784228083889,1784228081256
259.73,-2.7,1784228083923,1784228081284
259.77,5.3,1784228083957,1784228081326
259.80,0.3,1784228083989,1784228081353
259.84,9.3,1784228084023,1784228081396
259.87,1.3,1784228084057,1784228081422
259.90,-3.7,1784228084091,1784228081451
259.94,3.3,1784228084125,1784228081492
259.97,-3.7,1784228084160,1784228081520
260.01,6.3,1784228084192,1784228081562
260.04,1.3,1784228084225,1784228081590
260.08,7.3,1784228084260,1784228081631
260.11,2.3,1784228084293,1784228081659
260.13,-3.7,1784228084327,1784228081687
260.18,6.3,1784228084360,1784228081730
260.20,0.3,1784228084393,1784228081757
260.24,7.3,1784228084427,1784228081798
260.27,1.3,1784228084462,1784228081827
260.31,8.3,1784228084497,1784228081869
260.34,3.3,1784228084529,1784228081896
260.37,-2.7,1784228084563,1784228081924
260.41,6.3,1784228084596,1784228081966
260.44,0.3,1784228084630,1784228081994
260.48,9.3,1784228084663,1784228082036
260.51,2.3,1784228084697,1784228082063
260.54,-3.7,1784228084731,1784228082091
260.58,5.3,1784228084764,1784228082133
260.61,1.3,1784228084796,1784228082161
260.65,7.3,1784228084831,1784228082202
260.68,2.3,1784228084864,1784228082230
260.70,-3.7,1784228084898,1784228082258
260.75,5.3,1784228084931,1784228082300
260.77,-1.7,1784228084966,1784228082328
260.82,8.3,1784228084997,1784228082369
260.84,2.3,1784228085031,1784228082397
260.88,9.3,1784228085066,1784228082439
260.91,4.3,1784228085099,1784228082467
260.94,-1.7,1784228085133,1784228082495
260.98,7.3,1784228085166,1784228082537
261.01,2.3,1784228085199,1784228082565
261.04,-4.7,1784228085234,1784228082593
261.08,3.3,1784228085267,1784228082634
261.11,-2.7,1784228085301,1784228082662
261.15,5.3,1784228085334,1784228082703
261.18,-0.7,1784228085368,1784228082731
261.22,8.3,1784228085402,1784228082774
261.25,3.3,1784228085434,1784228082801
261.27,-3.7,1784228085468,1784228082828
261.32,3.3,1784228085503,1784228082870
261.35,0.3,1784228085535,1784228082899
261.39,4.3,1784228085571,1784228082939
261.41,1.3,1784228085603,1784228082968
261.46,10.3,1784228085637,1784228083011
261.48,3.3,1784228085671,1784228083038
261.51,-2.8,1784228085704,1784228083065
261.55,7.2,1784228085737,1784228083108
261.58,1.2,1784228085771,1784228083136
261.62,9.2,1784228085804,1784228083177
261.65,3.2,1784228085838,1784228083205
261.68,-2.8,1784228085872,1784228083233
261.72,3.2,1784228085907,1784228083274
261.75,-0.8,1784228085940,1784228083303
261.79,7.2,1784228085973,1784228083344
261.82,2.2,1784228086006,1784228083372
261.85,-3.8,1784228086039,1784228083399
261.89,4.2,1784228086074,1784228083442
261.91,-3.8,1784228086108,1784228083468
261.96,5.2,1784228086142,1784228083511
261.99,2.2,1784228086175,1784228083541
262.03,9.2,1784228086208,1784228083581
262.05,2.2,1784228086243,1784228083609
262.08,-2.8,1784228086275,1784228083636
262.12,5.2,1784228086309,1784228083678
262.15,-0.8,1784228086343,1784228083706
262.19,7.2,1784228086377,1784228083748
262.22,1.2,1784228086411,1784228083776
262.26,10.2,1784228086444,1784228083818
262.29,6.2,1784228086476,1784228083846
262.32,0.2,1784228086510,1784228083874
262.36,5.2,1784228086546,1784228083915
262.39,-0.8,1784228086579,1784228083942
262.42,-4.8,1784228086611,1784228083970
262.46,4.2,1784228086645,1784228084013
262.49,-1.8,1784228086679,1784228084041
262.53,5.2,1784228086713,1784228084082
262.56,-0.8,1784228086747,1784228084110
262.60,7.2,1784228086779,1784228084150
262.63,1.2,1784228086814,1784228084179
262.65,-2.8,1784228086846,1784228084207
262.69,5.2,1784228086880,1784228084249
262.72,-0.8,1784228086914,1784228084277
262.76,8.2,1784228086947,1784228084319
262.79,2.2,1784228086981,1784228084347
262.82,-2.8,1784228087014,1784228084375
262.86,5.2,1784228087047,1784228084416
262.89,-0.8,1784228087081,1784228084444
262.93,7.2,1784228087114,1784228084485
262.96,1.2,1784228087149,1784228084514
262.99,-3.8,1784228087182,1784228084542
263.03,3.2,1784228087215,1784228084582
263.06,-2.8,1784228087251,1784228084612
263.10,8.2,1784228087282,1784228084654
263.13,0.2,1784228087317,1784228084681
263.17,7.2,1784228087352,1784228084723
263.20,2.2,1784228087384,1784228084750
263.24,9.2,1784228087419,1784228084792
263.27,5.2,1784228087450,1784228084819
263.29,-0.8,1784228087484,1784228084847
263.34,6.2,1784228087519,1784228084889
263.36,0.2,1784228087553,1784228084917
263.39,-3.8,1784228087585,1784228084945
263.43,4.2,1784228087619,1784228084987
263.46,-2.8,1784228087653,1784228085014
263.50,6.2,1784228087687,1784228085057
263.53,-0.8,1784228087721,1784228085084
263.57,7.2,1784228087755,1784228085126
263.60,5.2,1784228087786,1784228085155
263.63,-1.8,1784228087820,1784228085182
263.67,3.2,1784228087855,1784228085222
263.70,0.2,1784228087888,1784228085252
263.74,7.2,1784228087922,1784228085293
263.77,2.2,1784228087955,1784228085321
263.79,-3.8,1784228087988,1784228085348
263.84,4.2,1784228088022,1784228085390
263.86,0.2,1784228088055,1784228085419
263.91,7.2,1784228088089,1784228085460
263.93,2.2,1784228088122,1784228085488
263.96,-4.8,1784228088157,1784228085516
264.00,4.2,1784228088190,1784228085558
264.03,-0.8,1784228088223,1784228085586
264.07,8.2,1784228088256,1784228085628
264.10,2.2,1784228088290,1784228085656
264.14,9.2,1784228088324,1784228085697
264.17,3.2,1784228088357,1784228085724
264.20,-2.8,1784228088391,1784228085752
264.24,5.2,1784228088426,1784228085795
264.27,-0.8,1784228088459,1784228085822
264.31,7.2,1784228088492,1784228085863
264.34,2.2,1784228088526,1784228085892
264.38,10.2,1784228088560,1784228085934
264.41,5.2,1784228088593,1784228085962
264.44,-1.8,1784228088627,1784228085989
264.48,6.2,1784228088661,1784228086031
264.50,1.2,1784228088694,1784228086059
264.55,8.2,1784228088728,1784228086100
264.57,1.2,1784228088763,1784228086128
264.60,-2.8,1784228088795,1784228086156
264.64,6.2,1784228088828,1784228086198
264.67,1.2,1784228088862,1784228086227
264.71,8.2,1784228088896,1784228086268
264.74,2.2,1784228088929,1784228086295
264.77,-3.8,1784228088963,1784228086323
264.81,5.2,1784228088996,1784228086365
264.84,0.2,1784228089030,1784228086394
264.88,8.2,1784228089062,1784228086434
264.91,2.2,1784228089097,1784228086463
264.95,10.2,1784228089131,1784228086505
264.98,3.2,1784228089165,1784228086532
265.01,-0.8,1784228089197,1784228086560
265.05,7.2,1784228089231,1784228086602
265.08,1.2,1784228089265,1784228086630
265.12,9.2,1784228089299,1784228086672
265.14,2.2,1784228089333,1784228086699
265.17,-2.8,1784228089366,1784228086727
265.22,5.2,1784228089400,1784228086769
265.24,-0.8,1784228089434,1784228086797
265.28,6.2,1784228089468,1784228086838
265.31,2.2,1784228089500,1784228086866
265.34,-1.8,1784228089533,1784228086895
265.38,4.2,1784228089568,1784228086936
265.41,-0.8,1784228089601,1784228086964
265.45,7.2,1784228089635,1784228087006
265.48,1.2,1784228089668,1784228087033
265.52,9.3,1784228089703,1784228087076
265.55,4.3,1784228089735,1784228087103
265.58,-0.7,1784228089769,1784228087132
265.62,6.3,1784228089803,1784228087173
265.65,0.3,1784228089836,1784228087200
265.69,9.3,1784228089869,1784228087242
265.72,2.3,1784228089904,1784228087270
265.74,-2.7,1784228089938,1784228087299
265.79,4.3,1784228089972,1784228087340
265.81,-0.7,1784228090004,1784228087367
265.85,8.3,1784228090037,1784228087409
265.88,4.3,1784228090070,1784228087438
265.91,-2.7,1784228090105,1784228087466
265.95,4.3,1784228090139,1784228087507
265.98,-0.7,1784228090172,1784228087535
266.02,9.3,1784228090205,1784228087578
266.05,1.3,1784228090239,1784228087604
266.08,-3.7,1784228090272,1784228087632
266.12,2.3,1784228090307,1784228087673
266.15,-2.7,1784228090341,1784228087702
266.19,6.3,1784228090373,1784228087743
266.22,0.3,1784228090407,1784228087771
266.26,8.3,1784228090441,1784228087813
266.29,2.3,1784228090475,1784228087841
266.31,-2.7,1784228090508,1784228087869
266.36,4.3,1784228090542,1784228087910
266.38,-1.7,1784228090576,1784228087938
266.43,7.3,1784228090609,1784228087980
266.45,1.3,1784228090643,1784228088008
266.48,-3.7,1784228090676,1784228088036
266.52,4.3,1784228090709,1784228088077
266.55,-1.7,1784228090744,1784228088106
266.59,7.3,1784228090777,1784228088148
266.62,1.3,1784228090811,1784228088176
266.66,8.3,1784228090845,1784228088217
266.69,2.3,1784228090878,1784228088244
266.72,-3.7,1784228090912,1784228088272
266.76,4.3,1784228090946,1784228088314
266.79,-1.7,1784228090980,1784228088342
266.83,7.3,1784228091014,1784228088385
266.86,3.3,1784228091045,1784228088412
266.89,-3.7,1784228091079,1784228088439
266.93,5.3,1784228091113,1784228088482
266.96,0.3,1784228091145,1784228088509
267.00,8.3,1784228091179,1784228088551
267.02,1.3,1784228091213,1784228088578
267.05,-3.7,1784228091246,1784228088606
267.09,4.3,1784228091281,1784228088649
267.12,-1.7,1784228091314,1784228088676
267.16,5.3,1784228091348,1784228088717
267.19,-0.7,1784228091383,1784228088746
267.22,-4.7,1784228091415,1784228088774
267.26,1.3,1784228091450,1784228088815
267.29,-3.7,1784228091482,1784228088842
267.33,4.3,1784228091517,1784228088885
267.36,-0.7,1784228091550,1784228088913
267.40,8.3,1784228091584,1784228088956
267.43,1.3,1784228091617,1784228088982
267.47,8.3,1784228091652,1784228089024
267.50,4.3,1784228091684,1784228089052
267.53,-1.7,1784228091718,1784228089080
267.57,7.3,1784228091750,1784228089121
267.60,0.3,1784228091786,1784228089150
267.64,7.3,1784228091820,1784228089191
267.66,2.3,1784228091853,1784228089219
267.69,-2.7,1784228091886,1784228089247
267.73,3.3,1784228091921,1784228089288
267.76,-1.7,1784228091955,1784228089317
267.80,8.3,1784228091986,1784228089358
267.83,1.3,1784228092021,1784228089386
267.86,-2.7,1784228092053,1784228089414
267.90,4.3,1784228092087,1784228089455
267.93,0.3,1784228092120,1784228089484
267.97,6.3,1784228092155,1784228089525
268.00,1.3,1784228092188,1784228089553
268.04,11.3,1784228092221,1784228089596
268.07,3.3,1784228092255,1784228089622
268.10,-2.7,1784228092289,1784228089650
268.14,7.3,1784228092322,1784228089693
268.17,0.3,1784228092356,1784228089720
268.21,8.3,1784228092391,1784228089763
268.24,1.3,1784228092424,1784228089789
268.26,-3.7,1784228092457,1784228089817
268.31,5.3,1784228092490,1784228089859
268.33,-1.7,1784228092525,1784228089887
268.37,5.3,1784228092559,1784228089928
268.40,0.3,1784228092593,1784228089957
268.44,9.3,1784228092625,1784228089998
268.47,5.3,1784228092659,1784228090028
268.50,-2.7,1784228092693,1784228090054
268.54,6.3,1784228092727,1784228090097
268.57,-0.7,1784228092761,1784228090124
268.61,9.3,1784228092793,1784228090166
268.64,2.3,1784228092828,1784228090194
268.68,9.3,1784228092862,1784228090235
268.71,4.3,1784228092894,1784228090262
268.74,-1.7,1784228092929,1784228090291
268.78,8.3,1784228092961,1784228090333
268.81,2.3,1784228092995,1784228090361
268.85,10.3,1784228093029,1784228090403
268.88,5.3,1784228093061,1784228090430
268.90,-1.7,1784228093095,1784228090457
268.95,8.3,1784228093128,1784228090500
268.97,1.3,1784228093162,1784228090527
269.02,10.3,1784228093196,1784228090570
269.04,5.3,1784228093229,1784228090598
269.07,-1.7,1784228093263,1784228090625
269.11,7.3,1784228093296,1784228090667
269.14,1.3,1784228093330,1784228090695
269.18,8.3,1784228093365,1784228090737
269.21,3.3,1784228093397,1784228090764
269.24,-3.7,1784228093432,1784228090792
269.28,6.3,1784228093465,1784228090835
269.31,0.3,1784228093498,1784228090862
269.35,7.3,1784228093532,1784228090903
269.38,1.3,1784228093566,1784228090931
269.40,-3.7,1784228093599,1784228090959
269.45,4.3,1784228093633,1784228091001
269.47,-2.7,1784228093667,1784228091028
269.52,3.5,1784228093703,1784228091070
269.54,-0.5,1784228093735,1784228091098
269.59,9.5,1784228093768,1784228091141
269.61,-0.5,1784228093804,1784228091167
269.66,9.5,1784228093837,1784228091210
269.68,4.5,1784228093869,1784228091237
269.71,-0.5,1784228093902,1784228091265
269.75,6.5,1784228093938,1784228091308
269.78,2.5,1784228093969,1784228091335
269.81,-2.5,1784228094002,1784228091363
269.85,4.5,1784228094036,1784228091404
269.88,1.5,1784228094068,1784228091433
269.92,7.5,1784228094103,1784228091474
269.95,2.5,1784228094137,1784228091503
269.99,7.5,1784228094172,1784228091543
270.02,3.5,1784228094205,1784228091572
270.05,-2.5,1784228094239,1784228091600
270.09,5.5,1784228094272,1784228091641
270.11,-0.5,1784228094305,1784228091668
270.16,9.5,1784228094338,1784228091711
270.18,3.5,1784228094372,1784228091739
270.21,-1.5,1784228094406,1784228091768
270.25,3.5,1784228094441,1784228091808
270.28,0.5,1784228094473,1784228091837
270.32,7.5,1784228094507,1784228091878
270.35,2.5,1784228094540,1784228091906
270.39,9.5,1784228094575,1784228091948
270.42,5.5,1784228094607,1784228091976
270.45,-0.5,1784228094640,1784228092003
270.49,8.5,1784228094674,1784228092046
270.52,1.5,1784228094708,1784228092073
270.56,10.5,1784228094741,1784228092115
270.59,3.5,1784228094775,1784228092142
270.62,-1.5,1784228094809,1784228092171
270.66,7.5,1784228094842,1784228092213
270.69,0.5,1784228094876,1784228092240
270.73,9.5,1784228094909,1784228092282
270.76,3.5,1784228094942,1784228092309
270.78,-3.5,1784228094977,1784228092337
270.83,5.5,1784228095011,1784228092380
270.85,-0.5,1784228095045,1784228092408
270.89,7.5,1784228095077,1784228092448
270.92,2.5,1784228095110,1784228092476
270.95,-3.5,1784228095145,1784228092505
270.99,4.5,1784228095179,1784228092547
271.02,-1.5,1784228095212,1784228092574
271.06,7.5,1784228095245,1784228092616
271.09,1.5,1784228095279,1784228092644
271.13,8.5,1784228095313,1784228092685
271.16,3.5,1784228095346,1784228092713
271.19,-1.5,1784228095379,1784228092741
271.23,6.5,1784228095413,1784228092783
271.26,1.5,1784228095447,1784228092812
271.30,9.5,1784228095480,1784228092853
271.33,1.5,1784228095515,1784228092880
271.35,-3.5,1784228095548,1784228092908
271.40,5.5,1784228095581,1784228092950
271.42,-0.5,1784228095615,1784228092978
271.47,7.5,1784228095649,1784228093020
271.49,2.5,1784228095682,1784228093048
271.52,-3.5,1784228095716,1784228093076
271.56,2.5,1784228095751,1784228093117
271.59,-1.5,1784228095784,1784228093146
271.63,4.5,1784228095819,1784228093187
271.66,-0.5,1784228095851,1784228093214
271.70,7.5,1784228095885,1784228093256
271.73,3.5,1784228095917,1784228093284
271.77,9.5,1784228095953,1784228093326
271.80,4.5,1784228095986,1784228093354
271.83,-1.5,1784228096019,1784228093381
271.87,7.5,1784228096053,1784228093424
271.90,3.5,1784228096085,1784228093452
271.93,-2.5,1784228096118,1784228093479
271.97,4.5,1784228096153,1784228093521
271.99,0.5,1784228096185,1784228093549
272.04,7.5,1784228096220,1784228093591
272.06,1.5,1784228096253,1784228093618
272.09,-2.5,1784228096286,1784228093647
272.13,4.5,1784228096320,1784228093688
272.16,-1.5,1784228096354,1784228093716
272.20,7.5,1784228096387,1784228093758
272.23,2.5,1784228096420,1784228093786
272.27,10.5,1784228096454,1784228093828
272.30,1.5,1784228096489,1784228093854
272.33,-3.5,1784228096522,1784228093882
272.37,6.5,1784228096555,1784228093925
272.40,-0.5,1784228096590,1784228093953
272.44,6.5,1784228096624,1784228093994
272.47,0.5,1784228096658,1784228094022
272.51,10.5,1784228096691,1784228094065
272.54,3.5,1784228096725,1784228094092
272.56,-2.5,1784228096758,1784228094119
272.61,5.5,1784228096792,1784228094161
272.63,-0.5,1784228096825,1784228094188
272.68,9.5,1784228096858,1784228094231
272.70,2.5,1784228096893,1784228094259
272.73,-3.5,1784228096927,1784228094287
272.77,5.5,1784228096959,1784228094328
272.80,-0.5,1784228096993,1784228094356
272.84,7.5,1784228097027,1784228094398
272.87,2.5,1784228097060,1784228094426
272.90,-2.5,1784228097093,1784228094454
272.94,6.5,1784228097126,1784228094496
272.97,-1.5,1784228097161,1784228094523
273.01,7.5,1784228097194,1784228094565
273.04,2.5,1784228097227,1784228094593
273.08,8.5,1784228097262,1784228094634
273.11,4.5,1784228097295,1784228094663
273.14,-1.5,1784228097328,1784228094690
273.18,5.5,1784228097363,1784228094732
273.21,-0.5,1784228097397,1784228094760
273.25,7.5,1784228097430,1784228094801
273.28,3.5,1784228097463,1784228094830
273.30,-1.5,1784228097496,1784228094858
273.35,6.5,1784228097529,1784228094899
273.37,-0.5,1784228097564,1784228094927
273.41,7.5,1784228097598,1784228094969
273.44,2.5,1784228097631,1784228094997
273.47,-2.5,1784228097664,1784228095025
273.51,5.5,1784228097698,1784228095067
273.54,-1.4,1784228097732,1784228095094
273.58,7.6,1784228097765,1784228095136
273.61,0.6,1784228097799,1784228095163
273.65,8.6,1784228097833,1784228095205
273.68,1.6,1784228097868,1784228095233
273.71,-2.4,1784228097900,1784228095261
273.75,5.6,1784228097934,1784228095303
273.78,0.6,1784228097967,1784228095331
273.82,8.6,1784228098000,1784228095372
273.85,0.6,1784228098035,1784228095399
273.87,-3.4,1784228098068,1784228095428
273.92,5.6,1784228098102,1784228095471
273.94,-0.4,1784228098135,1784228095498
273.98,7.6,1784228098168,1784228095539
274.01,3.6,1784228098201,1784228095568
274.04,-2.4,1784228098234,1784228095595
274.08,4.6,1784228098269,1784228095637
274.11,-2.4,1784228098303,1784228095664
274.15,6.6,1784228098336,1784228095706
274.18,1.6,1784228098370,1784228095735
274.21,-3.4,1784228098403,1784228095763
274.25,3.6,1784228098438,1784228095805
274.28,-3.4,1784228098471,1784228095831
274.32,5.6,1784228098505,1784228095874
274.35,0.6,1784228098538,1784228095902
274.39,8.6,1784228098572,1784228095944
274.42,1.6,1784228098606,1784228095971
274.46,9.6,1784228098640,1784228096013
274.49,3.6,1784228098673,1784228096040
274.51,-1.4,1784228098706,1784228096068
274.56,6.6,1784228098740,1784228096110
274.58,0.6,1784228098773,1784228096137
274.61,-4.4,1784228098807,1784228096166
274.65,4.6,1784228098840,1784228096208
274.68,-2.4,1784228098874,1784228096235
274.72,5.6,1784228098908,1784228096277
274.75,-1.4,1784228098942,1784228096304
274.79,8.6,1784228098976,1784228096348
274.82,4.6,1784228099008,1784228096376
274.85,-3.4,1784228099043,1784228096403
274.89,4.6,1784228099076,1784228096444
274.92,0.6,1784228099109,1784228096473
274.96,8.6,1784228099143,1784228096515
274.99,1.6,1784228099176,1784228096541
275.02,-3.4,1784228099210,1784228096570
275.06,3.6,1784228099244,1784228096611
275.09,-2.4,1784228099278,1784228096639
275.13,6.6,1784228099310,1784228096680
275.15,1.6,1784228099344,1784228096709
275.20,8.6,1784228099379,1784228096751
275.22,2.6,1784228099412,1784228096778
275.25,-2.4,1784228099446,1784228096807
275.29,4.6,1784228099480,1784228096848
275.32,0.6,1784228099512,1784228096876
275.36,6.6,1784228099547,1784228096917
275.39,2.6,1784228099580,1784228096946
275.42,-2.4,1784228099613,1784228096974
275.46,4.6,1784228099647,1784228097015
275.49,-0.4,1784228099680,1784228097043
275.53,6.6,1784228099714,1784228097084
275.56,1.9,1784228099748,1784228097113
275.60,8.9,1784228099783,1784228097155
275.63,2.9,1784228099816,1784228097182
275.66,-2.1,1784228099849,1784228097210
275.70,5.9,1784228099883,1784228097252
275.73,-0.1,1784228099917,1784228097280
275.75,-3.1,1784228099948,1784228097308
275.79,3.9,1784228099982,1784228097349
275.82,-1.1,1784228100016,1784228097378
275.86,4.9,1784228100051,1784228097419
275.89,-0.1,1784228100084,1784228097447
275.93,7.9,1784228100117,1784228097488
275.96,2.9,1784228100151,1784228097517
276.00,10.9,1784228100184,1784228097558
276.03,5.9,1784228100217,1784228097586
276.06,-0.1,1784228100251,1784228097614
276.10,7.9,1784228100284,1784228097655
276.13,1.9,1784228100318,1784228097683
276.16,-3.1,1784228100352,1784228097712
276.20,3.9,1784228100385,1784228097752
276.23,-2.1,1784228100419,1784228097780
276.27,7.9,1784228100452,1784228097823
276.30,0.9,1784228100486,1784228097850
276.34,7.9,1784228100521,1784228097892
276.37,3.9,1784228100553,1784228097920
276.39,-2.1,1784228100587,1784228097948
276.44,3.9,1784228100622,1784228097989
276.46,-0.1,1784228100655,1784228098018
276.50,7.9,1784228100688,1784228098059
276.53,0.9,1784228100723,1784228098087
276.56,-3.1,1784228100755,1784228098115
276.60,4.9,1784228100789,1784228098157
276.63,-1.1,1784228100822,1784228098184
276.67,5.9,1784228100857,1784228098226
276.70,0.9,1784228100890,1784228098254
276.74,8.9,1784228100924,1784228098296
276.77,3.9,1784228100957,1784228098324
276.80,-3.1,1784228100991,1784228098351
276.84,4.9,1784228101025,1784228098393
276.87,-2.1,1784228101060,1784228098421
276.91,6.9,1784228101093,1784228098463
276.94,2.9,1784228101124,1784228098490
276.96,-3.1,1784228101158,1784228098518
277.01,4.9,1784228101192,1784228098560
277.03,-2.1,1784228101227,1784228098588
277.08,8.9,1784228101258,1784228098630
277.10,2.9,1784228101292,1784228098658
277.15,8.9,1784228101327,1784228098699
277.17,4.9,1784228101360,1784228098728
277.20,-2.1,1784228101394,1784228098755
277.24,6.9,1784228101427,1784228098797
277.27,1.9,1784228101460,1784228098825
277.31,7.9,1784228101495,1784228098866
277.34,3.9,1784228101528,1784228098895
277.37,-3.1,1784228101562,1784228098922
277.41,6.9,1784228101595,1784228098965
277.44,-0.1,1784228101629,1784228098992
277.48,6.9,1784228101663,1784228099033
277.51,2.9,1784228101696,1784228099062
277.54,-2.9,1784228101730,1784228099090
277.58,4.1,1784228101765,1784228099132
277.60,-2.9,1784228101798,1784228099158
277.65,7.1,1784228101830,1784228099200
277.67,2.1,1784228101864,1784228099229
277.72,9.1,1784228101898,1784228099270
277.74,2.1,1784228101933,1784228099298
277.77,-2.9,1784228101965,1784228099325
277.81,6.1,1784228101999,1784228099368
277.84,0.1,1784228102033,1784228099396
277.88,8.1,1784228102066,1784228099437
277.91,1.1,1784228102101,1784228099465
277.94,-4.9,1784228102134,1784228099492
277.98,7.1,1784228102166,1784228099536
278.01,0.1,1784228102200,1784228099563
278.05,8.1,1784228102234,1784228099605
278.08,2.1,1784228102267,1784228099632
278.11,-3.9,1784228102301,1784228099660
278.15,5.1,1784228102334,1784228099702
278.18,-0.9,1784228102367,1784228099729
278.22,7.1,1784228102401,1784228099771
278.25,1.1,1784228102435,1784228099799
278.29,9.1,1784228102469,1784228099841
278.32,4.1,1784228102502,1784228099869
278.34,-2.9,1784228102537,1784228099897
278.38,4.1,1784228102571,1784228099938
278.41,0.1,1784228102603,1784228099966
278.45,7.1,1784228102637,1784228100007
278.48,2.1,1784228102671,1784228100036
278.51,-2.9,1784228102704,1784228100064
278.55,4.1,1784228102738,1784228100105
278.58,0.1,1784228102772,1784228100135
278.62,6.1,1784228102806,1784228100175
278.65,1.1,1784228102839,1784228100203
278.69,9.1,1784228102873,1784228100245
278.72,3.1,1784228102906,1784228100272
278.75,-0.9,1784228102939,1784228100301
278.79,6.1,1784228102973,1784228100342
278.82,-0.9,1784228103008,1784228100370
278.86,9.1,1784228103040,1784228100412
278.89,2.1,1784228103074,1784228100439
278.91,-3.9,1784228103108,1784228100467
278.96,6.1,1784228103141,1784228100510
278.98,-0.9,1784228103174,1784228100536
279.02,9.1,1784228103207,1784228100579
279.05,2.1,1784228103242,1784228100607
279.08,-3.9,1784228103275,1784228100634
279.12,6.1,1784228103308,1784228100677
279.15,-0.9,1784228103342,1784228100704
279.19,7.1,1784228103376,1784228100746
279.22,1.1,1784228103410,1784228100774
279.26,8.1,1784228103444,1784228100815
279.29,4.1,1784228103477,1784228100844
279.32,-1.9,1784228103510,1784228100871
279.36,6.1,1784228103544,1784228100913
279.39,-0.9,1784228103578,1784228100940
279.43,8.1,1784228103611,1784228100982
279.46,2.1,1784228103645,1784228101010
279.50,10.1,1784228103679,1784228101052
279.53,5.1,1784228103713,1784228101081
279.55,1.1,1784228103745,1784228101109
279.60,8.1,1784228103779,1784228101150
279.62,1.1,1784228103813,1784228101177
279.65,-2.9,1784228103846,1784228101206
279.69,5.1,1784228103880,1784228101248
279.72,-0.9,1784228103914,1784228101276
279.76,6.1,1784228103948,1784228101317
279.79,1.1,1784228103981,1784228101345
279.83,9.1,1784228104015,1784228101387
279.86,4.1,1784228104048,1784228101415
279.89,-1.9,1784228104081,1784228101442
279.93,5.1,1784228104117,1784228101485
279.96,-0.9,1784228104149,1784228101511
280.00,10.1,1784228104181,1784228101554
280.03,4.1,1784228104215,1784228101582
280.07,11.1,1784228104249,1784228101623
280.10,3.1,1784228104284,1784228101650
280.13,-1.9,1784228104318,1784228101679
280.17,6.1,1784228104351,1784228101720
280.19,1.1,1784228104384,1784228101748
280.22,-2.9,1784228104417,1784228101777
280.26,4.1,1784228104450,1784228101817
280.29,-1.9,1784228104485,1784228101846
280.33,7.1,1784228104518,1784228101888
280.36,2.1,1784228104550,1784228101915
280.40,8.1,1784228104586,1784228101957
280.43,2.1,1784228104620,1784228101985
280.46,-2.9,1784228104653,1784228102013
280.50,6.1,1784228104686,1784228102055
280.53,-0.9,1784228104720,1784228102082
280.57,8.1,1784228104753,1784228102124
280.60,1.1,1784228104788,1784228102152
280.63,-3.9,1784228104821,1784228102180
280.67,3.1,1784228104855,1784228102221
280.70,-0.9,1784228104888,1784228102250
280.74,6.1,1784228104922,1784228102291
280.76,1.1,1784228104955,1784228102319
280.81,8.1,1784228104990,1784228102361
280.83,3.1,1784228105022,1784228102388
280.86,-1.9,1784228105057,1784228102418
280.90,6.1,1784228105089,1784228102458
280.93,-0.9,1784228105124,1784228102486
280.97,9.1,1784228105156,1784228102528
281.00,1.1,1784228105191,1784228102555
281.04,9.1,1784228105225,1784228102597
281.07,4.1,1784228105258,1784228102625
281.10,-1.9,1784228105292,1784228102653
281.14,9.1,1784228105324,1784228102696
281.17,0.1,1784228105359,1784228102722
281.21,9.1,1784228105392,1784228102764
281.24,3.1,1784228105427,1784228102793
281.27,-3.9,1784228105461,1784228102820
281.31,6.1,1784228105493,1784228102862
281.34,0.1,1784228105528,1784228102891
281.38,8.1,1784228105560,1784228102931
281.41,4.1,1784228105593,1784228102960
281.43,-3.9,1784228105628,1784228102987
281.48,3.1,1784228105663,1784228103029
281.50,0.1,1784228105694,1784228103057
281.54,7.1,1784228105728,1784228103098
281.57,3.2,1784228105761,1784228103127
281.61,9.2,1784228105796,1784228103168
281.64,5.2,1784228105829,1784228103197
281.67,-1.8,1784228105863,1784228103224
281.71,7.2,1784228105896,1784228103266
281.74,1.2,1784228105930,1784228103294
281.78,9.2,1784228105964,1784228103336
281.81,5.2,1784228105996,1784228103364
281.84,-1.8,1784228106030,1784228103391
281.88,5.2,1784228106065,1784228103433
281.91,0.2,1784228106098,1784228103461
281.95,6.2,1784228106133,1784228103502
281.98,4.2,1784228106163,1784228103530
282.00,-2.8,1784228106198,1784228103558
282.05,4.2,1784228106233,1784228103600
282.07,0.2,1784228106265,1784228103628
282.12,6.2,1784228106300,1784228103669
282.14,1.2,1784228106333,1784228103697
282.17,-3.8,1784228106366,1784228103725
282.21,5.2,1784228106399,1784228103767
282.24,-1.8,1784228106434,1784228103795
282.28,5.2,1784228106468,1784228103836
282.31,0.2,1784228106501,1784228103864
282.34,-4.8,1784228106534,1784228103892
282.38,3.2,1784228106568,1784228103934
282.41,-1.8,1784228106601,1784228103962
282.45,6.2,1784228106635,1784228104004
282.48,1.2,1784228106667,1784228104031
282.52,8.2,1784228106701,1784228104072
282.55,3.2,1784228106735,1784228104101
282.59,9.2,1784228106770,1784228104142
282.62,2.2,1784228106805,1784228104170
282.64,-2.8,1784228106838,1784228104198
282.69,7.2,1784228106871,1784228104241
282.71,1.2,1784228106904,1784228104268
282.76,8.2,1784228106938,1784228104309
282.78,3.2,1784228106972,1784228104338
282.81,-1.8,1784228107006,1784228104367
282.85,7.2,1784228107038,1784228104408
282.88,1.2,1784228107072,1784228104436
282.92,9.2,1784228107106,1784228104478
282.95,3.2,1784228107138,1784228104504
282.98,-2.8,1784228107172,1784228104532
283.03,19.2,1784228107206,1784228104588
283.05,1.2,1784228107239,1784228104603
283.09,7.2,1784228107274,1784228104644
283.12,2.2,1784228107307,1784228104672
283.15,-3.8,1784228107340,1784228104699
283.19,3.2,1784228107375,1784228104741
283.21,-0.8,1784228107407,1784228104769
283.26,7.2,1784228107441,1784228104811
283.28,1.2,1784228107475,1784228104839
283.33,8.2,1784228107509,1784228104880
283.35,3.2,1784228107542,1784228104908
283.38,-1.8,1784228107575,1784228104936
283.42,6.2,1784228107609,1784228104978
283.45,0.2,1784228107643,1784228105006
283.49,7.2,1784228107677,1784228105047
283.52,3.2,1784228107710,1784228105076
283.56,8.3,1784228107745,1784228105116
283.59,4.3,1784228107778,1784228105145
283.62,-1.7,1784228107812,1784228105173
283.66,5.3,1784228107846,1784228105214
283.69,0.3,1784228107879,1784228105242
283.73,10.3,1784228107911,1784228105284
283.76,4.3,1784228107946,1784228105313
283.79,-0.7,1784228107978,1784228105340
283.83,6.3,1784228108012,1784228105381
283.86,0.3,1784228108047,1784228105410
283.90,9.3,1784228108079,1784228105451
283.93,4.3,1784228108113,1784228105480
283.95,-1.7,1784228108147,1784228105508
283.99,5.3,1784228108180,1784228105548
284.02,-0.7,1784228108215,1784228105577
284.06,8.3,1784228108248,1784228105619
284.09,3.3,1784228108280,1784228105646
284.12,-3.7,1784228108315,1784228105674
284.16,5.3,1784228108347,1784228105715
284.19,-0.7,1784228108382,1784228105744
284.23,6.3,1784228108416,1784228105785
284.26,0.3,1784228108450,1784228105813
284.30,8.3,1784228108484,1784228105855
284.33,3.3,1784228108517,1784228105883
284.36,-1.7,1784228108551,1784228105912
284.40,4.3,1784228108585,1784228105952
284.43,-0.7,1784228108618,1784228105980
284.47,8.3,1784228108651,1784228106022
284.50,2.3,1784228108685,1784228106050
284.54,10.3,1784228108719,1784228106092
284.57,3.3,1784228108753,1784228106119
284.59,-1.7,1784228108786,1784228106147
284.63,6.3,1784228108820,1784228106189
284.66,1.3,1784228108853,1784228106217
284.70,10.3,1784228108886,1784228106259
284.73,3.3,1784228108921,1784228106287
284.76,-2.7,1784228108954,1784228106314
284.80,6.3,1784228108987,1784228106356
284.83,1.3,1784228109020,1784228106384
284.87,8.3,1784228109055,1784228106426
284.90,3.3,1784228109088,1784228106454
284.93,-2.7,1784228109122,1784228106482
284.97,5.3,1784228109155,1784228106523
285.00,0.3,1784228109188,1784228106551
285.04,9.3,1784228109222,1784228106594
285.07,2.3,1784228109255,1784228106620
285.09,-2.7,1784228109288,1784228106648
285.14,5.3,1784228109322,1784228106690
285.16,-0.7,1784228109357,1784228106719
285.21,6.3,1784228109390,1784228106759
285.23,0.3,1784228109424,1784228106787
285.28,9.3,1784228109458,1784228106830
285.30,3.3,1784228109491,1784228106857
285.33,-1.7,1784228109524,1784228106885
285.37,6.3,1784228109558,1784228106927
285.40,1.3,1784228109591,1784228106955
285.44,8.3,1784228109625,1784228106996
285.47,3.3,1784228109659,1784228107025
285.50,-3.7,1784228109693,1784228107052
285.54,5.3,1784228109726,1784228107094
285.57,-0.6,1784228109760,1784228107122
285.61,7.4,1784228109794,1784228107164
285.64,2.4,1784228109827,1784228107192
285.68,10.4,1784228109861,1784228107234
285.71,4.4,1784228109895,1784228107262
285.74,-2.6,1784228109929,1784228107289
285.78,8.4,1784228109960,1784228107331
285.80,1.4,1784228109995,1784228107359
285.85,8.4,1784228110029,1784228107400
285.87,3.4,1784228110062,1784228107428
285.90,-1.6,1784228110095,1784228107456
285.94,6.4,1784228110129,1784228107498
285.97,2.4,1784228110162,1784228107527
286.00,-3.6,1784228110196,1784228107555
286.04,3.4,1784228110230,1784228107596
286.07,-2.6,1784228110263,1784228107623
286.11,6.4,1784228110296,1784228107665
286.14,0.4,1784228110331,1784228107694
286.18,7.4,1784228110365,1784228107735
286.21,2.4,1784228110398,1784228107763
286.25,8.4,1784228110433,1784228107804
286.28,3.4,1784228110465,1784228107831
286.31,-1.6,1784228110499,1784228107860
286.35,8.4,1784228110531,1784228107902
286.38,-0.6,1784228110567,1784228107929
286.42,8.4,1784228110600,1784228107971
286.45,1.4,1784228110635,1784228107999
286.47,-2.6,1784228110667,1784228108027
286.51,6.4,1784228110700,1784228108069
286.54,-0.6,1784228110735,1784228108097
286.58,6.4,1784228110769,1784228108138
286.61,3.4,1784228110801,1784228108167
286.64,-3.6,1784228110835,1784228108194
286.68,4.4,1784228110868,1784228108235
286.71,0.4,1784228110901,1784228108264
286.75,5.4,1784228110937,1784228108305
286.78,1.4,1784228110969,1784228108333
286.82,8.4,1784228111003,1784228108374
286.85,4.4,1784228111037,1784228108404
286.88,-2.6,1784228111070,1784228108430
286.92,5.4,1784228111105,1784228108473
286.95,-1.6,1784228111139,1784228108500
286.99,8.4,1784228111171,1784228108542
287.02,3.4,1784228111204,1784228108570
287.04,-2.6,1784228111238,1784228108598
287.09,4.4,1784228111272,1784228108639
287.11,-2.6,1784228111307,1784228108667
287.16,7.4,1784228111339,1784228108709
287.18,1.4,1784228111373,1784228108737
287.21,-4.6,1784228111407,1784228108765
287.25,4.4,1784228111440,1784228108807
287.28,-3.6,1784228111475,1784228108834
287.32,8.4,1784228111506,1784228108877
287.35,2.4,1784228111540,1784228108905
287.39,9.4,1784228111574,1784228108946
287.42,2.4,1784228111608,1784228108973
287.45,-2.6,1784228111642,1784228109002
287.49,7.4,1784228111675,1784228109045
287.52,-0.6,1784228111709,1784228109071
287.56,8.4,1784228111743,1784228109114
287.59,2.6,1784228111776,1784228109141
287.63,9.6,1784228111810,1784228109182
287.66,4.6,1784228111844,1784228109211
287.68,-2.4,1784228111877,1784228109237
287.73,7.6,1784228111910,1784228109280
287.75,0.6,1784228111945,1784228109308
287.80,7.6,1784228111979,1784228109349
287.82,4.6,1784228112011,1784228109378
287.85,-1.4,1784228112044,1784228109405
287.89,6.6,1784228112078,1784228109447
287.92,-0.4,1784228112112,1784228109474
287.96,8.6,1784228112146,1784228109517
287.99,3.6,1784228112179,1784228109545
288.02,-1.4,1784228112211,1784228109572
288.06,6.6,1784228112245,1784228109614
288.09,0.6,1784228112279,1784228109642
288.13,8.6,1784228112313,1784228109684
288.16,3.6,1784228112346,1784228109712
288.20,9.6,1784228112381,1784228109753
288.23,3.6,1784228112415,1784228109781
288.26,-2.4,1784228112449,1784228109809
288.30,5.6,1784228112483,1784228109851
288.32,1.6,1784228112515,1784228109879
288.37,8.6,1784228112549,1784228109920
288.39,2.6,1784228112583,1784228109948
288.44,11.6,1784228112617,1784228109991
288.46,4.6,1784228112651,1784228110018
288.49,0.6,1784228112683,1784228110046
288.53,7.6,1784228112717,1784228110087
288.56,0.6,1784228112752,1784228110115
288.59,-3.4,1784228112785,1784228110144
288.63,4.6,1784228112818,1784228110185
288.66,-1.4,1784228112852,1784228110213
288.70,8.6,1784228112884,1784228110255
288.73,2.6,1784228112917,1784228110282
288.77,9.6,1784228112952,1784228110324
288.80,3.6,1784228112986,1784228110352
288.83,-2.4,1784228113020,1784228110380
288.87,7.6,1784228113052,1784228110422
288.90,0.6,1784228113086,1784228110449
288.94,7.6,1784228113121,1784228110491
288.96,4.6,1784228113152,1784228110519
288.99,-1.4,1784228113186,1784228110547
289.03,5.6,1784228113220,1784228110588
289.06,-0.4,1784228113254,1784228110616
289.09,-3.4,1784228113286,1784228110645
289.13,2.6,1784228113321,1784228110686
289.16,-3.4,1784228113354,1784228110713
289.20,5.6,1784228113388,1784228110756
289.23,-1.4,1784228113423,1784228110784
289.27,6.6,1784228113456,1784228110825
289.30,0.6,1784228113490,1784228110853
289.34,8.6,1784228113524,1784228110895
289.37,2.6,1784228113557,1784228110922
289.40,-2.4,1784228113590,1784228110950
289.44,4.6,1784228113625,1784228110992
289.47,0.6,1784228113658,1784228111021
289.51,7.6,1784228113692,1784228111062
289.54,1.6,1784228113726,1784228111090
289.58,10.5,1784228113758,1784228111131
289.60,3.5,1784228113792,1784228111158
289.63,0.5,1784228113825,1784228111188
289.67,7.5,1784228113859,1784228111229
289.70,2.5,1784228113892,1784228111257
289.74,8.5,1784228113927,1784228111298
289.77,5.5,1784228113959,1784228111327
289.80,-2.5,1784228113994,1784228111354
289.84,6.5,1784228114027,1784228111396
289.87,0.5,1784228114061,1784228111424
289.91,9.5,1784228114094,1784228111466
289.94,3.5,1784228114128,1784228111494
289.97,-2.5,1784228114162,1784228111522
290.01,5.5,1784228114196,1784228111564
290.04,0.5,1784228114227,1784228111590
290.08,8.5,1784228114261,1784228111632
290.11,2.5,1784228114296,1784228111661
290.15,11.5,1784228114329,1784228111703
290.18,3.5,1784228114364,1784228111730
290.20,-2.5,1784228114398,1784228111758
290.25,5.5,1784228114431,1784228111799
290.27,0.5,1784228114465,1784228111828
290.32,8.5,1784228114499,1784228111870
290.34,4.5,1784228114531,1784228111898
290.37,-1.5,1784228114565,1784228111926
290.41,6.5,1784228114599,1784228111968
290.44,1.5,1784228114631,1784228111995
290.48,6.5,1784228114668,1784228112037
290.51,0.5,1784228114701,1784228112064
290.55,9.5,1784228114734,1784228112106
290.58,4.5,1784228114767,1784228112134
290.61,0.5,1784228114800,1784228112163
290.65,6.5,1784228114834,1784228112203
290.68,1.5,1784228114868,1784228112232
290.72,10.5,1784228114900,1784228112273
290.75,2.5,1784228114936,1784228112301
290.78,-1.5,1784228114968,1784228112329
290.82,5.5,1784228115002,1784228112370
290.84,1.5,1784228115035,1784228112399
290.87,-5.5,1784228115069,1784228112426
290.91,3.5,1784228115102,1784228112468
290.94,-0.5,1784228115135,1784228112497
290.98,5.5,1784228115170,1784228112538
291.01,1.5,1784228115202,1784228112566
291.04,-2.5,1784228115235,1784228112595
291.08,3.5,1784228115269,1784228112635
291.11,-3.5,1784228115304,1784228112663
291.15,4.5,1784228115338,1784228112705
291.18,-2.5,1784228115372,1784228112732
291.22,7.5,1784228115404,1784228112774
291.25,2.5,1784228115438,1784228112803
291.29,9.5,1784228115473,1784228112845
291.32,3.5,1784228115506,1784228112872
291.35,-2.5,1784228115539,1784228112899
291.39,7.5,1784228115572,1784228112942
291.42,-0.5,1784228115607,1784228112969
291.46,7.5,1784228115641,1784228113011
291.48,2.5,1784228115673,1784228113038
291.51,-3.5,1784228115708,1784228113067
291.56,5.5,1784228115741,1784228113109
291.58,1.6,1784228115774,1784228113138
291.63,10.6,1784228115808,1784228113181
291.65,2.6,1784228115841,1784228113206
291.71,23.6,1784228115876,1784228113262
291.72,5.6,1784228115908,1784228113276
291.75,-0.4,1784228115942,1784228113304
291.79,7.6,1784228115977,1784228113347
291.82,1.6,1784228116010,1784228113374
291.86,7.6,1784228116045,1784228113415
291.89,4.6,1784228116077,1784228113444
291.92,-1.4,1784228116111,1784228113472
291.96,6.6,1784228116144,1784228113513
291.99,-0.4,1784228116178,1784228113540
292.03,8.6,1784228116211,1784228113582
292.06,3.6,1784228116243,1784228113609
292.08,-2.4,1784228116278,1784228113638
292.13,4.6,1784228116313,1784228113680
292.15,-1.4,1784228116347,1784228113708
292.20,8.6,1784228116379,1784228113750
292.23,5.6,1784228116413,1784228113781
292.27,13.6,1784228116447,1784228113823
292.29,4.6,1784228116480,1784228113847
292.32,-2.4,1784228116514,1784228113874
292.36,4.6,1784228116550,1784228113917
292.39,0.6,1784228116582,1784228113945
292.42,-3.4,1784228116614,1784228113973
292.46,2.6,1784228116648,1784228114013
292.49,-1.4,1784228116682,1784228114043
292.54,20.6,1784228116716,1784228114099
292.56,0.6,1784228116750,1784228114113
292.60,8.6,1784228116783,1784228114154
292.63,3.6,1784228116816,1784228114182
292.66,-1.4,1784228116850,1784228114211
292.70,4.6,1784228116883,1784228114250
292.73,0.6,1784228116917,1784228114280
292.77,5.6,1784228116951,1784228114319
292.79,-0.4,1784228116985,1784228114347
292.84,11.6,1784228117020,1784228114394
292.87,9.6,1784228117053,1784228114425
292.90,4.6,1784228117084,1784228114451
292.93,0.6,1784228117118,1784228114481
292.98,17.6,1784228117152,1784228114532
293.00,8.6,1784228117185,1784228114556
293.03,1.6,1784228117219,1784228114583
293.07,9.6,1784228117251,1784228114623
293.11,18.6,1784228117285,1784228114666
293.13,-1.4,1784228117319,1784228114680
293.17,6.6,1784228117352,1784228114721
293.20,3.6,1784228117386,1784228114752
293.23,-2.4,1784228117420,1784228114780
293.33,69.6,1784228117454,1784228114886
293.33,36.6,1784228117487,1784228114886
293.33,2.6,1784228117521,1784228114886
293.36,-1.4,1784228117556,1784228114917
293.54,142.6,1784228117588,1784228115093
293.54,109.6,1784228117621,1784228115093
293.54,75.6,1784228117655,1784228115093
293.54,41.6,1784228117689,1784228115093
293.54,8.6,1784228117722,1784228115093
