TiempoDesdeInicioSesion,TimestampVideo,LatenciaVideo
9.10,1.5,1784231183222,1784231180506
9.12,-5.5,1784231183255,1784231180532
9.16,2.5,1784231183289,1784231180574
9.19,-3.5,1784231183323,1784231180602
9.23,5.5,1784231183356,1784231180644
9.26,-0.5,1784231183390,1784231180672
9.30,6.5,1784231183424,1784231180713
9.33,2.5,1784231183457,1784231180742
9.36,-4.5,1784231183490,1784231180768
9.40,3.5,1784231183525,1784231180811
9.43,-1.5,1784231183558,1784231180839
9.47,7.5,1784231183591,1784231180881
9.50,3.5,1784231183625,1784231180911
9.53,-4.5,1784231183659,1784231180937
9.57,3.5,1784231183692,1784231180978
9.60,-2.5,1784231183726,1784231181006
9.64,6.5,1784231183759,1784231181048
9.67,1.5,1784231183793,1784231181077
9.69,-4.5,1784231183826,1784231181104
9.74,2.5,1784231183860,1784231181145
9.76,-3.5,1784231183894,1784231181173
9.81,5.5,1784231183927,1784231181215
9.83,0.5,1784231183961,1784231181244
9.88,9.5,1784231183994,1784231181286
9.90,2.5,1784231184028,1784231181313
9.93,-2.5,1784231184061,1784231181341
9.97,4.5,1784231184095,1784231181382
10.00,-3.5,1784231184130,1784231181409
10.04,6.5,1784231184163,1784231181452
10.07,0.5,1784231184196,1784231181479
10.10,-4.5,1784231184230,1784231181508
10.14,3.5,1784231184263,1784231181549
10.17,-2.5,1784231184297,1784231181577
10.21,6.5,1784231184330,1784231181619
10.24,-0.5,1784231184365,1784231181647
10.27,-3.5,1784231184398,1784231181677
10.31,2.5,1784231184432,1784231181717
10.34,-2.5,1784231184465,1784231181745
10.38,6.5,1784231184498,1784231181787
10.41,-0.5,1784231184532,1784231181814
10.45,8.5,1784231184565,1784231181856
10.47,2.5,1784231184599,1784231181884
10.50,-1.5,1784231184633,1784231181914
10.54,5.5,1784231184666,1784231181954
10.57,-2.5,1784231184700,1784231181980
10.61,6.5,1784231184733,1784231182022
10.64,0.5,1784231184767,1784231182050
10.67,-5.5,1784231184801,1784231182078
10.71,2.5,1784231184835,1784231182120
10.74,-2.5,1784231184868,1784231182148
10.78,4.5,1784231184902,1784231182189
10.81,-0.5,1784231184935,1784231182217
10.85,8.5,1784231184969,1784231182260
10.88,2.5,1784231185003,1784231182288
10.91,-2.5,1784231185035,1784231182315
10.95,4.5,1784231185070,1784231182357
10.97,-1.5,1784231185103,1784231182384
11.01,-3.5,1784231185137,1784231182416
11.04,1.5,1784231185170,1784231182454
11.07,-5.1,1784231185204,1784231182481
11.11,3.9,1784231185237,1784231182523
11.14,-2.1,1784231185271,1784231182551
11.18,5.9,1784231185306,1784231182594
11.21,0.9,1784231185338,1784231182621
11.25,9.9,1784231185372,1784231182664
11.28,2.9,1784231185406,1784231182691
11.31,-4.1,1784231185440,1784231182718
11.35,5.9,1784231185472,1784231182760
11.38,-0.1,1784231185506,1784231182788
11.42,7.9,1784231185540,1784231182830
11.45,0.9,1784231185574,1784231182857
11.48,-3.1,1784231185607,1784231182886
11.52,4.9,1784231185640,1784231182927
11.55,-1.1,1784231185674,1784231182955
11.59,5.9,1784231185709,1784231182997
11.62,0.9,1784231185742,1784231183025
11.64,-4.1,1784231185775,1784231183053
11.68,2.9,1784231185809,1784231183094
11.71,-3.1,1784231185843,1784231183122
11.76,8.9,1784231185876,1784231183167
11.78,0.9,1784231185909,1784231183192
11.82,8.9,1784231185943,1784231183234
11.85,2.9,1784231185976,1784231183261
11.88,-4.1,1784231186011,1784231183289
11.92,3.9,1784231186045,1784231183331
11.95,-0.1,1784231186077,1784231183359
11.99,6.9,1784231186111,1784231183400
12.02,0.9,1784231186145,1784231183428
12.05,-5.1,1784231186179,1784231183456
12.09,3.9,1784231186212,1784231183498
12.12,-1.1,1784231186245,1784231183526
12.16,6.9,1784231186279,1784231183568
12.19,0.9,1784231186312,1784231183595
12.21,-4.1,1784231186346,1784231183624
12.26,5.9,1784231186380,1784231183668
12.28,-2.1,1784231186413,1784231183693
12.33,6.9,1784231186446,1784231183735
12.35,-0.1,1784231186481,1784231183763
12.39,7.9,1784231186515,1784231183805
12.42,0.9,1784231186549,1784231183832
12.45,-2.1,1784231186581,1784231183861
12.49,4.9,1784231186615,1784231183902
12.52,-1.1,1784231186649,1784231183930
12.56,6.9,1784231186682,1784231183971
12.59,-0.1,1784231186716,1784231183998
12.62,-5.1,1784231186750,1784231184027
12.66,2.9,1784231186784,1784231184069
12.69,-2.1,1784231186817,1784231184097
12.73,6.9,1784231186850,1784231184139
12.76,2.9,1784231186884,1784231184169
12.78,-5.1,1784231186917,1784231184194
12.83,3.9,1784231186951,1784231184237
12.85,-4.1,1784231186985,1784231184263
12.90,4.9,1784231187019,1784231184306
12.92,0.9,1784231187051,1784231184334
12.97,7.9,1784231187085,1784231184375
12.99,-1.1,1784231187122,1784231184403
13.02,-4.1,1784231187153,1784231184431
13.06,5.9,1784231187187,1784231184475
13.09,-1.6,1784231187221,1784231184501
13.13,8.4,1784231187255,1784231184545
13.17,14.4,1784231187288,1784231184584
13.20,8.4,1784231187321,1784231184611
13.23,2.4,1784231187355,1784231184639
13.26,-0.6,1784231187388,1784231184669
13.30,5.4,1784231187422,1784231184709
13.33,0.4,1784231187455,1784231184737
13.37,8.4,1784231187488,1784231184778
13.40,1.4,1784231187523,1784231184806
13.43,-3.6,1784231187557,1784231184835
13.47,4.4,1784231187591,1784231184877
13.49,-0.6,1784231187624,1784231184905
13.54,6.4,1784231187657,1784231184945
13.56,0.4,1784231187691,1784231184973
13.59,-3.6,1784231187724,1784231185002
13.63,3.4,1784231187758,1784231185043
13.66,-1.6,1784231187791,1784231185071
13.70,7.4,1784231187824,1784231185113
13.73,-0.6,1784231187859,1784231185140
13.77,8.4,1784231187892,1784231185182
13.80,2.4,1784231187926,1784231185210
13.83,-1.6,1784231187958,1784231185238
13.87,5.4,1784231187993,1784231185280
13.90,0.4,1784231188026,1784231185308
13.94,7.4,1784231188060,1784231185349
13.97,2.4,1784231188094,1784231185378
14.00,-3.6,1784231188127,1784231185405
14.04,5.4,1784231188161,1784231185448
14.07,-0.6,1784231188194,1784231185475
14.11,6.4,1784231188228,1784231185516
14.14,1.4,1784231188262,1784231185545
14.16,-3.6,1784231188295,1784231185573
14.20,3.4,1784231188329,1784231185614
14.23,-1.6,1784231188362,1784231185642
14.27,6.4,1784231188396,1784231185684
14.30,1.4,1784231188429,1784231185712
14.34,7.4,1784231188464,1784231185753
14.37,3.4,1784231188496,1784231185781
14.41,12.4,1784231188530,1784231185824
14.44,5.4,1784231188564,1784231185851
14.47,1.4,1784231188597,1784231185880
14.51,10.4,1784231188631,1784231185923
14.54,1.4,1784231188665,1784231185948
14.57,-2.6,1784231188698,1784231185977
14.61,4.4,1784231188732,1784231186018
14.64,-1.6,1784231188766,1784231186046
14.68,7.4,1784231188799,1784231186088
14.71,0.4,1784231188833,1784231186115
14.73,-3.6,1784231188866,1784231186144
14.78,2.4,1784231188900,1784231186184
14.80,-1.6,1784231188933,1784231186213
14.85,6.4,1784231188967,1784231186255
14.87,-0.6,1784231189001,1784231186282
14.92,9.4,1784231189034,1784231186325
14.94,3.4,1784231189067,1784231186352
14.97,-3.6,1784231189102,1784231186380
15.01,7.4,1784231189135,1784231186424
15.04,-1.6,1784231189169,1784231186449
15.08,8.4,1784231189202,1784231186492
15.11,1.4,1784231189236,1784231186519
15.14,-4.6,1784231189270,1784231186547
15.18,4.4,1784231189304,1784231186590
15.21,-0.6,1784231189336,1784231186617
15.25,5.4,1784231189371,1784231186658
15.28,0.4,1784231189404,1784231186686
15.32,10.4,1784231189437,1784231186729
15.35,4.4,1784231189471,1784231186757
15.37,-1.6,1784231189504,1784231186784
15.42,5.4,1784231189538,1784231186825
15.44,-0.6,1784231189572,1784231186853
15.49,7.4,1784231189606,1784231186895
15.52,4.4,1784231189639,1784231186925
15.54,-3.6,1784231189673,1784231186951
15.58,5.4,1784231189706,1784231186993
15.61,-0.6,1784231189739,1784231187020
15.65,7.4,1784231189773,1784231187062
15.68,1.4,1784231189807,1784231187090
15.71,-3.6,1784231189840,1784231187118
15.75,4.4,1784231189874,1784231187160
15.78,-2.6,1784231189908,1784231187187
15.82,6.4,1784231189941,1784231187229
15.85,0.4,1784231189975,1784231187257
15.89,9.4,1784231190009,1784231187300
15.92,3.4,1784231190042,1784231187327
15.95,-1.6,1784231190075,1784231187355
15.99,6.4,1784231190109,1784231187397
16.02,2.4,1784231190143,1784231187427
16.06,7.4,1784231190176,1784231187465
16.08,2.4,1784231190210,1784231187494
16.11,-3.6,1784231190243,1784231187521
16.15,4.4,1784231190277,1784231187563
16.18,-0.6,1784231190311,1784231187592
16.22,7.4,1784231190344,1784231187633
16.25,1.4,1784231190378,1784231187661
16.28,-3.6,1784231190411,1784231187689
16.32,3.4,1784231190445,1784231187730
16.35,-2.6,1784231190479,1784231187758
16.39,5.4,1784231190513,1784231187800
16.42,1.4,1784231190545,1784231187828
16.46,9.4,1784231190579,1784231187870
16.49,3.4,1784231190613,1784231187898
16.52,-3.6,1784231190647,1784231187925
16.56,4.4,1784231190681,1784231187967
16.59,-0.6,1784231190714,1784231187995
16.63,7.4,1784231190748,1784231188037
16.66,2.4,1784231190781,1784231188065
16.68,-2.6,1784231190814,1784231188093
16.72,4.4,1784231190848,1784231188134
16.75,-1.6,1784231190882,1784231188162
16.80,7.4,1784231190916,1784231188205
16.82,-0.6,1784231190950,1784231188231
16.85,-4.6,1784231190983,1784231188260
16.89,3.4,1784231191016,1784231188301
16.92,-2.6,1784231191050,1784231188329
16.96,6.4,1784231191083,1784231188371
16.99,0.4,1784231191117,1784231188399
17.03,8.4,1784231191150,1784231188440
17.06,2.4,1784231191184,1784231188468
17.09,-4.4,1784231191219,1784231188496
17.13,3.6,1784231191253,1784231188538
17.16,-1.4,1784231191286,1784231188566
17.20,6.6,1784231191320,1784231188608
17.23,2.6,1784231191352,1784231188636
17.25,-4.4,1784231191386,1784231188663
17.30,4.6,1784231191419,1784231188705
17.32,-1.4,1784231191453,1784231188733
17.37,6.6,1784231191487,1784231188775
17.39,-0.4,1784231191521,1784231188802
17.44,9.6,1784231191554,1784231188845
17.46,2.6,1784231191588,1784231188872
17.49,-2.4,1784231191621,1784231188900
17.53,6.6,1784231191655,1784231188943
17.56,-0.4,1784231191689,1784231188970
17.60,8.6,1784231191722,1784231189012
17.63,2.6,1784231191755,1784231189039
17.66,-3.4,1784231191789,1784231189067
17.70,6.6,1784231191822,1784231189110
17.73,-1.4,1784231191857,1784231189137
17.77,7.6,1784231191890,1784231189179
17.80,1.6,1784231191923,1784231189206
17.82,-4.4,1784231191957,1784231189234
17.87,4.6,1784231191991,1784231189277
17.89,-3.4,1784231192026,1784231189304
17.94,6.6,1784231192058,1784231189346
17.96,1.6,1784231192091,1784231189374
18.01,8.6,1784231192125,1784231189415
18.03,2.6,1784231192159,1784231189443
18.06,-2.4,1784231192192,1784231189471
18.10,4.6,1784231192227,1784231189513
18.13,-1.4,1784231192260,1784231189540
18.17,7.6,1784231192293,1784231189582
18.20,1.6,1784231192327,1784231189610
18.23,-4.4,1784231192361,1784231189638
18.27,4.6,1784231192394,1784231189680
18.30,-0.4,1784231192427,1784231189708
18.34,5.6,1784231192461,1784231189748
18.37,0.6,1784231192495,1784231189777
18.40,-4.4,1784231192528,1784231189805
18.44,4.6,1784231192561,1784231189847
18.47,-2.4,1784231192596,1784231189875
18.51,6.6,1784231192629,1784231189917
18.53,-0.4,1784231192663,1784231189944
18.58,7.6,1784231192696,1784231189985
18.60,3.6,1784231192729,1784231190014
18.63,-3.4,1784231192763,1784231190041
18.67,4.6,1784231192797,1784231190083
18.70,-2.4,1784231192831,1784231190110
18.74,7.6,1784231192864,1784231190153
18.77,1.6,1784231192898,1784231190181
18.80,-3.4,1784231192931,1784231190209
18.84,3.6,1784231192965,1784231190250
18.87,-2.4,1784231192999,1784231190278
18.91,5.6,1784231193033,1784231190320
18.94,1.6,1784231193066,1784231190349
18.98,8.6,1784231193099,1784231190389
19.01,3.6,1784231193133,1784231190418
19.04,-3.4,1784231193167,1784231190445
19.08,6.6,1784231193200,1784231190488
19.11,0.0,1784231193234,1784231190515
19.15,9.0,1784231193267,1784231190557
19.18,3.0,1784231193301,1784231190585
19.20,-4.0,1784231193335,1784231190612
19.25,6.0,1784231193368,1784231190655
19.27,-1.0,1784231193402,1784231190682
19.31,8.0,1784231193434,1784231190723
19.34,1.0,1784231193470,1784231190752
19.38,8.0,1784231193503,1784231190792
19.41,3.0,1784231193536,1784231190820
19.44,-3.0,1784231193570,1784231190848
19.48,3.0,1784231193604,1784231190888
19.51,-2.0,1784231193637,1784231190916
19.54,1.0,1784231193671,1784231190953
19.58,3.0,1784231193703,1784231190987
19.61,2.0,1784231193738,1784231191021
19.65,3.0,1784231193772,1784231191056
19.68,3.0,1784231193805,1784231191089
19.71,5.0,1784231193838,1784231191124
19.74,-3.0,1784231193872,1784231191150
19.77,-3.0,1784231193905,1784231191183
19.81,-1.0,1784231193940,1784231191220
19.84,-2.0,1784231193974,1784231191253
19.88,-2.0,1784231194007,1784231191286
19.91,0.0,1784231194041,1784231191322
19.95,1.0,1784231194074,1784231191356
19.98,1.0,1784231194107,1784231191389
20.02,6.0,1784231194141,1784231191428
20.09,49.0,1784231194174,1784231191504
20.09,14.0,1784231194209,1784231191504
20.16,46.0,1784231194242,1784231191569
20.16,12.0,1784231194276,1784231191569
20.22,37.0,1784231194310,1784231191628
20.22,5.0,1784231194342,1784231191628
20.25,3.0,1784231194377,1784231191661
20.28,-3.0,1784231194410,1784231191688
20.32,4.0,1784231194443,1784231191728
20.35,-2.0,1784231194477,1784231191756
20.39,6.0,1784231194511,1784231191798
20.41,-4.0,1784231194545,1784231191822
20.46,8.0,1784231194578,1784231191867
20.49,3.0,1784231194611,1784231191895
20.51,-3.0,1784231194645,1784231191923
20.55,5.0,1784231194678,1784231191964
20.58,-1.0,1784231194712,1784231191992
20.62,7.0,1784231194746,1784231192034
20.65,1.0,1784231194780,1784231192062
20.68,-5.0,1784231194813,1784231192089
20.72,4.0,1784231194846,1784231192131
20.75,-1.0,1784231194880,1784231192160
20.79,7.0,1784231194913,1784231192201
20.82,1.0,1784231194947,1784231192229
20.86,9.0,1784231194981,1784231192271
20.89,3.0,1784231195015,1784231192299
20.92,-3.0,1784231195048,1784231192326
20.96,7.0,1784231195081,1784231192369
20.99,1.0,1784231195115,1784231192397
21.03,8.0,1784231195149,1784231192438
21.06,3.0,1784231195182,1784231192466
21.08,-3.0,1784231195217,1784231192495
21.13,6.3,1784231195250,1784231192537
21.15,-1.7,1784231195284,1784231192563
21.20,8.3,1784231195317,1784231192606
21.22,2.3,1784231195351,1784231192634
21.25,-3.7,1784231195384,1784231192661
21.29,4.3,1784231195418,1784231192703
21.32,-0.7,1784231195451,1784231192731
21.36,7.3,1784231195485,1784231192773
21.39,0.3,1784231195519,1784231192800
21.43,9.3,1784231195552,1784231192842
21.46,3.3,1784231195586,1784231192870
21.49,-2.7,1784231195619,1784231192897
21.53,7.3,1784231195652,1784231192940
21.56,0.3,1784231195686,1784231192967
21.60,8.3,1784231195720,1784231193009
21.63,2.3,1784231195754,1784231193037
21.66,-3.7,1784231195787,1784231193064
21.70,5.3,1784231195821,1784231193107
21.73,-0.7,1784231195854,1784231193134
21.77,7.3,1784231195888,1784231193176
21.79,1.3,1784231195922,1784231193204
21.82,-3.7,1784231195955,1784231193232
21.86,4.3,1784231195989,1784231193274
21.89,-1.7,1784231196023,1784231193302
21.93,7.3,1784231196056,1784231193344
21.96,0.3,1784231196090,1784231193371
22.00,8.3,1784231196124,1784231193413
22.03,4.3,1784231196157,1784231193442
22.06,-1.7,1784231196190,1784231193469
22.10,6.3,1784231196224,1784231193511
22.13,0.3,1784231196257,1784231193538
22.17,8.3,1784231196291,1784231193580
22.20,3.3,1784231196325,1784231193609
22.23,-1.7,1784231196358,1784231193637
22.27,6.3,1784231196392,1784231193679
22.30,0.3,1784231196426,1784231193707
22.34,8.3,1784231196459,1784231193748
22.37,2.3,1784231196493,1784231193776
22.39,-2.7,1784231196526,1784231193804
22.44,5.3,1784231196560,1784231193846
22.46,-0.7,1784231196593,1784231193873
22.51,8.3,1784231196627,1784231193916
22.53,1.3,1784231196661,1784231193943
22.58,9.3,1784231196695,1784231193985
22.60,4.3,1784231196728,1784231194013
22.63,-2.7,1784231196762,1784231194040
22.67,7.3,1784231196795,1784231194083
22.70,1.3,1784231196828,1784231194110
22.74,11.3,1784231196861,1784231194153
22.77,4.3,1784231196896,1784231194181
22.80,-1.7,1784231196929,1784231194208
22.84,5.3,1784231196963,1784231194249
22.87,0.3,1784231196997,1784231194278
22.91,8.3,1784231197030,1784231194319
22.94,2.3,1784231197063,1784231194346
22.97,-3.7,1784231197098,1784231194375
23.01,4.3,1784231197131,1784231194416
23.04,-0.7,1784231197165,1784231194445
23.08,6.3,1784231197198,1784231194485
23.10,1.5,1784231197232,1784231194514
23.13,-2.5,1784231197265,1784231194543
23.17,4.5,1784231197299,1784231194584
23.20,-2.5,1784231197333,1784231194611
23.24,6.5,1784231197366,1784231194653
23.27,0.5,1784231197400,1784231194681
23.31,9.5,1784231197434,1784231194724
23.34,3.5,1784231197467,1784231194751
23.37,-2.5,1784231197501,1784231194779
23.41,5.5,1784231197535,1784231194821
23.44,1.5,1784231197568,1784231194850
23.48,7.5,1784231197602,1784231194890
23.51,2.5,1784231197635,1784231194918
23.54,-3.5,1784231197669,1784231194946
23.58,6.5,1784231197702,1784231194989
23.61,-0.5,1784231197735,1784231195015
23.65,8.5,1784231197769,1784231195058
23.68,2.5,1784231197803,1784231195086
23.70,-3.5,1784231197836,1784231195113
23.75,4.5,1784231197870,1784231195155
23.77,-2.5,1784231197904,1784231195182
23.82,6.5,1784231197938,1784231195225
23.84,0.5,1784231197971,1784231195252
23.88,8.5,1784231198005,1784231195294
23.91,3.5,1784231198039,1784231195323
23.94,-2.5,1784231198072,1784231195350
23.98,5.5,1784231198106,1784231195392
24.01,-0.5,1784231198140,1784231195420
24.05,7.5,1784231198173,1784231195461
24.08,2.5,1784231198206,1784231195489
24.12,10.5,1784231198240,1784231195531
24.15,6.5,1784231198273,1784231195560
24.18,-0.5,1784231198307,1784231195587
24.22,7.5,1784231198340,1784231195628
24.25,1.5,1784231198374,1784231195656
24.27,-2.5,1784231198407,1784231195685
24.32,4.5,1784231198441,1784231195726
24.35,-0.5,1784231198475,1784231195755
24.39,6.5,1784231198509,1784231195796
24.41,-0.5,1784231198543,1784231195823
24.46,10.5,1784231198575,1784231195866
24.48,4.5,1784231198609,1784231195894
24.51,-3.5,1784231198644,1784231195921
24.55,7.5,1784231198677,1784231195965
24.58,-0.5,1784231198710,1784231195990
24.62,6.5,1784231198744,1784231196031
24.65,0.5,1784231198778,1784231196059
24.68,-3.5,1784231198811,1784231196088
24.72,5.5,1784231198844,1784231196130
24.75,-1.5,1784231198879,1784231196158
24.79,5.5,1784231198913,1784231196199
24.82,1.5,1784231198945,1784231196227
24.86,9.5,1784231198979,1784231196269
24.89,4.5,1784231199012,1784231196297
24.92,-0.5,1784231199046,1784231196326
24.95,-2.5,1784231199080,1784231196358
24.98,-2.5,1784231199114,1784231196392
25.02,6.5,1784231199148,1784231196435
25.05,1.5,1784231199181,1784231196463
25.09,7.5,1784231199214,1784231196502
25.12,1.9,1784231199248,1784231196530
25.16,5.9,1784231199281,1784231196567
25.19,-1.1,1784231199316,1784231196595
25.22,-1.1,1784231199349,1784231196628
25.25,-0.1,1784231199382,1784231196662
25.29,-0.1,1784231199416,1784231196696
25.32,3.9,1784231199449,1784231196733
25.35,-3.1,1784231199483,1784231196760
25.38,-3.1,1784231199516,1784231196793
25.42,-3.1,1784231199550,1784231196827
25.46,3.9,1784231199585,1784231196869
25.49,3.9,1784231199618,1784231196902
25.52,-4.1,1784231199652,1784231196928
25.55,-0.1,1784231199685,1784231196965
25.59,-1.1,1784231199719,1784231196998
25.62,-0.1,1784231199752,1784231197032
25.66,-1.1,1784231199786,1784231197065
25.69,-1.1,1784231199819,1784231197098
25.72,-2.1,1784231199853,1784231197131
25.76,0.9,1784231199886,1784231197167
25.79,0.9,1784231199920,1784231197201
25.83,2.9,1784231199954,1784231197237
25.86,2.9,1784231199987,1784231197270
25.89,3.9,1784231200020,1784231197304
25.93,3.9,1784231200054,1784231197338
25.96,2.9,1784231200088,1784231197371
26.00,3.9,1784231200122,1784231197406
26.03,2.9,1784231200156,1784231197439
26.07,6.9,1784231200188,1784231197475
26.10,5.9,1784231200223,1784231197509
26.12,-3.1,1784231200256,1784231197533
26.16,-3.1,1784231200289,1784231197566
26.19,-1.1,1784231200323,1784231197602
26.23,-1.1,1784231200357,1784231197636
26.26,-1.1,1784231200390,1784231197669
26.29,-2.1,1784231200424,1784231197702
26.33,-0.1,1784231200458,1784231197738
26.36,-0.1,1784231200491,1784231197771
26.39,-1.1,1784231200525,1784231197804
26.43,-1.1,1784231200558,1784231197837
26.46,-1.1,1784231200591,1784231197870
26.49,-1.1,1784231200625,1784231197904
26.53,-2.1,1784231200659,1784231197937
26.56,-3.1,1784231200692,1784231197969
26.60,3.9,1784231200727,1784231198011
26.63,-4.1,1784231200760,1784231198036
26.67,3.9,1784231200793,1784231198077
26.70,3.9,1784231200827,1784231198111
26.73,3.9,1784231200860,1784231198144
26.77,2.9,1784231200894,1784231198177
26.80,2.9,1784231200927,1784231198210
26.84,4.9,1784231200961,1784231198246
26.87,2.9,1784231200996,1784231198279
26.90,3.9,1784231201028,1784231198312
26.94,3.9,1784231201062,1784231198346
26.97,3.9,1784231201095,1784231198379
27.00,3.9,1784231201129,1784231198413
27.04,2.9,1784231201163,1784231198446
27.06,-1.1,1784231201196,1784231198475
27.10,-1.1,1784231201230,1784231198509
27.13,-1.5,1784231201264,1784231198542
27.16,-1.5,1784231201297,1784231198575
27.20,-3.5,1784231201331,1784231198607
27.23,-2.5,1784231201365,1784231198642
27.27,-3.5,1784231201398,1784231198674
27.30,-3.5,1784231201432,1784231198708
27.33,-0.5,1784231201465,1784231198744
27.37,0.5,1784231201499,1784231198779
27.40,0.5,1784231201532,1784231198812
27.44,0.5,1784231201566,1784231198846
27.47,1.5,1784231201599,1784231198880
27.50,0.5,1784231201633,1784231198913
27.54,1.5,1784231201667,1784231198948
27.57,-3.5,1784231201701,1784231198977
27.60,-2.5,1784231201734,1784231199011
27.63,-2.5,1784231201768,1784231199045
27.68,4.5,1784231201802,1784231199086
27.71,3.5,1784231201836,1784231199119
27.74,5.5,1784231201869,1784231199154
27.77,-2.5,1784231201902,1784231199179
27.81,9.5,1784231201935,1784231199224
27.84,-0.5,1784231201969,1784231199248
27.87,-0.5,1784231202003,1784231199282
27.91,0.5,1784231202037,1784231199317
27.94,-0.5,1784231202071,1784231199350
27.98,1.5,1784231202104,1784231199385
28.01,2.5,1784231202137,1784231199419
28.04,1.5,1784231202171,1784231199452
28.08,5.5,1784231202204,1784231199489
28.10,-2.5,1784231202238,1784231199515
28.14,-3.5,1784231202272,1784231199548
28.17,-3.5,1784231202305,1784231199581
28.21,5.5,1784231202339,1784231199624
28.25,4.5,1784231202373,1784231199657
28.27,-1.5,1784231202406,1784231199684
28.31,-3.5,1784231202440,1784231199716
28.34,-1.5,1784231202474,1784231199752
28.38,-0.5,1784231202506,1784231199785
28.41,-1.5,1784231202541,1784231199819
28.44,-2.5,1784231202574,1784231199851
28.48,-1.5,1784231202607,1784231199885
28.51,-0.5,1784231202641,1784231199920
28.54,-0.5,1784231202675,1784231199954
28.58,2.5,1784231202709,1784231199991
28.62,4.5,1784231202742,1784231200026
28.65,4.5,1784231202775,1784231200059
28.68,2.5,1784231202809,1784231200091
28.71,2.5,1784231202843,1784231200125
28.75,1.5,1784231202876,1784231200157
28.78,2.5,1784231202910,1784231200192
28.82,2.5,1784231202943,1784231200225
28.85,5.5,1784231202977,1784231200262
28.89,5.5,1784231203010,1784231200295
28.92,4.5,1784231203044,1784231200328
28.95,3.5,1784231203079,1784231200362
28.99,4.5,1784231203112,1784231200396
29.02,3.5,1784231203145,1784231200428
29.05,4.5,1784231203178,1784231200462
29.08,-1.5,1784231203212,1784231200490
29.11,-1.1,1784231203246,1784231200524
29.16,6.9,1784231203280,1784231200566
29.18,-1.1,1784231203313,1784231200591
29.22,-1.1,1784231203347,1784231200625
29.25,-2.1,1784231203381,1784231200658
29.28,0.9,1784231203414,1784231200694
29.32,-0.1,1784231203447,1784231200726
29.35,1.9,1784231203481,1784231200762
29.39,1.9,1784231203515,1784231200796
29.42,3.9,1784231203548,1784231200831
29.46,3.9,1784231203582,1784231200865
29.49,3.9,1784231203615,1784231200898
29.52,2.9,1784231203649,1784231200931
29.56,4.9,1784231203683,1784231200967
29.59,-1.1,1784231203717,1784231200995
29.62,-2.1,1784231203750,1784231201027
29.65,-3.1,1784231203785,1784231201061
29.69,3.9,1784231203819,1784231201102
29.72,-2.1,1784231203851,1784231201128
29.75,-2.1,1784231203885,1784231201162
29.79,-2.1,1784231203919,1784231201196
29.82,-2.1,1784231203951,1784231201228
29.85,0.9,1784231203985,1784231201265
29.89,-0.1,1784231204018,1784231201297
29.92,-1.1,1784231204053,1784231201331
29.95,-1.1,1784231204086,1784231201364
29.99,-1.1,1784231204120,1784231201398
30.02,0.9,1784231204153,1784231201433
30.06,0.9,1784231204187,1784231201467
30.09,-3.1,1784231204221,1784231201497
30.12,-1.1,1784231204254,1784231201532
30.16,1.9,1784231204287,1784231201568
30.19,1.9,1784231204321,1784231201602
30.23,1.9,1784231204355,1784231201636
30.26,1.9,1784231204388,1784231201669
30.29,1.9,1784231204422,1784231201703
30.33,2.9,1784231204456,1784231201738
30.36,4.9,1784231204489,1784231201773
30.40,4.9,1784231204522,1784231201806
30.43,4.9,1784231204556,1784231201840
30.46,4.9,1784231204590,1784231201874
30.49,-3.1,1784231204624,1784231201900
30.52,-2.1,1784231204657,1784231201934
30.58,21.9,1784231204691,1784231201992
30.64,47.9,1784231204724,1784231202051
30.64,14.9,1784231204758,1784231202052
30.70,38.9,1784231204791,1784231202109
30.70,4.9,1784231204825,1784231202109
30.73,-1.1,1784231204859,1784231202137
30.78,16.9,1784231204893,1784231202189
30.79,-2.1,1784231204926,1784231202203
30.83,6.9,1784231204959,1784231202245
30.86,-1.1,1784231204993,1784231202271
30.91,14.9,1784231205027,1784231202321
30.93,3.9,1784231205060,1784231202343
30.97,9.9,1784231205094,1784231202383
31.00,3.9,1784231205127,1784231202410
31.03,-2.1,1784231205162,1784231202439
31.07,5.9,1784231205195,1784231202480
31.10,0.9,1784231205228,1784231202508
31.14,8.7,1784231205262,1784231202550
31.17,3.7,1784231205295,1784231202578
31.20,-3.3,1784231205330,1784231202606
31.24,5.7,1784231205362,1784231202647
31.27,-0.3,1784231205396,1784231202675
31.31,7.7,1784231205431,1784231202718
31.34,4.7,1784231205463,1784231202747
31.38,10.7,1784231205496,1784231202786
31.40,3.7,1784231205530,1784231202813
31.43,-1.3,1784231205564,1784231202842
31.47,5.7,1784231205598,1784231202883
31.50,0.7,1784231205631,1784231202911
31.54,9.7,1784231205665,1784231202954
31.57,2.7,1784231205698,1784231202980
31.60,-1.3,1784231205732,1784231203010
31.64,5.7,1784231205766,1784231203051
31.67,-0.3,1784231205799,1784231203078
31.71,8.7,1784231205833,1784231203121
31.74,2.7,1784231205866,1784231203148
31.77,-3.3,1784231205900,1784231203176
31.81,4.7,1784231205934,1784231203218
31.84,0.7,1784231205967,1784231203247
31.88,6.7,1784231206001,1784231203287
31.91,1.7,1784231206034,1784231203315
31.95,10.7,1784231206068,1784231203358
31.98,4.7,1784231206102,1784231203386
32.00,-1.3,1784231206135,1784231203413
32.04,5.7,1784231206169,1784231203454
32.07,-0.3,1784231206203,1784231203482
32.11,8.7,1784231206236,1784231203524
32.14,2.7,1784231206270,1784231203552
32.18,10.7,1784231206303,1784231203593
32.21,4.7,1784231206337,1784231203621
32.24,-0.3,1784231206371,1784231203650
32.28,7.7,1784231206404,1784231203691
32.31,2.7,1784231206438,1784231203720
32.35,9.7,1784231206472,1784231203761
32.38,4.7,1784231206505,1784231203789
32.41,-1.3,1784231206539,1784231203817
32.45,7.7,1784231206572,1784231203859
32.48,0.7,1784231206606,1784231203886
32.52,9.7,1784231206639,1784231203928
32.55,5.7,1784231206672,1784231203957
32.57,-2.3,1784231206707,1784231203984
32.62,5.7,1784231206740,1784231204025
32.64,-0.3,1784231206774,1784231204053
32.69,7.7,1784231206808,1784231204095
32.71,1.7,1784231206842,1784231204123
32.74,-2.3,1784231206875,1784231204152
32.78,5.7,1784231206908,1784231204193
32.81,-1.3,1784231206942,1784231204220
32.85,7.7,1784231206975,1784231204262
32.88,2.7,1784231207009,1784231204291
32.92,9.7,1784231207043,1784231204332
32.95,4.7,1784231207076,1784231204360
32.98,-2.3,1784231207110,1784231204387
33.02,6.7,1784231207143,1784231204429
33.05,1.7,1784231207177,1784231204458
33.09,10.7,1784231207210,1784231204500
33.12,4.7,1784231207244,1784231204528
33.14,-3.5,1784231207278,1784231204554
33.19,4.5,1784231207312,1784231204596
33.22,0.5,1784231207346,1784231204626
33.26,7.5,1784231207380,1784231204667
33.28,3.5,1784231207412,1784231204695
33.33,11.5,1784231207446,1784231204737
33.35,5.5,1784231207479,1784231204764
33.38,-0.5,1784231207513,1784231204792
33.42,6.5,1784231207547,1784231204833
33.45,1.5,1784231207580,1784231204861
33.49,9.5,1784231207614,1784231204903
33.52,3.5,1784231207647,1784231204930
33.55,-1.5,1784231207681,1784231204959
33.59,5.5,1784231207715,1784231205000
33.62,1.5,1784231207748,1784231205029
33.66,9.5,1784231207781,1784231205070
33.69,2.5,1784231207816,1784231205098
33.72,-2.5,1784231207849,1784231205126
33.76,5.5,1784231207883,1784231205168
33.79,0.5,1784231207916,1784231205196
33.83,8.5,1784231207949,1784231205237
33.86,2.5,1784231207983,1784231205265
33.88,-2.5,1784231208016,1784231205293
33.93,5.5,1784231208050,1784231205335
33.95,-1.5,1784231208085,1784231205363
33.99,6.5,1784231208118,1784231205404
34.02,2.5,1784231208151,1784231205433
34.06,9.5,1784231208186,1784231205475
34.09,3.5,1784231208219,1784231205502
34.12,-1.5,1784231208252,1784231205530
34.16,6.5,1784231208285,1784231205571
34.19,0.5,1784231208319,1784231205599
34.23,8.5,1784231208353,1784231205641
34.26,4.5,1784231208386,1784231205670
34.29,-1.5,1784231208419,1784231205697
34.33,7.5,1784231208453,1784231205740
34.36,0.5,1784231208487,1784231205767
34.40,8.5,1784231208521,1784231205809
34.43,2.5,1784231208555,1784231205837
34.46,-2.5,1784231208588,1784231205865
34.50,4.5,1784231208622,1784231205906
34.52,-1.5,1784231208656,1784231205934
34.57,7.5,1784231208689,1784231205976
34.59,1.5,1784231208723,1784231206004
34.64,9.5,1784231208756,1784231206045
34.66,4.5,1784231208789,1784231206073
34.69,-1.5,1784231208823,1784231206101
34.73,6.5,1784231208857,1784231206143
34.76,1.5,1784231208890,1784231206171
34.80,8.5,1784231208924,1784231206212
34.83,3.5,1784231208958,1784231206241
34.86,-1.5,1784231208991,1784231206269
34.90,5.5,1784231209025,1784231206310
34.93,-0.5,1784231209059,1784231206338
34.97,7.5,1784231209092,1784231206379
35.00,3.5,1784231209125,1784231206408
35.04,10.5,1784231209160,1784231206450
35.07,5.5,1784231209192,1784231206477
35.10,0.5,1784231209226,1784231206506
35.14,7.3,1784231209260,1784231206547
35.17,1.3,1784231209294,1784231206575
35.21,10.3,1784231209327,1784231206617
35.24,4.3,1784231209361,1784231206645
35.26,-0.7,1784231209394,1784231206673
35.30,5.3,1784231209429,1784231206714
35.33,1.3,1784231209462,1784231206743
35.37,8.3,1784231209495,1784231206783
35.40,2.3,1784231209529,1784231206811
35.43,-2.7,1784231209563,1784231206840
35.47,5.3,1784231209596,1784231206881
35.50,0.3,1784231209629,1784231206909
35.54,8.3,1784231209663,1784231206951
35.57,2.3,1784231209696,1784231206978
35.60,-2.7,1784231209730,1784231207007
35.64,5.3,1784231209764,1784231207049
35.67,-0.7,1784231209798,1784231207077
35.71,7.3,1784231209831,1784231207118
35.74,0.3,1784231209866,1784231207146
35.77,-2.7,1784231209898,1784231207175
35.81,3.3,1784231209932,1784231207215
35.83,-1.7,1784231209966,1784231207244
35.88,5.3,1784231209999,1784231207284
35.90,-0.7,1784231210033,1784231207312
35.95,8.3,1784231210067,1784231207355
35.97,2.3,1784231210100,1784231207382
36.01,10.3,1784231210134,1784231207424
36.04,5.3,1784231210167,1784231207452
36.07,0.3,1784231210201,1784231207481
36.11,7.3,1784231210234,1784231207521
36.14,1.3,1784231210268,1784231207549
36.17,-3.7,1784231210302,1784231207578
36.21,4.3,1784231210335,1784231207619
36.24,-1.7,1784231210369,1784231207647
36.28,6.3,1784231210402,1784231207688
36.31,0.3,1784231210436,1784231207716
36.35,10.3,1784231210469,1784231207759
36.38,3.3,1784231210503,1784231207786
36.40,-2.7,1784231210537,1784231207814
36.45,6.3,1784231210570,1784231207856
36.48,0.3,1784231210604,1784231207884
36.52,7.3,1784231210638,1784231207925
36.54,3.3,1784231210671,1784231207954
36.57,-2.7,1784231210704,1784231207981
36.61,5.3,1784231210738,1784231208023
36.64,-1.7,1784231210772,1784231208050
36.68,7.3,1784231210805,1784231208092
36.71,1.3,1784231210839,1784231208120
36.74,-3.7,1784231210872,1784231208148
36.78,4.3,1784231210906,1784231208190
36.81,-0.7,1784231210939,1784231208218
36.85,7.3,1784231210973,1784231208260
36.88,1.3,1784231211007,1784231208288
36.92,8.3,1784231211041,1784231208329
36.95,2.3,1784231211075,1784231208357
36.98,-2.7,1784231211108,1784231208385
37.02,5.3,1784231211142,1784231208427
37.05,0.3,1784231211175,1784231208455
37.09,7.3,1784231211209,1784231208496
37.12,5.3,1784231211242,1784231208527
37.14,-1.6,1784231211276,1784231208554
37.19,7.4,1784231211309,1784231208596
37.21,-0.6,1784231211343,1784231208622
37.25,7.4,1784231211377,1784231208664
37.28,2.4,1784231211411,1784231208693
37.32,10.4,1784231211444,1784231208734
37.35,5.4,1784231211477,1784231208762
37.38,-1.6,1784231211511,1784231208789
37.42,7.4,1784231211544,1784231208831
37.45,1.4,1784231211578,1784231208859
37.49,8.4,1784231211612,1784231208900
37.52,3.4,1784231211645,1784231208928
37.55,-1.6,1784231211679,1784231208957
37.59,5.4,1784231211713,1784231208998
37.62,0.4,1784231211747,1784231209027
37.66,9.4,1784231211779,1784231209068
37.69,1.4,1784231211814,1784231209095
37.71,-2.6,1784231211847,1784231209124
37.76,7.4,1784231211880,1784231209167
37.78,-0.6,1784231211914,1784231209193
37.82,7.4,1784231211948,1784231209235
37.85,0.4,1784231211982,1784231209262
37.90,10.4,1784231212015,1784231209305
37.92,4.4,1784231212048,1784231209332
37.95,-1.6,1784231212082,1784231209360
37.99,7.4,1784231212115,1784231209402
38.02,1.4,1784231212149,1784231209430
38.06,8.4,1784231212183,1784231209471
38.09,2.4,1784231212217,1784231209499
38.12,-2.6,1784231212250,1784231209527
38.16,4.4,1784231212284,1784231209568
38.19,0.4,1784231212317,1784231209597
38.23,7.4,1784231212351,1784231209638
38.26,1.4,1784231212385,1784231209666
38.28,-3.6,1784231212418,1784231209694
38.33,2.4,1784231212453,1784231209735
38.35,-0.6,1784231212485,1784231209764
38.40,5.4,1784231212520,1784231209805
38.42,0.4,1784231212553,1784231209833
38.47,10.4,1784231212586,1784231209876
38.49,3.4,1784231212620,1784231209903
38.52,-2.6,1784231212654,1784231209931
38.56,5.4,1784231212687,1784231209972
38.59,-0.6,1784231212721,1784231210000
38.63,9.4,1784231212754,1784231210043
38.66,3.4,1784231212787,1784231210070
38.69,-2.6,1784231212821,1784231210098
38.73,4.4,1784231212855,1784231210139
38.76,-0.6,1784231212888,1784231210167
38.80,7.4,1784231212922,1784231210209
38.83,1.4,1784231212956,1784231210237
38.86,-3.6,1784231212989,1784231210265
38.90,4.4,1784231213023,1784231210307
38.92,-1.6,1784231213056,1784231210334
38.97,5.4,1784231213091,1784231210376
38.99,0.4,1784231213124,1784231210404
39.04,9.4,1784231213157,1784231210446
39.06,2.4,1784231213192,1784231210474
39.09,-3.6,1784231213225,1784231210501
39.13,6.4,1784231213258,1784231210544
39.16,-0.7,1784231213292,1784231210571
39.20,7.3,1784231213325,1784231210612
39.23,3.3,1784231213359,1784231210642
39.27,10.3,1784231213392,1784231210682
39.30,5.3,1784231213426,1784231210711
39.33,-1.7,1784231213460,1784231210738
39.37,7.3,1784231213493,1784231210780
39.40,2.3,1784231213526,1784231210808
39.44,8.3,1784231213561,1784231210849
39.47,3.3,1784231213595,1784231210878
39.50,-1.7,1784231213627,1784231210905
39.54,7.3,1784231213661,1784231210948
39.57,0.3,1784231213695,1784231210975
39.61,8.3,1784231213729,1784231211017
39.63,2.3,1784231213762,1784231211044
39.66,-1.7,1784231213795,1784231211073
39.70,4.3,1784231213830,1784231211114
39.73,-0.7,1784231213863,1784231211142
39.77,7.3,1784231213896,1784231211183
39.80,2.3,1784231213930,1784231211212
39.83,-3.7,1784231213963,1784231211239
39.87,4.3,1784231213997,1784231211281
39.90,-1.7,1784231214031,1784231211309
39.94,6.3,1784231214064,1784231211350
39.97,1.3,1784231214098,1784231211379
40.01,9.3,1784231214132,1784231211421
40.04,4.3,1784231214165,1784231211449
40.07,-2.7,1784231214199,1784231211476
40.11,5.3,1784231214233,1784231211518
40.14,0.3,1784231214266,1784231211546
40.18,7.3,1784231214300,1784231211587
40.21,2.3,1784231214334,1784231211616
40.23,-2.7,1784231214367,1784231211644
40.28,5.3,1784231214400,1784231211685
40.30,-1.7,1784231214435,1784231211713
40.34,7.3,1784231214468,1784231211755
40.37,1.3,1784231214501,1784231211782
40.40,-3.7,1784231214535,1784231211811
40.44,4.3,1784231214568,1784231211852
40.47,-1.7,1784231214602,1784231211880
40.51,6.3,1784231214636,1784231211922
40.54,0.3,1784231214669,1784231211949
40.58,9.3,1784231214703,1784231211992
40.61,3.3,1784231214736,1784231212019
40.64,-2.7,1784231214770,1784231212047
40.68,6.3,1784231214803,1784231212089
40.71,0.3,1784231214837,1784231212117
40.75,7.3,1784231214871,1784231212158
40.78,1.3,1784231214905,1784231212186
40.82,10.3,1784231214938,1784231212228
40.85,4.3,1784231214971,1784231212255
40.87,0.3,1784231215005,1784231212285
40.92,8.3,1784231215038,1784231212326
40.94,0.3,1784231215073,1784231212353
40.99,11.3,1784231215105,1784231212396
41.01,5.3,1784231215139,1784231212424
41.04,-1.7,1784231215173,1784231212451
41.08,6.3,1784231215207,1784231212493
41.11,0.3,1784231215241,1784231212521
41.15,8.3,1784231215274,1784231212562
41.18,2.5,1784231215307,1784231212589
41.21,-2.5,1784231215341,1784231212618
41.25,5.5,1784231215374,1784231212659
41.28,-0.5,1784231215408,1784231212687
41.32,8.5,1784231215442,1784231212730
41.35,0.5,1784231215477,1784231212757
41.39,9.5,1784231215509,1784231212798
41.42,4.5,1784231215543,1784231212827
41.44,-1.5,1784231215576,1784231212854
41.49,6.5,1784231215609,1784231212895
41.51,0.5,1784231215644,1784231212924
41.56,9.5,1784231215677,1784231212966
41.58,3.5,1784231215711,1784231212994
41.61,-2.5,1784231215744,1784231213021
41.65,6.5,1784231215778,1784231213064
41.68,1.5,1784231215811,1784231213092
41.72,8.5,1784231215845,1784231213133
41.75,3.5,1784231215878,1784231213161
41.78,-3.5,1784231215912,1784231213188
41.82,6.5,1784231215945,1784231213231
41.85,-0.5,1784231215980,1784231213259
41.89,7.5,1784231216013,1784231213300
41.92,0.5,1784231216047,1784231213327
41.96,9.5,1784231216080,1784231213369
41.99,5.5,1784231216113,1784231213398
42.02,-1.5,1784231216147,1784231213425
42.06,6.5,1784231216181,1784231213467
42.09,0.5,1784231216215,1784231213495
42.13,12.5,1784231216248,1784231213540
42.16,3.5,1784231216282,1784231213565
42.18,-0.5,1784231216315,1784231213594
42.23,8.5,1784231216350,1784231213638
42.26,2.5,1784231216383,1784231213665
42.28,-3.5,1784231216417,1784231213693
42.32,4.5,1784231216450,1784231213734
42.35,-1.5,1784231216484,1784231213762
42.40,8.5,1784231216518,1784231213806
42.42,2.5,1784231216551,1784231213833
42.48,26.5,1784231216584,1784231213890
42.51,17.5,1784231216618,1784231213915
42.53,8.5,1784231216651,1784231213939
42.56,4.5,1784231216685,1784231213969
42.60,10.5,1784231216719,1784231214009
42.63,7.5,1784231216752,1784231214039
42.65,-2.5,1784231216786,1784231214063
42.70,6.5,1784231216820,1784231214106
42.72,0.5,1784231216853,1784231214133
42.77,10.5,1784231216886,1784231214176
42.79,4.5,1784231216920,1784231214204
42.82,-2.5,1784231216954,1784231214231
42.86,5.5,1784231216988,1784231214273
42.89,1.5,1784231217021,1784231214302
42.93,7.5,1784231217055,1784231214342
42.96,1.5,1784231217089,1784231214370
42.99,-2.5,1784231217122,1784231214399
43.03,6.5,1784231217155,1784231214441
43.06,-0.5,1784231217189,1784231214468
43.10,7.5,1784231217223,1784231214510
43.13,4.5,1784231217256,1784231214540
43.17,10.4,1784231217290,1784231214580
43.20,2.4,1784231217325,1784231214607
43.23,-1.6,1784231217357,1784231214635
43.27,7.4,1784231217390,1784231214677
43.30,0.4,1784231217425,1784231214705
43.34,9.4,1784231217458,1784231214747
43.37,3.4,1784231217492,1784231214775
43.39,-2.6,1784231217525,1784231214802
43.43,6.4,1784231217558,1784231214844
43.46,1.4,1784231217592,1784231214873
43.50,7.4,1784231217626,1784231214913
43.53,3.4,1784231217659,1784231214942
43.56,-2.6,1784231217693,1784231214970
43.60,4.4,1784231217727,1784231215011
43.63,3.4,1784231217760,1784231215043
43.67,6.4,1784231217794,1784231215080
43.70,1.4,1784231217828,1784231215109
43.73,-3.6,1784231217861,1784231215137
43.77,3.4,1784231217894,1784231215177
43.80,-2.6,1784231217929,1784231215206
43.84,4.4,1784231217963,1784231215247
43.87,0.4,1784231217996,1784231215276
43.91,9.4,1784231218029,1784231215318
43.94,2.4,1784231218063,1784231215345
43.98,10.4,1784231218097,1784231215387
44.02,17.4,1784231218131,1784231215428
44.05,12.4,1784231218164,1784231215456
44.07,7.4,1784231218197,1784231215484
44.10,1.4,1784231218231,1784231215512
44.14,2.4,1784231218264,1784231215546
44.18,8.4,1784231218297,1784231215585
44.20,0.4,1784231218331,1784231215611
44.24,7.4,1784231218365,1784231215652
44.27,0.4,1784231218399,1784231215679
44.31,9.4,1784231218432,1784231215721
44.34,3.4,1784231218466,1784231215749
44.37,-1.6,1784231218499,1784231215777
44.41,5.4,1784231218533,1784231215818
44.44,0.4,1784231218566,1784231215846
44.48,8.4,1784231218600,1784231215888
44.51,2.4,1784231218634,1784231215916
44.53,-4.6,1784231218668,1784231215943
44.58,5.4,1784231218701,1784231215986
44.60,-1.6,1784231218735,1784231216013
44.65,7.4,1784231218768,1784231216055
44.67,1.4,1784231218802,1784231216083
44.72,9.4,1784231218835,1784231216124
44.74,3.4,1784231218869,1784231216152
44.77,-1.6,1784231218903,1784231216181
44.81,6.4,1784231218936,1784231216222
44.84,0.4,1784231218970,1784231216250
44.88,10.4,1784231219003,1784231216293
44.91,2.4,1784231219037,1784231216319
44.94,-2.6,1784231219070,1784231216347
44.98,5.4,1784231219105,1784231216390
45.01,0.4,1784231219137,1784231216417
45.05,8.4,1784231219172,1784231216460
45.08,1.4,1784231219205,1784231216486
45.11,-3.6,1784231219239,1784231216515
45.15,5.4,1784231219272,1784231216557
45.17,-1.6,1784231219306,1784231216584
45.22,7.4,1784231219340,1784231216627
45.25,2.4,1784231219373,1784231216655
45.29,8.4,1784231219407,1784231216695
45.31,3.4,1784231219441,1784231216724
45.34,-1.6,1784231219475,1784231216753
45.38,6.4,1784231219507,1784231216793
45.41,-0.6,1784231219541,1784231216820
45.45,9.4,1784231219574,1784231216863
45.48,4.4,1784231219607,1784231216891
45.51,-2.6,1784231219642,1784231216919
45.55,5.4,1784231219675,1784231216960
45.58,0.4,1784231219709,1784231216989
45.62,7.4,1784231219743,1784231217030
45.65,2.4,1784231219776,1784231217058
45.68,-3.6,1784231219810,1784231217086
45.72,3.4,1784231219844,1784231217127
45.75,0.4,1784231219876,1784231217156
45.79,5.4,1784231219912,1784231217197
45.82,2.4,1784231219944,1784231217226
45.86,10.4,1784231219977,1784231217267
45.88,3.4,1784231220011,1784231217294
45.91,-1.6,1784231220045,1784231217323
45.95,5.4,1784231220079,1784231217364
45.98,-0.6,1784231220113,1784231217392
46.02,9.4,1784231220146,1784231217435
46.05,3.4,1784231220179,1784231217462
46.08,-2.6,1784231220213,1784231217490
46.12,5.4,1784231220246,1784231217531
46.15,1.4,1784231220280,1784231217561
46.19,7.4,1784231220314,1784231217601
46.22,1.4,1784231220348,1784231217629
46.25,-4.6,1784231220381,1784231217656
46.29,5.4,1784231220414,1784231217699
46.32,-1.6,1784231220448,1784231217726
46.36,6.4,1784231220482,1784231217768
46.39,1.4,1784231220515,1784231217796
46.43,9.4,1784231220549,1784231217838
46.46,3.4,1784231220582,1784231217865
46.48,-2.6,1784231220617,1784231217894
46.53,7.4,1784231220649,1784231217936
46.55,-0.6,1784231220683,1784231217962
46.60,8.4,1784231220717,1784231218005
46.62,3.4,1784231220751,1784231218034
46.65,-1.6,1784231220784,1784231218062
46.69,5.4,1784231220818,1784231218103
46.72,-1.6,1784231220852,1784231218130
46.76,8.4,1784231220884,1784231218172
46.79,1.4,1784231220919,1784231218200
46.83,10.4,1784231220952,1784231218242
46.86,3.4,1784231220986,1784231218269
46.89,-0.6,1784231221019,1784231218298
46.93,8.4,1784231221052,1784231218340
46.96,-0.6,1784231221087,1784231218366
47.00,9.4,1784231221120,1784231218409
47.03,3.4,1784231221154,1784231218437
47.06,-3.6,1784231221188,1784231218464
47.10,5.4,1784231221221,1784231218506
47.12,0.4,1784231221254,1784231218534
47.17,8.4,1784231221288,1784231218576
47.19,2.7,1784231221322,1784231218604
47.22,-3.3,1784231221356,1784231218632
47.26,5.7,1784231221389,1784231218674
47.29,0.7,1784231221422,1784231218702
47.33,7.7,1784231221456,1784231218743
47.36,1.7,1784231221490,1784231218771
47.40,11.7,1784231221523,1784231218814
47.43,3.7,1784231221557,1784231218840
47.46,-1.3,1784231221590,1784231218868
47.50,7.7,1784231221624,1784231218911
47.53,1.7,1784231221657,1784231218938
47.57,9.7,1784231221691,1784231218980
47.60,4.7,1784231221724,1784231219008
47.63,-1.3,1784231221758,1784231219036
47.67,6.7,1784231221792,1784231219078
47.70,0.7,1784231221826,1784231219106
47.74,9.7,1784231221858,1784231219147
47.77,2.7,1784231221893,1784231219175
47.79,-2.3,1784231221926,1784231219203
47.83,5.7,1784231221960,1784231219245
47.86,-0.3,1784231221993,1784231219272
47.91,9.7,1784231222027,1784231219316
47.93,2.7,1784231222060,1784231219342
47.97,9.7,1784231222094,1784231219383
48.00,3.7,1784231222128,1784231219411
48.03,-1.3,1784231222161,1784231219439
48.07,6.7,1784231222195,1784231219481
48.10,1.7,1784231222229,1784231219510
48.14,8.7,1784231222263,1784231219551
48.17,2.7,1784231222296,1784231219578
48.20,-1.3,1784231222329,1784231219607
48.24,4.7,1784231222363,1784231219647
48.27,-0.3,1784231222397,1784231219676
48.31,7.7,1784231222431,1784231219718
48.34,1.7,1784231222464,1784231219745
48.36,-4.3,1784231222498,1784231219773
48.41,5.7,1784231222531,1784231219816
48.43,-0.3,1784231222565,1784231219844
48.48,7.7,1784231222598,1784231219885
48.50,2.7,1784231222631,1784231219913
48.53,-2.3,1784231222665,1784231219942
48.57,3.7,1784231222699,1784231219982
48.60,-2.3,1784231222733,1784231220010
48.64,5.7,1784231222766,1784231220051
48.67,0.7,1784231222800,1784231220080
48.71,7.7,1784231222834,1784231220121
48.74,2.7,1784231222868,1784231220150
48.77,-3.3,1784231222901,1784231220177
48.81,5.7,1784231222934,1784231220219
48.84,0.7,1784231222968,1784231220248
48.88,8.7,1784231223001,1784231220289
48.91,2.7,1784231223035,1784231220317
48.94,-2.3,1784231223068,1784231220345
48.98,4.7,1784231223102,1784231220386
49.00,-2.3,1784231223136,1784231220413
49.05,6.7,1784231223170,1784231220456
49.07,-0.3,1784231223204,1784231220483
49.12,11.7,1784231223236,1784231220527
49.14,3.7,1784231223270,1784231220553
49.17,-2.4,1784231223304,1784231220581
49.21,6.6,1784231223337,1784231220623
49.24,0.6,1784231223371,1784231220651
49.28,7.6,1784231223405,1784231220692
49.31,2.6,1784231223438,1784231220720
49.34,-3.4,1784231223472,1784231220748
49.38,5.6,1784231223505,1784231220790
49.41,-0.4,1784231223539,1784231220818
49.45,7.6,1784231223573,1784231220860
49.48,1.6,1784231223606,1784231220887
49.52,9.6,1784231223640,1784231220929
49.55,5.6,1784231223673,1784231220958
49.58,-2.4,1784231223707,1784231220984
49.62,6.6,1784231223741,1784231221027
49.64,0.6,1784231223774,1784231221054
49.69,9.6,1784231223807,1784231221096
49.71,3.6,1784231223841,1784231221124
49.74,-3.4,1784231223876,1784231221152
49.78,5.6,1784231223908,1784231221193
49.81,-0.4,1784231223942,1784231221221
49.85,8.6,1784231223976,1784231221264
49.88,3.6,1784231224009,1784231221292
49.91,-2.4,1784231224043,1784231221320
49.95,5.6,1784231224076,1784231221361
49.98,-1.4,1784231224111,1784231221389
50.02,6.6,1784231224144,1784231221430
50.05,2.6,1784231224178,1784231221460
50.08,0.6,1784231224211,1784231221491
50.13,18.6,1784231224245,1784231221543
50.16,13.6,1784231224278,1784231221571
50.19,7.6,1784231224312,1784231221599
50.22,0.6,1784231224345,1784231221625
50.26,9.6,1784231224379,1784231221668
50.29,2.6,1784231224413,1784231221695
50.31,-2.4,1784231224446,1784231221723
50.36,4.6,1784231224481,1784231221765
50.38,0.6,1784231224514,1784231221794
50.44,22.6,1784231224547,1784231221849
50.45,1.6,1784231224580,1784231221861
50.49,10.6,1784231224614,1784231221904
50.52,4.6,1784231224648,1784231221932
50.55,-0.4,1784231224682,1784231221961
50.59,7.6,1784231224715,1784231222002
50.62,0.6,1784231224748,1784231222028
50.66,8.6,1784231224782,1784231222070
50.69,3.6,1784231224815,1784231222098
50.76,40.6,1784231224850,1784231222170
50.76,7.6,1784231224883,1784231222170
50.79,4.6,1784231224917,1784231222201
50.83,8.6,1784231224950,1784231222238
50.86,2.6,1784231224984,1784231222266
50.88,-2.4,1784231225017,1784231222294
50.93,4.6,1784231225051,1784231222335
50.95,-1.4,1784231225085,1784231222363
51.00,8.6,1784231225118,1784231222406
51.02,1.6,1784231225152,1784231222433
51.05,-3.4,1784231225185,1784231222461
51.09,4.6,1784231225219,1784231222503
51.12,-0.4,1784231225252,1784231222531
51.17,9.6,1784231225286,1784231222575
51.19,0.8,1784231225320,1784231222600
51.23,9.8,1784231225353,1784231222642
51.26,2.8,1784231225387,1784231222669
51.29,-4.2,1784231225421,1784231222696
51.33,5.8,1784231225454,1784231222739
51.36,-2.2,1784231225489,1784231222766
51.40,8.8,1784231225521,1784231222809
51.43,1.8,1784231225555,1784231222836
51.47,10.8,1784231225588,1784231222878
51.50,5.8,1784231225622,1784231222907
51.52,-0.2,1784231225655,1784231222934
51.57,9.8,1784231225689,1784231222978
51.61,19.8,1784231225723,1784231223022
51.64,9.8,1784231225757,1784231223046
51.66,3.8,1784231225790,1784231223073
51.69,-1.2,1784231225823,1784231223101
51.73,7.8,1784231225857,1784231223144
51.76,2.8,1784231225891,1784231223173
51.79,-2.2,1784231225924,1784231223201
51.84,13.8,1784231225958,1784231223251
51.87,9.8,1784231225991,1784231223280
51.90,7.8,1784231226025,1784231223312
51.93,0.8,1784231226059,1784231223339
51.97,6.8,1784231226093,1784231223379
52.02,28.8,1784231226126,1784231223434
52.04,8.8,1784231226160,1784231223448
52.07,2.8,1784231226194,1784231223476
52.10,-0.2,1784231226227,1784231223506
52.14,6.8,1784231226260,1784231223546
52.16,1.8,1784231226293,1784231223574
52.21,8.8,1784231226328,1784231223616
52.23,2.8,1784231226362,1784231223644
52.26,-3.2,1784231226395,1784231223671
52.30,5.8,1784231226428,1784231223713
52.33,0.8,1784231226462,1784231223742
52.37,4.8,1784231226499,1784231223783
52.40,0.8,1784231226530,1784231223810
52.43,-1.2,1784231226563,1784231223841
52.47,4.8,1784231226597,1784231223881
52.50,-1.2,1784231226631,1784231223909
52.54,7.8,1784231226664,1784231223951
52.57,1.8,1784231226697,1784231223978
52.61,10.8,1784231226731,1784231224021
52.64,3.8,1784231226765,1784231224048
52.67,-1.2,1784231226798,1784231224076
52.71,7.8,1784231226831,1784231224118
52.74,1.8,1784231226865,1784231224146
52.77,-2.2,1784231226899,1784231224176
52.81,3.8,1784231226932,1784231224215
52.84,-0.2,1784231226966,1784231224245
52.88,7.8,1784231227000,1784231224287
52.90,0.8,1784231227034,1784231224314
52.94,8.8,1784231227066,1784231224354
52.97,2.8,1784231227101,1784231224383
53.01,10.8,1784231227134,1784231224424
53.04,4.8,1784231227167,1784231224451
53.07,-1.2,1784231227201,1784231224479
53.11,6.8,1784231227235,1784231224521
53.14,1.8,1784231227268,1784231224549
53.18,11.8,1784231227302,1784231224593
53.21,4.8,1784231227335,1784231224619
53.24,-3.2,1784231227370,1784231224646
53.28,5.8,1784231227403,1784231224688
53.31,-0.2,1784231227437,1784231224716
53.35,8.8,1784231227470,1784231224758
53.38,2.8,1784231227504,1784231224786
53.40,-3.2,1784231227537,1784231224813
53.44,4.8,1784231227571,1784231224855
53.47,-2.2,1784231227605,1784231224882
53.51,7.8,1784231227637,1784231224924
53.54,1.8,1784231227672,1784231224953
53.58,8.8,1784231227706,1784231224994
53.61,4.8,1784231227738,1784231225022
53.64,-3.2,1784231227773,1784231225049
53.70,20.8,1784231227806,1784231225106
53.71,0.8,1784231227839,1784231225119
53.75,7.8,1784231227873,1784231225160
53.78,5.8,1784231227907,1784231225192
53.81,-2.2,1784231227940,1784231225217
53.85,4.8,1784231227974,1784231225258
53.88,-1.2,1784231228008,1784231225286
53.92,10.8,1784231228041,1784231225331
53.95,4.8,1784231228075,1784231225359
53.98,-1.2,1784231228108,1784231225386
54.02,6.8,1784231228141,1784231225427
54.04,-0.2,1784231228176,1784231225455
54.09,6.8,1784231228209,1784231225495
54.11,0.8,1784231228244,1784231225524
54.16,8.8,1784231228277,1784231225565
54.18,4.8,1784231228310,1784231225594
54.21,-2.2,1784231228343,1784231225620
54.25,5.8,1784231228377,1784231225662
54.28,-0.2,1784231228411,1784231225690
54.32,7.8,1784231228444,1784231225731
54.35,2.8,1784231228478,1784231225760
54.38,-2.2,1784231228512,1784231225789
54.42,4.8,1784231228545,1784231225829
54.45,-1.2,1784231228578,1784231225856
54.49,6.8,1784231228612,1784231225898
54.52,0.8,1784231228646,1784231225926
54.55,-1.2,1784231228679,1784231225957
54.59,3.8,1784231228713,1784231225996
54.61,-1.2,1784231228746,1784231226024
54.66,4.8,1784231228781,1784231226065
54.69,3.8,1784231228813,1784231226096
54.73,8.8,1784231228847,1784231226135
54.75,1.8,1784231228882,1784231226163
54.78,-3.2,1784231228915,1784231226191
54.82,5.8,1784231228948,1784231226233
54.85,-1.2,1784231228982,1784231226260
54.89,7.8,1784231229015,1784231226302
54.92,1.8,1784231229049,1784231226330
54.96,8.8,1784231229083,1784231226371
54.99,3.8,1784231229117,1784231226400
55.02,-1.2,1784231229149,1784231226427
55.06,6.8,1784231229184,1784231226470
55.09,-0.2,1784231229218,1784231226497
55.13,8.8,1784231229251,1784231226539
55.16,4.8,1784231229283,1784231226567
55.18,-1.4,1784231229317,1784231226595
55.23,5.6,1784231229352,1784231226637
55.25,-0.4,1784231229385,1784231226664
55.30,8.6,1784231229418,1784231226706
55.32,1.6,1784231229453,1784231226734
55.37,10.6,1784231229486,1784231226776
55.39,5.6,1784231229519,1784231226804
55.42,-0.4,1784231229553,1784231226832
55.46,7.6,1784231229586,1784231226873
55.49,1.6,1784231229620,1784231226901
55.53,9.6,1784231229654,1784231226943
55.56,4.6,1784231229687,1784231226971
55.59,-2.4,1784231229722,1784231226999
55.63,5.6,1784231229755,1784231227040
55.66,0.6,1784231229789,1784231227069
55.70,10.6,1784231229821,1784231227111
55.73,2.6,1784231229856,1784231227138
55.76,-2.4,1784231229889,1784231227166
55.80,5.6,1784231229923,1784231227208
55.83,0.6,1784231229956,1784231227236
55.87,7.6,1784231229990,1784231227277
55.90,3.6,1784231230023,1784231227306
55.94,11.6,1784231230057,1784231227348
55.96,4.6,1784231230091,1784231227375
55.99,-1.4,1784231230124,1784231227402
56.03,5.6,1784231230158,1784231227443
56.06,0.6,1784231230191,1784231227471
56.10,8.6,1784231230225,1784231227513
56.13,2.6,1784231230259,1784231227541
56.16,-2.4,1784231230292,1784231227569
56.20,9.6,1784231230325,1784231227614
56.23,-0.4,1784231230360,1784231227639
56.27,6.6,1784231230393,1784231227679
56.30,0.6,1784231230428,1784231227708
56.33,-3.4,1784231230460,1784231227736
56.37,5.6,1784231230493,1784231227778
56.40,-0.4,1784231230527,1784231227806
56.44,7.6,1784231230561,1784231227848
56.47,2.6,1784231230594,1784231227876
56.51,8.6,1784231230629,1784231227917
56.54,4.6,1784231230662,1784231227946
56.56,-1.4,1784231230695,1784231227973
56.60,5.6,1784231230729,1784231228014
56.63,1.6,1784231230762,1784231228043
56.68,9.6,1784231230796,1784231228085
56.70,3.6,1784231230830,1784231228113
56.73,-3.4,1784231230864,1784231228140
56.77,4.6,1784231230897,1784231228181
56.80,-0.4,1784231230931,1784231228210
56.84,7.6,1784231230964,1784231228251
56.87,1.6,1784231230998,1784231228279
56.90,-3.4,1784231231031,1784231228307
56.94,4.6,1784231231065,1784231228349
56.97,-0.4,1784231231098,1784231228377
57.01,6.6,1784231231132,1784231228418
57.04,1.6,1784231231165,1784231228446
57.08,9.6,1784231231199,1784231228488
57.11,4.6,1784231231233,1784231228517
57.13,-2.4,1784231231267,1784231228544
57.18,5.6,1784231231300,1784231228585
57.21,0.5,1784231231334,1784231228614
57.25,9.5,1784231231367,1784231228656
57.27,3.5,1784231231401,1784231228684
57.30,-3.5,1784231231435,1784231228711
57.34,5.5,1784231231467,1784231228752
57.38,13.5,1784231231502,1784231228795
57.41,8.5,1784231231535,1784231228823
57.44,1.5,1784231231569,1784231228850
57.48,10.5,1784231231602,1784231228892
57.51,4.5,1784231231636,1784231228920
57.54,-1.5,1784231231670,1784231228948
57.58,7.5,1784231231703,1784231228990
57.61,1.5,1784231231737,1784231229018
57.65,9.5,1784231231770,1784231229059
57.68,4.5,1784231231803,1784231229087
57.71,-0.5,1784231231838,1784231229117
57.75,6.5,1784231231871,1784231229157
57.77,-1.5,1784231231906,1784231229184
57.82,8.5,1784231231938,1784231229226
57.84,2.5,1784231231972,1784231229254
57.87,-3.5,1784231232006,1784231229282
57.91,5.5,1784231232039,1784231229324
57.94,-0.5,1784231232073,1784231229352
57.98,6.5,1784231232107,1784231229393
58.01,2.5,1784231232139,1784231229421
58.04,-4.5,1784231232174,1784231229449
58.08,3.5,1784231232208,1784231229491
58.11,-1.5,1784231232241,1784231229519
58.15,6.5,1784231232274,1784231229560
58.18,0.5,1784231232308,1784231229588
58.21,-0.5,1784231232341,1784231229620
58.25,4.5,1784231232375,1784231229659
58.28,-1.5,1784231232409,1784231229687
58.32,6.5,1784231232442,1784231229728
58.35,-0.5,1784231232476,1784231229755
58.39,8.5,1784231232510,1784231229798
58.42,2.5,1784231232543,1784231229825
58.44,-2.5,1784231232576,1784231229853
58.48,5.5,1784231232610,1784231229895
58.51,-1.5,1784231232644,1784231229922
58.55,7.5,1784231232677,1784231229964
58.58,1.5,1784231232711,1784231229992
58.62,8.5,1784231232745,1784231230033
58.65,2.5,1784231232779,1784231230061
58.68,-2.5,1784231232812,1784231230089
58.72,5.5,1784231232845,1784231230130
58.75,0.5,1784231232879,1784231230159
58.79,7.5,1784231232913,1784231230200
58.82,2.5,1784231232946,1784231230228
58.85,-2.5,1784231232980,1784231230257
58.89,5.5,1784231233013,1784231230298
58.92,-1.5,1784231233048,1784231230326
58.96,9.5,1784231233081,1784231230370
58.99,2.5,1784231233114,1784231230396
59.03,9.5,1784231233148,1784231230437
59.06,3.5,1784231233182,1784231230465
59.08,-1.5,1784231233215,1784231230493
59.13,6.5,1784231233249,1784231230535
59.15,0.5,1784231233283,1784231230563
59.19,9.5,1784231233316,1784231230605
59.22,6.5,1784231233349,1784231230635
59.25,-2.5,1784231233383,1784231230660
59.29,4.5,1784231233417,1784231230701
59.32,0.5,1784231233450,1784231230730
59.36,8.5,1784231233484,1784231230772
59.39,2.5,1784231233517,1784231230799
59.42,-3.5,1784231233551,1784231230827
59.46,3.5,1784231233585,1784231230868
59.49,-3.5,1784231233619,1784231230895
59.53,7.5,1784231233652,1784231230939
59.56,0.5,1784231233686,1784231230966
59.60,9.5,1784231233719,1784231231008
59.63,2.5,1784231233753,1784231231035
59.65,-1.5,1784231233786,1784231231064
59.70,6.5,1784231233820,1784231231106
59.73,2.5,1784231233854,1784231231136
59.76,9.5,1784231233886,1784231231175
59.79,2.5,1784231233920,1784231231202
59.82,-2.5,1784231233954,1784231231231
59.86,5.5,1784231233988,1784231231273
59.89,-0.5,1784231234021,1784231231300
59.93,7.5,1784231234055,1784231231342
59.96,1.5,1784231234089,1784231231370
60.00,9.5,1784231234123,1784231231412
60.03,3.5,1784231234156,1784231231439
60.06,-1.5,1784231234190,1784231231468
60.10,6.5,1784231234223,1784231231509
60.13,1.5,1784231234256,1784231231537
60.17,8.5,1784231234290,1784231231578
60.20,2.5,1784231234324,1784231231606
60.23,-0.5,1784231234357,1784231231636
60.27,6.5,1784231234391,1784231231677
60.29,-0.5,1784231234425,1784231231704
60.34,8.5,1784231234458,1784231231746
60.36,2.5,1784231234492,1784231231774
60.39,-2.5,1784231234525,1784231231802
60.43,5.5,1784231234559,1784231231844
60.46,-0.5,1784231234592,1784231231871
60.50,7.5,1784231234626,1784231231913
60.53,0.5,1784231234660,1784231231940
60.57,11.5,1784231234693,1784231231984
60.60,3.5,1784231234727,1784231232010
60.63,-1.5,1784231234761,1784231232039
60.67,6.5,1784231234794,1784231232080
60.70,1.5,1784231234827,1784231232108
60.73,-0.5,1784231234861,1784231232140
60.77,3.5,1784231234894,1784231232177
60.80,-1.5,1784231234928,1784231232206
60.84,5.5,1784231234962,1784231232247
60.87,-0.5,1784231234996,1784231232275
60.91,9.5,1784231235029,1784231232318
60.93,1.5,1784231235064,1784231232345
60.96,-3.5,1784231235097,1784231232373
61.00,4.5,1784231235130,1784231232414
61.03,-1.5,1784231235164,1784231232442
61.07,6.5,1784231235198,1784231232484
61.10,0.5,1784231235231,1784231232511
61.14,9.5,1784231235264,1784231232553
61.17,2.5,1784231235298,1784231232580
61.20,-2.5,1784231235332,1784231232609
61.24,5.5,1784231235366,1784231232651
61.27,0.5,1784231235399,1784231232679
61.31,7.5,1784231235433,1784231232720
61.34,1.5,1784231235467,1784231232748
61.37,-2.5,1784231235499,1784231232776
61.41,4.5,1784231235534,1784231232818
61.44,-0.5,1784231235567,1784231232846
61.48,10.5,1784231235600,1784231232890
61.51,2.5,1784231235634,1784231232916
61.53,-2.5,1784231235667,1784231232944
61.58,3.5,1784231235702,1784231232985
61.60,-0.5,1784231235734,1784231233013
61.65,7.5,1784231235769,1784231233056
61.67,1.5,1784231235801,1784231233082
61.71,8.5,1784231235836,1784231233124
61.74,2.5,1784231235869,1784231233151
61.77,-2.5,1784231235903,1784231233180
61.81,5.5,1784231235937,1784231233222
61.84,0.5,1784231235970,1784231233250
61.88,7.5,1784231236004,1784231233291
61.91,2.5,1784231236037,1784231233319
61.94,-3.5,1784231236071,1784231233347
61.98,8.5,1784231236105,1784231233393
62.01,1.5,1784231236137,1784231233418
62.05,7.5,1784231236173,1784231233460
62.08,2.5,1784231236206,1784231233488
62.11,-4.5,1784231236239,1784231233514
62.15,4.5,1784231236273,1784231233557
62.18,-0.5,1784231236306,1784231233585
62.22,6.5,1784231236340,1784231233626
62.24,0.5,1784231236373,1784231233653
62.29,9.5,1784231236407,1784231233696
62.31,4.5,1784231236440,1784231233724
62.34,-2.5,1784231236474,1784231233751
62.38,5.5,1784231236508,1784231233793
62.41,-1.5,1784231236542,1784231233820
62.45,7.5,1784231236575,1784231233862
62.48,5.5,1784231236608,1784231233893
62.51,-3.5,1784231236642,1784231233918
62.55,5.5,1784231236675,1784231233960
62.58,-1.5,1784231236709,1784231233987
62.62,6.5,1784231236743,1784231234029
62.65,-0.5,1784231236777,1784231234056
62.69,8.5,1784231236810,1784231234098
62.72,3.5,1784231236844,1784231234127
62.74,-3.5,1784231236877,1784231234153
62.79,6.5,1784231236911,1784231234197
62.81,0.5,1784231236944,1784231234224
62.86,8.5,1784231236978,1784231234266
62.88,2.5,1784231237012,1784231234294
62.91,-3.5,1784231237045,1784231234321
62.95,3.5,1784231237080,1784231234363
62.98,2.5,1784231237112,1784231234394
63.02,7.5,1784231237146,1784231234433
63.05,1.5,1784231237180,1784231234461
63.08,-4.5,1784231237214,1784231234489
63.12,3.5,1784231237247,1784231234530
63.15,-2.5,1784231237281,1784231234558
63.19,6.5,1784231237314,1784231234600
63.22,-0.3,1784231237348,1784231234627
63.26,7.7,1784231237382,1784231234669
63.29,2.7,1784231237415,1784231234697
63.32,-2.3,1784231237449,1784231234726
63.36,4.7,1784231237483,1784231234767
63.38,-0.3,1784231237516,1784231234795
63.43,12.7,1784231237550,1784231234842
63.45,0.7,1784231237584,1784231234864
63.49,-1.3,1784231237617,1784231234895
63.52,3.7,1784231237650,1784231234933
63.55,-1.3,1784231237684,1784231234962
63.59,7.7,1784231237717,1784231235004
63.62,1.7,1784231237751,1784231235032
63.66,9.7,1784231237784,1784231235073
63.69,3.7,1784231237818,1784231235101
63.72,-2.3,1784231237852,1784231235129
63.76,4.7,1784231237886,1784231235170
63.79,1.7,1784231237918,1784231235199
63.83,8.7,1784231237952,1784231235240
63.86,2.7,1784231237986,1784231235268
63.89,-2.3,1784231238020,1784231235297
63.93,4.7,1784231238054,1784231235338
63.96,-0.3,1784231238086,1784231235365
64.00,7.7,1784231238120,1784231235407
64.03,2.7,1784231238154,1784231235436
64.07,9.7,1784231238188,1784231235477
64.10,3.7,1784231238222,1784231235505
64.12,-2.3,1784231238255,1784231235532
64.17,8.7,1784231238288,1784231235576
64.19,1.7,1784231238321,1784231235602
64.24,12.7,1784231238355,1784231235647
64.26,2.7,1784231238390,1784231235672
64.29,-2.3,1784231238423,1784231235700
64.33,6.7,1784231238457,1784231235743
64.36,-0.3,1784231238490,1784231235769
64.40,7.7,1784231238524,1784231235811
64.43,2.7,1784231238557,1784231235839
64.46,-2.3,1784231238590,1784231235867
64.50,5.7,1784231238624,1784231235909
64.53,-0.3,1784231238658,1784231235937
64.57,7.7,1784231238692,1784231235979
64.60,1.7,1784231238725,1784231236006
64.62,-3.3,1784231238758,1784231236034
64.67,4.7,1784231238792,1784231236076
64.69,-1.3,1784231238826,1784231236104
64.74,6.7,1784231238860,1784231236146
64.76,0.7,1784231238893,1784231236173
64.81,7.7,1784231238928,1784231236215
64.83,2.7,1784231238960,1784231236242
64.86,-2.3,1784231238994,1784231236271
64.90,5.7,1784231239028,1784231236313
64.93,-0.3,1784231239061,1784231236340
64.97,9.7,1784231239094,1784231236383
65.00,1.7,1784231239128,1784231236409
65.03,-3.3,1784231239162,1784231236438
65.07,3.7,1784231239196,1784231236479
65.10,-0.3,1784231239229,1784231236508
65.14,6.7,1784231239263,1784231236549
65.17,1.7,1784231239297,1784231236578
65.20,-4.3,1784231239330,1784231236605
65.24,4.0,1784231239363,1784231236646
65.27,-1.0,1784231239397,1784231236675
65.31,8.0,1784231239430,1784231236717
65.33,1.0,1784231239464,1784231236744
65.38,8.0,1784231239499,1784231236786
65.40,2.0,1784231239532,1784231236813
65.43,-2.0,1784231239565,1784231236842
65.47,5.0,1784231239600,1784231236884
65.50,-1.0,1784231239633,1784231236911
65.54,9.0,1784231239667,1784231236955
65.57,2.0,1784231239700,1784231236981
65.60,-3.0,1784231239734,1784231237010
65.64,5.0,1784231239766,1784231237050
65.67,0.0,1784231239800,1784231237079
65.71,7.0,1784231239834,1784231237120
65.74,1.0,1784231239868,1784231237148
65.78,10.0,1784231239901,1784231237190
65.81,5.0,1784231239934,1784231237218
65.84,-3.0,1784231239969,1784231237245
65.88,7.0,1784231240002,1784231237288
65.91,1.0,1784231240035,1784231237315
65.95,9.0,1784231240069,1784231237357
65.98,4.0,1784231240102,1784231237385
66.00,-2.0,1784231240136,1784231237413
66.04,6.0,1784231240170,1784231237455
66.07,0.0,1784231240204,1784231237483
66.12,9.0,1784231240237,1784231237525
66.14,2.0,1784231240271,1784231237552
66.18,10.0,1784231240305,1784231237594
66.21,5.0,1784231240338,1784231237622
66.24,-1.0,1784231240372,1784231237650
66.28,8.0,1784231240405,1784231237692
66.31,3.0,1784231240438,1784231237720
66.35,10.0,1784231240473,1784231237762
66.38,4.0,1784231240506,1784231237789
66.41,-1.0,1784231240539,1784231237817
66.45,6.0,1784231240574,1784231237859
66.48,0.0,1784231240607,1784231237886
66.52,8.0,1784231240641,1784231237928
66.55,3.0,1784231240675,1784231237957
66.57,-3.0,1784231240708,1784231237984
66.62,6.0,1784231240741,1784231238026
66.64,1.0,1784231240775,1784231238055
66.69,8.0,1784231240808,1784231238095
66.71,1.0,1784231240843,1784231238123
66.76,12.0,1784231240875,1784231238166
66.78,5.0,1784231240909,1784231238193
66.81,-2.0,1784231240943,1784231238220
66.85,6.0,1784231240977,1784231238262
66.88,1.0,1784231241010,1784231238290
66.92,10.0,1784231241043,1784231238332
66.95,5.0,1784231241076,1784231238360
66.98,-2.0,1784231241111,1784231238388
67.02,6.0,1784231241144,1784231238429
67.05,0.0,1784231241178,1784231238457
67.09,8.0,1784231241212,1784231238499
67.12,3.0,1784231241245,1784231238527
67.15,-3.0,1784231241279,1784231238555
67.19,6.0,1784231241312,1784231238597
67.21,0.3,1784231241345,1784231238624
67.26,6.3,1784231241380,1784231238665
67.28,1.3,1784231241414,1784231238694
67.31,-3.7,1784231241447,1784231238722
67.36,6.3,1784231241480,1784231238765
67.38,-1.7,1784231241514,1784231238791
67.42,7.3,1784231241547,1784231238833
67.45,1.3,1784231241581,1784231238861
67.48,-4.7,1784231241615,1784231238889
67.52,3.3,1784231241648,1784231238930
67.55,-1.7,1784231241681,1784231238958
67.59,5.3,1784231241715,1784231238999
67.62,0.3,1784231241749,1784231239028
67.66,8.3,1784231241783,1784231239070
67.69,1.3,1784231241817,1784231239097
67.73,10.3,1784231241850,1784231239139
67.76,6.3,1784231241883,1784231239168
67.79,0.3,1784231241917,1784231239196
67.83,7.3,1784231241951,1784231239237
67.85,1.3,1784231241985,1784231239265
67.90,9.3,1784231242018,1784231239306
67.92,4.3,1784231242051,1784231239334
67.95,-0.7,1784231242084,1784231239362
67.99,6.3,1784231242119,1784231239404
68.02,1.3,1784231242152,1784231239432
68.06,9.3,1784231242186,1784231239474
68.09,3.3,1784231242219,1784231239501
68.12,-1.7,1784231242252,1784231239529
68.16,6.3,1784231242286,1784231239571
68.19,0.3,1784231242320,1784231239599
68.23,8.3,1784231242354,1784231239641
68.26,2.3,1784231242387,1784231239668
68.30,9.3,1784231242422,1784231239710
68.33,4.3,1784231242455,1784231239738
68.36,-0.7,1784231242488,1784231239766
68.40,6.3,1784231242522,1784231239807
68.43,2.3,1784231242555,1784231239836
68.47,9.3,1784231242589,1784231239877
68.50,3.3,1784231242623,1784231239905
68.52,0.3,1784231242655,1784231239934
68.57,5.3,1784231242690,1784231239974
68.59,0.3,1784231242723,1784231240002
68.63,8.3,1784231242757,1784231240044
68.66,2.3,1784231242791,1784231240072
68.69,-1.7,1784231242824,1784231240101
68.73,5.3,1784231242857,1784231240141
68.76,0.3,1784231242891,1784231240170
68.80,6.3,1784231242926,1784231240211
68.83,3.3,1784231242958,1784231240240
68.86,-3.7,1784231242992,1784231240267
68.90,3.3,1784231243026,1784231240308
68.93,-0.7,1784231243059,1784231240337
68.97,7.3,1784231243092,1784231240378
69.00,2.3,1784231243126,1784231240407
69.04,10.3,1784231243160,1784231240449
69.07,4.3,1784231243193,1784231240476
69.09,-2.7,1784231243227,1784231240503
69.14,5.3,1784231243261,1784231240545
69.16,1.3,1784231243294,1784231240574
69.21,7.3,1784231243329,1784231240615
69.23,3.5,1784231243362,1784231240644
69.26,-2.5,1784231243395,1784231240671
69.30,4.5,1784231243429,1784231240712
69.33,-1.5,1784231243463,1784231240740
69.37,7.5,1784231243496,1784231240782
69.40,1.5,1784231243530,1784231240810
69.44,8.5,1784231243564,1784231240851
69.47,5.5,1784231243597,1784231240881
69.50,-0.5,1784231243630,1784231240908
69.54,6.5,1784231243664,1784231240949
69.57,0.5,1784231243698,1784231240977
69.61,8.5,1784231243731,1784231241018
69.64,3.5,1784231243765,1784231241047
69.67,-2.5,1784231243799,1784231241075
69.71,5.5,1784231243833,1784231241117
69.73,0.5,1784231243866,1784231241145
69.78,8.5,1784231243899,1784231241186
69.80,1.5,1784231243933,1784231241213
69.85,11.5,1784231243966,1784231241256
69.87,5.5,1784231244000,1784231241284
69.90,-1.5,1784231244034,1784231241311
69.94,7.5,1784231244067,1784231241353
69.97,1.5,1784231244101,1784231241381
70.01,10.5,1784231244134,1784231241423
70.04,3.5,1784231244168,1784231241450
70.07,-2.5,1784231244202,1784231241478
70.11,5.5,1784231244235,1784231241519
70.14,1.5,1784231244268,1784231241548
70.18,9.5,1784231244302,1784231241590
70.21,2.5,1784231244336,1784231241617
70.24,-2.5,1784231244370,1784231241646
70.28,6.5,1784231244403,1784231241688
70.31,-0.5,1784231244437,1784231241715
70.35,7.5,1784231244471,1784231241757
70.38,2.5,1784231244504,1784231241785
70.42,11.5,1784231244537,1784231241827
70.44,4.5,1784231244571,1784231241854
70.47,-0.5,1784231244604,1784231241882
70.51,7.5,1784231244638,1784231241924
70.54,2.5,1784231244672,1784231241953
70.58,9.5,1784231244706,1784231241994
70.61,3.5,1784231244739,1784231242021
70.64,-2.5,1784231244773,1784231242049
70.68,7.5,1784231244806,1784231242092
70.71,0.5,1784231244840,1784231242119
70.75,8.5,1784231244873,1784231242160
70.78,2.5,1784231244907,1784231242188
70.81,-2.5,1784231244940,1784231242216
70.85,4.5,1784231244975,1784231242258
70.88,-0.5,1784231245008,1784231242286
70.92,7.5,1784231245042,1784231242328
70.95,1.5,1784231245075,1784231242355
70.99,10.5,1784231245109,1784231242398
71.02,6.5,1784231245141,1784231242426
71.04,-1.5,1784231245176,1784231242453
71.09,7.5,1784231245209,1784231242495
71.11,1.5,1784231245243,1784231242523
71.15,8.5,1784231245277,1784231242564
71.18,3.5,1784231245311,1784231242593
71.21,-1.5,1784231245343,1784231242620
71.25,6.4,1784231245377,1784231242662
71.28,0.4,1784231245411,1784231242690
71.32,8.4,1784231245445,1784231242732
71.35,3.4,1784231245478,1784231242760
71.38,-2.6,1784231245512,1784231242788
71.42,4.4,1784231245546,1784231242829
71.45,-0.6,1784231245579,1784231242857
71.49,7.4,1784231245613,1784231242899
71.52,0.4,1784231245647,1784231242926
71.55,-3.6,1784231245680,1784231242955
71.59,4.4,1784231245713,1784231242996
71.61,-0.6,1784231245747,1784231243025
71.66,7.4,1784231245780,1784231243066
71.68,0.4,1784231245815,1784231243094
71.73,9.4,1784231245848,1784231243136
71.75,3.4,1784231245881,1784231243163
71.78,-3.6,1784231245916,1784231243191
71.82,7.4,1784231245948,1784231243234
71.85,-1.6,1784231245983,1784231243260
71.89,6.4,1784231246017,1784231243302
71.92,1.4,1784231246050,1784231243330
71.95,-2.6,1784231246083,1784231243359
71.99,4.4,1784231246117,1784231243400
72.02,-1.6,1784231246151,1784231243428
72.06,6.4,1784231246184,1784231243469
72.09,0.4,1784231246218,1784231243497
72.13,8.4,1784231246252,1784231243539
72.16,3.4,1784231246285,1784231243567
72.19,-1.6,1784231246318,1784231243595
72.23,7.4,1784231246351,1784231243637
72.26,-0.6,1784231246386,1784231243664
72.30,9.4,1784231246419,1784231243707
72.32,2.4,1784231246453,1784231243734
72.35,-3.6,1784231246487,1784231243762
72.39,6.4,1784231246519,1784231243804
72.42,-0.6,1784231246554,1784231243832
72.46,7.4,1784231246588,1784231243874
72.49,1.4,1784231246621,1784231243901
72.53,10.4,1784231246654,1784231243943
72.56,4.4,1784231246688,1784231243971
72.59,-0.6,1784231246721,1784231243999
72.63,6.4,1784231246755,1784231244040
72.66,1.4,1784231246788,1784231244068
72.70,7.4,1784231246823,1784231244109
72.73,3.4,1784231246856,1784231244138
72.76,-1.6,1784231246889,1784231244166
72.80,6.4,1784231246923,1784231244208
72.83,0.4,1784231246956,1784231244235
72.87,8.4,1784231246990,1784231244277
72.90,2.4,1784231247024,1784231244305
72.92,-2.6,1784231247057,1784231244333
72.96,4.4,1784231247092,1784231244375
72.99,-1.6,1784231247125,1784231244402
73.03,7.4,1784231247158,1784231244444
73.06,2.4,1784231247191,1784231244472
73.10,9.4,1784231247226,1784231244514
73.13,3.4,1784231247259,1784231244541
73.16,-1.6,1784231247293,1784231244570
73.20,5.4,1784231247327,1784231244611
73.23,0.5,1784231247360,1784231244639
73.27,7.5,1784231247394,1784231244680
73.30,2.5,1784231247427,1784231244708
73.33,-2.5,1784231247461,1784231244737
73.37,4.5,1784231247495,1784231244778
73.40,-0.5,1784231247528,1784231244806
73.44,7.5,1784231247562,1784231244848
73.47,3.5,1784231247595,1784231244877
73.51,9.5,1784231247629,1784231244917
73.54,3.5,1784231247663,1784231244945
73.56,-0.5,1784231247695,1784231244973
73.61,6.5,1784231247730,1784231245015
73.63,1.5,1784231247763,1784231245043
73.67,9.5,1784231247797,1784231245085
73.70,3.5,1784231247830,1784231245112
73.73,-1.5,1784231247863,1784231245140
73.77,7.5,1784231247897,1784231245183
73.80,-0.5,1784231247931,1784231245209
73.84,9.5,1784231247964,1784231245252
73.87,2.5,1784231247999,1784231245280
73.90,-3.5,1784231248032,1784231245307
73.94,4.5,1784231248066,1784231245349
73.97,-0.5,1784231248099,1784231245377
74.01,6.5,1784231248133,1784231245418
74.04,1.5,1784231248167,1784231245447
74.08,10.5,1784231248199,1784231245488
74.11,4.5,1784231248233,1784231245516
74.13,-1.5,1784231248267,1784231245544
74.18,6.5,1784231248301,1784231245586
74.20,1.5,1784231248334,1784231245614
74.25,10.5,1784231248367,1784231245656
74.27,2.5,1784231248402,1784231245683
74.30,-1.5,1784231248434,1784231245711
74.34,6.5,1784231248469,1784231245754
74.37,-0.5,1784231248502,1784231245780
74.41,7.5,1784231248536,1784231245822
74.44,2.5,1784231248569,1784231245850
74.47,-1.5,1784231248602,1784231245879
74.51,3.5,1784231248637,1784231245919
74.54,-0.5,1784231248670,1784231245948
74.58,6.5,1784231248704,1784231245989
74.61,0.5,1784231248738,1784231246017
74.65,7.5,1784231248772,1784231246058
74.68,5.5,1784231248804,1784231246088
74.70,-2.5,1784231248838,1784231246114
74.75,6.5,1784231248872,1784231246157
74.78,0.5,1784231248905,1784231246184
74.82,7.5,1784231248939,1784231246225
74.84,2.5,1784231248973,1784231246254
74.87,-2.5,1784231249006,1784231246282
74.91,5.5,1784231249039,1784231246323
74.94,-0.5,1784231249073,1784231246351
74.98,7.5,1784231249107,1784231246393
75.01,1.5,1784231249141,1784231246421
75.05,9.5,1784231249174,1784231246462
75.08,4.5,1784231249208,1784231246491
75.11,0.5,1784231249241,1784231246520
75.15,6.5,1784231249275,1784231246560
75.18,2.5,1784231249308,1784231246589
75.22,9.5,1784231249342,1784231246630
75.25,3.6,1784231249375,1784231246657
75.28,-2.4,1784231249409,1784231246685
75.32,5.6,1784231249444,1784231246728
75.35,-0.4,1784231249477,1784231246755
75.39,8.6,1784231249510,1784231246797
75.41,1.6,1784231249544,1784231246824
75.44,-2.4,1784231249577,1784231246853
75.48,3.6,1784231249611,1784231246893
75.51,-0.4,1784231249644,1784231246922
75.55,7.6,1784231249678,1784231246964
75.58,1.6,1784231249711,1784231246991
75.62,8.6,1784231249746,1784231247033
75.65,3.6,1784231249779,1784231247061
75.68,-2.4,1784231249813,1784231247089
75.72,6.6,1784231249846,1784231247131
75.75,0.6,1784231249880,1784231247159
75.79,8.6,1784231249913,1784231247200
75.82,2.6,1784231249947,1784231247228
75.85,-3.4,1784231249981,1784231247256
75.89,6.6,1784231250014,1784231247299
75.92,-1.4,1784231250048,1784231247325
75.96,7.6,1784231250081,1784231247367
75.99,-0.4,1784231250116,1784231247394
76.01,-3.4,1784231250149,1784231247424
76.05,4.6,1784231250182,1784231247465
76.08,-1.4,1784231250216,1784231247493
76.13,6.6,1784231250249,1784231247534
76.15,-0.4,1784231250283,1784231247561
76.20,10.6,1784231250316,1784231247605
76.22,3.6,1784231250350,1784231247632
76.25,-2.4,1784231250384,1784231247660
76.29,5.6,1784231250418,1784231247702
76.32,0.6,1784231250450,1784231247729
76.36,8.6,1784231250484,1784231247771
76.39,1.6,1784231250518,1784231247798
76.42,-3.4,1784231250552,1784231247827
76.46,3.6,1784231250586,1784231247868
76.49,-0.4,1784231250619,1784231247897
76.53,8.6,1784231250652,1784231247939
76.56,1.6,1784231250686,1784231247966
76.60,9.6,1784231250720,1784231248008
76.63,4.6,1784231250753,1784231248036
76.65,-2.4,1784231250787,1784231248063
76.70,6.6,1784231250820,1784231248105
76.72,0.6,1784231250854,1784231248133
76.77,8.6,1784231250887,1784231248174
76.79,2.6,1784231250921,1784231248202
76.82,-2.4,1784231250955,1784231248231
76.86,5.6,1784231250988,1784231248272
76.89,-0.4,1784231251022,1784231248300
76.93,8.6,1784231251055,1784231248342
76.96,2.6,1784231251089,1784231248370
77.00,10.6,1784231251122,1784231248411
77.03,3.6,1784231251157,1784231248439
77.06,-3.4,1784231251191,1784231248466
77.10,7.6,1784231251223,1784231248509
77.13,1.6,1784231251257,1784231248537
77.17,8.6,1784231251291,1784231248578
77.20,3.6,1784231251324,1784231248606
77.23,-1.4,1784231251358,1784231248635
77.27,5.5,1784231251392,1784231248676
77.29,0.5,1784231251425,1784231248704
77.34,8.5,1784231251459,1784231248746
77.36,3.5,1784231251492,1784231248774
77.39,-3.5,1784231251526,1784231248801
77.43,5.5,1784231251559,1784231248843
77.46,-0.5,1784231251593,1784231248871
77.50,8.5,1784231251626,1784231248913
77.53,0.5,1784231251661,1784231248940
77.57,9.5,1784231251694,1784231248982
77.60,4.5,1784231251727,1784231249010
77.63,-1.5,1784231251761,1784231249038
77.67,5.5,1784231251795,1784231249079
77.70,1.5,1784231251828,1784231249108
77.74,8.5,1784231251862,1784231249149
77.77,3.5,1784231251896,1784231249178
77.80,-3.5,1784231251930,1784231249205
77.84,5.5,1784231251963,1784231249247
77.87,0.5,1784231251996,1784231249275
77.91,8.5,1784231252030,1784231249317
77.93,2.5,1784231252063,1784231249344
77.98,10.5,1784231252097,1784231249386
78.00,4.5,1784231252132,1784231249415
78.03,-1.5,1784231252164,1784231249441
78.07,7.5,1784231252198,1784231249484
78.10,0.5,1784231252232,1784231249511
78.14,9.5,1784231252265,1784231249553
78.17,4.5,1784231252298,1784231249581
78.20,-1.5,1784231252332,1784231249609
78.24,5.5,1784231252366,1784231249650
78.27,0.5,1784231252400,1784231249679
78.31,8.5,1784231252433,1784231249720
78.34,2.5,1784231252467,1784231249748
78.37,-2.5,1784231252500,1784231249776
78.41,4.5,1784231252534,1784231249817
78.44,0.5,1784231252567,1784231249846
78.48,7.5,1784231252601,1784231249887
78.51,3.5,1784231252635,1784231249917
78.55,10.5,1784231252668,1784231249957
78.57,5.5,1784231252701,1784231249985
78.60,-1.5,1784231252735,1784231250012
78.65,7.5,1784231252769,1784231250055
78.67,0.5,1784231252803,1784231250082
78.71,8.5,1784231252836,1784231250123
78.74,3.5,1784231252870,1784231250152
78.77,-3.5,1784231252904,1784231250179
78.81,5.5,1784231252937,1784231250221
78.84,-0.5,1784231252971,1784231250249
78.88,8.5,1784231253004,1784231250291
78.91,2.5,1784231253038,1784231250319
78.95,9.5,1784231253072,1784231250360
78.98,4.5,1784231253105,1784231250388
79.01,-1.5,1784231253139,1784231250416
79.05,6.5,1784231253173,1784231250458
79.08,2.5,1784231253206,1784231250487
79.12,8.5,1784231253240,1784231250527
79.15,4.5,1784231253273,1784231250556
79.17,-2.5,1784231253306,1784231250582
79.22,6.5,1784231253340,1784231250625
79.24,-0.1,1784231253374,1784231250652
79.28,7.9,1784231253408,1784231250694
79.31,2.9,1784231253441,1784231250722
79.34,-3.1,1784231253475,1784231250750
79.38,5.9,1784231253508,1784231250792
79.41,-0.1,1784231253542,1784231250820
79.45,7.9,1784231253575,1784231250861
79.48,1.9,1784231253609,1784231250889
79.52,10.9,1784231253642,1784231250931
79.55,4.9,1784231253676,1784231250959
79.58,-2.1,1784231253710,1784231250986
79.62,5.9,1784231253744,1784231251028
79.65,0.9,1784231253778,1784231251057
79.69,8.9,1784231253811,1784231251098
79.72,2.9,1784231253844,1784231251125
79.74,-2.1,1784231253878,1784231251154
79.79,4.9,1784231253912,1784231251195
79.81,0.9,1784231253945,1784231251224
79.85,8.9,1784231253978,1784231251265
79.88,1.9,1784231254013,1784231251293
79.92,10.9,1784231254046,1784231251335
79.95,4.9,1784231254079,1784231251362
79.98,-1.1,1784231254113,1784231251390
80.02,7.9,1784231254146,1784231251432
80.05,1.9,1784231254180,1784231251460
80.09,9.9,1784231254214,1784231251502
80.12,3.9,1784231254247,1784231251529
80.15,0.9,1784231254280,1784231251559
80.19,6.9,1784231254314,1784231251599
80.22,-0.1,1784231254349,1784231251627
80.26,9.9,1784231254381,1784231251669
80.29,2.9,1784231254416,1784231251697
80.31,-2.1,1784231254449,1784231251725
80.36,5.9,1784231254483,1784231251767
80.38,-0.1,1784231254516,1784231251794
80.43,9.9,1784231254549,1784231251837
80.45,2.9,1784231254583,1784231251864
80.50,9.9,1784231254617,1784231251905
80.52,3.9,1784231254651,1784231251933
80.55,-1.1,1784231254684,1784231251961
80.59,6.9,1784231254718,1784231252003
80.62,0.9,1784231254751,1784231252030
80.66,8.9,1784231254786,1784231252073
80.69,4.9,1784231254818,1784231252101
80.72,-3.1,1784231254852,1784231252127
80.76,5.9,1784231254886,1784231252170
80.79,-0.1,1784231254920,1784231252198
80.83,8.9,1784231254953,1784231252240
80.86,2.9,1784231254987,1784231252268
80.89,-2.1,1784231255020,1784231252296
80.93,4.9,1784231255054,1784231252337
80.96,-0.1,1784231255087,1784231252365
81.00,7.9,1784231255121,1784231252407
81.02,1.9,1784231255155,1784231252435
81.07,10.9,1784231255188,1784231252477
81.09,3.9,1784231255222,1784231252504
81.12,-1.1,1784231255255,1784231252532
81.16,6.9,1784231255289,1784231252574
81.19,0.9,1784231255322,1784231252601
81.23,8.9,1784231255356,1784231252643
81.26,5.1,1784231255389,1784231252672
81.29,-2.9,1784231255424,1784231252699
81.33,6.1,1784231255457,1784231252741
81.36,1.1,1784231255490,1784231252769
81.40,9.1,1784231255524,1784231252811
81.43,2.1,1784231255558,1784231252838
81.47,10.1,1784231255592,1784231252880
81.50,5.1,1784231255624,1784231252907
81.53,0.1,1784231255658,1784231252936
81.57,9.1,1784231255692,1784231252979
81.60,2.1,1784231255725,1784231253005
81.64,9.1,1784231255759,1784231253046
81.67,4.1,1784231255794,1784231253076
81.69,-0.9,1784231255826,1784231253103
81.73,6.1,1784231255860,1784231253144
81.76,0.1,1784231255894,1784231253172
81.80,10.1,1784231255927,1784231253215
81.83,3.1,1784231255961,1784231253242
81.86,-2.9,1784231255994,1784231253269
81.90,6.1,1784231256028,1784231253312
81.93,0.1,1784231256062,1784231253340
81.97,7.1,1784231256096,1784231253381
82.00,2.1,1784231256129,1784231253409
82.04,11.1,1784231256162,1784231253451
82.07,4.1,1784231256196,1784231253478
82.10,-0.9,1784231256230,1784231253507
82.14,8.1,1784231256263,1784231253549
82.17,1.1,1784231256297,1784231253576
82.21,10.1,1784231256330,1784231253618
82.24,4.1,1784231256364,1784231253646
82.26,-0.9,1784231256397,1784231253674
82.31,7.1,1784231256431,1784231253716
82.33,0.1,1784231256465,1784231253743
82.38,8.1,1784231256499,1784231253785
82.40,3.1,1784231256532,1784231253813
82.45,11.1,1784231256566,1784231253855
82.47,4.1,1784231256600,1784231253882
82.50,-0.9,1784231256633,1784231253910
82.54,9.1,1784231256666,1784231253953
82.57,1.1,1784231256700,1784231253979
82.61,10.1,1784231256733,1784231254021
82.64,4.1,1784231256767,1784231254049
82.67,-1.9,1784231256801,1784231254077
82.71,7.1,1784231256834,1784231254119
82.74,2.1,1784231256868,1784231254148
82.78,9.1,1784231256902,1784231254189
82.81,3.1,1784231256935,1784231254216
82.84,-1.9,1784231256969,1784231254245
82.88,5.1,1784231257003,1784231254286
82.90,-0.9,1784231257036,1784231254313
82.95,9.1,1784231257069,1784231254356
82.97,2.1,1784231257103,1784231254383
83.02,12.1,1784231257136,1784231254426
83.04,5.1,1784231257170,1784231254453
83.07,0.1,1784231257204,1784231254482
83.11,7.1,1784231257238,1784231254523
83.14,4.1,1784231257271,1784231254553
83.18,10.1,1784231257305,1784231254593
83.21,4.1,1784231257338,1784231254620
83.24,-0.9,1784231257372,1784231254649
83.28,6.4,1784231257406,1784231254690
83.31,0.4,1784231257440,1784231254718
83.35,9.4,1784231257472,1784231254759
83.38,3.4,1784231257506,1784231254787
83.41,-1.6,1784231257540,1784231254816
83.45,5.4,1784231257574,1784231254857
83.47,0.4,1784231257607,1784231254885
83.52,8.4,1784231257640,1784231254926
83.55,2.4,1784231257675,1784231254955
83.59,11.4,1784231257708,1784231254997
83.61,3.4,1784231257743,1784231255024
83.64,-0.6,1784231257775,1784231255052
83.68,5.4,1784231257809,1784231255092
83.71,1.4,1784231257842,1784231255121
83.75,9.4,1784231257876,1784231255163
83.78,4.4,1784231257909,1784231255191
83.81,-1.6,1784231257943,1784231255219
83.85,5.4,1784231257977,1784231255260
83.88,0.4,1784231258010,1784231255288
83.92,8.4,1784231258044,1784231255330
83.95,3.4,1784231258077,1784231255358
83.99,11.4,1784231258111,1784231255400
84.02,4.4,1784231258145,1784231255427
84.05,-0.6,1784231258179,1784231255456
84.09,7.4,1784231258212,1784231255497
84.12,1.4,1784231258246,1784231255525
84.14,-2.6,1784231258279,1784231255554
84.19,4.4,1784231258312,1784231255594
84.21,-1.6,1784231258346,1784231255622
84.25,6.4,1784231258380,1784231255664
84.28,1.4,1784231258413,1784231255692
84.32,9.4,1784231258447,1784231255734
84.35,3.4,1784231258481,1784231255762
84.38,-0.6,1784231258513,1784231255790
84.42,5.4,1784231258548,1784231255831
84.45,-0.6,1784231258582,1784231255859
84.49,8.4,1784231258616,1784231255902
84.52,2.4,1784231258649,1784231255929
84.55,-1.6,1784231258682,1784231255958
84.59,5.4,1784231258716,1784231255999
84.62,-1.6,1784231258750,1784231256026
84.66,8.4,1784231258783,1784231256069
84.69,0.4,1784231258817,1784231256095
84.73,9.4,1784231258851,1784231256138
84.76,3.4,1784231258884,1784231256165
84.78,-1.6,1784231258917,1784231256193
84.83,6.4,1784231258951,1784231256235
84.85,2.4,1784231258984,1784231256264
84.89,8.4,1784231259018,1784231256304
84.92,3.4,1784231259052,1784231256333
84.96,10.4,1784231259086,1784231256374
84.99,4.4,1784231259120,1784231256402
85.02,-0.6,1784231259152,1784231256429
85.06,7.4,1784231259186,1784231256471
85.09,2.4,1784231259220,1784231256500
85.13,9.4,1784231259254,1784231256541
85.16,4.4,1784231259287,1784231256569
85.19,-1.6,1784231259321,1784231256597
85.23,6.4,1784231259355,1784231256639
85.26,2.1,1784231259388,1784231256668
85.30,8.1,1784231259422,1784231256708
85.33,2.1,1784231259456,1784231256736
85.35,-1.9,1784231259488,1784231256764
85.40,6.1,1784231259522,1784231256806
85.42,1.1,1784231259555,1784231256834
85.47,9.1,1784231259589,1784231256876
85.49,1.1,1784231259624,1784231256903
85.54,11.1,1784231259657,1784231256946
85.56,5.1,1784231259691,1784231256974
85.59,-0.9,1784231259724,1784231257001
85.63,6.1,1784231259758,1784231257042
85.66,1.1,1784231259791,1784231257070
85.70,10.1,1784231259824,1784231257112
85.73,4.1,1784231259858,1784231257140
85.76,-2.9,1784231259892,1784231257167
85.80,6.1,1784231259926,1784231257210
85.83,1.1,1784231259959,1784231257238
85.87,8.1,1784231259993,1784231257279
85.90,3.1,1784231260026,1784231257307
85.92,-1.9,1784231260059,1784231257335
85.97,6.1,1784231260093,1784231257377
86.00,1.1,1784231260126,1784231257405
86.04,7.1,1784231260161,1784231257446
86.06,1.1,1784231260195,1784231257474
86.11,11.1,1784231260227,1784231257516
86.13,3.1,1784231260263,1784231257544
86.16,-0.9,1784231260295,1784231257572
86.20,6.1,1784231260329,1784231257613
86.23,1.1,1784231260362,1784231257641
86.27,9.1,1784231260396,1784231257683
86.30,4.1,1784231260429,1784231257711
86.33,-0.9,1784231260462,1784231257739
86.37,6.1,1784231260497,1784231257781
86.40,1.1,1784231260529,1784231257808
86.44,7.1,1784231260564,1784231257849
86.47,3.1,1784231260597,1784231257878
86.50,-2.9,1784231260631,1784231257906
86.54,6.1,1784231260665,1784231257949
86.57,-0.9,1784231260698,1784231257975
86.61,8.1,1784231260732,1784231258018
86.64,1.1,1784231260766,1784231258045
86.68,8.1,1784231260800,1784231258086
86.71,4.1,1784231260833,1784231258115
86.73,-3.9,1784231260867,1784231258141
86.77,6.1,1784231260900,1784231258184
86.80,0.1,1784231260933,1784231258211
86.85,10.1,1784231260967,1784231258255
86.87,4.1,1784231261000,1784231258282
86.91,11.1,1784231261034,1784231258323
86.94,6.1,1784231261067,1784231258351
86.97,-0.9,1784231261102,1784231258379
87.01,8.1,1784231261135,1784231258421
87.04,2.1,1784231261169,1784231258449
87.08,10.1,1784231261202,1784231258490
87.11,5.1,1784231261236,1784231258519
87.14,-0.9,1784231261269,1784231258546
87.18,7.1,1784231261303,1784231258588
87.21,0.1,1784231261337,1784231258615
87.25,9.1,1784231261370,1784231258657
87.28,5.2,1784231261403,1784231258686
87.30,-2.8,1784231261437,1784231258712
87.35,7.2,1784231261471,1784231258756
87.37,0.2,1784231261504,1784231258782
87.42,9.2,1784231261538,1784231258825
87.44,2.2,1784231261572,1784231258852
87.47,-2.8,1784231261605,1784231258880
87.51,6.2,1784231261638,1784231258922
87.54,0.2,1784231261672,1784231258950
87.58,6.2,1784231261707,1784231258991
87.61,1.2,1784231261740,1784231259019
87.65,10.2,1784231261773,1784231259061
87.68,4.2,1784231261807,1784231259089
87.72,11.2,1784231261842,1784231259131
87.75,7.2,1784231261874,1784231259159
87.78,1.2,1784231261908,1784231259187
87.82,8.2,1784231261941,1784231259227
87.85,4.2,1784231261975,1784231259257
87.87,-2.8,1784231262008,1784231259283
87.92,6.2,1784231262042,1784231259326
87.94,-0.8,1784231262076,1784231259353
87.99,8.2,1784231262109,1784231259395
88.01,1.2,1784231262143,1784231259422
88.06,11.2,1784231262176,1784231259465
88.08,5.2,1784231262210,1784231259493
88.11,-1.8,1784231262244,1784231259520
88.15,7.2,1784231262277,1784231259562
88.18,1.2,1784231262311,1784231259590
88.22,10.2,1784231262344,1784231259632
88.25,4.2,1784231262378,1784231259660
88.28,-1.8,1784231262412,1784231259688
88.32,6.2,1784231262445,1784231259729
88.35,0.2,1784231262479,1784231259757
88.39,9.2,1784231262512,1784231259799
88.42,2.2,1784231262546,1784231259826
88.45,-2.8,1784231262580,1784231259855
88.49,6.2,1784231262612,1784231259896
88.51,-0.8,1784231262647,1784231259924
88.56,7.2,1784231262681,1784231259966
88.58,2.2,1784231262714,1784231259994
88.63,10.2,1784231262747,1784231260035
88.65,4.2,1784231262781,1784231260063
88.68,-1.8,1784231262815,1784231260091
88.72,7.2,1784231262848,1784231260133
88.75,0.2,1784231262883,1784231260161
88.79,10.2,1784231262915,1784231260203
88.82,4.2,1784231262949,1784231260231
88.85,-2.8,1784231262983,1784231260258
88.89,6.2,1784231263016,1784231260300
88.92,-0.8,1784231263051,1784231260328
88.96,9.2,1784231263083,1784231260370
88.99,2.2,1784231263117,1784231260397
89.03,10.2,1784231263151,1784231260439
89.06,5.2,1784231263184,1784231260467
89.09,-0.8,1784231263218,1784231260495
89.13,8.2,1784231263251,1784231260537
89.16,2.2,1784231263285,1784231260565
89.20,10.2,1784231263319,1784231260607
89.22,3.2,1784231263353,1784231260634
89.25,-1.8,1784231263386,1784231260662
89.29,5.5,1784231263421,1784231260704
89.32,1.5,1784231263453,1784231260732
89.36,8.5,1784231263487,1784231260773
89.39,3.5,1784231263520,1784231260801
89.43,10.5,1784231263554,1784231260842
89.46,6.5,1784231263587,1784231260871
89.49,-1.5,1784231263622,1784231260898
89.53,7.5,1784231263655,1784231260940
89.56,1.5,1784231263688,1784231260967
89.60,9.5,1784231263722,1784231261009
89.63,5.5,1784231263755,1784231261038
89.66,-2.5,1784231263790,1784231261065
89.70,6.5,1784231263823,1784231261107
89.73,1.5,1784231263856,1784231261135
89.77,8.5,1784231263890,1784231261176
89.80,4.5,1784231263923,1784231261205
89.82,-2.5,1784231263957,1784231261232
89.87,6.5,1784231263991,1784231261275
89.89,0.5,1784231264024,1784231261302
89.93,9.5,1784231264057,1784231261344
89.96,2.5,1784231264092,1784231261372
89.99,-2.5,1784231264125,1784231261400
90.03,4.5,1784231264159,1784231261441
90.06,-2.5,1784231264194,1784231261469
90.10,7.5,1784231264226,1784231261511
90.13,1.5,1784231264260,1784231261539
90.17,9.5,1784231264293,1784231261580
90.20,4.5,1784231264326,1784231261608
90.23,-1.5,1784231264360,1784231261636
90.27,8.5,1784231264393,1784231261679
90.30,-0.5,1784231264428,1784231261705
90.34,8.5,1784231264461,1784231261747
90.37,2.5,1784231264495,1784231261775
90.39,-2.5,1784231264528,1784231261803
90.44,6.5,1784231264561,1784231261845
90.46,0.5,1784231264595,1784231261873
90.50,6.5,1784231264630,1784231261914
90.53,2.5,1784231264662,1784231261942
90.57,9.5,1784231264697,1784231261984
90.60,4.5,1784231264730,1784231262012
90.63,-1.5,1784231264764,1784231262040
90.67,6.5,1784231264797,1784231262081
90.70,0.5,1784231264831,1784231262109
90.74,8.5,1784231264865,1784231262151
90.77,3.5,1784231264898,1784231262179
90.80,-2.5,1784231264932,1784231262207
90.84,5.5,1784231264965,1784231262248
90.87,0.5,1784231264999,1784231262277
90.91,8.5,1784231265032,1784231262318
90.94,3.5,1784231265065,1784231262346
90.96,-2.5,1784231265099,1784231262374
91.01,5.5,1784231265133,1784231262416
91.03,-1.5,1784231265167,1784231262443
91.08,8.5,1784231265200,1784231262486
91.10,2.5,1784231265234,1784231262514
91.15,10.5,1784231265268,1784231262556
91.17,4.5,1784231265301,1784231262583
91.20,-1.5,1784231265335,1784231262611
91.24,6.5,1784231265368,1784231262652
91.27,0.6,1784231265402,1784231262680
91.31,9.6,1784231265435,1784231262722
91.34,3.6,1784231265469,1784231262750
91.37,-0.4,1784231265502,1784231262779
91.41,6.6,1784231265536,1784231262820
91.44,-0.4,1784231265570,1784231262847
91.48,7.6,1784231265604,1784231262889
91.51,2.6,1784231265637,1784231262917
91.54,-2.4,1784231265670,1784231262945
91.58,5.6,1784231265704,1784231262987
91.61,-0.4,1784231265738,1784231263015
91.65,8.6,1784231265771,1784231263057
91.68,1.6,1784231265805,1784231263084
91.72,11.6,1784231265838,1784231263127
91.74,2.6,1784231265873,1784231263153
91.77,-0.4,1784231265906,1784231263183
91.81,7.6,1784231265939,1784231263224
91.84,0.6,1784231265973,1784231263251
91.88,8.6,1784231266006,1784231263292
91.91,3.6,1784231266040,1784231263321
91.94,-3.4,1784231266074,1784231263348
91.98,5.6,1784231266107,1784231263390
92.01,0.6,1784231266141,1784231263419
92.05,7.6,1784231266175,1784231263460
92.08,3.6,1784231266208,1784231263489
92.12,9.6,1784231266242,1784231263529
92.15,4.6,1784231266276,1784231263558
92.18,-0.4,1784231266309,1784231263586
92.22,9.6,1784231266342,1784231263629
92.25,2.6,1784231266376,1784231263656
92.29,9.6,1784231266410,1784231263697
92.32,3.6,1784231266444,1784231263725
92.34,-1.4,1784231266477,1784231263753
92.38,6.6,1784231266510,1784231263794
92.41,1.6,1784231266544,1784231263823
92.45,8.6,1784231266578,1784231263864
92.48,3.6,1784231266611,1784231263892
92.51,-1.4,1784231266645,1784231263921
92.55,5.6,1784231266678,1784231263961
92.58,0.6,1784231266712,1784231263990
92.62,8.6,1784231266746,1784231264032
92.65,1.6,1784231266780,1784231264059
92.69,10.6,1784231266813,1784231264101
92.72,5.6,1784231266846,1784231264129
92.75,-0.4,1784231266880,1784231264157
92.79,7.6,1784231266914,1784231264199
92.82,2.6,1784231266947,1784231264227
92.86,11.6,1784231266980,1784231264269
92.89,4.6,1784231267014,1784231264296
92.91,-1.4,1784231267048,1784231264324
92.96,7.6,1784231267081,1784231264366
92.98,1.6,1784231267115,1784231264394
93.03,8.6,1784231267149,1784231264435
93.05,2.6,1784231267183,1784231264463
93.08,-2.4,1784231267216,1784231264491
93.12,6.6,1784231267250,1784231264534
93.15,-1.4,1784231267284,1784231264560
93.19,6.6,1784231267318,1784231264602
93.22,1.6,1784231267351,1784231264630
93.26,9.6,1784231267385,1784231264672
93.29,5.5,1784231267417,1784231264700
93.32,-1.5,1784231267451,1784231264727
93.36,6.5,1784231267485,1784231264769
93.39,1.5,1784231267519,1784231264798
93.43,8.5,1784231267553,1784231264839
93.46,4.5,1784231267585,1784231264867
93.48,-2.5,1784231267619,1784231264894
93.53,5.5,1784231267653,1784231264936
93.56,1.5,1784231267686,1784231264965
93.60,6.5,1784231267721,1784231265005
93.62,2.5,1784231267753,1784231265033
93.67,10.5,1784231267787,1784231265075
93.69,4.5,1784231267821,1784231265103
93.72,-0.5,1784231267854,1784231265131
93.76,8.5,1784231267888,1784231265174
93.79,1.5,1784231267922,1784231265201
93.83,9.5,1784231267955,1784231265242
93.86,4.5,1784231267988,1784231265270
93.89,-1.5,1784231268022,1784231265298
93.93,7.5,1784231268055,1784231265340
93.96,0.5,1784231268090,1784231265368
94.00,8.5,1784231268124,1784231265410
94.03,3.5,1784231268157,1784231265438
94.06,-1.5,1784231268190,1784231265466
94.10,5.5,1784231268224,1784231265507
94.13,-0.5,1784231268258,1784231265535
94.17,7.5,1784231268292,1784231265577
94.20,3.5,1784231268324,1784231265605
94.24,11.5,1784231268358,1784231265647
94.27,5.5,1784231268392,1784231265675
94.29,0.5,1784231268425,1784231265703
94.33,6.5,1784231268460,1784231265744
94.36,1.5,1784231268492,1784231265771
94.40,9.5,1784231268526,1784231265813
94.43,4.5,1784231268560,1784231265842
94.46,-1.5,1784231268594,1784231265870
94.50,6.5,1784231268627,1784231265911
94.53,0.5,1784231268661,1784231265939
94.57,10.5,1784231268694,1784231265982
94.60,3.5,1784231268728,1784231266009
94.63,-3.5,1784231268762,1784231266036
94.67,5.5,1784231268795,1784231266078
94.70,-0.5,1784231268829,1784231266106
94.74,10.5,1784231268862,1784231266150
94.77,1.5,1784231268896,1784231266175
94.81,9.5,1784231268930,1784231266217
94.84,4.5,1784231268963,1784231266245
94.86,-0.5,1784231268996,1784231266273
94.90,6.5,1784231269030,1784231266314
94.93,1.5,1784231269064,1784231266343
94.97,9.5,1784231269098,1784231266385
95.00,2.5,1784231269131,1784231266411
95.03,-2.5,1784231269165,1784231266440
95.07,4.5,1784231269200,1784231266482
95.10,0.5,1784231269232,1784231266510
95.14,7.5,1784231269266,1784231266551
95.17,3.5,1784231269299,1784231266580
95.20,-3.5,1784231269333,1784231266607
95.24,5.5,1784231269366,1784231266649
95.27,0.5,1784231269400,1784231266678
95.31,7.7,1784231269434,1784231266719
95.34,2.7,1784231269467,1784231266747
95.38,9.7,1784231269500,1784231266787
95.41,3.7,1784231269535,1784231266816
95.43,-1.3,1784231269568,1784231266844
95.48,7.7,1784231269601,1784231266886
95.50,0.7,1784231269635,1784231266913
95.55,10.7,1784231269668,1784231266956
95.57,4.7,1784231269702,1784231266984
95.62,10.7,1784231269736,1784231267024
95.64,5.7,1784231269769,1784231267052
95.67,-0.3,1784231269803,1784231267080
95.71,7.7,1784231269837,1784231267122
95.74,2.7,1784231269870,1784231267150
95.78,9.7,1784231269904,1784231267191
95.81,4.7,1784231269937,1784231267219
95.84,-1.3,1784231269971,1784231267247
95.88,6.7,1784231270005,1784231267289
95.91,1.7,1784231270038,1784231267317
95.95,9.7,1784231270072,1784231267359
95.98,5.7,1784231270105,1784231267388
96.00,-2.3,1784231270139,1784231267414
96.05,7.7,1784231270172,1784231267457
96.07,0.7,1784231270206,1784231267484
96.12,8.7,1784231270240,1784231267526
96.14,2.7,1784231270274,1784231267554
96.17,-3.3,1784231270307,1784231267581
96.21,5.7,1784231270340,1784231267623
96.24,0.7,1784231270374,1784231267652
96.28,7.7,1784231270408,1784231267693
96.31,1.7,1784231270442,1784231267721
96.35,9.7,1784231270475,1784231267762
96.38,4.7,1784231270509,1784231267791
96.41,-2.3,1784231270543,1784231267818
96.45,6.7,1784231270576,1784231267860
96.48,0.7,1784231270610,1784231267888
96.52,9.7,1784231270643,1784231267930
96.55,2.7,1784231270677,1784231267957
96.58,-2.3,1784231270710,1784231267985
96.62,5.7,1784231270744,1784231268027
96.65,1.7,1784231270777,1784231268056
96.69,8.7,1784231270811,1784231268097
96.72,3.7,1784231270844,1784231268125
96.76,10.7,1784231270879,1784231268167
96.79,5.7,1784231270912,1784231268195
96.81,0.7,1784231270945,1784231268223
96.85,7.7,1784231270979,1784231268264
96.88,1.7,1784231271013,1784231268292
96.92,10.7,1784231271046,1784231268334
96.95,3.7,1784231271080,1784231268361
96.98,-1.3,1784231271113,1784231268389
97.02,6.7,1784231271147,1784231268431
97.05,1.7,1784231271180,1784231268459
97.09,10.7,1784231271214,1784231268502
97.12,2.7,1784231271248,1784231268528
97.15,-2.3,1784231271281,1784231268556
97.19,4.7,1784231271315,1784231268597
97.22,0.7,1784231271348,1784231268626
97.26,9.7,1784231271382,1784231268669
97.29,3.8,1784231271415,1784231268696
97.33,11.8,1784231271449,1784231268738
97.36,5.8,1784231271483,1784231268766
97.38,-1.2,1784231271517,1784231268793
97.43,6.8,1784231271551,1784231268835
97.45,1.8,1784231271584,1784231268863
97.49,10.8,1784231271617,1784231268905
97.52,3.8,1784231271651,1784231268932
97.55,-2.2,1784231271685,1784231268960
97.59,6.8,1784231271718,1784231269002
97.62,1.8,1784231271751,1784231269030
97.66,8.8,1784231271786,1784231269072
97.69,3.8,1784231271819,1784231269100
97.73,9.8,1784231271854,1784231269141
97.76,4.8,1784231271887,1784231269169
97.79,-1.2,1784231271921,1784231269197
97.83,8.8,1784231271953,1784231269239
97.86,1.8,1784231271987,1784231269266
97.90,10.8,1784231272020,1784231269308
97.93,4.8,1784231272054,1784231269336
97.96,0.8,1784231272087,1784231269365
98.00,7.8,1784231272121,1784231269406
98.02,3.8,1784231272154,1784231269435
98.07,9.8,1784231272189,1784231269476
98.09,3.8,1784231272222,1784231269503
98.14,12.8,1784231272256,1784231269546
98.16,6.8,1784231272290,1784231269574
98.19,0.8,1784231272323,1784231269601
98.23,7.8,1784231272357,1784231269642
98.26,2.8,1784231272390,1784231269670
98.30,10.8,1784231272424,1784231269712
98.33,5.8,1784231272457,1784231269740
98.36,-2.2,1784231272492,1784231269767
98.40,6.8,1784231272525,1784231269809
98.43,0.8,1784231272559,1784231269837
98.47,9.8,1784231272593,1784231269880
98.50,2.8,1784231272627,1784231269907
98.53,-2.2,1784231272659,1784231269934
98.57,7.8,1784231272692,1784231269977
98.59,1.8,1784231272726,1784231270005
98.64,8.8,1784231272760,1784231270046
98.66,3.8,1784231272793,1784231270074
98.69,-2.2,1784231272827,1784231270102
98.73,6.8,1784231272860,1784231270144
98.76,0.8,1784231272894,1784231270172
98.80,6.8,1784231272928,1784231270212
98.83,3.8,1784231272961,1784231270242
98.86,-2.2,1784231272994,1784231270269
98.90,3.8,1784231273029,1784231270310
98.93,-2.2,1784231273063,1784231270338
98.97,5.8,1784231273097,1784231270380
99.00,0.8,1784231273130,1784231270408
99.04,8.8,1784231273164,1784231270450
99.07,2.8,1784231273198,1784231270478
99.10,-1.2,1784231273230,1784231270506
99.14,5.8,1784231273264,1784231270547
99.17,-0.2,1784231273298,1784231270575
99.21,8.8,1784231273331,1784231270617
99.24,2.8,1784231273365,1784231270645
99.26,-2.2,1784231273398,1784231270673
99.30,6.0,1784231273432,1784231270715
99.33,0.0,1784231273465,1784231270742
99.37,9.0,1784231273498,1784231270784
99.40,2.0,1784231273533,1784231270812
99.44,11.0,1784231273566,1784231270854
99.47,4.0,1784231273600,1784231270881
99.50,-1.0,1784231273633,1784231270909
99.54,7.0,1784231273667,1784231270951
99.57,1.0,1784231273701,1784231270979
99.61,9.0,1784231273734,1784231271020
99.64,5.0,1784231273768,1784231271050
99.67,-2.0,1784231273801,1784231271076
99.71,6.0,1784231273835,1784231271118
99.74,-2.0,1784231273871,1784231271146
99.78,7.0,1784231273904,1784231271188
99.81,0.0,1784231273938,1784231271215
99.85,10.0,1784231273970,1784231271257
99.88,5.0,1784231274004,1784231271286
99.92,13.0,1784231274037,1784231271327
99.94,7.0,1784231274071,1784231271355
99.97,1.0,1784231274104,1784231271382
100.01,8.0,1784231274139,1784231271424
100.04,3.0,1784231274172,1784231271452
100.07,-1.0,1784231274204,1784231271480
100.11,8.0,1784231274237,1784231271522
100.14,5.0,1784231274271,1784231271553
100.18,10.0,1784231274305,1784231271592
100.21,4.0,1784231274339,1784231271620
100.24,-2.0,1784231274372,1784231271647
100.28,6.0,1784231274406,1784231271689
100.31,1.0,1784231274440,1784231271718
100.35,9.0,1784231274473,1784231271759
100.38,2.0,1784231274507,1784231271786
100.42,10.0,1784231274540,1784231271827
100.45,4.0,1784231274574,1784231271855
100.47,-1.0,1784231274607,1784231271883
100.52,7.0,1784231274641,1784231271925
100.54,3.0,1784231274674,1784231271954
100.59,10.0,1784231274709,1784231271996
100.61,4.0,1784231274742,1784231272023
100.64,0.0,1784231274776,1784231272053
100.68,6.0,1784231274809,1784231272092
100.71,0.0,1784231274843,1784231272120
100.75,8.0,1784231274877,1784231272162
100.78,3.0,1784231274909,1784231272189
100.82,10.0,1784231274944,1784231272231
100.85,5.0,1784231274977,1784231272259
100.88,-1.0,1784231275011,1784231272287
100.92,8.0,1784231275044,1784231272329
100.95,2.0,1784231275078,1784231272357
100.99,10.0,1784231275111,1784231272398
101.02,5.0,1784231275145,1784231272427
101.04,-2.0,1784231275178,1784231272453
101.09,7.0,1784231275212,1784231272496
101.11,1.0,1784231275246,1784231272524
101.14,-3.0,1784231275280,1784231272554
101.18,2.0,1784231275313,1784231272592
101.21,-2.0,1784231275346,1784231272621
101.25,5.0,1784231275381,1784231272663
101.28,-1.0,1784231275414,1784231272690
101.32,7.3,1784231275448,1784231272732
101.35,2.3,1784231275481,1784231272760
101.40,14.3,1784231275514,1784231272805
101.42,5.3,1784231275548,1784231272830
101.45,0.3,1784231275581,1784231272858
101.49,6.3,1784231275616,1784231272899
101.52,2.3,1784231275649,1784231272928
101.56,9.3,1784231275683,1784231272969
101.59,4.3,1784231275716,1784231272997
101.62,-0.7,1784231275750,1784231273026
101.66,5.3,1784231275784,1784231273066
101.68,1.3,1784231275817,1784231273095
101.73,9.3,1784231275850,1784231273136
101.75,2.3,1784231275885,1784231273164
101.80,11.3,1784231275918,1784231273206
101.82,5.3,1784231275951,1784231273233
101.85,-0.7,1784231275985,1784231273261
101.90,10.3,1784231276019,1784231273306
101.92,2.3,1784231276052,1784231273331
101.96,9.3,1784231276086,1784231273372
101.99,4.3,1784231276119,1784231273400
102.02,1.3,1784231276153,1784231273431
102.05,1.3,1784231276186,1784231273464
102.09,4.3,1784231276220,1784231273501
102.12,-1.7,1784231276254,1784231273529
102.18,21.3,1784231276287,1784231273585
102.19,0.3,1784231276321,1784231273598
102.24,15.3,1784231276355,1784231273647
102.26,0.3,1784231276388,1784231273665
102.30,9.3,1784231276421,1784231273707
102.32,2.3,1784231276455,1784231273734
102.37,10.3,1784231276489,1784231273776
102.40,7.3,1784231276523,1784231273807
102.42,-0.7,1784231276556,1784231273832
102.46,5.3,1784231276591,1784231273873
102.49,1.3,1784231276624,1784231273902
102.53,9.3,1784231276657,1784231273943
102.56,3.3,1784231276691,1784231273971
102.60,11.3,1784231276725,1784231274013
102.63,6.3,1784231276758,1784231274041
102.66,4.3,1784231276791,1784231274072
102.70,10.3,1784231276825,1784231274112
102.73,3.3,1784231276859,1784231274139
102.76,-2.7,1784231276892,1784231274166
102.80,6.3,1784231276926,1784231274209
102.83,-0.7,1784231276960,1784231274236
102.87,9.3,1784231276993,1784231274279
102.90,1.3,1784231277027,1784231274305
102.94,10.3,1784231277060,1784231274347
102.97,4.3,1784231277094,1784231274375
102.99,-1.7,1784231277127,1784231274402
103.03,6.3,1784231277161,1784231274444
103.06,2.3,1784231277194,1784231274473
103.10,9.3,1784231277229,1784231274515
103.13,3.3,1784231277262,1784231274542
103.16,0.3,1784231277295,1784231274572
103.20,4.3,1784231277329,1784231274610
103.23,0.3,1784231277362,1784231274639
103.27,8.3,1784231277396,1784231274681
103.30,1.3,1784231277430,1784231274708
103.34,11.3,1784231277463,1784231274751
103.37,3.3,1784231277498,1784231274778
103.40,0.3,1784231277531,1784231274808
103.44,6.3,1784231277565,1784231274848
103.47,1.3,1784231277597,1784231274875
103.51,8.3,1784231277632,1784231274917
103.54,4.3,1784231277665,1784231274946
103.56,-0.7,1784231277698,1784231274974
103.61,7.3,1784231277732,1784231275016
103.63,0.3,1784231277766,1784231275043
103.67,-0.7,1784231277799,1784231275075
103.70,4.3,1784231277833,1784231275114
103.74,11.3,1784231277866,1784231275154
103.77,3.3,1784231277901,1784231275181
103.80,-0.7,1784231277934,1784231275210
103.84,8.3,1784231277967,1784231275252
103.87,1.3,1784231278001,1784231275279
103.92,13.3,1784231278035,1784231275325
103.94,4.3,1784231278068,1784231275349
103.97,-1.7,1784231278102,1784231275377
104.01,6.3,1784231278136,1784231275419
104.04,1.3,1784231278169,1784231275447
104.08,9.3,1784231278203,1784231275489
104.11,3.3,1784231278236,1784231275516
104.15,11.3,1784231278270,1784231275558
104.18,5.3,1784231278304,1784231275586
104.20,0.3,1784231278337,1784231275614
104.25,8.3,1784231278370,1784231275655
104.27,1.3,1784231278405,1784231275683
104.32,10.3,1784231278438,1784231275725
104.34,6.3,1784231278471,1784231275754
104.37,-0.7,1784231278505,1784231275781
104.42,11.3,1784231278538,1784231275826
104.44,2.3,1784231278572,1784231275851
104.48,9.3,1784231278606,1784231275892
104.51,3.3,1784231278640,1784231275920
104.54,-1.7,1784231278673,1784231275948
104.58,7.3,1784231278706,1784231275990
104.61,0.3,1784231278740,1784231276017
104.65,10.3,1784231278773,1784231276060
104.68,3.3,1784231278807,1784231276087
104.72,12.3,1784231278841,1784231276130
104.75,6.3,1784231278874,1784231276157
104.78,-0.7,1784231278908,1784231276184
104.82,7.3,1784231278943,1784231276227
104.85,4.3,1784231278975,1784231276256
104.89,10.3,1784231279009,1784231276296
104.92,8.3,1784231279042,1784231276327
104.94,-0.7,1784231279076,1784231276352
104.98,7.3,1784231279110,1784231276394
105.01,1.3,1784231279144,1784231276422
105.05,10.3,1784231279176,1784231276463
105.08,2.3,1784231279211,1784231276490
105.11,-1.7,1784231279244,1784231276519
105.15,6.3,1784231279278,1784231276561
105.18,1.3,1784231279311,1784231276589
105.22,8.3,1784231279345,1784231276630
105.25,3.3,1784231279379,1784231276659
105.28,-2.7,1784231279412,1784231276686
105.32,6.2,1784231279445,1784231276728
105.35,0.2,1784231279479,1784231276756
105.39,7.2,1784231279513,1784231276797
105.42,6.2,1784231279546,1784231276829
105.46,11.2,1784231279579,1784231276867
105.49,5.2,1784231279613,1784231276895
105.51,-0.8,1784231279647,1784231276923
105.56,8.2,1784231279680,1784231276965
105.58,0.2,1784231279715,1784231276992
105.62,8.2,1784231279749,1784231277034
105.65,3.2,1784231279782,1784231277062
105.68,-2.8,1784231279816,1784231277090
105.72,7.2,1784231279848,1784231277132
105.75,1.2,1784231279882,1784231277160
105.79,8.2,1784231279916,1784231277201
105.82,2.2,1784231279950,1784231277229
105.86,9.2,1784231279984,1784231277270
105.89,4.2,1784231280018,1784231277299
105.92,1.2,1784231280050,1784231277328
105.96,7.2,1784231280084,1784231277368
105.99,4.2,1784231280117,1784231277398
106.03,10.2,1784231280151,1784231277438
106.06,4.2,1784231280185,1784231277466
106.08,-0.8,1784231280219,1784231277495
106.13,6.2,1784231280252,1784231277535
106.15,1.2,1784231280285,1784231277563
106.20,9.2,1784231280319,1784231277605
106.22,3.2,1784231280353,1784231277633
106.26,11.2,1784231280386,1784231277674
106.29,6.2,1784231280420,1784231277703
106.32,-0.8,1784231280454,1784231277730
106.36,8.2,1784231280487,1784231277772
106.39,3.2,1784231280521,1784231277801
106.42,-0.8,1784231280554,1784231277830
106.46,5.2,1784231280588,1784231277870
106.49,-0.8,1784231280622,1784231277898
106.53,6.2,1784231280656,1784231277939
106.56,1.2,1784231280689,1784231277967
106.60,10.2,1784231280722,1784231278009
106.63,4.2,1784231280756,1784231278037
106.66,-1.8,1784231280790,1784231278065
106.70,7.2,1784231280823,1784231278107
106.72,0.2,1784231280857,1784231278134
106.77,9.2,1784231280890,1784231278176
106.79,3.2,1784231280925,1784231278205
106.84,11.2,1784231280958,1784231278246
106.86,5.2,1784231280991,1784231278273
106.89,-0.8,1784231281025,1784231278301
106.93,7.2,1784231281058,1784231278342
106.96,2.2,1784231281092,1784231278371
107.00,11.2,1784231281125,1784231278413
107.03,4.2,1784231281159,1784231278440
107.06,-0.8,1784231281193,1784231278469
107.10,6.2,1784231281227,1784231278510
107.13,2.2,1784231281260,1784231278539
107.17,11.2,1784231281293,1784231278581
107.20,3.2,1784231281327,1784231278607
107.23,-2.8,1784231281361,1784231278635
107.27,7.2,1784231281394,1784231278678
107.30,0.2,1784231281429,1784231278706
107.34,8.3,1784231281462,1784231278747
107.37,2.3,1784231281496,1784231278775
107.39,-2.7,1784231281529,1784231278803
107.43,5.3,1784231281562,1784231278844
107.46,-0.7,1784231281596,1784231278872
107.50,7.3,1784231281630,1784231278914
107.53,0.3,1784231281664,1784231278941
107.57,10.3,1784231281697,1784231278984
107.60,3.3,1784231281731,1784231279011
107.63,-1.7,1784231281764,1784231279039
107.67,8.3,1784231281797,1784231279082
107.70,1.3,1784231281831,1784231279109
107.74,8.3,1784231281865,1784231279150
107.77,3.3,1784231281899,1784231279179
107.80,-2.7,1784231281932,1784231279206
107.84,7.3,1784231281965,1784231279249
107.87,-0.7,1784231281999,1784231279275
107.91,9.3,1784231282032,1784231279318
107.94,2.3,1784231282066,1784231279345
107.98,11.3,1784231282100,1784231279388
108.01,6.3,1784231282133,1784231279416
108.03,-1.7,1784231282168,1784231279443
108.08,7.3,1784231282201,1784231279485
108.10,2.3,1784231282234,1784231279513
108.15,11.3,1784231282267,1784231279555
108.18,7.3,1784231282301,1784231279585
108.20,-1.7,1784231282335,1784231279610
108.24,6.3,1784231282369,1784231279652
108.27,0.3,1784231282402,1784231279679
108.31,9.3,1784231282436,1784231279722
108.34,2.3,1784231282470,1784231279749
108.37,-2.7,1784231282504,1784231279778
108.41,6.3,1784231282536,1784231279819
108.44,1.3,1784231282570,1784231279848
108.48,7.3,1784231282604,1784231279888
108.51,2.3,1784231282637,1784231279916
108.55,10.3,1784231282671,1784231279958
108.58,5.3,1784231282704,1784231279986
108.62,14.3,1784231282738,1784231280029
108.65,7.3,1784231282772,1784231280056
108.67,1.3,1784231282805,1784231280083
108.72,10.3,1784231282839,1784231280126
108.74,3.3,1784231282873,1784231280153
108.78,10.3,1784231282907,1784231280194
108.81,6.3,1784231282940,1784231280223
108.84,0.3,1784231282973,1784231280250
108.88,9.3,1784231283006,1784231280292
108.91,3.3,1784231283040,1784231280320
108.95,10.3,1784231283074,1784231280361
108.98,4.3,1784231283108,1784231280389
109.01,0.3,1784231283141,1784231280418
109.05,7.3,1784231283175,1784231280459
109.08,1.3,1784231283209,1784231280487
109.12,9.3,1784231283243,1784231280529
109.15,3.3,1784231283277,1784231280557
109.17,-0.7,1784231283309,1784231280585
109.22,6.3,1784231283343,1784231280626
109.24,0.3,1784231283377,1784231280654
109.29,9.3,1784231283410,1784231280696
109.31,4.9,1784231283443,1784231280725
109.34,-3.1,1784231283478,1784231280752
109.38,6.9,1784231283510,1784231280794
109.41,-1.1,1784231283545,1784231280821
109.45,8.9,1784231283578,1784231280864
109.48,0.9,1784231283612,1784231280890
109.52,10.9,1784231283645,1784231280933
109.55,2.9,1784231283680,1784231280960
109.58,-0.1,1784231283712,1784231280989
109.62,6.9,1784231283746,1784231281030
109.65,0.9,1784231283780,1784231281058
109.69,7.9,1784231283814,1784231281099
109.72,3.9,1784231283847,1784231281128
109.75,-1.1,1784231283880,1784231281156
109.79,6.9,1784231283914,1784231281198
109.82,-0.1,1784231283948,1784231281225
109.86,7.9,1784231283981,1784231281266
109.88,1.9,1784231284015,1784231281294
109.91,-3.1,1784231284049,1784231281323
109.95,4.9,1784231284082,1784231281364
109.98,-1.1,1784231284116,1784231281392
110.02,6.9,1784231284150,1784231281434
110.05,1.9,1784231284183,1784231281462
110.09,9.9,1784231284216,1784231281503
110.12,2.9,1784231284251,1784231281531
110.15,-1.1,1784231284283,1784231281559
110.19,5.9,1784231284318,1784231281601
110.22,0.9,1784231284351,1784231281629
110.26,7.9,1784231284385,1784231281670
110.29,2.9,1784231284418,1784231281698
110.32,-3.1,1784231284452,1784231281726
110.36,6.9,1784231284485,1784231281769
110.39,0.9,1784231284518,1784231281796
110.43,7.9,1784231284553,1784231281838
110.46,2.9,1784231284586,1784231281866
110.51,24.9,1784231284619,1784231281921
110.53,4.9,1784231284654,1784231281936
110.55,-1.1,1784231284687,1784231281963
110.60,7.9,1784231284720,1784231282005
110.62,2.9,1784231284754,1784231282034
110.66,10.9,1784231284787,1784231282075
110.69,3.9,1784231284821,1784231282102
110.72,-1.1,1784231284855,1784231282131
110.76,6.9,1784231284888,1784231282172
110.79,-0.1,1784231284923,1784231282200
110.83,6.9,1784231284957,1784231282241
110.86,1.9,1784231284991,1784231282270
110.90,9.9,1784231285024,1784231282311
110.93,4.9,1784231285057,1784231282339
110.96,-0.1,1784231285090,1784231282367
111.00,8.9,1784231285123,1784231282409
111.03,3.9,1784231285156,1784231282437
111.07,10.9,1784231285191,1784231282479
111.10,3.9,1784231285225,1784231282506
111.12,-2.1,1784231285259,1784231282534
111.17,6.9,1784231285291,1784231282575
111.19,1.9,1784231285325,1784231282604
111.24,8.9,1784231285359,1784231282645
111.26,4.9,1784231285392,1784231282674
111.29,-3.1,1784231285427,1784231282701
111.33,5.7,1784231285460,1784231282743
111.36,-0.3,1784231285494,1784231282771
111.40,8.7,1784231285527,1784231282813
111.43,1.7,1784231285561,1784231282840
111.47,9.7,1784231285595,1784231282882
111.50,5.7,1784231285627,1784231282910
111.53,-1.3,1784231285662,1784231282938
111.57,6.7,1784231285695,1784231282979
111.60,-0.3,1784231285730,1784231283007
111.64,9.7,1784231285762,1784231283049
111.67,4.7,1784231285796,1784231283078
111.69,-1.3,1784231285829,1784231283105
111.74,5.7,1784231285863,1784231283146
111.76,0.7,1784231285896,1784231283174
111.81,9.7,1784231285929,1784231283216
111.83,3.7,1784231285964,1784231283245
111.88,10.7,1784231285997,1784231283285
111.90,4.7,1784231286031,1784231283313
111.93,-1.3,1784231286065,1784231283341
111.97,7.7,1784231286098,1784231283383
112.00,1.7,1784231286132,1784231283411
112.04,8.7,1784231286166,1784231283452
112.07,3.7,1784231286199,1784231283480
112.10,-3.3,1784231286233,1784231283507
112.14,5.7,1784231286266,1784231283549
112.17,1.7,1784231286300,1784231283579
112.21,7.7,1784231286334,1784231283619
112.24,2.7,1784231286367,1784231283647
112.27,-3.3,1784231286401,1784231283675
112.31,5.7,1784231286433,1784231283716
112.34,0.7,1784231286467,1784231283745
112.38,8.7,1784231286502,1784231283788
112.40,2.7,1784231286534,1784231283814
112.45,10.7,1784231286568,1784231283856
112.47,4.7,1784231286602,1784231283884
112.50,-1.3,1784231286636,1784231283912
112.55,8.7,1784231286669,1784231283955
112.57,2.7,1784231286702,1784231283982
112.61,8.7,1784231286736,1784231284022
112.64,3.7,1784231286770,1784231284051
112.67,-2.3,1784231286804,1784231284079
112.71,6.7,1784231286837,1784231284121
112.74,-0.3,1784231286871,1784231284148
112.78,8.7,1784231286904,1784231284190
112.81,3.7,1784231286938,1784231284219
112.84,-3.3,1784231286972,1784231284246
112.88,5.7,1784231287005,1784231284288
112.91,-2.3,1784231287040,1784231284315
112.95,9.7,1784231287072,1784231284359
112.98,1.7,1784231287106,1784231284385
113.02,10.7,1784231287139,1784231284427
113.05,4.7,1784231287173,1784231284455
113.07,-2.3,1784231287207,1784231284482
113.12,6.7,1784231287241,1784231284525
113.14,1.7,1784231287274,1784231284553
113.18,7.7,1784231287308,1784231284593
113.21,3.7,1784231287341,1784231284622
113.24,-1.3,1784231287374,1784231284650
113.28,7.7,1784231287408,1784231284693
113.31,-0.3,1784231287443,1784231284720
113.35,7.8,1784231287475,1784231284760
113.38,2.8,1784231287509,1784231284789
113.41,-3.2,1784231287543,1784231284817
113.45,3.8,1784231287577,1784231284858
113.48,-0.2,1784231287609,1784231284886
113.52,7.8,1784231287643,1784231284928
113.55,3.8,1784231287677,1784231284958
113.59,8.8,1784231287711,1784231284997
113.62,3.8,1784231287744,1784231285025
113.64,-2.2,1784231287778,1784231285053
113.69,7.8,1784231287811,1784231285096
113.71,1.8,1784231287845,1784231285124
113.76,8.8,1784231287879,1784231285165
113.78,2.8,1784231287912,1784231285192
113.81,-2.2,1784231287946,1784231285221
113.85,4.8,1784231287980,1784231285262
113.88,-1.2,1784231288014,1784231285290
113.92,7.8,1784231288047,1784231285332
113.95,1.8,1784231288081,1784231285360
113.99,10.8,1784231288114,1784231285402
114.02,4.8,1784231288147,1784231285429
114.05,-0.2,1784231288181,1784231285458
114.09,6.8,1784231288215,1784231285499
114.12,1.8,1784231288248,1784231285527
114.16,9.8,1784231288282,1784231285569
114.19,4.8,1784231288315,1784231285597
114.21,-2.2,1784231288349,1784231285624
114.26,6.8,1784231288382,1784231285666
114.28,0.8,1784231288417,1784231285695
114.33,9.8,1784231288449,1784231285736
114.35,2.8,1784231288484,1784231285764
114.38,-4.2,1784231288518,1784231285791
114.42,4.8,1784231288551,1784231285833
114.45,-1.2,1784231288585,1784231285861
114.49,7.8,1784231288618,1784231285903
114.52,2.8,1784231288651,1784231285931
114.56,11.8,1784231288684,1784231285973
114.59,4.8,1784231288718,1784231286000
114.62,-1.2,1784231288752,1784231286028
114.66,5.8,1784231288786,1784231286069
114.69,0.8,1784231288819,1784231286097
114.73,8.8,1784231288854,1784231286140
114.76,2.8,1784231288887,1784231286167
114.79,-2.2,1784231288921,1784231286196
114.83,4.8,1784231288954,1784231286236
114.86,0.8,1784231288987,1784231286265
114.90,8.8,1784231289021,1784231286307
114.93,2.8,1784231289055,1784231286335
114.97,10.8,1784231289088,1784231286376
115.00,5.8,1784231289122,1784231286405
115.02,-1.2,1784231289156,1784231286432
115.06,7.8,1784231289189,1784231286474
115.09,1.8,1784231289223,1784231286502
115.13,9.8,1784231289256,1784231286543
115.16,3.8,1784231289290,1784231286571
115.19,-1.2,1784231289323,1784231286599
115.23,5.8,1784231289357,1784231286640
115.26,0.8,1784231289390,1784231286668
115.30,9.8,1784231289423,1784231286710
115.33,2.6,1784231289458,1784231286738
115.36,-2.4,1784231289491,1784231286766
115.40,5.6,1784231289525,1784231286808
115.43,-1.4,1784231289559,1784231286835
115.46,-2.4,1784231289592,1784231286867
115.50,1.6,1784231289626,1784231286905
115.54,9.6,1784231289659,1784231286946
115.56,3.6,1784231289694,1784231286975
115.59,-2.4,1784231289727,1784231287002
115.64,7.6,1784231289760,1784231287045
115.66,1.6,1784231289794,1784231287073
115.71,9.6,1784231289828,1784231287115
115.73,3.6,1784231289861,1784231287142
115.76,-1.4,1784231289894,1784231287170
115.80,6.6,1784231289928,1784231287212
115.83,-1.4,1784231289962,1784231287238
115.87,8.6,1784231289995,1784231287281
115.90,1.6,1784231290029,1784231287308
115.93,-3.4,1784231290063,1784231287337
115.97,4.6,1784231290097,1784231287379
116.00,-0.4,1784231290130,1784231287407
116.04,7.6,1784231290164,1784231287449
116.07,1.6,1784231290197,1784231287476
116.11,7.6,1784231290232,1784231287517
116.14,4.6,1784231290264,1784231287546
116.16,-2.4,1784231290298,1784231287573
116.21,8.6,1784231290331,1784231287617
116.23,1.6,1784231290365,1784231287644
116.28,9.6,1784231290398,1784231287685
116.30,2.6,1784231290432,1784231287712
116.33,-2.4,1784231290465,1784231287740
116.37,5.6,1784231290499,1784231287782
116.40,0.6,1784231290532,1784231287810
116.44,7.6,1784231290567,1784231287852
116.47,2.6,1784231290600,1784231287880
116.51,11.6,1784231290633,1784231287922
116.54,4.6,1784231290667,1784231287949
116.57,-1.4,1784231290701,1784231287977
116.61,6.6,1784231290735,1784231288019
116.64,-0.4,1784231290769,1784231288046
116.68,9.6,1784231290802,1784231288089
116.71,8.6,1784231290835,1784231288121
116.73,-2.4,1784231290869,1784231288144
116.78,6.6,1784231290902,1784231288186
116.80,0.6,1784231290936,1784231288214
116.85,10.6,1784231290969,1784231288257
116.87,3.6,1784231291003,1784231288284
116.90,-2.4,1784231291036,1784231288311
116.94,5.6,1784231291070,1784231288353
116.97,-1.4,1784231291104,1784231288380
117.01,7.6,1784231291138,1784231288423
117.04,1.6,1784231291171,1784231288450
117.08,9.6,1784231291205,1784231288492
117.11,5.6,1784231291237,1784231288520
117.14,-1.4,1784231291272,1784231288548
117.18,6.6,1784231291306,1784231288590
117.21,0.6,1784231291339,1784231288617
117.25,8.6,1784231291373,1784231288659
117.28,3.6,1784231291406,1784231288687
117.31,-2.4,1784231291440,1784231288715
117.35,5.7,1784231291474,1784231288757
117.38,-0.3,1784231291507,1784231288784
117.42,7.7,1784231291541,1784231288826
117.44,2.7,1784231291574,1784231288854
117.47,-2.3,1784231291608,1784231288883
117.52,5.7,1784231291642,1784231288925
117.54,-0.3,1784231291675,1784231288952
117.58,6.7,1784231291709,1784231288993
117.61,0.7,1784231291743,1784231289021
117.65,9.7,1784231291776,1784231289063
117.68,3.7,1784231291810,1784231289091
117.71,-2.3,1784231291843,1784231289118
117.75,5.7,1784231291877,1784231289160
117.78,-0.3,1784231291911,1784231289188
117.82,8.7,1784231291944,1784231289230
117.85,2.7,1784231291978,1784231289258
117.88,-3.3,1784231292011,1784231289285
117.92,6.7,1784231292044,1784231289328
117.95,-0.3,1784231292079,1784231289356
117.99,7.7,1784231292112,1784231289397
118.02,0.7,1784231292146,1784231289424
118.04,-2.3,1784231292179,1784231289454
118.09,5.7,1784231292213,1784231289496
118.11,0.7,1784231292245,1784231289523
118.15,6.7,1784231292280,1784231289564
118.18,2.7,1784231292313,1784231289593
118.22,8.7,1784231292347,1784231289633
118.25,3.7,1784231292381,1784231289662
118.28,-1.3,1784231292414,1784231289690
118.32,5.7,1784231292448,1784231289731
118.35,-0.3,1784231292482,1784231289759
118.39,7.7,1784231292515,1784231289800
118.42,3.7,1784231292548,1784231289829
118.46,9.7,1784231292583,1784231289870
118.49,4.7,1784231292616,1784231289898
118.52,-1.3,1784231292650,1784231289926
118.56,7.7,1784231292683,1784231289968
118.59,0.7,1784231292717,1784231289995
118.63,8.7,1784231292751,1784231290037
118.66,2.7,1784231292784,1784231290064
118.68,-2.3,1784231292818,1784231290093
118.73,6.7,1784231292851,1784231290135
118.75,0.7,1784231292884,1784231290162
118.79,8.7,1784231292918,1784231290204
118.82,3.7,1784231292952,1784231290233
118.85,-2.3,1784231292985,1784231290260
118.89,6.7,1784231293019,1784231290303
118.92,-0.3,1784231293053,1784231290330
118.96,8.7,1784231293086,1784231290372
118.99,2.7,1784231293119,1784231290399
119.03,9.7,1784231293154,1784231290441
119.06,4.7,1784231293187,1784231290469
119.09,-1.3,1784231293221,1784231290497
119.13,7.7,1784231293254,1784231290539
119.16,2.7,1784231293288,1784231290568
119.20,9.7,1784231293321,1784231290608
119.23,3.7,1784231293355,1784231290636
119.25,-1.3,1784231293388,1784231290664
119.30,6.7,1784231293422,1784231290706
119.32,0.7,1784231293456,1784231290734
119.37,8.1,1784231293490,1784231290775
119.39,4.1,1784231293523,1784231290804
119.42,-2.9,1784231293557,1784231290831
119.46,6.1,1784231293590,1784231290873
119.49,-0.9,1784231293624,1784231290900
119.53,9.1,1784231293657,1784231290943
119.56,3.1,1784231293691,1784231290971
119.60,10.1,1784231293725,1784231291012
119.63,4.1,1784231293758,1784231291039
119.66,-0.9,1784231293792,1784231291068
119.70,7.1,1784231293825,1784231291109
119.73,2.1,1784231293858,1784231291137
119.77,9.1,1784231293893,1784231291179
119.80,2.1,1784231293927,1784231291206
119.83,-1.9,1784231293960,1784231291235
119.87,7.1,1784231293993,1784231291277
119.89,0.1,1784231294027,1784231291304
119.94,8.1,1784231294061,1784231291346
119.96,3.1,1784231294094,1784231291374
119.99,-1.9,1784231294128,1784231291403
120.03,5.1,1784231294161,1784231291443
120.06,-0.9,1784231294195,1784231291471
120.10,8.1,1784231294228,1784231291513
120.13,1.1,1784231294263,1784231291541
120.17,9.1,1784231294296,1784231291582
120.20,5.1,1784231294329,1784231291611
120.23,-0.9,1784231294363,1784231291639
120.27,6.1,1784231294397,1784231291680
120.30,1.1,1784231294430,1784231291708
120.34,9.1,1784231294463,1784231291749
120.37,4.1,1784231294497,1784231291778
120.40,-1.9,1784231294531,1784231291806
120.44,6.1,1784231294564,1784231291847
120.47,0.1,1784231294598,1784231291875
120.51,8.1,1784231294632,1784231291917
120.54,3.1,1784231294665,1784231291945
120.58,11.1,1784231294699,1784231291987
120.60,3.1,1784231294733,1784231292013
120.63,-0.9,1784231294766,1784231292042
120.67,8.1,1784231294799,1784231292084
120.70,1.1,1784231294834,1784231292112
120.74,10.1,1784231294867,1784231292154
120.77,6.1,1784231294900,1784231292183
120.80,-1.9,1784231294934,1784231292209
120.84,5.1,1784231294968,1784231292250
120.87,1.1,1784231295001,1784231292279
120.91,9.1,1784231295035,1784231292321
120.94,4.1,1784231295068,1784231292349
120.97,-1.9,1784231295102,1784231292377
121.01,5.1,1784231295136,1784231292418
121.04,-0.9,1784231295169,1784231292445
121.08,8.1,1784231295202,1784231292487
121.11,2.1,1784231295237,1784231292516
121.15,10.1,1784231295270,1784231292557
121.18,3.1,1784231295304,1784231292584
121.20,-0.9,1784231295337,1784231292613
121.25,7.1,1784231295371,1784231292655
121.27,0.1,1784231295405,1784231292682
121.31,9.1,1784231295438,1784231292724
121.34,4.1,1784231295471,1784231292752
121.37,-2.9,1784231295506,1784231292780
121.41,6.1,1784231295539,1784231292822
121.44,-0.9,1784231295573,1784231292849
121.48,9.1,1784231295606,1784231292892
121.51,3.1,1784231295640,1784231292920
121.54,-1.9,1784231295674,1784231292949
121.58,5.1,1784231295707,1784231292989
121.61,0.1,1784231295740,1784231293017
121.65,7.1,1784231295774,1784231293058
121.68,3.1,1784231295808,1784231293088
121.72,10.1,1784231295841,1784231293128
121.75,4.1,1784231295875,1784231293156
121.77,-0.9,1784231295908,1784231293184
121.82,6.1,1784231295942,1784231293225
121.84,0.1,1784231295976,1784231293253
121.89,9.1,1784231296009,1784231293295
121.91,3.1,1784231296043,1784231293323
121.94,-2.9,1784231296076,1784231293350
121.98,6.1,1784231296110,1784231293393
122.01,0.1,1784231296144,1784231293421
122.05,8.1,1784231296177,1784231293462
122.08,2.1,1784231296211,1784231293490
122.11,-3.9,1784231296245,1784231293518
122.15,5.1,1784231296278,1784231293560
122.18,-1.9,1784231296312,1784231293587
122.22,8.1,1784231296345,1784231293630
122.25,1.1,1784231296379,1784231293657
122.29,10.1,1784231296412,1784231293699
122.32,3.1,1784231296446,1784231293726
122.35,-1.9,1784231296480,1784231293755
122.39,6.1,1784231296514,1784231293797
122.41,1.1,1784231296547,1784231293825
122.46,8.1,1784231296580,1784231293865
122.48,3.1,1784231296614,1784231293894
122.51,-1.9,1784231296647,1784231293922
122.55,6.1,1784231296681,1784231293964
122.58,-0.9,1784231296715,1784231293991
122.62,7.1,1784231296749,1784231294033
122.65,2.1,1784231296782,1784231294061
122.69,11.1,1784231296815,1784231294103
122.72,4.1,1784231296849,1784231294130
122.75,-0.9,1784231296883,1784231294159
122.79,6.1,1784231296917,1784231294200
122.82,2.1,1784231296950,1784231294229
122.86,10.1,1784231296983,1784231294270
122.89,5.1,1784231297017,1784231294299
122.92,-2.9,1784231297051,1784231294325
122.96,6.1,1784231297085,1784231294368
122.99,1.1,1784231297118,1784231294396
123.03,8.1,1784231297152,1784231294437
123.06,2.1,1784231297185,1784231294464
123.10,11.1,1784231297219,1784231294507
123.12,5.1,1784231297252,1784231294534
123.15,0.1,1784231297286,1784231294563
123.19,8.1,1784231297319,1784231294604
123.22,1.1,1784231297354,1784231294632
123.26,9.1,1784231297387,1784231294673
123.30,8.1,1784231297420,1784231294705
123.32,-1.9,1784231297454,1784231294729
123.36,6.1,1784231297488,1784231294771
123.39,0.1,1784231297521,1784231294798
123.43,5.1,1784231297554,1784231294836
123.46,3.1,1784231297588,1784231294868
123.49,-1.9,1784231297622,1784231294897
123.53,6.1,1784231297655,1784231294938
123.56,0.1,1784231297689,1784231294966
123.60,7.1,1784231297723,1784231295007
123.63,3.1,1784231297756,1784231295036
123.67,10.1,1784231297790,1784231295077
123.70,5.1,1784231297823,1784231295105
123.72,-1.9,1784231297858,1784231295133
123.77,7.1,1784231297891,1784231295175
123.80,5.1,1784231297924,1784231295206
123.83,9.1,1784231297957,1784231295243
123.86,5.1,1784231297991,1784231295273
123.89,-1.9,1784231298025,1784231295300
123.93,5.1,1784231298059,1784231295341
123.96,-1.9,1784231298094,1784231295369
124.00,8.1,1784231298126,1784231295411
124.03,2.1,1784231298160,1784231295439
124.06,-2.9,1784231298193,1784231295467
124.10,5.1,1784231298227,1784231295509
124.13,1.1,1784231298260,1784231295538
124.17,7.1,1784231298294,1784231295578
124.20,2.1,1784231298327,1784231295606
124.24,9.1,1784231298361,1784231295647
124.27,5.1,1784231298394,1784231295676
124.30,1.1,1784231298428,1784231295706
124.34,7.1,1784231298462,1784231295746
124.36,2.1,1784231298495,1784231295774
124.41,8.1,1784231298530,1784231295815
124.43,3.1,1784231298563,1784231295843
124.46,-1.9,1784231298596,1784231295871
124.50,5.1,1784231298630,1784231295912
124.53,-0.9,1784231298664,1784231295940
124.57,8.1,1784231298697,1784231295982
124.60,3.1,1784231298730,1784231296010
124.64,11.1,1784231298764,1784231296052
124.67,4.1,1784231298798,1784231296079
124.70,-0.9,1784231298832,1784231296108
124.74,6.1,1784231298866,1784231296149
124.77,1.1,1784231298899,1784231296177
124.81,10.1,1784231298932,1784231296219
124.84,5.1,1784231298965,1784231296247
124.87,-0.9,1784231298999,1784231296275
124.91,7.1,1784231299033,1784231296317
124.93,0.1,1784231299067,1784231296344
124.98,9.1,1784231299100,1784231296386
125.00,2.1,1784231299134,1784231296413
125.05,11.1,1784231299167,1784231296455
125.07,5.1,1784231299201,1784231296483
125.10,-0.9,1784231299235,1784231296511
125.14,7.1,1784231299269,1784231296553
125.17,2.1,1784231299302,1784231296581
125.21,10.1,1784231299335,1784231296622
125.24,5.1,1784231299369,1784231296651
125.27,-0.9,1784231299402,1784231296678
125.31,6.1,1784231299437,1784231296720
125.34,1.1,1784231299470,1784231296748
125.38,10.2,1784231299503,1784231296790
125.41,4.2,1784231299537,1784231296818
125.44,-2.8,1784231299571,1784231296845
125.48,5.2,1784231299605,1784231296887
125.51,0.2,1784231299638,1784231296915
125.55,9.2,1784231299671,1784231296957
125.58,3.2,1784231299705,1784231296985
125.60,-1.8,1784231299738,1784231297013
125.64,4.2,1784231299772,1784231297053
125.67,-1.8,1784231299806,1784231297081
125.71,9.2,1784231299839,1784231297125
125.74,1.2,1784231299873,1784231297151
125.78,10.2,1784231299906,1784231297193
125.81,3.2,1784231299941,1784231297221
125.84,-1.8,1784231299974,1784231297249
125.88,5.2,1784231300008,1784231297290
125.91,0.2,1784231300041,1784231297318
125.95,7.2,1784231300075,1784231297359
125.98,2.2,1784231300109,1784231297388
126.02,10.2,1784231300142,1784231297429
126.05,4.2,1784231300176,1784231297457
126.08,-0.8,1784231300209,1784231297485
126.12,7.2,1784231300243,1784231297527
126.15,2.2,1784231300277,1784231297556
126.19,10.2,1784231300310,1784231297597
126.21,3.2,1784231300344,1784231297624
126.24,-1.8,1784231300378,1784231297653
126.28,6.2,1784231300411,1784231297694
126.31,2.2,1784231300444,1784231297723
126.35,8.2,1784231300478,1784231297763
126.38,2.2,1784231300512,1784231297791
126.42,11.2,1784231300546,1784231297834
126.45,6.2,1784231300579,1784231297862
126.48,0.2,1784231300612,1784231297889
126.52,9.2,1784231300645,1784231297931
126.55,3.2,1784231300679,1784231297959
126.58,-2.8,1784231300713,1784231297987
126.62,6.2,1784231300746,1784231298029
126.65,-1.8,1784231300781,1784231298056
126.69,7.2,1784231300814,1784231298098
126.72,2.2,1784231300847,1784231298126
126.76,9.2,1784231300882,1784231298168
126.79,3.2,1784231300915,1784231298195
126.81,-1.8,1784231300948,1784231298223
126.86,7.2,1784231300981,1784231298265
126.88,1.2,1784231301015,1784231298293
126.93,8.2,1784231301049,1784231298334
126.95,3.2,1784231301082,1784231298362
126.98,-2.8,1784231301117,1784231298391
127.02,5.2,1784231301150,1784231298432
127.05,-0.8,1784231301183,1784231298459
127.09,8.2,1784231301217,1784231298502
127.12,1.2,1784231301252,1784231298530
127.16,11.2,1784231301284,1784231298572
127.19,4.2,1784231301318,1784231298599
127.22,-0.8,1784231301351,1784231298627
127.26,7.2,1784231301385,1784231298669
127.29,2.2,1784231301418,1784231298697
127.33,10.2,1784231301452,1784231298739
127.36,5.2,1784231301485,1784231298767
127.38,-1.8,1784231301520,1784231298795
127.43,6.2,1784231301553,1784231298836
127.45,1.2,1784231301586,1784231298864
127.50,8.2,1784231301620,1784231298905
127.52,2.2,1784231301654,1784231298933
127.57,11.2,1784231301687,1784231298975
127.59,5.2,1784231301721,1784231299003
127.62,-0.8,1784231301755,1784231299031
127.66,7.2,1784231301788,1784231299072
127.69,2.2,1784231301821,1784231299100
127.73,9.2,1784231301856,1784231299142
127.76,4.2,1784231301889,1784231299170
127.79,-0.8,1784231301922,1784231299198
127.83,7.2,1784231301956,1784231299240
127.86,0.2,1784231301990,1784231299267
127.90,9.2,1784231302024,1784231299310
127.93,4.2,1784231302057,1784231299338
127.97,11.2,1784231302091,1784231299379
128.00,5.2,1784231302125,1784231299407
128.03,-0.8,1784231302159,1784231299435
128.07,9.2,1784231302191,1784231299477
128.09,2.2,1784231302225,1784231299504
128.12,-2.8,1784231302258,1784231299532
128.16,5.2,1784231302292,1784231299574
128.19,-0.8,1784231302326,1784231299602
128.23,8.2,1784231302359,1784231299644
128.26,3.2,1784231302393,1784231299673
128.30,9.2,1784231302427,1784231299713
128.33,7.2,1784231302460,1784231299744
128.36,-0.8,1784231302494,1784231299770
128.40,7.2,1784231302527,1784231299811
128.43,1.2,1784231302561,1784231299839
128.47,9.2,1784231302594,1784231299880
128.50,2.2,1784231302628,1784231299907
128.53,-2.8,1784231302662,1784231299936
128.57,8.2,1784231302695,1784231299980
128.60,0.2,1784231302729,1784231300006
128.64,8.2,1784231302762,1784231300047
128.67,2.2,1784231302796,1784231300075
128.71,11.2,1784231302830,1784231300118
128.73,4.2,1784231302864,1784231300145
128.76,-1.8,1784231302897,1784231300172
128.81,8.2,1784231302930,1784231300215
128.83,1.2,1784231302964,1784231300242
128.87,9.2,1784231302998,1784231300284
128.90,4.2,1784231303031,1784231300312
128.93,-1.8,1784231303064,1784231300339
128.97,6.2,1784231303098,1784231300381
129.00,0.2,1784231303132,1784231300409
129.04,9.2,1784231303165,1784231300451
129.07,4.2,1784231303199,1784231300480
129.11,10.2,1784231303233,1784231300520
129.14,5.2,1784231303266,1784231300548
129.17,-0.8,1784231303300,1784231300576
129.21,7.2,1784231303333,1784231300617
129.24,1.2,1784231303367,1784231300645
129.28,8.2,1784231303402,1784231300687
129.31,5.2,1784231303435,1784231300717
129.33,-2.8,1784231303468,1784231300742
129.38,5.9,1784231303502,1784231300785
129.40,-0.1,1784231303535,1784231300812
129.45,7.9,1784231303569,1784231300854
129.47,3.9,1784231303602,1784231300883
129.50,-3.1,1784231303636,1784231300910
129.54,5.9,1784231303670,1784231300953
129.57,1.9,1784231303704,1784231300983
129.61,6.9,1784231303737,1784231301021
129.64,1.9,1784231303770,1784231301049
129.68,10.9,1784231303803,1784231301091
129.71,4.9,1784231303837,1784231301119
129.74,-2.1,1784231303871,1784231301146
129.78,6.9,1784231303905,1784231301189
129.81,-0.1,1784231303939,1784231301216
129.85,9.9,1784231303972,1784231301259
129.88,2.9,1784231304006,1784231301286
129.90,-3.1,1784231304040,1784231301314
129.95,4.9,1784231304073,1784231301355
129.97,-2.1,1784231304108,1784231301383
130.02,6.9,1784231304141,1784231301425
130.04,2.9,1784231304173,1784231301453
130.07,-1.1,1784231304207,1784231301483
130.11,3.9,1784231304242,1784231301523
130.14,-2.1,1784231304275,1784231301550
130.18,6.9,1784231304308,1784231301592
130.21,1.9,1784231304341,1784231301620
130.25,9.9,1784231304375,1784231301662
130.28,3.9,1784231304409,1784231301690
130.31,-2.1,1784231304443,1784231301718
130.35,5.9,1784231304476,1784231301759
130.38,0.9,1784231304510,1784231301788
130.42,8.9,1784231304543,1784231301829
130.45,2.9,1784231304577,1784231301857
130.48,-1.1,1784231304610,1784231301886
130.52,4.9,1784231304644,1784231301926
130.55,0.9,1784231304677,1784231301955
130.59,5.9,1784231304712,1784231301995
130.61,0.9,1784231304745,1784231302023
130.66,10.9,1784231304778,1784231302066
130.68,3.9,1784231304812,1784231302093
130.71,-2.1,1784231304846,1784231302121
130.75,6.9,1784231304879,1784231302163
130.78,0.9,1784231304913,1784231302191
130.83,13.9,1784231304946,1784231302237
130.85,2.9,1784231304980,1784231302260
130.88,-3.1,1784231305014,1784231302288
130.92,5.9,1784231305047,1784231302330
130.95,-0.1,1784231305081,1784231302358
130.99,7.9,1784231305115,1784231302400
131.02,1.9,1784231305148,1784231302427
131.05,-3.1,1784231305181,1784231302455
131.09,4.9,1784231305215,1784231302497
131.12,-0.1,1784231305248,1784231302525
131.16,6.9,1784231305283,1784231302567
131.18,0.9,1784231305316,1784231302594
131.23,10.9,1784231305349,1784231302637
131.26,3.9,1784231305383,1784231302664
131.28,-2.1,1784231305417,1784231302692
131.33,9.9,1784231305450,1784231302737
131.35,-0.1,1784231305484,1784231302761
131.40,11.0,1784231305517,1784231302805
131.42,3.0,1784231305551,1784231302831
131.45,-2.0,1784231305584,1784231302859
131.49,6.0,1784231305618,1784231302901
131.52,0.0,1784231305652,1784231302929
131.56,8.0,1784231305685,1784231302970
131.59,2.0,1784231305719,1784231302998
131.63,10.0,1784231305753,1784231303040
131.66,5.0,1784231305786,1784231303068
131.69,-1.0,1784231305820,1784231303096
131.73,7.0,1784231305854,1784231303138
131.76,2.0,1784231305887,1784231303166
131.80,9.0,1784231305921,1784231303207
131.83,4.0,1784231305954,1784231303235
131.85,-3.0,1784231305988,1784231303262
131.90,5.0,1784231306022,1784231303304
131.92,0.0,1784231306055,1784231303332
131.97,9.0,1784231306089,1784231303375
131.99,3.0,1784231306122,1784231303402
132.02,-3.0,1784231306156,1784231303430
132.06,6.0,1784231306189,1784231303472
132.09,0.0,1784231306223,1784231303500
132.13,7.0,1784231306256,1784231303540
132.16,2.0,1784231306290,1784231303569
132.20,10.0,1784231306324,1784231303611
132.23,4.0,1784231306358,1784231303639
132.26,-1.0,1784231306391,1784231303667
132.30,7.0,1784231306424,1784231303708
132.33,2.0,1784231306458,1784231303737
132.37,9.0,1784231306492,1784231303778
132.40,3.0,1784231306526,1784231303806
132.42,-2.0,1784231306559,1784231303834
132.47,5.0,1784231306593,1784231303875
132.49,0.0,1784231306626,1784231303903
132.54,10.0,1784231306659,1784231303946
132.56,3.0,1784231306693,1784231303973
132.61,10.0,1784231306727,1784231304014
132.63,5.0,1784231306760,1784231304042
132.66,-1.0,1784231306794,1784231304070
132.70,7.0,1784231306828,1784231304112
132.73,1.0,1784231306862,1784231304140
132.77,10.0,1784231306895,1784231304182
132.80,4.0,1784231306928,1784231304209
132.83,-1.0,1784231306963,1784231304239
132.87,8.0,1784231306995,1784231304280
132.90,1.0,1784231307029,1784231304307
132.94,9.0,1784231307063,1784231304349
132.97,5.0,1784231307096,1784231304378
133.01,10.0,1784231307131,1784231304418
133.04,5.0,1784231307164,1784231304446
133.06,-1.0,1784231307198,1784231304474
133.11,8.0,1784231307231,1784231304516
133.13,1.0,1784231307265,1784231304543
133.16,-3.0,1784231307298,1784231304572
133.20,5.0,1784231307332,1784231304614
133.23,-1.0,1784231307365,1784231304641
133.27,6.0,1784231307400,1784231304683
133.30,1.0,1784231307433,1784231304711
133.34,9.0,1784231307466,1784231304752
133.37,2.9,1784231307500,1784231304780
133.40,-2.1,1784231307533,1784231304808
133.44,5.9,1784231307567,1784231304850
133.47,-0.1,1784231307601,1784231304878
133.51,8.9,1784231307634,1784231304920
133.54,2.9,1784231307667,1784231304947
133.58,10.9,1784231307701,1784231304989
133.61,4.9,1784231307735,1784231305017
133.64,-0.1,1784231307768,1784231305045
133.68,7.9,1784231307802,1784231305087
133.71,2.9,1784231307835,1784231305115
133.75,9.9,1784231307869,1784231305156
133.77,3.9,1784231307903,1784231305184
133.80,-2.1,1784231307936,1784231305211
133.84,6.9,1784231307970,1784231305254
133.87,-0.1,1784231308004,1784231305281
133.91,8.9,1784231308037,1784231305323
133.94,2.9,1784231308071,1784231305351
133.97,-4.1,1784231308105,1784231305378
134.01,3.9,1784231308139,1784231305420
134.04,-0.1,1784231308172,1784231305449
134.08,7.9,1784231308205,1784231305490
134.11,2.9,1784231308239,1784231305519
134.14,-4.1,1784231308273,1784231305546
134.18,4.9,1784231308307,1784231305589
134.21,-0.1,1784231308339,1784231305616
134.25,6.9,1784231308373,1784231305657
134.28,-0.1,1784231308408,1784231305685
134.32,8.9,1784231308440,1784231305726
134.35,3.9,1784231308474,1784231305755
134.37,-2.1,1784231308507,1784231305782
134.41,5.9,1784231308541,1784231305824
134.44,0.9,1784231308575,1784231305853
134.49,7.9,1784231308609,1784231305894
134.51,3.9,1784231308642,1784231305923
134.54,-3.1,1784231308676,1784231305950
134.58,5.9,1784231308709,1784231305992
134.61,-1.1,1784231308743,1784231306019
134.65,7.9,1784231308776,1784231306061
134.69,15.9,1784231308810,1784231306103
134.72,9.9,1784231308844,1784231306131
134.75,4.9,1784231308877,1784231306159
134.78,-0.1,1784231308910,1784231306187
134.82,6.9,1784231308944,1784231306228
134.85,0.9,1784231308978,1784231306256
134.89,9.9,1784231309011,1784231306298
134.92,3.9,1784231309045,1784231306326
134.94,-3.1,1784231309079,1784231306353
134.99,4.9,1784231309113,1784231306395
135.01,-0.1,1784231309146,1784231306423
135.06,7.9,1784231309180,1784231306465
135.08,1.9,1784231309213,1784231306492
135.11,-3.1,1784231309247,1784231306521
135.15,4.9,1784231309280,1784231306562
135.18,-0.1,1784231309314,1784231306591
135.22,5.9,1784231309348,1784231306631
135.25,1.9,1784231309381,1784231306660
135.29,9.9,1784231309415,1784231306702
135.32,4.9,1784231309448,1784231306730
135.35,-2.1,1784231309482,1784231306757
135.39,7.1,1784231309515,1784231306799
135.42,1.1,1784231309549,1784231306827
135.46,9.1,1784231309582,1784231306868
135.49,4.1,1784231309616,1784231306897
135.52,-1.9,1784231309650,1784231306925
135.56,5.1,1784231309684,1784231306966
135.58,-0.9,1784231309718,1784231306994
135.63,8.1,1784231309751,1784231307036
135.65,1.1,1784231309785,1784231307063
135.70,11.1,1784231309818,1784231307106
135.72,5.1,1784231309852,1784231307134
135.75,-0.9,1784231309885,1784231307161
135.79,6.1,1784231309919,1784231307202
135.82,2.1,1784231309952,1784231307231
135.86,10.1,1784231309986,1784231307273
135.89,3.1,1784231310020,1784231307300
135.92,-0.9,1784231310053,1784231307329
135.96,6.1,1784231310087,1784231307370
135.99,-0.9,1784231310121,1784231307397
136.03,8.1,1784231310154,1784231307439
136.06,3.1,1784231310187,1784231307467
136.09,-1.9,1784231310221,1784231307496
136.13,5.1,1784231310255,1784231307537
136.16,-0.9,1784231310288,1784231307564
136.20,9.1,1784231310322,1784231307608
136.22,2.1,1784231310355,1784231307634
136.27,10.1,1784231310389,1784231307676
136.29,4.1,1784231310423,1784231307704
136.32,-2.9,1784231310457,1784231307731
136.36,5.1,1784231310490,1784231307772
136.39,-0.9,1784231310524,1784231307800
136.43,8.1,1784231310558,1784231307843
136.46,2.1,1784231310591,1784231307870
136.49,-3.9,1784231310625,1784231307898
136.53,5.1,1784231310658,1784231307940
136.56,0.1,1784231310691,1784231307968
136.60,8.1,1784231310725,1784231308010
136.63,2.1,1784231310759,1784231308038
136.66,-3.9,1784231310793,1784231308066
136.70,5.1,1784231310825,1784231308107
136.73,-1.9,1784231310860,1784231308135
136.77,7.1,1784231310893,1784231308177
136.80,3.1,1784231310926,1784231308206
136.84,10.1,1784231310960,1784231308247
136.86,2.1,1784231310994,1784231308273
136.89,-2.9,1784231311028,1784231308302
136.93,6.1,1784231311061,1784231308344
136.96,0.1,1784231311094,1784231308371
137.00,7.1,1784231311129,1784231308413
137.03,2.1,1784231311162,1784231308441
137.06,-3.9,1784231311195,1784231308468
137.10,4.1,1784231311229,1784231308510
137.13,-0.9,1784231311263,1784231308539
137.17,6.1,1784231311297,1784231308580
137.20,2.1,1784231311330,1784231308609
137.24,9.1,1784231311364,1784231308650
137.27,4.1,1784231311397,1784231308678
137.30,-1.9,1784231311431,1784231308706
137.34,6.1,1784231311464,1784231308747
137.37,0.1,1784231311498,1784231308775
137.41,7.4,1784231311532,1784231308816
137.43,3.4,1784231311565,1784231308845
137.46,-1.6,1784231311598,1784231308873
137.50,4.4,1784231311633,1784231308914
137.53,1.4,1784231311665,1784231308943
137.58,9.4,1784231311699,1784231308985
137.60,1.4,1784231311733,1784231309011
137.64,11.4,1784231311766,1784231309054
137.67,5.4,1784231311800,1784231309082
137.70,-1.6,1784231311834,1784231309109
137.74,6.4,1784231311868,1784231309151
137.77,1.4,1784231311901,1784231309179
137.81,10.4,1784231311934,1784231309221
137.84,3.4,1784231311968,1784231309248
137.87,-2.6,1784231312002,1784231309276
137.91,6.4,1784231312035,1784231309318
137.94,0.4,1784231312069,1784231309346
137.98,7.4,1784231312105,1784231309389
138.01,3.4,1784231312136,1784231309416
138.05,10.4,1784231312170,1784231309457
138.08,4.4,1784231312204,1784231309485
138.10,-0.6,1784231312237,1784231309513
138.15,7.4,1784231312270,1784231309554
138.17,2.4,1784231312304,1784231309583
138.21,10.4,1784231312337,1784231309624
138.24,4.4,1784231312372,1784231309653
138.27,-2.6,1784231312406,1784231309680
138.31,6.4,1784231312439,1784231309722
138.34,0.4,1784231312472,1784231309749
138.38,10.4,1784231312505,1784231309792
138.41,3.4,1784231312539,1784231309819
138.44,-1.6,1784231312573,1784231309848
138.48,4.4,1784231312607,1784231309888
138.51,-0.6,1784231312640,1784231309916
138.55,7.4,1784231312674,1784231309958
138.58,3.4,1784231312707,1784231309987
138.62,9.4,1784231312741,1784231310027
138.65,4.4,1784231312775,1784231310056
138.67,-2.6,1784231312809,1784231310083
138.72,7.4,1784231312842,1784231310126
138.74,2.4,1784231312875,1784231310154
138.78,9.4,1784231312908,1784231310194
138.81,3.4,1784231312943,1784231310223
138.84,-1.6,1784231312976,1784231310251
138.88,5.4,1784231313010,1784231310292
138.91,0.4,1784231313043,1784231310320
138.95,7.4,1784231313077,1784231310361
138.98,2.4,1784231313111,1784231310390
139.02,10.4,1784231313144,1784231310431
139.05,4.4,1784231313178,1784231310459
139.08,-1.6,1784231313212,1784231310487
139.12,7.4,1784231313245,1784231310529
139.15,2.4,1784231313278,1784231310557
139.19,9.4,1784231313312,1784231310598
139.22,3.4,1784231313346,1784231310626
139.24,-1.6,1784231313379,1784231310654
139.29,6.4,1784231313413,1784231310696
139.31,0.4,1784231313446,1784231310723
139.36,8.4,1784231313480,1784231310765
139.38,2.6,1784231313514,1784231310793
139.41,-2.4,1784231313547,1784231310821
139.45,5.6,1784231313581,1784231310863
139.48,-1.4,1784231313615,1784231310890
139.52,8.6,1784231313648,1784231310933
139.55,1.6,1784231313682,1784231310960
139.59,10.6,1784231313715,1784231311002
139.62,5.6,1784231313748,1784231311030
139.65,-1.4,1784231313783,1784231311058
139.69,5.6,1784231313817,1784231311099
139.72,2.6,1784231313849,1784231311128
139.76,9.6,1784231313883,1784231311169
139.79,2.6,1784231313917,1784231311196
139.82,-2.4,1784231313951,1784231311225
139.86,6.6,1784231313984,1784231311267
139.88,0.6,1784231314017,1784231311294
139.93,8.6,1784231314051,1784231311336
139.95,1.6,1784231314085,1784231311363
140.00,10.6,1784231314119,1784231311406
140.02,4.6,1784231314152,1784231311433
140.05,-1.4,1784231314186,1784231311461
140.09,6.6,1784231314220,1784231311503
140.12,1.6,1784231314253,1784231311531
140.16,10.6,1784231314286,1784231311573
140.19,3.6,1784231314320,1784231311600
140.22,-1.4,1784231314354,1784231311629
140.26,7.6,1784231314387,1784231311671
140.29,1.6,1784231314421,1784231311699
140.33,9.6,1784231314454,1784231311740
140.36,3.6,1784231314488,1784231311768
140.39,-3.4,1784231314522,1784231311795
140.43,6.6,1784231314555,1784231311838
140.46,0.6,1784231314588,1784231311865
140.50,8.6,1784231314622,1784231311907
140.53,2.6,1784231314656,1784231311935
140.57,9.6,1784231314690,1784231311976
140.60,3.6,1784231314724,1784231312004
140.62,-1.4,1784231314757,1784231312032
140.66,5.6,1784231314791,1784231312073
140.69,1.6,1784231314824,1784231312102
140.73,8.6,1784231314858,1784231312143
140.76,4.6,1784231314891,1784231312172
140.79,-1.4,1784231314925,1784231312200
140.83,5.6,1784231314959,1784231312241
140.86,1.6,1784231314992,1784231312270
140.90,8.6,1784231315026,1784231312311
140.93,3.6,1784231315059,1784231312339
140.96,-1.4,1784231315092,1784231312367
141.00,5.6,1784231315126,1784231312408
141.03,-0.4,1784231315160,1784231312436
141.07,8.6,1784231315194,1784231312479
141.10,2.6,1784231315227,1784231312506
141.14,10.6,1784231315261,1784231312548
141.17,4.6,1784231315295,1784231312576
141.19,-0.4,1784231315328,1784231312604
141.24,7.6,1784231315361,1784231312645
141.26,1.6,1784231315395,1784231312673
141.30,8.6,1784231315429,1784231312714
141.33,3.6,1784231315463,1784231312743
141.36,-1.4,1784231315496,1784231312771
141.40,5.6,1784231315530,1784231312812
141.43,1.6,1784231315563,1784231312841
141.47,8.6,1784231315597,1784231312882
141.50,2.6,1784231315630,1784231312909
141.54,11.6,1784231315664,1784231312952
141.57,5.6,1784231315697,1784231312979
141.60,-0.4,1784231315731,1784231313007
141.64,7.6,1784231315765,1784231313049
141.67,2.6,1784231315798,1784231313077
141.71,9.6,1784231315832,1784231313118
141.74,5.6,1784231315865,1784231313147
141.76,-2.4,1784231315900,1784231313174
141.81,7.6,1784231315933,1784231313217
141.83,0.6,1784231315967,1784231313244
141.88,8.6,1784231316000,1784231313285
141.90,2.6,1784231316034,1784231313313
141.93,-2.4,1784231316067,1784231313341
141.97,5.6,1784231316101,1784231313383
142.00,0.6,1784231316134,1784231313411
142.04,8.6,1784231316167,1784231313452
142.07,2.6,1784231316201,1784231313480
142.11,11.6,1784231316235,1784231313523
142.14,5.6,1784231316268,1784231313550
142.17,-0.4,1784231316302,1784231313578
142.21,7.6,1784231316336,1784231313620
142.24,1.6,1784231316370,1784231313648
142.28,9.6,1784231316403,1784231313689
142.31,4.6,1784231316437,1784231313718
142.34,-2.4,1784231316471,1784231313745
142.38,6.6,1784231316504,1784231313787
142.41,0.6,1784231316538,1784231313815
142.45,7.6,1784231316572,1784231313856
142.48,2.6,1784231316605,1784231313884
142.52,10.6,1784231316639,1784231313926
142.55,7.6,1784231316673,1784231313957
142.57,-0.4,1784231316706,1784231313982
142.61,7.6,1784231316739,1784231314023
142.64,1.6,1784231316773,1784231314051
142.68,10.6,1784231316807,1784231314094
142.71,3.6,1784231316840,1784231314120
142.74,-2.4,1784231316874,1784231314148
142.78,6.6,1784231316907,1784231314190
142.81,2.6,1784231316940,1784231314219
142.85,9.6,1784231316975,1784231314261
142.88,3.6,1784231317008,1784231314288
142.91,-0.4,1784231317041,1784231314317
142.95,6.6,1784231317075,1784231314358
142.98,1.6,1784231317109,1784231314387
143.02,8.6,1784231317142,1784231314427
143.05,4.6,1784231317175,1784231314456
143.07,-2.4,1784231317209,1784231314483
143.12,5.6,1784231317244,1784231314526
143.14,0.6,1784231317276,1784231314553
143.19,7.6,1784231317310,1784231314594
143.21,2.6,1784231317343,1784231314622
143.25,8.6,1784231317378,1784231314663
143.28,4.6,1784231317411,1784231314692
143.31,-1.4,1784231317445,1784231314720
143.35,6.6,1784231317478,1784231314761
143.38,0.6,1784231317513,1784231314790
143.42,8.7,1784231317546,1784231314831
143.45,3.7,1784231317579,1784231314859
143.48,-2.3,1784231317613,1784231314887
143.52,6.7,1784231317646,1784231314929
143.55,0.7,1784231317680,1784231314957
143.59,7.7,1784231317714,1784231314998
143.62,2.7,1784231317747,1784231315026
143.64,-2.3,1784231317781,1784231315055
143.69,4.7,1784231317815,1784231315096
143.71,0.7,1784231317847,1784231315124
143.76,8.7,1784231317881,1784231315166
143.78,1.7,1784231317915,1784231315193
143.83,9.7,1784231317949,1784231315235
143.85,5.7,1784231317982,1784231315264
143.88,-2.3,1784231318016,1784231315290
143.92,6.7,1784231318050,1784231315333
143.95,0.7,1784231318083,1784231315360
143.99,9.7,1784231318117,1784231315403
144.02,3.7,1784231318150,1784231315430
144.05,-2.3,1784231318184,1784231315458
144.09,4.7,1784231318219,1784231315500
144.12,-0.3,1784231318252,1784231315528
144.16,6.7,1784231318286,1784231315569
144.19,2.7,1784231318319,1784231315598
144.23,11.7,1784231318351,1784231315639
144.26,5.7,1784231318385,1784231315667
144.28,-2.3,1784231318420,1784231315694
144.33,7.7,1784231318452,1784231315736
144.36,2.7,1784231318486,1784231315765
144.40,9.7,1784231318520,1784231315806
144.42,3.7,1784231318554,1784231315834
144.45,-2.3,1784231318587,1784231315861
144.49,7.7,1784231318620,1784231315904
144.52,1.7,1784231318654,1784231315932
144.56,9.7,1784231318687,1784231315973
144.59,3.7,1784231318721,1784231316001
144.63,11.7,1784231318755,1784231316043
144.66,4.7,1784231318789,1784231316070
144.69,0.7,1784231318822,1784231316099
144.73,7.7,1784231318856,1784231316140
144.76,3.7,1784231318889,1784231316169
144.80,11.7,1784231318923,1784231316211
144.83,4.7,1784231318956,1784231316237
144.86,-1.3,1784231318990,1784231316265
144.90,6.7,1784231319024,1784231316307
144.93,1.7,1784231319057,1784231316335
144.97,9.7,1784231319091,1784231316377
145.00,4.7,1784231319124,1784231316405
145.02,-2.3,1784231319159,1784231316433
145.06,6.7,1784231319191,1784231316474
145.09,1.7,1784231319225,1784231316503
145.13,9.7,1784231319259,1784231316545
145.16,3.7,1784231319292,1784231316572
145.19,-3.3,1784231319327,1784231316600
145.23,4.7,1784231319360,1784231316641
145.26,-0.3,1784231319394,1784231316670
145.30,7.7,1784231319427,1784231316711
145.33,1.7,1784231319461,1784231316739
145.36,-3.3,1784231319495,1784231316768
145.40,3.5,1784231319528,1784231316808
145.43,-2.5,1784231319562,1784231316836
145.47,6.5,1784231319595,1784231316878
145.50,1.5,1784231319629,1784231316907
145.54,9.5,1784231319662,1784231316948
145.57,3.5,1784231319695,1784231316975
145.59,-1.5,1784231319729,1784231317004
145.64,6.5,1784231319763,1784231317046
145.66,-1.5,1784231319797,1784231317072
145.70,7.5,1784231319831,1784231317115
145.73,2.5,1784231319864,1784231317143
145.78,10.5,1784231319898,1784231317185
145.80,5.5,1784231319931,1784231317213
145.83,-0.5,1784231319964,1784231317240
145.87,6.5,1784231319998,1784231317281
145.90,2.5,1784231320032,1784231317311
145.94,10.5,1784231320065,1784231317352
145.97,4.5,1784231320098,1784231317379
146.00,-1.5,1784231320133,1784231317408
146.04,5.5,1784231320166,1784231317448
146.07,-0.5,1784231320200,1784231317476
146.11,9.5,1784231320233,1784231317519
146.14,2.5,1784231320267,1784231317546
146.16,-2.5,1784231320300,1784231317574
146.21,5.5,1784231320334,1784231317616
146.23,0.5,1784231320367,1784231317644
146.28,7.5,1784231320401,1784231317685
146.30,1.5,1784231320435,1784231317713
146.35,10.5,1784231320468,1784231317755
146.37,5.5,1784231320502,1784231317784
146.40,-0.5,1784231320535,1784231317811
146.44,6.5,1784231320569,1784231317852
146.47,1.5,1784231320603,1784231317881
146.51,9.5,1784231320636,1784231317922
146.54,6.5,1784231320670,1784231317953
146.57,-2.5,1784231320704,1784231317978
146.61,6.5,1784231320737,1784231318020
146.64,-0.5,1784231320771,1784231318047
146.68,7.5,1784231320805,1784231318089
146.71,3.5,1784231320838,1784231318118
146.74,-3.5,1784231320872,1784231318145
146.78,5.5,1784231320905,1784231318187
146.81,-0.5,1784231320939,1784231318215
146.85,7.5,1784231320972,1784231318256
146.87,2.5,1784231321006,1784231318285
146.92,8.5,1784231321041,1784231318326
146.94,4.5,1784231321073,1784231318354
146.97,-2.5,1784231321107,1784231318381
147.01,6.5,1784231321140,1784231318423
147.04,0.5,1784231321174,1784231318451
147.08,9.5,1784231321207,1784231318493
147.11,4.5,1784231321241,1784231318522
147.14,-2.5,1784231321275,1784231318549
147.18,4.5,1784231321309,1784231318590
147.21,-0.5,1784231321342,1784231318618
147.25,8.5,1784231321375,1784231318660
147.28,2.5,1784231321409,1784231318688
147.32,9.5,1784231321443,1784231318729
147.35,3.5,1784231321477,1784231318757
147.38,-1.5,1784231321510,1784231318785
147.42,6.4,1784231321544,1784231318827
147.45,1.4,1784231321577,1784231318855
147.49,8.4,1784231321611,1784231318896
147.51,1.4,1784231321646,1784231318924
147.56,12.4,1784231321678,1784231318967
147.58,5.4,1784231321712,1784231318994
147.61,0.4,1784231321745,1784231319022
147.65,7.4,1784231321779,1784231319063
147.68,3.4,1784231321812,1784231319092
147.71,-1.6,1784231321845,1784231319120
147.75,4.4,1784231321880,1784231319161
147.78,-0.6,1784231321913,1784231319189
147.82,7.4,1784231321946,1784231319230
147.85,2.4,1784231321980,1784231319259
147.89,9.4,1784231322014,1784231319300
147.92,3.4,1784231322048,1784231319328
147.95,-1.6,1784231322080,1784231319355
147.99,6.4,1784231322115,1784231319398
148.02,0.4,1784231322149,1784231319426
148.06,9.4,1784231322181,1784231319467
148.10,16.4,1784231322215,1784231319508
148.11,-2.6,1784231322249,1784231319523
148.16,6.4,1784231322283,1784231319566
148.18,0.4,1784231322316,1784231319593
148.23,9.4,1784231322349,1784231319635
148.25,1.4,1784231322384,1784231319662
148.29,10.4,1784231322417,1784231319704
148.32,4.4,1784231322451,1784231319732
148.35,-1.6,1784231322485,1784231319760
148.39,7.4,1784231322518,1784231319802
148.42,1.4,1784231322552,1784231319830
148.46,9.4,1784231322585,1784231319871
148.49,2.4,1784231322620,1784231319899
148.52,-3.6,1784231322653,1784231319926
148.56,6.4,1784231322686,1784231319969
148.59,1.4,1784231322719,1784231319997
148.63,9.4,1784231322752,1784231320038
148.66,2.4,1784231322787,1784231320066
148.69,-1.6,1784231322820,1784231320095
148.73,4.4,1784231322854,1784231320135
148.75,-1.6,1784231322888,1784231320163
148.80,8.4,1784231322921,1784231320206
148.82,1.4,1784231322955,1784231320233
148.87,9.4,1784231322988,1784231320274
148.89,4.4,1784231323022,1784231320303
148.92,-1.6,1784231323055,1784231320330
148.96,6.4,1784231323089,1784231320372
148.99,1.4,1784231323122,1784231320400
149.03,9.4,1784231323156,1784231320442
149.06,3.4,1784231323190,1784231320470
149.09,-2.6,1784231323224,1784231320498
149.13,4.4,1784231323258,1784231320539
149.16,-1.6,1784231323292,1784231320567
149.20,6.4,1784231323325,1784231320608
149.23,3.4,1784231323358,1784231320638
149.26,-2.6,1784231323391,1784231320665
149.30,4.4,1784231323425,1784231320706
149.32,-1.6,1784231323459,1784231320734
149.37,7.4,1784231323492,1784231320776
149.39,2.4,1784231323526,1784231320805
149.44,9.5,1784231323560,1784231320846
149.46,3.5,1784231323593,1784231320873
149.49,-2.5,1784231323627,1784231320901
149.53,6.5,1784231323661,1784231320944
149.56,0.5,1784231323694,1784231320971
149.60,8.5,1784231323728,1784231321013
149.63,2.5,1784231323761,1784231321040
149.66,-2.5,1784231323794,1784231321068
149.70,5.5,1784231323828,1784231321110
149.73,0.5,1784231323862,1784231321139
149.77,8.5,1784231323895,1784231321180
149.80,1.5,1784231323930,1784231321208
149.84,8.5,1784231323964,1784231321249
149.87,3.5,1784231323997,1784231321277
149.90,-1.5,1784231324030,1784231321305
149.94,7.5,1784231324063,1784231321347
149.97,2.5,1784231324097,1784231321376
150.01,8.5,1784231324131,1784231321416
150.03,3.5,1784231324164,1784231321444
150.06,-2.5,1784231324198,1784231321472
150.10,7.5,1784231324231,1784231321515
150.13,-0.5,1784231324265,1784231321541
150.17,8.5,1784231324299,1784231321584
150.20,2.5,1784231324332,1784231321611
150.23,-2.5,1784231324366,1784231321640
150.27,3.5,1784231324400,1784231321680
150.30,-0.5,1784231324433,1784231321709
150.34,7.5,1784231324467,1784231321751
150.37,1.5,1784231324500,1784231321778
150.41,10.5,1784231324534,1784231321821
150.44,4.5,1784231324568,1784231321849
150.47,-1.5,1784231324600,1784231321875
150.51,7.5,1784231324634,1784231321918
150.54,2.5,1784231324668,1784231321947
150.58,9.5,1784231324702,1784231321988
150.61,4.5,1784231324735,1784231322016
150.63,-1.5,1784231324769,1784231322044
150.68,6.5,1784231324803,1784231322086
150.70,-1.5,1784231324837,1784231322112
150.74,6.5,1784231324871,1784231322154
150.77,0.5,1784231324905,1784231322182
150.81,10.5,1784231324937,1784231322224
150.84,4.5,1784231324970,1784231322251
150.87,-1.5,1784231325004,1784231322279
150.91,7.5,1784231325037,1784231322321
150.94,1.5,1784231325071,1784231322349
150.98,9.5,1784231325105,1784231322391
151.01,4.5,1784231325139,1784231322420
151.04,-1.5,1784231325172,1784231322447
151.08,6.5,1784231325206,1784231322489
151.11,1.5,1784231325239,1784231322517
151.15,10.5,1784231325273,1784231322560
151.18,3.5,1784231325307,1784231322587
151.20,-1.5,1784231325339,1784231322614
151.25,5.5,1784231325374,1784231322656
151.27,-0.5,1784231325408,1784231322684
151.32,9.5,1784231325441,1784231322727
151.34,2.5,1784231325475,1784231322754
151.39,10.5,1784231325508,1784231322795
151.41,5.6,1784231325541,1784231322823
151.44,-0.4,1784231325575,1784231322851
151.48,8.6,1784231325608,1784231322893
151.51,1.6,1784231325643,1784231322921
151.55,9.6,1784231325676,1784231322962
151.58,4.6,1784231325710,1784231322991
151.61,-0.4,1784231325743,1784231323019
151.65,6.6,1784231325777,1784231323060
151.68,1.6,1784231325810,1784231323088
151.72,9.6,1784231325844,1784231323130
151.75,3.6,1784231325878,1784231323158
151.78,-2.4,1784231325911,1784231323185
151.82,5.6,1784231325945,1784231323227
151.85,-0.4,1784231325979,1784231323255
151.89,7.6,1784231326012,1784231323296
151.91,3.6,1784231326045,1784231323325
151.96,10.6,1784231326079,1784231323366
151.98,4.6,1784231326113,1784231323394
152.01,-0.4,1784231326147,1784231323423
152.05,6.6,1784231326180,1784231323463
152.08,1.6,1784231326213,1784231323491
152.12,11.6,1784231326247,1784231323535
152.15,2.6,1784231326282,1784231323561
152.18,-1.4,1784231326314,1784231323589
152.22,6.6,1784231326348,1784231323631
152.25,0.6,1784231326382,1784231323659
152.29,8.6,1784231326415,1784231323700
152.32,1.6,1784231326450,1784231323728
152.35,-3.4,1784231326483,1784231323756
152.39,6.6,1784231326516,1784231323799
152.42,0.6,1784231326549,1784231323826
152.46,7.6,1784231326583,1784231323867
152.49,2.6,1784231326617,1784231323896
152.53,10.6,1784231326650,1784231323937
152.56,4.6,1784231326684,1784231323965
152.58,-1.4,1784231326718,1784231323993
152.62,8.6,1784231326750,1784231324035
152.65,-0.4,1784231326786,1784231324062
152.69,8.6,1784231326819,1784231324104
152.72,2.6,1784231326852,1784231324131
152.75,-2.4,1784231326886,1784231324160
152.79,4.6,1784231326920,1784231324201
152.82,-0.4,1784231326953,1784231324229
152.86,8.6,1784231326986,1784231324271
152.89,2.6,1784231327020,1784231324299
152.93,10.6,1784231327054,1784231324341
152.96,5.6,1784231327086,1784231324368
152.99,-0.4,1784231327121,1784231324397
153.03,7.6,1784231327154,1784231324438
153.06,1.6,1784231327188,1784231324466
153.10,9.6,1784231327222,1784231324508
153.13,3.6,1784231327256,1784231324536
153.15,-2.4,1784231327289,1784231324563
153.20,4.6,1784231327324,1784231324605
153.22,-0.4,1784231327356,1784231324632
153.27,8.6,1784231327390,1784231324675
153.29,3.6,1784231327423,1784231324703
153.32,-3.4,1784231327457,1784231324730
153.36,4.6,1784231327491,1784231324772
153.39,-1.4,1784231327524,1784231324799
153.43,7.4,1784231327557,1784231324841
153.46,1.4,1784231327591,1784231324869
153.50,9.4,1784231327625,1784231324911
153.53,4.4,1784231327659,1784231324940
153.56,-1.6,1784231327692,1784231324967
153.60,5.4,1784231327726,1784231325008
153.63,0.4,1784231327760,1784231325037
153.67,9.4,1784231327793,1784231325079
153.70,3.4,1784231327826,1784231325106
153.72,-3.6,1784231327860,1784231325133
153.77,5.4,1784231327893,1784231325175
153.79,-1.6,1784231327928,1784231325203
153.84,8.4,1784231327961,1784231325246
153.86,1.4,1784231327995,1784231325273
153.91,10.4,1784231328028,1784231325315
153.93,4.4,1784231328062,1784231325343
153.96,1.4,1784231328095,1784231325373
154.00,6.4,1784231328129,1784231325412
154.03,0.4,1784231328163,1784231325440
154.07,9.4,1784231328196,1784231325482
154.10,3.4,1784231328230,1784231325510
154.13,-1.6,1784231328263,1784231325538
154.17,4.4,1784231328298,1784231325579
154.20,-0.6,1784231328331,1784231325607
154.24,9.4,1784231328364,1784231325650
154.27,2.4,1784231328397,1784231325676
154.30,-2.6,1784231328431,1784231325705
154.34,4.4,1784231328465,1784231325746
154.36,-1.6,1784231328499,1784231325774
154.41,8.4,1784231328532,1784231325817
154.43,2.4,1784231328565,1784231325844
154.46,-2.6,1784231328600,1784231325874
154.50,3.4,1784231328633,1784231325913
154.53,-1.6,1784231328666,1784231325941
154.57,6.4,1784231328700,1784231325983
154.60,1.4,1784231328733,1784231326011
154.64,8.4,1784231328768,1784231326053
154.67,4.4,1784231328800,1784231326081
154.70,-1.6,1784231328834,1784231326109
154.74,6.4,1784231328867,1784231326150
154.77,-0.6,1784231328902,1784231326178
154.81,9.4,1784231328934,1784231326220
154.84,2.4,1784231328969,1784231326248
154.88,9.4,1784231329003,1784231326289
154.91,5.4,1784231329036,1784231326318
154.94,-1.6,1784231329070,1784231326345
154.98,6.4,1784231329104,1784231326387
155.01,1.4,1784231329136,1784231326414
155.03,-2.6,1784231329170,1784231326444
155.08,5.4,1784231329204,1784231326486
155.10,-2.6,1784231329238,1784231326512
155.14,6.4,1784231329271,1784231326554
155.17,0.4,1784231329305,1784231326582
155.22,9.4,1784231329340,1784231326626
155.24,2.4,1784231329373,1784231326652
155.27,-3.6,1784231329406,1784231326679
155.31,6.4,1784231329439,1784231326722
155.34,0.4,1784231329472,1784231326749
155.38,8.4,1784231329506,1784231326791
155.41,2.4,1784231329540,1784231326819
155.44,-4.3,1784231329574,1784231326846
155.48,5.7,1784231329607,1784231326889
155.51,-0.3,1784231329640,1784231326916
155.55,7.7,1784231329674,1784231326958
155.58,2.7,1784231329707,1784231326986
155.62,9.7,1784231329741,1784231327027
155.65,2.7,1784231329776,1784231327055
155.67,-1.3,1784231329809,1784231327084
155.72,8.7,1784231329842,1784231327127
155.74,0.7,1784231329876,1784231327153
155.79,9.7,1784231329909,1784231327195
155.81,2.7,1784231329943,1784231327222
155.84,-3.3,1784231329977,1784231327250
155.88,4.7,1784231330011,1784231327292
155.91,0.7,1784231330043,1784231327320
155.95,8.7,1784231330077,1784231327362
155.98,2.7,1784231330111,1784231327390
156.01,-2.3,1784231330145,1784231327419
156.05,5.7,1784231330178,1784231327460
156.08,-0.3,1784231330212,1784231327488
156.12,7.7,1784231330245,1784231327529
156.15,-0.3,1784231330280,1784231327556
156.19,8.7,1784231330313,1784231327598
156.22,7.7,1784231330346,1784231327630
156.24,-3.3,1784231330380,1784231327653
156.29,5.7,1784231330413,1784231327695
156.31,0.7,1784231330446,1784231327723
156.36,8.7,1784231330481,1784231327766
156.38,2.7,1784231330514,1784231327793
156.41,-3.3,1784231330548,1784231327821
156.45,5.7,1784231330581,1784231327863
156.48,-2.3,1784231330615,1784231327889
156.52,6.7,1784231330649,1784231327932
156.55,0.7,1784231330682,1784231327959
156.59,9.7,1784231330715,1784231328001
156.62,3.7,1784231330749,1784231328029
156.65,-1.3,1784231330783,1784231328058
156.69,6.7,1784231330816,1784231328099
156.72,2.7,1784231330850,1784231328129
156.76,8.7,1784231330884,1784231328169
156.79,1.7,1784231330918,1784231328196
156.82,-2.3,1784231330951,1784231328225
156.86,5.7,1784231330984,1784231328266
156.88,-1.3,1784231331018,1784231328293
156.93,7.7,1784231331052,1784231328336
156.95,1.7,1784231331086,1784231328364
157.00,9.7,1784231331119,1784231328405
157.02,5.7,1784231331152,1784231328434
157.05,-1.3,1784231331186,1784231328461
157.09,7.7,1784231331219,1784231328503
157.12,1.7,1784231331253,1784231328531
157.16,9.7,1784231331287,1784231328573
157.19,2.7,1784231331321,1784231328600
157.22,-0.3,1784231331355,1784231328631
157.26,6.7,1784231331387,1784231328670
157.29,-0.3,1784231331422,1784231328698
157.33,7.7,1784231331455,1784231328739
157.36,1.7,1784231331489,1784231328767
157.39,-3.3,1784231331522,1784231328795
157.43,5.9,1784231331555,1784231328837
157.46,-0.1,1784231331589,1784231328865
157.50,8.9,1784231331623,1784231328908
157.53,1.9,1784231331657,1784231328935
157.57,9.9,1784231331691,1784231328977
157.60,4.9,1784231331724,1784231329005
157.62,-1.1,1784231331757,1784231329032
157.66,5.9,1784231331791,1784231329073
157.69,0.9,1784231331825,1784231329102
157.72,-1.1,1784231331857,1784231329132
157.76,2.9,1784231331892,1784231329171
157.80,10.9,1784231331925,1784231329212
157.83,4.9,1784231331959,1784231329240
157.86,-0.1,1784231331992,1784231329268
157.90,7.9,1784231332026,1784231329310
157.93,1.9,1784231332060,1784231329338
157.97,10.9,1784231332095,1784231329382
158.00,3.9,1784231332128,1784231329408
158.03,-2.1,1784231332161,1784231329435
158.07,6.9,1784231332194,1784231329477
158.10,-0.1,1784231332228,1784231329504
158.14,9.9,1784231332261,1784231329547
158.16,2.9,1784231332295,1784231329574
158.19,-2.1,1784231332329,1784231329603
158.23,5.9,1784231332362,1784231329644
158.26,-1.1,1784231332397,1784231329672
158.30,8.9,1784231332429,1784231329714
158.33,1.9,1784231332463,1784231329741
158.37,10.9,1784231332497,1784231329784
158.40,4.9,1784231332530,1784231329811
158.43,-0.1,1784231332563,1784231329839
158.47,7.9,1784231332598,1784231329882
158.50,0.9,1784231332631,1784231329908
158.54,9.9,1784231332665,1784231329951
158.57,3.9,1784231332698,1784231329978
158.60,-1.1,1784231332731,1784231330006
158.64,6.9,1784231332765,1784231330048
158.67,0.9,1784231332799,1784231330076
158.71,9.9,1784231332832,1784231330118
158.74,3.9,1784231332866,1784231330146
158.76,-2.1,1784231332899,1784231330173
158.81,6.9,1784231332933,1784231330216
158.83,-1.1,1784231332968,1784231330243
158.88,7.9,1784231333001,1784231330285
158.90,2.9,1784231333034,1784231330313
158.94,8.9,1784231333069,1784231330354
158.97,4.9,1784231333101,1784231330382
159.00,-0.1,1784231333134,1784231330410
159.04,7.9,1784231333168,1784231330452
159.07,2.9,1784231333201,1784231330480
159.11,10.9,1784231333234,1784231330521
159.14,3.9,1784231333269,1784231330549
159.17,-1.1,1784231333303,1784231330578
159.21,6.9,1784231333337,1784231330620
159.24,0.9,1784231333370,1784231330647
159.28,8.9,1784231333404,1784231330689
159.31,4.9,1784231333437,1784231330718
159.34,-2.1,1784231333471,1784231330745
159.38,4.9,1784231333505,1784231330786
159.40,-1.1,1784231333538,1784231330813
159.45,8.1,1784231333572,1784231330856
159.47,3.1,1784231333605,1784231330884
159.52,10.1,1784231333639,1784231330925
159.54,6.1,1784231333672,1784231330954
159.57,-0.9,1784231333706,1784231330981
159.61,7.1,1784231333740,1784231331023
159.64,1.1,1784231333773,1784231331050
159.68,9.1,1784231333807,1784231331092
159.71,5.1,1784231333840,1784231331121
159.74,-0.9,1784231333874,1784231331149
159.78,6.1,1784231333908,1784231331190
159.81,1.1,1784231333941,1784231331218
159.85,9.1,1784231333974,1784231331259
159.88,4.1,1784231334008,1784231331288
159.91,-2.9,1784231334042,1784231331315
159.95,5.1,1784231334076,1784231331357
159.98,0.1,1784231334109,1784231331385
160.02,8.1,1784231334142,1784231331426
160.05,2.1,1784231334177,1784231331455
160.09,11.1,1784231334209,1784231331496
160.11,4.1,1784231334243,1784231331523
160.14,-0.9,1784231334277,1784231331552
160.18,8.1,1784231334310,1784231331594
160.21,0.1,1784231334345,1784231331621
160.25,8.1,1784231334378,1784231331662
160.28,4.1,1784231334411,1784231331691
160.31,-1.9,1784231334445,1784231331719
160.35,6.1,1784231334479,1784231331761
160.38,1.1,1784231334512,1784231331789
160.42,9.1,1784231334545,1784231331830
160.45,3.1,1784231334579,1784231331858
160.48,-2.9,1784231334613,1784231331886
160.52,4.1,1784231334647,1784231331927
160.55,0.1,1784231334680,1784231331956
160.59,8.1,1784231334713,1784231331997
160.62,2.1,1784231334747,1784231332025
160.64,-2.9,1784231334781,1784231332054
160.69,3.1,1784231334815,1784231332094
160.71,-0.9,1784231334848,1784231332123
160.75,6.1,1784231334882,1784231332164
160.78,0.1,1784231334916,1784231332192
160.82,9.1,1784231334949,1784231332234
160.85,3.1,1784231334983,1784231332262
160.88,-2.9,1784231335017,1784231332290
160.92,7.1,1784231335050,1784231332333
160.95,2.1,1784231335083,1784231332361
160.99,9.1,1784231335117,1784231332402
161.02,2.1,1784231335151,1784231332429
161.06,11.1,1784231335184,1784231332471
161.09,5.1,1784231335218,1784231332499
161.12,1.1,1784231335251,1784231332528
161.16,8.1,1784231335285,1784231332569
161.19,1.1,1784231335319,1784231332596
161.23,10.1,1784231335352,1784231332638
161.26,3.1,1784231335386,1784231332665
161.28,-2.9,1784231335420,1784231332693
161.33,7.1,1784231335453,1784231332736
161.35,1.1,1784231335487,1784231332764
161.40,10.1,1784231335520,1784231332806
161.42,4.1,1784231335554,1784231332834
161.45,-2.8,1784231335588,1784231332861
161.49,7.2,1784231335621,1784231332904
161.52,-0.8,1784231335655,1784231332930
161.56,8.2,1784231335688,1784231332972
161.59,2.2,1784231335722,1784231333000
161.63,9.2,1784231335756,1784231333041
161.66,4.2,1784231335789,1784231333069
161.69,-0.8,1784231335823,1784231333098
161.73,7.2,1784231335856,1784231333139
161.76,0.2,1784231335891,1784231333167
161.80,10.2,1784231335923,1784231333209
161.83,4.2,1784231335957,1784231333237
161.85,-1.8,1784231335990,1784231333264
161.90,6.2,1784231336025,1784231333307
161.92,-0.8,1784231336058,1784231333333
161.97,10.2,1784231336091,1784231333377
162.00,4.2,1784231336125,1784231333405
162.04,10.2,1784231336159,1784231333445
162.06,5.2,1784231336192,1784231333473
162.09,0.2,1784231336225,1784231333501
162.13,7.2,1784231336260,1784231333543
162.16,2.2,1784231336293,1784231333571
162.20,10.2,1784231336327,1784231333613
162.23,4.2,1784231336360,1784231333640
162.26,-0.8,1784231336394,1784231333669
162.30,6.2,1784231336428,1784231333710
162.33,2.2,1784231336460,1784231333738
162.37,9.2,1784231336495,1784231333780
162.40,2.2,1784231336529,1784231333807
162.43,-0.8,1784231336561,1784231333836
162.47,6.2,1784231336595,1784231333877
162.50,1.2,1784231336629,1784231333906
162.54,8.2,1784231336663,1784231333947
162.57,3.2,1784231336696,1784231333975
162.61,11.2,1784231336730,1784231334017
162.63,4.2,1784231336764,1784231334044
162.66,0.2,1784231336796,1784231334072
162.70,7.2,1784231336831,1784231334114
162.73,2.2,1784231336864,1784231334142
162.77,11.2,1784231336898,1784231334185
162.80,4.2,1784231336931,1784231334211
162.83,-1.8,1784231336965,1784231334239
162.87,7.2,1784231336998,1784231334281
162.90,1.2,1784231337032,1784231334309
162.94,8.2,1784231337066,1784231334350
162.97,5.2,1784231337099,1784231334380
163.00,-1.8,1784231337132,1784231334406
163.04,5.2,1784231337167,1784231334448
163.07,0.2,1784231337199,1784231334475
163.11,9.2,1784231337233,1784231334518
163.14,3.2,1784231337267,1784231334546
163.18,11.2,1784231337301,1784231334588
163.21,5.2,1784231337334,1784231334615
163.23,-0.8,1784231337368,1784231334643
163.27,8.2,1784231337401,1784231334685
163.30,3.2,1784231337435,1784231334714
163.35,8.2,1784231337470,1784231334754
163.37,6.2,1784231337502,1784231334784
163.40,-2.8,1784231337537,1784231334810
163.44,6.2,1784231337570,1784231334852
163.47,1.4,1784231337603,1784231334880
163.51,8.4,1784231337637,1784231334921
163.54,4.4,1784231337670,1784231334950
163.57,-1.6,1784231337704,1784231334978
163.61,6.4,1784231337737,1784231335019
163.64,0.4,1784231337771,1784231335047
163.68,7.4,1784231337805,1784231335088
163.71,3.4,1784231337838,1784231335117
163.75,11.4,1784231337871,1784231335158
163.78,4.4,1784231337906,1784231335186
163.80,-0.6,1784231337939,1784231335214
163.85,7.4,1784231337973,1784231335256
163.87,2.4,1784231338006,1784231335284
163.92,8.4,1784231338041,1784231335325
163.94,3.4,1784231338074,1784231335353
163.97,-1.6,1784231338107,1784231335381
164.01,6.4,1784231338141,1784231335423
164.04,1.4,1784231338175,1784231335452
164.08,7.4,1784231338209,1784231335492
164.11,2.4,1784231338242,1784231335520
164.14,-3.6,1784231338276,1784231335548
164.18,5.4,1784231338309,1784231335590
164.21,-0.6,1784231338342,1784231335617
164.25,6.4,1784231338377,1784231335659
164.28,2.4,1784231338409,1784231335687
164.32,11.4,1784231338443,1784231335730
164.35,4.4,1784231338477,1784231335757
164.38,-0.6,1784231338510,1784231335785
164.42,7.4,1784231338544,1784231335827
164.45,1.4,1784231338578,1784231335855
164.49,9.4,1784231338612,1784231335897
164.51,4.4,1784231338644,1784231335924
164.56,10.4,1784231338679,1784231335965
164.58,5.4,1784231338713,1784231335994
164.61,-0.6,1784231338746,1784231336021
164.65,8.4,1784231338780,1784231336064
164.68,3.4,1784231338812,1784231336091
164.71,-1.6,1784231338846,1784231336120
164.75,5.4,1784231338880,1784231336161
164.78,-0.6,1784231338914,1784231336189
164.82,7.4,1784231338947,1784231336230
164.85,1.4,1784231338981,1784231336258
164.89,10.4,1784231339014,1784231336300
164.92,4.4,1784231339048,1784231336328
164.95,-0.6,1784231339082,1784231336357
164.99,7.4,1784231339115,1784231336398
165.02,2.4,1784231339148,1784231336426
165.06,11.4,1784231339182,1784231336469
165.09,3.4,1784231339216,1784231336495
165.13,10.4,1784231339251,1784231336537
165.16,6.4,1784231339283,1784231336565
165.18,-0.6,1784231339317,1784231336592
165.22,8.4,1784231339350,1784231336634
165.25,2.4,1784231339385,1784231336663
165.29,10.4,1784231339418,1784231336704
165.32,4.4,1784231339451,1784231336731
165.35,-0.6,1784231339485,1784231336760
165.39,7.4,1784231339519,1784231336802
165.42,1.4,1784231339552,1784231336829
165.46,8.2,1784231339586,1784231336870
165.49,3.2,1784231339619,1784231336898
165.52,-2.8,1784231339653,1784231336926
165.56,6.2,1784231339686,1784231336968
165.59,0.2,1784231339720,1784231336996
165.63,9.2,1784231339753,1784231337038
165.66,2.2,1784231339787,1784231337065
165.68,-2.8,1784231339821,1784231337094
165.73,4.2,1784231339855,1784231337135
165.75,-0.8,1784231339888,1784231337163
165.80,7.2,1784231339921,1784231337204
165.82,3.2,1784231339955,1784231337234
165.86,10.2,1784231339989,1784231337275
165.89,3.2,1784231340023,1784231337302
165.92,-1.8,1784231340056,1784231337330
165.96,7.2,1784231340090,1784231337373
165.99,0.2,1784231340123,1784231337399
166.03,9.2,1784231340156,1784231337441
166.06,3.2,1784231340190,1784231337469
166.09,-2.8,1784231340224,1784231337497
166.13,5.2,1784231340257,1784231337538
166.16,-1.8,1784231340292,1784231337566
166.20,7.2,1784231340325,1784231337608
166.23,2.2,1784231340359,1784231337637
166.27,10.2,1784231340393,1784231337679
166.30,4.2,1784231340426,1784231337706
166.32,-1.8,1784231340460,1784231337734
166.37,7.2,1784231340493,1784231337776
166.40,3.2,1784231340526,1784231337805
166.44,10.2,1784231340559,1784231337845
166.46,4.2,1784231340593,1784231337873
166.49,-1.8,1784231340627,1784231337901
166.53,6.2,1784231340661,1784231337943
166.56,0.2,1784231340694,1784231337970
166.60,8.2,1784231340728,1784231338012
166.63,2.2,1784231340762,1784231338040
166.67,11.2,1784231340795,1784231338082
166.70,5.2,1784231340829,1784231338110
166.73,-0.8,1784231340862,1784231338137
166.77,7.2,1784231340896,1784231338179
166.80,0.2,1784231340930,1784231338206
166.84,10.2,1784231340963,1784231338249
166.87,3.2,1784231340997,1784231338276
166.90,-0.8,1784231341030,1784231338305
166.94,7.2,1784231341063,1784231338346
166.96,0.2,1784231341098,1784231338374
167.01,8.2,1784231341131,1784231338415
167.04,4.2,1784231341165,1784231338445
167.06,-1.8,1784231341198,1784231338472
167.10,5.2,1784231341232,1784231338513
167.13,-0.8,1784231341266,1784231338541
167.17,8.2,1784231341299,1784231338583
167.20,2.2,1784231341333,1784231338611
167.24,11.2,1784231341366,1784231338653
167.27,4.2,1784231341400,1784231338680
167.30,0.2,1784231341433,1784231338709
167.34,6.2,1784231341468,1784231338750
167.37,1.2,1784231341501,1784231338778
167.41,9.2,1784231341535,1784231338820
167.44,5.2,1784231341567,1784231338848
167.47,-1.7,1784231341602,1784231338876
167.51,6.3,1784231341635,1784231338917
167.54,0.3,1784231341669,1784231338945
167.58,9.3,1784231341702,1784231338987
167.61,4.3,1784231341735,1784231339015
167.63,-1.7,1784231341769,1784231339043
167.67,7.3,1784231341802,1784231339085
167.70,-0.7,1784231341837,1784231339112
167.74,7.3,1784231341870,1784231339153
167.77,2.3,1784231341904,1784231339182
167.81,9.3,1784231341938,1784231339223
167.84,3.3,1784231341972,1784231339251
167.87,-1.7,1784231342005,1784231339279
167.91,6.3,1784231342039,1784231339321
167.94,3.3,1784231342071,1784231339350
167.98,8.3,1784231342105,1784231339389
168.01,3.3,1784231342139,1784231339418
168.04,-2.7,1784231342173,1784231339446
168.08,5.3,1784231342207,1784231339488
168.11,0.3,1784231342240,1784231339516
168.15,7.3,1784231342274,1784231339557
168.18,2.3,1784231342307,1784231339585
168.22,10.3,1784231342341,1784231339627
168.25,5.3,1784231342374,1784231339655
168.27,-1.7,1784231342408,1784231339682
168.32,7.3,1784231342442,1784231339725
168.34,1.3,1784231342475,1784231339752
168.38,9.3,1784231342509,1784231339794
168.41,4.3,1784231342542,1784231339822
168.44,-1.7,1784231342575,1784231339849
168.48,7.3,1784231342609,1784231339892
168.51,0.3,1784231342643,1784231339919
168.55,9.3,1784231342676,1784231339961
168.58,3.3,1784231342710,1784231339989
168.61,-2.7,1784231342744,1784231340017
168.65,6.3,1784231342777,1784231340059
168.68,-0.7,1784231342811,1784231340086
168.72,7.3,1784231342845,1784231340128
168.75,2.3,1784231342879,1784231340157
168.79,11.3,1784231342911,1784231340198
168.82,6.3,1784231342945,1784231340227
168.84,-0.7,1784231342979,1784231340254
168.89,6.3,1784231343013,1784231340295
168.91,2.3,1784231343046,1784231340324
168.95,9.3,1784231343080,1784231340365
168.98,2.3,1784231343114,1784231340392
169.01,-1.7,1784231343147,1784231340421
169.05,5.3,1784231343181,1784231340462
169.08,0.3,1784231343214,1784231340490
169.12,8.3,1784231343247,1784231340531
169.15,1.3,1784231343282,1784231340559
169.19,10.3,1784231343316,1784231340602
169.22,4.3,1784231343350,1784231340630
169.25,-1.7,1784231343383,1784231340657
169.29,6.3,1784231343417,1784231340699
169.32,2.3,1784231343449,1784231340727
169.36,8.3,1784231343484,1784231340768
169.39,3.3,1784231343517,1784231340796
169.42,-2.7,1784231343551,1784231340824
169.46,6.3,1784231343584,1784231340866
169.48,0.6,1784231343618,1784231340894
169.53,9.6,1784231343651,1784231340936
169.55,2.6,1784231343685,1784231340963
169.58,-1.4,1784231343718,1784231340992
169.62,6.6,1784231343751,1784231341033
169.65,-0.4,1784231343786,1784231341061
169.69,8.6,1784231343819,1784231341103
169.72,2.6,1784231343852,1784231341130
169.76,10.6,1784231343886,1784231341172
169.79,4.6,1784231343920,1784231341200
169.82,-0.4,1784231343953,1784231341228
169.86,8.6,1784231343987,1784231341271
169.89,0.6,1784231344021,1784231341297
169.93,9.6,1784231344054,1784231341339
169.96,3.6,1784231344088,1784231341367
169.99,-1.4,1784231344121,1784231341395
170.03,6.6,1784231344156,1784231341438
170.05,0.6,1784231344189,1784231341465
170.10,9.6,1784231344222,1784231341507
170.13,3.6,1784231344256,1784231341535
170.15,-1.4,1784231344289,1784231341563
170.19,5.6,1784231344323,1784231341604
170.22,-1.4,1784231344357,1784231341631
170.27,9.6,1784231344390,1784231341675
170.30,6.6,1784231344424,1784231341706
170.34,16.6,1784231344456,1784231341748
170.35,-2.4,1784231344491,1784231341764
170.40,8.6,1784231344525,1784231341809
170.43,3.6,1784231344558,1784231341837
170.46,-2.4,1784231344592,1784231341865
170.50,7.6,1784231344625,1784231341908
170.53,2.6,1784231344659,1784231341937
170.56,-2.4,1784231344693,1784231341966
170.60,4.6,1784231344726,1784231342006
170.62,-0.4,1784231344759,1784231342034
170.67,7.6,1784231344794,1784231342077
170.69,1.6,1784231344827,1784231342104
170.74,10.6,1784231344860,1784231342146
170.77,5.6,1784231344894,1784231342175
170.79,-1.4,1784231344928,1784231342202
170.83,6.6,1784231344962,1784231342244
170.86,0.6,1784231344995,1784231342271
170.90,8.6,1784231345029,1784231342313
170.93,3.6,1784231345062,1784231342341
170.96,-1.4,1784231345096,1784231342370
171.00,5.6,1784231345130,1784231342411
171.03,0.6,1784231345163,1784231342439
171.07,8.6,1784231345197,1784231342481
171.10,2.6,1784231345231,1784231342509
171.13,1.6,1784231345263,1784231342540
171.17,10.6,1784231345297,1784231342583
171.20,2.6,1784231345331,1784231342609
171.24,10.6,1784231345364,1784231342650
171.29,29.6,1784231345398,1784231342703
171.31,10.6,1784231345432,1784231342718
171.34,5.6,1784231345465,1784231342746
171.36,-0.4,1784231345498,1784231342773
171.41,6.6,1784231345532,1784231342814
171.43,1.6,1784231345566,1784231342843
171.47,9.3,1784231345599,1784231342884
171.50,3.3,1784231345633,1784231342912
171.53,-2.7,1784231345667,1784231342940
171.57,5.3,1784231345700,1784231342981
171.60,0.3,1784231345734,1784231343010
171.64,7.3,1784231345768,1784231343051
171.67,3.3,1784231345801,1784231343080
171.70,-1.7,1784231345834,1784231343108
171.74,4.3,1784231345868,1784231343148
171.77,-1.7,1784231345902,1784231343176
171.81,8.3,1784231345935,1784231343219
171.84,2.3,1784231345969,1784231343247
171.88,10.3,1784231346002,1784231343288
171.91,5.3,1784231346036,1784231343317
171.93,-2.7,1784231346070,1784231343343
171.98,5.3,1784231346104,1784231343385
172.00,-0.7,1784231346138,1784231343413
172.05,7.3,1784231346172,1784231343455
172.07,3.3,1784231346204,1784231343483
172.10,-1.7,1784231346238,1784231343512
172.14,4.3,1784231346273,1784231343553
172.17,-0.7,1784231346306,1784231343581
172.21,7.3,1784231346339,1784231343622
172.24,3.3,1784231346372,1784231343651
172.28,10.3,1784231346406,1784231343692
172.31,4.3,1784231346440,1784231343720
172.34,-0.7,1784231346473,1784231343748
172.38,6.3,1784231346507,1784231343789
172.41,2.3,1784231346540,1784231343818
172.45,9.3,1784231346574,1784231343859
172.48,4.3,1784231346608,1784231343888
172.51,-1.7,1784231346641,1784231343915
172.55,6.3,1784231346675,1784231343957
172.57,0.3,1784231346708,1784231343984
172.62,8.3,1784231346742,1784231344026
172.64,2.3,1784231346775,1784231344053
172.67,-2.7,1784231346809,1784231344082
172.71,5.3,1784231346843,1784231344124
172.74,0.3,1784231346876,1784231344152
172.78,7.3,1784231346910,1784231344193
172.81,1.3,1784231346944,1784231344221
172.85,9.3,1784231346978,1784231344263
172.88,6.3,1784231347010,1784231344292
172.91,-1.7,1784231347044,1784231344318
172.95,7.3,1784231347077,1784231344360
172.98,1.3,1784231347111,1784231344388
173.02,9.3,1784231347145,1784231344430
173.05,4.3,1784231347178,1784231344458
173.08,-3.7,1784231347213,1784231344485
173.12,5.3,1784231347246,1784231344527
173.15,0.3,1784231347279,1784231344555
173.19,8.3,1784231347313,1784231344597
173.22,1.3,1784231347347,1784231344624
173.24,-1.7,1784231347380,1784231344654
173.28,5.3,1784231347413,1784231344694
173.31,-0.7,1784231347447,1784231344722
173.35,7.3,1784231347481,1784231344764
173.38,0.3,1784231347515,1784231344791
173.42,9.3,1784231347549,1784231344834
173.45,3.3,1784231347582,1784231344861
173.48,-2.8,1784231347616,1784231344889
173.52,6.2,1784231347649,1784231344931
173.55,0.2,1784231347683,1784231344959
173.59,9.2,1784231347716,1784231345001
173.62,4.2,1784231347749,1784231345029
173.65,-2.8,1784231347784,1784231345057
173.69,5.2,1784231347817,1784231345098
173.72,-0.8,1784231347851,1784231345126
173.76,8.2,1784231347884,1784231345168
173.79,3.2,1784231347917,1784231345196
173.83,10.2,1784231347951,1784231345237
173.86,4.2,1784231347985,1784231345265
173.88,-1.8,1784231348020,1784231345294
173.93,8.2,1784231348052,1784231345336
173.95,1.2,1784231348086,1784231345363
174.00,9.2,1784231348119,1784231345404
174.02,4.2,1784231348153,1784231345433
174.05,-2.8,1784231348187,1784231345460
174.09,5.2,1784231348221,1784231345502
174.12,0.2,1784231348254,1784231345530
174.16,9.2,1784231348287,1784231345572
174.19,4.2,1784231348320,1784231345600
174.22,-1.8,1784231348354,1784231345628
174.26,6.2,1784231348388,1784231345670
174.29,-0.8,1784231348422,1784231345697
174.33,7.2,1784231348456,1784231345739
174.36,2.2,1784231348489,1784231345767
174.40,9.2,1784231348523,1784231345808
174.43,4.2,1784231348556,1784231345836
174.45,-0.8,1784231348589,1784231345864
174.50,6.2,1784231348623,1784231345905
174.52,1.2,1784231348656,1784231345933
174.57,8.2,1784231348691,1784231345975
174.59,3.2,1784231348724,1784231346003
174.62,-2.8,1784231348758,1784231346031
174.66,5.2,1784231348792,1784231346073
174.69,-0.8,1784231348825,1784231346100
174.73,8.2,1784231348858,1784231346142
174.76,2.2,1784231348892,1784231346170
174.80,10.2,1784231348926,1784231346212
174.83,5.2,1784231348959,1784231346240
174.86,-0.8,1784231348993,1784231346268
174.90,6.2,1784231349027,1784231346309
174.93,0.2,1784231349061,1784231346337
174.97,9.2,1784231349094,1784231346379
175.00,2.2,1784231349128,1784231346406
175.03,-1.8,1784231349161,1784231346435
175.07,5.2,1784231349195,1784231346476
175.09,0.2,1784231349228,1784231346504
175.14,8.2,1784231349262,1784231346546
175.16,3.2,1784231349295,1784231346574
175.21,11.2,1784231349328,1784231346615
175.23,5.2,1784231349363,1784231346644
175.26,-0.8,1784231349396,1784231346671
175.31,10.2,1784231349430,1784231346716
175.33,4.2,1784231349463,1784231346743
175.36,-2.8,1784231349497,1784231346770
175.40,4.2,1784231349531,1784231346811
175.43,-0.8,1784231349564,1784231346839
175.47,7.2,1784231349597,1784231346880
175.50,1.3,1784231349631,1784231346908
175.54,9.3,1784231349665,1784231346950
175.57,2.3,1784231349699,1784231346977
175.60,-1.7,1784231349732,1784231347006
175.64,7.3,1784231349765,1784231347048
175.67,0.3,1784231349799,1784231347075
175.71,8.3,1784231349833,1784231347117
175.73,2.3,1784231349866,1784231347144
175.78,12.3,1784231349899,1784231347187
175.80,5.3,1784231349933,1784231347214
175.83,-0.7,1784231349967,1784231347242
175.87,7.3,1784231350001,1784231347284
175.90,0.3,1784231350035,1784231347311
175.94,9.3,1784231350068,1784231347353
175.97,4.3,1784231350101,1784231347381
176.00,-2.7,1784231350135,1784231347408
176.04,5.3,1784231350169,1784231347450
176.07,0.3,1784231350203,1784231347479
176.11,8.3,1784231350237,1784231347521
176.14,2.3,1784231350270,1784231347548
176.17,-2.7,1784231350303,1784231347576
176.21,7.3,1784231350336,1784231347619
176.24,-0.7,1784231350371,1784231347646
176.28,7.3,1784231350405,1784231347688
176.31,1.3,1784231350438,1784231347715
176.33,-2.7,1784231350471,1784231347744
176.38,4.3,1784231350505,1784231347785
176.40,-1.7,1784231350538,1784231347812
176.45,6.3,1784231350573,1784231347855
176.47,0.3,1784231350606,1784231347882
176.51,8.3,1784231350639,1784231347923
176.54,4.3,1784231350673,1784231347953
176.57,-2.7,1784231350706,1784231347979
176.61,6.3,1784231350740,1784231348022
176.64,1.3,1784231350773,1784231348050
176.68,8.3,1784231350807,1784231348091
176.71,2.3,1784231350841,1784231348119
176.74,-2.7,1784231350874,1784231348147
176.78,4.3,1784231350908,1784231348188
176.81,1.3,1784231350941,1784231348218
176.85,7.3,1784231350975,1784231348258
176.88,1.3,1784231351009,1784231348286
176.92,10.3,1784231351042,1784231348328
176.95,5.3,1784231351075,1784231348356
176.97,-0.7,1784231351109,1784231348384
177.02,6.3,1784231351143,1784231348425
177.05,2.3,1784231351177,1784231348455
177.09,8.3,1784231351211,1784231348495
177.11,3.3,1784231351244,1784231348523
177.15,10.3,1784231351278,1784231348564
177.18,6.3,1784231351311,1784231348593
177.21,0.3,1784231351345,1784231348621
177.25,7.3,1784231351379,1784231348662
177.28,2.3,1784231351412,1784231348690
177.32,11.3,1784231351445,1784231348732
177.35,4.3,1784231351480,1784231348760
177.38,-1.7,1784231351513,1784231348787
177.42,7.3,1784231351546,1784231348829
177.45,1.3,1784231351580,1784231348857
177.49,8.1,1784231351614,1784231348898
177.52,4.1,1784231351647,1784231348927
177.55,-0.9,1784231351680,1784231348955
177.59,5.1,1784231351715,1784231348996
177.61,1.1,1784231351747,1784231349024
177.66,10.1,1784231351781,1784231349067
177.68,3.1,1784231351815,1784231349094
177.71,-1.9,1784231351848,1784231349122
177.75,4.1,1784231351883,1784231349163
177.78,-1.9,1784231351917,1784231349191
177.82,7.1,1784231351950,1784231349233
177.85,2.1,1784231351983,1784231349261
177.89,9.1,1784231352017,1784231349302
177.92,5.1,1784231352050,1784231349331
177.95,-1.9,1784231352084,1784231349358
177.99,7.1,1784231352117,1784231349400
178.02,1.1,1784231352151,1784231349428
178.06,9.1,1784231352185,1784231349470
178.09,3.1,1784231352219,1784231349498
178.12,-2.9,1784231352252,1784231349525
178.16,6.1,1784231352286,1784231349568
178.19,-0.9,1784231352320,1784231349595
178.23,9.1,1784231352352,1784231349637
178.25,2.1,1784231352386,1784231349664
178.30,10.1,1784231352420,1784231349706
178.32,4.1,1784231352454,1784231349734
178.35,-1.9,1784231352488,1784231349762
178.39,7.1,1784231352521,1784231349804
178.42,1.1,1784231352554,1784231349831
178.46,9.1,1784231352588,1784231349873
178.49,4.1,1784231352622,1784231349902
178.52,-1.9,1784231352655,1784231349929
178.56,6.1,1784231352689,1784231349971
178.59,0.1,1784231352723,1784231349999
178.63,9.1,1784231352755,1784231350040
178.66,4.1,1784231352789,1784231350069
178.69,-2.9,1784231352823,1784231350096
178.73,5.1,1784231352857,1784231350138
178.76,-0.9,1784231352891,1784231350166
178.80,7.1,1784231352924,1784231350207
178.83,1.1,1784231352958,1784231350235
178.87,10.1,1784231352991,1784231350277
178.90,4.1,1784231353025,1784231350305
178.92,-0.9,1784231353058,1784231350333
178.96,7.1,1784231353092,1784231350375
178.99,1.1,1784231353126,1784231350403
179.03,9.1,1784231353159,1784231350444
179.06,4.1,1784231353193,1784231350473
179.09,-1.9,1784231353226,1784231350500
179.13,7.1,1784231353259,1784231350542
179.16,0.1,1784231353294,1784231350570
179.20,8.1,1784231353327,1784231350611
179.23,3.1,1784231353360,1784231350639
179.26,-2.9,1784231353394,1784231350667
179.30,5.1,1784231353428,1784231350709
179.33,-0.9,1784231353461,1784231350736
179.37,8.1,1784231353494,1784231350778
179.40,3.1,1784231353528,1784231350807
179.43,-2.9,1784231353562,1784231350835
179.47,5.1,1784231353596,1784231350877
179.49,-3.0,1784231353630,1784231350903
179.54,7.0,1784231353663,1784231350946
179.56,1.0,1784231353696,1784231350973
179.60,8.0,1784231353730,1784231351014
179.63,2.0,1784231353764,1784231351042
179.66,-3.0,1784231353797,1784231351070
179.70,5.0,1784231353831,1784231351112
179.73,-1.0,1784231353865,1784231351140
179.77,7.0,1784231353898,1784231351181
179.80,1.0,1784231353932,1784231351209
179.84,11.0,1784231353965,1784231351252
179.87,5.0,1784231353998,1784231351279
179.90,-2.0,1784231354033,1784231351307
179.94,6.0,1784231354066,1784231351348
179.97,1.0,1784231354100,1784231351377
180.01,8.0,1784231354134,1784231351418
180.04,4.0,1784231354167,1784231351447
180.07,-2.0,1784231354201,1784231351475
180.11,4.0,1784231354235,1784231351515
180.13,1.0,1784231354267,1784231351544
180.18,8.0,1784231354302,1784231351586
180.20,4.0,1784231354334,1784231351614
180.23,-3.0,1784231354368,1784231351641
180.27,5.0,1784231354402,1784231351683
180.30,-1.0,1784231354436,1784231351711
180.34,7.0,1784231354470,1784231351753
180.37,3.0,1784231354503,1784231351782
180.41,9.0,1784231354537,1784231351822
180.44,4.0,1784231354571,1784231351851
180.47,-2.0,1784231354604,1784231351878
180.51,7.0,1784231354637,1784231351920
180.54,1.0,1784231354671,1784231351948
180.58,9.0,1784231354704,1784231351989
180.61,4.0,1784231354738,1784231352018
180.64,-3.0,1784231354772,1784231352045
180.68,5.0,1784231354805,1784231352086
180.71,0.0,1784231354839,1784231352115
180.75,7.0,1784231354873,1784231352156
180.78,2.0,1784231354907,1784231352185
180.82,11.0,1784231354939,1784231352226
180.84,5.0,1784231354974,1784231352255
180.87,0.0,1784231355007,1784231352283
180.91,8.0,1784231355040,1784231352324
180.94,1.0,1784231355074,1784231352351
180.98,10.0,1784231355108,1784231352394
181.01,4.0,1784231355141,1784231352421
181.04,-1.0,1784231355175,1784231352450
181.08,6.0,1784231355208,1784231352490
181.11,1.0,1784231355242,1784231352519
181.15,10.0,1784231355275,1784231352561
181.18,3.0,1784231355309,1784231352588
181.21,-2.0,1784231355342,1784231352616
181.25,5.0,1784231355377,1784231352658
181.28,1.0,1784231355409,1784231352686
181.32,7.0,1784231355444,1784231352727
181.35,1.0,1784231355478,1784231352755
181.39,10.0,1784231355511,1784231352797
181.42,4.0,1784231355545,1784231352825
181.44,-2.0,1784231355579,1784231352853
181.48,7.0,1784231355611,1784231352894
181.51,1.3,1784231355646,1784231352923
181.56,10.3,1784231355679,1784231352965
181.58,3.3,1784231355713,1784231352992
181.61,-2.7,1784231355746,1784231353019
181.65,5.3,1784231355780,1784231353061
181.68,1.3,1784231355813,1784231353090
181.72,9.3,1784231355846,1784231353131
181.75,1.3,1784231355881,1784231353158
181.78,-2.7,1784231355914,1784231353187
181.82,6.3,1784231355947,1784231353229
181.85,-0.7,1784231355981,1784231353256
181.89,7.3,1784231356015,1784231353298
181.92,2.3,1784231356049,1784231353327
181.96,11.3,1784231356082,1784231353369
181.99,3.3,1784231356116,1784231353395
182.01,-1.7,1784231356150,1784231353424
182.06,6.3,1784231356183,1784231353465
182.08,0.3,1784231356217,1784231353493
182.13,9.3,1784231356250,1784231353535
182.15,2.3,1784231356284,1784231353562
182.18,-2.7,1784231356318,1784231353591
182.22,5.3,1784231356351,1784231353632
182.25,-0.7,1784231356385,1784231353660
182.29,11.3,1784231356416,1784231353703
182.32,3.3,1784231356451,1784231353730
182.36,10.3,1784231356485,1784231353771
182.39,4.3,1784231356519,1784231353799
182.42,1.3,1784231356554,1784231353831
182.46,7.3,1784231356586,1784231353869
182.49,1.3,1784231356619,1784231353896
182.53,9.3,1784231356653,1784231353938
182.56,2.3,1784231356687,1784231353965
182.58,-3.7,1784231356721,1784231353993
182.63,5.3,1784231356754,1784231354035
182.65,0.3,1784231356787,1784231354063
182.70,7.3,1784231356822,1784231354105
182.72,2.3,1784231356855,1784231354133
182.76,10.3,1784231356888,1784231354174
182.79,4.3,1784231356922,1784231354202
182.82,-0.7,1784231356955,1784231354230
182.86,7.3,1784231356989,1784231354272
182.89,1.3,1784231357023,1784231354300
182.93,8.3,1784231357057,1784231354341
182.96,3.3,1784231357090,1784231354369
182.99,-1.7,1784231357123,1784231354397
183.03,6.3,1784231357157,1784231354439
183.06,0.3,1784231357191,1784231354467
183.10,9.3,1784231357224,1784231354509
183.13,3.3,1784231357258,1784231354537
183.16,-3.7,1784231357292,1784231354564
183.20,5.3,1784231357325,1784231354606
183.23,-0.7,1784231357359,1784231354634
183.27,7.3,1784231357392,1784231354675
183.29,2.3,1784231357426,1784231354704
183.34,10.3,1784231357460,1784231354746
183.36,5.3,1784231357493,1784231354774
183.39,-1.7,1784231357527,1784231354801
183.43,0.3,1784231357561,1784231354837
183.46,0.3,1784231357594,1784231354870
183.50,9.6,1784231357628,1784231354913
183.53,3.6,1784231357661,1784231354940
183.56,-2.4,1784231357695,1784231354968
183.60,6.6,1784231357728,1784231355010
183.63,-0.4,1784231357763,1784231355038
183.67,8.6,1784231357796,1784231355080
183.70,1.6,1784231357830,1784231355107
183.73,-2.4,1784231357863,1784231355136
183.77,6.6,1784231357896,1784231355178
183.80,-0.4,1784231357930,1784231355205
183.84,9.6,1784231357963,1784231355248
183.87,2.6,1784231357997,1784231355275
183.91,11.6,1784231358031,1784231355318
183.93,4.6,1784231358064,1784231355344
183.96,-1.4,1784231358098,1784231355372
184.00,6.6,1784231358132,1784231355414
184.03,0.6,1784231358166,1784231355442
184.07,9.6,1784231358199,1784231355484
184.10,3.6,1784231358232,1784231355511
184.13,-2.4,1784231358266,1784231355539
184.17,5.6,1784231358300,1784231355581
184.20,0.6,1784231358333,1784231355609
184.24,9.6,1784231358366,1784231355651
184.27,2.6,1784231358400,1784231355678
184.31,10.6,1784231358434,1784231355720
184.34,8.6,1784231358467,1784231355751
184.37,-2.4,1784231358502,1784231355775
184.41,7.6,1784231358534,1784231355817
184.44,2.6,1784231358568,1784231355846
184.48,9.6,1784231358602,1784231355887
184.51,5.6,1784231358635,1784231355916
184.53,-1.4,1784231358669,1784231355943
184.58,7.6,1784231358702,1784231355985
184.60,0.6,1784231358736,1784231356012
184.64,8.6,1784231358770,1784231356054
184.67,2.6,1784231358804,1784231356082
184.71,12.6,1784231358836,1784231356124
184.74,6.6,1784231358870,1784231356152
184.77,-0.4,1784231358904,1784231356179
184.81,7.6,1784231358938,1784231356221
184.85,16.6,1784231358971,1784231356263
184.88,10.6,1784231359005,1784231356291
184.91,5.6,1784231359038,1784231356319
184.94,-2.4,1784231359073,1784231356346
184.98,7.6,1784231359106,1784231356389
185.01,2.6,1784231359139,1784231356417
185.05,9.6,1784231359173,1784231356458
185.08,2.6,1784231359207,1784231356485
185.10,-1.4,1784231359240,1784231356514
185.15,5.6,1784231359274,1784231356555
185.17,1.6,1784231359307,1784231356584
185.22,8.6,1784231359341,1784231356625
185.24,1.6,1784231359375,1784231356652
185.27,-2.4,1784231359408,1784231356681
185.31,6.6,1784231359441,1784231356723
185.34,0.6,1784231359475,1784231356751
185.38,7.6,1784231359509,1784231356792
185.41,1.6,1784231359543,1784231356820
185.45,9.6,1784231359576,1784231356861
185.48,2.6,1784231359611,1784231356889
185.51,-0.3,1784231359644,1784231356919
185.55,6.7,1784231359677,1784231356959
185.58,0.7,1784231359711,1784231356987
185.62,9.7,1784231359744,1784231357029
185.65,3.7,1784231359778,1784231357057
185.67,-2.3,1784231359811,1784231357084
185.72,5.7,1784231359845,1784231357126
185.74,0.7,1784231359878,1784231357154
185.79,7.7,1784231359912,1784231357195
185.82,7.7,1784231359946,1784231357229
185.88,30.7,1784231359980,1784231357286
185.88,-2.3,1784231360013,1784231357286
185.92,8.7,1784231360046,1784231357330
185.95,4.7,1784231360080,1784231357360
185.99,14.7,1784231360113,1784231357403
186.02,8.7,1784231360147,1784231357431
186.05,2.7,1784231360181,1784231357459
186.08,-2.3,1784231360215,1784231357488
186.12,6.7,1784231360248,1784231357530
186.15,-0.3,1784231360282,1784231357557
186.19,8.7,1784231360315,1784231357599
186.22,3.7,1784231360349,1784231357628
186.25,-2.3,1784231360382,1784231357655
186.29,4.7,1784231360416,1784231357696
186.31,-0.3,1784231360450,1784231357725
186.36,9.7,1784231360483,1784231357768
186.39,3.7,1784231360517,1784231357796
186.43,10.7,1784231360551,1784231357837
186.46,5.7,1784231360584,1784231357865
186.48,-0.3,1784231360618,1784231357893
186.52,5.7,1784231360652,1784231357933
186.55,1.7,1784231360685,1784231357962
186.59,8.7,1784231360719,1784231358003
186.62,2.7,1784231360752,1784231358030
186.65,-3.3,1784231360786,1784231358058
186.69,5.7,1784231360819,1784231358100
186.72,0.7,1784231360852,1784231358128
186.76,8.7,1784231360886,1784231358170
186.79,2.7,1784231360920,1784231358198
186.82,-3.3,1784231360954,1784231358226
186.86,5.7,1784231360987,1784231358268
186.89,-1.3,1784231361021,1784231358295
186.93,6.7,1784231361055,1784231358337
186.96,1.7,1784231361088,1784231358365
187.00,9.7,1784231361122,1784231358407
187.03,5.7,1784231361155,1784231358436
187.05,-1.3,1784231361189,1784231358463
187.09,5.7,1784231361223,1784231358504
187.12,1.7,1784231361256,1784231358533
187.17,9.7,1784231361290,1784231358575
187.19,3.7,1784231361324,1784231358603
187.22,-1.3,1784231361356,1784231358630
187.26,5.7,1784231361390,1784231358671
187.29,1.7,1784231361424,1784231358701
187.33,7.7,1784231361458,1784231358741
187.36,1.7,1784231361492,1784231358769
187.39,-2.3,1784231361525,1784231358798
187.43,4.7,1784231361558,1784231358838
187.46,0.7,1784231361592,1784231358868
187.50,8.7,1784231361625,1784231358909
187.53,1.8,1784231361660,1784231358937
187.57,9.8,1784231361693,1784231358978
187.60,4.8,1784231361726,1784231359006
187.62,-1.2,1784231361760,1784231359034
187.67,6.8,1784231361794,1784231359076
187.69,0.8,1784231361827,1784231359103
187.74,8.8,1784231361861,1784231359145
187.76,2.8,1784231361894,1784231359172
187.80,10.8,1784231361928,1784231359214
187.83,5.8,1784231361962,1784231359243
187.86,-0.2,1784231361995,1784231359270
187.90,7.8,1784231362029,1784231359312
187.93,1.8,1784231362062,1784231359339
187.97,9.8,1784231362096,1784231359381
188.00,3.8,1784231362130,1784231359409
188.03,-1.2,1784231362163,1784231359437
188.07,5.8,1784231362197,1784231359478
188.10,0.8,1784231362230,1784231359506
188.14,8.8,1784231362264,1784231359548
188.17,3.8,1784231362297,1784231359576
188.19,-2.2,1784231362331,1784231359604
188.24,4.8,1784231362366,1784231359646
188.26,0.8,1784231362398,1784231359674
188.31,9.8,1784231362432,1784231359717
188.33,2.8,1784231362466,1784231359744
188.36,-3.2,1784231362499,1784231359771
188.40,4.8,1784231362532,1784231359812
188.43,-1.2,1784231362567,1784231359841
188.47,7.8,1784231362600,1784231359883
188.50,0.8,1784231362634,1784231359910
188.54,11.8,1784231362667,1784231359954
188.57,3.8,1784231362701,1784231359980
188.60,-1.2,1784231362734,1784231360008
188.64,6.8,1784231362769,1784231360051
188.67,1.8,1784231362802,1784231360079
188.71,8.8,1784231362835,1784231360119
188.74,2.8,1784231362869,1784231360147
188.77,-2.2,1784231362902,1784231360175
188.81,6.8,1784231362935,1784231360217
188.83,-1.2,1784231362970,1784231360244
188.88,8.8,1784231363003,1784231360287
188.90,1.8,1784231363037,1784231360314
188.95,10.8,1784231363071,1784231360357
188.97,4.8,1784231363104,1784231360384
189.00,-0.2,1784231363137,1784231360412
189.04,7.8,1784231363171,1784231360454
189.07,0.8,1784231363205,1784231360481
189.10,-1.2,1784231363238,1784231360512
189.16,21.8,1784231363272,1784231360569
189.18,2.8,1784231363306,1784231360584
189.21,0.8,1784231363339,1784231360615
189.25,9.8,1784231363373,1784231360658
189.28,6.8,1784231363406,1784231360688
189.31,-0.2,1784231363440,1784231360715
189.35,9.8,1784231363474,1784231360759
189.38,5.8,1784231363506,1784231360787
189.40,-2.2,1784231363541,1784231360814
189.45,7.8,1784231363574,1784231360857
189.47,0.8,1784231363608,1784231360884
189.52,10.6,1784231363641,1784231360927
189.55,6.6,1784231363675,1784231360957
189.57,-2.4,1784231363709,1784231360982
189.61,6.6,1784231363742,1784231361024
189.64,-0.4,1784231363776,1784231361051
189.68,8.6,1784231363810,1784231361094
189.71,1.6,1784231363844,1784231361121
189.74,-3.4,1784231363877,1784231361149
189.78,4.6,1784231363910,1784231361190
189.81,0.6,1784231363944,1784231361220
189.85,7.6,1784231363978,1784231361261
189.88,1.6,1784231364011,1784231361288
189.92,10.6,1784231364044,1784231361330
189.95,3.6,1784231364079,1784231361358
189.98,-1.4,1784231364112,1784231361386
190.02,7.6,1784231364145,1784231361428
190.05,1.6,1784231364179,1784231361456
190.09,8.6,1784231364213,1784231361497
190.12,2.6,1784231364246,1784231361524
190.14,-2.4,1784231364280,1784231361553
190.19,6.6,1784231364313,1784231361595
190.21,-0.4,1784231364347,1784231361622
190.25,7.6,1784231364381,1784231361664
190.28,2.6,1784231364414,1784231361692
190.32,10.6,1784231364448,1784231361734
190.35,4.6,1784231364481,1784231361761
190.38,-0.4,1784231364515,1784231361790
190.42,7.6,1784231364549,1784231361832
190.45,2.6,1784231364582,1784231361860
190.49,9.6,1784231364616,1784231361901
190.52,3.6,1784231364650,1784231361929
190.55,-2.4,1784231364684,1784231361957
190.59,7.6,1784231364716,1784231361999
190.62,1.6,1784231364750,1784231362027
190.66,8.6,1784231364784,1784231362068
190.69,3.6,1784231364817,1784231362096
190.71,-2.4,1784231364851,1784231362124
190.76,4.6,1784231364885,1784231362165
190.78,0.6,1784231364918,1784231362194
190.83,9.6,1784231364951,1784231362236
190.85,3.6,1784231364985,1784231362264
190.90,9.6,1784231365020,1784231362305
190.92,4.6,1784231365053,1784231362333
190.95,-0.4,1784231365086,1784231362361
190.99,6.6,1784231365120,1784231362402
191.02,1.6,1784231365153,1784231362430
191.06,8.6,1784231365187,1784231362471
191.09,3.6,1784231365221,1784231362500
191.12,-1.4,1784231365254,1784231362528
191.16,5.6,1784231365288,1784231362569
191.19,0.6,1784231365321,1784231362597
191.23,8.6,1784231365355,1784231362639
191.26,2.6,1784231365389,1784231362667
191.29,-2.4,1784231365422,1784231362695
191.33,5.6,1784231365456,1784231362737
191.35,-1.4,1784231365490,1784231362764
191.40,7.6,1784231365523,1784231362806
191.42,2.6,1784231365556,1784231362834
191.47,9.6,1784231365591,1784231362876
191.49,3.6,1784231365625,1784231362904
191.52,-1.1,1784231365658,1784231362932
191.56,5.9,1784231365692,1784231362973
191.59,0.9,1784231365725,1784231363001
191.63,9.9,1784231365758,1784231363043
191.66,3.9,1784231365791,1784231363070
191.69,-1.1,1784231365825,1784231363099
191.73,6.9,1784231365859,1784231363141
191.76,-0.1,1784231365893,1784231363168
191.80,8.9,1784231365926,1784231363210
191.83,2.9,1784231365960,1784231363238
191.87,11.9,1784231365993,1784231363280
191.90,5.9,1784231366027,1784231363308
191.93,0.9,1784231366060,1784231363336
191.97,6.9,1784231366095,1784231363377
192.00,0.9,1784231366128,1784231363404
192.04,9.9,1784231366161,1784231363446
192.06,4.9,1784231366195,1784231363475
192.09,-1.1,1784231366229,1784231363503
192.13,6.9,1784231366262,1784231363544
192.16,1.9,1784231366295,1784231363572
192.20,10.9,1784231366329,1784231363615
192.23,2.9,1784231366363,1784231363641
192.26,-2.1,1784231366396,1784231363669
192.30,5.9,1784231366430,1784231363711
192.33,0.9,1784231366463,1784231363739
192.37,6.9,1784231366498,1784231363780
192.40,2.9,1784231366531,1784231363809
192.44,10.9,1784231366565,1784231363851
192.47,4.9,1784231366598,1784231363878
192.50,-1.1,1784231366632,1784231363906
192.54,6.9,1784231366666,1784231363948
192.57,1.9,1784231366698,1784231363975
192.61,8.9,1784231366733,1784231364017
192.64,3.9,1784231366766,1784231364045
192.66,-2.1,1784231366800,1784231364073
192.71,5.9,1784231366834,1784231364115
192.73,-0.1,1784231366867,1784231364142
192.78,8.9,1784231366900,1784231364184
192.80,1.9,1784231366935,1784231364212
192.83,-3.1,1784231366968,1784231364240
192.87,4.9,1784231367002,1784231364282
192.90,-0.1,1784231367034,1784231364309
192.94,6.9,1784231367069,1784231364351
192.97,1.9,1784231367102,1784231364379
193.00,-3.1,1784231367136,1784231364408
193.04,4.9,1784231367170,1784231364450
193.07,-2.1,1784231367203,1784231364476
193.11,7.9,1784231367236,1784231364519
193.14,1.9,1784231367270,1784231364547
193.18,9.9,1784231367303,1784231364588
193.21,2.9,1784231367337,1784231364615
193.23,-1.1,1784231367370,1784231364644
193.28,6.9,1784231367404,1784231364686
193.30,0.9,1784231367438,1784231364714
193.35,7.9,1784231367471,1784231364754
193.37,1.9,1784231367506,1784231364783
193.40,-2.1,1784231367538,1784231364811
193.44,5.9,1784231367572,1784231364853
193.47,-1.1,1784231367606,1784231364880
193.51,7.9,1784231367639,1784231364922
193.54,3.9,1784231367673,1784231364952
193.58,9.9,1784231367707,1784231364992
193.61,4.9,1784231367740,1784231365020
193.64,-1.1,1784231367774,1784231365048
193.68,6.9,1784231367807,1784231365089
193.71,1.9,1784231367841,1784231365118
193.76,22.9,1784231367875,1784231365173
193.78,2.9,1784231367908,1784231365186
193.80,-2.1,1784231367942,1784231365215
193.85,5.9,1784231367976,1784231365257
193.87,0.9,1784231368009,1784231365285
193.92,6.9,1784231368043,1784231365325
193.94,1.9,1784231368077,1784231365354
193.99,10.9,1784231368110,1784231365396
194.02,5.9,1784231368144,1784231365425
194.04,-0.1,1784231368177,1784231365452
194.08,7.9,1784231368210,1784231365493
194.11,1.9,1784231368244,1784231365521
194.15,9.9,1784231368278,1784231365563
194.18,4.9,1784231368311,1784231365591
194.21,-1.1,1784231368345,1784231365619
194.25,7.9,1784231368378,1784231365661
194.28,-0.1,1784231368413,1784231365688
194.32,9.9,1784231368446,1784231365731
194.35,1.9,1784231368480,1784231365757
194.38,-2.1,1784231368513,1784231365786
194.42,5.9,1784231368546,1784231365827
194.45,-1.1,1784231368581,1784231365855
194.49,7.9,1784231368615,1784231365898
194.52,1.9,1784231368647,1784231365924
194.56,9.9,1784231368682,1784231365967
194.59,4.9,1784231368715,1784231365995
194.61,-2.1,1784231368749,1784231366022
194.65,5.9,1784231368783,1784231366064
194.68,-0.1,1784231368817,1784231366092
194.73,10.9,1784231368849,1784231366135
194.75,4.9,1784231368882,1784231366162
194.78,-2.1,1784231368916,1784231366189
194.82,5.9,1784231368949,1784231366230
194.85,-0.1,1784231368983,1784231366258
194.89,7.9,1784231369018,1784231366301
194.92,3.9,1784231369050,1784231366329
194.96,9.9,1784231369085,1784231366370
194.99,4.9,1784231369118,1784231366398
195.02,-1.1,1784231369152,1784231366426
195.06,8.9,1784231369184,1784231366468
195.09,2.9,1784231369218,1784231366496
195.13,11.9,1784231369251,1784231366538
195.16,3.9,1784231369286,1784231366565
195.18,-1.1,1784231369319,1784231366593
195.23,6.9,1784231369353,1784231366635
195.25,1.9,1784231369386,1784231366663
195.29,9.9,1784231369420,1784231366705
195.32,4.9,1784231369454,1784231366734
195.35,-2.1,1784231369487,1784231366760
195.39,5.9,1784231369521,1784231366802
195.42,-0.1,1784231369555,1784231366830
195.46,8.9,1784231369588,1784231366872
195.49,1.9,1784231369622,1784231366899
195.52,-4.1,1784231369656,1784231366927
195.56,4.9,1784231369689,1784231366969
195.59,-0.1,1784231369722,1784231366997
195.63,7.9,1784231369756,1784231367039
195.66,1.9,1784231369790,1784231367067
195.70,9.9,1784231369823,1784231367108
195.73,3.9,1784231369857,1784231367136
195.75,-2.1,1784231369891,1784231367164
195.80,5.9,1784231369925,1784231367206
195.82,0.9,1784231369958,1784231367234
195.87,9.9,1784231369991,1784231367276
195.89,2.9,1784231370025,1784231367303
195.94,10.9,1784231370059,1784231367345
195.96,4.9,1784231370093,1784231367373
195.99,-0.1,1784231370126,1784231367401
196.03,6.9,1784231370160,1784231367442
196.06,2.9,1784231370193,1784231367471
196.09,-3.1,1784231370227,1784231367499
196.13,3.9,1784231370261,1784231367540
196.16,-1.1,1784231370294,1784231367568
196.20,7.9,1784231370327,1784231367610
196.23,1.9,1784231370361,1784231367638
196.27,8.9,1784231370395,1784231367679
196.30,2.9,1784231370429,1784231367707
196.33,-2.1,1784231370462,1784231367735
196.37,6.9,1784231370495,1784231367777
196.39,-0.1,1784231370529,1784231367804
196.44,8.9,1784231370563,1784231367847
196.46,2.9,1784231370596,1784231367874
196.49,-3.1,1784231370630,1784231367902
196.53,4.9,1784231370664,1784231367944
196.56,-0.1,1784231370696,1784231367971
196.60,6.9,1784231370731,1784231368013
196.63,1.9,1784231370764,1784231368041
196.67,10.9,1784231370797,1784231368083
196.70,4.9,1784231370831,1784231368111
196.73,-1.1,1784231370865,1784231368139
196.77,6.9,1784231370898,1784231368180
196.80,0.9,1784231370932,1784231368208
196.84,9.9,1784231370965,1784231368250
196.87,3.9,1784231370999,1784231368278
196.90,-2.1,1784231371033,1784231368306
196.94,6.9,1784231371067,1784231368349
196.97,-0.1,1784231371100,1784231368375
197.01,8.9,1784231371133,1784231368417
197.04,1.9,1784231371167,1784231368444
197.08,10.9,1784231371201,1784231368487
197.10,4.9,1784231371234,1784231368514
197.13,-1.1,1784231371269,1784231368543
197.17,7.9,1784231371301,1784231368584
197.20,0.9,1784231371336,1784231368612
197.24,8.9,1784231371369,1784231368653
197.27,2.9,1784231371403,1784231368681
197.30,-2.1,1784231371436,1784231368709
197.34,6.9,1784231371469,1784231368751
197.37,-0.1,1784231371504,1784231368779
197.41,8.9,1784231371537,1784231368821
197.44,1.9,1784231371571,1784231368848
197.47,-2.1,1784231371604,1784231368877
197.51,4.9,1784231371638,1784231368918
197.54,-1.0,1784231371672,1784231368946
197.58,7.0,1784231371705,1784231368987
197.61,3.0,1784231371738,1784231369016
197.63,-4.0,1784231371772,1784231369043
197.68,4.0,1784231371806,1784231369085
197.70,-2.0,1784231371839,1784231369112
197.75,7.0,1784231371873,1784231369155
197.77,2.0,1784231371906,1784231369183
197.81,9.0,1784231371940,1784231369224
197.84,4.0,1784231371973,1784231369252
197.87,-1.0,1784231372006,1784231369280
197.91,6.0,1784231372041,1784231369322
197.94,0.0,1784231372075,1784231369350
197.98,8.0,1784231372108,1784231369391
198.01,2.0,1784231372142,1784231369419
198.05,9.0,1784231372176,1784231369460
198.08,5.0,1784231372209,1784231369489
198.11,-1.0,1784231372243,1784231369517
198.15,8.0,1784231372276,1784231369559
198.18,4.0,1784231372309,1784231369588
198.22,8.0,1784231372344,1784231369627
198.25,3.0,1784231372377,1784231369655
198.27,-2.0,1784231372410,1784231369683
198.32,6.0,1784231372444,1784231369725
198.34,1.0,1784231372478,1784231369754
198.39,8.0,1784231372511,1784231369794
198.41,1.0,1784231372546,1784231369822
198.46,11.0,1784231372579,1784231369865
198.48,5.0,1784231372612,1784231369892
198.51,-1.0,1784231372646,1784231369920
198.55,6.0,1784231372680,1784231369961
198.58,1.0,1784231372713,1784231369989
198.62,10.0,1784231372747,1784231370032
198.65,3.0,1784231372781,1784231370059
198.68,-1.0,1784231372814,1784231370088
198.72,8.0,1784231372846,1784231370129
198.75,1.0,1784231372880,1784231370156
198.79,8.0,1784231372915,1784231370198
198.82,2.0,1784231372949,1784231370226
198.84,-2.0,1784231372981,1784231370254
198.89,5.0,1784231373016,1784231370296
198.91,-1.0,1784231373049,1784231370323
198.96,7.0,1784231373083,1784231370365
198.98,1.0,1784231373116,1784231370392
199.03,10.0,1784231373150,1784231370435
199.05,5.0,1784231373183,1784231370463
199.08,-2.0,1784231373217,1784231370490
199.12,7.0,1784231373251,1784231370533
199.15,2.0,1784231373284,1784231370561
199.19,9.0,1784231373318,1784231370602
199.22,4.0,1784231373351,1784231370630
199.25,-2.0,1784231373384,1784231370657
199.29,5.0,1784231373419,1784231370699
199.32,1.0,1784231373452,1784231370728
199.36,8.0,1784231373486,1784231370769
199.39,3.0,1784231373519,1784231370797
199.42,-3.0,1784231373552,1784231370824
199.46,5.0,1784231373586,1784231370866
199.48,-1.0,1784231373620,1784231370894
199.53,9.0,1784231373653,1784231370937
199.55,1.2,1784231373687,1784231370963
199.60,12.2,1784231373721,1784231371008
199.62,4.2,1784231373754,1784231371033
199.65,-1.8,1784231373788,1784231371061
199.69,7.2,1784231373821,1784231371103
199.72,0.2,1784231373855,1784231371130
199.76,9.2,1784231373889,1784231371173
199.79,3.2,1784231373922,1784231371200
199.82,-2.8,1784231373956,1784231371228
199.86,6.2,1784231373989,1784231371270
199.89,0.2,1784231374023,1784231371298
199.93,7.2,1784231374057,1784231371339
199.96,3.2,1784231374090,1784231371368
200.00,10.2,1784231374124,1784231371409
200.03,5.2,1784231374157,1784231371437
200.06,-0.8,1784231374191,1784231371465
200.10,7.2,1784231374225,1784231371507
200.12,1.2,1784231374258,1784231371534
200.17,9.2,1784231374292,1784231371576
200.19,3.2,1784231374326,1784231371604
200.22,0.2,1784231374358,1784231371633
200.26,6.2,1784231374393,1784231371674
200.29,1.2,1784231374426,1784231371702
200.33,9.2,1784231374460,1784231371744
200.36,2.2,1784231374494,1784231371771
200.40,10.2,1784231374528,1784231371813
200.43,6.2,1784231374560,1784231371841
200.46,1.2,1784231374594,1784231371870
200.50,11.2,1784231374628,1784231371914
200.53,7.2,1784231374662,1784231371944
200.56,3.2,1784231374696,1784231371974
200.59,-0.8,1784231374729,1784231372003
200.64,9.2,1784231374762,1784231372046
200.67,4.2,1784231374796,1784231372075
200.69,0.2,1784231374829,1784231372104
200.74,9.2,1784231374863,1784231372147
200.76,3.2,1784231374896,1784231372174
200.81,11.2,1784231374930,1784231372216
200.83,3.2,1784231374965,1784231372243
200.86,0.2,1784231374997,1784231372272
200.90,9.2,1784231375030,1784231372314
200.93,2.2,1784231375065,1784231372342
200.96,-2.8,1784231375099,1784231372371
201.00,4.2,1784231375132,1784231372411
201.03,-2.8,1784231375166,1784231372438
201.07,6.2,1784231375199,1784231372480
201.10,1.2,1784231375233,1784231372509
201.14,9.2,1784231375266,1784231372550
201.17,3.2,1784231375300,1784231372578
201.21,11.2,1784231375334,1784231372620
201.24,7.2,1784231375367,1784231372649
201.27,0.2,1784231375401,1784231372676
201.31,8.2,1784231375434,1784231372717
201.34,2.2,1784231375468,1784231372745
201.38,10.2,1784231375502,1784231372787
201.41,8.2,1784231375534,1784231372817
201.43,-0.8,1784231375569,1784231372843
201.48,6.2,1784231375603,1784231372884
201.50,2.2,1784231375636,1784231372913
201.55,9.4,1784231375671,1784231372955
201.57,4.4,1784231375703,1784231372982
201.60,-1.6,1784231375737,1784231373010
201.64,6.4,1784231375771,1784231373052
201.67,1.4,1784231375804,1784231373080
201.71,9.4,1784231375838,1784231373122
201.74,3.4,1784231375871,1784231373149
201.77,-2.6,1784231375905,1784231373177
201.81,6.4,1784231375938,1784231373219
201.84,0.4,1784231375972,1784231373247
201.88,8.4,1784231376005,1784231373288
201.91,2.4,1784231376039,1784231373316
201.95,11.4,1784231376073,1784231373359
201.98,5.4,1784231376106,1784231373386
202.00,-0.6,1784231376140,1784231373414
202.05,6.4,1784231376174,1784231373455
202.07,1.4,1784231376207,1784231373483
202.12,10.4,1784231376241,1784231373526
202.14,4.4,1784231376274,1784231373553
202.17,-1.6,1784231376308,1784231373581
202.21,6.4,1784231376341,1784231373622
202.24,1.4,1784231376375,1784231373651
202.28,8.4,1784231376409,1784231373692
202.31,3.4,1784231376442,1784231373720
202.34,-3.6,1784231376476,1784231373747
202.38,5.4,1784231376510,1784231373790
202.41,1.4,1784231376542,1784231373818
202.45,7.4,1784231376577,1784231373859
202.48,2.4,1784231376610,1784231373887
202.52,9.4,1784231376645,1784231373929
202.55,5.4,1784231376677,1784231373957
202.58,-0.6,1784231376711,1784231373985
202.62,7.4,1784231376745,1784231374027
202.65,2.4,1784231376778,1784231374055
202.69,9.4,1784231376812,1784231374096
202.71,4.4,1784231376845,1784231374124
202.75,2.4,1784231376879,1784231374156
202.79,11.4,1784231376913,1784231374199
202.82,8.4,1784231376946,1784231374229
202.85,3.4,1784231376980,1784231374258
202.88,-0.6,1784231377014,1784231374288
202.92,9.4,1784231377047,1784231374331
202.95,4.4,1784231377080,1784231374359
202.98,-1.6,1784231377115,1784231374388
203.02,6.4,1784231377148,1784231374429
203.05,2.4,1784231377181,1784231374458
203.09,10.4,1784231377215,1784231374500
203.12,5.4,1784231377248,1784231374528
203.15,-1.6,1784231377282,1784231374555
203.19,6.4,1784231377316,1784231374597
203.22,1.4,1784231377349,1784231374625
203.25,-2.6,1784231377383,1784231374655
203.29,3.4,1784231377417,1784231374695
203.31,-3.6,1784231377451,1784231374722
203.35,6.4,1784231377483,1784231374764
203.38,0.4,1784231377517,1784231374792
203.42,7.4,1784231377551,1784231374833
203.45,1.4,1784231377585,1784231374861
203.49,9.4,1784231377619,1784231374903
203.52,6.4,1784231377652,1784231374933
203.55,0.6,1784231377685,1784231374960
203.59,7.6,1784231377719,1784231375001
203.62,1.6,1784231377753,1784231375029
203.66,9.6,1784231377786,1784231375070
203.69,4.6,1784231377819,1784231375098
203.72,-1.4,1784231377853,1784231375126
203.76,6.6,1784231377887,1784231375168
203.79,1.6,1784231377920,1784231375196
203.83,8.6,1784231377954,1784231375237
203.86,2.6,1784231377988,1784231375265
203.90,10.6,1784231378022,1784231375307
203.93,5.6,1784231378055,1784231375335
203.95,0.6,1784231378088,1784231375363
203.99,7.6,1784231378122,1784231375404
204.02,2.6,1784231378156,1784231375433
204.06,10.6,1784231378189,1784231375474
204.09,4.6,1784231378223,1784231375502
204.12,-0.4,1784231378256,1784231375530
204.16,6.6,1784231378290,1784231375571
204.19,0.6,1784231378324,1784231375599
204.23,8.6,1784231378358,1784231375641
204.26,3.6,1784231378391,1784231375669
204.30,11.6,1784231378425,1784231375711
204.33,5.6,1784231378459,1784231375739
204.36,0.6,1784231378492,1784231375767
204.40,8.6,1784231378525,1784231375808
204.43,2.6,1784231378559,1784231375836
204.47,11.6,1784231378592,1784231375878
204.50,4.6,1784231378626,1784231375905
204.52,0.6,1784231378659,1784231375934
204.57,7.6,1784231378693,1784231375975
204.59,0.6,1784231378728,1784231376003
204.64,8.6,1784231378761,1784231376044
204.66,3.6,1784231378794,1784231376072
204.69,-1.4,1784231378828,1784231376101
204.73,6.6,1784231378861,1784231376142
204.76,0.6,1784231378895,1784231376170
204.80,8.6,1784231378928,1784231376211
204.83,3.6,1784231378962,1784231376240
204.87,12.6,1784231378995,1784231376282
204.90,6.6,1784231379029,1784231376310
204.93,0.6,1784231379063,1784231376338
204.97,8.6,1784231379096,1784231376379
205.00,2.6,1784231379130,1784231376407
205.04,11.6,1784231379163,1784231376449
205.07,4.6,1784231379197,1784231376476
205.09,-1.4,1784231379231,1784231376504
205.14,6.6,1784231379265,1784231376546
205.16,1.6,1784231379298,1784231376574
205.21,10.6,1784231379331,1784231376616
205.23,3.6,1784231379365,1784231376643
205.26,-1.4,1784231379398,1784231376671
205.30,5.6,1784231379433,1784231376713
205.33,-0.4,1784231379467,1784231376741
205.37,9.6,1784231379499,1784231376783
205.40,3.6,1784231379533,1784231376811
205.44,11.6,1784231379567,1784231376853
205.47,5.6,1784231379601,1784231376881
205.50,-0.4,1784231379634,1784231376908
205.54,7.4,1784231379668,1784231376950
205.57,1.4,1784231379702,1784231376978
205.61,10.4,1784231379735,1784231377020
205.64,3.4,1784231379769,1784231377047
205.67,-1.6,1784231379802,1784231377075
205.71,8.4,1784231379835,1784231377118
205.73,0.4,1784231379869,1784231377144
205.78,8.4,1784231379903,1784231377186
205.81,4.4,1784231379936,1784231377215
205.85,11.4,1784231379970,1784231377256
205.87,4.4,1784231380004,1784231377283
205.90,0.4,1784231380037,1784231377312
205.94,8.4,1784231380071,1784231377354
205.97,3.4,1784231380104,1784231377382
206.01,11.4,1784231380138,1784231377424
206.04,5.4,1784231380171,1784231377451
206.07,-0.6,1784231380205,1784231377479
206.11,6.4,1784231380239,1784231377520
206.14,2.4,1784231380272,1784231377549
206.18,9.4,1784231380306,1784231377590
206.21,5.4,1784231380339,1784231377619
206.24,-1.6,1784231380373,1784231377646
206.28,6.4,1784231380406,1784231377687
206.31,1.4,1784231380440,1784231377716
206.35,9.4,1784231380474,1784231377758
206.38,2.4,1784231380508,1784231377785
206.40,-2.6,1784231380541,1784231377813
206.44,4.4,1784231380575,1784231377854
206.47,-0.6,1784231380608,1784231377882
206.51,7.4,1784231380642,1784231377924
206.54,3.4,1784231380676,1784231377954
206.58,10.4,1784231380709,1784231377994
206.61,4.4,1784231380743,1784231378022
206.64,-0.6,1784231380776,1784231378050
206.68,7.4,1784231380810,1784231378092
206.71,0.4,1784231380844,1784231378119
206.75,9.4,1784231380877,1784231378161
206.78,3.4,1784231380911,1784231378189
206.81,-0.6,1784231380944,1784231378218
206.85,5.4,1784231380978,1784231378258
206.88,-0.6,1784231381012,1784231378286
206.92,8.4,1784231381045,1784231378328
206.95,2.4,1784231381079,1784231378356
206.97,-2.6,1784231381112,1784231378384
207.02,4.4,1784231381146,1784231378425
207.04,-0.6,1784231381179,1784231378453
207.09,7.4,1784231381213,1784231378495
207.11,2.4,1784231381246,1784231378523
207.15,8.4,1784231381281,1784231378564
207.18,4.4,1784231381314,1784231378593
207.21,-2.6,1784231381348,1784231378620
207.25,6.4,1784231381381,1784231378662
207.28,3.4,1784231381415,1784231378693
207.32,9.4,1784231381448,1784231378732
207.35,2.4,1784231381482,1784231378759
207.38,-3.6,1784231381516,1784231378787
207.42,5.4,1784231381549,1784231378829
207.45,0.4,1784231381583,1784231378858
207.49,8.4,1784231381616,1784231378899
207.52,2.4,1784231381650,1784231378927
207.56,10.5,1784231381683,1784231378968
207.59,4.5,1784231381717,1784231378996
207.61,-1.5,1784231381751,1784231379024
207.66,5.5,1784231381785,1784231379065
207.68,1.5,1784231381818,1784231379094
207.73,8.5,1784231381852,1784231379135
207.75,4.5,1784231381884,1784231379163
207.80,12.5,1784231381918,1784231379205
207.82,6.5,1784231381952,1784231379233
207.85,1.5,1784231381985,1784231379261
207.89,8.5,1784231382019,1784231379302
207.92,2.5,1784231382053,1784231379330
207.96,10.5,1784231382087,1784231379372
207.99,5.5,1784231382120,1784231379400
208.02,-0.5,1784231382154,1784231379428
208.06,8.5,1784231382187,1784231379470
208.09,1.5,1784231382221,1784231379497
208.13,10.5,1784231382254,1784231379539
208.16,4.5,1784231382289,1784231379568
208.18,-0.5,1784231382321,1784231379595
208.23,6.5,1784231382356,1784231379637
208.26,1.5,1784231382389,1784231379665
208.30,9.5,1784231382423,1784231379707
208.32,2.5,1784231382457,1784231379734
208.35,-3.5,1784231382490,1784231379761
208.39,5.5,1784231382524,1784231379804
208.42,0.5,1784231382557,1784231379832
208.46,8.5,1784231382591,1784231379874
208.49,2.5,1784231382624,1784231379901
208.53,10.5,1784231382658,1784231379943
208.56,4.5,1784231382692,1784231379971
208.59,-0.5,1784231382725,1784231379999
208.63,6.5,1784231382760,1784231380041
208.66,1.5,1784231382792,1784231380068
208.70,9.5,1784231382826,1784231380110
208.73,3.5,1784231382860,1784231380138
208.76,-1.5,1784231382893,1784231380166
208.80,7.5,1784231382926,1784231380208
208.83,-0.5,1784231382961,1784231380235
208.87,9.5,1784231382993,1784231380277
208.90,2.5,1784231383028,1784231380305
208.92,-3.5,1784231383061,1784231380332
208.96,5.5,1784231383094,1784231380374
208.99,-1.5,1784231383129,1784231380402
209.03,7.5,1784231383162,1784231380444
209.06,1.5,1784231383195,1784231380471
209.10,8.5,1784231383230,1784231380513
209.13,4.5,1784231383263,1784231380542
209.16,-0.5,1784231383296,1784231380570
209.20,6.5,1784231383330,1784231380611
209.23,1.5,1784231383363,1784231380639
209.27,6.5,1784231383399,1784231380680
209.30,6.5,1784231383430,1784231380711
209.33,-0.5,1784231383464,1784231380738
209.37,6.5,1784231383498,1784231380779
209.40,0.5,1784231383532,1784231380807
209.44,9.5,1784231383565,1784231380849
209.47,3.5,1784231383598,1784231380876
209.51,10.5,1784231383633,1784231380918
209.54,5.5,1784231383666,1784231380946
209.56,-1.1,1784231383699,1784231380972
209.60,6.9,1784231383733,1784231381014
209.63,0.9,1784231383767,1784231381042
209.68,10.9,1784231383800,1784231381085
209.70,3.9,1784231383834,1784231381112
209.73,-1.1,1784231383867,1784231381140
209.77,6.9,1784231383901,1784231381182
209.80,4.9,1784231383934,1784231381213
209.84,9.9,1784231383968,1784231381252
209.87,3.9,1784231384002,1784231381280
209.90,-2.1,1784231384035,1784231381307
209.94,6.9,1784231384069,1784231381350
209.97,-0.1,1784231384103,1784231381377
210.01,7.9,1784231384136,1784231381418
210.04,1.9,1784231384170,1784231381446
210.08,9.9,1784231384203,1784231381487
210.11,4.9,1784231384237,1784231381516
210.13,-1.1,1784231384271,1784231381544
210.18,6.9,1784231384305,1784231381586
210.20,0.9,1784231384338,1784231381613
210.25,8.9,1784231384372,1784231381655
210.27,3.9,1784231384405,1784231381683
210.30,1.9,1784231384438,1784231381714
210.34,8.9,1784231384471,1784231381754
210.37,0.9,1784231384506,1784231381781
210.41,8.9,1784231384539,1784231381822
210.44,3.9,1784231384572,1784231381850
210.47,-2.1,1784231384607,1784231381879
210.51,4.9,1784231384640,1784231381919
210.54,-0.1,1784231384674,1784231381948
210.58,7.9,1784231384707,1784231381989
210.61,3.9,1784231384740,1784231382018
210.65,9.9,1784231384775,1784231382059
210.68,3.9,1784231384808,1784231382086
210.71,-0.1,1784231384841,1784231382115
210.75,5.9,1784231384876,1784231382156
210.77,0.9,1784231384909,1784231382184
210.81,-2.1,1784231384943,1784231382215
210.84,3.9,1784231384976,1784231382254
210.89,10.9,1784231385010,1784231382295
210.91,5.9,1784231385043,1784231382323
210.94,-0.1,1784231385077,1784231382351
210.98,8.9,1784231385110,1784231382393
211.01,2.9,1784231385144,1784231382421
211.04,-2.1,1784231385177,1784231382449
211.08,5.9,1784231385211,1784231382491
211.11,-1.1,1784231385245,1784231382518
211.15,7.9,1784231385278,1784231382560
211.18,1.9,1784231385312,1784231382588
211.22,10.9,1784231385345,1784231382630
211.25,4.9,1784231385379,1784231382658
211.28,-2.1,1784231385413,1784231382685
211.32,6.9,1784231385447,1784231382728
211.35,1.9,1784231385480,1784231382756
211.39,9.9,1784231385513,1784231382797
211.42,3.9,1784231385547,1784231382825
211.44,-3.1,1784231385581,1784231382852
211.49,7.9,1784231385614,1784231382896
211.51,-0.1,1784231385648,1784231382922
211.56,11.9,1784231385681,1784231382967
211.58,2.9,1784231385715,1784231382992
211.62,10.9,1784231385749,1784231383034
211.65,4.9,1784231385783,1784231383062
211.68,0.9,1784231385816,1784231383091
211.72,7.9,1784231385849,1784231383131
211.75,1.9,1784231385883,1784231383159
211.79,10.9,1784231385916,1784231383201
211.82,3.9,1784231385951,1784231383229
211.85,-1.1,1784231385983,1784231383256
211.89,5.9,1784231386018,1784231383298
211.92,0.9,1784231386051,1784231383326
211.96,9.9,1784231386085,1784231383369
211.99,2.9,1784231386118,1784231383395
212.03,11.9,1784231386152,1784231383438
212.06,7.9,1784231386186,1784231383468
212.08,-0.1,1784231386219,1784231383493
212.13,7.9,1784231386253,1784231383535
212.15,2.9,1784231386286,1784231383563
212.19,9.9,1784231386320,1784231383604
212.22,4.9,1784231386354,1784231383633
212.25,-0.1,1784231386387,1784231383661
212.29,8.9,1784231386420,1784231383703
212.32,2.9,1784231386454,1784231383731
212.36,9.9,1784231386488,1784231383772
212.39,3.9,1784231386522,1784231383800
212.43,10.9,1784231386556,1784231383841
212.46,6.9,1784231386589,1784231383870
212.49,-0.1,1784231386623,1784231383897
212.53,8.9,1784231386656,1784231383939
212.56,5.9,1784231386690,1784231383970
212.60,11.9,1784231386722,1784231384008
212.63,4.9,1784231386757,1784231384036
212.65,-0.1,1784231386790,1784231384064
212.70,8.9,1784231386824,1784231384107
212.72,2.9,1784231386857,1784231384134
212.77,9.9,1784231386891,1784231384175
212.79,4.9,1784231386924,1784231384203
212.82,-2.1,1784231386959,1784231384231
212.86,5.9,1784231386992,1784231384272
212.89,0.9,1784231387025,1784231384300
212.93,7.9,1784231387060,1784231384342
212.96,1.9,1784231387093,1784231384369
212.99,-2.1,1784231387126,1784231384398
213.03,4.9,1784231387160,1784231384439
213.06,2.9,1784231387193,1784231384470
213.10,7.9,1784231387227,1784231384509
213.13,1.9,1784231387261,1784231384537
213.17,9.9,1784231387294,1784231384578
213.20,3.9,1784231387328,1784231384606
213.23,-0.1,1784231387361,1784231384635
213.27,6.9,1784231387395,1784231384676
213.29,1.9,1784231387428,1784231384704
213.33,-2.1,1784231387463,1784231384735
213.36,2.9,1784231387496,1784231384773
213.39,-1.1,1784231387529,1784231384802
213.43,5.9,1784231387563,1784231384843
213.46,-0.1,1784231387597,1784231384871
213.50,8.9,1784231387630,1784231384913
213.53,1.9,1784231387664,1784231384940
213.58,12.8,1784231387698,1784231384985
213.60,4.8,1784231387731,1784231385010
213.63,-0.2,1784231387764,1784231385038
213.67,7.8,1784231387798,1784231385080
213.70,1.8,1784231387832,1784231385108
213.74,10.8,1784231387865,1784231385150
213.77,4.8,1784231387899,1784231385178
213.80,-2.2,1784231387933,1784231385205
213.84,5.8,1784231387967,1784231385247
213.86,-0.2,1784231388000,1784231385274
213.91,8.8,1784231388033,1784231385316
213.93,2.8,1784231388067,1784231385344
213.98,11.8,1784231388101,1784231385387
214.00,5.8,1784231388134,1784231385414
214.03,0.8,1784231388167,1784231385442
214.08,9.8,1784231388202,1784231385486
214.10,2.8,1784231388234,1784231385511
214.14,9.8,1784231388269,1784231385553
214.17,4.8,1784231388302,1784231385581
214.20,-1.2,1784231388336,1784231385609
214.24,8.8,1784231388369,1784231385652
214.27,2.8,1784231388403,1784231385680
214.31,8.8,1784231388437,1784231385720
214.34,4.8,1784231388470,1784231385749
214.37,-2.2,1784231388504,1784231385776
214.41,6.8,1784231388537,1784231385818
214.44,0.8,1784231388571,1784231385846
214.48,9.8,1784231388605,1784231385889
214.51,3.8,1784231388638,1784231385916
214.53,-2.2,1784231388672,1784231385944
214.58,6.8,1784231388706,1784231385987
214.60,-0.2,1784231388739,1784231386013
214.65,8.8,1784231388772,1784231386055
214.67,2.8,1784231388805,1784231386082
214.71,10.8,1784231388840,1784231386125
214.74,4.8,1784231388873,1784231386152
214.77,-1.2,1784231388907,1784231386180
214.81,7.8,1784231388940,1784231386222
214.84,1.8,1784231388974,1784231386250
214.88,9.8,1784231389008,1784231386292
214.91,3.8,1784231389041,1784231386319
214.94,-1.2,1784231389075,1784231386348
214.98,5.8,1784231389109,1784231386389
215.01,-0.2,1784231389143,1784231386417
215.05,8.8,1784231389176,1784231386459
215.08,4.8,1784231389210,1784231386489
215.11,-2.2,1784231389243,1784231386515
215.15,4.8,1784231389277,1784231386556
215.17,-0.2,1784231389310,1784231386584
215.22,8.8,1784231389343,1784231386626
215.24,1.8,1784231389378,1784231386654
215.29,10.8,1784231389411,1784231386696
215.31,3.8,1784231389445,1784231386723
215.34,-1.2,1784231389478,1784231386751
215.38,6.8,1784231389512,1784231386793
215.41,1.8,1784231389545,1784231386821
215.45,8.8,1784231389579,1784231386862
215.48,3.8,1784231389613,1784231386891
215.51,-1.2,1784231389646,1784231386919
215.55,6.8,1784231389680,1784231386961
215.58,2.0,1784231389713,1784231386989
215.62,8.0,1784231389747,1784231387029
215.65,3.0,1784231389781,1784231387058
215.68,-2.0,1784231389814,1784231387086
215.72,6.0,1784231389848,1784231387128
215.75,0.0,1784231389881,1784231387155
215.79,7.0,1784231389915,1784231387196
215.82,2.0,1784231389948,1784231387224
215.86,10.0,1784231389982,1784231387266
215.88,5.0,1784231390015,1784231387294
215.91,-1.0,1784231390049,1784231387322
215.95,7.0,1784231390083,1784231387364
215.98,2.0,1784231390117,1784231387393
216.02,10.0,1784231390150,1784231387434
216.05,4.0,1784231390184,1784231387462
216.08,-2.0,1784231390217,1784231387489
216.12,6.0,1784231390251,1784231387531
216.15,1.0,1784231390285,1784231387560
216.19,9.0,1784231390318,1784231387601
216.22,2.0,1784231390352,1784231387628
216.25,-1.0,1784231390385,1784231387658
216.29,5.0,1784231390419,1784231387698
216.32,0.0,1784231390452,1784231387726
216.36,8.0,1784231390486,1784231387768
216.39,3.0,1784231390520,1784231387797
216.43,11.0,1784231390553,1784231387838
216.46,5.0,1784231390587,1784231387866
216.48,0.0,1784231390620,1784231387894
216.53,8.0,1784231390654,1784231387936
216.55,1.0,1784231390688,1784231387963
216.60,10.0,1784231390721,1784231388005
216.62,4.0,1784231390755,1784231388033
216.65,-1.0,1784231390788,1784231388061
216.69,7.0,1784231390822,1784231388103
216.72,1.0,1784231390855,1784231388130
216.76,8.0,1784231390889,1784231388171
216.79,3.0,1784231390923,1784231388200
216.83,10.0,1784231390957,1784231388241
216.86,5.0,1784231390990,1784231388269
216.89,0.0,1784231391024,1784231388298
216.93,8.0,1784231391057,1784231388339
216.96,2.0,1784231391091,1784231388367
217.00,10.0,1784231391124,1784231388408
217.03,5.0,1784231391158,1784231388437
217.06,0.0,1784231391192,1784231388466
217.10,8.0,1784231391225,1784231388507
217.12,1.0,1784231391259,1784231388534
217.17,9.0,1784231391292,1784231388575
217.19,4.0,1784231391326,1784231388604
217.24,11.0,1784231391360,1784231388645
217.26,6.0,1784231391393,1784231388673
217.29,0.0,1784231391427,1784231388701
217.33,10.0,1784231391461,1784231388745
217.36,3.0,1784231391494,1784231388771
217.40,10.0,1784231391528,1784231388812
217.43,4.0,1784231391562,1784231388840
217.46,-1.0,1784231391595,1784231388868
217.50,5.0,1784231391630,1784231388909
217.53,2.0,1784231391662,1784231388938
217.57,8.0,1784231391697,1784231388979
217.60,3.9,1784231391729,1784231389007
217.63,-3.1,1784231391763,1784231389034
217.67,5.9,1784231391797,1784231389077
217.70,0.9,1784231391830,1784231389105
217.74,7.9,1784231391864,1784231389146
217.76,2.9,1784231391897,1784231389174
217.79,-2.1,1784231391931,1784231389203
217.83,4.9,1784231391965,1784231389244
217.86,0.9,1784231391997,1784231389272
217.90,6.9,1784231392032,1784231389313
217.93,0.9,1784231392066,1784231389341
217.97,9.9,1784231392099,1784231389383
218.00,4.9,1784231392132,1784231389411
218.03,-1.1,1784231392167,1784231389440
218.07,7.9,1784231392199,1784231389481
218.10,0.9,1784231392233,1784231389508
218.14,8.9,1784231392267,1784231389550
218.17,2.9,1784231392301,1784231389578
218.20,-0.1,1784231392333,1784231389607
218.24,5.9,1784231392368,1784231389648
218.27,0.9,1784231392401,1784231389676
218.31,9.9,1784231392435,1784231389719
218.34,3.9,1784231392469,1784231389747
218.38,10.9,1784231392502,1784231389787
218.40,4.9,1784231392535,1784231389814
218.43,-0.1,1784231392569,1784231389843
218.47,6.9,1784231392603,1784231389884
218.50,0.9,1784231392637,1784231389912
218.54,10.9,1784231392670,1784231389955
218.57,3.9,1784231392704,1784231389982
218.60,-0.1,1784231392736,1784231390010
218.64,6.9,1784231392771,1784231390052
218.67,0.9,1784231392804,1784231390079
218.71,8.9,1784231392838,1784231390121
218.74,3.9,1784231392871,1784231390149
218.77,-2.1,1784231392905,1784231390177
218.81,5.9,1784231392939,1784231390219
218.85,10.9,1784231392972,1784231390257
218.88,9.9,1784231393005,1784231390289
218.91,3.9,1784231393039,1784231390317
218.95,10.9,1784231393073,1784231390358
218.98,5.9,1784231393106,1784231390386
219.00,-0.1,1784231393140,1784231390414
219.05,6.9,1784231393174,1784231390455
219.07,0.9,1784231393208,1784231390483
219.11,8.9,1784231393241,1784231390524
219.14,2.9,1784231393275,1784231390552
219.17,-3.1,1784231393309,1784231390580
219.21,4.9,1784231393342,1784231390621
219.24,0.9,1784231393375,1784231390650
219.28,7.9,1784231393410,1784231390692
219.31,2.9,1784231393443,1784231390720
219.35,10.9,1784231393476,1784231390761
219.38,5.9,1784231393509,1784231390789
219.41,-1.1,1784231393544,1784231390817
219.45,6.9,1784231393578,1784231390859
219.48,1.9,1784231393611,1784231390887
219.52,10.9,1784231393644,1784231390929
219.55,4.9,1784231393678,1784231390957
219.57,-2.0,1784231393712,1784231390984
219.62,7.0,1784231393745,1784231391026
219.64,1.0,1784231393779,1784231391054
219.69,10.0,1784231393812,1784231391096
219.71,2.0,1784231393847,1784231391123
219.76,11.0,1784231393880,1784231391165
219.78,6.0,1784231393913,1784231391193
219.81,1.0,1784231393947,1784231391222
219.85,8.0,1784231393980,1784231391262
219.88,3.0,1784231394014,1784231391291
219.92,11.0,1784231394048,1784231391333
219.95,5.0,1784231394081,1784231391360
219.98,-1.0,1784231394115,1784231391388
220.02,8.0,1784231394148,1784231391430
220.05,2.0,1784231394182,1784231391458
220.09,10.0,1784231394216,1784231391500
220.12,4.0,1784231394249,1784231391527
220.15,-1.0,1784231394282,1784231391555
220.19,7.0,1784231394316,1784231391597
220.22,1.0,1784231394350,1784231391625
220.26,10.0,1784231394383,1784231391667
220.28,3.0,1784231394417,1784231391694
220.31,-3.0,1784231394451,1784231391722
220.36,10.0,1784231394484,1784231391768
220.38,0.0,1784231394518,1784231391792
220.42,9.0,1784231394551,1784231391834
220.45,3.0,1784231394585,1784231391862
220.49,10.0,1784231394619,1784231391903
220.52,5.0,1784231394652,1784231391931
220.55,-1.0,1784231394686,1784231391959
220.59,8.0,1784231394719,1784231392001
220.62,2.0,1784231394753,1784231392029
220.66,10.0,1784231394786,1784231392070
220.69,4.0,1784231394821,1784231392099
220.72,-3.0,1784231394854,1784231392125
220.76,6.0,1784231394887,1784231392167
220.79,1.0,1784231394921,1784231392196
220.83,9.0,1784231394955,1784231392238
220.86,4.0,1784231394988,1784231392266
220.90,11.0,1784231395022,1784231392307
220.93,6.0,1784231395055,1784231392335
220.95,-1.0,1784231395089,1784231392362
220.99,7.0,1784231395123,1784231392404
221.02,2.0,1784231395156,1784231392432
221.06,11.0,1784231395190,1784231392475
221.09,5.0,1784231395223,1784231392502
221.12,-1.0,1784231395257,1784231392530
221.16,7.0,1784231395290,1784231392571
221.19,2.0,1784231395324,1784231392600
221.23,8.0,1784231395359,1784231392641
221.26,4.0,1784231395391,1784231392669
221.30,10.0,1784231395426,1784231392710
221.33,7.0,1784231395458,1784231392739
221.36,0.0,1784231395492,1784231392766
221.40,8.0,1784231395526,1784231392808
221.43,2.0,1784231395560,1784231392836
221.47,11.0,1784231395593,1784231392878
221.50,5.0,1784231395627,1784231392906
221.52,0.0,1784231395660,1784231392934
221.57,9.0,1784231395693,1784231392976
221.59,1.2,1784231395728,1784231393003
221.64,10.2,1784231395761,1784231393045
221.66,3.2,1784231395795,1784231393072
221.69,-0.8,1784231395828,1784231393101
221.73,8.2,1784231395861,1784231393143
221.76,0.2,1784231395896,1784231393170
221.80,9.2,1784231395929,1784231393212
221.83,4.2,1784231395962,1784231393240
221.86,-1.8,1784231395996,1784231393268
221.90,5.2,1784231396030,1784231393309
221.93,0.2,1784231396063,1784231393337
221.97,8.2,1784231396097,1784231393379
222.00,3.2,1784231396130,1784231393407
222.04,11.2,1784231396164,1784231393449
222.07,5.2,1784231396198,1784231393477
222.09,-0.8,1784231396231,1784231393504
222.14,7.2,1784231396265,1784231393546
222.16,1.2,1784231396299,1784231393574
222.21,10.2,1784231396332,1784231393616
222.23,3.2,1784231396366,1784231393643
222.26,-1.8,1784231396399,1784231393671
222.30,6.2,1784231396433,1784231393713
222.33,1.2,1784231396466,1784231393741
222.37,9.2,1784231396500,1784231393783
222.40,3.2,1784231396533,1784231393810
222.44,11.2,1784231396567,1784231393852
222.47,5.2,1784231396601,1784231393880
222.50,0.2,1784231396634,1784231393908
222.54,8.2,1784231396668,1784231393950
222.57,2.2,1784231396702,1784231393978
222.61,12.2,1784231396735,1784231394021
222.64,4.2,1784231396769,1784231394047
222.67,-1.8,1784231396803,1784231394075
222.71,6.2,1784231396836,1784231394116
222.74,1.2,1784231396870,1784231394145
222.78,10.2,1784231396903,1784231394187
222.80,4.2,1784231396937,1784231394215
222.83,-1.8,1784231396970,1784231394242
222.87,5.2,1784231397004,1784231394283
222.90,-0.8,1784231397038,1784231394311
222.94,8.2,1784231397072,1784231394354
222.97,3.2,1784231397105,1784231394382
223.01,11.2,1784231397138,1784231394423
223.04,4.2,1784231397172,1784231394450
223.07,-0.8,1784231397206,1784231394479
223.11,8.2,1784231397239,1784231394521
223.14,2.2,1784231397273,1784231394549
223.18,10.2,1784231397306,1784231394590
223.21,5.2,1784231397340,1784231394619
223.24,-1.8,1784231397374,1784231394646
223.28,7.2,1784231397407,1784231394688
223.31,0.2,1784231397441,1784231394715
223.35,9.2,1784231397474,1784231394757
223.38,3.2,1784231397508,1784231394785
223.42,10.2,1784231397542,1784231394826
223.44,4.2,1784231397576,1784231394854
223.47,-0.8,1784231397609,1784231394882
223.51,8.2,1784231397642,1784231394924
223.54,4.2,1784231397676,1784231394954
223.58,11.2,1784231397709,1784231394994
223.61,3.9,1784231397744,1784231395022
223.64,-1.1,1784231397777,1784231395050
223.68,5.9,1784231397811,1784231395091
223.71,0.9,1784231397844,1784231395119
223.75,9.9,1784231397877,1784231395161
223.78,3.9,1784231397911,1784231395189
223.81,-3.1,1784231397945,1784231395216
223.85,5.9,1784231397978,1784231395258
223.88,0.9,1784231398011,1784231395286
223.92,6.9,1784231398046,1784231395327
223.95,2.9,1784231398079,1784231395356
223.99,9.9,1784231398113,1784231395397
224.02,4.9,1784231398147,1784231395426
224.04,-0.1,1784231398180,1784231395454
224.09,8.9,1784231398213,1784231395496
224.12,3.9,1784231398247,1784231395525
224.15,8.9,1784231398281,1784231395564
224.18,1.9,1784231398315,1784231395591
224.21,-2.1,1784231398348,1784231395620
224.25,5.9,1784231398382,1784231395662
224.28,-0.1,1784231398416,1784231395690
224.32,8.9,1784231398449,1784231395732
224.35,1.9,1784231398483,1784231395759
224.39,10.9,1784231398516,1784231395801
224.42,5.9,1784231398550,1784231395830
224.45,0.9,1784231398583,1784231395858
224.49,6.9,1784231398617,1784231395898
224.52,1.9,1784231398651,1784231395927
224.56,10.9,1784231398684,1784231395969
224.59,4.9,1784231398717,1784231395996
224.61,-1.1,1784231398751,1784231396024
224.66,6.9,1784231398785,1784231396066
224.68,0.9,1784231398819,1784231396094
224.73,8.9,1784231398852,1784231396135
224.75,2.9,1784231398885,1784231396162
224.78,-2.1,1784231398919,1784231396191
224.82,5.9,1784231398953,1784231396233
224.85,-0.1,1784231398987,1784231396261
224.89,8.9,1784231399020,1784231396303
224.92,2.9,1784231399053,1784231396330
224.96,9.9,1784231399087,1784231396371
224.99,4.9,1784231399121,1784231396400
225.02,0.9,1784231399154,1784231396429
225.06,7.9,1784231399188,1784231396470
225.09,1.9,1784231399222,1784231396498
225.13,9.9,1784231399255,1784231396539
225.16,3.9,1784231399289,1784231396567
225.19,-1.1,1784231399322,1784231396595
225.23,6.9,1784231399356,1784231396637
225.26,1.9,1784231399389,1784231396665
225.30,8.9,1784231399423,1784231396706
225.33,3.9,1784231399457,1784231396735
225.35,-3.1,1784231399490,1784231396761
225.39,4.9,1784231399524,1784231396803
225.42,-0.1,1784231399558,1784231396832
225.46,8.9,1784231399591,1784231396874
225.49,1.9,1784231399625,1784231396901
225.53,9.9,1784231399658,1784231396942
225.56,4.9,1784231399692,1784231396971
225.59,-0.8,1784231399726,1784231396999
225.63,8.2,1784231399759,1784231397041
225.66,3.2,1784231399792,1784231397069
225.70,9.2,1784231399827,1784231397110
225.73,4.2,1784231399860,1784231397138
225.76,-2.8,1784231399895,1784231397166
225.80,6.2,1784231399927,1784231397207
225.83,0.2,1784231399961,1784231397235
225.87,9.2,1784231399994,1784231397277
225.90,2.2,1784231400028,1784231397304
225.94,11.2,1784231400062,1784231397347
225.96,4.2,1784231400096,1784231397374
225.99,-0.8,1784231400129,1784231397402
226.03,7.2,1784231400163,1784231397444
226.06,2.2,1784231400195,1784231397471
226.10,10.2,1784231400229,1784231397513
226.13,3.2,1784231400263,1784231397540
226.16,-0.8,1784231400297,1784231397570
226.20,8.2,1784231400330,1784231397612
226.23,1.2,1784231400363,1784231397638
226.27,9.2,1784231400397,1784231397680
226.30,4.2,1784231400431,1784231397709
226.33,-1.8,1784231400464,1784231397736
226.37,5.2,1784231400499,1784231397778
226.40,0.2,1784231400532,1784231397806
226.44,8.2,1784231400565,1784231397847
226.47,2.2,1784231400599,1784231397875
226.51,10.2,1784231400633,1784231397917
226.54,5.2,1784231400666,1784231397945
226.56,-0.8,1784231400700,1784231397973
226.60,7.2,1784231400734,1784231398015
226.63,2.2,1784231400767,1784231398043
226.67,10.2,1784231400800,1784231398084
226.70,3.2,1784231400835,1784231398112
226.73,-1.8,1784231400868,1784231398140
226.77,6.2,1784231400902,1784231398182
226.80,-0.8,1784231400936,1784231398209
226.84,7.2,1784231400970,1784231398251
226.87,6.2,1784231401002,1784231398282
226.91,12.2,1784231401035,1784231398321
226.94,5.2,1784231401070,1784231398349
226.97,2.2,1784231401102,1784231398378
227.01,7.2,1784231401137,1784231398418
227.04,2.2,1784231401170,1784231398446
227.08,10.2,1784231401204,1784231398488
227.11,5.2,1784231401237,1784231398516
227.13,0.2,1784231401270,1784231398544
227.18,6.2,1784231401305,1784231398585
227.20,1.2,1784231401338,1784231398613
227.25,9.2,1784231401372,1784231398655
227.27,3.2,1784231401406,1784231398683
227.30,-1.8,1784231401439,1784231398711
227.34,6.2,1784231401473,1784231398753
227.37,2.2,1784231401507,1784231398783
227.41,8.2,1784231401540,1784231398822
227.44,3.2,1784231401574,1784231398851
227.47,-2.8,1784231401607,1784231398878
227.51,5.2,1784231401640,1784231398919
227.54,0.2,1784231401674,1784231398948
227.58,8.2,1784231401707,1784231398989
227.61,2.0,1784231401741,1784231399017
227.65,8.0,1784231401776,1784231399058
227.68,5.0,1784231401808,1784231399087
227.70,-2.0,1784231401842,1784231399114
227.75,7.0,1784231401875,1784231399156
227.77,0.0,1784231401910,1784231399184
227.82,9.0,1784231401943,1784231399226
227.84,3.0,1784231401977,1784231399254
227.87,-1.0,1784231402010,1784231399283
227.91,5.0,1784231402044,1784231399323
227.94,0.0,1784231402077,1784231399351
227.98,8.0,1784231402111,1784231399393
228.01,2.0,1784231402145,1784231399421
228.05,11.0,1784231402178,1784231399463
228.08,4.0,1784231402212,1784231399490
228.11,-2.0,1784231402246,1784231399518
228.15,8.0,1784231402279,1784231399561
228.18,1.0,1784231402313,1784231399588
228.22,9.0,1784231402346,1784231399629
228.25,4.0,1784231402380,1784231399658
228.28,-2.0,1784231402413,1784231399685
228.32,7.0,1784231402447,1784231399728
228.35,1.0,1784231402480,1784231399755
228.39,12.0,1784231402514,1784231399800
228.41,3.0,1784231402547,1784231399824
228.44,-3.0,1784231402581,1784231399852
228.48,6.0,1784231402615,1784231399895
228.51,1.0,1784231402648,1784231399923
228.55,7.0,1784231402682,1784231399963
228.58,3.0,1784231402715,1784231399992
228.61,-2.0,1784231402749,1784231400021
228.65,4.0,1784231402783,1784231400061
228.68,-1.0,1784231402816,1784231400089
228.72,7.0,1784231402850,1784231400131
228.75,2.0,1784231402883,1784231400159
228.79,9.0,1784231402918,1784231400201
228.82,2.0,1784231402952,1784231400228
228.85,-2.0,1784231402984,1784231400256
228.89,6.0,1784231403018,1784231400298
228.92,-1.0,1784231403052,1784231400325
228.96,9.0,1784231403085,1784231400368
228.99,3.0,1784231403118,1784231400395
229.03,10.0,1784231403153,1784231400437
229.06,5.0,1784231403186,1784231400465
229.08,-2.0,1784231403221,1784231400493
229.12,7.0,1784231403253,1784231400534
229.15,2.0,1784231403286,1784231400562
229.19,9.0,1784231403321,1784231400604
229.22,4.0,1784231403354,1784231400632
229.25,-1.0,1784231403387,1784231400660
229.29,6.0,1784231403422,1784231400702
229.32,1.0,1784231403454,1784231400729
229.36,9.0,1784231403488,1784231400771
229.39,3.0,1784231403522,1784231400799
229.42,-2.0,1784231403555,1784231400827
229.46,7.0,1784231403589,1784231400870
229.49,-1.0,1784231403623,1784231400896
229.53,8.0,1784231403656,1784231400938
229.56,3.0,1784231403690,1784231400967
229.60,10.0,1784231403724,1784231401008
229.63,4.8,1784231403757,1784231401036
229.65,-1.2,1784231403791,1784231401064
229.70,6.8,1784231403825,1784231401106
229.72,0.8,1784231403858,1784231401133
229.77,9.8,1784231403891,1784231401175
229.79,2.8,1784231403926,1784231401203
229.82,-1.2,1784231403958,1784231401231
229.86,5.8,1784231403992,1784231401272
229.89,0.8,1784231404026,1784231401301
229.93,8.8,1784231404060,1784231401343
229.96,2.8,1784231404093,1784231401370
229.99,-1.2,1784231404126,1784231401399
230.03,5.8,1784231404160,1784231401440
230.06,-0.2,1784231404194,1784231401468
230.10,6.8,1784231404228,1784231401509
230.13,1.8,1784231404261,1784231401537
230.17,10.8,1784231404294,1784231401579
230.20,5.8,1784231404328,1784231401608
230.23,-0.2,1784231404362,1784231401636
230.27,7.8,1784231404395,1784231401677
230.29,0.8,1784231404429,1784231401704
230.34,8.8,1784231404463,1784231401746
230.36,2.8,1784231404497,1784231401774
230.39,-2.2,1784231404530,1784231401802
230.43,5.8,1784231404564,1784231401844
230.46,-0.2,1784231404597,1784231401871
230.50,8.8,1784231404631,1784231401914
230.53,4.8,1784231404664,1784231401943
230.57,10.8,1784231404697,1784231401982
230.60,4.8,1784231404731,1784231402010
230.63,-0.2,1784231404765,1784231402039
230.67,6.8,1784231404799,1784231402080
230.70,0.8,1784231404833,1784231402108
230.74,9.8,1784231404865,1784231402149
230.77,3.8,1784231404899,1784231402177
230.80,-2.2,1784231404933,1784231402205
230.84,6.8,1784231404966,1784231402247
230.87,0.8,1784231405000,1784231402275
230.91,7.8,1784231405034,1784231402316
230.94,4.8,1784231405067,1784231402346
230.98,11.8,1784231405101,1784231402387
231.00,4.8,1784231405135,1784231402414
231.03,-0.2,1784231405168,1784231402442
231.07,8.8,1784231405201,1784231402484
231.10,3.8,1784231405234,1784231402512
231.14,9.8,1784231405269,1784231402553
231.17,2.8,1784231405303,1784231402580
231.20,-1.2,1784231405336,1784231402609
231.24,5.8,1784231405370,1784231402650
231.27,0.8,1784231405403,1784231402678
231.31,8.8,1784231405437,1784231402720
231.34,1.8,1784231405471,1784231402747
231.37,-2.2,1784231405504,1784231402776
231.41,4.8,1784231405538,1784231402817
231.44,-1.2,1784231405572,1784231402845
231.48,8.8,1784231405605,1784231402888
231.51,2.8,1784231405639,1784231402916
231.55,10.8,1784231405672,1784231402957
231.58,5.8,1784231405705,1784231402985
231.60,-1.1,1784231405740,1784231403013
231.64,6.9,1784231405773,1784231403054
231.67,0.9,1784231405807,1784231403082
231.71,8.9,1784231405841,1784231403124
231.74,3.9,1784231405874,1784231403152
231.77,-1.1,1784231405907,1784231403180
231.81,6.9,1784231405941,1784231403222
231.84,0.9,1784231405975,1784231403250
231.88,8.9,1784231406008,1784231403291
231.91,1.9,1784231406042,1784231403318
231.94,-1.1,1784231406075,1784231403348
231.98,3.9,1784231406110,1784231403388
232.01,-1.1,1784231406143,1784231403416
232.05,7.9,1784231406176,1784231403458
232.08,1.9,1784231406209,1784231403485
232.12,9.9,1784231406243,1784231403527
232.15,2.9,1784231406278,1784231403555
232.17,-2.1,1784231406311,1784231403583
232.22,6.9,1784231406344,1784231403625
232.24,0.9,1784231406378,1784231403653
232.28,8.9,1784231406412,1784231403695
232.31,2.9,1784231406446,1784231403723
232.34,-2.1,1784231406479,1784231403751
232.38,5.9,1784231406512,1784231403792
232.41,-0.1,1784231406546,1784231403820
232.45,7.9,1784231406580,1784231403862
232.48,2.9,1784231406613,1784231403890
232.51,-3.1,1784231406647,1784231403918
232.55,4.9,1784231406680,1784231403959
232.58,-0.1,1784231406714,1784231403988
232.62,6.9,1784231406748,1784231404029
232.65,1.9,1784231406781,1784231404057
232.69,10.9,1784231406814,1784231404099
232.72,4.9,1784231406848,1784231404127
232.74,-1.1,1784231406882,1784231404155
232.79,6.9,1784231406915,1784231404196
232.81,1.9,1784231406948,1784231404224
232.86,8.9,1784231406983,1784231404266
232.88,2.9,1784231407016,1784231404293
232.91,-0.1,1784231407049,1784231404323
232.95,4.9,1784231407084,1784231404363
232.98,-0.1,1784231407117,1784231404391
233.02,7.9,1784231407150,1784231404432
233.05,1.9,1784231407184,1784231404460
233.09,10.9,1784231407217,1784231404502
233.12,5.9,1784231407251,1784231404531
233.15,-1.1,1784231407285,1784231404558
233.19,6.9,1784231407318,1784231404599
233.22,0.9,1784231407353,1784231404628
233.26,9.9,1784231407385,1784231404669
233.29,2.9,1784231407420,1784231404697
233.32,-2.1,1784231407453,1784231404725
233.36,6.9,1784231407486,1784231404767
233.38,-0.1,1784231407520,1784231404794
233.42,-2.1,1784231407554,1784231404826
233.45,2.9,1784231407587,1784231404864
233.50,10.9,1784231407621,1784231404906
233.52,5.9,1784231407655,1784231404935
233.55,-2.1,1784231407689,1784231404961
233.59,6.9,1784231407722,1784231405003
233.62,2.0,1784231407755,1784231405031
233.67,13.0,1784231407789,1784231405076
233.69,3.0,1784231407823,1784231405100
233.72,-3.0,1784231407856,1784231405127
233.76,6.0,1784231407890,1784231405170
233.79,1.0,1784231407923,1784231405198
233.83,9.0,1784231407957,1784231405240
233.86,2.0,1784231407991,1784231405267
233.89,-3.0,1784231408024,1784231405295
233.93,5.0,1784231408058,1784231405337
233.96,0.0,1784231408091,1784231405365
234.00,7.0,1784231408125,1784231405406
234.03,2.0,1784231408159,1784231405435
234.07,10.0,1784231408192,1784231405476
234.09,4.0,1784231408226,1784231405504
234.12,-1.0,1784231408259,1784231405532
234.17,10.0,1784231408293,1784231405577
234.19,1.0,1784231408326,1784231405601
234.23,10.0,1784231408360,1784231405644
234.26,2.0,1784231408394,1784231405670
234.29,-2.0,1784231408427,1784231405699
234.33,5.0,1784231408461,1784231405740
234.36,1.0,1784231408495,1784231405770
234.40,8.0,1784231408528,1784231405810
234.43,2.0,1784231408561,1784231405837
234.47,11.0,1784231408595,1784231405880
234.50,5.0,1784231408629,1784231405908
234.53,0.0,1784231408662,1784231405936
234.57,7.0,1784231408696,1784231405977
234.60,2.0,1784231408729,1784231406005
234.64,11.0,1784231408763,1784231406048
234.67,9.0,1784231408797,1784231406080
234.71,11.0,1784231408831,1784231406116
234.73,6.0,1784231408864,1784231406144
234.76,-1.0,1784231408898,1784231406171
234.80,8.0,1784231408931,1784231406213
234.83,4.0,1784231408965,1784231406243
234.87,11.0,1784231408998,1784231406283
234.90,5.0,1784231409032,1784231406311
234.93,-1.0,1784231409066,1784231406339
234.97,9.0,1784231409099,1784231406382
235.00,2.0,1784231409133,1784231406409
235.04,10.0,1784231409166,1784231406450
235.07,4.0,1784231409200,1784231406478
235.10,0.0,1784231409233,1784231406507
235.14,9.0,1784231409267,1784231406550
235.17,3.0,1784231409301,1784231406578
235.21,9.0,1784231409335,1784231406618
235.24,3.0,1784231409368,1784231406645
235.28,12.0,1784231409402,1784231406688
235.31,7.0,1784231409435,1784231406716
235.33,1.0,1784231409469,1784231406744
235.38,9.0,1784231409502,1784231406785
235.40,3.0,1784231409536,1784231406813
235.45,12.0,1784231409569,1784231406855
235.47,4.0,1784231409604,1784231406882
235.50,-1.0,1784231409637,1784231406910
235.54,8.0,1784231409671,1784231406953
235.57,2.0,1784231409704,1784231406980
235.61,10.0,1784231409737,1784231407021
235.64,5.1,1784231409771,1784231407050
235.67,0.1,1784231409805,1784231407079
235.71,6.1,1784231409839,1784231407119
235.74,2.1,1784231409871,1784231407147
235.78,9.1,1784231409906,1784231407189
235.81,3.1,1784231409939,1784231407216
235.85,12.1,1784231409972,1784231407258
235.88,7.1,1784231410006,1784231407287
235.90,0.1,1784231410040,1784231407314
235.95,9.1,1784231410073,1784231407356
235.97,2.1,1784231410108,1784231407384
236.02,11.1,1784231410141,1784231407426
236.04,5.1,1784231410174,1784231407453
236.07,-0.9,1784231410208,1784231407481
236.11,8.1,1784231410241,1784231407523
236.14,2.1,1784231410275,1784231407551
236.17,0.1,1784231410309,1784231407583
236.21,4.1,1784231410342,1784231407620
236.24,-1.9,1784231410376,1784231407648
236.28,6.1,1784231410410,1784231407690
236.31,1.1,1784231410443,1784231407718
236.35,8.1,1784231410477,1784231407759
236.38,3.1,1784231410510,1784231407787
236.41,-2.9,1784231410544,1784231407815
236.45,5.1,1784231410577,1784231407856
236.47,-0.9,1784231410612,1784231407885
236.52,8.1,1784231410645,1784231407927
236.55,2.1,1784231410678,1784231407954
236.59,10.1,1784231410712,1784231407996
236.61,4.1,1784231410746,1784231408024
236.64,-0.9,1784231410779,1784231408052
236.68,6.1,1784231410813,1784231408093
236.71,2.1,1784231410846,1784231408122
236.75,10.1,1784231410879,1784231408163
236.78,4.1,1784231410913,1784231408191
236.82,11.1,1784231410948,1784231408233
236.85,7.1,1784231410980,1784231408261
236.88,1.1,1784231411014,1784231408289
236.92,11.1,1784231411048,1784231408333
236.95,2.1,1784231411082,1784231408358
236.99,11.1,1784231411115,1784231408400
237.02,5.1,1784231411149,1784231408428
237.05,0.1,1784231411182,1784231408456
237.09,8.1,1784231411216,1784231408498
237.12,2.1,1784231411250,1784231408526
237.16,10.1,1784231411283,1784231408567
237.18,3.1,1784231411317,1784231408594
237.21,-2.9,1784231411351,1784231408622
237.25,6.1,1784231411384,1784231408664
237.28,1.1,1784231411417,1784231408692
237.32,9.1,1784231411452,1784231408735
237.35,4.1,1784231411484,1784231408762
237.38,-1.9,1784231411518,1784231408790
237.43,8.1,1784231411552,1784231408834
237.45,1.1,1784231411584,1784231408859
237.49,8.1,1784231411619,1784231408901
237.52,1.1,1784231411653,1784231408928
237.56,11.1,1784231411686,1784231408971
237.59,5.1,1784231411720,1784231408999
237.62,-0.1,1784231411754,1784231409028
237.66,6.9,1784231411787,1784231409068
237.69,0.9,1784231411820,1784231409095
237.73,9.9,1784231411854,1784231409138
237.76,3.9,1784231411888,1784231409166
237.78,-2.1,1784231411921,1784231409193
237.83,6.9,1784231411955,1784231409236
237.85,0.9,1784231411989,1784231409264
237.90,8.9,1784231412022,1784231409305
237.93,8.9,1784231412055,1784231409338
237.95,-2.1,1784231412089,1784231409361
237.99,5.9,1784231412123,1784231409403
238.02,0.9,1784231412156,1784231409431
238.06,7.9,1784231412190,1784231409472
238.09,2.9,1784231412224,1784231409501
238.13,9.9,1784231412258,1784231409542
238.16,3.9,1784231412291,1784231409569
238.19,-1.1,1784231412325,1784231409598
238.23,7.9,1784231412358,1784231409640
238.26,1.9,1784231412392,1784231409668
238.30,7.9,1784231412426,1784231409708
238.33,4.9,1784231412458,1784231409737
238.36,-2.1,1784231412493,1784231409765
238.40,6.9,1784231412526,1784231409807
238.42,-0.1,1784231412560,1784231409834
238.47,7.9,1784231412594,1784231409876
238.49,1.9,1784231412627,1784231409903
238.54,11.9,1784231412660,1784231409946
238.56,3.9,1784231412695,1784231409973
238.59,-1.1,1784231412728,1784231410001
238.63,7.9,1784231412761,1784231410043
238.66,2.9,1784231412794,1784231410071
238.69,-2.1,1784231412829,1784231410101
238.73,4.9,1784231412862,1784231410141
238.76,-2.1,1784231412896,1784231410168
238.80,6.9,1784231412929,1784231410210
238.83,0.9,1784231412963,1784231410238
238.87,7.9,1784231412998,1784231410280
238.90,2.9,1784231413031,1784231410308
238.93,-2.1,1784231413063,1784231410335
238.97,5.9,1784231413097,1784231410377
239.00,-1.1,1784231413131,1784231410404
239.04,6.9,1784231413165,1784231410446
239.06,1.9,1784231413198,1784231410474
239.11,9.9,1784231413232,1784231410516
239.13,3.9,1784231413265,1784231410543
239.16,-1.1,1784231413299,1784231410572
239.20,8.9,1784231413332,1784231410615
239.23,0.9,1784231413366,1784231410641
239.27,8.9,1784231413400,1784231410683
239.30,3.9,1784231413433,1784231410711
239.33,-1.1,1784231413467,1784231410740
239.37,6.9,1784231413500,1784231410781
239.40,-1.1,1784231413535,1784231410808
239.44,10.9,1784231413567,1784231410852
239.47,2.9,1784231413601,1784231410878
239.50,-3.1,1784231413635,1784231410906
239.54,6.9,1784231413668,1784231410949
239.57,0.9,1784231413702,1784231410977
239.61,7.9,1784231413736,1784231411018
239.64,1.8,1784231413769,1784231411045
239.68,9.8,1784231413803,1784231411087
239.71,3.8,1784231413836,1784231411114
239.73,-2.2,1784231413870,1784231411142
239.77,6.8,1784231413903,1784231411184
239.80,-0.2,1784231413938,1784231411212
239.85,9.8,1784231413971,1784231411255
239.87,4.8,1784231414004,1784231411283
239.90,-1.2,1784231414038,1784231411311
239.95,9.8,1784231414071,1784231411355
239.97,-1.2,1784231414106,1784231411379
240.01,8.8,1784231414138,1784231411421
240.04,3.8,1784231414172,1784231411450
240.07,-2.2,1784231414206,1784231411478
240.11,4.8,1784231414239,1784231411518
240.14,-1.2,1784231414273,1784231411546
240.18,7.8,1784231414307,1784231411589
240.21,1.8,1784231414340,1784231411616
240.25,8.8,1784231414375,1784231411658
240.28,2.8,1784231414408,1784231411685
240.30,-1.2,1784231414441,1784231411714
240.35,5.8,1784231414474,1784231411754
240.37,0.8,1784231414508,1784231411783
240.42,8.8,1784231414542,1784231411825
240.45,5.8,1784231414576,1784231411856
240.47,-1.2,1784231414610,1784231411883
240.52,7.8,1784231414643,1784231411925
240.54,2.8,1784231414676,1784231411953
240.57,-3.2,1784231414710,1784231411981
240.61,4.8,1784231414744,1784231412023
240.64,-1.2,1784231414777,1784231412050
240.67,-1.2,1784231414811,1784231412084
240.71,-0.2,1784231414844,1784231412118
240.75,5.8,1784231414878,1784231412158
240.78,-0.2,1784231414912,1784231412186
240.82,8.8,1784231414945,1784231412228
240.85,2.8,1784231414979,1784231412256
240.87,-2.2,1784231415012,1784231412284
240.92,5.8,1784231415046,1784231412326
240.95,2.8,1784231415080,1784231412357
240.99,7.8,1784231415114,1784231412396
241.01,1.8,1784231415147,1784231412423
241.06,10.8,1784231415180,1784231412465
241.08,5.8,1784231415213,1784231412493
241.11,-0.2,1784231415247,1784231412521
241.15,5.8,1784231415282,1784231412562
241.18,1.8,1784231415315,1784231412591
241.22,8.8,1784231415349,1784231412632
241.25,3.8,1784231415382,1784231412660
241.28,-2.2,1784231415416,1784231412688
241.32,6.8,1784231415449,1784231412730
241.35,-0.2,1784231415483,1784231412757
241.39,8.8,1784231415516,1784231412799
241.42,4.8,1784231415549,1784231412828
241.45,0.8,1784231415583,1784231412858
241.49,5.8,1784231415617,1784231412897
241.51,-0.2,1784231415650,1784231412924
241.56,8.8,1784231415684,1784231412967
241.59,2.8,1784231415718,1784231412995
241.63,10.8,1784231415751,1784231413036
241.65,3.9,1784231415785,1784231413063
241.68,-2.1,1784231415819,1784231413091
241.72,7.9,1784231415852,1784231413134
241.75,0.9,1784231415886,1784231413161
241.79,9.9,1784231415919,1784231413203
241.82,4.9,1784231415952,1784231413231
241.85,-2.1,1784231415987,1784231413259
241.89,5.9,1784231416021,1784231413301
241.92,1.9,1784231416053,1784231413329
241.96,12.9,1784231416087,1784231413374
241.99,0.9,1784231416123,1784231413398
242.02,-4.1,1784231416155,1784231413425
242.06,5.9,1784231416188,1784231413468
242.09,-1.1,1784231416222,1784231413495
242.13,7.9,1784231416255,1784231413537
242.16,1.9,1784231416289,1784231413565
242.20,8.9,1784231416323,1784231413606
242.22,2.9,1784231416357,1784231413634
242.25,-2.1,1784231416390,1784231413662
242.29,5.9,1784231416424,1784231413704
242.32,1.9,1784231416457,1784231413733
242.36,7.9,1784231416491,1784231413773
242.39,3.9,1784231416524,1784231413802
242.42,-0.1,1784231416558,1784231413832
242.46,7.9,1784231416592,1784231413874
242.49,0.9,1784231416625,1784231413900
242.53,7.9,1784231416659,1784231413941
242.56,2.9,1784231416692,1784231413969
242.60,9.9,1784231416726,1784231414010
242.63,4.9,1784231416759,1784231414038
242.66,-1.1,1784231416793,1784231414066
242.70,7.9,1784231416827,1784231414109
242.73,3.9,1784231416861,1784231414139
242.77,8.9,1784231416895,1784231414178
242.80,4.9,1784231416927,1784231414206
242.82,-2.1,1784231416961,1784231414233
242.86,4.9,1784231416995,1784231414274
242.89,-0.1,1784231417029,1784231414303
242.94,8.9,1784231417062,1784231414345
242.96,1.9,1784231417096,1784231414372
243.00,11.9,1784231417129,1784231414415
243.03,4.9,1784231417162,1784231414441
243.06,-0.1,1784231417196,1784231414470
243.10,7.9,1784231417229,1784231414511
243.13,0.9,1784231417264,1784231414539
243.17,8.9,1784231417298,1784231414581
243.20,1.9,1784231417333,1784231414609
243.23,1.9,1784231417364,1784231414640
243.27,4.9,1784231417399,1784231414678
243.30,-0.1,1784231417432,1784231414706
243.34,8.9,1784231417465,1784231414748
243.37,2.9,1784231417499,1784231414776
243.39,-2.1,1784231417532,1784231414804
243.43,-0.1,1784231417566,1784231414840
243.46,0.9,1784231417600,1784231414875
243.51,7.9,1784231417633,1784231414915
243.53,1.9,1784231417667,1784231414943
243.58,9.9,1784231417700,1784231414984
243.60,4.9,1784231417734,1784231415013
243.63,-1.1,1784231417768,1784231415041
243.67,6.9,1784231417801,1784231415082
243.70,1.9,1784231417834,1784231415110
243.73,-2.1,1784231417868,1784231415140
243.77,3.9,1784231417901,1784231415179
243.80,-0.1,1784231417934,1784231415208
243.84,5.9,1784231417969,1784231415249
243.87,-1.1,1784231418004,1784231415277
243.91,7.9,1784231418036,1784231415318
243.94,2.9,1784231418070,1784231415347
243.97,-3.1,1784231418103,1784231415374
244.01,5.9,1784231418137,1784231415417
244.03,-0.1,1784231418170,1784231415444
244.08,7.9,1784231418204,1784231415486
244.10,0.9,1784231418238,1784231415513
244.13,-3.1,1784231418271,1784231415542
244.17,4.9,1784231418305,1784231415584
244.20,-2.1,1784231418339,1784231415611
244.24,5.9,1784231418372,1784231415652
244.27,0.9,1784231418406,1784231415681
244.31,7.9,1784231418440,1784231415722
244.34,2.9,1784231418473,1784231415750
244.37,-3.1,1784231418507,1784231415778
244.41,5.9,1784231418540,1784231415820
244.44,0.9,1784231418574,1784231415849
244.48,10.9,1784231418607,1784231415892
244.51,1.9,1784231418641,1784231415917
244.55,10.9,1784231418674,1784231415959
244.58,5.9,1784231418708,1784231415988
244.61,-0.1,1784231418741,1784231416015
244.65,7.9,1784231418775,1784231416057
244.68,1.9,1784231418809,1784231416085
244.72,9.9,1784231418843,1784231416127
244.74,3.9,1784231418876,1784231416154
244.77,-1.1,1784231418909,1784231416182
244.81,5.9,1784231418943,1784231416223
244.84,0.9,1784231418977,1784231416252
244.88,9.9,1784231419010,1784231416294
244.91,2.9,1784231419044,1784231416321
244.94,-3.1,1784231419078,1784231416349
244.99,9.9,1784231419111,1784231416395
245.01,-1.1,1784231419145,1784231416418
245.05,7.9,1784231419178,1784231416460
245.08,1.9,1784231419212,1784231416488
245.12,10.9,1784231419246,1784231416531
245.15,3.9,1784231419279,1784231416557
245.18,-2.1,1784231419313,1784231416585
245.22,7.9,1784231419346,1784231416628
245.25,0.9,1784231419380,1784231416655
245.29,9.9,1784231419414,1784231416698
245.32,2.9,1784231419447,1784231416724
245.34,-3.1,1784231419481,1784231416752
245.39,5.9,1784231419515,1784231416795
245.41,-1.1,1784231419549,1784231416822
245.45,7.9,1784231419582,1784231416864
245.49,5.9,1784231419616,1784231416896
245.52,10.9,1784231419649,1784231416934
245.55,3.9,1784231419683,1784231416961
245.58,-1.1,1784231419716,1784231416989
245.62,6.9,1784231419750,1784231417031
245.65,3.1,1784231419783,1784231417060
245.69,10.1,1784231419817,1784231417101
245.72,5.1,1784231419850,1784231417129
245.75,-1.9,1784231419884,1784231417156
245.79,7.1,1784231419917,1784231417198
245.82,1.1,1784231419951,1784231417226
245.86,9.1,1784231419985,1784231417268
245.89,3.1,1784231420018,1784231417295
245.91,-2.9,1784231420052,1784231417323
245.96,5.1,1784231420086,1784231417365
245.99,4.1,1784231420119,1784231417397
246.02,7.1,1784231420153,1784231417434
246.05,1.1,1784231420187,1784231417462
246.09,9.1,1784231420221,1784231417504
246.12,4.1,1784231420254,1784231417532
246.15,-0.9,1784231420287,1784231417560
246.19,7.1,1784231420321,1784231417602
246.22,2.1,1784231420354,1784231417630
246.26,9.1,1784231420388,1784231417671
246.29,4.1,1784231420421,1784231417699
246.32,-1.9,1784231420455,1784231417727
246.36,7.1,1784231420489,1784231417770
246.39,1.1,1784231420523,1784231417798
246.43,9.1,1784231420556,1784231417839
246.46,3.1,1784231420590,1784231417867
246.49,2.1,1784231420623,1784231417899
246.53,5.1,1784231420657,1784231417936
246.55,0.1,1784231420690,1784231417964
246.60,8.1,1784231420724,1784231418006
246.62,3.1,1784231420757,1784231418034
246.67,10.1,1784231420791,1784231418075
246.69,2.1,1784231420827,1784231418103
246.74,12.1,1784231420861,1784231418147
246.76,6.1,1784231420893,1784231418173
246.79,1.1,1784231420926,1784231418201
246.83,8.1,1784231420960,1784231418242
246.86,1.1,1784231420995,1784231418270
246.89,-0.9,1784231421026,1784231418299
246.93,7.1,1784231421060,1784231418341
246.96,1.1,1784231421094,1784231418369
246.99,-0.9,1784231421127,1784231418400
247.03,2.1,1784231421161,1784231418437
247.06,-2.9,1784231421194,1784231418465
247.10,5.1,1784231421228,1784231418507
247.13,-0.9,1784231421262,1784231418535
247.17,7.1,1784231421296,1784231418577
247.20,2.1,1784231421329,1784231418605
247.24,13.1,1784231421362,1784231418649
247.26,4.1,1784231421396,1784231418674
247.29,-0.9,1784231421429,1784231418702
247.33,7.1,1784231421463,1784231418744
247.36,1.1,1784231421497,1784231418772
247.40,8.1,1784231421532,1784231418814
247.43,3.1,1784231421564,1784231418841
247.46,-2.9,1784231421598,1784231418869
247.50,7.1,1784231421631,1784231418912
247.53,3.1,1784231421664,1784231418941
247.57,9.1,1784231421699,1784231418982
247.60,3.1,1784231421732,1784231419009
247.63,-1.9,1784231421765,1784231419037
247.67,3.9,1784231421800,1784231419078
247.70,-1.1,1784231421833,1784231419106
247.74,8.9,1784231421867,1784231419150
247.77,0.9,1784231421900,1784231419175
247.81,9.9,1784231421933,1784231419217
247.84,3.9,1784231421968,1784231419246
247.86,-3.1,1784231422001,1784231419272
247.91,6.9,1784231422034,1784231419315
247.93,-0.1,1784231422068,1784231419342
247.97,8.9,1784231422102,1784231419385
248.00,2.9,1784231422135,1784231419412
248.03,-3.1,1784231422169,1784231419440
248.07,4.9,1784231422203,1784231419482
248.10,-0.1,1784231422236,1784231419510
248.14,7.9,1784231422269,1784231419551
248.17,1.9,1784231422303,1784231419579
248.21,9.9,1784231422337,1784231419621
248.24,5.9,1784231422371,1784231419651
248.27,-1.1,1784231422404,1784231419677
248.32,20.9,1784231422437,1784231419732
248.34,0.9,1784231422471,1784231419746
248.38,9.9,1784231422504,1784231419788
248.41,5.9,1784231422538,1784231419818
248.43,-2.1,1784231422572,1784231419844
248.48,5.9,1784231422606,1784231419886
248.50,0.9,1784231422639,1784231419914
248.55,8.9,1784231422673,1784231419956
248.57,1.9,1784231422707,1784231419983
248.61,9.9,1784231422740,1784231420024
248.64,5.9,1784231422773,1784231420053
248.67,-0.1,1784231422807,1784231420081
248.71,7.9,1784231422840,1784231420122
248.74,3.9,1784231422875,1784231420153
248.78,8.9,1784231422908,1784231420191
248.81,3.9,1784231422941,1784231420219
248.84,-2.1,1784231422976,1784231420248
248.88,7.9,1784231423008,1784231420290
248.91,0.9,1784231423042,1784231420317
248.95,8.9,1784231423076,1784231420359
248.98,2.9,1784231423109,1784231420386
249.00,-3.1,1784231423143,1784231420414
249.05,5.9,1784231423176,1784231420456
249.07,-1.1,1784231423211,1784231420484
249.12,7.9,1784231423244,1784231420526
249.14,0.9,1784231423278,1784231420553
249.19,9.9,1784231423311,1784231420595
249.21,4.9,1784231423344,1784231420623
249.24,1.9,1784231423378,1784231420654
249.28,5.9,1784231423413,1784231420693
249.31,0.9,1784231423445,1784231420720
249.35,8.9,1784231423479,1784231420762
249.38,2.9,1784231423513,1784231420790
249.41,-2.1,1784231423546,1784231420818
249.45,5.9,1784231423580,1784231420860
249.48,-0.1,1784231423614,1784231420888
249.52,7.9,1784231423647,1784231420929
249.55,2.9,1784231423681,1784231420958
249.58,-3.1,1784231423714,1784231420985
249.62,4.9,1784231423748,1784231421027
249.65,-1.3,1784231423782,1784231421055
249.69,7.7,1784231423815,1784231421097
249.71,1.7,1784231423848,1784231421124
249.75,-2.3,1784231423882,1784231421154
249.78,3.7,1784231423916,1784231421194
249.81,-2.3,1784231423950,1784231421222
249.85,7.7,1784231423983,1784231421265
249.88,-0.3,1784231424018,1784231421292
249.92,9.7,1784231424050,1784231421334
249.95,2.7,1784231424084,1784231421361
249.98,-3.3,1784231424118,1784231421389
250.02,5.7,1784231424151,1784231421431
250.05,0.7,1784231424184,1784231421459
250.09,7.7,1784231424218,1784231421500
250.12,1.7,1784231424252,1784231421528
250.15,-2.3,1784231424284,1784231421556
250.19,4.7,1784231424319,1784231421598
250.22,-0.3,1784231424352,1784231421626
250.26,7.7,1784231424386,1784231421668
250.29,0.7,1784231424420,1784231421695
250.33,10.7,1784231424453,1784231421738
250.36,3.7,1784231424487,1784231421765
250.38,-2.3,1784231424521,1784231421793
250.43,7.7,1784231424553,1784231421835
250.45,1.7,1784231424587,1784231421863
250.49,8.7,1784231424621,1784231421904
250.52,2.7,1784231424655,1784231421932
250.55,-3.3,1784231424689,1784231421960
250.59,5.7,1784231424722,1784231422002
250.62,0.7,1784231424755,1784231422030
250.66,8.7,1784231424789,1784231422072
250.69,3.7,1784231424822,1784231422100
250.72,-4.3,1784231424857,1784231422127
250.76,5.7,1784231424890,1784231422170
250.79,-1.3,1784231424924,1784231422197
250.83,6.7,1784231424957,1784231422238
250.86,1.7,1784231424991,1784231422267
250.90,8.7,1784231425025,1784231422308
250.93,3.7,1784231425058,1784231422336
250.95,-2.3,1784231425092,1784231422364
251.00,4.7,1784231425126,1784231422405
251.02,0.7,1784231425159,1784231422434
251.07,7.7,1784231425193,1784231422475
251.09,2.7,1784231425226,1784231422503
251.12,-3.3,1784231425260,1784231422531
251.16,4.7,1784231425294,1784231422573
251.19,-0.3,1784231425327,1784231422601
251.23,7.7,1784231425360,1784231422642
251.26,1.7,1784231425394,1784231422670
251.30,9.7,1784231425428,1784231422712
251.33,4.7,1784231425461,1784231422740
251.36,-2.3,1784231425495,1784231422767
251.40,7.7,1784231425528,1784231422810
251.43,0.7,1784231425562,1784231422837
251.47,9.7,1784231425596,1784231422880
251.50,3.7,1784231425629,1784231422907
251.52,-3.3,1784231425663,1784231422934
251.57,4.7,1784231425697,1784231422976
251.59,-0.3,1784231425730,1784231423004
251.64,8.7,1784231425764,1784231423047
251.66,3.8,1784231425796,1784231423074
251.71,10.8,1784231425831,1784231423116
251.73,4.8,1784231425864,1784231423143
251.76,-0.2,1784231425898,1784231423172
251.80,6.8,1784231425932,1784231423213
251.83,2.8,1784231425965,1784231423242
251.87,10.8,1784231425998,1784231423283
251.90,3.8,1784231426033,1784231423311
251.93,-1.2,1784231426066,1784231423339
251.97,6.8,1784231426100,1784231423381
252.00,1.8,1784231426133,1784231423409
252.04,8.8,1784231426167,1784231423450
252.07,2.8,1784231426201,1784231423478
252.10,-2.2,1784231426233,1784231423505
252.14,5.8,1784231426267,1784231423547
252.17,-0.2,1784231426302,1784231423576
252.21,9.8,1784231426334,1784231423618
252.23,1.8,1784231426368,1784231423644
252.28,9.8,1784231426402,1784231423686
252.30,3.8,1784231426436,1784231423714
252.33,-0.2,1784231426469,1784231423743
252.37,6.8,1784231426503,1784231423784
252.40,-0.2,1784231426537,1784231423811
252.44,8.8,1784231426571,1784231423854
252.47,2.8,1784231426604,1784231423881
252.50,-1.2,1784231426637,1784231423910
252.54,6.8,1784231426671,1784231423952
252.57,0.8,1784231426704,1784231423979
252.61,9.8,1784231426738,1784231424022
252.64,3.8,1784231426771,1784231424049
252.67,-3.2,1784231426805,1784231424076
252.71,5.8,1784231426838,1784231424118
252.74,-1.2,1784231426873,1784231424146
252.78,7.8,1784231426906,1784231424188
252.81,1.8,1784231426940,1784231424216
252.85,8.8,1784231426974,1784231424257
252.88,3.8,1784231427007,1784231424285
252.90,-1.2,1784231427040,1784231424313
252.95,5.8,1784231427075,1784231424355
252.97,1.8,1784231427107,1784231424383
253.00,-4.2,1784231427142,1784231424412
253.04,2.8,1784231427175,1784231424452
253.07,-3.2,1784231427209,1784231424480
253.11,4.8,1784231427242,1784231424521
253.14,-0.2,1784231427276,1784231424550
253.18,8.8,1784231427309,1784231424592
253.21,1.8,1784231427343,1784231424619
253.24,-3.2,1784231427377,1784231424648
253.28,4.8,1784231427410,1784231424689
253.31,-0.2,1784231427443,1784231424717
253.35,6.8,1784231427478,1784231424759
253.38,0.8,1784231427511,1784231424786
253.42,9.8,1784231427544,1784231424828
253.45,3.8,1784231427578,1784231424856
253.47,-2.2,1784231427612,1784231424884
253.52,5.8,1784231427646,1784231424926
253.55,1.8,1784231427679,1784231424955
253.59,8.8,1784231427712,1784231424995
253.61,2.8,1784231427746,1784231425023
253.66,10.8,1784231427780,1784231425065
253.68,5.0,1784231427813,1784231425092
253.71,0.0,1784231427847,1784231425121
253.75,10.0,1784231427880,1784231425164
253.78,3.0,1784231427914,1784231425191
253.82,11.0,1784231427947,1784231425232
253.85,4.0,1784231427981,1784231425259
253.88,0.0,1784231428014,1784231425288
253.92,7.0,1784231428048,1784231425329
253.95,1.0,1784231428082,1784231425357
253.99,10.0,1784231428115,1784231425399
254.02,3.0,1784231428150,1784231425427
254.05,-2.0,1784231428184,1784231425456
254.09,6.0,1784231428217,1784231425497
254.11,0.0,1784231428251,1784231425525
254.16,8.0,1784231428284,1784231425566
254.18,1.0,1784231428318,1784231425593
254.21,-3.0,1784231428351,1784231425622
254.26,8.0,1784231428384,1784231425666
254.28,-1.0,1784231428418,1784231425691
254.32,7.0,1784231428452,1784231425733
254.35,2.0,1784231428485,1784231425761
254.39,10.0,1784231428519,1784231425803
254.42,3.0,1784231428553,1784231425830
254.45,-3.0,1784231428587,1784231425858
254.49,6.0,1784231428620,1784231425900
254.52,0.0,1784231428654,1784231425928
254.56,9.0,1784231428687,1784231425970
254.59,3.0,1784231428721,1784231425998
254.63,11.0,1784231428754,1784231426039
254.66,7.0,1784231428787,1784231426068
254.69,1.0,1784231428821,1784231426096
254.73,7.0,1784231428855,1784231426136
254.76,4.0,1784231428888,1784231426166
254.78,-3.0,1784231428922,1784231426193
254.82,5.0,1784231428955,1784231426234
254.85,-1.0,1784231428989,1784231426262
254.89,7.0,1784231429023,1784231426304
254.92,2.0,1784231429056,1784231426332
254.96,10.0,1784231429090,1784231426374
254.99,3.0,1784231429124,1784231426401
255.02,-2.0,1784231429157,1784231426429
255.06,6.0,1784231429190,1784231426470
255.09,0.0,1784231429224,1784231426498
255.13,8.0,1784231429258,1784231426540
255.16,3.0,1784231429291,1784231426568
255.19,-3.0,1784231429325,1784231426596
255.23,5.0,1784231429359,1784231426638
255.26,0.0,1784231429392,1784231426666
255.30,7.0,1784231429426,1784231426707
255.33,2.0,1784231429459,1784231426735
255.37,10.0,1784231429493,1784231426777
255.40,4.0,1784231429526,1784231426804
255.42,-2.0,1784231429561,1784231426833
255.47,6.0,1784231429595,1784231426875
255.49,2.0,1784231429627,1784231426903
255.52,-2.0,1784231429661,1784231426933
255.56,3.0,1784231429695,1784231426972
255.59,-2.0,1784231429728,1784231427000
255.63,6.0,1784231429762,1784231427042
255.66,1.1,1784231429795,1784231427070
255.70,8.1,1784231429829,1784231427111
255.73,2.1,1784231429863,1784231427139
255.76,-3.9,1784231429897,1784231427167
255.80,4.1,1784231429930,1784231427208
255.83,-0.9,1784231429964,1784231427237
255.87,9.1,1784231429996,1784231427279
255.90,1.1,1784231430031,1784231427306
255.94,10.1,1784231430064,1784231427348
255.97,4.1,1784231430097,1784231427375
255.99,-2.9,1784231430132,1784231427403
256.04,7.1,1784231430165,1784231427446
256.06,1.1,1784231430198,1784231427473
256.11,9.1,1784231430232,1784231427515
256.13,3.1,1784231430266,1784231427543
256.16,-1.9,1784231430299,1784231427571
256.20,6.1,1784231430333,1784231427613
256.23,-0.9,1784231430367,1784231427640
256.27,8.1,1784231430400,1784231427682
256.30,2.1,1784231430434,1784231427710
256.34,11.1,1784231430467,1784231427752
256.37,4.1,1784231430501,1784231427779
256.40,-0.9,1784231430534,1784231427807
256.44,7.1,1784231430568,1784231427849
256.47,1.1,1784231430601,1784231427876
256.51,10.1,1784231430635,1784231427919
256.54,3.1,1784231430670,1784231427947
256.56,-2.9,1784231430703,1784231427974
256.61,6.1,1784231430736,1784231428016
256.63,1.1,1784231430769,1784231428044
256.68,8.1,1784231430804,1784231428086
256.70,2.1,1784231430837,1784231428113
256.75,11.1,1784231430870,1784231428155
256.77,6.1,1784231430903,1784231428183
256.80,0.1,1784231430937,1784231428211
256.84,8.1,1784231430971,1784231428253
256.87,1.1,1784231431005,1784231428280
256.91,10.1,1784231431038,1784231428322
256.94,4.1,1784231431072,1784231428350
256.97,-2.9,1784231431107,1784231428378
257.01,7.1,1784231431139,1784231428420
257.04,0.1,1784231431173,1784231428447
257.08,9.1,1784231431207,1784231428490
257.11,3.1,1784231431240,1784231428517
257.14,-1.9,1784231431274,1784231428546
257.18,6.1,1784231431307,1784231428587
257.21,0.1,1784231431341,1784231428615
257.25,8.1,1784231431374,1784231428656
257.28,5.1,1784231431408,1784231428687
257.32,10.1,1784231431442,1784231428726
257.34,5.1,1784231431475,1784231428754
257.37,-1.9,1784231431509,1784231428781
257.41,8.1,1784231431542,1784231428824
257.44,1.1,1784231431576,1784231428851
257.48,9.1,1784231431610,1784231428893
257.51,4.1,1784231431643,1784231428921
257.54,-0.9,1784231431677,1784231428950
257.58,5.1,1784231431711,1784231428990
257.61,0.1,1784231431744,1784231429018
257.65,9.1,1784231431778,1784231429061
257.68,2.9,1784231431811,1784231429088
257.71,-2.1,1784231431845,1784231429117
257.75,3.9,1784231431879,1784231429157
257.78,-1.1,1784231431912,1784231429185
257.82,7.9,1784231431946,1784231429228
257.85,0.9,1784231431980,1784231429255
257.89,10.9,1784231432012,1784231429297
257.92,3.9,1784231432047,1784231429325
257.94,-2.1,1784231432080,1784231429352
257.98,4.9,1784231432115,1784231429394
258.01,0.9,1784231432147,1784231429422
258.05,8.9,1784231432180,1784231429463
258.08,2.9,1784231432215,1784231429492
258.11,-2.1,1784231432248,1784231429520
258.15,4.9,1784231432282,1784231429561
258.18,0.9,1784231432315,1784231429590
258.22,7.9,1784231432349,1784231429631
258.25,2.9,1784231432382,1784231429659
258.28,-4.1,1784231432416,1784231429686
258.32,3.9,1784231432450,1784231429728
258.35,-1.1,1784231432483,1784231429756
258.39,8.9,1784231432516,1784231429799
258.42,1.9,1784231432550,1784231429826
258.46,9.9,1784231432584,1784231429868
258.49,3.9,1784231432617,1784231429895
258.51,-3.1,1784231432652,1784231429923
258.56,6.9,1784231432685,1784231429966
258.58,-1.1,1784231432719,1784231429992
258.62,8.9,1784231432752,1784231430035
258.65,2.9,1784231432785,1784231430062
258.68,-2.1,1784231432819,1784231430091
258.72,4.9,1784231432853,1784231430132
258.75,-0.1,1784231432886,1784231430160
258.78,-4.1,1784231432920,1784231430190
258.82,0.9,1784231432954,1784231430229
258.86,9.9,1784231432987,1784231430271
258.89,3.9,1784231433021,1784231430299
258.92,-2.1,1784231433055,1784231430327
258.96,6.9,1784231433088,1784231430369
258.99,1.9,1784231433122,1784231430398
259.03,11.9,1784231433155,1784231430441
259.06,2.9,1784231433189,1784231430466
259.09,-1.1,1784231433222,1784231430495
259.13,5.9,1784231433256,1784231430536
259.15,0.9,1784231433289,1784231430564
259.20,6.9,1784231433324,1784231430605
259.22,1.9,1784231433357,1784231430633
259.25,-3.1,1784231433390,1784231430661
259.30,7.9,1784231433424,1784231430706
259.32,0.9,1784231433457,1784231430732
259.36,6.9,1784231433492,1784231430773
259.39,2.9,1784231433524,1784231430801
259.43,9.9,1784231433558,1784231430842
259.46,3.9,1784231433592,1784231430870
259.49,-2.1,1784231433626,1784231430898
259.53,9.9,1784231433659,1784231430943
259.56,0.9,1784231433692,1784231430967
259.60,6.9,1784231433727,1784231431008
259.63,2.9,1784231433760,1784231431037
259.65,-3.1,1784231433793,1784231431064
259.70,5.1,1784231433827,1784231431106
259.72,-0.9,1784231433861,1784231431134
259.77,9.1,1784231433894,1784231431177
259.79,1.1,1784231433928,1784231431203
259.84,10.1,1784231433961,1784231431245
259.86,4.1,1784231433995,1784231431273
259.89,-1.9,1784231434029,1784231431301
259.93,7.1,1784231434062,1784231431343
259.96,2.1,1784231434095,1784231431371
260.00,8.1,1784231434130,1784231431412
260.03,6.1,1784231434163,1784231431443
260.06,-1.9,1784231434196,1784231431468
260.10,5.1,1784231434230,1784231431509
260.13,0.1,1784231434264,1784231431538
260.17,9.1,1784231434297,1784231431580
260.20,3.1,1784231434331,1784231431608
260.23,-2.9,1784231434364,1784231431635
260.27,6.1,1784231434398,1784231431678
260.29,-0.9,1784231434431,1784231431704
260.34,6.1,1784231434466,1784231431746
260.37,2.1,1784231434499,1784231431775
260.41,9.1,1784231434533,1784231431816
260.43,3.1,1784231434567,1784231431844
260.46,-1.9,1784231434600,1784231431872
260.50,6.1,1784231434634,1784231431914
260.53,3.1,1784231434667,1784231431944
260.57,9.1,1784231434701,1784231431984
260.60,2.1,1784231434735,1784231432011
260.63,-2.9,1784231434768,1784231432039
260.67,5.1,1784231434802,1784231432081
260.70,-0.9,1784231434835,1784231432108
260.74,9.1,1784231434868,1784231432151
260.77,2.1,1784231434902,1784231432178
260.80,-2.9,1784231434936,1784231432207
260.84,5.1,1784231434969,1784231432248
260.87,-1.9,1784231435003,1784231432275
260.91,8.1,1784231435036,1784231432318
260.94,1.1,1784231435071,1784231432346
260.98,9.1,1784231435104,1784231432387
261.01,3.1,1784231435138,1784231432415
261.04,0.1,1784231435172,1784231432446
261.07,6.1,1784231435205,1784231432485
261.10,1.1,1784231435238,1784231432513
261.14,7.1,1784231435272,1784231432553
261.17,3.1,1784231435306,1784231432583
261.20,-2.9,1784231435339,1784231432610
261.24,5.1,1784231435372,1784231432651
261.27,-1.9,1784231435407,1784231432679
261.31,7.1,1784231435440,1784231432721
261.34,2.1,1784231435474,1784231432750
261.38,9.1,1784231435507,1784231432790
261.41,4.1,1784231435541,1784231432819
261.44,-1.9,1784231435575,1784231432847
261.48,5.1,1784231435608,1784231432887
261.51,2.1,1784231435641,1784231432917
261.54,-0.9,1784231435675,1784231432948
261.58,3.1,1784231435708,1784231432985
261.60,-2.9,1784231435742,1784231433013
261.65,4.1,1784231435777,1784231433055
261.67,0.2,1784231435809,1784231433083
261.71,7.2,1784231435843,1784231433124
261.74,2.2,1784231435877,1784231433153
261.79,14.2,1784231435910,1784231433198
261.81,4.2,1784231435943,1784231433221
261.84,-0.8,1784231435977,1784231433250
261.88,6.2,1784231436011,1784231433291
261.91,1.2,1784231436045,1784231433320
261.95,10.2,1784231436078,1784231433362
261.98,3.2,1784231436112,1784231433389
262.01,-1.8,1784231436146,1784231433418
262.05,7.2,1784231436178,1784231433459
262.08,0.2,1784231436212,1784231433486
262.12,8.2,1784231436246,1784231433528
262.15,2.2,1784231436280,1784231433556
262.17,-3.8,1784231436314,1784231433584
262.22,4.2,1784231436347,1784231433625
262.24,-0.8,1784231436381,1784231433654
262.29,11.2,1784231436415,1784231433700
262.31,2.2,1784231436448,1784231433724
262.36,10.2,1784231436481,1784231433765
262.38,4.2,1784231436515,1784231433793
262.41,-0.8,1784231436548,1784231433821
262.45,7.2,1784231436582,1784231433863
262.48,1.2,1784231436616,1784231433891
262.52,10.2,1784231436649,1784231433933
262.55,2.2,1784231436683,1784231433959
262.58,-1.8,1784231436716,1784231433988
262.62,6.2,1784231436750,1784231434030
262.65,1.2,1784231436783,1784231434058
262.69,8.2,1784231436817,1784231434099
262.72,1.2,1784231436852,1784231434127
262.76,11.2,1784231436884,1784231434169
262.79,8.2,1784231436918,1784231434200
262.81,-0.8,1784231436952,1784231434225
262.86,8.2,1784231436985,1784231434267
262.88,2.2,1784231437019,1784231434295
262.93,10.2,1784231437052,1784231434336
262.95,3.2,1784231437086,1784231434363
262.98,-1.8,1784231437120,1784231434392
263.02,7.2,1784231437153,1784231434434
263.05,0.2,1784231437187,1784231434461
263.09,8.2,1784231437221,1784231434503
263.12,5.2,1784231437253,1784231434532
263.15,-1.8,1784231437287,1784231434559
263.19,5.2,1784231437322,1784231434601
263.22,0.2,1784231437355,1784231434629
263.26,8.2,1784231437388,1784231434670
263.29,5.2,1784231437423,1784231434702
263.33,10.2,1784231437455,1784231434739
263.36,3.2,1784231437490,1784231434767
263.39,-2.8,1784231437524,1784231434795
263.43,6.2,1784231437557,1784231434837
263.46,2.2,1784231437590,1784231434866
263.50,10.2,1784231437624,1784231434908
263.52,3.2,1784231437657,1784231434934
263.55,-1.8,1784231437691,1784231434963
263.59,6.2,1784231437724,1784231435004
263.62,-0.8,1784231437759,1784231435032
263.66,8.2,1784231437792,1784231435074
263.69,2.1,1784231437825,1784231435101
263.72,-2.9,1784231437859,1784231435130
263.76,6.1,1784231437892,1784231435172
263.79,3.1,1784231437926,1784231435203
263.83,8.1,1784231437959,1784231435241
263.86,0.1,1784231437994,1784231435268
263.90,9.1,1784231438028,1784231435311
263.93,4.1,1784231438060,1784231435338
263.96,-1.9,1784231438094,1784231435366
264.00,5.1,1784231438128,1784231435407
264.03,-0.9,1784231438162,1784231435435
264.07,8.1,1784231438195,1784231435477
264.10,1.1,1784231438230,1784231435505
264.12,-1.9,1784231438262,1784231435534
264.17,5.1,1784231438296,1784231435575
264.19,1.1,1784231438329,1784231435604
264.23,8.1,1784231438363,1784231435645
264.26,3.1,1784231438396,1784231435673
264.29,-0.9,1784231438430,1784231435703
264.33,4.1,1784231438464,1784231435742
264.36,1.1,1784231438496,1784231435771
264.40,6.1,1784231438531,1784231435811
264.43,1.1,1784231438565,1784231435840
264.47,9.1,1784231438598,1784231435881
264.50,4.1,1784231438631,1784231435909
264.53,-0.9,1784231438665,1784231435938
264.57,7.1,1784231438698,1784231435979
264.60,1.1,1784231438732,1784231436007
264.64,10.1,1784231438766,1784231436050
264.67,2.1,1784231438800,1784231436076
264.69,-2.9,1784231438833,1784231436104
264.74,6.1,1784231438867,1784231436147
264.76,-0.9,1784231438901,1784231436174
264.81,8.1,1784231438934,1784231436216
264.83,2.1,1784231438967,1784231436243
264.86,-3.9,1784231439001,1784231436271
264.90,4.1,1784231439036,1784231436314
264.93,-0.9,1784231439068,1784231436341
264.97,7.1,1784231439102,1784231436383
265.00,2.1,1784231439135,1784231436411
265.05,11.1,1784231439170,1784231436455
265.07,3.1,1784231439204,1784231436481
265.10,-2.9,1784231439237,1784231436508
265.14,7.1,1784231439270,1784231436551
265.17,1.1,1784231439303,1784231436578
265.21,9.1,1784231439337,1784231436620
265.24,3.1,1784231439371,1784231436648
265.27,-2.9,1784231439404,1784231436675
265.31,7.1,1784231439438,1784231436719
265.34,-0.9,1784231439472,1784231436745
265.38,7.1,1784231439506,1784231436787
265.40,3.1,1784231439538,1784231436815
265.43,-2.9,1784231439572,1784231436843
265.47,4.1,1784231439605,1784231436883
265.50,-1.9,1784231439640,1784231436912
265.55,8.1,1784231439673,1784231436955
265.57,0.1,1784231439707,1784231436981
265.61,7.1,1784231439741,1784231437022
265.64,2.1,1784231439774,1784231437050
265.67,-0.9,1784231439807,1784231437080
265.71,6.5,1784231439841,1784231437121
265.74,0.5,1784231439874,1784231437148
265.78,6.5,1784231439910,1784231437190
265.81,2.5,1784231439942,1784231437218
265.85,9.5,1784231439976,1784231437259
265.88,4.5,1784231440009,1784231437287
265.91,-1.5,1784231440043,1784231437315
265.95,7.5,1784231440076,1784231437357
265.98,2.5,1784231440109,1784231437385
266.02,8.5,1784231440144,1784231437426
266.05,3.5,1784231440177,1784231437454
266.07,-2.5,1784231440211,1784231437482
266.12,6.5,1784231440244,1784231437524
266.14,0.5,1784231440278,1784231437552
266.18,9.5,1784231440311,1784231437594
266.21,3.5,1784231440345,1784231437622
266.24,-2.5,1784231440379,1784231437650
266.28,6.5,1784231440412,1784231437692
266.31,0.5,1784231440446,1784231437720
266.35,7.5,1784231440480,1784231437761
266.38,4.5,1784231440513,1784231437791
266.41,-2.5,1784231440547,1784231437818
266.45,5.5,1784231440580,1784231437859
266.48,-1.5,1784231440615,1784231437887
266.52,7.5,1784231440647,1784231437928
266.55,2.5,1784231440681,1784231437957
266.59,11.5,1784231440714,1784231437999
266.62,3.5,1784231440748,1784231438025
266.64,-1.5,1784231440782,1784231438054
266.69,6.5,1784231440816,1784231438096
266.71,0.5,1784231440849,1784231438123
266.76,9.5,1784231440883,1784231438166
266.78,3.5,1784231440916,1784231438193
266.82,12.5,1784231440949,1784231438235
266.85,3.5,1784231440984,1784231438261
266.88,-0.5,1784231441017,1784231438290
266.92,7.5,1784231441051,1784231438332
266.95,1.5,1784231441084,1784231438359
266.99,9.5,1784231441118,1784231438401
267.02,5.5,1784231441151,1784231438430
267.05,-2.5,1784231441186,1784231438457
267.09,6.5,1784231441219,1784231438499
267.12,0.5,1784231441253,1784231438527
267.16,9.5,1784231441285,1784231438568
267.19,3.5,1784231441319,1784231438596
267.21,-1.5,1784231441353,1784231438625
267.26,6.5,1784231441386,1784231438666
267.28,0.5,1784231441419,1784231438693
267.33,8.5,1784231441454,1784231438736
267.35,3.5,1784231441487,1784231438764
267.38,-3.5,1784231441521,1784231438791
267.42,5.5,1784231441554,1784231438833
267.45,-0.5,1784231441588,1784231438861
267.49,6.5,1784231441622,1784231438902
267.52,2.5,1784231441655,1784231438931
267.57,11.5,1784231441690,1784231438975
267.59,3.5,1784231441723,1784231439000
267.62,-2.5,1784231441756,1784231439027
267.66,6.5,1784231441790,1784231439070
267.69,0.0,1784231441824,1784231439097
267.73,9.0,1784231441857,1784231439139
267.76,4.0,1784231441890,1784231439167
267.79,-3.0,1784231441925,1784231439195
267.83,6.0,1784231441957,1784231439236
267.86,0.0,1784231441992,1784231439265
267.90,8.0,1784231442025,1784231439306
267.93,3.0,1784231442058,1784231439334
267.97,11.0,1784231442092,1784231439376
267.99,5.0,1784231442125,1784231439403
268.02,-2.0,1784231442160,1784231439431
268.06,8.0,1784231442193,1784231439474
268.09,2.0,1784231442226,1784231439501
268.13,9.0,1784231442261,1784231439543
268.16,5.0,1784231442293,1784231439571
268.19,-2.0,1784231442328,1784231439599
268.23,6.0,1784231442361,1784231439640
268.26,0.0,1784231442395,1784231439668
268.30,9.0,1784231442428,1784231439710
268.33,5.0,1784231442461,1784231439739
268.36,-2.0,1784231442496,1784231439767
268.40,6.0,1784231442529,1784231439808
268.43,0.0,1784231442563,1784231439836
268.47,8.0,1784231442597,1784231439878
268.50,3.0,1784231442630,1784231439906
268.52,-2.0,1784231442663,1784231439934
268.57,7.0,1784231442696,1784231439976
268.59,-1.0,1784231442731,1784231440003
268.63,8.0,1784231442764,1784231440045
268.66,2.0,1784231442798,1784231440073
268.70,10.0,1784231442831,1784231440114
268.73,4.0,1784231442865,1784231440142
268.76,0.0,1784231442898,1784231440171
268.80,7.0,1784231442932,1784231440212
268.83,2.0,1784231442965,1784231440240
268.87,8.0,1784231443000,1784231440281
268.90,2.0,1784231443033,1784231440308
268.93,-3.0,1784231443067,1784231440337
268.97,5.0,1784231443101,1784231440379
269.00,0.0,1784231443134,1784231440407
269.04,9.0,1784231443167,1784231440449
269.07,3.0,1784231443201,1784231440477
269.10,-3.0,1784231443234,1784231440504
269.14,4.0,1784231443268,1784231440545
269.16,-1.0,1784231443301,1784231440573
269.21,7.0,1784231443335,1784231440615
269.23,0.0,1784231443369,1784231440642
269.28,8.0,1784231443403,1784231440684
269.30,3.0,1784231443436,1784231440712
269.33,-1.0,1784231443469,1784231440741
269.37,6.0,1784231443503,1784231440782
269.40,-1.0,1784231443537,1784231440809
269.44,7.0,1784231443571,1784231440851
269.47,3.0,1784231443603,1784231440879
269.50,-3.0,1784231443637,1784231440907
269.54,5.0,1784231443671,1784231440949
269.57,2.0,1784231443705,1784231440980
269.61,9.0,1784231443738,1784231441020
269.64,2.0,1784231443772,1784231441047
269.68,10.0,1784231443806,1784231441089
269.71,4.1,1784231443839,1784231441116
269.74,-1.9,1784231443873,1784231441144
269.78,6.1,1784231443906,1784231441185
269.80,0.1,1784231443940,1784231441213
269.85,6.1,1784231443975,1784231441254
269.87,2.1,1784231444007,1784231441282
269.90,-1.9,1784231444041,1784231441312
269.94,5.1,1784231444074,1784231441352
269.97,-0.9,1784231444108,1784231441380
270.01,7.1,1784231444142,1784231441422
270.04,3.1,1784231444175,1784231441451
270.07,1.1,1784231444209,1784231441483
270.11,4.1,1784231444242,1784231441519
270.14,-2.9,1784231444277,1784231441547
270.18,6.1,1784231444310,1784231441589
270.21,2.1,1784231444343,1784231441618
270.25,9.1,1784231444377,1784231441659
270.28,3.1,1784231444411,1784231441687
270.31,-2.9,1784231444444,1784231441714
270.35,6.1,1784231444478,1784231441757
270.37,0.1,1784231444511,1784231441784
270.42,7.1,1784231444546,1784231441826
270.44,3.1,1784231444578,1784231441854
270.49,10.1,1784231444612,1784231441895
270.51,5.1,1784231444645,1784231441923
270.54,0.1,1784231444679,1784231441952
270.58,7.1,1784231444713,1784231441993
270.61,2.1,1784231444746,1784231442021
270.65,11.1,1784231444780,1784231442064
270.68,5.1,1784231444813,1784231442091
270.71,-1.9,1784231444847,1784231442118
270.75,6.1,1784231444881,1784231442160
270.78,1.1,1784231444914,1784231442188
270.82,11.1,1784231444948,1784231442232
270.85,3.1,1784231444982,1784231442258
270.89,11.1,1784231445015,1784231442299
270.92,5.1,1784231445049,1784231442327
270.95,-0.9,1784231445083,1784231442355
270.99,8.1,1784231445116,1784231442397
271.02,3.1,1784231445150,1784231442426
271.06,10.1,1784231445183,1784231442466
271.09,6.1,1784231445217,1784231442496
271.12,1.1,1784231445251,1784231442525
271.16,9.1,1784231445284,1784231442566
271.18,1.1,1784231445318,1784231442592
271.22,9.1,1784231445352,1784231442634
271.25,3.1,1784231445385,1784231442661
271.28,-0.9,1784231445418,1784231442690
271.32,6.1,1784231445451,1784231442730
271.35,-0.9,1784231445486,1784231442758
271.39,9.1,1784231445519,1784231442801
271.42,2.1,1784231445553,1784231442828
271.45,-2.9,1784231445586,1784231442856
271.49,5.1,1784231445620,1784231442898
271.52,-1.9,1784231445654,1784231442925
271.56,7.1,1784231445687,1784231442967
271.59,2.1,1784231445721,1784231442996
271.63,9.1,1784231445755,1784231443037
271.66,4.1,1784231445788,1784231443065
271.68,-1.9,1784231445822,1784231443093
271.72,5.3,1784231445856,1784231443134
271.75,2.3,1784231445888,1784231443163
271.79,8.3,1784231445923,1784231443204
271.82,3.3,1784231445956,1784231443232
271.86,10.3,1784231445990,1784231443273
271.89,5.3,1784231446024,1784231443302
271.92,0.3,1784231446056,1784231443329
271.96,7.3,1784231446090,1784231443370
271.99,2.3,1784231446124,1784231443399
272.03,10.3,1784231446158,1784231443441
272.06,5.3,1784231446191,1784231443469
272.09,2.3,1784231446225,1784231443500
272.13,5.3,1784231446259,1784231443537
272.16,1.3,1784231446292,1784231443566
272.20,9.3,1784231446326,1784231443608
272.23,3.3,1784231446360,1784231443636
272.25,-0.7,1784231446392,1784231443664
272.30,6.3,1784231446425,1784231443704
272.32,0.3,1784231446460,1784231443733
272.37,10.3,1784231446493,1784231443776
272.39,2.3,1784231446527,1784231443802
272.43,10.3,1784231446561,1784231443844
272.46,4.3,1784231446595,1784231443872
272.49,0.3,1784231446627,1784231443900
272.53,7.3,1784231446662,1784231443942
272.56,2.3,1784231446695,1784231443970
272.59,-2.7,1784231446729,1784231443999
272.63,4.3,1784231446762,1784231444039
272.66,-0.7,1784231446795,1784231444067
272.70,6.3,1784231446830,1784231444109
272.73,1.3,1784231446863,1784231444137
272.77,10.3,1784231446896,1784231444179
272.80,4.3,1784231446930,1784231444207
272.82,-1.7,1784231446963,1784231444234
272.87,4.3,1784231446998,1784231444275
272.89,0.3,1784231447031,1784231444304
272.94,8.3,1784231447065,1784231444346
272.96,3.3,1784231447098,1784231444374
273.01,12.3,1784231447131,1784231444416
273.03,4.3,1784231447165,1784231444442
273.06,-0.7,1784231447200,1784231444472
273.10,6.3,1784231447233,1784231444512
273.13,0.3,1784231447267,1784231444540
273.17,9.3,1784231447300,1784231444582
273.20,3.3,1784231447334,1784231444610
273.23,-1.7,1784231447367,1784231444638
273.27,8.3,1784231447400,1784231444681
273.30,0.3,1784231447434,1784231444707
273.34,12.3,1784231447467,1784231444752
273.37,3.3,1784231447501,1784231444777
273.41,11.3,1784231447535,1784231444819
273.44,6.3,1784231447568,1784231444847
273.46,0.3,1784231447601,1784231444874
273.51,8.3,1784231447636,1784231444917
273.53,1.3,1784231447670,1784231444944
273.58,10.3,1784231447703,1784231444986
273.60,3.3,1784231447737,1784231445013
273.63,-1.7,1784231447770,1784231445041
273.67,6.3,1784231447804,1784231445083
273.70,1.3,1784231447837,1784231445111
273.74,8.3,1784231447871,1784231445152
273.77,3.3,1784231447905,1784231445181
273.80,-2.7,1784231447938,1784231445208
273.84,8.3,1784231447972,1784231445253
273.87,0.3,1784231448005,1784231445278
273.91,8.3,1784231448039,1784231445320
273.94,2.3,1784231448073,1784231445348
273.98,11.3,1784231448106,1784231445390
274.01,5.3,1784231448140,1784231445418
274.04,-1.7,1784231448174,1784231445445
274.08,6.3,1784231448208,1784231445487
274.11,1.3,1784231448241,1784231445515
274.15,9.3,1784231448274,1784231445556
274.17,3.3,1784231448308,1784231445584
274.20,-1.7,1784231448342,1784231445613
274.24,6.3,1784231448375,1784231445654
274.27,0.3,1784231448409,1784231445682
274.31,9.3,1784231448442,1784231445724
274.35,6.3,1784231448476,1784231445755
274.37,-2.7,1784231448509,1784231445779
274.41,5.3,1784231448543,1784231445821
274.44,1.3,1784231448576,1784231445850
274.48,9.3,1784231448610,1784231445892
274.51,2.3,1784231448643,1784231445918
274.55,9.3,1784231448678,1784231445960
274.58,5.3,1784231448711,1784231445989
274.61,-1.7,1784231448745,1784231446016
274.65,7.3,1784231448778,1784231446058
274.68,2.3,1784231448812,1784231446087
274.72,10.3,1784231448845,1784231446128
274.75,4.3,1784231448879,1784231446156
274.77,-1.7,1784231448912,1784231446183
274.82,7.3,1784231448946,1784231446226
274.85,4.3,1784231448980,1784231446257
274.88,8.3,1784231449013,1784231446294
274.91,3.3,1784231449047,1784231446323
274.95,11.3,1784231449081,1784231446365
274.98,4.3,1784231449115,1784231446392
275.01,0.3,1784231449148,1784231446421
275.05,7.3,1784231449181,1784231446461
275.08,2.3,1784231449215,1784231446490
275.12,9.3,1784231449249,1784231446531
275.15,4.3,1784231449282,1784231446559
275.18,-1.7,1784231449316,1784231446587
275.22,7.3,1784231449349,1784231446629
275.25,2.3,1784231449382,1784231446657
275.29,10.3,1784231449416,1784231446699
275.32,2.3,1784231449451,1784231446726
275.35,2.3,1784231449484,1784231446759
275.39,8.3,1784231449517,1784231446798
275.43,15.3,1784231449551,1784231446839
275.46,8.3,1784231449585,1784231446866
275.48,2.3,1784231449619,1784231446894
275.51,-1.7,1784231449651,1784231446922
275.55,6.3,1784231449685,1784231446964
275.58,-0.7,1784231449719,1784231446991
275.62,7.3,1784231449753,1784231447033
275.65,1.3,1784231449786,1784231447060
275.69,10.3,1784231449819,1784231447102
275.72,4.5,1784231449853,1784231447130
275.75,-0.5,1784231449886,1784231447158
275.79,6.5,1784231449921,1784231447200
275.82,1.5,1784231449954,1784231447228
275.86,10.5,1784231449987,1784231447270
275.89,3.5,1784231450021,1784231447297
275.93,13.5,1784231450054,1784231447340
275.96,6.5,1784231450088,1784231447367
275.99,0.5,1784231450122,1784231447395
276.03,7.5,1784231450156,1784231447436
276.05,2.5,1784231450189,1784231447464
276.10,11.5,1784231450223,1784231447507
276.12,3.5,1784231450257,1784231447533
276.15,-1.5,1784231450291,1784231447562
276.19,7.5,1784231450324,1784231447604
276.22,0.5,1784231450358,1784231447631
276.26,8.5,1784231450391,1784231447672
276.29,4.5,1784231450424,1784231447701
276.32,-1.5,1784231450458,1784231447729
276.36,7.5,1784231450491,1784231447771
276.39,1.5,1784231450525,1784231447799
276.43,8.5,1784231450559,1784231447840
276.46,2.5,1784231450593,1784231447868
276.50,10.5,1784231450627,1784231447910
276.53,4.5,1784231450660,1784231447937
276.56,-0.5,1784231450693,1784231447965
276.60,7.5,1784231450727,1784231448007
276.63,3.5,1784231450759,1784231448035
276.67,10.5,1784231450794,1784231448077
276.70,4.5,1784231450828,1784231448105
276.72,-0.5,1784231450861,1784231448133
276.76,7.5,1784231450894,1784231448174
276.79,0.5,1784231450929,1784231448202
276.83,9.5,1784231450962,1784231448244
276.86,5.5,1784231450995,1784231448273
276.89,-0.5,1784231451029,1784231448301
276.93,6.5,1784231451063,1784231448342
276.96,-0.5,1784231451097,1784231448369
277.00,8.5,1784231451130,1784231448411
277.03,2.5,1784231451164,1784231448439
277.06,-2.5,1784231451197,1784231448467
277.10,5.5,1784231451231,1784231448509
277.13,0.5,1784231451264,1784231448537
277.17,8.5,1784231451298,1784231448579
277.20,2.5,1784231451331,1784231448606
277.24,10.5,1784231451365,1784231448648
277.27,5.5,1784231451398,1784231448676
277.29,-1.5,1784231451433,1784231448704
277.34,8.5,1784231451466,1784231448747
277.37,4.5,1784231451499,1784231448776
277.41,9.5,1784231451533,1784231448815
277.43,3.5,1784231451567,1784231448843
277.46,-0.5,1784231451599,1784231448871
277.50,6.5,1784231451634,1784231448913
277.53,1.5,1784231451667,1784231448941
277.57,8.5,1784231451701,1784231448982
277.60,3.5,1784231451734,1784231449010
277.64,11.5,1784231451768,1784231449052
277.67,7.5,1784231451801,1784231449081
277.70,0.5,1784231451835,1784231449108
277.74,8.5,1784231451869,1784231449150
277.77,2.5,1784231451903,1784231449178
277.81,10.5,1784231451936,1784231449219
277.84,5.5,1784231451969,1784231449247
277.87,-0.5,1784231452004,1784231449276
277.91,6.5,1784231452037,1784231449316
277.93,0.5,1784231452071,1784231449344
277.98,10.5,1784231452104,1784231449387
278.00,3.5,1784231452137,1784231449413
278.03,-2.5,1784231452171,1784231449441
278.07,5.5,1784231452205,1784231449483
278.10,0.5,1784231452239,1784231449512
278.14,6.5,1784231452273,1784231449552
278.17,1.5,1784231452307,1784231449581
278.21,10.5,1784231452339,1784231449622
278.24,4.5,1784231452373,1784231449650
278.27,-1.5,1784231452407,1784231449678
278.31,6.5,1784231452441,1784231449720
278.34,1.5,1784231452474,1784231449748
278.38,9.5,1784231452508,1784231449790
278.41,4.5,1784231452541,1784231449818
278.44,-2.5,1784231452575,1784231449845
278.48,6.5,1784231452608,1784231449887
278.51,0.5,1784231452642,1784231449915
278.55,9.5,1784231452675,1784231449957
278.57,4.5,1784231452708,1784231449985
278.62,11.5,1784231452743,1784231450027
278.65,5.5,1784231452776,1784231450054
278.67,-1.5,1784231452810,1784231450081
278.71,6.5,1784231452844,1784231450123
278.74,3.5,1784231452876,1784231450152
278.78,10.5,1784231452911,1784231450194
278.81,5.5,1784231452944,1784231450222
278.84,-1.5,1784231452978,1784231450249
278.88,7.5,1784231453011,1784231450291
278.91,2.5,1784231453044,1784231450319
278.95,10.5,1784231453078,1784231450361
278.98,2.5,1784231453113,1784231450388
279.01,-1.5,1784231453146,1784231450417
279.05,6.5,1784231453179,1784231450458
279.08,-0.5,1784231453214,1784231450486
279.12,9.5,1784231453247,1784231450529
279.15,2.5,1784231453280,1784231450555
279.19,10.5,1784231453314,1784231450597
279.22,6.5,1784231453347,1784231450626
279.24,-0.5,1784231453381,1784231450653
279.29,8.5,1784231453414,1784231450695
279.31,0.5,1784231453449,1784231450722
279.36,10.5,1784231453482,1784231450765
279.38,4.5,1784231453515,1784231450792
279.41,-1.5,1784231453549,1784231450820
279.45,6.5,1784231453583,1784231450862
279.48,0.5,1784231453617,1784231450890
279.52,8.5,1784231453650,1784231450931
279.55,3.5,1784231453683,1784231450959
279.58,-3.5,1784231453717,1784231450986
279.62,6.5,1784231453751,1784231451030
279.65,0.5,1784231453784,1784231451057
279.69,8.5,1784231453817,1784231451098
279.72,2.2,1784231453851,1784231451126
279.76,10.2,1784231453885,1784231451168
279.79,4.2,1784231453919,1784231451196
279.81,-0.8,1784231453952,1784231451224
279.86,8.2,1784231453985,1784231451266
279.88,1.2,1784231454019,1784231451293
279.93,9.2,1784231454053,1784231451335
279.95,3.2,1784231454087,1784231451363
279.98,-1.8,1784231454120,1784231451391
280.02,6.2,1784231454153,1784231451432
280.05,1.2,1784231454187,1784231451461
280.09,8.2,1784231454221,1784231451502
280.12,5.2,1784231454255,1784231451533
280.16,12.2,1784231454288,1784231451573
280.19,6.2,1784231454322,1784231451601
280.22,1.2,1784231454355,1784231451629
280.26,5.2,1784231454391,1784231451669
280.29,0.2,1784231454424,1784231451697
280.33,9.2,1784231454457,1784231451739
280.36,4.2,1784231454490,1784231451767
280.40,10.2,1784231454524,1784231451807
280.43,6.2,1784231454557,1784231451836
280.45,0.2,1784231454591,1784231451864
280.50,8.2,1784231454624,1784231451905
280.52,2.2,1784231454658,1784231451933
280.57,11.2,1784231454692,1784231451976
280.59,4.2,1784231454725,1784231452002
280.62,0.2,1784231454759,1784231452032
280.66,7.2,1784231454792,1784231452072
280.69,2.2,1784231454826,1784231452101
280.73,10.2,1784231454859,1784231452142
280.76,3.2,1784231454893,1784231452169
280.79,-0.8,1784231454926,1784231452198
280.83,6.2,1784231454960,1784231452239
280.86,0.2,1784231454994,1784231452267
280.90,10.2,1784231455027,1784231452310
280.93,3.2,1784231455061,1784231452337
280.96,-0.8,1784231455094,1784231452366
281.00,6.2,1784231455128,1784231452407
281.02,0.2,1784231455162,1784231452435
281.07,7.2,1784231455196,1784231452476
281.09,2.2,1784231455229,1784231452504
281.14,11.2,1784231455262,1784231452546
281.16,4.2,1784231455297,1784231452574
281.19,-1.8,1784231455331,1784231452602
281.23,6.2,1784231455364,1784231452643
281.26,1.2,1784231455398,1784231452672
281.30,10.2,1784231455431,1784231452714
281.33,4.2,1784231455464,1784231452741
281.36,-1.8,1784231455498,1784231452769
281.40,5.2,1784231455532,1784231452810
281.43,0.2,1784231455565,1784231452838
281.47,9.2,1784231455599,1784231452881
281.50,3.2,1784231455632,1784231452908
281.53,-2.8,1784231455665,1784231452935
281.57,5.2,1784231455699,1784231452977
281.60,0.2,1784231455733,1784231453006
281.64,7.2,1784231455767,1784231453047
281.67,2.2,1784231455800,1784231453075
281.71,11.2,1784231455833,1784231453117
281.74,4.4,1784231455868,1784231453145
281.76,-1.6,1784231455901,1784231453172
281.80,7.4,1784231455934,1784231453214
281.83,1.4,1784231455968,1784231453242
281.88,10.4,1784231456002,1784231453285
281.90,3.4,1784231456035,1784231453311
281.93,-1.6,1784231456069,1784231453340
281.97,5.4,1784231456103,1784231453381
282.00,0.4,1784231456136,1784231453409
282.04,9.4,1784231456169,1784231453451
282.07,2.4,1784231456204,1784231453479
282.10,-2.6,1784231456237,1784231453507
282.14,5.4,1784231456270,1784231453548
282.17,-0.6,1784231456304,1784231453576
282.21,7.4,1784231456338,1784231453618
282.24,1.4,1784231456372,1784231453646
282.28,11.4,1784231456404,1784231453688
282.31,3.4,1784231456439,1784231453715
282.33,-1.6,1784231456472,1784231453743
282.38,6.4,1784231456506,1784231453785
282.40,1.4,1784231456539,1784231453813
282.45,9.4,1784231456573,1784231453855
282.47,3.4,1784231456606,1784231453882
282.50,-1.6,1784231456640,1784231453911
282.54,6.4,1784231456674,1784231453953
282.57,-0.6,1784231456708,1784231453980
282.61,8.4,1784231456741,1784231454022
282.64,3.4,1784231456774,1784231454050
282.68,10.4,1784231456808,1784231454091
282.71,4.4,1784231456842,1784231454119
282.74,-0.6,1784231456875,1784231454147
282.78,7.4,1784231456909,1784231454189
282.81,2.4,1784231456942,1784231454217
282.85,9.4,1784231456976,1784231454258
282.88,3.4,1784231457010,1784231454286
282.92,13.4,1784231457043,1784231454329
282.95,6.4,1784231457076,1784231454355
282.97,-0.6,1784231457111,1784231454383
283.02,9.4,1784231457144,1784231454426
283.04,4.4,1784231457177,1784231454454
283.07,-2.6,1784231457211,1784231454481
283.11,5.4,1784231457244,1784231454522
283.14,0.4,1784231457279,1784231454552
283.18,8.4,1784231457312,1784231454593
283.21,2.4,1784231457346,1784231454621
283.25,10.4,1784231457379,1784231454662
283.28,5.4,1784231457413,1784231454691
283.31,-2.6,1784231457447,1784231454717
283.35,6.4,1784231457481,1784231454760
283.38,1.4,1784231457513,1784231454787
283.42,9.4,1784231457547,1784231454829
283.45,3.4,1784231457581,1784231454857
283.48,-1.6,1784231457614,1784231454885
283.52,5.4,1784231457648,1784231454926
283.55,1.4,1784231457682,1784231454956
283.59,8.4,1784231457715,1784231454996
283.62,4.4,1784231457748,1784231455025
283.64,-1.6,1784231457782,1784231455053
283.68,3.4,1784231457817,1784231455093
283.71,-0.6,1784231457849,1784231455121
283.75,7.6,1784231457883,1784231455163
283.78,1.6,1784231457917,1784231455191
283.82,10.6,1784231457950,1784231455233
283.85,3.6,1784231457984,1784231455260
283.88,-1.4,1784231458017,1784231455288
283.92,6.6,1784231458052,1784231455331
283.95,0.6,1784231458085,1784231455358
283.99,8.6,1784231458118,1784231455399
284.02,2.6,1784231458152,1784231455427
284.05,-2.4,1784231458185,1784231455455
284.09,6.6,1784231458218,1784231455497
284.12,0.6,1784231458252,1784231455525
284.16,8.6,1784231458286,1784231455567
284.19,2.6,1784231458320,1784231455595
284.23,10.6,1784231458353,1784231455636
284.25,4.6,1784231458387,1784231455664
284.28,-1.4,1784231458421,1784231455692
284.32,7.6,1784231458454,1784231455734
284.35,1.6,1784231458488,1784231455762
284.40,10.6,1784231458522,1784231455805
284.42,2.6,1784231458556,1784231455831
284.45,-1.4,1784231458589,1784231455860
284.49,5.6,1784231458623,1784231455901
284.52,0.6,1784231458656,1784231455929
284.56,8.6,1784231458690,1784231455971
284.59,2.6,1784231458724,1784231455999
284.62,-2.4,1784231458757,1784231456027
284.66,6.6,1784231458790,1784231456069
284.69,-2.4,1784231458825,1784231456095
284.73,8.6,1784231458857,1784231456138
284.76,1.6,1784231458891,1784231456165
284.80,10.6,1784231458925,1784231456208
284.83,3.6,1784231458959,1784231456235
284.85,-1.4,1784231458992,1784231456263
284.90,10.6,1784231459025,1784231456308
284.92,0.6,1784231459059,1784231456332
284.96,9.6,1784231459092,1784231456374
284.99,3.6,1784231459126,1784231456402
285.02,-2.4,1784231459160,1784231456430
285.06,4.6,1784231459194,1784231456471
285.09,0.6,1784231459227,1784231456500
285.13,9.6,1784231459260,1784231456542
285.16,1.6,1784231459295,1784231456569
285.20,10.6,1784231459328,1784231456611
285.23,5.6,1784231459361,1784231456639
285.26,-1.4,1784231459395,1784231456666
285.30,6.6,1784231459429,1784231456708
285.33,1.6,1784231459462,1784231456736
285.37,9.6,1784231459496,1784231456778
285.40,3.6,1784231459530,1784231456806
285.42,-0.4,1784231459562,1784231456834
285.47,5.6,1784231459597,1784231456875
285.49,0.6,1784231459630,1784231456903
285.54,9.6,1784231459664,1784231456946
285.56,1.6,1784231459698,1784231456972
285.59,-2.4,1784231459731,1784231457001
285.63,4.6,1784231459765,1784231457042
285.66,0.6,1784231459799,1784231457072
285.70,8.6,1784231459831,1784231457112
285.73,1.7,1784231459866,1784231457140
285.77,10.7,1784231459899,1784231457182
285.80,5.7,1784231459932,1784231457210
285.83,-0.3,1784231459966,1784231457238
285.87,8.7,1784231459999,1784231457280
285.90,0.7,1784231460034,1784231457307
285.94,9.7,1784231460067,1784231457349
285.97,2.7,1784231460101,1784231457376
286.00,-0.3,1784231460134,1784231457406
286.04,6.7,1784231460167,1784231457446
286.06,1.7,1784231460201,1784231457475
286.11,8.7,1784231460235,1784231457516
286.13,1.7,1784231460269,1784231457543
286.16,-0.3,1784231460302,1784231457574
286.20,5.7,1784231460335,1784231457613
286.23,-0.3,1784231460369,1784231457641
286.27,8.7,1784231460402,1784231457683
286.30,2.7,1784231460436,1784231457711
286.34,9.7,1784231460471,1784231457753
286.37,3.7,1784231460504,1784231457780
286.40,-0.3,1784231460536,1784231457808
286.44,7.7,1784231460570,1784231457850
286.47,1.7,1784231460605,1784231457879
286.51,10.7,1784231460638,1784231457921
286.54,2.7,1784231460672,1784231457947
286.57,-1.3,1784231460705,1784231457976
286.61,7.7,1784231460738,1784231458018
286.64,0.7,1784231460772,1784231458045
286.68,7.7,1784231460806,1784231458086
286.71,3.7,1784231460840,1784231458116
286.75,9.7,1784231460874,1784231458156
286.77,5.7,1784231460907,1784231458185
286.80,-0.3,1784231460940,1784231458212
286.84,7.7,1784231460974,1784231458254
286.87,1.7,1784231461007,1784231458281
286.92,13.7,1784231461041,1784231458327
286.94,2.7,1784231461076,1784231458351
286.97,-3.3,1784231461110,1784231458379
287.01,6.7,1784231461142,1784231458421
287.04,0.7,1784231461176,1784231458449
287.08,7.7,1784231461210,1784231458490
287.11,3.7,1784231461243,1784231458519
287.15,10.7,1784231461277,1784231458560
287.18,4.7,1784231461311,1784231458588
287.21,-0.3,1784231461345,1784231458617
287.25,7.7,1784231461378,1784231458658
287.28,2.7,1784231461411,1784231458686
287.32,10.7,1784231461445,1784231458728
287.35,3.7,1784231461479,1784231458755
287.37,-0.3,1784231461511,1784231458783
287.42,9.7,1784231461545,1784231458827
287.44,1.7,1784231461579,1784231458853
287.49,9.7,1784231461613,1784231458895
287.51,3.7,1784231461646,1784231458922
287.54,-2.3,1784231461680,1784231458950
287.58,5.7,1784231461714,1784231458992
287.61,0.7,1784231461746,1784231459019
287.65,7.7,1784231461781,1784231459061
287.68,1.7,1784231461814,1784231459088
287.72,12.7,1784231461847,1784231459132
287.75,6.9,1784231461881,1784231459160
287.78,-0.1,1784231461914,1784231459186
287.82,8.9,1784231461947,1784231459228
287.85,1.9,1784231461982,1784231459256
287.89,10.9,1784231462015,1784231459298
287.92,5.9,1784231462049,1784231459327
287.96,11.9,1784231462083,1784231459367
287.99,6.9,1784231462116,1784231459395
288.01,0.9,1784231462151,1784231459424
288.06,8.9,1784231462184,1784231459465
288.08,2.9,1784231462218,1784231459493
288.11,-1.1,1784231462250,1784231459521
288.15,5.9,1784231462285,1784231459563
288.18,-1.1,1784231462318,1784231459589
288.22,7.9,1784231462352,1784231459632
288.25,2.9,1784231462385,1784231459660
288.29,11.9,1784231462418,1784231459702
288.32,5.9,1784231462452,1784231459730
288.35,-0.1,1784231462486,1784231459758
288.39,7.9,1784231462520,1784231459800
288.42,3.9,1784231462552,1784231459828
288.46,10.9,1784231462586,1784231459869
288.49,3.9,1784231462620,1784231459896
288.51,-1.1,1784231462654,1784231459925
288.56,7.9,1784231462687,1784231459967
288.58,-0.1,1784231462722,1784231459994
288.63,9.9,1784231462754,1784231460036
288.65,3.9,1784231462788,1784231460064
288.70,10.9,1784231462822,1784231460105
288.72,5.9,1784231462855,1784231460133
288.75,-0.1,1784231462889,1784231460161
288.79,6.9,1784231462924,1784231460203
288.82,0.9,1784231462957,1784231460230
288.86,10.9,1784231462990,1784231460273
288.89,4.9,1784231463024,1784231460301
288.92,1.9,1784231463057,1784231460331
288.96,6.9,1784231463090,1784231460369
288.99,0.9,1784231463125,1784231460398
289.03,10.9,1784231463157,1784231460440
289.06,3.9,1784231463191,1784231460467
289.09,-2.1,1784231463225,1784231460495
289.13,6.9,1784231463258,1784231460537
289.16,0.9,1784231463293,1784231460566
289.20,7.9,1784231463326,1784231460606
289.22,2.9,1784231463359,1784231460634
289.27,9.9,1784231463394,1784231460676
289.29,3.9,1784231463427,1784231460703
289.32,-0.1,1784231463460,1784231460732
289.36,7.9,1784231463493,1784231460773
289.39,1.9,1784231463528,1784231460802
289.42,-1.1,1784231463561,1784231460832
289.46,3.9,1784231463595,1784231460871
289.49,-0.1,1784231463628,1784231460900
289.53,6.9,1784231463662,1784231460941
289.56,-0.1,1784231463696,1784231460968
289.60,8.9,1784231463729,1784231461010
289.63,4.9,1784231463762,1784231461039
289.66,-2.1,1784231463796,1784231461066
289.70,6.9,1784231463829,1784231461108
289.73,-0.1,1784231463864,1784231461136
289.77,9.0,1784231463897,1784231461178
289.80,2.0,1784231463931,1784231461205
289.84,11.0,1784231463964,1784231461247
289.87,5.0,1784231463999,1784231461276
289.89,0.0,1784231464031,1784231461303
289.93,7.0,1784231464065,1784231461344
289.96,1.0,1784231464099,1784231461372
290.00,10.0,1784231464132,1784231461414
290.03,3.0,1784231464166,1784231461441
290.06,-2.0,1784231464200,1784231461470
290.10,8.0,1784231464232,1784231461512
290.13,0.0,1784231464267,1784231461539
290.17,12.0,1784231464300,1784231461584
290.20,3.0,1784231464334,1784231461609
290.24,10.0,1784231464368,1784231461650
290.27,4.0,1784231464402,1784231461678
290.30,0.0,1784231464435,1784231461707
290.34,7.0,1784231464469,1784231461748
290.37,2.0,1784231464502,1784231461776
290.41,11.0,1784231464535,1784231461818
290.44,4.0,1784231464569,1784231461845
290.46,-2.0,1784231464603,1784231461873
290.51,7.0,1784231464636,1784231461915
290.53,0.0,1784231464670,1784231461942
290.57,9.0,1784231464703,1784231461984
290.60,4.0,1784231464736,1784231462012
290.63,-2.0,1784231464770,1784231462040
290.67,6.0,1784231464804,1784231462082
290.70,1.0,1784231464838,1784231462111
290.74,7.0,1784231464872,1784231462151
290.77,2.0,1784231464906,1784231462180
290.81,10.0,1784231464939,1784231462221
290.84,4.0,1784231464973,1784231462249
290.87,-1.0,1784231465006,1784231462277
290.91,6.0,1784231465040,1784231462318
290.94,4.0,1784231465073,1784231462349
290.98,9.0,1784231465107,1784231462388
291.01,4.0,1784231465140,1784231462416
291.03,-3.0,1784231465174,1784231462443
291.08,5.0,1784231465208,1784231462485
291.10,1.0,1784231465241,1784231462514
291.15,10.0,1784231465274,1784231462556
291.17,4.0,1784231465308,1784231462584
291.22,11.0,1784231465342,1784231462625
291.24,5.0,1784231465375,1784231462652
291.27,0.0,1784231465409,1784231462681
291.31,7.0,1784231465443,1784231462722
291.34,1.0,1784231465477,1784231462750
291.38,10.0,1784231465510,1784231462792
291.41,5.0,1784231465543,1784231462820
291.44,3.0,1784231465577,1784231462852
291.48,7.0,1784231465610,1784231462889
291.51,0.0,1784231465645,1784231462917
291.55,9.0,1784231465678,1784231462959
291.58,4.0,1784231465711,1784231462987
291.61,-2.0,1784231465745,1784231463015
291.65,5.0,1784231465779,1784231463056
291.67,0.0,1784231465812,1784231463084
291.72,8.0,1784231465846,1784231463126
291.74,1.1,1784231465880,1784231463153
291.79,10.1,1784231465913,1784231463195
291.81,5.1,1784231465946,1784231463223
291.84,-1.9,1784231465981,1784231463251
291.88,7.1,1784231466014,1784231463293
291.91,2.1,1784231466047,1784231463321
291.95,10.1,1784231466080,1784231463362
291.98,4.1,1784231466114,1784231463390
292.02,12.1,1784231466148,1784231463432
292.05,6.1,1784231466182,1784231463460
292.08,1.1,1784231466215,1784231463488
292.12,9.1,1784231466249,1784231463530
292.15,3.1,1784231466283,1784231463558
292.18,-1.9,1784231466316,1784231463586
292.22,6.1,1784231466350,1784231463628
292.25,-0.9,1784231466384,1784231463655
292.29,8.1,1784231466417,1784231463697
292.31,1.1,1784231466451,1784231463724
292.36,10.1,1784231466484,1784231463766
292.38,4.1,1784231466518,1784231463794
292.41,-1.9,1784231466552,1784231463822
292.45,7.1,1784231466585,1784231463864
292.48,1.1,1784231466619,1784231463892
292.52,10.1,1784231466651,1784231463933
292.55,4.1,1784231466685,1784231463961
292.58,-1.9,1784231466719,1784231463989
292.62,6.1,1784231466753,1784231464031
292.65,1.1,1784231466786,1784231464059
292.69,10.1,1784231466820,1784231464102
292.72,2.1,1784231466854,1784231464128
292.76,12.1,1784231466887,1784231464171
292.79,5.1,1784231466921,1784231464198
292.82,0.1,1784231466955,1784231464227
292.86,7.1,1784231466988,1784231464267
292.89,2.1,1784231467022,1784231464296
292.93,10.1,1784231467055,1784231464337
292.96,3.1,1784231467090,1784231464365
292.98,-1.9,1784231467123,1784231464393
293.03,6.1,1784231467157,1784231464435
293.05,2.1,1784231467189,1784231464463
293.09,8.1,1784231467224,1784231464504
293.12,4.1,1784231467256,1784231464532
293.15,-1.9,1784231467291,1784231464561
293.20,9.1,1784231467324,1784231464605
293.23,13.1,1784231467358,1784231464643
293.26,10.1,1784231467391,1784231464673
293.29,2.1,1784231467425,1784231464699
293.33,10.1,1784231467459,1784231464741
293.36,5.1,1784231467492,1784231464769
293.39,0.1,1784231467526,1784231464798
293.43,8.1,1784231467559,1784231464839
293.46,3.1,1784231467592,1784231464867
293.50,9.1,1784231467627,1784231464908
293.53,4.1,1784231467660,1784231464936
293.55,-0.9,1784231467693,1784231464964
293.60,7.1,1784231467727,1784231465006
293.62,2.1,1784231467760,1784231465034
293.67,11.1,1784231467794,1784231465077
293.70,6.1,1784231467828,1784231465106
293.72,-0.9,1784231467861,1784231465132
293.76,6.2,1784231467895,1784231465173
293.79,0.2,1784231467929,1784231465201
293.83,9.2,1784231467962,1784231465243
293.86,3.2,1784231467996,1784231465271
293.90,10.2,1784231468030,1784231465312
293.93,4.2,1784231468064,1784231465340
293.96,1.2,1784231468097,1784231465370
294.00,7.2,1784231468131,1784231465410
294.03,2.2,1784231468164,1784231465438
294.07,10.2,1784231468197,1784231465479
294.10,4.2,1784231468231,1784231465507
294.13,-1.8,1784231468265,1784231465535
294.17,7.2,1784231468298,1784231465577
294.20,1.2,1784231468332,1784231465605
294.24,9.2,1784231468366,1784231465647
294.26,2.2,1784231468400,1784231465674
294.31,11.2,1784231468433,1784231465716
294.33,5.2,1784231468467,1784231465744
294.36,0.2,1784231468500,1784231465772
294.41,9.2,1784231468534,1784231465815
294.43,2.2,1784231468567,1784231465841
294.46,-1.8,1784231468600,1784231465870
294.50,4.2,1784231468635,1784231465911
294.53,-0.8,1784231468667,1784231465938
294.57,7.2,1784231468702,1784231465981
294.60,2.2,1784231468735,1784231466009
294.64,9.2,1784231468769,1784231466050
294.67,4.2,1784231468803,1784231466079
294.70,-0.8,1784231468837,1784231466108
294.74,8.2,1784231468870,1784231466150
294.77,3.2,1784231468903,1784231466178
294.81,8.2,1784231468937,1784231466217
294.83,3.2,1784231468970,1784231466245
294.88,10.2,1784231469004,1784231466286
294.90,6.2,1784231469037,1784231466315
294.93,0.2,1784231469071,1784231466343
294.97,8.2,1784231469104,1784231466384
295.00,2.2,1784231469138,1784231466412
295.04,10.2,1784231469172,1784231466454
295.07,5.2,1784231469205,1784231466482
295.10,-1.8,1784231469239,1784231466509
295.14,6.2,1784231469273,1784231466551
295.17,1.2,1784231469307,1784231466580
295.21,10.2,1784231469340,1784231466622
295.24,2.2,1784231469374,1784231466648
295.28,12.2,1784231469407,1784231466691
295.31,6.2,1784231469441,1784231466719
295.34,0.2,1784231469475,1784231466747
295.38,8.2,1784231469508,1784231466788
295.41,1.2,1784231469542,1784231466815
295.45,11.2,1784231469575,1784231466858
295.48,5.2,1784231469609,1784231466886
295.52,14.2,1784231469642,1784231466928
295.55,7.2,1784231469676,1784231466955
295.57,1.2,1784231469710,1784231466983
295.62,10.2,1784231469743,1784231467025
295.64,4.2,1784231469777,1784231467053
295.68,10.2,1784231469812,1784231467094
295.71,6.2,1784231469844,1784231467122
295.74,0.2,1784231469878,1784231467150
295.78,8.0,1784231469911,1784231467191
295.81,2.0,1784231469945,1784231467219
295.84,-2.0,1784231469978,1784231467248
295.88,5.0,1784231470012,1784231467289
295.91,1.0,1784231470045,1784231467318
295.95,8.0,1784231470079,1784231467359
295.98,3.0,1784231470113,1784231467388
296.01,-2.0,1784231470146,1784231467416
296.05,5.0,1784231470180,1784231467457
296.08,-1.0,1784231470214,1784231467485
296.12,7.0,1784231470247,1784231467526
296.14,2.0,1784231470280,1784231467554
296.19,11.0,1784231470314,1784231467597
296.22,6.0,1784231470347,1784231467625
296.24,-3.0,1784231470382,1784231467651
296.28,5.0,1784231470415,1784231467692
296.31,0.0,1784231470449,1784231467721
296.35,8.0,1784231470483,1784231467763
296.38,1.0,1784231470517,1784231467790
296.42,10.0,1784231470550,1784231467832
296.45,4.0,1784231470584,1784231467860
296.48,0.0,1784231470616,1784231467888
296.52,8.0,1784231470650,1784231467930
296.55,2.0,1784231470684,1784231467958
296.59,10.0,1784231470717,1784231467999
296.62,5.0,1784231470751,1784231468028
296.65,-2.0,1784231470785,1784231468055
296.69,7.0,1784231470818,1784231468097
296.72,2.0,1784231470852,1784231468126
296.76,9.0,1784231470885,1784231468166
296.78,3.0,1784231470919,1784231468194
296.83,12.0,1784231470952,1784231468236
296.85,6.0,1784231470986,1784231468264
296.88,0.0,1784231471020,1784231468292
296.92,8.0,1784231471054,1784231468334
296.95,3.0,1784231471087,1784231468362
296.99,10.0,1784231471121,1784231468403
297.02,5.0,1784231471154,1784231468431
297.05,-1.0,1784231471188,1784231468459
297.09,8.0,1784231471221,1784231468501
297.12,2.0,1784231471255,1784231468529
297.16,9.0,1784231471289,1784231468570
297.19,3.0,1784231471323,1784231468598
297.22,2.0,1784231471356,1784231468630
297.26,7.0,1784231471390,1784231468669
297.29,2.0,1784231471423,1784231468697
297.33,9.0,1784231471457,1784231468738
297.36,4.0,1784231471490,1784231468766
297.40,11.0,1784231471524,1784231468807
297.43,5.0,1784231471558,1784231468835
297.45,0.0,1784231471591,1784231468863
297.49,8.0,1784231471624,1784231468904
297.52,4.0,1784231471657,1784231468933
297.56,10.0,1784231471692,1784231468974
297.59,4.0,1784231471725,1784231469001
297.62,-1.0,1784231471759,1784231469030
297.66,6.0,1784231471793,1784231469071
297.69,1.0,1784231471826,1784231469099
297.72,-2.0,1784231471859,1784231469129
297.76,3.9,1784231471893,1784231469169
297.79,-2.1,1784231471927,1784231469197
297.83,6.9,1784231471960,1784231469239
297.86,-0.1,1784231471994,1784231469266
297.90,7.9,1784231472028,1784231469308
297.93,1.9,1784231472062,1784231469336
297.97,12.9,1784231472094,1784231469379
298.00,5.9,1784231472128,1784231469406
298.02,-2.1,1784231472163,1784231469433
298.07,6.9,1784231472196,1784231469475
298.09,1.9,1784231472229,1784231469503
298.14,9.9,1784231472263,1784231469545
298.16,4.9,1784231472296,1784231469573
298.19,-2.1,1784231472330,1784231469600
298.23,6.9,1784231472363,1784231469642
298.26,0.9,1784231472397,1784231469670
298.30,8.9,1784231472431,1784231469712
298.33,3.9,1784231472464,1784231469740
298.37,11.9,1784231472498,1784231469782
298.40,4.9,1784231472532,1784231469809
298.43,0.9,1784231472565,1784231469838
298.47,9.9,1784231472598,1784231469880
298.50,0.9,1784231472633,1784231469906
298.54,10.9,1784231472666,1784231469949
298.57,3.9,1784231472700,1784231469976
298.60,-1.1,1784231472733,1784231470004
298.64,6.9,1784231472767,1784231470046
298.66,0.9,1784231472801,1784231470074
298.71,9.9,1784231472834,1784231470116
298.73,4.9,1784231472867,1784231470144
298.76,-2.1,1784231472901,1784231470171
298.80,5.9,1784231472935,1784231470213
298.83,0.9,1784231472968,1784231470241
298.87,8.9,1784231473002,1784231470283
298.90,3.9,1784231473035,1784231470311
298.94,9.9,1784231473070,1784231470352
298.97,5.9,1784231473103,1784231470381
299.00,-0.1,1784231473136,1784231470408
299.04,7.9,1784231473170,1784231470450
299.07,1.9,1784231473204,1784231470478
299.11,9.9,1784231473237,1784231470519
299.14,3.9,1784231473271,1784231470547
299.17,-1.1,1784231473304,1784231470575
299.21,7.9,1784231473338,1784231470618
299.23,1.9,1784231473371,1784231470645
299.28,8.9,1784231473405,1784231470686
299.30,2.9,1784231473439,1784231470714
299.35,10.9,1784231473473,1784231470756
299.37,4.9,1784231473507,1784231470784
299.40,0.9,1784231473539,1784231470812
299.44,7.9,1784231473574,1784231470854
299.47,3.9,1784231473607,1784231470883
299.51,9.9,1784231473641,1784231470923
299.54,3.9,1784231473675,1784231470951
299.57,-1.1,1784231473708,1784231470979
299.61,8.9,1784231473741,1784231471022
299.64,1.9,1784231473775,1784231471049
299.68,8.9,1784231473809,1784231471090
299.71,4.9,1784231473842,1784231471119
299.74,-2.1,1784231473876,1784231471146
299.78,5.7,1784231473910,1784231471188
299.81,-1.3,1784231473944,1784231471215
299.85,8.7,1784231473976,1784231471257
299.88,2.7,1784231474010,1784231471285
299.92,10.7,1784231474044,1784231471327
299.95,5.7,1784231474077,1784231471355
299.97,-0.3,1784231474111,1784231471383
300.02,7.7,1784231474145,1784231471425
300.04,2.7,1784231474178,1784231471453
300.09,10.7,1784231474212,1784231471495
300.11,3.7,1784231474245,1784231471521
300.14,-2.3,1784231474280,1784231471550
300.18,7.7,1784231474312,1784231471592
300.21,0.7,1784231474346,1784231471619
300.25,7.7,1784231474380,1784231471660
300.28,2.7,1784231474413,1784231471688
300.31,-2.3,1784231474446,1784231471716
300.35,5.7,1784231474480,1784231471758
300.38,-0.3,1784231474514,1784231471786
300.42,7.7,1784231474548,1784231471828
300.45,3.7,1784231474581,1784231471857
300.48,-1.3,1784231474614,1784231471885
300.52,4.7,1784231474648,1784231471925
300.54,-0.3,1784231474682,1784231471954
300.59,7.7,1784231474716,1784231471996
300.61,2.7,1784231474749,1784231472024
300.66,9.7,1784231474783,1784231472065
300.68,2.7,1784231474817,1784231472092
300.71,-1.3,1784231474850,1784231472121
300.75,5.7,1784231474884,1784231472162
300.78,0.7,1784231474917,1784231472190
300.82,8.7,1784231474951,1784231472232
300.85,3.7,1784231474984,1784231472260
300.88,-2.3,1784231475018,1784231472288
300.92,4.7,1784231475052,1784231472329
300.95,0.7,1784231475085,1784231472358
300.98,-2.3,1784231475119,1784231472389
301.02,3.7,1784231475152,1784231472428
301.05,-2.3,1784231475186,1784231472456
301.09,4.7,1784231475220,1784231472497
301.11,-0.3,1784231475253,1784231472525
301.16,6.7,1784231475287,1784231472566
301.18,1.7,1784231475320,1784231472594
301.23,10.7,1784231475354,1784231472637
301.25,3.7,1784231475388,1784231472664
301.28,-2.3,1784231475422,1784231472692
301.32,5.7,1784231475455,1784231472733
301.35,-0.3,1784231475488,1784231472760
301.39,8.7,1784231475522,1784231472803
301.42,2.7,1784231475555,1784231472830
301.46,10.7,1784231475589,1784231472872
301.49,3.7,1784231475623,1784231472899
301.52,-0.3,1784231475656,1784231472928
301.56,6.7,1784231475690,1784231472969
301.59,0.7,1784231475724,1784231472997
301.63,9.7,1784231475757,1784231473039
301.66,3.7,1784231475791,1784231473067
301.69,-2.3,1784231475825,1784231473095
301.73,8.7,1784231475858,1784231473139
301.76,-0.3,1784231475892,1784231473164
301.80,8.8,1784231475925,1784231473206
301.82,2.8,1784231475959,1784231473234
301.85,-2.2,1784231475992,1784231473262
301.89,5.8,1784231476026,1784231473304
301.92,0.8,1784231476059,1784231473332
301.96,7.8,1784231476093,1784231473373
301.99,1.8,1784231476127,1784231473401
302.02,-2.2,1784231476160,1784231473430
302.06,3.8,1784231476194,1784231473470
302.09,0.8,1784231476227,1784231473500
302.13,8.8,1784231476260,1784231473541
302.16,1.8,1784231476295,1784231473569
302.20,10.8,1784231476328,1784231473611
302.23,5.8,1784231476362,1784231473640
302.26,-1.2,1784231476396,1784231473667
302.31,22.8,1784231476429,1784231473724
302.34,16.8,1784231476462,1784231473751
302.37,10.8,1784231476496,1784231473779
302.40,2.8,1784231476530,1784231473805
302.43,0.8,1784231476564,1784231473837
302.46,3.8,1784231476598,1784231473874
302.51,12.8,1784231476631,1784231473916
302.54,9.8,1784231476664,1784231473946
302.56,0.8,1784231476698,1784231473971
302.60,10.8,1784231476731,1784231474014
302.63,2.8,1784231476766,1784231474041
302.66,-2.2,1784231476799,1784231474069
302.70,6.8,1784231476832,1784231474111
302.73,3.8,1784231476866,1784231474142
302.77,8.8,1784231476900,1784231474181
302.80,3.8,1784231476933,1784231474209
302.83,-2.2,1784231476966,1784231474236
302.87,6.8,1784231476999,1784231474278
302.90,0.8,1784231477034,1784231474307
302.94,7.8,1784231477068,1784231474348
302.97,2.8,1784231477101,1784231474376
303.01,10.8,1784231477135,1784231474418
303.04,4.8,1784231477168,1784231474445
303.06,-0.2,1784231477202,1784231474474
303.11,7.8,1784231477235,1784231474515
303.13,1.8,1784231477269,1784231474543
303.18,10.8,1784231477302,1784231474585
303.20,3.8,1784231477336,1784231474612
303.23,-0.2,1784231477370,1784231474642
303.27,6.8,1784231477403,1784231474682
303.30,-0.2,1784231477437,1784231474709
303.34,8.8,1784231477471,1784231474752
303.37,3.8,1784231477504,1784231474780
303.41,10.8,1784231477539,1784231474822
303.43,-0.2,1784231477572,1784231474844
303.47,-0.2,1784231477605,1784231474877
303.51,6.8,1784231477639,1784231474918
303.54,3.8,1784231477672,1784231474948
303.58,9.8,1784231477705,1784231474987
303.61,4.8,1784231477739,1784231475016
303.63,-1.2,1784231477773,1784231475044
303.68,6.8,1784231477807,1784231475086
303.70,0.8,1784231477841,1784231475114
303.75,11.8,1784231477874,1784231475158
303.77,1.8,1784231477908,1784231475182
303.80,-3.2,1784231477941,1784231475210
303.86,19.8,1784231477974,1784231475266
303.87,-0.2,1784231478008,1784231475280
303.91,7.8,1784231478042,1784231475322
303.94,2.8,1784231478075,1784231475350
303.97,-2.2,1784231478109,1784231475379
304.01,6.8,1784231478142,1784231475421
304.04,-0.2,1784231478177,1784231475449
304.08,8.8,1784231478209,1784231475490
304.11,2.8,1784231478243,1784231475518
304.15,9.8,1784231478277,1784231475559
304.18,4.8,1784231478310,1784231475587
304.21,-1.2,1784231478344,1784231475615
304.25,9.8,1784231478378,1784231475660
304.27,0.8,1784231478411,1784231475684
304.32,8.8,1784231478445,1784231475726
304.34,2.8,1784231478479,1784231475754
304.39,10.8,1784231478512,1784231475795
304.41,3.8,1784231478547,1784231475823
304.44,0.8,1784231478579,1784231475852
304.48,8.8,1784231478612,1784231475893
304.51,4.8,1784231478647,1784231475924
304.55,10.8,1784231478680,1784231475963
304.58,3.8,1784231478714,1784231475990
304.61,-0.2,1784231478747,1784231476019
304.65,6.8,1784231478781,1784231476060
304.68,2.8,1784231478814,1784231476089
304.72,9.8,1784231478848,1784231476130
304.75,3.8,1784231478882,1784231476158
304.78,-1.2,1784231478915,1784231476186
304.82,6.8,1784231478949,1784231476228
304.84,-1.2,1784231478983,1784231476254
304.89,8.8,1784231479016,1784231476297
304.92,2.8,1784231479050,1784231476325
304.94,-2.2,1784231479083,1784231476353
304.98,4.8,1784231479117,1784231476394
305.01,1.8,1784231479150,1784231476424
305.05,6.8,1784231479184,1784231476463
305.08,0.8,1784231479217,1784231476490
305.12,8.8,1784231479251,1784231476532
305.15,3.8,1784231479285,1784231476561
305.18,-1.2,1784231479318,1784231476589
305.22,5.8,1784231479353,1784231476631
305.25,0.8,1784231479385,1784231476658
305.29,6.8,1784231479420,1784231476699
305.32,2.8,1784231479453,1784231476728
305.36,10.8,1784231479486,1784231476769
305.39,4.8,1784231479521,1784231476798
305.42,-0.2,1784231479554,1784231476826
305.46,7.8,1784231479587,1784231476867
305.49,1.8,1784231479621,1784231476895
305.52,-0.2,1784231479654,1784231476926
305.57,17.8,1784231479688,1784231476978
305.58,-2.2,1784231479722,1784231476992
305.62,5.8,1784231479756,1784231477034
305.65,0.8,1784231479789,1784231477062
305.69,8.8,1784231479823,1784231477104
305.72,3.8,1784231479856,1784231477132
305.77,13.8,1784231479890,1784231477176
305.79,5.7,1784231479923,1784231477201
305.82,-0.3,1784231479957,1784231477229
305.86,8.7,1784231479990,1784231477271
305.89,2.7,1784231480024,1784231477299
305.93,9.7,1784231480058,1784231477340
305.96,4.7,1784231480091,1784231477368
305.99,-0.3,1784231480125,1784231477397
306.03,6.7,1784231480158,1784231477437
306.06,1.7,1784231480192,1784231477466
306.10,10.7,1784231480225,1784231477508
306.13,4.7,1784231480259,1784231477536
306.15,-2.3,1784231480293,1784231477563
306.20,5.7,1784231480327,1784231477605
306.22,0.7,1784231480360,1784231477633
306.27,11.7,1784231480394,1784231477678
306.29,2.7,1784231480427,1784231477702
306.32,-2.3,1784231480461,1784231477731
306.36,3.7,1784231480495,1784231477771
306.39,-1.3,1784231480528,1784231477799
306.43,7.7,1784231480562,1784231477842
306.46,0.7,1784231480596,1784231477869
306.50,10.7,1784231480629,1784231477912
306.53,3.7,1784231480662,1784231477938
306.56,2.7,1784231480696,1784231477971
306.60,4.7,1784231480730,1784231478007
306.63,-0.3,1784231480764,1784231478036
306.67,8.7,1784231480797,1784231478078
306.70,2.7,1784231480831,1784231478106
306.72,-3.3,1784231480864,1784231478133
306.77,9.7,1784231480897,1784231478179
306.79,-0.3,1784231480931,1784231478203
306.84,9.7,1784231480964,1784231478246
306.86,1.7,1784231480999,1784231478273
306.91,11.7,1784231481032,1784231478316
306.93,4.7,1784231481065,1784231478342
306.96,-1.3,1784231481099,1784231478370
307.00,6.7,1784231481133,1784231478412
307.03,4.7,1784231481166,1784231478443
307.06,-3.3,1784231481200,1784231478469
307.10,4.7,1784231481234,1784231478511
307.13,-1.3,1784231481267,1784231478538
307.17,7.7,1784231481300,1784231478580
307.20,0.7,1784231481334,1784231478607
307.24,10.7,1784231481367,1784231478650
307.27,6.7,1784231481401,1784231478680
307.31,11.7,1784231481435,1784231478719
307.34,4.7,1784231481469,1784231478746
307.36,-0.3,1784231481502,1784231478774
307.41,7.7,1784231481536,1784231478816
307.43,1.7,1784231481570,1784231478844
307.48,10.7,1784231481602,1784231478885
307.50,2.7,1784231481637,1784231478912
307.53,-1.3,1784231481670,1784231478941
307.58,9.7,1784231481704,1784231478986
307.60,-1.3,1784231481738,1784231479009
307.64,7.7,1784231481771,1784231479051
307.67,2.7,1784231481805,1784231479080
307.71,9.7,1784231481839,1784231479121
307.74,5.7,1784231481872,1784231479150
307.77,4.7,1784231481906,1784231479183
307.81,6.2,1784231481940,1784231479219
307.84,1.2,1784231481973,1784231479247
307.88,10.2,1784231482006,1784231479289
307.91,3.2,1784231482040,1784231479316
307.95,12.2,1784231482074,1784231479359
307.98,5.2,1784231482107,1784231479385
308.00,0.2,1784231482141,1784231479414
308.05,9.2,1784231482174,1784231479456
308.07,1.2,1784231482208,1784231479482
308.10,-3.8,1784231482242,1784231479511
308.14,5.2,1784231482275,1784231479553
308.17,-0.8,1784231482309,1784231479581
308.21,6.2,1784231482343,1784231479622
308.24,1.2,1784231482376,1784231479650
308.27,0.2,1784231482409,1784231479682
308.31,4.2,1784231482443,1784231479720
308.34,-0.8,1784231482476,1784231479748
308.38,5.2,1784231482511,1784231479789
308.41,1.2,1784231482543,1784231479817
308.45,10.2,1784231482577,1784231479860
308.48,3.2,1784231482611,1784231479887
308.51,-2.8,1784231482645,1784231479915
308.55,7.2,1784231482679,1784231479959
308.57,-0.8,1784231482712,1784231479984
308.62,9.2,1784231482745,1784231480027
308.65,3.2,1784231482779,1784231480055
308.67,-4.8,1784231482813,1784231480081
308.71,3.2,1784231482847,1784231480123
308.74,-1.8,1784231482880,1784231480151
308.79,13.2,1784231482913,1784231480199
308.81,1.2,1784231482946,1784231480220
308.85,8.2,1784231482981,1784231480262
308.88,3.2,1784231483014,1784231480290
308.91,-2.8,1784231483048,1784231480318
308.95,6.2,1784231483082,1784231480361
308.98,1.2,1784231483115,1784231480389
309.02,9.2,1784231483149,1784231480431
309.05,4.2,1784231483182,1784231480459
309.08,-2.8,1784231483216,1784231480486
309.12,5.2,1784231483250,1784231480528
309.15,-0.8,1784231483284,1784231480556
309.19,7.2,1784231483317,1784231480597
309.22,2.2,1784231483350,1784231480625
309.26,10.2,1784231483384,1784231480667
309.29,6.2,1784231483418,1784231480697
309.31,-0.8,1784231483451,1784231480723
309.35,7.2,1784231483485,1784231480765
309.38,1.2,1784231483518,1784231480792
309.42,10.2,1784231483551,1784231480834
309.45,4.2,1784231483585,1784231480862
309.48,-1.8,1784231483619,1784231480890
309.52,7.2,1784231483652,1784231480932
309.56,15.2,1784231483686,1784231480974
309.59,10.2,1784231483719,1784231481002
309.62,3.2,1784231483753,1784231481029
309.65,-2.8,1784231483788,1784231481058
309.69,2.2,1784231483824,1784231481099
309.73,11.2,1784231483857,1784231481141
309.76,4.2,1784231483890,1784231481167
309.79,2.9,1784231483924,1784231481200
309.83,7.9,1784231483957,1784231481238
309.86,2.9,1784231483989,1784231481265
309.90,11.9,1784231484024,1784231481309
309.93,4.9,1784231484058,1784231481336
309.95,-0.1,1784231484090,1784231481363
310.00,5.9,1784231484125,1784231481404
310.02,0.9,1784231484158,1784231481432
310.06,8.9,1784231484192,1784231481474
310.09,4.9,1784231484225,1784231481503
310.12,-2.1,1784231484259,1784231481530
310.16,6.9,1784231484292,1784231481572
310.19,1.9,1784231484326,1784231481601
310.23,8.9,1784231484360,1784231481642
310.26,0.9,1784231484395,1784231481669
310.29,2.9,1784231484426,1784231481702
310.35,22.9,1784231484460,1784231481756
310.36,1.9,1784231484494,1784231481769
310.39,-1.1,1784231484528,1784231481800
310.43,6.9,1784231484562,1784231481842
310.46,-2.1,1784231484597,1784231481868
310.50,6.9,1784231484629,1784231481909
310.53,1.9,1784231484661,1784231481936
310.59,32.9,1784231484695,1784231482001
310.59,-0.1,1784231484729,1784231482002
310.64,9.9,1784231484763,1784231482046
310.66,1.9,1784231484797,1784231482072
310.69,-2.1,1784231484830,1784231482101
310.73,5.9,1784231484864,1784231482143
310.76,0.9,1784231484897,1784231482171
310.81,10.9,1784231484931,1784231482215
310.83,1.9,1784231484965,1784231482240
310.87,8.9,1784231484999,1784231482281
310.90,2.9,1784231485034,1784231482310
310.93,-1.1,1784231485066,1784231482338
310.97,6.9,1784231485099,1784231482379
311.00,1.9,1784231485133,1784231482408
311.04,9.9,1784231485166,1784231482449
311.07,3.9,1784231485200,1784231482477
311.10,-1.1,1784231485233,1784231482505
311.14,5.9,1784231485268,1784231482547
311.16,0.9,1784231485301,1784231482575
311.21,9.9,1784231485333,1784231482616
311.23,3.9,1784231485367,1784231482644
311.26,-1.1,1784231485401,1784231482673
311.30,5.9,1784231485435,1784231482714
311.33,-0.1,1784231485469,1784231482742
311.37,6.9,1784231485503,1784231482783
311.40,3.9,1784231485535,1784231482812
311.43,-2.1,1784231485568,1784231482839
311.47,4.9,1784231485603,1784231482881
311.50,-1.1,1784231485637,1784231482909
311.54,6.9,1784231485670,1784231482950
311.57,3.9,1784231485702,1784231482979
311.61,9.9,1784231485737,1784231483020
311.64,4.9,1784231485770,1784231483048
311.67,-1.1,1784231485804,1784231483076
311.71,5.9,1784231485838,1784231483117
311.74,0.9,1784231485872,1784231483146
311.78,6.9,1784231485907,1784231483187
311.82,18.7,1784231485940,1784231483232
311.83,-2.3,1784231485972,1784231483243
311.87,4.7,1784231486006,1784231483284
311.90,-1.3,1784231486040,1784231483312
311.96,24.7,1784231486074,1784231483372
311.99,15.7,1784231486108,1784231483397
312.26,251.7,1784231486141,1784231483666
312.26,219.7,1784231486173,1784231483666
312.26,184.7,1784231486208,1784231483666
312.26,151.7,1784231486241,1784231483666
312.26,117.7,1784231486276,1784231483667
312.26,83.7,1784231486310,1784231483667
312.26,50.7,1784231486343,1784231483667
312.26,16.7,1784231486377,1784231483667
312.30,22.7,1784231486411,1784231483707
312.32,13.7,1784231486444,1784231483731
312.35,4.7,1784231486479,1784231483757
312.38,-0.3,1784231486513,1784231483786
312.42,5.7,1784231486546,1784231483825
312.44,2.7,1784231486577,1784231483853
312.47,-2.3,1784231486610,1784231483881
312.51,4.7,1784231486644,1784231483922
312.54,-0.3,1784231486678,1784231483951
312.58,7.7,1784231486711,1784231483992
312.61,0.7,1784231486745,1784231484019
312.65,7.7,1784231486779,1784231484060
312.68,2.7,1784231486811,1784231484087
312.71,-2.3,1784231486845,1784231484116
312.75,5.7,1784231486879,1784231484158
312.78,0.7,1784231486912,1784231484186
312.81,-1.3,1784231486946,1784231484218
312.86,18.7,1784231486980,1784231484272
312.89,6.7,1784231487016,1784231484296
312.91,2.7,1784231487048,1784231484324
312.96,10.7,1784231487082,1784231484366
312.98,0.7,1784231487115,1784231484389
313.01,0.7,1784231487148,1784231484422
313.06,10.7,1784231487182,1784231484466
313.18,98.7,1784231487215,1784231484587
313.18,63.7,1784231487250,1784231484587
313.18,31.7,1784231487282,1784231484587
313.18,-3.3,1784231487317,1784231484587
