TiempoDesdeInicioSesion,TimestampVideo,LatenciaVideo
10.46,-3.0,1784227037163,1784227034554
10.48,7.0,1784227037170,1784227034571
10.51,-5.0,1784227037209,1784227034598
10.55,4.0,1784227037242,1784227034640
10.58,-2.0,1784227037274,1784227034666
10.60,-7.0,1784227037308,1784227034695
10.65,4.0,1784227037338,1784227034736
10.68,0.0,1784227037373,1784227034767
10.72,4.0,1784227037407,1784227034805
10.74,-2.0,1784227037441,1784227034833
10.77,-8.0,1784227037475,1784227034861
10.81,0.0,1784227037509,1784227034903
10.84,-6.0,1784227037543,1784227034931
10.88,1.0,1784227037577,1784227034972
10.91,-6.0,1784227037611,1784227034999
10.95,7.0,1784227037642,1784227035043
10.98,6.0,1784227037670,1784227035070
11.01,-8.0,1784227037711,1784227035097
11.05,6.0,1784227037740,1784227035140
11.08,1.0,1784227037772,1784227035167
11.10,-7.0,1784227037808,1784227035195
11.15,1.0,1784227037842,1784227035237
11.18,-3.0,1784227037877,1784227035268
11.22,4.0,1784227037908,1784227035306
11.24,2.0,1784227037939,1784227035335
11.29,4.0,1784227037978,1784227035376
11.31,1.0,1784227038010,1784227035405
11.34,-2.0,1784227038041,1784227035433
11.38,4.0,1784227038076,1784227035474
11.41,1.0,1784227038108,1784227035503
11.44,-6.0,1784227038141,1784227035529
11.48,0.0,1784227038177,1784227035571
11.51,-7.0,1784227038212,1784227035599
11.55,3.0,1784227038244,1784227035641
11.58,-3.0,1784227038278,1784227035669
11.62,0.0,1784227038316,1784227035710
11.65,-1.0,1784227038345,1784227035738
11.68,-1.0,1784227038376,1784227035769
11.72,1.0,1784227038413,1784227035808
11.76,5.0,1784227038451,1784227035850
11.79,5.0,1784227038478,1784227035877
11.82,1.0,1784227038511,1784227035906
11.84,-6.0,1784227038544,1784227035932
11.88,2.0,1784227038579,1784227035975
11.91,-3.0,1784227038612,1784227036003
11.94,-8.0,1784227038645,1784227036031
11.98,0.0,1784227038679,1784227036073
12.01,-7.0,1784227038712,1784227036099
12.05,2.0,1784227038746,1784227036142
12.08,-3.0,1784227038779,1784227036170
12.12,4.0,1784227038813,1784227036211
12.15,-1.0,1784227038847,1784227036240
12.18,-6.0,1784227038879,1784227036267
12.22,3.0,1784227038913,1784227036310
12.25,-4.0,1784227038947,1784227036337
12.29,3.0,1784227038981,1784227036378
12.32,-2.0,1784227039014,1784227036406
12.34,-8.0,1784227039048,1784227036434
12.39,1.0,1784227039081,1784227036476
12.41,-5.0,1784227039116,1784227036505
12.46,3.2,1784227039148,1784227036545
12.48,-1.8,1784227039182,1784227036574
12.53,5.2,1784227039216,1784227036615
12.55,0.2,1784227039250,1784227036644
12.59,7.2,1784227039284,1784227036685
12.62,1.2,1784227039318,1784227036713
12.65,-2.8,1784227039352,1784227036743
12.70,7.2,1784227039384,1784227036785
12.73,11.2,1784227039419,1784227036824
12.76,5.2,1784227039453,1784227036852
12.79,-0.8,1784227039487,1784227036880
12.82,-6.8,1784227039522,1784227036909
12.86,4.2,1784227039553,1784227036951
12.89,-3.8,1784227039587,1784227036977
12.93,4.2,1784227039621,1784227037019
12.96,0.2,1784227039653,1784227037047
12.98,-5.8,1784227039687,1784227037075
13.03,2.2,1784227039722,1784227037118
13.05,-4.8,1784227039755,1784227037144
13.10,4.2,1784227039789,1784227037187
13.12,-3.8,1784227039824,1784227037214
13.15,-5.8,1784227039855,1784227037243
13.20,4.2,1784227039889,1784227037287
13.22,-4.8,1784227039923,1784227037312
13.26,3.2,1784227039957,1784227037354
13.29,-3.8,1784227039991,1784227037381
13.33,5.2,1784227040024,1784227037423
13.36,-0.8,1784227040058,1784227037451
13.39,-4.8,1784227040091,1784227037480
13.43,4.2,1784227040123,1784227037521
13.46,-0.8,1784227040156,1784227037549
13.50,7.2,1784227040190,1784227037591
13.53,0.2,1784227040224,1784227037618
13.56,-5.8,1784227040257,1784227037645
13.60,0.2,1784227040294,1784227037688
13.63,-2.8,1784227040325,1784227037716
13.67,5.2,1784227040359,1784227037758
13.70,1.2,1784227040391,1784227037786
13.72,-6.8,1784227040426,1784227037813
13.76,0.2,1784227040460,1784227037854
13.79,-4.8,1784227040494,1784227037883
13.84,3.2,1784227040528,1784227037925
13.86,-1.8,1784227040562,1784227037954
13.90,6.2,1784227040595,1784227037995
13.93,-0.8,1784227040629,1784227038022
13.96,-6.8,1784227040663,1784227038050
14.00,3.2,1784227040695,1784227038092
14.03,-3.8,1784227040730,1784227038120
14.07,2.2,1784227040765,1784227038161
14.10,-1.8,1784227040798,1784227038190
14.13,-5.8,1784227040830,1784227038218
14.17,0.2,1784227040864,1784227038258
14.20,-4.8,1784227040897,1784227038286
14.24,6.2,1784227040930,1784227038330
14.27,-0.8,1784227040964,1784227038357
14.31,6.2,1784227040999,1784227038399
14.34,1.2,1784227041031,1784227038426
14.36,-3.8,1784227041064,1784227038454
14.41,2.2,1784227041099,1784227038495
14.43,-0.8,1784227041132,1784227038525
14.46,-4.6,1784227041165,1784227038554
14.50,3.4,1784227041198,1784227038595
14.53,-5.6,1784227041235,1784227038623
14.57,3.4,1784227041267,1784227038664
14.60,-1.6,1784227041300,1784227038692
14.64,4.4,1784227041335,1784227038733
14.67,-1.6,1784227041368,1784227038760
14.70,-5.6,1784227041401,1784227038789
14.74,1.4,1784227041435,1784227038830
14.77,-5.6,1784227041470,1784227038858
14.81,3.4,1784227041502,1784227038899
14.84,-1.6,1784227041535,1784227038927
14.88,7.4,1784227041569,1784227038970
14.91,2.4,1784227041602,1784227038998
14.95,8.4,1784227041638,1784227039040
14.98,2.4,1784227041671,1784227039067
15.00,-1.6,1784227041703,1784227039095
15.05,5.4,1784227041737,1784227039136
15.07,-0.6,1784227041771,1784227039164
15.10,-4.6,1784227041803,1784227039192
15.14,4.4,1784227041837,1784227039235
15.17,-2.6,1784227041871,1784227039262
15.22,6.4,1784227041906,1784227039306
15.24,-1.6,1784227041939,1784227039331
15.28,7.4,1784227041973,1784227039374
15.31,3.4,1784227042004,1784227039401
15.34,-3.6,1784227042039,1784227039429
15.38,3.4,1784227042073,1784227039470
15.41,-1.6,1784227042107,1784227039499
15.44,-5.6,1784227042138,1784227039526
15.48,2.4,1784227042172,1784227039568
15.51,-4.6,1784227042207,1784227039596
15.55,4.4,1784227042240,1784227039638
15.57,-3.6,1784227042275,1784227039665
15.62,5.4,1784227042309,1784227039708
15.64,-0.6,1784227042342,1784227039735
15.67,-4.6,1784227042374,1784227039763
15.71,1.4,1784227042410,1784227039805
15.74,-5.6,1784227042444,1784227039832
15.78,5.4,1784227042476,1784227039875
15.81,-0.6,1784227042509,1784227039902
15.85,7.4,1784227042543,1784227039944
15.88,-0.6,1784227042578,1784227039971
15.91,-4.6,1784227042611,1784227040000
15.95,3.4,1784227042645,1784227040042
15.98,-1.6,1784227042677,1784227040069
16.02,6.4,1784227042711,1784227040111
16.05,-0.6,1784227042746,1784227040139
16.08,-6.6,1784227042779,1784227040166
16.12,2.4,1784227042813,1784227040209
16.15,-4.6,1784227042847,1784227040236
16.19,5.4,1784227042880,1784227040279
16.22,-1.6,1784227042913,1784227040305
16.24,-5.6,1784227042946,1784227040334
16.29,0.4,1784227042981,1784227040375
16.31,-2.6,1784227043013,1784227040404
16.35,3.4,1784227043048,1784227040445
16.38,-1.6,1784227043081,1784227040473
16.43,7.4,1784227043114,1784227040515
16.45,2.8,1784227043147,1784227040543
16.48,-3.2,1784227043180,1784227040570
16.52,4.8,1784227043214,1784227040612
16.55,-2.2,1784227043250,1784227040641
16.59,5.8,1784227043283,1784227040682
16.62,-0.2,1784227043316,1784227040709
16.65,-6.2,1784227043350,1784227040737
16.69,4.8,1784227043382,1784227040780
16.72,-3.2,1784227043417,1784227040807
16.76,4.8,1784227043451,1784227040849
16.79,-2.2,1784227043485,1784227040876
16.83,6.8,1784227043519,1784227040919
16.86,-2.2,1784227043555,1784227040946
16.88,-4.2,1784227043585,1784227040974
16.93,3.8,1784227043619,1784227041016
16.95,-3.2,1784227043653,1784227041043
16.99,4.8,1784227043687,1784227041085
17.02,-0.2,1784227043721,1784227041114
17.05,-6.2,1784227043754,1784227041141
17.09,4.8,1784227043786,1784227041184
17.12,-1.2,1784227043819,1784227041211
17.16,4.8,1784227043854,1784227041252
17.19,-0.2,1784227043888,1784227041281
17.22,-3.2,1784227043921,1784227041311
17.26,1.8,1784227043955,1784227041350
17.29,-4.2,1784227043989,1784227041378
17.33,5.8,1784227044021,1784227041420
17.36,-1.2,1784227044055,1784227041447
17.40,7.8,1784227044089,1784227041490
17.43,-0.2,1784227044123,1784227041516
17.45,-3.2,1784227044155,1784227041545
17.50,6.8,1784227044187,1784227041587
17.52,-1.2,1784227044222,1784227041614
17.55,-5.2,1784227044256,1784227041644
17.59,-0.2,1784227044291,1784227041684
17.62,-6.2,1784227044325,1784227041712
17.66,2.8,1784227044358,1784227041754
17.69,-2.2,1784227044390,1784227041781
17.73,6.8,1784227044424,1784227041824
17.76,-1.2,1784227044459,1784227041851
17.80,8.8,1784227044492,1784227041894
17.83,1.8,1784227044526,1784227041921
17.86,-5.2,1784227044560,1784227041948
17.90,4.8,1784227044593,1784227041991
17.93,-1.2,1784227044627,1784227042019
17.97,6.8,1784227044660,1784227042060
18.00,0.8,1784227044694,1784227042088
18.02,-6.2,1784227044728,1784227042115
18.07,2.8,1784227044761,1784227042157
18.09,-3.2,1784227044795,1784227042185
18.14,4.8,1784227044829,1784227042227
18.16,-0.2,1784227044862,1784227042255
18.19,-5.2,1784227044895,1784227042283
18.23,2.8,1784227044928,1784227042324
18.26,-5.2,1784227044963,1784227042351
18.30,5.8,1784227044995,1784227042394
18.33,-1.2,1784227045030,1784227042422
18.37,6.8,1784227045065,1784227042465
18.40,-0.2,1784227045098,1784227042491
18.43,-4.2,1784227045130,1784227042519
18.47,6.1,1784227045163,1784227042562
18.50,0.1,1784227045196,1784227042589
18.54,8.1,1784227045230,1784227042631
18.57,2.1,1784227045264,1784227042659
18.60,-3.9,1784227045297,1784227042686
18.64,4.1,1784227045332,1784227042729
18.67,-2.9,1784227045365,1784227042755
18.69,-5.9,1784227045398,1784227042785
18.74,1.1,1784227045432,1784227042826
18.76,-3.9,1784227045465,1784227042854
18.80,3.1,1784227045499,1784227042895
18.83,-2.9,1784227045533,1784227042923
18.87,6.1,1784227045566,1784227042965
18.90,1.1,1784227045599,1784227042993
18.93,-5.9,1784227045634,1784227043021
18.97,3.1,1784227045668,1784227043064
19.00,-2.9,1784227045700,1784227043090
19.04,4.1,1784227045735,1784227043132
19.07,-0.9,1784227045768,1784227043160
19.11,6.1,1784227045803,1784227043202
19.14,-0.9,1784227045837,1784227043229
19.18,7.1,1784227045871,1784227043271
19.21,2.1,1784227045904,1784227043299
19.24,-3.9,1784227045938,1784227043327
19.28,4.1,1784227045971,1784227043368
19.31,-0.9,1784227046004,1784227043396
19.35,9.1,1784227046037,1784227043439
19.38,2.1,1784227046071,1784227043466
19.40,-3.9,1784227046104,1784227043493
19.45,4.1,1784227046138,1784227043535
19.47,-0.9,1784227046171,1784227043563
19.50,-4.9,1784227046204,1784227043592
19.54,3.1,1784227046238,1784227043634
19.57,-2.9,1784227046271,1784227043661
19.61,4.1,1784227046306,1784227043703
19.64,-1.9,1784227046339,1784227043730
19.67,-5.9,1784227046372,1784227043759
19.71,1.1,1784227046406,1784227043800
19.74,-5.9,1784227046440,1784227043827
19.78,3.1,1784227046474,1784227043870
19.81,-1.9,1784227046507,1784227043898
19.85,6.1,1784227046541,1784227043940
19.88,-0.9,1784227046575,1784227043967
19.90,-6.9,1784227046608,1784227043994
19.95,3.1,1784227046641,1784227044037
19.97,-3.9,1784227046675,1784227044064
20.02,5.1,1784227046708,1784227044106
20.04,-1.9,1784227046744,1784227044135
20.09,6.1,1784227046778,1784227044177
20.11,-0.9,1784227046812,1784227044204
20.14,-5.9,1784227046844,1784227044231
20.18,4.1,1784227046877,1784227044274
20.21,-2.9,1784227046911,1784227044301
20.25,6.1,1784227046945,1784227044344
20.28,0.1,1784227046978,1784227044371
20.32,7.1,1784227047012,1784227044412
20.35,2.1,1784227047046,1784227044441
20.38,-2.9,1784227047079,1784227044469
20.42,4.1,1784227047113,1784227044510
20.45,-1.9,1784227047147,1784227044538
20.48,-3.6,1784227047178,1784227044567
20.52,3.4,1784227047212,1784227044608
20.55,-1.6,1784227047245,1784227044636
20.59,4.4,1784227047280,1784227044677
20.62,-0.6,1784227047314,1784227044706
20.66,7.4,1784227047347,1784227044747
20.69,1.4,1784227047381,1784227044775
20.71,-5.6,1784227047415,1784227044802
20.75,4.4,1784227047447,1784227044844
20.78,-0.6,1784227047481,1784227044873
20.82,8.4,1784227047514,1784227044915
20.85,0.4,1784227047549,1784227044942
20.88,-4.6,1784227047582,1784227044970
20.92,2.4,1784227047616,1784227045011
20.95,-3.6,1784227047650,1784227045039
20.99,5.4,1784227047683,1784227045081
21.02,-0.6,1784227047717,1784227045109
21.05,-4.6,1784227047749,1784227045137
21.09,2.4,1784227047783,1784227045178
21.12,-3.6,1784227047817,1784227045206
21.16,3.4,1784227047851,1784227045247
21.19,-1.6,1784227047885,1784227045276
21.23,9.4,1784227047918,1784227045320
21.26,2.4,1784227047951,1784227045346
21.28,-3.6,1784227047985,1784227045374
21.33,3.4,1784227048019,1784227045415
21.35,-2.6,1784227048053,1784227045443
21.39,6.4,1784227048085,1784227045484
21.42,1.4,1784227048118,1784227045512
21.45,-4.6,1784227048153,1784227045541
21.49,3.4,1784227048186,1784227045582
21.52,-2.6,1784227048220,1784227045610
21.56,5.4,1784227048254,1784227045652
21.59,-0.6,1784227048289,1784227045681
21.63,7.4,1784227048321,1784227045721
21.66,2.4,1784227048355,1784227045750
21.69,-5.6,1784227048390,1784227045777
21.73,1.4,1784227048424,1784227045818
21.76,-1.6,1784227048456,1784227045847
21.80,5.4,1784227048491,1784227045889
21.83,-0.6,1784227048524,1784227045916
21.87,7.4,1784227048558,1784227045958
21.90,1.4,1784227048591,1784227045985
21.92,-3.6,1784227048624,1784227046013
21.96,4.4,1784227048658,1784227046055
21.99,-2.6,1784227048694,1784227046084
22.03,6.4,1784227048726,1784227046125
22.06,2.4,1784227048758,1784227046153
22.09,-4.6,1784227048792,1784227046180
22.13,5.4,1784227048825,1784227046223
22.16,0.4,1784227048858,1784227046251
22.19,-6.6,1784227048892,1784227046278
22.23,1.4,1784227048926,1784227046320
22.26,-3.6,1784227048959,1784227046348
22.30,4.4,1784227048993,1784227046390
22.33,-2.6,1784227049027,1784227046417
22.37,6.4,1784227049060,1784227046459
22.40,1.4,1784227049094,1784227046488
22.42,-5.6,1784227049128,1784227046515
22.47,3.7,1784227049161,1784227046557
22.49,-1.3,1784227049194,1784227046585
22.54,5.7,1784227049228,1784227046626
22.56,0.7,1784227049261,1784227046654
22.59,-6.3,1784227049296,1784227046682
22.63,1.7,1784227049330,1784227046724
22.66,-2.3,1784227049362,1784227046752
22.70,3.7,1784227049398,1784227046794
22.73,-2.3,1784227049431,1784227046821
22.77,6.7,1784227049464,1784227046863
22.80,0.7,1784227049499,1784227046892
22.84,7.7,1784227049532,1784227046932
22.87,1.7,1784227049566,1784227046960
22.90,-2.3,1784227049599,1784227046989
22.94,5.7,1784227049632,1784227047030
22.97,-0.3,1784227049665,1784227047057
23.00,-5.3,1784227049699,1784227047086
23.04,1.7,1784227049734,1784227047128
23.07,-3.3,1784227049767,1784227047156
23.11,5.7,1784227049800,1784227047198
23.14,-0.3,1784227049833,1784227047225
23.16,-6.3,1784227049867,1784227047253
23.20,1.7,1784227049900,1784227047294
23.23,-4.3,1784227049934,1784227047322
23.27,4.7,1784227049967,1784227047364
23.30,-1.3,1784227050001,1784227047392
23.34,7.7,1784227050034,1784227047434
23.37,0.7,1784227050068,1784227047461
23.40,-5.3,1784227050102,1784227047489
23.44,3.7,1784227050136,1784227047532
23.47,-0.3,1784227050168,1784227047560
23.51,5.7,1784227050203,1784227047601
23.54,-0.3,1784227050237,1784227047629
23.57,-5.3,1784227050271,1784227047658
23.61,1.7,1784227050305,1784227047699
23.64,-4.3,1784227050338,1784227047726
23.68,3.7,1784227050371,1784227047767
23.70,-1.3,1784227050404,1784227047795
23.75,5.7,1784227050439,1784227047837
23.78,1.7,1784227050472,1784227047866
23.82,6.7,1784227050507,1784227047906
23.84,3.7,1784227050539,1784227047935
23.87,-3.3,1784227050573,1784227047962
23.91,5.7,1784227050607,1784227048005
23.94,0.7,1784227050640,1784227048033
23.97,-6.3,1784227050674,1784227048060
24.01,2.7,1784227050708,1784227048103
24.04,-5.3,1784227050742,1784227048129
24.08,2.7,1784227050776,1784227048171
24.11,0.7,1784227050807,1784227048200
24.15,7.7,1784227050841,1784227048241
24.18,1.7,1784227050875,1784227048269
24.21,-5.3,1784227050909,1784227048296
24.25,4.7,1784227050941,1784227048338
24.28,-0.3,1784227050974,1784227048366
24.30,-6.3,1784227051008,1784227048394
24.35,0.7,1784227051043,1784227048436
24.37,-5.3,1784227051077,1784227048464
24.42,3.7,1784227051110,1784227048506
24.44,-1.3,1784227051143,1784227048534
24.48,6.9,1784227051177,1784227048576
24.51,-0.1,1784227051211,1784227048603
24.55,9.9,1784227051243,1784227048645
24.58,3.9,1784227051278,1784227048674
24.61,-3.1,1784227051312,1784227048701
24.65,6.9,1784227051344,1784227048743
24.68,-0.1,1784227051379,1784227048771
24.72,7.9,1784227051412,1784227048812
24.75,0.9,1784227051447,1784227048840
24.78,-3.1,1784227051479,1784227048868
24.82,3.9,1784227051513,1784227048909
24.85,-2.1,1784227051547,1784227048937
24.89,5.9,1784227051581,1784227048979
24.92,0.9,1784227051614,1784227049007
24.94,-4.1,1784227051647,1784227049035
24.99,3.9,1784227051681,1784227049077
25.01,-2.1,1784227051714,1784227049104
25.06,4.9,1784227051749,1784227049146
25.08,0.9,1784227051781,1784227049174
25.13,6.9,1784227051816,1784227049215
25.15,2.9,1784227051849,1784227049244
25.19,7.9,1784227051885,1784227049285
25.22,3.9,1784227051917,1784227049313
25.25,-1.1,1784227051951,1784227049342
25.29,5.9,1784227051984,1784227049382
25.32,-0.1,1784227052019,1784227049411
25.36,5.9,1784227052053,1784227049451
25.39,1.9,1784227052086,1784227049480
25.42,-2.1,1784227052119,1784227049509
25.46,3.9,1784227052153,1784227049549
25.49,-0.1,1784227052185,1784227049577
25.51,-6.1,1784227052219,1784227049605
25.56,2.9,1784227052252,1784227049647
25.58,-3.1,1784227052286,1784227049675
25.63,4.9,1784227052319,1784227049716
25.65,-0.1,1784227052352,1784227049744
25.68,-5.1,1784227052386,1784227049773
25.72,1.9,1784227052420,1784227049814
25.77,10.9,1784227052454,1784227049857
25.79,3.9,1784227052487,1784227049883
25.82,-1.1,1784227052521,1784227049912
25.86,5.9,1784227052555,1784227049953
25.89,-0.1,1784227052588,1784227049980
25.92,-3.1,1784227052621,1784227050010
25.96,3.9,1784227052655,1784227050051
25.99,-3.1,1784227052689,1784227050078
26.03,5.9,1784227052723,1784227050121
26.06,-1.1,1784227052757,1784227050148
26.10,5.9,1784227052791,1784227050189
26.13,0.9,1784227052824,1784227050217
26.15,-4.1,1784227052857,1784227050245
26.20,4.9,1784227052890,1784227050287
26.23,0.9,1784227052923,1784227050316
26.26,-5.1,1784227052959,1784227050346
26.29,-0.1,1784227052992,1784227050384
26.32,-4.1,1784227053025,1784227050413
26.36,4.9,1784227053058,1784227050455
26.39,-2.1,1784227053092,1784227050482
26.43,6.9,1784227053125,1784227050524
26.46,-1.1,1784227053161,1784227050552
26.51,11.1,1784227053193,1784227050596
26.53,4.1,1784227053226,1784227050622
26.56,-2.9,1784227053260,1784227050649
26.60,3.1,1784227053296,1784227050691
26.63,-1.9,1784227053328,1784227050718
26.67,7.1,1784227053362,1784227050761
26.70,0.1,1784227053397,1784227050789
26.74,7.1,1784227053431,1784227050830
26.77,3.1,1784227053462,1784227050857
26.80,-1.9,1784227053496,1784227050886
26.84,6.1,1784227053530,1784227050928
26.87,1.1,1784227053563,1784227050956
26.89,-3.9,1784227053596,1784227050984
26.94,2.1,1784227053631,1784227051025
26.96,-2.9,1784227053664,1784227051053
27.01,9.1,1784227053697,1784227051098
27.03,1.1,1784227053731,1784227051124
27.06,-5.9,1784227053764,1784227051150
27.10,2.1,1784227053798,1784227051192
27.13,-4.9,1784227053832,1784227051219
27.17,6.1,1784227053864,1784227051262
27.20,0.1,1784227053898,1784227051290
27.24,7.1,1784227053932,1784227051331
27.27,2.1,1784227053965,1784227051359
27.30,-3.9,1784227054000,1784227051388
27.34,4.1,1784227054033,1784227051429
27.37,-1.9,1784227054067,1784227051457
27.41,8.1,1784227054100,1784227051500
27.44,0.1,1784227054134,1784227051526
27.48,6.1,1784227054170,1784227051568
27.51,4.1,1784227054202,1784227051598
27.53,-1.9,1784227054234,1784227051624
27.58,6.1,1784227054267,1784227051665
27.60,1.1,1784227054301,1784227051694
27.63,-4.9,1784227054335,1784227051722
27.67,2.1,1784227054370,1784227051764
27.70,-2.9,1784227054403,1784227051792
27.74,7.1,1784227054434,1784227051833
27.77,-0.9,1784227054470,1784227051861
27.81,7.1,1784227054503,1784227051902
27.84,1.1,1784227054537,1784227051930
27.87,-4.9,1784227054571,1784227051958
27.91,4.1,1784227054604,1784227052000
27.94,-1.9,1784227054638,1784227052028
27.98,7.1,1784227054671,1784227052070
28.01,3.1,1784227054705,1784227052100
28.05,8.1,1784227054739,1784227052139
28.08,3.1,1784227054772,1784227052167
28.10,-2.9,1784227054806,1784227052195
28.15,2.1,1784227054842,1784227052236
28.17,-0.9,1784227054874,1784227052265
28.20,-5.9,1784227054906,1784227052292
28.24,2.1,1784227054940,1784227052334
28.27,-3.9,1784227054973,1784227052361
28.31,4.1,1784227055008,1784227052404
28.34,-0.9,1784227055041,1784227052432
28.38,6.1,1784227055075,1784227052473
28.41,0.1,1784227055109,1784227052501
28.44,-3.9,1784227055141,1784227052529
28.48,5.3,1784227055174,1784227052571
28.51,1.3,1784227055208,1784227052601
28.55,6.3,1784227055242,1784227052640
28.58,1.3,1784227055275,1784227052668
28.62,8.3,1784227055310,1784227052710
28.65,1.3,1784227055344,1784227052737
28.67,-3.7,1784227055377,1784227052765
28.72,6.3,1784227055410,1784227052808
28.75,-0.7,1784227055444,1784227052835
28.79,6.3,1784227055479,1784227052877
28.81,0.3,1784227055512,1784227052904
28.84,-4.7,1784227055545,1784227052932
28.88,3.3,1784227055579,1784227052974
28.91,-1.7,1784227055612,1784227053002
28.95,6.3,1784227055646,1784227053044
28.98,0.3,1784227055680,1784227053072
29.01,-2.7,1784227055713,1784227053102
29.05,3.3,1784227055746,1784227053141
29.08,-1.7,1784227055779,1784227053169
29.12,5.3,1784227055814,1784227053211
29.15,1.3,1784227055846,1784227053239
29.19,7.3,1784227055881,1784227053280
29.22,1.3,1784227055915,1784227053308
29.25,-3.7,1784227055948,1784227053336
29.29,5.3,1784227055982,1784227053379
29.32,-1.7,1784227056015,1784227053405
29.36,8.3,1784227056048,1784227053448
29.38,0.3,1784227056083,1784227053475
29.41,-3.7,1784227056116,1784227053504
29.45,3.3,1784227056150,1784227053545
29.48,-2.7,1784227056184,1784227053573
29.52,5.3,1784227056217,1784227053614
29.55,0.3,1784227056250,1784227053642
29.58,-3.7,1784227056283,1784227053671
29.62,2.3,1784227056318,1784227053712
29.65,-0.7,1784227056350,1784227053741
29.69,5.3,1784227056385,1784227053782
29.72,0.3,1784227056418,1784227053810
29.76,9.3,1784227056452,1784227053853
29.79,2.3,1784227056485,1784227053879
29.82,-3.7,1784227056519,1784227053907
29.86,6.3,1784227056552,1784227053950
29.89,-0.7,1784227056585,1784227053976
29.93,8.3,1784227056619,1784227054019
29.96,1.3,1784227056653,1784227054046
29.99,-3.7,1784227056687,1784227054075
30.03,3.3,1784227056721,1784227054116
30.05,-1.7,1784227056754,1784227054144
30.09,5.3,1784227056788,1784227054185
30.12,0.3,1784227056821,1784227054213
30.17,9.3,1784227056855,1784227054256
30.19,2.3,1784227056889,1784227054283
30.22,-2.7,1784227056922,1784227054311
30.27,7.3,1784227056956,1784227054355
30.29,-1.7,1784227056990,1784227054380
30.32,-4.7,1784227057022,1784227054409
30.36,2.3,1784227057056,1784227054450
30.39,-3.7,1784227057090,1784227054478
30.43,4.3,1784227057124,1784227054520
30.46,-1.7,1784227057157,1784227054547
30.50,5.3,1784227057192,1784227054589
30.53,2.3,1784227057225,1784227054619
30.55,-4.7,1784227057257,1784227054644
30.60,3.3,1784227057291,1784227054686
30.62,-2.7,1784227057325,1784227054714
30.67,4.3,1784227057360,1784227054756
30.69,-0.7,1784227057393,1784227054784
30.74,7.3,1784227057427,1784227054826
30.76,1.3,1784227057461,1784227054854
30.79,-4.7,1784227057495,1784227054882
30.83,3.3,1784227057528,1784227054923
30.86,-2.7,1784227057562,1784227054951
30.90,5.3,1784227057596,1784227054993
30.93,-0.7,1784227057629,1784227055020
30.97,8.3,1784227057663,1784227055063
31.00,2.3,1784227057697,1784227055091
31.03,0.3,1784227057729,1784227055121
31.07,5.3,1784227057763,1784227055160
31.10,-0.7,1784227057797,1784227055188
31.14,9.3,1784227057829,1784227055230
31.17,2.3,1784227057863,1784227055257
31.21,8.3,1784227057899,1784227055299
31.24,4.3,1784227057931,1784227055327
31.26,-1.7,1784227057964,1784227055354
31.31,6.3,1784227057998,1784227055396
31.33,2.3,1784227058031,1784227055425
31.36,-2.7,1784227058064,1784227055453
31.40,4.3,1784227058098,1784227055494
31.43,-1.7,1784227058131,1784227055521
31.47,6.3,1784227058166,1784227055564
31.50,0.3,1784227058199,1784227055591
31.53,-1.7,1784227058233,1784227055623
31.57,4.3,1784227058266,1784227055662
31.60,-0.7,1784227058300,1784227055691
31.64,6.3,1784227058333,1784227055731
31.67,0.3,1784227058367,1784227055759
31.70,-5.7,1784227058400,1784227055786
31.74,1.3,1784227058435,1784227055828
31.77,-2.7,1784227058467,1784227055856
31.81,4.3,1784227058502,1784227055898
31.83,-2.7,1784227058536,1784227055925
31.88,4.3,1784227058570,1784227055966
31.91,-1.7,1784227058605,1784227055995
31.93,-4.7,1784227058637,1784227056024
31.97,-0.7,1784227058673,1784227056064
32.00,-2.7,1784227058704,1784227056093
32.04,5.3,1784227058737,1784227056134
32.07,-1.7,1784227058771,1784227056161
32.11,9.3,1784227058804,1784227056205
32.14,1.3,1784227058838,1784227056231
32.17,-3.7,1784227058872,1784227056260
32.21,3.3,1784227058906,1784227056301
32.24,-3.7,1784227058940,1784227056328
32.28,10.3,1784227058972,1784227056374
32.31,0.3,1784227059007,1784227056399
32.35,7.3,1784227059041,1784227056440
32.38,4.3,1784227059073,1784227056469
32.41,-2.7,1784227059107,1784227056496
32.45,5.3,1784227059141,1784227056538
32.48,0.3,1784227059173,1784227056565
32.52,8.5,1784227059208,1784227056608
32.55,4.5,1784227059241,1784227056637
32.57,-2.5,1784227059274,1784227056663
32.61,5.5,1784227059308,1784227056705
32.64,0.5,1784227059341,1784227056733
32.68,8.5,1784227059375,1784227056775
32.71,2.5,1784227059408,1784227056802
32.74,-2.5,1784227059441,1784227056830
32.78,7.5,1784227059476,1784227056875
32.81,-2.5,1784227059510,1784227056899
32.85,7.5,1784227059543,1784227056942
32.88,0.5,1784227059577,1784227056969
32.91,-4.5,1784227059610,1784227056997
32.95,2.5,1784227059644,1784227057038
32.98,-2.5,1784227059677,1784227057066
33.02,6.5,1784227059711,1784227057109
33.05,-0.5,1784227059745,1784227057136
33.07,-5.5,1784227059778,1784227057164
33.12,3.5,1784227059811,1784227057206
33.14,-2.5,1784227059845,1784227057234
33.19,5.5,1784227059879,1784227057276
33.21,-0.5,1784227059913,1784227057304
33.26,7.5,1784227059946,1784227057345
33.29,4.5,1784227059980,1784227057376
33.32,8.5,1784227060015,1784227057415
33.35,3.5,1784227060048,1784227057443
33.38,-2.5,1784227060082,1784227057471
33.42,7.5,1784227060114,1784227057513
33.45,-0.5,1784227060149,1784227057540
33.48,-4.5,1784227060182,1784227057569
33.52,2.5,1784227060216,1784227057610
33.56,10.5,1784227060250,1784227057652
33.59,5.5,1784227060281,1784227057678
33.62,0.5,1784227060315,1784227057707
33.66,8.5,1784227060349,1784227057749
33.69,0.5,1784227060384,1784227057776
33.72,-4.5,1784227060418,1784227057805
33.76,2.5,1784227060452,1784227057846
33.79,0.5,1784227060484,1784227057876
33.83,4.5,1784227060520,1784227057916
33.85,0.5,1784227060552,1784227057944
33.88,-4.5,1784227060586,1784227057973
33.92,2.5,1784227060619,1784227058013
33.95,-3.5,1784227060653,1784227058041
33.99,5.5,1784227060687,1784227058084
34.02,-1.5,1784227060720,1784227058110
34.06,6.5,1784227060754,1784227058152
34.09,-0.5,1784227060789,1784227058180
34.12,-2.5,1784227060820,1784227058209
34.16,5.5,1784227060854,1784227058251
34.19,-1.5,1784227060887,1784227058277
34.23,6.5,1784227060922,1784227058320
34.26,4.5,1784227060953,1784227058349
34.29,-2.5,1784227060990,1784227058379
34.33,0.5,1784227061024,1784227058416
34.35,-2.5,1784227061056,1784227058445
34.40,6.5,1784227061088,1784227058486
34.42,0.5,1784227061122,1784227058514
34.47,8.5,1784227061156,1784227058556
34.49,3.6,1784227061190,1784227058585
34.52,-2.4,1784227061223,1784227058612
34.56,5.6,1784227061257,1784227058654
34.59,0.6,1784227061289,1784227058681
34.62,-4.4,1784227061323,1784227058710
34.66,0.6,1784227061358,1784227058750
34.69,-3.4,1784227061392,1784227058780
34.73,2.6,1784227061426,1784227058820
34.76,-2.4,1784227061460,1784227058849
34.80,8.6,1784227061492,1784227058892
34.83,0.6,1784227061526,1784227058918
34.86,-4.4,1784227061559,1784227058946
34.90,5.6,1784227061592,1784227058989
34.92,-3.4,1784227061627,1784227059015
34.97,4.6,1784227061661,1784227059057
34.99,-0.4,1784227061694,1784227059085
35.04,10.6,1784227061728,1784227059130
35.06,2.6,1784227061761,1784227059155
35.09,-3.4,1784227061795,1784227059183
35.14,5.6,1784227061829,1784227059226
35.16,-0.4,1784227061862,1784227059253
35.20,6.6,1784227061896,1784227059294
35.23,-0.4,1784227061931,1784227059322
35.26,-4.4,1784227061963,1784227059350
35.30,4.6,1784227061996,1784227059392
35.33,-2.4,1784227062030,1784227059419
35.37,6.6,1784227062063,1784227059461
35.40,-0.4,1784227062098,1784227059489
35.44,7.6,1784227062132,1784227059531
35.47,2.6,1784227062165,1784227059559
35.50,-3.4,1784227062199,1784227059587
35.54,9.6,1784227062230,1784227059631
35.57,-1.4,1784227062265,1784227059655
35.59,-3.4,1784227062297,1784227059685
35.64,3.6,1784227062330,1784227059725
35.66,-3.4,1784227062367,1784227059755
35.70,3.6,1784227062400,1784227059795
35.73,-1.4,1784227062433,1784227059823
35.78,6.6,1784227062467,1784227059865
35.80,-0.4,1784227062502,1784227059893
35.83,-2.4,1784227062533,1784227059922
35.87,3.6,1784227062568,1784227059963
35.90,-2.4,1784227062601,1784227059990
35.94,5.6,1784227062635,1784227060032
35.97,-0.4,1784227062669,1784227060060
36.01,6.6,1784227062704,1784227060102
36.04,4.6,1784227062736,1784227060132
36.07,-4.4,1784227062771,1784227060158
36.11,4.6,1784227062803,1784227060199
36.14,-1.4,1784227062837,1784227060227
36.18,7.6,1784227062870,1784227060269
36.21,2.6,1784227062903,1784227060297
36.23,-3.4,1784227062938,1784227060326
36.28,4.6,1784227062970,1784227060366
36.30,-1.4,1784227063004,1784227060394
36.35,5.6,1784227063039,1784227060436
36.37,1.6,1784227063071,1784227060464
36.40,-4.4,1784227063105,1784227060492
36.44,1.6,1784227063140,1784227060533
36.47,-3.4,1784227063173,1784227060561
36.51,5.7,1784227063207,1784227060604
36.54,-0.3,1784227063240,1784227060631
36.58,7.7,1784227063274,1784227060673
36.61,3.7,1784227063306,1784227060701
36.64,-1.3,1784227063339,1784227060729
36.68,5.7,1784227063374,1784227060771
36.71,-0.3,1784227063407,1784227060798
36.75,7.7,1784227063441,1784227060840
36.78,1.7,1784227063476,1784227060869
36.80,-4.3,1784227063508,1784227060895
36.85,4.7,1784227063542,1784227060938
36.87,-2.3,1784227063576,1784227060965
36.92,6.7,1784227063610,1784227061008
36.94,1.7,1784227063642,1784227061035
36.97,-3.3,1784227063676,1784227061064
37.02,3.7,1784227063711,1784227061106
37.04,-2.3,1784227063743,1784227061132
37.08,5.7,1784227063777,1784227061174
37.11,-0.3,1784227063810,1784227061201
37.15,6.7,1784227063845,1784227061243
37.18,1.7,1784227063878,1784227061271
37.21,-2.3,1784227063911,1784227061300
37.25,4.7,1784227063946,1784227061342
37.28,-0.3,1784227063979,1784227061370
37.32,7.7,1784227064012,1784227061411
37.35,1.7,1784227064045,1784227061438
37.38,-4.3,1784227064079,1784227061466
37.42,1.7,1784227064115,1784227061508
37.45,-2.3,1784227064147,1784227061536
37.49,6.7,1784227064180,1784227061578
37.52,1.7,1784227064213,1784227061606
37.54,-4.3,1784227064247,1784227061634
37.58,1.7,1784227064282,1784227061675
37.61,-1.3,1784227064314,1784227061704
37.65,7.7,1784227064346,1784227061745
37.68,-0.3,1784227064381,1784227061772
37.72,6.7,1784227064416,1784227061814
37.75,0.7,1784227064450,1784227061842
37.78,-4.3,1784227064483,1784227061870
37.82,2.7,1784227064517,1784227061911
37.85,-1.3,1784227064550,1784227061940
37.89,7.7,1784227064582,1784227061981
37.92,1.7,1784227064617,1784227062010
37.95,-5.3,1784227064651,1784227062037
37.99,2.7,1784227064685,1784227062079
38.02,-3.3,1784227064719,1784227062107
38.06,6.7,1784227064751,1784227062149
38.09,-0.3,1784227064786,1784227062177
38.13,8.7,1784227064819,1784227062219
38.16,3.7,1784227064852,1784227062247
38.18,-3.3,1784227064886,1784227062274
38.23,3.7,1784227064920,1784227062315
38.25,-0.3,1784227064953,1784227062344
38.30,8.7,1784227064985,1784227062385
38.32,0.7,1784227065021,1784227062413
38.35,-3.3,1784227065054,1784227062442
38.39,5.7,1784227065087,1784227062484
38.42,-3.3,1784227065122,1784227062510
38.46,5.7,1784227065156,1784227062553
38.49,0.7,1784227065188,1784227062580
38.53,7.9,1784227065222,1784227062621
38.56,5.9,1784227065255,1784227062652
38.59,-1.1,1784227065288,1784227062678
38.63,6.9,1784227065321,1784227062719
38.66,0.9,1784227065355,1784227062747
38.70,7.9,1784227065390,1784227062789
38.73,1.9,1784227065424,1784227062817
38.75,-2.1,1784227065456,1784227062845
38.80,3.9,1784227065492,1784227062887
38.82,-2.1,1784227065525,1784227062914
38.87,4.9,1784227065560,1784227062956
38.89,1.9,1784227065592,1784227062985
38.92,-3.1,1784227065626,1784227063014
38.96,3.9,1784227065659,1784227063054
38.99,-1.1,1784227065692,1784227063082
39.03,5.9,1784227065727,1784227063124
39.06,-0.1,1784227065760,1784227063151
39.10,8.9,1784227065794,1784227063194
39.13,2.9,1784227065827,1784227063221
39.16,-1.1,1784227065859,1784227063249
39.20,5.9,1784227065893,1784227063290
39.23,0.9,1784227065927,1784227063319
39.27,7.9,1784227065961,1784227063360
39.30,3.9,1784227065994,1784227063389
39.34,9.9,1784227066029,1784227063430
39.37,3.9,1784227066063,1784227063458
39.40,-3.1,1784227066097,1784227063485
39.44,6.9,1784227066129,1784227063527
39.46,0.9,1784227066163,1784227063555
39.49,-4.1,1784227066196,1784227063583
39.53,1.9,1784227066231,1784227063624
39.56,-2.1,1784227066264,1784227063653
39.60,4.9,1784227066298,1784227063694
39.63,1.9,1784227066329,1784227063722
39.66,-2.1,1784227066362,1784227063751
39.70,3.9,1784227066397,1784227063792
39.73,-3.1,1784227066432,1784227063820
39.77,3.9,1784227066466,1784227063861
39.80,-3.1,1784227066501,1784227063889
39.84,6.9,1784227066532,1784227063930
39.87,2.9,1784227066565,1784227063959
39.90,-4.1,1784227066599,1784227063986
39.94,3.9,1784227066633,1784227064028
39.97,-1.1,1784227066667,1784227064057
40.01,7.9,1784227066700,1784227064099
40.04,0.9,1784227066734,1784227064126
40.06,-3.1,1784227066767,1784227064155
40.11,2.9,1784227066801,1784227064195
40.13,-2.1,1784227066835,1784227064224
40.17,5.9,1784227066868,1784227064265
40.20,-1.1,1784227066903,1784227064293
40.24,7.9,1784227066936,1784227064335
40.27,0.9,1784227066970,1784227064362
40.30,-3.1,1784227067002,1784227064390
40.34,4.9,1784227067036,1784227064432
40.37,-2.1,1784227067071,1784227064460
40.41,6.9,1784227067104,1784227064502
40.44,0.9,1784227067137,1784227064529
40.48,7.9,1784227067172,1784227064571
40.51,3.1,1784227067205,1784227064599
40.54,0.1,1784227067236,1784227064627
40.57,-3.9,1784227067271,1784227064658
40.61,0.1,1784227067305,1784227064696
40.63,-2.9,1784227067337,1784227064725
40.68,5.1,1784227067370,1784227064766
40.70,-2.9,1784227067406,1784227064794
40.75,5.1,1784227067440,1784227064836
40.77,1.1,1784227067472,1784227064864
40.82,10.1,1784227067506,1784227064907
40.84,3.1,1784227067540,1784227064934
40.87,-3.9,1784227067574,1784227064961
40.91,4.1,1784227067608,1784227065003
40.94,0.1,1784227067640,1784227065031
40.98,8.1,1784227067674,1784227065073
41.01,2.1,1784227067708,1784227065101
41.05,10.1,1784227067742,1784227065143
41.08,3.1,1784227067776,1784227065170
41.11,-0.9,1784227067809,1784227065199
41.15,5.1,1784227067844,1784227065240
41.18,0.1,1784227067876,1784227065267
41.22,8.1,1784227067910,1784227065309
41.25,2.1,1784227067944,1784227065337
41.27,-1.9,1784227067976,1784227065365
41.32,5.1,1784227068012,1784227065408
41.34,0.1,1784227068044,1784227065435
41.39,7.1,1784227068078,1784227065476
41.41,2.1,1784227068111,1784227065504
41.44,-4.9,1784227068146,1784227065532
41.48,4.1,1784227068179,1784227065574
41.51,-1.9,1784227068212,1784227065601
41.55,5.1,1784227068248,1784227065644
41.58,2.1,1784227068279,1784227065672
41.62,8.1,1784227068314,1784227065713
41.65,5.1,1784227068345,1784227065741
41.68,-0.9,1784227068379,1784227065769
41.72,6.1,1784227068413,1784227065810
41.75,-0.9,1784227068448,1784227065838
41.79,9.1,1784227068481,1784227065881
41.82,3.1,1784227068515,1784227065909
41.84,-3.9,1784227068548,1784227065935
41.89,4.1,1784227068582,1784227065977
41.92,-1.9,1784227068616,1784227066005
41.96,6.1,1784227068650,1784227066047
41.98,-0.9,1784227068684,1784227066074
42.01,-3.9,1784227068716,1784227066103
42.05,3.1,1784227068750,1784227066144
42.08,-1.9,1784227068783,1784227066172
42.12,6.1,1784227068817,1784227066214
42.15,0.1,1784227068850,1784227066241
42.19,7.1,1784227068885,1784227066283
42.22,1.1,1784227068920,1784227066312
42.25,-2.9,1784227068951,1784227066339
42.29,6.1,1784227068984,1784227066381
42.32,2.1,1784227069019,1784227066412
42.36,7.1,1784227069053,1784227066451
42.39,2.1,1784227069085,1784227066478
42.43,10.1,1784227069120,1784227066521
42.46,2.1,1784227069154,1784227066547
42.49,-0.9,1784227069186,1784227066576
42.53,7.2,1784227069219,1784227066617
42.55,0.2,1784227069254,1784227066645
42.60,8.2,1784227069288,1784227066687
42.62,3.2,1784227069321,1784227066715
42.65,1.2,1784227069352,1784227066744
42.69,7.2,1784227069386,1784227066784
42.72,1.2,1784227069421,1784227066813
42.76,8.2,1784227069455,1784227066854
42.79,1.2,1784227069489,1784227066881
42.82,-0.8,1784227069522,1784227066912
42.86,5.2,1784227069556,1784227066952
42.89,-0.8,1784227069590,1784227066980
42.93,7.2,1784227069623,1784227067021
42.96,0.2,1784227069657,1784227067048
42.99,-4.8,1784227069690,1784227067076
43.03,4.2,1784227069724,1784227067119
43.06,-1.8,1784227069758,1784227067147
43.10,6.2,1784227069792,1784227067189
43.13,0.2,1784227069825,1784227067216
43.15,-3.8,1784227069858,1784227067245
43.20,2.2,1784227069893,1784227067286
43.23,0.2,1784227069925,1784227067316
43.26,-4.8,1784227069959,1784227067345
43.30,2.2,1784227069993,1784227067386
43.33,-1.8,1784227070027,1784227067416
43.37,4.2,1784227070061,1784227067456
43.39,-0.8,1784227070093,1784227067483
43.44,11.2,1784227070128,1784227067530
43.47,10.2,1784227070160,1784227067561
43.50,8.2,1784227070195,1784227067594
43.53,2.2,1784227070228,1784227067621
43.57,8.2,1784227070263,1784227067662
43.60,2.2,1784227070295,1784227067688
43.63,-1.8,1784227070328,1784227067717
43.67,6.2,1784227070361,1784227067758
43.70,-0.8,1784227070395,1784227067785
43.74,7.2,1784227070429,1784227067827
43.76,1.2,1784227070463,1784227067855
43.79,-4.8,1784227070497,1784227067883
43.84,5.2,1784227070530,1784227067926
43.86,-0.8,1784227070564,1784227067954
43.90,6.2,1784227070597,1784227067994
43.93,0.2,1784227070631,1784227068022
43.97,8.2,1784227070665,1784227068064
44.00,0.2,1784227070700,1784227068091
44.03,-1.8,1784227070731,1784227068120
44.07,6.2,1784227070765,1784227068162
44.10,-1.8,1784227070800,1784227068189
44.14,5.2,1784227070834,1784227068230
44.17,0.2,1784227070867,1784227068258
44.20,-3.8,1784227070899,1784227068286
44.24,4.2,1784227070934,1784227068329
44.27,1.2,1784227070965,1784227068357
44.31,6.2,1784227071001,1784227068398
44.34,1.2,1784227071034,1784227068426
44.36,-3.8,1784227071067,1784227068454
44.40,2.2,1784227071102,1784227068495
44.43,-1.8,1784227071135,1784227068524
44.47,6.2,1784227071168,1784227068565
44.50,1.2,1784227071201,1784227068593
44.53,-4.7,1784227071235,1784227068621
44.58,6.3,1784227071268,1784227068665
44.60,-3.7,1784227071303,1784227068690
44.64,5.3,1784227071337,1784227068733
44.67,-0.7,1784227071369,1784227068759
44.70,-4.7,1784227071402,1784227068788
44.74,3.3,1784227071436,1784227068830
44.77,-4.7,1784227071471,1784227068857
44.81,5.3,1784227071504,1784227068900
44.84,-1.7,1784227071538,1784227068927
44.88,5.3,1784227071573,1784227068969
44.91,-0.7,1784227071607,1784227068997
44.95,7.3,1784227071640,1784227069038
44.98,3.3,1784227071672,1784227069066
45.00,-1.7,1784227071706,1784227069095
45.05,5.3,1784227071740,1784227069136
45.08,4.3,1784227071772,1784227069167
45.12,9.3,1784227071807,1784227069207
45.14,3.3,1784227071840,1784227069234
45.17,-2.7,1784227071875,1784227069263
45.21,5.3,1784227071908,1784227069304
45.24,-1.7,1784227071942,1784227069331
45.29,12.3,1784227071976,1784227069379
45.31,0.3,1784227072009,1784227069400
45.35,7.3,1784227072044,1784227069442
45.38,4.3,1784227072075,1784227069470
45.41,0.3,1784227072108,1784227069499
45.45,10.3,1784227072142,1784227069543
45.48,-0.7,1784227072178,1784227069568
45.51,0.3,1784227072210,1784227069601
45.54,-2.7,1784227072244,1784227069632
45.57,-1.7,1784227072276,1784227069665
45.61,-0.7,1784227072309,1784227069699
45.64,-3.7,1784227072344,1784227069731
45.67,-3.7,1784227072376,1784227069763
45.76,45.3,1784227072411,1784227069847
45.76,12.3,1784227072444,1784227069847
45.81,33.3,1784227072479,1784227069903
45.81,0.3,1784227072512,1784227069903
45.86,9.3,1784227072546,1784227069946
45.88,-3.7,1784227072578,1784227069965
45.92,10.3,1784227072614,1784227070015
45.95,-1.7,1784227072648,1784227070037
45.98,3.3,1784227072681,1784227070075
46.01,-3.7,1784227072713,1784227070100
46.04,-2.7,1784227072745,1784227070133
46.08,0.3,1784227072780,1784227070171
46.12,2.3,1784227072814,1784227070207
46.14,-4.7,1784227072847,1784227070233
46.18,2.3,1784227072880,1784227070273
46.22,-0.7,1784227072915,1784227070305
46.25,-1.7,1784227072948,1784227070337
46.28,-1.7,1784227072981,1784227070370
46.32,3.3,1784227073016,1784227070410
46.35,-3.7,1784227073050,1784227070437
46.39,2.3,1784227073084,1784227070477
46.42,0.3,1784227073117,1784227070508
46.45,0.3,1784227073150,1784227070541
46.48,0.3,1784227073182,1784227070573
46.52,0.7,1784227073216,1784227070607
46.55,-3.3,1784227073252,1784227070639
46.59,2.7,1784227073286,1784227070679
46.62,-1.3,1784227073318,1784227070707
46.66,3.7,1784227073353,1784227070747
46.68,-4.3,1784227073385,1784227070771
46.72,1.7,1784227073419,1784227070811
46.75,-1.3,1784227073453,1784227070842
46.79,3.7,1784227073488,1784227070882
46.82,0.7,1784227073522,1784227070913
46.85,-3.3,1784227073554,1784227070941
46.88,-1.3,1784227073586,1784227070975
46.92,-2.3,1784227073619,1784227071007
46.95,-5.3,1784227073654,1784227071039
46.99,0.7,1784227073688,1784227071079
47.02,-3.3,1784227073724,1784227071111
47.05,-1.3,1784227073755,1784227071144
47.10,5.7,1784227073789,1784227071185
47.12,-4.3,1784227073824,1784227071210
47.16,2.7,1784227073857,1784227071250
47.19,0.7,1784227073891,1784227071282
47.22,-1.3,1784227073925,1784227071314
47.26,-3.3,1784227073958,1784227071345
47.29,-4.3,1784227073991,1784227071377
47.33,2.7,1784227074024,1784227071417
47.35,-4.3,1784227074058,1784227071444
47.39,0.7,1784227074092,1784227071483
47.42,-1.3,1784227074126,1784227071515
47.46,-1.3,1784227074159,1784227071548
47.49,-3.3,1784227074193,1784227071580
47.52,-1.3,1784227074224,1784227071613
47.55,-3.3,1784227074257,1784227071644
47.59,0.7,1784227074293,1784227071684
47.63,1.7,1784227074327,1784227071719
47.66,-1.3,1784227074362,1784227071751
47.69,0.7,1784227074392,1784227071783
47.72,-1.3,1784227074425,1784227071814
47.76,-3.3,1784227074459,1784227071846
47.80,0.7,1784227074495,1784227071886
47.83,-1.3,1784227074529,1784227071918
47.86,-0.3,1784227074564,1784227071954
47.90,0.7,1784227074596,1784227071987
47.93,-0.3,1784227074629,1784227072019
47.96,-1.3,1784227074662,1784227072051
47.99,-4.3,1784227074697,1784227072083
48.03,2.7,1784227074730,1784227072123
48.07,1.7,1784227074764,1784227072156
48.10,2.7,1784227074798,1784227072191
48.13,1.7,1784227074832,1784227072224
48.17,-0.3,1784227074865,1784227072255
48.20,-0.3,1784227074897,1784227072287
48.23,-3.3,1784227074931,1784227072318
48.27,2.7,1784227074965,1784227072358
48.30,0.7,1784227074999,1784227072390
48.33,0.7,1784227075031,1784227072422
48.37,-1.3,1784227075067,1784227072456
48.40,-3.3,1784227075100,1784227072487
48.44,2.7,1784227075133,1784227072526
48.47,1.7,1784227075167,1784227072559
48.50,-0.3,1784227075200,1784227072590
48.53,-1.0,1784227075233,1784227072622
48.57,5.0,1784227075266,1784227072661
48.60,4.0,1784227075301,1784227072695
48.63,-3.0,1784227075333,1784227072720
48.67,2.0,1784227075368,1784227072760
48.70,2.0,1784227075400,1784227072792
48.73,1.0,1784227075434,1784227072825
48.77,-2.0,1784227075469,1784227072857
48.80,-1.0,1784227075501,1784227072890
48.83,-4.0,1784227075535,1784227072921
48.87,-3.0,1784227075569,1784227072956
48.90,-3.0,1784227075602,1784227072989
48.94,3.0,1784227075635,1784227073028
48.97,0.0,1784227075670,1784227073060
49.00,-3.0,1784227075705,1784227073092
49.03,-5.0,1784227075739,1784227073124
49.07,4.0,1784227075771,1784227073165
49.11,5.0,1784227075805,1784227073200
49.14,3.0,1784227075839,1784227073232
49.17,1.0,1784227075872,1784227073263
49.20,-2.0,1784227075906,1784227073294
49.24,-3.0,1784227075939,1784227073326
49.28,3.0,1784227075973,1784227073366
49.31,2.0,1784227076006,1784227073398
49.34,-1.0,1784227076041,1784227073430
49.37,-2.0,1784227076075,1784227073463
49.41,-2.0,1784227076108,1784227073496
49.45,4.0,1784227076143,1784227073537
49.47,-2.0,1784227076173,1784227073561
49.50,-4.0,1784227076208,1784227073594
49.54,3.0,1784227076241,1784227073634
49.59,17.0,1784227076275,1784227073682
49.61,3.0,1784227076308,1784227073701
49.64,0.0,1784227076342,1784227073732
49.67,-1.0,1784227076375,1784227073764
49.71,-2.0,1784227076408,1784227073796
49.74,3.0,1784227076442,1784227073835
49.78,0.0,1784227076477,1784227073867
49.81,-1.0,1784227076510,1784227073899
49.84,-3.0,1784227076544,1784227073931
49.88,0.0,1784227076576,1784227073966
49.91,-2.0,1784227076611,1784227073999
49.94,-5.0,1784227076644,1784227074029
49.98,1.0,1784227076678,1784227074069
50.01,-1.0,1784227076712,1784227074101
50.04,-3.0,1784227076745,1784227074132
50.08,3.0,1784227076779,1784227074172
50.11,-1.0,1784227076812,1784227074201
50.14,-2.0,1784227076845,1784227074233
50.18,3.0,1784227076879,1784227074272
50.21,2.0,1784227076912,1784227074304
50.25,-2.0,1784227076947,1784227074335
50.28,-5.0,1784227076982,1784227074367
50.31,-5.0,1784227077014,1784227074399
50.35,3.0,1784227077047,1784227074440
50.38,2.0,1784227077081,1784227074473
50.42,2.0,1784227077114,1784227074506
50.45,-1.0,1784227077148,1784227074537
50.48,-1.0,1784227077181,1784227074570
50.51,-4.0,1784227077215,1784227074601
50.54,-3.7,1784227077249,1784227074635
50.58,0.3,1784227077284,1784227074674
50.62,4.3,1784227077318,1784227074712
50.65,2.3,1784227077351,1784227074743
50.68,0.3,1784227077384,1784227074774
50.72,0.3,1784227077416,1784227074806
50.75,-1.7,1784227077450,1784227074838
50.78,-3.7,1784227077483,1784227074869
50.82,3.3,1784227077517,1784227074910
50.85,1.3,1784227077551,1784227074942
50.89,3.3,1784227077585,1784227074978
50.92,2.3,1784227077618,1784227075010
50.95,-0.7,1784227077653,1784227075042
50.98,-0.7,1784227077685,1784227075074
51.02,-3.7,1784227077720,1784227075106
51.06,3.3,1784227077753,1784227075146
51.09,0.3,1784227077787,1784227075177
51.12,3.3,1784227077820,1784227075213
51.15,0.3,1784227077854,1784227075244
51.19,-0.7,1784227077887,1784227075276
51.22,-2.7,1784227077921,1784227075308
51.25,-3.7,1784227077955,1784227075341
51.29,1.3,1784227077990,1784227075381
51.32,1.3,1784227078022,1784227075413
51.36,0.3,1784227078056,1784227075446
51.39,1.3,1784227078090,1784227075481
51.42,2.3,1784227078123,1784227075515
51.46,2.3,1784227078156,1784227075548
51.49,5.3,1784227078189,1784227075584
51.52,-2.7,1784227078224,1784227075611
51.56,3.3,1784227078257,1784227075650
51.59,0.3,1784227078291,1784227075681
51.63,3.3,1784227078324,1784227075717
51.66,1.3,1784227078358,1784227075749
51.69,-0.7,1784227078392,1784227075781
51.72,-1.7,1784227078425,1784227075813
51.75,-1.7,1784227078457,1784227075845
51.79,2.3,1784227078492,1784227075884
51.83,0.3,1784227078526,1784227075916
51.86,-0.7,1784227078559,1784227075948
51.89,0.3,1784227078593,1784227075983
51.92,-1.7,1784227078627,1784227076015
51.96,-3.7,1784227078660,1784227076046
51.99,1.3,1784227078694,1784227076085
52.03,0.3,1784227078727,1784227076117
52.06,-1.7,1784227078760,1784227076148
52.09,-3.7,1784227078794,1784227076180
52.12,-2.7,1784227078828,1784227076215
52.16,-3.7,1784227078862,1784227076248
52.20,1.3,1784227078896,1784227076287
52.23,1.3,1784227078928,1784227076319
52.26,-3.7,1784227078965,1784227076351
52.29,-3.7,1784227078997,1784227076383
52.33,-3.7,1784227079030,1784227076416
52.37,2.3,1784227079065,1784227076457
52.39,-3.7,1784227079097,1784227076483
52.43,2.3,1784227079130,1784227076522
52.46,0.3,1784227079165,1784227076555
52.50,-0.7,1784227079197,1784227076586
52.53,-2.7,1784227079231,1784227076618
52.57,3.6,1784227079264,1784227076657
52.60,0.6,1784227079299,1784227076689
52.63,3.6,1784227079332,1784227076725
52.67,1.6,1784227079366,1784227076757
52.70,-0.4,1784227079400,1784227076789
52.73,-1.4,1784227079434,1784227076822
52.76,-0.4,1784227079465,1784227076854
52.80,-3.4,1784227079499,1784227076885
52.84,3.6,1784227079533,1784227076926
52.87,5.6,1784227079567,1784227076962
52.90,-3.4,1784227079601,1784227076987
52.94,1.6,1784227079636,1784227077027
52.97,2.6,1784227079668,1784227077060
53.00,0.6,1784227079702,1784227077092
53.04,5.6,1784227079737,1784227077132
53.07,-2.4,1784227079769,1784227077156
53.11,4.6,1784227079802,1784227077196
53.14,8.6,1784227079835,1784227077233
53.17,-2.4,1784227079869,1784227077256
53.20,0.6,1784227079905,1784227077295
53.24,-1.4,1784227079938,1784227077326
53.27,-0.4,1784227079970,1784227077359
53.30,-3.4,1784227080004,1784227077390
53.34,0.6,1784227080039,1784227077429
53.37,3.6,1784227080071,1784227077464
53.40,-1.4,1784227080107,1784227077495
53.44,-1.4,1784227080139,1784227077527
53.47,-3.4,1784227080173,1784227077559
53.51,2.6,1784227080206,1784227077598
53.54,0.6,1784227080240,1784227077630
53.57,0.6,1784227080273,1784227077663
53.61,-1.4,1784227080307,1784227077695
53.64,1.6,1784227080339,1784227077730
53.67,-1.4,1784227080374,1784227077762
53.70,-3.4,1784227080408,1784227077794
53.74,-2.4,1784227080440,1784227077827
53.78,3.6,1784227080474,1784227077867
53.81,0.6,1784227080508,1784227077898
53.84,-0.4,1784227080541,1784227077930
53.87,0.6,1784227080575,1784227077965
53.91,1.6,1784227080608,1784227077999
53.94,-0.4,1784227080642,1784227078031
53.97,-2.4,1784227080676,1784227078063
54.01,3.6,1784227080709,1784227078102
54.04,1.6,1784227080742,1784227078133
54.08,-0.4,1784227080776,1784227078165
54.11,-2.4,1784227080811,1784227078198
54.14,-2.4,1784227080845,1784227078232
54.18,-1.4,1784227080878,1784227078266
54.22,3.6,1784227080913,1784227078306
54.25,1.6,1784227080947,1784227078338
54.28,0.6,1784227080979,1784227078369
54.31,0.6,1784227081011,1784227078401
54.34,-2.4,1784227081045,1784227078432
54.38,-1.4,1784227081079,1784227078467
54.41,-3.4,1784227081113,1784227078499
54.45,2.6,1784227081146,1784227078538
54.48,0.6,1784227081180,1784227078570
54.51,-1.4,1784227081214,1784227078602
54.54,-1.2,1784227081247,1784227078635
54.58,-4.2,1784227081281,1784227078666
54.62,1.8,1784227081315,1784227078706
54.64,-3.2,1784227081348,1784227078734
54.68,3.8,1784227081381,1784227078774
54.72,3.8,1784227081415,1784227078808
54.75,2.8,1784227081448,1784227078840
54.78,1.8,1784227081481,1784227078872
54.82,0.8,1784227081515,1784227078905
54.85,-2.2,1784227081549,1784227078936
54.88,-0.2,1784227081583,1784227078972
54.92,0.8,1784227081617,1784227079007
55.00,49.8,1784227081653,1784227079092
55.00,18.8,1784227081684,1784227079092
55.06,42.8,1784227081719,1784227079151
55.06,10.8,1784227081751,1784227079151
55.12,34.8,1784227081786,1784227079210
55.12,2.8,1784227081818,1784227079210
55.15,-3.2,1784227081852,1784227079238
55.20,14.8,1784227081885,1784227079289
55.23,8.8,1784227081919,1784227079317
55.25,2.8,1784227081952,1784227079344
55.28,-2.2,1784227081985,1784227079372
55.33,11.8,1784227082021,1784227079422
55.35,-0.2,1784227082054,1784227079443
55.39,7.8,1784227082087,1784227079484
55.42,0.8,1784227082121,1784227079511
55.45,-4.2,1784227082154,1784227079539
55.49,2.8,1784227082188,1784227079580
55.52,-2.2,1784227082221,1784227079608
55.56,5.8,1784227082255,1784227079650
55.59,-0.2,1784227082289,1784227079678
55.63,9.8,1784227082323,1784227079722
55.66,0.8,1784227082356,1784227079746
55.70,8.8,1784227082391,1784227079789
55.73,3.8,1784227082424,1784227079817
55.75,-1.2,1784227082456,1784227079844
55.80,7.8,1784227082489,1784227079886
55.92,99.8,1784227082524,1784227080013
55.92,65.8,1784227082558,1784227080013
55.92,32.8,1784227082591,1784227080013
55.92,-1.2,1784227082625,1784227080013
55.96,5.8,1784227082658,1784227080053
55.99,-0.2,1784227082692,1784227080081
56.03,9.8,1784227082725,1784227080124
56.06,1.8,1784227082760,1784227080151
56.09,-3.2,1784227082793,1784227080179
56.13,7.8,1784227082826,1784227080223
56.16,-0.2,1784227082860,1784227080249
56.20,7.8,1784227082894,1784227080291
56.23,1.8,1784227082927,1784227080318
56.26,-4.2,1784227082961,1784227080346
56.30,3.8,1784227082995,1784227080388
56.33,-0.2,1784227083028,1784227080417
56.37,6.8,1784227083062,1784227080458
56.40,0.8,1784227083095,1784227080485
56.44,9.8,1784227083130,1784227080529
56.47,3.8,1784227083162,1784227080555
56.49,0.8,1784227083195,1784227080585
56.54,5.8,1784227083230,1784227080625
56.56,0.8,1784227083264,1784227080654
56.59,-2.2,1784227083295,1784227080682
56.63,5.8,1784227083330,1784227080725
56.66,-2.2,1784227083364,1784227080751
56.70,4.8,1784227083398,1784227080792
56.73,-1.2,1784227083432,1784227080820
56.77,8.8,1784227083464,1784227080862
56.80,2.8,1784227083497,1784227080889
56.83,-2.2,1784227083532,1784227080919
56.87,4.8,1784227083566,1784227080960
56.90,0.8,1784227083599,1784227080989
56.94,8.8,1784227083632,1784227081030
56.97,1.8,1784227083666,1784227081057
57.00,-4.2,1784227083700,1784227081085
57.04,3.8,1784227083734,1784227081127
57.06,-0.2,1784227083766,1784227081155
57.11,7.8,1784227083800,1784227081197
57.13,2.8,1784227083833,1784227081225
57.16,-4.2,1784227083867,1784227081252
57.20,2.8,1784227083902,1784227081294
57.23,-2.2,1784227083936,1784227081323
57.27,3.8,1784227083971,1784227081364
57.30,-0.2,1784227084003,1784227081392
57.34,8.8,1784227084036,1784227081434
57.37,0.8,1784227084071,1784227081461
57.40,-3.2,1784227084103,1784227081489
57.44,5.8,1784227084136,1784227081531
57.47,-0.2,1784227084170,1784227081559
57.51,8.8,1784227084204,1784227081602
57.54,1.8,1784227084238,1784227081629
57.57,-4.2,1784227084271,1784227081656
57.61,3.8,1784227084305,1784227081698
57.64,-1.2,1784227084338,1784227081726
57.68,7.8,1784227084371,1784227081768
57.71,-0.2,1784227084406,1784227081795
57.75,8.8,1784227084440,1784227081838
57.77,3.8,1784227084472,1784227081865
57.80,-0.2,1784227084505,1784227081894
57.84,6.8,1784227084539,1784227081935
57.87,0.8,1784227084573,1784227081963
57.91,7.8,1784227084607,1784227082004
57.94,2.8,1784227084640,1784227082032
57.97,-3.2,1784227084674,1784227082060
58.01,4.8,1784227084708,1784227082102
58.04,0.8,1784227084740,1784227082130
58.08,9.8,1784227084774,1784227082173
58.11,1.8,1784227084809,1784227082200
58.15,9.8,1784227084843,1784227082242
58.18,4.8,1784227084875,1784227082269
58.21,-2.2,1784227084911,1784227082298
58.25,4.8,1784227084946,1784227082340
58.28,-0.2,1784227084979,1784227082368
58.32,9.8,1784227085010,1784227082409
58.35,3.8,1784227085044,1784227082437
58.37,-2.2,1784227085078,1784227082465
58.42,6.8,1784227085111,1784227082507
58.45,0.8,1784227085146,1784227082536
58.49,7.8,1784227085180,1784227082577
58.51,3.8,1784227085212,1784227082605
58.54,-3.2,1784227085247,1784227082633
58.58,6.8,1784227085279,1784227082675
58.61,-0.2,1784227085313,1784227082702
58.65,9.8,1784227085345,1784227082744
58.68,2.8,1784227085379,1784227082771
58.71,-3.2,1784227085413,1784227082799
58.75,3.8,1784227085447,1784227082840
58.78,-0.2,1784227085480,1784227082869
58.82,7.8,1784227085514,1784227082911
58.85,-0.2,1784227085549,1784227082938
58.89,9.8,1784227085581,1784227082980
58.92,3.8,1784227085615,1784227083008
58.95,-2.2,1784227085649,1784227083036
58.99,5.8,1784227085682,1784227083077
59.02,0.8,1784227085715,1784227083105
59.04,-3.2,1784227085748,1784227083134
59.08,1.8,1784227085783,1784227083174
59.11,-2.2,1784227085816,1784227083203
59.15,5.8,1784227085850,1784227083245
59.18,0.8,1784227085883,1784227083273
59.22,5.8,1784227085919,1784227083314
59.25,0.8,1784227085952,1784227083342
59.29,10.8,1784227085984,1784227083384
59.32,5.8,1784227086017,1784227083412
59.35,-1.2,1784227086053,1784227083441
59.39,6.8,1784227086086,1784227083482
59.42,0.8,1784227086119,1784227083509
59.46,9.8,1784227086152,1784227083551
59.49,3.8,1784227086186,1784227083579
59.52,-1.2,1784227086219,1784227083607
59.56,6.8,1784227086253,1784227083649
59.59,1.8,1784227086286,1784227083677
59.63,9.8,1784227086321,1784227083720
59.66,4.8,1784227086355,1784227083749
59.68,-1.2,1784227086387,1784227083775
59.73,4.8,1784227086422,1784227083816
59.76,2.8,1784227086454,1784227083846
59.80,8.8,1784227086488,1784227083886
59.82,2.8,1784227086522,1784227083914
59.85,-4.2,1784227086556,1784227083941
59.89,3.8,1784227086589,1784227083982
59.92,0.8,1784227086621,1784227084011
59.96,7.8,1784227086656,1784227084053
59.99,1.8,1784227086691,1784227084082
60.03,10.8,1784227086724,1784227084124
60.06,4.8,1784227086758,1784227084152
60.09,-2.2,1784227086792,1784227084179
60.13,6.8,1784227086824,1784227084220
60.16,-0.2,1784227086858,1784227084247
60.20,9.8,1784227086891,1784227084290
60.23,1.8,1784227086926,1784227084317
60.26,-1.2,1784227086958,1784227084346
60.30,4.8,1784227086993,1784227084387
60.32,-1.2,1784227087026,1784227084414
60.37,6.8,1784227087060,1784227084456
60.39,2.8,1784227087092,1784227084484
60.44,8.8,1784227087127,1784227084525
60.46,4.8,1784227087161,1784227084555
60.49,-1.2,1784227087194,1784227084582
60.53,6.8,1784227087227,1784227084623
60.56,0.8,1784227087261,1784227084651
60.61,16.8,1784227087295,1784227084701
60.63,2.8,1784227087328,1784227084720
60.66,-2.2,1784227087362,1784227084749
60.70,6.8,1784227087395,1784227084791
60.73,-1.2,1784227087429,1784227084817
60.77,6.8,1784227087464,1784227084860
60.80,2.8,1784227087495,1784227084887
60.82,-3.2,1784227087529,1784227084915
60.87,5.8,1784227087563,1784227084958
60.90,-1.2,1784227087597,1784227084985
60.94,9.8,1784227087630,1784227085029
60.97,0.8,1784227087665,1784227085055
60.99,-2.2,1784227087697,1784227085084
61.03,4.8,1784227087731,1784227085125
61.06,-1.2,1784227087764,1784227085152
61.10,5.8,1784227087799,1784227085194
61.13,-0.2,1784227087833,1784227085222
61.17,8.8,1784227087866,1784227085264
61.20,1.8,1784227087900,1784227085291
61.23,-1.2,1784227087932,1784227085320
61.27,5.8,1784227087966,1784227085361
61.30,-0.2,1784227088000,1784227085389
61.34,8.8,1784227088033,1784227085431
61.37,1.8,1784227088067,1784227085458
61.41,10.8,1784227088101,1784227085501
61.44,3.8,1784227088135,1784227085528
61.47,-4.2,1784227088171,1784227085556
61.51,8.8,1784227088201,1784227085599
61.53,0.8,1784227088235,1784227085625
61.58,7.8,1784227088270,1784227085667
61.60,2.8,1784227088303,1784227085695
61.63,-0.2,1784227088335,1784227085724
61.67,6.8,1784227088369,1784227085765
61.70,-0.2,1784227088404,1784227085793
61.74,7.8,1784227088437,1784227085834
61.77,2.8,1784227088470,1784227085862
61.80,-1.2,1784227088502,1784227085890
61.84,5.8,1784227088537,1784227085932
61.87,-1.2,1784227088571,1784227085959
61.91,7.8,1784227088604,1784227086001
61.94,2.8,1784227088639,1784227086031
61.98,9.8,1784227088672,1784227086071
62.01,3.8,1784227088705,1784227086098
62.04,-3.2,1784227088740,1784227086126
62.08,6.8,1784227088773,1784227086169
62.11,-0.2,1784227088807,1784227086196
62.15,8.8,1784227088841,1784227086239
62.18,1.8,1784227088874,1784227086265
62.22,9.8,1784227088909,1784227086308
62.24,4.8,1784227088941,1784227086335
62.27,0.8,1784227088974,1784227086364
62.31,6.8,1784227089009,1784227086405
62.34,-0.2,1784227089044,1784227086433
62.39,9.8,1784227089076,1784227086475
62.41,2.8,1784227089111,1784227086503
62.44,-3.2,1784227089144,1784227086530
62.48,5.8,1784227089177,1784227086572
62.51,-1.2,1784227089211,1784227086599
62.55,9.8,1784227089244,1784227086643
62.58,3.8,1784227089277,1784227086670
62.61,-3.2,1784227089311,1784227086697
62.65,5.8,1784227089345,1784227086740
62.68,-1.2,1784227089379,1784227086767
62.72,8.8,1784227089412,1784227086810
62.75,1.8,1784227089446,1784227086837
62.77,-2.2,1784227089478,1784227086865
62.83,19.8,1784227089512,1784227086921
62.84,0.8,1784227089544,1784227086934
62.89,8.8,1784227089579,1784227086977
62.91,1.8,1784227089613,1784227087004
62.94,-3.2,1784227089646,1784227087032
62.98,4.8,1784227089680,1784227087074
63.01,-2.2,1784227089714,1784227087101
63.05,6.8,1784227089747,1784227087143
63.08,1.8,1784227089780,1784227087171
63.12,8.8,1784227089815,1784227087213
63.15,2.8,1784227089849,1784227087241
63.18,0.8,1784227089881,1784227087271
63.22,5.8,1784227089915,1784227087310
63.25,0.8,1784227089948,1784227087338
63.29,7.8,1784227089982,1784227087379
63.32,2.8,1784227090015,1784227087407
63.34,-4.2,1784227090049,1784227087434
63.39,4.8,1784227090083,1784227087477
63.41,-0.2,1784227090116,1784227087505
63.46,6.8,1784227090150,1784227087546
63.48,1.8,1784227090183,1784227087574
63.53,8.8,1784227090218,1784227087616
63.55,2.8,1784227090252,1784227087644
63.58,-1.2,1784227090284,1784227087672
63.62,5.8,1784227090318,1784227087713
63.65,0.8,1784227090351,1784227087741
63.69,8.8,1784227090385,1784227087783
63.72,2.8,1784227090419,1784227087811
63.75,-2.2,1784227090452,1784227087839
63.79,5.8,1784227090486,1784227087881
63.82,-0.2,1784227090520,1784227087909
63.86,7.8,1784227090553,1784227087950
63.89,3.8,1784227090586,1784227087979
63.92,-3.2,1784227090620,1784227088006
63.96,5.8,1784227090653,1784227088048
63.99,-0.2,1784227090687,1784227088076
64.03,6.8,1784227090721,1784227088117
64.06,1.8,1784227090755,1784227088146
64.08,-3.2,1784227090788,1784227088174
64.12,3.8,1784227090822,1784227088215
64.15,-1.2,1784227090855,1784227088243
64.19,6.8,1784227090888,1784227088284
64.22,-0.2,1784227090923,1784227088312
64.27,9.8,1784227090956,1784227088355
64.29,2.8,1784227090990,1784227088382
64.32,-3.2,1784227091024,1784227088410
64.36,5.8,1784227091057,1784227088452
64.39,-0.2,1784227091091,1784227088480
64.43,7.8,1784227091124,1784227088521
64.46,2.8,1784227091157,1784227088549
64.49,-2.2,1784227091191,1784227088578
64.53,4.8,1784227091225,1784227088619
64.56,-0.2,1784227091258,1784227088647
64.60,7.0,1784227091292,1784227088688
64.63,2.0,1784227091325,1784227088716
64.67,11.0,1784227091358,1784227088758
64.70,6.0,1784227091393,1784227088788
64.72,-2.0,1784227091426,1784227088813
64.76,5.0,1784227091460,1784227088854
64.79,1.0,1784227091493,1784227088883
64.83,8.0,1784227091528,1784227088925
64.86,2.0,1784227091562,1784227088953
64.89,-2.0,1784227091594,1784227088981
64.93,6.0,1784227091628,1784227089023
64.96,-1.0,1784227091662,1784227089050
65.00,7.0,1784227091695,1784227089091
65.03,2.0,1784227091729,1784227089120
65.06,-5.0,1784227091763,1784227089147
65.10,5.0,1784227091796,1784227089190
65.13,0.0,1784227091829,1784227089218
65.17,7.0,1784227091863,1784227089259
65.20,1.0,1784227091897,1784227089287
65.24,9.0,1784227091930,1784227089328
65.27,4.0,1784227091964,1784227089357
65.29,-2.0,1784227091997,1784227089384
65.34,5.0,1784227092032,1784227089426
65.36,1.0,1784227092065,1784227089455
65.41,8.0,1784227092099,1784227089496
65.43,3.0,1784227092132,1784227089524
65.46,-4.0,1784227092166,1784227089551
65.50,5.0,1784227092200,1784227089594
65.53,-1.0,1784227092233,1784227089621
65.57,7.0,1784227092267,1784227089663
65.60,1.0,1784227092301,1784227089691
65.63,-4.0,1784227092333,1784227089718
65.67,5.0,1784227092367,1784227089761
65.70,0.0,1784227092402,1784227089791
65.74,7.0,1784227092434,1784227089830
65.77,1.0,1784227092468,1784227089858
65.81,9.0,1784227092502,1784227089900
65.84,4.0,1784227092535,1784227089928
65.87,-2.0,1784227092569,1784227089956
65.91,5.0,1784227092603,1784227089997
65.94,-3.0,1784227092639,1784227090025
65.98,7.0,1784227092670,1784227090066
66.00,2.0,1784227092703,1784227090094
66.05,10.0,1784227092737,1784227090136
66.07,4.0,1784227092771,1784227090164
66.10,-1.0,1784227092804,1784227090192
66.14,7.0,1784227092837,1784227090233
66.17,1.0,1784227092871,1784227090261
66.20,-1.0,1784227092905,1784227090293
66.24,4.0,1784227092939,1784227090332
66.27,-1.0,1784227092972,1784227090360
66.31,7.0,1784227093005,1784227090401
66.34,1.0,1784227093039,1784227090429
66.38,9.0,1784227093072,1784227090470
66.41,2.0,1784227093107,1784227090498
66.44,-3.0,1784227093140,1784227090526
66.48,6.0,1784227093173,1784227090568
66.51,-1.0,1784227093207,1784227090595
66.55,6.0,1784227093241,1784227090636
66.57,2.1,1784227093274,1784227090665
66.62,9.1,1784227093308,1784227090706
66.64,4.1,1784227093341,1784227090734
66.67,-1.9,1784227093375,1784227090762
66.71,6.1,1784227093409,1784227090804
66.74,1.1,1784227093442,1784227090832
66.78,9.1,1784227093476,1784227090874
66.81,3.1,1784227093509,1784227090901
66.84,-1.9,1784227093543,1784227090930
66.88,5.1,1784227093577,1784227090971
66.91,-0.9,1784227093610,1784227090998
66.95,13.1,1784227093643,1784227091045
66.98,4.1,1784227093677,1784227091070
67.01,-1.9,1784227093710,1784227091097
67.05,6.1,1784227093744,1784227091139
67.08,-1.9,1784227093779,1784227091166
67.12,6.1,1784227093813,1784227091208
67.15,1.1,1784227093845,1784227091235
67.19,9.1,1784227093879,1784227091277
67.21,4.1,1784227093912,1784227091305
67.24,-1.9,1784227093946,1784227091333
67.28,5.1,1784227093980,1784227091374
67.31,1.1,1784227094013,1784227091403
67.35,8.1,1784227094047,1784227091444
67.38,3.1,1784227094080,1784227091472
67.41,-2.9,1784227094114,1784227091500
67.45,7.1,1784227094148,1784227091544
67.48,-1.9,1784227094182,1784227091569
67.52,7.1,1784227094215,1784227091611
67.55,1.1,1784227094249,1784227091639
67.59,8.1,1784227094283,1784227091680
67.62,3.1,1784227094316,1784227091708
67.65,-1.9,1784227094349,1784227091736
67.69,6.1,1784227094383,1784227091778
67.72,0.1,1784227094417,1784227091806
67.76,8.1,1784227094450,1784227091847
67.79,2.1,1784227094484,1784227091875
67.81,-2.9,1784227094518,1784227091904
67.86,5.1,1784227094551,1784227091945
67.88,0.1,1784227094584,1784227091973
67.92,7.1,1784227094619,1784227092015
67.96,5.1,1784227094651,1784227092045
67.99,11.1,1784227094685,1784227092085
68.02,3.1,1784227094719,1784227092111
68.05,-0.9,1784227094753,1784227092141
68.09,7.1,1784227094786,1784227092182
68.12,2.1,1784227094819,1784227092210
68.16,9.1,1784227094854,1784227092252
68.19,4.1,1784227094887,1784227092280
68.22,-1.9,1784227094921,1784227092308
68.26,5.1,1784227094955,1784227092349
68.29,0.1,1784227094988,1784227092377
68.33,9.1,1784227095021,1784227092419
68.36,2.1,1784227095055,1784227092446
68.38,-2.9,1784227095089,1784227092475
68.43,4.1,1784227095123,1784227092516
68.46,3.1,1784227095156,1784227092548
68.49,7.1,1784227095189,1784227092585
68.52,2.1,1784227095222,1784227092613
68.57,9.1,1784227095257,1784227092655
68.59,3.6,1784227095290,1784227092682
68.62,-2.4,1784227095324,1784227092710
68.66,6.6,1784227095357,1784227092752
68.69,1.6,1784227095391,1784227092781
68.73,9.6,1784227095424,1784227092822
68.76,2.6,1784227095459,1784227092850
68.79,-2.4,1784227095492,1784227092878
68.83,5.6,1784227095525,1784227092919
68.86,-1.4,1784227095560,1784227092947
68.90,8.6,1784227095592,1784227092989
68.93,2.6,1784227095626,1784227093017
68.96,-0.4,1784227095660,1784227093048
69.00,3.6,1784227095693,1784227093085
69.02,-1.4,1784227095727,1784227093114
69.07,6.6,1784227095761,1784227093156
69.09,0.6,1784227095794,1784227093183
69.14,8.6,1784227095828,1784227093225
69.16,5.6,1784227095860,1784227093254
69.19,-2.4,1784227095895,1784227093281
69.23,6.6,1784227095928,1784227093323
69.26,1.6,1784227095962,1784227093352
69.30,8.6,1784227095996,1784227093393
69.33,3.6,1784227096029,1784227093421
69.36,-3.4,1784227096063,1784227093448
69.40,5.6,1784227096097,1784227093491
69.43,-0.4,1784227096130,1784227093518
69.47,7.6,1784227096164,1784227093560
69.50,2.6,1784227096197,1784227093588
69.53,-4.4,1784227096231,1784227093615
69.57,3.6,1784227096265,1784227093657
69.60,-2.4,1784227096299,1784227093685
69.64,6.6,1784227096332,1784227093727
69.66,0.6,1784227096366,1784227093755
69.71,9.6,1784227096399,1784227093797
69.73,3.6,1784227096432,1784227093824
69.76,-2.4,1784227096467,1784227093853
69.80,6.6,1784227096499,1784227093894
69.83,0.6,1784227096533,1784227093922
69.87,8.6,1784227096567,1784227093964
69.90,3.6,1784227096600,1784227093992
69.93,-2.4,1784227096634,1784227094020
69.97,5.6,1784227096667,1784227094061
70.00,-0.4,1784227096701,1784227094089
70.04,8.6,1784227096735,1784227094132
70.07,2.6,1784227096768,1784227094159
70.11,9.6,1784227096803,1784227094201
70.14,4.6,1784227096836,1784227094229
70.17,-1.4,1784227096869,1784227094256
70.21,9.6,1784227096902,1784227094300
70.24,0.6,1784227096937,1784227094326
70.28,9.6,1784227096970,1784227094368
70.31,3.6,1784227097003,1784227094395
70.33,-2.4,1784227097038,1784227094424
70.37,6.6,1784227097071,1784227094466
70.40,0.6,1784227097105,1784227094494
70.44,9.6,1784227097137,1784227094535
70.47,2.6,1784227097172,1784227094563
70.50,-2.4,1784227097205,1784227094591
70.54,5.6,1784227097238,1784227094632
70.57,-0.4,1784227097272,1784227094660
70.61,6.8,1784227097306,1784227094701
70.64,1.8,1784227097340,1784227094730
70.67,-4.2,1784227097373,1784227094757
70.71,7.8,1784227097407,1784227094803
70.74,-1.2,1784227097440,1784227094827
70.78,6.8,1784227097474,1784227094869
70.81,1.8,1784227097507,1784227094897
70.85,9.8,1784227097541,1784227094939
70.88,3.8,1784227097574,1784227094966
70.90,-2.2,1784227097608,1784227094994
70.95,6.8,1784227097642,1784227095037
70.97,-0.2,1784227097676,1784227095064
71.02,7.8,1784227097709,1784227095105
71.04,2.8,1784227097743,1784227095134
71.07,-2.2,1784227097776,1784227095162
71.11,3.8,1784227097811,1784227095203
71.14,-0.2,1784227097843,1784227095231
71.18,7.8,1784227097877,1784227095273
71.21,3.8,1784227097910,1784227095302
71.25,9.8,1784227097945,1784227095343
71.28,4.8,1784227097977,1784227095370
71.31,-0.2,1784227098011,1784227095399
71.35,6.8,1784227098045,1784227095440
71.38,1.8,1784227098078,1784227095468
71.42,8.8,1784227098112,1784227095509
71.45,2.8,1784227098146,1784227095537
71.48,-2.2,1784227098180,1784227095566
71.52,5.8,1784227098214,1784227095608
71.54,0.8,1784227098246,1784227095635
71.59,7.8,1784227098280,1784227095676
71.61,1.8,1784227098314,1784227095704
71.64,-2.2,1784227098347,1784227095733
71.68,3.8,1784227098382,1784227095774
71.71,-0.2,1784227098414,1784227095802
71.75,6.8,1784227098449,1784227095844
71.78,-0.2,1784227098483,1784227095871
71.82,9.8,1784227098515,1784227095913
71.85,3.8,1784227098549,1784227095941
71.88,-3.2,1784227098584,1784227095969
71.92,6.8,1784227098617,1784227096012
71.95,0.8,1784227098650,1784227096039
71.98,-2.2,1784227098683,1784227096069
72.02,3.8,1784227098717,1784227096109
72.05,-3.2,1784227098751,1784227096136
72.09,4.8,1784227098785,1784227096178
72.12,0.8,1784227098817,1784227096206
72.16,6.8,1784227098852,1784227096247
72.19,1.8,1784227098886,1784227096276
72.23,11.8,1784227098919,1784227096319
72.25,2.8,1784227098953,1784227096344
72.28,-1.2,1784227098986,1784227096373
72.32,7.8,1784227099019,1784227096415
72.35,0.8,1784227099053,1784227096442
72.39,8.8,1784227099087,1784227096484
72.42,3.8,1784227099120,1784227096512
72.45,-2.2,1784227099154,1784227096540
72.49,8.8,1784227099187,1784227096584
72.52,0.8,1784227099221,1784227096610
72.56,7.8,1784227099255,1784227096651
72.59,2.9,1784227099288,1784227096679
72.62,-1.1,1784227099321,1784227096708
72.66,4.9,1784227099356,1784227096749
72.69,-0.1,1784227099389,1784227096777
72.73,7.9,1784227099423,1784227096819
72.76,0.9,1784227099457,1784227096846
72.80,11.9,1784227099490,1784227096890
72.83,3.9,1784227099524,1784227096916
72.85,-2.1,1784227099557,1784227096943
72.90,5.9,1784227099591,1784227096985
72.92,1.9,1784227099624,1784227097014
72.96,8.9,1784227099658,1784227097055
72.99,4.9,1784227099691,1784227097084
73.02,-2.1,1784227099725,1784227097111
73.06,5.9,1784227099759,1784227097153
73.09,-0.1,1784227099792,1784227097180
73.13,7.9,1784227099826,1784227097222
73.16,1.9,1784227099860,1784227097250
73.20,10.9,1784227099893,1784227097292
73.23,6.9,1784227099926,1784227097321
73.26,-1.1,1784227099960,1784227097347
73.30,6.9,1784227099994,1784227097389
73.33,-1.1,1784227100029,1784227097416
73.37,6.9,1784227100064,1784227097459
73.40,1.9,1784227100097,1784227097487
73.44,8.9,1784227100131,1784227097528
73.47,4.9,1784227100163,1784227097556
73.49,-1.1,1784227100198,1784227097585
73.54,8.9,1784227100229,1784227097626
73.56,1.9,1784227100264,1784227097654
73.60,9.9,1784227100297,1784227097695
73.63,2.9,1784227100332,1784227097723
73.66,-3.1,1784227100366,1784227097751
73.70,6.9,1784227100399,1784227097794
73.73,-0.1,1784227100433,1784227097821
73.77,7.9,1784227100466,1784227097862
73.80,2.9,1784227100500,1784227097891
73.83,-1.1,1784227100532,1784227097919
73.87,3.9,1784227100568,1784227097960
73.90,1.9,1784227100598,1784227097988
73.94,7.9,1784227100633,1784227098029
73.97,2.9,1784227100667,1784227098058
74.01,8.9,1784227100702,1784227098099
74.04,3.9,1784227100735,1784227098127
74.08,9.9,1784227100771,1784227098169
74.11,5.9,1784227100802,1784227098196
74.13,1.9,1784227100835,1784227098225
74.18,8.9,1784227100869,1784227098266
74.20,3.9,1784227100902,1784227098294
74.23,-2.1,1784227100936,1784227098322
74.27,4.9,1784227100971,1784227098364
74.30,-1.1,1784227101005,1784227098392
74.34,8.9,1784227101037,1784227098434
74.37,2.9,1784227101070,1784227098461
74.41,9.9,1784227101104,1784227098502
74.44,3.9,1784227101138,1784227098530
74.47,-1.1,1784227101172,1784227098559
74.51,6.9,1784227101207,1784227098602
74.54,1.9,1784227101238,1784227098628
74.58,9.9,1784227101272,1784227098670
74.61,4.9,1784227101306,1784227098699
74.64,-2.1,1784227101340,1784227098726
74.68,6.9,1784227101372,1784227098767
74.70,-0.1,1784227101407,1784227098795
74.75,10.9,1784227101440,1784227098839
74.77,3.9,1784227101473,1784227098865
74.80,-1.1,1784227101506,1784227098893
74.84,6.9,1784227101540,1784227098935
74.87,-1.1,1784227101575,1784227098962
74.91,9.9,1784227101607,1784227099005
74.94,3.9,1784227101640,1784227099032
74.97,-3.1,1784227101675,1784227099060
75.01,3.9,1784227101709,1784227099101
75.04,-2.1,1784227101743,1784227099129
75.08,7.9,1784227101776,1784227099172
75.11,-0.1,1784227101810,1784227099198
75.15,9.9,1784227101843,1784227099241
75.18,1.9,1784227101878,1784227099268
75.21,-1.1,1784227101909,1784227099296
75.25,7.9,1784227101943,1784227099339
75.28,-0.1,1784227101978,1784227099366
75.32,7.9,1784227102012,1784227099408
75.34,0.9,1784227102046,1784227099435
75.39,9.9,1784227102079,1784227099477
75.42,3.9,1784227102113,1784227099505
75.44,-1.1,1784227102146,1784227099533
75.48,6.9,1784227102179,1784227099574
75.51,0.9,1784227102213,1784227099602
75.55,8.9,1784227102247,1784227099644
75.58,4.9,1784227102280,1784227099673
75.62,9.9,1784227102316,1784227099714
75.65,5.9,1784227102348,1784227099742
75.68,0.9,1784227102381,1784227099770
75.72,8.9,1784227102415,1784227099812
75.75,4.9,1784227102449,1784227099842
75.79,10.9,1784227102482,1784227099881
75.82,4.9,1784227102516,1784227099909
75.85,-2.1,1784227102550,1784227099936
75.89,8.9,1784227102582,1784227099979
75.92,2.9,1784227102615,1784227100006
75.94,-1.1,1784227102648,1784227100035
75.99,4.9,1784227102683,1784227100076
76.01,-3.1,1784227102718,1784227100103
76.06,6.9,1784227102751,1784227100146
76.08,1.9,1784227102784,1784227100174
76.12,7.9,1784227102819,1784227100215
76.15,3.9,1784227102851,1784227100243
76.18,-3.1,1784227102886,1784227100271
76.22,5.9,1784227102920,1784227100314
76.25,1.9,1784227102952,1784227100342
76.29,7.9,1784227102987,1784227100383
76.32,1.9,1784227103020,1784227100410
76.35,-3.1,1784227103053,1784227100438
76.39,5.9,1784227103086,1784227100480
76.42,-0.1,1784227103120,1784227100508
76.46,7.9,1784227103154,1784227100550
76.49,2.9,1784227103187,1784227100578
76.53,8.9,1784227103222,1784227100619
76.56,2.9,1784227103255,1784227100646
76.58,-2.1,1784227103288,1784227100674
76.63,6.8,1784227103321,1784227100716
76.65,-0.2,1784227103356,1784227100744
76.70,7.8,1784227103390,1784227100786
76.72,2.8,1784227103423,1784227100814
76.75,-0.2,1784227103457,1784227100845
76.79,6.8,1784227103489,1784227100884
76.82,-0.2,1784227103523,1784227100911
76.86,8.8,1784227103557,1784227100954
76.89,1.8,1784227103591,1784227100981
76.92,-2.2,1784227103623,1784227101009
76.96,6.8,1784227103656,1784227101051
77.00,10.8,1784227103693,1784227101092
77.02,-3.2,1784227103725,1784227101110
77.06,2.8,1784227103758,1784227101149
77.10,10.8,1784227103792,1784227101191
77.13,4.8,1784227103826,1784227101219
77.16,-1.2,1784227103859,1784227101246
77.20,5.8,1784227103894,1784227101288
77.23,0.8,1784227103926,1784227101315
77.27,11.8,1784227103960,1784227101360
77.29,2.8,1784227103993,1784227101384
77.34,10.8,1784227104027,1784227101426
77.36,6.8,1784227104060,1784227101455
77.39,-1.2,1784227104094,1784227101481
77.43,7.8,1784227104128,1784227101524
77.46,1.8,1784227104161,1784227101551
77.50,8.8,1784227104196,1784227101593
77.53,3.8,1784227104228,1784227101620
77.56,-4.2,1784227104263,1784227101647
77.60,5.8,1784227104296,1784227101690
77.63,-1.2,1784227104330,1784227101717
77.67,8.8,1784227104363,1784227101760
77.70,4.8,1784227104396,1784227101789
77.73,-2.2,1784227104430,1784227101816
77.77,8.8,1784227104464,1784227101861
77.79,-2.2,1784227104498,1784227101884
77.84,6.8,1784227104532,1784227101927
77.86,1.8,1784227104565,1784227101955
77.91,9.8,1784227104599,1784227101997
77.93,5.8,1784227104631,1784227102025
77.96,-1.2,1784227104665,1784227102052
78.00,7.8,1784227104698,1784227102094
78.03,-1.2,1784227104734,1784227102121
78.07,7.8,1784227104768,1784227102164
78.10,2.8,1784227104801,1784227102192
78.13,-3.2,1784227104834,1784227102219
78.17,5.8,1784227104867,1784227102261
78.20,0.8,1784227104900,1784227102289
78.24,9.8,1784227104933,1784227102331
78.27,3.8,1784227104969,1784227102361
78.31,8.8,1784227105003,1784227102400
78.34,4.8,1784227105035,1784227102428
78.37,-2.2,1784227105069,1784227102455
78.41,6.8,1784227105103,1784227102498
78.43,0.8,1784227105136,1784227102525
78.48,10.8,1784227105169,1784227102568
78.51,3.8,1784227105203,1784227102595
78.53,-2.2,1784227105237,1784227102623
78.57,5.8,1784227105271,1784227102665
78.60,0.7,1784227105304,1784227102693
78.64,9.7,1784227105337,1784227102735
78.67,3.7,1784227105371,1784227102763
78.71,11.7,1784227105405,1784227102805
78.74,4.7,1784227105439,1784227102832
78.77,3.7,1784227105472,1784227102864
78.81,6.7,1784227105506,1784227102901
78.84,1.7,1784227105539,1784227102929
78.88,9.7,1784227105573,1784227102971
78.91,3.7,1784227105607,1784227102999
78.94,0.7,1784227105638,1784227103027
78.98,7.7,1784227105672,1784227103068
79.01,0.7,1784227105707,1784227103096
79.05,8.7,1784227105741,1784227103138
79.08,1.7,1784227105775,1784227103165
79.10,-2.3,1784227105808,1784227103194
79.15,4.7,1784227105843,1784227103236
79.17,1.7,1784227105874,1784227103264
79.22,8.7,1784227105908,1784227103305
79.24,2.7,1784227105942,1784227103333
79.29,11.7,1784227105977,1784227103377
79.31,4.7,1784227106010,1784227103403
79.34,-2.3,1784227106044,1784227103430
79.38,7.7,1784227106077,1784227103473
79.41,1.7,1784227106110,1784227103500
79.45,10.7,1784227106144,1784227103543
79.48,3.7,1784227106177,1784227103569
79.51,-3.3,1784227106212,1784227103597
79.55,6.7,1784227106244,1784227103639
79.58,-0.3,1784227106279,1784227103667
79.62,8.7,1784227106312,1784227103709
79.65,3.7,1784227106345,1784227103737
79.68,-1.3,1784227106379,1784227103766
79.72,5.7,1784227106413,1784227103807
79.74,0.7,1784227106446,1784227103835
79.79,6.7,1784227106481,1784227103876
79.81,1.7,1784227106514,1784227103904
79.84,-3.3,1784227106547,1784227103932
79.88,4.7,1784227106581,1784227103974
79.91,-1.3,1784227106614,1784227104001
79.95,8.7,1784227106647,1784227104044
79.98,2.7,1784227106680,1784227104071
80.01,-2.3,1784227106714,1784227104100
80.05,4.7,1784227106748,1784227104141
80.08,-2.3,1784227106783,1784227104169
80.12,4.7,1784227106817,1784227104210
80.15,-0.3,1784227106850,1784227104238
80.19,8.7,1784227106884,1784227104281
80.22,4.7,1784227106915,1784227104308
80.25,-2.3,1784227106950,1784227104336
80.29,6.7,1784227106983,1784227104378
80.32,-0.3,1784227107017,1784227104405
80.36,6.7,1784227107052,1784227104447
80.38,1.7,1784227107084,1784227104474
80.43,10.7,1784227107118,1784227104517
80.45,2.7,1784227107153,1784227104544
80.48,-2.3,1784227107186,1784227104572
80.53,10.7,1784227107218,1784227104617
80.55,0.7,1784227107253,1784227104642
80.59,10.7,1784227107285,1784227104684
80.62,3.6,1784227107320,1784227104712
80.65,-1.4,1784227107353,1784227104740
80.69,7.6,1784227107386,1784227104782
80.72,0.6,1784227107420,1784227104809
80.76,8.6,1784227107454,1784227104851
80.79,3.6,1784227107487,1784227104879
80.82,-2.4,1784227107521,1784227104907
80.86,5.6,1784227107555,1784227104949
80.89,-2.4,1784227107590,1784227104976
80.93,7.6,1784227107622,1784227105018
80.96,1.6,1784227107655,1784227105045
80.98,-2.4,1784227107688,1784227105074
81.03,7.6,1784227107721,1784227105117
81.05,-2.4,1784227107757,1784227105143
81.10,5.6,1784227107791,1784227105185
81.12,-0.4,1784227107825,1784227105213
81.16,9.6,1784227107857,1784227105255
81.19,2.6,1784227107891,1784227105282
81.22,-0.4,1784227107923,1784227105311
81.26,5.6,1784227107958,1784227105352
81.29,-0.4,1784227107992,1784227105380
81.33,7.6,1784227108026,1784227105422
81.36,1.6,1784227108060,1784227105450
81.39,-1.4,1784227108092,1784227105479
81.43,5.6,1784227108126,1784227105520
81.46,-0.4,1784227108159,1784227105547
81.50,8.6,1784227108193,1784227105590
81.53,1.6,1784227108227,1784227105617
81.57,8.6,1784227108261,1784227105658
81.60,3.6,1784227108294,1784227105686
81.62,-2.4,1784227108328,1784227105714
81.67,7.6,1784227108361,1784227105757
81.69,-0.4,1784227108396,1784227105784
81.74,9.6,1784227108428,1784227105826
81.76,3.6,1784227108462,1784227105854
81.81,10.6,1784227108496,1784227105895
81.83,4.6,1784227108531,1784227105924
81.86,0.6,1784227108562,1784227105951
81.90,8.6,1784227108596,1784227105993
81.93,2.6,1784227108630,1784227106021
81.96,-3.4,1784227108663,1784227106048
82.00,6.6,1784227108696,1784227106091
82.03,0.6,1784227108731,1784227106120
82.07,5.6,1784227108766,1784227106160
82.10,1.6,1784227108798,1784227106188
82.14,9.6,1784227108832,1784227106230
82.17,2.6,1784227108866,1784227106257
82.19,-2.4,1784227108899,1784227106285
82.24,6.6,1784227108932,1784227106327
82.26,-0.4,1784227108967,1784227106355
82.31,7.6,1784227109000,1784227106396
82.33,1.6,1784227109034,1784227106424
82.36,-2.4,1784227109067,1784227106453
82.40,5.6,1784227109100,1784227106494
82.43,-1.4,1784227109135,1784227106522
82.47,7.6,1784227109167,1784227106563
82.50,0.6,1784227109202,1784227106591
82.53,-2.4,1784227109235,1784227106621
82.57,3.6,1784227109269,1784227106661
82.60,0.6,1784227109301,1784227106690
82.64,8.5,1784227109335,1784227106732
82.67,1.5,1784227109368,1784227106758
82.71,7.5,1784227109403,1784227106799
82.74,2.5,1784227109437,1784227106828
82.77,-1.5,1784227109469,1784227106856
82.81,6.5,1784227109503,1784227106898
82.83,-0.5,1784227109537,1784227106925
82.88,8.5,1784227109571,1784227106968
82.90,2.5,1784227109604,1784227106995
82.95,9.5,1784227109639,1784227107037
82.97,6.5,1784227109670,1784227107065
83.00,-0.5,1784227109704,1784227107092
83.03,-2.5,1784227109738,1784227107124
83.07,1.5,1784227109772,1784227107162
83.11,8.5,1784227109806,1784227107203
83.14,3.5,1784227109840,1784227107232
83.17,-1.5,1784227109873,1784227107260
83.21,6.5,1784227109906,1784227107301
83.24,0.5,1784227109940,1784227107329
83.28,11.5,1784227109974,1784227107374
83.31,2.5,1784227110008,1784227107399
83.35,10.5,1784227110042,1784227107441
83.38,3.5,1784227110077,1784227107469
83.41,-0.5,1784227110108,1784227107496
83.45,9.5,1784227110141,1784227107539
83.48,2.5,1784227110175,1784227107566
83.52,9.5,1784227110210,1784227107608
83.56,20.5,1784227110241,1784227107650
83.57,-1.5,1784227110277,1784227107664
83.62,7.5,1784227110310,1784227107706
83.64,0.5,1784227110344,1784227107733
83.68,10.5,1784227110376,1784227107775
83.71,2.5,1784227110412,1784227107803
83.76,12.5,1784227110445,1784227107846
83.79,9.5,1784227110478,1784227107876
83.81,-0.5,1784227110512,1784227107900
83.85,5.5,1784227110547,1784227107941
83.88,2.5,1784227110579,1784227107970
83.92,9.5,1784227110613,1784227108011
83.95,4.5,1784227110646,1784227108039
83.98,0.5,1784227110678,1784227108067
84.02,8.5,1784227110712,1784227108109
84.05,0.5,1784227110748,1784227108137
84.09,10.5,1784227110780,1784227108179
84.12,4.5,1784227110814,1784227108207
84.14,-1.5,1784227110847,1784227108234
84.19,4.5,1784227110882,1784227108275
84.21,0.5,1784227110915,1784227108304
84.26,9.5,1784227110948,1784227108346
84.29,3.5,1784227110984,1784227108376
84.33,11.5,1784227111016,1784227108416
84.35,3.5,1784227111050,1784227108442
84.38,-0.5,1784227111083,1784227108471
84.42,6.5,1784227111117,1784227108512
84.45,0.5,1784227111151,1784227108540
84.49,9.5,1784227111184,1784227108582
84.52,5.5,1784227111216,1784227108610
84.56,11.5,1784227111251,1784227108651
84.59,7.5,1784227111284,1784227108680
84.62,1.4,1784227111317,1784227108707
84.66,9.4,1784227111352,1784227108750
84.69,2.4,1784227111385,1784227108776
84.72,-3.6,1784227111420,1784227108805
84.76,5.4,1784227111452,1784227108846
84.79,0.4,1784227111486,1784227108875
84.83,8.4,1784227111519,1784227108916
84.85,2.4,1784227111553,1784227108944
84.90,10.4,1784227111587,1784227108986
84.92,5.4,1784227111620,1784227109014
84.95,-0.6,1784227111654,1784227109042
84.99,8.4,1784227111686,1784227109083
85.02,3.4,1784227111719,1784227109111
85.06,10.4,1784227111755,1784227109154
85.09,4.4,1784227111788,1784227109181
85.12,-1.6,1784227111821,1784227109208
85.16,5.4,1784227111856,1784227109250
85.19,1.4,1784227111888,1784227109278
85.23,8.4,1784227111923,1784227109320
85.26,4.4,1784227111955,1784227109348
85.29,-0.6,1784227111990,1784227109378
85.33,5.4,1784227112024,1784227109418
85.35,-2.6,1784227112058,1784227109444
85.40,7.4,1784227112091,1784227109487
85.42,1.4,1784227112124,1784227109514
85.47,10.4,1784227112158,1784227109557
85.49,4.4,1784227112191,1784227109584
85.52,-0.6,1784227112224,1784227109612
85.56,6.4,1784227112259,1784227109654
85.59,1.4,1784227112292,1784227109682
85.63,9.4,1784227112326,1784227109724
85.66,3.4,1784227112359,1784227109751
85.69,-1.6,1784227112393,1784227109780
85.73,4.4,1784227112427,1784227109820
85.76,-0.6,1784227112461,1784227109849
85.79,-1.6,1784227112492,1784227109879
85.83,4.4,1784227112526,1784227109919
85.86,-2.6,1784227112560,1784227109946
85.90,4.4,1784227112595,1784227109988
85.93,-0.6,1784227112628,1784227110016
85.97,6.4,1784227112663,1784227110058
85.99,1.4,1784227112695,1784227110085
86.02,-1.6,1784227112727,1784227110114
86.07,5.4,1784227112762,1784227110156
86.11,11.4,1784227112796,1784227110196
86.13,8.4,1784227112829,1784227110226
86.16,0.4,1784227112863,1784227110252
86.20,7.4,1784227112899,1784227110295
86.23,2.4,1784227112931,1784227110322
86.26,-3.6,1784227112965,1784227110350
86.30,5.4,1784227112997,1784227110391
86.33,-0.6,1784227113032,1784227110420
86.37,5.4,1784227113067,1784227110461
86.40,1.4,1784227113100,1784227110490
86.44,8.4,1784227113134,1784227110531
86.47,3.4,1784227113166,1784227110558
86.50,-2.6,1784227113200,1784227110586
86.54,9.4,1784227113233,1784227110631
86.57,1.4,1784227113266,1784227110656
86.59,-3.6,1784227113299,1784227110684
86.64,3.4,1784227113334,1784227110726
86.66,-0.6,1784227113367,1784227110755
86.71,7.4,1784227113400,1784227110796
86.73,1.4,1784227113434,1784227110824
86.78,8.4,1784227113468,1784227110865
86.80,2.4,1784227113501,1784227110892
86.83,-0.6,1784227113534,1784227110922
86.87,4.4,1784227113569,1784227110962
86.90,-0.6,1784227113602,1784227110990
86.94,9.4,1784227113635,1784227111033
86.97,3.4,1784227113669,1784227111061
87.00,-2.6,1784227113703,1784227111089
87.04,7.4,1784227113735,1784227111131
87.07,-1.6,1784227113770,1784227111157
87.11,8.4,1784227113804,1784227111201
87.14,2.4,1784227113836,1784227111227
87.18,9.4,1784227113871,1784227111269
87.21,3.4,1784227113904,1784227111296
87.24,-2.6,1784227113939,1784227111325
87.28,7.4,1784227113971,1784227111367
87.31,0.4,1784227114006,1784227111395
87.35,8.4,1784227114038,1784227111435
87.37,2.4,1784227114073,1784227111464
87.40,-3.6,1784227114106,1784227111491
87.44,5.4,1784227114140,1784227111534
87.47,-1.6,1784227114174,1784227111561
87.51,6.4,1784227114208,1784227111603
87.54,3.4,1784227114240,1784227111632
87.58,9.4,1784227114275,1784227111673
87.61,3.4,1784227114308,1784227111700
87.64,-1.6,1784227114341,1784227111728
87.68,6.4,1784227114375,1784227111770
87.71,1.4,1784227114408,1784227111798
87.75,9.4,1784227114442,1784227111840
87.78,2.4,1784227114476,1784227111867
87.81,2.4,1784227114509,1784227111900
87.85,8.4,1784227114542,1784227111939
87.88,2.4,1784227114575,1784227111966
87.92,8.4,1784227114610,1784227112007
87.95,2.4,1784227114644,1784227112035
87.99,8.4,1784227114679,1784227112076
88.01,6.4,1784227114710,1784227112105
88.04,-0.6,1784227114744,1784227112132
88.08,8.4,1784227114777,1784227112174
88.11,1.4,1784227114811,1784227112201
88.15,9.4,1784227114845,1784227112243
88.18,5.4,1784227114878,1784227112272
88.21,0.4,1784227114911,1784227112300
88.25,6.4,1784227114946,1784227112341
88.28,0.4,1784227114979,1784227112368
88.31,-1.6,1784227115013,1784227112400
88.35,5.4,1784227115045,1784227112439
88.38,-2.6,1784227115080,1784227112466
88.42,5.4,1784227115114,1784227112508
88.44,-0.6,1784227115147,1784227112535
88.49,8.4,1784227115181,1784227112578
88.52,2.4,1784227115214,1784227112605
88.54,-2.6,1784227115248,1784227112634
88.58,3.4,1784227115282,1784227112674
88.61,-0.6,1784227115315,1784227112703
88.65,5.4,1784227115350,1784227112744
88.68,1.4,1784227115383,1784227112773
88.72,9.4,1784227115416,1784227112814
88.75,4.4,1784227115449,1784227112842
88.78,-1.6,1784227115483,1784227112870
88.82,4.4,1784227115518,1784227112911
88.85,0.4,1784227115550,1784227112939
88.89,8.4,1784227115583,1784227112980
88.92,2.4,1784227115618,1784227113009
88.95,-4.6,1784227115652,1784227113036
88.99,4.4,1784227115685,1784227113078
89.02,-0.6,1784227115718,1784227113106
89.06,12.4,1784227115750,1784227113151
89.09,0.4,1784227115786,1784227113175
89.13,9.4,1784227115820,1784227113218
89.15,3.4,1784227115853,1784227113245
89.18,-0.6,1784227115886,1784227113274
89.22,4.4,1784227115921,1784227113314
89.25,0.4,1784227115954,1784227113343
89.29,9.4,1784227115987,1784227113385
89.32,1.4,1784227116021,1784227113411
89.35,-2.6,1784227116054,1784227113440
89.39,5.4,1784227116088,1784227113482
89.42,-0.6,1784227116122,1784227113510
89.46,7.4,1784227116156,1784227113552
89.49,2.4,1784227116189,1784227113580
89.52,-0.6,1784227116221,1784227113609
89.56,10.4,1784227116256,1784227113655
89.59,6.4,1784227116289,1784227113684
89.64,14.4,1784227116323,1784227113726
89.67,10.4,1784227116357,1784227113756
89.70,7.4,1784227116390,1784227113786
89.73,4.4,1784227116424,1784227113817
89.75,-2.6,1784227116458,1784227113844
89.79,3.4,1784227116491,1784227113883
89.84,14.4,1784227116525,1784227113928
89.87,7.4,1784227116559,1784227113955
89.89,-0.6,1784227116593,1784227113981
89.92,-2.6,1784227116627,1784227114013
89.96,6.4,1784227116659,1784227114054
89.99,-0.6,1784227116693,1784227114081
90.04,10.4,1784227116727,1784227114126
90.06,4.4,1784227116759,1784227114152
90.10,8.4,1784227116793,1784227114190
90.13,3.4,1784227116827,1784227114219
90.16,-3.6,1784227116861,1784227114246
90.20,6.4,1784227116894,1784227114289
90.23,-0.6,1784227116928,1784227114316
90.27,9.4,1784227116961,1784227114359
90.30,3.4,1784227116995,1784227114387
90.32,-2.6,1784227117028,1784227114414
90.37,3.4,1784227117064,1784227114456
90.39,-0.6,1784227117096,1784227114484
90.44,8.4,1784227117129,1784227114526
90.46,2.4,1784227117163,1784227114554
90.49,-3.6,1784227117197,1784227114582
90.53,5.4,1784227117230,1784227114624
90.56,-0.6,1784227117265,1784227114653
90.60,6.4,1784227117298,1784227114693
90.63,1.4,1784227117331,1784227114721
90.67,9.4,1784227117366,1784227114764
90.70,2.4,1784227117399,1784227114790
90.74,9.4,1784227117434,1784227114832
90.77,4.4,1784227117467,1784227114860
90.80,-0.6,1784227117500,1784227114888
90.84,8.4,1784227117533,1784227114930
90.87,1.4,1784227117568,1784227114958
90.90,-2.6,1784227117600,1784227114986
90.94,3.4,1784227117635,1784227115027
90.97,-1.6,1784227117669,1784227115056
91.01,5.4,1784227117703,1784227115097
91.03,2.4,1784227117734,1784227115125
91.07,-0.6,1784227117768,1784227115156
91.10,2.4,1784227117802,1784227115193
91.13,-1.6,1784227117835,1784227115222
91.17,6.4,1784227117869,1784227115264
91.20,-1.6,1784227117904,1784227115291
91.24,8.4,1784227117936,1784227115333
91.27,1.4,1784227117971,1784227115361
91.32,14.4,1784227118004,1784227115407
91.34,5.4,1784227118036,1784227115430
91.37,-1.6,1784227118071,1784227115458
91.40,-4.6,1784227118103,1784227115487
91.44,2.4,1784227118138,1784227115529
91.47,-0.6,1784227118171,1784227115559
91.51,4.4,1784227118204,1784227115597
91.54,-1.6,1784227118239,1784227115626
91.57,-2.6,1784227118272,1784227115658
91.61,2.4,1784227118306,1784227115697
91.66,21.4,1784227118342,1784227115752
91.68,3.4,1784227118373,1784227115765
91.70,-3.6,1784227118407,1784227115792
91.75,8.4,1784227118440,1784227115837
91.77,-0.6,1784227118474,1784227115862
91.82,11.4,1784227118508,1784227115908
91.84,2.4,1784227118542,1784227115933
91.88,10.4,1784227118576,1784227115975
91.93,18.4,1784227118609,1784227116016
91.95,5.4,1784227118643,1784227116037
91.98,8.4,1784227118676,1784227116073
92.03,19.4,1784227118710,1784227116118
92.05,10.4,1784227118742,1784227116141
92.08,5.4,1784227118776,1784227116170
92.11,-0.6,1784227118809,1784227116197
92.15,7.4,1784227118842,1784227116238
92.18,1.4,1784227118875,1784227116265
92.22,9.4,1784227118909,1784227116307
92.25,4.4,1784227118943,1784227116336
92.27,-2.6,1784227118978,1784227116364
92.32,5.4,1784227119012,1784227116406
92.34,-0.6,1784227119045,1784227116433
92.39,7.4,1784227119079,1784227116475
92.41,3.4,1784227119111,1784227116503
92.44,-2.6,1784227119145,1784227116531
92.48,3.4,1784227119180,1784227116572
92.51,-2.6,1784227119213,1784227116599
92.55,7.4,1784227119246,1784227116642
92.58,1.4,1784227119280,1784227116670
92.62,9.4,1784227119314,1784227116712
92.65,2.4,1784227119349,1784227116740
92.69,9.4,1784227119383,1784227116781
92.72,3.4,1784227119417,1784227116809
92.75,-0.6,1784227119449,1784227116837
92.79,9.4,1784227119482,1784227116880
92.82,1.4,1784227119516,1784227116906
92.86,11.4,1784227119549,1784227116949
92.89,4.4,1784227119583,1784227116976
92.91,-0.6,1784227119617,1784227117005
92.95,5.4,1784227119651,1784227117045
92.98,0.4,1784227119685,1784227117074
93.03,8.4,1784227119718,1784227117115
93.05,5.4,1784227119750,1784227117144
93.08,0.4,1784227119783,1784227117172
93.12,7.4,1784227119818,1784227117214
93.15,2.4,1784227119851,1784227117242
93.19,9.4,1784227119885,1784227117283
93.22,3.4,1784227119918,1784227117310
93.25,-2.6,1784227119952,1784227117338
93.29,5.4,1784227119986,1784227117380
93.32,-1.6,1784227120020,1784227117407
93.36,9.4,1784227120053,1784227117451
93.39,4.4,1784227120086,1784227117479
93.42,-2.6,1784227120120,1784227117506
93.46,6.4,1784227120153,1784227117548
93.48,-0.6,1784227120187,1784227117575
93.53,9.4,1784227120220,1784227117618
93.55,2.4,1784227120253,1784227117644
93.60,12.4,1784227120287,1784227117688
93.62,4.4,1784227120321,1784227117714
93.65,-1.6,1784227120355,1784227117742
93.69,6.4,1784227120390,1784227117785
93.72,3.4,1784227120421,1784227117813
93.75,-4.6,1784227120455,1784227117839
93.79,3.4,1784227120489,1784227117881
93.82,-0.6,1784227120523,1784227117911
93.86,7.4,1784227120556,1784227117952
93.89,-0.6,1784227120591,1784227117979
93.93,8.4,1784227120624,1784227118021
93.96,2.4,1784227120657,1784227118048
93.99,-4.6,1784227120691,1784227118075
94.03,4.4,1784227120725,1784227118118
94.06,-1.6,1784227120758,1784227118145
94.10,7.4,1784227120792,1784227118188
94.12,0.4,1784227120826,1784227118215
94.17,10.4,1784227120859,1784227118258
94.20,4.4,1784227120892,1784227118285
94.22,-1.6,1784227120926,1784227118313
94.26,6.4,1784227120960,1784227118355
94.29,0.4,1784227120994,1784227118383
94.33,10.4,1784227121026,1784227118425
94.36,1.4,1784227121062,1784227118452
94.39,-2.6,1784227121093,1784227118479
94.43,5.4,1784227121128,1784227118522
94.46,-1.6,1784227121163,1784227118550
94.50,6.4,1784227121196,1784227118591
94.53,3.4,1784227121228,1784227118620
94.56,-2.6,1784227121262,1784227118648
94.60,4.4,1784227121296,1784227118689
94.63,0.4,1784227121329,1784227118718
94.67,7.5,1784227121363,1784227118759
94.70,1.5,1784227121396,1784227118786
94.72,-3.5,1784227121429,1784227118814
94.77,3.5,1784227121464,1784227118856
94.79,-2.5,1784227121498,1784227118884
94.84,5.5,1784227121531,1784227118925
94.86,0.5,1784227121565,1784227118954
94.90,8.5,1784227121598,1784227118995
94.93,2.5,1784227121632,1784227119023
94.96,-1.5,1784227121664,1784227119051
95.00,3.5,1784227121700,1784227119092
95.03,-1.5,1784227121734,1784227119121
95.07,10.5,1784227121766,1784227119165
95.10,3.5,1784227121798,1784227119190
95.13,-2.5,1784227121833,1784227119219
95.17,5.5,1784227121866,1784227119260
95.20,0.5,1784227121900,1784227119289
95.24,5.5,1784227121935,1784227119329
95.27,1.5,1784227121968,1784227119358
95.30,-2.5,1784227122001,1784227119387
95.35,18.5,1784227122035,1784227119442
95.36,-2.5,1784227122069,1784227119455
95.41,5.5,1784227122102,1784227119496
95.43,0.5,1784227122136,1784227119525
95.48,7.5,1784227122169,1784227119565
95.50,2.5,1784227122203,1784227119594
95.53,-4.5,1784227122237,1784227119621
95.58,8.5,1784227122270,1784227119667
95.60,-2.5,1784227122305,1784227119691
95.64,8.5,1784227122336,1784227119733
95.67,-0.5,1784227122372,1784227119760
95.71,9.5,1784227122406,1784227119804
95.74,2.5,1784227122439,1784227119830
95.77,-1.5,1784227122472,1784227119859
95.81,5.5,1784227122506,1784227119900
95.84,1.5,1784227122539,1784227119929
95.88,8.5,1784227122573,1784227119970
95.91,1.5,1784227122608,1784227119998
95.95,11.5,1784227122641,1784227120041
95.98,3.5,1784227122675,1784227120067
96.01,-1.5,1784227122708,1784227120095
96.05,8.5,1784227122741,1784227120138
96.08,5.5,1784227122773,1784227120167
96.10,-3.5,1784227122807,1784227120192
96.14,5.5,1784227122841,1784227120235
96.17,-1.5,1784227122875,1784227120262
96.21,8.5,1784227122908,1784227120305
96.24,2.5,1784227122941,1784227120332
96.28,10.5,1784227122976,1784227120375
96.31,3.5,1784227123009,1784227120401
96.34,-1.5,1784227123042,1784227120429
96.38,5.5,1784227123077,1784227120471
96.41,1.5,1784227123109,1784227120499
96.45,7.5,1784227123144,1784227120540
96.48,3.5,1784227123177,1784227120569
96.51,-4.5,1784227123212,1784227120596
96.55,5.5,1784227123245,1784227120639
96.58,0.5,1784227123278,1784227120667
96.62,8.5,1784227123311,1784227120708
96.65,1.6,1784227123345,1784227120735
96.67,-3.4,1784227123379,1784227120764
96.72,2.6,1784227123414,1784227120805
96.74,-2.4,1784227123447,1784227120833
96.78,6.6,1784227123480,1784227120875
96.82,3.6,1784227123514,1784227120906
96.85,8.6,1784227123548,1784227120945
96.88,5.6,1784227123581,1784227120975
96.91,-1.4,1784227123615,1784227121002
96.95,5.6,1784227123649,1784227121043
96.98,-0.4,1784227123682,1784227121070
97.02,7.6,1784227123716,1784227121112
97.05,3.6,1784227123750,1784227121142
97.08,-1.4,1784227123781,1784227121168
97.12,6.6,1784227123814,1784227121209
97.15,0.6,1784227123848,1784227121237
97.19,7.6,1784227123883,1784227121279
97.22,2.6,1784227123916,1784227121307
97.24,-3.4,1784227123949,1784227121334
97.29,4.6,1784227123983,1784227121376
97.31,-1.4,1784227124017,1784227121404
97.36,7.6,1784227124050,1784227121446
97.38,1.6,1784227124084,1784227121474
97.42,8.6,1784227124118,1784227121515
97.45,2.6,1784227124152,1784227121543
97.48,-2.4,1784227124185,1784227121571
97.52,5.6,1784227124219,1784227121613
97.55,-0.4,1784227124252,1784227121640
97.59,8.6,1784227124285,1784227121682
97.62,2.6,1784227124320,1784227121711
97.65,-4.4,1784227124353,1784227121737
97.69,3.6,1784227124388,1784227121780
97.72,-3.4,1784227124422,1784227121807
97.76,6.6,1784227124455,1784227121850
97.79,0.6,1784227124488,1784227121877
97.83,7.6,1784227124523,1784227121919
97.86,2.6,1784227124555,1784227121946
97.88,-3.4,1784227124589,1784227121974
97.93,2.6,1784227124624,1784227122015
97.95,-0.4,1784227124657,1784227122045
98.00,10.6,1784227124690,1784227122089
98.03,9.6,1784227124724,1784227122122
98.05,-0.4,1784227124757,1784227122145
98.10,11.6,1784227124789,1784227122189
98.12,3.6,1784227124822,1784227122214
98.15,-3.4,1784227124857,1784227122242
98.18,-3.4,1784227124890,1784227122275
98.22,-2.4,1784227124923,1784227122309
98.26,5.6,1784227124957,1784227122351
98.29,-1.4,1784227124992,1784227122379
98.33,7.6,1784227125025,1784227122421
98.36,0.6,1784227125059,1784227122448
98.40,8.6,1784227125092,1784227122489
98.43,3.6,1784227125126,1784227122518
98.45,-2.4,1784227125159,1784227122545
98.50,5.6,1784227125193,1784227122587
98.52,-0.4,1784227125227,1784227122615
98.57,7.6,1784227125261,1784227122657
98.60,3.6,1784227125293,1784227122685
98.62,-2.4,1784227125326,1784227122712
98.66,5.6,1784227125361,1784227122755
98.69,-1.4,1784227125395,1784227122782
98.73,7.6,1784227125428,1784227122824
98.76,2.6,1784227125461,1784227122852
98.79,-2.4,1784227125494,1784227122880
98.83,4.6,1784227125529,1784227122922
98.86,0.6,1784227125562,1784227122951
98.90,6.6,1784227125596,1784227122991
98.93,1.6,1784227125629,1784227123019
98.97,9.6,1784227125663,1784227123061
99.00,3.6,1784227125697,1784227123089
99.03,-1.4,1784227125730,1784227123117
99.07,5.6,1784227125764,1784227123158
99.10,2.6,1784227125797,1784227123188
99.14,8.6,1784227125830,1784227123227
99.17,1.6,1784227125865,1784227123255
99.19,-2.4,1784227125898,1784227123284
99.23,3.6,1784227125933,1784227123325
99.26,-0.4,1784227125966,1784227123354
99.30,5.6,1784227126001,1784227123395
99.33,-1.4,1784227126036,1784227123423
99.37,9.6,1784227126067,1784227123465
99.40,5.6,1784227126099,1784227123493
99.43,-2.4,1784227126134,1784227123520
99.47,6.6,1784227126167,1784227123562
99.50,1.6,1784227126200,1784227123590
99.54,7.6,1784227126235,1784227123631
99.57,3.6,1784227126268,1784227123660
99.60,-3.4,1784227126301,1784227123686
99.64,5.6,1784227126335,1784227123729
99.67,-0.4,1784227126369,1784227123757
99.71,7.6,1784227126403,1784227123799
99.74,2.6,1784227126436,1784227123827
99.76,-2.4,1784227126469,1784227123855
99.81,4.6,1784227126503,1784227123896
99.83,-0.4,1784227126536,1784227123924
99.86,-3.4,1784227126570,1784227123955
99.91,8.6,1784227126604,1784227124001
99.94,3.6,1784227126639,1784227124031
99.98,10.6,1784227126674,1784227124073
100.01,8.6,1784227126706,1784227124103
100.04,2.6,1784227126739,1784227124130
100.07,-2.4,1784227126773,1784227124159
100.10,-2.4,1784227126805,1784227124191
100.14,3.6,1784227126838,1784227124230
100.17,-4.4,1784227126873,1784227124257
100.21,3.6,1784227126907,1784227124299
100.24,-1.4,1784227126940,1784227124327
100.28,6.6,1784227126974,1784227124369
100.31,2.6,1784227127007,1784227124398
100.35,12.6,1784227127041,1784227124442
100.38,1.6,1784227127076,1784227124466
100.40,-1.4,1784227127108,1784227124495
100.45,5.6,1784227127141,1784227124535
100.47,0.6,1784227127175,1784227124564
100.52,7.6,1784227127209,1784227124605
100.54,2.6,1784227127243,1784227124634
100.57,-3.4,1784227127277,1784227124662
100.61,4.6,1784227127311,1784227124704
100.64,-2.4,1784227127344,1784227124730
100.68,9.6,1784227127376,1784227124774
100.71,0.6,1784227127412,1784227124801
100.75,8.6,1784227127445,1784227124842
100.78,3.6,1784227127478,1784227124870
100.81,-2.4,1784227127512,1784227124898
100.85,9.6,1784227127545,1784227124943
100.88,0.6,1784227127580,1784227124969
100.92,9.6,1784227127613,1784227125011
100.95,2.6,1784227127647,1784227125038
100.99,11.6,1784227127680,1784227125080
101.02,4.6,1784227127714,1784227125107
101.05,-0.4,1784227127747,1784227125135
101.09,7.6,1784227127781,1784227125177
101.11,2.6,1784227127813,1784227125204
101.14,-2.4,1784227127847,1784227125233
101.18,4.6,1784227127881,1784227125274
101.21,-1.4,1784227127915,1784227125302
101.25,7.6,1784227127947,1784227125343
101.28,2.6,1784227127981,1784227125372
101.31,-4.4,1784227128015,1784227125399
101.35,8.6,1784227128048,1784227125445
101.38,-1.4,1784227128082,1784227125469
101.42,5.6,1784227128116,1784227125510
101.45,-0.4,1784227128149,1784227125537
101.49,9.6,1784227128182,1784227125580
101.52,3.6,1784227128216,1784227125608
101.55,-3.4,1784227128250,1784227125635
101.59,4.6,1784227128285,1784227125678
101.61,-0.4,1784227128317,1784227125705
101.66,6.6,1784227128351,1784227125746
101.68,0.6,1784227128386,1784227125775
101.73,10.6,1784227128418,1784227125817
101.75,3.6,1784227128453,1784227125845
101.78,-3.4,1784227128487,1784227125872
101.82,6.6,1784227128520,1784227125915
101.85,3.6,1784227128553,1784227125945
101.89,7.6,1784227128587,1784227125983
101.92,2.6,1784227128621,1784227126012
101.96,10.6,1784227128655,1784227126054
101.99,4.6,1784227128688,1784227126081
102.02,-1.4,1784227128722,1784227126109
102.06,6.6,1784227128756,1784227126151
102.09,1.6,1784227128789,1784227126179
102.13,8.6,1784227128823,1784227126220
102.16,4.6,1784227128856,1784227126249
102.19,-1.4,1784227128889,1784227126276
102.23,6.6,1784227128923,1784227126318
102.26,0.6,1784227128957,1784227126346
102.28,-3.4,1784227128989,1784227126374
102.32,3.6,1784227129023,1784227126415
102.36,1.6,1784227129056,1784227126446
102.40,5.6,1784227129091,1784227126485
102.42,0.6,1784227129124,1784227126513
102.46,9.6,1784227129157,1784227126555
102.49,2.6,1784227129191,1784227126582
102.52,-3.4,1784227129225,1784227126610
102.56,4.6,1784227129259,1784227126652
102.59,-0.4,1784227129292,1784227126680
102.63,7.6,1784227129326,1784227126722
102.66,2.6,1784227129359,1784227126750
102.70,8.6,1784227129394,1784227126791
102.73,2.6,1784227129428,1784227126819
102.76,-1.4,1784227129461,1784227126848
102.80,5.6,1784227129495,1784227126889
102.83,0.6,1784227129528,1784227126917
102.86,-3.4,1784227129562,1784227126947
102.90,0.6,1784227129597,1784227126986
102.94,10.6,1784227129629,1784227127028
102.97,5.6,1784227129662,1784227127056
102.99,-1.4,1784227129696,1784227127083
103.04,8.6,1784227129729,1784227127126
103.06,2.6,1784227129763,1784227127154
103.11,10.6,1784227129798,1784227127197
103.13,5.6,1784227129829,1784227127223
103.16,-0.4,1784227129862,1784227127250
103.20,5.6,1784227129897,1784227127291
103.23,0.6,1784227129931,1784227127320
103.27,8.6,1784227129964,1784227127361
103.30,3.6,1784227129998,1784227127390
103.33,-1.4,1784227130031,1784227127418
103.37,5.6,1784227130065,1784227127459
103.40,0.6,1784227130098,1784227127487
103.44,9.6,1784227130131,1784227127529
103.47,2.6,1784227130165,1784227127556
103.49,-3.4,1784227130199,1784227127584
103.54,4.6,1784227130233,1784227127626
103.56,0.6,1784227130266,1784227127655
103.61,6.6,1784227130300,1784227127695
103.63,1.6,1784227130334,1784227127724
103.66,-2.4,1784227130366,1784227127752
103.70,3.6,1784227130401,1784227127793
103.73,-2.4,1784227130435,1784227127821
103.77,7.6,1784227130468,1784227127864
103.80,1.6,1784227130501,1784227127891
103.84,8.6,1784227130535,1784227127932
103.87,4.6,1784227130569,1784227127962
103.90,-3.4,1784227130603,1784227127988
103.94,6.6,1784227130636,1784227128031
103.97,-1.4,1784227130671,1784227128058
104.01,7.6,1784227130704,1784227128100
104.04,1.6,1784227130738,1784227128128
104.08,8.6,1784227130773,1784227128170
104.11,3.6,1784227130805,1784227128197
104.13,-0.4,1784227130837,1784227128225
104.18,8.6,1784227130870,1784227128267
104.21,1.6,1784227130905,1784227128295
104.23,-2.4,1784227130937,1784227128323
104.27,4.6,1784227130972,1784227128365
104.30,-2.4,1784227131006,1784227128392
104.34,6.6,1784227131039,1784227128434
104.37,1.6,1784227131073,1784227128463
104.40,-4.4,1784227131106,1784227128490
104.44,2.6,1784227131140,1784227128531
104.47,-2.4,1784227131173,1784227128559
104.51,5.6,1784227131207,1784227128601
104.54,0.6,1784227131240,1784227128629
104.58,8.6,1784227131274,1784227128671
104.62,18.6,1784227131308,1784227128715
104.64,-4.4,1784227131342,1784227128726
104.68,5.7,1784227131375,1784227128769
104.71,-2.3,1784227131409,1784227128795
104.75,7.7,1784227131443,1784227128839
104.78,-0.3,1784227131478,1784227128866
104.80,-4.3,1784227131510,1784227128894
104.85,4.7,1784227131543,1784227128936
104.87,-1.3,1784227131577,1784227128964
104.91,5.7,1784227131611,1784227129005
104.94,0.7,1784227131644,1784227129033
104.98,8.7,1784227131678,1784227129075
105.01,1.7,1784227131713,1784227129103
105.05,8.7,1784227131747,1784227129144
105.08,5.7,1784227131778,1784227129172
105.11,-0.3,1784227131812,1784227129200
105.14,-3.3,1784227131846,1784227129231
105.18,-4.3,1784227131885,1784227129269
105.22,10.7,1784227131913,1784227129312
105.25,5.7,1784227131946,1784227129340
105.28,-1.3,1784227131980,1784227129367
105.32,7.7,1784227132013,1784227129409
105.35,0.7,1784227132048,1784227129437
105.39,9.7,1784227132081,1784227129479
105.42,4.7,1784227132113,1784227129506
105.44,-1.3,1784227132147,1784227129534
105.49,6.7,1784227132181,1784227129576
105.51,1.7,1784227132214,1784227129604
105.56,9.7,1784227132248,1784227129646
105.58,4.7,1784227132281,1784227129674
105.61,-2.3,1784227132315,1784227129701
105.65,5.7,1784227132348,1784227129742
105.68,0.7,1784227132382,1784227129771
105.72,7.7,1784227132417,1784227129813
105.75,1.7,1784227132450,1784227129840
105.79,9.7,1784227132484,1784227129882
105.82,3.7,1784227132518,1784227129910
105.85,-2.3,1784227132552,1784227129938
105.89,6.7,1784227132586,1784227129981
105.92,-1.3,1784227132619,1784227130006
105.96,8.7,1784227132653,1784227130050
105.99,1.7,1784227132686,1784227130076
106.01,-4.3,1784227132720,1784227130104
106.06,3.7,1784227132754,1784227130146
106.08,-1.3,1784227132787,1784227130174
106.13,7.7,1784227132820,1784227130216
106.15,1.7,1784227132853,1784227130243
106.18,-2.3,1784227132886,1784227130272
106.22,5.7,1784227132920,1784227130314
106.25,-1.3,1784227132954,1784227130341
106.29,7.7,1784227132988,1784227130384
106.32,0.7,1784227133021,1784227130410
106.36,8.7,1784227133055,1784227130452
106.39,3.7,1784227133088,1784227130480
106.42,-2.3,1784227133122,1784227130508
106.46,5.7,1784227133156,1784227130550
106.49,-0.3,1784227133190,1784227130578
106.53,7.7,1784227133223,1784227130619
106.56,3.7,1784227133256,1784227130648
106.59,-4.3,1784227133291,1784227130675
106.63,3.7,1784227133324,1784227130716
106.65,0.7,1784227133356,1784227130745
106.70,6.7,1784227133391,1784227130786
106.72,1.7,1784227133425,1784227130815
106.77,8.7,1784227133459,1784227130856
106.79,0.7,1784227133494,1784227130883
106.82,-2.3,1784227133526,1784227130912
106.86,6.7,1784227133559,1784227130954
106.89,-1.3,1784227133594,1784227130981
106.93,6.7,1784227133628,1784227131023
106.96,1.7,1784227133661,1784227131051
107.00,8.7,1784227133696,1784227131093
107.03,3.7,1784227133729,1784227131121
107.06,-2.3,1784227133761,1784227131147
107.10,8.7,1784227133794,1784227131191
107.13,1.7,1784227133828,1784227131218
107.16,-3.3,1784227133861,1784227131246
107.20,5.7,1784227133893,1784227131287
107.22,-2.3,1784227133929,1784227131315
107.27,7.7,1784227133961,1784227131357
107.29,1.7,1784227133995,1784227131385
107.34,8.7,1784227134029,1784227131426
107.36,3.7,1784227134063,1784227131455
107.39,-1.3,1784227134096,1784227131483
107.43,5.7,1784227134130,1784227131524
107.46,-1.3,1784227134164,1784227131551
107.50,7.7,1784227134197,1784227131593
107.53,1.7,1784227134231,1784227131621
107.56,-3.3,1784227134264,1784227131649
107.60,4.7,1784227134298,1784227131691
107.63,-0.3,1784227134331,1784227131719
107.67,7.7,1784227134364,1784227131760
107.70,2.7,1784227134398,1784227131789
107.74,8.7,1784227134433,1784227131830
107.77,2.7,1784227134467,1784227131858
107.80,-1.3,1784227134499,1784227131886
107.84,6.7,1784227134533,1784227131928
107.87,0.7,1784227134567,1784227131956
107.90,-4.3,1784227134601,1784227131985
107.93,1.7,1784227134635,1784227132025
107.96,-3.3,1784227134668,1784227132053
108.00,6.7,1784227134700,1784227132095
108.03,-0.3,1784227134735,1784227132123
108.07,7.7,1784227134769,1784227132165
108.10,0.7,1784227134802,1784227132191
108.14,10.7,1784227134835,1784227132234
108.17,4.7,1784227134868,1784227132261
108.20,-0.3,1784227134902,1784227132290
108.24,6.7,1784227134936,1784227132331
108.27,0.7,1784227134970,1784227132359
108.31,8.7,1784227135003,1784227132400
108.34,2.7,1784227135038,1784227132429
108.37,-3.3,1784227135071,1784227132456
108.41,5.7,1784227135105,1784227132499
108.44,-2.3,1784227135139,1784227132525
108.46,-3.3,1784227135170,1784227132555
108.51,1.7,1784227135205,1784227132595
108.55,10.7,1784227135239,1784227132638
108.57,3.7,1784227135273,1784227132665
108.60,0.7,1784227135305,1784227132694
108.65,7.7,1784227135339,1784227132735
108.67,0.8,1784227135373,1784227132762
108.71,9.8,1784227135407,1784227132805
108.74,2.8,1784227135440,1784227132831
108.77,-2.2,1784227135474,1784227132860
108.81,4.8,1784227135508,1784227132901
108.84,1.8,1784227135541,1784227132931
108.88,7.8,1784227135575,1784227132971
108.91,1.8,1784227135609,1784227132999
108.94,-3.2,1784227135642,1784227133027
108.98,4.8,1784227135676,1784227133069
109.01,-1.2,1784227135710,1784227133097
109.05,5.8,1784227135744,1784227133138
109.08,-0.2,1784227135779,1784227133167
109.12,9.8,1784227135811,1784227133209
109.15,9.8,1784227135844,1784227133242
109.22,49.8,1784227135876,1784227133314
109.22,16.8,1784227135910,1784227133315
109.25,5.8,1784227135945,1784227133339
109.28,7.8,1784227135978,1784227133374
109.32,5.8,1784227136011,1784227133405
109.35,8.8,1784227136045,1784227133442
109.42,38.8,1784227136079,1784227133506
109.42,5.8,1784227136112,1784227133506
109.45,6.8,1784227136145,1784227133540
109.58,104.8,1784227136179,1784227133672
109.58,70.8,1784227136213,1784227133672
109.58,37.8,1784227136246,1784227133672
109.58,4.8,1784227136279,1784227133672
109.71,95.8,1784227136314,1784227133798
109.71,62.8,1784227136347,1784227133798
109.71,28.8,1784227136381,1784227133798
109.76,44.8,1784227136414,1784227133847
109.76,10.8,1784227136448,1784227133847
109.82,34.8,1784227136484,1784227133907
109.82,2.8,1784227136517,1784227133908
109.85,1.8,1784227136549,1784227133939
109.89,11.8,1784227136583,1784227133983
109.92,8.8,1784227136617,1784227134014
109.95,3.8,1784227136651,1784227134043
109.98,-1.2,1784227136684,1784227134071
110.02,7.8,1784227136718,1784227134114
110.05,1.8,1784227136751,1784227134141
110.09,8.8,1784227136785,1784227134182
110.14,18.8,1784227136818,1784227134225
110.17,14.8,1784227136852,1784227134255
110.19,4.8,1784227136884,1784227134277
110.22,5.8,1784227136917,1784227134311
110.25,-3.2,1784227136951,1784227134336
110.31,24.8,1784227136984,1784227134397
110.33,12.8,1784227137019,1784227134420
110.37,18.8,1784227137053,1784227134460
110.38,-1.2,1784227137086,1784227134473
110.43,10.8,1784227137120,1784227134519
110.45,3.8,1784227137152,1784227134544
110.50,13.8,1784227137187,1784227134589
110.53,5.8,1784227137222,1784227134616
110.55,1.8,1784227137255,1784227134645
110.59,-0.2,1784227137289,1784227134677
110.63,6.8,1784227137321,1784227134716
110.66,3.8,1784227137355,1784227134747
110.70,18.1,1784227137388,1784227134795
110.73,12.1,1784227137423,1784227134824
110.76,3.1,1784227137458,1784227134850
110.79,-1.9,1784227137491,1784227134878
110.83,8.1,1784227137525,1784227134922
110.86,1.1,1784227137557,1784227134947
110.90,7.1,1784227137591,1784227134987
110.93,2.1,1784227137625,1784227135016
110.95,-2.9,1784227137658,1784227135044
111.00,7.1,1784227137692,1784227135088
111.03,1.1,1784227137725,1784227135115
111.07,7.1,1784227137760,1784227135156
111.10,2.1,1784227137794,1784227135185
111.12,-1.9,1784227137825,1784227135212
111.17,10.1,1784227137860,1784227135259
111.20,5.1,1784227137892,1784227135286
111.22,-2.9,1784227137925,1784227135311
111.26,3.1,1784227137960,1784227135352
111.29,-2.9,1784227137993,1784227135379
111.33,7.1,1784227138027,1784227135423
111.36,2.1,1784227138060,1784227135451
111.40,7.1,1784227138095,1784227135491
111.43,4.1,1784227138127,1784227135520
111.46,-2.9,1784227138160,1784227135546
111.50,3.1,1784227138196,1784227135588
111.53,-0.9,1784227138228,1784227135616
111.57,7.1,1784227138262,1784227135658
111.60,1.1,1784227138296,1784227135686
111.64,8.1,1784227138330,1784227135727
111.67,5.1,1784227138363,1784227135757
111.69,-3.9,1784227138397,1784227135782
111.73,4.1,1784227138431,1784227135824
111.76,-3.9,1784227138466,1784227135851
111.80,7.1,1784227138498,1784227135894
111.83,1.1,1784227138532,1784227135922
111.86,-4.9,1784227138566,1784227135950
111.90,3.1,1784227138599,1784227135991
111.93,-1.9,1784227138632,1784227136019
111.97,7.1,1784227138665,1784227136061
112.00,1.1,1784227138698,1784227136088
112.03,-3.9,1784227138732,1784227136117
112.07,4.1,1784227138766,1784227136159
112.10,-2.9,1784227138801,1784227136187
112.14,5.1,1784227138834,1784227136228
112.17,4.1,1784227138868,1784227136261
112.20,-3.9,1784227138900,1784227136285
112.24,3.1,1784227138934,1784227136326
112.26,-1.9,1784227138967,1784227136354
112.31,4.1,1784227139002,1784227136395
112.33,-0.9,1784227139035,1784227136423
112.36,-3.9,1784227139068,1784227136453
112.40,2.1,1784227139102,1784227136493
112.43,-4.9,1784227139137,1784227136521
112.47,3.1,1784227139170,1784227136562
112.50,-1.9,1784227139204,1784227136591
112.54,5.1,1784227139237,1784227136631
112.57,2.1,1784227139270,1784227136661
112.77,162.1,1784227139305,1784227136856
112.77,129.1,1784227139338,1784227136856
112.77,97.1,1784227139370,1784227136856
112.77,61.1,1784227139406,1784227136856
112.77,29.1,1784227139438,1784227136856
112.77,-4.9,1784227139472,1784227136856
112.81,2.3,1784227139506,1784227136897
112.83,-3.7,1784227139540,1784227136925
112.88,4.3,1784227139573,1784227136966
112.90,-1.7,1784227139607,1784227136994
112.95,6.3,1784227139641,1784227137036
112.97,0.3,1784227139674,1784227137063
113.02,10.3,1784227139707,1784227137106
113.04,5.3,1784227139740,1784227137134
113.07,-2.7,1784227139774,1784227137160
113.11,6.3,1784227139808,1784227137203
113.14,0.3,1784227139841,1784227137230
113.17,-4.7,1784227139875,1784227137259
113.21,2.3,1784227139909,1784227137300
113.24,-1.7,1784227139941,1784227137328
113.28,5.3,1784227139976,1784227137370
113.31,1.3,1784227140009,1784227137399
113.35,8.3,1784227140043,1784227137440
113.38,3.3,1784227140076,1784227137468
113.40,-4.7,1784227140111,1784227137495
113.45,5.3,1784227140143,1784227137537
113.48,-0.7,1784227140177,1784227137565
113.52,7.3,1784227140211,1784227137607
113.54,1.3,1784227140244,1784227137634
113.57,-3.7,1784227140278,1784227137663
113.62,6.3,1784227140311,1784227137706
113.64,-1.7,1784227140345,1784227137732
113.70,21.3,1784227140379,1784227137789
113.71,2.3,1784227140413,1784227137804
113.75,7.3,1784227140448,1784227137844
113.78,4.3,1784227140480,1784227137873
113.81,-3.7,1784227140514,1784227137899
113.85,5.3,1784227140547,1784227137941
113.88,-0.7,1784227140581,1784227137969
113.92,7.3,1784227140614,1784227138010
113.95,1.3,1784227140648,1784227138038
113.98,-1.7,1784227140680,1784227138067
114.02,5.3,1784227140714,1784227138108
114.05,-2.7,1784227140749,1784227138135
114.09,6.3,1784227140783,1784227138178
114.12,-0.7,1784227140817,1784227138205
114.16,8.3,1784227140850,1784227138247
114.19,5.3,1784227140883,1784227138277
114.21,-1.7,1784227140917,1784227138304
114.25,7.3,1784227140949,1784227138345
114.28,0.3,1784227140984,1784227138373
114.32,7.3,1784227141018,1784227138414
114.35,1.3,1784227141052,1784227138442
114.38,-2.7,1784227141085,1784227138471
114.42,3.3,1784227141120,1784227138512
114.45,-1.7,1784227141153,1784227138540
114.49,6.3,1784227141186,1784227138581
114.52,1.3,1784227141220,1784227138610
114.55,-3.7,1784227141253,1784227138638
114.59,4.3,1784227141286,1784227138679
114.62,-2.7,1784227141321,1784227138707
114.66,8.3,1784227141353,1784227138750
114.69,1.3,1784227141387,1784227138777
114.71,-4.7,1784227141420,1784227138804
114.76,4.3,1784227141454,1784227138847
114.78,-2.6,1784227141488,1784227138874
114.83,4.4,1784227141522,1784227138915
114.85,0.4,1784227141555,1784227138944
114.90,8.4,1784227141589,1784227138986
114.92,1.4,1784227141623,1784227139013
114.95,-0.6,1784227141655,1784227139043
114.99,4.4,1784227141690,1784227139083
115.02,0.4,1784227141723,1784227139112
115.06,8.4,1784227141756,1784227139153
115.09,1.4,1784227141790,1784227139180
115.12,-3.6,1784227141824,1784227139209
115.16,4.4,1784227141857,1784227139250
115.19,3.4,1784227141890,1784227139282
115.23,7.4,1784227141924,1784227139320
115.26,1.4,1784227141958,1784227139348
115.29,-4.6,1784227141992,1784227139376
115.33,3.4,1784227142026,1784227139418
115.35,-3.6,1784227142060,1784227139445
115.40,6.4,1784227142092,1784227139487
115.42,0.4,1784227142126,1784227139515
115.47,8.4,1784227142160,1784227139557
115.49,3.4,1784227142193,1784227139585
115.52,-1.6,1784227142226,1784227139613
115.56,5.4,1784227142261,1784227139655
115.59,-2.6,1784227142295,1784227139681
115.63,7.4,1784227142328,1784227139724
115.66,2.4,1784227142361,1784227139752
115.69,-1.6,1784227142395,1784227139782
115.73,2.4,1784227142430,1784227139821
115.76,-3.6,1784227142463,1784227139848
115.80,5.4,1784227142497,1784227139891
115.83,-2.6,1784227142532,1784227139918
115.87,7.4,1784227142564,1784227139960
115.90,0.4,1784227142599,1784227139988
115.93,-1.6,1784227142631,1784227140018
115.97,4.4,1784227142665,1784227140058
116.00,-2.6,1784227142699,1784227140085
116.04,5.4,1784227142733,1784227140127
116.07,1.4,1784227142766,1784227140156
116.11,8.4,1784227142800,1784227140197
116.13,3.4,1784227142833,1784227140225
116.16,-0.6,1784227142865,1784227140253
116.21,10.4,1784227142899,1784227140298
116.23,2.4,1784227142932,1784227140323
116.26,-3.6,1784227142965,1784227140350
116.30,3.4,1784227143000,1784227140392
116.33,-0.6,1784227143032,1784227140420
116.37,5.4,1784227143067,1784227140461
116.40,-0.6,1784227143101,1784227140489
116.44,6.4,1784227143135,1784227140530
116.47,4.4,1784227143168,1784227140561
116.50,-3.6,1784227143201,1784227140586
116.54,5.4,1784227143235,1784227140629
116.57,-1.6,1784227143269,1784227140656
116.61,8.4,1784227143302,1784227140699
116.64,0.4,1784227143336,1784227140725
116.66,-4.6,1784227143370,1784227140754
116.70,1.4,1784227143404,1784227140794
116.73,-1.6,1784227143436,1784227140823
116.77,6.4,1784227143470,1784227140865
116.80,0.4,1784227143504,1784227140893
116.84,7.4,1784227143538,1784227140934
116.87,2.4,1784227143571,1784227140962
116.90,-4.6,1784227143606,1784227140990
116.94,4.4,1784227143639,1784227141032
116.98,11.4,1784227143673,1784227141073
117.00,-5.6,1784227143705,1784227141088
117.04,2.4,1784227143738,1784227141129
117.07,-2.6,1784227143772,1784227141158
117.11,4.4,1784227143806,1784227141199
117.14,-2.6,1784227143840,1784227141226
117.18,7.4,1784227143873,1784227141269
117.21,1.4,1784227143907,1784227141297
117.24,-4.6,1784227143941,1784227141325
117.28,4.4,1784227143973,1784227141366
117.30,-0.6,1784227144006,1784227141394
117.35,6.4,1784227144041,1784227141436
117.37,2.4,1784227144074,1784227141465
117.42,7.4,1784227144109,1784227141505
117.44,2.4,1784227144142,1784227141533
117.47,-0.6,1784227144176,1784227141564
117.51,5.4,1784227144209,1784227141603
117.54,-0.6,1784227144243,1784227141631
117.58,7.4,1784227144277,1784227141673
117.61,2.4,1784227144310,1784227141701
117.65,7.4,1784227144346,1784227141742
117.68,4.4,1784227144377,1784227141770
117.71,-1.6,1784227144411,1784227141798
117.75,7.4,1784227144444,1784227141840
117.78,0.4,1784227144478,1784227141867
117.81,-4.6,1784227144511,1784227141895
117.85,3.4,1784227144546,1784227141938
117.87,-1.6,1784227144578,1784227141965
117.92,6.4,1784227144612,1784227142007
117.94,0.4,1784227144646,1784227142035
117.97,-3.6,1784227144680,1784227142065
118.01,1.4,1784227144713,1784227142103
118.04,-3.6,1784227144747,1784227142132
118.08,5.4,1784227144780,1784227142174
118.11,-1.6,1784227144814,1784227142201
118.15,7.4,1784227144847,1784227142243
118.18,0.4,1784227144882,1784227142271
118.22,10.4,1784227144916,1784227142315
118.25,3.4,1784227144948,1784227142340
118.28,-2.6,1784227144982,1784227142368
118.32,6.4,1784227145016,1784227142411
118.35,-0.6,1784227145050,1784227142438
118.39,8.4,1784227145083,1784227142480
118.42,2.4,1784227145117,1784227142508
118.45,-4.6,1784227145151,1784227142535
118.49,6.4,1784227145184,1784227142579
118.51,-3.6,1784227145219,1784227142604
118.56,7.4,1784227145251,1784227142647
118.58,-0.6,1784227145286,1784227142674
118.63,9.4,1784227145319,1784227142717
118.65,2.4,1784227145353,1784227142744
118.68,-1.6,1784227145385,1784227142772
118.73,9.4,1784227145419,1784227142817
118.75,0.4,1784227145453,1784227142842
118.78,-4.6,1784227145486,1784227142870
118.82,1.5,1784227145521,1784227142911
118.85,-2.5,1784227145553,1784227142939
118.89,6.5,1784227145586,1784227142981
118.92,-0.5,1784227145621,1784227143009
118.96,8.5,1784227145654,1784227143051
118.99,2.5,1784227145687,1784227143078
119.02,-3.5,1784227145722,1784227143107
119.06,5.5,1784227145755,1784227143149
119.09,-0.5,1784227145788,1784227143176
119.13,7.5,1784227145822,1784227143218
119.16,1.5,1784227145855,1784227143245
119.18,-3.5,1784227145889,1784227143274
119.23,7.5,1784227145922,1784227143318
119.25,-1.5,1784227145956,1784227143343
119.30,7.5,1784227145989,1784227143385
119.32,-0.5,1784227146024,1784227143412
119.36,7.5,1784227146058,1784227143454
119.39,1.5,1784227146092,1784227143482
119.42,-3.5,1784227146125,1784227143510
119.46,6.5,1784227146158,1784227143553
119.49,-2.5,1784227146193,1784227143579
119.53,8.5,1784227146224,1784227143621
119.56,1.5,1784227146259,1784227143649
119.59,-3.5,1784227146292,1784227143677
119.63,3.5,1784227146327,1784227143719
119.66,-0.5,1784227146359,1784227143747
119.70,7.5,1784227146393,1784227143789
119.73,4.5,1784227146426,1784227143819
119.77,9.5,1784227146461,1784227143859
119.80,3.5,1784227146494,1784227143886
119.82,-1.5,1784227146527,1784227143914
119.87,7.5,1784227146560,1784227143956
119.89,0.5,1784227146594,1784227143983
119.92,-5.5,1784227146629,1784227144012
119.96,3.5,1784227146661,1784227144053
119.99,-3.5,1784227146696,1784227144081
120.03,4.5,1784227146730,1784227144123
120.06,-1.5,1784227146763,1784227144150
120.10,5.5,1784227146798,1784227144192
120.13,1.5,1784227146830,1784227144220
120.17,7.5,1784227146866,1784227144262
120.20,2.5,1784227146898,1784227144289
120.23,-0.5,1784227146932,1784227144320
120.27,6.5,1784227146964,1784227144359
120.30,2.5,1784227146996,1784227144387
120.33,-5.5,1784227147032,1784227144415
120.37,5.5,1784227147064,1784227144458
120.39,-2.5,1784227147099,1784227144485
120.44,6.5,1784227147132,1784227144527
120.46,1.5,1784227147165,1784227144555
120.51,9.5,1784227147199,1784227144597
120.53,2.5,1784227147233,1784227144624
120.56,-2.5,1784227147266,1784227144652
120.60,6.5,1784227147300,1784227144695
120.63,-0.5,1784227147333,1784227144721
120.67,8.5,1784227147367,1784227144764
120.70,1.5,1784227147401,1784227144791
120.73,-1.5,1784227147435,1784227144822
120.77,3.5,1784227147468,1784227144860
120.80,-2.5,1784227147503,1784227144889
120.84,6.5,1784227147535,1784227144930
120.87,1.5,1784227147568,1784227144958
120.91,5.5,1784227147605,1784227144999
120.94,3.5,1784227147636,1784227145028
120.97,-2.5,1784227147670,1784227145056
121.01,4.5,1784227147704,1784227145097
121.03,-0.5,1784227147737,1784227145125
121.08,8.5,1784227147770,1784227145167
121.10,3.5,1784227147803,1784227145195
121.13,-3.5,1784227147838,1784227145223
121.17,4.5,1784227147872,1784227145265
121.20,-1.5,1784227147906,1784227145293
121.25,10.5,1784227147938,1784227145337
121.27,2.5,1784227147971,1784227145362
121.30,-4.5,1784227148006,1784227145390
121.34,3.5,1784227148039,1784227145431
121.37,-2.5,1784227148073,1784227145459
121.41,6.5,1784227148107,1784227145502
121.44,-0.5,1784227148140,1784227145528
121.47,-5.5,1784227148174,1784227145557
121.51,0.5,1784227148209,1784227145598
121.54,-3.5,1784227148241,1784227145626
121.58,3.5,1784227148276,1784227145668
121.61,-0.5,1784227148308,1784227145696
121.65,8.5,1784227148342,1784227145739
121.68,1.5,1784227148376,1784227145766
121.72,9.5,1784227148409,1784227145807
121.75,6.5,1784227148443,1784227145838
121.77,-2.5,1784227148477,1784227145863
121.82,8.5,1784227148510,1784227145907
121.84,2.5,1784227148543,1784227145934
121.88,8.5,1784227148577,1784227145974
121.91,3.5,1784227148610,1784227146002
121.94,-2.5,1784227148644,1784227146030
121.98,4.5,1784227148679,1784227146072
122.01,2.5,1784227148711,1784227146102
122.05,6.5,1784227148746,1784227146141
122.08,2.5,1784227148779,1784227146170
122.11,-3.5,1784227148812,1784227146197
122.15,6.5,1784227148846,1784227146241
122.19,12.5,1784227148879,1784227146280
122.22,7.5,1784227148913,1784227146309
122.25,5.5,1784227148946,1784227146340
122.27,-4.5,1784227148980,1784227146364
122.32,4.5,1784227149013,1784227146406
122.34,-1.5,1784227149047,1784227146434
122.38,6.5,1784227149080,1784227146475
122.41,-0.5,1784227149115,1784227146503
122.44,-5.5,1784227149148,1784227146531
122.48,4.5,1784227149181,1784227146574
122.51,-2.5,1784227149214,1784227146600
122.55,3.5,1784227149250,1784227146642
122.58,-1.5,1784227149283,1784227146670
122.62,7.5,1784227149316,1784227146712
122.65,1.5,1784227149350,1784227146740
122.68,-4.5,1784227149384,1784227146768
122.72,4.5,1784227149417,1784227146810
122.75,0.5,1784227149451,1784227146840
122.79,5.5,1784227149485,1784227146879
122.82,-1.5,1784227149519,1784227146906
122.86,7.5,1784227149553,1784227146949
122.89,0.5,1784227149588,1784227146977
122.91,-4.5,1784227149620,1784227147004
122.96,4.5,1784227149653,1784227147046
122.98,-0.5,1784227149686,1784227147074
123.03,7.5,1784227149720,1784227147116
123.05,1.5,1784227149754,1784227147144
123.08,-4.5,1784227149788,1784227147172
123.12,1.5,1784227149822,1784227147212
123.15,-0.5,1784227149853,1784227147241
123.19,7.5,1784227149887,1784227147283
123.22,2.5,1784227149920,1784227147311
123.25,-1.5,1784227149954,1784227147341
123.29,4.5,1784227149988,1784227147381
123.32,-1.5,1784227150021,1784227147408
123.36,7.5,1784227150055,1784227147451
123.39,0.5,1784227150089,1784227147478
123.43,9.5,1784227150122,1784227147520
123.46,4.5,1784227150155,1784227147548
123.49,-2.5,1784227150190,1784227147576
123.53,6.5,1784227150222,1784227147617
123.55,0.5,1784227150256,1784227147645
123.60,8.5,1784227150290,1784227147687
123.62,1.5,1784227150325,1784227147715
123.65,-3.5,1784227150358,1784227147743
123.69,4.5,1784227150392,1784227147785
123.72,-1.5,1784227150426,1784227147813
123.76,6.5,1784227150460,1784227147855
123.79,1.5,1784227150492,1784227147882
123.82,-4.5,1784227150525,1784227147909
123.86,3.5,1784227150560,1784227147952
123.89,-1.5,1784227150592,1784227147979
123.93,6.5,1784227150626,1784227148021
123.96,-0.5,1784227150661,1784227148049
124.00,9.5,1784227150694,1784227148092
124.03,3.5,1784227150727,1784227148119
124.06,-1.5,1784227150760,1784227148147
124.10,7.5,1784227150793,1784227148189
124.13,0.5,1784227150827,1784227148216
124.17,7.5,1784227150862,1784227148258
124.20,1.5,1784227150896,1784227148286
124.22,-5.5,1784227150930,1784227148313
124.27,3.5,1784227150963,1784227148355
124.29,-1.5,1784227150995,1784227148382
124.33,8.5,1784227151028,1784227148425
124.36,1.5,1784227151064,1784227148454
124.40,6.5,1784227151099,1784227148494
124.43,1.5,1784227151133,1784227148523
124.46,-3.5,1784227151165,1784227148550
124.50,5.5,1784227151198,1784227148592
124.53,-1.5,1784227151232,1784227148619
124.57,7.5,1784227151266,1784227148662
124.60,0.5,1784227151300,1784227148689
124.63,-3.5,1784227151333,1784227148718
124.67,3.5,1784227151367,1784227148759
124.70,-1.5,1784227151400,1784227148787
124.74,13.5,1784227151433,1784227148835
124.77,0.5,1784227151467,1784227148856
124.80,-2.5,1784227151500,1784227148886
124.84,3.7,1784227151534,1784227148926
124.86,-1.3,1784227151568,1784227148955
124.91,5.7,1784227151601,1784227148995
124.93,1.7,1784227151634,1784227149024
124.98,9.7,1784227151668,1784227149066
125.01,6.7,1784227151702,1784227149097
125.03,-1.3,1784227151736,1784227149123
125.07,7.7,1784227151768,1784227149164
125.12,14.7,1784227151803,1784227149206
125.14,8.7,1784227151836,1784227149233
125.17,2.7,1784227151870,1784227149261
125.20,-2.3,1784227151903,1784227149289
125.24,4.7,1784227151937,1784227149330
125.27,-2.3,1784227151971,1784227149357
125.31,6.7,1784227152004,1784227149399
125.34,1.7,1784227152037,1784227149427
125.37,-4.3,1784227152071,1784227149455
125.41,4.7,1784227152104,1784227149497
125.43,-2.3,1784227152139,1784227149525
125.48,6.7,1784227152171,1784227149566
125.51,1.7,1784227152206,1784227149596
125.55,8.7,1784227152239,1784227149636
125.57,4.7,1784227152271,1784227149664
125.62,9.7,1784227152308,1784227149706
125.64,4.7,1784227152341,1784227149734
125.67,-0.3,1784227152374,1784227149762
125.71,7.7,1784227152408,1784227149804
125.74,0.7,1784227152442,1784227149831
125.78,8.7,1784227152476,1784227149873
125.81,2.7,1784227152509,1784227149900
125.84,-3.3,1784227152543,1784227149928
125.88,4.7,1784227152576,1784227149969
125.91,-0.3,1784227152609,1784227149997
125.94,-4.3,1784227152642,1784227150026
125.98,2.7,1784227152677,1784227150068
126.01,-0.3,1784227152710,1784227150098
126.05,3.7,1784227152745,1784227150137
126.08,-1.3,1784227152778,1784227150165
126.12,6.7,1784227152811,1784227150206
126.14,1.7,1784227152845,1784227150235
126.17,-4.3,1784227152878,1784227150262
126.21,3.7,1784227152912,1784227150304
126.24,-1.3,1784227152945,1784227150332
126.28,6.7,1784227152979,1784227150374
126.31,2.7,1784227153011,1784227150402
126.34,-2.3,1784227153044,1784227150430
126.38,4.7,1784227153078,1784227150471
126.41,-1.3,1784227153113,1784227150500
126.45,7.7,1784227153146,1784227150542
126.48,3.7,1784227153180,1784227150572
126.51,-0.3,1784227153213,1784227150601
126.55,5.7,1784227153246,1784227150640
126.58,-0.3,1784227153280,1784227150668
126.62,7.7,1784227153313,1784227150709
126.65,1.7,1784227153347,1784227150737
126.67,-4.3,1784227153381,1784227150765
126.72,3.7,1784227153414,1784227150806
126.74,-1.3,1784227153448,1784227150835
126.79,4.7,1784227153482,1784227150875
126.81,-0.4,1784227153516,1784227150904
126.85,6.6,1784227153550,1784227150945
126.88,-0.4,1784227153584,1784227150972
126.92,8.6,1784227153617,1784227151014
126.95,-0.4,1784227153653,1784227151041
126.98,-4.4,1784227153685,1784227151069
127.02,3.6,1784227153719,1784227151111
127.05,-0.4,1784227153752,1784227151140
127.09,7.6,1784227153785,1784227151181
127.12,1.6,1784227153819,1784227151209
127.15,-3.4,1784227153852,1784227151237
127.19,4.6,1784227153886,1784227151279
127.22,-3.4,1784227153921,1784227151306
127.26,10.6,1784227153953,1784227151352
127.29,0.6,1784227153987,1784227151376
127.31,-4.4,1784227154020,1784227151404
127.36,4.6,1784227154053,1784227151446
127.38,-3.4,1784227154088,1784227151473
127.42,5.6,1784227154120,1784227151514
127.45,3.6,1784227154153,1784227151545
127.48,-1.4,1784227154187,1784227151574
127.54,16.6,1784227154222,1784227151627
127.57,11.6,1784227154255,1784227151655
127.59,7.6,1784227154289,1784227151685
127.63,14.6,1784227154322,1784227151725
127.65,-4.4,1784227154356,1784227151740
127.69,0.6,1784227154390,1784227151779
127.73,11.6,1784227154424,1784227151824
127.76,8.6,1784227154456,1784227151853
127.79,-2.4,1784227154491,1784227151877
127.83,6.6,1784227154526,1784227151921
127.86,0.6,1784227154558,1784227151947
127.88,-4.4,1784227154590,1784227151974
127.93,3.6,1784227154624,1784227152016
127.97,12.6,1784227154657,1784227152058
128.00,5.6,1784227154693,1784227152087
128.04,16.6,1784227154725,1784227152130
128.07,7.6,1784227154759,1784227152155
128.09,3.6,1784227154792,1784227152184
128.12,-2.4,1784227154826,1784227152212
128.16,5.6,1784227154860,1784227152254
128.19,-3.4,1784227154894,1784227152279
128.23,6.6,1784227154927,1784227152322
128.26,3.6,1784227154960,1784227152352
128.30,8.6,1784227154994,1784227152391
128.33,4.6,1784227155027,1784227152420
128.36,-2.4,1784227155061,1784227152447
128.40,4.6,1784227155096,1784227152489
128.43,-0.4,1784227155130,1784227152518
128.47,6.6,1784227155163,1784227152558
128.50,0.6,1784227155197,1784227152586
128.54,7.6,1784227155231,1784227152627
128.57,2.6,1784227155266,1784227152657
128.59,-2.4,1784227155298,1784227152684
128.64,6.6,1784227155331,1784227152726
128.66,0.6,1784227155365,1784227152754
128.71,7.6,1784227155399,1784227152795
128.73,4.6,1784227155432,1784227152825
128.77,0.6,1784227155466,1784227152855
128.80,4.6,1784227155500,1784227152893
128.83,0.7,1784227155532,1784227152921
128.87,8.7,1784227155567,1784227152964
128.90,2.7,1784227155600,1784227152991
128.93,-3.3,1784227155633,1784227153018
128.97,5.7,1784227155666,1784227153060
129.00,0.7,1784227155699,1784227153088
129.04,7.7,1784227155734,1784227153130
129.07,1.7,1784227155767,1784227153157
129.10,-4.3,1784227155801,1784227153185
129.14,2.7,1784227155835,1784227153226
129.17,-0.3,1784227155868,1784227153256
129.21,6.7,1784227155902,1784227153297
129.23,0.7,1784227155935,1784227153324
129.27,-3.3,1784227155970,1784227153355
129.30,4.7,1784227156001,1784227153394
129.33,-1.3,1784227156035,1784227153422
129.37,6.7,1784227156069,1784227153464
129.40,2.7,1784227156101,1784227153492
129.43,-4.3,1784227156136,1784227153520
129.47,3.7,1784227156170,1784227153562
129.50,-3.3,1784227156205,1784227153590
129.54,3.7,1784227156239,1784227153631
129.57,-2.3,1784227156272,1784227153658
129.61,5.7,1784227156306,1784227153700
129.64,1.7,1784227156340,1784227153730
129.67,-4.3,1784227156373,1784227153757
129.71,3.7,1784227156406,1784227153798
129.74,-1.3,1784227156439,1784227153826
129.77,-3.3,1784227156473,1784227153858
129.81,-0.3,1784227156507,1784227153895
129.85,8.7,1784227156540,1784227153937
129.88,1.7,1784227156576,1784227153966
129.90,-2.3,1784227156607,1784227153993
129.94,6.7,1784227156640,1784227154035
129.97,-1.3,1784227156675,1784227154062
130.02,10.7,1784227156707,1784227154106
130.04,1.7,1784227156742,1784227154132
130.07,-3.3,1784227156775,1784227154160
130.11,5.7,1784227156808,1784227154202
130.14,-0.3,1784227156842,1784227154230
130.18,8.7,1784227156875,1784227154272
130.21,1.7,1784227156909,1784227154299
130.24,-3.3,1784227156943,1784227154328
130.28,3.7,1784227156976,1784227154368
130.31,-2.3,1784227157010,1784227154396
130.35,7.7,1784227157043,1784227154439
130.38,2.7,1784227157076,1784227154467
130.42,7.7,1784227157112,1784227154508
130.45,1.7,1784227157146,1784227154536
130.47,-3.3,1784227157179,1784227154564
130.52,5.7,1784227157213,1784227154607
130.54,-0.3,1784227157246,1784227154634
130.59,7.7,1784227157280,1784227154676
130.61,0.7,1784227157315,1784227154704
130.65,8.7,1784227157348,1784227154745
130.68,3.7,1784227157381,1784227154773
130.71,-0.3,1784227157413,1784227154801
130.75,7.7,1784227157447,1784227154843
130.78,1.7,1784227157480,1784227154870
130.81,-4.3,1784227157514,1784227154898
130.85,3.8,1784227157547,1784227154939
130.89,10.8,1784227157583,1784227154982
130.92,5.8,1784227157615,1784227155009
130.95,1.8,1784227157648,1784227155038
130.99,7.8,1784227157683,1784227155079
131.02,8.8,1784227157715,1784227155112
131.05,-0.2,1784227157749,1784227155137
131.09,5.8,1784227157783,1784227155177
131.12,1.8,1784227157816,1784227155206
131.16,7.8,1784227157850,1784227155246
131.18,1.8,1784227157884,1784227155274
131.21,-1.2,1784227157917,1784227155304
131.25,5.8,1784227157951,1784227155345
131.29,3.8,1784227157985,1784227155377
131.31,-3.2,1784227158018,1784227155403
131.37,20.8,1784227158051,1784227155460
131.39,9.8,1784227158085,1784227155483
131.42,4.8,1784227158119,1784227155512
131.45,2.8,1784227158152,1784227155543
131.49,5.8,1784227158186,1784227155580
131.52,-2.2,1784227158222,1784227155608
131.55,-2.2,1784227158254,1784227155640
131.59,3.8,1784227158287,1784227155679
131.62,-3.2,1784227158322,1784227155707
131.66,1.8,1784227158356,1784227155746
131.69,-1.2,1784227158389,1784227155776
131.73,5.8,1784227158422,1784227155816
131.75,0.8,1784227158455,1784227155844
131.78,-5.2,1784227158489,1784227155872
131.82,0.8,1784227158524,1784227155913
131.85,-3.2,1784227158557,1784227155942
131.89,5.8,1784227158590,1784227155984
131.92,0.8,1784227158623,1784227156012
131.96,9.8,1784227158656,1784227156054
131.99,2.8,1784227158691,1784227156082
132.02,-0.2,1784227158723,1784227156111
132.06,4.8,1784227158757,1784227156150
132.09,-1.2,1784227158790,1784227156177
132.13,7.8,1784227158824,1784227156220
132.16,0.8,1784227158858,1784227156247
132.19,-3.2,1784227158891,1784227156276
132.23,4.8,1784227158925,1784227156318
132.26,-1.2,1784227158959,1784227156346
132.30,9.8,1784227158992,1784227156390
132.32,0.8,1784227159026,1784227156415
132.35,-4.2,1784227159059,1784227156443
132.40,4.8,1784227159093,1784227156486
132.42,-1.2,1784227159126,1784227156513
132.47,6.8,1784227159161,1784227156556
132.49,-0.2,1784227159195,1784227156583
132.53,8.8,1784227159228,1784227156625
132.56,0.8,1784227159263,1784227156652
132.60,7.8,1784227159297,1784227156693
132.63,3.8,1784227159330,1784227156722
132.66,-2.2,1784227159364,1784227156750
132.70,6.8,1784227159397,1784227156792
132.75,21.8,1784227159429,1784227156839
132.77,10.8,1784227159464,1784227156863
132.81,15.8,1784227159497,1784227156901
132.84,9.9,1784227159532,1784227156930
132.87,5.9,1784227159565,1784227156959
132.90,-2.1,1784227159600,1784227156986
132.94,8.9,1784227159631,1784227157028
132.97,3.9,1784227159664,1784227157056
132.99,-1.1,1784227159697,1784227157084
133.04,5.9,1784227159732,1784227157126
133.08,18.9,1784227159765,1784227157172
133.09,-4.1,1784227159799,1784227157183
133.14,5.9,1784227159831,1784227157225
133.16,-3.1,1784227159866,1784227157251
133.20,5.9,1784227159899,1784227157293
133.23,0.9,1784227159933,1784227157322
133.28,9.9,1784227159967,1784227157365
133.30,5.9,1784227160000,1784227157394
133.33,-3.1,1784227160033,1784227157418
133.37,1.9,1784227160068,1784227157458
133.40,-0.1,1784227160100,1784227157488
133.44,6.9,1784227160134,1784227157529
133.47,-0.1,1784227160168,1784227157556
133.51,8.9,1784227160202,1784227157599
133.54,3.9,1784227160235,1784227157627
133.56,-2.1,1784227160268,1784227157654
133.61,5.9,1784227160302,1784227157696
133.63,-1.1,1784227160336,1784227157723
133.68,8.9,1784227160369,1784227157766
133.70,0.9,1784227160404,1784227157793
133.73,-3.1,1784227160436,1784227157821
133.77,3.9,1784227160471,1784227157863
133.80,0.9,1784227160503,1784227157892
133.84,5.9,1784227160538,1784227157932
133.87,0.9,1784227160572,1784227157961
133.90,-3.1,1784227160605,1784227157990
133.94,3.9,1784227160639,1784227158031
133.97,-2.1,1784227160672,1784227158058
134.01,5.9,1784227160706,1784227158100
134.04,-1.1,1784227160740,1784227158127
134.07,-4.1,1784227160773,1784227158157
134.11,0.9,1784227160807,1784227158196
134.15,9.9,1784227160841,1784227158239
134.18,2.9,1784227160876,1784227158267
134.20,-3.1,1784227160909,1784227158294
134.25,7.9,1784227160942,1784227158338
134.28,1.9,1784227160976,1784227158366
134.32,9.9,1784227161009,1784227158407
134.34,3.9,1784227161042,1784227158434
134.37,-1.1,1784227161075,1784227158462
134.41,7.9,1784227161108,1784227158504
134.44,1.9,1784227161142,1784227158532
134.47,-4.1,1784227161175,1784227158559
134.51,4.9,1784227161209,1784227158602
134.54,-1.1,1784227161243,1784227158630
134.58,5.9,1784227161277,1784227158671
134.61,-0.1,1784227161311,1784227158699
134.65,6.9,1784227161345,1784227158740
134.68,3.9,1784227161378,1784227158770
134.71,-3.1,1784227161412,1784227158797
134.75,4.9,1784227161445,1784227158838
134.78,-1.1,1784227161479,1784227158866
134.80,-5.1,1784227161512,1784227158895
134.85,3.0,1784227161545,1784227158936
134.87,-3.0,1784227161579,1784227158964
134.92,4.0,1784227161613,1784227159005
134.94,-2.0,1784227161647,1784227159033
134.98,6.0,1784227161680,1784227159074
135.01,2.0,1784227161713,1784227159103
135.04,-3.0,1784227161746,1784227159131
135.08,5.0,1784227161780,1784227159173
135.11,-1.0,1784227161814,1784227159201
135.15,7.0,1784227161848,1784227159243
135.18,2.0,1784227161881,1784227159271
135.21,-3.0,1784227161914,1784227159299
135.25,4.0,1784227161948,1784227159340
135.28,-3.0,1784227161982,1784227159367
135.32,7.0,1784227162015,1784227159410
135.35,-2.0,1784227162050,1784227159436
135.39,8.0,1784227162083,1784227159479
135.42,2.0,1784227162116,1784227159506
135.45,-4.0,1784227162151,1784227159535
135.49,4.0,1784227162184,1784227159576
135.51,-2.0,1784227162218,1784227159604
135.56,8.0,1784227162252,1784227159648
135.58,0.0,1784227162285,1784227159673
135.62,8.0,1784227162319,1784227159715
135.65,3.0,1784227162352,1784227159743
135.68,-2.0,1784227162385,1784227159771
135.72,6.0,1784227162419,1784227159813
135.75,-1.0,1784227162453,1784227159840
135.79,9.0,1784227162486,1784227159883
135.82,3.0,1784227162520,1784227159911
135.85,-4.0,1784227162554,1784227159938
135.89,6.0,1784227162587,1784227159981
135.92,-1.0,1784227162620,1784227160007
135.96,8.0,1784227162655,1784227160051
135.99,0.0,1784227162689,1784227160077
136.02,-5.0,1784227162722,1784227160105
136.06,6.0,1784227162755,1784227160149
136.08,-3.0,1784227162790,1784227160175
136.13,8.0,1784227162822,1784227160218
136.15,1.0,1784227162856,1784227160245
136.18,-5.0,1784227162890,1784227160273
136.22,2.0,1784227162924,1784227160314
136.25,-3.0,1784227162957,1784227160342
136.29,5.0,1784227162991,1784227160384
136.32,0.0,1784227163024,1784227160412
136.36,7.0,1784227163058,1784227160453
136.39,2.0,1784227163091,1784227160481
136.42,-2.0,1784227163124,1784227160510
136.46,4.0,1784227163159,1784227160551
136.49,0.0,1784227163191,1784227160579
136.53,8.0,1784227163225,1784227160621
136.56,2.0,1784227163260,1784227160650
136.59,-3.0,1784227163292,1784227160677
136.63,4.0,1784227163327,1784227160719
136.66,-2.0,1784227163360,1784227160746
136.70,7.0,1784227163394,1784227160789
136.73,1.0,1784227163427,1784227160816
136.77,8.0,1784227163462,1784227160858
136.79,3.0,1784227163494,1784227160885
136.82,-3.0,1784227163528,1784227160913
136.87,5.9,1784227163562,1784227160956
136.89,-1.1,1784227163595,1784227160982
136.93,7.9,1784227163629,1784227161025
136.96,2.9,1784227163662,1784227161053
136.99,-4.1,1784227163695,1784227161079
137.03,3.9,1784227163730,1784227161122
137.06,2.9,1784227163762,1784227161153
137.10,6.9,1784227163796,1784227161191
137.13,-0.1,1784227163831,1784227161219
137.17,8.9,1784227163864,1784227161261
137.20,4.9,1784227163897,1784227161290
137.23,-2.1,1784227163931,1784227161317
137.27,6.9,1784227163964,1784227161359
137.30,0.9,1784227163998,1784227161387
137.34,7.9,1784227164032,1784227161428
137.37,2.9,1784227164066,1784227161457
137.39,-3.1,1784227164100,1784227161485
137.44,5.9,1784227164132,1784227161526
137.46,0.9,1784227164166,1784227161555
137.51,8.9,1784227164199,1784227161596
137.53,0.9,1784227164234,1784227161623
137.57,-1.1,1784227164268,1784227161655
137.60,3.9,1784227164301,1784227161693
137.63,-1.1,1784227164334,1784227161721
137.67,6.9,1784227164368,1784227161763
137.70,-0.1,1784227164402,1784227161790
137.74,8.9,1784227164435,1784227161832
137.77,2.9,1784227164469,1784227161860
137.80,-2.1,1784227164502,1784227161888
137.84,5.9,1784227164536,1784227161930
137.87,-1.1,1784227164570,1784227161957
137.91,8.9,1784227164603,1784227162000
137.94,1.9,1784227164637,1784227162027
137.97,-2.1,1784227164670,1784227162056
138.01,3.9,1784227164705,1784227162097
138.03,-1.1,1784227164738,1784227162125
138.08,9.9,1784227164771,1784227162169
138.10,0.9,1784227164805,1784227162194
138.13,-4.1,1784227164839,1784227162223
138.17,4.9,1784227164872,1784227162265
138.20,-1.1,1784227164905,1784227162292
138.24,6.9,1784227164939,1784227162334
138.27,0.9,1784227164973,1784227162362
138.32,12.9,1784227165006,1784227162407
138.34,2.9,1784227165040,1784227162431
138.37,-3.1,1784227165074,1784227162459
138.41,5.9,1784227165107,1784227162501
138.44,0.9,1784227165140,1784227162529
138.48,7.9,1784227165174,1784227162570
138.51,1.9,1784227165208,1784227162598
138.54,-3.1,1784227165241,1784227162626
138.58,3.9,1784227165275,1784227162667
138.62,10.9,1784227165311,1784227162710
138.65,3.9,1784227165344,1784227162736
138.68,-0.1,1784227165377,1784227162765
138.72,7.9,1784227165410,1784227162806
138.74,1.9,1784227165444,1784227162834
138.77,-4.1,1784227165478,1784227162862
138.82,7.9,1784227165511,1784227162907
138.84,-1.0,1784227165545,1784227162932
138.88,7.0,1784227165578,1784227162973
138.91,2.0,1784227165612,1784227163002
138.94,-4.0,1784227165646,1784227163030
138.98,5.0,1784227165679,1784227163072
139.01,-3.0,1784227165714,1784227163099
139.05,7.0,1784227165746,1784227163141
139.08,2.0,1784227165779,1784227163169
139.11,-3.0,1784227165812,1784227163197
139.15,6.0,1784227165845,1784227163239
139.18,-1.0,1784227165879,1784227163266
139.22,8.0,1784227165913,1784227163309
139.25,0.0,1784227165947,1784227163335
139.27,-4.0,1784227165980,1784227163364
139.32,5.0,1784227166014,1784227163407
139.34,-2.0,1784227166048,1784227163434
139.38,6.0,1784227166081,1784227163475
139.41,1.0,1784227166114,1784227163503
139.44,-4.0,1784227166147,1784227163531
139.48,3.0,1784227166182,1784227163573
139.51,-1.0,1784227166215,1784227163602
139.55,4.0,1784227166250,1784227163642
139.58,0.0,1784227166283,1784227163671
139.62,7.0,1784227166317,1784227163712
139.65,4.0,1784227166349,1784227163741
139.68,-3.0,1784227166384,1784227163769
139.72,5.0,1784227166417,1784227163810
139.75,-1.0,1784227166451,1784227163838
139.79,7.0,1784227166484,1784227163879
139.82,7.0,1784227166517,1784227163912
139.85,-5.0,1784227166552,1784227163935
139.89,4.0,1784227166585,1784227163977
139.92,-3.0,1784227166620,1784227164005
139.96,7.0,1784227166652,1784227164047
139.98,1.0,1784227166686,1784227164075
140.01,-5.0,1784227166719,1784227164102
140.05,4.0,1784227166753,1784227164145
140.10,12.0,1784227166787,1784227164187
140.12,4.0,1784227166821,1784227164213
140.15,-1.0,1784227166854,1784227164241
140.19,8.0,1784227166888,1784227164284
140.22,0.0,1784227166922,1784227164310
140.26,8.0,1784227166957,1784227164353
140.29,4.0,1784227166989,1784227164381
140.32,0.0,1784227167023,1784227164411
140.36,5.0,1784227167057,1784227164450
140.39,0.0,1784227167090,1784227164478
140.42,-6.0,1784227167123,1784227164505
140.46,5.0,1784227167156,1784227164549
140.49,-3.0,1784227167190,1784227164575
140.53,5.0,1784227167224,1784227164617
140.55,0.0,1784227167257,1784227164645
140.60,8.0,1784227167291,1784227164687
140.62,2.0,1784227167324,1784227164714
140.65,-4.0,1784227167358,1784227164742
140.69,4.0,1784227167392,1784227164784
140.72,-2.0,1784227167425,1784227164811
140.76,8.0,1784227167458,1784227164854
140.79,1.0,1784227167492,1784227164881
140.82,-3.0,1784227167526,1784227164911
140.86,3.1,1784227167560,1784227164951
140.89,-1.9,1784227167593,1784227164979
140.93,5.1,1784227167627,1784227165020
140.96,0.1,1784227167661,1784227165049
141.00,6.1,1784227167695,1784227165089
141.03,2.1,1784227167729,1784227165119
141.07,14.1,1784227167762,1784227165164
141.10,4.1,1784227167795,1784227165187
141.13,1.1,1784227167828,1784227165217
141.17,6.1,1784227167863,1784227165257
141.20,3.1,1784227167896,1784227165287
141.22,-1.9,1784227167929,1784227165315
141.26,4.1,1784227167963,1784227165355
141.29,-2.9,1784227167997,1784227165382
141.34,7.1,1784227168031,1784227165426
141.36,0.1,1784227168063,1784227165451
141.39,-3.9,1784227168096,1784227165480
141.43,4.1,1784227168130,1784227165522
141.46,-1.9,1784227168164,1784227165550
141.50,6.1,1784227168198,1784227165592
141.53,0.1,1784227168232,1784227165620
141.57,11.1,1784227168265,1784227165664
141.60,2.1,1784227168299,1784227165689
141.63,-4.9,1784227168333,1784227165716
141.67,3.1,1784227168367,1784227165758
141.70,-2.9,1784227168401,1784227165786
141.74,7.1,1784227168434,1784227165829
141.77,1.1,1784227168467,1784227165856
141.79,-3.9,1784227168500,1784227165884
141.83,2.1,1784227168534,1784227165924
141.86,-0.9,1784227168568,1784227165955
141.91,8.1,1784227168601,1784227165997
141.93,0.1,1784227168635,1784227166023
141.97,9.1,1784227168668,1784227166065
142.00,3.1,1784227168702,1784227166093
142.03,-2.9,1784227168736,1784227166121
142.08,9.1,1784227168768,1784227166165
142.10,-1.9,1784227168803,1784227166189
142.14,6.1,1784227168837,1784227166231
142.17,2.1,1784227168870,1784227166260
142.20,-4.9,1784227168904,1784227166287
142.24,4.1,1784227168937,1784227166329
142.27,-2.9,1784227168971,1784227166356
142.31,7.1,1784227169004,1784227166399
142.34,-0.9,1784227169038,1784227166425
142.38,8.1,1784227169073,1784227166469
142.41,1.1,1784227169107,1784227166496
142.43,-2.9,1784227169138,1784227166523
142.48,7.1,1784227169172,1784227166567
142.50,2.1,1784227169205,1784227166595
142.53,-3.9,1784227169240,1784227166624
142.58,5.1,1784227169273,1784227166666
142.60,-2.9,1784227169306,1784227166691
142.64,3.1,1784227169341,1784227166732
142.67,-1.9,1784227169374,1784227166760
142.71,6.1,1784227169408,1784227166802
142.74,0.1,1784227169442,1784227166830
142.77,-2.9,1784227169475,1784227166860
142.81,3.1,1784227169508,1784227166899
142.84,0.1,1784227169541,1784227166929
142.88,7.3,1784227169575,1784227166970
142.91,0.3,1784227169609,1784227166997
142.95,8.3,1784227169643,1784227167039
142.98,2.3,1784227169677,1784227167067
143.01,-1.7,1784227169710,1784227167096
143.05,8.3,1784227169744,1784227167140
143.08,4.3,1784227169777,1784227167169
143.12,9.3,1784227169812,1784227167209
143.15,5.3,1784227169844,1784227167237
143.18,9.3,1784227169877,1784227167274
143.21,5.3,1784227169911,1784227167304
143.25,11.3,1784227169945,1784227167344
143.28,7.3,1784227169978,1784227167373
143.31,0.3,1784227170012,1784227167400
143.35,9.3,1784227170046,1784227167443
143.38,4.3,1784227170079,1784227167471
143.41,-0.7,1784227170112,1784227167499
143.45,8.3,1784227170147,1784227167543
143.48,1.3,1784227170180,1784227167569
143.52,9.3,1784227170213,1784227167610
143.55,4.3,1784227170247,1784227167639
143.58,2.3,1784227170280,1784227167670
143.62,4.3,1784227170315,1784227167707
143.65,0.3,1784227170348,1784227167736
143.69,9.3,1784227170381,1784227167778
143.72,2.3,1784227170416,1784227167806
143.76,8.3,1784227170450,1784227167846
143.78,3.3,1784227170482,1784227167873
143.81,-1.7,1784227170516,1784227167902
143.85,6.3,1784227170550,1784227167944
143.88,0.3,1784227170584,1784227167972
143.92,8.3,1784227170618,1784227168014
143.95,2.3,1784227170651,1784227168041
143.98,-2.7,1784227170685,1784227168070
144.02,5.3,1784227170717,1784227168110
144.05,-0.7,1784227170751,1784227168138
144.08,-4.7,1784227170786,1784227168169
144.12,3.3,1784227170818,1784227168209
144.15,-4.7,1784227170852,1784227168235
144.19,4.3,1784227170886,1784227168278
144.22,-0.7,1784227170919,1784227168306
144.26,6.3,1784227170953,1784227168347
144.29,1.3,1784227170987,1784227168376
144.31,-3.7,1784227171020,1784227168404
144.35,2.3,1784227171055,1784227168445
144.38,-3.7,1784227171089,1784227168473
144.42,4.3,1784227171123,1784227168515
144.45,1.3,1784227171154,1784227168543
144.49,8.3,1784227171188,1784227168584
144.52,4.3,1784227171221,1784227168613
144.55,-3.7,1784227171256,1784227168640
144.59,7.3,1784227171289,1784227168684
144.62,-1.7,1784227171323,1784227168709
144.66,7.3,1784227171356,1784227168751
144.69,2.3,1784227171390,1784227168780
144.72,-4.7,1784227171424,1784227168807
144.76,4.3,1784227171457,1784227168849
144.79,-2.7,1784227171491,1784227168876
144.83,8.3,1784227171524,1784227168920
144.86,0.4,1784227171558,1784227168946
144.88,-4.6,1784227171592,1784227168975
144.93,2.4,1784227171625,1784227169015
144.95,-1.6,1784227171658,1784227169044
145.00,5.4,1784227171692,1784227169085
145.02,0.4,1784227171726,1784227169114
145.07,6.4,1784227171761,1784227169155
145.10,4.4,1784227171793,1784227169185
145.12,-3.6,1784227171828,1784227169212
145.16,4.4,1784227171861,1784227169253
145.19,-1.6,1784227171894,1784227169280
145.23,8.4,1784227171926,1784227169322
145.26,2.4,1784227171960,1784227169350
145.29,-3.6,1784227171994,1784227169378
145.33,4.4,1784227172029,1784227169421
145.37,9.4,1784227172064,1784227169461
145.40,6.4,1784227172096,1784227169490
145.43,0.4,1784227172130,1784227169518
145.46,-3.6,1784227172162,1784227169546
145.50,4.4,1784227172195,1784227169587
145.52,-3.6,1784227172230,1784227169614
145.57,8.4,1784227172263,1784227169659
145.60,4.4,1784227172297,1784227169689
145.64,6.4,1784227172331,1784227169725
145.66,1.4,1784227172365,1784227169754
145.69,-4.6,1784227172398,1784227169781
145.73,5.4,1784227172431,1784227169824
145.76,-1.6,1784227172465,1784227169851
145.80,6.4,1784227172498,1784227169892
145.83,1.4,1784227172532,1784227169921
145.86,-3.6,1784227172565,1784227169949
145.90,4.4,1784227172599,1784227169991
145.93,-1.6,1784227172633,1784227170019
145.97,6.4,1784227172667,1784227170061
146.00,1.4,1784227172700,1784227170089
146.03,-3.6,1784227172733,1784227170117
146.07,1.4,1784227172770,1784227170159
146.10,-1.6,1784227172802,1784227170188
146.14,5.4,1784227172835,1784227170228
146.17,-1.6,1784227172869,1784227170255
146.21,7.4,1784227172902,1784227170297
146.23,0.4,1784227172937,1784227170325
146.28,10.4,1784227172969,1784227170367
146.30,4.4,1784227173003,1784227170395
146.33,-2.6,1784227173037,1784227170422
146.36,-3.6,1784227173070,1784227170454
146.40,0.4,1784227173104,1784227170492
146.44,8.4,1784227173138,1784227170534
146.47,4.4,1784227173170,1784227170562
146.50,-1.6,1784227173203,1784227170589
146.54,6.4,1784227173237,1784227170631
146.57,0.4,1784227173271,1784227170659
146.60,-2.6,1784227173305,1784227170690
146.64,3.4,1784227173338,1784227170729
146.67,-2.6,1784227173372,1784227170757
146.71,5.4,1784227173405,1784227170798
146.74,0.4,1784227173439,1784227170827
146.78,9.4,1784227173472,1784227170869
146.81,2.4,1784227173506,1784227170896
146.83,-3.6,1784227173540,1784227170924
146.88,4.6,1784227173574,1784227170966
146.90,-2.4,1784227173608,1784227170993
146.95,7.6,1784227173641,1784227171036
146.97,1.6,1784227173674,1784227171063
147.00,-3.4,1784227173707,1784227171091
147.04,1.6,1784227173743,1784227171132
147.07,-2.4,1784227173775,1784227171160
147.11,7.6,1784227173809,1784227171204
147.14,-0.4,1784227173842,1784227171229
147.18,8.6,1784227173876,1784227171272
147.21,2.6,1784227173910,1784227171300
147.24,-3.4,1784227173943,1784227171327
147.28,4.6,1784227173977,1784227171369
147.31,-0.4,1784227174010,1784227171397
147.35,9.6,1784227174044,1784227171441
147.38,0.6,1784227174078,1784227171466
147.40,-3.4,1784227174111,1784227171495
147.45,4.6,1784227174145,1784227171537
147.47,-1.4,1784227174178,1784227171564
147.52,7.6,1784227174211,1784227171606
147.54,0.6,1784227174245,1784227171633
147.59,9.6,1784227174279,1784227171676
147.61,4.6,1784227174312,1784227171704
147.64,-2.4,1784227174347,1784227171732
147.68,5.6,1784227174380,1784227171773
147.73,14.6,1784227174414,1784227171816
147.75,8.6,1784227174448,1784227171844
147.78,2.6,1784227174481,1784227171871
147.82,9.6,1784227174515,1784227171912
147.85,4.6,1784227174550,1784227171942
147.88,-3.4,1784227174583,1784227171967
147.92,5.6,1784227174616,1784227172009
147.95,3.6,1784227174648,1784227172039
147.99,8.6,1784227174683,1784227172079
148.02,2.6,1784227174717,1784227172107
148.05,-3.4,1784227174751,1784227172135
148.09,5.6,1784227174783,1784227172176
148.11,0.6,1784227174816,1784227172204
148.16,8.6,1784227174850,1784227172246
148.18,3.6,1784227174884,1784227172275
148.21,-3.4,1784227174918,1784227172302
148.25,5.6,1784227174951,1784227172344
148.28,-1.4,1784227174985,1784227172371
148.32,7.6,1784227175018,1784227172413
148.35,4.6,1784227175052,1784227172444
148.38,-3.4,1784227175086,1784227172470
148.42,4.6,1784227175119,1784227172511
148.45,-0.4,1784227175152,1784227172539
148.49,6.6,1784227175186,1784227172580
148.52,1.6,1784227175219,1784227172608
148.56,8.6,1784227175254,1784227172650
148.59,2.6,1784227175288,1784227172678
148.63,10.6,1784227175322,1784227172720
148.66,3.6,1784227175355,1784227172746
148.68,-3.4,1784227175390,1784227172774
148.73,5.6,1784227175423,1784227172816
148.75,1.6,1784227175456,1784227172845
148.80,8.6,1784227175490,1784227172886
148.82,4.6,1784227175523,1784227172915
148.86,0.6,1784227175557,1784227172945
148.89,5.7,1784227175591,1784227172984
148.92,1.7,1784227175623,1784227173012
148.96,8.7,1784227175658,1784227173054
148.99,1.7,1784227175692,1784227173081
149.02,-3.3,1784227175726,1784227173110
149.06,5.7,1784227175758,1784227173151
149.09,0.7,1784227175791,1784227173179
149.13,7.7,1784227175826,1784227173221
149.16,1.7,1784227175860,1784227173249
149.20,10.7,1784227175893,1784227173291
149.23,2.7,1784227175928,1784227173318
149.26,-1.3,1784227175960,1784227173346
149.30,8.7,1784227175993,1784227173389
149.33,1.7,1784227176027,1784227173416
149.36,-2.3,1784227176062,1784227173447
149.40,4.7,1784227176094,1784227173486
149.42,-2.3,1784227176129,1784227173514
149.47,5.7,1784227176162,1784227173555
149.49,1.7,1784227176194,1784227173583
149.52,-3.3,1784227176227,1784227173611
149.56,2.7,1784227176262,1784227173652
149.59,-1.3,1784227176295,1784227173681
149.63,5.7,1784227176328,1784227173721
149.66,1.7,1784227176362,1784227173751
149.70,7.7,1784227176396,1784227173791
149.73,3.7,1784227176429,1784227173820
149.76,-2.3,1784227176463,1784227173848
149.80,4.7,1784227176497,1784227173889
149.83,-0.3,1784227176529,1784227173916
149.86,-4.3,1784227176564,1784227173947
149.90,2.7,1784227176597,1784227173987
149.92,-2.3,1784227176630,1784227174015
149.97,3.7,1784227176665,1784227174056
149.99,-2.3,1784227176699,1784227174084
150.04,6.7,1784227176732,1784227174126
150.06,-0.3,1784227176766,1784227174153
150.11,10.7,1784227176800,1784227174198
150.13,0.7,1784227176834,1784227174222
150.17,10.7,1784227176867,1784227174265
150.20,2.7,1784227176903,1784227174293
150.23,-0.3,1784227176934,1784227174321
150.27,6.7,1784227176968,1784227174362
150.30,2.7,1784227177000,1784227174390
150.34,9.7,1784227177035,1784227174432
150.38,18.7,1784227177068,1784227174474
150.40,-1.3,1784227177102,1784227174488
150.44,5.7,1784227177137,1784227174530
150.47,-1.3,1784227177170,1784227174556
150.50,-3.3,1784227177202,1784227174586
150.54,4.7,1784227177234,1784227174626
150.56,-2.3,1784227177270,1784227174655
150.61,8.7,1784227177303,1784227174699
150.63,0.7,1784227177336,1784227174724
150.68,8.7,1784227177370,1784227174766
150.70,1.7,1784227177404,1784227174793
150.73,-3.3,1784227177438,1784227174822
150.77,5.7,1784227177471,1784227174864
150.80,-0.3,1784227177505,1784227174892
150.84,7.7,1784227177538,1784227174933
150.87,2.8,1784227177572,1784227174962
150.90,-3.2,1784227177605,1784227174989
150.94,5.8,1784227177638,1784227175031
150.97,-2.2,1784227177673,1784227175058
151.01,7.8,1784227177706,1784227175101
151.04,0.8,1784227177740,1784227175128
151.08,8.8,1784227177774,1784227175170
151.11,6.8,1784227177807,1784227175201
151.13,-3.2,1784227177841,1784227175225
151.18,2.8,1784227177877,1784227175267
151.20,-0.2,1784227177908,1784227175295
151.25,8.8,1784227177941,1784227175337
151.27,0.8,1784227177976,1784227175364
151.30,-3.2,1784227178009,1784227175393
151.34,4.8,1784227178042,1784227175434
151.37,-3.2,1784227178077,1784227175461
151.41,5.8,1784227178111,1784227175504
151.44,-0.2,1784227178144,1784227175531
151.48,8.8,1784227178177,1784227175573
151.51,3.8,1784227178210,1784227175601
151.54,-1.2,1784227178243,1784227175629
151.58,7.8,1784227178277,1784227175672
151.61,3.8,1784227178311,1784227175702
151.65,9.8,1784227178345,1784227175742
151.68,4.8,1784227178378,1784227175770
151.71,-2.2,1784227178412,1784227175797
151.75,5.8,1784227178445,1784227175838
151.78,0.8,1784227178478,1784227175866
151.82,8.8,1784227178512,1784227175908
151.85,1.8,1784227178546,1784227175935
151.87,-2.2,1784227178579,1784227175964
151.91,3.8,1784227178614,1784227176005
151.94,-2.2,1784227178647,1784227176032
151.98,6.8,1784227178681,1784227176075
152.01,-0.2,1784227178715,1784227176102
152.04,-4.2,1784227178747,1784227176130
152.08,2.8,1784227178781,1784227176171
152.11,0.8,1784227178815,1784227176203
152.15,4.8,1784227178849,1784227176241
152.18,-1.2,1784227178883,1784227176269
152.22,7.8,1784227178916,1784227176311
152.25,0.8,1784227178951,1784227176339
152.28,-2.2,1784227178982,1784227176367
152.32,4.8,1784227179017,1784227176409
152.35,-0.2,1784227179050,1784227176437
152.39,6.8,1784227179084,1784227176478
152.42,0.8,1784227179118,1784227176506
152.44,-3.2,1784227179151,1784227176535
152.49,3.8,1784227179185,1784227176576
152.51,-1.2,1784227179217,1784227176603
152.56,5.8,1784227179252,1784227176645
152.58,0.8,1784227179285,1784227176673
152.61,-0.2,1784227179318,1784227176705
152.65,1.8,1784227179353,1784227176742
152.68,-3.2,1784227179386,1784227176770
152.72,4.8,1784227179419,1784227176811
152.75,-0.2,1784227179453,1784227176840
152.79,5.8,1784227179488,1784227176881
152.82,1.8,1784227179521,1784227176910
152.85,-3.2,1784227179554,1784227176938
152.89,4.0,1784227179588,1784227176979
152.92,-4.0,1784227179623,1784227177006
152.96,5.0,1784227179657,1784227177049
152.99,0.0,1784227179690,1784227177077
153.03,9.0,1784227179723,1784227177119
153.06,1.0,1784227179757,1784227177145
153.08,-3.0,1784227179790,1784227177174
153.13,6.0,1784227179823,1784227177216
153.15,1.0,1784227179856,1784227177244
153.18,-4.0,1784227179889,1784227177272
153.22,3.0,1784227179923,1784227177313
153.25,-4.0,1784227179957,1784227177340
153.29,6.0,1784227179990,1784227177383
153.32,0.0,1784227180024,1784227177411
153.37,12.0,1784227180057,1784227177456
153.39,2.0,1784227180091,1784227177480
153.42,-3.0,1784227180125,1784227177509
153.46,5.0,1784227180159,1784227177551
153.49,-1.0,1784227180192,1784227177578
153.53,9.0,1784227180224,1784227177620
153.56,1.0,1784227180259,1784227177647
153.59,-5.0,1784227180293,1784227177675
153.63,4.0,1784227180326,1784227177717
153.65,-3.0,1784227180360,1784227177744
153.70,5.0,1784227180394,1784227177786
153.72,-1.0,1784227180428,1784227177814
153.77,8.0,1784227180461,1784227177856
153.79,3.0,1784227180495,1784227177885
153.84,10.0,1784227180528,1784227177925
153.87,9.0,1784227180562,1784227177958
153.89,-1.0,1784227180595,1784227177981
153.93,7.0,1784227180629,1784227178023
153.96,1.0,1784227180663,1784227178051
153.99,-3.0,1784227180696,1784227178080
154.03,3.0,1784227180730,1784227178120
154.06,-2.0,1784227180763,1784227178148
154.10,6.0,1784227180798,1784227178191
154.13,1.0,1784227180830,1784227178218
154.17,9.0,1784227180864,1784227178260
154.20,2.0,1784227180898,1784227178287
154.23,-2.0,1784227180932,1784227178317
154.27,4.0,1784227180966,1784227178357
154.29,-2.0,1784227181000,1784227178385
154.34,7.0,1784227181033,1784227178427
154.37,6.0,1784227181065,1784227178458
154.39,-3.0,1784227181100,1784227178484
154.43,4.0,1784227181133,1784227178524
154.46,-1.0,1784227181166,1784227178552
154.50,7.0,1784227181200,1784227178594
154.53,1.0,1784227181234,1784227178622
154.56,-4.0,1784227181267,1784227178650
154.60,2.0,1784227181302,1784227178691
154.63,2.0,1784227181335,1784227178724
154.67,6.0,1784227181369,1784227178762
154.70,1.0,1784227181402,1784227178790
154.74,8.0,1784227181436,1784227178831
154.77,4.0,1784227181469,1784227178860
154.80,-3.0,1784227181502,1784227178886
154.84,6.0,1784227181536,1784227178929
154.87,-2.0,1784227181570,1784227178955
154.91,6.9,1784227181603,1784227178997
154.93,-0.1,1784227181638,1784227179025
154.98,8.9,1784227181672,1784227179068
155.00,1.9,1784227181706,1784227179095
155.03,-3.1,1784227181739,1784227179123
155.08,6.9,1784227181772,1784227179166
155.10,-0.1,1784227181806,1784227179193
155.15,8.9,1784227181840,1784227179236
155.17,1.9,1784227181873,1784227179262
155.21,9.9,1784227181907,1784227179304
155.24,4.9,1784227181940,1784227179332
155.27,-0.1,1784227181973,1784227179360
155.33,19.9,1784227182009,1784227179416
155.34,0.9,1784227182041,1784227179429
155.38,8.9,1784227182075,1784227179471
155.41,2.9,1784227182108,1784227179498
155.45,10.9,1784227182142,1784227179540
155.48,5.9,1784227182175,1784227179568
155.51,-0.1,1784227182209,1784227179596
155.53,-4.1,1784227182241,1784227179624
155.58,3.9,1784227182274,1784227179665
155.60,-2.1,1784227182309,1784227179694
155.65,7.9,1784227182342,1784227179737
155.67,0.9,1784227182376,1784227179764
155.71,7.9,1784227182410,1784227179805
155.74,2.9,1784227182443,1784227179833
155.77,-3.1,1784227182477,1784227179861
155.81,3.9,1784227182511,1784227179902
155.84,-2.1,1784227182545,1784227179930
155.88,7.9,1784227182577,1784227179972
155.91,1.9,1784227182611,1784227180000
155.94,-3.1,1784227182645,1784227180029
155.98,3.9,1784227182678,1784227180069
156.01,-3.1,1784227182713,1784227180097
156.05,5.9,1784227182746,1784227180139
156.08,0.9,1784227182779,1784227180167
156.12,9.9,1784227182813,1784227180210
156.15,2.9,1784227182847,1784227180237
156.19,10.9,1784227182882,1784227180280
156.22,4.9,1784227182915,1784227180307
156.24,-1.1,1784227182948,1784227180334
156.29,5.9,1784227182983,1784227180376
156.31,0.9,1784227183016,1784227180404
156.36,6.9,1784227183051,1784227180445
156.38,0.9,1784227183085,1784227180473
156.41,-3.1,1784227183117,1784227180501
156.45,5.9,1784227183150,1784227180543
156.48,-0.1,1784227183184,1784227180571
156.52,9.9,1784227183216,1784227180613
156.55,4.9,1784227183250,1784227180642
156.58,-1.1,1784227183283,1784227180669
156.62,6.9,1784227183317,1784227180711
156.65,2.9,1784227183350,1784227180740
156.69,8.9,1784227183384,1784227180780
156.72,1.9,1784227183418,1784227180807
156.75,-3.1,1784227183451,1784227180835
156.79,6.9,1784227183485,1784227180879
156.81,-1.1,1784227183519,1784227180905
156.86,8.9,1784227183552,1784227180948
156.88,2.0,1784227183586,1784227180975
156.91,-4.0,1784227183620,1784227181003
156.96,4.0,1784227183654,1784227181045
156.98,-3.0,1784227183687,1784227181071
157.02,7.0,1784227183720,1784227181114
157.05,1.0,1784227183754,1784227181142
157.08,-5.0,1784227183788,1784227181170
157.12,5.0,1784227183820,1784227181212
157.15,-3.0,1784227183855,1784227181239
157.19,7.0,1784227183888,1784227181282
157.22,1.0,1784227183922,1784227181310
157.26,8.0,1784227183956,1784227181351
157.29,3.0,1784227183989,1784227181379
157.33,10.0,1784227184023,1784227181420
157.36,6.0,1784227184056,1784227181449
157.39,-1.0,1784227184090,1784227181476
157.43,7.0,1784227184124,1784227181518
157.46,0.0,1784227184158,1784227181545
157.48,-4.0,1784227184191,1784227181574
157.53,4.0,1784227184225,1784227181616
157.55,-1.0,1784227184258,1784227181644
157.60,8.0,1784227184290,1784227181685
157.62,2.0,1784227184324,1784227181713
157.65,-4.0,1784227184358,1784227181741
157.69,4.0,1784227184392,1784227181783
157.72,-1.0,1784227184425,1784227181811
157.76,6.0,1784227184460,1784227181853
157.79,-2.0,1784227184495,1784227181880
157.83,8.0,1784227184527,1784227181922
157.86,2.0,1784227184561,1784227181950
157.89,-4.0,1784227184595,1784227181978
157.93,3.0,1784227184629,1784227182019
157.96,-1.0,1784227184662,1784227182048
158.00,6.0,1784227184696,1784227182089
158.03,2.0,1784227184728,1784227182117
158.07,9.0,1784227184763,1784227182159
158.10,3.0,1784227184796,1784227182186
158.13,-1.0,1784227184830,1784227182216
158.17,5.0,1784227184864,1784227182256
158.19,1.0,1784227184896,1784227182284
158.24,8.0,1784227184930,1784227182325
158.26,1.0,1784227184966,1784227182354
158.29,-3.0,1784227184998,1784227182382
158.33,5.0,1784227185031,1784227182423
158.36,0.0,1784227185064,1784227182451
158.40,9.0,1784227185097,1784227182493
158.43,3.0,1784227185131,1784227182521
158.46,-4.0,1784227185166,1784227182549
158.50,5.0,1784227185199,1784227182591
158.53,-2.0,1784227185233,1784227182618
158.57,8.0,1784227185265,1784227182660
158.60,2.0,1784227185298,1784227182687
158.64,9.0,1784227185333,1784227182729
158.67,3.0,1784227185368,1784227182758
158.70,-1.0,1784227185400,1784227182786
158.74,7.0,1784227185434,1784227182828
158.76,0.0,1784227185467,1784227182854
158.81,10.0,1784227185501,1784227182898
158.83,2.0,1784227185535,1784227182924
158.86,-2.0,1784227185568,1784227182953
158.90,4.9,1784227185602,1784227182994
158.93,-3.1,1784227185637,1784227183021
158.97,7.9,1784227185669,1784227183064
159.00,0.9,1784227185703,1784227183091
159.03,-4.1,1784227185737,1784227183120
159.07,3.9,1784227185770,1784227183161
159.10,-2.1,1784227185804,1784227183189
159.14,6.9,1784227185837,1784227183231
159.17,0.9,1784227185871,1784227183259
159.20,-4.1,1784227185903,1784227183286
159.24,1.9,1784227185938,1784227183327
159.27,-2.1,1784227185971,1784227183356
159.31,5.9,1784227186005,1784227183398
159.34,-0.1,1784227186038,1784227183425
159.38,8.9,1784227186072,1784227183468
159.41,5.9,1784227186106,1784227183499
159.43,-4.1,1784227186140,1784227183523
159.47,2.9,1784227186174,1784227183564
159.50,-1.1,1784227186206,1784227183592
159.54,7.9,1784227186240,1784227183635
159.57,1.9,1784227186273,1784227183662
159.60,-5.1,1784227186308,1784227183690
159.64,2.9,1784227186341,1784227183731
159.67,-2.1,1784227186374,1784227183759
159.71,5.9,1784227186408,1784227183801
159.74,1.9,1784227186441,1784227183830
159.78,8.9,1784227186475,1784227183871
159.81,2.9,1784227186509,1784227183899
159.84,-2.1,1784227186542,1784227183927
159.88,5.9,1784227186576,1784227183969
159.91,0.9,1784227186609,1784227183997
159.95,7.9,1784227186643,1784227184038
159.98,0.9,1784227186677,1784227184065
160.00,-4.1,1784227186711,1784227184094
160.05,2.9,1784227186745,1784227184135
160.07,0.9,1784227186777,1784227184165
160.12,5.9,1784227186812,1784227184205
160.14,-0.1,1784227186845,1784227184232
160.18,8.9,1784227186879,1784227184275
160.21,3.9,1784227186912,1784227184303
160.24,-2.1,1784227186946,1784227184331
160.28,3.9,1784227186980,1784227184371
160.31,-1.1,1784227187014,1784227184400
160.35,7.9,1784227187047,1784227184442
160.38,2.9,1784227187080,1784227184470
160.41,-1.1,1784227187114,1784227184500
160.45,4.9,1784227187148,1784227184540
160.48,-1.1,1784227187181,1784227184567
160.52,6.9,1784227187215,1784227184609
160.55,0.9,1784227187249,1784227184637
160.57,-3.1,1784227187281,1784227184665
160.62,3.9,1784227187315,1784227184706
160.64,-1.1,1784227187349,1784227184735
160.69,5.9,1784227187383,1784227184776
160.71,1.9,1784227187415,1784227184804
160.74,-3.1,1784227187449,1784227184833
160.78,2.9,1784227187483,1784227184873
160.81,-1.1,1784227187516,1784227184902
160.85,3.9,1784227187552,1784227184943
160.88,-0.1,1784227187584,1784227184971
160.92,8.0,1784227187618,1784227185013
160.95,3.0,1784227187651,1784227185041
160.99,10.0,1784227187686,1784227185083
161.02,4.0,1784227187720,1784227185111
161.05,-1.0,1784227187752,1784227185138
161.09,6.0,1784227187786,1784227185179
161.12,1.0,1784227187820,1784227185208
161.16,9.0,1784227187853,1784227185249
161.19,2.0,1784227187888,1784227185277
161.21,-4.0,1784227187921,1784227185304
161.26,5.0,1784227187955,1784227185347
161.28,-1.0,1784227187988,1784227185374
161.33,5.0,1784227188024,1784227185416
161.37,19.0,1784227188055,1784227185461
161.40,18.0,1784227188089,1784227185494
161.43,8.0,1784227188123,1784227185518
161.46,7.0,1784227188157,1784227185551
161.49,1.0,1784227188191,1784227185579
161.52,-2.0,1784227188223,1784227185608
161.56,6.0,1784227188257,1784227185650
161.59,3.0,1784227188289,1784227185679
161.62,-2.0,1784227188323,1784227185708
161.66,9.0,1784227188357,1784227185753
161.69,0.0,1784227188390,1784227185777
161.73,8.0,1784227188424,1784227185819
161.76,4.0,1784227188457,1784227185848
161.79,-3.0,1784227188491,1784227185875
161.83,5.0,1784227188524,1784227185916
161.85,0.0,1784227188558,1784227185945
161.90,8.0,1784227188592,1784227185987
161.93,3.0,1784227188626,1784227186016
161.95,-3.0,1784227188659,1784227186043
161.99,4.0,1784227188693,1784227186084
162.02,-1.0,1784227188726,1784227186112
162.06,8.0,1784227188759,1784227186154
162.09,2.0,1784227188793,1784227186182
162.12,-3.0,1784227188827,1784227186211
162.16,6.0,1784227188860,1784227186253
162.20,10.0,1784227188896,1784227186293
162.23,5.0,1784227188929,1784227186321
162.26,0.0,1784227188962,1784227186349
162.30,8.0,1784227188996,1784227186391
162.33,3.0,1784227189029,1784227186419
162.36,-3.0,1784227189062,1784227186446
162.40,7.0,1784227189095,1784227186489
162.44,15.0,1784227189129,1784227186531
162.47,9.0,1784227189162,1784227186558
162.50,4.0,1784227189196,1784227186587
162.52,-4.0,1784227189230,1784227186613
162.57,5.0,1784227189264,1784227186656
162.59,-1.0,1784227189297,1784227186683
162.63,8.0,1784227189330,1784227186725
162.67,4.0,1784227189364,1784227186755
162.69,-5.0,1784227189399,1784227186781
162.73,3.0,1784227189432,1784227186822
162.76,-2.0,1784227189465,1784227186850
162.80,6.0,1784227189499,1784227186892
162.83,1.0,1784227189533,1784227186921
162.87,6.0,1784227189568,1784227186961
162.90,3.0,1784227189600,1784227186990
162.94,11.0,1784227189636,1784227187034
162.97,8.0,1784227189667,1784227187062
163.00,-1.0,1784227189703,1784227187089
163.04,8.0,1784227189735,1784227187130
163.07,0.0,1784227189770,1784227187157
163.11,9.0,1784227189802,1784227187198
163.14,3.0,1784227189835,1784227187225
163.16,-4.0,1784227189870,1784227187253
163.20,3.0,1784227189904,1784227187294
163.23,0.0,1784227189936,1784227187323
163.27,8.0,1784227189970,1784227187365
163.30,1.0,1784227190005,1784227187393
163.33,-3.0,1784227190037,1784227187421
163.37,4.0,1784227190071,1784227187462
163.40,0.0,1784227190103,1784227187490
163.44,6.0,1784227190138,1784227187531
163.47,2.0,1784227190172,1784227187561
163.50,1.0,1784227190204,1784227187592
163.55,12.0,1784227190237,1784227187636
163.62,56.0,1784227190271,1784227187714
163.62,23.0,1784227190304,1784227187714
163.65,18.0,1784227190338,1784227187743
163.68,9.0,1784227190372,1784227187768
163.71,2.0,1784227190406,1784227187795
163.73,-3.0,1784227190440,1784227187824
163.78,4.0,1784227190474,1784227187865
163.80,1.0,1784227190506,1784227187894
163.85,8.0,1784227190541,1784227187936
163.87,2.0,1784227190574,1784227187963
163.90,-4.0,1784227190608,1784227187991
163.94,6.0,1784227190641,1784227188034
163.97,0.0,1784227190675,1784227188062
164.01,7.0,1784227190710,1784227188104
164.04,3.0,1784227190742,1784227188132
164.07,-4.0,1784227190776,1784227188159
164.11,4.0,1784227190810,1784227188201
164.14,-2.0,1784227190842,1784227188227
164.18,8.0,1784227190876,1784227188271
164.21,2.0,1784227190910,1784227188299
164.25,8.0,1784227190944,1784227188339
164.28,4.0,1784227190977,1784227188368
164.30,-2.0,1784227191010,1784227188395
164.35,6.0,1784227191044,1784227188437
164.37,0.0,1784227191078,1784227188465
164.42,8.0,1784227191112,1784227188507
164.45,3.0,1784227191146,1784227188536
164.47,-2.0,1784227191177,1784227188562
164.51,6.0,1784227191211,1784227188604
164.54,1.0,1784227191245,1784227188633
164.58,5.0,1784227191281,1784227188673
164.61,1.0,1784227191313,1784227188701
164.64,-4.0,1784227191347,1784227188730
164.68,8.0,1784227191380,1784227188775
164.72,11.0,1784227191414,1784227188812
164.75,6.0,1784227191447,1784227188840
164.78,2.0,1784227191480,1784227188869
164.84,23.0,1784227191515,1784227188925
164.85,5.0,1784227191549,1784227188941
164.97,86.0,1784227191583,1784227189056
164.97,52.0,1784227191617,1784227189056
164.97,21.0,1784227191648,1784227189056
165.03,43.7,1784227191683,1784227189116
165.03,9.7,1784227191717,1784227189116
165.04,-4.3,1784227191750,1784227189135
165.09,5.7,1784227191784,1784227189179
165.12,0.7,1784227191818,1784227189208
165.15,-5.3,1784227191851,1784227189235
165.20,15.7,1784227191884,1784227189289
165.21,-3.3,1784227191917,1784227189303
165.25,3.7,1784227191952,1784227189345
165.28,-0.3,1784227191985,1784227189374
165.32,-0.3,1784227192020,1784227189409
165.35,-2.3,1784227192053,1784227189440
165.39,5.7,1784227192086,1784227189481
165.42,0.7,1784227192119,1784227189509
165.45,-5.3,1784227192153,1784227189537
165.49,3.7,1784227192186,1784227189579
165.52,-4.3,1784227192221,1784227189606
165.56,4.7,1784227192255,1784227189649
165.59,-1.3,1784227192288,1784227189676
165.61,-6.3,1784227192321,1784227189704
165.66,2.7,1784227192354,1784227189746
165.69,-1.3,1784227192388,1784227189776
165.73,5.7,1784227192422,1784227189817
165.77,12.7,1784227192455,1784227189857
165.80,8.7,1784227192488,1784227189886
165.82,0.7,1784227192523,1784227189913
165.85,-5.3,1784227192557,1784227189941
165.89,2.7,1784227192590,1784227189982
165.92,-3.3,1784227192624,1784227190010
165.96,5.7,1784227192657,1784227190052
165.99,-3.3,1784227192694,1784227190080
166.03,5.7,1784227192726,1784227190121
166.06,1.7,1784227192758,1784227190149
166.09,-4.3,1784227192792,1784227190177
166.13,3.7,1784227192826,1784227190219
166.16,-1.3,1784227192859,1784227190247
166.20,4.7,1784227192894,1784227190288
166.23,-0.3,1784227192927,1784227190316
166.25,-5.3,1784227192961,1784227190345
166.30,2.7,1784227192994,1784227190386
166.32,-3.3,1784227193028,1784227190414
166.37,5.7,1784227193061,1784227190456
166.39,-0.3,1784227193095,1784227190484
166.44,7.7,1784227193130,1784227190527
166.46,1.7,1784227193162,1784227190553
166.49,-4.3,1784227193196,1784227190581
166.53,3.7,1784227193230,1784227190623
166.56,-0.3,1784227193262,1784227190651
166.60,6.7,1784227193296,1784227190692
166.63,0.7,1784227193329,1784227190719
166.66,-2.3,1784227193362,1784227190749
166.70,5.7,1784227193396,1784227190791
166.73,-1.3,1784227193430,1784227190818
166.75,-6.3,1784227193462,1784227190845
166.80,0.7,1784227193497,1784227190887
166.83,-4.3,1784227193531,1784227190916
166.87,3.7,1784227193564,1784227190957
166.89,-4.3,1784227193599,1784227190984
166.94,7.7,1784227193632,1784227191029
166.98,17.7,1784227193665,1784227191072
167.01,5.9,1784227193700,1784227191095
167.03,3.9,1784227193732,1784227191125
167.06,-2.1,1784227193765,1784227191152
167.10,3.9,1784227193800,1784227191193
167.13,-1.1,1784227193833,1784227191221
167.17,6.9,1784227193867,1784227191263
167.20,-0.1,1784227193901,1784227191290
167.24,6.9,1784227193936,1784227191332
167.27,2.9,1784227193968,1784227191360
167.30,-2.1,1784227194002,1784227191389
167.34,5.9,1784227194036,1784227191431
167.37,-0.1,1784227194069,1784227191458
167.40,-6.1,1784227194103,1784227191486
167.44,4.9,1784227194136,1784227191530
167.47,-3.1,1784227194169,1784227191555
167.51,4.9,1784227194203,1784227191597
167.54,-0.1,1784227194236,1784227191625
167.56,-6.1,1784227194270,1784227191653
167.60,0.9,1784227194304,1784227191694
167.63,-2.1,1784227194336,1784227191723
167.67,3.9,1784227194371,1784227191764
167.70,-2.1,1784227194404,1784227191791
167.73,-7.1,1784227194438,1784227191820
167.77,0.9,1784227194471,1784227191861
167.80,-5.1,1784227194506,1784227191890
167.84,3.9,1784227194539,1784227191932
167.87,-2.1,1784227194572,1784227191959
167.91,5.9,1784227194606,1784227192001
167.94,0.9,1784227194640,1784227192030
167.97,-5.1,1784227194673,1784227192057
168.01,2.9,1784227194707,1784227192099
168.04,-5.1,1784227194742,1784227192126
168.08,3.9,1784227194776,1784227192169
168.11,-1.1,1784227194808,1784227192196
168.15,5.9,1784227194842,1784227192237
168.17,-0.1,1784227194875,1784227192264
168.22,8.9,1784227194909,1784227192307
168.25,2.9,1784227194944,1784227192336
168.27,-3.1,1784227194977,1784227192363
168.31,5.9,1784227195010,1784227192405
168.34,-0.1,1784227195043,1784227192432
168.37,-7.1,1784227195078,1784227192460
168.41,1.9,1784227195111,1784227192502
168.44,-2.1,1784227195144,1784227192531
168.48,4.9,1784227195178,1784227192572
168.51,-0.1,1784227195210,1784227192599
168.55,5.9,1784227195246,1784227192641
168.58,2.9,1784227195278,1784227192670
168.61,-3.1,1784227195311,1784227192697
168.65,4.9,1784227195345,1784227192739
168.68,-0.1,1784227195378,1784227192767
168.70,-6.1,1784227195411,1784227192794
168.75,2.9,1784227195445,1784227192837
168.77,-5.1,1784227195480,1784227192864
168.82,2.9,1784227195514,1784227192906
168.84,-1.1,1784227195547,1784227192935
168.89,6.9,1784227195580,1784227192976
168.91,-0.1,1784227195614,1784227193003
168.94,-5.1,1784227195648,1784227193032
168.98,3.2,1784227195682,1784227193074
169.01,-1.8,1784227195714,1784227193101
169.05,5.2,1784227195749,1784227193143
169.09,10.2,1784227195785,1784227193184
169.12,6.2,1784227195818,1784227193213
169.15,1.2,1784227195851,1784227193241
169.18,-3.8,1784227195883,1784227193268
169.22,5.2,1784227195916,1784227193310
169.25,-2.8,1784227195951,1784227193337
169.29,7.2,1784227195984,1784227193380
169.32,0.2,1784227196018,1784227193407
169.36,9.2,1784227196052,1784227193450
169.39,2.2,1784227196085,1784227193476
169.42,-1.8,1784227196118,1784227193505
169.46,4.2,1784227196153,1784227193546
169.48,-0.8,1784227196186,1784227193574
169.51,-5.8,1784227196219,1784227193602
169.55,2.2,1784227196253,1784227193644
169.58,-4.8,1784227196287,1784227193671
169.62,5.2,1784227196320,1784227193714
169.65,-0.8,1784227196353,1784227193741
169.68,-3.8,1784227196385,1784227193770
169.72,2.2,1784227196420,1784227193811
169.75,-2.8,1784227196453,1784227193839
169.79,6.2,1784227196486,1784227193881
169.82,-0.8,1784227196520,1784227193908
169.85,-5.8,1784227196554,1784227193937
169.89,0.2,1784227196588,1784227193977
169.92,-4.8,1784227196622,1784227194006
169.96,4.2,1784227196655,1784227194048
169.99,-1.8,1784227196689,1784227194076
170.03,6.2,1784227196722,1784227194117
170.05,-1.8,1784227196757,1784227194144
170.08,-5.8,1784227196790,1784227194173
170.12,3.2,1784227196823,1784227194215
170.15,-3.8,1784227196857,1784227194242
170.20,6.2,1784227196890,1784227194285
170.22,-0.8,1784227196924,1784227194312
170.26,6.2,1784227196958,1784227194353
170.29,0.2,1784227196992,1784227194381
170.32,-3.8,1784227197025,1784227194410
170.36,3.2,1784227197059,1784227194451
170.39,-1.8,1784227197093,1784227194480
170.43,5.2,1784227197127,1784227194521
170.47,13.2,1784227197161,1784227194563
170.49,-5.8,1784227197194,1784227194577
170.53,1.2,1784227197228,1784227194618
170.56,-3.8,1784227197261,1784227194646
170.60,4.2,1784227197295,1784227194688
170.63,-1.8,1784227197329,1784227194716
170.65,-4.8,1784227197360,1784227194744
170.70,4.2,1784227197394,1784227194787
170.72,-4.8,1784227197429,1784227194813
170.77,4.2,1784227197462,1784227194855
170.79,-0.8,1784227197495,1784227194883
170.83,6.2,1784227197529,1784227194924
170.86,2.2,1784227197562,1784227194953
170.90,10.2,1784227197595,1784227194994
170.93,5.2,1784227197629,1784227195023
170.96,-3.8,1784227197664,1784227195049
171.00,5.4,1784227197697,1784227195091
171.03,1.4,1784227197730,1784227195120
171.06,-5.6,1784227197764,1784227195147
171.10,3.4,1784227197798,1784227195190
171.13,-0.6,1784227197830,1784227195218
171.17,5.4,1784227197864,1784227195258
171.20,1.4,1784227197899,1784227195289
171.24,7.4,1784227197934,1784227195330
171.27,1.4,1784227197966,1784227195356
171.31,9.4,1784227198000,1784227195398
171.34,1.4,1784227198035,1784227195425
171.36,-1.6,1784227198067,1784227195454
171.41,6.4,1784227198101,1784227195496
171.43,-0.6,1784227198135,1784227195523
171.47,8.4,1784227198168,1784227195565
171.50,2.4,1784227198202,1784227195593
171.53,-2.6,1784227198235,1784227195621
171.57,6.4,1784227198268,1784227195663
171.60,-0.6,1784227198302,1784227195690
171.64,8.4,1784227198335,1784227195732
171.67,2.4,1784227198368,1784227195759
171.70,-0.6,1784227198401,1784227195789
171.74,5.4,1784227198436,1784227195830
171.77,-1.6,1784227198470,1784227195857
171.80,-5.6,1784227198503,1784227195886
171.84,1.4,1784227198537,1784227195927
171.87,-4.6,1784227198571,1784227195955
171.91,4.4,1784227198604,1784227195997
171.94,-0.6,1784227198638,1784227196026
171.98,6.4,1784227198671,1784227196066
172.00,0.4,1784227198705,1784227196094
172.03,-4.6,1784227198738,1784227196122
172.07,3.4,1784227198772,1784227196164
172.10,-1.6,1784227198805,1784227196192
172.14,6.4,1784227198838,1784227196233
172.17,1.4,1784227198872,1784227196262
172.20,-3.6,1784227198906,1784227196291
172.24,0.4,1784227198942,1784227196331
172.27,-5.6,1784227198975,1784227196358
172.31,4.4,1784227199008,1784227196401
172.34,-2.6,1784227199041,1784227196427
172.38,6.4,1784227199075,1784227196470
172.41,0.4,1784227199109,1784227196498
172.45,10.4,1784227199142,1784227196541
172.48,2.4,1784227199177,1784227196568
172.51,-2.6,1784227199209,1784227196595
172.55,4.4,1784227199245,1784227196638
172.57,0.4,1784227199276,1784227196665
172.60,-4.6,1784227199309,1784227196693
172.65,4.4,1784227199343,1784227196736
172.67,-2.6,1784227199376,1784227196762
172.70,-5.6,1784227199410,1784227196793
172.74,-0.6,1784227199444,1784227196832
172.77,-6.6,1784227199477,1784227196859
172.81,0.4,1784227199512,1784227196901
172.84,-3.6,1784227199545,1784227196930
172.88,3.4,1784227199579,1784227196971
172.91,-0.6,1784227199611,1784227196999
172.94,-6.6,1784227199645,1784227197027
172.98,2.4,1784227199678,1784227197069
173.01,-5.4,1784227199713,1784227197096
173.05,3.6,1784227199746,1784227197138
173.08,-1.4,1784227199779,1784227197166
173.12,4.6,1784227199815,1784227197208
173.15,-0.4,1784227199848,1784227197236
173.19,7.6,1784227199882,1784227197278
173.21,1.6,1784227199915,1784227197305
173.26,9.6,1784227199949,1784227197347
173.29,5.6,1784227199982,1784227197376
173.31,-0.4,1784227200015,1784227197403
173.35,7.6,1784227200049,1784227197445
173.38,1.6,1784227200083,1784227197473
173.41,-2.4,1784227200115,1784227197501
173.45,4.6,1784227200150,1784227197543
173.48,-3.4,1784227200184,1784227197569
173.52,6.6,1784227200217,1784227197612
173.55,2.6,1784227200249,1784227197640
173.60,20.6,1784227200284,1784227197693
173.62,3.6,1784227200319,1784227197711
173.65,-0.4,1784227200351,1784227197739
173.69,5.6,1784227200385,1784227197779
173.74,21.6,1784227200418,1784227197828
173.76,13.6,1784227200452,1784227197854
173.79,4.6,1784227200486,1784227197879
173.83,14.6,1784227200520,1784227197923
173.85,-2.4,1784227200553,1784227197939
173.88,-5.4,1784227200586,1784227197969
173.92,3.6,1784227200620,1784227198012
173.95,1.6,1784227200653,1784227198043
173.99,7.6,1784227200688,1784227198084
174.02,-1.4,1784227200722,1784227198109
174.05,-4.4,1784227200755,1784227198139
174.09,5.6,1784227200788,1784227198182
174.12,-1.4,1784227200823,1784227198210
174.16,7.6,1784227200856,1784227198252
174.19,2.6,1784227200889,1784227198280
174.23,10.6,1784227200923,1784227198322
174.26,5.6,1784227200956,1784227198350
174.29,-0.4,1784227200990,1784227198378
174.33,4.6,1784227201025,1784227198418
174.36,-1.4,1784227201059,1784227198446
174.38,-5.4,1784227201091,1784227198474
174.43,2.6,1784227201125,1784227198516
174.46,0.6,1784227201158,1784227198547
174.49,4.6,1784227201192,1784227198585
174.52,-3.4,1784227201228,1784227198613
174.56,6.6,1784227201260,1784227198655
174.59,2.6,1784227201292,1784227198683
174.62,-3.4,1784227201326,1784227198711
174.66,4.6,1784227201360,1784227198753
174.69,0.6,1784227201392,1784227198781
174.72,-3.4,1784227201426,1784227198811
174.76,0.6,1784227201460,1784227198849
174.79,-4.4,1784227201493,1784227198877
174.83,5.6,1784227201526,1784227198920
174.86,0.6,1784227201560,1784227198949
174.90,5.6,1784227201594,1784227198988
174.93,2.6,1784227201627,1784227199018
174.96,-1.4,1784227201661,1784227199048
175.00,2.8,1784227201695,1784227199086
175.02,-2.2,1784227201728,1784227199114
175.07,4.8,1784227201762,1784227199155
175.09,0.8,1784227201795,1784227199184
175.13,6.8,1784227201830,1784227199225
175.16,3.8,1784227201862,1784227199254
175.19,-3.2,1784227201896,1784227199281
175.23,4.8,1784227201929,1784227199322
175.26,-2.2,1784227201964,1784227199350
175.30,5.8,1784227201998,1784227199392
175.33,0.8,1784227202032,1784227199421
175.36,-5.2,1784227202066,1784227199449
175.40,1.8,1784227202100,1784227199490
175.44,9.8,1784227202133,1784227199531
175.47,5.8,1784227202166,1784227199560
175.50,-0.2,1784227202199,1784227199587
175.54,7.8,1784227202233,1784227199629
175.57,0.8,1784227202267,1784227199656
175.60,-4.2,1784227202301,1784227199685
175.64,4.8,1784227202334,1784227199727
175.66,-0.2,1784227202367,1784227199755
175.71,11.8,1784227202400,1784227199800
175.73,0.8,1784227202434,1784227199823
175.76,-4.2,1784227202468,1784227199852
175.80,5.8,1784227202500,1784227199894
175.83,-1.2,1784227202536,1784227199923
175.87,5.8,1784227202569,1784227199963
175.90,0.8,1784227202602,1784227199991
175.93,-3.2,1784227202635,1784227200020
175.97,3.8,1784227202670,1784227200062
176.00,-4.2,1784227202703,1784227200087
176.04,6.8,1784227202736,1784227200131
176.07,-0.2,1784227202771,1784227200159
176.10,-5.2,1784227202804,1784227200187
176.14,2.8,1784227202837,1784227200228
176.17,-3.2,1784227202871,1784227200256
176.21,6.8,1784227202904,1784227200299
176.23,-2.2,1784227202939,1784227200325
176.28,7.8,1784227202971,1784227200367
176.30,0.8,1784227203006,1784227200395
176.35,7.8,1784227203041,1784227200437
176.37,2.8,1784227203074,1784227200465
176.40,-2.2,1784227203107,1784227200493
176.44,4.8,1784227203141,1784227200534
176.47,-1.2,1784227203174,1784227200561
176.50,-5.2,1784227203207,1784227200590
176.54,1.8,1784227203241,1784227200631
176.57,-4.2,1784227203276,1784227200660
176.61,4.8,1784227203309,1784227200702
176.64,-0.2,1784227203342,1784227200730
176.68,7.8,1784227203375,1784227200771
176.71,6.8,1784227203407,1784227200802
176.74,-3.2,1784227203441,1784227200826
176.78,3.8,1784227203476,1784227200868
176.81,-1.2,1784227203509,1784227200896
176.85,7.8,1784227203543,1784227200939
176.88,1.8,1784227203576,1784227200966
176.90,-4.2,1784227203611,1784227200995
176.95,3.8,1784227203643,1784227201035
177.10,120.8,1784227203678,1784227201187
177.10,87.8,1784227203711,1784227201187
177.10,53.8,1784227203745,1784227201187
177.10,20.8,1784227203778,1784227201187
177.11,3.8,1784227203811,1784227201203
177.14,-3.2,1784227203845,1784227201230
177.18,4.8,1784227203878,1784227201271
177.21,2.8,1784227203911,1784227201302
177.25,6.8,1784227203946,1784227201341
177.28,1.8,1784227203980,1784227201370
177.32,6.8,1784227204016,1784227201411
177.35,0.8,1784227204049,1784227201438
177.38,-3.2,1784227204081,1784227201466
177.42,5.8,1784227204115,1784227201509
177.45,-1.2,1784227204149,1784227201536
177.49,6.8,1784227204183,1784227201578
177.51,1.8,1784227204215,1784227201605
177.54,-4.2,1784227204249,1784227201633
177.58,5.8,1784227204281,1784227201675
177.61,-1.2,1784227204316,1784227201703
177.65,6.8,1784227204350,1784227201745
177.68,0.8,1784227204383,1784227201772
177.71,-1.2,1784227204416,1784227201803
177.75,4.8,1784227204449,1784227201842
177.78,-2.2,1784227204484,1784227201870
177.82,7.8,1784227204516,1784227201912
177.85,0.8,1784227204551,1784227201940
177.88,-5.2,1784227204585,1784227201968
177.92,4.8,1784227204617,1784227202010
177.95,-2.2,1784227204651,1784227202037
177.99,5.8,1784227204685,1784227202079
178.02,-0.2,1784227204719,1784227202107
178.06,5.8,1784227204754,1784227202148
178.09,-0.2,1784227204787,1784227202175
178.11,-4.2,1784227204820,1784227202204
178.16,4.8,1784227204853,1784227202246
178.18,-1.2,1784227204887,1784227202274
178.22,-4.2,1784227204921,1784227202305
178.25,1.8,1784227204954,1784227202344
178.28,-5.2,1784227204988,1784227202371
178.32,3.8,1784227205021,1784227202413
178.35,-3.2,1784227205054,1784227202439
178.39,6.8,1784227205088,1784227202483
178.42,1.8,1784227205121,1784227202511
178.45,-6.2,1784227205156,1784227202538
178.49,4.8,1784227205188,1784227202581
178.52,-3.2,1784227205223,1784227202608
178.56,5.8,1784227205255,1784227202649
178.59,-1.2,1784227205291,1784227202678
178.63,8.8,1784227205323,1784227202720
178.66,2.8,1784227205357,1784227202748
178.70,7.8,1784227205392,1784227202788
178.72,-6.2,1784227205423,1784227202805
178.75,-2.2,1784227205458,1784227202844
178.78,-7.2,1784227205491,1784227202872
178.82,-0.2,1784227205526,1784227202914
178.85,-4.2,1784227205559,1784227202943
178.89,4.8,1784227205592,1784227202985
178.92,-2.2,1784227205626,1784227203012
178.97,7.8,1784227205660,1784227203056
178.99,1.8,1784227205692,1784227203082
179.02,-5.2,1784227205726,1784227203109
179.06,2.8,1784227205760,1784227203151
179.09,-4.2,1784227205794,1784227203178
179.13,5.0,1784227205828,1784227203221
179.16,-1.0,1784227205862,1784227203249
179.20,7.0,1784227205894,1784227203289
179.23,2.0,1784227205928,1784227203318
179.26,-5.0,1784227205962,1784227203345
179.30,3.0,1784227205996,1784227203387
179.33,-1.0,1784227206029,1784227203416
179.37,5.0,1784227206064,1784227203457
179.40,0.0,1784227206097,1784227203485
179.44,8.0,1784227206131,1784227203527
179.47,5.0,1784227206164,1784227203557
179.49,-3.0,1784227206198,1784227203583
179.53,5.0,1784227206231,1784227203624
179.56,-1.0,1784227206265,1784227203652
179.60,7.0,1784227206299,1784227203694
179.63,1.0,1784227206332,1784227203721
179.66,-5.0,1784227206367,1784227203750
179.70,3.0,1784227206400,1784227203791
179.73,-4.0,1784227206434,1784227203818
179.77,5.0,1784227206467,1784227203860
179.80,2.0,1784227206499,1784227203889
179.83,-6.0,1784227206534,1784227203916
179.87,3.0,1784227206567,1784227203958
179.90,-2.0,1784227206600,1784227203986
179.94,6.0,1784227206634,1784227204028
179.97,2.0,1784227206668,1784227204058
179.99,-6.0,1784227206701,1784227204083
180.04,3.0,1784227206735,1784227204126
180.06,-4.0,1784227206769,1784227204153
180.10,5.0,1784227206802,1784227204195
180.13,-1.0,1784227206835,1784227204222
180.16,-6.0,1784227206869,1784227204251
180.20,1.0,1784227206904,1784227204293
180.23,-4.0,1784227206936,1784227204320
180.27,4.0,1784227206970,1784227204362
180.30,-1.0,1784227207003,1784227204390
180.34,5.0,1784227207040,1784227204433
180.37,-1.0,1784227207073,1784227204460
180.41,10.0,1784227207104,1784227204502
180.44,4.0,1784227207137,1784227204529
180.47,-3.0,1784227207173,1784227204558
180.51,7.0,1784227207205,1784227204600
180.54,-2.0,1784227207241,1784227204627
180.58,8.0,1784227207274,1784227204670
180.61,1.0,1784227207307,1784227204696
180.63,-3.0,1784227207339,1784227204724
180.68,4.0,1784227207373,1784227204765
180.70,-2.0,1784227207408,1784227204794
180.73,-6.0,1784227207440,1784227204822
180.77,3.0,1784227207473,1784227204864
180.80,-4.0,1784227207507,1784227204891
180.84,4.0,1784227207541,1784227204933
180.87,-2.0,1784227207575,1784227204961
180.91,7.0,1784227207608,1784227205003
180.94,1.0,1784227207642,1784227205031
180.97,-4.0,1784227207676,1784227205060
181.01,2.0,1784227207709,1784227205099
181.04,-3.0,1784227207743,1784227205128
181.08,5.0,1784227207777,1784227205170
181.11,-1.0,1784227207810,1784227205197
181.15,9.2,1784227207843,1784227205240
181.18,3.2,1784227207877,1784227205268
181.20,-3.8,1784227207911,1784227205295
181.25,3.2,1784227207945,1784227205336
181.28,-0.8,1784227207978,1784227205365
181.32,7.2,1784227208011,1784227205406
181.34,2.2,1784227208045,1784227205435
181.37,-3.8,1784227208079,1784227205463
181.41,3.2,1784227208113,1784227205504
181.44,-4.8,1784227208148,1784227205531
181.49,7.2,1784227208180,1784227205575
181.51,0.2,1784227208213,1784227205601
181.55,7.2,1784227208248,1784227205643
181.58,3.2,1784227208280,1784227205671
181.61,-1.8,1784227208315,1784227205701
181.65,5.2,1784227208348,1784227205741
181.68,-0.8,1784227208382,1784227205769
181.72,7.2,1784227208415,1784227205810
181.75,3.2,1784227208448,1784227205839
181.78,-3.8,1784227208481,1784227205865
181.82,4.2,1784227208517,1784227205909
181.85,-1.8,1784227208550,1784227205936
181.89,6.2,1784227208583,1784227205977
181.92,0.2,1784227208617,1784227206005
181.94,-3.8,1784227208650,1784227206034
181.99,4.2,1784227208684,1784227206076
182.01,-1.8,1784227208717,1784227206103
182.05,7.2,1784227208750,1784227206145
182.08,0.2,1784227208785,1784227206173
182.11,-3.8,1784227208817,1784227206201
182.15,3.2,1784227208851,1784227206242
182.18,-4.8,1784227208886,1784227206269
182.22,4.2,1784227208920,1784227206312
182.25,-0.8,1784227208953,1784227206340
182.29,7.2,1784227208986,1784227206381
182.32,1.2,1784227209020,1784227206409
182.35,-3.8,1784227209053,1784227206437
182.39,4.2,1784227209088,1784227206480
182.42,-1.8,1784227209122,1784227206508
182.46,7.2,1784227209154,1784227206549
182.49,1.2,1784227209188,1784227206577
182.53,8.2,1784227209222,1784227206618
182.56,3.2,1784227209255,1784227206646
182.58,-2.8,1784227209289,1784227206674
182.63,6.2,1784227209322,1784227206716
182.65,0.2,1784227209356,1784227206744
182.69,7.2,1784227209390,1784227206785
182.72,1.2,1784227209424,1784227206813
182.75,-1.8,1784227209455,1784227206841
182.79,5.2,1784227209489,1784227206882
182.82,1.2,1784227209522,1784227206911
182.86,9.2,1784227209557,1784227206954
182.89,1.2,1784227209591,1784227206980
182.92,-2.8,1784227209624,1784227207009
182.96,4.2,1784227209658,1784227207050
182.99,1.2,1784227209692,1784227207081
183.03,6.2,1784227209725,1784227207119
183.06,2.2,1784227209758,1784227207148
183.09,-4.8,1784227209793,1784227207176
183.13,3.2,1784227209826,1784227207217
183.15,-1.8,1784227209859,1784227207245
183.20,5.2,1784227209893,1784227207286
183.22,0.2,1784227209927,1784227207315
183.25,-5.8,1784227209960,1784227207342
183.29,3.2,1784227209993,1784227207384
183.32,-2.8,1784227210027,1784227207412
183.36,5.2,1784227210061,1784227207454
183.39,-1.8,1784227210096,1784227207482
183.43,5.2,1784227210129,1784227207522
183.46,0.2,1784227210163,1784227207551
183.49,-2.8,1784227210196,1784227207581
183.53,3.2,1784227210230,1784227207621
183.56,-1.8,1784227210263,1784227207649
183.60,5.2,1784227210297,1784227207690
183.63,-0.8,1784227210331,1784227207718
183.67,8.2,1784227210364,1784227207760
183.70,2.2,1784227210398,1784227207788
183.73,-3.8,1784227210431,1784227207815
183.77,7.2,1784227210464,1784227207859
183.80,1.2,1784227210497,1784227207886
183.82,-4.8,1784227210531,1784227207914
183.87,3.2,1784227210565,1784227207956
183.89,-3.8,1784227210599,1784227207983
183.93,5.2,1784227210632,1784227208025
183.96,-1.8,1784227210666,1784227208052
183.99,-3.8,1784227210699,1784227208083
184.03,-0.8,1784227210733,1784227208120
184.06,-4.8,1784227210767,1784227208150
184.10,3.2,1784227210800,1784227208191
184.13,-1.8,1784227210833,1784227208219
184.17,7.2,1784227210867,1784227208262
184.20,0.2,1784227210901,1784227208289
184.24,10.2,1784227210935,1784227208333
184.27,1.2,1784227210968,1784227208357
184.30,-4.8,1784227211002,1784227208385
184.34,3.2,1784227211036,1784227208427
184.37,-0.8,1784227211069,1784227208456
184.41,6.2,1784227211104,1784227208498
184.43,0.2,1784227211137,1784227208525
184.46,-4.8,1784227211171,1784227208554
184.50,3.2,1784227211203,1784227208594
184.53,-2.8,1784227211237,1784227208622
184.57,4.2,1784227211272,1784227208664
184.60,-0.8,1784227211305,1784227208692
184.64,9.2,1784227211338,1784227208735
184.67,0.2,1784227211373,1784227208761
184.70,-2.8,1784227211405,1784227208790
184.75,13.2,1784227211440,1784227208841
184.77,-0.8,1784227211472,1784227208859
184.81,8.2,1784227211505,1784227208901
184.84,2.2,1784227211539,1784227208929
184.87,-3.8,1784227211573,1784227208957
184.91,3.2,1784227211607,1784227208998
184.94,-1.8,1784227211640,1784227209026
184.98,7.2,1784227211673,1784227209068
185.01,0.2,1784227211707,1784227209095
185.03,-4.8,1784227211741,1784227209124
185.08,3.2,1784227211774,1784227209165
185.10,-1.8,1784227211808,1784227209194
185.15,6.4,1784227211842,1784227209236
185.17,0.4,1784227211875,1784227209263
185.20,-4.6,1784227211908,1784227209291
185.25,6.4,1784227211942,1784227209336
185.27,-4.6,1784227211976,1784227209359
185.31,5.4,1784227212009,1784227209402
185.34,-1.6,1784227212043,1784227209429
185.38,6.4,1784227212077,1784227209471
185.41,-0.6,1784227212111,1784227209498
185.45,8.4,1784227212145,1784227209541
185.48,2.4,1784227212179,1784227209569
185.51,-2.6,1784227212211,1784227209596
185.55,5.4,1784227212246,1784227209639
185.58,-0.6,1784227212279,1784227209666
185.62,6.4,1784227212314,1784227209708
185.65,0.4,1784227212347,1784227209735
185.67,-3.6,1784227212380,1784227209764
185.72,4.4,1784227212413,1784227209805
185.75,2.4,1784227212447,1784227209837
185.79,8.4,1784227212480,1784227209876
185.81,1.4,1784227212514,1784227209903
185.84,-4.6,1784227212547,1784227209930
185.88,3.4,1784227212581,1784227209972
185.91,-1.6,1784227212614,1784227210000
185.95,7.4,1784227212648,1784227210043
185.98,-0.6,1784227212682,1784227210069
186.01,-2.6,1784227212715,1784227210100
186.05,3.4,1784227212749,1784227210140
186.08,-2.6,1784227212782,1784227210167
186.12,6.4,1784227212815,1784227210209
186.15,-0.6,1784227212850,1784227210237
186.19,10.4,1784227212883,1784227210281
186.22,3.4,1784227212916,1784227210307
186.25,-1.6,1784227212950,1784227210336
186.28,4.4,1784227212983,1784227210375
186.31,-3.6,1784227213017,1784227210401
186.37,18.4,1784227213051,1784227210457
186.38,-2.6,1784227213086,1784227210471
186.42,5.4,1784227213119,1784227210512
186.45,-3.6,1784227213154,1784227210538
186.48,-0.6,1784227213187,1784227210574
186.52,1.4,1784227213219,1784227210608
186.55,2.4,1784227213252,1784227210642
186.59,0.4,1784227213287,1784227210675
186.62,0.4,1784227213321,1784227210709
186.65,-0.6,1784227213354,1784227210741
186.68,-2.6,1784227213389,1784227210774
186.72,-1.6,1784227213422,1784227210808
186.75,0.4,1784227213456,1784227210844
186.79,1.4,1784227213487,1784227210876
186.82,0.4,1784227213521,1784227210909
186.85,-1.6,1784227213555,1784227210941
186.88,-2.6,1784227213589,1784227210974
186.92,-2.6,1784227213622,1784227211007
186.95,-5.6,1784227213656,1784227211038
186.99,1.4,1784227213689,1784227211078
187.02,-3.6,1784227213723,1784227211107
187.06,0.4,1784227213758,1784227211146
187.09,1.4,1784227213790,1784227211179
187.12,0.4,1784227213823,1784227211211
187.15,-1.2,1784227213857,1784227211243
187.19,-1.2,1784227213891,1784227211277
187.22,-1.2,1784227213924,1784227211310
187.26,0.8,1784227213958,1784227211346
187.29,0.8,1784227213991,1784227211379
187.32,-2.2,1784227214026,1784227211411
187.35,-1.2,1784227214059,1784227211445
187.39,-5.2,1784227214094,1784227211476
187.43,2.8,1784227214128,1784227211518
187.46,0.8,1784227214162,1784227211550
187.49,0.8,1784227214195,1784227211583
187.52,-4.2,1784227214227,1784227211610
187.55,-5.2,1784227214260,1784227211642
187.59,2.8,1784227214293,1784227211683
187.63,1.8,1784227214327,1784227211716
187.66,-0.2,1784227214360,1784227211747
187.69,-1.2,1784227214394,1784227211780
187.72,-4.2,1784227214429,1784227211812
187.76,-4.2,1784227214463,1784227211846
187.79,-3.2,1784227214495,1784227211879
187.82,-5.2,1784227214530,1784227211912
187.85,-5.2,1784227214562,1784227211944
187.90,2.8,1784227214596,1784227211986
187.93,0.8,1784227214631,1784227212019
187.96,-0.2,1784227214664,1784227212051
188.00,-0.2,1784227214698,1784227212085
188.03,0.8,1784227214731,1784227212119
188.06,-2.2,1784227214766,1784227212151
188.09,-3.2,1784227214799,1784227212183
188.13,-4.2,1784227214833,1784227212216
188.17,2.8,1784227214867,1784227212257
188.20,2.8,1784227214900,1784227212290
188.23,2.8,1784227214933,1784227212323
188.26,-3.2,1784227214967,1784227212351
188.29,-3.2,1784227214999,1784227212383
188.33,1.8,1784227215034,1784227212423
188.37,0.8,1784227215068,1784227212456
188.40,-1.2,1784227215102,1784227212488
188.43,-2.2,1784227215135,1784227212520
188.46,-3.2,1784227215168,1784227212552
188.50,-4.2,1784227215203,1784227212586
188.53,-2.2,1784227215236,1784227212621
188.56,-3.2,1784227215270,1784227212654
188.61,3.8,1784227215304,1784227212695
188.64,2.8,1784227215338,1784227212728
188.67,3.8,1784227215369,1784227212760
188.70,2.8,1784227215403,1784227212793
188.73,-1.2,1784227215438,1784227212824
188.77,0.8,1784227215472,1784227212860
188.80,-0.2,1784227215505,1784227212892
188.83,-0.2,1784227215537,1784227212924
188.87,-0.2,1784227215570,1784227212957
188.90,-2.2,1784227215605,1784227212990
188.93,-3.2,1784227215638,1784227213022
188.96,-4.2,1784227215672,1784227213055
189.00,-2.2,1784227215705,1784227213090
189.03,-3.2,1784227215739,1784227213123
189.07,-4.2,1784227215772,1784227213155
189.10,-5.2,1784227215806,1784227213188
189.14,1.2,1784227215840,1784227213228
189.17,1.2,1784227215873,1784227213261
189.20,0.2,1784227215907,1784227213294
189.24,-0.8,1784227215940,1784227213326
189.27,2.2,1784227215974,1784227213363
189.31,2.2,1784227216007,1784227213396
189.34,0.2,1784227216041,1784227213428
189.37,-1.8,1784227216075,1784227213460
189.40,-3.8,1784227216109,1784227213492
189.44,2.2,1784227216144,1784227213533
189.48,3.2,1784227216176,1784227213566
189.51,3.2,1784227216211,1784227213601
189.54,3.2,1784227216244,1784227213634
189.57,-4.8,1784227216277,1784227213659
189.61,1.2,1784227216312,1784227213700
189.64,2.2,1784227216344,1784227213733
189.67,-0.8,1784227216378,1784227213764
189.71,-2.8,1784227216413,1784227213797
189.74,-2.8,1784227216446,1784227213830
189.78,1.2,1784227216478,1784227213866
189.81,0.2,1784227216511,1784227213898
189.84,0.2,1784227216545,1784227213932
189.88,1.2,1784227216578,1784227213966
189.91,-0.8,1784227216612,1784227213998
189.94,-1.8,1784227216646,1784227214031
189.97,-1.8,1784227216679,1784227214064
190.01,1.2,1784227216713,1784227214101
190.04,-0.8,1784227216746,1784227214132
190.07,-2.8,1784227216780,1784227214164
190.11,-4.8,1784227216815,1784227214197
190.15,2.2,1784227216848,1784227214237
190.18,1.2,1784227216881,1784227214269
190.21,0.2,1784227216915,1784227214302
190.24,0.2,1784227216948,1784227214335
190.28,0.2,1784227216982,1784227214369
190.31,1.2,1784227217016,1784227214404
190.35,-0.8,1784227217050,1784227214436
190.38,-0.8,1784227217083,1784227214469
190.41,-1.8,1784227217117,1784227214502
190.45,3.2,1784227217152,1784227214542
190.48,3.2,1784227217184,1784227214574
190.51,-1.8,1784227217218,1784227214603
190.55,-2.8,1784227217251,1784227214635
190.59,2.2,1784227217287,1784227214676
190.62,2.2,1784227217320,1784227214709
190.65,0.2,1784227217354,1784227214741
190.69,4.2,1784227217385,1784227214776
190.72,1.2,1784227217419,1784227214807
190.75,2.2,1784227217452,1784227214841
190.79,3.2,1784227217486,1784227214876
190.82,0.2,1784227217521,1784227214908
190.85,0.2,1784227217553,1784227214940
190.88,0.2,1784227217586,1784227214973
190.92,-1.8,1784227217620,1784227215005
190.95,-3.8,1784227217654,1784227215037
190.99,3.2,1784227217687,1784227215077
191.02,4.2,1784227217721,1784227215112
191.05,-5.8,1784227217755,1784227215136
191.09,0.2,1784227217789,1784227215176
191.12,2.2,1784227217821,1784227215210
191.15,-0.4,1784227217856,1784227215242
191.18,-0.4,1784227217889,1784227215275
191.22,-1.4,1784227217922,1784227215307
191.25,-4.4,1784227217957,1784227215339
191.29,3.6,1784227217990,1784227215380
191.32,3.6,1784227218023,1784227215413
191.36,1.6,1784227218057,1784227215445
191.39,-0.4,1784227218091,1784227215477
191.42,-2.4,1784227218125,1784227215509
191.45,-2.4,1784227218157,1784227215541
191.49,2.6,1784227218193,1784227215582
191.53,4.6,1784227218226,1784227215617
191.56,4.6,1784227218259,1784227215650
191.59,-0.4,1784227218295,1784227215681
191.62,0.6,1784227218327,1784227215714
191.66,0.6,1784227218360,1784227215747
191.69,-1.4,1784227218395,1784227215780
191.72,-2.4,1784227218427,1784227215811
191.75,-3.4,1784227218462,1784227215845
191.79,-1.4,1784227218496,1784227215881
191.82,-0.4,1784227218527,1784227215913
191.86,-1.4,1784227218560,1784227215945
191.89,-0.4,1784227218595,1784227215981
191.92,-0.4,1784227218627,1784227216013
191.96,-2.4,1784227218662,1784227216046
191.99,-3.4,1784227218696,1784227216079
192.02,-1.4,1784227218729,1784227216114
192.06,-3.4,1784227218763,1784227216146
192.09,-3.4,1784227218795,1784227216178
192.13,1.6,1784227218830,1784227216218
192.16,0.6,1784227218864,1784227216251
192.19,-0.4,1784227218896,1784227216282
192.22,-3.4,1784227218931,1784227216314
192.26,-5.4,1784227218965,1784227216346
192.29,-3.4,1784227218998,1784227216381
192.33,3.6,1784227219032,1784227216422
192.36,1.6,1784227219066,1784227216454
192.40,1.6,1784227219099,1784227216487
192.43,0.6,1784227219132,1784227216519
192.46,-2.4,1784227219167,1784227216551
192.50,3.6,1784227219201,1784227216591
192.53,-1.4,1784227219233,1784227216618
192.56,-3.4,1784227219267,1784227216650
192.59,-3.4,1784227219300,1784227216683
192.63,1.6,1784227219334,1784227216722
192.67,2.6,1784227219368,1784227216757
192.70,1.6,1784227219401,1784227216789
192.73,0.6,1784227219435,1784227216822
192.76,-0.4,1784227219468,1784227216854
192.80,2.6,1784227219502,1784227216891
192.83,2.6,1784227219535,1784227216924
192.87,2.6,1784227219568,1784227216957
192.90,-0.4,1784227219603,1784227216989
192.93,-2.4,1784227219637,1784227217021
192.96,-2.4,1784227219669,1784227217053
193.00,-4.4,1784227219703,1784227217085
193.03,-2.4,1784227219737,1784227217121
193.06,-4.4,1784227219771,1784227217153
193.10,-4.4,1784227219804,1784227217186
193.14,1.6,1784227219838,1784227217226
193.17,0.1,1784227219872,1784227217258
193.20,0.1,1784227219905,1784227217291
193.23,0.1,1784227219938,1784227217324
193.27,-1.9,1784227219973,1784227217357
193.30,1.1,1784227220006,1784227217393
193.34,0.1,1784227220040,1784227217426
193.37,0.1,1784227220073,1784227217459
193.40,0.1,1784227220106,1784227217492
193.43,-1.9,1784227220140,1784227217524
193.47,-3.9,1784227220174,1784227217556
193.50,-4.9,1784227220207,1784227217588
193.53,-3.9,1784227220241,1784227217623
193.57,3.1,1784227220274,1784227217663
193.61,1.1,1784227220308,1784227217695
193.64,-0.9,1784227220342,1784227217727
193.67,-1.9,1784227220375,1784227217759
193.71,5.1,1784227220409,1784227217800
193.74,3.1,1784227220443,1784227217832
193.78,4.1,1784227220477,1784227217867
193.81,2.1,1784227220512,1784227217900
193.84,3.1,1784227220543,1784227217932
193.88,2.1,1784227220577,1784227217965
193.91,2.1,1784227220610,1784227217998
193.94,0.1,1784227220645,1784227218031
193.97,1.1,1784227220677,1784227218064
194.01,-0.9,1784227220712,1784227218097
194.04,2.1,1784227220745,1784227218133
194.07,0.1,1784227220778,1784227218164
194.11,-0.9,1784227220811,1784227218196
194.14,-2.9,1784227220845,1784227218228
194.18,3.1,1784227220880,1784227218269
194.21,1.1,1784227220913,1784227218300
194.25,5.1,1784227220947,1784227218338
194.30,27.1,1784227220981,1784227218394
194.37,60.1,1784227221014,1784227218460
194.37,26.1,1784227221048,1784227218460
194.42,40.1,1784227221081,1784227218507
194.42,6.1,1784227221115,1784227218507
194.46,12.1,1784227221150,1784227218548
194.48,6.1,1784227221182,1784227218574
194.51,1.1,1784227221215,1784227218602
194.55,7.1,1784227221250,1784227218643
194.58,0.1,1784227221284,1784227218670
194.63,18.1,1784227221317,1784227218721
194.65,4.1,1784227221351,1784227218741
194.68,-2.9,1784227221385,1784227218768
194.72,5.1,1784227221418,1784227218809
194.75,-1.9,1784227221452,1784227218836
194.79,7.1,1784227221486,1784227218879
194.82,1.1,1784227221519,1784227218906
194.84,-2.9,1784227221552,1784227218935
194.89,6.1,1784227221584,1784227218976
194.91,0.1,1784227221618,1784227219004
194.96,7.1,1784227221652,1784227219045
194.98,2.1,1784227221686,1784227219074
195.01,-2.9,1784227221719,1784227219102
195.05,5.1,1784227221753,1784227219144
195.08,-1.9,1784227221786,1784227219170
195.12,6.1,1784227221821,1784227219213
195.15,1.0,1784227221853,1784227219240
195.19,10.0,1784227221887,1784227219283
195.22,4.0,1784227221921,1784227219311
195.25,-3.0,1784227221955,1784227219338
195.29,5.0,1784227221989,1784227219380
195.32,-1.0,1784227222022,1784227219407
195.36,8.0,1784227222055,1784227219449
195.39,2.0,1784227222089,1784227219477
195.42,-3.0,1784227222123,1784227219506
195.46,4.0,1784227222157,1784227219547
195.48,-3.0,1784227222191,1784227219574
195.53,8.0,1784227222225,1784227219619
195.56,2.0,1784227222257,1784227219645
195.60,10.0,1784227222291,1784227219687
195.63,4.0,1784227222325,1784227219715
195.67,10.0,1784227222360,1784227219756
195.70,8.0,1784227222392,1784227219786
195.72,1.0,1784227222425,1784227219812
195.76,10.0,1784227222459,1784227219855
195.79,3.0,1784227222493,1784227219882
195.82,-2.0,1784227222526,1784227219910
195.86,7.0,1784227222559,1784227219952
195.89,1.0,1784227222592,1784227219979
195.92,-4.0,1784227222625,1784227220007
195.96,4.0,1784227222660,1784227220050
195.99,-3.0,1784227222694,1784227220077
196.03,9.0,1784227222726,1784227220121
196.06,0.0,1784227222761,1784227220147
196.10,8.0,1784227222794,1784227220188
196.13,2.0,1784227222828,1784227220216
196.15,-2.0,1784227222861,1784227220245
196.20,4.0,1784227222896,1784227220286
196.22,-2.0,1784227222930,1784227220314
196.27,8.0,1784227222961,1784227220355
196.29,0.0,1784227222997,1784227220383
196.34,9.0,1784227223030,1784227220425
196.36,5.0,1784227223063,1784227220454
196.39,-2.0,1784227223097,1784227220481
196.43,9.0,1784227223129,1784227220524
196.46,1.0,1784227223165,1784227220552
196.50,9.0,1784227223198,1784227220593
196.53,5.0,1784227223232,1784227220623
196.57,11.0,1784227223266,1784227220663
196.60,5.0,1784227223300,1784227220691
196.63,-2.0,1784227223334,1784227220718
196.67,7.0,1784227223367,1784227220760
196.70,0.0,1784227223401,1784227220787
196.73,-4.0,1784227223434,1784227220816
196.77,4.0,1784227223468,1784227220858
196.80,-2.0,1784227223502,1784227220886
196.84,7.0,1784227223535,1784227220928
196.87,3.0,1784227223567,1784227220956
196.89,-2.0,1784227223601,1784227220985
196.94,5.0,1784227223635,1784227221026
196.96,-1.0,1784227223668,1784227221053
197.01,7.0,1784227223702,1784227221095
197.03,4.0,1784227223735,1784227221125
197.06,-4.0,1784227223769,1784227221151
197.10,4.0,1784227223803,1784227221193
197.13,-2.0,1784227223836,1784227221220
197.17,7.0,1784227223869,1784227221262
197.20,1.0,1784227223903,1784227221290
197.24,9.0,1784227223937,1784227221332
197.27,4.0,1784227223970,1784227221360
197.30,-2.0,1784227224004,1784227221388
197.34,7.0,1784227224037,1784227221430
197.37,0.0,1784227224071,1784227221457
197.41,9.0,1784227224105,1784227221500
197.44,2.0,1784227224139,1784227221527
197.48,10.0,1784227224173,1784227221569
197.51,3.0,1784227224208,1784227221597
197.54,2.0,1784227224240,1784227221628
197.58,6.0,1784227224274,1784227221666
197.60,2.0,1784227224307,1784227221695
197.65,7.0,1784227224342,1784227221735
197.67,3.0,1784227224374,1784227221763
197.70,-2.0,1784227224408,1784227221792
197.74,5.0,1784227224442,1784227221833
197.77,-1.0,1784227224476,1784227221861
197.81,9.0,1784227224509,1784227221904
197.84,3.0,1784227224542,1784227221931
197.87,-3.0,1784227224575,1784227221958
197.91,7.0,1784227224608,1784227222001
197.94,-1.0,1784227224643,1784227222028
197.97,-3.0,1784227224675,1784227222058
198.01,5.0,1784227224709,1784227222100
198.04,0.0,1784227224744,1784227222130
198.08,5.0,1784227224776,1784227222167
198.11,-1.0,1784227224810,1784227222195
198.15,8.0,1784227224843,1784227222237
198.17,2.0,1784227224876,1784227222264
198.20,-3.0,1784227224910,1784227222293
198.24,4.0,1784227224945,1784227222335
198.27,-2.0,1784227224978,1784227222362
198.31,6.0,1784227225012,1784227222404
198.34,1.0,1784227225045,1784227222432
198.38,9.0,1784227225079,1784227222474
198.41,3.0,1784227225113,1784227222502
198.44,-2.0,1784227225147,1784227222531
198.48,9.0,1784227225179,1784227222574
198.51,1.0,1784227225213,1784227222600
198.54,-3.0,1784227225247,1784227222630
198.58,2.0,1784227225281,1784227222669
198.62,8.0,1784227225316,1784227222710
198.66,17.0,1784227225350,1784227222753
198.68,-2.0,1784227225382,1784227222766
198.72,5.0,1784227225416,1784227222807
198.75,0.0,1784227225449,1784227222835
198.79,11.0,1784227225483,1784227222880
198.82,2.0,1784227225518,1784227222906
198.84,-2.0,1784227225550,1784227222934
198.89,7.0,1784227225583,1784227222976
198.91,1.0,1784227225616,1784227223003
198.94,-5.0,1784227225650,1784227223031
198.98,3.0,1784227225684,1784227223073
199.01,-3.0,1784227225718,1784227223101
199.05,5.0,1784227225751,1784227223142
199.08,-1.0,1784227225785,1784227223170
199.12,8.0,1784227225818,1784227223212
199.15,2.0,1784227225852,1784227223240
199.18,-4.0,1784227225886,1784227223268
199.22,5.0,1784227225919,1784227223310
199.25,-1.0,1784227225953,1784227223338
199.29,11.0,1784227225986,1784227223383
199.32,1.0,1784227226020,1784227223407
199.35,-4.0,1784227226053,1784227223435
199.39,3.0,1784227226088,1784227223477
199.41,-2.0,1784227226121,1784227223505
199.46,5.0,1784227226155,1784227223546
199.48,1.0,1784227226188,1784227223575
199.53,9.0,1784227226222,1784227223617
199.55,3.0,1784227226255,1784227223644
199.58,-2.0,1784227226288,1784227223672
199.62,3.0,1784227226325,1784227223714
199.65,-1.0,1784227226357,1784227223742
199.69,7.0,1784227226390,1784227223783
199.72,2.0,1784227226424,1784227223812
199.76,9.0,1784227226458,1784227223853
199.79,7.0,1784227226491,1784227223884
199.82,-2.0,1784227226526,1784227223910
199.86,5.0,1784227226559,1784227223950
199.89,2.0,1784227226590,1784227223978
199.93,11.0,1784227226624,1784227224021
199.96,5.0,1784227226658,1784227224049
199.99,-3.0,1784227226692,1784227224075
200.03,6.0,1784227226725,1784227224117
200.06,3.0,1784227226759,1784227224148
200.10,8.0,1784227226793,1784227224187
200.13,3.0,1784227226827,1784227224216
200.15,-4.0,1784227226861,1784227224243
200.20,5.0,1784227226894,1784227224285
200.22,0.0,1784227226927,1784227224313
200.26,8.0,1784227226960,1784227224354
200.29,3.0,1784227226995,1784227224384
200.32,-4.0,1784227227028,1784227224410
200.36,5.0,1784227227061,1784227224452
200.39,-1.0,1784227227095,1784227224480
200.43,7.0,1784227227128,1784227224521
200.46,2.0,1784227227162,1784227224550
200.50,9.0,1784227227196,1784227224591
200.53,4.0,1784227227229,1784227224619
200.56,-1.0,1784227227263,1784227224648
200.60,5.0,1784227227298,1784227224689
200.63,-1.0,1784227227332,1784227224717
200.67,8.0,1784227227365,1784227224759
200.70,-1.0,1784227227400,1784227224785
200.74,11.0,1784227227432,1784227224829
200.77,3.0,1784227227467,1784227224856
200.79,-1.0,1784227227499,1784227224884
200.84,6.0,1784227227533,1784227224925
200.86,1.0,1784227227567,1784227224954
200.89,-3.0,1784227227598,1784227224981
200.93,5.0,1784227227632,1784227225023
200.96,-1.0,1784227227666,1784227225051
201.00,7.0,1784227227700,1784227225093
201.03,2.0,1784227227733,1784227225121
201.07,12.0,1784227227767,1784227225165
201.10,4.0,1784227227800,1784227225190
201.13,-1.0,1784227227834,1784227225219
201.17,7.0,1784227227867,1784227225260
201.20,0.0,1784227227901,1784227225287
201.24,8.0,1784227227935,1784227225329
201.27,3.0,1784227227968,1784227225357
201.30,-2.0,1784227228002,1784227225386
201.34,5.0,1784227228036,1784227225427
201.36,-1.0,1784227228070,1784227225455
201.41,7.0,1784227228103,1784227225496
201.43,2.0,1784227228136,1784227225524
201.46,-3.0,1784227228170,1784227225553
201.50,4.0,1784227228204,1784227225594
201.53,-1.0,1784227228237,1784227225622
201.57,7.0,1784227228271,1784227225664
201.60,0.0,1784227228306,1784227225692
201.64,9.0,1784227228339,1784227225734
201.67,2.0,1784227228373,1784227225761
201.70,-4.0,1784227228407,1784227225789
201.74,5.0,1784227228440,1784227225831
201.77,-1.0,1784227228473,1784227225858
201.81,9.0,1784227228506,1784227225901
201.84,4.0,1784227228539,1784227225929
201.87,-2.0,1784227228573,1784227225957
201.91,8.0,1784227228605,1784227225999
201.94,0.0,1784227228640,1784227226026
201.98,8.0,1784227228674,1784227226068
202.01,1.0,1784227228708,1784227226095
202.03,-4.0,1784227228741,1784227226123
202.08,7.0,1784227228774,1784227226167
202.10,-2.0,1784227228808,1784227226192
202.15,8.0,1784227228842,1784227226236
202.17,2.0,1784227228875,1784227226263
202.20,-3.0,1784227228908,1784227226291
202.24,5.0,1784227228942,1784227226333
202.27,-2.0,1784227228976,1784227226360
202.31,6.0,1784227229010,1784227226402
202.34,1.0,1784227229043,1784227226430
202.38,9.0,1784227229077,1784227226472
202.41,3.0,1784227229110,1784227226499
202.44,-2.0,1784227229144,1784227226528
202.48,5.0,1784227229178,1784227226569
202.51,0.0,1784227229211,1784227226597
202.55,8.0,1784227229245,1784227226639
202.58,4.0,1784227229278,1784227226668
202.60,-5.0,1784227229313,1784227226694
202.65,2.0,1784227229348,1784227226736
202.67,-2.0,1784227229381,1784227226765
202.72,7.0,1784227229413,1784227226806
202.74,0.0,1784227229448,1784227226834
202.79,7.0,1784227229482,1784227226875
202.81,2.0,1784227229516,1784227226904
202.86,9.0,1784227229550,1784227226945
202.88,6.0,1784227229582,1784227226974
202.91,1.0,1784227229614,1784227227001
202.94,-5.0,1784227229648,1784227227029
202.98,3.0,1784227229682,1784227227071
203.01,-2.0,1784227229715,1784227227099
203.05,6.0,1784227229749,1784227227141
203.08,2.0,1784227229782,1784227227170
203.12,9.0,1784227229816,1784227227211
203.15,3.0,1784227229849,1784227227238
203.19,10.1,1784227229884,1784227227280
203.22,5.1,1784227229917,1784227227308
203.25,-0.9,1784227229950,1784227227335
203.29,7.1,1784227229983,1784227227376
203.31,2.1,1784227230017,1784227227405
203.34,-3.9,1784227230051,1784227227433
203.39,5.1,1784227230084,1784227227475
203.41,-0.9,1784227230118,1784227227503
203.45,7.1,1784227230152,1784227227545
203.48,1.1,1784227230185,1784227227572
203.51,-3.9,1784227230219,1784227227601
203.55,3.1,1784227230253,1784227227642
203.58,-0.9,1784227230286,1784227227671
203.62,5.1,1784227230320,1784227227711
203.65,-0.9,1784227230354,1784227227739
203.69,6.1,1784227230389,1784227227781
203.72,2.1,1784227230421,1784227227809
203.75,-3.9,1784227230455,1784227227837
203.79,6.1,1784227230487,1784227227879
203.82,-0.9,1784227230521,1784227227906
203.86,9.1,1784227230555,1784227227950
203.89,1.1,1784227230589,1784227227976
203.91,-3.9,1784227230622,1784227228004
203.96,4.1,1784227230656,1784227228046
203.98,-1.9,1784227230690,1784227228074
204.03,4.1,1784227230726,1784227228116
204.05,-0.9,1784227230758,1784227228143
204.09,5.1,1784227230793,1784227228184
204.12,0.1,1784227230827,1784227228213
204.15,-2.9,1784227230857,1784227228240
204.19,6.1,1784227230891,1784227228283
204.22,-0.9,1784227230925,1784227228310
204.26,8.1,1784227230959,1784227228353
204.29,3.1,1784227230991,1784227228380
204.32,-3.9,1784227231026,1784227228408
204.36,4.1,1784227231060,1784227228450
204.39,-1.9,1784227231093,1784227228477
204.43,8.1,1784227231127,1784227228521
204.46,1.1,1784227231160,1784227228547
204.48,-4.9,1784227231194,1784227228575
204.53,2.1,1784227231229,1784227228617
204.55,-1.9,1784227231260,1784227228644
204.60,8.1,1784227231293,1784227228687
204.62,1.1,1784227231328,1784227228715
204.67,8.1,1784227231362,1784227228756
204.69,3.1,1784227231395,1784227228784
204.72,-4.9,1784227231430,1784227228811
204.76,5.1,1784227231462,1784227228853
204.79,0.1,1784227231496,1784227228882
204.83,9.1,1784227231530,1784227228925
204.86,2.1,1784227231563,1784227228951
204.90,10.1,1784227231597,1784227228993
204.93,6.1,1784227231629,1784227229021
204.96,0.1,1784227231663,1784227229049
205.00,7.1,1784227231697,1784227229090
205.03,0.1,1784227231732,1784227229118
205.07,8.1,1784227231765,1784227229159
205.10,2.1,1784227231799,1784227229187
205.13,-2.9,1784227231832,1784227229215
205.17,4.1,1784227231868,1784227229258
205.19,-2.8,1784227231902,1784227229285
205.24,7.2,1784227231934,1784227229327
205.26,1.2,1784227231967,1784227229354
205.29,-2.8,1784227232000,1784227229383
205.33,6.2,1784227232033,1784227229425
205.36,-1.8,1784227232068,1784227229452
205.40,7.2,1784227232101,1784227229494
205.43,1.2,1784227232134,1784227229521
205.46,-2.8,1784227232168,1784227229551
205.50,5.2,1784227232201,1784227229592
205.53,-0.8,1784227232235,1784227229620
205.57,7.2,1784227232268,1784227229661
205.60,0.2,1784227232303,1784227229689
205.63,-2.8,1784227232334,1784227229717
205.67,3.2,1784227232369,1784227229758
205.70,-1.8,1784227232403,1784227229787
205.74,6.2,1784227232436,1784227229828
205.77,-1.8,1784227232471,1784227229855
205.81,9.2,1784227232503,1784227229898
205.84,2.2,1784227232537,1784227229925
205.86,-2.8,1784227232571,1784227229954
205.90,4.2,1784227232605,1784227229995
205.93,1.2,1784227232637,1784227230024
205.97,1.2,1784227232677,1784227230064
206.00,1.2,1784227232706,1784227230093
206.04,10.2,1784227232739,1784227230135
206.07,3.2,1784227232773,1784227230162
206.10,-1.8,1784227232806,1784227230190
206.14,6.2,1784227232840,1784227230232
206.17,2.2,1784227232873,1784227230261
206.21,8.2,1784227232907,1784227230301
206.24,4.2,1784227232940,1784227230330
206.27,-1.8,1784227232974,1784227230358
206.31,3.2,1784227233009,1784227230398
206.34,1.2,1784227233042,1784227230429
206.38,7.2,1784227233077,1784227230470
206.41,-0.8,1784227233111,1784227230496
206.43,-2.8,1784227233141,1784227230524
206.48,4.2,1784227233176,1784227230566
206.50,0.2,1784227233208,1784227230594
206.55,7.2,1784227233243,1784227230636
206.57,1.2,1784227233276,1784227230663
206.61,10.2,1784227233309,1784227230705
206.64,4.2,1784227233343,1784227230733
206.67,-1.8,1784227233377,1784227230761
206.71,6.2,1784227233411,1784227230803
206.74,0.2,1784227233444,1784227230830
206.78,8.2,1784227233478,1784227230872
206.81,2.2,1784227233513,1784227230901
206.84,0.2,1784227233546,1784227230932
206.88,6.2,1784227233578,1784227230970
206.91,-0.8,1784227233612,1784227230997
206.95,8.2,1784227233645,1784227231039
206.98,3.2,1784227233679,1784227231068
207.01,-4.8,1784227233714,1784227231095
207.05,3.2,1784227233747,1784227231136
207.07,-2.8,1784227233781,1784227231164
207.12,5.2,1784227233814,1784227231205
207.14,1.2,1784227233848,1784227231235
207.18,7.2,1784227233882,1784227231275
207.21,1.2,1784227233916,1784227231303
207.24,-3.8,1784227233949,1784227231331
207.28,5.2,1784227233983,1784227231374
207.31,-0.8,1784227234016,1784227231401
207.37,20.2,1784227234050,1784227231456
207.38,3.2,1784227234082,1784227231471
207.42,10.2,1784227234117,1784227231513
207.45,3.2,1784227234150,1784227231539
207.48,-0.8,1784227234183,1784227231568
207.52,6.2,1784227234217,1784227231609
207.55,0.2,1784227234251,1784227231637
207.58,-4.8,1784227234284,1784227231665
207.62,2.2,1784227234318,1784227231706
207.64,-1.8,1784227234351,1784227231735
207.69,5.2,1784227234385,1784227231776
207.71,-0.8,1784227234419,1784227231804
207.76,8.2,1784227234452,1784227231846
207.78,3.2,1784227234485,1784227231874
207.81,-2.8,1784227234519,1784227231902
207.84,-4.8,1784227234553,1784227231934
207.88,-1.8,1784227234589,1784227231973
207.92,5.2,1784227234623,1784227232014
207.95,2.2,1784227234654,1784227232042
207.98,-4.8,1784227234688,1784227232069
208.02,4.2,1784227234721,1784227232111
208.05,-1.8,1784227234754,1784227232138
208.09,9.2,1784227234788,1784227232183
208.12,1.2,1784227234822,1784227232209
208.16,9.2,1784227234856,1784227232251
208.19,1.2,1784227234890,1784227232277
208.21,-3.8,1784227234923,1784227232305
208.26,5.2,1784227234956,1784227232347
208.29,-0.8,1784227234990,1784227232375
208.33,6.2,1784227235024,1784227232416
208.36,4.2,1784227235057,1784227232447
208.38,-2.8,1784227235090,1784227232473
208.42,6.2,1784227235123,1784227232515
208.45,-1.8,1784227235158,1784227232542
208.49,7.2,1784227235191,1784227232584
208.52,1.2,1784227235225,1784227232612
208.56,8.2,1784227235259,1784227232653
208.59,2.2,1784227235293,1784227232681
208.62,-0.8,1784227235326,1784227232711
208.66,5.2,1784227235360,1784227232751
208.69,-1.8,1784227235394,1784227232778
208.73,7.2,1784227235427,1784227232820
208.76,2.2,1784227235461,1784227232849
208.79,-3.8,1784227235494,1784227232876
208.83,5.2,1784227235528,1784227232919
208.86,0.2,1784227235562,1784227232948
208.90,7.2,1784227235594,1784227232987
208.92,0.2,1784227235629,1784227233015
208.95,-3.8,1784227235661,1784227233043
209.00,5.2,1784227235694,1784227233085
209.02,-0.8,1784227235729,1784227233114
209.06,5.2,1784227235763,1784227233154
209.09,1.2,1784227235796,1784227233183
209.13,9.2,1784227235830,1784227233225
209.16,2.2,1784227235864,1784227233252
209.19,-1.8,1784227235897,1784227233281
209.23,6.2,1784227235930,1784227233322
209.26,-1.8,1784227235965,1784227233349
209.30,7.2,1784227235998,1784227233391
209.33,2.2,1784227236032,1784227233420
209.36,-0.8,1784227236066,1784227233451
209.40,5.2,1784227236099,1784227233490
209.43,-3.8,1784227236134,1784227233516
209.47,6.2,1784227236167,1784227233559
209.50,-1.8,1784227236202,1784227233586
209.54,9.2,1784227236234,1784227233629
209.57,4.2,1784227236266,1784227233656
209.59,-0.8,1784227236299,1784227233684
209.64,7.2,1784227236333,1784227233726
209.66,0.2,1784227236367,1784227233753
209.71,8.2,1784227236401,1784227233795
209.73,3.2,1784227236435,1784227233824
209.76,-4.8,1784227236469,1784227233850
209.80,5.2,1784227236502,1784227233893
209.83,-1.8,1784227236536,1784227233920
209.86,-3.8,1784227236570,1784227233952
209.90,1.2,1784227236604,1784227233991
209.93,-4.8,1784227236636,1784227234017
209.97,5.2,1784227236669,1784227234060
210.01,2.2,1784227236714,1784227234102
210.04,5.2,1784227236738,1784227234129
210.07,0.2,1784227236771,1784227234157
210.11,9.2,1784227236806,1784227234201
210.14,3.2,1784227236837,1784227234226
210.16,-3.8,1784227236872,1784227234254
210.21,6.2,1784227236905,1784227234297
210.23,-1.8,1784227236940,1784227234324
210.28,6.2,1784227236973,1784227234365
210.30,1.2,1784227237007,1784227234394
210.35,7.2,1784227237042,1784227234435
210.37,3.2,1784227237074,1784227234463
210.40,-1.8,1784227237107,1784227234491
210.44,7.2,1784227237141,1784227234534
210.47,0.2,1784227237175,1784227234561
210.51,8.2,1784227237209,1784227234603
210.54,3.2,1784227237242,1784227234631
210.57,-0.8,1784227237274,1784227234659
210.61,10.2,1784227237308,1784227234704
210.64,0.2,1784227237342,1784227234728
210.68,8.2,1784227237376,1784227234770
210.71,2.2,1784227237410,1784227234798
210.75,9.2,1784227237445,1784227234840
210.78,3.2,1784227237478,1784227234867
210.80,-1.8,1784227237511,1784227234895
210.85,8.2,1784227237543,1784227234937
210.87,-0.8,1784227237579,1784227234964
210.92,8.2,1784227237612,1784227235006
210.94,4.2,1784227237645,1784227235035
210.97,-2.8,1784227237678,1784227235061
211.01,5.2,1784227237712,1784227235103
211.04,0.2,1784227237746,1784227235132
211.08,9.2,1784227237779,1784227235174
211.12,9.2,1784227237812,1784227235207
211.14,-2.8,1784227237846,1784227235229
211.18,4.2,1784227237880,1784227235270
211.21,0.1,1784227237913,1784227235299
211.25,8.1,1784227237947,1784227235341
211.28,1.1,1784227237981,1784227235368
211.31,-4.9,1784227238015,1784227235396
211.35,5.1,1784227238047,1784227235438
211.37,-2.9,1784227238082,1784227235465
211.42,6.1,1784227238115,1784227235507
211.44,-0.9,1784227238149,1784227235534
211.49,8.1,1784227238183,1784227235577
211.52,4.1,1784227238216,1784227235606
211.54,-2.9,1784227238250,1784227235633
211.58,7.1,1784227238282,1784227235675
211.62,3.1,1784227238316,1784227235705
211.64,-4.9,1784227238350,1784227235731
211.68,1.1,1784227238384,1784227235771
211.71,-3.9,1784227238418,1784227235800
211.75,4.1,1784227238451,1784227235841
211.78,-0.9,1784227238484,1784227235869
211.82,7.1,1784227238518,1784227235911
211.85,1.1,1784227238552,1784227235939
211.88,-4.9,1784227238585,1784227235966
211.92,4.1,1784227238619,1784227236009
211.95,-1.9,1784227238653,1784227236037
211.99,8.1,1784227238685,1784227236079
212.02,1.1,1784227238719,1784227236106
212.06,9.1,1784227238754,1784227236149
212.09,0.1,1784227238789,1784227236175
212.12,-0.9,1784227238822,1784227236207
212.15,3.1,1784227238856,1784227236245
212.18,-1.9,1784227238889,1784227236273
212.22,8.1,1784227238922,1784227236316
212.25,2.1,1784227238955,1784227236343
212.28,-2.9,1784227238988,1784227236371
212.32,5.1,1784227239022,1784227236413
212.35,-1.9,1784227239056,1784227236440
212.39,7.1,1784227239089,1784227236482
212.42,2.1,1784227239122,1784227236510
212.46,9.1,1784227239157,1784227236552
212.49,4.1,1784227239190,1784227236580
212.52,-0.9,1784227239223,1784227236608
212.56,7.1,1784227239257,1784227236650
212.59,-0.9,1784227239291,1784227236676
212.62,-0.9,1784227239324,1784227236709
212.66,2.1,1784227239358,1784227236746
212.68,-2.9,1784227239391,1784227236774
212.73,5.1,1784227239425,1784227236816
212.75,-0.9,1784227239458,1784227236843
212.80,8.1,1784227239492,1784227236886
212.82,2.1,1784227239526,1784227236914
212.85,-3.9,1784227239559,1784227236941
212.89,5.1,1784227239592,1784227236983
212.92,-0.9,1784227239626,1784227237011
212.96,6.1,1784227239660,1784227237052
212.99,1.1,1784227239693,1784227237080
213.03,7.1,1784227239729,1784227237122
213.06,4.1,1784227239760,1784227237150
213.09,-1.9,1784227239794,1784227237178
213.13,7.1,1784227239828,1784227237221
213.16,1.1,1784227239861,1784227237248
213.19,-4.9,1784227239895,1784227237276
213.23,2.2,1784227239929,1784227237317
213.25,-3.8,1784227239963,1784227237345
213.30,5.2,1784227239996,1784227237387
213.32,0.2,1784227240030,1784227237416
213.37,7.2,1784227240063,1784227237456
213.39,2.2,1784227240097,1784227237485
213.44,7.2,1784227240132,1784227237525
213.46,4.2,1784227240164,1784227237554
213.49,-2.8,1784227240200,1784227237583
213.53,5.2,1784227240234,1784227237625
213.56,-0.8,1784227240267,1784227237652
213.60,7.2,1784227240301,1784227237694
213.63,4.2,1784227240333,1784227237723
213.66,-2.8,1784227240366,1784227237749
213.70,6.2,1784227240399,1784227237791
213.73,1.2,1784227240433,1784227237820
213.77,8.2,1784227240467,1784227237861
213.80,1.2,1784227240501,1784227237888
213.83,-3.8,1784227240534,1784227237916
213.87,3.2,1784227240568,1784227237957
213.90,-2.8,1784227240602,1784227237985
213.94,7.2,1784227240635,1784227238028
