t_unity_captura,norm_x,norm_y,norm_z,g,t_unity_envio,t_robot_recepcion,x_cm,y_cm,z_cm,t_rad,t_uart_escritura,clamp_activo,rtt_ms,perdida_pct,id_intento,id_operador,condicion_red,nivel_objeto
,0.251,0.299,0.737,1.0,,1787593485127.346,30.795,19.92,7.94,0.35,1787593485127.346,False,,,5,OP1,C2_WIFI_CARGA_MEDIA,N3
,0.281,0.282,0.726,1.0,,1787593485176.8667,30.41,17.52,6.92,0.35,1787593485176.8667,False,,,5,OP1,C2_WIFI_CARGA_MEDIA,N3
,0.295,0.273,0.719,1.0,,1787593485235.744,30.165,16.4,6.38,0.35,1787593485235.744,False,,,5,OP1,C2_WIFI_CARGA_MEDIA,N3
,0.295,0.271,0.719,1.0,,1787593485265.0632,30.165,16.4,6.26,0.35,1787593485265.0632,False,,,5,OP1,C2_WIFI_CARGA_MEDIA,N3
,0.296,0.27,0.719,1.0,,1787593485295.8965,30.165,16.32,6.2,0.35,1787593485297.5588,False,,,5,OP1,C2_WIFI_CARGA_MEDIA,N3
,0.295,0.268,0.719,1.0,,1787593485345.6086,30.165,16.4,6.08,0.35,1787593485345.6086,False,,,5,OP1,C2_WIFI_CARGA_MEDIA,N3
,0.294,0.267,0.72,1.0,,1787593485376.8198,30.2,16.48,6.02,0.35,1787593485376.8198,False,,,5,OP1,C2_WIFI_CARGA_MEDIA,N3
,0.29,0.262,0.718,1.0,,1787593485428.7737,30.13,16.8,5.72,0.35,1787593485428.7737,False,,,5,OP1,C2_WIFI_CARGA_MEDIA,N3
,0.289,0.26,0.718,1.0,,1787593485461.548,30.13,16.88,5.6,0.35,1787593485461.548,False,,,5,OP1,C2_WIFI_CARGA_MEDIA,N3
,0.289,0.258,0.719,1.0,,1787593485485.1382,30.165,16.88,5.48,0.35,1787593485485.1382,False,,,5,OP1,C2_WIFI_CARGA_MEDIA,N3
,0.289,0.255,0.719,1.0,,1787593485519.0195,30.165,16.88,5.3,0.35,1787593485521.0342,False,,,5,OP1,C2_WIFI_CARGA_MEDIA,N3
,0.293,0.25,0.716,1.0,,1787593485574.234,30.06,16.56,5.0,0.35,1787593485575.9705,False,,,5,OP1,C2_WIFI_CARGA_MEDIA,N3
,0.297,0.247,0.715,1.0,,1787593485595.444,30.025,16.24,4.82,0.35,1787593485596.9568,False,,,5,OP1,C2_WIFI_CARGA_MEDIA,N3
,0.304,0.243,0.709,1.0,,1787593485625.8386,29.815,15.68,4.58,0.35,1787593485625.8386,False,,,5,OP1,C2_WIFI_CARGA_MEDIA,N3
,0.317,0.233,0.709,1.0,,1787593485685.1438,29.815,14.64,3.98,0.35,1787593485687.1492,False,,,5,OP1,C2_WIFI_CARGA_MEDIA,N3
,0.321,0.231,0.709,1.0,,1787593485714.1194,29.815,14.32,3.86,0.35,1787593485714.1194,False,,,5,OP1,C2_WIFI_CARGA_MEDIA,N3
,0.326,0.227,0.715,1.0,,1787593485745.5762,30.025,13.92,3.62,0.35,1787593485747.1824,False,,,5,OP1,C2_WIFI_CARGA_MEDIA,N3
,0.328,0.225,0.718,1.0,,1787593485788.2354,30.13,13.76,3.5,0.35,1787593485788.2354,False,,,5,OP1,C2_WIFI_CARGA_MEDIA,N3
,0.329,0.224,0.72,1.0,,1787593485823.7393,30.2,13.68,3.44,0.35,1787593485823.7393,False,,,5,OP1,C2_WIFI_CARGA_MEDIA,N3
,0.33,0.223,0.725,1.0,,1787593485847.3245,30.375,13.6,3.38,0.35,1787593485847.3245,False,,,5,OP1,C2_WIFI_CARGA_MEDIA,N3
,0.331,0.223,0.734,1.0,,1787593485879.993,30.69,13.52,3.38,0.35,1787593485881.9707,False,,,5,OP1,C2_WIFI_CARGA_MEDIA,N3
,0.333,0.224,0.751,1.0,,1787593485924.348,31.285,13.36,3.44,0.35,1787593485924.348,False,,,5,OP1,C2_WIFI_CARGA_MEDIA,N3
,0.332,0.226,0.762,1.0,,1787593485948.8384,31.67,13.44,3.56,0.35,1787593485948.8384,False,,,5,OP1,C2_WIFI_CARGA_MEDIA,N3
,0.331,0.229,0.774,1.0,,1787593485992.0002,32.09,13.52,3.74,0.35,1787593485992.0002,False,,,5,OP1,C2_WIFI_CARGA_MEDIA,N3
,0.328,0.231,0.789,1.0,,1787593486020.1846,32.615,13.76,3.86,0.35,1787593486020.1846,False,,,5,OP1,C2_WIFI_CARGA_MEDIA,N3
,0.324,0.232,0.805,1.0,,1787593486046.4082,33.175,14.08,3.92,0.35,1787593486046.4082,False,,,5,OP1,C2_WIFI_CARGA_MEDIA,N3
,0.32,0.232,0.821,1.0,,1787593486075.8691,33.735,14.4,3.92,0.35,1787593486075.8691,False,,,5,OP1,C2_WIFI_CARGA_MEDIA,N3
,0.312,0.231,0.838,1.0,,1787593486120.4849,34.33,15.04,3.86,0.35,1787593486120.4849,False,,,5,OP1,C2_WIFI_CARGA_MEDIA,N3
,0.309,0.23,0.843,1.0,,1787593486148.286,34.505,15.28,3.8,0.35,1787593486148.99,False,,,5,OP1,C2_WIFI_CARGA_MEDIA,N3
,0.308,0.23,0.848,1.0,,1787593486186.619,34.68,15.36,3.8,0.35,1787593486187.844,False,,,5,OP1,C2_WIFI_CARGA_MEDIA,N3
,0.306,0.229,0.856,1.0,,1787593486226.6,34.96,15.52,3.74,0.35,1787593486226.6,False,,,5,OP1,C2_WIFI_CARGA_MEDIA,N3
,0.305,0.229,0.861,1.0,,1787593486249.525,35.135,15.6,3.74,0.35,1787593486250.5784,False,,,5,OP1,C2_WIFI_CARGA_MEDIA,N3
,0.303,0.23,0.867,1.0,,1787593486291.832,35.345,15.76,3.8,0.35,1787593486291.832,False,,,5,OP1,C2_WIFI_CARGA_MEDIA,N3
,0.302,0.23,0.872,1.0,,1787593486324.6082,35.52,15.84,3.8,0.35,1787593486326.6182,False,,,5,OP1,C2_WIFI_CARGA_MEDIA,N3
,0.3,0.231,0.879,1.0,,1787593486352.577,35.765,16.0,3.86,0.35,1787593486355.5,False,,,5,OP1,C2_WIFI_CARGA_MEDIA,N3
,0.298,0.233,0.886,1.0,,1787593486381.868,36.01,16.16,3.98,0.35,1787593486381.868,False,,,5,OP1,C2_WIFI_CARGA_MEDIA,N3
,0.295,0.236,0.897,1.0,,1787593486420.9543,36.395,16.4,4.16,0.35,1787593486420.9543,False,,,5,OP1,C2_WIFI_CARGA_MEDIA,N3
,0.292,0.237,0.904,1.0,,1787593486459.9802,36.64,16.64,4.22,0.35,1787593486459.9802,False,,,5,OP1,C2_WIFI_CARGA_MEDIA,N3
,0.289,0.238,0.911,1.0,,1787593486492.5642,36.885,16.88,4.28,0.35,1787593486494.571,False,,,5,OP1,C2_WIFI_CARGA_MEDIA,N3
,0.286,0.238,0.918,1.0,,1787593486660.9,37.13,17.12,4.28,0.35,1787593486660.9,False,,,5,OP1,C2_WIFI_CARGA_MEDIA,N3
,0.266,0.237,0.935,1.0,,1787593486686.1846,37.725,18.72,4.22,0.35,1787593486686.4905,False,,,5,OP1,C2_WIFI_CARGA_MEDIA,N3
,0.261,0.234,0.938,1.0,,1787593486732.4167,37.83,19.12,4.04,0.35,1787593486732.4167,False,,,5,OP1,C2_WIFI_CARGA_MEDIA,N3
,0.258,0.233,0.938,1.0,,1787593486764.39,37.83,19.36,3.98,0.35,1787593486764.39,False,,,5,OP1,C2_WIFI_CARGA_MEDIA,N3
,0.255,0.23,0.937,1.0,,1787593486797.2478,37.795,19.6,3.8,0.35,1787593486797.2478,False,,,5,OP1,C2_WIFI_CARGA_MEDIA,N3
,0.253,0.227,0.934,1.0,,1787593486818.725,37.69,19.76,3.62,0.35,1787593486821.9617,False,,,5,OP1,C2_WIFI_CARGA_MEDIA,N3
,0.25,0.224,0.932,1.0,,1787593486857.163,37.62,20.0,3.44,0.35,1787593486857.163,False,,,5,OP1,C2_WIFI_CARGA_MEDIA,N3
,0.247,0.218,0.928,1.0,,1787593486897.3345,37.48,20.24,3.08,0.35,1787593486897.3345,False,,,5,OP1,C2_WIFI_CARGA_MEDIA,N3
,0.246,0.216,0.925,1.0,,1787593486923.7524,37.375,20.32,2.96,0.35,1787593486924.7517,False,,,5,OP1,C2_WIFI_CARGA_MEDIA,N3
,0.245,0.214,0.922,1.0,,1787593486964.3604,37.27,20.4,2.84,0.35,1787593486964.3604,False,,,5,OP1,C2_WIFI_CARGA_MEDIA,N3
,0.245,0.212,0.92,1.0,,1787593486992.4414,37.2,20.4,2.72,0.35,1787593486994.455,False,,,5,OP1,C2_WIFI_CARGA_MEDIA,N3
,0.245,0.21,0.919,1.0,,1787593487021.8252,37.165,20.4,2.6,0.35,1787593487022.412,False,,,5,OP1,C2_WIFI_CARGA_MEDIA,N3
,0.245,0.208,0.919,1.0,,1787593487047.2402,37.165,20.4,2.48,0.35,1787593487047.2402,False,,,5,OP1,C2_WIFI_CARGA_MEDIA,N3
,0.245,0.206,0.918,1.0,,1787593487068.3074,37.13,20.4,2.36,0.35,1787593487068.3074,False,,,5,OP1,C2_WIFI_CARGA_MEDIA,N3
,0.244,0.203,0.916,1.0,,1787593487098.818,37.06,20.48,2.18,0.35,1787593487098.818,False,,,5,OP1,C2_WIFI_CARGA_MEDIA,N3
,0.243,0.2,0.913,1.0,,1787593487123.1597,36.955,20.56,2.0,0.35,1787593487123.1597,False,,,5,OP1,C2_WIFI_CARGA_MEDIA,N3
,0.241,0.198,0.911,1.0,,1787593487158.9814,36.885,20.72,1.88,0.35,1787593487158.9814,False,,,5,OP1,C2_WIFI_CARGA_MEDIA,N3
,0.237,0.19,0.908,1.0,,1787593487202.9614,36.78,21.04,1.4,0.35,1787593487202.9614,False,,,5,OP1,C2_WIFI_CARGA_MEDIA,N3
,0.234,0.188,0.905,1.0,,1787593487234.0388,36.675,21.28,1.28,0.35,1787593487234.0388,False,,,5,OP1,C2_WIFI_CARGA_MEDIA,N3
,0.231,0.186,0.903,1.0,,1787593487267.162,36.605,21.52,1.16,0.35,1787593487267.162,False,,,5,OP1,C2_WIFI_CARGA_MEDIA,N3
,0.229,0.185,0.902,1.0,,1787593487296.8616,36.57,21.68,1.1,0.35,1787593487296.8616,False,,,5,OP1,C2_WIFI_CARGA_MEDIA,N3
,0.228,0.183,0.903,1.0,,1787593487324.0415,36.605,21.76,0.98,0.35,1787593487325.0608,False,,,5,OP1,C2_WIFI_CARGA_MEDIA,N3
,0.227,0.182,0.903,1.0,,1787593487357.4077,36.605,21.84,0.92,0.35,1787593487357.4077,False,,,5,OP1,C2_WIFI_CARGA_MEDIA,N3
,0.224,0.181,0.901,1.0,,1787593487396.9604,36.535,22.08,0.86,0.35,1787593487396.9604,False,,,5,OP1,C2_WIFI_CARGA_MEDIA,N3
,0.219,0.181,0.899,1.0,,1787593487424.4648,36.465,22.48,0.86,0.35,1787593487425.0613,False,,,5,OP1,C2_WIFI_CARGA_MEDIA,N3
,0.214,0.182,0.896,1.0,,1787593487466.4692,36.36,22.88,0.92,0.35,1787593487468.4746,False,,,5,OP1,C2_WIFI_CARGA_MEDIA,N3
,0.211,0.183,0.893,1.0,,1787593487495.7668,36.255,23.12,0.98,0.35,1787593487495.7668,False,,,5,OP1,C2_WIFI_CARGA_MEDIA,N3
,0.209,0.183,0.893,1.0,,1787593487522.7915,36.255,23.28,0.98,0.35,1787593487522.7915,False,,,5,OP1,C2_WIFI_CARGA_MEDIA,N3
,0.209,0.182,0.893,1.0,,1787593487548.0,36.255,23.28,0.92,0.35,1787593487548.0,False,,,5,OP1,C2_WIFI_CARGA_MEDIA,N3
,0.209,0.182,0.892,1.0,,1787593487570.7417,36.22,23.28,0.92,0.35,1787593487570.7417,False,,,5,OP1,C2_WIFI_CARGA_MEDIA,N3
,0.21,0.182,0.891,1.0,,1787593487603.0854,36.185,23.2,0.92,0.35,1787593487603.0854,False,,,5,OP1,C2_WIFI_CARGA_MEDIA,N3
,0.212,0.182,0.888,1.0,,1787593487626.7004,36.08,23.04,0.92,0.35,1787593487627.6365,False,,,5,OP1,C2_WIFI_CARGA_MEDIA,N3
,0.216,0.18,0.882,1.0,,1787593487664.0278,35.87,22.72,0.8,0.35,1787593487664.0278,False,,,5,OP1,C2_WIFI_CARGA_MEDIA,N3
,0.23,0.178,0.861,1.0,,1787593487704.927,35.135,21.6,0.68,0.35,1787593487704.927,False,,,5,OP1,C2_WIFI_CARGA_MEDIA,N3
,0.236,0.178,0.855,1.0,,1787593487726.84,34.925,21.12,0.68,0.35,1787593487726.84,False,,,5,OP1,C2_WIFI_CARGA_MEDIA,N3
,0.239,0.177,0.853,1.0,,1787593487772.664,34.855,20.88,0.62,0.35,1787593487772.664,False,,,5,OP1,C2_WIFI_CARGA_MEDIA,N3
,0.242,0.177,0.852,1.0,,1787593487800.829,34.82,20.64,0.62,0.35,1787593487800.829,False,,,5,OP1,C2_WIFI_CARGA_MEDIA,N3
,0.243,0.177,0.85,1.0,,1787593487826.9707,34.75,20.56,0.62,0.35,1787593487828.9849,False,,,5,OP1,C2_WIFI_CARGA_MEDIA,N3
,0.244,0.177,0.849,1.0,,1787593487858.4487,34.715,20.48,0.62,0.35,1787593487858.4487,False,,,5,OP1,C2_WIFI_CARGA_MEDIA,N3
,0.246,0.177,0.846,1.0,,1787593487901.0437,34.61,20.32,0.62,0.35,1787593487905.9226,False,,,5,OP1,C2_WIFI_CARGA_MEDIA,N3
,0.247,0.177,0.845,1.0,,1787593487928.092,34.575,20.24,0.62,0.35,1787593487928.092,False,,,5,OP1,C2_WIFI_CARGA_MEDIA,N3
,0.248,0.176,0.844,1.0,,1787593487969.0645,34.54,20.16,0.56,0.35,1787593487971.0735,False,,,5,OP1,C2_WIFI_CARGA_MEDIA,N3
,0.249,0.175,0.842,1.0,,1787593487996.932,34.47,20.08,0.5,0.35,1787593487996.932,False,,,5,OP1,C2_WIFI_CARGA_MEDIA,N3
,0.254,0.172,0.831,1.0,,1787593488039.2812,34.085,19.68,0.32,0.35,1787593488039.2812,False,,,5,OP1,C2_WIFI_CARGA_MEDIA,N3
,0.256,0.171,0.827,1.0,,1787593488074.6985,33.945,19.52,0.26,0.35,1787593488074.6985,False,,,5,OP1,C2_WIFI_CARGA_MEDIA,N3
,0.261,0.167,0.822,1.0,,1787593488108.0046,33.77,19.12,0.02,0.35,1787593488108.0046,False,,,5,OP1,C2_WIFI_CARGA_MEDIA,N3
,0.264,0.164,0.818,1.0,,1787593488129.6948,33.63,18.88,-0.16,0.35,1787593488129.6948,False,,,5,OP1,C2_WIFI_CARGA_MEDIA,N3
,0.267,0.162,0.814,1.0,,1787593488165.1787,33.49,18.64,-0.28,0.35,1787593488166.1787,False,,,5,OP1,C2_WIFI_CARGA_MEDIA,N3
,0.269,0.161,0.811,1.0,,1787593488208.246,33.385,18.48,-0.34,0.35,1787593488208.7498,False,,,5,OP1,C2_WIFI_CARGA_MEDIA,N3
,0.27,0.161,0.811,1.0,,1787593488231.162,33.385,18.4,-0.34,0.35,1787593488232.257,False,,,5,OP1,C2_WIFI_CARGA_MEDIA,N3
,0.271,0.161,0.809,1.0,,1787593488274.3064,33.315,18.32,-0.34,0.35,1787593488274.3064,False,,,5,OP1,C2_WIFI_CARGA_MEDIA,N3
,0.272,0.161,0.807,1.0,,1787593488303.0815,33.245,18.24,-0.34,0.35,1787593488305.092,False,,,5,OP1,C2_WIFI_CARGA_MEDIA,N3
,0.272,0.162,0.804,1.0,,1787593488325.1829,33.14,18.24,-0.28,0.35,1787593488331.1072,False,,,5,OP1,C2_WIFI_CARGA_MEDIA,N3
,0.273,0.162,0.802,1.0,,1787593488469.0376,33.07,18.16,-0.28,0.35,1787593488471.0513,False,,,5,OP1,C2_WIFI_CARGA_MEDIA,N3
,0.273,0.163,0.79,1.0,,1787593488508.902,32.65,18.16,-0.22,0.35,1787593488510.2192,False,,,5,OP1,C2_WIFI_CARGA_MEDIA,N3
,0.273,0.162,0.79,1.0,,1787593488547.1023,32.65,18.16,-0.28,0.35,1787593488547.6904,False,,,5,OP1,C2_WIFI_CARGA_MEDIA,N3
,0.273,0.162,0.789,1.0,,1787593488578.242,32.615,18.16,-0.28,0.35,1787593488578.242,False,,,5,OP1,C2_WIFI_CARGA_MEDIA,N3
,0.273,0.162,0.788,1.0,,1787593488608.6694,32.58,18.16,-0.28,0.35,1787593488610.1765,False,,,5,OP1,C2_WIFI_CARGA_MEDIA,N3
,0.274,0.162,0.787,1.0,,1787593488634.0637,32.545,18.08,-0.28,0.35,1787593488635.1794,False,,,5,OP1,C2_WIFI_CARGA_MEDIA,N3
,0.274,0.162,0.787,1.0,,1787593488661.7107,32.545,18.08,-0.28,0.35,1787593488667.02,False,,,5,OP1,C2_WIFI_CARGA_MEDIA,N3
,0.275,0.163,0.786,1.0,,1787593488716.6,32.51,18.0,-0.22,0.35,1787593488716.6,False,,,5,OP1,C2_WIFI_CARGA_MEDIA,N3
,0.277,0.164,0.788,1.0,,1787593488767.7295,32.58,17.84,-0.16,0.35,1787593488767.7295,False,,,5,OP1,C2_WIFI_CARGA_MEDIA,N3
,0.28,0.166,0.795,1.0,,1787593488823.3018,32.825,17.6,-0.04,0.35,1787593488823.3018,False,,,5,OP1,C2_WIFI_CARGA_MEDIA,N3
,0.28,0.166,0.8,1.0,,1787593488847.85,33.0,17.6,-0.04,0.35,1787593488847.85,False,,,5,OP1,C2_WIFI_CARGA_MEDIA,N3
,0.28,0.166,0.809,1.0,,1787593488882.3662,33.315,17.6,-0.04,0.35,1787593488882.3662,False,,,5,OP1,C2_WIFI_CARGA_MEDIA,N3
,0.276,0.16,0.83,1.0,,1787593488938.1787,34.05,17.92,-0.4,0.35,1787593488938.1787,False,,,5,OP1,C2_WIFI_CARGA_MEDIA,N3
,0.266,0.151,0.853,1.0,,1787593488997.1443,34.855,18.72,-0.94,0.35,1787593488997.1443,False,,,5,OP1,C2_WIFI_CARGA_MEDIA,N3
,0.255,0.138,0.866,1.0,,1787593489045.2458,35.31,19.6,-1.72,0.35,1787593489045.2458,False,,,5,OP1,C2_WIFI_CARGA_MEDIA,N3
,0.254,0.131,0.87,1.0,,1787593489083.3762,35.45,19.68,-2.14,0.35,1787593489083.3762,False,,,5,OP1,C2_WIFI_CARGA_MEDIA,N3
,0.254,0.125,0.874,1.0,,1787593489112.2495,35.59,19.68,-2.5,0.35,1787593489115.1655,False,,,5,OP1,C2_WIFI_CARGA_MEDIA,N3
,0.254,0.124,0.873,1.0,,1787593489151.1406,35.555,19.68,-2.56,0.35,1787593489151.1406,False,,,5,OP1,C2_WIFI_CARGA_MEDIA,N3
,0.255,0.123,0.872,1.0,,1787593489192.465,35.52,19.6,-2.62,0.35,1787593489195.0117,False,,,5,OP1,C2_WIFI_CARGA_MEDIA,N3
,0.256,0.121,0.872,1.0,,1787593489218.1963,35.52,19.52,-2.74,0.35,1787593489220.217,False,,,5,OP1,C2_WIFI_CARGA_MEDIA,N3
,0.257,0.12,0.872,1.0,,1787593489247.0906,35.52,19.44,-2.8,0.35,1787593489253.4326,False,,,5,OP1,C2_WIFI_CARGA_MEDIA,N3
,0.259,0.12,0.873,1.0,,1787593489304.32,35.555,19.28,-2.8,0.35,1787593489304.32,False,,,5,OP1,C2_WIFI_CARGA_MEDIA,N3
,0.259,0.119,0.875,1.0,,1787593489458.9846,35.625,19.28,-2.86,0.35,1787593489458.9846,False,,,5,OP1,C2_WIFI_CARGA_MEDIA,N3
,0.26,0.119,0.877,1.0,,1787593489554.8044,35.695,19.2,-2.86,0.35,1787593489556.528,False,,,5,OP1,C2_WIFI_CARGA_MEDIA,N3
,0.262,0.117,0.879,1.0,,1787593489607.7742,35.765,19.04,-2.98,0.35,1787593489609.78,False,,,5,OP1,C2_WIFI_CARGA_MEDIA,N3
,0.263,0.117,0.878,1.0,,1787593489640.5183,35.73,18.96,-2.98,0.35,1787593489640.5183,False,,,5,OP1,C2_WIFI_CARGA_MEDIA,N3
,0.263,0.117,0.877,1.0,,1787593489685.8816,35.695,18.96,-2.98,0.35,1787593489685.8816,False,,,5,OP1,C2_WIFI_CARGA_MEDIA,N3
,0.264,0.117,0.877,1.0,,1787593489713.4631,35.695,18.88,-2.98,0.35,1787593489713.4631,False,,,5,OP1,C2_WIFI_CARGA_MEDIA,N3
,0.264,0.118,0.878,1.0,,1787593489750.058,35.73,18.88,-2.92,0.35,1787593489752.0686,False,,,5,OP1,C2_WIFI_CARGA_MEDIA,N3
,0.264,0.118,0.88,1.0,,1787593489805.814,35.8,18.88,-2.92,0.35,1787593489805.814,False,,,5,OP1,C2_WIFI_CARGA_MEDIA,N3
,0.264,0.117,0.881,1.0,,1787593489835.9265,35.835,18.88,-2.98,0.35,1787593489835.9265,False,,,5,OP1,C2_WIFI_CARGA_MEDIA,N3
,0.264,0.116,0.882,1.0,,1787593489874.892,35.87,18.88,-3.04,0.35,1787593489874.892,False,,,5,OP1,C2_WIFI_CARGA_MEDIA,N3
,0.264,0.115,0.882,1.0,,1787593489917.2495,35.87,18.88,-3.1,0.35,1787593489917.2495,False,,,5,OP1,C2_WIFI_CARGA_MEDIA,N3
,0.264,0.114,0.882,1.0,,1787593489942.7507,35.87,18.88,-3.16,0.35,1787593489946.95,False,,,5,OP1,C2_WIFI_CARGA_MEDIA,N3
,0.264,0.111,0.884,1.0,,1787593489982.7742,35.94,18.88,-3.34,0.35,1787593489982.7742,False,,,5,OP1,C2_WIFI_CARGA_MEDIA,N3
,0.264,0.109,0.884,1.0,,1787593490022.5688,35.94,18.88,-3.46,0.35,1787593490022.5688,False,,,5,OP1,C2_WIFI_CARGA_MEDIA,N3
,0.265,0.108,0.883,1.0,,1787593490049.7273,35.905,18.8,-3.52,0.35,1787593490049.7273,False,,,5,OP1,C2_WIFI_CARGA_MEDIA,N3
,0.265,0.108,0.881,1.0,,1787593490084.396,35.835,18.8,-3.52,0.35,1787593490084.396,False,,,5,OP1,C2_WIFI_CARGA_MEDIA,N3
,0.265,0.105,0.879,1.0,,1787593490125.4675,35.765,18.8,-3.7,0.35,1787593490126.4778,False,,,5,OP1,C2_WIFI_CARGA_MEDIA,N3
,0.265,0.104,0.878,1.0,,1787593490167.9883,35.73,18.8,-3.76,0.35,1787593490167.9883,False,,,5,OP1,C2_WIFI_CARGA_MEDIA,N3
,0.265,0.104,0.876,1.0,,1787593490196.7375,35.66,18.8,-3.76,0.35,1787593490198.7505,False,,,5,OP1,C2_WIFI_CARGA_MEDIA,N3
,0.265,0.103,0.874,1.0,,1787593490233.6782,35.59,18.8,-3.82,0.35,1787593490233.6782,False,,,5,OP1,C2_WIFI_CARGA_MEDIA,N3
,0.266,0.102,0.873,1.0,,1787593490279.1284,35.555,18.72,-3.88,0.35,1787593490281.1355,False,,,5,OP1,C2_WIFI_CARGA_MEDIA,N3
,0.266,0.102,0.873,1.0,,1787593490301.1018,35.555,18.72,-3.88,0.35,1787593490301.1018,False,,,5,OP1,C2_WIFI_CARGA_MEDIA,N3
,0.266,0.102,0.872,1.0,,1787593490322.9363,35.52,18.72,-3.88,0.35,1787593490322.9363,False,,,5,OP1,C2_WIFI_CARGA_MEDIA,N3
,0.266,0.101,0.872,1.0,,1787593490363.9397,35.52,18.72,-3.94,0.35,1787593490363.9397,False,,,5,OP1,C2_WIFI_CARGA_MEDIA,N3
,0.266,0.1,0.87,1.0,,1787593490411.9314,35.45,18.72,-4.0,0.35,1787593490413.9417,False,,,5,OP1,C2_WIFI_CARGA_MEDIA,N3
,0.266,0.1,0.869,1.0,,1787593490446.871,35.415,18.72,-4.0,0.35,1787593490446.871,False,,,5,OP1,C2_WIFI_CARGA_MEDIA,N3
,0.267,0.097,0.867,1.0,,1787593490484.9116,35.345,18.64,-4.18,0.35,1787593490484.9116,False,,,5,OP1,C2_WIFI_CARGA_MEDIA,N3
,0.267,0.096,0.864,1.0,,1787593490528.8467,35.24,18.64,-4.24,0.35,1787593490528.8467,False,,,5,OP1,C2_WIFI_CARGA_MEDIA,N3
,0.265,0.095,0.857,1.0,,1787593490550.593,34.995,18.8,-4.3,0.35,1787593490561.1133,False,,,5,OP1,C2_WIFI_CARGA_MEDIA,N3
,0.265,0.092,0.849,1.0,,1787593490614.712,34.715,18.8,-4.48,0.35,1787593490615.7185,False,,,5,OP1,C2_WIFI_CARGA_MEDIA,N3
,0.265,0.09,0.844,1.0,,1787593490671.061,34.54,18.8,-4.6,0.35,1787593490672.1155,False,,,5,OP1,C2_WIFI_CARGA_MEDIA,N3
,0.265,0.089,0.842,1.0,,1787593490723.3557,34.47,18.8,-4.66,0.35,1787593490723.3557,False,,,5,OP1,C2_WIFI_CARGA_MEDIA,N3
,0.265,0.09,0.84,1.0,,1787593490752.8372,34.4,18.8,-4.6,0.35,1787593490752.8372,False,,,5,OP1,C2_WIFI_CARGA_MEDIA,N3
,0.264,0.091,0.837,1.0,,1787593490780.454,34.295,18.88,-4.54,0.35,1787593490780.9353,False,,,5,OP1,C2_WIFI_CARGA_MEDIA,N3
,0.264,0.091,0.835,1.0,,1787593490806.8828,34.225,18.88,-4.54,0.35,1787593490806.8828,False,,,5,OP1,C2_WIFI_CARGA_MEDIA,N3
,0.262,0.094,0.829,1.0,,1787593490831.4993,34.015,19.04,-4.36,0.35,1787593490831.4993,False,,,5,OP1,C2_WIFI_CARGA_MEDIA,N3
,0.259,0.099,0.813,1.0,,1787593490880.2896,33.455,19.28,-4.06,0.35,1787593490880.2896,False,,,5,OP1,C2_WIFI_CARGA_MEDIA,N3
,0.257,0.101,0.808,1.0,,1787593490914.4304,33.28,19.44,-3.94,0.35,1787593490914.4304,False,,,5,OP1,C2_WIFI_CARGA_MEDIA,N3
,0.256,0.101,0.806,1.0,,1787593490938.952,33.21,19.52,-3.94,0.35,1787593490938.952,False,,,5,OP1,C2_WIFI_CARGA_MEDIA,N3
,0.255,0.102,0.803,1.0,,1787593490975.0483,33.105,19.6,-3.88,0.35,1787593490975.0483,False,,,5,OP1,C2_WIFI_CARGA_MEDIA,N3
,0.255,0.105,0.792,1.0,,1787593491031.5557,32.72,19.6,-3.7,0.35,1787593491032.1191,False,,,5,OP1,C2_WIFI_CARGA_MEDIA,N3
,0.255,0.106,0.787,1.0,,1787593491059.6638,32.545,19.6,-3.64,0.35,1787593491060.2542,False,,,5,OP1,C2_WIFI_CARGA_MEDIA,N3
,0.255,0.107,0.785,1.0,,1787593491086.5337,32.475,19.6,-3.58,0.35,1787593491086.5337,False,,,5,OP1,C2_WIFI_CARGA_MEDIA,N3
,0.255,0.111,0.78,1.0,,1787593491136.84,32.3,19.6,-3.34,0.35,1787593491136.84,False,,,5,OP1,C2_WIFI_CARGA_MEDIA,N3
,0.255,0.115,0.775,1.0,,1787593491171.125,32.125,19.6,-3.1,0.35,1787593491172.125,False,,,5,OP1,C2_WIFI_CARGA_MEDIA,N3
,0.254,0.122,0.769,1.0,,1787593491196.825,31.915,19.68,-2.68,0.35,1787593491196.825,False,,,5,OP1,C2_WIFI_CARGA_MEDIA,N3
,0.252,0.129,0.766,1.0,,1787593491225.158,31.81,19.84,-2.26,0.35,1787593491225.158,False,,,5,OP1,C2_WIFI_CARGA_MEDIA,N3
,0.252,0.138,0.761,1.0,,1787593491275.4714,31.635,19.84,-1.72,0.35,1787593491275.4714,False,,,5,OP1,C2_WIFI_CARGA_MEDIA,N3
,0.252,0.144,0.759,1.0,,1787593491301.233,31.565,19.84,-1.36,0.35,1787593491303.2322,False,,,5,OP1,C2_WIFI_CARGA_MEDIA,N3
,0.252,0.15,0.758,1.0,,1787593491339.484,31.53,19.84,-1.0,0.35,1787593491339.9976,False,,,5,OP1,C2_WIFI_CARGA_MEDIA,N3
,0.252,0.163,0.751,1.0,,1787593491386.9143,31.285,19.84,-0.22,0.35,1787593491386.9143,False,,,5,OP1,C2_WIFI_CARGA_MEDIA,N3
,0.25,0.179,0.739,1.0,,1787593491431.6543,30.865,20.0,0.74,0.35,1787593491431.6543,False,,,5,OP1,C2_WIFI_CARGA_MEDIA,N3
,0.249,0.182,0.737,1.0,,1787593491462.6863,30.795,20.08,0.92,0.35,1787593491462.6863,False,,,5,OP1,C2_WIFI_CARGA_MEDIA,N3
,0.248,0.184,0.735,1.0,,1787593491496.8064,30.725,20.16,1.04,0.35,1787593491496.8064,False,,,5,OP1,C2_WIFI_CARGA_MEDIA,N3
,0.247,0.185,0.733,1.0,,1787593491532.2744,30.655,20.24,1.1,0.35,1787593491532.2744,False,,,5,OP1,C2_WIFI_CARGA_MEDIA,N3
,0.243,0.188,0.727,1.0,,1787593491556.0386,30.445,20.56,1.28,0.35,1787593491557.0386,False,,,5,OP1,C2_WIFI_CARGA_MEDIA,N3
,0.241,0.188,0.72,1.0,,1787593491588.651,30.2,20.72,1.28,0.35,1787593491589.664,False,,,5,OP1,C2_WIFI_CARGA_MEDIA,N3
,0.237,0.188,0.709,1.0,,1787593491632.194,29.815,21.04,1.28,0.35,1787593491632.194,False,,,5,OP1,C2_WIFI_CARGA_MEDIA,N3
,0.237,0.188,0.706,1.0,,1787593491657.8208,29.71,21.04,1.28,0.35,1787593491658.932,False,,,5,OP1,C2_WIFI_CARGA_MEDIA,N3
,0.236,0.188,0.704,1.0,,1787593491699.5715,29.64,21.12,1.28,0.35,1787593491699.5715,False,,,5,OP1,C2_WIFI_CARGA_MEDIA,N3
,0.235,0.187,0.7,1.0,,1787593491748.3877,29.5,21.2,1.22,0.35,1787593491756.64,False,,,5,OP1,C2_WIFI_CARGA_MEDIA,N3
,0.235,0.187,0.693,1.0,,1787593491802.2292,29.255,21.2,1.22,0.35,1787593491802.2292,False,,,5,OP1,C2_WIFI_CARGA_MEDIA,N3
,0.235,0.186,0.691,1.0,,1787593491832.7808,29.185,21.2,1.16,0.35,1787593491832.7808,False,,,5,OP1,C2_WIFI_CARGA_MEDIA,N3
,0.235,0.186,0.689,1.0,,1787593491860.127,29.115,21.2,1.16,0.35,1787593491860.127,False,,,5,OP1,C2_WIFI_CARGA_MEDIA,N3
,0.235,0.185,0.688,1.0,,1787593491895.7588,29.08,21.2,1.1,0.35,1787593491897.9585,False,,,5,OP1,C2_WIFI_CARGA_MEDIA,N3
,0.236,0.185,0.687,1.0,,1787593491938.8044,29.045,21.12,1.1,0.35,1787593491938.8044,False,,,5,OP1,C2_WIFI_CARGA_MEDIA,N3
,0.237,0.184,0.688,1.0,,1787593491961.6587,29.08,21.04,1.04,0.35,1787593491962.4922,False,,,5,OP1,C2_WIFI_CARGA_MEDIA,N3
,0.237,0.184,0.688,1.0,,1787593492005.5833,29.08,21.04,1.04,0.35,1787593492005.5833,False,,,5,OP1,C2_WIFI_CARGA_MEDIA,N3
,0.238,0.184,0.689,1.0,,1787593492033.223,29.115,20.96,1.04,0.35,1787593492033.792,False,,,5,OP1,C2_WIFI_CARGA_MEDIA,N3
,0.239,0.183,0.69,1.0,,1787593492060.6702,29.15,20.88,0.98,0.35,1787593492061.5923,False,,,5,OP1,C2_WIFI_CARGA_MEDIA,N3
,0.245,0.177,0.705,1.0,,1787593492102.9229,29.675,20.4,0.62,0.35,1787593492102.9229,False,,,5,OP1,C2_WIFI_CARGA_MEDIA,N3
,0.249,0.173,0.716,1.0,,1787593492133.9373,30.06,20.08,0.38,0.35,1787593492133.9373,False,,,5,OP1,C2_WIFI_CARGA_MEDIA,N3
,0.251,0.169,0.723,1.0,,1787593492162.026,30.305,19.92,0.14,0.35,1787593492163.1418,False,,,5,OP1,C2_WIFI_CARGA_MEDIA,N3
,0.253,0.165,0.729,1.0,,1787593492201.723,30.515,19.76,-0.1,0.35,1787593492201.723,False,,,5,OP1,C2_WIFI_CARGA_MEDIA,N3
,0.255,0.162,0.739,1.0,,1787593492240.8127,30.865,19.6,-0.28,0.35,1787593492241.6946,False,,,5,OP1,C2_WIFI_CARGA_MEDIA,N3
,0.255,0.16,0.743,1.0,,1787593492259.4036,31.005,19.6,-0.4,0.35,1787593492262.0408,False,,,5,OP1,C2_WIFI_CARGA_MEDIA,N3
,0.256,0.158,0.751,1.0,,1787593492308.126,31.285,19.52,-0.52,0.35,1787593492308.126,False,,,5,OP1,C2_WIFI_CARGA_MEDIA,N3
,0.256,0.155,0.757,1.0,,1787593492339.204,31.495,19.52,-0.7,0.35,1787593492339.204,False,,,5,OP1,C2_WIFI_CARGA_MEDIA,N3
,0.257,0.153,0.762,1.0,,1787593492362.918,31.67,19.44,-0.82,0.35,1787593492365.1367,False,,,5,OP1,C2_WIFI_CARGA_MEDIA,N3
,0.258,0.151,0.765,1.0,,1787593492397.377,31.775,19.36,-0.94,0.35,1787593492397.377,False,,,5,OP1,C2_WIFI_CARGA_MEDIA,N3
,0.262,0.146,0.771,1.0,,1787593492440.16,31.985,19.04,-1.24,0.35,1787593492440.16,False,,,5,OP1,C2_WIFI_CARGA_MEDIA,N3
,0.264,0.145,0.772,1.0,,1787593492464.1792,32.02,18.88,-1.3,0.35,1787593492465.243,False,,,5,OP1,C2_WIFI_CARGA_MEDIA,N3
,0.266,0.145,0.773,1.0,,1787593492501.6108,32.055,18.72,-1.3,0.35,1787593492501.6108,False,,,5,OP1,C2_WIFI_CARGA_MEDIA,N3
,0.268,0.144,0.774,1.0,,1787593492535.0305,32.09,18.56,-1.36,0.35,1787593492535.0305,False,,,5,OP1,C2_WIFI_CARGA_MEDIA,N3
,0.272,0.145,0.777,1.0,,1787593492575.5662,32.195,18.24,-1.3,0.35,1787593492575.5662,False,,,5,OP1,C2_WIFI_CARGA_MEDIA,N3
,0.274,0.146,0.779,1.0,,1787593492599.3152,32.265,18.08,-1.24,0.35,1787593492600.318,False,,,5,OP1,C2_WIFI_CARGA_MEDIA,N3
,0.275,0.147,0.78,1.0,,1787593492643.6362,32.3,18.0,-1.18,0.35,1787593492647.1177,False,,,5,OP1,C2_WIFI_CARGA_MEDIA,N3
,0.276,0.148,0.782,1.0,,1787593492673.6917,32.37,17.92,-1.12,0.35,1787593492673.6917,False,,,5,OP1,C2_WIFI_CARGA_MEDIA,N3
,0.276,0.148,0.785,1.0,,1787593492699.007,32.475,17.92,-1.12,0.35,1787593492701.355,False,,,5,OP1,C2_WIFI_CARGA_MEDIA,N3
,0.277,0.146,0.794,1.0,,1787593492746.0242,32.79,17.84,-1.24,0.35,1787593492747.0244,False,,,5,OP1,C2_WIFI_CARGA_MEDIA,N3
,0.277,0.145,0.798,1.0,,1787593492776.3103,32.93,17.84,-1.3,0.35,1787593492777.35,False,,,5,OP1,C2_WIFI_CARGA_MEDIA,N3
,0.276,0.144,0.803,1.0,,1787593492837.4873,33.105,17.92,-1.36,0.35,1787593492837.4873,False,,,5,OP1,C2_WIFI_CARGA_MEDIA,N3
,0.276,0.142,0.808,1.0,,1787593492884.658,33.28,17.92,-1.48,0.35,1787593492884.658,False,,,5,OP1,C2_WIFI_CARGA_MEDIA,N3
,0.275,0.139,0.814,1.0,,1787593492944.2764,33.49,18.0,-1.66,0.35,1787593492946.3206,False,,,5,OP1,C2_WIFI_CARGA_MEDIA,N3
,0.274,0.137,0.817,1.0,,1787593492978.2454,33.595,18.08,-1.78,0.35,1787593492983.035,False,,,5,OP1,C2_WIFI_CARGA_MEDIA,N3
,0.271,0.133,0.823,1.0,,1787593493032.8333,33.805,18.32,-2.02,0.35,1787593493032.8333,False,,,5,OP1,C2_WIFI_CARGA_MEDIA,N3
,0.27,0.131,0.828,1.0,,1787593493053.528,33.98,18.4,-2.14,0.35,1787593493053.528,False,,,5,OP1,C2_WIFI_CARGA_MEDIA,N3
,0.268,0.128,0.831,1.0,,1787593493093.2017,34.085,18.56,-2.32,0.35,1787593493093.958,False,,,5,OP1,C2_WIFI_CARGA_MEDIA,N3
,0.266,0.123,0.838,1.0,,1787593493137.9148,34.33,18.72,-2.62,0.35,1787593493137.9148,False,,,5,OP1,C2_WIFI_CARGA_MEDIA,N3
,0.265,0.122,0.838,1.0,,1787593493159.8765,34.33,18.8,-2.68,0.35,1787593493159.8765,False,,,5,OP1,C2_WIFI_CARGA_MEDIA,N3
,0.265,0.121,0.837,1.0,,1787593493202.4932,34.295,18.8,-2.74,0.35,1787593493204.5032,False,,,5,OP1,C2_WIFI_CARGA_MEDIA,N3
,0.265,0.119,0.837,1.0,,1787593493259.6584,34.295,18.8,-2.86,0.35,1787593493259.6584,False,,,5,OP1,C2_WIFI_CARGA_MEDIA,N3
,0.265,0.118,0.837,1.0,,1787593493288.588,34.295,18.8,-2.92,0.35,1787593493290.5876,False,,,5,OP1,C2_WIFI_CARGA_MEDIA,N3
,0.264,0.117,0.841,1.0,,1787593493328.7034,34.435,18.88,-2.98,0.35,1787593493328.7034,False,,,5,OP1,C2_WIFI_CARGA_MEDIA,N3
,0.264,0.114,0.845,1.0,,1787593493361.573,34.575,18.88,-3.16,0.35,1787593493362.2952,False,,,5,OP1,C2_WIFI_CARGA_MEDIA,N3
,0.264,0.111,0.849,1.0,,1787593493397.1602,34.715,18.88,-3.34,0.35,1787593493397.1602,False,,,5,OP1,C2_WIFI_CARGA_MEDIA,N3
,0.262,0.106,0.863,1.0,,1787593493441.4092,35.205,19.04,-3.64,0.35,1787593493443.2786,False,,,5,OP1,C2_WIFI_CARGA_MEDIA,N3
,0.262,0.104,0.866,1.0,,1787593493481.3423,35.31,19.04,-3.76,0.35,1787593493481.3423,False,,,5,OP1,C2_WIFI_CARGA_MEDIA,N3
,0.26,0.102,0.872,1.0,,1787593493510.6335,35.52,19.2,-3.88,0.35,1787593493511.932,False,,,5,OP1,C2_WIFI_CARGA_MEDIA,N3
,0.257,0.097,0.887,1.0,,1787593493559.9814,36.045,19.44,-4.18,0.35,1787593493560.9973,False,,,5,OP1,C2_WIFI_CARGA_MEDIA,N3
,0.255,0.093,0.893,1.0,,1787593493612.061,36.255,19.6,-4.42,0.35,1787593493614.412,False,,,5,OP1,C2_WIFI_CARGA_MEDIA,N3
,0.255,0.091,0.897,1.0,,1787593493651.2146,36.395,19.6,-4.54,0.35,1787593493651.2146,False,,,5,OP1,C2_WIFI_CARGA_MEDIA,N3
,0.253,0.086,0.907,1.0,,1787593493704.986,36.745,19.76,-4.84,0.35,1787593493705.74,False,,,5,OP1,C2_WIFI_CARGA_MEDIA,N3
,0.252,0.08,0.913,1.0,,1787593493760.6902,36.955,19.84,-5.2,0.35,1787593493760.6902,False,,,5,OP1,C2_WIFI_CARGA_MEDIA,N3
,0.251,0.078,0.913,1.0,,1787593493788.386,36.955,19.92,-5.32,0.35,1787593493790.3992,False,,,5,OP1,C2_WIFI_CARGA_MEDIA,N3
,0.249,0.075,0.912,1.0,,1787593493844.1,36.92,20.08,-5.5,0.35,1787593493845.1152,False,,,5,OP1,C2_WIFI_CARGA_MEDIA,N3
,0.248,0.071,0.907,1.0,,1787593493899.2727,36.745,20.16,-5.74,0.35,1787593493901.286,False,,,5,OP1,C2_WIFI_CARGA_MEDIA,N3
,0.247,0.07,0.904,1.0,,1787593493943.25,36.64,20.24,-5.8,0.35,1787593493943.25,False,,,5,OP1,C2_WIFI_CARGA_MEDIA,N3
,0.246,0.07,0.903,1.0,,1787593493964.6555,36.605,20.32,-5.8,0.35,1787593493966.668,False,,,5,OP1,C2_WIFI_CARGA_MEDIA,N3
,0.246,0.07,0.901,1.0,,1787593494009.7888,36.535,20.32,-5.8,0.35,1787593494009.7888,False,,,5,OP1,C2_WIFI_CARGA_MEDIA,N3
,0.246,0.07,0.899,1.0,,1787593494038.8464,36.465,20.32,-5.8,0.35,1787593494040.859,False,,,5,OP1,C2_WIFI_CARGA_MEDIA,N3
,0.245,0.072,0.896,1.0,,1787593494094.472,36.36,20.4,-5.68,0.35,1787593494094.472,False,,,5,OP1,C2_WIFI_CARGA_MEDIA,N3
,0.245,0.072,0.893,1.0,,1787593494119.4077,36.255,20.4,-5.68,0.35,1787593494120.1816,False,,,5,OP1,C2_WIFI_CARGA_MEDIA,N3
,0.245,0.072,0.891,1.0,,1787593494147.7756,36.185,20.4,-5.68,0.35,1787593494151.5413,False,,,5,OP1,C2_WIFI_CARGA_MEDIA,N3
,0.244,0.071,0.886,1.0,,1787593494189.0828,36.01,20.48,-5.74,0.35,1787593494190.0803,False,,,5,OP1,C2_WIFI_CARGA_MEDIA,N3
,0.243,0.07,0.884,1.0,,1787593494231.9285,35.94,20.56,-5.8,0.35,1787593494233.9363,False,,,5,OP1,C2_WIFI_CARGA_MEDIA,N3
,0.243,0.069,0.882,1.0,,1787593494256.3125,35.87,20.56,-5.86,0.35,1787593494258.9995,False,,,5,OP1,C2_WIFI_CARGA_MEDIA,N3
,0.24,0.065,0.877,1.0,,1787593494308.189,35.695,20.8,-6.1,0.35,1787593494308.189,False,,,5,OP1,C2_WIFI_CARGA_MEDIA,N3
,0.238,0.061,0.872,1.0,,1787593494344.0222,35.52,20.96,-6.34,0.35,1787593494345.0298,False,,,5,OP1,C2_WIFI_CARGA_MEDIA,N3
,0.233,0.053,0.865,1.0,,1787593494400.7607,35.275,21.36,-6.82,0.35,1787593494402.7715,False,,,5,OP1,C2_WIFI_CARGA_MEDIA,N3
,0.232,0.052,0.862,1.0,,1787593494425.198,35.17,21.44,-6.88,0.35,1787593494425.198,False,,,5,OP1,C2_WIFI_CARGA_MEDIA,N3
,0.231,0.051,0.859,1.0,,1787593494464.1458,35.065,21.52,-6.94,0.35,1787593494464.1458,False,,,5,OP1,C2_WIFI_CARGA_MEDIA,N3
,0.23,0.052,0.857,1.0,,1787593494507.9429,34.995,21.6,-6.88,0.35,1787593494512.3171,False,,,5,OP1,C2_WIFI_CARGA_MEDIA,N3
,0.23,0.052,0.855,1.0,,1787593494528.0913,34.925,21.6,-6.88,0.35,1787593494528.0913,False,,,5,OP1,C2_WIFI_CARGA_MEDIA,N3
,0.23,0.052,0.855,1.0,,1787593494562.8308,34.925,21.6,-6.88,0.35,1787593494562.8308,False,,,5,OP1,C2_WIFI_CARGA_MEDIA,N3
,0.23,0.052,0.854,1.0,,1787593494590.3098,34.89,21.6,-6.88,0.35,1787593494590.3098,False,,,5,OP1,C2_WIFI_CARGA_MEDIA,N3
,0.229,0.053,0.853,1.0,,1787593494619.4236,34.855,21.68,-6.82,0.35,1787593494619.4236,False,,,5,OP1,C2_WIFI_CARGA_MEDIA,N3
,0.229,0.053,0.852,1.0,,1787593494649.4187,34.82,21.68,-6.82,0.35,1787593494649.4187,False,,,5,OP1,C2_WIFI_CARGA_MEDIA,N3
,0.228,0.053,0.848,1.0,,1787593494692.5632,34.68,21.76,-6.82,0.35,1787593494693.8594,False,,,5,OP1,C2_WIFI_CARGA_MEDIA,N3
,0.228,0.053,0.843,1.0,,1787593494712.7637,34.505,21.76,-6.82,0.35,1787593494713.2844,False,,,5,OP1,C2_WIFI_CARGA_MEDIA,N3
,0.228,0.053,0.836,1.0,,1787593494749.7812,34.26,21.76,-6.82,0.35,1787593494750.7952,False,,,5,OP1,C2_WIFI_CARGA_MEDIA,N3
,0.228,0.052,0.831,1.0,,1787593494789.2312,34.085,21.76,-6.88,0.35,1787593494791.244,False,,,5,OP1,C2_WIFI_CARGA_MEDIA,N3
,0.227,0.051,0.82,1.0,,1787593494843.7056,33.7,21.84,-6.94,0.35,1787593494846.9397,False,,,5,OP1,C2_WIFI_CARGA_MEDIA,N3
,0.227,0.052,0.813,1.0,,1787593494875.2642,33.455,21.84,-6.88,0.35,1787593494875.2642,False,,,5,OP1,C2_WIFI_CARGA_MEDIA,N3
,0.225,0.054,0.8,1.0,,1787593494911.4805,33.0,22.0,-6.76,0.35,1787593494913.4956,False,,,5,OP1,C2_WIFI_CARGA_MEDIA,N3
,0.223,0.055,0.792,1.0,,1787593494953.9868,32.72,22.16,-6.7,0.35,1787593494953.9868,False,,,5,OP1,C2_WIFI_CARGA_MEDIA,N3
,0.221,0.056,0.786,1.0,,1787593494985.3171,32.51,22.32,-6.64,0.35,1787593494987.3286,False,,,5,OP1,C2_WIFI_CARGA_MEDIA,N3
,0.218,0.058,0.772,1.0,,1787593495028.6528,32.02,22.56,-6.52,0.35,1787593495028.6528,False,,,5,OP1,C2_WIFI_CARGA_MEDIA,N3
,0.217,0.059,0.764,1.0,,1787593495060.4744,31.74,22.64,-6.46,0.35,1787593495060.4744,False,,,5,OP1,C2_WIFI_CARGA_MEDIA,N3
,0.218,0.06,0.756,1.0,,1787593495097.1472,31.46,22.56,-6.4,0.35,1787593495099.0547,False,,,5,OP1,C2_WIFI_CARGA_MEDIA,N3
,0.22,0.061,0.738,1.0,,1787593495152.4136,30.83,22.4,-6.34,0.35,1787593495155.825,False,,,5,OP1,C2_WIFI_CARGA_MEDIA,N3
,0.222,0.061,0.726,1.0,,1787593495205.7864,30.41,22.24,-6.34,0.35,1787593495206.538,False,,,5,OP1,C2_WIFI_CARGA_MEDIA,N3
,0.225,0.061,0.716,1.0,,1787593495253.0378,30.06,22.0,-6.34,0.35,1787593495256.2993,False,,,5,OP1,C2_WIFI_CARGA_MEDIA,N3
,0.226,0.062,0.71,1.0,,1787593495292.4866,29.85,21.92,-6.28,0.35,1787593495292.4866,False,,,5,OP1,C2_WIFI_CARGA_MEDIA,N3
,0.229,0.067,0.697,1.0,,1787593495347.1506,29.395,21.68,-5.98,0.35,1787593495347.1506,False,,,5,OP1,C2_WIFI_CARGA_MEDIA,N3
,0.231,0.071,0.682,1.0,,1787593495403.2273,28.87,21.52,-5.74,0.35,1787593495404.226,False,,,5,OP1,C2_WIFI_CARGA_MEDIA,N3
,0.232,0.071,0.68,1.0,,1787593495447.2007,28.8,21.44,-5.74,0.35,1787593495447.2007,False,,,5,OP1,C2_WIFI_CARGA_MEDIA,N3
,0.232,0.071,0.677,1.0,,1787593495485.8987,28.695,21.44,-5.74,0.35,1787593495486.8977,False,,,5,OP1,C2_WIFI_CARGA_MEDIA,N3
,0.233,0.071,0.674,1.0,,1787593495533.0227,28.59,21.36,-5.74,0.35,1787593495533.0227,False,,,5,OP1,C2_WIFI_CARGA_MEDIA,N3
,0.233,0.072,0.673,1.0,,1787593495564.5786,28.555,21.36,-5.68,0.35,1787593495564.5786,False,,,5,OP1,C2_WIFI_CARGA_MEDIA,N3
,0.233,0.072,0.672,1.0,,1787593495596.9426,28.52,21.36,-5.68,0.35,1787593495596.9426,False,,,5,OP1,C2_WIFI_CARGA_MEDIA,N3
,0.233,0.073,0.669,1.0,,1787593495649.309,28.415,21.36,-5.62,0.35,1787593495649.309,False,,,5,OP1,C2_WIFI_CARGA_MEDIA,N3
,0.234,0.073,0.667,1.0,,1787593495670.7893,28.345,21.28,-5.62,0.35,1787593495670.7893,False,,,5,OP1,C2_WIFI_CARGA_MEDIA,N3
,0.233,0.073,0.665,1.0,,1787593495706.9924,28.275,21.36,-5.62,0.35,1787593495706.9924,False,,,5,OP1,C2_WIFI_CARGA_MEDIA,N3
,0.233,0.073,0.659,1.0,,1787593495757.3987,28.065,21.36,-5.62,0.35,1787593495757.3987,False,,,5,OP1,C2_WIFI_CARGA_MEDIA,N3
,0.234,0.073,0.656,1.0,,1787593495818.8394,27.96,21.28,-5.62,0.35,1787593495818.8394,False,,,5,OP1,C2_WIFI_CARGA_MEDIA,N3
,0.235,0.073,0.655,1.0,,1787593495846.7148,27.925,21.2,-5.62,0.35,1787593495848.757,False,,,5,OP1,C2_WIFI_CARGA_MEDIA,N3
,0.236,0.072,0.653,1.0,,1787593495867.9285,27.855,21.12,-5.68,0.35,1787593495867.9285,False,,,5,OP1,C2_WIFI_CARGA_MEDIA,N3
,0.237,0.071,0.651,1.0,,1787593495904.9983,27.785,21.04,-5.74,0.35,1787593495904.9983,False,,,5,OP1,C2_WIFI_CARGA_MEDIA,N3
,0.237,0.071,0.651,1.0,,1787593495926.6216,27.785,21.04,-5.74,0.35,1787593495926.6216,False,,,5,OP1,C2_WIFI_CARGA_MEDIA,N3
,0.238,0.07,0.652,1.0,,1787593495959.9634,27.82,20.96,-5.8,0.35,1787593495960.962,False,,,5,OP1,C2_WIFI_CARGA_MEDIA,N3
,0.24,0.07,0.651,1.0,,1787593496007.9497,27.785,20.8,-5.8,0.35,1787593496007.9497,False,,,5,OP1,C2_WIFI_CARGA_MEDIA,N3
,0.241,0.07,0.651,1.0,,1787593496038.7627,27.785,20.72,-5.8,0.35,1787593496038.7627,False,,,5,OP1,C2_WIFI_CARGA_MEDIA,N3
,0.242,0.07,0.652,1.0,,1787593496067.0334,27.82,20.64,-5.8,0.35,1787593496068.7668,False,,,5,OP1,C2_WIFI_CARGA_MEDIA,N3
,0.243,0.067,0.659,1.0,,1787593496115.6172,28.065,20.56,-5.98,0.35,1787593496115.6172,False,,,5,OP1,C2_WIFI_CARGA_MEDIA,N3
,0.243,0.067,0.661,1.0,,1787593496143.1936,28.135,20.56,-5.98,0.35,1787593496143.1936,False,,,5,OP1,C2_WIFI_CARGA_MEDIA,N3
,0.244,0.067,0.663,1.0,,1787593496171.9092,28.205,20.48,-5.98,0.35,1787593496171.9092,False,,,5,OP1,C2_WIFI_CARGA_MEDIA,N3
,0.243,0.066,0.666,1.0,,1787593496211.8003,28.31,20.56,-6.04,0.35,1787593496211.8003,False,,,5,OP1,C2_WIFI_CARGA_MEDIA,N3
,0.243,0.066,0.669,1.0,,1787593496263.0574,28.415,20.56,-6.04,0.35,1787593496263.0574,False,,,5,OP1,C2_WIFI_CARGA_MEDIA,N3
,0.243,0.066,0.67,1.0,,1787593496283.6753,28.45,20.56,-6.04,0.35,1787593496283.6753,False,,,5,OP1,C2_WIFI_CARGA_MEDIA,N3
,0.243,0.067,0.671,1.0,,1787593496322.556,28.485,20.56,-5.98,0.35,1787593496324.5676,False,,,5,OP1,C2_WIFI_CARGA_MEDIA,N3
,0.242,0.067,0.671,1.0,,1787593496362.6929,28.485,20.64,-5.98,0.35,1787593496362.6929,False,,,5,OP1,C2_WIFI_CARGA_MEDIA,N3
,0.242,0.066,0.671,1.0,,1787593496386.3528,28.485,20.64,-6.04,0.35,1787593496388.7568,False,,,5,OP1,C2_WIFI_CARGA_MEDIA,N3
,0.242,0.066,0.671,1.0,,1787593496432.824,28.485,20.64,-6.04,0.35,1787593496434.8472,False,,,5,OP1,C2_WIFI_CARGA_MEDIA,N3
,0.242,0.066,0.672,1.0,,1787593496462.8188,28.52,20.64,-6.04,0.35,1787593496464.8088,False,,,5,OP1,C2_WIFI_CARGA_MEDIA,N3
,0.241,0.066,0.672,1.0,,1787593496492.2517,28.52,20.72,-6.04,0.35,1787593496492.2517,False,,,5,OP1,C2_WIFI_CARGA_MEDIA,N3
,0.241,0.066,0.672,1.0,,1787593496525.704,28.52,20.72,-6.04,0.35,1787593496525.704,False,,,5,OP1,C2_WIFI_CARGA_MEDIA,N3
,0.241,0.065,0.673,1.0,,1787593496557.1443,28.555,20.72,-6.1,0.35,1787593496557.1443,False,,,5,OP1,C2_WIFI_CARGA_MEDIA,N3
,0.241,0.065,0.672,1.0,,1787593496589.109,28.52,20.72,-6.1,0.35,1787593496590.127,False,,,5,OP1,C2_WIFI_CARGA_MEDIA,N3
,0.241,0.065,0.673,1.0,,1787593496628.714,28.555,20.72,-6.1,0.35,1787593496628.714,False,,,5,OP1,C2_WIFI_CARGA_MEDIA,N3
,0.245,0.068,0.678,1.0,,1787593496683.8762,28.73,20.4,-5.92,0.35,1787593496685.8853,False,,,5,OP1,C2_WIFI_CARGA_MEDIA,N3
,0.265,0.081,0.7,1.0,,1787593496738.3242,29.5,18.8,-5.14,0.35,1787593496738.3242,False,,,5,OP1,C2_WIFI_CARGA_MEDIA,N3
,0.273,0.09,0.719,1.0,,1787593496765.7722,30.165,18.16,-4.6,0.35,1787593496765.7722,False,,,5,OP1,C2_WIFI_CARGA_MEDIA,N3
,0.277,0.097,0.728,1.0,,1787593496789.2434,30.48,17.84,-4.18,0.35,1787593496789.2434,False,,,5,OP1,C2_WIFI_CARGA_MEDIA,N3
,0.278,0.101,0.733,1.0,,1787593496824.1345,30.655,17.76,-3.94,0.35,1787593496824.4763,False,,,5,OP1,C2_WIFI_CARGA_MEDIA,N3
,0.278,0.103,0.74,1.0,,1787593496878.1917,30.9,17.76,-3.82,0.35,1787593496878.8032,False,,,5,OP1,C2_WIFI_CARGA_MEDIA,N3
,0.276,0.101,0.741,1.0,,1787593496932.1035,30.935,17.92,-3.94,0.35,1787593496932.1035,False,,,5,OP1,C2_WIFI_CARGA_MEDIA,N3
,0.275,0.099,0.742,1.0,,1787593496983.878,30.97,18.0,-4.06,0.35,1787593496983.878,False,,,5,OP1,C2_WIFI_CARGA_MEDIA,N3
,0.274,0.099,0.742,1.0,,1787593497018.2944,30.97,18.08,-4.06,0.35,1787593497020.6167,False,,,5,OP1,C2_WIFI_CARGA_MEDIA,N3
,0.274,0.099,0.74,1.0,,1787593497043.5933,30.9,18.08,-4.06,0.35,1787593497043.5933,False,,,5,OP1,C2_WIFI_CARGA_MEDIA,N3
,0.273,0.098,0.74,1.0,,1787593497225.8389,30.9,18.16,-4.12,0.35,1787593497225.8389,False,,,5,OP1,C2_WIFI_CARGA_MEDIA,N3
,0.272,0.094,0.736,1.0,,1787593497383.878,30.76,18.24,-4.36,0.35,1787593497383.878,False,,,5,OP1,C2_WIFI_CARGA_MEDIA,N3
,0.277,0.098,0.735,1.0,,1787593497434.959,30.725,17.84,-4.12,0.35,1787593497436.9712,False,,,5,OP1,C2_WIFI_CARGA_MEDIA,N3
,0.28,0.103,0.736,1.0,,1787593497491.174,30.76,17.6,-3.82,0.35,1787593497491.174,False,,,5,OP1,C2_WIFI_CARGA_MEDIA,N3
,0.28,0.104,0.738,1.0,,1787593497519.5557,30.83,17.6,-3.76,0.35,1787593497522.4724,False,,,5,OP1,C2_WIFI_CARGA_MEDIA,N3
,0.28,0.106,0.739,1.0,,1787593497560.3938,30.865,17.6,-3.64,0.35,1787593497562.407,False,,,5,OP1,C2_WIFI_CARGA_MEDIA,N3
,0.279,0.107,0.739,1.0,,1787593497602.9749,30.865,17.68,-3.58,0.35,1787593497604.985,False,,,5,OP1,C2_WIFI_CARGA_MEDIA,N3
,0.277,0.108,0.74,1.0,,1787593497648.0525,30.9,17.84,-3.52,0.35,1787593497648.5735,False,,,5,OP1,C2_WIFI_CARGA_MEDIA,N3
,0.275,0.11,0.739,1.0,,1787593497712.785,30.865,18.0,-3.4,0.35,1787593497712.785,False,,,5,OP1,C2_WIFI_CARGA_MEDIA,N3
,0.274,0.111,0.738,1.0,,1787593497742.0918,30.83,18.08,-3.34,0.35,1787593497744.104,False,,,5,OP1,C2_WIFI_CARGA_MEDIA,N3
,0.274,0.111,0.738,1.0,,1787593497766.62,30.83,18.08,-3.34,0.35,1787593497771.8252,False,,,5,OP1,C2_WIFI_CARGA_MEDIA,N3
,0.273,0.111,0.738,1.0,,1787593497812.0493,30.83,18.16,-3.34,0.35,1787593497813.7756,False,,,5,OP1,C2_WIFI_CARGA_MEDIA,N3
,0.272,0.111,0.738,1.0,,1787593497854.0212,30.83,18.24,-3.34,0.35,1787593497854.0212,False,,,5,OP1,C2_WIFI_CARGA_MEDIA,N3
,0.27,0.112,0.739,1.0,,1787593497890.1484,30.865,18.4,-3.28,0.35,1787593497890.1484,False,,,5,OP1,C2_WIFI_CARGA_MEDIA,N3
,0.269,0.112,0.739,1.0,,1787593497914.8262,30.865,18.48,-3.28,0.35,1787593497914.8262,False,,,5,OP1,C2_WIFI_CARGA_MEDIA,N3
,0.268,0.112,0.74,1.0,,1787593497964.5835,30.9,18.56,-3.28,0.35,1787593497965.6067,False,,,5,OP1,C2_WIFI_CARGA_MEDIA,N3
,0.266,0.113,0.754,1.0,,1787593498021.4414,31.39,18.72,-3.22,0.35,1787593498021.4414,False,,,5,OP1,C2_WIFI_CARGA_MEDIA,N3
,0.268,0.114,0.777,1.0,,1787593498186.7205,32.195,18.56,-3.16,0.35,1787593498188.7307,False,,,5,OP1,C2_WIFI_CARGA_MEDIA,N3
,0.271,0.12,0.809,1.0,,1787593498216.5547,33.315,18.32,-2.8,0.35,1787593498218.5652,False,,,5,OP1,C2_WIFI_CARGA_MEDIA,N3
,0.271,0.122,0.81,1.0,,1787593498250.3325,33.35,18.32,-2.68,0.35,1787593498250.3325,False,,,5,OP1,C2_WIFI_CARGA_MEDIA,N3
,0.271,0.122,0.81,1.0,,1787593498295.178,33.35,18.32,-2.68,0.35,1787593498296.0942,False,,,5,OP1,C2_WIFI_CARGA_MEDIA,N3
,0.272,0.122,0.811,1.0,,1787593498328.236,33.385,18.24,-2.68,0.35,1787593498328.236,False,,,5,OP1,C2_WIFI_CARGA_MEDIA,N3
,0.273,0.122,0.812,1.0,,1787593498377.8176,33.42,18.16,-2.68,0.35,1787593498380.761,False,,,5,OP1,C2_WIFI_CARGA_MEDIA,N3
,0.274,0.124,0.813,1.0,,1787593498436.8174,33.455,18.08,-2.56,0.35,1787593498438.8271,False,,,5,OP1,C2_WIFI_CARGA_MEDIA,N3
,0.276,0.128,0.815,1.0,,1787593498489.2043,33.525,17.92,-2.32,0.35,1787593498489.2043,False,,,5,OP1,C2_WIFI_CARGA_MEDIA,N3
,0.281,0.134,0.815,1.0,,1787593498548.7056,33.525,17.52,-1.96,0.35,1787593498549.2266,False,,,5,OP1,C2_WIFI_CARGA_MEDIA,N3
,0.283,0.138,0.814,1.0,,1787593498578.5984,33.49,17.36,-1.72,0.35,1787593498580.5916,False,,,5,OP1,C2_WIFI_CARGA_MEDIA,N3
,0.284,0.141,0.813,1.0,,1787593498632.1023,33.455,17.28,-1.54,0.35,1787593498632.1023,False,,,5,OP1,C2_WIFI_CARGA_MEDIA,N3
,0.284,0.142,0.811,1.0,,1787593498687.205,33.385,17.28,-1.48,0.35,1787593498689.2146,False,,,5,OP1,C2_WIFI_CARGA_MEDIA,N3
,0.284,0.142,0.809,1.0,,1787593498717.31,33.315,17.28,-1.48,0.35,1787593498717.31,False,,,5,OP1,C2_WIFI_CARGA_MEDIA,N3
,0.284,0.141,0.804,1.0,,1787593498744.8225,33.14,17.28,-1.54,0.35,1787593498746.8477,False,,,5,OP1,C2_WIFI_CARGA_MEDIA,N3
,0.284,0.141,0.802,1.0,,1787593498796.8184,33.07,17.28,-1.54,0.35,1787593498796.8184,False,,,5,OP1,C2_WIFI_CARGA_MEDIA,N3
,0.284,0.141,0.802,1.0,,1787593498825.687,33.07,17.28,-1.54,0.35,1787593498825.687,False,,,5,OP1,C2_WIFI_CARGA_MEDIA,N3
,0.284,0.141,0.801,1.0,,1787593498851.667,33.035,17.28,-1.54,0.35,1787593498851.667,False,,,5,OP1,C2_WIFI_CARGA_MEDIA,N3
,0.284,0.14,0.8,1.0,,1787593498902.7778,33.0,17.28,-1.6,0.35,1787593498902.7778,False,,,5,OP1,C2_WIFI_CARGA_MEDIA,N3
,0.284,0.139,0.8,1.0,,1787593498936.7627,33.0,17.28,-1.66,0.35,1787593498936.7627,False,,,5,OP1,C2_WIFI_CARGA_MEDIA,N3
,0.283,0.139,0.799,1.0,,1787593498959.5142,32.965,17.36,-1.66,0.35,1787593498961.5251,False,,,5,OP1,C2_WIFI_CARGA_MEDIA,N3
,0.283,0.139,0.8,1.0,,1787593498995.7607,33.0,17.36,-1.66,0.35,1787593498996.7822,False,,,5,OP1,C2_WIFI_CARGA_MEDIA,N3
,0.283,0.137,0.799,1.0,,1787593499043.2732,32.965,17.36,-1.78,0.35,1787593499043.2732,False,,,5,OP1,C2_WIFI_CARGA_MEDIA,N3
,0.282,0.137,0.8,1.0,,1787593499063.7107,33.0,17.44,-1.78,0.35,1787593499063.7107,False,,,5,OP1,C2_WIFI_CARGA_MEDIA,N3
,0.282,0.136,0.801,1.0,,1787593499105.9424,33.035,17.44,-1.84,0.35,1787593499106.9404,False,,,5,OP1,C2_WIFI_CARGA_MEDIA,N3
,0.282,0.135,0.802,1.0,,1787593499127.4956,33.07,17.44,-1.9,0.35,1787593499127.4956,False,,,5,OP1,C2_WIFI_CARGA_MEDIA,N3
,0.282,0.134,0.803,1.0,,1787593499181.1675,33.105,17.44,-1.96,0.35,1787593499181.1675,False,,,5,OP1,C2_WIFI_CARGA_MEDIA,N3
,0.282,0.134,0.802,1.0,,1787593499214.5334,33.07,17.44,-1.96,0.35,1787593499220.21,False,,,5,OP1,C2_WIFI_CARGA_MEDIA,N3
,0.283,0.133,0.802,1.0,,1787593499254.8608,33.07,17.36,-2.02,0.35,1787593499257.5366,False,,,5,OP1,C2_WIFI_CARGA_MEDIA,N3
,0.282,0.133,0.803,1.0,,1787593499297.391,33.105,17.44,-2.02,0.35,1787593499297.391,False,,,5,OP1,C2_WIFI_CARGA_MEDIA,N3
,0.282,0.131,0.807,1.0,,1787593499348.5876,33.245,17.44,-2.14,0.35,1787593499357.301,False,,,5,OP1,C2_WIFI_CARGA_MEDIA,N3
,0.281,0.131,0.812,1.0,,1787593499409.4348,33.42,17.52,-2.14,0.35,1787593499409.4348,False,,,5,OP1,C2_WIFI_CARGA_MEDIA,N3
,0.28,0.13,0.815,1.0,,1787593499430.5688,33.525,17.6,-2.2,0.35,1787593499431.6665,False,,,5,OP1,C2_WIFI_CARGA_MEDIA,N3
,0.28,0.129,0.819,1.0,,1787593499468.6218,33.665,17.6,-2.26,0.35,1787593499470.6382,False,,,5,OP1,C2_WIFI_CARGA_MEDIA,N3
,0.281,0.128,0.83,1.0,,1787593499514.8955,34.05,17.52,-2.32,0.35,1787593499514.8955,False,,,5,OP1,C2_WIFI_CARGA_MEDIA,N3
,0.282,0.129,0.833,1.0,,1787593499579.3457,34.155,17.44,-2.26,0.35,1787593499579.3457,False,,,5,OP1,C2_WIFI_CARGA_MEDIA,N3
,0.283,0.129,0.836,1.0,,1787593499628.85,34.26,17.36,-2.26,0.35,1787593499629.8467,False,,,5,OP1,C2_WIFI_CARGA_MEDIA,N3
,0.283,0.129,0.838,1.0,,1787593499660.934,34.33,17.36,-2.26,0.35,1787593499660.934,False,,,5,OP1,C2_WIFI_CARGA_MEDIA,N3
,0.286,0.128,0.844,1.0,,1787593499707.553,34.54,17.12,-2.32,0.35,1787593499720.4172,False,,,5,OP1,C2_WIFI_CARGA_MEDIA,N3
,0.288,0.129,0.843,1.0,,1787593499764.6487,34.505,16.96,-2.26,0.35,1787593499764.6487,False,,,5,OP1,C2_WIFI_CARGA_MEDIA,N3
,0.29,0.13,0.842,1.0,,1787593499798.7695,34.47,16.8,-2.2,0.35,1787593499798.7695,False,,,5,OP1,C2_WIFI_CARGA_MEDIA,N3
,0.29,0.131,0.844,1.0,,1787593499822.654,34.54,16.8,-2.14,0.35,1787593499822.654,False,,,5,OP1,C2_WIFI_CARGA_MEDIA,N3
,0.292,0.132,0.847,1.0,,1787593499855.9873,34.645,16.64,-2.08,0.35,1787593499857.0012,False,,,5,OP1,C2_WIFI_CARGA_MEDIA,N3
,0.293,0.134,0.856,1.0,,1787593499902.849,34.96,16.56,-1.96,0.35,1787593499902.849,False,,,5,OP1,C2_WIFI_CARGA_MEDIA,N3
,0.293,0.136,0.861,1.0,,1787593499935.7102,35.135,16.56,-1.84,0.35,1787593499935.7102,False,,,5,OP1,C2_WIFI_CARGA_MEDIA,N3
,0.293,0.138,0.866,1.0,,1787593499956.9062,35.31,16.56,-1.72,0.35,1787593499956.9062,False,,,5,OP1,C2_WIFI_CARGA_MEDIA,N3
,0.293,0.138,0.866,1.0,,1787593499997.01,35.31,16.56,-1.72,0.35,1787593499997.01,False,,,5,OP1,C2_WIFI_CARGA_MEDIA,N3
,0.293,0.138,0.868,1.0,,1787593500047.9844,35.38,16.56,-1.72,0.35,1787593500047.9844,False,,,5,OP1,C2_WIFI_CARGA_MEDIA,N3
,0.293,0.139,0.867,1.0,,1787593500071.9758,35.345,16.56,-1.66,0.35,1787593500071.9758,False,,,5,OP1,C2_WIFI_CARGA_MEDIA,N3
,0.293,0.138,0.868,1.0,,1787593500095.4678,35.38,16.56,-1.72,0.35,1787593500095.4678,False,,,5,OP1,C2_WIFI_CARGA_MEDIA,N3
,0.294,0.137,0.87,1.0,,1787593500128.0083,35.45,16.48,-1.78,0.35,1787593500128.0083,False,,,5,OP1,C2_WIFI_CARGA_MEDIA,N3
,0.296,0.136,0.876,1.0,,1787593500192.4695,35.66,16.32,-1.84,0.35,1787593500192.4695,False,,,5,OP1,C2_WIFI_CARGA_MEDIA,N3
,0.299,0.134,0.881,1.0,,1787593500231.6184,35.835,16.08,-1.96,0.35,1787593500231.6184,False,,,5,OP1,C2_WIFI_CARGA_MEDIA,N3
,0.299,0.133,0.882,1.0,,1787593500259.4692,35.87,16.08,-2.02,0.35,1787593500260.475,False,,,5,OP1,C2_WIFI_CARGA_MEDIA,N3
,0.3,0.133,0.883,1.0,,1787593500293.9695,35.905,16.0,-2.02,0.35,1787593500294.992,False,,,5,OP1,C2_WIFI_CARGA_MEDIA,N3
,0.3,0.133,0.884,1.0,,1787593500329.382,35.94,16.0,-2.02,0.35,1787593500332.8184,False,,,5,OP1,C2_WIFI_CARGA_MEDIA,N3
,0.3,0.131,0.887,1.0,,1787593500369.891,36.045,16.0,-2.14,0.35,1787593500369.891,False,,,5,OP1,C2_WIFI_CARGA_MEDIA,N3
,0.3,0.131,0.887,1.0,,1787593500393.9802,36.045,16.0,-2.14,0.35,1787593500394.9202,False,,,5,OP1,C2_WIFI_CARGA_MEDIA,N3
,0.3,0.131,0.889,1.0,,1787593500427.495,36.115,16.0,-2.14,0.35,1787593500427.495,False,,,5,OP1,C2_WIFI_CARGA_MEDIA,N3
,0.299,0.131,0.89,1.0,,1787593500601.275,36.15,16.08,-2.14,0.35,1787593500601.275,False,,,5,OP1,C2_WIFI_CARGA_MEDIA,N3
,0.299,0.127,0.9,1.0,,1787593500629.2988,36.5,16.08,-2.38,0.35,1787593500629.2988,False,,,5,OP1,C2_WIFI_CARGA_MEDIA,N3
,0.298,0.126,0.904,1.0,,1787593500665.888,36.64,16.16,-2.44,0.35,1787593500665.888,False,,,5,OP1,C2_WIFI_CARGA_MEDIA,N3
,0.298,0.123,0.914,1.0,,1787593500707.9648,36.99,16.16,-2.62,0.35,1787593500708.9622,False,,,5,OP1,C2_WIFI_CARGA_MEDIA,N3
,0.298,0.122,0.917,1.0,,1787593500747.1975,37.095,16.16,-2.68,0.35,1787593500747.1975,False,,,5,OP1,C2_WIFI_CARGA_MEDIA,N3
,0.298,0.121,0.919,1.0,,1787593500771.7642,37.165,16.16,-2.74,0.35,1787593500771.7642,False,,,5,OP1,C2_WIFI_CARGA_MEDIA,N3
,0.298,0.121,0.92,1.0,,1787593500802.4585,37.2,16.16,-2.74,0.35,1787593500802.4585,False,,,5,OP1,C2_WIFI_CARGA_MEDIA,N3
,0.297,0.12,0.922,1.0,,1787593500832.5935,37.27,16.24,-2.8,0.35,1787593500832.5935,False,,,5,OP1,C2_WIFI_CARGA_MEDIA,N3
,0.296,0.119,0.925,1.0,,1787593500857.5571,37.375,16.32,-2.86,0.35,1787593500861.918,False,,,5,OP1,C2_WIFI_CARGA_MEDIA,N3
,0.297,0.115,0.937,1.0,,1787593500908.4316,37.795,16.24,-3.1,0.35,1787593500908.4316,False,,,5,OP1,C2_WIFI_CARGA_MEDIA,N3
,0.298,0.114,0.942,1.0,,1787593500930.9023,37.97,16.16,-3.16,0.35,1787593500931.8997,False,,,5,OP1,C2_WIFI_CARGA_MEDIA,N3
,0.299,0.113,0.944,1.0,,1787593500965.224,38.04,16.08,-3.22,0.35,1787593500967.2224,False,,,5,OP1,C2_WIFI_CARGA_MEDIA,N3
,0.3,0.11,0.949,1.0,,1787593501110.183,38.215,16.0,-3.4,0.35,1787593501110.183,False,,,5,OP1,C2_WIFI_CARGA_MEDIA,N3
,0.306,0.105,0.965,1.0,,1787593501138.481,38.775,15.52,-3.7,0.35,1787593501140.4895,False,,,5,OP1,C2_WIFI_CARGA_MEDIA,N3
,0.307,0.104,0.968,1.0,,1787593501164.835,38.88,15.44,-3.76,0.35,1787593501166.244,False,,,5,OP1,C2_WIFI_CARGA_MEDIA,N3
,0.309,0.099,0.975,1.0,,1787593501198.7517,39.125,15.28,-4.06,0.35,1787593501199.7668,False,,,5,OP1,C2_WIFI_CARGA_MEDIA,N3
,0.31,0.095,0.982,1.0,,1787593501244.566,39.37,15.2,-4.3,0.35,1787593501244.566,False,,,5,OP1,C2_WIFI_CARGA_MEDIA,N3
,0.311,0.093,0.985,1.0,,1787593501277.2683,39.475,15.12,-4.42,0.35,1787593501277.2683,False,,,5,OP1,C2_WIFI_CARGA_MEDIA,N3
,0.312,0.091,0.987,1.0,,1787593501306.0425,39.545,15.04,-4.54,0.35,1787593501306.0425,False,,,5,OP1,C2_WIFI_CARGA_MEDIA,N3
,0.313,0.089,0.988,1.0,,1787593501334.3225,39.58,14.96,-4.66,0.35,1787593501335.43,False,,,5,OP1,C2_WIFI_CARGA_MEDIA,N3
,0.313,0.089,0.988,1.0,,1787593501361.838,39.58,14.96,-4.66,0.35,1787593501361.838,False,,,5,OP1,C2_WIFI_CARGA_MEDIA,N3
,0.314,0.087,0.991,1.0,,1787593501396.7634,39.685,14.88,-4.78,0.35,1787593501396.7634,False,,,5,OP1,C2_WIFI_CARGA_MEDIA,N3
,0.314,0.087,0.992,1.0,,1787593501439.0205,39.72,14.88,-4.78,0.35,1787593501439.0205,False,,,5,OP1,C2_WIFI_CARGA_MEDIA,N3
,0.314,0.086,0.994,1.0,,1787593501497.0916,39.79,14.88,-4.84,0.35,1787593501497.0916,False,,,5,OP1,C2_WIFI_CARGA_MEDIA,N3
,0.314,0.085,0.995,1.0,,1787593501524.3748,39.825,14.88,-4.9,0.35,1787593501524.3748,False,,,5,OP1,C2_WIFI_CARGA_MEDIA,N3
,0.314,0.085,0.996,1.0,,1787593501556.932,39.86,14.88,-4.9,0.35,1787593501558.0408,False,,,5,OP1,C2_WIFI_CARGA_MEDIA,N3
,0.314,0.084,0.995,1.0,,1787593501611.3962,39.825,14.88,-4.96,0.35,1787593501612.5344,False,,,5,OP1,C2_WIFI_CARGA_MEDIA,N3
,0.313,0.083,0.992,1.0,,1787593501651.3958,39.72,14.96,-5.02,0.35,1787593501651.3958,False,,,5,OP1,C2_WIFI_CARGA_MEDIA,N3
,0.313,0.083,0.991,1.0,,1787593501696.984,39.685,14.96,-5.02,0.35,1787593501698.0017,False,,,5,OP1,C2_WIFI_CARGA_MEDIA,N3
,0.312,0.083,0.991,1.0,,1787593501857.3508,39.685,15.04,-5.02,0.35,1787593501858.0476,False,,,5,OP1,C2_WIFI_CARGA_MEDIA,N3
,0.312,0.083,0.989,1.0,,1787593501905.291,39.615,15.04,-5.02,0.35,1787593501905.291,False,,,5,OP1,C2_WIFI_CARGA_MEDIA,N3
,0.312,0.083,0.989,1.0,,1787593501947.1824,39.615,15.04,-5.02,0.35,1787593501948.7686,False,,,5,OP1,C2_WIFI_CARGA_MEDIA,N3
,0.311,0.083,0.99,1.0,,1787593502003.1812,39.65,15.12,-5.02,0.35,1787593502005.1978,False,,,5,OP1,C2_WIFI_CARGA_MEDIA,N3
,0.313,0.093,0.988,0.538,,1787593502047.0842,39.58,14.96,-4.42,0.8351,1787593502047.0842,False,,,5,OP1,C2_WIFI_CARGA_MEDIA,N3
,0.318,0.109,0.982,0.064,,1787593502113.5715,39.37,14.56,-3.46,1.3328,1787593502113.5715,False,,,5,OP1,C2_WIFI_CARGA_MEDIA,N3
,0.321,0.113,0.97,0.133,,1787593502166.6096,38.95,14.32,-3.22,1.2603,1787593502172.048,False,,,5,OP1,C2_WIFI_CARGA_MEDIA,N3
,0.321,0.112,0.966,0.08,,1787593502190.163,38.81,14.32,-3.28,1.316,1787593502190.163,False,,,5,OP1,C2_WIFI_CARGA_MEDIA,N3
,0.32,0.112,0.964,0.031,,1787593502212.7373,38.74,14.4,-3.28,1.3674,1787593502212.7373,False,,,5,OP1,C2_WIFI_CARGA_MEDIA,N3
,0.32,0.112,0.963,0.0,,1787593502381.3655,38.705,14.4,-3.28,1.4,1787593502381.3655,False,,,5,OP1,C2_WIFI_CARGA_MEDIA,N3
,0.318,0.109,0.957,0.0,,1787593502439.9937,38.495,14.56,-3.46,1.4,1787593502439.9937,False,,,5,OP1,C2_WIFI_CARGA_MEDIA,N3
,0.318,0.109,0.958,0.0,,1787593502476.6614,38.53,14.56,-3.46,1.4,1787593502477.2305,False,,,5,OP1,C2_WIFI_CARGA_MEDIA,N3
,0.318,0.108,0.958,0.0,,1787593502532.033,38.53,14.56,-3.52,1.4,1787593502532.033,False,,,5,OP1,C2_WIFI_CARGA_MEDIA,N3
,0.317,0.107,0.959,0.0,,1787593502574.2668,38.565,14.64,-3.58,1.4,1787593502574.2668,False,,,5,OP1,C2_WIFI_CARGA_MEDIA,N3
,0.317,0.106,0.959,0.0,,1787593502614.64,38.565,14.64,-3.64,1.4,1787593502616.6592,False,,,5,OP1,C2_WIFI_CARGA_MEDIA,N3
,0.318,0.105,0.96,0.0,,1787593502643.5996,38.6,14.56,-3.7,1.4,1787593502645.3335,False,,,5,OP1,C2_WIFI_CARGA_MEDIA,N3
,0.318,0.105,0.961,0.0,,1787593502686.5496,38.635,14.56,-3.7,1.4,1787593502686.5496,False,,,5,OP1,C2_WIFI_CARGA_MEDIA,N3
,0.318,0.105,0.962,0.0,,1787593502727.032,38.67,14.56,-3.7,1.4,1787593502727.032,False,,,5,OP1,C2_WIFI_CARGA_MEDIA,N3
,0.318,0.104,0.961,0.0,,1787593502774.4534,38.635,14.56,-3.76,1.4,1787593502776.6443,False,,,5,OP1,C2_WIFI_CARGA_MEDIA,N3
,0.318,0.104,0.96,0.0,,1787593502794.962,38.6,14.56,-3.76,1.4,1787593502794.962,False,,,5,OP1,C2_WIFI_CARGA_MEDIA,N3
,0.318,0.103,0.959,0.0,,1787593502838.174,38.565,14.56,-3.82,1.4,1787593502839.6934,False,,,5,OP1,C2_WIFI_CARGA_MEDIA,N3
,0.317,0.103,0.958,0.0,,1787593502882.3484,38.53,14.64,-3.82,1.4,1787593502882.3484,False,,,5,OP1,C2_WIFI_CARGA_MEDIA,N3
,0.316,0.103,0.955,0.0,,1787593502946.7922,38.425,14.72,-3.82,1.4,1787593502948.0154,False,,,5,OP1,C2_WIFI_CARGA_MEDIA,N3
,0.316,0.103,0.954,0.0,,1787593502975.8618,38.39,14.72,-3.82,1.4,1787593502975.8618,False,,,5,OP1,C2_WIFI_CARGA_MEDIA,N3
,0.315,0.105,0.952,0.0,,1787593503022.307,38.32,14.8,-3.7,1.4,1787593503022.307,False,,,5,OP1,C2_WIFI_CARGA_MEDIA,N3
,0.316,0.106,0.952,0.0,,1787593503047.4695,38.32,14.72,-3.64,1.4,1787593503048.4883,False,,,5,OP1,C2_WIFI_CARGA_MEDIA,N3
,0.316,0.107,0.952,0.0,,1787593503084.175,38.32,14.72,-3.58,1.4,1787593503084.175,False,,,5,OP1,C2_WIFI_CARGA_MEDIA,N3
,0.318,0.114,0.947,0.0,,1787593503132.4514,38.145,14.56,-3.16,1.4,1787593503132.4514,False,,,5,OP1,C2_WIFI_CARGA_MEDIA,N3
,0.321,0.121,0.937,0.0,,1787593503185.0164,37.795,14.32,-2.74,1.4,1787593503185.0164,False,,,5,OP1,C2_WIFI_CARGA_MEDIA,N3
,0.326,0.127,0.93,0.0,,1787593503219.8577,37.55,13.92,-2.38,1.4,1787593503219.8577,False,,,5,OP1,C2_WIFI_CARGA_MEDIA,N3
,0.332,0.135,0.917,0.0,,1787593503249.7205,37.095,13.44,-1.9,1.4,1787593503251.9695,False,,,5,OP1,C2_WIFI_CARGA_MEDIA,N3
,0.339,0.144,0.902,0.0,,1787593503283.0916,36.57,12.88,-1.36,1.4,1787593503283.0916,False,,,5,OP1,C2_WIFI_CARGA_MEDIA,N3
,0.355,0.155,0.884,0.0,,1787593503322.541,35.94,11.6,-0.7,1.4,1787593503322.541,False,,,5,OP1,C2_WIFI_CARGA_MEDIA,N3
,0.36,0.159,0.878,0.0,,1787593503349.3508,35.73,11.2,-0.46,1.4,1787593503350.3374,False,,,5,OP1,C2_WIFI_CARGA_MEDIA,N3
,0.364,0.161,0.874,0.0,,1787593503386.8882,35.59,10.88,-0.34,1.4,1787593503386.8882,False,,,5,OP1,C2_WIFI_CARGA_MEDIA,N3
,0.369,0.165,0.867,0.0,,1787593503449.7205,35.345,10.48,-0.1,1.4,1787593503450.2307,False,,,5,OP1,C2_WIFI_CARGA_MEDIA,N3
,0.375,0.176,0.848,0.049,,1787593503494.2466,34.68,10.0,0.56,1.3485,1787593503496.7156,False,,,5,OP1,C2_WIFI_CARGA_MEDIA,N3
,0.381,0.188,0.828,0.06,,1787593503523.594,33.98,9.52,1.28,1.337,1787593503523.594,False,,,5,OP1,C2_WIFI_CARGA_MEDIA,N3
,0.387,0.201,0.806,0.059,,1787593503551.5583,33.21,9.04,2.06,1.338,1787593503552.498,False,,,5,OP1,C2_WIFI_CARGA_MEDIA,N3
,0.39,0.216,0.785,0.061,,1787593503588.2185,32.475,8.8,2.96,1.3359,1787593503590.2285,False,,,5,OP1,C2_WIFI_CARGA_MEDIA,N3
,0.389,0.233,0.753,0.061,,1787593503752.6614,31.355,8.88,3.98,1.3359,1787593503753.6643,False,,,5,OP1,C2_WIFI_CARGA_MEDIA,N3
,0.388,0.325,0.465,0.036,,1787593503796.825,21.275,8.96,9.5,1.3622,1787593503796.825,False,,,5,OP1,C2_WIFI_CARGA_MEDIA,N3
,0.393,0.327,0.449,0.02,,1787593503823.7266,20.715,8.56,9.62,1.379,1787593503823.7266,False,,,5,OP1,C2_WIFI_CARGA_MEDIA,N3
,0.398,0.329,0.438,0.001,,1787593503854.85,20.33,8.16,9.74,1.3989,1787593503854.85,False,,,5,OP1,C2_WIFI_CARGA_MEDIA,N3
,0.402,0.333,0.42,0.0,,1787593503894.3633,19.7,7.84,9.98,1.4,1787593503894.3633,False,,,5,OP1,C2_WIFI_CARGA_MEDIA,N3
,0.406,0.346,0.356,0.0,,1787593503947.1438,17.46,7.52,10.76,1.4,1787593503947.1438,False,,,5,OP1,C2_WIFI_CARGA_MEDIA,N3
,0.413,0.353,0.286,0.0,,1787593504001.0469,15.01,6.96,11.18,1.4,1787593504001.0469,False,,,5,OP1,C2_WIFI_CARGA_MEDIA,N3
,0.418,0.35,0.271,0.0,,1787593504024.8655,14.485,6.56,11.0,1.4,1787593504024.8655,False,,,5,OP1,C2_WIFI_CARGA_MEDIA,N3
,0.425,0.347,0.258,0.0,,1787593504055.2307,14.03,6.0,10.82,1.4,1787593504056.316,False,,,5,OP1,C2_WIFI_CARGA_MEDIA,N3
,0.434,0.343,0.246,0.0,,1787593504091.3904,13.61,5.28,10.58,1.4,1787593504091.3904,False,,,5,OP1,C2_WIFI_CARGA_MEDIA,N3
,0.455,0.333,0.212,0.007,,1787593504135.5334,12.42,3.6,9.98,1.3926,1787593504135.5334,False,,,5,OP1,C2_WIFI_CARGA_MEDIA,N3
,0.466,0.327,0.195,0.016,,1787593504156.2302,11.825,2.72,9.62,1.3832,1787593504157.2463,False,,,5,OP1,C2_WIFI_CARGA_MEDIA,N3
,0.477,0.32,0.175,0.019,,1787593504196.9807,11.125,1.84,9.2,1.38,1787593504196.9807,False,,,5,OP1,C2_WIFI_CARGA_MEDIA,N3
,0.478,0.317,0.161,0.016,,1787593504228.8115,10.635,1.76,9.02,1.3832,1787593504228.8115,False,,,5,OP1,C2_WIFI_CARGA_MEDIA,N3
,0.481,0.314,0.148,0.001,,1787593504255.0847,10.18,1.52,8.84,1.3989,1787593504257.74,False,,,5,OP1,C2_WIFI_CARGA_MEDIA,N3
,0.484,0.31,0.136,0.0,,1787593504284.4456,9.76,1.28,8.6,1.4,1787593504284.4456,False,,,5,OP1,C2_WIFI_CARGA_MEDIA,N3
,0.489,0.31,0.105,0.0,,1787593504327.4526,8.675,0.88,8.6,1.4,1787593504327.4526,False,,,5,OP1,C2_WIFI_CARGA_MEDIA,N3
,0.492,0.311,0.086,0.0,,1787593504357.5847,8.01,0.64,8.66,1.4,1787593504357.5847,False,,,5,OP1,C2_WIFI_CARGA_MEDIA,N3
,0.499,0.312,0.061,0.012,,1787593504397.371,7.135,0.08,8.72,1.3874,1787593504398.3816,False,,,5,OP1,C2_WIFI_CARGA_MEDIA,N3
,0.503,0.313,0.04,0.028,,1787593504424.9253,6.4,-0.24,8.78,1.3706,1787593504424.9253,False,,,5,OP1,C2_WIFI_CARGA_MEDIA,N3
,0.51,0.317,0.014,0.037,,1787593504468.975,5.49,-0.8,9.02,1.3611,1787593504468.975,False,,,5,OP1,C2_WIFI_CARGA_MEDIA,N3
,0.513,0.32,0.007,0.018,,1787593504497.2188,5.245,-1.04,9.2,1.3811,1787593504497.2188,False,,,5,OP1,C2_WIFI_CARGA_MEDIA,N3
,0.521,0.324,0.0,0.0,,1787593504559.0342,5.0,-1.68,9.44,1.4,1787593504560.0513,False,,,5,OP1,C2_WIFI_CARGA_MEDIA,N3
,0.524,0.326,0.0,0.0,,1787593504585.692,5.0,-1.92,9.56,1.4,1787593504591.9585,False,,,5,OP1,C2_WIFI_CARGA_MEDIA,N3
,0.527,0.329,0.0,0.0,,1787593504730.9343,5.0,-2.16,9.74,1.4,1787593504732.9456,False,,,5,OP1,C2_WIFI_CARGA_MEDIA,N3
,0.547,0.334,0.0,0.0,,1787593504760.6353,5.0,-3.76,10.04,1.4,1787593504761.0923,False,,,5,OP1,C2_WIFI_CARGA_MEDIA,N3
,0.553,0.335,0.0,0.0,,1787593504799.139,5.0,-4.24,10.1,1.4,1787593504799.139,False,,,5,OP1,C2_WIFI_CARGA_MEDIA,N3
,0.559,0.335,0.0,0.0,,1787593504837.2737,5.0,-4.72,10.1,1.4,1787593504837.2737,False,,,5,OP1,C2_WIFI_CARGA_MEDIA,N3
,0.563,0.335,0.0,0.0,,1787593504862.0225,5.0,-5.04,10.1,1.4,1787593504862.658,False,,,5,OP1,C2_WIFI_CARGA_MEDIA,N3
,0.565,0.334,0.0,0.0,,1787593504899.0366,5.0,-5.2,10.04,1.4,1787593504899.0366,False,,,5,OP1,C2_WIFI_CARGA_MEDIA,N3
,0.571,0.328,0.0,0.0,,1787593504939.2727,5.0,-5.68,9.68,1.4,1787593504939.9707,False,,,5,OP1,C2_WIFI_CARGA_MEDIA,N3
,0.573,0.325,0.0,0.0,,1787593504970.373,5.0,-5.84,9.5,1.4,1787593504970.373,False,,,5,OP1,C2_WIFI_CARGA_MEDIA,N3
,0.574,0.321,0.004,0.0,,1787593505007.3838,5.14,-5.92,9.26,1.4,1787593505007.3838,False,,,5,OP1,C2_WIFI_CARGA_MEDIA,N3
,0.577,0.316,0.018,0.0,,1787593505032.927,5.63,-6.16,8.96,1.4,1787593505032.927,False,,,5,OP1,C2_WIFI_CARGA_MEDIA,N3
,0.579,0.311,0.031,0.0,,1787593505063.1223,6.085,-6.32,8.66,1.4,1787593505065.2202,False,,,5,OP1,C2_WIFI_CARGA_MEDIA,N3
,0.58,0.305,0.045,0.0,,1787593505099.437,6.575,-6.4,8.3,1.4,1787593505099.437,False,,,5,OP1,C2_WIFI_CARGA_MEDIA,N3
,0.581,0.302,0.052,0.0,,1787593505133.2246,6.82,-6.48,8.12,1.4,1787593505133.2246,False,,,5,OP1,C2_WIFI_CARGA_MEDIA,N3
,0.581,0.3,0.057,0.0,,1787593505163.325,6.995,-6.48,8.0,1.4,1787593505164.3289,False,,,5,OP1,C2_WIFI_CARGA_MEDIA,N3
,0.581,0.299,0.06,0.0,,1787593505201.4773,7.1,-6.48,7.94,1.4,1787593505201.4773,False,,,5,OP1,C2_WIFI_CARGA_MEDIA,N3
,0.58,0.299,0.067,0.0,,1787593505257.6064,7.345,-6.4,7.94,1.4,1787593505257.6064,False,,,5,OP1,C2_WIFI_CARGA_MEDIA,N3
,0.576,0.297,0.085,0.0,,1787593505309.667,7.975,-6.08,7.82,1.4,1787593505309.667,False,,,5,OP1,C2_WIFI_CARGA_MEDIA,N3
,0.572,0.297,0.101,0.0,,1787593505336.6262,8.535,-5.76,7.82,1.4,1787593505344.0117,False,,,5,OP1,C2_WIFI_CARGA_MEDIA,N3
,0.567,0.299,0.119,0.0,,1787593505367.078,9.165,-5.36,7.94,1.4,1787593505369.1392,False,,,5,OP1,C2_WIFI_CARGA_MEDIA,N3
,0.563,0.299,0.132,0.0,,1787593505399.2751,9.62,-5.04,7.94,1.4,1787593505400.2778,False,,,5,OP1,C2_WIFI_CARGA_MEDIA,N3
,0.561,0.298,0.147,0.0,,1787593505447.2668,10.145,-4.88,7.88,1.4,1787593505447.2668,False,,,5,OP1,C2_WIFI_CARGA_MEDIA,N3
,0.56,0.296,0.157,0.0,,1787593505476.2002,10.495,-4.8,7.76,1.4,1787593505476.2002,False,,,5,OP1,C2_WIFI_CARGA_MEDIA,N3
,0.558,0.295,0.182,0.0,,1787593505506.3904,11.37,-4.64,7.7,1.4,1787593505506.3904,False,,,5,OP1,C2_WIFI_CARGA_MEDIA,N3
,0.553,0.295,0.215,0.0,,1787593505566.9363,12.525,-4.24,7.7,1.4,1787593505567.813,False,,,5,OP1,C2_WIFI_CARGA_MEDIA,N3
,0.551,0.296,0.225,0.0,,1787593505592.4368,12.875,-4.08,7.76,1.4,1787593505592.4368,False,,,5,OP1,C2_WIFI_CARGA_MEDIA,N3
,0.544,0.298,0.259,0.0,,1787593505637.4814,14.065,-3.52,7.88,1.4,1787593505646.723,False,,,5,OP1,C2_WIFI_CARGA_MEDIA,N3
,0.543,0.297,0.276,0.0,,1787593505664.4526,14.66,-3.44,7.82,1.4,1787593505667.027,False,,,5,OP1,C2_WIFI_CARGA_MEDIA,N3
,0.541,0.296,0.291,0.0,,1787593505705.141,15.185,-3.28,7.76,1.4,1787593505705.141,False,,,5,OP1,C2_WIFI_CARGA_MEDIA,N3
,0.533,0.292,0.306,0.0,,1787593505760.4128,15.71,-2.64,7.52,1.4,1787593505760.4128,False,,,5,OP1,C2_WIFI_CARGA_MEDIA,N3
,0.53,0.29,0.306,0.0,,1787593505788.837,15.71,-2.4,7.4,1.4,1787593505789.8506,False,,,5,OP1,C2_WIFI_CARGA_MEDIA,N3
,0.526,0.288,0.298,0.0,,1787593505822.4092,15.43,-2.08,7.28,1.4,1787593505822.4092,False,,,5,OP1,C2_WIFI_CARGA_MEDIA,N3
,0.527,0.286,0.291,0.0,,1787593505872.0662,15.185,-2.16,7.16,1.4,1787593505872.0662,False,,,5,OP1,C2_WIFI_CARGA_MEDIA,N3
,0.528,0.283,0.285,0.0,,1787593505899.6497,14.975,-2.24,6.98,1.4,1787593505901.6602,False,,,5,OP1,C2_WIFI_CARGA_MEDIA,N3
,0.529,0.281,0.282,0.0,,1787593505929.6326,14.87,-2.32,6.86,1.4,1787593505929.6326,False,,,5,OP1,C2_WIFI_CARGA_MEDIA,N3
,0.53,0.276,0.271,0.0,,1787593505971.5366,14.485,-2.4,6.56,1.4,1787593505973.5774,False,,,5,OP1,C2_WIFI_CARGA_MEDIA,N3
,0.529,0.274,0.265,0.0,,1787593506011.7024,14.275,-2.32,6.44,1.4,1787593506011.7024,False,,,5,OP1,C2_WIFI_CARGA_MEDIA,N3
,0.529,0.272,0.262,0.0,,1787593506067.2988,14.17,-2.32,6.32,1.4,1787593506069.3215,False,,,5,OP1,C2_WIFI_CARGA_MEDIA,N3
,0.528,0.269,0.262,0.0,,1787593506123.986,14.17,-2.24,6.14,1.4,1787593506123.986,False,,,5,OP1,C2_WIFI_CARGA_MEDIA,N3
,0.525,0.267,0.264,0.0,,1787593506166.9702,14.24,-2.0,6.02,1.4,1787593506168.9824,False,,,5,OP1,C2_WIFI_CARGA_MEDIA,N3
,0.524,0.267,0.265,0.0,,1787593506207.2307,14.275,-1.92,6.02,1.4,1787593506207.2307,False,,,5,OP1,C2_WIFI_CARGA_MEDIA,N3
,0.523,0.265,0.264,0.0,,1787593506239.4226,14.24,-1.84,5.9,1.4,1787593506239.9795,False,,,5,OP1,C2_WIFI_CARGA_MEDIA,N3
,0.523,0.264,0.264,0.0,,1787593506288.7778,14.24,-1.84,5.84,1.4,1787593506289.8003,False,,,5,OP1,C2_WIFI_CARGA_MEDIA,N3
,0.522,0.263,0.261,0.0,,1787593506330.465,14.135,-1.76,5.78,1.4,1787593506342.077,False,,,5,OP1,C2_WIFI_CARGA_MEDIA,N3
,0.522,0.263,0.262,0.0,,1787593506371.4055,14.17,-1.76,5.78,1.4,1787593506371.4055,False,,,5,OP1,C2_WIFI_CARGA_MEDIA,N3
,0.522,0.26,0.267,0.0,,1787593506429.5017,14.345,-1.76,5.6,1.4,1787593506429.9434,False,,,5,OP1,C2_WIFI_CARGA_MEDIA,N3
,0.522,0.259,0.273,0.0,,1787593506485.545,14.555,-1.76,5.54,1.4,1787593506485.545,False,,,5,OP1,C2_WIFI_CARGA_MEDIA,N3
,0.524,0.259,0.278,0.0,,1787593506541.2637,14.73,-1.92,5.54,1.4,1787593506543.1155,False,,,5,OP1,C2_WIFI_CARGA_MEDIA,N3
,0.526,0.261,0.282,0.0,,1787593506569.736,14.87,-2.08,5.66,1.4,1787593506569.736,False,,,5,OP1,C2_WIFI_CARGA_MEDIA,N3
,0.537,0.263,0.291,0.0,,1787593506616.8225,15.185,-2.96,5.78,1.4,1787593506616.8225,False,,,5,OP1,C2_WIFI_CARGA_MEDIA,N3
,0.541,0.264,0.292,0.0,,1787593506640.0034,15.22,-3.28,5.84,1.4,1787593506640.0034,False,,,5,OP1,C2_WIFI_CARGA_MEDIA,N3
,0.543,0.265,0.291,0.0,,1787593506679.8296,15.185,-3.44,5.9,1.4,1787593506681.8403,False,,,5,OP1,C2_WIFI_CARGA_MEDIA,N3
,0.544,0.265,0.292,0.0,,1787593506860.9424,15.22,-3.52,5.9,1.4,1787593506860.9424,False,,,5,OP1,C2_WIFI_CARGA_MEDIA,N3
,0.545,0.262,0.289,0.0,,1787593506895.1267,15.115,-3.6,5.72,1.4,1787593506898.1743,False,,,5,OP1,C2_WIFI_CARGA_MEDIA,N3
,0.545,0.261,0.289,0.0,,1787593506916.5618,15.115,-3.6,5.66,1.4,1787593506932.6223,False,,,5,OP1,C2_WIFI_CARGA_MEDIA,N3
,0.544,0.26,0.287,0.0,,1787593506984.2285,15.045,-3.52,5.6,1.4,1787593506984.2285,False,,,5,OP1,C2_WIFI_CARGA_MEDIA,N3
,0.543,0.261,0.286,0.0,,1787593507042.8044,15.01,-3.44,5.66,1.4,1787593507043.572,False,,,5,OP1,C2_WIFI_CARGA_MEDIA,N3
,0.544,0.259,0.285,0.0,,1787593507097.1611,14.975,-3.52,5.54,1.4,1787593507097.1611,False,,,5,OP1,C2_WIFI_CARGA_MEDIA,N3
,0.544,0.259,0.284,0.0,,1787593507135.5208,14.94,-3.52,5.54,1.4,1787593507135.5208,False,,,5,OP1,C2_WIFI_CARGA_MEDIA,N3
,0.545,0.259,0.283,0.0,,1787593507180.2776,14.905,-3.6,5.54,1.4,1787593507182.2903,False,,,5,OP1,C2_WIFI_CARGA_MEDIA,N3
,0.545,0.259,0.283,0.0,,1787593507208.166,14.905,-3.6,5.54,1.4,1787593507210.0898,False,,,5,OP1,C2_WIFI_CARGA_MEDIA,N3
,0.546,0.258,0.282,0.0,,1787593507262.5537,14.87,-3.68,5.48,1.4,1787593507264.5452,False,,,5,OP1,C2_WIFI_CARGA_MEDIA,N3
,0.546,0.257,0.283,0.0,,1787593507310.7463,14.905,-3.68,5.42,1.4,1787593507310.7463,False,,,5,OP1,C2_WIFI_CARGA_MEDIA,N3
,0.545,0.257,0.284,0.0,,1787593507349.3142,14.94,-3.6,5.42,1.4,1787593507351.2036,False,,,5,OP1,C2_WIFI_CARGA_MEDIA,N3
,0.544,0.256,0.284,0.0,,1787593507397.5574,14.94,-3.52,5.36,1.4,1787593507397.5574,False,,,5,OP1,C2_WIFI_CARGA_MEDIA,N3
,0.542,0.255,0.287,0.0,,1787593507417.7583,15.045,-3.36,5.3,1.4,1787593507419.7654,False,,,5,OP1,C2_WIFI_CARGA_MEDIA,N3
,0.538,0.254,0.288,0.0,,1787593507460.869,15.08,-3.04,5.24,1.4,1787593507460.869,False,,,5,OP1,C2_WIFI_CARGA_MEDIA,N3
,0.525,0.251,0.292,0.0,,1787593507507.6003,15.22,-2.0,5.06,1.4,1787593507507.6003,False,,,5,OP1,C2_WIFI_CARGA_MEDIA,N3
,0.52,0.249,0.295,0.0,,1787593507532.0735,15.325,-1.6,4.94,1.4,1787593507532.0735,False,,,5,OP1,C2_WIFI_CARGA_MEDIA,N3
,0.516,0.246,0.297,0.0,,1787593507563.9854,15.395,-1.28,4.76,1.4,1787593507563.9854,False,,,5,OP1,C2_WIFI_CARGA_MEDIA,N3
,0.515,0.245,0.296,0.0,,1787593507585.934,15.36,-1.2,4.7,1.4,1787593507585.934,False,,,5,OP1,C2_WIFI_CARGA_MEDIA,N3
,0.515,0.245,0.294,0.0,,1787593507623.459,15.29,-1.2,4.7,1.4,1787593507623.459,False,,,5,OP1,C2_WIFI_CARGA_MEDIA,N3
,0.514,0.245,0.293,0.0,,1787593507653.5676,15.255,-1.12,4.7,1.4,1787593507653.5676,False,,,5,OP1,C2_WIFI_CARGA_MEDIA,N3
,0.513,0.245,0.289,0.0,,1787593507699.3877,15.115,-1.04,4.7,1.4,1787593507699.3877,False,,,5,OP1,C2_WIFI_CARGA_MEDIA,N3
,0.513,0.245,0.288,0.0,,1787593507719.63,15.08,-1.04,4.7,1.4,1787593507719.63,False,,,5,OP1,C2_WIFI_CARGA_MEDIA,N3
,0.513,0.245,0.285,0.0,,1787593507761.9392,14.975,-1.04,4.7,1.4,1787593507761.9392,False,,,5,OP1,C2_WIFI_CARGA_MEDIA,N3
,0.513,0.245,0.285,0.0,,1787593507794.8342,14.975,-1.04,4.7,1.4,1787593507794.8342,False,,,5,OP1,C2_WIFI_CARGA_MEDIA,N3
,0.513,0.245,0.284,0.0,,1787593507820.2815,14.94,-1.04,4.7,1.4,1787593507822.2927,False,,,5,OP1,C2_WIFI_CARGA_MEDIA,N3
,0.514,0.245,0.283,0.0,,1787593507849.652,14.905,-1.12,4.7,1.4,1787593507850.9456,False,,,5,OP1,C2_WIFI_CARGA_MEDIA,N3
,0.514,0.245,0.283,0.0,,1787593507999.8066,14.905,-1.12,4.7,1.4,1787593507999.8066,False,,,5,OP1,C2_WIFI_CARGA_MEDIA,N3
,0.51,0.244,0.285,0.0,,1787593508155.3423,14.975,-0.8,4.64,1.4,1787593508155.3423,False,,,5,OP1,C2_WIFI_CARGA_MEDIA,N3
,0.496,0.232,0.292,0.0,,1787593508200.1611,15.22,0.32,3.92,1.4,1787593508200.1611,False,,,5,OP1,C2_WIFI_CARGA_MEDIA,N3
,0.492,0.23,0.295,0.0,,1787593508222.244,15.325,0.64,3.8,1.4,1787593508223.2651,False,,,5,OP1,C2_WIFI_CARGA_MEDIA,N3
,0.489,0.231,0.297,0.0,,1787593508267.234,15.395,0.88,3.86,1.4,1787593508267.234,False,,,5,OP1,C2_WIFI_CARGA_MEDIA,N3
,0.488,0.231,0.298,0.0,,1787593508294.9663,15.43,0.96,3.86,1.4,1787593508294.9663,False,,,5,OP1,C2_WIFI_CARGA_MEDIA,N3
,0.486,0.23,0.299,0.0,,1787593508322.3286,15.465,1.12,3.8,1.4,1787593508323.709,False,,,5,OP1,C2_WIFI_CARGA_MEDIA,N3
,0.486,0.23,0.3,0.0,,1787593508346.6914,15.5,1.12,3.8,1.4,1787593508346.6914,False,,,5,OP1,C2_WIFI_CARGA_MEDIA,N3
,0.486,0.23,0.3,0.0,,1787593508502.6152,15.5,1.12,3.8,1.4,1787593508502.6152,False,,,5,OP1,C2_WIFI_CARGA_MEDIA,N3
,0.503,0.243,0.283,0.0,,1787593508524.5564,14.905,-0.24,4.58,1.4,1787593508524.5564,False,,,5,OP1,C2_WIFI_CARGA_MEDIA,N3
,0.504,0.244,0.283,0.0,,1787593508569.2622,14.905,-0.32,4.64,1.4,1787593508569.2622,False,,,5,OP1,C2_WIFI_CARGA_MEDIA,N3
,0.505,0.244,0.283,0.0,,1787593508600.063,14.905,-0.4,4.64,1.4,1787593508600.063,False,,,5,OP1,C2_WIFI_CARGA_MEDIA,N3
,0.505,0.245,0.284,0.0,,1787593508640.6606,14.94,-0.4,4.7,1.4,1787593508642.9849,False,,,5,OP1,C2_WIFI_CARGA_MEDIA,N3
,0.505,0.246,0.284,0.003,,1787593508668.1665,14.94,-0.4,4.76,1.3968,1787593508668.1665,False,,,5,OP1,C2_WIFI_CARGA_MEDIA,N3
,0.505,0.245,0.285,0.004,,1787593508693.2097,14.975,-0.4,4.7,1.3958,1787593508694.157,False,,,5,OP1,C2_WIFI_CARGA_MEDIA,N3
,0.506,0.245,0.286,0.005,,1787593508726.0544,15.01,-0.48,4.7,1.3947,1787593508742.274,False,,,5,OP1,C2_WIFI_CARGA_MEDIA,N3
,0.506,0.244,0.286,0.007,,1787593508791.3608,15.01,-0.48,4.64,1.3926,1787593508796.9092,False,,,5,OP1,C2_WIFI_CARGA_MEDIA,N3
,0.506,0.243,0.286,0.011,,1787593508848.9604,15.01,-0.48,4.58,1.3884,1787593508849.9666,False,,,5,OP1,C2_WIFI_CARGA_MEDIA,N3
,0.505,0.242,0.285,0.013,,1787593508900.777,14.975,-0.4,4.52,1.3863,1787593508901.8572,False,,,5,OP1,C2_WIFI_CARGA_MEDIA,N3
,0.505,0.242,0.284,0.013,,1787593508933.6626,14.94,-0.4,4.52,1.3863,1787593508933.6626,False,,,5,OP1,C2_WIFI_CARGA_MEDIA,N3
,0.505,0.243,0.283,0.014,,1787593508985.8303,14.905,-0.4,4.58,1.3853,1787593508985.8303,False,,,5,OP1,C2_WIFI_CARGA_MEDIA,N3
,0.506,0.243,0.283,0.013,,1787593509036.4165,14.905,-0.48,4.58,1.3863,1787593509036.4165,False,,,5,OP1,C2_WIFI_CARGA_MEDIA,N3
,0.506,0.243,0.283,0.012,,1787593509074.4404,14.905,-0.48,4.58,1.3874,1787593509075.534,False,,,5,OP1,C2_WIFI_CARGA_MEDIA,N3
,0.507,0.244,0.282,0.009,,1787593509131.0383,14.87,-0.56,4.64,1.3905,1787593509131.0383,False,,,5,OP1,C2_WIFI_CARGA_MEDIA,N3
,0.511,0.245,0.28,0.009,,1787593509186.545,14.8,-0.88,4.7,1.3905,1787593509187.5496,False,,,5,OP1,C2_WIFI_CARGA_MEDIA,N3
,0.516,0.248,0.279,0.007,,1787593509239.1997,14.765,-1.28,4.88,1.3926,1787593509241.208,False,,,5,OP1,C2_WIFI_CARGA_MEDIA,N3
,0.518,0.249,0.279,0.004,,1787593509260.4014,14.765,-1.44,4.94,1.3958,1787593509270.8352,False,,,5,OP1,C2_WIFI_CARGA_MEDIA,N3
,0.523,0.251,0.278,0.0,,1787593509315.958,14.73,-1.84,5.06,1.4,1787593509326.4204,False,,,5,OP1,C2_WIFI_CARGA_MEDIA,N3
,0.526,0.251,0.28,0.0,,1787593509374.5012,14.8,-2.08,5.06,1.4,1787593509374.5012,False,,,5,OP1,C2_WIFI_CARGA_MEDIA,N3
,0.528,0.251,0.284,0.0,,1787593509409.0654,14.94,-2.24,5.06,1.4,1787593509409.0654,False,,,5,OP1,C2_WIFI_CARGA_MEDIA,N3
,0.53,0.249,0.294,0.0,,1787593509460.1443,15.29,-2.4,4.94,1.4,1787593509461.2795,False,,,5,OP1,C2_WIFI_CARGA_MEDIA,N3
,0.53,0.249,0.296,0.0,,1787593509519.3198,15.36,-2.4,4.94,1.4,1787593509520.2612,False,,,5,OP1,C2_WIFI_CARGA_MEDIA,N3
,0.53,0.248,0.297,0.0,,1787593509576.6611,15.395,-2.4,4.88,1.4,1787593509576.6611,False,,,5,OP1,C2_WIFI_CARGA_MEDIA,N3
,0.529,0.248,0.297,0.0,,1787593509630.911,15.395,-2.32,4.88,1.4,1787593509630.911,False,,,5,OP1,C2_WIFI_CARGA_MEDIA,N3
,0.528,0.248,0.298,0.0,,1787593509659.7866,15.43,-2.24,4.88,1.4,1787593509661.8042,False,,,5,OP1,C2_WIFI_CARGA_MEDIA,N3
,0.526,0.249,0.299,0.0,,1787593509693.0847,15.465,-2.08,4.94,1.4,1787593509694.0354,False,,,5,OP1,C2_WIFI_CARGA_MEDIA,N3
,0.525,0.25,0.297,0.0,,1787593509744.11,15.395,-2.0,5.0,1.4,1787593509746.8438,False,,,5,OP1,C2_WIFI_CARGA_MEDIA,N3
,0.522,0.254,0.289,0.0,,1787593509799.1372,15.115,-1.76,5.24,1.4,1787593509800.7134,False,,,5,OP1,C2_WIFI_CARGA_MEDIA,N3
,0.521,0.258,0.281,0.0,,1787593509847.2495,14.835,-1.68,5.48,1.4,1787593509847.2495,False,,,5,OP1,C2_WIFI_CARGA_MEDIA,N3
,0.521,0.261,0.278,0.0,,1787593509868.8333,14.73,-1.68,5.66,1.4,1787593509884.724,False,,,5,OP1,C2_WIFI_CARGA_MEDIA,N3
,0.524,0.267,0.272,0.0,,1787593509934.6602,14.52,-1.92,6.02,1.4,1787593509934.6602,False,,,5,OP1,C2_WIFI_CARGA_MEDIA,N3
,0.526,0.269,0.273,0.0,,1787593509955.9832,14.555,-2.08,6.14,1.4,1787593509955.9832,False,,,5,OP1,C2_WIFI_CARGA_MEDIA,N3
,0.527,0.272,0.275,0.0,,1787593509994.17,14.625,-2.16,6.32,1.4,1787593509994.5188,False,,,5,OP1,C2_WIFI_CARGA_MEDIA,N3
,0.528,0.278,0.277,0.0,,1787593510046.7173,14.695,-2.24,6.68,1.4,1787593510046.7173,False,,,5,OP1,C2_WIFI_CARGA_MEDIA,N3
,0.528,0.28,0.277,0.0,,1787593510091.1543,14.695,-2.24,6.8,1.4,1787593510093.1702,False,,,5,OP1,C2_WIFI_CARGA_MEDIA,N3
,0.527,0.281,0.278,0.0,,1787593510127.7568,14.73,-2.16,6.86,1.4,1787593510127.7568,False,,,5,OP1,C2_WIFI_CARGA_MEDIA,N3
,0.526,0.281,0.278,0.0,,1787593510156.6057,14.73,-2.08,6.86,1.4,1787593510157.2195,False,,,5,OP1,C2_WIFI_CARGA_MEDIA,N3
,0.522,0.282,0.277,0.0,,1787593510205.37,14.695,-1.76,6.92,1.4,1787593510205.8252,False,,,5,OP1,C2_WIFI_CARGA_MEDIA,N3
,0.521,0.282,0.276,0.0,,1787593510243.6565,14.66,-1.68,6.92,1.4,1787593510245.798,False,,,5,OP1,C2_WIFI_CARGA_MEDIA,N3
,0.518,0.281,0.276,0.0,,1787593510300.154,14.66,-1.44,6.86,1.4,1787593510300.154,False,,,5,OP1,C2_WIFI_CARGA_MEDIA,N3
,0.516,0.281,0.276,0.0,,1787593510356.235,14.66,-1.28,6.86,1.4,1787593510356.235,False,,,5,OP1,C2_WIFI_CARGA_MEDIA,N3
,0.515,0.281,0.276,0.0,,1787593510408.9172,14.66,-1.2,6.86,1.4,1787593510410.9243,False,,,5,OP1,C2_WIFI_CARGA_MEDIA,N3
,0.515,0.281,0.276,0.0,,1787593510429.475,14.66,-1.2,6.86,1.4,1787593510437.6653,False,,,5,OP1,C2_WIFI_CARGA_MEDIA,N3
,0.514,0.281,0.276,0.0,,1787593510457.422,14.66,-1.12,6.86,1.4,1787593510457.422,False,,,5,OP1,C2_WIFI_CARGA_MEDIA,N3
,0.514,0.281,0.276,0.088,,1787593510494.6487,14.66,-1.12,6.86,1.3076,1787593510494.6487,False,,,5,OP1,C2_WIFI_CARGA_MEDIA,N3
,0.514,0.281,0.278,0.495,,1787593510550.171,14.73,-1.12,6.86,0.8802,1787593510550.171,False,,,5,OP1,C2_WIFI_CARGA_MEDIA,N3
,0.515,0.279,0.283,0.702,,1787593510576.7974,14.905,-1.2,6.74,0.6629,1787593510576.7974,False,,,5,OP1,C2_WIFI_CARGA_MEDIA,N3
,0.517,0.275,0.289,0.969,,1787593510614.7776,15.115,-1.36,6.5,0.3826,1787593510614.7776,False,,,5,OP1,C2_WIFI_CARGA_MEDIA,N3
,0.516,0.275,0.286,1.0,,1787593510650.696,15.01,-1.28,6.5,0.35,1787593510650.696,False,,,5,OP1,C2_WIFI_CARGA_MEDIA,N3
,0.515,0.275,0.281,1.0,,1787593510687.325,14.835,-1.2,6.5,0.35,1787593510687.325,False,,,5,OP1,C2_WIFI_CARGA_MEDIA,N3
,0.514,0.276,0.279,1.0,,1787593510708.8162,14.765,-1.12,6.56,0.35,1787593510709.582,False,,,5,OP1,C2_WIFI_CARGA_MEDIA,N3
,0.514,0.276,0.279,0.98,,1787593510744.3,14.765,-1.12,6.56,0.371,1787593510744.3,False,,,5,OP1,C2_WIFI_CARGA_MEDIA,N3
,0.512,0.278,0.28,0.956,,1787593510785.741,14.8,-0.96,6.68,0.3962,1787593510786.7505,False,,,5,OP1,C2_WIFI_CARGA_MEDIA,N3
,0.511,0.279,0.281,0.949,,1787593510818.4658,14.835,-0.88,6.74,0.4036,1787593510818.4658,False,,,5,OP1,C2_WIFI_CARGA_MEDIA,N3
,0.51,0.279,0.281,0.944,,1787593510847.1875,14.835,-0.8,6.74,0.4088,1787593510847.1875,False,,,5,OP1,C2_WIFI_CARGA_MEDIA,N3
,0.509,0.281,0.279,0.939,,1787593510910.751,14.765,-0.72,6.86,0.4141,1787593510911.078,False,,,5,OP1,C2_WIFI_CARGA_MEDIA,N3
,0.507,0.285,0.27,0.94,,1787593510956.0657,14.45,-0.56,7.1,0.413,1787593510956.0657,False,,,5,OP1,C2_WIFI_CARGA_MEDIA,N3
,0.507,0.285,0.269,0.941,,1787593510980.3503,14.415,-0.56,7.1,0.412,1787593510980.3503,False,,,5,OP1,C2_WIFI_CARGA_MEDIA,N3
,0.508,0.285,0.268,0.943,,1787593511010.749,14.38,-0.64,7.1,0.4099,1787593511011.769,False,,,5,OP1,C2_WIFI_CARGA_MEDIA,N3
,0.508,0.286,0.266,0.946,,1787593511052.95,14.31,-0.64,7.16,0.4067,1787593511052.95,False,,,5,OP1,C2_WIFI_CARGA_MEDIA,N3
,0.509,0.286,0.265,0.948,,1787593511077.077,14.275,-0.72,7.16,0.4046,1787593511079.8774,False,,,5,OP1,C2_WIFI_CARGA_MEDIA,N3
,0.509,0.287,0.264,0.95,,1787593511106.3003,14.24,-0.72,7.22,0.4025,1787593511108.2964,False,,,5,OP1,C2_WIFI_CARGA_MEDIA,N3
,0.51,0.288,0.262,0.952,,1787593511144.9436,14.17,-0.8,7.28,0.4004,1787593511147.4426,False,,,5,OP1,C2_WIFI_CARGA_MEDIA,N3
,0.51,0.289,0.261,0.952,,1787593511188.7793,14.135,-0.8,7.34,0.4004,1787593511188.7793,False,,,5,OP1,C2_WIFI_CARGA_MEDIA,N3
,0.51,0.289,0.26,0.953,,1787593511211.8645,14.1,-0.8,7.34,0.3994,1787593511212.8792,False,,,5,OP1,C2_WIFI_CARGA_MEDIA,N3
,0.51,0.29,0.259,0.954,,1787593511363.1548,14.065,-0.8,7.4,0.3983,1787593511363.1548,False,,,5,OP1,C2_WIFI_CARGA_MEDIA,N3
,0.512,0.291,0.254,0.959,,1787593511412.75,13.89,-0.96,7.46,0.3931,1787593511413.8296,False,,,5,OP1,C2_WIFI_CARGA_MEDIA,N3
,0.513,0.291,0.254,0.962,,1787593511457.3933,13.89,-1.04,7.46,0.3899,1787593511457.3933,False,,,5,OP1,C2_WIFI_CARGA_MEDIA,N3
,0.513,0.291,0.253,0.964,,1787593511486.5762,13.855,-1.04,7.46,0.3878,1787593511486.5762,False,,,5,OP1,C2_WIFI_CARGA_MEDIA,N3
,0.514,0.291,0.252,0.965,,1787593511515.2937,13.82,-1.12,7.46,0.3868,1787593511516.4087,False,,,5,OP1,C2_WIFI_CARGA_MEDIA,N3
,0.514,0.291,0.252,0.966,,1787593511551.9246,13.82,-1.12,7.46,0.3857,1787593511553.9368,False,,,5,OP1,C2_WIFI_CARGA_MEDIA,N3
,0.516,0.292,0.251,0.967,,1787593511593.204,13.785,-1.28,7.52,0.3847,1787593511593.204,False,,,5,OP1,C2_WIFI_CARGA_MEDIA,N3
,0.517,0.293,0.25,0.969,,1787593511616.4363,13.75,-1.36,7.58,0.3826,1787593511616.4363,False,,,5,OP1,C2_WIFI_CARGA_MEDIA,N3
,0.518,0.293,0.248,0.97,,1787593511794.6123,13.68,-1.44,7.58,0.3815,1787593511796.619,False,,,5,OP1,C2_WIFI_CARGA_MEDIA,N3
,0.523,0.294,0.244,0.969,,1787593511910.7698,13.54,-1.84,7.64,0.3826,1787593511918.224,False,,,5,OP1,C2_WIFI_CARGA_MEDIA,N3
,0.522,0.295,0.238,0.972,,1787593511935.6511,13.33,-1.76,7.7,0.3794,1787593511935.6511,False,,,5,OP1,C2_WIFI_CARGA_MEDIA,N3
,0.522,0.295,0.237,0.973,,1787593511961.5884,13.295,-1.76,7.7,0.3784,1787593511961.5884,False,,,5,OP1,C2_WIFI_CARGA_MEDIA,N3
,0.521,0.296,0.235,0.973,,1787593511984.5552,13.225,-1.68,7.76,0.3784,1787593511985.5474,False,,,5,OP1,C2_WIFI_CARGA_MEDIA,N3
,0.52,0.296,0.233,0.974,,1787593512021.2258,13.155,-1.6,7.76,0.3773,1787593512021.2258,False,,,5,OP1,C2_WIFI_CARGA_MEDIA,N3
,0.519,0.296,0.231,0.976,,1787593512073.069,13.085,-1.52,7.76,0.3752,1787593512073.069,False,,,5,OP1,C2_WIFI_CARGA_MEDIA,N3
,0.519,0.296,0.23,0.978,,1787593512121.6658,13.05,-1.52,7.76,0.3731,1787593512121.6658,False,,,5,OP1,C2_WIFI_CARGA_MEDIA,N3
,0.518,0.296,0.23,0.978,,1787593512161.8406,13.05,-1.44,7.76,0.3731,1787593512161.8406,False,,,5,OP1,C2_WIFI_CARGA_MEDIA,N3
,0.517,0.296,0.229,0.978,,1787593512186.9526,13.015,-1.36,7.76,0.3731,1787593512186.9526,False,,,5,OP1,C2_WIFI_CARGA_MEDIA,N3
,0.517,0.295,0.229,0.978,,1787593512320.1885,13.015,-1.36,7.7,0.3731,1787593512320.1885,False,,,5,OP1,C2_WIFI_CARGA_MEDIA,N3
,0.509,0.295,0.226,0.983,,1787593512360.3057,12.91,-0.72,7.7,0.3679,1787593512362.2092,False,,,5,OP1,C2_WIFI_CARGA_MEDIA,N3
,0.507,0.294,0.225,0.983,,1787593512387.9893,12.875,-0.56,7.64,0.3679,1787593512389.0042,False,,,5,OP1,C2_WIFI_CARGA_MEDIA,N3
,0.505,0.294,0.226,0.985,,1787593512433.1553,12.91,-0.4,7.64,0.3658,1787593512433.1553,False,,,5,OP1,C2_WIFI_CARGA_MEDIA,N3
,0.504,0.294,0.226,0.985,,1787593512463.6875,12.91,-0.32,7.64,0.3658,1787593512463.6875,False,,,5,OP1,C2_WIFI_CARGA_MEDIA,N3
,0.503,0.294,0.226,0.985,,1787593512489.2732,12.91,-0.24,7.64,0.3658,1787593512491.4507,False,,,5,OP1,C2_WIFI_CARGA_MEDIA,N3
,0.502,0.294,0.227,0.984,,1787593512527.2056,12.945,-0.16,7.64,0.3668,1787593512527.2056,False,,,5,OP1,C2_WIFI_CARGA_MEDIA,N3
,0.501,0.294,0.228,0.982,,1787593512565.7166,12.98,-0.08,7.64,0.3689,1787593512565.7166,False,,,5,OP1,C2_WIFI_CARGA_MEDIA,N3
,0.501,0.294,0.231,0.981,,1787593512589.9102,13.085,-0.08,7.64,0.37,1787593512589.9102,False,,,5,OP1,C2_WIFI_CARGA_MEDIA,N3
,0.5,0.294,0.233,0.981,,1787593512626.068,13.155,0.0,7.64,0.37,1787593512626.068,False,,,5,OP1,C2_WIFI_CARGA_MEDIA,N3
,0.499,0.295,0.239,0.98,,1787593512690.683,13.365,0.08,7.7,0.371,1787593512693.4644,False,,,5,OP1,C2_WIFI_CARGA_MEDIA,N3
,0.499,0.295,0.241,0.979,,1787593512721.7576,13.435,0.08,7.7,0.3721,1787593512722.7712,False,,,5,OP1,C2_WIFI_CARGA_MEDIA,N3
,0.497,0.297,0.245,0.979,,1787593512766.0425,13.575,0.24,7.82,0.3721,1787593512766.0425,False,,,5,OP1,C2_WIFI_CARGA_MEDIA,N3
,0.497,0.297,0.248,0.978,,1787593512928.8772,13.68,0.24,7.82,0.3731,1787593512928.8772,False,,,5,OP1,C2_WIFI_CARGA_MEDIA,N3
,0.502,0.305,0.265,0.974,,1787593512970.2134,14.275,-0.16,8.3,0.3773,1787593512970.2134,False,,,5,OP1,C2_WIFI_CARGA_MEDIA,N3
,0.505,0.306,0.268,0.973,,1787593512994.4802,14.38,-0.4,8.36,0.3784,1787593512994.4802,False,,,5,OP1,C2_WIFI_CARGA_MEDIA,N3
,0.51,0.306,0.273,0.972,,1787593513029.5588,14.555,-0.8,8.36,0.3794,1787593513029.5588,False,,,5,OP1,C2_WIFI_CARGA_MEDIA,N3
,0.519,0.307,0.294,0.971,,1787593513069.986,15.29,-1.52,8.42,0.3805,1787593513069.986,False,,,5,OP1,C2_WIFI_CARGA_MEDIA,N3
,0.522,0.309,0.299,0.97,,1787593513094.1592,15.465,-1.76,8.54,0.3815,1787593513095.2534,False,,,5,OP1,C2_WIFI_CARGA_MEDIA,N3
,0.524,0.312,0.302,0.968,,1787593513138.3828,15.57,-1.92,8.72,0.3836,1787593513138.3828,False,,,5,OP1,C2_WIFI_CARGA_MEDIA,N3
,0.527,0.317,0.303,0.965,,1787593513165.3206,15.605,-2.16,9.02,0.3868,1787593513165.3206,False,,,5,OP1,C2_WIFI_CARGA_MEDIA,N3
,0.527,0.325,0.306,0.965,,1787593513194.989,15.71,-2.16,9.5,0.3868,1787593513197.17,False,,,5,OP1,C2_WIFI_CARGA_MEDIA,N3
,0.53,0.337,0.311,0.965,,1787593513232.8389,15.885,-2.4,10.22,0.3868,1787593513232.8389,False,,,5,OP1,C2_WIFI_CARGA_MEDIA,N3
,0.532,0.341,0.316,0.966,,1787593513270.6892,16.06,-2.56,10.46,0.3857,1787593513270.6892,False,,,5,OP1,C2_WIFI_CARGA_MEDIA,N3
,0.534,0.344,0.323,0.965,,1787593513294.6333,16.305,-2.72,10.64,0.3868,1787593513294.6333,False,,,5,OP1,C2_WIFI_CARGA_MEDIA,N3
,0.537,0.345,0.33,0.965,,1787593513334.2903,16.55,-2.96,10.7,0.3868,1787593513334.2903,False,,,5,OP1,C2_WIFI_CARGA_MEDIA,N3
,0.539,0.346,0.336,0.965,,1787593513361.6047,16.76,-3.12,10.76,0.3868,1787593513362.6116,False,,,5,OP1,C2_WIFI_CARGA_MEDIA,N3
,0.54,0.345,0.341,0.97,,1787593513393.9446,16.935,-3.2,10.7,0.3815,1787593513395.9578,False,,,5,OP1,C2_WIFI_CARGA_MEDIA,N3
,0.541,0.344,0.341,0.973,,1787593513440.1326,16.935,-3.28,10.64,0.3784,1787593513441.24,False,,,5,OP1,C2_WIFI_CARGA_MEDIA,N3
,0.542,0.342,0.342,0.975,,1787593513468.8472,16.97,-3.36,10.52,0.3763,1787593513468.8472,False,,,5,OP1,C2_WIFI_CARGA_MEDIA,N3
,0.542,0.341,0.341,0.977,,1787593513495.2373,16.935,-3.36,10.46,0.3742,1787593513496.7532,False,,,5,OP1,C2_WIFI_CARGA_MEDIA,N3
,0.543,0.341,0.339,0.978,,1787593513529.8792,16.865,-3.44,10.46,0.3731,1787593513531.293,False,,,5,OP1,C2_WIFI_CARGA_MEDIA,N3
,0.543,0.34,0.338,0.977,,1787593513698.2373,16.83,-3.44,10.4,0.3742,1787593513698.2373,False,,,5,OP1,C2_WIFI_CARGA_MEDIA,N3
,0.544,0.336,0.337,0.965,,1787593513734.47,16.795,-3.52,10.16,0.3868,1787593513734.47,False,,,5,OP1,C2_WIFI_CARGA_MEDIA,N3
,0.543,0.335,0.34,0.965,,1787593513769.2974,16.9,-3.44,10.1,0.3868,1787593513769.2974,False,,,5,OP1,C2_WIFI_CARGA_MEDIA,N3
,0.54,0.332,0.344,0.966,,1787593513799.5276,17.04,-3.2,9.92,0.3857,1787593513800.6404,False,,,5,OP1,C2_WIFI_CARGA_MEDIA,N3
,0.536,0.327,0.351,0.967,,1787593513835.5286,17.285,-2.88,9.62,0.3847,1787593513835.5286,False,,,5,OP1,C2_WIFI_CARGA_MEDIA,N3
,0.529,0.317,0.368,0.97,,1787593513883.0857,17.88,-2.32,9.02,0.3815,1787593513883.0857,False,,,5,OP1,C2_WIFI_CARGA_MEDIA,N3
,0.523,0.313,0.379,0.977,,1787593513945.3674,18.265,-1.84,8.78,0.3742,1787593513945.3674,False,,,5,OP1,C2_WIFI_CARGA_MEDIA,N3
,0.52,0.313,0.379,0.98,,1787593513976.623,18.265,-1.6,8.78,0.371,1787593513976.623,False,,,5,OP1,C2_WIFI_CARGA_MEDIA,N3
,0.519,0.313,0.378,0.983,,1787593514137.2402,18.23,-1.52,8.78,0.3679,1787593514137.2402,False,,,5,OP1,C2_WIFI_CARGA_MEDIA,N3
,0.516,0.315,0.369,0.983,,1787593514198.2666,17.915,-1.28,8.9,0.3679,1787593514198.2666,False,,,5,OP1,C2_WIFI_CARGA_MEDIA,N3
,0.515,0.314,0.368,0.981,,1787593514220.318,17.88,-1.2,8.84,0.37,1787593514220.318,False,,,5,OP1,C2_WIFI_CARGA_MEDIA,N3
,0.514,0.314,0.367,0.979,,1787593514246.705,17.845,-1.12,8.84,0.3721,1787593514247.3655,False,,,5,OP1,C2_WIFI_CARGA_MEDIA,N3
,0.513,0.314,0.366,0.976,,1787593514282.7285,17.81,-1.04,8.84,0.3752,1787593514282.7285,False,,,5,OP1,C2_WIFI_CARGA_MEDIA,N3
,0.508,0.313,0.368,0.972,,1787593514336.8704,17.88,-0.64,8.78,0.3794,1787593514337.8718,False,,,5,OP1,C2_WIFI_CARGA_MEDIA,N3
,0.504,0.31,0.372,0.973,,1787593514373.6738,18.02,-0.32,8.6,0.3784,1787593514373.6738,False,,,5,OP1,C2_WIFI_CARGA_MEDIA,N3
,0.502,0.308,0.375,0.975,,1787593514403.5803,18.125,-0.16,8.48,0.3763,1787593514403.5803,False,,,5,OP1,C2_WIFI_CARGA_MEDIA,N3
,0.499,0.308,0.377,0.976,,1787593514449.1592,18.195,0.08,8.48,0.3752,1787593514449.1592,False,,,5,OP1,C2_WIFI_CARGA_MEDIA,N3
,0.496,0.305,0.376,0.979,,1787593514503.4146,18.16,0.32,8.3,0.3721,1787593514504.413,False,,,5,OP1,C2_WIFI_CARGA_MEDIA,N3
,0.496,0.305,0.375,0.979,,1787593514530.8013,18.125,0.32,8.3,0.3721,1787593514530.8013,False,,,5,OP1,C2_WIFI_CARGA_MEDIA,N3
,0.496,0.304,0.376,0.98,,1787593514560.496,18.16,0.32,8.24,0.371,1787593514561.7168,False,,,5,OP1,C2_WIFI_CARGA_MEDIA,N3
,0.496,0.304,0.374,0.983,,1787593514610.0002,18.09,0.32,8.24,0.3679,1787593514612.1687,False,,,5,OP1,C2_WIFI_CARGA_MEDIA,N3
,0.496,0.303,0.374,0.984,,1787593514643.205,18.09,0.32,8.18,0.3668,1787593514646.9348,False,,,5,OP1,C2_WIFI_CARGA_MEDIA,N3
,0.498,0.303,0.372,0.985,,1787593514697.074,18.02,0.16,8.18,0.3658,1787593514697.074,False,,,5,OP1,C2_WIFI_CARGA_MEDIA,N3
,0.498,0.304,0.371,0.985,,1787593514719.1658,17.985,0.16,8.24,0.3658,1787593514720.2617,False,,,5,OP1,C2_WIFI_CARGA_MEDIA,N3
,0.499,0.304,0.37,0.985,,1787593514755.3157,17.95,0.08,8.24,0.3658,1787593514755.3157,False,,,5,OP1,C2_WIFI_CARGA_MEDIA,N3
,0.501,0.304,0.369,0.983,,1787593514809.125,17.915,-0.08,8.24,0.3679,1787593514811.642,False,,,5,OP1,C2_WIFI_CARGA_MEDIA,N3
,0.502,0.304,0.367,0.982,,1787593514834.63,17.845,-0.16,8.24,0.3689,1787593514834.63,False,,,5,OP1,C2_WIFI_CARGA_MEDIA,N3
,0.503,0.304,0.366,0.982,,1787593514876.5464,17.81,-0.24,8.24,0.3689,1787593514878.5745,False,,,5,OP1,C2_WIFI_CARGA_MEDIA,N3
,0.503,0.304,0.367,0.983,,1787593514922.3384,17.845,-0.24,8.24,0.3679,1787593514922.3384,False,,,5,OP1,C2_WIFI_CARGA_MEDIA,N3
,0.503,0.304,0.366,0.983,,1787593514948.218,17.81,-0.24,8.24,0.3679,1787593514950.4062,False,,,5,OP1,C2_WIFI_CARGA_MEDIA,N3
,0.503,0.304,0.366,0.984,,1787593514974.7705,17.81,-0.24,8.24,0.3668,1787593514974.7705,False,,,5,OP1,C2_WIFI_CARGA_MEDIA,N3
,0.503,0.304,0.366,0.985,,1787593514998.15,17.81,-0.24,8.24,0.3658,1787593515006.05,False,,,5,OP1,C2_WIFI_CARGA_MEDIA,N3
,0.503,0.304,0.365,0.985,,1787593515019.9795,17.775,-0.24,8.24,0.3658,1787593515020.981,False,,,5,OP1,C2_WIFI_CARGA_MEDIA,N3
,0.503,0.304,0.364,0.987,,1787593515046.634,17.74,-0.24,8.24,0.3637,1787593515046.634,False,,,5,OP1,C2_WIFI_CARGA_MEDIA,N3
,0.503,0.303,0.363,0.989,,1787593515075.8987,17.705,-0.24,8.18,0.3616,1787593515075.8987,False,,,5,OP1,C2_WIFI_CARGA_MEDIA,N3
,0.503,0.304,0.361,0.991,,1787593515117.933,17.635,-0.24,8.24,0.3595,1787593515117.933,False,,,5,OP1,C2_WIFI_CARGA_MEDIA,N3
,0.504,0.304,0.357,0.993,,1787593515167.0542,17.495,-0.32,8.24,0.3574,1787593515167.0542,False,,,5,OP1,C2_WIFI_CARGA_MEDIA,N3
,0.505,0.304,0.355,0.994,,1787593515218.38,17.425,-0.4,8.24,0.3563,1787593515218.38,False,,,5,OP1,C2_WIFI_CARGA_MEDIA,N3
,0.505,0.305,0.352,0.994,,1787593515259.7942,17.32,-0.4,8.3,0.3563,1787593515275.1047,False,,,5,OP1,C2_WIFI_CARGA_MEDIA,N3
,0.506,0.305,0.35,0.994,,1787593515321.9016,17.25,-0.48,8.3,0.3563,1787593515322.908,False,,,5,OP1,C2_WIFI_CARGA_MEDIA,N3
,0.506,0.305,0.35,0.995,,1787593515351.6155,17.25,-0.48,8.3,0.3553,1787593515353.624,False,,,5,OP1,C2_WIFI_CARGA_MEDIA,N3
,0.506,0.304,0.35,0.996,,1787593515377.7632,17.25,-0.48,8.24,0.3542,1787593515378.7798,False,,,5,OP1,C2_WIFI_CARGA_MEDIA,N3
,0.506,0.304,0.35,0.996,,1787593515408.5906,17.25,-0.48,8.24,0.3542,1787593515408.5906,False,,,5,OP1,C2_WIFI_CARGA_MEDIA,N3
,0.506,0.303,0.349,0.997,,1787593515451.4097,17.215,-0.48,8.18,0.3532,1787593515451.4097,False,,,5,OP1,C2_WIFI_CARGA_MEDIA,N3
,0.506,0.303,0.349,0.997,,1787593515477.8015,17.215,-0.48,8.18,0.3532,1787593515479.17,False,,,5,OP1,C2_WIFI_CARGA_MEDIA,N3
,0.505,0.303,0.348,0.997,,1787593515521.286,17.18,-0.4,8.18,0.3532,1787593515521.286,False,,,5,OP1,C2_WIFI_CARGA_MEDIA,N3
,0.505,0.302,0.35,0.997,,1787593515574.5825,17.25,-0.4,8.12,0.3532,1787593515574.5825,False,,,5,OP1,C2_WIFI_CARGA_MEDIA,N3
,0.504,0.3,0.351,0.997,,1787593515623.1382,17.285,-0.32,8.0,0.3532,1787593515623.1382,False,,,5,OP1,C2_WIFI_CARGA_MEDIA,N3
,0.504,0.299,0.352,0.998,,1787593515652.4192,17.32,-0.32,7.94,0.3521,1787593515652.4192,False,,,5,OP1,C2_WIFI_CARGA_MEDIA,N3
,0.504,0.299,0.352,1.0,,1787593515681.3506,17.32,-0.32,7.94,0.35,1787593515682.352,False,,,5,OP1,C2_WIFI_CARGA_MEDIA,N3
,0.504,0.299,0.352,1.0,,1787593515716.255,17.32,-0.32,7.94,0.35,1787593515716.598,False,,,5,OP1,C2_WIFI_CARGA_MEDIA,N3
,0.504,0.299,0.351,1.0,,1787593515760.47,17.285,-0.32,7.94,0.35,1787593515760.47,False,,,5,OP1,C2_WIFI_CARGA_MEDIA,N3
,0.504,0.299,0.351,1.0,,1787593515784.045,17.285,-0.32,7.94,0.35,1787593515784.045,False,,,5,OP1,C2_WIFI_CARGA_MEDIA,N3
,0.504,0.299,0.349,1.0,,1787593515823.2507,17.215,-0.32,7.94,0.35,1787593515823.2507,False,,,5,OP1,C2_WIFI_CARGA_MEDIA,N3
,0.504,0.299,0.348,1.0,,1787593515854.5337,17.18,-0.32,7.94,0.35,1787593515854.5337,False,,,5,OP1,C2_WIFI_CARGA_MEDIA,N3
,0.504,0.299,0.348,1.0,,1787593515881.2256,17.18,-0.32,7.94,0.35,1787593515883.2366,False,,,5,OP1,C2_WIFI_CARGA_MEDIA,N3
,0.504,0.299,0.349,1.0,,1787593515923.2268,17.215,-0.32,7.94,0.35,1787593515923.2268,False,,,5,OP1,C2_WIFI_CARGA_MEDIA,N3
,0.504,0.299,0.351,1.0,,1787593515961.184,17.285,-0.32,7.94,0.35,1787593515961.184,False,,,5,OP1,C2_WIFI_CARGA_MEDIA,N3
,0.504,0.299,0.35,0.999,,1787593515982.142,17.25,-0.32,7.94,0.3511,1787593515983.1597,False,,,5,OP1,C2_WIFI_CARGA_MEDIA,N3
,0.504,0.298,0.349,0.996,,1787593516022.0354,17.215,-0.32,7.88,0.3542,1787593516023.069,False,,,5,OP1,C2_WIFI_CARGA_MEDIA,N3
,0.504,0.298,0.349,0.994,,1787593516063.6658,17.215,-0.32,7.88,0.3563,1787593516064.8906,False,,,5,OP1,C2_WIFI_CARGA_MEDIA,N3
,0.504,0.298,0.348,0.994,,1787593516093.0513,17.18,-0.32,7.88,0.3563,1787593516096.8315,False,,,5,OP1,C2_WIFI_CARGA_MEDIA,N3
,0.504,0.299,0.346,0.995,,1787593516125.7085,17.11,-0.32,7.94,0.3553,1787593516125.7085,False,,,5,OP1,C2_WIFI_CARGA_MEDIA,N3
,0.504,0.3,0.345,0.997,,1787593516159.942,17.075,-0.32,8.0,0.3532,1787593516159.942,False,,,5,OP1,C2_WIFI_CARGA_MEDIA,N3
,0.505,0.3,0.344,0.998,,1787593516183.8032,17.04,-0.4,8.0,0.3521,1787593516184.8206,False,,,5,OP1,C2_WIFI_CARGA_MEDIA,N3
,0.505,0.3,0.343,0.998,,1787593516229.0825,17.005,-0.4,8.0,0.3521,1787593516229.0825,False,,,5,OP1,C2_WIFI_CARGA_MEDIA,N3
,0.505,0.3,0.343,0.997,,1787593516262.4949,17.005,-0.4,8.0,0.3532,1787593516262.4949,False,,,5,OP1,C2_WIFI_CARGA_MEDIA,N3
,0.506,0.3,0.342,0.996,,1787593516285.0227,16.97,-0.48,8.0,0.3542,1787593516286.121,False,,,5,OP1,C2_WIFI_CARGA_MEDIA,N3
,0.506,0.3,0.342,0.997,,1787593516327.9482,16.97,-0.48,8.0,0.3532,1787593516327.9482,False,,,5,OP1,C2_WIFI_CARGA_MEDIA,N3
,0.506,0.3,0.341,0.999,,1787593516355.3125,16.935,-0.48,8.0,0.3511,1787593516355.3125,False,,,5,OP1,C2_WIFI_CARGA_MEDIA,N3
,0.506,0.3,0.34,1.0,,1787593516383.4392,16.9,-0.48,8.0,0.35,1787593516383.4392,False,,,5,OP1,C2_WIFI_CARGA_MEDIA,N3
,0.506,0.3,0.34,1.0,,1787593516423.1362,16.9,-0.48,8.0,0.35,1787593516423.1362,False,,,5,OP1,C2_WIFI_CARGA_MEDIA,N3
,0.506,0.301,0.34,1.0,,1787593516463.135,16.9,-0.48,8.06,0.35,1787593516463.135,False,,,5,OP1,C2_WIFI_CARGA_MEDIA,N3
,0.506,0.301,0.34,1.0,,1787593516487.2312,16.9,-0.48,8.06,0.35,1787593516487.2312,False,,,5,OP1,C2_WIFI_CARGA_MEDIA,N3
,0.506,0.301,0.341,1.0,,1787593516523.473,16.935,-0.48,8.06,0.35,1787593516523.473,False,,,5,OP1,C2_WIFI_CARGA_MEDIA,N3
,0.507,0.301,0.341,1.0,,1787593516564.6155,16.935,-0.56,8.06,0.35,1787593516564.6155,False,,,5,OP1,C2_WIFI_CARGA_MEDIA,N3
,0.507,0.301,0.34,1.0,,1787593516590.4946,16.9,-0.56,8.06,0.35,1787593516590.4946,False,,,5,OP1,C2_WIFI_CARGA_MEDIA,N3
,0.507,0.301,0.34,1.0,,1787593516620.5474,16.9,-0.56,8.06,0.35,1787593516622.654,False,,,5,OP1,C2_WIFI_CARGA_MEDIA,N3
,0.507,0.301,0.339,1.0,,1787593516656.0637,16.865,-0.56,8.06,0.35,1787593516656.0637,False,,,5,OP1,C2_WIFI_CARGA_MEDIA,N3
,0.507,0.301,0.338,1.0,,1787593516715.8213,16.83,-0.56,8.06,0.35,1787593516719.5625,False,,,5,OP1,C2_WIFI_CARGA_MEDIA,N3
,0.507,0.301,0.337,1.0,,1787593516765.4348,16.795,-0.56,8.06,0.35,1787593516765.4348,False,,,5,OP1,C2_WIFI_CARGA_MEDIA,N3
,0.507,0.302,0.337,1.0,,1787593516797.5852,16.795,-0.56,8.12,0.35,1787593516797.5852,False,,,5,OP1,C2_WIFI_CARGA_MEDIA,N3
,0.507,0.302,0.336,1.0,,1787593516821.5847,16.76,-0.56,8.12,0.35,1787593516822.87,False,,,5,OP1,C2_WIFI_CARGA_MEDIA,N3
,0.507,0.302,0.335,1.0,,1787593516857.2058,16.725,-0.56,8.12,0.35,1787593516857.5796,False,,,5,OP1,C2_WIFI_CARGA_MEDIA,N3
,0.506,0.302,0.332,1.0,,1787593516899.839,16.62,-0.48,8.12,0.35,1787593516899.839,False,,,5,OP1,C2_WIFI_CARGA_MEDIA,N3
,0.506,0.303,0.33,1.0,,1787593516921.751,16.55,-0.48,8.18,0.35,1787593516925.198,False,,,5,OP1,C2_WIFI_CARGA_MEDIA,N3
,0.506,0.303,0.328,1.0,,1787593516968.5476,16.48,-0.48,8.18,0.35,1787593516968.5476,False,,,5,OP1,C2_WIFI_CARGA_MEDIA,N3
,0.506,0.302,0.327,1.0,,1787593517023.0803,16.445,-0.48,8.12,0.35,1787593517025.1028,False,,,5,OP1,C2_WIFI_CARGA_MEDIA,N3
,0.505,0.301,0.33,1.0,,1787593517069.1765,16.55,-0.4,8.06,0.35,1787593517069.1765,False,,,5,OP1,C2_WIFI_CARGA_MEDIA,N3
,0.505,0.301,0.33,1.0,,1787593517102.714,16.55,-0.4,8.06,0.35,1787593517102.714,False,,,5,OP1,C2_WIFI_CARGA_MEDIA,N3
,0.504,0.301,0.33,1.0,,1787593517127.379,16.55,-0.32,8.06,0.35,1787593517127.379,False,,,5,OP1,C2_WIFI_CARGA_MEDIA,N3
,0.504,0.3,0.33,1.0,,1787593517164.5686,16.55,-0.32,8.0,0.35,1787593517164.5686,False,,,5,OP1,C2_WIFI_CARGA_MEDIA,N3
,0.504,0.3,0.33,1.0,,1787593517324.369,16.55,-0.32,8.0,0.35,1787593517325.874,False,,,5,OP1,C2_WIFI_CARGA_MEDIA,N3
,0.505,0.3,0.329,1.0,,1787593517371.0647,16.515,-0.4,8.0,0.35,1787593517371.0647,False,,,5,OP1,C2_WIFI_CARGA_MEDIA,N3
,0.505,0.3,0.33,1.0,,1787593517397.2344,16.55,-0.4,8.0,0.35,1787593517397.2344,False,,,5,OP1,C2_WIFI_CARGA_MEDIA,N3
,0.506,0.299,0.331,1.0,,1787593517427.424,16.585,-0.48,7.94,0.35,1787593517428.4265,False,,,5,OP1,C2_WIFI_CARGA_MEDIA,N3
,0.506,0.299,0.331,1.0,,1787593517464.3877,16.585,-0.48,7.94,0.35,1787593517470.6338,False,,,5,OP1,C2_WIFI_CARGA_MEDIA,N3
,0.508,0.299,0.33,1.0,,1787593517524.765,16.55,-0.64,7.94,0.35,1787593517526.7786,False,,,5,OP1,C2_WIFI_CARGA_MEDIA,N3
,0.509,0.299,0.329,1.0,,1787593517572.8347,16.515,-0.72,7.94,0.35,1787593517572.8347,False,,,5,OP1,C2_WIFI_CARGA_MEDIA,N3
,0.51,0.299,0.326,1.0,,1787593517599.1826,16.41,-0.8,7.94,0.35,1787593517599.1826,False,,,5,OP1,C2_WIFI_CARGA_MEDIA,N3
,0.511,0.299,0.325,1.0,,1787593517627.6416,16.375,-0.88,7.94,0.35,1787593517627.6416,False,,,5,OP1,C2_WIFI_CARGA_MEDIA,N3
,0.512,0.299,0.324,1.0,,1787593517664.7915,16.34,-0.96,7.94,0.35,1787593517665.793,False,,,5,OP1,C2_WIFI_CARGA_MEDIA,N3
,0.513,0.3,0.323,1.0,,1787593517693.1328,16.305,-1.04,8.0,0.35,1787593517693.1328,False,,,5,OP1,C2_WIFI_CARGA_MEDIA,N3
,0.513,0.3,0.321,1.0,,1787593517831.4456,16.235,-1.04,8.0,0.35,1787593517833.5112,False,,,5,OP1,C2_WIFI_CARGA_MEDIA,N3
,0.516,0.303,0.32,1.0,,1787593517857.9922,16.2,-1.28,8.18,0.35,1787593517857.9922,False,,,5,OP1,C2_WIFI_CARGA_MEDIA,N3
,0.515,0.305,0.32,1.0,,1787593517899.535,16.2,-1.2,8.3,0.35,1787593517899.535,False,,,5,OP1,C2_WIFI_CARGA_MEDIA,N3
,0.515,0.305,0.321,1.0,,1787593517935.9282,16.235,-1.2,8.3,0.35,1787593517935.9282,False,,,5,OP1,C2_WIFI_CARGA_MEDIA,N3
,0.515,0.305,0.321,1.0,,1787593517966.292,16.235,-1.2,8.3,0.35,1787593517968.4846,False,,,5,OP1,C2_WIFI_CARGA_MEDIA,N3
,0.515,0.305,0.322,0.997,,1787593517998.6606,16.27,-1.2,8.3,0.3532,1787593517998.6606,False,,,5,OP1,C2_WIFI_CARGA_MEDIA,N3
,0.515,0.304,0.325,0.991,,1787593518044.494,16.375,-1.2,8.24,0.3595,1787593518044.494,False,,,5,OP1,C2_WIFI_CARGA_MEDIA,N3
,0.515,0.304,0.326,0.988,,1787593518066.901,16.41,-1.2,8.24,0.3626,1787593518067.9014,False,,,5,OP1,C2_WIFI_CARGA_MEDIA,N3
,0.515,0.304,0.326,0.985,,1787593518102.697,16.41,-1.2,8.24,0.3658,1787593518104.7104,False,,,5,OP1,C2_WIFI_CARGA_MEDIA,N3
,0.516,0.305,0.326,0.979,,1787593518166.2107,16.41,-1.28,8.3,0.3721,1787593518166.2107,False,,,5,OP1,C2_WIFI_CARGA_MEDIA,N3
,0.517,0.305,0.328,0.974,,1787593518208.6843,16.48,-1.36,8.3,0.3773,1787593518209.684,False,,,5,OP1,C2_WIFI_CARGA_MEDIA,N3
,0.517,0.305,0.328,0.971,,1787593518245.631,16.48,-1.36,8.3,0.3805,1787593518247.1396,False,,,5,OP1,C2_WIFI_CARGA_MEDIA,N3
,0.517,0.305,0.33,0.967,,1787593518270.3423,16.55,-1.36,8.3,0.3847,1787593518270.3423,False,,,5,OP1,C2_WIFI_CARGA_MEDIA,N3
,0.518,0.305,0.332,0.965,,1787593518300.7017,16.62,-1.44,8.3,0.3868,1787593518301.9187,False,,,5,OP1,C2_WIFI_CARGA_MEDIA,N3
,0.518,0.305,0.333,0.964,,1787593518327.3198,16.655,-1.44,8.3,0.3878,1787593518335.8152,False,,,5,OP1,C2_WIFI_CARGA_MEDIA,N3
,0.519,0.305,0.335,0.961,,1787593518381.4077,16.725,-1.52,8.3,0.391,1787593518381.4077,False,,,5,OP1,C2_WIFI_CARGA_MEDIA,N3
,0.519,0.305,0.334,0.959,,1787593518432.538,16.69,-1.52,8.3,0.3931,1787593518432.538,False,,,5,OP1,C2_WIFI_CARGA_MEDIA,N3
,0.519,0.305,0.334,0.958,,1787593518497.0957,16.69,-1.52,8.3,0.3941,1787593518501.725,False,,,5,OP1,C2_WIFI_CARGA_MEDIA,N3
,0.518,0.305,0.334,0.958,,1787593518649.4211,16.69,-1.44,8.3,0.3941,1787593518649.4211,False,,,5,OP1,C2_WIFI_CARGA_MEDIA,N3
,0.514,0.302,0.343,0.961,,1787593518674.349,17.005,-1.12,8.12,0.391,1787593518674.349,False,,,5,OP1,C2_WIFI_CARGA_MEDIA,N3
,0.513,0.301,0.344,0.961,,1787593518705.6914,17.04,-1.04,8.06,0.391,1787593518705.6914,False,,,5,OP1,C2_WIFI_CARGA_MEDIA,N3
,0.512,0.3,0.348,0.963,,1787593518746.8552,17.18,-0.96,8.0,0.3889,1787593518746.8552,False,,,5,OP1,C2_WIFI_CARGA_MEDIA,N3
,0.51,0.298,0.353,0.965,,1787593518805.921,17.355,-0.8,7.88,0.3868,1787593518805.921,False,,,5,OP1,C2_WIFI_CARGA_MEDIA,N3
,0.51,0.297,0.356,0.968,,1787593518851.0374,17.46,-0.8,7.82,0.3836,1787593518851.0374,False,,,5,OP1,C2_WIFI_CARGA_MEDIA,N3
,0.51,0.296,0.357,0.969,,1787593518876.9578,17.495,-0.8,7.76,0.3826,1787593518876.9578,False,,,5,OP1,C2_WIFI_CARGA_MEDIA,N3
,0.51,0.296,0.358,0.97,,1787593518904.6335,17.53,-0.8,7.76,0.3815,1787593518905.6472,False,,,5,OP1,C2_WIFI_CARGA_MEDIA,N3
,0.509,0.295,0.36,0.97,,1787593518943.6174,17.6,-0.72,7.7,0.3815,1787593518945.6245,False,,,5,OP1,C2_WIFI_CARGA_MEDIA,N3
,0.507,0.293,0.365,0.971,,1787593518984.7449,17.775,-0.56,7.58,0.3805,1787593518984.7449,False,,,5,OP1,C2_WIFI_CARGA_MEDIA,N3
,0.506,0.291,0.366,0.972,,1787593519018.059,17.81,-0.48,7.46,0.3794,1787593519018.059,False,,,5,OP1,C2_WIFI_CARGA_MEDIA,N3
,0.504,0.291,0.368,0.973,,1787593519049.1472,17.88,-0.32,7.46,0.3784,1787593519049.1472,False,,,5,OP1,C2_WIFI_CARGA_MEDIA,N3
,0.503,0.29,0.369,0.973,,1787593519083.7288,17.915,-0.24,7.4,0.3784,1787593519083.7288,False,,,5,OP1,C2_WIFI_CARGA_MEDIA,N3
,0.501,0.289,0.369,0.974,,1787593519140.428,17.915,-0.08,7.34,0.3773,1787593519140.428,False,,,5,OP1,C2_WIFI_CARGA_MEDIA,N3
,0.498,0.289,0.368,0.975,,1787593519185.9167,17.88,0.16,7.34,0.3763,1787593519185.9167,False,,,5,OP1,C2_WIFI_CARGA_MEDIA,N3
,0.496,0.289,0.367,0.975,,1787593519208.5645,17.845,0.32,7.34,0.3763,1787593519208.5645,False,,,5,OP1,C2_WIFI_CARGA_MEDIA,N3
,0.495,0.289,0.367,0.975,,1787593519251.7744,17.845,0.4,7.34,0.3763,1787593519251.7744,False,,,5,OP1,C2_WIFI_CARGA_MEDIA,N3
,0.494,0.289,0.368,0.976,,1787593519396.911,17.88,0.48,7.34,0.3752,1787593519396.911,False,,,5,OP1,C2_WIFI_CARGA_MEDIA,N3
,0.486,0.286,0.372,0.975,,1787593519445.394,18.02,1.12,7.16,0.3763,1787593519446.9092,False,,,5,OP1,C2_WIFI_CARGA_MEDIA,N3
,0.484,0.285,0.374,0.979,,1787593519481.9502,18.09,1.28,7.1,0.3721,1787593519481.9502,False,,,5,OP1,C2_WIFI_CARGA_MEDIA,N3
,0.483,0.283,0.376,0.986,,1787593519658.2666,18.16,1.36,6.98,0.3647,1787593519659.9744,False,,,5,OP1,C2_WIFI_CARGA_MEDIA,N3
,0.481,0.279,0.378,1.0,,1787593519687.5166,18.23,1.52,6.74,0.35,1787593519687.5166,False,,,5,OP1,C2_WIFI_CARGA_MEDIA,N3
,0.48,0.278,0.378,1.0,,1787593519713.7024,18.23,1.6,6.68,0.35,1787593519714.7896,False,,,5,OP1,C2_WIFI_CARGA_MEDIA,N3
,0.48,0.278,0.378,1.0,,1787593519748.894,18.23,1.6,6.68,0.35,1787593519748.894,False,,,5,OP1,C2_WIFI_CARGA_MEDIA,N3
,0.479,0.277,0.378,1.0,,1787593519781.358,18.23,1.68,6.62,0.35,1787593519783.368,False,,,5,OP1,C2_WIFI_CARGA_MEDIA,N3
,0.479,0.276,0.38,1.0,,1787593519826.2815,18.3,1.68,6.56,0.35,1787593519826.2815,False,,,5,OP1,C2_WIFI_CARGA_MEDIA,N3
,0.479,0.276,0.381,1.0,,1787593519990.9988,18.335,1.68,6.56,0.35,1787593519990.9988,False,,,5,OP1,C2_WIFI_CARGA_MEDIA,N3
,0.487,0.278,0.383,1.0,,1787593520025.2974,18.405,1.04,6.68,0.35,1787593520025.2974,False,,,5,OP1,C2_WIFI_CARGA_MEDIA,N3
,0.488,0.277,0.384,1.0,,1787593520047.0283,18.44,0.96,6.62,0.35,1787593520049.543,False,,,5,OP1,C2_WIFI_CARGA_MEDIA,N3
,0.488,0.277,0.386,1.0,,1787593520085.187,18.51,0.96,6.62,0.35,1787593520085.187,False,,,5,OP1,C2_WIFI_CARGA_MEDIA,N3
,0.489,0.275,0.388,1.0,,1787593520140.7075,18.58,0.88,6.5,0.35,1787593520142.7275,False,,,5,OP1,C2_WIFI_CARGA_MEDIA,N3
,0.489,0.274,0.39,1.0,,1787593520193.0898,18.65,0.88,6.44,0.35,1787593520193.0898,False,,,5,OP1,C2_WIFI_CARGA_MEDIA,N3
,0.489,0.275,0.389,1.0,,1787593520218.9114,18.615,0.88,6.5,0.35,1787593520218.9114,False,,,5,OP1,C2_WIFI_CARGA_MEDIA,N3
,0.489,0.275,0.388,1.0,,1787593520252.0662,18.58,0.88,6.5,0.35,1787593520252.0662,False,,,5,OP1,C2_WIFI_CARGA_MEDIA,N3
,0.489,0.275,0.389,1.0,,1787593520383.0813,18.615,0.88,6.5,0.35,1787593520385.0906,False,,,5,OP1,C2_WIFI_CARGA_MEDIA,N3
,0.491,0.276,0.385,1.0,,1787593520420.3992,18.475,0.72,6.56,0.35,1787593520420.3992,False,,,5,OP1,C2_WIFI_CARGA_MEDIA,N3
,0.492,0.276,0.381,1.0,,1787593520466.6487,18.335,0.64,6.56,0.35,1787593520466.6487,False,,,5,OP1,C2_WIFI_CARGA_MEDIA,N3
,0.492,0.275,0.38,1.0,,1787593520522.174,18.3,0.64,6.5,0.35,1787593520522.174,False,,,5,OP1,C2_WIFI_CARGA_MEDIA,N3
,0.493,0.274,0.378,1.0,,1787593520585.1428,18.23,0.56,6.44,0.35,1787593520586.151,False,,,5,OP1,C2_WIFI_CARGA_MEDIA,N3
,0.494,0.274,0.377,1.0,,1787593520623.7583,18.195,0.48,6.44,0.35,1787593520623.7583,False,,,5,OP1,C2_WIFI_CARGA_MEDIA,N3
,0.495,0.274,0.377,1.0,,1787593520663.9287,18.195,0.4,6.44,0.35,1787593520663.9287,False,,,5,OP1,C2_WIFI_CARGA_MEDIA,N3
,0.496,0.275,0.376,1.0,,1787593520686.389,18.16,0.32,6.5,0.35,1787593520686.389,False,,,5,OP1,C2_WIFI_CARGA_MEDIA,N3
,0.496,0.275,0.373,1.0,,1787593520726.6003,18.055,0.32,6.5,0.35,1787593520726.6003,False,,,5,OP1,C2_WIFI_CARGA_MEDIA,N3
,0.498,0.277,0.37,1.0,,1787593520764.6887,17.95,0.16,6.62,0.35,1787593520764.6887,False,,,5,OP1,C2_WIFI_CARGA_MEDIA,N3
,0.499,0.279,0.367,1.0,,1787593520787.9343,17.845,0.08,6.74,0.35,1787593520790.1326,False,,,5,OP1,C2_WIFI_CARGA_MEDIA,N3
,0.5,0.28,0.365,1.0,,1787593520833.3162,17.775,0.0,6.8,0.35,1787593520834.35,False,,,5,OP1,C2_WIFI_CARGA_MEDIA,N3
,0.5,0.28,0.365,1.0,,1787593520860.6675,17.775,0.0,6.8,0.35,1787593520860.6675,False,,,5,OP1,C2_WIFI_CARGA_MEDIA,N3
,0.501,0.28,0.363,1.0,,1787593520920.865,17.705,-0.08,6.8,0.35,1787593520921.9028,False,,,5,OP1,C2_WIFI_CARGA_MEDIA,N3
,0.501,0.28,0.363,1.0,,1787593520952.4766,17.705,-0.08,6.8,0.35,1787593520954.0503,False,,,5,OP1,C2_WIFI_CARGA_MEDIA,N3
,0.501,0.281,0.361,1.0,,1787593520998.2275,17.635,-0.08,6.86,0.35,1787593520998.2275,False,,,5,OP1,C2_WIFI_CARGA_MEDIA,N3
,0.501,0.281,0.361,1.0,,1787593521023.4397,17.635,-0.08,6.86,0.35,1787593521024.6824,False,,,5,OP1,C2_WIFI_CARGA_MEDIA,N3
,0.502,0.282,0.362,1.0,,1787593521061.9429,17.67,-0.16,6.92,0.35,1787593521061.9429,False,,,5,OP1,C2_WIFI_CARGA_MEDIA,N3
,0.504,0.283,0.363,1.0,,1787593521096.8442,17.705,-0.32,6.98,0.35,1787593521096.8442,False,,,5,OP1,C2_WIFI_CARGA_MEDIA,N3
,0.504,0.283,0.363,1.0,,1787593521135.9912,17.705,-0.32,6.98,0.35,1787593521135.9912,False,,,5,OP1,C2_WIFI_CARGA_MEDIA,N3
,0.504,0.284,0.363,1.0,,1787593521165.777,17.705,-0.32,7.04,0.35,1787593521165.777,False,,,5,OP1,C2_WIFI_CARGA_MEDIA,N3
,0.505,0.284,0.363,1.0,,1787593521193.5408,17.705,-0.4,7.04,0.35,1787593521193.5408,False,,,5,OP1,C2_WIFI_CARGA_MEDIA,N3
,0.505,0.284,0.364,1.0,,1787593521224.4055,17.74,-0.4,7.04,0.35,1787593521226.3003,False,,,5,OP1,C2_WIFI_CARGA_MEDIA,N3
,0.505,0.284,0.364,1.0,,1787593521257.1824,17.74,-0.4,7.04,0.35,1787593521258.14,False,,,5,OP1,C2_WIFI_CARGA_MEDIA,N3
,0.505,0.283,0.366,1.0,,1787593521301.0305,17.81,-0.4,6.98,0.35,1787593521301.0305,False,,,5,OP1,C2_WIFI_CARGA_MEDIA,N3
,0.506,0.283,0.366,1.0,,1787593521322.2546,17.81,-0.48,6.98,0.35,1787593521322.2546,False,,,5,OP1,C2_WIFI_CARGA_MEDIA,N3
,0.506,0.283,0.366,1.0,,1787593521367.7288,17.81,-0.48,6.98,0.35,1787593521368.337,False,,,5,OP1,C2_WIFI_CARGA_MEDIA,N3
,0.505,0.283,0.367,1.0,,1787593521394.3955,17.845,-0.4,6.98,0.35,1787593521394.3955,False,,,5,OP1,C2_WIFI_CARGA_MEDIA,N3
,0.505,0.282,0.368,1.0,,1787593521438.103,17.88,-0.4,6.92,0.35,1787593521438.103,False,,,5,OP1,C2_WIFI_CARGA_MEDIA,N3
,0.505,0.283,0.368,1.0,,1787593521464.8533,17.88,-0.4,6.98,0.35,1787593521464.8533,False,,,5,OP1,C2_WIFI_CARGA_MEDIA,N3
,0.506,0.283,0.367,1.0,,1787593521502.846,17.845,-0.48,6.98,0.35,1787593521502.846,False,,,5,OP1,C2_WIFI_CARGA_MEDIA,N3
,0.506,0.283,0.366,1.0,,1787593521527.1333,17.81,-0.48,6.98,0.35,1787593521527.6404,False,,,5,OP1,C2_WIFI_CARGA_MEDIA,N3
,0.506,0.284,0.362,1.0,,1787593521577.3396,17.67,-0.48,7.04,0.35,1787593521577.3396,False,,,5,OP1,C2_WIFI_CARGA_MEDIA,N3
,0.506,0.284,0.36,1.0,,1787593521601.241,17.6,-0.48,7.04,0.35,1787593521601.241,False,,,5,OP1,C2_WIFI_CARGA_MEDIA,N3
,0.506,0.285,0.356,1.0,,1787593521627.2893,17.46,-0.48,7.1,0.35,1787593521627.8433,False,,,5,OP1,C2_WIFI_CARGA_MEDIA,N3
,0.505,0.285,0.353,1.0,,1787593521671.9758,17.355,-0.4,7.1,0.35,1787593521671.9758,False,,,5,OP1,C2_WIFI_CARGA_MEDIA,N3
,0.505,0.286,0.351,1.0,,1787593521698.931,17.285,-0.4,7.16,0.35,1787593521698.931,False,,,5,OP1,C2_WIFI_CARGA_MEDIA,N3
,0.504,0.287,0.349,1.0,,1787593521728.4438,17.215,-0.32,7.22,0.35,1787593521728.7483,False,,,5,OP1,C2_WIFI_CARGA_MEDIA,N3
,0.504,0.287,0.347,1.0,,1787593521758.696,17.145,-0.32,7.22,0.35,1787593521758.696,False,,,5,OP1,C2_WIFI_CARGA_MEDIA,N3
,0.503,0.288,0.342,1.0,,1787593521806.282,16.97,-0.24,7.28,0.35,1787593521806.282,False,,,5,OP1,C2_WIFI_CARGA_MEDIA,N3
,0.502,0.29,0.34,1.0,,1787593521840.1956,16.9,-0.16,7.4,0.35,1787593521840.1956,False,,,5,OP1,C2_WIFI_CARGA_MEDIA,N3
,0.502,0.291,0.333,1.0,,1787593521861.15,16.655,-0.16,7.46,0.35,1787593521862.098,False,,,5,OP1,C2_WIFI_CARGA_MEDIA,N3
,0.501,0.293,0.325,1.0,,1787593521900.8923,16.375,-0.08,7.58,0.35,1787593521902.894,False,,,5,OP1,C2_WIFI_CARGA_MEDIA,N3
,0.499,0.301,0.3,1.0,,1787593521949.6262,15.5,0.08,8.06,0.35,1787593521949.6262,False,,,5,OP1,C2_WIFI_CARGA_MEDIA,N3
,0.495,0.312,0.263,1.0,,1787593522002.3325,14.205,0.4,8.72,0.35,1787593522002.3325,False,,,5,OP1,C2_WIFI_CARGA_MEDIA,N3
,0.489,0.323,0.218,1.0,,1787593522063.179,12.63,0.88,9.38,0.35,1787593522063.179,False,,,5,OP1,C2_WIFI_CARGA_MEDIA,N3
,0.483,0.333,0.181,1.0,,1787593522107.5083,11.335,1.36,9.98,0.35,1787593522107.5083,False,,,5,OP1,C2_WIFI_CARGA_MEDIA,N3
,0.483,0.333,0.18,1.0,,1787593522134.3792,11.3,1.36,9.98,0.35,1787593522134.3792,False,,,5,OP1,C2_WIFI_CARGA_MEDIA,N3
,0.483,0.333,0.181,1.0,,1787593522166.9873,11.335,1.36,9.98,0.35,1787593522166.9873,False,,,5,OP1,C2_WIFI_CARGA_MEDIA,N3
,0.483,0.332,0.182,1.0,,1787593522197.197,11.37,1.36,9.92,0.35,1787593522199.361,False,,,5,OP1,C2_WIFI_CARGA_MEDIA,N3
,0.483,0.332,0.183,1.0,,1787593522231.1147,11.405,1.36,9.92,0.35,1787593522232.1003,False,,,5,OP1,C2_WIFI_CARGA_MEDIA,N3
,0.483,0.33,0.185,1.0,,1787593522269.9375,11.475,1.36,9.8,0.35,1787593522269.9375,False,,,5,OP1,C2_WIFI_CARGA_MEDIA,N3
,0.483,0.33,0.186,1.0,,1787593522297.6565,11.51,1.36,9.8,0.35,1787593522299.9983,False,,,5,OP1,C2_WIFI_CARGA_MEDIA,N3
,0.482,0.33,0.186,1.0,,1787593522337.8047,11.51,1.44,9.8,0.35,1787593522337.8047,False,,,5,OP1,C2_WIFI_CARGA_MEDIA,N3
,0.482,0.33,0.185,1.0,,1787593522368.5308,11.475,1.44,9.8,0.35,1787593522370.7231,False,,,5,OP1,C2_WIFI_CARGA_MEDIA,N3
,0.481,0.331,0.183,1.0,,1787593522409.4795,11.405,1.52,9.86,0.35,1787593522411.1506,False,,,5,OP1,C2_WIFI_CARGA_MEDIA,N3
,0.48,0.332,0.182,1.0,,1787593522442.154,11.37,1.6,9.92,0.35,1787593522442.9314,False,,,5,OP1,C2_WIFI_CARGA_MEDIA,N3
,0.479,0.332,0.18,1.0,,1787593522480.6694,11.3,1.68,9.92,0.35,1787593522480.6694,False,,,5,OP1,C2_WIFI_CARGA_MEDIA,N3
,0.479,0.333,0.179,1.0,,1787593522509.8704,11.265,1.68,9.98,0.35,1787593522509.8704,False,,,5,OP1,C2_WIFI_CARGA_MEDIA,N3
,0.478,0.333,0.177,1.0,,1787593522534.895,11.195,1.76,9.98,0.35,1787593522534.895,False,,,5,OP1,C2_WIFI_CARGA_MEDIA,N3
,0.477,0.333,0.173,1.0,,1787593522572.6042,11.055,1.84,9.98,0.35,1787593522580.5042,False,,,5,OP1,C2_WIFI_CARGA_MEDIA,N3
,0.476,0.333,0.17,1.0,,1787593522614.6042,10.95,1.92,9.98,0.35,1787593522614.6042,False,,,5,OP1,C2_WIFI_CARGA_MEDIA,N3
,0.474,0.334,0.163,1.0,,1787593522660.2983,10.705,2.08,10.04,0.35,1787593522660.2983,False,,,5,OP1,C2_WIFI_CARGA_MEDIA,N3
,0.473,0.335,0.159,1.0,,1787593522684.171,10.565,2.16,10.1,0.35,1787593522684.171,False,,,5,OP1,C2_WIFI_CARGA_MEDIA,N3
,0.472,0.335,0.157,1.0,,1787593522862.0708,10.495,2.24,10.1,0.35,1787593522862.0708,False,,,5,OP1,C2_WIFI_CARGA_MEDIA,N3
,0.473,0.339,0.144,1.0,,1787593522974.3804,10.04,2.16,10.34,0.35,1787593522975.3804,False,,,5,OP1,C2_WIFI_CARGA_MEDIA,N3
,0.481,0.351,0.126,1.0,,1787593523036.678,9.41,1.52,11.06,0.35,1787593523038.6885,False,,,5,OP1,C2_WIFI_CARGA_MEDIA,N3
,0.481,0.351,0.125,1.0,,1787593523066.6672,9.375,1.52,11.06,0.35,1787593523066.6672,False,,,5,OP1,C2_WIFI_CARGA_MEDIA,N3
,0.482,0.352,0.126,1.0,,1787593523104.146,9.41,1.44,11.12,0.35,1787593523104.146,False,,,5,OP1,C2_WIFI_CARGA_MEDIA,N3
,0.483,0.352,0.124,1.0,,1787593523146.5356,9.34,1.36,11.12,0.35,1787593523146.9685,False,,,5,OP1,C2_WIFI_CARGA_MEDIA,N3
,0.483,0.353,0.123,1.0,,1787593523178.5671,9.305,1.36,11.18,0.35,1787593523178.5671,False,,,5,OP1,C2_WIFI_CARGA_MEDIA,N3
,0.485,0.354,0.12,1.0,,1787593523227.5051,9.2,1.2,11.24,0.35,1787593523227.5051,False,,,5,OP1,C2_WIFI_CARGA_MEDIA,N3
,0.486,0.354,0.119,1.0,,1787593523261.534,9.165,1.12,11.24,0.35,1787593523261.534,False,,,5,OP1,C2_WIFI_CARGA_MEDIA,N3
,0.487,0.355,0.118,1.0,,1787593523282.9724,9.13,1.04,11.3,0.35,1787593523282.9724,False,,,5,OP1,C2_WIFI_CARGA_MEDIA,N3
,0.487,0.355,0.117,1.0,,1787593523313.9077,9.095,1.04,11.3,0.35,1787593523318.9773,False,,,5,OP1,C2_WIFI_CARGA_MEDIA,N3
,0.49,0.356,0.114,1.0,,1787593523367.4106,8.99,0.8,11.36,0.35,1787593523368.865,False,,,5,OP1,C2_WIFI_CARGA_MEDIA,N3
,0.491,0.356,0.114,1.0,,1787593523388.2024,8.99,0.72,11.36,0.35,1787593523388.2024,False,,,5,OP1,C2_WIFI_CARGA_MEDIA,N3
,0.492,0.356,0.114,1.0,,1787593523414.4607,8.99,0.64,11.36,0.35,1787593523414.4607,False,,,5,OP1,C2_WIFI_CARGA_MEDIA,N3
,0.492,0.357,0.114,1.0,,1787593523440.639,8.99,0.64,11.42,0.35,1787593523441.6975,False,,,5,OP1,C2_WIFI_CARGA_MEDIA,N3
,0.493,0.357,0.114,1.0,,1787593523483.3628,8.99,0.56,11.42,0.35,1787593523484.363,False,,,5,OP1,C2_WIFI_CARGA_MEDIA,N3
,0.494,0.357,0.114,1.0,,1787593523511.258,8.99,0.48,11.42,0.35,1787593523512.2583,False,,,5,OP1,C2_WIFI_CARGA_MEDIA,N3
,0.495,0.357,0.115,1.0,,1787593523539.648,9.025,0.4,11.42,0.35,1787593523539.648,False,,,5,OP1,C2_WIFI_CARGA_MEDIA,N3
,0.496,0.357,0.116,1.0,,1787593523679.9917,9.06,0.32,11.42,0.35,1787593523679.9917,False,,,5,OP1,C2_WIFI_CARGA_MEDIA,N3
,0.5,0.356,0.123,1.0,,1787593523721.6035,9.305,0.0,11.36,0.35,1787593523721.6035,False,,,5,OP1,C2_WIFI_CARGA_MEDIA,N3
,0.501,0.356,0.124,1.0,,1787593523744.746,9.34,-0.08,11.36,0.35,1787593523746.743,False,,,5,OP1,C2_WIFI_CARGA_MEDIA,N3
,0.501,0.356,0.124,1.0,,1787593523779.3147,9.34,-0.08,11.36,0.35,1787593523780.192,False,,,5,OP1,C2_WIFI_CARGA_MEDIA,N3
,0.502,0.356,0.124,1.0,,1787593523818.0176,9.34,-0.16,11.36,0.35,1787593523818.5356,False,,,5,OP1,C2_WIFI_CARGA_MEDIA,N3
,0.503,0.356,0.124,1.0,,1787593523855.6855,9.34,-0.24,11.36,0.35,1787593523855.6855,False,,,5,OP1,C2_WIFI_CARGA_MEDIA,N3
,0.503,0.355,0.124,1.0,,1787593523889.3145,9.34,-0.24,11.3,0.35,1787593523889.3145,False,,,5,OP1,C2_WIFI_CARGA_MEDIA,N3
,0.503,0.356,0.124,1.0,,1787593523923.397,9.34,-0.24,11.36,0.35,1787593523923.397,False,,,5,OP1,C2_WIFI_CARGA_MEDIA,N3
,0.503,0.356,0.124,1.0,,1787593523955.8496,9.34,-0.24,11.36,0.35,1787593523955.8496,False,,,5,OP1,C2_WIFI_CARGA_MEDIA,N3
,0.504,0.356,0.124,1.0,,1787593523978.6548,9.34,-0.32,11.36,0.35,1787593523979.1697,False,,,5,OP1,C2_WIFI_CARGA_MEDIA,N3
,0.504,0.356,0.124,1.0,,1787593524012.3916,9.34,-0.32,11.36,0.35,1787593524014.3916,False,,,5,OP1,C2_WIFI_CARGA_MEDIA,N3
,0.504,0.356,0.124,1.0,,1787593524056.3638,9.34,-0.32,11.36,0.35,1787593524056.3638,False,,,5,OP1,C2_WIFI_CARGA_MEDIA,N3
,0.504,0.356,0.124,1.0,,1787593524078.5088,9.34,-0.32,11.36,0.35,1787593524080.5215,False,,,5,OP1,C2_WIFI_CARGA_MEDIA,N3
,0.504,0.356,0.125,1.0,,1787593524123.7295,9.375,-0.32,11.36,0.35,1787593524123.7295,False,,,5,OP1,C2_WIFI_CARGA_MEDIA,N3
,0.504,0.356,0.125,1.0,,1787593524151.3137,9.375,-0.32,11.36,0.35,1787593524153.322,False,,,5,OP1,C2_WIFI_CARGA_MEDIA,N3
,0.504,0.356,0.126,1.0,,1787593524178.6943,9.41,-0.32,11.36,0.35,1787593524179.7085,False,,,5,OP1,C2_WIFI_CARGA_MEDIA,N3
,0.504,0.356,0.127,1.0,,1787593524207.5208,9.445,-0.32,11.36,0.35,1787593524207.5208,False,,,5,OP1,C2_WIFI_CARGA_MEDIA,N3
,0.504,0.356,0.128,1.0,,1787593524257.3003,9.48,-0.32,11.36,0.35,1787593524257.3003,False,,,5,OP1,C2_WIFI_CARGA_MEDIA,N3
,0.504,0.356,0.129,1.0,,1787593524280.889,9.515,-0.32,11.36,0.35,1787593524281.9866,False,,,5,OP1,C2_WIFI_CARGA_MEDIA,N3
,0.504,0.355,0.13,1.0,,1787593524317.7876,9.55,-0.32,11.3,0.35,1787593524317.7876,False,,,5,OP1,C2_WIFI_CARGA_MEDIA,N3
,0.505,0.354,0.133,1.0,,1787593524358.0032,9.655,-0.4,11.24,0.35,1787593524358.0032,False,,,5,OP1,C2_WIFI_CARGA_MEDIA,N3
,0.505,0.355,0.134,1.0,,1787593524382.6492,9.69,-0.4,11.3,0.35,1787593524382.6492,False,,,5,OP1,C2_WIFI_CARGA_MEDIA,N3
,0.505,0.354,0.134,1.0,,1787593524424.8042,9.69,-0.4,11.24,0.35,1787593524424.8042,False,,,5,OP1,C2_WIFI_CARGA_MEDIA,N3
,0.506,0.354,0.133,1.0,,1787593524458.2375,9.655,-0.48,11.24,0.35,1787593524458.2375,False,,,5,OP1,C2_WIFI_CARGA_MEDIA,N3
,0.506,0.354,0.132,1.0,,1787593524483.129,9.62,-0.48,11.24,0.35,1787593524484.5825,False,,,5,OP1,C2_WIFI_CARGA_MEDIA,N3
,0.506,0.354,0.132,1.0,,1787593524512.3823,9.62,-0.48,11.24,0.35,1787593524512.3823,False,,,5,OP1,C2_WIFI_CARGA_MEDIA,N3
,0.506,0.354,0.131,1.0,,1787593524558.4082,9.585,-0.48,11.24,0.35,1787593524559.768,False,,,5,OP1,C2_WIFI_CARGA_MEDIA,N3
,0.506,0.354,0.131,1.0,,1787593524597.078,9.585,-0.48,11.24,0.35,1787593524597.078,False,,,5,OP1,C2_WIFI_CARGA_MEDIA,N3
,0.506,0.354,0.132,1.0,,1787593524652.8582,9.62,-0.48,11.24,0.35,1787593524654.37,False,,,5,OP1,C2_WIFI_CARGA_MEDIA,N3
,0.506,0.354,0.133,1.0,,1787593524693.1882,9.655,-0.48,11.24,0.35,1787593524693.1882,False,,,5,OP1,C2_WIFI_CARGA_MEDIA,N3
,0.506,0.354,0.134,1.0,,1787593524718.0117,9.69,-0.48,11.24,0.35,1787593524718.854,False,,,5,OP1,C2_WIFI_CARGA_MEDIA,N3
,0.506,0.354,0.136,1.0,,1787593524762.094,9.76,-0.48,11.24,0.35,1787593524762.094,False,,,5,OP1,C2_WIFI_CARGA_MEDIA,N3
,0.506,0.355,0.135,1.0,,1787593524792.1458,9.725,-0.48,11.3,0.35,1787593524792.6792,False,,,5,OP1,C2_WIFI_CARGA_MEDIA,N3
,0.506,0.355,0.135,1.0,,1787593524817.4712,9.725,-0.48,11.3,0.35,1787593524818.6123,False,,,5,OP1,C2_WIFI_CARGA_MEDIA,N3
,0.506,0.355,0.135,1.0,,1787593524847.088,9.725,-0.48,11.3,0.35,1787593524849.422,False,,,5,OP1,C2_WIFI_CARGA_MEDIA,N3
,0.506,0.354,0.136,1.0,,1787593524896.97,9.76,-0.48,11.24,0.35,1787593524896.97,False,,,5,OP1,C2_WIFI_CARGA_MEDIA,N3
,0.505,0.354,0.137,1.0,,1787593524921.9978,9.795,-0.4,11.24,0.35,1787593524924.01,False,,,5,OP1,C2_WIFI_CARGA_MEDIA,N3
,0.505,0.354,0.137,1.0,,1787593524959.7358,9.795,-0.4,11.24,0.35,1787593524959.7358,False,,,5,OP1,C2_WIFI_CARGA_MEDIA,N3
,0.504,0.354,0.137,1.0,,1787593524996.9575,9.795,-0.32,11.24,0.35,1787593524996.9575,False,,,5,OP1,C2_WIFI_CARGA_MEDIA,N3
,0.504,0.354,0.136,1.0,,1787593525025.0798,9.76,-0.32,11.24,0.35,1787593525025.0798,False,,,5,OP1,C2_WIFI_CARGA_MEDIA,N3
,0.504,0.354,0.137,1.0,,1787593525085.5852,9.795,-0.32,11.24,0.35,1787593525087.5747,False,,,5,OP1,C2_WIFI_CARGA_MEDIA,N3
,0.505,0.354,0.138,1.0,,1787593525119.5776,9.83,-0.4,11.24,0.35,1787593525119.5776,False,,,5,OP1,C2_WIFI_CARGA_MEDIA,N3
,0.504,0.354,0.14,1.0,,1787593525289.0647,9.9,-0.32,11.24,0.35,1787593525289.0647,False,,,5,OP1,C2_WIFI_CARGA_MEDIA,N3
,0.502,0.359,0.168,1.0,,1787593525320.8967,10.88,-0.16,11.54,0.35,1787593525322.9695,False,,,5,OP1,C2_WIFI_CARGA_MEDIA,N3
,0.506,0.369,0.176,1.0,,1787593525341.005,11.16,-0.48,12.14,0.35,1787593525341.005,False,,,5,OP1,C2_WIFI_CARGA_MEDIA,N3
,0.51,0.382,0.18,1.0,,1787593525369.5364,11.3,-0.8,12.92,0.35,1787593525369.5364,False,,,5,OP1,C2_WIFI_CARGA_MEDIA,N3
,0.512,0.397,0.18,1.0,,1787593525389.7874,11.3,-0.96,13.82,0.35,1787593525390.7864,False,,,5,OP1,C2_WIFI_CARGA_MEDIA,N3
,0.515,0.417,0.19,1.0,,1787593525418.6692,11.65,-1.2,15.02,0.35,1787593525418.6692,False,,,5,OP1,C2_WIFI_CARGA_MEDIA,N3
,0.517,0.431,0.198,1.0,,1787593525440.7288,11.93,-1.36,15.86,0.35,1787593525440.7288,False,,,5,OP1,C2_WIFI_CARGA_MEDIA,N3
,0.517,0.441,0.204,1.0,,1787593525489.7146,12.14,-1.36,16.46,0.35,1787593525489.7146,False,,,5,OP1,C2_WIFI_CARGA_MEDIA,N3
,0.513,0.455,0.205,1.0,,1787593525537.077,12.175,-1.04,17.3,0.35,1787593525537.077,False,,,5,OP1,C2_WIFI_CARGA_MEDIA,N3
,0.511,0.461,0.212,1.0,,1787593525567.7302,12.42,-0.88,17.66,0.35,1787593525567.7302,False,,,5,OP1,C2_WIFI_CARGA_MEDIA,N3
,0.51,0.468,0.222,1.0,,1787593525592.0771,12.77,-0.8,18.08,0.35,1787593525594.0742,False,,,5,OP1,C2_WIFI_CARGA_MEDIA,N3
,0.507,0.474,0.223,1.0,,1787593525627.8518,12.805,-0.56,18.44,0.35,1787593525628.852,False,,,5,OP1,C2_WIFI_CARGA_MEDIA,N3
,0.505,0.494,0.231,1.0,,1787593525672.6863,13.085,-0.4,19.64,0.35,1787593525672.6863,False,,,5,OP1,C2_WIFI_CARGA_MEDIA,N3
,0.505,0.512,0.231,1.0,,1787593525737.2058,13.085,-0.4,20.72,0.35,1787593525737.2058,False,,,5,OP1,C2_WIFI_CARGA_MEDIA,N3
,0.505,0.521,0.235,1.0,,1787593525764.826,13.225,-0.4,21.26,0.35,1787593525764.826,False,,,5,OP1,C2_WIFI_CARGA_MEDIA,N3
,0.505,0.529,0.23,1.0,,1787593525792.9983,13.05,-0.4,21.74,0.35,1787593525792.9983,False,,,5,OP1,C2_WIFI_CARGA_MEDIA,N3
,0.506,0.55,0.208,1.0,,1787593525832.6494,12.28,-0.48,23.0,0.35,1787593525832.6494,False,,,5,OP1,C2_WIFI_CARGA_MEDIA,N3
,0.503,0.57,0.181,1.0,,1787593525874.4937,11.335,-0.24,24.2,0.35,1787593525874.4937,False,,,5,OP1,C2_WIFI_CARGA_MEDIA,N3
,0.502,0.58,0.175,1.0,,1787593525894.635,11.125,-0.16,24.8,0.35,1787593525897.152,False,,,5,OP1,C2_WIFI_CARGA_MEDIA,N3
,0.5,0.587,0.169,1.0,,1787593525933.9604,10.915,0.0,25.22,0.35,1787593525933.9604,False,,,5,OP1,C2_WIFI_CARGA_MEDIA,N3
,0.494,0.596,0.163,1.0,,1787593525972.5789,10.705,0.48,25.76,0.35,1787593525972.5789,False,,,5,OP1,C2_WIFI_CARGA_MEDIA,N3
,0.489,0.599,0.156,1.0,,1787593525995.2478,10.46,0.88,25.94,0.35,1787593525995.2478,False,,,5,OP1,C2_WIFI_CARGA_MEDIA,N3
,0.482,0.603,0.14,1.0,,1787593526030.0256,9.9,1.44,26.18,0.35,1787593526033.698,False,,,5,OP1,C2_WIFI_CARGA_MEDIA,N3
,0.477,0.607,0.133,1.0,,1787593526072.1711,9.655,1.84,26.42,0.35,1787593526074.179,False,,,5,OP1,C2_WIFI_CARGA_MEDIA,N3
,0.472,0.611,0.129,1.0,,1787593526101.3938,9.515,2.24,26.66,0.35,1787593526101.3938,False,,,5,OP1,C2_WIFI_CARGA_MEDIA,N3
,0.467,0.617,0.127,1.0,,1787593526126.0186,9.445,2.64,27.02,0.35,1787593526126.0186,False,,,5,OP1,C2_WIFI_CARGA_MEDIA,N3
,0.466,0.62,0.141,1.0,,1787593526308.5652,9.935,2.72,27.2,0.35,1787593526308.5652,False,,,5,OP1,C2_WIFI_CARGA_MEDIA,N3
,0.473,0.642,0.18,1.0,,1787593526331.2932,11.3,2.16,28.52,0.35,1787593526331.9563,False,,,5,OP1,C2_WIFI_CARGA_MEDIA,N3
,0.476,0.644,0.182,1.0,,1787593526373.8926,11.37,1.92,28.64,0.35,1787593526373.8926,False,,,5,OP1,C2_WIFI_CARGA_MEDIA,N3
,0.478,0.646,0.183,1.0,,1787593526406.668,11.405,1.76,28.76,0.35,1787593526406.668,False,,,5,OP1,C2_WIFI_CARGA_MEDIA,N3
,0.482,0.647,0.188,1.0,,1787593526430.9463,11.58,1.44,28.82,0.35,1787593526432.058,False,,,5,OP1,C2_WIFI_CARGA_MEDIA,N3
,0.487,0.649,0.192,1.0,,1787593526462.6912,11.72,1.04,28.94,0.35,1787593526462.6912,False,,,5,OP1,C2_WIFI_CARGA_MEDIA,N3
,0.499,0.649,0.197,1.0,,1787593526508.25,11.895,0.08,28.94,0.35,1787593526508.25,False,,,5,OP1,C2_WIFI_CARGA_MEDIA,N3
,0.504,0.648,0.199,1.0,,1787593526533.209,11.965,-0.32,28.88,0.35,1787593526534.465,False,,,5,OP1,C2_WIFI_CARGA_MEDIA,N3
,0.507,0.647,0.2,1.0,,1787593526575.0825,12.0,-0.56,28.82,0.35,1787593526575.5876,False,,,5,OP1,C2_WIFI_CARGA_MEDIA,N3
,0.511,0.646,0.201,1.0,,1787593526601.637,12.035,-0.88,28.76,0.35,1787593526601.637,False,,,5,OP1,C2_WIFI_CARGA_MEDIA,N3
,0.514,0.646,0.201,1.0,,1787593526731.7156,12.035,-1.12,28.76,0.35,1787593526734.8809,False,,,5,OP1,C2_WIFI_CARGA_MEDIA,N3
,0.524,0.64,0.206,1.0,,1787593526770.8142,12.21,-1.92,28.4,0.35,1787593526770.8142,False,,,5,OP1,C2_WIFI_CARGA_MEDIA,N3
,0.526,0.638,0.204,1.0,,1787593526811.0735,12.14,-2.08,28.28,0.35,1787593526811.0735,False,,,5,OP1,C2_WIFI_CARGA_MEDIA,N3
,0.528,0.637,0.203,1.0,,1787593526837.4363,12.105,-2.24,28.22,0.35,1787593526837.4363,False,,,5,OP1,C2_WIFI_CARGA_MEDIA,N3
,0.53,0.635,0.202,1.0,,1787593526868.0105,12.07,-2.4,28.1,0.35,1787593526884.0293,False,,,5,OP1,C2_WIFI_CARGA_MEDIA,N3
,0.532,0.633,0.198,1.0,,1787593526919.6626,11.93,-2.56,27.98,0.35,1787593526921.6785,False,,,5,OP1,C2_WIFI_CARGA_MEDIA,N3
,0.534,0.632,0.197,1.0,,1787593526965.4995,11.895,-2.72,27.92,0.35,1787593526967.008,False,,,5,OP1,C2_WIFI_CARGA_MEDIA,N3
,0.536,0.632,0.197,1.0,,1787593526991.4426,11.895,-2.88,27.92,0.35,1787593526993.4749,False,,,5,OP1,C2_WIFI_CARGA_MEDIA,N3
,0.538,0.631,0.194,1.0,,1787593527035.0725,11.79,-3.04,27.86,0.35,1787593527035.0725,False,,,5,OP1,C2_WIFI_CARGA_MEDIA,N3
,0.54,0.631,0.192,1.0,,1787593527076.455,11.72,-3.2,27.86,0.35,1787593527077.9255,False,,,5,OP1,C2_WIFI_CARGA_MEDIA,N3
,0.543,0.631,0.189,1.0,,1787593527125.618,11.615,-3.44,27.86,0.35,1787593527125.618,False,,,5,OP1,C2_WIFI_CARGA_MEDIA,N3
,0.545,0.631,0.189,1.0,,1787593527149.4077,11.615,-3.6,27.86,0.35,1787593527149.4077,False,,,5,OP1,C2_WIFI_CARGA_MEDIA,N3
,0.547,0.631,0.189,1.0,,1787593527186.396,11.615,-3.76,27.86,0.35,1787593527187.978,False,,,5,OP1,C2_WIFI_CARGA_MEDIA,N3
,0.55,0.631,0.186,1.0,,1787593527243.2056,11.51,-4.0,27.86,0.35,1787593527244.2969,False,,,5,OP1,C2_WIFI_CARGA_MEDIA,N3
,0.552,0.63,0.187,1.0,,1787593527295.1167,11.545,-4.16,27.8,0.35,1787593527296.6404,False,,,5,OP1,C2_WIFI_CARGA_MEDIA,N3
,0.553,0.629,0.189,1.0,,1787593527345.7988,11.615,-4.24,27.74,0.35,1787593527346.9282,False,,,5,OP1,C2_WIFI_CARGA_MEDIA,N3
,0.553,0.628,0.189,1.0,,1787593527383.3098,11.615,-4.24,27.68,0.35,1787593527383.3098,False,,,5,OP1,C2_WIFI_CARGA_MEDIA,N3
,0.553,0.624,0.193,1.0,,1787593527421.2224,11.755,-4.24,27.44,0.35,1787593527423.7993,False,,,5,OP1,C2_WIFI_CARGA_MEDIA,N3
,0.553,0.623,0.196,1.0,,1787593527444.8003,11.86,-4.24,27.38,0.35,1787593527444.8003,False,,,5,OP1,C2_WIFI_CARGA_MEDIA,N3
,0.554,0.621,0.201,1.0,,1787593527493.3386,12.035,-4.32,27.26,0.35,1787593527493.3386,False,,,5,OP1,C2_WIFI_CARGA_MEDIA,N3
,0.555,0.62,0.209,1.0,,1787593527519.9097,12.315,-4.4,27.2,0.35,1787593527521.9202,False,,,5,OP1,C2_WIFI_CARGA_MEDIA,N3
,0.554,0.619,0.21,1.0,,1787593527548.7107,12.35,-4.32,27.14,0.35,1787593527548.7107,False,,,5,OP1,C2_WIFI_CARGA_MEDIA,N3
,0.554,0.619,0.214,1.0,,1787593527601.266,12.49,-4.32,27.14,0.35,1787593527601.266,False,,,5,OP1,C2_WIFI_CARGA_MEDIA,N3
,0.553,0.618,0.216,1.0,,1787593527633.6562,12.56,-4.24,27.08,0.35,1787593527633.6562,False,,,5,OP1,C2_WIFI_CARGA_MEDIA,N3
,0.552,0.618,0.22,1.0,,1787593527656.4204,12.7,-4.16,27.08,0.35,1787593527658.4438,False,,,5,OP1,C2_WIFI_CARGA_MEDIA,N3
,0.55,0.618,0.231,1.0,,1787593527711.5098,13.085,-4.0,27.08,0.35,1787593527713.5215,False,,,5,OP1,C2_WIFI_CARGA_MEDIA,N3
,0.549,0.617,0.239,1.0,,1787593527741.8867,13.365,-3.92,27.02,0.35,1787593527742.993,False,,,5,OP1,C2_WIFI_CARGA_MEDIA,N3
,0.544,0.616,0.254,1.0,,1787593527790.9924,13.89,-3.52,26.96,0.35,1787593527790.9924,False,,,5,OP1,C2_WIFI_CARGA_MEDIA,N3
,0.542,0.616,0.263,1.0,,1787593527827.6265,14.205,-3.36,26.96,0.35,1787593527829.3655,False,,,5,OP1,C2_WIFI_CARGA_MEDIA,N3
,0.539,0.615,0.277,1.0,,1787593527881.942,14.695,-3.12,26.9,0.35,1787593527881.942,False,,,5,OP1,C2_WIFI_CARGA_MEDIA,N3
,0.534,0.613,0.295,1.0,,1787593527935.9084,15.325,-2.72,26.78,0.35,1787593527939.7073,False,,,5,OP1,C2_WIFI_CARGA_MEDIA,N3
,0.532,0.612,0.299,1.0,,1787593527962.3984,15.465,-2.56,26.72,0.35,1787593527962.3984,False,,,5,OP1,C2_WIFI_CARGA_MEDIA,N3
,0.526,0.61,0.318,1.0,,1787593527998.9492,16.13,-2.08,26.6,0.35,1787593528000.9343,False,,,5,OP1,C2_WIFI_CARGA_MEDIA,N3
,0.524,0.61,0.323,1.0,,1787593528051.729,16.305,-1.92,26.6,0.35,1787593528051.729,False,,,5,OP1,C2_WIFI_CARGA_MEDIA,N3
,0.519,0.608,0.331,1.0,,1787593528099.3567,16.585,-1.52,26.48,0.35,1787593528107.8394,False,,,5,OP1,C2_WIFI_CARGA_MEDIA,N3
,0.515,0.607,0.339,1.0,,1787593528150.898,16.865,-1.2,26.42,0.35,1787593528150.898,False,,,5,OP1,C2_WIFI_CARGA_MEDIA,N3
,0.51,0.608,0.35,1.0,,1787593528210.6057,17.25,-0.8,26.48,0.35,1787593528212.613,False,,,5,OP1,C2_WIFI_CARGA_MEDIA,N3
,0.509,0.608,0.351,1.0,,1787593528244.8274,17.285,-0.72,26.48,0.35,1787593528245.647,False,,,5,OP1,C2_WIFI_CARGA_MEDIA,N3
,0.509,0.607,0.355,1.0,,1787593528294.4272,17.425,-0.72,26.42,0.35,1787593528295.449,False,,,5,OP1,C2_WIFI_CARGA_MEDIA,N3
,0.51,0.607,0.355,1.0,,1787593528357.9773,17.425,-0.8,26.42,0.35,1787593528359.3384,False,,,5,OP1,C2_WIFI_CARGA_MEDIA,N3
,0.51,0.607,0.357,1.0,,1787593528399.8674,17.495,-0.8,26.42,0.35,1787593528399.8674,False,,,5,OP1,C2_WIFI_CARGA_MEDIA,N3
,0.511,0.606,0.358,1.0,,1787593528427.811,17.53,-0.88,26.36,0.35,1787593528427.811,False,,,5,OP1,C2_WIFI_CARGA_MEDIA,N3
,0.511,0.606,0.359,1.0,,1787593528457.73,17.565,-0.88,26.36,0.35,1787593528457.73,False,,,5,OP1,C2_WIFI_CARGA_MEDIA,N3
,0.512,0.606,0.36,1.0,,1787593528495.3486,17.6,-0.96,26.36,0.35,1787593528496.862,False,,,5,OP1,C2_WIFI_CARGA_MEDIA,N3
,0.514,0.605,0.361,1.0,,1787593528550.5037,17.635,-1.12,26.3,0.35,1787593528552.5186,False,,,5,OP1,C2_WIFI_CARGA_MEDIA,N3
,0.514,0.605,0.36,1.0,,1787593528579.666,17.6,-1.12,26.3,0.35,1787593528579.666,False,,,5,OP1,C2_WIFI_CARGA_MEDIA,N3
,0.516,0.603,0.357,1.0,,1787593528618.6174,17.495,-1.28,26.18,0.35,1787593528618.6174,False,,,5,OP1,C2_WIFI_CARGA_MEDIA,N3
,0.516,0.603,0.356,1.0,,1787593528662.9504,17.46,-1.28,26.18,0.35,1787593528663.494,False,,,5,OP1,C2_WIFI_CARGA_MEDIA,N3
,0.517,0.602,0.355,1.0,,1787593528690.837,17.425,-1.36,26.12,0.35,1787593528690.837,False,,,5,OP1,C2_WIFI_CARGA_MEDIA,N3
,0.517,0.602,0.355,1.0,,1787593528718.5662,17.425,-1.36,26.12,0.35,1787593528718.5662,False,,,5,OP1,C2_WIFI_CARGA_MEDIA,N3
,0.517,0.601,0.356,1.0,,1787593528878.8486,17.46,-1.36,26.06,0.35,1787593528879.2524,False,,,5,OP1,C2_WIFI_CARGA_MEDIA,N3
,0.515,0.598,0.367,1.0,,1787593528913.8745,17.845,-1.2,25.88,0.35,1787593528914.7048,False,,,5,OP1,C2_WIFI_CARGA_MEDIA,N3
,0.515,0.596,0.369,1.0,,1787593529080.1729,17.915,-1.2,25.76,0.35,1787593529080.1729,False,,,5,OP1,C2_WIFI_CARGA_MEDIA,N3
,0.518,0.59,0.377,1.0,,1787593529106.4614,18.195,-1.44,25.4,0.35,1787593529106.4614,False,,,5,OP1,C2_WIFI_CARGA_MEDIA,N3
,0.518,0.589,0.379,1.0,,1787593529136.256,18.265,-1.44,25.34,0.35,1787593529139.3313,False,,,5,OP1,C2_WIFI_CARGA_MEDIA,N3
,0.518,0.587,0.382,1.0,,1787593529185.6853,18.37,-1.44,25.22,0.35,1787593529187.6914,False,,,5,OP1,C2_WIFI_CARGA_MEDIA,N3
,0.519,0.586,0.386,1.0,,1787593529216.9922,18.51,-1.52,25.16,0.35,1787593529216.9922,False,,,5,OP1,C2_WIFI_CARGA_MEDIA,N3
,0.52,0.585,0.393,1.0,,1787593529368.2173,18.755,-1.6,25.1,0.35,1787593529368.2173,False,,,5,OP1,C2_WIFI_CARGA_MEDIA,N3
,0.52,0.575,0.423,1.0,,1787593529395.7046,19.805,-1.6,24.5,0.35,1787593529395.7046,False,,,5,OP1,C2_WIFI_CARGA_MEDIA,N3
,0.519,0.574,0.427,1.0,,1787593529428.131,19.945,-1.52,24.44,0.35,1787593529428.131,False,,,5,OP1,C2_WIFI_CARGA_MEDIA,N3
,0.518,0.572,0.431,1.0,,1787593529469.3044,20.085,-1.44,24.32,0.35,1787593529469.3044,False,,,5,OP1,C2_WIFI_CARGA_MEDIA,N3
,0.517,0.571,0.435,1.0,,1787593529489.5842,20.225,-1.36,24.26,0.35,1787593529490.025,False,,,5,OP1,C2_WIFI_CARGA_MEDIA,N3
,0.516,0.568,0.442,1.0,,1787593529526.1658,20.47,-1.28,24.08,0.35,1787593529526.1658,False,,,5,OP1,C2_WIFI_CARGA_MEDIA,N3
,0.515,0.566,0.444,1.0,,1787593529567.078,20.54,-1.2,23.96,0.35,1787593529567.078,False,,,5,OP1,C2_WIFI_CARGA_MEDIA,N3
,0.515,0.565,0.445,1.0,,1787593529588.86,20.575,-1.2,23.9,0.35,1787593529590.966,False,,,5,OP1,C2_WIFI_CARGA_MEDIA,N3
,0.514,0.564,0.445,1.0,,1787593529628.111,20.575,-1.12,23.84,0.35,1787593529628.111,False,,,5,OP1,C2_WIFI_CARGA_MEDIA,N3
,0.515,0.562,0.445,1.0,,1787593529673.5112,20.575,-1.2,23.72,0.35,1787593529673.5112,False,,,5,OP1,C2_WIFI_CARGA_MEDIA,N3
,0.516,0.561,0.444,1.0,,1787593529716.921,20.54,-1.28,23.66,0.35,1787593529722.2268,False,,,5,OP1,C2_WIFI_CARGA_MEDIA,N3
,0.517,0.56,0.444,1.0,,1787593529737.9854,20.54,-1.36,23.6,0.35,1787593529737.9854,False,,,5,OP1,C2_WIFI_CARGA_MEDIA,N3
,0.519,0.56,0.444,1.0,,1787593529770.6768,20.54,-1.52,23.6,0.35,1787593529770.6768,False,,,5,OP1,C2_WIFI_CARGA_MEDIA,N3
,0.52,0.559,0.445,1.0,,1787593529792.2578,20.575,-1.6,23.54,0.35,1787593529792.2578,False,,,5,OP1,C2_WIFI_CARGA_MEDIA,N3
,0.52,0.559,0.444,1.0,,1787593529833.3335,20.54,-1.6,23.54,0.35,1787593529833.3335,False,,,5,OP1,C2_WIFI_CARGA_MEDIA,N3
,0.52,0.558,0.443,1.0,,1787593529861.0125,20.505,-1.6,23.48,0.35,1787593529862.0137,False,,,5,OP1,C2_WIFI_CARGA_MEDIA,N3
,0.52,0.557,0.444,1.0,,1787593529905.646,20.54,-1.6,23.42,0.35,1787593529905.646,False,,,5,OP1,C2_WIFI_CARGA_MEDIA,N3
,0.52,0.557,0.444,1.0,,1787593529931.6558,20.54,-1.6,23.42,0.35,1787593529931.6558,False,,,5,OP1,C2_WIFI_CARGA_MEDIA,N3
,0.52,0.556,0.443,1.0,,1787593529971.9648,20.505,-1.6,23.36,0.35,1787593529971.9648,False,,,5,OP1,C2_WIFI_CARGA_MEDIA,N3
,0.52,0.556,0.443,1.0,,1787593529993.7617,20.505,-1.6,23.36,0.35,1787593529996.9622,False,,,5,OP1,C2_WIFI_CARGA_MEDIA,N3
,0.519,0.556,0.443,1.0,,1787593530027.8132,20.505,-1.52,23.36,0.35,1787593530027.8132,False,,,5,OP1,C2_WIFI_CARGA_MEDIA,N3
,0.518,0.554,0.441,1.0,,1787593530070.408,20.435,-1.44,23.24,0.35,1787593530070.408,False,,,5,OP1,C2_WIFI_CARGA_MEDIA,N3
,0.517,0.554,0.438,1.0,,1787593530093.6,20.33,-1.36,23.24,0.35,1787593530094.7124,False,,,5,OP1,C2_WIFI_CARGA_MEDIA,N3
,0.517,0.553,0.436,1.0,,1787593530130.2075,20.26,-1.36,23.18,0.35,1787593530130.2075,False,,,5,OP1,C2_WIFI_CARGA_MEDIA,N3
,0.516,0.552,0.433,1.0,,1787593530194.016,20.155,-1.28,23.12,0.35,1787593530194.016,False,,,5,OP1,C2_WIFI_CARGA_MEDIA,N3
,0.516,0.55,0.434,1.0,,1787593530238.084,20.19,-1.28,23.0,0.35,1787593530238.084,False,,,5,OP1,C2_WIFI_CARGA_MEDIA,N3
,0.516,0.55,0.435,1.0,,1787593530272.6453,20.225,-1.28,23.0,0.35,1787593530272.6453,False,,,5,OP1,C2_WIFI_CARGA_MEDIA,N3
,0.515,0.55,0.435,1.0,,1787593530294.9636,20.225,-1.2,23.0,0.35,1787593530294.9636,False,,,5,OP1,C2_WIFI_CARGA_MEDIA,N3
,0.515,0.55,0.436,1.0,,1787593530333.7751,20.26,-1.2,23.0,0.35,1787593530333.7751,False,,,5,OP1,C2_WIFI_CARGA_MEDIA,N3
,0.515,0.55,0.436,1.0,,1787593530361.042,20.26,-1.2,23.0,0.35,1787593530361.7651,False,,,5,OP1,C2_WIFI_CARGA_MEDIA,N3
,0.515,0.549,0.439,1.0,,1787593530408.6628,20.365,-1.2,22.94,0.35,1787593530408.6628,False,,,5,OP1,C2_WIFI_CARGA_MEDIA,N3
,0.514,0.549,0.439,1.0,,1787593530432.2354,20.365,-1.12,22.94,0.35,1787593530432.2354,False,,,5,OP1,C2_WIFI_CARGA_MEDIA,N3
,0.514,0.548,0.44,1.0,,1787593530500.5032,20.4,-1.12,22.88,0.35,1787593530500.5032,False,,,5,OP1,C2_WIFI_CARGA_MEDIA,N3
,0.513,0.547,0.441,1.0,,1787593530525.2249,20.435,-1.04,22.82,0.35,1787593530529.2102,False,,,5,OP1,C2_WIFI_CARGA_MEDIA,N3
,0.514,0.546,0.443,1.0,,1787593530566.6816,20.505,-1.12,22.76,0.35,1787593530566.6816,False,,,5,OP1,C2_WIFI_CARGA_MEDIA,N3
,0.514,0.545,0.445,1.0,,1787593530610.7332,20.575,-1.12,22.7,0.35,1787593530610.7332,False,,,5,OP1,C2_WIFI_CARGA_MEDIA,N3
,0.514,0.545,0.445,1.0,,1787593530631.762,20.575,-1.12,22.7,0.35,1787593530632.7769,False,,,5,OP1,C2_WIFI_CARGA_MEDIA,N3
,0.515,0.545,0.446,1.0,,1787593530667.0696,20.61,-1.2,22.7,0.35,1787593530667.0696,False,,,5,OP1,C2_WIFI_CARGA_MEDIA,N3
,0.515,0.544,0.448,1.0,,1787593530707.4702,20.68,-1.2,22.64,0.35,1787593530707.4702,False,,,5,OP1,C2_WIFI_CARGA_MEDIA,N3
,0.516,0.543,0.45,1.0,,1787593530734.165,20.75,-1.28,22.58,0.35,1787593530734.165,False,,,5,OP1,C2_WIFI_CARGA_MEDIA,N3
,0.516,0.542,0.451,1.0,,1787593530771.2893,20.785,-1.28,22.52,0.35,1787593530771.2893,False,,,5,OP1,C2_WIFI_CARGA_MEDIA,N3
,0.517,0.541,0.451,1.0,,1787593530830.7654,20.785,-1.36,22.46,0.35,1787593530833.1724,False,,,5,OP1,C2_WIFI_CARGA_MEDIA,N3
,0.516,0.54,0.45,1.0,,1787593530857.8445,20.75,-1.28,22.4,0.35,1787593530857.8445,False,,,5,OP1,C2_WIFI_CARGA_MEDIA,N3
,0.515,0.538,0.453,1.0,,1787593530912.339,20.855,-1.2,22.28,0.35,1787593530913.1006,False,,,5,OP1,C2_WIFI_CARGA_MEDIA,N3
,0.515,0.537,0.453,1.0,,1787593530945.0508,20.855,-1.2,22.22,0.35,1787593530945.0508,False,,,5,OP1,C2_WIFI_CARGA_MEDIA,N3
,0.515,0.536,0.454,1.0,,1787593530968.0415,20.89,-1.2,22.16,0.35,1787593530970.0518,False,,,5,OP1,C2_WIFI_CARGA_MEDIA,N3
,0.514,0.536,0.456,1.0,,1787593531003.2578,20.96,-1.12,22.16,0.35,1787593531003.2578,False,,,5,OP1,C2_WIFI_CARGA_MEDIA,N3
,0.515,0.534,0.455,1.0,,1787593531045.3665,20.925,-1.2,22.04,0.35,1787593531046.874,False,,,5,OP1,C2_WIFI_CARGA_MEDIA,N3
,0.515,0.534,0.455,1.0,,1787593531068.3767,20.925,-1.2,22.04,0.35,1787593531068.9424,False,,,5,OP1,C2_WIFI_CARGA_MEDIA,N3
,0.515,0.534,0.455,1.0,,1787593531114.3145,20.925,-1.2,22.04,0.35,1787593531115.3782,False,,,5,OP1,C2_WIFI_CARGA_MEDIA,N3
,0.515,0.533,0.454,1.0,,1787593531140.1643,20.89,-1.2,21.98,0.35,1787593531140.1643,False,,,5,OP1,C2_WIFI_CARGA_MEDIA,N3
,0.515,0.533,0.453,1.0,,1787593531178.527,20.855,-1.2,21.98,0.35,1787593531178.527,False,,,5,OP1,C2_WIFI_CARGA_MEDIA,N3
,0.514,0.533,0.454,1.0,,1787593531213.4932,20.89,-1.12,21.98,0.35,1787593531213.4932,False,,,5,OP1,C2_WIFI_CARGA_MEDIA,N3
,0.514,0.533,0.454,1.0,,1787593531249.1182,20.89,-1.12,21.98,0.35,1787593531249.1182,False,,,5,OP1,C2_WIFI_CARGA_MEDIA,N3
,0.513,0.534,0.456,1.0,,1787593531270.6235,20.96,-1.04,22.04,0.35,1787593531270.6235,False,,,5,OP1,C2_WIFI_CARGA_MEDIA,N3
,0.512,0.534,0.457,1.0,,1787593531297.1738,20.995,-0.96,22.04,0.35,1787593531309.193,False,,,5,OP1,C2_WIFI_CARGA_MEDIA,N3
,0.507,0.533,0.47,1.0,,1787593531357.089,21.45,-0.56,21.98,0.35,1787593531357.089,False,,,5,OP1,C2_WIFI_CARGA_MEDIA,N3
,0.505,0.532,0.473,1.0,,1787593531380.4397,21.555,-0.4,21.92,0.35,1787593531381.5386,False,,,5,OP1,C2_WIFI_CARGA_MEDIA,N3
,0.503,0.532,0.476,1.0,,1787593531419.755,21.66,-0.24,21.92,0.35,1787593531419.755,False,,,5,OP1,C2_WIFI_CARGA_MEDIA,N3
,0.499,0.53,0.483,1.0,,1787593531459.5967,21.905,0.08,21.8,0.35,1787593531459.5967,False,,,5,OP1,C2_WIFI_CARGA_MEDIA,N3
,0.498,0.53,0.485,1.0,,1787593531501.5112,21.975,0.16,21.8,0.35,1787593531501.5112,False,,,5,OP1,C2_WIFI_CARGA_MEDIA,N3
,0.498,0.527,0.488,1.0,,1787593531553.5215,22.08,0.16,21.62,0.35,1787593531553.5215,False,,,5,OP1,C2_WIFI_CARGA_MEDIA,N3
,0.5,0.525,0.488,1.0,,1787593531581.7212,22.08,0.0,21.5,0.35,1787593531582.379,False,,,5,OP1,C2_WIFI_CARGA_MEDIA,N3
,0.5,0.524,0.489,1.0,,1787593531613.3486,22.115,0.0,21.44,0.35,1787593531617.6963,False,,,5,OP1,C2_WIFI_CARGA_MEDIA,N3
,0.5,0.523,0.488,1.0,,1787593531771.9614,22.08,0.0,21.38,0.35,1787593531771.9614,False,,,5,OP1,C2_WIFI_CARGA_MEDIA,N3
,0.502,0.51,0.468,1.0,,1787593531822.2332,21.38,-0.16,20.6,0.35,1787593531838.106,False,,,5,OP1,C2_WIFI_CARGA_MEDIA,N3
,0.503,0.507,0.471,1.0,,1787593531888.256,21.485,-0.24,20.42,0.35,1787593531888.256,False,,,5,OP1,C2_WIFI_CARGA_MEDIA,N3
,0.503,0.506,0.474,1.0,,1787593531920.142,21.59,-0.24,20.36,0.35,1787593531921.2502,False,,,5,OP1,C2_WIFI_CARGA_MEDIA,N3
,0.503,0.504,0.477,1.0,,1787593531946.8533,21.695,-0.24,20.24,0.35,1787593531948.8674,False,,,5,OP1,C2_WIFI_CARGA_MEDIA,N3
,0.503,0.502,0.479,1.0,,1787593532095.5378,21.765,-0.24,20.12,0.35,1787593532095.5378,False,,,5,OP1,C2_WIFI_CARGA_MEDIA,N3
,0.509,0.491,0.498,1.0,,1787593532141.7017,22.43,-0.72,19.46,0.35,1787593532141.7017,False,,,5,OP1,C2_WIFI_CARGA_MEDIA,N3
,0.512,0.49,0.499,1.0,,1787593532188.981,22.465,-0.96,19.4,0.35,1787593532188.981,False,,,5,OP1,C2_WIFI_CARGA_MEDIA,N3
,0.513,0.489,0.499,1.0,,1787593532211.2368,22.465,-1.04,19.34,0.35,1787593532211.2368,False,,,5,OP1,C2_WIFI_CARGA_MEDIA,N3
,0.514,0.489,0.498,1.0,,1787593532393.6392,22.43,-1.12,19.34,0.35,1787593532393.6392,False,,,5,OP1,C2_WIFI_CARGA_MEDIA,N3
,0.518,0.484,0.491,1.0,,1787593532417.2373,22.185,-1.44,19.04,0.35,1787593532417.8904,False,,,5,OP1,C2_WIFI_CARGA_MEDIA,N3
,0.519,0.482,0.49,1.0,,1787593532450.4187,22.15,-1.52,18.92,0.35,1787593532450.4187,False,,,5,OP1,C2_WIFI_CARGA_MEDIA,N3
,0.521,0.479,0.491,1.0,,1787593532491.3772,22.185,-1.68,18.74,0.35,1787593532492.5269,False,,,5,OP1,C2_WIFI_CARGA_MEDIA,N3
,0.522,0.478,0.491,1.0,,1787593532525.5715,22.185,-1.76,18.68,0.35,1787593532525.5715,False,,,5,OP1,C2_WIFI_CARGA_MEDIA,N3
,0.524,0.475,0.49,1.0,,1787593532572.094,22.15,-1.92,18.5,0.35,1787593532572.094,False,,,5,OP1,C2_WIFI_CARGA_MEDIA,N3
,0.525,0.475,0.489,1.0,,1787593532594.8755,22.115,-2.0,18.5,0.35,1787593532597.4912,False,,,5,OP1,C2_WIFI_CARGA_MEDIA,N3
,0.525,0.474,0.489,1.0,,1787593532628.0906,22.115,-2.0,18.44,0.35,1787593532628.0906,False,,,5,OP1,C2_WIFI_CARGA_MEDIA,N3
,0.526,0.473,0.49,1.0,,1787593532686.2458,22.15,-2.08,18.38,0.35,1787593532686.2458,False,,,5,OP1,C2_WIFI_CARGA_MEDIA,N3
,0.526,0.472,0.492,1.0,,1787593532719.4,22.22,-2.08,18.32,0.35,1787593532719.4,False,,,5,OP1,C2_WIFI_CARGA_MEDIA,N3
,0.526,0.471,0.494,1.0,,1787593532748.7078,22.29,-2.08,18.26,0.35,1787593532750.8206,False,,,5,OP1,C2_WIFI_CARGA_MEDIA,N3
,0.525,0.467,0.494,1.0,,1787593532784.7063,22.29,-2.0,18.02,0.35,1787593532786.7207,False,,,5,OP1,C2_WIFI_CARGA_MEDIA,N3
,0.523,0.46,0.496,1.0,,1787593532828.538,22.36,-1.84,17.6,0.35,1787593532828.538,False,,,5,OP1,C2_WIFI_CARGA_MEDIA,N3
,0.522,0.457,0.498,1.0,,1787593532849.009,22.43,-1.76,17.42,0.35,1787593532849.009,False,,,5,OP1,C2_WIFI_CARGA_MEDIA,N3
,0.522,0.455,0.499,1.0,,1787593532887.0205,22.465,-1.76,17.3,0.35,1787593532897.2185,False,,,5,OP1,C2_WIFI_CARGA_MEDIA,N3
,0.521,0.453,0.499,1.0,,1787593532951.766,22.465,-1.68,17.18,0.35,1787593532951.766,False,,,5,OP1,C2_WIFI_CARGA_MEDIA,N3
,0.521,0.45,0.5,1.0,,1787593532997.3567,22.5,-1.68,17.0,0.35,1787593532997.3567,False,,,5,OP1,C2_WIFI_CARGA_MEDIA,N3
,0.521,0.449,0.499,1.0,,1787593533031.6074,22.465,-1.68,16.94,0.35,1787593533032.7551,False,,,5,OP1,C2_WIFI_CARGA_MEDIA,N3
,0.52,0.448,0.498,1.0,,1787593533058.546,22.43,-1.6,16.88,0.35,1787593533058.546,False,,,5,OP1,C2_WIFI_CARGA_MEDIA,N3
,0.52,0.447,0.498,1.0,,1787593533089.2249,22.43,-1.6,16.82,0.35,1787593533091.3696,False,,,5,OP1,C2_WIFI_CARGA_MEDIA,N3
,0.52,0.445,0.498,1.0,,1787593533117.8247,22.43,-1.6,16.7,0.35,1787593533117.8247,False,,,5,OP1,C2_WIFI_CARGA_MEDIA,N3
,0.52,0.442,0.496,1.0,,1787593533164.1003,22.36,-1.6,16.52,0.35,1787593533164.1003,False,,,5,OP1,C2_WIFI_CARGA_MEDIA,N3
,0.519,0.439,0.496,1.0,,1787593533228.9636,22.36,-1.52,16.34,0.35,1787593533230.9695,False,,,5,OP1,C2_WIFI_CARGA_MEDIA,N3
,0.517,0.437,0.498,1.0,,1787593533256.3442,22.43,-1.36,16.22,0.35,1787593533256.3442,False,,,5,OP1,C2_WIFI_CARGA_MEDIA,N3
,0.515,0.435,0.501,1.0,,1787593533282.9546,22.535,-1.2,16.1,0.35,1787593533286.3926,False,,,5,OP1,C2_WIFI_CARGA_MEDIA,N3
,0.511,0.43,0.501,1.0,,1787593533323.37,22.535,-0.88,15.8,0.35,1787593533323.37,False,,,5,OP1,C2_WIFI_CARGA_MEDIA,N3
,0.509,0.429,0.503,1.0,,1787593533365.7292,22.605,-0.72,15.74,0.35,1787593533365.7292,False,,,5,OP1,C2_WIFI_CARGA_MEDIA,N3
,0.508,0.429,0.503,1.0,,1787593533487.8474,22.605,-0.64,15.74,0.35,1787593533488.59,False,,,5,OP1,C2_WIFI_CARGA_MEDIA,N3
,0.501,0.419,0.49,1.0,,1787593533530.8835,22.15,-0.08,15.14,0.35,1787593533530.8835,False,,,5,OP1,C2_WIFI_CARGA_MEDIA,N3
,0.499,0.416,0.485,1.0,,1787593533564.2275,21.975,0.08,14.96,0.35,1787593533564.2275,False,,,5,OP1,C2_WIFI_CARGA_MEDIA,N3
,0.496,0.415,0.481,1.0,,1787593533590.9873,21.835,0.32,14.9,0.35,1787593533593.0012,False,,,5,OP1,C2_WIFI_CARGA_MEDIA,N3
,0.494,0.414,0.478,1.0,,1787593533615.5789,21.73,0.48,14.84,0.35,1787593533620.4868,False,,,5,OP1,C2_WIFI_CARGA_MEDIA,N3
,0.492,0.414,0.472,1.0,,1787593533664.4487,21.52,0.64,14.84,0.35,1787593533664.4487,False,,,5,OP1,C2_WIFI_CARGA_MEDIA,N3
,0.491,0.415,0.465,1.0,,1787593533689.339,21.275,0.72,14.9,0.35,1787593533690.7524,False,,,5,OP1,C2_WIFI_CARGA_MEDIA,N3
,0.49,0.417,0.454,1.0,,1787593533725.934,20.89,0.8,15.02,0.35,1787593533725.934,False,,,5,OP1,C2_WIFI_CARGA_MEDIA,N3
,0.487,0.42,0.433,1.0,,1787593533776.381,20.155,1.04,15.2,0.35,1787593533776.381,False,,,5,OP1,C2_WIFI_CARGA_MEDIA,N3
,0.485,0.422,0.4,1.0,,1787593533825.6963,19.0,1.2,15.32,0.35,1787593533825.6963,False,,,5,OP1,C2_WIFI_CARGA_MEDIA,N3
,0.485,0.421,0.38,1.0,,1787593533868.0117,18.3,1.2,15.26,0.35,1787593533868.0117,False,,,5,OP1,C2_WIFI_CARGA_MEDIA,N3
,0.484,0.42,0.365,1.0,,1787593533890.0625,17.775,1.28,15.2,0.35,1787593533891.1665,False,,,5,OP1,C2_WIFI_CARGA_MEDIA,N3
,0.485,0.42,0.355,1.0,,1787593533926.1235,17.425,1.2,15.2,0.35,1787593533926.1235,False,,,5,OP1,C2_WIFI_CARGA_MEDIA,N3
,0.484,0.417,0.333,1.0,,1787593533966.339,16.655,1.28,15.02,0.35,1787593533966.339,False,,,5,OP1,C2_WIFI_CARGA_MEDIA,N3
,0.484,0.417,0.329,1.0,,1787593533990.7124,16.515,1.28,15.02,0.35,1787593533990.7124,False,,,5,OP1,C2_WIFI_CARGA_MEDIA,N3
,0.483,0.416,0.324,1.0,,1787593534030.0525,16.34,1.36,14.96,0.35,1787593534038.1035,False,,,5,OP1,C2_WIFI_CARGA_MEDIA,N3
,0.481,0.419,0.305,1.0,,1787593534091.5918,15.675,1.52,15.14,0.35,1787593534093.5906,False,,,5,OP1,C2_WIFI_CARGA_MEDIA,N3
,0.48,0.426,0.284,1.0,,1787593534141.908,14.94,1.6,15.56,0.35,1787593534141.908,False,,,5,OP1,C2_WIFI_CARGA_MEDIA,N3
,0.482,0.431,0.273,1.0,,1787593534169.8137,14.555,1.44,15.86,0.35,1787593534169.8137,False,,,5,OP1,C2_WIFI_CARGA_MEDIA,N3
,0.484,0.437,0.263,1.0,,1787593534191.8748,14.205,1.28,16.22,0.35,1787593534192.9429,False,,,5,OP1,C2_WIFI_CARGA_MEDIA,N3
,0.483,0.441,0.253,1.0,,1787593534229.1724,13.855,1.36,16.46,0.35,1787593534229.1724,False,,,5,OP1,C2_WIFI_CARGA_MEDIA,N3
,0.484,0.45,0.235,1.0,,1787593534277.28,13.225,1.28,17.0,0.35,1787593534290.4983,False,,,5,OP1,C2_WIFI_CARGA_MEDIA,N3
,0.485,0.454,0.219,1.0,,1787593534340.1985,12.665,1.2,17.24,0.35,1787593534340.1985,False,,,5,OP1,C2_WIFI_CARGA_MEDIA,N3
,0.486,0.455,0.213,1.0,,1787593534369.6167,12.455,1.12,17.3,0.35,1787593534369.6167,False,,,5,OP1,C2_WIFI_CARGA_MEDIA,N3
,0.486,0.456,0.208,1.0,,1787593534393.1038,12.28,1.12,17.36,0.35,1787593534394.1052,False,,,5,OP1,C2_WIFI_CARGA_MEDIA,N3
,0.486,0.456,0.205,1.0,,1787593534426.911,12.175,1.12,17.36,0.35,1787593534428.3562,False,,,5,OP1,C2_WIFI_CARGA_MEDIA,N3
,0.489,0.457,0.197,1.0,,1787593534473.1047,11.895,0.88,17.42,0.35,1787593534473.1047,False,,,5,OP1,C2_WIFI_CARGA_MEDIA,N3
,0.49,0.458,0.192,1.0,,1787593534495.4617,11.72,0.8,17.48,0.35,1787593534496.972,False,,,5,OP1,C2_WIFI_CARGA_MEDIA,N3
,0.491,0.458,0.188,1.0,,1787593534528.3342,11.58,0.72,17.48,0.35,1787593534528.3342,False,,,5,OP1,C2_WIFI_CARGA_MEDIA,N3
,0.491,0.459,0.187,1.0,,1787593534566.19,11.545,0.72,17.54,0.35,1787593534566.19,False,,,5,OP1,C2_WIFI_CARGA_MEDIA,N3
,0.492,0.461,0.182,1.0,,1787593534610.9976,11.37,0.64,17.66,0.35,1787593534612.3572,False,,,5,OP1,C2_WIFI_CARGA_MEDIA,N3
,0.492,0.462,0.18,1.0,,1787593534641.6978,11.3,0.64,17.72,0.35,1787593534642.286,False,,,5,OP1,C2_WIFI_CARGA_MEDIA,N3
,0.491,0.462,0.179,1.0,,1787593534669.8403,11.265,0.72,17.72,0.35,1787593534669.8403,False,,,5,OP1,C2_WIFI_CARGA_MEDIA,N3
,0.491,0.463,0.176,1.0,,1787593534696.6528,11.16,0.72,17.78,0.35,1787593534698.6646,False,,,5,OP1,C2_WIFI_CARGA_MEDIA,N3
,0.491,0.463,0.173,1.0,,1787593534733.1338,11.055,0.72,17.78,0.35,1787593534733.932,False,,,5,OP1,C2_WIFI_CARGA_MEDIA,N3
,0.493,0.464,0.155,1.0,,1787593534774.946,10.425,0.56,17.84,0.35,1787593534774.946,False,,,5,OP1,C2_WIFI_CARGA_MEDIA,N3
,0.494,0.464,0.144,1.0,,1787593534809.0093,10.04,0.48,17.84,0.35,1787593534809.0093,False,,,5,OP1,C2_WIFI_CARGA_MEDIA,N3
,0.495,0.464,0.135,1.0,,1787593534831.3577,9.725,0.4,17.84,0.35,1787593534832.3735,False,,,5,OP1,C2_WIFI_CARGA_MEDIA,N3
,0.496,0.465,0.131,1.0,,1787593534871.492,9.585,0.32,17.9,0.35,1787593534871.492,False,,,5,OP1,C2_WIFI_CARGA_MEDIA,N3
,0.496,0.466,0.123,1.0,,1787593534917.7434,9.305,0.32,17.96,0.35,1787593534929.2285,False,,,5,OP1,C2_WIFI_CARGA_MEDIA,N3
,0.495,0.464,0.117,1.0,,1787593535109.8384,9.095,0.4,17.84,0.35,1787593535109.8384,False,,,5,OP1,C2_WIFI_CARGA_MEDIA,N3
,0.484,0.452,0.09,1.0,,1787593535137.2732,8.15,1.28,17.12,0.35,1787593535138.682,False,,,5,OP1,C2_WIFI_CARGA_MEDIA,N3
,0.483,0.451,0.089,1.0,,1787593535276.2356,8.115,1.36,17.06,0.35,1787593535276.2356,False,,,5,OP1,C2_WIFI_CARGA_MEDIA,N3
,0.49,0.452,0.104,1.0,,1787593535312.163,8.64,0.8,17.12,0.35,1787593535312.163,False,,,5,OP1,C2_WIFI_CARGA_MEDIA,N3
,0.493,0.453,0.109,1.0,,1787593535344.0842,8.815,0.56,17.18,0.35,1787593535344.0842,False,,,5,OP1,C2_WIFI_CARGA_MEDIA,N3
,0.497,0.453,0.111,1.0,,1787593535383.037,8.885,0.24,17.18,0.35,1787593535383.037,False,,,5,OP1,C2_WIFI_CARGA_MEDIA,N3
,0.499,0.453,0.113,1.0,,1787593535413.3235,8.955,0.08,17.18,0.35,1787593535414.2832,False,,,5,OP1,C2_WIFI_CARGA_MEDIA,N3
,0.501,0.451,0.114,1.0,,1787593535465.2058,8.99,-0.08,17.06,0.35,1787593535465.2058,False,,,5,OP1,C2_WIFI_CARGA_MEDIA,N3
,0.502,0.45,0.117,1.0,,1787593535500.5735,9.095,-0.16,17.0,0.35,1787593535500.5735,False,,,5,OP1,C2_WIFI_CARGA_MEDIA,N3
,0.502,0.448,0.118,1.0,,1787593535520.6897,9.13,-0.16,16.88,0.35,1787593535521.7976,False,,,5,OP1,C2_WIFI_CARGA_MEDIA,N3
,0.503,0.447,0.119,1.0,,1787593535567.192,9.165,-0.24,16.82,0.35,1787593535567.192,False,,,5,OP1,C2_WIFI_CARGA_MEDIA,N3
,0.502,0.443,0.124,1.0,,1787593535619.189,9.34,-0.16,16.58,0.35,1787593535619.189,False,,,5,OP1,C2_WIFI_CARGA_MEDIA,N3
,0.502,0.441,0.127,1.0,,1787593535676.094,9.445,-0.16,16.46,0.35,1787593535677.2048,False,,,5,OP1,C2_WIFI_CARGA_MEDIA,N3
,0.502,0.44,0.127,1.0,,1787593535707.885,9.445,-0.16,16.4,0.35,1787593535707.885,False,,,5,OP1,C2_WIFI_CARGA_MEDIA,N3
,0.502,0.439,0.129,1.0,,1787593535728.9185,9.515,-0.16,16.34,0.35,1787593535728.9185,False,,,5,OP1,C2_WIFI_CARGA_MEDIA,N3
,0.503,0.437,0.133,1.0,,1787593535772.225,9.655,-0.24,16.22,0.35,1787593535773.3232,False,,,5,OP1,C2_WIFI_CARGA_MEDIA,N3
,0.503,0.437,0.134,1.0,,1787593535818.007,9.69,-0.24,16.22,0.35,1787593535818.007,False,,,5,OP1,C2_WIFI_CARGA_MEDIA,N3
,0.504,0.436,0.134,1.0,,1787593535844.6694,9.69,-0.32,16.16,0.35,1787593535847.1753,False,,,5,OP1,C2_WIFI_CARGA_MEDIA,N3
,0.505,0.435,0.133,1.0,,1787593535870.7495,9.655,-0.4,16.1,0.35,1787593535870.7495,False,,,5,OP1,C2_WIFI_CARGA_MEDIA,N3
,0.507,0.433,0.134,1.0,,1787593536041.667,9.69,-0.56,15.98,0.35,1787593536042.7622,False,,,5,OP1,C2_WIFI_CARGA_MEDIA,N3
,0.518,0.428,0.13,1.0,,1787593536084.5374,9.55,-1.44,15.68,0.35,1787593536084.5374,False,,,5,OP1,C2_WIFI_CARGA_MEDIA,N3
,0.519,0.428,0.13,1.0,,1787593536117.5588,9.55,-1.52,15.68,0.35,1787593536117.5588,False,,,5,OP1,C2_WIFI_CARGA_MEDIA,N3
,0.521,0.429,0.128,1.0,,1787593536146.7446,9.48,-1.68,15.74,0.35,1787593536146.7446,False,,,5,OP1,C2_WIFI_CARGA_MEDIA,N3
,0.522,0.429,0.126,1.0,,1787593536174.8564,9.41,-1.76,15.74,0.35,1787593536175.8533,False,,,5,OP1,C2_WIFI_CARGA_MEDIA,N3
,0.524,0.429,0.124,1.0,,1787593536209.0654,9.34,-1.92,15.74,0.35,1787593536210.067,False,,,5,OP1,C2_WIFI_CARGA_MEDIA,N3
,0.526,0.429,0.124,1.0,,1787593536249.2656,9.34,-2.08,15.74,0.35,1787593536249.2656,False,,,5,OP1,C2_WIFI_CARGA_MEDIA,N3
,0.527,0.429,0.124,1.0,,1787593536276.0686,9.34,-2.16,15.74,0.35,1787593536276.0686,False,,,5,OP1,C2_WIFI_CARGA_MEDIA,N3
,0.527,0.428,0.124,1.0,,1787593536320.188,9.34,-2.16,15.68,0.35,1787593536320.188,False,,,5,OP1,C2_WIFI_CARGA_MEDIA,N3
,0.527,0.428,0.125,1.0,,1787593536347.1646,9.375,-2.16,15.68,0.35,1787593536347.1646,False,,,5,OP1,C2_WIFI_CARGA_MEDIA,N3
,0.526,0.428,0.126,1.0,,1787593536375.0684,9.41,-2.08,15.68,0.35,1787593536377.0957,False,,,5,OP1,C2_WIFI_CARGA_MEDIA,N3
,0.524,0.426,0.128,1.0,,1787593536416.6753,9.48,-1.92,15.56,0.35,1787593536416.6753,False,,,5,OP1,C2_WIFI_CARGA_MEDIA,N3
,0.522,0.425,0.135,1.0,,1787593536457.1333,9.725,-1.76,15.5,0.35,1787593536457.7974,False,,,5,OP1,C2_WIFI_CARGA_MEDIA,N3
,0.52,0.424,0.146,1.0,,1787593536477.6267,10.11,-1.6,15.44,0.35,1787593536477.6267,False,,,5,OP1,C2_WIFI_CARGA_MEDIA,N3
,0.519,0.423,0.148,1.0,,1787593536514.431,10.18,-1.52,15.38,0.35,1787593536516.521,False,,,5,OP1,C2_WIFI_CARGA_MEDIA,N3
,0.518,0.421,0.152,1.0,,1787593536555.862,10.32,-1.44,15.26,0.35,1787593536555.862,False,,,5,OP1,C2_WIFI_CARGA_MEDIA,N3
,0.518,0.421,0.154,1.0,,1787593536578.4302,10.39,-1.44,15.26,0.35,1787593536579.1863,False,,,5,OP1,C2_WIFI_CARGA_MEDIA,N3
,0.518,0.421,0.154,1.0,,1787593536620.3623,10.39,-1.44,15.26,0.35,1787593536620.3623,False,,,5,OP1,C2_WIFI_CARGA_MEDIA,N3
,0.517,0.422,0.154,1.0,,1787593536653.1035,10.39,-1.36,15.32,0.35,1787593536655.1086,False,,,5,OP1,C2_WIFI_CARGA_MEDIA,N3
,0.517,0.422,0.154,1.0,,1787593536677.8623,10.39,-1.36,15.32,0.35,1787593536677.8623,False,,,5,OP1,C2_WIFI_CARGA_MEDIA,N3
,0.517,0.422,0.157,1.0,,1787593536726.0193,10.495,-1.36,15.32,0.35,1787593536727.0315,False,,,5,OP1,C2_WIFI_CARGA_MEDIA,N3
,0.517,0.422,0.158,1.0,,1787593536752.986,10.53,-1.36,15.32,0.35,1787593536754.1458,False,,,5,OP1,C2_WIFI_CARGA_MEDIA,N3
,0.517,0.422,0.158,1.0,,1787593536775.3745,10.53,-1.36,15.32,0.35,1787593536775.3745,False,,,5,OP1,C2_WIFI_CARGA_MEDIA,N3
,0.517,0.422,0.159,1.0,,1787593536813.744,10.565,-1.36,15.32,0.35,1787593536813.744,False,,,5,OP1,C2_WIFI_CARGA_MEDIA,N3
,0.516,0.422,0.159,1.0,,1787593536873.2854,10.565,-1.28,15.32,0.35,1787593536878.5322,False,,,5,OP1,C2_WIFI_CARGA_MEDIA,N3
,0.515,0.422,0.16,1.0,,1787593536926.88,10.6,-1.2,15.32,0.35,1787593536926.88,False,,,5,OP1,C2_WIFI_CARGA_MEDIA,N3
,0.515,0.422,0.16,1.0,,1787593536957.7732,10.6,-1.2,15.32,0.35,1787593536957.7732,False,,,5,OP1,C2_WIFI_CARGA_MEDIA,N3
,0.514,0.422,0.16,1.0,,1787593536980.5845,10.6,-1.12,15.32,0.35,1787593536981.5527,False,,,5,OP1,C2_WIFI_CARGA_MEDIA,N3
,0.512,0.421,0.161,1.0,,1787593537016.5388,10.635,-0.96,15.26,0.35,1787593537018.5457,False,,,5,OP1,C2_WIFI_CARGA_MEDIA,N3
,0.508,0.42,0.161,1.0,,1787593537058.775,10.635,-0.64,15.2,0.35,1787593537058.775,False,,,5,OP1,C2_WIFI_CARGA_MEDIA,N3
,0.507,0.42,0.16,1.0,,1787593537081.4336,10.6,-0.56,15.2,0.35,1787593537082.4946,False,,,5,OP1,C2_WIFI_CARGA_MEDIA,N3
,0.506,0.419,0.161,1.0,,1787593537126.567,10.635,-0.48,15.14,0.35,1787593537126.567,False,,,5,OP1,C2_WIFI_CARGA_MEDIA,N3
,0.505,0.419,0.161,1.0,,1787593537275.848,10.635,-0.4,15.14,0.35,1787593537277.5874,False,,,5,OP1,C2_WIFI_CARGA_MEDIA,N3
,0.505,0.417,0.16,1.0,,1787593537321.0735,10.6,-0.4,15.02,0.35,1787593537321.0735,False,,,5,OP1,C2_WIFI_CARGA_MEDIA,N3
,0.505,0.417,0.159,1.0,,1787593537349.6511,10.565,-0.4,15.02,0.35,1787593537351.266,False,,,5,OP1,C2_WIFI_CARGA_MEDIA,N3
,0.505,0.417,0.159,1.0,,1787593537502.9148,10.565,-0.4,15.02,0.35,1787593537502.9148,False,,,5,OP1,C2_WIFI_CARGA_MEDIA,N3
,0.505,0.417,0.158,1.0,,1787593537552.6116,10.53,-0.4,15.02,0.35,1787593537552.6116,False,,,5,OP1,C2_WIFI_CARGA_MEDIA,N3
,0.504,0.414,0.163,1.0,,1787593537596.1443,10.705,-0.32,14.84,0.35,1787593537597.1533,False,,,5,OP1,C2_WIFI_CARGA_MEDIA,N3
,0.504,0.414,0.163,1.0,,1787593537626.698,10.705,-0.32,14.84,0.35,1787593537628.7073,False,,,5,OP1,C2_WIFI_CARGA_MEDIA,N3
,0.504,0.414,0.163,1.0,,1787593537652.5576,10.705,-0.32,14.84,0.35,1787593537653.7046,False,,,5,OP1,C2_WIFI_CARGA_MEDIA,N3
,0.503,0.413,0.163,1.0,,1787593537697.183,10.705,-0.24,14.78,0.35,1787593537697.183,False,,,5,OP1,C2_WIFI_CARGA_MEDIA,N3
,0.504,0.412,0.164,1.0,,1787593537732.8342,10.74,-0.32,14.72,0.35,1787593537732.8342,False,,,5,OP1,C2_WIFI_CARGA_MEDIA,N3
,0.504,0.411,0.164,1.0,,1787593537753.8289,10.74,-0.32,14.66,0.35,1787593537755.8213,False,,,5,OP1,C2_WIFI_CARGA_MEDIA,N3
,0.504,0.411,0.165,1.0,,1787593537795.2466,10.775,-0.32,14.66,0.35,1787593537795.2466,False,,,5,OP1,C2_WIFI_CARGA_MEDIA,N3
,0.505,0.41,0.165,1.0,,1787593537823.6606,10.775,-0.4,14.6,0.35,1787593537825.6582,False,,,5,OP1,C2_WIFI_CARGA_MEDIA,N3
,0.505,0.409,0.165,1.0,,1787593537846.8127,10.775,-0.4,14.54,0.35,1787593537846.8127,False,,,5,OP1,C2_WIFI_CARGA_MEDIA,N3
,0.505,0.409,0.165,1.0,,1787593537867.499,10.775,-0.4,14.54,0.35,1787593537867.499,False,,,5,OP1,C2_WIFI_CARGA_MEDIA,N3
,0.505,0.408,0.164,1.0,,1787593537901.3896,10.74,-0.4,14.48,0.35,1787593537901.3896,False,,,5,OP1,C2_WIFI_CARGA_MEDIA,N3
,0.505,0.407,0.163,1.0,,1787593537933.877,10.705,-0.4,14.42,0.35,1787593537933.877,False,,,5,OP1,C2_WIFI_CARGA_MEDIA,N3
,0.506,0.406,0.162,1.0,,1787593537955.9512,10.67,-0.48,14.36,0.35,1787593537957.1863,False,,,5,OP1,C2_WIFI_CARGA_MEDIA,N3
,0.506,0.405,0.163,1.0,,1787593537990.5266,10.705,-0.48,14.3,0.35,1787593537992.516,False,,,5,OP1,C2_WIFI_CARGA_MEDIA,N3
,0.507,0.403,0.164,1.0,,1787593538034.2383,10.74,-0.56,14.18,0.35,1787593538034.2383,False,,,5,OP1,C2_WIFI_CARGA_MEDIA,N3
,0.507,0.402,0.166,1.0,,1787593538056.392,10.81,-0.56,14.12,0.35,1787593538058.39,False,,,5,OP1,C2_WIFI_CARGA_MEDIA,N3
,0.508,0.402,0.168,1.0,,1787593538100.7737,10.88,-0.64,14.12,0.35,1787593538100.7737,False,,,5,OP1,C2_WIFI_CARGA_MEDIA,N3
,0.508,0.401,0.17,1.0,,1787593538128.3503,10.95,-0.64,14.06,0.35,1787593538130.3577,False,,,5,OP1,C2_WIFI_CARGA_MEDIA,N3
,0.508,0.4,0.172,1.0,,1787593538156.9297,11.02,-0.64,14.0,0.35,1787593538157.9253,False,,,5,OP1,C2_WIFI_CARGA_MEDIA,N3
,0.507,0.399,0.175,1.0,,1787593538200.8635,11.125,-0.56,13.94,0.35,1787593538200.8635,False,,,5,OP1,C2_WIFI_CARGA_MEDIA,N3
,0.506,0.399,0.176,1.0,,1787593538231.7998,11.16,-0.48,13.94,0.35,1787593538231.7998,False,,,5,OP1,C2_WIFI_CARGA_MEDIA,N3
,0.506,0.398,0.178,1.0,,1787593538256.0913,11.23,-0.48,13.88,0.35,1787593538258.369,False,,,5,OP1,C2_WIFI_CARGA_MEDIA,N3
,0.507,0.397,0.18,1.0,,1787593538296.9834,11.3,-0.56,13.82,0.35,1787593538297.5554,False,,,5,OP1,C2_WIFI_CARGA_MEDIA,N3
,0.507,0.396,0.182,1.0,,1787593538334.6846,11.37,-0.56,13.76,0.35,1787593538335.6284,False,,,5,OP1,C2_WIFI_CARGA_MEDIA,N3
,0.507,0.396,0.182,1.0,,1787593538369.672,11.37,-0.56,13.76,0.35,1787593538369.672,False,,,5,OP1,C2_WIFI_CARGA_MEDIA,N3
,0.508,0.396,0.181,1.0,,1787593538402.7854,11.335,-0.64,13.76,0.35,1787593538402.7854,False,,,5,OP1,C2_WIFI_CARGA_MEDIA,N3
,0.508,0.396,0.181,1.0,,1787593538434.9,11.335,-0.64,13.76,0.35,1787593538434.9,False,,,5,OP1,C2_WIFI_CARGA_MEDIA,N3
,0.508,0.396,0.182,1.0,,1787593538459.4575,11.37,-0.64,13.76,0.35,1787593538460.572,False,,,5,OP1,C2_WIFI_CARGA_MEDIA,N3
,0.509,0.396,0.182,1.0,,1787593538488.4417,11.37,-0.72,13.76,0.35,1787593538491.998,False,,,5,OP1,C2_WIFI_CARGA_MEDIA,N3
,0.509,0.396,0.183,1.0,,1787593538529.3242,11.405,-0.72,13.76,0.35,1787593538529.3242,False,,,5,OP1,C2_WIFI_CARGA_MEDIA,N3
,0.509,0.396,0.183,1.0,,1787593538560.234,11.405,-0.72,13.76,0.35,1787593538560.234,False,,,5,OP1,C2_WIFI_CARGA_MEDIA,N3
,0.509,0.396,0.184,1.0,,1787593538601.4058,11.44,-0.72,13.76,0.35,1787593538603.4124,False,,,5,OP1,C2_WIFI_CARGA_MEDIA,N3
,0.509,0.396,0.184,1.0,,1787593538630.8552,11.44,-0.72,13.76,0.35,1787593538631.4048,False,,,5,OP1,C2_WIFI_CARGA_MEDIA,N3
,0.509,0.395,0.186,1.0,,1787593538659.8245,11.51,-0.72,13.7,0.35,1787593538662.338,False,,,5,OP1,C2_WIFI_CARGA_MEDIA,N3
,0.509,0.395,0.186,1.0,,1787593538703.5647,11.51,-0.72,13.7,0.35,1787593538703.5647,False,,,5,OP1,C2_WIFI_CARGA_MEDIA,N3
,0.509,0.395,0.185,1.0,,1787593538738.5708,11.475,-0.72,13.7,0.35,1787593538738.5708,False,,,5,OP1,C2_WIFI_CARGA_MEDIA,N3
,0.509,0.395,0.185,1.0,,1787593538762.0276,11.475,-0.72,13.7,0.35,1787593538763.1204,False,,,5,OP1,C2_WIFI_CARGA_MEDIA,N3
,0.509,0.395,0.185,1.0,,1787593538796.8208,11.475,-0.72,13.7,0.35,1787593538798.8335,False,,,5,OP1,C2_WIFI_CARGA_MEDIA,N3
,0.509,0.395,0.188,1.0,,1787593538840.687,11.58,-0.72,13.7,0.35,1787593538840.687,False,,,5,OP1,C2_WIFI_CARGA_MEDIA,N3
,0.509,0.394,0.189,1.0,,1787593538905.7363,11.615,-0.72,13.64,0.35,1787593538907.744,False,,,5,OP1,C2_WIFI_CARGA_MEDIA,N3
,0.509,0.394,0.19,1.0,,1787593538934.502,11.65,-0.72,13.64,0.35,1787593538934.502,False,,,5,OP1,C2_WIFI_CARGA_MEDIA,N3
,0.509,0.393,0.19,1.0,,1787593538962.5188,11.65,-0.72,13.58,0.35,1787593538963.1973,False,,,5,OP1,C2_WIFI_CARGA_MEDIA,N3
,0.509,0.393,0.191,1.0,,1787593538994.2373,11.685,-0.72,13.58,0.35,1787593538994.2373,False,,,5,OP1,C2_WIFI_CARGA_MEDIA,N3
,0.508,0.393,0.19,1.0,,1787593539041.57,11.65,-0.64,13.58,0.35,1787593539041.57,False,,,5,OP1,C2_WIFI_CARGA_MEDIA,N3
,0.508,0.393,0.19,1.0,,1787593539074.5298,11.65,-0.64,13.58,0.35,1787593539074.5298,False,,,5,OP1,C2_WIFI_CARGA_MEDIA,N3
,0.508,0.393,0.19,1.0,,1787593539096.6685,11.65,-0.64,13.58,0.35,1787593539098.6794,False,,,5,OP1,C2_WIFI_CARGA_MEDIA,N3
,0.508,0.392,0.19,1.0,,1787593539132.1355,11.65,-0.64,13.52,0.35,1787593539133.1377,False,,,5,OP1,C2_WIFI_CARGA_MEDIA,N3
,0.507,0.392,0.19,1.0,,1787593539175.4702,11.65,-0.56,13.52,0.35,1787593539175.4702,False,,,5,OP1,C2_WIFI_CARGA_MEDIA,N3
,0.507,0.391,0.191,1.0,,1787593539198.089,11.685,-0.56,13.46,0.35,1787593539199.104,False,,,5,OP1,C2_WIFI_CARGA_MEDIA,N3
,0.507,0.391,0.191,1.0,,1787593539232.87,11.685,-0.56,13.46,0.35,1787593539233.595,False,,,5,OP1,C2_WIFI_CARGA_MEDIA,N3
,0.507,0.39,0.191,1.0,,1787593539270.4226,11.685,-0.56,13.4,0.35,1787593539271.7275,False,,,5,OP1,C2_WIFI_CARGA_MEDIA,N3
,0.508,0.389,0.19,1.0,,1787593539316.7698,11.65,-0.64,13.34,0.35,1787593539316.7698,False,,,5,OP1,C2_WIFI_CARGA_MEDIA,N3
,0.508,0.388,0.188,1.0,,1787593539375.4902,11.58,-0.64,13.28,0.35,1787593539375.4902,False,,,5,OP1,C2_WIFI_CARGA_MEDIA,N3
,0.508,0.387,0.188,1.0,,1787593539409.2808,11.58,-0.64,13.22,0.35,1787593539409.2808,False,,,5,OP1,C2_WIFI_CARGA_MEDIA,N3
,0.507,0.386,0.189,1.0,,1787593539451.386,11.615,-0.56,13.16,0.35,1787593539451.386,False,,,5,OP1,C2_WIFI_CARGA_MEDIA,N3
,0.507,0.386,0.189,1.0,,1787593539479.4822,11.615,-0.56,13.16,0.35,1787593539479.4822,False,,,5,OP1,C2_WIFI_CARGA_MEDIA,N3
,0.507,0.385,0.188,1.0,,1787593539508.697,11.58,-0.56,13.1,0.35,1787593539508.697,False,,,5,OP1,C2_WIFI_CARGA_MEDIA,N3
,0.506,0.385,0.188,1.0,,1787593539547.223,11.58,-0.48,13.1,0.35,1787593539547.9846,False,,,5,OP1,C2_WIFI_CARGA_MEDIA,N3
,0.506,0.384,0.189,1.0,,1787593539568.7856,11.615,-0.48,13.04,0.35,1787593539568.7856,False,,,5,OP1,C2_WIFI_CARGA_MEDIA,N3
,0.506,0.383,0.191,1.0,,1787593539618.1216,11.685,-0.48,12.98,0.35,1787593539620.1147,False,,,5,OP1,C2_WIFI_CARGA_MEDIA,N3
,0.506,0.382,0.191,1.0,,1787593539657.9116,11.685,-0.48,12.92,0.35,1787593539657.9116,False,,,5,OP1,C2_WIFI_CARGA_MEDIA,N3
,0.506,0.382,0.191,1.0,,1787593539685.6353,11.685,-0.48,12.92,0.35,1787593539691.7107,False,,,5,OP1,C2_WIFI_CARGA_MEDIA,N3
,0.506,0.381,0.19,1.0,,1787593539706.8582,11.65,-0.48,12.86,0.35,1787593539707.6477,False,,,5,OP1,C2_WIFI_CARGA_MEDIA,N3
,0.506,0.381,0.19,1.0,,1787593539746.7512,11.65,-0.48,12.86,0.35,1787593539748.7646,False,,,5,OP1,C2_WIFI_CARGA_MEDIA,N3
,0.506,0.38,0.188,1.0,,1787593539802.2317,11.58,-0.48,12.8,0.35,1787593539802.2317,False,,,5,OP1,C2_WIFI_CARGA_MEDIA,N3
,0.506,0.379,0.187,1.0,,1787593539852.9973,11.545,-0.48,12.74,0.35,1787593539852.9973,False,,,5,OP1,C2_WIFI_CARGA_MEDIA,N3
,0.505,0.379,0.186,1.0,,1787593539885.5964,11.51,-0.4,12.74,0.35,1787593539885.5964,False,,,5,OP1,C2_WIFI_CARGA_MEDIA,N3
,0.505,0.379,0.187,1.0,,1787593539939.5266,11.545,-0.4,12.74,0.35,1787593539940.5186,False,,,5,OP1,C2_WIFI_CARGA_MEDIA,N3
,0.505,0.378,0.188,1.0,,1787593539995.8315,11.58,-0.4,12.68,0.35,1787593539995.8315,False,,,5,OP1,C2_WIFI_CARGA_MEDIA,N3
,0.505,0.378,0.187,1.0,,1787593540049.7488,11.545,-0.4,12.68,0.35,1787593540049.7488,False,,,5,OP1,C2_WIFI_CARGA_MEDIA,N3
,0.505,0.378,0.188,1.0,,1787593540077.296,11.58,-0.4,12.68,0.35,1787593540079.483,False,,,5,OP1,C2_WIFI_CARGA_MEDIA,N3
,0.505,0.377,0.188,1.0,,1787593540103.239,11.58,-0.4,12.62,0.35,1787593540103.239,False,,,5,OP1,C2_WIFI_CARGA_MEDIA,N3
,0.503,0.377,0.187,1.0,,1787593540151.691,11.545,-0.24,12.62,0.35,1787593540151.691,False,,,5,OP1,C2_WIFI_CARGA_MEDIA,N3
,0.503,0.377,0.187,1.0,,1787593540189.002,11.545,-0.24,12.62,0.35,1787593540189.002,False,,,5,OP1,C2_WIFI_CARGA_MEDIA,N3
,0.502,0.376,0.188,1.0,,1787593540210.7937,11.58,-0.16,12.56,0.35,1787593540210.7937,False,,,5,OP1,C2_WIFI_CARGA_MEDIA,N3
,0.502,0.376,0.189,1.0,,1787593540233.3428,11.615,-0.16,12.56,0.35,1787593540247.4236,False,,,5,OP1,C2_WIFI_CARGA_MEDIA,N3
,0.501,0.375,0.188,1.0,,1787593540296.864,11.58,-0.08,12.5,0.35,1787593540296.864,False,,,5,OP1,C2_WIFI_CARGA_MEDIA,N3
,0.501,0.376,0.188,1.0,,1787593540356.536,11.58,-0.08,12.56,0.35,1787593540358.545,False,,,5,OP1,C2_WIFI_CARGA_MEDIA,N3
,0.5,0.376,0.189,1.0,,1787593540537.7275,11.615,0.0,12.56,0.35,1787593540543.2722,False,,,5,OP1,C2_WIFI_CARGA_MEDIA,N3
,0.497,0.378,0.192,1.0,,1787593540580.042,11.72,0.24,12.68,0.35,1787593540580.7612,False,,,5,OP1,C2_WIFI_CARGA_MEDIA,N3
,0.495,0.377,0.193,1.0,,1787593540631.1738,11.755,0.4,12.62,0.35,1787593540632.2783,False,,,5,OP1,C2_WIFI_CARGA_MEDIA,N3
,0.494,0.377,0.194,1.0,,1787593540664.5615,11.79,0.48,12.62,0.35,1787593540665.8848,False,,,5,OP1,C2_WIFI_CARGA_MEDIA,N3
,0.493,0.376,0.195,1.0,,1787593540718.3557,11.825,0.56,12.56,0.35,1787593540718.3557,False,,,5,OP1,C2_WIFI_CARGA_MEDIA,N3
,0.493,0.377,0.195,1.0,,1787593540773.1064,11.825,0.56,12.62,0.35,1787593540775.778,False,,,5,OP1,C2_WIFI_CARGA_MEDIA,N3
,0.492,0.377,0.196,1.0,,1787593540829.429,11.86,0.64,12.62,0.35,1787593540831.437,False,,,5,OP1,C2_WIFI_CARGA_MEDIA,N3
,0.491,0.377,0.195,1.0,,1787593540857.6392,11.825,0.72,12.62,0.35,1787593540859.65,False,,,5,OP1,C2_WIFI_CARGA_MEDIA,N3
,0.49,0.377,0.195,1.0,,1787593540887.3394,11.825,0.8,12.62,0.35,1787593540888.3364,False,,,5,OP1,C2_WIFI_CARGA_MEDIA,N3
,0.49,0.377,0.195,1.0,,1787593540936.4187,11.825,0.8,12.62,0.35,1787593540937.835,False,,,5,OP1,C2_WIFI_CARGA_MEDIA,N3
,0.489,0.378,0.195,1.0,,1787593540971.0464,11.825,0.88,12.68,0.35,1787593540972.0686,False,,,5,OP1,C2_WIFI_CARGA_MEDIA,N3
,0.489,0.378,0.194,1.0,,1787593541023.38,11.79,0.88,12.68,0.35,1787593541023.38,False,,,5,OP1,C2_WIFI_CARGA_MEDIA,N3
,0.489,0.378,0.194,1.0,,1787593541045.1687,11.79,0.88,12.68,0.35,1787593541045.1687,False,,,5,OP1,C2_WIFI_CARGA_MEDIA,N3
,0.488,0.379,0.194,1.0,,1787593541066.4644,11.79,0.96,12.74,0.35,1787593541081.634,False,,,5,OP1,C2_WIFI_CARGA_MEDIA,N3
,0.489,0.379,0.195,1.0,,1787593541137.628,11.825,0.88,12.74,0.35,1787593541137.628,False,,,5,OP1,C2_WIFI_CARGA_MEDIA,N3
,0.49,0.38,0.196,1.0,,1787593541181.8547,11.86,0.8,12.8,0.35,1787593541182.4338,False,,,5,OP1,C2_WIFI_CARGA_MEDIA,N3
,0.49,0.38,0.196,1.0,,1787593541203.045,11.86,0.8,12.8,0.35,1787593541203.045,False,,,5,OP1,C2_WIFI_CARGA_MEDIA,N3
,0.49,0.379,0.196,1.0,,1787593541248.87,11.86,0.8,12.74,0.35,1787593541248.87,False,,,5,OP1,C2_WIFI_CARGA_MEDIA,N3
,0.49,0.379,0.195,1.0,,1787593541272.4236,11.825,0.8,12.74,0.35,1787593541272.4236,False,,,5,OP1,C2_WIFI_CARGA_MEDIA,N3
,0.49,0.38,0.194,1.0,,1787593541296.348,11.79,0.8,12.8,0.35,1787593541297.175,False,,,5,OP1,C2_WIFI_CARGA_MEDIA,N3
,0.49,0.38,0.193,1.0,,1787593541334.7034,11.755,0.8,12.8,0.35,1787593541334.7034,False,,,5,OP1,C2_WIFI_CARGA_MEDIA,N3
,0.491,0.38,0.189,1.0,,1787593541388.1074,11.615,0.72,12.8,0.35,1787593541388.1074,False,,,5,OP1,C2_WIFI_CARGA_MEDIA,N3
,0.493,0.38,0.186,1.0,,1787593541436.6667,11.51,0.56,12.8,0.35,1787593541438.6748,False,,,5,OP1,C2_WIFI_CARGA_MEDIA,N3
,0.493,0.38,0.185,1.0,,1787593541461.1665,11.475,0.56,12.8,0.35,1787593541462.3276,False,,,5,OP1,C2_WIFI_CARGA_MEDIA,N3
,0.494,0.381,0.184,1.0,,1787593541490.7588,11.44,0.48,12.86,0.35,1787593541491.621,False,,,5,OP1,C2_WIFI_CARGA_MEDIA,N3
,0.496,0.381,0.181,1.0,,1787593541540.2527,11.335,0.32,12.86,0.35,1787593541541.26,False,,,5,OP1,C2_WIFI_CARGA_MEDIA,N3
,0.496,0.382,0.178,1.0,,1787593541582.3396,11.23,0.32,12.92,0.35,1787593541583.9265,False,,,5,OP1,C2_WIFI_CARGA_MEDIA,N3
,0.499,0.383,0.175,1.0,,1787593541634.3044,11.125,0.08,12.98,0.35,1787593541638.655,False,,,5,OP1,C2_WIFI_CARGA_MEDIA,N3
,0.5,0.383,0.176,1.0,,1787593541691.955,11.16,0.0,12.98,0.35,1787593541691.955,False,,,5,OP1,C2_WIFI_CARGA_MEDIA,N3
,0.501,0.384,0.178,1.0,,1787593541736.163,11.23,-0.08,13.04,0.35,1787593541736.163,False,,,5,OP1,C2_WIFI_CARGA_MEDIA,N3
,0.502,0.384,0.179,1.0,,1787593541769.1917,11.265,-0.16,13.04,0.35,1787593541769.1917,False,,,5,OP1,C2_WIFI_CARGA_MEDIA,N3
,0.502,0.385,0.18,1.0,,1787593541832.759,11.3,-0.16,13.1,0.35,1787593541832.759,False,,,5,OP1,C2_WIFI_CARGA_MEDIA,N3
,0.502,0.385,0.181,1.0,,1787593541857.6858,11.335,-0.16,13.1,0.35,1787593541857.6858,False,,,5,OP1,C2_WIFI_CARGA_MEDIA,N3
,0.502,0.386,0.181,1.0,,1787593541885.423,11.335,-0.16,13.16,0.35,1787593541887.9666,False,,,5,OP1,C2_WIFI_CARGA_MEDIA,N3
,0.502,0.387,0.18,1.0,,1787593541925.2266,11.3,-0.16,13.22,0.35,1787593541925.2266,False,,,5,OP1,C2_WIFI_CARGA_MEDIA,N3
,0.502,0.387,0.18,1.0,,1787593541966.6743,11.3,-0.16,13.22,0.35,1787593541966.6743,False,,,5,OP1,C2_WIFI_CARGA_MEDIA,N3
,0.502,0.387,0.18,1.0,,1787593541987.482,11.3,-0.16,13.22,0.35,1787593541988.4814,False,,,5,OP1,C2_WIFI_CARGA_MEDIA,N3
,0.501,0.387,0.18,1.0,,1787593542027.8242,11.3,-0.08,13.22,0.35,1787593542028.834,False,,,5,OP1,C2_WIFI_CARGA_MEDIA,N3
,0.501,0.387,0.18,1.0,,1787593542072.9822,11.3,-0.08,13.22,0.35,1787593542072.9822,False,,,5,OP1,C2_WIFI_CARGA_MEDIA,N3
,0.501,0.386,0.179,1.0,,1787593542258.667,11.265,-0.08,13.16,0.35,1787593542260.677,False,,,5,OP1,C2_WIFI_CARGA_MEDIA,N3
,0.501,0.386,0.182,1.0,,1787593542290.2373,11.37,-0.08,13.16,0.35,1787593542290.2373,False,,,5,OP1,C2_WIFI_CARGA_MEDIA,N3
,0.501,0.386,0.18,1.0,,1787593542329.4834,11.3,-0.08,13.16,0.35,1787593542329.4834,False,,,5,OP1,C2_WIFI_CARGA_MEDIA,N3
,0.501,0.387,0.18,1.0,,1787593542361.132,11.3,-0.08,13.22,0.35,1787593542363.139,False,,,5,OP1,C2_WIFI_CARGA_MEDIA,N3
,0.5,0.386,0.179,1.0,,1787593542388.6167,11.265,0.0,13.16,0.35,1787593542390.6355,False,,,5,OP1,C2_WIFI_CARGA_MEDIA,N3
,0.5,0.387,0.178,1.0,,1787593542431.8772,11.23,0.0,13.22,0.35,1787593542431.8772,False,,,5,OP1,C2_WIFI_CARGA_MEDIA,N3
,0.499,0.387,0.177,1.0,,1787593542469.0938,11.195,0.08,13.22,0.35,1787593542469.0938,False,,,5,OP1,C2_WIFI_CARGA_MEDIA,N3
,0.499,0.387,0.177,1.0,,1787593542491.8232,11.195,0.08,13.22,0.35,1787593542492.2212,False,,,5,OP1,C2_WIFI_CARGA_MEDIA,N3
,0.498,0.386,0.177,1.0,,1787593542528.0215,11.195,0.16,13.16,0.35,1787593542530.0327,False,,,5,OP1,C2_WIFI_CARGA_MEDIA,N3
,0.498,0.386,0.178,1.0,,1787593542568.318,11.23,0.16,13.16,0.35,1787593542568.7417,False,,,5,OP1,C2_WIFI_CARGA_MEDIA,N3
,0.498,0.385,0.179,1.0,,1787593542600.8052,11.265,0.16,13.1,0.35,1787593542600.8052,False,,,5,OP1,C2_WIFI_CARGA_MEDIA,N3
,0.498,0.385,0.181,1.0,,1787593542770.8716,11.335,0.16,13.1,0.35,1787593542770.8716,False,,,5,OP1,C2_WIFI_CARGA_MEDIA,N3
,0.493,0.384,0.184,1.0,,1787593542793.8103,11.44,0.56,13.04,0.35,1787593542795.802,False,,,5,OP1,C2_WIFI_CARGA_MEDIA,N3
,0.492,0.384,0.184,1.0,,1787593542834.4775,11.44,0.64,13.04,0.35,1787593542834.4775,False,,,5,OP1,C2_WIFI_CARGA_MEDIA,N3
,0.492,0.384,0.185,1.0,,1787593542864.2163,11.475,0.64,13.04,0.35,1787593542864.2163,False,,,5,OP1,C2_WIFI_CARGA_MEDIA,N3
,0.492,0.383,0.186,1.0,,1787593542896.5776,11.51,0.64,12.98,0.35,1787593542897.2886,False,,,5,OP1,C2_WIFI_CARGA_MEDIA,N3
,0.493,0.383,0.186,1.0,,1787593542939.035,11.51,0.56,12.98,0.35,1787593542939.035,False,,,5,OP1,C2_WIFI_CARGA_MEDIA,N3
,0.493,0.383,0.186,1.0,,1787593542972.1738,11.51,0.56,12.98,0.35,1787593542972.1738,False,,,5,OP1,C2_WIFI_CARGA_MEDIA,N3
,0.493,0.383,0.186,1.0,,1787593542995.0227,11.51,0.56,12.98,0.35,1787593542996.795,False,,,5,OP1,C2_WIFI_CARGA_MEDIA,N3
,0.493,0.383,0.187,1.0,,1787593543031.4604,11.545,0.56,12.98,0.35,1787593543031.4604,False,,,5,OP1,C2_WIFI_CARGA_MEDIA,N3
,0.494,0.383,0.186,1.0,,1787593543073.0637,11.51,0.48,12.98,0.35,1787593543073.0637,False,,,5,OP1,C2_WIFI_CARGA_MEDIA,N3
,0.494,0.383,0.185,1.0,,1787593543103.474,11.475,0.48,12.98,0.35,1787593543104.2996,False,,,5,OP1,C2_WIFI_CARGA_MEDIA,N3
,0.494,0.383,0.184,1.0,,1787593543137.9893,11.44,0.48,12.98,0.35,1787593543137.9893,False,,,5,OP1,C2_WIFI_CARGA_MEDIA,N3
,0.494,0.383,0.184,1.0,,1787593543168.736,11.44,0.48,12.98,0.35,1787593543168.736,False,,,5,OP1,C2_WIFI_CARGA_MEDIA,N3
,0.494,0.383,0.184,1.0,,1787593543208.6228,11.44,0.48,12.98,0.35,1787593543208.6228,False,,,5,OP1,C2_WIFI_CARGA_MEDIA,N3
,0.494,0.382,0.185,1.0,,1787593543231.1003,11.475,0.48,12.92,0.35,1787593543231.7793,False,,,5,OP1,C2_WIFI_CARGA_MEDIA,N3
,0.494,0.382,0.185,1.0,,1787593543274.6147,11.475,0.48,12.92,0.35,1787593543274.6147,False,,,5,OP1,C2_WIFI_CARGA_MEDIA,N3
,0.494,0.382,0.185,1.0,,1787593543307.4353,11.475,0.48,12.92,0.35,1787593543307.4353,False,,,5,OP1,C2_WIFI_CARGA_MEDIA,N3
,0.494,0.382,0.185,1.0,,1787593543332.6292,11.475,0.48,12.92,0.35,1787593543334.6382,False,,,5,OP1,C2_WIFI_CARGA_MEDIA,N3
,0.494,0.381,0.185,1.0,,1787593543364.875,11.475,0.48,12.86,0.35,1787593543364.875,False,,,5,OP1,C2_WIFI_CARGA_MEDIA,N3
,0.493,0.381,0.184,1.0,,1787593543408.6355,11.44,0.56,12.86,0.35,1787593543408.6355,False,,,5,OP1,C2_WIFI_CARGA_MEDIA,N3
,0.492,0.382,0.183,1.0,,1787593543432.0654,11.405,0.64,12.92,0.35,1787593543433.0852,False,,,5,OP1,C2_WIFI_CARGA_MEDIA,N3
,0.493,0.382,0.183,1.0,,1787593543457.9568,11.405,0.56,12.92,0.35,1787593543457.9568,False,,,5,OP1,C2_WIFI_CARGA_MEDIA,N3
,0.493,0.382,0.183,1.0,,1787593543498.918,11.405,0.56,12.92,0.35,1787593543500.0403,False,,,5,OP1,C2_WIFI_CARGA_MEDIA,N3
,0.493,0.383,0.181,1.0,,1787593543543.5771,11.335,0.56,12.98,0.35,1787593543543.5771,False,,,5,OP1,C2_WIFI_CARGA_MEDIA,N3
,0.493,0.383,0.181,1.0,,1787593543566.369,11.335,0.56,12.98,0.35,1787593543566.8806,False,,,5,OP1,C2_WIFI_CARGA_MEDIA,N3
,0.493,0.384,0.18,1.0,,1787593543611.559,11.3,0.56,13.04,0.35,1787593543611.559,False,,,5,OP1,C2_WIFI_CARGA_MEDIA,N3
,0.493,0.384,0.18,1.0,,1787593543642.8264,11.3,0.56,13.04,0.35,1787593543643.7878,False,,,5,OP1,C2_WIFI_CARGA_MEDIA,N3
,0.493,0.385,0.179,1.0,,1787593543670.1064,11.265,0.56,13.1,0.35,1787593543672.1167,False,,,5,OP1,C2_WIFI_CARGA_MEDIA,N3
,0.493,0.385,0.179,1.0,,1787593543698.6282,11.265,0.56,13.1,0.35,1787593543698.6282,False,,,5,OP1,C2_WIFI_CARGA_MEDIA,N3
,0.492,0.385,0.18,1.0,,1787593543743.1797,11.3,0.64,13.1,0.35,1787593543743.1797,False,,,5,OP1,C2_WIFI_CARGA_MEDIA,N3
,0.492,0.385,0.181,1.0,,1787593543768.277,11.335,0.64,13.1,0.35,1787593543768.6038,False,,,5,OP1,C2_WIFI_CARGA_MEDIA,N3
,0.492,0.384,0.182,1.0,,1787593543811.55,11.37,0.64,13.04,0.35,1787593543811.55,False,,,5,OP1,C2_WIFI_CARGA_MEDIA,N3
,0.492,0.384,0.183,1.0,,1787593543837.6548,11.405,0.64,13.04,0.35,1787593543837.6548,False,,,5,OP1,C2_WIFI_CARGA_MEDIA,N3
,0.491,0.383,0.184,1.0,,1787593543885.4336,11.44,0.72,12.98,0.35,1787593543885.4336,False,,,5,OP1,C2_WIFI_CARGA_MEDIA,N3
,0.491,0.383,0.184,1.0,,1787593543906.7454,11.44,0.72,12.98,0.35,1787593543906.7454,False,,,5,OP1,C2_WIFI_CARGA_MEDIA,N3
,0.49,0.382,0.184,1.0,,1787593543935.1045,11.44,0.8,12.92,0.35,1787593543935.1045,False,,,5,OP1,C2_WIFI_CARGA_MEDIA,N3
,0.49,0.382,0.184,1.0,,1787593543966.0503,11.44,0.8,12.92,0.35,1787593543967.0974,False,,,5,OP1,C2_WIFI_CARGA_MEDIA,N3
,0.49,0.382,0.184,1.0,,1787593544006.0864,11.44,0.8,12.92,0.35,1787593544006.0864,False,,,5,OP1,C2_WIFI_CARGA_MEDIA,N3
,0.49,0.382,0.186,1.0,,1787593544051.2542,11.51,0.8,12.92,0.35,1787593544051.2542,False,,,5,OP1,C2_WIFI_CARGA_MEDIA,N3
,0.49,0.382,0.187,1.0,,1787593544073.5195,11.545,0.8,12.92,0.35,1787593544073.5195,False,,,5,OP1,C2_WIFI_CARGA_MEDIA,N3
,0.49,0.382,0.187,1.0,,1787593544115.569,11.545,0.8,12.92,0.35,1787593544115.569,False,,,5,OP1,C2_WIFI_CARGA_MEDIA,N3
,0.489,0.382,0.186,1.0,,1787593544143.4102,11.51,0.88,12.92,0.35,1787593544144.4092,False,,,5,OP1,C2_WIFI_CARGA_MEDIA,N3
,0.489,0.382,0.186,1.0,,1787593544172.0288,11.51,0.88,12.92,0.35,1787593544173.0225,False,,,5,OP1,C2_WIFI_CARGA_MEDIA,N3
,0.488,0.381,0.187,1.0,,1787593544215.7866,11.545,0.96,12.86,0.35,1787593544215.7866,False,,,5,OP1,C2_WIFI_CARGA_MEDIA,N3
,0.488,0.381,0.188,1.0,,1787593544252.927,11.58,0.96,12.86,0.35,1787593544252.927,False,,,5,OP1,C2_WIFI_CARGA_MEDIA,N3
,0.488,0.38,0.188,1.0,,1787593544308.0645,11.58,0.96,12.8,0.35,1787593544311.7864,False,,,5,OP1,C2_WIFI_CARGA_MEDIA,N3
,0.487,0.38,0.192,1.0,,1787593544365.6685,11.72,1.04,12.8,0.35,1787593544365.6685,False,,,5,OP1,C2_WIFI_CARGA_MEDIA,N3
,0.486,0.38,0.192,1.0,,1787593544415.7607,11.72,1.12,12.8,0.35,1787593544415.7607,False,,,5,OP1,C2_WIFI_CARGA_MEDIA,N3
,0.486,0.381,0.192,1.0,,1787593544447.0964,11.72,1.12,12.86,0.35,1787593544447.0964,False,,,5,OP1,C2_WIFI_CARGA_MEDIA,N3
,0.486,0.381,0.192,1.0,,1787593544473.0256,11.72,1.12,12.86,0.35,1787593544475.2173,False,,,5,OP1,C2_WIFI_CARGA_MEDIA,N3
,0.485,0.381,0.193,1.0,,1787593544506.0051,11.755,1.2,12.86,0.35,1787593544506.0051,False,,,5,OP1,C2_WIFI_CARGA_MEDIA,N3
,0.485,0.381,0.193,1.0,,1787593544552.8862,11.755,1.2,12.86,0.35,1787593544552.8862,False,,,5,OP1,C2_WIFI_CARGA_MEDIA,N3
,0.485,0.381,0.194,1.0,,1787593544574.2866,11.79,1.2,12.86,0.35,1787593544574.2866,False,,,5,OP1,C2_WIFI_CARGA_MEDIA,N3
,0.485,0.381,0.195,1.0,,1787593544717.7112,11.825,1.2,12.86,0.35,1787593544719.0427,False,,,5,OP1,C2_WIFI_CARGA_MEDIA,N3
,0.484,0.382,0.192,1.0,,1787593544741.912,11.72,1.28,12.92,0.35,1787593544743.1338,False,,,5,OP1,C2_WIFI_CARGA_MEDIA,N3
,0.484,0.382,0.192,1.0,,1787593544783.1638,11.72,1.28,12.92,0.35,1787593544785.172,False,,,5,OP1,C2_WIFI_CARGA_MEDIA,N3
,0.484,0.382,0.192,1.0,,1787593544813.268,11.72,1.28,12.92,0.35,1787593544813.268,False,,,5,OP1,C2_WIFI_CARGA_MEDIA,N3
,0.485,0.382,0.193,1.0,,1787593544846.087,11.755,1.2,12.92,0.35,1787593544847.0972,False,,,5,OP1,C2_WIFI_CARGA_MEDIA,N3
,0.485,0.382,0.192,1.0,,1787593544888.438,11.72,1.2,12.92,0.35,1787593544888.438,False,,,5,OP1,C2_WIFI_CARGA_MEDIA,N3
,0.485,0.382,0.191,1.0,,1787593544921.197,11.685,1.2,12.92,0.35,1787593544921.197,False,,,5,OP1,C2_WIFI_CARGA_MEDIA,N3
,0.485,0.383,0.191,1.0,,1787593544944.57,11.685,1.2,12.98,0.35,1787593544944.57,False,,,5,OP1,C2_WIFI_CARGA_MEDIA,N3
,0.485,0.383,0.191,1.0,,1787593544980.9795,11.685,1.2,12.98,0.35,1787593544982.9893,False,,,5,OP1,C2_WIFI_CARGA_MEDIA,N3
,0.485,0.383,0.191,1.0,,1787593545021.155,11.685,1.2,12.98,0.35,1787593545021.155,False,,,5,OP1,C2_WIFI_CARGA_MEDIA,N3
,0.485,0.383,0.19,1.0,,1787593545044.2754,11.65,1.2,12.98,0.35,1787593545045.2727,False,,,5,OP1,C2_WIFI_CARGA_MEDIA,N3
,0.485,0.383,0.189,1.0,,1787593545088.6875,11.615,1.2,12.98,0.35,1787593545088.6875,False,,,5,OP1,C2_WIFI_CARGA_MEDIA,N3
,0.486,0.383,0.188,1.0,,1787593545118.839,11.58,1.12,12.98,0.35,1787593545118.839,False,,,5,OP1,C2_WIFI_CARGA_MEDIA,N3
,0.486,0.383,0.187,1.0,,1787593545347.225,11.545,1.12,12.98,0.35,1787593545347.225,False,,,5,OP1,C2_WIFI_CARGA_MEDIA,N3
,0.486,0.384,0.184,1.0,,1787593545391.9934,11.44,1.12,13.04,0.35,1787593545391.9934,False,,,5,OP1,C2_WIFI_CARGA_MEDIA,N3
,0.487,0.383,0.185,1.0,,1787593545424.7375,11.475,1.04,12.98,0.35,1787593545424.7375,False,,,5,OP1,C2_WIFI_CARGA_MEDIA,N3
,0.487,0.383,0.185,1.0,,1787593545447.9202,11.475,1.04,12.98,0.35,1787593545448.9238,False,,,5,OP1,C2_WIFI_CARGA_MEDIA,N3
,0.488,0.384,0.183,1.0,,1787593545492.2078,11.405,0.96,13.04,0.35,1787593545492.2078,False,,,5,OP1,C2_WIFI_CARGA_MEDIA,N3
,0.488,0.383,0.183,1.0,,1787593545525.4038,11.405,0.96,12.98,0.35,1787593545525.4038,False,,,5,OP1,C2_WIFI_CARGA_MEDIA,N3
,0.488,0.383,0.184,1.0,,1787593545558.9092,11.44,0.96,12.98,0.35,1787593545558.9092,False,,,5,OP1,C2_WIFI_CARGA_MEDIA,N3
,0.488,0.384,0.184,1.0,,1787593545583.1746,11.44,0.96,13.04,0.35,1787593545584.5735,False,,,5,OP1,C2_WIFI_CARGA_MEDIA,N3
,0.488,0.384,0.184,1.0,,1787593545619.1228,11.44,0.96,13.04,0.35,1787593545621.1335,False,,,5,OP1,C2_WIFI_CARGA_MEDIA,N3
,0.49,0.383,0.184,1.0,,1787593545663.1323,11.44,0.8,12.98,0.35,1787593545663.1323,False,,,5,OP1,C2_WIFI_CARGA_MEDIA,N3
,0.49,0.384,0.183,1.0,,1787593545683.736,11.405,0.8,13.04,0.35,1787593545683.736,False,,,5,OP1,C2_WIFI_CARGA_MEDIA,N3
,0.491,0.384,0.182,1.0,,1787593545726.5857,11.37,0.72,13.04,0.35,1787593545726.5857,False,,,5,OP1,C2_WIFI_CARGA_MEDIA,N3
,0.491,0.384,0.181,1.0,,1787593545759.3564,11.335,0.72,13.04,0.35,1787593545759.3564,False,,,5,OP1,C2_WIFI_CARGA_MEDIA,N3
,0.491,0.384,0.18,1.0,,1787593545783.4492,11.3,0.72,13.04,0.35,1787593545785.6458,False,,,5,OP1,C2_WIFI_CARGA_MEDIA,N3
,0.491,0.384,0.179,1.0,,1787593545816.576,11.265,0.72,13.04,0.35,1787593545817.6394,False,,,5,OP1,C2_WIFI_CARGA_MEDIA,N3
,0.491,0.384,0.178,1.0,,1787593545862.5393,11.23,0.72,13.04,0.35,1787593545862.5393,False,,,5,OP1,C2_WIFI_CARGA_MEDIA,N3
,0.491,0.385,0.178,1.0,,1787593545885.339,11.23,0.72,13.1,0.35,1787593545886.4397,False,,,5,OP1,C2_WIFI_CARGA_MEDIA,N3
,0.491,0.385,0.178,1.0,,1787593545918.4768,11.23,0.72,13.1,0.35,1787593545918.4768,False,,,5,OP1,C2_WIFI_CARGA_MEDIA,N3
,0.491,0.385,0.179,1.0,,1787593545955.1333,11.265,0.72,13.1,0.35,1787593545955.1333,False,,,5,OP1,C2_WIFI_CARGA_MEDIA,N3
,0.492,0.385,0.178,1.0,,1787593545997.5803,11.23,0.64,13.1,0.35,1787593545997.5803,False,,,5,OP1,C2_WIFI_CARGA_MEDIA,N3
,0.492,0.385,0.179,1.0,,1787593546019.1292,11.265,0.64,13.1,0.35,1787593546020.1245,False,,,5,OP1,C2_WIFI_CARGA_MEDIA,N3
,0.493,0.385,0.178,1.0,,1787593546062.5498,11.23,0.56,13.1,0.35,1787593546062.5498,False,,,5,OP1,C2_WIFI_CARGA_MEDIA,N3
,0.493,0.385,0.178,1.0,,1787593546092.018,11.23,0.56,13.1,0.35,1787593546094.7715,False,,,5,OP1,C2_WIFI_CARGA_MEDIA,N3
,0.492,0.385,0.177,1.0,,1787593546119.879,11.195,0.64,13.1,0.35,1787593546120.4036,False,,,5,OP1,C2_WIFI_CARGA_MEDIA,N3
,0.492,0.385,0.176,1.0,,1787593546147.3416,11.16,0.64,13.1,0.35,1787593546150.5703,False,,,5,OP1,C2_WIFI_CARGA_MEDIA,N3
,0.492,0.385,0.175,1.0,,1787593546199.102,11.125,0.64,13.1,0.35,1787593546199.102,False,,,5,OP1,C2_WIFI_CARGA_MEDIA,N3
,0.491,0.384,0.177,1.0,,1787593546221.167,11.195,0.72,13.04,0.35,1787593546221.167,False,,,5,OP1,C2_WIFI_CARGA_MEDIA,N3
,0.491,0.384,0.178,1.0,,1787593546260.0305,11.23,0.72,13.04,0.35,1787593546261.0293,False,,,5,OP1,C2_WIFI_CARGA_MEDIA,N3
,0.491,0.384,0.179,1.0,,1787593546288.1077,11.265,0.72,13.04,0.35,1787593546288.1077,False,,,5,OP1,C2_WIFI_CARGA_MEDIA,N3
,0.491,0.384,0.18,1.0,,1787593546455.9258,11.3,0.72,13.04,0.35,1787593546457.2727,False,,,5,OP1,C2_WIFI_CARGA_MEDIA,N3
,0.494,0.39,0.18,1.0,,1787593546497.2332,11.3,0.48,13.4,0.35,1787593546497.2332,False,,,5,OP1,C2_WIFI_CARGA_MEDIA,N3
,0.496,0.393,0.179,1.0,,1787593546522.6587,11.265,0.32,13.58,0.35,1787593546523.6582,False,,,5,OP1,C2_WIFI_CARGA_MEDIA,N3
,0.498,0.397,0.179,1.0,,1787593546565.1956,11.265,0.16,13.82,0.35,1787593546565.1956,False,,,5,OP1,C2_WIFI_CARGA_MEDIA,N3
,0.501,0.4,0.178,1.0,,1787593546593.8235,11.23,-0.08,14.0,0.35,1787593546595.834,False,,,5,OP1,C2_WIFI_CARGA_MEDIA,N3
,0.502,0.402,0.18,1.0,,1787593546618.4531,11.3,-0.16,14.12,0.35,1787593546622.5566,False,,,5,OP1,C2_WIFI_CARGA_MEDIA,N3
,0.503,0.403,0.18,1.0,,1787593546647.204,11.3,-0.24,14.18,0.35,1787593546647.204,False,,,5,OP1,C2_WIFI_CARGA_MEDIA,N3
,0.503,0.403,0.18,1.0,,1787593546696.7026,11.3,-0.24,14.18,0.35,1787593546696.7026,False,,,5,OP1,C2_WIFI_CARGA_MEDIA,N3
,0.503,0.403,0.181,1.0,,1787593546725.6245,11.335,-0.24,14.18,0.35,1787593546726.024,False,,,5,OP1,C2_WIFI_CARGA_MEDIA,N3
,0.503,0.403,0.182,1.0,,1787593546762.388,11.37,-0.24,14.18,0.35,1787593546762.388,False,,,5,OP1,C2_WIFI_CARGA_MEDIA,N3
,0.504,0.404,0.18,1.0,,1787593546804.663,11.3,-0.32,14.24,0.35,1787593546804.663,False,,,5,OP1,C2_WIFI_CARGA_MEDIA,N3
,0.505,0.405,0.18,1.0,,1787593546838.45,11.3,-0.4,14.3,0.35,1787593546839.0205,False,,,5,OP1,C2_WIFI_CARGA_MEDIA,N3
,0.506,0.406,0.174,1.0,,1787593546868.8955,11.09,-0.48,14.36,0.35,1787593546868.8955,False,,,5,OP1,C2_WIFI_CARGA_MEDIA,N3
,0.508,0.407,0.167,1.0,,1787593546896.8015,10.845,-0.64,14.42,0.35,1787593546896.8015,False,,,5,OP1,C2_WIFI_CARGA_MEDIA,N3
,0.51,0.407,0.158,1.0,,1787593546948.3745,10.53,-0.8,14.42,0.35,1787593546957.9883,False,,,5,OP1,C2_WIFI_CARGA_MEDIA,N3
,0.514,0.406,0.152,1.0,,1787593547005.7144,10.32,-1.12,14.36,0.35,1787593547005.7144,False,,,5,OP1,C2_WIFI_CARGA_MEDIA,N3
,0.516,0.405,0.148,1.0,,1787593547029.6506,10.18,-1.28,14.3,0.35,1787593547029.6506,False,,,5,OP1,C2_WIFI_CARGA_MEDIA,N3
,0.518,0.404,0.145,1.0,,1787593547068.2854,10.075,-1.44,14.24,0.35,1787593547068.2854,False,,,5,OP1,C2_WIFI_CARGA_MEDIA,N3
,0.52,0.403,0.139,1.0,,1787593547097.1438,9.865,-1.6,14.18,0.35,1787593547097.1438,False,,,5,OP1,C2_WIFI_CARGA_MEDIA,N3
,0.523,0.402,0.131,1.0,,1787593547239.2126,9.585,-1.84,14.12,0.35,1787593547239.2126,False,,,5,OP1,C2_WIFI_CARGA_MEDIA,N3
,0.525,0.403,0.132,1.0,,1787593547261.7195,9.62,-2.0,14.18,0.35,1787593547262.7188,False,,,5,OP1,C2_WIFI_CARGA_MEDIA,N3
,0.524,0.403,0.139,1.0,,1787593547305.9397,9.865,-1.92,14.18,0.35,1787593547305.9397,False,,,5,OP1,C2_WIFI_CARGA_MEDIA,N3
,0.524,0.404,0.142,1.0,,1787593547330.8992,9.97,-1.92,14.24,0.35,1787593547331.8958,False,,,5,OP1,C2_WIFI_CARGA_MEDIA,N3
,0.523,0.404,0.144,1.0,,1787593547371.933,10.04,-1.84,14.24,0.35,1787593547371.933,False,,,5,OP1,C2_WIFI_CARGA_MEDIA,N3
,0.521,0.405,0.147,1.0,,1787593547400.1506,10.145,-1.68,14.3,0.35,1787593547402.1628,False,,,5,OP1,C2_WIFI_CARGA_MEDIA,N3
,0.519,0.406,0.151,1.0,,1787593547447.3467,10.285,-1.52,14.36,0.35,1787593547447.3467,False,,,5,OP1,C2_WIFI_CARGA_MEDIA,N3
,0.518,0.406,0.153,1.0,,1787593547511.963,10.355,-1.44,14.36,0.35,1787593547511.963,False,,,5,OP1,C2_WIFI_CARGA_MEDIA,N3
,0.517,0.405,0.155,1.0,,1787593547536.438,10.425,-1.36,14.3,0.35,1787593547536.438,False,,,5,OP1,C2_WIFI_CARGA_MEDIA,N3
,0.517,0.405,0.158,1.0,,1787593547565.4463,10.53,-1.36,14.3,0.35,1787593547565.4463,False,,,5,OP1,C2_WIFI_CARGA_MEDIA,N3
,0.516,0.404,0.159,1.0,,1787593547766.9902,10.565,-1.28,14.24,0.35,1787593547767.512,False,,,5,OP1,C2_WIFI_CARGA_MEDIA,N3
,0.511,0.395,0.181,1.0,,1787593547811.8276,11.335,-0.88,13.7,0.35,1787593547811.8276,False,,,5,OP1,C2_WIFI_CARGA_MEDIA,N3
,0.511,0.395,0.183,1.0,,1787593547984.4817,11.405,-0.88,13.7,0.35,1787593547984.4817,False,,,5,OP1,C2_WIFI_CARGA_MEDIA,N3
,0.509,0.397,0.181,1.0,,1787593548154.975,11.335,-0.72,13.82,0.35,1787593548155.97,False,,,5,OP1,C2_WIFI_CARGA_MEDIA,N3
,0.506,0.397,0.181,1.0,,1787593548203.2769,11.335,-0.48,13.82,0.35,1787593548203.2769,False,,,5,OP1,C2_WIFI_CARGA_MEDIA,N3
,0.506,0.397,0.183,1.0,,1787593548237.208,11.405,-0.48,13.82,0.35,1787593548237.208,False,,,5,OP1,C2_WIFI_CARGA_MEDIA,N3
,0.505,0.396,0.184,1.0,,1787593548278.8162,11.44,-0.4,13.76,0.35,1787593548278.8162,False,,,5,OP1,C2_WIFI_CARGA_MEDIA,N3
,0.505,0.396,0.186,1.0,,1787593548487.1477,11.51,-0.4,13.76,0.35,1787593548487.1477,False,,,5,OP1,C2_WIFI_CARGA_MEDIA,N3
,0.503,0.394,0.188,1.0,,1787593548533.1367,11.58,-0.24,13.64,0.35,1787593548534.1392,False,,,5,OP1,C2_WIFI_CARGA_MEDIA,N3
,0.503,0.394,0.186,1.0,,1787593548571.4463,11.51,-0.24,13.64,0.35,1787593548571.4463,False,,,5,OP1,C2_WIFI_CARGA_MEDIA,N3
,0.503,0.393,0.186,1.0,,1787593548627.0828,11.51,-0.24,13.58,0.35,1787593548627.0828,False,,,5,OP1,C2_WIFI_CARGA_MEDIA,N3
,0.502,0.392,0.188,1.0,,1787593548792.3047,11.58,-0.16,13.52,0.35,1787593548793.397,False,,,5,OP1,C2_WIFI_CARGA_MEDIA,N3
,0.5,0.39,0.203,1.0,,1787593548975.0918,12.105,0.0,13.4,0.35,1787593548975.0918,False,,,5,OP1,C2_WIFI_CARGA_MEDIA,N3
,0.498,0.394,0.209,1.0,,1787593549015.713,12.315,0.16,13.64,0.35,1787593549017.722,False,,,5,OP1,C2_WIFI_CARGA_MEDIA,N3
,0.498,0.395,0.209,1.0,,1787593549044.4146,12.315,0.16,13.7,0.35,1787593549044.4146,False,,,5,OP1,C2_WIFI_CARGA_MEDIA,N3
,0.498,0.396,0.213,1.0,,1787593549078.4846,12.455,0.16,13.76,0.35,1787593549079.574,False,,,5,OP1,C2_WIFI_CARGA_MEDIA,N3
,0.498,0.396,0.214,1.0,,1787593549121.742,12.49,0.16,13.76,0.35,1787593549121.742,False,,,5,OP1,C2_WIFI_CARGA_MEDIA,N3
,0.498,0.396,0.217,1.0,,1787593549156.5227,12.595,0.16,13.76,0.35,1787593549156.5227,False,,,5,OP1,C2_WIFI_CARGA_MEDIA,N3
,0.499,0.396,0.22,1.0,,1787593549182.243,12.7,0.08,13.76,0.35,1787593549182.8445,False,,,5,OP1,C2_WIFI_CARGA_MEDIA,N3
,0.499,0.396,0.222,1.0,,1787593549208.7642,12.77,0.08,13.76,0.35,1787593549213.9817,False,,,5,OP1,C2_WIFI_CARGA_MEDIA,N3
,0.498,0.396,0.224,1.0,,1787593549262.4478,12.84,0.16,13.76,0.35,1787593549262.4478,False,,,5,OP1,C2_WIFI_CARGA_MEDIA,N3
,0.497,0.396,0.225,1.0,,1787593549294.863,12.875,0.24,13.76,0.35,1787593549296.869,False,,,5,OP1,C2_WIFI_CARGA_MEDIA,N3
,0.496,0.396,0.225,1.0,,1787593549318.5835,12.875,0.32,13.76,0.35,1787593549318.5835,False,,,5,OP1,C2_WIFI_CARGA_MEDIA,N3
,0.495,0.397,0.227,1.0,,1787593549346.881,12.945,0.4,13.82,0.35,1787593549354.6714,False,,,5,OP1,C2_WIFI_CARGA_MEDIA,N3
,0.494,0.397,0.228,1.0,,1787593549491.4282,12.98,0.48,13.82,0.35,1787593549491.4282,False,,,5,OP1,C2_WIFI_CARGA_MEDIA,N3
,0.491,0.394,0.238,1.0,,1787593549543.732,13.33,0.72,13.64,0.35,1787593549543.732,False,,,5,OP1,C2_WIFI_CARGA_MEDIA,N3
,0.491,0.394,0.242,1.0,,1787593549585.1345,13.47,0.72,13.64,0.35,1787593549591.39,False,,,5,OP1,C2_WIFI_CARGA_MEDIA,N3
,0.492,0.394,0.242,1.0,,1787593549630.81,13.47,0.64,13.64,0.35,1787593549631.85,False,,,5,OP1,C2_WIFI_CARGA_MEDIA,N3
,0.493,0.393,0.243,1.0,,1787593549686.5537,13.505,0.56,13.58,0.35,1787593549686.5537,False,,,5,OP1,C2_WIFI_CARGA_MEDIA,N3
,0.494,0.393,0.246,1.0,,1787593549740.9165,13.61,0.48,13.58,0.35,1787593549742.927,False,,,5,OP1,C2_WIFI_CARGA_MEDIA,N3
,0.494,0.393,0.248,1.0,,1787593549785.813,13.68,0.48,13.58,0.35,1787593549787.4768,False,,,5,OP1,C2_WIFI_CARGA_MEDIA,N3
,0.494,0.392,0.25,1.0,,1787593549824.1406,13.75,0.48,13.52,0.35,1787593549825.109,False,,,5,OP1,C2_WIFI_CARGA_MEDIA,N3
,0.489,0.391,0.259,1.0,,1787593549879.7922,14.065,0.88,13.46,0.35,1787593549879.7922,False,,,5,OP1,C2_WIFI_CARGA_MEDIA,N3
,0.481,0.388,0.28,1.0,,1787593549929.0615,14.8,1.52,13.28,0.35,1787593549929.0615,False,,,5,OP1,C2_WIFI_CARGA_MEDIA,N3
,0.474,0.386,0.297,1.0,,1787593549950.1206,15.395,2.08,13.16,0.35,1787593549950.1206,False,,,5,OP1,C2_WIFI_CARGA_MEDIA,N3
,0.467,0.381,0.32,1.0,,1787593549991.7476,16.2,2.64,12.86,0.35,1787593549992.7476,False,,,5,OP1,C2_WIFI_CARGA_MEDIA,N3
,0.459,0.378,0.342,1.0,,1787593550019.494,16.97,3.28,12.68,0.35,1787593550019.494,False,,,5,OP1,C2_WIFI_CARGA_MEDIA,N3
,0.44,0.375,0.384,1.0,,1787593550063.4026,18.44,4.8,12.5,0.35,1787593550065.411,False,,,5,OP1,C2_WIFI_CARGA_MEDIA,N3
,0.428,0.38,0.405,1.0,,1787593550084.7612,19.175,5.76,12.8,0.35,1787593550085.8206,False,,,5,OP1,C2_WIFI_CARGA_MEDIA,N3
,0.417,0.383,0.423,1.0,,1787593550113.1116,19.805,6.64,12.98,0.35,1787593550116.3682,False,,,5,OP1,C2_WIFI_CARGA_MEDIA,N3
,0.413,0.386,0.431,1.0,,1787593550137.282,20.085,6.96,13.16,0.35,1787593550137.282,False,,,5,OP1,C2_WIFI_CARGA_MEDIA,N3
,0.407,0.394,0.443,1.0,,1787593550184.4187,20.505,7.44,13.64,0.35,1787593550186.434,False,,,5,OP1,C2_WIFI_CARGA_MEDIA,N3
,0.386,0.411,0.506,1.0,,1787593550235.338,22.71,9.12,14.66,0.35,1787593550235.338,False,,,5,OP1,C2_WIFI_CARGA_MEDIA,N3
,0.372,0.419,0.538,1.0,,1787593550265.139,23.83,10.24,15.14,0.35,1787593550265.139,False,,,5,OP1,C2_WIFI_CARGA_MEDIA,N3
,0.361,0.427,0.569,1.0,,1787593550285.2405,24.915,11.12,15.62,0.35,1787593550285.2405,False,,,5,OP1,C2_WIFI_CARGA_MEDIA,N3
,0.352,0.434,0.6,1.0,,1787593550322.6309,26.0,11.84,16.04,0.35,1787593550322.6309,False,,,5,OP1,C2_WIFI_CARGA_MEDIA,N3
,0.337,0.439,0.63,1.0,,1787593550372.8645,27.05,13.04,16.34,0.35,1787593550372.8645,False,,,5,OP1,C2_WIFI_CARGA_MEDIA,N3
,0.323,0.434,0.663,1.0,,1787593550424.2405,28.205,14.16,16.04,0.35,1787593550424.2405,False,,,5,OP1,C2_WIFI_CARGA_MEDIA,N3
,0.314,0.429,0.675,1.0,,1787593550464.2373,28.625,14.88,15.74,0.35,1787593550464.2373,False,,,5,OP1,C2_WIFI_CARGA_MEDIA,N3
,0.305,0.423,0.691,1.0,,1787593550487.615,29.185,15.6,15.38,0.35,1787593550488.731,False,,,5,OP1,C2_WIFI_CARGA_MEDIA,N3
,0.295,0.417,0.711,1.0,,1787593550520.93,29.885,16.4,15.02,0.35,1787593550521.9292,False,,,5,OP1,C2_WIFI_CARGA_MEDIA,N3
,0.284,0.408,0.726,1.0,,1787593550565.7676,30.41,17.28,14.48,0.35,1787593550565.7676,False,,,5,OP1,C2_WIFI_CARGA_MEDIA,N3
,0.279,0.405,0.73,1.0,,1787593550589.2444,30.55,17.68,14.3,0.35,1787593550589.2444,False,,,5,OP1,C2_WIFI_CARGA_MEDIA,N3
,0.272,0.402,0.735,1.0,,1787593550624.6177,30.725,18.24,14.12,0.35,1787593550624.6177,False,,,5,OP1,C2_WIFI_CARGA_MEDIA,N3
,0.265,0.4,0.738,1.0,,1787593550660.6897,30.83,18.8,14.0,0.35,1787593550660.6897,False,,,5,OP1,C2_WIFI_CARGA_MEDIA,N3
,0.257,0.399,0.739,1.0,,1787593550697.0278,30.865,19.44,13.94,0.35,1787593550697.0278,False,,,5,OP1,C2_WIFI_CARGA_MEDIA,N3
,0.256,0.399,0.739,1.0,,1787593550722.214,30.865,19.52,13.94,0.35,1787593550722.214,False,,,5,OP1,C2_WIFI_CARGA_MEDIA,N3
,0.256,0.399,0.739,1.0,,1787593550764.887,30.865,19.52,13.94,0.35,1787593550764.887,False,,,5,OP1,C2_WIFI_CARGA_MEDIA,N3
,0.256,0.399,0.74,1.0,,1787593550797.0583,30.9,19.52,13.94,0.35,1787593550797.0583,False,,,5,OP1,C2_WIFI_CARGA_MEDIA,N3
,0.256,0.398,0.741,1.0,,1787593550821.6797,30.935,19.52,13.88,0.35,1787593550823.6914,False,,,5,OP1,C2_WIFI_CARGA_MEDIA,N3
,0.256,0.398,0.743,1.0,,1787593550847.2168,31.005,19.52,13.88,0.35,1787593550855.931,False,,,5,OP1,C2_WIFI_CARGA_MEDIA,N3
,0.257,0.397,0.744,1.0,,1787593550870.7676,31.04,19.44,13.82,0.35,1787593550870.7676,False,,,5,OP1,C2_WIFI_CARGA_MEDIA,N3
,0.257,0.395,0.744,1.0,,1787593550896.8708,31.04,19.44,13.7,0.35,1787593550896.8708,False,,,5,OP1,C2_WIFI_CARGA_MEDIA,N3
,0.258,0.394,0.745,1.0,,1787593550923.7754,31.075,19.36,13.64,0.35,1787593550924.771,False,,,5,OP1,C2_WIFI_CARGA_MEDIA,N3
,0.257,0.392,0.744,1.0,,1787593550962.3037,31.04,19.44,13.52,0.35,1787593550962.3037,False,,,5,OP1,C2_WIFI_CARGA_MEDIA,N3
,0.255,0.386,0.749,1.0,,1787593551019.453,31.215,19.6,13.16,0.35,1787593551024.6345,False,,,5,OP1,C2_WIFI_CARGA_MEDIA,N3
,0.255,0.383,0.75,1.0,,1787593551040.376,31.25,19.6,12.98,0.35,1787593551040.376,False,,,5,OP1,C2_WIFI_CARGA_MEDIA,N3
,0.255,0.381,0.75,1.0,,1787593551070.2795,31.25,19.6,12.86,0.35,1787593551071.3645,False,,,5,OP1,C2_WIFI_CARGA_MEDIA,N3
,0.256,0.378,0.749,1.0,,1787593551099.0923,31.215,19.52,12.68,0.35,1787593551099.0923,False,,,5,OP1,C2_WIFI_CARGA_MEDIA,N3
,0.257,0.377,0.748,1.0,,1787593551125.7737,31.18,19.44,12.62,0.35,1787593551126.3923,False,,,5,OP1,C2_WIFI_CARGA_MEDIA,N3
,0.258,0.375,0.747,1.0,,1787593551162.0032,31.145,19.36,12.5,0.35,1787593551162.0032,False,,,5,OP1,C2_WIFI_CARGA_MEDIA,N3
,0.26,0.372,0.746,1.0,,1787593551205.3235,31.11,19.2,12.32,0.35,1787593551205.3235,False,,,5,OP1,C2_WIFI_CARGA_MEDIA,N3
,0.262,0.369,0.742,1.0,,1787593551226.556,30.97,19.04,12.14,0.35,1787593551227.6145,False,,,5,OP1,C2_WIFI_CARGA_MEDIA,N3
,0.264,0.366,0.742,1.0,,1787593551466.0017,30.97,18.88,11.96,0.35,1787593551468.016,False,,,5,OP1,C2_WIFI_CARGA_MEDIA,N3
,0.279,0.348,0.734,1.0,,1787593551547.1917,30.69,17.68,10.88,0.35,1787593551547.1917,False,,,5,OP1,C2_WIFI_CARGA_MEDIA,N3
,0.287,0.335,0.738,1.0,,1787593551573.4106,30.83,17.04,10.1,0.35,1787593551574.5027,False,,,5,OP1,C2_WIFI_CARGA_MEDIA,N3
,0.288,0.316,0.759,1.0,,1787593551606.6985,31.565,16.96,8.96,0.35,1787593551606.6985,False,,,5,OP1,C2_WIFI_CARGA_MEDIA,N3
,0.286,0.309,0.782,1.0,,1787593551661.8137,32.37,17.12,8.54,0.35,1787593551662.979,False,,,5,OP1,C2_WIFI_CARGA_MEDIA,N3
,0.286,0.307,0.787,1.0,,1787593551700.1423,32.545,17.12,8.42,0.35,1787593551700.1423,False,,,5,OP1,C2_WIFI_CARGA_MEDIA,N3
,0.286,0.307,0.791,1.0,,1787593551729.651,32.685,17.12,8.42,0.35,1787593551732.006,False,,,5,OP1,C2_WIFI_CARGA_MEDIA,N3
,0.286,0.306,0.794,1.0,,1787593551771.7185,32.79,17.12,8.36,0.35,1787593551773.7263,False,,,5,OP1,C2_WIFI_CARGA_MEDIA,N3
,0.287,0.305,0.796,1.0,,1787593551800.9343,32.86,17.04,8.3,0.35,1787593551800.9343,False,,,5,OP1,C2_WIFI_CARGA_MEDIA,N3
,0.287,0.303,0.804,1.0,,1787593551828.4236,33.14,17.04,8.18,0.35,1787593551829.038,False,,,5,OP1,C2_WIFI_CARGA_MEDIA,N3
,0.285,0.295,0.825,1.0,,1787593551875.9626,33.875,17.2,7.7,0.35,1787593551875.9626,False,,,5,OP1,C2_WIFI_CARGA_MEDIA,N3
,0.282,0.291,0.843,1.0,,1787593551909.6096,34.505,17.44,7.46,0.35,1787593551909.6096,False,,,5,OP1,C2_WIFI_CARGA_MEDIA,N3
,0.279,0.286,0.856,1.0,,1787593551935.246,34.96,17.68,7.16,0.35,1787593551935.246,False,,,5,OP1,C2_WIFI_CARGA_MEDIA,N3
,0.276,0.282,0.865,1.0,,1787593551968.4722,35.275,17.92,6.92,0.35,1787593551969.014,False,,,5,OP1,C2_WIFI_CARGA_MEDIA,N3
,0.273,0.278,0.877,1.0,,1787593552009.3235,35.695,18.16,6.68,0.35,1787593552009.3235,False,,,5,OP1,C2_WIFI_CARGA_MEDIA,N3
,0.272,0.277,0.878,1.0,,1787593552041.9111,35.73,18.24,6.62,0.35,1787593552041.9111,False,,,5,OP1,C2_WIFI_CARGA_MEDIA,N3
,0.272,0.278,0.877,1.0,,1787593552076.9443,35.695,18.24,6.68,0.35,1787593552076.9443,False,,,5,OP1,C2_WIFI_CARGA_MEDIA,N3
,0.272,0.278,0.878,1.0,,1787593552107.1174,35.73,18.24,6.68,0.35,1787593552107.1174,False,,,5,OP1,C2_WIFI_CARGA_MEDIA,N3
,0.271,0.278,0.88,1.0,,1787593552160.8354,35.8,18.32,6.68,0.35,1787593552164.126,False,,,5,OP1,C2_WIFI_CARGA_MEDIA,N3
,0.27,0.277,0.879,1.0,,1787593552210.3684,35.765,18.4,6.62,0.35,1787593552210.3684,False,,,5,OP1,C2_WIFI_CARGA_MEDIA,N3
,0.269,0.275,0.876,1.0,,1787593552235.2996,35.66,18.48,6.5,0.35,1787593552235.6377,False,,,5,OP1,C2_WIFI_CARGA_MEDIA,N3
,0.267,0.27,0.876,1.0,,1787593552263.5762,35.66,18.64,6.2,0.35,1787593552263.5762,False,,,5,OP1,C2_WIFI_CARGA_MEDIA,N3
,0.263,0.265,0.876,1.0,,1787593552327.6682,35.66,18.96,5.9,0.35,1787593552327.6682,False,,,5,OP1,C2_WIFI_CARGA_MEDIA,N3
,0.261,0.263,0.879,1.0,,1787593552348.7744,35.765,19.12,5.78,0.35,1787593552348.7744,False,,,5,OP1,C2_WIFI_CARGA_MEDIA,N3
,0.259,0.262,0.881,1.0,,1787593552386.7646,35.835,19.28,5.72,0.35,1787593552387.7642,False,,,5,OP1,C2_WIFI_CARGA_MEDIA,N3
,0.252,0.256,0.894,1.0,,1787593552433.0193,36.29,19.84,5.36,0.35,1787593552433.0193,False,,,5,OP1,C2_WIFI_CARGA_MEDIA,N3
,0.249,0.255,0.898,1.0,,1787593552468.008,36.43,20.08,5.3,0.35,1787593552470.0132,False,,,5,OP1,C2_WIFI_CARGA_MEDIA,N3
,0.243,0.252,0.911,1.0,,1787593552518.111,36.885,20.56,5.12,0.35,1787593552523.294,False,,,5,OP1,C2_WIFI_CARGA_MEDIA,N3
,0.24,0.25,0.913,1.0,,1787593552541.486,36.955,20.8,5.0,0.35,1787593552541.486,False,,,5,OP1,C2_WIFI_CARGA_MEDIA,N3
,0.237,0.249,0.915,1.0,,1787593552580.5708,37.025,21.04,4.94,0.35,1787593552580.5708,False,,,5,OP1,C2_WIFI_CARGA_MEDIA,N3
,0.232,0.247,0.916,1.0,,1787593552632.7566,37.06,21.44,4.82,0.35,1787593552633.7551,False,,,5,OP1,C2_WIFI_CARGA_MEDIA,N3
,0.231,0.247,0.916,1.0,,1787593552662.3718,37.06,21.52,4.82,0.35,1787593552664.732,False,,,5,OP1,C2_WIFI_CARGA_MEDIA,N3
,0.229,0.247,0.915,1.0,,1787593552691.9373,37.025,21.68,4.82,0.35,1787593552692.4846,False,,,5,OP1,C2_WIFI_CARGA_MEDIA,N3
,0.226,0.245,0.915,1.0,,1787593552736.9438,37.025,21.92,4.7,0.35,1787593552738.1504,False,,,5,OP1,C2_WIFI_CARGA_MEDIA,N3
,0.223,0.244,0.913,1.0,,1787593552774.696,36.955,22.16,4.64,0.35,1787593552775.7932,False,,,5,OP1,C2_WIFI_CARGA_MEDIA,N3
,0.216,0.243,0.904,1.0,,1787593552829.8892,36.64,22.72,4.58,0.35,1787593552829.8892,False,,,5,OP1,C2_WIFI_CARGA_MEDIA,N3
,0.209,0.241,0.893,1.0,,1787593552884.9705,36.255,23.28,4.46,0.35,1787593552886.979,False,,,5,OP1,C2_WIFI_CARGA_MEDIA,N3
,0.205,0.24,0.887,1.0,,1787593552908.4216,36.045,23.6,4.4,0.35,1787593552908.4216,False,,,5,OP1,C2_WIFI_CARGA_MEDIA,N3
,0.201,0.239,0.877,1.0,,1787593552943.0942,35.695,23.92,4.34,0.35,1787593552943.786,False,,,5,OP1,C2_WIFI_CARGA_MEDIA,N3
,0.192,0.238,0.852,1.0,,1787593552992.5315,34.82,24.64,4.28,0.35,1787593552992.5315,False,,,5,OP1,C2_WIFI_CARGA_MEDIA,N3
,0.188,0.237,0.84,1.0,,1787593553026.0515,34.4,24.96,4.22,0.35,1787593553027.311,False,,,5,OP1,C2_WIFI_CARGA_MEDIA,N3
,0.184,0.237,0.826,1.0,,1787593553049.0803,33.91,25.28,4.22,0.35,1787593553049.0803,False,,,5,OP1,C2_WIFI_CARGA_MEDIA,N3
,0.173,0.243,0.787,1.0,,1787593553097.0408,32.545,26.16,4.58,0.35,1787593553097.0408,False,,,5,OP1,C2_WIFI_CARGA_MEDIA,N3
,0.17,0.247,0.765,1.0,,1787593553137.7996,31.775,26.4,4.82,0.35,1787593553138.444,False,,,5,OP1,C2_WIFI_CARGA_MEDIA,N3
,0.168,0.255,0.727,1.0,,1787593553303.974,30.445,26.56,5.3,0.35,1787593553304.9734,False,,,5,OP1,C2_WIFI_CARGA_MEDIA,N3
,0.17,0.262,0.692,1.0,,1787593553359.1318,29.22,26.4,5.72,0.35,1787593553359.1318,False,,,5,OP1,C2_WIFI_CARGA_MEDIA,N3
,0.169,0.263,0.679,1.0,,1787593553415.6226,28.765,26.48,5.78,0.35,1787593553415.6226,False,,,5,OP1,C2_WIFI_CARGA_MEDIA,N3
,0.168,0.264,0.667,1.0,,1787593553439.4043,28.345,26.56,5.84,0.35,1787593553439.4043,False,,,5,OP1,C2_WIFI_CARGA_MEDIA,N3
,0.168,0.265,0.654,1.0,,1787593553486.0205,27.89,26.56,5.9,0.35,1787593553486.0205,False,,,5,OP1,C2_WIFI_CARGA_MEDIA,N3
,0.17,0.265,0.646,1.0,,1787593553509.3984,27.61,26.4,5.9,0.35,1787593553509.3984,False,,,5,OP1,C2_WIFI_CARGA_MEDIA,N3
,0.169,0.265,0.637,1.0,,1787593553541.8845,27.295,26.48,5.9,0.35,1787593553541.8845,False,,,5,OP1,C2_WIFI_CARGA_MEDIA,N3
,0.17,0.265,0.631,1.0,,1787593553564.8572,27.085,26.4,5.9,0.35,1787593553564.8572,False,,,5,OP1,C2_WIFI_CARGA_MEDIA,N3
,0.171,0.265,0.626,1.0,,1787593553607.8877,26.91,26.32,5.9,0.35,1787593553613.0896,False,,,5,OP1,C2_WIFI_CARGA_MEDIA,N3
,0.172,0.264,0.619,1.0,,1787593553659.7788,26.665,26.24,5.84,0.35,1787593553659.7788,False,,,5,OP1,C2_WIFI_CARGA_MEDIA,N3
,0.174,0.263,0.615,1.0,,1787593553701.46,26.525,26.08,5.78,0.35,1787593553703.4517,False,,,5,OP1,C2_WIFI_CARGA_MEDIA,N3
,0.179,0.265,0.605,1.0,,1787593553747.123,26.175,25.68,5.9,0.35,1787593553747.123,False,,,5,OP1,C2_WIFI_CARGA_MEDIA,N3
,0.186,0.266,0.6,1.0,,1787593553805.1687,26.0,25.12,5.96,0.35,1787593553806.165,False,,,5,OP1,C2_WIFI_CARGA_MEDIA,N3
,0.191,0.264,0.599,1.0,,1787593553832.751,25.965,24.72,5.84,0.35,1787593553832.751,False,,,5,OP1,C2_WIFI_CARGA_MEDIA,N3
,0.201,0.26,0.59,1.0,,1787593553882.6792,25.65,23.92,5.6,0.35,1787593553883.777,False,,,5,OP1,C2_WIFI_CARGA_MEDIA,N3
,0.208,0.257,0.582,1.0,,1787593553917.4023,25.37,23.36,5.42,0.35,1787593553917.4023,False,,,5,OP1,C2_WIFI_CARGA_MEDIA,N3
,0.223,0.258,0.572,1.0,,1787593553972.7778,25.02,22.16,5.48,0.35,1787593553974.791,False,,,5,OP1,C2_WIFI_CARGA_MEDIA,N3
,0.237,0.259,0.575,1.0,,1787593554028.5894,25.125,21.04,5.54,0.35,1787593554028.5894,False,,,5,OP1,C2_WIFI_CARGA_MEDIA,N3
,0.247,0.26,0.584,1.0,,1787593554079.6636,25.44,20.24,5.6,0.35,1787593554079.6636,False,,,5,OP1,C2_WIFI_CARGA_MEDIA,N3
,0.248,0.26,0.585,1.0,,1787593554112.1987,25.475,20.16,5.6,0.35,1787593554112.1987,False,,,5,OP1,C2_WIFI_CARGA_MEDIA,N3
,0.25,0.26,0.586,1.0,,1787593554139.9482,25.51,20.0,5.6,0.35,1787593554142.9004,False,,,5,OP1,C2_WIFI_CARGA_MEDIA,N3
,0.25,0.26,0.586,1.0,,1787593554160.3413,25.51,20.0,5.6,0.35,1787593554160.3413,False,,,5,OP1,C2_WIFI_CARGA_MEDIA,N3
,0.252,0.259,0.586,1.0,,1787593554224.3716,25.51,19.84,5.54,0.35,1787593554227.036,False,,,5,OP1,C2_WIFI_CARGA_MEDIA,N3
,0.255,0.257,0.586,1.0,,1787593554277.673,25.51,19.6,5.42,0.35,1787593554279.683,False,,,5,OP1,C2_WIFI_CARGA_MEDIA,N3
,0.261,0.257,0.589,1.0,,1787593554332.7766,25.615,19.12,5.42,0.35,1787593554332.7766,False,,,5,OP1,C2_WIFI_CARGA_MEDIA,N3
,0.27,0.258,0.598,1.0,,1787593554389.0996,25.93,18.4,5.48,0.35,1787593554389.0996,False,,,5,OP1,C2_WIFI_CARGA_MEDIA,N3
,0.274,0.26,0.599,1.0,,1787593554519.4028,25.965,18.08,5.6,0.35,1787593554519.4028,False,,,5,OP1,C2_WIFI_CARGA_MEDIA,N3
,0.279,0.261,0.603,1.0,,1787593554544.8909,26.105,17.68,5.66,0.35,1787593554544.8909,False,,,5,OP1,C2_WIFI_CARGA_MEDIA,N3
,0.279,0.262,0.605,1.0,,1787593554586.112,26.175,17.68,5.72,0.35,1787593554586.112,False,,,5,OP1,C2_WIFI_CARGA_MEDIA,N3
,0.278,0.262,0.61,1.0,,1787593554632.365,26.35,17.76,5.72,0.35,1787593554632.365,False,,,5,OP1,C2_WIFI_CARGA_MEDIA,N3
,0.277,0.261,0.62,1.0,,1787593554696.5225,26.7,17.84,5.66,0.35,1787593554696.5225,False,,,5,OP1,C2_WIFI_CARGA_MEDIA,N3
,0.276,0.261,0.623,1.0,,1787593554724.5308,26.805,17.92,5.66,0.35,1787593554724.5308,False,,,5,OP1,C2_WIFI_CARGA_MEDIA,N3
,0.274,0.262,0.626,1.0,,1787593554752.1543,26.91,18.08,5.72,0.35,1787593554754.1533,False,,,5,OP1,C2_WIFI_CARGA_MEDIA,N3
,0.269,0.262,0.634,1.0,,1787593554800.389,27.19,18.48,5.72,0.35,1787593554800.389,False,,,5,OP1,C2_WIFI_CARGA_MEDIA,N3
,0.267,0.261,0.638,1.0,,1787593554835.4404,27.33,18.64,5.66,0.35,1787593554838.4722,False,,,5,OP1,C2_WIFI_CARGA_MEDIA,N3
,0.26,0.26,0.647,1.0,,1787593554883.472,27.645,19.2,5.6,0.35,1787593554883.472,False,,,5,OP1,C2_WIFI_CARGA_MEDIA,N3
,0.257,0.26,0.649,1.0,,1787593554906.2505,27.715,19.44,5.6,0.35,1787593554908.8467,False,,,5,OP1,C2_WIFI_CARGA_MEDIA,N3
,0.257,0.259,0.651,1.0,,1787593554947.209,27.785,19.44,5.54,0.35,1787593554947.209,False,,,5,OP1,C2_WIFI_CARGA_MEDIA,N3
,0.257,0.259,0.653,1.0,,1787593555116.5532,27.855,19.44,5.54,0.35,1787593555119.6736,False,,,5,OP1,C2_WIFI_CARGA_MEDIA,N3
,0.262,0.258,0.676,1.0,,1787593555168.122,28.66,19.04,5.48,0.35,1787593555168.122,False,,,5,OP1,C2_WIFI_CARGA_MEDIA,N3
,0.262,0.258,0.681,1.0,,1787593555196.9104,28.835,19.04,5.48,0.35,1787593555196.9104,False,,,5,OP1,C2_WIFI_CARGA_MEDIA,N3
,0.262,0.257,0.684,1.0,,1787593555224.6355,28.94,19.04,5.42,0.35,1787593555225.7473,False,,,5,OP1,C2_WIFI_CARGA_MEDIA,N3
,0.261,0.256,0.691,1.0,,1787593555291.3647,29.185,19.12,5.36,0.35,1787593555293.3638,False,,,5,OP1,C2_WIFI_CARGA_MEDIA,N3
,0.261,0.254,0.701,1.0,,1787593555329.7288,29.535,19.12,5.24,0.35,1787593555339.0923,False,,,5,OP1,C2_WIFI_CARGA_MEDIA,N3
,0.26,0.25,0.723,1.0,,1787593555392.6765,30.305,19.2,5.0,0.35,1787593555394.7903,False,,,5,OP1,C2_WIFI_CARGA_MEDIA,N3
,0.261,0.247,0.733,1.0,,1787593555419.8608,30.655,19.12,4.82,0.35,1787593555419.8608,False,,,5,OP1,C2_WIFI_CARGA_MEDIA,N3
,0.262,0.244,0.746,1.0,,1787593555476.1987,31.11,19.04,4.64,0.35,1787593555478.219,False,,,5,OP1,C2_WIFI_CARGA_MEDIA,N3
,0.263,0.243,0.753,1.0,,1787593555532.3516,31.355,18.96,4.58,0.35,1787593555532.3516,False,,,5,OP1,C2_WIFI_CARGA_MEDIA,N3
,0.263,0.243,0.757,1.0,,1787593555587.4065,31.495,18.96,4.58,0.35,1787593555587.4065,False,,,5,OP1,C2_WIFI_CARGA_MEDIA,N3
,0.264,0.243,0.759,1.0,,1787593555611.328,31.565,18.88,4.58,0.35,1787593555611.328,False,,,5,OP1,C2_WIFI_CARGA_MEDIA,N3
,0.265,0.243,0.76,1.0,,1787593555632.3352,31.6,18.8,4.58,0.35,1787593555632.3352,False,,,5,OP1,C2_WIFI_CARGA_MEDIA,N3
,0.266,0.243,0.762,1.0,,1787593555685.723,31.67,18.72,4.58,0.35,1787593555685.723,False,,,5,OP1,C2_WIFI_CARGA_MEDIA,N3
,0.267,0.243,0.762,1.0,,1787593555717.282,31.67,18.64,4.58,0.35,1787593555717.282,False,,,5,OP1,C2_WIFI_CARGA_MEDIA,N3
,0.268,0.243,0.763,1.0,,1787593555742.2268,31.705,18.56,4.58,0.35,1787593555742.2268,False,,,5,OP1,C2_WIFI_CARGA_MEDIA,N3
,0.269,0.242,0.763,1.0,,1787593555782.307,31.705,18.48,4.52,0.35,1787593555784.3176,False,,,5,OP1,C2_WIFI_CARGA_MEDIA,N3
,0.269,0.241,0.764,1.0,,1787593555810.5305,31.74,18.48,4.46,0.35,1787593555810.5305,False,,,5,OP1,C2_WIFI_CARGA_MEDIA,N3
,0.269,0.238,0.767,1.0,,1787593555852.6987,31.845,18.48,4.28,0.35,1787593555852.6987,False,,,5,OP1,C2_WIFI_CARGA_MEDIA,N3
,0.269,0.237,0.768,1.0,,1787593555876.7322,31.88,18.48,4.22,0.35,1787593555877.0774,False,,,5,OP1,C2_WIFI_CARGA_MEDIA,N3
,0.269,0.236,0.769,1.0,,1787593555912.9536,31.915,18.48,4.16,0.35,1787593555923.2266,False,,,5,OP1,C2_WIFI_CARGA_MEDIA,N3
,0.269,0.235,0.77,1.0,,1787593555941.658,31.95,18.48,4.1,0.35,1787593555941.658,False,,,5,OP1,C2_WIFI_CARGA_MEDIA,N3
,0.269,0.234,0.771,1.0,,1787593555969.054,31.985,18.48,4.04,0.35,1787593555974.834,False,,,5,OP1,C2_WIFI_CARGA_MEDIA,N3
,0.269,0.234,0.773,1.0,,1787593555997.7993,32.055,18.48,4.04,0.35,1787593555997.7993,False,,,5,OP1,C2_WIFI_CARGA_MEDIA,N3
,0.268,0.233,0.775,1.0,,1787593556034.1067,32.125,18.56,3.98,0.35,1787593556034.1067,False,,,5,OP1,C2_WIFI_CARGA_MEDIA,N3
,0.268,0.231,0.778,1.0,,1787593556083.111,32.23,18.56,3.86,0.35,1787593556083.111,False,,,5,OP1,C2_WIFI_CARGA_MEDIA,N3
,0.267,0.23,0.78,1.0,,1787593556107.6904,32.3,18.64,3.8,0.35,1787593556109.1943,False,,,5,OP1,C2_WIFI_CARGA_MEDIA,N3
,0.268,0.225,0.786,1.0,,1787593556171.2644,32.51,18.56,3.5,0.35,1787593556173.2793,False,,,5,OP1,C2_WIFI_CARGA_MEDIA,N3
,0.268,0.222,0.793,1.0,,1787593556200.1938,32.755,18.56,3.32,0.35,1787593556202.2078,False,,,5,OP1,C2_WIFI_CARGA_MEDIA,N3
,0.266,0.218,0.802,1.0,,1787593556242.673,33.07,18.72,3.08,0.35,1787593556242.673,False,,,5,OP1,C2_WIFI_CARGA_MEDIA,N3
,0.265,0.217,0.806,1.0,,1787593556274.702,33.21,18.8,3.02,0.35,1787593556274.702,False,,,5,OP1,C2_WIFI_CARGA_MEDIA,N3
,0.263,0.216,0.81,1.0,,1787593556300.2793,33.35,18.96,2.96,0.35,1787593556301.2937,False,,,5,OP1,C2_WIFI_CARGA_MEDIA,N3
,0.261,0.215,0.814,1.0,,1787593556339.7588,33.49,19.12,2.9,0.35,1787593556340.8552,False,,,5,OP1,C2_WIFI_CARGA_MEDIA,N3
,0.259,0.213,0.82,1.0,,1787593556390.766,33.7,19.28,2.78,0.35,1787593556390.766,False,,,5,OP1,C2_WIFI_CARGA_MEDIA,N3
,0.258,0.211,0.822,1.0,,1787593556440.1035,33.77,19.36,2.66,0.35,1787593556446.8596,False,,,5,OP1,C2_WIFI_CARGA_MEDIA,N3
,0.257,0.211,0.823,1.0,,1787593556472.515,33.805,19.44,2.66,0.35,1787593556472.515,False,,,5,OP1,C2_WIFI_CARGA_MEDIA,N3
,0.257,0.21,0.824,1.0,,1787593556500.7192,33.84,19.44,2.6,0.35,1787593556501.7336,False,,,5,OP1,C2_WIFI_CARGA_MEDIA,N3
,0.257,0.208,0.826,1.0,,1787593556534.7214,33.91,19.44,2.48,0.35,1787593556535.2893,False,,,5,OP1,C2_WIFI_CARGA_MEDIA,N3
,0.257,0.205,0.828,1.0,,1787593556588.672,33.98,19.44,2.3,0.35,1787593556590.6843,False,,,5,OP1,C2_WIFI_CARGA_MEDIA,N3
,0.257,0.204,0.829,1.0,,1787593556771.4722,34.015,19.44,2.24,0.35,1787593556771.4722,False,,,5,OP1,C2_WIFI_CARGA_MEDIA,N3
,0.259,0.203,0.831,1.0,,1787593556808.319,34.085,19.28,2.18,0.35,1787593556809.006,False,,,5,OP1,C2_WIFI_CARGA_MEDIA,N3
,0.265,0.201,0.839,1.0,,1787593556860.0984,34.365,18.8,2.06,0.35,1787593556860.8765,False,,,5,OP1,C2_WIFI_CARGA_MEDIA,N3
,0.266,0.201,0.838,1.0,,1787593556885.9102,34.33,18.72,2.06,0.35,1787593556885.9102,False,,,5,OP1,C2_WIFI_CARGA_MEDIA,N3
,0.266,0.2,0.837,1.0,,1787593556924.5913,34.295,18.72,2.0,0.35,1787593556925.4216,False,,,5,OP1,C2_WIFI_CARGA_MEDIA,N3
,0.268,0.199,0.835,1.0,,1787593556957.6655,34.225,18.56,1.94,0.35,1787593556957.6655,False,,,5,OP1,C2_WIFI_CARGA_MEDIA,N3
,0.268,0.198,0.835,1.0,,1787593557012.3848,34.225,18.56,1.88,0.35,1787593557012.9014,False,,,5,OP1,C2_WIFI_CARGA_MEDIA,N3
,0.269,0.197,0.835,1.0,,1787593557033.31,34.225,18.48,1.82,0.35,1787593557036.73,False,,,5,OP1,C2_WIFI_CARGA_MEDIA,N3
,0.273,0.196,0.833,1.0,,1787593557075.8853,34.155,18.16,1.76,0.35,1787593557075.8853,False,,,5,OP1,C2_WIFI_CARGA_MEDIA,N3
,0.273,0.196,0.833,1.0,,1787593557105.4795,34.155,18.16,1.76,0.35,1787593557105.4795,False,,,5,OP1,C2_WIFI_CARGA_MEDIA,N3
,0.274,0.195,0.833,1.0,,1787593557147.1245,34.155,18.08,1.7,0.35,1787593557147.1245,False,,,5,OP1,C2_WIFI_CARGA_MEDIA,N3
,0.276,0.194,0.833,1.0,,1787593557198.4917,34.155,17.92,1.64,0.35,1787593557204.6016,False,,,5,OP1,C2_WIFI_CARGA_MEDIA,N3
,0.28,0.191,0.832,1.0,,1787593557247.0469,34.12,17.6,1.46,0.35,1787593557247.0469,False,,,5,OP1,C2_WIFI_CARGA_MEDIA,N3
,0.282,0.189,0.833,1.0,,1787593557273.0378,34.155,17.44,1.34,0.35,1787593557273.0378,False,,,5,OP1,C2_WIFI_CARGA_MEDIA,N3
,0.284,0.186,0.834,1.0,,1787593557314.9907,34.19,17.28,1.16,0.35,1787593557314.9907,False,,,5,OP1,C2_WIFI_CARGA_MEDIA,N3
,0.286,0.183,0.834,1.0,,1787593557369.4243,34.19,17.12,0.98,0.35,1787593557371.4373,False,,,5,OP1,C2_WIFI_CARGA_MEDIA,N3
,0.286,0.18,0.836,1.0,,1787593557522.73,34.26,17.12,0.8,0.35,1787593557522.73,False,,,5,OP1,C2_WIFI_CARGA_MEDIA,N3
,0.281,0.175,0.84,1.0,,1787593557563.9265,34.4,17.52,0.5,0.35,1787593557565.939,False,,,5,OP1,C2_WIFI_CARGA_MEDIA,N3
,0.272,0.172,0.844,1.0,,1787593557621.3638,34.54,18.24,0.32,0.35,1787593557621.3638,False,,,5,OP1,C2_WIFI_CARGA_MEDIA,N3
,0.264,0.168,0.855,1.0,,1787593557661.1248,34.925,18.88,0.08,0.35,1787593557661.1248,False,,,5,OP1,C2_WIFI_CARGA_MEDIA,N3
,0.258,0.165,0.86,1.0,,1787593557682.3896,35.1,19.36,-0.1,0.35,1787593557684.4204,False,,,5,OP1,C2_WIFI_CARGA_MEDIA,N3
,0.252,0.163,0.864,1.0,,1787593557732.1384,35.24,19.84,-0.22,0.35,1787593557732.1384,False,,,5,OP1,C2_WIFI_CARGA_MEDIA,N3
,0.249,0.161,0.867,1.0,,1787593557758.3606,35.345,20.08,-0.34,0.35,1787593557758.3606,False,,,5,OP1,C2_WIFI_CARGA_MEDIA,N3
,0.246,0.161,0.869,1.0,,1787593557788.127,35.415,20.32,-0.34,0.35,1787593557788.127,False,,,5,OP1,C2_WIFI_CARGA_MEDIA,N3
,0.244,0.162,0.871,1.0,,1787593557835.2112,35.485,20.48,-0.28,0.35,1787593557835.2112,False,,,5,OP1,C2_WIFI_CARGA_MEDIA,N3
,0.242,0.162,0.873,1.0,,1787593557872.2568,35.555,20.64,-0.28,0.35,1787593557874.27,False,,,5,OP1,C2_WIFI_CARGA_MEDIA,N3
,0.237,0.162,0.879,1.0,,1787593557913.9033,35.765,21.04,-0.28,0.35,1787593557913.9033,False,,,5,OP1,C2_WIFI_CARGA_MEDIA,N3
,0.236,0.162,0.881,1.0,,1787593557939.2305,35.835,21.12,-0.28,0.35,1787593557941.7776,False,,,5,OP1,C2_WIFI_CARGA_MEDIA,N3
,0.233,0.162,0.882,1.0,,1787593557974.77,35.87,21.36,-0.28,0.35,1787593557974.77,False,,,5,OP1,C2_WIFI_CARGA_MEDIA,N3
,0.228,0.164,0.884,1.0,,1787593558021.8296,35.94,21.76,-0.16,0.35,1787593558021.8296,False,,,5,OP1,C2_WIFI_CARGA_MEDIA,N3
,0.226,0.164,0.885,1.0,,1787593558046.196,35.975,21.92,-0.16,0.35,1787593558047.7937,False,,,5,OP1,C2_WIFI_CARGA_MEDIA,N3
,0.224,0.164,0.886,1.0,,1787593558091.216,36.01,22.08,-0.16,0.35,1787593558091.216,False,,,5,OP1,C2_WIFI_CARGA_MEDIA,N3
,0.223,0.164,0.886,1.0,,1787593558115.4138,36.01,22.16,-0.16,0.35,1787593558115.4138,False,,,5,OP1,C2_WIFI_CARGA_MEDIA,N3
,0.22,0.165,0.886,1.0,,1787593558173.0645,36.01,22.4,-0.1,0.35,1787593558173.0645,False,,,5,OP1,C2_WIFI_CARGA_MEDIA,N3
,0.218,0.165,0.887,1.0,,1787593558220.413,36.045,22.56,-0.1,0.35,1787593558220.413,False,,,5,OP1,C2_WIFI_CARGA_MEDIA,N3
,0.217,0.164,0.887,1.0,,1787593558248.1377,36.045,22.64,-0.16,0.35,1787593558248.1377,False,,,5,OP1,C2_WIFI_CARGA_MEDIA,N3
,0.216,0.164,0.887,1.0,,1787593558289.181,36.045,22.72,-0.16,0.35,1787593558289.181,False,,,5,OP1,C2_WIFI_CARGA_MEDIA,N3
,0.215,0.163,0.888,1.0,,1787593558344.7354,36.08,22.8,-0.22,0.35,1787593558344.7354,False,,,5,OP1,C2_WIFI_CARGA_MEDIA,N3
,0.214,0.163,0.887,1.0,,1787593558394.5437,36.045,22.88,-0.22,0.35,1787593558394.5437,False,,,5,OP1,C2_WIFI_CARGA_MEDIA,N3
,0.214,0.163,0.887,1.0,,1787593558415.9126,36.045,22.88,-0.22,0.35,1787593558418.3062,False,,,5,OP1,C2_WIFI_CARGA_MEDIA,N3
,0.214,0.163,0.888,1.0,,1787593558452.1023,36.08,22.88,-0.22,0.35,1787593558453.1013,False,,,5,OP1,C2_WIFI_CARGA_MEDIA,N3
,0.214,0.163,0.888,1.0,,1787593558484.2996,36.08,22.88,-0.22,0.35,1787593558486.2317,False,,,5,OP1,C2_WIFI_CARGA_MEDIA,N3
,0.214,0.163,0.887,1.0,,1787593558527.683,36.045,22.88,-0.22,0.35,1787593558527.683,False,,,5,OP1,C2_WIFI_CARGA_MEDIA,N3
,0.215,0.163,0.886,1.0,,1787593558559.03,36.01,22.8,-0.22,0.35,1787593558560.0488,False,,,5,OP1,C2_WIFI_CARGA_MEDIA,N3
,0.215,0.164,0.886,1.0,,1787593558596.837,36.01,22.8,-0.16,0.35,1787593558596.837,False,,,5,OP1,C2_WIFI_CARGA_MEDIA,N3
,0.216,0.164,0.885,1.0,,1787593558650.686,35.975,22.72,-0.16,0.35,1787593558652.7046,False,,,5,OP1,C2_WIFI_CARGA_MEDIA,N3
,0.216,0.164,0.884,1.0,,1787593558682.1062,35.94,22.72,-0.16,0.35,1787593558682.1062,False,,,5,OP1,C2_WIFI_CARGA_MEDIA,N3
,0.216,0.164,0.884,1.0,,1787593558714.4292,35.94,22.72,-0.16,0.35,1787593558715.4446,False,,,5,OP1,C2_WIFI_CARGA_MEDIA,N3
,0.217,0.164,0.883,1.0,,1787593558759.3572,35.905,22.64,-0.16,0.35,1787593558759.3572,False,,,5,OP1,C2_WIFI_CARGA_MEDIA,N3
,0.217,0.163,0.883,1.0,,1787593558785.1265,35.905,22.64,-0.22,0.35,1787593558786.0986,False,,,5,OP1,C2_WIFI_CARGA_MEDIA,N3
,0.217,0.164,0.883,1.0,,1787593558840.6018,35.905,22.64,-0.16,0.35,1787593558840.6018,False,,,5,OP1,C2_WIFI_CARGA_MEDIA,N3
,0.218,0.163,0.883,1.0,,1787593558862.8008,35.905,22.56,-0.22,0.35,1787593558862.8008,False,,,5,OP1,C2_WIFI_CARGA_MEDIA,N3
,0.218,0.162,0.882,1.0,,1787593558903.3967,35.87,22.56,-0.28,0.35,1787593558903.3967,False,,,5,OP1,C2_WIFI_CARGA_MEDIA,N3
,0.218,0.161,0.881,1.0,,1787593558951.0898,35.835,22.56,-0.34,0.35,1787593558951.0898,False,,,5,OP1,C2_WIFI_CARGA_MEDIA,N3
,0.218,0.161,0.881,1.0,,1787593558978.3008,35.835,22.56,-0.34,0.35,1787593558978.3008,False,,,5,OP1,C2_WIFI_CARGA_MEDIA,N3
,0.218,0.16,0.88,1.0,,1787593559012.9792,35.8,22.56,-0.4,0.35,1787593559013.9766,False,,,5,OP1,C2_WIFI_CARGA_MEDIA,N3
,0.218,0.16,0.879,1.0,,1787593559040.8674,35.765,22.56,-0.4,0.35,1787593559040.8674,False,,,5,OP1,C2_WIFI_CARGA_MEDIA,N3
,0.218,0.158,0.867,1.0,,1787593559094.7537,35.345,22.56,-0.52,0.35,1787593559094.7537,False,,,5,OP1,C2_WIFI_CARGA_MEDIA,N3
,0.217,0.155,0.854,1.0,,1787593559152.8608,34.89,22.64,-0.7,0.35,1787593559152.8608,False,,,5,OP1,C2_WIFI_CARGA_MEDIA,N3
,0.22,0.151,0.836,1.0,,1787593559207.8218,34.26,22.4,-0.94,0.35,1787593559209.8354,False,,,5,OP1,C2_WIFI_CARGA_MEDIA,N3
,0.221,0.15,0.826,1.0,,1787593559235.5232,33.91,22.32,-1.0,0.35,1787593559235.5232,False,,,5,OP1,C2_WIFI_CARGA_MEDIA,N3
,0.222,0.151,0.801,1.0,,1787593559274.1868,33.035,22.24,-0.94,0.35,1787593559274.1868,False,,,5,OP1,C2_WIFI_CARGA_MEDIA,N3
,0.223,0.153,0.791,1.0,,1787593559311.1116,32.685,22.16,-0.82,0.35,1787593559311.1116,False,,,5,OP1,C2_WIFI_CARGA_MEDIA,N3
,0.223,0.154,0.785,1.0,,1787593559347.1292,32.475,22.16,-0.76,0.35,1787593559347.1292,False,,,5,OP1,C2_WIFI_CARGA_MEDIA,N3
,0.223,0.156,0.778,1.0,,1787593559368.8484,32.23,22.16,-0.64,0.35,1787593559368.8484,False,,,5,OP1,C2_WIFI_CARGA_MEDIA,N3
,0.223,0.159,0.77,1.0,,1787593559402.3567,31.95,22.16,-0.46,0.35,1787593559405.6743,False,,,5,OP1,C2_WIFI_CARGA_MEDIA,N3
,0.221,0.166,0.751,1.0,,1787593559446.8374,31.285,22.32,-0.04,0.35,1787593559446.8374,False,,,5,OP1,C2_WIFI_CARGA_MEDIA,N3
,0.219,0.17,0.744,1.0,,1787593559471.422,31.04,22.48,0.2,0.35,1787593559471.422,False,,,5,OP1,C2_WIFI_CARGA_MEDIA,N3
,0.219,0.172,0.738,1.0,,1787593559497.2534,30.83,22.48,0.32,0.35,1787593559497.2534,False,,,5,OP1,C2_WIFI_CARGA_MEDIA,N3
,0.218,0.173,0.736,1.0,,1787593559521.8938,30.76,22.56,0.38,0.35,1787593559524.349,False,,,5,OP1,C2_WIFI_CARGA_MEDIA,N3
,0.217,0.174,0.733,1.0,,1787593559570.1208,30.655,22.64,0.44,0.35,1787593559570.1208,False,,,5,OP1,C2_WIFI_CARGA_MEDIA,N3
,0.216,0.175,0.73,1.0,,1787593559596.8635,30.55,22.72,0.5,0.35,1787593559598.8735,False,,,5,OP1,C2_WIFI_CARGA_MEDIA,N3
,0.216,0.176,0.727,1.0,,1787593559620.7852,30.445,22.72,0.56,0.35,1787593559625.975,False,,,5,OP1,C2_WIFI_CARGA_MEDIA,N3
,0.214,0.178,0.723,1.0,,1787593559678.8835,30.305,22.88,0.68,0.35,1787593559679.8738,False,,,5,OP1,C2_WIFI_CARGA_MEDIA,N3
,0.213,0.179,0.72,1.0,,1787593559711.8635,30.2,22.96,0.74,0.35,1787593559711.8635,False,,,5,OP1,C2_WIFI_CARGA_MEDIA,N3
,0.212,0.179,0.719,1.0,,1787593559764.7314,30.165,23.04,0.74,0.35,1787593559764.7314,False,,,5,OP1,C2_WIFI_CARGA_MEDIA,N3
,0.211,0.18,0.716,1.0,,1787593559792.2737,30.06,23.12,0.8,0.35,1787593559793.3115,False,,,5,OP1,C2_WIFI_CARGA_MEDIA,N3
,0.211,0.181,0.714,1.0,,1787593559819.3457,29.99,23.12,0.86,0.35,1787593559819.3457,False,,,5,OP1,C2_WIFI_CARGA_MEDIA,N3
,0.211,0.182,0.711,1.0,,1787593559876.5542,29.885,23.12,0.92,0.35,1787593559876.5542,False,,,5,OP1,C2_WIFI_CARGA_MEDIA,N3
,0.211,0.182,0.712,1.0,,1787593559924.3584,29.92,23.12,0.92,0.35,1787593559924.3584,False,,,5,OP1,C2_WIFI_CARGA_MEDIA,N3
,0.211,0.182,0.712,1.0,,1787593559960.9666,29.92,23.12,0.92,0.35,1787593559960.9666,False,,,5,OP1,C2_WIFI_CARGA_MEDIA,N3
,0.21,0.182,0.712,1.0,,1787593560009.5134,29.92,23.2,0.92,0.35,1787593560009.5134,False,,,5,OP1,C2_WIFI_CARGA_MEDIA,N3
,0.21,0.182,0.713,1.0,,1787593560035.3547,29.955,23.2,0.92,0.35,1787593560035.3547,False,,,5,OP1,C2_WIFI_CARGA_MEDIA,N3
,0.21,0.183,0.712,1.0,,1787593560071.5288,29.92,23.2,0.98,0.35,1787593560073.526,False,,,5,OP1,C2_WIFI_CARGA_MEDIA,N3
,0.209,0.184,0.711,1.0,,1787593560115.7727,29.885,23.28,1.04,0.35,1787593560115.7727,False,,,5,OP1,C2_WIFI_CARGA_MEDIA,N3
,0.21,0.184,0.711,1.0,,1787593560153.457,29.885,23.2,1.04,0.35,1787593560155.4636,False,,,5,OP1,C2_WIFI_CARGA_MEDIA,N3
,0.21,0.185,0.711,1.0,,1787593560175.953,29.885,23.2,1.1,0.35,1787593560177.9688,False,,,5,OP1,C2_WIFI_CARGA_MEDIA,N3
,0.212,0.187,0.71,1.0,,1787593560225.9438,29.85,23.04,1.22,0.35,1787593560225.9438,False,,,5,OP1,C2_WIFI_CARGA_MEDIA,N3
,0.213,0.188,0.711,1.0,,1787593560261.3345,29.885,22.96,1.28,0.35,1787593560261.3345,False,,,5,OP1,C2_WIFI_CARGA_MEDIA,N3
,0.215,0.188,0.715,1.0,,1787593560320.063,30.025,22.8,1.28,0.35,1787593560322.079,False,,,5,OP1,C2_WIFI_CARGA_MEDIA,N3
,0.219,0.187,0.721,1.0,,1787593560361.1567,30.235,22.48,1.22,0.35,1787593560361.1567,False,,,5,OP1,C2_WIFI_CARGA_MEDIA,N3
,0.223,0.186,0.724,1.0,,1787593560403.7864,30.34,22.16,1.16,0.35,1787593560405.7993,False,,,5,OP1,C2_WIFI_CARGA_MEDIA,N3
,0.23,0.183,0.728,1.0,,1787593560434.4604,30.48,21.6,0.98,0.35,1787593560434.4604,False,,,5,OP1,C2_WIFI_CARGA_MEDIA,N3
,0.234,0.182,0.729,1.0,,1787593560480.27,30.515,21.28,0.92,0.35,1787593560482.285,False,,,5,OP1,C2_WIFI_CARGA_MEDIA,N3
,0.237,0.182,0.729,1.0,,1787593560507.3357,30.515,21.04,0.92,0.35,1787593560507.3357,False,,,5,OP1,C2_WIFI_CARGA_MEDIA,N3
,0.243,0.179,0.729,1.0,,1787593560574.0027,30.515,20.56,0.74,0.35,1787593560575.0007,False,,,5,OP1,C2_WIFI_CARGA_MEDIA,N3
,0.246,0.178,0.727,1.0,,1787593560623.6206,30.445,20.32,0.68,0.35,1787593560623.6206,False,,,5,OP1,C2_WIFI_CARGA_MEDIA,N3
,0.248,0.178,0.726,1.0,,1787593560677.5168,30.41,20.16,0.68,0.35,1787593560677.5168,False,,,5,OP1,C2_WIFI_CARGA_MEDIA,N3
,0.249,0.178,0.726,1.0,,1787593560710.518,30.41,20.08,0.68,0.35,1787593560710.518,False,,,5,OP1,C2_WIFI_CARGA_MEDIA,N3
,0.25,0.178,0.726,1.0,,1787593560734.9802,30.41,20.0,0.68,0.35,1787593560736.994,False,,,5,OP1,C2_WIFI_CARGA_MEDIA,N3
,0.251,0.178,0.727,1.0,,1787593560764.1047,30.445,19.92,0.68,0.35,1787593560764.1047,False,,,5,OP1,C2_WIFI_CARGA_MEDIA,N3
,0.253,0.179,0.728,1.0,,1787593560814.2666,30.48,19.76,0.74,0.35,1787593560814.2666,False,,,5,OP1,C2_WIFI_CARGA_MEDIA,N3
,0.254,0.179,0.728,1.0,,1787593560847.083,30.48,19.68,0.74,0.35,1787593560847.083,False,,,5,OP1,C2_WIFI_CARGA_MEDIA,N3
,0.255,0.18,0.728,1.0,,1787593560901.1934,30.48,19.6,0.8,0.35,1787593560902.5632,False,,,5,OP1,C2_WIFI_CARGA_MEDIA,N3
,0.256,0.18,0.728,1.0,,1787593561055.9453,30.48,19.52,0.8,0.35,1787593561055.9453,False,,,5,OP1,C2_WIFI_CARGA_MEDIA,N3
,0.257,0.183,0.728,1.0,,1787593561208.1135,30.48,19.44,0.98,0.35,1787593561208.1135,False,,,5,OP1,C2_WIFI_CARGA_MEDIA,N3
,0.258,0.184,0.736,1.0,,1787593561268.6426,30.76,19.36,1.04,0.35,1787593561268.6426,False,,,5,OP1,C2_WIFI_CARGA_MEDIA,N3
,0.258,0.185,0.738,1.0,,1787593561297.222,30.83,19.36,1.1,0.35,1787593561297.222,False,,,5,OP1,C2_WIFI_CARGA_MEDIA,N3
,0.257,0.185,0.744,1.0,,1787593561349.326,31.04,19.44,1.1,0.35,1787593561349.326,False,,,5,OP1,C2_WIFI_CARGA_MEDIA,N3
,0.256,0.184,0.75,1.0,,1787593561372.9932,31.25,19.52,1.04,0.35,1787593561374.0916,False,,,5,OP1,C2_WIFI_CARGA_MEDIA,N3
,0.255,0.183,0.76,1.0,,1787593561407.2244,31.6,19.6,0.98,0.35,1787593561408.736,False,,,5,OP1,C2_WIFI_CARGA_MEDIA,N3
,0.251,0.179,0.777,1.0,,1787593561451.6987,32.195,19.92,0.74,0.35,1787593561451.6987,False,,,5,OP1,C2_WIFI_CARGA_MEDIA,N3
,0.25,0.178,0.782,1.0,,1787593561480.5537,32.37,20.0,0.68,0.35,1787593561481.4988,False,,,5,OP1,C2_WIFI_CARGA_MEDIA,N3
,0.249,0.177,0.783,1.0,,1787593561505.2046,32.405,20.08,0.62,0.35,1787593561505.769,False,,,5,OP1,C2_WIFI_CARGA_MEDIA,N3
,0.249,0.177,0.784,1.0,,1787593561545.796,32.44,20.08,0.62,0.35,1787593561546.8032,False,,,5,OP1,C2_WIFI_CARGA_MEDIA,N3
,0.249,0.176,0.786,1.0,,1787593561574.251,32.51,20.08,0.56,0.35,1787593561575.353,False,,,5,OP1,C2_WIFI_CARGA_MEDIA,N3
,0.249,0.175,0.788,1.0,,1787593561597.568,32.58,20.08,0.5,0.35,1787593561597.568,False,,,5,OP1,C2_WIFI_CARGA_MEDIA,N3
,0.249,0.175,0.79,1.0,,1787593561618.1616,32.65,20.08,0.5,0.35,1787593561618.1616,False,,,5,OP1,C2_WIFI_CARGA_MEDIA,N3
,0.25,0.174,0.792,1.0,,1787593561652.991,32.72,20.0,0.44,0.35,1787593561653.9414,False,,,5,OP1,C2_WIFI_CARGA_MEDIA,N3
,0.251,0.172,0.793,1.0,,1787593561673.7856,32.755,19.92,0.32,0.35,1787593561675.8398,False,,,5,OP1,C2_WIFI_CARGA_MEDIA,N3
,0.251,0.171,0.795,1.0,,1787593561712.2751,32.825,19.92,0.26,0.35,1787593561712.2751,False,,,5,OP1,C2_WIFI_CARGA_MEDIA,N3
,0.252,0.17,0.795,1.0,,1787593561769.6506,32.825,19.84,0.2,0.35,1787593561772.184,False,,,5,OP1,C2_WIFI_CARGA_MEDIA,N3
,0.252,0.168,0.795,1.0,,1787593561822.1182,32.825,19.84,0.08,0.35,1787593561822.999,False,,,5,OP1,C2_WIFI_CARGA_MEDIA,N3
,0.251,0.167,0.795,1.0,,1787593561848.18,32.825,19.92,0.02,0.35,1787593561853.7686,False,,,5,OP1,C2_WIFI_CARGA_MEDIA,N3
,0.251,0.166,0.796,1.0,,1787593561877.3933,32.86,19.92,-0.04,0.35,1787593561877.3933,False,,,5,OP1,C2_WIFI_CARGA_MEDIA,N3
,0.251,0.165,0.797,1.0,,1787593561905.9165,32.895,19.92,-0.1,0.35,1787593561908.2805,False,,,5,OP1,C2_WIFI_CARGA_MEDIA,N3
,0.25,0.164,0.8,1.0,,1787593561950.4917,33.0,20.0,-0.16,0.35,1787593561950.4917,False,,,5,OP1,C2_WIFI_CARGA_MEDIA,N3
,0.249,0.163,0.801,1.0,,1787593561976.7063,33.035,20.08,-0.22,0.35,1787593561978.7217,False,,,5,OP1,C2_WIFI_CARGA_MEDIA,N3
,0.249,0.163,0.802,1.0,,1787593562013.252,33.07,20.08,-0.22,0.35,1787593562013.252,False,,,5,OP1,C2_WIFI_CARGA_MEDIA,N3
,0.248,0.162,0.803,1.0,,1787593562046.9155,33.105,20.16,-0.28,0.35,1787593562048.4402,False,,,5,OP1,C2_WIFI_CARGA_MEDIA,N3
,0.247,0.158,0.805,1.0,,1787593562088.4014,33.175,20.24,-0.52,0.35,1787593562088.4014,False,,,5,OP1,C2_WIFI_CARGA_MEDIA,N3
,0.247,0.155,0.806,1.0,,1787593562115.8513,33.21,20.24,-0.7,0.35,1787593562115.8513,False,,,5,OP1,C2_WIFI_CARGA_MEDIA,N3
,0.247,0.152,0.807,1.0,,1787593562156.604,33.245,20.24,-0.88,0.35,1787593562156.604,False,,,5,OP1,C2_WIFI_CARGA_MEDIA,N3
,0.247,0.149,0.809,1.0,,1787593562185.7144,33.315,20.24,-1.06,0.35,1787593562186.7112,False,,,5,OP1,C2_WIFI_CARGA_MEDIA,N3
,0.247,0.147,0.81,1.0,,1787593562206.198,33.35,20.24,-1.18,0.35,1787593562206.198,False,,,5,OP1,C2_WIFI_CARGA_MEDIA,N3
,0.247,0.145,0.809,1.0,,1787593562228.1345,33.315,20.24,-1.3,0.35,1787593562242.7024,False,,,5,OP1,C2_WIFI_CARGA_MEDIA,N3
,0.248,0.134,0.809,1.0,,1787593562291.437,33.315,20.16,-1.96,0.35,1787593562291.437,False,,,5,OP1,C2_WIFI_CARGA_MEDIA,N3
,0.248,0.129,0.807,1.0,,1787593562312.285,33.245,20.16,-2.26,0.35,1787593562314.2998,False,,,5,OP1,C2_WIFI_CARGA_MEDIA,N3
,0.247,0.124,0.803,1.0,,1787593562353.22,33.105,20.24,-2.56,0.35,1787593562353.22,False,,,5,OP1,C2_WIFI_CARGA_MEDIA,N3
,0.246,0.121,0.8,1.0,,1787593562383.6042,33.0,20.32,-2.74,0.35,1787593562383.6042,False,,,5,OP1,C2_WIFI_CARGA_MEDIA,N3
,0.245,0.117,0.795,1.0,,1787593562421.8987,32.825,20.4,-2.98,0.35,1787593562421.8987,False,,,5,OP1,C2_WIFI_CARGA_MEDIA,N3
,0.245,0.116,0.795,1.0,,1787593562457.5847,32.825,20.4,-3.04,0.35,1787593562457.5847,False,,,5,OP1,C2_WIFI_CARGA_MEDIA,N3
,0.245,0.116,0.794,1.0,,1787593562490.188,32.79,20.4,-3.04,0.35,1787593562490.188,False,,,5,OP1,C2_WIFI_CARGA_MEDIA,N3
,0.246,0.115,0.794,1.0,,1787593562514.6177,32.79,20.32,-3.1,0.35,1787593562516.6304,False,,,5,OP1,C2_WIFI_CARGA_MEDIA,N3
,0.246,0.115,0.793,1.0,,1787593562550.177,32.755,20.32,-3.1,0.35,1787593562550.757,False,,,5,OP1,C2_WIFI_CARGA_MEDIA,N3
,0.247,0.114,0.793,1.0,,1787593562592.7993,32.755,20.24,-3.16,0.35,1787593562592.7993,False,,,5,OP1,C2_WIFI_CARGA_MEDIA,N3
,0.248,0.111,0.798,1.0,,1787593562615.6702,32.93,20.16,-3.34,0.35,1787593562615.6702,False,,,5,OP1,C2_WIFI_CARGA_MEDIA,N3
,0.248,0.109,0.802,1.0,,1787593562658.9062,33.07,20.16,-3.46,0.35,1787593562658.9062,False,,,5,OP1,C2_WIFI_CARGA_MEDIA,N3
,0.249,0.107,0.803,1.0,,1787593562714.424,33.105,20.08,-3.58,0.35,1787593562715.5288,False,,,5,OP1,C2_WIFI_CARGA_MEDIA,N3
,0.253,0.098,0.802,1.0,,1787593562773.06,33.07,19.76,-4.12,0.35,1787593562774.3784,False,,,5,OP1,C2_WIFI_CARGA_MEDIA,N3
,0.255,0.094,0.801,1.0,,1787593562820.8235,33.035,19.6,-4.36,0.35,1787593562820.8235,False,,,5,OP1,C2_WIFI_CARGA_MEDIA,N3
,0.256,0.091,0.8,1.0,,1787593562855.4478,33.0,19.52,-4.54,0.35,1787593562857.3645,False,,,5,OP1,C2_WIFI_CARGA_MEDIA,N3
,0.26,0.086,0.8,1.0,,1787593562896.7913,33.0,19.2,-4.84,0.35,1787593562908.4004,False,,,5,OP1,C2_WIFI_CARGA_MEDIA,N3
,0.264,0.083,0.8,1.0,,1787593562965.2295,33.0,18.88,-5.02,0.35,1787593562967.4414,False,,,5,OP1,C2_WIFI_CARGA_MEDIA,N3
,0.267,0.083,0.801,1.0,,1787593563013.811,33.035,18.64,-5.02,0.35,1787593563015.8232,False,,,5,OP1,C2_WIFI_CARGA_MEDIA,N3
,0.268,0.083,0.8,1.0,,1787593563034.599,33.0,18.56,-5.02,0.35,1787593563034.599,False,,,5,OP1,C2_WIFI_CARGA_MEDIA,N3
,0.269,0.084,0.799,1.0,,1787593563078.0334,32.965,18.48,-4.96,0.35,1787593563078.5222,False,,,5,OP1,C2_WIFI_CARGA_MEDIA,N3
,0.271,0.087,0.799,1.0,,1787593563127.7332,32.965,18.32,-4.78,0.35,1787593563129.7578,False,,,5,OP1,C2_WIFI_CARGA_MEDIA,N3
,0.272,0.088,0.798,1.0,,1787593563162.1772,32.93,18.24,-4.72,0.35,1787593563163.1443,False,,,5,OP1,C2_WIFI_CARGA_MEDIA,N3
,0.272,0.09,0.796,1.0,,1787593563210.106,32.86,18.24,-4.6,0.35,1787593563210.106,False,,,5,OP1,C2_WIFI_CARGA_MEDIA,N3
,0.273,0.091,0.796,1.0,,1787593563241.6028,32.86,18.16,-4.54,0.35,1787593563242.518,False,,,5,OP1,C2_WIFI_CARGA_MEDIA,N3
,0.274,0.091,0.794,1.0,,1787593563293.8352,32.79,18.08,-4.54,0.35,1787593563295.1577,False,,,5,OP1,C2_WIFI_CARGA_MEDIA,N3
,0.274,0.092,0.794,1.0,,1787593563329.7827,32.79,18.08,-4.48,0.35,1787593563330.7815,False,,,5,OP1,C2_WIFI_CARGA_MEDIA,N3
,0.274,0.092,0.792,1.0,,1787593563374.4153,32.72,18.08,-4.48,0.35,1787593563387.2136,False,,,5,OP1,C2_WIFI_CARGA_MEDIA,N3
,0.275,0.092,0.791,1.0,,1787593563426.6997,32.685,18.0,-4.48,0.35,1787593563426.6997,False,,,5,OP1,C2_WIFI_CARGA_MEDIA,N3
,0.275,0.092,0.791,1.0,,1787593563466.87,32.685,18.0,-4.48,0.35,1787593563466.87,False,,,5,OP1,C2_WIFI_CARGA_MEDIA,N3
,0.276,0.092,0.79,1.0,,1787593563580.466,32.65,17.92,-4.48,0.35,1787593563580.466,False,,,5,OP1,C2_WIFI_CARGA_MEDIA,N3
,0.281,0.097,0.791,1.0,,1787593563635.171,32.685,17.52,-4.18,0.35,1787593563635.171,False,,,5,OP1,C2_WIFI_CARGA_MEDIA,N3
,0.281,0.099,0.794,1.0,,1787593563790.5598,32.79,17.52,-4.06,0.35,1787593563790.5598,False,,,5,OP1,C2_WIFI_CARGA_MEDIA,N3
,0.277,0.105,0.802,1.0,,1787593563829.2163,33.07,17.84,-3.7,0.35,1787593563831.229,False,,,5,OP1,C2_WIFI_CARGA_MEDIA,N3
,0.275,0.106,0.802,1.0,,1787593563886.2822,33.07,18.0,-3.64,0.35,1787593563886.2822,False,,,5,OP1,C2_WIFI_CARGA_MEDIA,N3
,0.274,0.108,0.805,1.0,,1787593563939.6987,33.175,18.08,-3.52,0.35,1787593563939.6987,False,,,5,OP1,C2_WIFI_CARGA_MEDIA,N3
,0.274,0.108,0.806,1.0,,1787593563961.3196,33.21,18.08,-3.52,0.35,1787593563961.3196,False,,,5,OP1,C2_WIFI_CARGA_MEDIA,N3
,0.275,0.109,0.808,1.0,,1787593564024.785,33.28,18.0,-3.46,0.35,1787593564024.785,False,,,5,OP1,C2_WIFI_CARGA_MEDIA,N3
,0.277,0.109,0.809,1.0,,1787593564073.602,33.315,17.84,-3.46,0.35,1787593564073.602,False,,,5,OP1,C2_WIFI_CARGA_MEDIA,N3
,0.283,0.111,0.811,1.0,,1787593564125.1174,33.385,17.36,-3.34,0.35,1787593564126.6868,False,,,5,OP1,C2_WIFI_CARGA_MEDIA,N3
,0.288,0.114,0.811,1.0,,1787593564191.1304,33.385,16.96,-3.16,0.35,1787593564191.1304,False,,,5,OP1,C2_WIFI_CARGA_MEDIA,N3
,0.29,0.116,0.811,1.0,,1787593564332.325,33.385,16.8,-3.04,0.35,1787593564333.6765,False,,,5,OP1,C2_WIFI_CARGA_MEDIA,N3
,0.291,0.123,0.812,1.0,,1787593564356.0034,33.42,16.72,-2.62,0.35,1787593564356.0034,False,,,5,OP1,C2_WIFI_CARGA_MEDIA,N3
,0.289,0.126,0.813,1.0,,1787593564396.6685,33.455,16.88,-2.44,0.35,1787593564397.7957,False,,,5,OP1,C2_WIFI_CARGA_MEDIA,N3
,0.288,0.127,0.816,1.0,,1787593564435.761,33.56,16.96,-2.38,0.35,1787593564435.761,False,,,5,OP1,C2_WIFI_CARGA_MEDIA,N3
,0.286,0.128,0.822,1.0,,1787593564498.0923,33.77,17.12,-2.32,0.35,1787593564498.7085,False,,,5,OP1,C2_WIFI_CARGA_MEDIA,N3
,0.286,0.128,0.823,1.0,,1787593564528.158,33.805,17.12,-2.32,0.35,1787593564528.158,False,,,5,OP1,C2_WIFI_CARGA_MEDIA,N3
,0.285,0.128,0.823,1.0,,1787593564576.5337,33.805,17.2,-2.32,0.35,1787593564576.5337,False,,,5,OP1,C2_WIFI_CARGA_MEDIA,N3
,0.285,0.128,0.823,1.0,,1787593564598.65,33.805,17.2,-2.32,0.35,1787593564599.6638,False,,,5,OP1,C2_WIFI_CARGA_MEDIA,N3
,0.284,0.128,0.822,1.0,,1787593564636.6892,33.77,17.28,-2.32,0.35,1787593564638.702,False,,,5,OP1,C2_WIFI_CARGA_MEDIA,N3
,0.284,0.129,0.823,1.0,,1787593564833.8738,33.805,17.28,-2.26,0.35,1787593564834.49,False,,,5,OP1,C2_WIFI_CARGA_MEDIA,N3
,0.283,0.137,0.814,0.487,,1787593564889.3916,33.49,17.36,-1.78,0.8887,1787593564890.46,False,,,5,OP1,C2_WIFI_CARGA_MEDIA,N3
,0.283,0.139,0.811,0.336,,1787593564932.0952,33.385,17.36,-1.66,1.0472,1787593564932.0952,False,,,5,OP1,C2_WIFI_CARGA_MEDIA,N3
,0.283,0.144,0.802,0.234,,1787593564998.1694,33.07,17.36,-1.36,1.1543,1787593564998.1694,False,,,5,OP1,C2_WIFI_CARGA_MEDIA,N3
,0.283,0.146,0.798,0.217,,1787593565019.12,32.93,17.36,-1.24,1.1722,1787593565019.12,False,,,5,OP1,C2_WIFI_CARGA_MEDIA,N3
,0.282,0.15,0.79,0.197,,1787593565074.6782,32.65,17.44,-1.0,1.1931,1787593565074.6782,False,,,5,OP1,C2_WIFI_CARGA_MEDIA,N3
,0.282,0.151,0.787,0.19,,1787593565101.2913,32.545,17.44,-0.94,1.2005,1787593565101.2913,False,,,5,OP1,C2_WIFI_CARGA_MEDIA,N3
,0.281,0.152,0.783,0.174,,1787593565148.742,32.405,17.52,-0.88,1.2173,1787593565148.742,False,,,5,OP1,C2_WIFI_CARGA_MEDIA,N3
,0.281,0.153,0.781,0.159,,1787593565182.0425,32.335,17.52,-0.82,1.233,1787593565182.0425,False,,,5,OP1,C2_WIFI_CARGA_MEDIA,N3
,0.281,0.154,0.779,0.142,,1787593565203.642,32.265,17.52,-0.76,1.2509,1787593565203.642,False,,,5,OP1,C2_WIFI_CARGA_MEDIA,N3
,0.281,0.154,0.777,0.13,,1787593565248.978,32.195,17.52,-0.76,1.2635,1787593565248.978,False,,,5,OP1,C2_WIFI_CARGA_MEDIA,N3
,0.28,0.155,0.776,0.122,,1787593565276.7588,32.16,17.6,-0.7,1.2719,1787593565276.7588,False,,,5,OP1,C2_WIFI_CARGA_MEDIA,N3
,0.28,0.156,0.774,0.113,,1787593565303.2786,32.09,17.6,-0.64,1.2813,1787593565304.2927,False,,,5,OP1,C2_WIFI_CARGA_MEDIA,N3
,0.28,0.157,0.773,0.105,,1787593565334.5286,32.055,17.6,-0.58,1.2897,1787593565334.5286,False,,,5,OP1,C2_WIFI_CARGA_MEDIA,N3
,0.28,0.157,0.773,0.092,,1787593565372.0415,32.055,17.6,-0.58,1.3034,1787593565372.0415,False,,,5,OP1,C2_WIFI_CARGA_MEDIA,N3
,0.28,0.157,0.772,0.088,,1787593565405.0464,32.02,17.6,-0.58,1.3076,1787593565405.0464,False,,,5,OP1,C2_WIFI_CARGA_MEDIA,N3
,0.28,0.157,0.772,0.085,,1787593565610.6873,32.02,17.6,-0.58,1.3107,1787593565612.6953,False,,,5,OP1,C2_WIFI_CARGA_MEDIA,N3
,0.276,0.154,0.776,0.064,,1787593565665.1655,32.16,17.92,-0.76,1.3328,1787593565665.1655,False,,,5,OP1,C2_WIFI_CARGA_MEDIA,N3
,0.276,0.153,0.776,0.061,,1787593565697.3877,32.16,17.92,-0.82,1.3359,1787593565697.3877,False,,,5,OP1,C2_WIFI_CARGA_MEDIA,N3
,0.276,0.152,0.776,0.055,,1787593565751.7087,32.16,17.92,-0.88,1.3422,1787593565755.0862,False,,,5,OP1,C2_WIFI_CARGA_MEDIA,N3
,0.276,0.151,0.778,0.052,,1787593565797.365,32.23,17.92,-0.94,1.3454,1787593565797.365,False,,,5,OP1,C2_WIFI_CARGA_MEDIA,N3
,0.276,0.15,0.779,0.05,,1787593565824.6082,32.265,17.92,-1.0,1.3475,1787593565825.6658,False,,,5,OP1,C2_WIFI_CARGA_MEDIA,N3
,0.276,0.15,0.779,0.05,,1787593565862.5222,32.265,17.92,-1.0,1.3475,1787593565862.5222,False,,,5,OP1,C2_WIFI_CARGA_MEDIA,N3
,0.275,0.149,0.778,0.048,,1787593565908.337,32.23,18.0,-1.06,1.3496,1787593565909.2349,False,,,5,OP1,C2_WIFI_CARGA_MEDIA,N3
,0.275,0.149,0.779,0.048,,1787593565947.0884,32.265,18.0,-1.06,1.3496,1787593565947.6523,False,,,5,OP1,C2_WIFI_CARGA_MEDIA,N3
,0.274,0.148,0.78,0.047,,1787593565972.548,32.3,18.08,-1.12,1.3506,1787593565974.0522,False,,,5,OP1,C2_WIFI_CARGA_MEDIA,N3
,0.274,0.148,0.781,0.047,,1787593565997.3203,32.335,18.08,-1.12,1.3506,1787593565997.3203,False,,,5,OP1,C2_WIFI_CARGA_MEDIA,N3
,0.273,0.147,0.782,0.046,,1787593566046.6885,32.37,18.16,-1.18,1.3517,1787593566055.5083,False,,,5,OP1,C2_WIFI_CARGA_MEDIA,N3
,0.273,0.147,0.782,0.046,,1787593566073.5647,32.37,18.16,-1.18,1.3517,1787593566073.5647,False,,,5,OP1,C2_WIFI_CARGA_MEDIA,N3
,0.273,0.147,0.78,0.046,,1787593566112.554,32.3,18.16,-1.18,1.3517,1787593566112.554,False,,,5,OP1,C2_WIFI_CARGA_MEDIA,N3
,0.273,0.146,0.78,0.043,,1787593566168.7449,32.3,18.16,-1.24,1.3548,1787593566168.7449,False,,,5,OP1,C2_WIFI_CARGA_MEDIA,N3
,0.274,0.146,0.779,0.041,,1787593566196.963,32.265,18.08,-1.24,1.3569,1787593566196.963,False,,,5,OP1,C2_WIFI_CARGA_MEDIA,N3
,0.273,0.148,0.777,0.037,,1787593566252.634,32.195,18.16,-1.12,1.3611,1787593566253.7588,False,,,5,OP1,C2_WIFI_CARGA_MEDIA,N3
,0.272,0.148,0.777,0.036,,1787593566303.9038,32.195,18.24,-1.12,1.3622,1787593566303.9038,False,,,5,OP1,C2_WIFI_CARGA_MEDIA,N3
,0.271,0.149,0.775,0.035,,1787593566364.5747,32.125,18.32,-1.06,1.3632,1787593566364.5747,False,,,5,OP1,C2_WIFI_CARGA_MEDIA,N3
,0.27,0.149,0.773,0.034,,1787593566412.9558,32.055,18.4,-1.06,1.3643,1787593566412.9558,False,,,5,OP1,C2_WIFI_CARGA_MEDIA,N3
,0.27,0.149,0.773,0.033,,1787593566439.6692,32.055,18.4,-1.06,1.3653,1787593566440.9136,False,,,5,OP1,C2_WIFI_CARGA_MEDIA,N3
,0.269,0.149,0.774,0.032,,1787593566476.173,32.09,18.48,-1.06,1.3664,1787593566478.1875,False,,,5,OP1,C2_WIFI_CARGA_MEDIA,N3
,0.269,0.15,0.773,0.029,,1787593566528.1567,32.055,18.48,-1.0,1.3695,1787593566528.1567,False,,,5,OP1,C2_WIFI_CARGA_MEDIA,N3
,0.269,0.15,0.772,0.025,,1787593566586.0708,32.02,18.48,-1.0,1.3737,1787593566588.0835,False,,,5,OP1,C2_WIFI_CARGA_MEDIA,N3
,0.269,0.149,0.771,0.023,,1787593566637.4702,31.985,18.48,-1.06,1.3759,1787593566637.4702,False,,,5,OP1,C2_WIFI_CARGA_MEDIA,N3
,0.268,0.15,0.771,0.021,,1787593566665.0083,31.985,18.56,-1.0,1.378,1787593566665.0083,False,,,5,OP1,C2_WIFI_CARGA_MEDIA,N3
,0.269,0.15,0.772,0.02,,1787593566697.2092,32.02,18.48,-1.0,1.379,1787593566697.2092,False,,,5,OP1,C2_WIFI_CARGA_MEDIA,N3
,0.269,0.15,0.775,0.019,,1787593566746.7346,32.125,18.48,-1.0,1.38,1787593566746.7346,False,,,5,OP1,C2_WIFI_CARGA_MEDIA,N3
,0.269,0.149,0.776,0.02,,1787593566779.2856,32.16,18.48,-1.06,1.379,1787593566779.2856,False,,,5,OP1,C2_WIFI_CARGA_MEDIA,N3
,0.268,0.149,0.777,0.02,,1787593566802.7705,32.195,18.56,-1.06,1.379,1787593566804.4058,False,,,5,OP1,C2_WIFI_CARGA_MEDIA,N3
,0.268,0.148,0.778,0.022,,1787593566834.793,32.23,18.56,-1.12,1.3769,1787593566834.793,False,,,5,OP1,C2_WIFI_CARGA_MEDIA,N3
,0.268,0.148,0.778,0.023,,1787593566893.2344,32.23,18.56,-1.12,1.3759,1787593566895.3396,False,,,5,OP1,C2_WIFI_CARGA_MEDIA,N3
,0.269,0.147,0.779,0.022,,1787593566941.3213,32.265,18.48,-1.18,1.3769,1787593566941.3213,False,,,5,OP1,C2_WIFI_CARGA_MEDIA,N3
,0.269,0.147,0.779,0.021,,1787593566977.3665,32.265,18.48,-1.18,1.378,1787593566979.3767,False,,,5,OP1,C2_WIFI_CARGA_MEDIA,N3
,0.269,0.148,0.78,0.021,,1787593567028.8044,32.3,18.48,-1.12,1.378,1787593567028.8044,False,,,5,OP1,C2_WIFI_CARGA_MEDIA,N3
,0.269,0.148,0.78,0.023,,1787593567060.8354,32.3,18.48,-1.12,1.3759,1787593567061.906,False,,,5,OP1,C2_WIFI_CARGA_MEDIA,N3
,0.268,0.149,0.78,0.028,,1787593567102.2092,32.3,18.56,-1.06,1.3706,1787593567102.2092,False,,,5,OP1,C2_WIFI_CARGA_MEDIA,N3
,0.268,0.15,0.78,0.031,,1787593567136.662,32.3,18.56,-1.0,1.3674,1787593567136.662,False,,,5,OP1,C2_WIFI_CARGA_MEDIA,N3
,0.267,0.15,0.782,0.037,,1787593567195.181,32.37,18.64,-1.0,1.3611,1787593567196.2036,False,,,5,OP1,C2_WIFI_CARGA_MEDIA,N3
,0.267,0.151,0.782,0.038,,1787593567242.9238,32.37,18.64,-0.94,1.3601,1787593567242.9238,False,,,5,OP1,C2_WIFI_CARGA_MEDIA,N3
,0.267,0.151,0.783,0.038,,1787593567283.1758,32.405,18.64,-0.94,1.3601,1787593567283.1758,False,,,5,OP1,C2_WIFI_CARGA_MEDIA,N3
,0.267,0.151,0.784,0.071,,1787593567322.1782,32.44,18.64,-0.94,1.3255,1787593567322.1782,False,,,5,OP1,C2_WIFI_CARGA_MEDIA,N3
,0.266,0.152,0.784,0.25,,1787593567352.9607,32.44,18.72,-0.88,1.1375,1787593567353.9758,False,,,5,OP1,C2_WIFI_CARGA_MEDIA,N3
,0.266,0.152,0.785,0.395,,1787593567387.0374,32.475,18.72,-0.88,0.9852,1787593567396.7825,False,,,5,OP1,C2_WIFI_CARGA_MEDIA,N3
,0.264,0.151,0.79,0.878,,1787593567447.261,32.65,18.88,-0.94,0.4781,1787593567447.261,False,,,5,OP1,C2_WIFI_CARGA_MEDIA,N3
,0.264,0.152,0.796,1.0,,1787593567477.5244,32.86,18.88,-0.88,0.35,1787593567479.5198,False,,,5,OP1,C2_WIFI_CARGA_MEDIA,N3
,0.261,0.15,0.809,1.0,,1787593567518.3452,33.315,19.12,-1.0,0.35,1787593567518.3452,False,,,5,OP1,C2_WIFI_CARGA_MEDIA,N3
,0.259,0.148,0.816,1.0,,1787593567551.9766,33.56,19.28,-1.12,0.35,1787593567551.9766,False,,,5,OP1,C2_WIFI_CARGA_MEDIA,N3
,0.258,0.148,0.815,1.0,,1787593567578.6255,33.525,19.36,-1.12,0.35,1787593567578.6255,False,,,5,OP1,C2_WIFI_CARGA_MEDIA,N3
,0.257,0.147,0.816,1.0,,1787593567627.2375,33.56,19.44,-1.18,0.35,1787593567627.2375,False,,,5,OP1,C2_WIFI_CARGA_MEDIA,N3
,0.256,0.147,0.816,1.0,,1787593567655.7373,33.56,19.52,-1.18,0.35,1787593567655.7373,False,,,5,OP1,C2_WIFI_CARGA_MEDIA,N3
,0.256,0.147,0.816,1.0,,1787593567698.7883,33.56,19.52,-1.18,0.35,1787593567700.795,False,,,5,OP1,C2_WIFI_CARGA_MEDIA,N3
,0.255,0.148,0.816,1.0,,1787593567726.7078,33.56,19.6,-1.12,0.35,1787593567728.7146,False,,,5,OP1,C2_WIFI_CARGA_MEDIA,N3
,0.255,0.148,0.815,1.0,,1787593567755.087,33.525,19.6,-1.12,0.35,1787593567757.454,False,,,5,OP1,C2_WIFI_CARGA_MEDIA,N3
,0.255,0.148,0.815,1.0,,1787593567926.9868,33.525,19.6,-1.12,0.35,1787593567926.9868,False,,,5,OP1,C2_WIFI_CARGA_MEDIA,N3
,0.255,0.149,0.809,1.0,,1787593568089.621,33.315,19.6,-1.06,0.35,1787593568093.0393,False,,,5,OP1,C2_WIFI_CARGA_MEDIA,N3
,0.253,0.145,0.813,1.0,,1787593568135.0564,33.455,19.76,-1.3,0.35,1787593568135.0564,False,,,5,OP1,C2_WIFI_CARGA_MEDIA,N3
,0.252,0.143,0.815,1.0,,1787593568158.941,33.525,19.84,-1.42,0.35,1787593568160.0808,False,,,5,OP1,C2_WIFI_CARGA_MEDIA,N3
,0.252,0.142,0.816,1.0,,1787593568201.944,33.56,19.84,-1.48,0.35,1787593568201.944,False,,,5,OP1,C2_WIFI_CARGA_MEDIA,N3
,0.252,0.14,0.817,1.0,,1787593568238.6167,33.595,19.84,-1.6,0.35,1787593568238.6167,False,,,5,OP1,C2_WIFI_CARGA_MEDIA,N3
,0.253,0.139,0.818,1.0,,1787593568261.4724,33.63,19.76,-1.66,0.35,1787593568261.8735,False,,,5,OP1,C2_WIFI_CARGA_MEDIA,N3
,0.252,0.139,0.817,1.0,,1787593568305.1045,33.595,19.84,-1.66,0.35,1787593568305.1045,False,,,5,OP1,C2_WIFI_CARGA_MEDIA,N3
,0.252,0.139,0.817,1.0,,1787593568336.8755,33.595,19.84,-1.66,0.35,1787593568336.8755,False,,,5,OP1,C2_WIFI_CARGA_MEDIA,N3
,0.252,0.139,0.817,1.0,,1787593568361.662,33.595,19.84,-1.66,0.35,1787593568362.4094,False,,,5,OP1,C2_WIFI_CARGA_MEDIA,N3
,0.252,0.139,0.817,1.0,,1787593568395.8865,33.595,19.84,-1.66,0.35,1787593568396.8833,False,,,5,OP1,C2_WIFI_CARGA_MEDIA,N3
,0.252,0.139,0.817,1.0,,1787593568439.5098,33.595,19.84,-1.66,0.35,1787593568439.5098,False,,,5,OP1,C2_WIFI_CARGA_MEDIA,N3
,0.252,0.139,0.817,1.0,,1787593568462.5808,33.595,19.84,-1.66,0.35,1787593568462.5808,False,,,5,OP1,C2_WIFI_CARGA_MEDIA,N3
,0.253,0.138,0.818,1.0,,1787593568506.608,33.63,19.76,-1.72,0.35,1787593568506.608,False,,,5,OP1,C2_WIFI_CARGA_MEDIA,N3
,0.253,0.138,0.818,1.0,,1787593568534.4788,33.63,19.76,-1.72,0.35,1787593568535.4785,False,,,5,OP1,C2_WIFI_CARGA_MEDIA,N3
,0.253,0.139,0.818,1.0,,1787593568561.2483,33.63,19.76,-1.66,0.35,1787593568563.474,False,,,5,OP1,C2_WIFI_CARGA_MEDIA,N3
,0.253,0.139,0.818,1.0,,1787593568605.5974,33.63,19.76,-1.66,0.35,1787593568605.5974,False,,,5,OP1,C2_WIFI_CARGA_MEDIA,N3
,0.253,0.139,0.818,1.0,,1787593568635.2305,33.63,19.76,-1.66,0.35,1787593568635.2305,False,,,5,OP1,C2_WIFI_CARGA_MEDIA,N3
,0.253,0.139,0.818,1.0,,1787593568664.066,33.63,19.76,-1.66,0.35,1787593568665.0637,False,,,5,OP1,C2_WIFI_CARGA_MEDIA,N3
,0.253,0.139,0.818,1.0,,1787593568702.9517,33.63,19.76,-1.66,0.35,1787593568702.9517,False,,,5,OP1,C2_WIFI_CARGA_MEDIA,N3
,0.253,0.139,0.818,1.0,,1787593568743.2378,33.63,19.76,-1.66,0.35,1787593568743.2378,False,,,5,OP1,C2_WIFI_CARGA_MEDIA,N3
,0.254,0.139,0.817,1.0,,1787593568774.879,33.595,19.68,-1.66,0.35,1787593568774.879,False,,,5,OP1,C2_WIFI_CARGA_MEDIA,N3
,0.254,0.139,0.817,1.0,,1787593568807.8962,33.595,19.68,-1.66,0.35,1787593568807.8962,False,,,5,OP1,C2_WIFI_CARGA_MEDIA,N3
,0.253,0.139,0.817,1.0,,1787593568834.1956,33.595,19.76,-1.66,0.35,1787593568834.1956,False,,,5,OP1,C2_WIFI_CARGA_MEDIA,N3
,0.253,0.139,0.816,1.0,,1787593568864.0833,33.56,19.76,-1.66,0.35,1787593568864.5935,False,,,5,OP1,C2_WIFI_CARGA_MEDIA,N3
,0.252,0.139,0.815,1.0,,1787593568898.26,33.525,19.84,-1.66,0.35,1787593568899.3125,False,,,5,OP1,C2_WIFI_CARGA_MEDIA,N3
,0.251,0.139,0.815,1.0,,1787593568947.2622,33.525,19.92,-1.66,0.35,1787593568949.2698,False,,,5,OP1,C2_WIFI_CARGA_MEDIA,N3
,0.251,0.139,0.817,1.0,,1787593569008.7314,33.595,19.92,-1.66,0.35,1787593569010.2395,False,,,5,OP1,C2_WIFI_CARGA_MEDIA,N3
,0.251,0.139,0.818,1.0,,1787593569034.39,33.63,19.92,-1.66,0.35,1787593569036.5637,False,,,5,OP1,C2_WIFI_CARGA_MEDIA,N3
,0.251,0.138,0.82,1.0,,1787593569076.781,33.7,19.92,-1.72,0.35,1787593569077.4436,False,,,5,OP1,C2_WIFI_CARGA_MEDIA,N3
,0.251,0.137,0.821,1.0,,1787593569287.402,33.735,19.92,-1.78,0.35,1787593569287.402,False,,,5,OP1,C2_WIFI_CARGA_MEDIA,N3
,0.254,0.135,0.825,1.0,,1787593569334.7014,33.875,19.68,-1.9,0.35,1787593569344.3076,False,,,5,OP1,C2_WIFI_CARGA_MEDIA,N3
,0.253,0.135,0.826,1.0,,1787593569384.7017,33.91,19.76,-1.9,0.35,1787593569384.7017,False,,,5,OP1,C2_WIFI_CARGA_MEDIA,N3
,0.253,0.135,0.826,1.0,,1787593569426.4675,33.91,19.76,-1.9,0.35,1787593569426.4675,False,,,5,OP1,C2_WIFI_CARGA_MEDIA,N3
,0.253,0.134,0.826,1.0,,1787593569448.642,33.91,19.76,-1.96,0.35,1787593569449.8845,False,,,5,OP1,C2_WIFI_CARGA_MEDIA,N3
,0.253,0.134,0.827,1.0,,1787593569503.319,33.945,19.76,-1.96,0.35,1787593569505.034,False,,,5,OP1,C2_WIFI_CARGA_MEDIA,N3
,0.253,0.133,0.826,1.0,,1787593569550.6316,33.91,19.76,-2.02,0.35,1787593569550.6316,False,,,5,OP1,C2_WIFI_CARGA_MEDIA,N3
,0.254,0.132,0.826,1.0,,1787593569594.0508,33.91,19.68,-2.08,0.35,1787593569595.0469,False,,,5,OP1,C2_WIFI_CARGA_MEDIA,N3
,0.254,0.131,0.828,1.0,,1787593569646.9575,33.98,19.68,-2.14,0.35,1787593569646.9575,False,,,5,OP1,C2_WIFI_CARGA_MEDIA,N3
,0.254,0.13,0.829,1.0,,1787593569697.1145,34.015,19.68,-2.2,0.35,1787593569697.1145,False,,,5,OP1,C2_WIFI_CARGA_MEDIA,N3
,0.255,0.13,0.83,1.0,,1787593569720.109,34.05,19.6,-2.2,0.35,1787593569720.109,False,,,5,OP1,C2_WIFI_CARGA_MEDIA,N3
,0.255,0.13,0.831,1.0,,1787593569747.034,34.085,19.6,-2.2,0.35,1787593569750.9106,False,,,5,OP1,C2_WIFI_CARGA_MEDIA,N3
,0.255,0.13,0.831,1.0,,1787593569790.518,34.085,19.6,-2.2,0.35,1787593569790.518,False,,,5,OP1,C2_WIFI_CARGA_MEDIA,N3
,0.254,0.129,0.833,1.0,,1787593569843.7734,34.155,19.68,-2.26,0.35,1787593569846.6755,False,,,5,OP1,C2_WIFI_CARGA_MEDIA,N3
,0.254,0.128,0.837,1.0,,1787593569900.79,34.295,19.68,-2.32,0.35,1787593569900.79,False,,,5,OP1,C2_WIFI_CARGA_MEDIA,N3
,0.253,0.128,0.839,1.0,,1787593570067.0122,34.365,19.76,-2.32,0.35,1787593570067.5852,False,,,5,OP1,C2_WIFI_CARGA_MEDIA,N3
,0.25,0.117,0.86,1.0,,1787593570122.7908,35.1,20.0,-2.98,0.35,1787593570124.0674,False,,,5,OP1,C2_WIFI_CARGA_MEDIA,N3
,0.251,0.112,0.867,1.0,,1787593570176.2505,35.345,19.92,-3.28,0.35,1787593570177.766,False,,,5,OP1,C2_WIFI_CARGA_MEDIA,N3
,0.252,0.11,0.869,1.0,,1787593570206.7122,35.415,19.84,-3.4,0.35,1787593570207.2864,False,,,5,OP1,C2_WIFI_CARGA_MEDIA,N3
,0.252,0.11,0.87,1.0,,1787593570258.8306,35.45,19.84,-3.4,0.35,1787593570258.8306,False,,,5,OP1,C2_WIFI_CARGA_MEDIA,N3
,0.252,0.11,0.874,1.0,,1787593570305.6477,35.59,19.84,-3.4,0.35,1787593570305.6477,False,,,5,OP1,C2_WIFI_CARGA_MEDIA,N3
,0.252,0.11,0.876,1.0,,1787593570329.4946,35.66,19.84,-3.4,0.35,1787593570330.5894,False,,,5,OP1,C2_WIFI_CARGA_MEDIA,N3
,0.252,0.11,0.878,1.0,,1787593570371.0498,35.73,19.84,-3.4,0.35,1787593570374.042,False,,,5,OP1,C2_WIFI_CARGA_MEDIA,N3
,0.252,0.109,0.878,1.0,,1787593570401.1587,35.73,19.84,-3.46,0.35,1787593570401.1587,False,,,5,OP1,C2_WIFI_CARGA_MEDIA,N3
,0.252,0.108,0.88,1.0,,1787593570431.8672,35.8,19.84,-3.52,0.35,1787593570432.9158,False,,,5,OP1,C2_WIFI_CARGA_MEDIA,N3
,0.253,0.107,0.881,1.0,,1787593570466.3438,35.835,19.76,-3.58,0.35,1787593570466.3438,False,,,5,OP1,C2_WIFI_CARGA_MEDIA,N3
,0.253,0.107,0.883,1.0,,1787593570507.953,35.905,19.76,-3.58,0.35,1787593570507.953,False,,,5,OP1,C2_WIFI_CARGA_MEDIA,N3
,0.254,0.105,0.884,1.0,,1787593570558.838,35.94,19.68,-3.7,0.35,1787593570558.838,False,,,5,OP1,C2_WIFI_CARGA_MEDIA,N3
,0.254,0.104,0.885,1.0,,1787593570588.7444,35.975,19.68,-3.76,0.35,1787593570597.077,False,,,5,OP1,C2_WIFI_CARGA_MEDIA,N3
,0.255,0.102,0.887,1.0,,1787593570616.4756,36.045,19.6,-3.88,0.35,1787593570618.7034,False,,,5,OP1,C2_WIFI_CARGA_MEDIA,N3
,0.255,0.101,0.888,1.0,,1787593570652.897,36.08,19.6,-3.94,0.35,1787593570653.8914,False,,,5,OP1,C2_WIFI_CARGA_MEDIA,N3
,0.255,0.099,0.888,1.0,,1787593570706.6406,36.08,19.6,-4.06,0.35,1787593570708.7024,False,,,5,OP1,C2_WIFI_CARGA_MEDIA,N3
,0.255,0.099,0.889,1.0,,1787593570755.2031,36.115,19.6,-4.06,0.35,1787593570755.2031,False,,,5,OP1,C2_WIFI_CARGA_MEDIA,N3
,0.255,0.099,0.889,1.0,,1787593570777.6028,36.115,19.6,-4.06,0.35,1787593570778.6013,False,,,5,OP1,C2_WIFI_CARGA_MEDIA,N3
,0.255,0.099,0.89,1.0,,1787593570815.922,36.15,19.6,-4.06,0.35,1787593570815.922,False,,,5,OP1,C2_WIFI_CARGA_MEDIA,N3
,0.255,0.099,0.892,1.0,,1787593570859.2043,36.22,19.6,-4.06,0.35,1787593570859.2043,False,,,5,OP1,C2_WIFI_CARGA_MEDIA,N3
,0.255,0.099,0.893,1.0,,1787593570882.7966,36.255,19.6,-4.06,0.35,1787593570883.9106,False,,,5,OP1,C2_WIFI_CARGA_MEDIA,N3
,0.255,0.1,0.893,1.0,,1787593570916.317,36.255,19.6,-4.0,0.35,1787593570916.317,False,,,5,OP1,C2_WIFI_CARGA_MEDIA,N3
,0.255,0.1,0.894,1.0,,1787593570973.613,36.29,19.6,-4.0,0.35,1787593570973.613,False,,,5,OP1,C2_WIFI_CARGA_MEDIA,N3
,0.255,0.1,0.894,1.0,,1787593571014.8545,36.29,19.6,-4.0,0.35,1787593571015.2925,False,,,5,OP1,C2_WIFI_CARGA_MEDIA,N3
,0.255,0.1,0.892,1.0,,1787593571068.8733,36.22,19.6,-4.0,0.35,1787593571068.8733,False,,,5,OP1,C2_WIFI_CARGA_MEDIA,N3
,0.253,0.1,0.89,1.0,,1787593571116.1948,36.15,19.76,-4.0,0.35,1787593571116.706,False,,,5,OP1,C2_WIFI_CARGA_MEDIA,N3
,0.252,0.1,0.889,1.0,,1787593571180.0098,36.115,19.84,-4.0,0.35,1787593571180.0098,False,,,5,OP1,C2_WIFI_CARGA_MEDIA,N3
,0.252,0.1,0.889,1.0,,1787593571210.1697,36.115,19.84,-4.0,0.35,1787593571212.1824,False,,,5,OP1,C2_WIFI_CARGA_MEDIA,N3
,0.251,0.099,0.889,1.0,,1787593571258.0864,36.115,19.92,-4.06,0.35,1787593571258.6506,False,,,5,OP1,C2_WIFI_CARGA_MEDIA,N3
,0.251,0.098,0.889,1.0,,1787593571318.282,36.115,19.92,-4.12,0.35,1787593571320.2903,False,,,5,OP1,C2_WIFI_CARGA_MEDIA,N3
,0.251,0.098,0.889,1.0,,1787593571346.8845,36.115,19.92,-4.12,0.35,1787593571346.8845,False,,,5,OP1,C2_WIFI_CARGA_MEDIA,N3
,0.252,0.097,0.89,1.0,,1787593571397.3645,36.15,19.84,-4.18,0.35,1787593571397.3645,False,,,5,OP1,C2_WIFI_CARGA_MEDIA,N3
,0.252,0.098,0.89,1.0,,1787593571419.4392,36.15,19.84,-4.12,0.35,1787593571420.599,False,,,5,OP1,C2_WIFI_CARGA_MEDIA,N3
,0.252,0.101,0.89,0.861,,1787593571457.8096,36.15,19.84,-3.94,0.496,1787593571459.8213,False,,,5,OP1,C2_WIFI_CARGA_MEDIA,N3
,0.252,0.115,0.879,0.196,,1787593571514.881,35.765,19.84,-3.1,1.1942,1787593571514.881,False,,,5,OP1,C2_WIFI_CARGA_MEDIA,N3
,0.252,0.127,0.869,0.057,,1787593571538.7275,35.415,19.84,-2.38,1.3401,1787593571538.7275,False,,,5,OP1,C2_WIFI_CARGA_MEDIA,N3
,0.252,0.131,0.863,0.079,,1787593571559.5205,35.205,19.84,-2.14,1.317,1787593571562.5183,False,,,5,OP1,C2_WIFI_CARGA_MEDIA,N3
,0.253,0.132,0.861,0.103,,1787593571579.86,35.135,19.76,-2.08,1.2918,1787593571583.121,False,,,5,OP1,C2_WIFI_CARGA_MEDIA,N3
,0.253,0.132,0.859,0.126,,1787593571616.537,35.065,19.76,-2.08,1.2677,1787593571616.537,False,,,5,OP1,C2_WIFI_CARGA_MEDIA,N3
,0.253,0.132,0.855,0.188,,1787593571680.0903,34.925,19.76,-2.08,1.2026,1787593571680.0903,False,,,5,OP1,C2_WIFI_CARGA_MEDIA,N3
,0.253,0.131,0.852,0.214,,1787593571736.2966,34.82,19.76,-2.14,1.1753,1787593571736.2966,False,,,5,OP1,C2_WIFI_CARGA_MEDIA,N3
,0.253,0.13,0.85,0.218,,1787593571766.2378,34.75,19.76,-2.2,1.1711,1787593571768.4482,False,,,5,OP1,C2_WIFI_CARGA_MEDIA,N3
,0.253,0.13,0.847,0.218,,1787593571810.8782,34.645,19.76,-2.2,1.1711,1787593571810.8782,False,,,5,OP1,C2_WIFI_CARGA_MEDIA,N3
,0.253,0.131,0.846,0.217,,1787593571835.8984,34.61,19.76,-2.14,1.1722,1787593571837.8962,False,,,5,OP1,C2_WIFI_CARGA_MEDIA,N3
,0.253,0.131,0.845,0.216,,1787593571876.708,34.575,19.76,-2.14,1.1732,1787593571876.708,False,,,5,OP1,C2_WIFI_CARGA_MEDIA,N3
,0.253,0.131,0.844,0.213,,1787593571935.008,34.54,19.76,-2.14,1.1764,1787593571936.106,False,,,5,OP1,C2_WIFI_CARGA_MEDIA,N3
,0.254,0.132,0.843,0.213,,1787593571983.7412,34.505,19.68,-2.08,1.1764,1787593571984.85,False,,,5,OP1,C2_WIFI_CARGA_MEDIA,N3
,0.254,0.133,0.842,0.212,,1787593572035.4304,34.47,19.68,-2.02,1.1774,1787593572037.4297,False,,,5,OP1,C2_WIFI_CARGA_MEDIA,N3
,0.254,0.133,0.842,0.214,,1787593572072.3103,34.47,19.68,-2.02,1.1753,1787593572073.31,False,,,5,OP1,C2_WIFI_CARGA_MEDIA,N3
,0.254,0.134,0.841,0.215,,1787593572112.311,34.435,19.68,-1.96,1.1743,1787593572112.311,False,,,5,OP1,C2_WIFI_CARGA_MEDIA,N3
,0.254,0.134,0.841,0.215,,1787593572135.7148,34.435,19.68,-1.96,1.1743,1787593572135.7148,False,,,5,OP1,C2_WIFI_CARGA_MEDIA,N3
,0.253,0.134,0.842,0.216,,1787593572169.969,34.47,19.76,-1.96,1.1732,1787593572172.0818,False,,,5,OP1,C2_WIFI_CARGA_MEDIA,N3
,0.253,0.134,0.843,0.216,,1787593572209.5903,34.505,19.76,-1.96,1.1732,1787593572209.5903,False,,,5,OP1,C2_WIFI_CARGA_MEDIA,N3
,0.253,0.135,0.842,0.211,,1787593572267.4622,34.47,19.76,-1.9,1.1784,1787593572268.4749,False,,,5,OP1,C2_WIFI_CARGA_MEDIA,N3
,0.253,0.135,0.842,0.208,,1787593572293.974,34.47,19.76,-1.9,1.1816,1787593572294.4973,False,,,5,OP1,C2_WIFI_CARGA_MEDIA,N3
,0.252,0.136,0.842,0.202,,1787593572335.1667,34.47,19.84,-1.84,1.1879,1787593572335.1667,False,,,5,OP1,C2_WIFI_CARGA_MEDIA,N3
,0.252,0.136,0.842,0.199,,1787593572367.7063,34.47,19.84,-1.84,1.191,1787593572367.7063,False,,,5,OP1,C2_WIFI_CARGA_MEDIA,N3
,0.252,0.137,0.842,0.195,,1787593572402.645,34.47,19.84,-1.78,1.1952,1787593572402.645,False,,,5,OP1,C2_WIFI_CARGA_MEDIA,N3
,0.252,0.137,0.842,0.19,,1787593572426.954,34.47,19.84,-1.78,1.2005,1787593572427.6775,False,,,5,OP1,C2_WIFI_CARGA_MEDIA,N3
,0.252,0.137,0.841,0.186,,1787593572461.1282,34.435,19.84,-1.78,1.2047,1787593572462.137,False,,,5,OP1,C2_WIFI_CARGA_MEDIA,N3
,0.252,0.137,0.84,0.177,,1787593572517.4656,34.4,19.84,-1.78,1.2142,1787593572517.4656,False,,,5,OP1,C2_WIFI_CARGA_MEDIA,N3
,0.252,0.138,0.836,0.17,,1787593572548.417,34.26,19.84,-1.72,1.2215,1787593572550.4285,False,,,5,OP1,C2_WIFI_CARGA_MEDIA,N3
,0.253,0.139,0.834,0.166,,1787593572582.48,34.19,19.76,-1.66,1.2257,1787593572582.48,False,,,5,OP1,C2_WIFI_CARGA_MEDIA,N3
,0.253,0.139,0.833,0.168,,1787593572623.5176,34.155,19.76,-1.66,1.2236,1787593572623.5176,False,,,5,OP1,C2_WIFI_CARGA_MEDIA,N3
,0.254,0.139,0.833,0.171,,1787593572684.9243,34.155,19.68,-1.66,1.2205,1787593572684.9243,False,,,5,OP1,C2_WIFI_CARGA_MEDIA,N3
,0.255,0.139,0.833,0.171,,1787593572710.6685,34.155,19.6,-1.66,1.2205,1787593572712.6794,False,,,5,OP1,C2_WIFI_CARGA_MEDIA,N3
,0.255,0.139,0.833,0.165,,1787593572740.417,34.155,19.6,-1.66,1.2268,1787593572740.417,False,,,5,OP1,C2_WIFI_CARGA_MEDIA,N3
,0.256,0.139,0.834,0.159,,1787593572793.1792,34.19,19.52,-1.66,1.233,1787593572795.1675,False,,,5,OP1,C2_WIFI_CARGA_MEDIA,N3
,0.255,0.139,0.835,0.158,,1787593572823.599,34.225,19.6,-1.66,1.2341,1787593572823.599,False,,,5,OP1,C2_WIFI_CARGA_MEDIA,N3
,0.255,0.139,0.837,0.16,,1787593572851.3362,34.295,19.6,-1.66,1.232,1787593572852.436,False,,,5,OP1,C2_WIFI_CARGA_MEDIA,N3
,0.254,0.14,0.839,0.166,,1787593572898.6772,34.365,19.68,-1.6,1.2257,1787593572898.6772,False,,,5,OP1,C2_WIFI_CARGA_MEDIA,N3
,0.253,0.14,0.838,0.167,,1787593572925.2302,34.33,19.76,-1.6,1.2247,1787593572927.8254,False,,,5,OP1,C2_WIFI_CARGA_MEDIA,N3
,0.252,0.14,0.837,0.166,,1787593572963.7336,34.295,19.84,-1.6,1.2257,1787593572963.7336,False,,,5,OP1,C2_WIFI_CARGA_MEDIA,N3
,0.252,0.14,0.837,0.159,,1787593573007.4084,34.295,19.84,-1.6,1.233,1787593573007.4084,False,,,5,OP1,C2_WIFI_CARGA_MEDIA,N3
,0.252,0.14,0.837,0.156,,1787593573033.4304,34.295,19.84,-1.6,1.2362,1787593573034.342,False,,,5,OP1,C2_WIFI_CARGA_MEDIA,N3
,0.251,0.14,0.838,0.155,,1787593573067.5215,34.33,19.92,-1.6,1.2372,1787593573068.407,False,,,5,OP1,C2_WIFI_CARGA_MEDIA,N3
,0.251,0.14,0.838,0.159,,1787593573099.3254,34.33,19.92,-1.6,1.233,1787593573099.3254,False,,,5,OP1,C2_WIFI_CARGA_MEDIA,N3
,0.251,0.139,0.839,0.159,,1787593573139.574,34.365,19.92,-1.66,1.233,1787593573140.5896,False,,,5,OP1,C2_WIFI_CARGA_MEDIA,N3
,0.251,0.139,0.84,0.159,,1787593573184.031,34.4,19.92,-1.66,1.233,1787593573184.031,False,,,5,OP1,C2_WIFI_CARGA_MEDIA,N3
,0.251,0.139,0.841,0.16,,1787593573212.4531,34.435,19.92,-1.66,1.232,1787593573214.465,False,,,5,OP1,C2_WIFI_CARGA_MEDIA,N3
,0.251,0.141,0.842,0.163,,1787593573242.4302,34.47,19.92,-1.54,1.2288,1787593573242.4302,False,,,5,OP1,C2_WIFI_CARGA_MEDIA,N3
,0.251,0.142,0.842,0.165,,1787593573289.6091,34.47,19.92,-1.48,1.2268,1787593573289.6091,False,,,5,OP1,C2_WIFI_CARGA_MEDIA,N3
,0.251,0.143,0.843,0.166,,1787593573326.2712,34.505,19.92,-1.42,1.2257,1787593573326.2712,False,,,5,OP1,C2_WIFI_CARGA_MEDIA,N3
,0.251,0.147,0.844,0.312,,1787593573380.7732,34.54,19.92,-1.18,1.0724,1787593573380.7732,False,,,5,OP1,C2_WIFI_CARGA_MEDIA,N3
,0.251,0.147,0.845,0.606,,1787593573407.8235,34.575,19.92,-1.18,0.7637,1787593573407.8235,False,,,5,OP1,C2_WIFI_CARGA_MEDIA,N3
,0.247,0.147,0.848,1.0,,1787593573443.2007,34.68,20.24,-1.18,0.35,1787593573444.2651,False,,,5,OP1,C2_WIFI_CARGA_MEDIA,N3
,0.246,0.148,0.848,1.0,,1787593573490.1023,34.68,20.32,-1.12,0.35,1787593573490.1023,False,,,5,OP1,C2_WIFI_CARGA_MEDIA,N3
,0.246,0.152,0.845,1.0,,1787593573527.4036,34.575,20.32,-0.88,0.35,1787593573535.059,False,,,5,OP1,C2_WIFI_CARGA_MEDIA,N3
,0.246,0.158,0.839,1.0,,1787593573574.2434,34.365,20.32,-0.52,0.35,1787593573574.2434,False,,,5,OP1,C2_WIFI_CARGA_MEDIA,N3
,0.245,0.179,0.82,1.0,,1787593573630.9844,33.7,20.4,0.74,0.35,1787593573630.9844,False,,,5,OP1,C2_WIFI_CARGA_MEDIA,N3
,0.244,0.192,0.811,1.0,,1787593573659.2292,33.385,20.48,1.52,0.35,1787593573659.2292,False,,,5,OP1,C2_WIFI_CARGA_MEDIA,N3
,0.239,0.217,0.788,1.0,,1787593573690.567,32.58,20.88,3.02,0.35,1787593573690.567,False,,,5,OP1,C2_WIFI_CARGA_MEDIA,N3
,0.235,0.227,0.772,1.0,,1787593573742.5542,32.02,21.2,3.62,0.35,1787593573742.5542,False,,,5,OP1,C2_WIFI_CARGA_MEDIA,N3
,0.231,0.238,0.746,1.0,,1787593573779.359,31.11,21.52,4.28,0.35,1787593573783.0352,False,,,5,OP1,C2_WIFI_CARGA_MEDIA,N3
,0.23,0.241,0.741,1.0,,1787593573825.9124,30.935,21.6,4.46,0.35,1787593573826.9124,False,,,5,OP1,C2_WIFI_CARGA_MEDIA,N3
,0.23,0.243,0.735,1.0,,1787593573878.4932,30.725,21.6,4.58,0.35,1787593573878.4932,False,,,5,OP1,C2_WIFI_CARGA_MEDIA,N3
,0.23,0.244,0.734,1.0,,1787593573937.196,30.69,21.6,4.64,0.35,1787593573937.196,False,,,5,OP1,C2_WIFI_CARGA_MEDIA,N3
,0.229,0.244,0.734,1.0,,1787593573984.2378,30.69,21.68,4.64,0.35,1787593573984.2378,False,,,5,OP1,C2_WIFI_CARGA_MEDIA,N3
,0.229,0.243,0.735,1.0,,1787593574015.5835,30.725,21.68,4.58,0.35,1787593574015.5835,False,,,5,OP1,C2_WIFI_CARGA_MEDIA,N3
,0.229,0.243,0.735,1.0,,1787593574038.2664,30.725,21.68,4.58,0.35,1787593574040.3618,False,,,5,OP1,C2_WIFI_CARGA_MEDIA,N3
,0.229,0.242,0.735,1.0,,1787593574076.8423,30.725,21.68,4.52,0.35,1787593574077.3513,False,,,5,OP1,C2_WIFI_CARGA_MEDIA,N3
,0.229,0.242,0.735,1.0,,1787593574118.0051,30.725,21.68,4.52,0.35,1787593574118.0051,False,,,5,OP1,C2_WIFI_CARGA_MEDIA,N3
,0.229,0.241,0.736,1.0,,1787593574141.1482,30.76,21.68,4.46,0.35,1787593574141.7676,False,,,5,OP1,C2_WIFI_CARGA_MEDIA,N3
,0.229,0.241,0.735,1.0,,1787593574184.2295,30.725,21.68,4.46,0.35,1787593574184.2295,False,,,5,OP1,C2_WIFI_CARGA_MEDIA,N3
,0.23,0.241,0.735,1.0,,1787593574214.556,30.725,21.6,4.46,0.35,1787593574216.0627,False,,,5,OP1,C2_WIFI_CARGA_MEDIA,N3
,0.231,0.241,0.734,1.0,,1787593574241.5835,30.69,21.52,4.46,0.35,1787593574243.5747,False,,,5,OP1,C2_WIFI_CARGA_MEDIA,N3
,0.232,0.241,0.734,1.0,,1787593574271.5537,30.69,21.44,4.46,0.35,1787593574273.0493,False,,,5,OP1,C2_WIFI_CARGA_MEDIA,N3
,0.233,0.241,0.733,1.0,,1787593574312.8923,30.655,21.36,4.46,0.35,1787593574312.8923,False,,,5,OP1,C2_WIFI_CARGA_MEDIA,N3
,0.234,0.241,0.733,1.0,,1787593574460.684,30.655,21.28,4.46,0.35,1787593574460.684,False,,,5,OP1,C2_WIFI_CARGA_MEDIA,N3
,0.237,0.238,0.733,1.0,,1787593574483.5774,30.655,21.04,4.28,0.35,1787593574483.5774,False,,,5,OP1,C2_WIFI_CARGA_MEDIA,N3
,0.239,0.238,0.735,1.0,,1787593574518.0625,30.725,20.88,4.28,0.35,1787593574518.0625,False,,,5,OP1,C2_WIFI_CARGA_MEDIA,N3
,0.242,0.237,0.738,1.0,,1787593574543.292,30.83,20.64,4.22,0.35,1787593574545.288,False,,,5,OP1,C2_WIFI_CARGA_MEDIA,N3
,0.243,0.237,0.741,1.0,,1787593574578.22,30.935,20.56,4.22,0.35,1787593574578.5684,False,,,5,OP1,C2_WIFI_CARGA_MEDIA,N3
,0.244,0.236,0.746,1.0,,1787593574620.7793,31.11,20.48,4.16,0.35,1787593574620.7793,False,,,5,OP1,C2_WIFI_CARGA_MEDIA,N3
,0.244,0.236,0.749,1.0,,1787593574644.2915,31.215,20.48,4.16,0.35,1787593574644.8042,False,,,5,OP1,C2_WIFI_CARGA_MEDIA,N3
,0.245,0.236,0.751,1.0,,1787593574689.1929,31.285,20.4,4.16,0.35,1787593574689.1929,False,,,5,OP1,C2_WIFI_CARGA_MEDIA,N3
,0.245,0.236,0.752,1.0,,1787593574711.7495,31.32,20.4,4.16,0.35,1787593574711.7495,False,,,5,OP1,C2_WIFI_CARGA_MEDIA,N3
,0.244,0.236,0.753,1.0,,1787593574745.111,31.355,20.48,4.16,0.35,1787593574746.8413,False,,,5,OP1,C2_WIFI_CARGA_MEDIA,N3
,0.244,0.236,0.752,1.0,,1787593574788.994,31.32,20.48,4.16,0.35,1787593574788.994,False,,,5,OP1,C2_WIFI_CARGA_MEDIA,N3
,0.244,0.235,0.75,1.0,,1787593574821.0464,31.25,20.48,4.1,0.35,1787593574821.0464,False,,,5,OP1,C2_WIFI_CARGA_MEDIA,N3
,0.243,0.234,0.749,1.0,,1787593574847.1057,31.215,20.56,4.04,0.35,1787593574847.6326,False,,,5,OP1,C2_WIFI_CARGA_MEDIA,N3
,0.243,0.233,0.748,1.0,,1787593574884.2722,31.18,20.56,3.98,0.35,1787593574885.2715,False,,,5,OP1,C2_WIFI_CARGA_MEDIA,N3
,0.242,0.231,0.745,1.0,,1787593574922.6602,31.075,20.64,3.86,0.35,1787593574922.6602,False,,,5,OP1,C2_WIFI_CARGA_MEDIA,N3
,0.242,0.231,0.743,1.0,,1787593575090.801,31.005,20.64,3.86,0.35,1787593575090.801,False,,,5,OP1,C2_WIFI_CARGA_MEDIA,N3
,0.251,0.235,0.718,1.0,,1787593575249.9014,30.13,19.92,4.1,0.35,1787593575249.9014,False,,,5,OP1,C2_WIFI_CARGA_MEDIA,N3
,0.257,0.239,0.711,1.0,,1787593575291.8474,29.885,19.44,4.34,0.35,1787593575291.8474,False,,,5,OP1,C2_WIFI_CARGA_MEDIA,N3
,0.258,0.239,0.711,1.0,,1787593575325.8054,29.885,19.36,4.34,0.35,1787593575325.8054,False,,,5,OP1,C2_WIFI_CARGA_MEDIA,N3
,0.258,0.239,0.71,1.0,,1787593575349.9644,29.85,19.36,4.34,0.35,1787593575350.569,False,,,5,OP1,C2_WIFI_CARGA_MEDIA,N3
,0.257,0.24,0.71,1.0,,1787593575385.207,29.85,19.44,4.4,0.35,1787593575385.207,False,,,5,OP1,C2_WIFI_CARGA_MEDIA,N3
,0.257,0.239,0.71,1.0,,1787593575440.881,29.85,19.44,4.34,0.35,1787593575441.8896,False,,,5,OP1,C2_WIFI_CARGA_MEDIA,N3
,0.257,0.238,0.711,1.0,,1787593575488.6987,29.885,19.44,4.28,0.35,1787593575489.72,False,,,5,OP1,C2_WIFI_CARGA_MEDIA,N3
,0.258,0.238,0.71,1.0,,1787593575524.0613,29.85,19.36,4.28,0.35,1787593575526.182,False,,,5,OP1,C2_WIFI_CARGA_MEDIA,N3
,0.258,0.237,0.709,1.0,,1787593575546.928,29.815,19.36,4.22,0.35,1787593575546.928,False,,,5,OP1,C2_WIFI_CARGA_MEDIA,N3
,0.261,0.239,0.703,1.0,,1787593575587.1765,29.605,19.12,4.34,0.35,1787593575597.0134,False,,,5,OP1,C2_WIFI_CARGA_MEDIA,N3
,0.264,0.242,0.697,1.0,,1787593575622.0493,29.395,18.88,4.52,0.35,1787593575622.0493,False,,,5,OP1,C2_WIFI_CARGA_MEDIA,N3
,0.268,0.244,0.689,1.0,,1787593575662.1816,29.115,18.56,4.64,0.35,1787593575662.1816,False,,,5,OP1,C2_WIFI_CARGA_MEDIA,N3
,0.271,0.247,0.68,1.0,,1787593575691.694,28.8,18.32,4.82,0.35,1787593575691.694,False,,,5,OP1,C2_WIFI_CARGA_MEDIA,N3
,0.274,0.25,0.67,1.0,,1787593575719.0332,28.45,18.08,5.0,0.35,1787593575720.53,False,,,5,OP1,C2_WIFI_CARGA_MEDIA,N3
,0.277,0.254,0.65,1.0,,1787593575747.0325,27.75,17.84,5.24,0.35,1787593575747.0325,False,,,5,OP1,C2_WIFI_CARGA_MEDIA,N3
,0.28,0.274,0.589,1.0,,1787593575798.0527,25.615,17.6,6.44,0.35,1787593575798.0527,False,,,5,OP1,C2_WIFI_CARGA_MEDIA,N3
,0.278,0.293,0.522,1.0,,1787593575819.905,23.27,17.76,7.58,0.35,1787593575819.905,False,,,5,OP1,C2_WIFI_CARGA_MEDIA,N3
,0.276,0.312,0.458,1.0,,1787593575856.6963,21.03,17.92,8.72,0.35,1787593575856.6963,False,,,5,OP1,C2_WIFI_CARGA_MEDIA,N3
,0.277,0.348,0.336,1.0,,1787593575898.93,16.76,17.84,10.88,0.35,1787593575898.93,False,,,5,OP1,C2_WIFI_CARGA_MEDIA,N3
,0.281,0.361,0.296,1.0,,1787593575920.7388,15.36,17.52,11.66,0.35,1787593575921.8289,False,,,5,OP1,C2_WIFI_CARGA_MEDIA,N3
,0.285,0.37,0.273,1.0,,1787593575967.2712,14.555,17.2,12.2,0.35,1787593575967.967,False,,,5,OP1,C2_WIFI_CARGA_MEDIA,N3
,0.289,0.375,0.258,1.0,,1787593575996.994,14.03,16.88,12.5,0.35,1787593575996.994,False,,,5,OP1,C2_WIFI_CARGA_MEDIA,N3
,0.289,0.376,0.247,1.0,,1787593576022.9216,13.645,16.88,12.56,0.35,1787593576023.4922,False,,,5,OP1,C2_WIFI_CARGA_MEDIA,N3
,0.285,0.377,0.22,1.0,,1787593576062.6084,12.7,17.2,12.62,0.35,1787593576062.6084,False,,,5,OP1,C2_WIFI_CARGA_MEDIA,N3
,0.284,0.374,0.213,1.0,,1787593576101.631,12.455,17.28,12.44,0.35,1787593576101.631,False,,,5,OP1,C2_WIFI_CARGA_MEDIA,N3
,0.284,0.372,0.203,1.0,,1787593576123.054,12.105,17.28,12.32,0.35,1787593576124.15,False,,,5,OP1,C2_WIFI_CARGA_MEDIA,N3
,0.285,0.371,0.191,1.0,,1787593576165.361,11.685,17.2,12.26,0.35,1787593576165.361,False,,,5,OP1,C2_WIFI_CARGA_MEDIA,N3
,0.294,0.372,0.164,1.0,,1787593576192.3042,10.74,16.48,12.32,0.35,1787593576192.3042,False,,,5,OP1,C2_WIFI_CARGA_MEDIA,N3
,0.3,0.375,0.139,1.0,,1787593576217.2783,9.865,16.0,12.5,0.35,1787593576217.2783,False,,,5,OP1,C2_WIFI_CARGA_MEDIA,N3
,0.313,0.383,0.08,1.0,,1787593576266.1956,7.8,14.96,12.98,0.35,1787593576266.1956,False,,,5,OP1,C2_WIFI_CARGA_MEDIA,N3
,0.321,0.387,0.065,1.0,,1787593576303.131,7.275,14.32,13.22,0.35,1787593576303.131,False,,,5,OP1,C2_WIFI_CARGA_MEDIA,N3
,0.326,0.391,0.052,1.0,,1787593576324.1885,6.82,13.92,13.46,0.35,1787593576326.4285,False,,,5,OP1,C2_WIFI_CARGA_MEDIA,N3
,0.33,0.396,0.038,1.0,,1787593576359.639,6.33,13.6,13.76,0.35,1787593576360.2605,False,,,5,OP1,C2_WIFI_CARGA_MEDIA,N3
,0.332,0.399,0.037,1.0,,1787593576402.6423,6.295,13.44,13.94,0.35,1787593576402.6423,False,,,5,OP1,C2_WIFI_CARGA_MEDIA,N3
,0.333,0.401,0.035,1.0,,1787593576425.0256,6.225,13.36,14.06,0.35,1787593576426.0288,False,,,5,OP1,C2_WIFI_CARGA_MEDIA,N3
,0.333,0.401,0.036,1.0,,1787593576469.5017,6.26,13.36,14.06,0.35,1787593576469.5017,False,,,5,OP1,C2_WIFI_CARGA_MEDIA,N3
,0.333,0.4,0.036,1.0,,1787593576497.5757,6.26,13.36,14.0,0.35,1787593576498.5752,False,,,5,OP1,C2_WIFI_CARGA_MEDIA,N3
,0.333,0.399,0.033,1.0,,1787593576521.9348,6.155,13.36,13.94,0.35,1787593576522.9504,False,,,5,OP1,C2_WIFI_CARGA_MEDIA,N3
,0.334,0.398,0.014,1.0,,1787593576569.827,5.49,13.28,13.88,0.35,1787593576569.827,False,,,5,OP1,C2_WIFI_CARGA_MEDIA,N3
,0.335,0.397,0.008,1.0,,1787593576602.6516,5.28,13.2,13.82,0.35,1787593576602.6516,False,,,5,OP1,C2_WIFI_CARGA_MEDIA,N3
,0.336,0.396,0.005,1.0,,1787593576624.5696,5.175,13.12,13.76,0.35,1787593576625.5845,False,,,5,OP1,C2_WIFI_CARGA_MEDIA,N3
,0.337,0.396,0.002,1.0,,1787593576666.5884,5.07,13.04,13.76,0.35,1787593576666.5884,False,,,5,OP1,C2_WIFI_CARGA_MEDIA,N3
,0.339,0.395,0.0,1.0,,1787593576704.8723,5.0,12.88,13.7,0.35,1787593576704.8723,False,,,5,OP1,C2_WIFI_CARGA_MEDIA,N3
,0.339,0.395,0.0,1.0,,1787593576733.8645,5.0,12.88,13.7,0.35,1787593576733.8645,False,,,5,OP1,C2_WIFI_CARGA_MEDIA,N3
,0.34,0.394,0.0,1.0,,1787593576769.93,5.0,12.8,13.64,0.35,1787593576769.93,False,,,5,OP1,C2_WIFI_CARGA_MEDIA,N3
,0.342,0.394,0.0,1.0,,1787593576805.011,5.0,12.64,13.64,0.35,1787593576805.011,False,,,5,OP1,C2_WIFI_CARGA_MEDIA,N3
,0.343,0.394,0.003,1.0,,1787593576827.0305,5.105,12.56,13.64,0.35,1787593576827.9856,False,,,5,OP1,C2_WIFI_CARGA_MEDIA,N3
,0.346,0.393,0.008,1.0,,1787593576860.7104,5.28,12.32,13.58,0.35,1787593576860.7104,False,,,5,OP1,C2_WIFI_CARGA_MEDIA,N3
,0.352,0.391,0.02,1.0,,1787593576904.7742,5.7,11.84,13.46,0.35,1787593576904.7742,False,,,5,OP1,C2_WIFI_CARGA_MEDIA,N3
,0.354,0.39,0.027,1.0,,1787593576928.9558,5.945,11.68,13.4,0.35,1787593576931.087,False,,,5,OP1,C2_WIFI_CARGA_MEDIA,N3
,0.356,0.389,0.036,1.0,,1787593576952.8906,6.26,11.52,13.34,0.35,1787593576952.8906,False,,,5,OP1,C2_WIFI_CARGA_MEDIA,N3
,0.359,0.387,0.047,1.0,,1787593577013.7507,6.645,11.28,13.22,0.35,1787593577015.744,False,,,5,OP1,C2_WIFI_CARGA_MEDIA,N3
,0.365,0.386,0.062,1.0,,1787593577038.632,7.17,10.8,13.16,0.35,1787593577038.632,False,,,5,OP1,C2_WIFI_CARGA_MEDIA,N3
,0.367,0.387,0.065,1.0,,1787593577066.8276,7.275,10.64,13.22,0.35,1787593577066.8276,False,,,5,OP1,C2_WIFI_CARGA_MEDIA,N3
,0.369,0.388,0.07,1.0,,1787593577108.4097,7.45,10.48,13.28,0.35,1787593577110.9712,False,,,5,OP1,C2_WIFI_CARGA_MEDIA,N3
,0.371,0.389,0.074,1.0,,1787593577132.031,7.59,10.32,13.34,0.35,1787593577132.031,False,,,5,OP1,C2_WIFI_CARGA_MEDIA,N3
,0.372,0.39,0.075,1.0,,1787593577159.3704,7.625,10.24,13.4,0.35,1787593577169.1416,False,,,5,OP1,C2_WIFI_CARGA_MEDIA,N3
,0.372,0.39,0.077,1.0,,1787593577182.7373,7.695,10.24,13.4,0.35,1787593577182.7373,False,,,5,OP1,C2_WIFI_CARGA_MEDIA,N3
,0.373,0.391,0.08,1.0,,1787593577241.7974,7.8,10.16,13.46,0.35,1787593577241.7974,False,,,5,OP1,C2_WIFI_CARGA_MEDIA,N3
,0.373,0.391,0.08,1.0,,1787593577275.1926,7.8,10.16,13.46,0.35,1787593577275.1926,False,,,5,OP1,C2_WIFI_CARGA_MEDIA,N3
,0.373,0.39,0.082,1.0,,1787593577306.5928,7.87,10.16,13.4,0.35,1787593577306.5928,False,,,5,OP1,C2_WIFI_CARGA_MEDIA,N3
,0.372,0.39,0.084,1.0,,1787593577329.8152,7.94,10.24,13.4,0.35,1787593577330.827,False,,,5,OP1,C2_WIFI_CARGA_MEDIA,N3
,0.372,0.389,0.086,1.0,,1787593577362.6611,8.01,10.24,13.34,0.35,1787593577362.6611,False,,,5,OP1,C2_WIFI_CARGA_MEDIA,N3
,0.37,0.387,0.091,1.0,,1787593577411.5234,8.185,10.4,13.22,0.35,1787593577411.5234,False,,,5,OP1,C2_WIFI_CARGA_MEDIA,N3
,0.37,0.387,0.092,1.0,,1787593577432.905,8.22,10.4,13.22,0.35,1787593577432.905,False,,,5,OP1,C2_WIFI_CARGA_MEDIA,N3
,0.37,0.385,0.095,1.0,,1787593577471.7957,8.325,10.4,13.1,0.35,1787593577473.8047,False,,,5,OP1,C2_WIFI_CARGA_MEDIA,N3
,0.369,0.383,0.101,1.0,,1787593577515.768,8.535,10.48,12.98,0.35,1787593577515.768,False,,,5,OP1,C2_WIFI_CARGA_MEDIA,N3
,0.368,0.381,0.104,1.0,,1787593577573.439,8.64,10.56,12.86,0.35,1787593577573.439,False,,,5,OP1,C2_WIFI_CARGA_MEDIA,N3
,0.367,0.38,0.108,1.0,,1787593577768.667,8.78,10.64,12.8,0.35,1787593577770.6963,False,,,5,OP1,C2_WIFI_CARGA_MEDIA,N3
,0.365,0.385,0.123,1.0,,1787593577807.1746,9.305,10.8,13.1,0.35,1787593577808.254,False,,,5,OP1,C2_WIFI_CARGA_MEDIA,N3
,0.369,0.387,0.122,1.0,,1787593577861.4326,9.27,10.48,13.22,0.35,1787593577863.4402,False,,,5,OP1,C2_WIFI_CARGA_MEDIA,N3
,0.373,0.389,0.121,1.0,,1787593577891.8303,9.235,10.16,13.34,0.35,1787593577893.8442,False,,,5,OP1,C2_WIFI_CARGA_MEDIA,N3
,0.38,0.39,0.117,1.0,,1787593577932.3396,9.095,9.6,13.4,0.35,1787593577932.3396,False,,,5,OP1,C2_WIFI_CARGA_MEDIA,N3
,0.383,0.39,0.116,1.0,,1787593577969.6,9.06,9.36,13.4,0.35,1787593577969.6,False,,,5,OP1,C2_WIFI_CARGA_MEDIA,N3
,0.386,0.389,0.114,1.0,,1787593577997.234,8.99,9.12,13.34,0.35,1787593577997.234,False,,,5,OP1,C2_WIFI_CARGA_MEDIA,N3
,0.388,0.387,0.114,1.0,,1787593578018.7312,8.99,8.96,13.22,0.35,1787593578020.1423,False,,,5,OP1,C2_WIFI_CARGA_MEDIA,N3
,0.391,0.386,0.114,1.0,,1787593578060.198,8.99,8.72,13.16,0.35,1787593578060.198,False,,,5,OP1,C2_WIFI_CARGA_MEDIA,N3
,0.394,0.384,0.114,1.0,,1787593578102.3662,8.99,8.48,13.04,0.35,1787593578103.0835,False,,,5,OP1,C2_WIFI_CARGA_MEDIA,N3
,0.397,0.385,0.111,1.0,,1787593578142.0803,8.885,8.24,13.1,0.35,1787593578142.0803,False,,,5,OP1,C2_WIFI_CARGA_MEDIA,N3
,0.405,0.388,0.104,1.0,,1787593578195.3782,8.64,7.6,13.28,0.35,1787593578196.8865,False,,,5,OP1,C2_WIFI_CARGA_MEDIA,N3
,0.41,0.389,0.1,1.0,,1787593578223.438,8.5,7.2,13.34,0.35,1787593578223.438,False,,,5,OP1,C2_WIFI_CARGA_MEDIA,N3
,0.419,0.392,0.093,1.0,,1787593578274.0166,8.255,6.48,13.52,0.35,1787593578277.4924,False,,,5,OP1,C2_WIFI_CARGA_MEDIA,N3
,0.431,0.393,0.088,1.0,,1787593578327.026,8.08,5.52,13.58,0.35,1787593578327.026,False,,,5,OP1,C2_WIFI_CARGA_MEDIA,N3
,0.441,0.394,0.085,1.0,,1787593578573.9893,7.975,4.72,13.64,0.35,1787593578576.0994,False,,,5,OP1,C2_WIFI_CARGA_MEDIA,N3
,0.452,0.393,0.089,1.0,,1787593578643.6394,8.115,3.84,13.58,0.35,1787593578643.6394,False,,,5,OP1,C2_WIFI_CARGA_MEDIA,N3
,0.457,0.392,0.095,1.0,,1787593578674.7827,8.325,3.44,13.52,0.35,1787593578675.8833,False,,,5,OP1,C2_WIFI_CARGA_MEDIA,N3
,0.457,0.392,0.098,1.0,,1787593578719.9695,8.43,3.44,13.52,0.35,1787593578719.9695,False,,,5,OP1,C2_WIFI_CARGA_MEDIA,N3
,0.457,0.392,0.1,1.0,,1787593578747.035,8.5,3.44,13.52,0.35,1787593578749.046,False,,,5,OP1,C2_WIFI_CARGA_MEDIA,N3
,0.456,0.39,0.106,1.0,,1787593578776.0757,8.71,3.52,13.4,0.35,1787593578776.0757,False,,,5,OP1,C2_WIFI_CARGA_MEDIA,N3
,0.456,0.388,0.114,1.0,,1787593578810.8516,8.99,3.52,13.28,0.35,1787593578810.8516,False,,,5,OP1,C2_WIFI_CARGA_MEDIA,N3
,0.456,0.384,0.128,1.0,,1787593578845.2915,9.48,3.52,13.04,0.35,1787593578845.8171,False,,,5,OP1,C2_WIFI_CARGA_MEDIA,N3
,0.456,0.384,0.13,1.0,,1787593578878.5657,9.55,3.52,13.04,0.35,1787593578880.5774,False,,,5,OP1,C2_WIFI_CARGA_MEDIA,N3
,0.457,0.384,0.131,1.0,,1787593578921.412,9.585,3.44,13.04,0.35,1787593578921.9878,False,,,5,OP1,C2_WIFI_CARGA_MEDIA,N3
,0.457,0.384,0.132,1.0,,1787593579078.8406,9.62,3.44,13.04,0.35,1787593579079.939,False,,,5,OP1,C2_WIFI_CARGA_MEDIA,N3
,0.457,0.385,0.134,1.0,,1787593579108.794,9.69,3.44,13.1,0.35,1787593579108.794,False,,,5,OP1,C2_WIFI_CARGA_MEDIA,N3
,0.455,0.384,0.137,1.0,,1787593579155.1155,9.795,3.6,13.04,0.35,1787593579155.1155,False,,,5,OP1,C2_WIFI_CARGA_MEDIA,N3
,0.454,0.384,0.139,1.0,,1787593579319.9607,9.865,3.68,13.04,0.35,1787593579319.9607,False,,,5,OP1,C2_WIFI_CARGA_MEDIA,N3
,0.442,0.381,0.179,1.0,,1787593579358.382,11.265,4.64,12.86,0.35,1787593579358.382,False,,,5,OP1,C2_WIFI_CARGA_MEDIA,N3
,0.439,0.381,0.192,1.0,,1787593579389.438,11.72,4.88,12.86,0.35,1787593579389.438,False,,,5,OP1,C2_WIFI_CARGA_MEDIA,N3
,0.436,0.381,0.208,1.0,,1787593579416.7537,12.28,5.12,12.86,0.35,1787593579417.3433,False,,,5,OP1,C2_WIFI_CARGA_MEDIA,N3
,0.433,0.38,0.222,1.0,,1787593579446.9316,12.77,5.36,12.8,0.35,1787593579447.965,False,,,5,OP1,C2_WIFI_CARGA_MEDIA,N3
,0.427,0.379,0.247,1.0,,1787593579480.4856,13.645,5.84,12.74,0.35,1787593579480.4856,False,,,5,OP1,C2_WIFI_CARGA_MEDIA,N3
,0.424,0.378,0.258,1.0,,1787593579519.6155,14.03,6.08,12.68,0.35,1787593579519.6155,False,,,5,OP1,C2_WIFI_CARGA_MEDIA,N3
,0.421,0.378,0.268,1.0,,1787593579546.9695,14.38,6.32,12.68,0.35,1787593579548.7112,False,,,5,OP1,C2_WIFI_CARGA_MEDIA,N3
,0.418,0.378,0.274,1.0,,1787593579582.586,14.59,6.56,12.68,0.35,1787593579582.586,False,,,5,OP1,C2_WIFI_CARGA_MEDIA,N3
,0.415,0.378,0.283,1.0,,1787593579618.3647,14.905,6.8,12.68,0.35,1787593579618.3647,False,,,5,OP1,C2_WIFI_CARGA_MEDIA,N3
,0.405,0.379,0.3,1.0,,1787593579662.1782,15.5,7.6,12.74,0.35,1787593579662.6978,False,,,5,OP1,C2_WIFI_CARGA_MEDIA,N3
,0.401,0.38,0.311,1.0,,1787593579689.0996,15.885,7.92,12.8,0.35,1787593579690.4424,False,,,5,OP1,C2_WIFI_CARGA_MEDIA,N3
,0.397,0.38,0.323,1.0,,1787593579728.3645,16.305,8.24,12.8,0.35,1787593579728.3645,False,,,5,OP1,C2_WIFI_CARGA_MEDIA,N3
,0.393,0.381,0.336,1.0,,1787593579755.6636,16.76,8.56,12.86,0.35,1787593579755.6636,False,,,5,OP1,C2_WIFI_CARGA_MEDIA,N3
,0.388,0.38,0.354,1.0,,1787593579783.337,17.39,8.96,12.8,0.35,1787593579783.337,False,,,5,OP1,C2_WIFI_CARGA_MEDIA,N3
,0.379,0.378,0.374,1.0,,1787593579824.9563,18.09,9.68,12.68,0.35,1787593579824.9563,False,,,5,OP1,C2_WIFI_CARGA_MEDIA,N3
,0.374,0.379,0.385,1.0,,1787593579862.5977,18.475,10.08,12.74,0.35,1787593579862.5977,False,,,5,OP1,C2_WIFI_CARGA_MEDIA,N3
,0.37,0.379,0.396,1.0,,1787593579885.7068,18.86,10.4,12.74,0.35,1787593579886.0408,False,,,5,OP1,C2_WIFI_CARGA_MEDIA,N3
,0.366,0.378,0.406,1.0,,1787593579919.3003,19.21,10.72,12.68,0.35,1787593579920.6409,False,,,5,OP1,C2_WIFI_CARGA_MEDIA,N3
,0.365,0.379,0.413,1.0,,1787593579946.657,19.455,10.8,12.74,0.35,1787593579953.1826,False,,,5,OP1,C2_WIFI_CARGA_MEDIA,N3
,0.359,0.38,0.43,1.0,,1787593579996.5974,20.05,11.28,12.8,0.35,1787593579996.5974,False,,,5,OP1,C2_WIFI_CARGA_MEDIA,N3
,0.356,0.382,0.437,1.0,,1787593580019.4502,20.295,11.52,12.92,0.35,1787593580020.4524,False,,,5,OP1,C2_WIFI_CARGA_MEDIA,N3
,0.355,0.383,0.444,1.0,,1787593580061.413,20.54,11.6,12.98,0.35,1787593580061.413,False,,,5,OP1,C2_WIFI_CARGA_MEDIA,N3
,0.354,0.383,0.452,1.0,,1787593580089.7751,20.82,11.68,12.98,0.35,1787593580091.788,False,,,5,OP1,C2_WIFI_CARGA_MEDIA,N3
,0.353,0.384,0.46,1.0,,1787593580116.1418,21.1,11.76,13.04,0.35,1787593580116.1418,False,,,5,OP1,C2_WIFI_CARGA_MEDIA,N3
,0.352,0.383,0.463,1.0,,1787593580146.751,21.205,11.84,12.98,0.35,1787593580146.751,False,,,5,OP1,C2_WIFI_CARGA_MEDIA,N3
,0.352,0.38,0.47,1.0,,1787593580197.7937,21.45,11.84,12.8,0.35,1787593580197.7937,False,,,5,OP1,C2_WIFI_CARGA_MEDIA,N3
,0.352,0.376,0.473,1.0,,1787593580223.4956,21.555,11.84,12.56,0.35,1787593580224.0205,False,,,5,OP1,C2_WIFI_CARGA_MEDIA,N3
,0.353,0.373,0.476,1.0,,1787593580257.5764,21.66,11.76,12.38,0.35,1787593580257.5764,False,,,5,OP1,C2_WIFI_CARGA_MEDIA,N3
,0.355,0.367,0.477,1.0,,1787593580299.0854,21.695,11.6,12.02,0.35,1787593580299.0854,False,,,5,OP1,C2_WIFI_CARGA_MEDIA,N3
,0.356,0.366,0.476,1.0,,1787593580322.087,21.66,11.52,11.96,0.35,1787593580322.957,False,,,5,OP1,C2_WIFI_CARGA_MEDIA,N3
,0.357,0.365,0.474,1.0,,1787593580354.6804,21.59,11.44,11.9,0.35,1787593580356.4563,False,,,5,OP1,C2_WIFI_CARGA_MEDIA,N3
,0.358,0.365,0.472,1.0,,1787593580397.0918,21.52,11.36,11.9,0.35,1787593580397.0918,False,,,5,OP1,C2_WIFI_CARGA_MEDIA,N3
,0.358,0.364,0.469,1.0,,1787593580423.6094,21.415,11.36,11.84,0.35,1787593580426.417,False,,,5,OP1,C2_WIFI_CARGA_MEDIA,N3
,0.359,0.361,0.46,1.0,,1787593580461.7402,21.1,11.28,11.66,0.35,1787593580461.7402,False,,,5,OP1,C2_WIFI_CARGA_MEDIA,N3
,0.36,0.359,0.457,1.0,,1787593580501.1938,20.995,11.2,11.54,0.35,1787593580501.1938,False,,,5,OP1,C2_WIFI_CARGA_MEDIA,N3
,0.361,0.357,0.455,1.0,,1787593580534.5803,20.925,11.12,11.42,0.35,1787593580534.5803,False,,,5,OP1,C2_WIFI_CARGA_MEDIA,N3
,0.362,0.356,0.453,1.0,,1787593580556.634,20.855,11.04,11.36,0.35,1787593580557.5427,False,,,5,OP1,C2_WIFI_CARGA_MEDIA,N3
,0.363,0.355,0.453,1.0,,1787593580666.6487,20.855,10.96,11.3,0.35,1787593580666.6487,False,,,5,OP1,C2_WIFI_CARGA_MEDIA,N3
,0.368,0.354,0.451,1.0,,1787593580698.819,20.785,10.56,11.24,0.35,1787593580698.819,False,,,5,OP1,C2_WIFI_CARGA_MEDIA,N3
,0.369,0.354,0.45,1.0,,1787593580731.1516,20.75,10.48,11.24,0.35,1787593580731.1516,False,,,5,OP1,C2_WIFI_CARGA_MEDIA,N3
,0.37,0.355,0.45,1.0,,1787593580753.8394,20.75,10.4,11.3,0.35,1787593580755.7144,False,,,5,OP1,C2_WIFI_CARGA_MEDIA,N3
,0.372,0.356,0.451,1.0,,1787593580803.0547,20.785,10.24,11.36,0.35,1787593580803.0547,False,,,5,OP1,C2_WIFI_CARGA_MEDIA,N3
,0.372,0.356,0.452,1.0,,1787593580833.5957,20.82,10.24,11.36,0.35,1787593580833.5957,False,,,5,OP1,C2_WIFI_CARGA_MEDIA,N3
,0.371,0.356,0.451,1.0,,1787593580859.3213,20.785,10.32,11.36,0.35,1787593580859.3213,False,,,5,OP1,C2_WIFI_CARGA_MEDIA,N3
,0.37,0.357,0.451,1.0,,1787593580896.944,20.785,10.4,11.42,0.35,1787593580898.954,False,,,5,OP1,C2_WIFI_CARGA_MEDIA,N3
,0.366,0.36,0.457,1.0,,1787593580937.8523,20.995,10.72,11.6,0.35,1787593580937.8523,False,,,5,OP1,C2_WIFI_CARGA_MEDIA,N3
,0.362,0.362,0.467,1.0,,1787593580960.1843,21.345,11.04,11.72,0.35,1787593580961.0632,False,,,5,OP1,C2_WIFI_CARGA_MEDIA,N3
,0.357,0.364,0.478,1.0,,1787593581002.6108,21.73,11.44,11.84,0.35,1787593581002.6108,False,,,5,OP1,C2_WIFI_CARGA_MEDIA,N3
,0.352,0.365,0.492,1.0,,1787593581035.7073,22.22,11.84,11.9,0.35,1787593581035.7073,False,,,5,OP1,C2_WIFI_CARGA_MEDIA,N3
,0.348,0.365,0.503,1.0,,1787593581058.4116,22.605,12.16,11.9,0.35,1787593581058.4116,False,,,5,OP1,C2_WIFI_CARGA_MEDIA,N3
,0.338,0.368,0.518,1.0,,1787593581093.8855,23.13,12.96,12.08,0.35,1787593581095.906,False,,,5,OP1,C2_WIFI_CARGA_MEDIA,N3
,0.335,0.368,0.523,1.0,,1787593581135.9187,23.305,13.2,12.08,0.35,1787593581135.9187,False,,,5,OP1,C2_WIFI_CARGA_MEDIA,N3
,0.332,0.369,0.531,1.0,,1787593581160.942,23.585,13.44,12.14,0.35,1787593581162.1462,False,,,5,OP1,C2_WIFI_CARGA_MEDIA,N3
,0.329,0.369,0.541,1.0,,1787593581203.8733,23.935,13.68,12.14,0.35,1787593581203.8733,False,,,5,OP1,C2_WIFI_CARGA_MEDIA,N3
,0.327,0.369,0.551,1.0,,1787593581231.8816,24.285,13.84,12.14,0.35,1787593581231.8816,False,,,5,OP1,C2_WIFI_CARGA_MEDIA,N3
,0.326,0.369,0.561,1.0,,1787593581259.072,24.635,13.92,12.14,0.35,1787593581260.067,False,,,5,OP1,C2_WIFI_CARGA_MEDIA,N3
,0.321,0.371,0.575,1.0,,1787593581442.741,25.125,14.32,12.26,0.35,1787593581442.741,False,,,5,OP1,C2_WIFI_CARGA_MEDIA,N3
,0.304,0.363,0.609,1.0,,1787593581466.8132,26.315,15.68,11.78,0.35,1787593581466.8132,False,,,5,OP1,C2_WIFI_CARGA_MEDIA,N3
,0.3,0.362,0.61,1.0,,1787593581506.1426,26.35,16.0,11.72,0.35,1787593581506.1426,False,,,5,OP1,C2_WIFI_CARGA_MEDIA,N3
,0.298,0.361,0.61,1.0,,1787593581536.5466,26.35,16.16,11.66,0.35,1787593581536.5466,False,,,5,OP1,C2_WIFI_CARGA_MEDIA,N3
,0.296,0.362,0.608,1.0,,1787593581576.1648,26.28,16.32,11.72,0.35,1787593581576.1648,False,,,5,OP1,C2_WIFI_CARGA_MEDIA,N3
,0.296,0.362,0.607,1.0,,1787593581609.2827,26.245,16.32,11.72,0.35,1787593581609.2827,False,,,5,OP1,C2_WIFI_CARGA_MEDIA,N3
,0.296,0.362,0.608,1.0,,1787593581641.1897,26.28,16.32,11.72,0.35,1787593581641.1897,False,,,5,OP1,C2_WIFI_CARGA_MEDIA,N3
,0.296,0.362,0.609,1.0,,1787593581665.5,26.315,16.32,11.72,0.35,1787593581665.5,False,,,5,OP1,C2_WIFI_CARGA_MEDIA,N3
,0.296,0.361,0.61,1.0,,1787593581704.9917,26.35,16.32,11.66,0.35,1787593581707.0007,False,,,5,OP1,C2_WIFI_CARGA_MEDIA,N3
,0.296,0.36,0.611,1.0,,1787593581744.3328,26.385,16.32,11.6,0.35,1787593581744.3328,False,,,5,OP1,C2_WIFI_CARGA_MEDIA,N3
,0.296,0.36,0.611,1.0,,1787593581780.0215,26.385,16.32,11.6,0.35,1787593581781.202,False,,,5,OP1,C2_WIFI_CARGA_MEDIA,N3
,0.296,0.36,0.611,1.0,,1787593581806.6565,26.385,16.32,11.6,0.35,1787593581806.6565,False,,,5,OP1,C2_WIFI_CARGA_MEDIA,N3
,0.295,0.359,0.611,1.0,,1787593581950.0684,26.385,16.4,11.54,0.35,1787593581950.0684,False,,,5,OP1,C2_WIFI_CARGA_MEDIA,N3
,0.283,0.356,0.626,1.0,,1787593582007.9285,26.91,17.36,11.36,0.35,1787593582007.9285,False,,,5,OP1,C2_WIFI_CARGA_MEDIA,N3
,0.277,0.356,0.631,1.0,,1787593582057.8457,27.085,17.84,11.36,0.35,1787593582057.8457,False,,,5,OP1,C2_WIFI_CARGA_MEDIA,N3
,0.275,0.357,0.634,1.0,,1787593582081.7107,27.19,18.0,11.42,0.35,1787593582097.7944,False,,,5,OP1,C2_WIFI_CARGA_MEDIA,N3
,0.273,0.357,0.641,1.0,,1787593582141.0422,27.435,18.16,11.42,0.35,1787593582143.0537,False,,,5,OP1,C2_WIFI_CARGA_MEDIA,N3
,0.272,0.357,0.643,1.0,,1787593582171.0908,27.505,18.24,11.42,0.35,1787593582171.0908,False,,,5,OP1,C2_WIFI_CARGA_MEDIA,N3
,0.273,0.357,0.646,1.0,,1787593582207.2993,27.61,18.16,11.42,0.35,1787593582207.2993,False,,,5,OP1,C2_WIFI_CARGA_MEDIA,N3
,0.276,0.356,0.653,1.0,,1787593582258.0652,27.855,17.92,11.36,0.35,1787593582258.0652,False,,,5,OP1,C2_WIFI_CARGA_MEDIA,N3
,0.284,0.354,0.667,1.0,,1787593582317.2764,28.345,17.28,11.24,0.35,1787593582319.1628,False,,,5,OP1,C2_WIFI_CARGA_MEDIA,N3
,0.286,0.352,0.676,1.0,,1787593582345.205,28.66,17.12,11.12,0.35,1787593582346.83,False,,,5,OP1,C2_WIFI_CARGA_MEDIA,N3
,0.288,0.35,0.685,1.0,,1787593582372.7983,28.975,16.96,11.0,0.35,1787593582373.5366,False,,,5,OP1,C2_WIFI_CARGA_MEDIA,N3
,0.289,0.346,0.703,1.0,,1787593582423.9634,29.605,16.88,10.76,0.35,1787593582424.9917,False,,,5,OP1,C2_WIFI_CARGA_MEDIA,N3
,0.287,0.344,0.714,1.0,,1787593582468.8992,29.99,17.04,10.64,0.35,1787593582476.2676,False,,,5,OP1,C2_WIFI_CARGA_MEDIA,N3
,0.284,0.343,0.72,1.0,,1787593582513.4312,30.2,17.28,10.58,0.35,1787593582513.4312,False,,,5,OP1,C2_WIFI_CARGA_MEDIA,N3
,0.282,0.342,0.728,1.0,,1787593582551.1123,30.48,17.44,10.52,0.35,1787593582551.1123,False,,,5,OP1,C2_WIFI_CARGA_MEDIA,N3
,0.282,0.342,0.73,1.0,,1787593582583.0017,30.55,17.44,10.52,0.35,1787593582583.0017,False,,,5,OP1,C2_WIFI_CARGA_MEDIA,N3
,0.282,0.342,0.731,1.0,,1787593582609.926,30.585,17.44,10.52,0.35,1787593582611.9375,False,,,5,OP1,C2_WIFI_CARGA_MEDIA,N3
,0.282,0.341,0.733,1.0,,1787593582650.731,30.655,17.44,10.46,0.35,1787593582650.731,False,,,5,OP1,C2_WIFI_CARGA_MEDIA,N3
,0.282,0.341,0.735,1.0,,1787593582672.904,30.725,17.44,10.46,0.35,1787593582674.0164,False,,,5,OP1,C2_WIFI_CARGA_MEDIA,N3
,0.283,0.339,0.74,1.0,,1787593582718.5603,30.9,17.36,10.34,0.35,1787593582718.5603,False,,,5,OP1,C2_WIFI_CARGA_MEDIA,N3
,0.284,0.338,0.744,1.0,,1787593582747.3806,31.04,17.28,10.28,0.35,1787593582747.3806,False,,,5,OP1,C2_WIFI_CARGA_MEDIA,N3
,0.285,0.337,0.746,1.0,,1787593582774.9846,31.11,17.2,10.22,0.35,1787593582775.4185,False,,,5,OP1,C2_WIFI_CARGA_MEDIA,N3
,0.286,0.336,0.747,1.0,,1787593582816.9033,31.145,17.12,10.16,0.35,1787593582816.9033,False,,,5,OP1,C2_WIFI_CARGA_MEDIA,N3
,0.288,0.335,0.748,1.0,,1787593582846.9338,31.18,16.96,10.1,0.35,1787593582847.4426,False,,,5,OP1,C2_WIFI_CARGA_MEDIA,N3
,0.29,0.334,0.748,1.0,,1787593582871.777,31.18,16.8,10.04,0.35,1787593582872.7742,False,,,5,OP1,C2_WIFI_CARGA_MEDIA,N3
,0.294,0.333,0.75,1.0,,1787593582919.8345,31.25,16.48,9.98,0.35,1787593582919.8345,False,,,5,OP1,C2_WIFI_CARGA_MEDIA,N3
,0.295,0.332,0.751,1.0,,1787593582952.742,31.285,16.4,9.92,0.35,1787593582952.742,False,,,5,OP1,C2_WIFI_CARGA_MEDIA,N3
,0.296,0.332,0.754,1.0,,1787593582975.8557,31.39,16.32,9.92,0.35,1787593582975.8557,False,,,5,OP1,C2_WIFI_CARGA_MEDIA,N3
,0.298,0.332,0.758,1.0,,1787593583014.7207,31.53,16.16,9.92,0.35,1787593583015.2622,False,,,5,OP1,C2_WIFI_CARGA_MEDIA,N3
,0.299,0.33,0.769,1.0,,1787593583055.1558,31.915,16.08,9.8,0.35,1787593583055.1558,False,,,5,OP1,C2_WIFI_CARGA_MEDIA,N3
,0.299,0.329,0.773,1.0,,1787593583077.4175,32.055,16.08,9.74,0.35,1787593583079.4053,False,,,5,OP1,C2_WIFI_CARGA_MEDIA,N3
,0.298,0.328,0.776,1.0,,1787593583121.125,32.16,16.16,9.68,0.35,1787593583121.125,False,,,5,OP1,C2_WIFI_CARGA_MEDIA,N3
,0.297,0.326,0.784,1.0,,1787593583151.734,32.44,16.24,9.56,0.35,1787593583153.7417,False,,,5,OP1,C2_WIFI_CARGA_MEDIA,N3
,0.296,0.325,0.79,1.0,,1787593583176.0054,32.65,16.32,9.5,0.35,1787593583177.018,False,,,5,OP1,C2_WIFI_CARGA_MEDIA,N3
,0.295,0.323,0.796,1.0,,1787593583375.7852,32.86,16.4,9.38,0.35,1787593583377.783,False,,,5,OP1,C2_WIFI_CARGA_MEDIA,N3
,0.289,0.309,0.821,1.0,,1787593583421.927,33.735,16.88,8.54,0.35,1787593583421.927,False,,,5,OP1,C2_WIFI_CARGA_MEDIA,N3
,0.287,0.307,0.823,1.0,,1787593583457.4048,33.805,17.04,8.42,0.35,1787593583457.4048,False,,,5,OP1,C2_WIFI_CARGA_MEDIA,N3
,0.284,0.305,0.825,1.0,,1787593583480.5378,33.875,17.28,8.3,0.35,1787593583480.9768,False,,,5,OP1,C2_WIFI_CARGA_MEDIA,N3
,0.282,0.301,0.829,1.0,,1787593583513.4382,34.015,17.44,8.06,0.35,1787593583515.4285,False,,,5,OP1,C2_WIFI_CARGA_MEDIA,N3
,0.274,0.292,0.841,1.0,,1787593583556.879,34.435,18.08,7.52,0.35,1787593583557.8892,False,,,5,OP1,C2_WIFI_CARGA_MEDIA,N3
,0.27,0.288,0.846,1.0,,1787593583581.192,34.61,18.4,7.28,0.35,1787593583582.202,False,,,5,OP1,C2_WIFI_CARGA_MEDIA,N3
,0.266,0.287,0.853,1.0,,1787593583625.4646,34.855,18.72,7.22,0.35,1787593583625.4646,False,,,5,OP1,C2_WIFI_CARGA_MEDIA,N3
,0.262,0.286,0.858,1.0,,1787593583653.8137,35.03,19.04,7.16,0.35,1787593583653.8137,False,,,5,OP1,C2_WIFI_CARGA_MEDIA,N3
,0.259,0.285,0.86,1.0,,1787593583680.0466,35.1,19.28,7.1,0.35,1787593583681.1453,False,,,5,OP1,C2_WIFI_CARGA_MEDIA,N3
,0.251,0.286,0.865,1.0,,1787593583708.2468,35.275,19.92,7.16,0.35,1787593583712.821,False,,,5,OP1,C2_WIFI_CARGA_MEDIA,N3
,0.243,0.286,0.871,1.0,,1787593583751.937,35.485,20.56,7.16,0.35,1787593583751.937,False,,,5,OP1,C2_WIFI_CARGA_MEDIA,N3
,0.24,0.286,0.871,1.0,,1787593583779.9983,35.485,20.8,7.16,0.35,1787593583782.0183,False,,,5,OP1,C2_WIFI_CARGA_MEDIA,N3
,0.238,0.286,0.873,1.0,,1787593583821.034,35.555,20.96,7.16,0.35,1787593583821.034,False,,,5,OP1,C2_WIFI_CARGA_MEDIA,N3
,0.235,0.286,0.876,1.0,,1787593583879.5735,35.66,21.2,7.16,0.35,1787593583880.5884,False,,,5,OP1,C2_WIFI_CARGA_MEDIA,N3
,0.233,0.286,0.879,1.0,,1787593583926.4548,35.765,21.36,7.16,0.35,1787593583926.4548,False,,,5,OP1,C2_WIFI_CARGA_MEDIA,N3
,0.23,0.286,0.884,1.0,,1787593583983.9685,35.94,21.6,7.16,0.35,1787593583984.9678,False,,,5,OP1,C2_WIFI_CARGA_MEDIA,N3
,0.229,0.286,0.886,1.0,,1787593584128.5293,36.01,21.68,7.16,0.35,1787593584128.5293,False,,,5,OP1,C2_WIFI_CARGA_MEDIA,N3
,0.219,0.282,0.885,1.0,,1787593584155.5286,35.975,22.48,6.92,0.35,1787593584157.5393,False,,,5,OP1,C2_WIFI_CARGA_MEDIA,N3
,0.214,0.28,0.878,1.0,,1787593584186.2085,35.73,22.88,6.8,0.35,1787593584186.2085,False,,,5,OP1,C2_WIFI_CARGA_MEDIA,N3
,0.213,0.279,0.876,1.0,,1787593584346.9482,35.66,22.96,6.74,0.35,1787593584352.3745,False,,,5,OP1,C2_WIFI_CARGA_MEDIA,N3
,0.206,0.273,0.868,1.0,,1787593584388.41,35.38,23.52,6.38,0.35,1787593584390.4214,False,,,5,OP1,C2_WIFI_CARGA_MEDIA,N3
,0.206,0.273,0.867,1.0,,1787593584454.112,35.345,23.52,6.38,0.35,1787593584456.5674,False,,,5,OP1,C2_WIFI_CARGA_MEDIA,N3
,0.207,0.272,0.862,1.0,,1787593584504.7783,35.17,23.44,6.32,0.35,1787593584505.8892,False,,,5,OP1,C2_WIFI_CARGA_MEDIA,N3
,0.209,0.271,0.859,1.0,,1787593584544.5662,35.065,23.28,6.26,0.35,1787593584547.078,False,,,5,OP1,C2_WIFI_CARGA_MEDIA,N3
,0.212,0.27,0.852,1.0,,1787593584580.8247,34.82,23.04,6.2,0.35,1787593584580.8247,False,,,5,OP1,C2_WIFI_CARGA_MEDIA,N3
,0.215,0.269,0.848,1.0,,1787593584611.3916,34.68,22.8,6.14,0.35,1787593584611.3916,False,,,5,OP1,C2_WIFI_CARGA_MEDIA,N3
,0.219,0.268,0.842,1.0,,1787593584650.894,34.47,22.48,6.08,0.35,1787593584650.894,False,,,5,OP1,C2_WIFI_CARGA_MEDIA,N3
,0.224,0.267,0.835,1.0,,1787593584676.3286,34.225,22.08,6.02,0.35,1787593584687.7046,False,,,5,OP1,C2_WIFI_CARGA_MEDIA,N3
,0.227,0.264,0.831,1.0,,1787593584736.1729,34.085,21.84,5.84,0.35,1787593584736.1729,False,,,5,OP1,C2_WIFI_CARGA_MEDIA,N3
,0.228,0.264,0.831,1.0,,1787593584761.1726,34.085,21.76,5.84,0.35,1787593584761.1726,False,,,5,OP1,C2_WIFI_CARGA_MEDIA,N3
,0.229,0.263,0.831,1.0,,1787593584793.6218,34.085,21.68,5.78,0.35,1787593584794.197,False,,,5,OP1,C2_WIFI_CARGA_MEDIA,N3
,0.23,0.262,0.831,1.0,,1787593584820.1611,34.085,21.6,5.72,0.35,1787593584827.066,False,,,5,OP1,C2_WIFI_CARGA_MEDIA,N3
,0.232,0.26,0.829,1.0,,1787593584878.1626,34.015,21.44,5.6,0.35,1787593584878.1626,False,,,5,OP1,C2_WIFI_CARGA_MEDIA,N3
,0.236,0.254,0.821,1.0,,1787593584935.62,33.735,21.12,5.24,0.35,1787593584937.6277,False,,,5,OP1,C2_WIFI_CARGA_MEDIA,N3
,0.239,0.252,0.813,1.0,,1787593584965.2463,33.455,20.88,5.12,0.35,1787593584965.2463,False,,,5,OP1,C2_WIFI_CARGA_MEDIA,N3
,0.247,0.244,0.802,1.0,,1787593585015.725,33.07,20.24,4.64,0.35,1787593585015.725,False,,,5,OP1,C2_WIFI_CARGA_MEDIA,N3
,0.251,0.242,0.799,1.0,,1787593585041.8967,32.965,19.92,4.52,0.35,1787593585043.109,False,,,5,OP1,C2_WIFI_CARGA_MEDIA,N3
,0.254,0.24,0.796,1.0,,1787593585075.871,32.86,19.68,4.4,0.35,1787593585075.871,False,,,5,OP1,C2_WIFI_CARGA_MEDIA,N3
,0.256,0.24,0.795,1.0,,1787593585096.3853,32.825,19.52,4.4,0.35,1787593585096.3853,False,,,5,OP1,C2_WIFI_CARGA_MEDIA,N3
,0.258,0.24,0.793,1.0,,1787593585131.245,32.755,19.36,4.4,0.35,1787593585131.245,False,,,5,OP1,C2_WIFI_CARGA_MEDIA,N3
,0.261,0.241,0.79,1.0,,1787593585183.0413,32.65,19.12,4.46,0.35,1787593585183.0413,False,,,5,OP1,C2_WIFI_CARGA_MEDIA,N3
,0.265,0.243,0.787,1.0,,1787593585237.6245,32.545,18.8,4.58,0.35,1787593585239.6323,False,,,5,OP1,C2_WIFI_CARGA_MEDIA,N3
,0.266,0.244,0.786,1.0,,1787593585260.9353,32.51,18.72,4.64,0.35,1787593585260.9353,False,,,5,OP1,C2_WIFI_CARGA_MEDIA,N3
,0.267,0.245,0.785,1.0,,1787593585296.8235,32.475,18.64,4.7,0.35,1787593585298.8362,False,,,5,OP1,C2_WIFI_CARGA_MEDIA,N3
,0.269,0.247,0.785,1.0,,1787593585346.9675,32.475,18.48,4.82,0.35,1787593585346.9675,False,,,5,OP1,C2_WIFI_CARGA_MEDIA,N3
,0.27,0.247,0.787,1.0,,1787593585370.2046,32.545,18.4,4.82,0.35,1787593585371.3022,False,,,5,OP1,C2_WIFI_CARGA_MEDIA,N3
,0.271,0.246,0.791,1.0,,1787593585408.507,32.685,18.32,4.76,0.35,1787593585409.4082,False,,,5,OP1,C2_WIFI_CARGA_MEDIA,N3
,0.274,0.243,0.806,1.0,,1787593585454.4438,33.21,18.08,4.58,0.35,1787593585456.2383,False,,,5,OP1,C2_WIFI_CARGA_MEDIA,N3
,0.276,0.24,0.819,1.0,,1787593585491.1892,33.665,17.92,4.4,0.35,1787593585492.205,False,,,5,OP1,C2_WIFI_CARGA_MEDIA,N3
,0.277,0.236,0.833,1.0,,1787593585547.1772,34.155,17.84,4.16,0.35,1787593585547.1772,False,,,5,OP1,C2_WIFI_CARGA_MEDIA,N3
,0.277,0.234,0.835,1.0,,1787593585575.725,34.225,17.84,4.04,0.35,1787593585575.725,False,,,5,OP1,C2_WIFI_CARGA_MEDIA,N3
,0.276,0.231,0.841,1.0,,1787593585596.7783,34.435,17.92,3.86,0.35,1787593585596.7783,False,,,5,OP1,C2_WIFI_CARGA_MEDIA,N3
,0.276,0.23,0.843,1.0,,1787593585619.8755,34.505,17.92,3.8,0.35,1787593585619.8755,False,,,5,OP1,C2_WIFI_CARGA_MEDIA,N3
,0.275,0.23,0.846,1.0,,1787593585658.447,34.61,18.0,3.8,0.35,1787593585658.8406,False,,,5,OP1,C2_WIFI_CARGA_MEDIA,N3
,0.273,0.228,0.853,1.0,,1787593585707.7175,34.855,18.16,3.68,0.35,1787593585708.5151,False,,,5,OP1,C2_WIFI_CARGA_MEDIA,N3
,0.272,0.227,0.859,1.0,,1787593585743.3574,35.065,18.24,3.62,0.35,1787593585744.4607,False,,,5,OP1,C2_WIFI_CARGA_MEDIA,N3
,0.27,0.225,0.874,1.0,,1787593585790.9756,35.59,18.4,3.5,0.35,1787593585790.9756,False,,,5,OP1,C2_WIFI_CARGA_MEDIA,N3
,0.269,0.225,0.876,1.0,,1787593585813.3235,35.66,18.48,3.5,0.35,1787593585815.2832,False,,,5,OP1,C2_WIFI_CARGA_MEDIA,N3
,0.269,0.224,0.877,1.0,,1787593585854.7498,35.695,18.48,3.44,0.35,1787593585854.7498,False,,,5,OP1,C2_WIFI_CARGA_MEDIA,N3
,0.268,0.225,0.882,1.0,,1787593585896.9067,35.87,18.56,3.5,0.35,1787593585896.9067,False,,,5,OP1,C2_WIFI_CARGA_MEDIA,N3
,0.267,0.225,0.888,1.0,,1787593585935.7964,36.08,18.64,3.5,0.35,1787593585937.8118,False,,,5,OP1,C2_WIFI_CARGA_MEDIA,N3
,0.267,0.225,0.895,1.0,,1787593585965.5876,36.325,18.64,3.5,0.35,1787593585966.098,False,,,5,OP1,C2_WIFI_CARGA_MEDIA,N3
,0.265,0.225,0.908,1.0,,1787593586013.7651,36.78,18.8,3.5,0.35,1787593586014.2969,False,,,5,OP1,C2_WIFI_CARGA_MEDIA,N3
,0.263,0.224,0.913,1.0,,1787593586042.2996,36.955,18.96,3.44,0.35,1787593586043.3472,False,,,5,OP1,C2_WIFI_CARGA_MEDIA,N3
,0.261,0.221,0.92,1.0,,1787593586071.954,37.2,19.12,3.26,0.35,1787593586071.954,False,,,5,OP1,C2_WIFI_CARGA_MEDIA,N3
,0.258,0.218,0.929,1.0,,1787593586100.5588,37.515,19.36,3.08,0.35,1787593586100.5588,False,,,5,OP1,C2_WIFI_CARGA_MEDIA,N3
,0.255,0.215,0.937,1.0,,1787593586130.2512,37.795,19.6,2.9,0.35,1787593586130.2512,False,,,5,OP1,C2_WIFI_CARGA_MEDIA,N3
,0.249,0.209,0.948,1.0,,1787593586178.7654,38.18,20.08,2.54,0.35,1787593586179.5637,False,,,5,OP1,C2_WIFI_CARGA_MEDIA,N3
,0.244,0.204,0.954,1.0,,1787593586242.7778,38.39,20.48,2.24,0.35,1787593586242.7778,False,,,5,OP1,C2_WIFI_CARGA_MEDIA,N3
,0.238,0.196,0.961,1.0,,1787593586297.0806,38.635,20.96,1.76,0.35,1787593586297.0806,False,,,5,OP1,C2_WIFI_CARGA_MEDIA,N3
,0.235,0.194,0.964,1.0,,1787593586325.5552,38.74,21.2,1.64,0.35,1787593586325.5552,False,,,5,OP1,C2_WIFI_CARGA_MEDIA,N3
,0.233,0.192,0.967,1.0,,1787593586354.4736,38.845,21.36,1.52,0.35,1787593586355.131,False,,,5,OP1,C2_WIFI_CARGA_MEDIA,N3
,0.231,0.191,0.968,1.0,,1787593586404.978,38.88,21.52,1.46,0.35,1787593586404.978,False,,,5,OP1,C2_WIFI_CARGA_MEDIA,N3
,0.23,0.19,0.969,1.0,,1787593586435.769,38.915,21.6,1.4,0.35,1787593586435.769,False,,,5,OP1,C2_WIFI_CARGA_MEDIA,N3
,0.228,0.19,0.97,1.0,,1787593586489.4973,38.95,21.76,1.4,0.35,1787593586489.4973,False,,,5,OP1,C2_WIFI_CARGA_MEDIA,N3
,0.226,0.19,0.97,1.0,,1787593586552.5713,38.95,21.92,1.4,0.35,1787593586552.5713,False,,,5,OP1,C2_WIFI_CARGA_MEDIA,N3
,0.224,0.191,0.968,1.0,,1787593586604.9412,38.88,22.08,1.46,0.35,1787593586604.9412,False,,,5,OP1,C2_WIFI_CARGA_MEDIA,N3
,0.224,0.191,0.968,1.0,,1787593586635.5408,38.88,22.08,1.46,0.35,1787593586637.5583,False,,,5,OP1,C2_WIFI_CARGA_MEDIA,N3
,0.224,0.19,0.968,1.0,,1787593586686.3137,38.88,22.08,1.4,0.35,1787593586686.3137,False,,,5,OP1,C2_WIFI_CARGA_MEDIA,N3
,0.223,0.19,0.968,1.0,,1787593586708.4763,38.88,22.16,1.4,0.35,1787593586709.546,False,,,5,OP1,C2_WIFI_CARGA_MEDIA,N3
,0.223,0.189,0.967,1.0,,1787593586744.6006,38.845,22.16,1.34,0.35,1787593586747.3518,False,,,5,OP1,C2_WIFI_CARGA_MEDIA,N3
,0.223,0.188,0.966,1.0,,1787593586913.9744,38.81,22.16,1.28,0.35,1787593586913.9744,False,,,5,OP1,C2_WIFI_CARGA_MEDIA,N3
,0.223,0.186,0.962,1.0,,1787593586936.3845,38.67,22.16,1.16,0.35,1787593586936.3845,False,,,5,OP1,C2_WIFI_CARGA_MEDIA,N3
,0.223,0.186,0.96,1.0,,1787593586980.1973,38.6,22.16,1.16,0.35,1787593586980.1973,False,,,5,OP1,C2_WIFI_CARGA_MEDIA,N3
,0.223,0.187,0.956,1.0,,1787593587018.6548,38.46,22.16,1.22,0.35,1787593587018.6548,False,,,5,OP1,C2_WIFI_CARGA_MEDIA,N3
,0.224,0.188,0.951,1.0,,1787593587043.2651,38.285,22.08,1.28,0.35,1787593587043.2651,False,,,5,OP1,C2_WIFI_CARGA_MEDIA,N3
,0.226,0.19,0.947,1.0,,1787593587073.8882,38.145,21.92,1.4,0.35,1787593587073.8882,False,,,5,OP1,C2_WIFI_CARGA_MEDIA,N3
,0.229,0.196,0.938,1.0,,1787593587107.8225,37.83,21.68,1.76,0.35,1787593587108.908,False,,,5,OP1,C2_WIFI_CARGA_MEDIA,N3
,0.236,0.21,0.906,1.0,,1787593587161.4094,36.71,21.12,2.6,0.35,1787593587161.4094,False,,,5,OP1,C2_WIFI_CARGA_MEDIA,N3
,0.24,0.226,0.864,1.0,,1787593587343.8708,35.24,20.8,3.56,0.35,1787593587347.3826,False,,,5,OP1,C2_WIFI_CARGA_MEDIA,N3
,0.236,0.258,0.782,1.0,,1787593587379.3276,32.37,21.12,5.48,0.35,1787593587380.3484,False,,,5,OP1,C2_WIFI_CARGA_MEDIA,N3
,0.235,0.26,0.776,1.0,,1787593587415.0945,32.16,21.2,5.6,0.35,1787593587415.0945,False,,,5,OP1,C2_WIFI_CARGA_MEDIA,N3
,0.234,0.26,0.772,1.0,,1787593587468.9907,32.02,21.28,5.6,0.35,1787593587468.9907,False,,,5,OP1,C2_WIFI_CARGA_MEDIA,N3
,0.233,0.26,0.77,1.0,,1787593587512.2207,31.95,21.36,5.6,0.35,1787593587512.2207,False,,,5,OP1,C2_WIFI_CARGA_MEDIA,N3
,0.231,0.26,0.768,1.0,,1787593587552.4463,31.88,21.52,5.6,0.35,1787593587552.4463,False,,,5,OP1,C2_WIFI_CARGA_MEDIA,N3
,0.23,0.259,0.767,1.0,,1787593587576.4275,31.845,21.6,5.54,0.35,1787593587578.4417,False,,,5,OP1,C2_WIFI_CARGA_MEDIA,N3
,0.229,0.259,0.765,1.0,,1787593587608.7754,31.775,21.68,5.54,0.35,1787593587608.7754,False,,,5,OP1,C2_WIFI_CARGA_MEDIA,N3
,0.228,0.258,0.762,1.0,,1787593587650.8647,31.67,21.76,5.48,0.35,1787593587650.8647,False,,,5,OP1,C2_WIFI_CARGA_MEDIA,N3
,0.228,0.258,0.761,1.0,,1787593587673.297,31.635,21.76,5.48,0.35,1787593587674.4136,False,,,5,OP1,C2_WIFI_CARGA_MEDIA,N3
,0.228,0.258,0.759,1.0,,1787593587716.5508,31.565,21.76,5.48,0.35,1787593587722.2114,False,,,5,OP1,C2_WIFI_CARGA_MEDIA,N3
,0.228,0.258,0.756,1.0,,1787593587773.2527,31.46,21.76,5.48,0.35,1787593587773.2527,False,,,5,OP1,C2_WIFI_CARGA_MEDIA,N3
,0.229,0.258,0.756,1.0,,1787593587824.293,31.46,21.68,5.48,0.35,1787593587826.377,False,,,5,OP1,C2_WIFI_CARGA_MEDIA,N3
,0.23,0.257,0.757,1.0,,1787593587852.7605,31.495,21.6,5.42,0.35,1787593587852.7605,False,,,5,OP1,C2_WIFI_CARGA_MEDIA,N3
,0.232,0.256,0.76,1.0,,1787593587914.7676,31.6,21.44,5.36,0.35,1787593587915.7678,False,,,5,OP1,C2_WIFI_CARGA_MEDIA,N3
,0.233,0.254,0.767,1.0,,1787593587958.4353,31.845,21.36,5.24,0.35,1787593587958.4353,False,,,5,OP1,C2_WIFI_CARGA_MEDIA,N3
,0.234,0.253,0.768,1.0,,1787593587981.7495,31.88,21.28,5.18,0.35,1787593587982.8682,False,,,5,OP1,C2_WIFI_CARGA_MEDIA,N3
,0.233,0.253,0.77,1.0,,1787593588025.8064,31.95,21.36,5.18,0.35,1787593588025.8064,False,,,5,OP1,C2_WIFI_CARGA_MEDIA,N3
,0.233,0.252,0.772,1.0,,1787593588053.488,32.02,21.36,5.12,0.35,1787593588055.504,False,,,5,OP1,C2_WIFI_CARGA_MEDIA,N3
,0.233,0.25,0.774,1.0,,1787593588080.265,32.09,21.36,5.0,0.35,1787593588083.0725,False,,,5,OP1,C2_WIFI_CARGA_MEDIA,N3
,0.233,0.249,0.775,1.0,,1787593588126.506,32.125,21.36,4.94,0.35,1787593588126.506,False,,,5,OP1,C2_WIFI_CARGA_MEDIA,N3
,0.233,0.248,0.776,1.0,,1787593588158.9966,32.16,21.36,4.88,0.35,1787593588159.5037,False,,,5,OP1,C2_WIFI_CARGA_MEDIA,N3
,0.233,0.248,0.776,1.0,,1787593588187.91,32.16,21.36,4.88,0.35,1787593588189.922,False,,,5,OP1,C2_WIFI_CARGA_MEDIA,N3
,0.234,0.247,0.777,1.0,,1787593588220.0295,32.195,21.28,4.82,0.35,1787593588220.0295,False,,,5,OP1,C2_WIFI_CARGA_MEDIA,N3
,0.236,0.246,0.778,1.0,,1787593588260.4988,32.23,21.12,4.76,0.35,1787593588260.4988,False,,,5,OP1,C2_WIFI_CARGA_MEDIA,N3
,0.24,0.245,0.779,1.0,,1787593588284.561,32.265,20.8,4.7,0.35,1787593588284.561,False,,,5,OP1,C2_WIFI_CARGA_MEDIA,N3
,0.244,0.244,0.782,1.0,,1787593588329.212,32.37,20.48,4.64,0.35,1787593588329.212,False,,,5,OP1,C2_WIFI_CARGA_MEDIA,N3
,0.248,0.243,0.785,1.0,,1787593588359.2576,32.475,20.16,4.58,0.35,1787593588360.264,False,,,5,OP1,C2_WIFI_CARGA_MEDIA,N3
,0.25,0.242,0.786,1.0,,1787593588384.6775,32.51,20.0,4.52,0.35,1787593588386.9688,False,,,5,OP1,C2_WIFI_CARGA_MEDIA,N3
,0.252,0.242,0.788,1.0,,1787593588414.3433,32.58,19.84,4.52,0.35,1787593588417.079,False,,,5,OP1,C2_WIFI_CARGA_MEDIA,N3
,0.254,0.24,0.797,1.0,,1787593588460.9895,32.895,19.68,4.4,0.35,1787593588460.9895,False,,,5,OP1,C2_WIFI_CARGA_MEDIA,N3
,0.253,0.238,0.802,1.0,,1787593588485.7954,33.07,19.76,4.28,0.35,1787593588486.912,False,,,5,OP1,C2_WIFI_CARGA_MEDIA,N3
,0.252,0.235,0.81,1.0,,1787593588526.9524,33.35,19.84,4.1,0.35,1787593588528.96,False,,,5,OP1,C2_WIFI_CARGA_MEDIA,N3
,0.252,0.229,0.822,1.0,,1787593588555.205,33.77,19.84,3.74,0.35,1787593588555.6904,False,,,5,OP1,C2_WIFI_CARGA_MEDIA,N3
,0.251,0.218,0.835,1.0,,1787593588587.8345,34.225,19.92,3.08,0.35,1787593588588.6377,False,,,5,OP1,C2_WIFI_CARGA_MEDIA,N3
,0.251,0.211,0.842,1.0,,1787593588629.189,34.47,19.92,2.66,0.35,1787593588629.189,False,,,5,OP1,C2_WIFI_CARGA_MEDIA,N3
,0.249,0.205,0.848,1.0,,1787593588669.743,34.68,20.08,2.3,0.35,1787593588671.7434,False,,,5,OP1,C2_WIFI_CARGA_MEDIA,N3
,0.249,0.196,0.853,1.0,,1787593588722.7805,34.855,20.08,1.76,0.35,1787593588722.7805,False,,,5,OP1,C2_WIFI_CARGA_MEDIA,N3
,0.249,0.192,0.853,1.0,,1787593588802.8325,34.855,20.08,1.52,0.35,1787593588804.2131,False,,,5,OP1,C2_WIFI_CARGA_MEDIA,N3
,0.251,0.189,0.851,1.0,,1787593588855.9373,34.785,19.92,1.34,0.35,1787593588855.9373,False,,,5,OP1,C2_WIFI_CARGA_MEDIA,N3
,0.251,0.189,0.851,1.0,,1787593588904.0044,34.785,19.92,1.34,0.35,1787593588904.0044,False,,,5,OP1,C2_WIFI_CARGA_MEDIA,N3
,0.252,0.189,0.85,1.0,,1787593588943.615,34.75,19.84,1.34,0.35,1787593588943.615,False,,,5,OP1,C2_WIFI_CARGA_MEDIA,N3
,0.254,0.189,0.851,1.0,,1787593588999.7556,34.785,19.68,1.34,0.35,1787593589001.7656,False,,,5,OP1,C2_WIFI_CARGA_MEDIA,N3
,0.254,0.189,0.852,1.0,,1787593589028.5645,34.82,19.68,1.34,0.35,1787593589029.3362,False,,,5,OP1,C2_WIFI_CARGA_MEDIA,N3
,0.252,0.189,0.854,1.0,,1787593589073.1023,34.89,19.84,1.34,0.35,1787593589073.1023,False,,,5,OP1,C2_WIFI_CARGA_MEDIA,N3
,0.251,0.188,0.857,1.0,,1787593589135.128,34.995,19.92,1.28,0.35,1787593589135.128,False,,,5,OP1,C2_WIFI_CARGA_MEDIA,N3
,0.25,0.187,0.858,1.0,,1787593589157.8154,35.03,20.0,1.22,0.35,1787593589158.9387,False,,,5,OP1,C2_WIFI_CARGA_MEDIA,N3
,0.249,0.186,0.859,1.0,,1787593589209.8628,35.065,20.08,1.16,0.35,1787593589211.067,False,,,5,OP1,C2_WIFI_CARGA_MEDIA,N3
,0.247,0.182,0.857,1.0,,1787593589233.3833,34.995,20.24,0.92,0.35,1787593589234.4165,False,,,5,OP1,C2_WIFI_CARGA_MEDIA,N3
,0.245,0.18,0.855,1.0,,1787593589265.317,34.925,20.4,0.8,0.35,1787593589265.317,False,,,5,OP1,C2_WIFI_CARGA_MEDIA,N3
,0.245,0.178,0.854,1.0,,1787593589303.3015,34.89,20.4,0.68,0.35,1787593589308.641,False,,,5,OP1,C2_WIFI_CARGA_MEDIA,N3
,0.244,0.176,0.852,1.0,,1787593589359.5364,34.82,20.48,0.56,0.35,1787593589359.5364,False,,,5,OP1,C2_WIFI_CARGA_MEDIA,N3
,0.244,0.175,0.852,1.0,,1787593589381.444,34.82,20.48,0.5,0.35,1787593589382.5144,False,,,5,OP1,C2_WIFI_CARGA_MEDIA,N3
,0.243,0.174,0.853,1.0,,1787593589414.9136,34.855,20.56,0.44,0.35,1787593589414.9136,False,,,5,OP1,C2_WIFI_CARGA_MEDIA,N3
,0.243,0.174,0.853,1.0,,1787593589571.0503,34.855,20.56,0.44,0.35,1787593589576.4954,False,,,5,OP1,C2_WIFI_CARGA_MEDIA,N3
,0.246,0.175,0.857,1.0,,1787593589596.8567,34.995,20.32,0.5,0.35,1787593589596.8567,False,,,5,OP1,C2_WIFI_CARGA_MEDIA,N3
,0.247,0.176,0.857,1.0,,1787593589625.5032,34.995,20.24,0.56,0.35,1787593589625.5032,False,,,5,OP1,C2_WIFI_CARGA_MEDIA,N3
,0.249,0.177,0.857,1.0,,1787593589648.9988,34.995,20.08,0.62,0.35,1787593589648.9988,False,,,5,OP1,C2_WIFI_CARGA_MEDIA,N3
,0.25,0.177,0.857,1.0,,1787593589697.5396,34.995,20.0,0.62,0.35,1787593589697.5396,False,,,5,OP1,C2_WIFI_CARGA_MEDIA,N3
,0.252,0.177,0.857,1.0,,1787593589747.0547,34.995,19.84,0.62,0.35,1787593589747.0547,False,,,5,OP1,C2_WIFI_CARGA_MEDIA,N3
,0.251,0.176,0.856,1.0,,1787593589779.5415,34.96,19.92,0.56,0.35,1787593589781.5493,False,,,5,OP1,C2_WIFI_CARGA_MEDIA,N3
,0.25,0.175,0.855,1.0,,1787593589807.0005,34.925,20.0,0.5,0.35,1787593589807.715,False,,,5,OP1,C2_WIFI_CARGA_MEDIA,N3
,0.245,0.163,0.848,1.0,,1787593589841.6062,34.68,20.4,-0.22,0.35,1787593589842.6145,False,,,5,OP1,C2_WIFI_CARGA_MEDIA,N3
,0.24,0.155,0.838,1.0,,1787593589874.485,34.33,20.8,-0.7,0.35,1787593589874.485,False,,,5,OP1,C2_WIFI_CARGA_MEDIA,N3
,0.236,0.15,0.826,1.0,,1787593589896.5967,33.91,21.12,-1.0,0.35,1787593589898.7493,False,,,5,OP1,C2_WIFI_CARGA_MEDIA,N3
,0.236,0.145,0.817,1.0,,1787593589942.627,33.595,21.12,-1.3,0.35,1787593589942.627,False,,,5,OP1,C2_WIFI_CARGA_MEDIA,N3
,0.236,0.142,0.805,1.0,,1787593589973.8755,33.175,21.12,-1.48,0.35,1787593589975.8806,False,,,5,OP1,C2_WIFI_CARGA_MEDIA,N3
,0.237,0.141,0.789,1.0,,1787593589999.0815,32.615,21.04,-1.54,0.35,1787593589999.0815,False,,,5,OP1,C2_WIFI_CARGA_MEDIA,N3
,0.241,0.144,0.775,1.0,,1787593590031.6943,32.125,20.72,-1.36,0.35,1787593590032.5889,False,,,5,OP1,C2_WIFI_CARGA_MEDIA,N3
,0.25,0.145,0.76,1.0,,1787593590081.9148,31.6,20.0,-1.3,0.35,1787593590081.9148,False,,,5,OP1,C2_WIFI_CARGA_MEDIA,N3
,0.253,0.147,0.756,1.0,,1787593590141.81,31.46,19.76,-1.18,0.35,1787593590142.8164,False,,,5,OP1,C2_WIFI_CARGA_MEDIA,N3
,0.254,0.148,0.755,1.0,,1787593590172.2388,31.425,19.68,-1.12,0.35,1787593590172.2388,False,,,5,OP1,C2_WIFI_CARGA_MEDIA,N3
,0.254,0.149,0.754,1.0,,1787593590196.8728,31.39,19.68,-1.06,0.35,1787593590199.6511,False,,,5,OP1,C2_WIFI_CARGA_MEDIA,N3
,0.255,0.15,0.755,1.0,,1787593590238.256,31.425,19.6,-1.0,0.35,1787593590238.256,False,,,5,OP1,C2_WIFI_CARGA_MEDIA,N3
,0.256,0.149,0.755,1.0,,1787593590281.7854,31.425,19.52,-1.06,0.35,1787593590282.142,False,,,5,OP1,C2_WIFI_CARGA_MEDIA,N3
,0.256,0.149,0.753,1.0,,1787593590304.0786,31.355,19.52,-1.06,0.35,1787593590304.0786,False,,,5,OP1,C2_WIFI_CARGA_MEDIA,N3
,0.256,0.149,0.752,1.0,,1787593590336.72,31.32,19.52,-1.06,0.35,1787593590338.7324,False,,,5,OP1,C2_WIFI_CARGA_MEDIA,N3
,0.257,0.147,0.754,1.0,,1787593590379.378,31.39,19.44,-1.18,0.35,1787593590381.1335,False,,,5,OP1,C2_WIFI_CARGA_MEDIA,N3
,0.258,0.143,0.756,1.0,,1787593590445.6658,31.46,19.36,-1.42,0.35,1787593590447.173,False,,,5,OP1,C2_WIFI_CARGA_MEDIA,N3
,0.259,0.142,0.756,1.0,,1787593590469.0889,31.46,19.28,-1.48,0.35,1787593590469.0889,False,,,5,OP1,C2_WIFI_CARGA_MEDIA,N3
,0.259,0.141,0.758,1.0,,1787593590491.0884,31.53,19.28,-1.54,0.35,1787593590491.0884,False,,,5,OP1,C2_WIFI_CARGA_MEDIA,N3
,0.26,0.141,0.761,1.0,,1787593590517.3923,31.635,19.2,-1.54,0.35,1787593590533.1873,False,,,5,OP1,C2_WIFI_CARGA_MEDIA,N3
,0.262,0.143,0.766,1.0,,1787593590575.6897,31.81,19.04,-1.42,0.35,1787593590575.6897,False,,,5,OP1,C2_WIFI_CARGA_MEDIA,N3
,0.264,0.144,0.77,1.0,,1787593590603.4292,31.95,18.88,-1.36,0.35,1787593590603.4292,False,,,5,OP1,C2_WIFI_CARGA_MEDIA,N3
,0.267,0.146,0.775,1.0,,1787593590643.5752,32.125,18.64,-1.24,0.35,1787593590644.6042,False,,,5,OP1,C2_WIFI_CARGA_MEDIA,N3
,0.272,0.153,0.782,1.0,,1787593590697.2234,32.37,18.24,-0.82,0.35,1787593590697.2234,False,,,5,OP1,C2_WIFI_CARGA_MEDIA,N3
,0.275,0.158,0.786,1.0,,1787593590749.2122,32.51,18.0,-0.52,0.35,1787593590749.2122,False,,,5,OP1,C2_WIFI_CARGA_MEDIA,N3
,0.275,0.16,0.789,1.0,,1787593590774.2666,32.615,18.0,-0.4,0.35,1787593590774.2666,False,,,5,OP1,C2_WIFI_CARGA_MEDIA,N3
,0.274,0.162,0.794,1.0,,1787593590797.2927,32.79,18.08,-0.28,0.35,1787593590797.2927,False,,,5,OP1,C2_WIFI_CARGA_MEDIA,N3
,0.274,0.164,0.801,1.0,,1787593590838.3845,33.035,18.08,-0.16,0.35,1787593590838.3845,False,,,5,OP1,C2_WIFI_CARGA_MEDIA,N3
,0.271,0.165,0.811,1.0,,1787593590883.4082,33.385,18.32,-0.1,0.35,1787593590883.4082,False,,,5,OP1,C2_WIFI_CARGA_MEDIA,N3
,0.27,0.165,0.817,1.0,,1787593590905.2163,33.595,18.4,-0.1,0.35,1787593590905.2163,False,,,5,OP1,C2_WIFI_CARGA_MEDIA,N3
,0.27,0.165,0.825,1.0,,1787593590947.1711,33.875,18.4,-0.1,0.35,1787593590947.1711,False,,,5,OP1,C2_WIFI_CARGA_MEDIA,N3
,0.269,0.165,0.829,1.0,,1787593590975.1477,34.015,18.48,-0.1,0.35,1787593590975.1477,False,,,5,OP1,C2_WIFI_CARGA_MEDIA,N3
,0.268,0.165,0.832,1.0,,1787593591004.5176,34.12,18.56,-0.1,0.35,1787593591006.6362,False,,,5,OP1,C2_WIFI_CARGA_MEDIA,N3
,0.266,0.165,0.837,1.0,,1787593591051.0156,34.295,18.72,-0.1,0.35,1787593591051.0156,False,,,5,OP1,C2_WIFI_CARGA_MEDIA,N3
,0.266,0.165,0.838,1.0,,1787593591082.5637,34.33,18.72,-0.1,0.35,1787593591082.5637,False,,,5,OP1,C2_WIFI_CARGA_MEDIA,N3
,0.265,0.164,0.84,1.0,,1787593591106.2092,34.4,18.8,-0.16,0.35,1787593591106.2092,False,,,5,OP1,C2_WIFI_CARGA_MEDIA,N3
,0.265,0.164,0.841,1.0,,1787593591141.9111,34.435,18.8,-0.16,0.35,1787593591144.6443,False,,,5,OP1,C2_WIFI_CARGA_MEDIA,N3
,0.264,0.162,0.844,1.0,,1787593591187.2373,34.54,18.88,-0.28,0.35,1787593591187.2373,False,,,5,OP1,C2_WIFI_CARGA_MEDIA,N3
,0.263,0.161,0.846,1.0,,1787593591217.9187,34.61,18.96,-0.34,0.35,1787593591217.9187,False,,,5,OP1,C2_WIFI_CARGA_MEDIA,N3
,0.263,0.161,0.848,1.0,,1787593591252.991,34.68,18.96,-0.34,0.35,1787593591252.991,False,,,5,OP1,C2_WIFI_CARGA_MEDIA,N3
,0.262,0.16,0.85,1.0,,1787593591277.6812,34.75,19.04,-0.4,0.35,1787593591277.6812,False,,,5,OP1,C2_WIFI_CARGA_MEDIA,N3
,0.26,0.159,0.853,1.0,,1787593591308.7422,34.855,19.2,-0.46,0.35,1787593591308.7422,False,,,5,OP1,C2_WIFI_CARGA_MEDIA,N3
,0.256,0.157,0.859,1.0,,1787593591355.4878,35.065,19.52,-0.58,0.35,1787593591355.4878,False,,,5,OP1,C2_WIFI_CARGA_MEDIA,N3
,0.253,0.156,0.863,1.0,,1787593591378.4973,35.205,19.76,-0.64,0.35,1787593591378.4973,False,,,5,OP1,C2_WIFI_CARGA_MEDIA,N3
,0.25,0.156,0.865,1.0,,1787593591407.9033,35.275,20.0,-0.64,0.35,1787593591409.9253,False,,,5,OP1,C2_WIFI_CARGA_MEDIA,N3
,0.248,0.156,0.866,1.0,,1787593591451.4294,35.31,20.16,-0.64,0.35,1787593591451.4294,False,,,5,OP1,C2_WIFI_CARGA_MEDIA,N3
,0.247,0.156,0.867,1.0,,1787593591480.044,35.345,20.24,-0.64,0.35,1787593591480.044,False,,,5,OP1,C2_WIFI_CARGA_MEDIA,N3
,0.246,0.153,0.875,1.0,,1787593591510.1704,35.625,20.32,-0.82,0.35,1787593591510.1704,False,,,5,OP1,C2_WIFI_CARGA_MEDIA,N3
,0.246,0.153,0.876,1.0,,1787593591546.8203,35.66,20.32,-0.82,0.35,1787593591546.8203,False,,,5,OP1,C2_WIFI_CARGA_MEDIA,N3
,0.246,0.151,0.878,1.0,,1787593591576.9644,35.73,20.32,-0.94,0.35,1787593591576.9644,False,,,5,OP1,C2_WIFI_CARGA_MEDIA,N3
,0.246,0.15,0.878,1.0,,1787593591613.6938,35.73,20.32,-1.0,0.35,1787593591615.703,False,,,5,OP1,C2_WIFI_CARGA_MEDIA,N3
,0.246,0.149,0.878,1.0,,1787593591647.8362,35.73,20.32,-1.06,0.35,1787593591647.8362,False,,,5,OP1,C2_WIFI_CARGA_MEDIA,N3
,0.246,0.147,0.877,1.0,,1787593591685.4248,35.695,20.32,-1.18,0.35,1787593591685.4248,False,,,5,OP1,C2_WIFI_CARGA_MEDIA,N3
,0.247,0.146,0.878,1.0,,1787593591714.0334,35.73,20.24,-1.24,0.35,1787593591714.4795,False,,,5,OP1,C2_WIFI_CARGA_MEDIA,N3
,0.247,0.145,0.878,1.0,,1787593591743.9275,35.73,20.24,-1.3,0.35,1787593591745.54,False,,,5,OP1,C2_WIFI_CARGA_MEDIA,N3
,0.247,0.145,0.878,1.0,,1787593591785.4028,35.73,20.24,-1.3,0.35,1787593591785.4028,False,,,5,OP1,C2_WIFI_CARGA_MEDIA,N3
,0.248,0.145,0.878,1.0,,1787593591828.7002,35.73,20.16,-1.3,0.35,1787593591844.5664,False,,,5,OP1,C2_WIFI_CARGA_MEDIA,N3
,0.249,0.146,0.879,1.0,,1787593591887.9656,35.765,20.08,-1.24,0.35,1787593591887.9656,False,,,5,OP1,C2_WIFI_CARGA_MEDIA,N3
,0.25,0.145,0.879,1.0,,1787593591917.568,35.765,20.0,-1.3,0.35,1787593591917.568,False,,,5,OP1,C2_WIFI_CARGA_MEDIA,N3
,0.251,0.145,0.881,1.0,,1787593591978.813,35.835,19.92,-1.3,0.35,1787593591978.813,False,,,5,OP1,C2_WIFI_CARGA_MEDIA,N3
,0.252,0.145,0.882,1.0,,1787593592008.2856,35.87,19.84,-1.3,0.35,1787593592008.2856,False,,,5,OP1,C2_WIFI_CARGA_MEDIA,N3
,0.253,0.143,0.882,1.0,,1787593592060.3276,35.87,19.76,-1.42,0.35,1787593592060.3276,False,,,5,OP1,C2_WIFI_CARGA_MEDIA,N3
,0.253,0.142,0.882,1.0,,1787593592080.6072,35.87,19.76,-1.48,0.35,1787593592081.715,False,,,5,OP1,C2_WIFI_CARGA_MEDIA,N3
,0.253,0.14,0.881,1.0,,1787593592118.1072,35.835,19.76,-1.6,0.35,1787593592119.48,False,,,5,OP1,C2_WIFI_CARGA_MEDIA,N3
,0.254,0.134,0.877,1.0,,1787593592158.7373,35.695,19.68,-1.96,0.35,1787593592158.7373,False,,,5,OP1,C2_WIFI_CARGA_MEDIA,N3
,0.254,0.13,0.877,1.0,,1787593592182.8362,35.695,19.68,-2.2,0.35,1787593592183.838,False,,,5,OP1,C2_WIFI_CARGA_MEDIA,N3
,0.254,0.128,0.877,1.0,,1787593592216.2188,35.695,19.68,-2.32,0.35,1787593592218.2092,False,,,5,OP1,C2_WIFI_CARGA_MEDIA,N3
,0.253,0.127,0.877,1.0,,1787593592257.135,35.695,19.76,-2.38,0.35,1787593592257.135,False,,,5,OP1,C2_WIFI_CARGA_MEDIA,N3
,0.252,0.123,0.878,1.0,,1787593592285.2358,35.73,19.84,-2.62,0.35,1787593592287.2473,False,,,5,OP1,C2_WIFI_CARGA_MEDIA,N3
,0.249,0.114,0.88,1.0,,1787593592328.3635,35.8,20.08,-3.16,0.35,1787593592328.3635,False,,,5,OP1,C2_WIFI_CARGA_MEDIA,N3
,0.248,0.11,0.879,1.0,,1787593592362.1914,35.765,20.16,-3.4,0.35,1787593592362.1914,False,,,5,OP1,C2_WIFI_CARGA_MEDIA,N3
,0.248,0.108,0.879,1.0,,1787593592396.957,35.765,20.16,-3.52,0.35,1787593592397.966,False,,,5,OP1,C2_WIFI_CARGA_MEDIA,N3
,0.248,0.106,0.88,1.0,,1787593592420.6636,35.8,20.16,-3.64,0.35,1787593592421.222,False,,,5,OP1,C2_WIFI_CARGA_MEDIA,N3
,0.248,0.105,0.879,1.0,,1787593592453.405,35.765,20.16,-3.7,0.35,1787593592453.405,False,,,5,OP1,C2_WIFI_CARGA_MEDIA,N3
,0.247,0.104,0.877,1.0,,1787593592496.9773,35.695,20.24,-3.76,0.35,1787593592496.9773,False,,,5,OP1,C2_WIFI_CARGA_MEDIA,N3
,0.247,0.104,0.875,1.0,,1787593592518.069,35.625,20.24,-3.76,0.35,1787593592518.069,False,,,5,OP1,C2_WIFI_CARGA_MEDIA,N3
,0.248,0.104,0.875,1.0,,1787593592564.5898,35.625,20.16,-3.76,0.35,1787593592564.5898,False,,,5,OP1,C2_WIFI_CARGA_MEDIA,N3
,0.249,0.104,0.874,1.0,,1787593592587.9814,35.59,20.08,-3.76,0.35,1787593592587.9814,False,,,5,OP1,C2_WIFI_CARGA_MEDIA,N3
,0.249,0.105,0.874,1.0,,1787593592617.4534,35.59,20.08,-3.7,0.35,1787593592619.849,False,,,5,OP1,C2_WIFI_CARGA_MEDIA,N3
,0.25,0.107,0.873,1.0,,1787593592647.2698,35.555,20.0,-3.58,0.35,1787593592647.2698,False,,,5,OP1,C2_WIFI_CARGA_MEDIA,N3
,0.251,0.111,0.869,1.0,,1787593592696.882,35.415,19.92,-3.34,0.35,1787593592696.882,False,,,5,OP1,C2_WIFI_CARGA_MEDIA,N3
,0.251,0.112,0.868,1.0,,1787593592719.6,35.38,19.92,-3.28,0.35,1787593592719.92,False,,,5,OP1,C2_WIFI_CARGA_MEDIA,N3
,0.252,0.112,0.868,1.0,,1787593592758.058,35.38,19.84,-3.28,0.35,1787593592760.1687,False,,,5,OP1,C2_WIFI_CARGA_MEDIA,N3
,0.252,0.113,0.867,1.0,,1787593592787.1748,35.345,19.84,-3.22,0.35,1787593592787.1748,False,,,5,OP1,C2_WIFI_CARGA_MEDIA,N3
,0.252,0.113,0.868,1.0,,1787593592813.7202,35.38,19.84,-3.22,0.35,1787593592813.7202,False,,,5,OP1,C2_WIFI_CARGA_MEDIA,N3
,0.252,0.114,0.867,1.0,,1787593592862.2405,35.345,19.84,-3.16,0.35,1787593592862.2405,False,,,5,OP1,C2_WIFI_CARGA_MEDIA,N3
,0.252,0.115,0.867,1.0,,1787593592897.0732,35.345,19.84,-3.1,0.35,1787593592897.0732,False,,,5,OP1,C2_WIFI_CARGA_MEDIA,N3
,0.251,0.116,0.867,1.0,,1787593592919.3738,35.345,19.92,-3.04,0.35,1787593592920.386,False,,,5,OP1,C2_WIFI_CARGA_MEDIA,N3
,0.251,0.116,0.866,1.0,,1787593592955.2654,35.31,19.92,-3.04,0.35,1787593592958.3604,False,,,5,OP1,C2_WIFI_CARGA_MEDIA,N3
,0.251,0.116,0.866,1.0,,1787593593003.724,35.31,19.92,-3.04,0.35,1787593593003.724,False,,,5,OP1,C2_WIFI_CARGA_MEDIA,N3
,0.252,0.117,0.865,1.0,,1787593593064.2651,35.275,19.84,-2.98,0.35,1787593593064.2651,False,,,5,OP1,C2_WIFI_CARGA_MEDIA,N3
,0.252,0.117,0.865,1.0,,1787593593087.1934,35.275,19.84,-2.98,0.35,1787593593088.9385,False,,,5,OP1,C2_WIFI_CARGA_MEDIA,N3
,0.252,0.117,0.865,1.0,,1787593593121.519,35.275,19.84,-2.98,0.35,1787593593123.3196,False,,,5,OP1,C2_WIFI_CARGA_MEDIA,N3
,0.252,0.117,0.866,1.0,,1787593593149.4312,35.31,19.84,-2.98,0.35,1787593593149.4312,False,,,5,OP1,C2_WIFI_CARGA_MEDIA,N3
,0.253,0.117,0.867,1.0,,1787593593202.5242,35.345,19.76,-2.98,0.35,1787593593202.5242,False,,,5,OP1,C2_WIFI_CARGA_MEDIA,N3
,0.253,0.117,0.868,1.0,,1787593593223.9724,35.38,19.76,-2.98,0.35,1787593593223.9724,False,,,5,OP1,C2_WIFI_CARGA_MEDIA,N3
,0.252,0.116,0.867,1.0,,1787593593259.6467,35.345,19.84,-3.04,0.35,1787593593261.6597,False,,,5,OP1,C2_WIFI_CARGA_MEDIA,N3
,0.252,0.115,0.868,1.0,,1787593593302.7595,35.38,19.84,-3.1,0.35,1787593593302.7595,False,,,5,OP1,C2_WIFI_CARGA_MEDIA,N3
,0.252,0.115,0.867,1.0,,1787593593328.059,35.345,19.84,-3.1,0.35,1787593593328.059,False,,,5,OP1,C2_WIFI_CARGA_MEDIA,N3
,0.252,0.115,0.867,1.0,,1787593593372.1511,35.345,19.84,-3.1,0.35,1787593593372.1511,False,,,5,OP1,C2_WIFI_CARGA_MEDIA,N3
,0.251,0.115,0.867,1.0,,1787593593399.0095,35.345,19.92,-3.1,0.35,1787593593399.0095,False,,,5,OP1,C2_WIFI_CARGA_MEDIA,N3
,0.251,0.115,0.866,1.0,,1787593593425.4917,35.31,19.92,-3.1,0.35,1787593593425.4917,False,,,5,OP1,C2_WIFI_CARGA_MEDIA,N3
,0.252,0.115,0.863,1.0,,1787593593471.3987,35.205,19.84,-3.1,0.35,1787593593472.2888,False,,,5,OP1,C2_WIFI_CARGA_MEDIA,N3
,0.252,0.113,0.861,1.0,,1787593593497.181,35.135,19.84,-3.22,0.35,1787593593497.181,False,,,5,OP1,C2_WIFI_CARGA_MEDIA,N3
,0.252,0.111,0.858,1.0,,1787593593526.0325,35.03,19.84,-3.34,0.35,1787593593527.032,False,,,5,OP1,C2_WIFI_CARGA_MEDIA,N3
,0.252,0.108,0.854,1.0,,1787593593559.942,34.89,19.84,-3.52,0.35,1787593593561.2793,False,,,5,OP1,C2_WIFI_CARGA_MEDIA,N3
,0.252,0.105,0.85,1.0,,1787593593593.9636,34.75,19.84,-3.7,0.35,1787593593596.7527,False,,,5,OP1,C2_WIFI_CARGA_MEDIA,N3
,0.251,0.102,0.845,1.0,,1787593593638.5864,34.575,19.92,-3.88,0.35,1787593593638.5864,False,,,5,OP1,C2_WIFI_CARGA_MEDIA,N3
,0.251,0.101,0.844,1.0,,1787593593669.7705,34.54,19.92,-3.94,0.35,1787593593669.7705,False,,,5,OP1,C2_WIFI_CARGA_MEDIA,N3
,0.251,0.101,0.843,1.0,,1787593593703.6626,34.505,19.92,-3.94,0.35,1787593593703.6626,False,,,5,OP1,C2_WIFI_CARGA_MEDIA,N3
,0.251,0.1,0.842,1.0,,1787593593731.4663,34.47,19.92,-4.0,0.35,1787593593734.86,False,,,5,OP1,C2_WIFI_CARGA_MEDIA,N3
,0.251,0.099,0.84,1.0,,1787593593759.1003,34.4,19.92,-4.06,0.35,1787593593759.1003,False,,,5,OP1,C2_WIFI_CARGA_MEDIA,N3
,0.251,0.099,0.84,1.0,,1787593593928.1245,34.4,19.92,-4.06,0.35,1787593593929.5933,False,,,5,OP1,C2_WIFI_CARGA_MEDIA,N3
,0.25,0.094,0.832,1.0,,1787593593977.2375,34.12,20.0,-4.36,0.35,1787593593977.2375,False,,,5,OP1,C2_WIFI_CARGA_MEDIA,N3
,0.249,0.094,0.829,1.0,,1787593594005.2937,34.015,20.08,-4.36,0.35,1787593594005.2937,False,,,5,OP1,C2_WIFI_CARGA_MEDIA,N3
,0.247,0.094,0.824,1.0,,1787593594033.942,33.84,20.24,-4.36,0.35,1787593594033.942,False,,,5,OP1,C2_WIFI_CARGA_MEDIA,N3
,0.245,0.095,0.819,1.0,,1787593594096.6875,33.665,20.4,-4.3,0.35,1787593594097.3154,False,,,5,OP1,C2_WIFI_CARGA_MEDIA,N3
,0.244,0.095,0.815,1.0,,1787593594130.8074,33.525,20.48,-4.3,0.35,1787593594131.8284,False,,,5,OP1,C2_WIFI_CARGA_MEDIA,N3
,0.243,0.096,0.812,1.0,,1787593594175.0754,33.42,20.56,-4.24,0.35,1787593594175.0754,False,,,5,OP1,C2_WIFI_CARGA_MEDIA,N3
,0.242,0.097,0.808,1.0,,1787593594198.0637,33.28,20.64,-4.18,0.35,1787593594199.0671,False,,,5,OP1,C2_WIFI_CARGA_MEDIA,N3
,0.241,0.099,0.802,1.0,,1787593594232.1653,33.07,20.72,-4.06,0.35,1787593594234.1587,False,,,5,OP1,C2_WIFI_CARGA_MEDIA,N3
,0.24,0.101,0.798,1.0,,1787593594262.8386,32.93,20.8,-3.94,0.35,1787593594263.832,False,,,5,OP1,C2_WIFI_CARGA_MEDIA,N3
,0.239,0.102,0.793,1.0,,1787593594312.4973,32.755,20.88,-3.88,0.35,1787593594312.4973,False,,,5,OP1,C2_WIFI_CARGA_MEDIA,N3
,0.239,0.104,0.791,1.0,,1787593594372.5923,32.685,20.88,-3.76,0.35,1787593594374.5977,False,,,5,OP1,C2_WIFI_CARGA_MEDIA,N3
,0.239,0.106,0.79,1.0,,1787593594402.4084,32.65,20.88,-3.64,0.35,1787593594402.9568,False,,,5,OP1,C2_WIFI_CARGA_MEDIA,N3
,0.24,0.107,0.79,1.0,,1787593594430.0334,32.65,20.8,-3.58,0.35,1787593594430.671,False,,,5,OP1,C2_WIFI_CARGA_MEDIA,N3
,0.241,0.108,0.79,1.0,,1787593594478.1897,32.65,20.72,-3.52,0.35,1787593594478.1897,False,,,5,OP1,C2_WIFI_CARGA_MEDIA,N3
,0.241,0.108,0.791,1.0,,1787593594500.62,32.685,20.72,-3.52,0.35,1787593594501.3271,False,,,5,OP1,C2_WIFI_CARGA_MEDIA,N3
,0.242,0.109,0.792,1.0,,1787593594535.172,32.72,20.64,-3.46,0.35,1787593594535.172,False,,,5,OP1,C2_WIFI_CARGA_MEDIA,N3
,0.242,0.109,0.792,1.0,,1787593594569.777,32.72,20.64,-3.46,0.35,1787593594569.777,False,,,5,OP1,C2_WIFI_CARGA_MEDIA,N3
,0.243,0.11,0.793,1.0,,1787593594611.2634,32.755,20.56,-3.4,0.35,1787593594611.2634,False,,,5,OP1,C2_WIFI_CARGA_MEDIA,N3
,0.243,0.11,0.793,1.0,,1787593594634.587,32.755,20.56,-3.4,0.35,1787593594635.5862,False,,,5,OP1,C2_WIFI_CARGA_MEDIA,N3
,0.242,0.109,0.793,1.0,,1787593594679.235,32.755,20.64,-3.46,0.35,1787593594680.3206,False,,,5,OP1,C2_WIFI_CARGA_MEDIA,N3
,0.242,0.109,0.792,1.0,,1787593594819.7073,32.72,20.64,-3.46,0.35,1787593594819.7073,False,,,5,OP1,C2_WIFI_CARGA_MEDIA,N3
,0.24,0.106,0.789,1.0,,1787593594847.1514,32.615,20.8,-3.64,0.35,1787593594847.1514,False,,,5,OP1,C2_WIFI_CARGA_MEDIA,N3
,0.24,0.106,0.787,1.0,,1787593594898.6782,32.545,20.8,-3.64,0.35,1787593594898.6782,False,,,5,OP1,C2_WIFI_CARGA_MEDIA,N3
,0.241,0.106,0.785,1.0,,1787593594919.264,32.475,20.72,-3.64,0.35,1787593594919.264,False,,,5,OP1,C2_WIFI_CARGA_MEDIA,N3
,0.241,0.106,0.784,1.0,,1787593594959.364,32.44,20.72,-3.64,0.35,1787593594959.364,False,,,5,OP1,C2_WIFI_CARGA_MEDIA,N3
,0.243,0.107,0.783,1.0,,1787593595013.88,32.405,20.56,-3.58,0.35,1787593595015.8904,False,,,5,OP1,C2_WIFI_CARGA_MEDIA,N3
,0.245,0.109,0.783,1.0,,1787593595069.6404,32.405,20.4,-3.46,0.35,1787593595069.6404,False,,,5,OP1,C2_WIFI_CARGA_MEDIA,N3
,0.246,0.109,0.783,1.0,,1787593595096.866,32.405,20.32,-3.46,0.35,1787593595096.866,False,,,5,OP1,C2_WIFI_CARGA_MEDIA,N3
,0.249,0.109,0.785,1.0,,1787593595153.7722,32.475,20.08,-3.46,0.35,1787593595155.6685,False,,,5,OP1,C2_WIFI_CARGA_MEDIA,N3
,0.25,0.107,0.786,1.0,,1787593595202.6936,32.51,20.0,-3.58,0.35,1787593595202.6936,False,,,5,OP1,C2_WIFI_CARGA_MEDIA,N3
,0.253,0.106,0.786,1.0,,1787593595264.8022,32.51,19.76,-3.64,0.35,1787593595264.8022,False,,,5,OP1,C2_WIFI_CARGA_MEDIA,N3
,0.254,0.103,0.784,1.0,,1787593595312.9805,32.44,19.68,-3.82,0.35,1787593595313.9338,False,,,5,OP1,C2_WIFI_CARGA_MEDIA,N3
,0.255,0.103,0.784,1.0,,1787593595348.002,32.44,19.6,-3.82,0.35,1787593595348.002,False,,,5,OP1,C2_WIFI_CARGA_MEDIA,N3
,0.257,0.102,0.782,1.0,,1787593595380.0986,32.37,19.44,-3.88,0.35,1787593595380.0986,False,,,5,OP1,C2_WIFI_CARGA_MEDIA,N3
,0.259,0.1,0.782,1.0,,1787593595432.98,32.37,19.28,-4.0,0.35,1787593595432.98,False,,,5,OP1,C2_WIFI_CARGA_MEDIA,N3
,0.26,0.099,0.782,1.0,,1787593595457.1218,32.37,19.2,-4.06,0.35,1787593595460.2354,False,,,5,OP1,C2_WIFI_CARGA_MEDIA,N3
,0.261,0.099,0.783,1.0,,1787593595487.4746,32.405,19.12,-4.06,0.35,1787593595488.1428,False,,,5,OP1,C2_WIFI_CARGA_MEDIA,N3
,0.261,0.099,0.783,1.0,,1787593595514.3433,32.405,19.12,-4.06,0.35,1787593595514.3433,False,,,5,OP1,C2_WIFI_CARGA_MEDIA,N3
,0.262,0.1,0.786,1.0,,1787593595571.5913,32.51,19.04,-4.0,0.35,1787593595572.5886,False,,,5,OP1,C2_WIFI_CARGA_MEDIA,N3
,0.263,0.1,0.788,1.0,,1787593595617.1714,32.58,18.96,-4.0,0.35,1787593595617.764,False,,,5,OP1,C2_WIFI_CARGA_MEDIA,N3
,0.263,0.101,0.79,1.0,,1787593595646.7957,32.65,18.96,-3.94,0.35,1787593595646.7957,False,,,5,OP1,C2_WIFI_CARGA_MEDIA,N3
,0.264,0.101,0.792,1.0,,1787593595683.736,32.72,18.88,-3.94,0.35,1787593595684.2432,False,,,5,OP1,C2_WIFI_CARGA_MEDIA,N3
,0.265,0.102,0.793,1.0,,1787593595712.0225,32.755,18.8,-3.88,0.35,1787593595712.0225,False,,,5,OP1,C2_WIFI_CARGA_MEDIA,N3
,0.266,0.104,0.795,1.0,,1787593595739.4658,32.825,18.72,-3.76,0.35,1787593595741.1985,False,,,5,OP1,C2_WIFI_CARGA_MEDIA,N3
,0.269,0.106,0.796,1.0,,1787593595794.9578,32.86,18.48,-3.64,0.35,1787593595795.9175,False,,,5,OP1,C2_WIFI_CARGA_MEDIA,N3
,0.269,0.106,0.795,1.0,,1787593595839.2654,32.825,18.48,-3.64,0.35,1787593595839.2654,False,,,5,OP1,C2_WIFI_CARGA_MEDIA,N3
,0.27,0.106,0.795,1.0,,1787593595864.7,32.825,18.4,-3.64,0.35,1787593595864.7,False,,,5,OP1,C2_WIFI_CARGA_MEDIA,N3
,0.269,0.107,0.794,1.0,,1787593595903.381,32.79,18.48,-3.58,0.35,1787593595903.381,False,,,5,OP1,C2_WIFI_CARGA_MEDIA,N3
,0.269,0.107,0.792,1.0,,1787593595949.6738,32.72,18.48,-3.58,0.35,1787593595951.3384,False,,,5,OP1,C2_WIFI_CARGA_MEDIA,N3
,0.269,0.107,0.791,1.0,,1787593595985.7087,32.685,18.48,-3.58,0.35,1787593595988.1284,False,,,5,OP1,C2_WIFI_CARGA_MEDIA,N3
,0.27,0.106,0.788,1.0,,1787593596044.722,32.58,18.4,-3.64,0.35,1787593596044.722,False,,,5,OP1,C2_WIFI_CARGA_MEDIA,N3
,0.271,0.107,0.784,1.0,,1787593596089.8386,32.44,18.32,-3.58,0.35,1787593596090.834,False,,,5,OP1,C2_WIFI_CARGA_MEDIA,N3
,0.273,0.107,0.783,1.0,,1787593596123.6604,32.405,18.16,-3.58,0.35,1787593596123.6604,False,,,5,OP1,C2_WIFI_CARGA_MEDIA,N3
,0.274,0.107,0.783,1.0,,1787593596153.7449,32.405,18.08,-3.58,0.35,1787593596156.4788,False,,,5,OP1,C2_WIFI_CARGA_MEDIA,N3
,0.279,0.107,0.781,0.654,,1787593596205.5112,32.335,17.68,-3.58,0.7133,1787593596205.5112,False,,,5,OP1,C2_WIFI_CARGA_MEDIA,N3
,0.281,0.108,0.777,0.468,,1787593596239.3906,32.195,17.52,-3.52,0.9086,1787593596239.3906,False,,,5,OP1,C2_WIFI_CARGA_MEDIA,N3
,0.282,0.111,0.776,0.049,,1787593596297.2302,32.16,17.44,-3.34,1.3485,1787593596297.9963,False,,,5,OP1,C2_WIFI_CARGA_MEDIA,N3
,0.28,0.115,0.777,0.085,,1787593596350.2007,32.195,17.6,-3.1,1.3107,1787593596350.2007,False,,,5,OP1,C2_WIFI_CARGA_MEDIA,N3
,0.278,0.115,0.779,0.047,,1787593596401.295,32.265,17.76,-3.1,1.3506,1787593596401.295,False,,,5,OP1,C2_WIFI_CARGA_MEDIA,N3
,0.277,0.115,0.779,0.035,,1787593596434.4363,32.265,17.84,-3.1,1.3632,1787593596435.036,False,,,5,OP1,C2_WIFI_CARGA_MEDIA,N3
,0.276,0.115,0.78,0.028,,1787593596474.3835,32.3,17.92,-3.1,1.3706,1787593596474.3835,False,,,5,OP1,C2_WIFI_CARGA_MEDIA,N3
,0.275,0.116,0.78,0.025,,1787593596517.0066,32.3,18.0,-3.04,1.3737,1787593596519.2231,False,,,5,OP1,C2_WIFI_CARGA_MEDIA,N3
,0.274,0.115,0.78,0.025,,1787593596546.9282,32.3,18.08,-3.1,1.3737,1787593596546.9282,False,,,5,OP1,C2_WIFI_CARGA_MEDIA,N3
,0.273,0.114,0.78,0.023,,1787593596602.5442,32.3,18.16,-3.16,1.3759,1787593596604.5393,False,,,5,OP1,C2_WIFI_CARGA_MEDIA,N3
,0.272,0.114,0.779,0.022,,1787593596654.5835,32.265,18.24,-3.16,1.3769,1787593596655.5806,False,,,5,OP1,C2_WIFI_CARGA_MEDIA,N3
,0.272,0.114,0.778,0.021,,1787593596696.8948,32.23,18.24,-3.16,1.378,1787593596696.8948,False,,,5,OP1,C2_WIFI_CARGA_MEDIA,N3
,0.272,0.114,0.778,0.021,,1787593596720.1167,32.23,18.24,-3.16,1.378,1787593596720.1167,False,,,5,OP1,C2_WIFI_CARGA_MEDIA,N3
,0.272,0.113,0.778,0.021,,1787593596750.2654,32.23,18.24,-3.22,1.378,1787593596752.0383,False,,,5,OP1,C2_WIFI_CARGA_MEDIA,N3
,0.273,0.112,0.779,0.02,,1787593596796.635,32.265,18.16,-3.28,1.379,1787593596796.635,False,,,5,OP1,C2_WIFI_CARGA_MEDIA,N3
,0.273,0.111,0.78,0.019,,1787593596824.3774,32.3,18.16,-3.34,1.38,1787593596824.3774,False,,,5,OP1,C2_WIFI_CARGA_MEDIA,N3
,0.273,0.11,0.781,0.019,,1787593596850.9792,32.335,18.16,-3.4,1.38,1787593596850.9792,False,,,5,OP1,C2_WIFI_CARGA_MEDIA,N3
,0.273,0.109,0.782,0.017,,1787593596897.2915,32.37,18.16,-3.46,1.3821,1787593596897.2915,False,,,5,OP1,C2_WIFI_CARGA_MEDIA,N3
,0.273,0.109,0.782,0.016,,1787593596932.9246,32.37,18.16,-3.46,1.3832,1787593596932.9246,False,,,5,OP1,C2_WIFI_CARGA_MEDIA,N3
,0.273,0.108,0.783,0.015,,1787593596953.5771,32.405,18.16,-3.52,1.3842,1787593596953.5771,False,,,5,OP1,C2_WIFI_CARGA_MEDIA,N3
,0.273,0.107,0.783,0.013,,1787593596990.9724,32.405,18.16,-3.58,1.3863,1787593596990.9724,False,,,5,OP1,C2_WIFI_CARGA_MEDIA,N3
,0.272,0.106,0.783,0.012,,1787593597047.1062,32.405,18.24,-3.64,1.3874,1787593597047.1062,False,,,5,OP1,C2_WIFI_CARGA_MEDIA,N3
,0.271,0.105,0.783,0.011,,1787593597100.2246,32.405,18.32,-3.7,1.3884,1787593597100.2246,False,,,5,OP1,C2_WIFI_CARGA_MEDIA,N3
,0.271,0.105,0.783,0.011,,1787593597127.054,32.405,18.32,-3.7,1.3884,1787593597127.054,False,,,5,OP1,C2_WIFI_CARGA_MEDIA,N3
,0.27,0.104,0.782,0.011,,1787593597186.4626,32.37,18.4,-3.76,1.3884,1787593597187.443,False,,,5,OP1,C2_WIFI_CARGA_MEDIA,N3
,0.269,0.103,0.782,0.011,,1787593597224.3442,32.37,18.48,-3.82,1.3884,1787593597224.3442,False,,,5,OP1,C2_WIFI_CARGA_MEDIA,N3
,0.268,0.103,0.781,0.012,,1787593597254.4668,32.335,18.56,-3.82,1.3874,1787593597254.8804,False,,,5,OP1,C2_WIFI_CARGA_MEDIA,N3
,0.268,0.102,0.78,0.013,,1787593597297.3335,32.3,18.56,-3.88,1.3863,1787593597297.3335,False,,,5,OP1,C2_WIFI_CARGA_MEDIA,N3
,0.267,0.101,0.78,0.013,,1787593597324.6404,32.3,18.64,-3.94,1.3863,1787593597324.6404,False,,,5,OP1,C2_WIFI_CARGA_MEDIA,N3
,0.267,0.101,0.779,0.014,,1787593597353.3215,32.265,18.64,-3.94,1.3853,1787593597354.3347,False,,,5,OP1,C2_WIFI_CARGA_MEDIA,N3
,0.267,0.101,0.777,0.015,,1787593597401.8926,32.195,18.64,-3.94,1.3842,1787593597401.8926,False,,,5,OP1,C2_WIFI_CARGA_MEDIA,N3
,0.266,0.101,0.777,0.017,,1787593597429.6843,32.195,18.72,-3.94,1.3821,1787593597429.6843,False,,,5,OP1,C2_WIFI_CARGA_MEDIA,N3
,0.267,0.101,0.777,0.018,,1787593597458.0815,32.195,18.64,-3.94,1.3811,1787593597458.0815,False,,,5,OP1,C2_WIFI_CARGA_MEDIA,N3
,0.267,0.102,0.777,0.019,,1787593597493.7192,32.195,18.64,-3.88,1.38,1787593597493.7192,False,,,5,OP1,C2_WIFI_CARGA_MEDIA,N3
,0.266,0.103,0.778,0.022,,1787593597537.3113,32.23,18.72,-3.82,1.3769,1787593597537.3113,False,,,5,OP1,C2_WIFI_CARGA_MEDIA,N3
,0.265,0.104,0.779,0.023,,1787593597557.7942,32.265,18.8,-3.76,1.3759,1787593597558.8538,False,,,5,OP1,C2_WIFI_CARGA_MEDIA,N3
,0.265,0.104,0.781,0.023,,1787593597591.4038,32.335,18.8,-3.76,1.3759,1787593597591.4038,False,,,5,OP1,C2_WIFI_CARGA_MEDIA,N3
,0.265,0.104,0.783,0.024,,1787593597631.5056,32.405,18.8,-3.76,1.3748,1787593597633.5134,False,,,5,OP1,C2_WIFI_CARGA_MEDIA,N3
,0.264,0.103,0.785,0.023,,1787593597657.0278,32.475,18.88,-3.82,1.3759,1787593597659.0244,False,,,5,OP1,C2_WIFI_CARGA_MEDIA,N3
,0.263,0.101,0.786,0.022,,1787593597688.5852,32.51,18.96,-3.94,1.3769,1787593597690.7454,False,,,5,OP1,C2_WIFI_CARGA_MEDIA,N3
,0.262,0.101,0.788,0.021,,1787593597736.1592,32.58,19.04,-3.94,1.378,1787593597736.1592,False,,,5,OP1,C2_WIFI_CARGA_MEDIA,N3
,0.261,0.1,0.788,0.02,,1787593597770.1333,32.58,19.12,-4.0,1.379,1787593597770.1333,False,,,5,OP1,C2_WIFI_CARGA_MEDIA,N3
,0.26,0.1,0.788,0.02,,1787593597791.2434,32.58,19.2,-4.0,1.379,1787593597791.2434,False,,,5,OP1,C2_WIFI_CARGA_MEDIA,N3
,0.26,0.099,0.789,0.02,,1787593597827.0105,32.615,19.2,-4.06,1.379,1787593597827.498,False,,,5,OP1,C2_WIFI_CARGA_MEDIA,N3
,0.259,0.099,0.788,0.02,,1787593597869.441,32.58,19.28,-4.06,1.379,1787593597869.441,False,,,5,OP1,C2_WIFI_CARGA_MEDIA,N3
,0.259,0.098,0.789,0.02,,1787593597894.0967,32.615,19.28,-4.12,1.379,1787593597894.8203,False,,,5,OP1,C2_WIFI_CARGA_MEDIA,N3
,0.259,0.098,0.789,0.02,,1787593597935.327,32.615,19.28,-4.12,1.379,1787593597935.327,False,,,5,OP1,C2_WIFI_CARGA_MEDIA,N3
,0.26,0.098,0.789,0.021,,1787593597965.7593,32.615,19.2,-4.12,1.378,1787593597966.2664,False,,,5,OP1,C2_WIFI_CARGA_MEDIA,N3
,0.26,0.098,0.789,0.021,,1787593597993.397,32.615,19.2,-4.12,1.378,1787593597993.397,False,,,5,OP1,C2_WIFI_CARGA_MEDIA,N3
,0.262,0.098,0.791,0.022,,1787593598039.9878,32.685,19.04,-4.12,1.3769,1787593598039.9878,False,,,5,OP1,C2_WIFI_CARGA_MEDIA,N3
,0.264,0.097,0.794,0.022,,1787593598066.2168,32.79,18.88,-4.18,1.3769,1787593598066.2168,False,,,5,OP1,C2_WIFI_CARGA_MEDIA,N3
,0.267,0.097,0.797,0.024,,1787593598095.9104,32.895,18.64,-4.18,1.3748,1787593598096.9204,False,,,5,OP1,C2_WIFI_CARGA_MEDIA,N3
,0.27,0.096,0.801,0.025,,1787593598133.687,33.035,18.4,-4.24,1.3737,1787593598133.687,False,,,5,OP1,C2_WIFI_CARGA_MEDIA,N3
,0.277,0.093,0.81,0.025,,1787593598171.0583,33.35,17.84,-4.42,1.3737,1787593598171.0583,False,,,5,OP1,C2_WIFI_CARGA_MEDIA,N3
,0.28,0.092,0.815,0.025,,1787593598195.154,33.525,17.6,-4.48,1.3737,1787593598196.678,False,,,5,OP1,C2_WIFI_CARGA_MEDIA,N3
,0.282,0.091,0.82,0.024,,1787593598237.8118,33.7,17.44,-4.54,1.3748,1787593598237.8118,False,,,5,OP1,C2_WIFI_CARGA_MEDIA,N3
,0.283,0.091,0.822,0.024,,1787593598270.0842,33.77,17.36,-4.54,1.3748,1787593598270.0842,False,,,5,OP1,C2_WIFI_CARGA_MEDIA,N3
,0.285,0.09,0.825,0.024,,1787593598300.298,33.875,17.2,-4.6,1.3748,1787593598300.298,False,,,5,OP1,C2_WIFI_CARGA_MEDIA,N3
,0.288,0.087,0.83,0.02,,1787593598347.0808,34.05,16.96,-4.78,1.379,1787593598347.0808,False,,,5,OP1,C2_WIFI_CARGA_MEDIA,N3
,0.29,0.083,0.834,0.015,,1787593598410.5696,34.19,16.8,-5.02,1.3842,1787593598410.5696,False,,,5,OP1,C2_WIFI_CARGA_MEDIA,N3
,0.29,0.08,0.836,0.012,,1787593598431.431,34.26,16.8,-5.2,1.3874,1787593598431.8025,False,,,5,OP1,C2_WIFI_CARGA_MEDIA,N3
,0.292,0.078,0.835,0.008,,1787593598462.7708,34.225,16.64,-5.32,1.3916,1787593598465.1152,False,,,5,OP1,C2_WIFI_CARGA_MEDIA,N3
,0.294,0.074,0.834,0.003,,1787593598507.5088,34.19,16.48,-5.56,1.3968,1787593598507.5088,False,,,5,OP1,C2_WIFI_CARGA_MEDIA,N3
,0.294,0.074,0.835,0.0,,1787593598542.5964,34.225,16.48,-5.56,1.4,1787593598542.5964,False,,,5,OP1,C2_WIFI_CARGA_MEDIA,N3
,0.294,0.074,0.836,0.0,,1787593598566.163,34.26,16.48,-5.56,1.4,1787593598566.163,False,,,5,OP1,C2_WIFI_CARGA_MEDIA,N3
,0.294,0.073,0.837,0.0,,1787593598606.174,34.295,16.48,-5.62,1.4,1787593598606.692,False,,,5,OP1,C2_WIFI_CARGA_MEDIA,N3
,0.293,0.072,0.838,0.0,,1787593598662.2163,34.33,16.56,-5.68,1.4,1787593598662.2163,False,,,5,OP1,C2_WIFI_CARGA_MEDIA,N3
,0.294,0.07,0.843,0.0,,1787593598699.5134,34.505,16.48,-5.8,1.4,1787593598701.6624,False,,,5,OP1,C2_WIFI_CARGA_MEDIA,N3
,0.294,0.069,0.847,0.0,,1787593598739.441,34.645,16.48,-5.86,1.4,1787593598739.441,False,,,5,OP1,C2_WIFI_CARGA_MEDIA,N3
,0.294,0.068,0.85,0.0,,1787593598770.7195,34.75,16.48,-5.92,1.4,1787593598771.7134,False,,,5,OP1,C2_WIFI_CARGA_MEDIA,N3
,0.295,0.067,0.855,0.0,,1787593598817.2256,34.925,16.4,-5.98,1.4,1787593598817.2256,False,,,5,OP1,C2_WIFI_CARGA_MEDIA,N3
,0.295,0.067,0.857,0.0,,1787593598967.3977,34.995,16.4,-5.98,1.4,1787593598969.4055,False,,,5,OP1,C2_WIFI_CARGA_MEDIA,N3
,0.297,0.061,0.859,0.0,,1787593598987.741,35.065,16.24,-6.34,1.4,1787593598997.333,False,,,5,OP1,C2_WIFI_CARGA_MEDIA,N3
,0.298,0.06,0.86,0.0,,1787593599012.6804,35.1,16.16,-6.4,1.4,1787593599012.6804,False,,,5,OP1,C2_WIFI_CARGA_MEDIA,N3
,0.298,0.06,0.861,0.0,,1787593599049.1514,35.135,16.16,-6.4,1.4,1787593599049.1514,False,,,5,OP1,C2_WIFI_CARGA_MEDIA,N3
,0.297,0.059,0.863,0.0,,1787593599069.2708,35.205,16.24,-6.46,1.4,1787593599069.2708,False,,,5,OP1,C2_WIFI_CARGA_MEDIA,N3
,0.297,0.059,0.863,0.0,,1787593599108.6135,35.205,16.24,-6.46,1.4,1787593599108.6135,False,,,5,OP1,C2_WIFI_CARGA_MEDIA,N3
,0.295,0.058,0.865,0.002,,1787593599147.3958,35.275,16.4,-6.52,1.3979,1787593599147.3958,False,,,5,OP1,C2_WIFI_CARGA_MEDIA,N3
,0.292,0.056,0.866,0.015,,1787593599169.5342,35.31,16.64,-6.64,1.3842,1787593599171.618,False,,,5,OP1,C2_WIFI_CARGA_MEDIA,N3
,0.29,0.054,0.868,0.026,,1787593599215.302,35.38,16.8,-6.76,1.3727,1787593599215.302,False,,,5,OP1,C2_WIFI_CARGA_MEDIA,N3
,0.29,0.05,0.869,0.035,,1787593599246.9084,35.415,16.8,-7.0,1.3632,1787593599246.9084,False,,,5,OP1,C2_WIFI_CARGA_MEDIA,N3
,0.292,0.043,0.874,0.049,,1787593599298.8335,35.59,16.64,-7.42,1.3485,1787593599303.116,False,,,5,OP1,C2_WIFI_CARGA_MEDIA,N3
,0.293,0.032,0.879,0.055,,1787593599346.9087,35.765,16.56,-8.08,1.3422,1787593599346.9087,False,,,5,OP1,C2_WIFI_CARGA_MEDIA,N3
,0.294,0.03,0.881,0.058,,1787593599371.39,35.835,16.48,-8.2,1.3391,1787593599372.3967,False,,,5,OP1,C2_WIFI_CARGA_MEDIA,N3
,0.295,0.027,0.883,0.06,,1787593599408.8906,35.905,16.4,-8.38,1.337,1787593599414.536,False,,,5,OP1,C2_WIFI_CARGA_MEDIA,N3
,0.297,0.022,0.888,0.064,,1787593599468.0518,36.08,16.24,-8.68,1.3328,1787593599471.8828,False,,,5,OP1,C2_WIFI_CARGA_MEDIA,N3
,0.298,0.021,0.89,0.066,,1787593599496.9368,36.15,16.16,-8.74,1.3307,1787593599496.9368,False,,,5,OP1,C2_WIFI_CARGA_MEDIA,N3
,0.3,0.019,0.893,0.072,,1787593599553.1882,36.255,16.0,-8.86,1.3244,1787593599553.1882,False,,,5,OP1,C2_WIFI_CARGA_MEDIA,N3
,0.301,0.018,0.895,0.08,,1787593599573.4834,36.325,15.92,-8.92,1.316,1787593599573.4834,False,,,5,OP1,C2_WIFI_CARGA_MEDIA,N3
,0.303,0.016,0.898,0.095,,1787593599624.2595,36.43,15.76,-9.04,1.3002,1787593599624.2595,False,,,5,OP1,C2_WIFI_CARGA_MEDIA,N3
,0.304,0.014,0.9,0.098,,1787593599652.8547,36.5,15.68,-9.16,1.2971,1787593599652.8547,False,,,5,OP1,C2_WIFI_CARGA_MEDIA,N3
,0.304,0.013,0.902,0.099,,1787593599673.8967,36.57,15.68,-9.22,1.296,1787593599674.905,False,,,5,OP1,C2_WIFI_CARGA_MEDIA,N3
,0.304,0.013,0.904,0.098,,1787593599718.9983,36.64,15.68,-9.22,1.2971,1787593599718.9983,False,,,5,OP1,C2_WIFI_CARGA_MEDIA,N3
,0.304,0.012,0.905,0.098,,1787593599746.9573,36.675,15.68,-9.28,1.2971,1787593599748.9636,False,,,5,OP1,C2_WIFI_CARGA_MEDIA,N3
,0.305,0.012,0.906,0.098,,1787593599773.88,36.71,15.6,-9.28,1.2971,1787593599774.8953,False,,,5,OP1,C2_WIFI_CARGA_MEDIA,N3
,0.304,0.012,0.907,0.095,,1787593599820.8774,36.745,15.68,-9.28,1.3002,1787593599821.9302,False,,,5,OP1,C2_WIFI_CARGA_MEDIA,N3
,0.304,0.012,0.908,0.093,,1787593599855.3728,36.78,15.68,-9.28,1.3023,1787593599855.3728,False,,,5,OP1,C2_WIFI_CARGA_MEDIA,N3
,0.304,0.013,0.909,0.09,,1787593599878.464,36.815,15.68,-9.22,1.3055,1787593599880.4749,False,,,5,OP1,C2_WIFI_CARGA_MEDIA,N3
,0.304,0.015,0.91,0.088,,1787593599914.2522,36.85,15.68,-9.1,1.3076,1787593599914.2522,False,,,5,OP1,C2_WIFI_CARGA_MEDIA,N3
,0.305,0.038,0.913,0.083,,1787593599971.6433,36.955,15.6,-7.72,1.3128,1787593599972.757,False,,,5,OP1,C2_WIFI_CARGA_MEDIA,N3
,0.314,0.072,0.91,0.072,,1787593600020.9158,36.85,14.88,-5.68,1.3244,1787593600020.9158,False,,,5,OP1,C2_WIFI_CARGA_MEDIA,N3
,0.319,0.091,0.902,0.065,,1787593600051.9849,36.57,14.48,-4.54,1.3317,1787593600053.994,False,,,5,OP1,C2_WIFI_CARGA_MEDIA,N3
,0.323,0.11,0.891,0.058,,1787593600078.79,36.185,14.16,-3.4,1.3391,1787593600078.79,False,,,5,OP1,C2_WIFI_CARGA_MEDIA,N3
,0.323,0.131,0.867,0.06,,1787593600108.4785,35.345,14.16,-2.14,1.337,1787593600110.4973,False,,,5,OP1,C2_WIFI_CARGA_MEDIA,N3
,0.306,0.171,0.773,0.032,,1787593600156.064,32.055,15.52,0.26,1.3664,1787593600156.064,False,,,5,OP1,C2_WIFI_CARGA_MEDIA,N3
,0.297,0.184,0.741,0.022,,1787593600180.5083,30.935,16.24,1.04,1.3769,1787593600182.5205,False,,,5,OP1,C2_WIFI_CARGA_MEDIA,N3
,0.286,0.194,0.721,0.021,,1787593600220.7285,30.235,17.12,1.64,1.378,1787593600220.7285,False,,,5,OP1,C2_WIFI_CARGA_MEDIA,N3
,0.277,0.201,0.705,0.025,,1787593600247.245,29.675,17.84,2.06,1.3737,1787593600249.2544,False,,,5,OP1,C2_WIFI_CARGA_MEDIA,N3
,0.269,0.207,0.691,0.033,,1787593600272.3765,29.185,18.48,2.42,1.3653,1787593600277.418,False,,,5,OP1,C2_WIFI_CARGA_MEDIA,N3
,0.262,0.211,0.692,0.036,,1787593600321.6667,29.22,19.04,2.66,1.3622,1787593600323.173,False,,,5,OP1,C2_WIFI_CARGA_MEDIA,N3
,0.261,0.211,0.696,0.036,,1787593600353.579,29.36,19.12,2.66,1.3622,1787593600354.8909,False,,,5,OP1,C2_WIFI_CARGA_MEDIA,N3
,0.258,0.212,0.708,0.036,,1787593600411.4995,29.78,19.36,2.72,1.3622,1787593600411.4995,False,,,5,OP1,C2_WIFI_CARGA_MEDIA,N3
,0.255,0.214,0.714,0.035,,1787593600431.6646,29.99,19.6,2.84,1.3632,1787593600445.6653,False,,,5,OP1,C2_WIFI_CARGA_MEDIA,N3
,0.252,0.215,0.724,0.035,,1787593600491.1296,30.34,19.84,2.9,1.3632,1787593600491.1296,False,,,5,OP1,C2_WIFI_CARGA_MEDIA,N3
,0.252,0.214,0.725,0.035,,1787593600524.8247,30.375,19.84,2.84,1.3632,1787593600524.8247,False,,,5,OP1,C2_WIFI_CARGA_MEDIA,N3
,0.251,0.212,0.726,0.035,,1787593600548.9165,30.41,19.92,2.72,1.3632,1787593600548.9165,False,,,5,OP1,C2_WIFI_CARGA_MEDIA,N3
,0.25,0.212,0.725,0.034,,1787593600583.8235,30.375,20.0,2.72,1.3643,1787593600584.541,False,,,5,OP1,C2_WIFI_CARGA_MEDIA,N3
,0.249,0.214,0.718,0.032,,1787593600624.6047,30.13,20.08,2.84,1.3664,1787593600626.6118,False,,,5,OP1,C2_WIFI_CARGA_MEDIA,N3
,0.248,0.214,0.715,0.03,,1787593600648.879,30.025,20.16,2.84,1.3685,1787593600649.2207,False,,,5,OP1,C2_WIFI_CARGA_MEDIA,N3
,0.248,0.214,0.714,0.029,,1787593600693.0376,29.99,20.16,2.84,1.3695,1787593600693.0376,False,,,5,OP1,C2_WIFI_CARGA_MEDIA,N3
,0.248,0.215,0.713,0.027,,1787593600716.7495,29.955,20.16,2.9,1.3716,1787593600716.7495,False,,,5,OP1,C2_WIFI_CARGA_MEDIA,N3
,0.248,0.215,0.713,0.025,,1787593600746.89,29.955,20.16,2.9,1.3737,1787593600748.3938,False,,,5,OP1,C2_WIFI_CARGA_MEDIA,N3
,0.248,0.217,0.713,0.023,,1787593600779.205,29.955,20.16,3.02,1.3759,1787593600779.205,False,,,5,OP1,C2_WIFI_CARGA_MEDIA,N3
,0.25,0.221,0.718,0.022,,1787593600826.9316,30.13,20.0,3.26,1.3769,1787593600826.9316,False,,,5,OP1,C2_WIFI_CARGA_MEDIA,N3
,0.25,0.226,0.726,0.021,,1787593600865.4778,30.41,20.0,3.56,1.378,1787593600865.9849,False,,,5,OP1,C2_WIFI_CARGA_MEDIA,N3
,0.245,0.242,0.74,0.023,,1787593600918.4258,30.9,20.4,4.52,1.3759,1787593600918.4258,False,,,5,OP1,C2_WIFI_CARGA_MEDIA,N3
,0.245,0.257,0.746,0.022,,1787593600968.3577,31.11,20.4,5.42,1.3769,1787593600968.3577,False,,,5,OP1,C2_WIFI_CARGA_MEDIA,N3
,0.247,0.264,0.746,0.019,,1787593601001.0168,31.11,20.24,5.84,1.38,1787593601001.0168,False,,,5,OP1,C2_WIFI_CARGA_MEDIA,N3
,0.255,0.277,0.744,0.011,,1787593601025.39,31.04,19.6,6.62,1.3884,1787593601025.865,False,,,5,OP1,C2_WIFI_CARGA_MEDIA,N3
,0.262,0.287,0.739,0.002,,1787593601057.3357,30.865,19.04,7.22,1.3979,1787593601059.1367,False,,,5,OP1,C2_WIFI_CARGA_MEDIA,N3
,0.275,0.305,0.72,0.0,,1787593601096.7466,30.2,18.0,8.3,1.4,1787593601096.7466,False,,,5,OP1,C2_WIFI_CARGA_MEDIA,N3
,0.281,0.31,0.713,0.0,,1787593601130.958,29.955,17.52,8.6,1.4,1787593601130.958,False,,,5,OP1,C2_WIFI_CARGA_MEDIA,N3
,0.286,0.316,0.706,0.0,,1787593601160.4976,29.71,17.12,8.96,1.4,1787593601160.4976,False,,,5,OP1,C2_WIFI_CARGA_MEDIA,N3
,0.291,0.32,0.698,0.0,,1787593601197.663,29.43,16.72,9.2,1.4,1787593601197.991,False,,,5,OP1,C2_WIFI_CARGA_MEDIA,N3
,0.307,0.325,0.68,0.0,,1787593601250.8235,28.8,15.44,9.5,1.4,1787593601251.7964,False,,,5,OP1,C2_WIFI_CARGA_MEDIA,N3
,0.318,0.323,0.666,0.0,,1787593601297.05,28.31,14.56,9.38,1.4,1787593601297.05,False,,,5,OP1,C2_WIFI_CARGA_MEDIA,N3
,0.322,0.321,0.668,0.0,,1787593601320.016,28.38,14.24,9.26,1.4,1787593601320.016,False,,,5,OP1,C2_WIFI_CARGA_MEDIA,N3
,0.327,0.315,0.674,0.0,,1787593601346.918,28.59,13.84,8.9,1.4,1787593601346.918,False,,,5,OP1,C2_WIFI_CARGA_MEDIA,N3
,0.333,0.31,0.68,0.0,,1787593601370.0835,28.8,13.36,8.6,1.4,1787593601370.0835,False,,,5,OP1,C2_WIFI_CARGA_MEDIA,N3
,0.338,0.308,0.681,0.0,,1787593601411.809,28.835,12.96,8.48,1.4,1787593601420.569,False,,,5,OP1,C2_WIFI_CARGA_MEDIA,N3
,0.34,0.308,0.682,0.0,,1787593601434.4124,28.87,12.8,8.48,1.4,1787593601434.4124,False,,,5,OP1,C2_WIFI_CARGA_MEDIA,N3
,0.342,0.308,0.683,0.0,,1787593601466.628,28.905,12.64,8.48,1.4,1787593601466.628,False,,,5,OP1,C2_WIFI_CARGA_MEDIA,N3
,0.343,0.309,0.684,0.0,,1787593601496.9312,28.94,12.56,8.54,1.4,1787593601496.9312,False,,,5,OP1,C2_WIFI_CARGA_MEDIA,N3
,0.344,0.309,0.684,0.0,,1787593601521.9858,28.94,12.48,8.54,1.4,1787593601522.5825,False,,,5,OP1,C2_WIFI_CARGA_MEDIA,N3
,0.346,0.31,0.686,0.0,,1787593601557.5918,29.01,12.32,8.6,1.4,1787593601558.0476,False,,,5,OP1,C2_WIFI_CARGA_MEDIA,N3
,0.347,0.31,0.684,0.0,,1787593601599.0083,28.94,12.24,8.6,1.4,1787593601599.0083,False,,,5,OP1,C2_WIFI_CARGA_MEDIA,N3
,0.348,0.31,0.684,0.0,,1787593601768.286,28.94,12.16,8.6,1.4,1787593601768.286,False,,,5,OP1,C2_WIFI_CARGA_MEDIA,N3
,0.349,0.311,0.686,0.0,,1787593601800.0027,29.01,12.08,8.66,1.4,1787593601800.0027,False,,,5,OP1,C2_WIFI_CARGA_MEDIA,N3
,0.349,0.313,0.688,0.0,,1787593601825.444,29.08,12.08,8.78,1.4,1787593601825.444,False,,,5,OP1,C2_WIFI_CARGA_MEDIA,N3
,0.348,0.316,0.688,0.0,,1787593601855.7114,29.08,12.16,8.96,1.4,1787593601855.7114,False,,,5,OP1,C2_WIFI_CARGA_MEDIA,N3
,0.347,0.32,0.688,0.0,,1787593601891.281,29.08,12.24,9.2,1.4,1787593601892.3892,False,,,5,OP1,C2_WIFI_CARGA_MEDIA,N3
,0.346,0.331,0.688,0.0,,1787593601926.1758,29.08,12.32,9.86,1.4,1787593601928.1736,False,,,5,OP1,C2_WIFI_CARGA_MEDIA,N3
,0.345,0.337,0.688,0.0,,1787593601965.7188,29.08,12.4,10.22,1.4,1787593601965.7188,False,,,5,OP1,C2_WIFI_CARGA_MEDIA,N3
,0.345,0.341,0.688,0.0,,1787593602001.813,29.08,12.4,10.46,1.4,1787593602003.819,False,,,5,OP1,C2_WIFI_CARGA_MEDIA,N3
,0.346,0.344,0.686,0.0,,1787593602028.7742,29.01,12.32,10.64,1.4,1787593602029.698,False,,,5,OP1,C2_WIFI_CARGA_MEDIA,N3
,0.346,0.349,0.687,0.0,,1787593602059.1116,29.045,12.32,10.94,1.4,1787593602060.317,False,,,5,OP1,C2_WIFI_CARGA_MEDIA,N3
,0.35,0.356,0.685,0.0,,1787593602227.0894,28.975,12.0,11.36,1.4,1787593602228.1074,False,,,5,OP1,C2_WIFI_CARGA_MEDIA,N3
,0.37,0.388,0.686,0.0,,1787593602271.9976,29.01,10.4,13.28,1.4,1787593602271.9976,False,,,5,OP1,C2_WIFI_CARGA_MEDIA,N3
,0.371,0.39,0.685,0.0,,1787593602310.177,28.975,10.32,13.4,1.4,1787593602310.177,False,,,5,OP1,C2_WIFI_CARGA_MEDIA,N3
,0.374,0.394,0.681,0.0,,1787593602472.1875,28.835,10.08,13.64,1.4,1787593602473.1855,False,,,5,OP1,C2_WIFI_CARGA_MEDIA,N3
,0.39,0.405,0.674,0.0,,1787593602501.24,28.59,8.8,14.3,1.4,1787593602501.24,False,,,5,OP1,C2_WIFI_CARGA_MEDIA,N3
,0.398,0.412,0.669,0.0,,1787593602560.6282,28.415,8.16,14.72,1.4,1787593602562.828,False,,,5,OP1,C2_WIFI_CARGA_MEDIA,N3
,0.409,0.418,0.661,0.0,,1787593602599.408,28.135,7.28,15.08,1.4,1787593602599.408,False,,,5,OP1,C2_WIFI_CARGA_MEDIA,N3
,0.416,0.419,0.659,0.0,,1787593602643.3645,28.065,6.72,15.14,1.4,1787593602643.3645,False,,,5,OP1,C2_WIFI_CARGA_MEDIA,N3
,0.422,0.419,0.657,0.0,,1787593602663.754,27.995,6.24,15.14,1.4,1787593602663.754,False,,,5,OP1,C2_WIFI_CARGA_MEDIA,N3
,0.425,0.419,0.656,0.0,,1787593602699.1328,27.96,6.0,15.14,1.4,1787593602701.3804,False,,,5,OP1,C2_WIFI_CARGA_MEDIA,N3
,0.428,0.419,0.659,0.0,,1787593602743.6975,28.065,5.76,15.14,1.4,1787593602743.6975,False,,,5,OP1,C2_WIFI_CARGA_MEDIA,N3
,0.429,0.418,0.659,0.0,,1787593602810.7842,28.065,5.68,15.08,1.4,1787593602810.7842,False,,,5,OP1,C2_WIFI_CARGA_MEDIA,N3
,0.43,0.416,0.658,0.0,,1787593602835.9773,28.03,5.6,14.96,1.4,1787593602839.5566,False,,,5,OP1,C2_WIFI_CARGA_MEDIA,N3
,0.431,0.415,0.657,0.0,,1787593602865.3245,27.995,5.52,14.9,1.4,1787593602866.3232,False,,,5,OP1,C2_WIFI_CARGA_MEDIA,N3
,0.438,0.412,0.655,0.0,,1787593603036.5215,27.925,4.96,14.72,1.4,1787593603036.5215,False,,,5,OP1,C2_WIFI_CARGA_MEDIA,N3
,0.457,0.412,0.635,0.0,,1787593603078.7068,27.225,3.44,14.72,1.4,1787593603078.7068,False,,,5,OP1,C2_WIFI_CARGA_MEDIA,N3
,0.46,0.412,0.63,0.0,,1787593603113.2383,27.05,3.2,14.72,1.4,1787593603115.2808,False,,,5,OP1,C2_WIFI_CARGA_MEDIA,N3
,0.462,0.413,0.625,0.0,,1787593603136.1438,26.875,3.04,14.78,1.4,1787593603136.1438,False,,,5,OP1,C2_WIFI_CARGA_MEDIA,N3
,0.464,0.413,0.621,0.0,,1787593603171.976,26.735,2.88,14.78,1.4,1787593603171.976,False,,,5,OP1,C2_WIFI_CARGA_MEDIA,N3
,0.47,0.412,0.616,0.0,,1787593603213.2678,26.56,2.4,14.72,1.4,1787593603213.2678,False,,,5,OP1,C2_WIFI_CARGA_MEDIA,N3
,0.477,0.411,0.612,0.0,,1787593603238.1626,26.42,1.84,14.66,1.4,1787593603238.1626,False,,,5,OP1,C2_WIFI_CARGA_MEDIA,N3
,0.483,0.41,0.609,0.0,,1787593603277.1748,26.315,1.36,14.6,1.4,1787593603287.068,False,,,5,OP1,C2_WIFI_CARGA_MEDIA,N3
,0.489,0.409,0.607,0.0,,1787593603300.7837,26.245,0.88,14.54,1.4,1787593603300.7837,False,,,5,OP1,C2_WIFI_CARGA_MEDIA,N3
,0.493,0.408,0.607,0.0,,1787593603335.3396,26.245,0.56,14.48,1.4,1787593603335.3396,False,,,5,OP1,C2_WIFI_CARGA_MEDIA,N3
,0.497,0.408,0.607,0.0,,1787593603387.0952,26.245,0.24,14.48,1.4,1787593603387.0952,False,,,5,OP1,C2_WIFI_CARGA_MEDIA,N3
,0.498,0.408,0.607,0.0,,1787593603419.2004,26.245,0.16,14.48,1.4,1787593603419.2004,False,,,5,OP1,C2_WIFI_CARGA_MEDIA,N3
,0.499,0.407,0.607,0.0,,1787593603444.4922,26.245,0.08,14.42,1.4,1787593603445.4849,False,,,5,OP1,C2_WIFI_CARGA_MEDIA,N3
,0.5,0.406,0.606,0.0,,1787593603480.173,26.21,0.0,14.36,1.4,1787593603480.7627,False,,,5,OP1,C2_WIFI_CARGA_MEDIA,N3
,0.502,0.404,0.602,0.0,,1787593603640.4436,26.07,-0.16,14.24,1.4,1787593603640.4436,False,,,5,OP1,C2_WIFI_CARGA_MEDIA,N3
,0.508,0.402,0.59,0.0,,1787593603672.2876,25.65,-0.64,14.12,1.4,1787593603672.2876,False,,,5,OP1,C2_WIFI_CARGA_MEDIA,N3
,0.506,0.402,0.592,0.0,,1787593603731.0518,25.72,-0.48,14.12,1.4,1787593603731.85,False,,,5,OP1,C2_WIFI_CARGA_MEDIA,N3
,0.497,0.401,0.609,0.0,,1787593603775.4973,26.315,0.24,14.06,1.4,1787593603775.4973,False,,,5,OP1,C2_WIFI_CARGA_MEDIA,N3
,0.489,0.4,0.62,0.0,,1787593603796.9585,26.7,0.88,14.0,1.4,1787593603796.9585,False,,,5,OP1,C2_WIFI_CARGA_MEDIA,N3
,0.482,0.398,0.63,0.0,,1787593603840.8284,27.05,1.44,13.88,1.4,1787593603840.8284,False,,,5,OP1,C2_WIFI_CARGA_MEDIA,N3
,0.472,0.397,0.64,0.0,,1787593603868.9077,27.4,2.24,13.82,1.4,1787593603870.936,False,,,5,OP1,C2_WIFI_CARGA_MEDIA,N3
,0.463,0.395,0.652,0.0,,1787593603890.8628,27.82,2.96,13.7,1.4,1787593603890.8628,False,,,5,OP1,C2_WIFI_CARGA_MEDIA,N3
,0.455,0.394,0.661,0.0,,1787593603922.3445,28.135,3.6,13.64,1.4,1787593603926.9397,False,,,5,OP1,C2_WIFI_CARGA_MEDIA,N3
,0.442,0.391,0.675,0.0,,1787593603978.4353,28.625,4.64,13.46,1.4,1787593603978.4353,False,,,5,OP1,C2_WIFI_CARGA_MEDIA,N3
,0.436,0.39,0.679,0.0,,1787593603998.6938,28.765,5.12,13.4,1.4,1787593603999.0403,False,,,5,OP1,C2_WIFI_CARGA_MEDIA,N3
,0.43,0.39,0.683,0.0,,1787593604037.3762,28.905,5.6,13.4,1.4,1787593604039.3792,False,,,5,OP1,C2_WIFI_CARGA_MEDIA,N3
,0.415,0.39,0.702,0.0,,1787593604094.327,29.57,6.8,13.4,1.4,1787593604094.327,False,,,5,OP1,C2_WIFI_CARGA_MEDIA,N3
,0.402,0.39,0.725,0.0,,1787593604147.0554,30.375,7.84,13.4,1.4,1787593604147.0554,False,,,5,OP1,C2_WIFI_CARGA_MEDIA,N3
,0.393,0.389,0.743,0.0,,1787593604201.7927,31.005,8.56,13.34,1.4,1787593604201.7927,False,,,5,OP1,C2_WIFI_CARGA_MEDIA,N3
,0.39,0.389,0.752,0.0,,1787593604224.61,31.32,8.8,13.34,1.4,1787593604224.61,False,,,5,OP1,C2_WIFI_CARGA_MEDIA,N3
,0.385,0.389,0.762,0.0,,1787593604247.439,31.67,9.2,13.34,1.4,1787593604252.853,False,,,5,OP1,C2_WIFI_CARGA_MEDIA,N3
,0.381,0.389,0.77,0.0,,1787593604288.5176,31.95,9.52,13.34,1.4,1787593604288.8909,False,,,5,OP1,C2_WIFI_CARGA_MEDIA,N3
,0.373,0.391,0.78,0.0,,1787593604343.466,32.3,10.16,13.46,1.4,1787593604343.9758,False,,,5,OP1,C2_WIFI_CARGA_MEDIA,N3
,0.362,0.394,0.789,0.0,,1787593604383.869,32.615,11.04,13.64,1.4,1787593604383.869,False,,,5,OP1,C2_WIFI_CARGA_MEDIA,N3
,0.359,0.395,0.791,0.0,,1787593604419.717,32.685,11.28,13.7,1.4,1787593604419.717,False,,,5,OP1,C2_WIFI_CARGA_MEDIA,N3
,0.354,0.395,0.794,0.0,,1787593604449.0422,32.79,11.68,13.7,1.4,1787593604449.0422,False,,,5,OP1,C2_WIFI_CARGA_MEDIA,N3
,0.343,0.392,0.799,0.0,,1787593604497.008,32.965,12.56,13.52,1.4,1787593604497.008,False,,,5,OP1,C2_WIFI_CARGA_MEDIA,N3
,0.341,0.391,0.802,0.0,,1787593604522.8386,33.07,12.72,13.46,1.4,1787593604522.8386,False,,,5,OP1,C2_WIFI_CARGA_MEDIA,N3
,0.339,0.39,0.807,0.0,,1787593604555.954,33.245,12.88,13.4,1.4,1787593604556.4268,False,,,5,OP1,C2_WIFI_CARGA_MEDIA,N3
,0.335,0.389,0.812,0.0,,1787593604579.1191,33.42,13.2,13.34,1.4,1787593604580.531,False,,,5,OP1,C2_WIFI_CARGA_MEDIA,N3
,0.332,0.39,0.814,0.0,,1787593604603.6924,33.49,13.44,13.4,1.4,1787593604604.05,False,,,5,OP1,C2_WIFI_CARGA_MEDIA,N3
,0.328,0.39,0.816,0.0,,1787593604644.6902,33.56,13.76,13.4,1.4,1787593604647.0647,False,,,5,OP1,C2_WIFI_CARGA_MEDIA,N3
,0.321,0.389,0.823,0.0,,1787593604686.098,33.805,14.32,13.34,1.4,1787593604686.098,False,,,5,OP1,C2_WIFI_CARGA_MEDIA,N3
,0.319,0.389,0.825,0.0,,1787593604722.0234,33.875,14.48,13.34,1.4,1787593604722.0234,False,,,5,OP1,C2_WIFI_CARGA_MEDIA,N3
,0.318,0.389,0.826,0.0,,1787593604751.0315,33.91,14.56,13.34,1.4,1787593604751.0315,False,,,5,OP1,C2_WIFI_CARGA_MEDIA,N3
,0.316,0.388,0.827,0.0,,1787593604789.0728,33.945,14.72,13.28,1.4,1787593604790.077,False,,,5,OP1,C2_WIFI_CARGA_MEDIA,N3
,0.314,0.384,0.829,0.0,,1787593604829.769,34.015,14.88,13.04,1.4,1787593604845.5696,False,,,5,OP1,C2_WIFI_CARGA_MEDIA,N3
,0.316,0.378,0.83,0.173,,1787593604894.5896,34.05,14.72,12.68,1.2184,1787593604894.5896,False,,,5,OP1,C2_WIFI_CARGA_MEDIA,N3
,0.318,0.372,0.83,0.718,,1787593604916.1465,34.05,14.56,12.32,0.6461,1787593604916.1465,False,,,5,OP1,C2_WIFI_CARGA_MEDIA,N3
,0.321,0.366,0.832,1.0,,1787593604955.7642,34.12,14.32,11.96,0.35,1787593604956.4043,False,,,5,OP1,C2_WIFI_CARGA_MEDIA,N3
,0.322,0.36,0.833,1.0,,1787593604981.4463,34.155,14.24,11.6,0.35,1787593604981.4463,False,,,5,OP1,C2_WIFI_CARGA_MEDIA,N3
,0.323,0.358,0.835,1.0,,1787593605123.4226,34.225,14.16,11.48,0.35,1787593605125.4153,False,,,5,OP1,C2_WIFI_CARGA_MEDIA,N3
,0.328,0.357,0.833,1.0,,1787593605254.7124,34.155,13.76,11.42,0.35,1787593605256.718,False,,,5,OP1,C2_WIFI_CARGA_MEDIA,N3
,0.337,0.327,0.827,1.0,,1787593605281.8833,33.945,13.04,9.62,0.35,1787593605290.4468,False,,,5,OP1,C2_WIFI_CARGA_MEDIA,N3
,0.341,0.323,0.828,1.0,,1787593605303.389,33.98,12.72,9.38,0.35,1787593605303.389,False,,,5,OP1,C2_WIFI_CARGA_MEDIA,N3
,0.344,0.321,0.828,1.0,,1787593605340.7358,33.98,12.48,9.26,0.35,1787593605340.7358,False,,,5,OP1,C2_WIFI_CARGA_MEDIA,N3
,0.346,0.32,0.829,1.0,,1787593605361.6084,34.015,12.32,9.2,0.35,1787593605361.6084,False,,,5,OP1,C2_WIFI_CARGA_MEDIA,N3
,0.348,0.318,0.829,1.0,,1787593605401.0454,34.015,12.16,9.08,0.35,1787593605401.0454,False,,,5,OP1,C2_WIFI_CARGA_MEDIA,N3
,0.353,0.313,0.83,1.0,,1787593605442.3635,34.05,11.76,8.78,0.35,1787593605442.3635,False,,,5,OP1,C2_WIFI_CARGA_MEDIA,N3
,0.355,0.309,0.829,1.0,,1787593605465.1816,34.015,11.6,8.54,0.35,1787593605467.3115,False,,,5,OP1,C2_WIFI_CARGA_MEDIA,N3
,0.356,0.303,0.828,1.0,,1787593605510.483,33.98,11.52,8.18,0.35,1787593605510.483,False,,,5,OP1,C2_WIFI_CARGA_MEDIA,N3
,0.358,0.297,0.828,1.0,,1787593605532.746,33.98,11.36,7.82,0.35,1787593605542.374,False,,,5,OP1,C2_WIFI_CARGA_MEDIA,N3
,0.36,0.292,0.828,1.0,,1787593605566.755,33.98,11.2,7.52,0.35,1787593605566.755,False,,,5,OP1,C2_WIFI_CARGA_MEDIA,N3
,0.36,0.288,0.831,1.0,,1787593605587.036,34.085,11.2,7.28,0.35,1787593605588.056,False,,,5,OP1,C2_WIFI_CARGA_MEDIA,N3
,0.36,0.281,0.838,1.0,,1787593605608.8083,34.33,11.2,6.86,0.35,1787593605608.8083,False,,,5,OP1,C2_WIFI_CARGA_MEDIA,N3
,0.357,0.273,0.848,1.0,,1787593605671.8147,34.68,11.44,6.38,0.35,1787593605673.8325,False,,,5,OP1,C2_WIFI_CARGA_MEDIA,N3
,0.354,0.271,0.852,1.0,,1787593605706.506,34.82,11.68,6.26,0.35,1787593605707.3772,False,,,5,OP1,C2_WIFI_CARGA_MEDIA,N3
,0.35,0.269,0.852,1.0,,1787593605757.277,34.82,12.0,6.14,0.35,1787593605759.3354,False,,,5,OP1,C2_WIFI_CARGA_MEDIA,N3
,0.349,0.268,0.853,1.0,,1787593605817.6914,34.855,12.08,6.08,0.35,1787593605817.6914,False,,,5,OP1,C2_WIFI_CARGA_MEDIA,N3
,0.349,0.267,0.852,1.0,,1787593605873.4983,34.82,12.08,6.02,0.35,1787593605875.506,False,,,5,OP1,C2_WIFI_CARGA_MEDIA,N3
,0.349,0.266,0.85,1.0,,1787593605897.554,34.75,12.08,5.96,0.35,1787593605897.554,False,,,5,OP1,C2_WIFI_CARGA_MEDIA,N3
,0.35,0.265,0.846,1.0,,1787593605944.3633,34.61,12.0,5.9,0.35,1787593605946.868,False,,,5,OP1,C2_WIFI_CARGA_MEDIA,N3
,0.352,0.265,0.845,1.0,,1787593605969.819,34.575,11.84,5.9,0.35,1787593605969.819,False,,,5,OP1,C2_WIFI_CARGA_MEDIA,N3
,0.354,0.265,0.845,1.0,,1787593606003.308,34.575,11.68,5.9,0.35,1787593606003.308,False,,,5,OP1,C2_WIFI_CARGA_MEDIA,N3
,0.358,0.264,0.845,1.0,,1787593606028.5432,34.575,11.36,5.84,0.35,1787593606029.559,False,,,5,OP1,C2_WIFI_CARGA_MEDIA,N3
,0.36,0.266,0.844,1.0,,1787593606069.761,34.54,11.2,5.96,0.35,1787593606069.761,False,,,5,OP1,C2_WIFI_CARGA_MEDIA,N3
,0.363,0.269,0.847,1.0,,1787593606124.73,34.645,10.96,6.14,0.35,1787593606124.73,False,,,5,OP1,C2_WIFI_CARGA_MEDIA,N3
,0.364,0.27,0.848,1.0,,1787593606153.0796,34.68,10.88,6.2,0.35,1787593606155.3228,False,,,5,OP1,C2_WIFI_CARGA_MEDIA,N3
,0.364,0.27,0.849,1.0,,1787593606208.8796,34.715,10.88,6.2,0.35,1787593606208.8796,False,,,5,OP1,C2_WIFI_CARGA_MEDIA,N3
,0.364,0.269,0.847,1.0,,1787593606264.0725,34.645,10.88,6.14,0.35,1787593606264.0725,False,,,5,OP1,C2_WIFI_CARGA_MEDIA,N3
,0.364,0.268,0.846,1.0,,1787593606289.996,34.61,10.88,6.08,0.35,1787593606289.996,False,,,5,OP1,C2_WIFI_CARGA_MEDIA,N3
,0.365,0.266,0.845,1.0,,1787593606347.2844,34.575,10.8,5.96,0.35,1787593606349.2952,False,,,5,OP1,C2_WIFI_CARGA_MEDIA,N3
,0.366,0.264,0.841,1.0,,1787593606400.9666,34.435,10.72,5.84,0.35,1787593606400.9666,False,,,5,OP1,C2_WIFI_CARGA_MEDIA,N3
,0.369,0.262,0.837,1.0,,1787593606431.3157,34.295,10.48,5.72,0.35,1787593606431.843,False,,,5,OP1,C2_WIFI_CARGA_MEDIA,N3
,0.376,0.26,0.834,1.0,,1787593606470.8987,34.19,9.92,5.6,0.35,1787593606472.9043,False,,,5,OP1,C2_WIFI_CARGA_MEDIA,N3
,0.379,0.26,0.831,1.0,,1787593606532.6064,34.085,9.68,5.6,0.35,1787593606533.2651,False,,,5,OP1,C2_WIFI_CARGA_MEDIA,N3
,0.381,0.26,0.83,1.0,,1787593606565.016,34.05,9.52,5.6,0.35,1787593606565.016,False,,,5,OP1,C2_WIFI_CARGA_MEDIA,N3
,0.387,0.265,0.827,1.0,,1787593606625.8303,33.945,9.04,5.9,0.35,1787593606627.8418,False,,,5,OP1,C2_WIFI_CARGA_MEDIA,N3
,0.387,0.268,0.828,1.0,,1787593606679.5586,33.98,9.04,6.08,0.35,1787593606679.5586,False,,,5,OP1,C2_WIFI_CARGA_MEDIA,N3
,0.385,0.27,0.831,1.0,,1787593606709.885,34.085,9.2,6.2,0.35,1787593606711.972,False,,,5,OP1,C2_WIFI_CARGA_MEDIA,N3
,0.373,0.276,0.849,1.0,,1787593606763.7805,34.715,10.16,6.56,0.35,1787593606765.7896,False,,,5,OP1,C2_WIFI_CARGA_MEDIA,N3
,0.367,0.278,0.857,1.0,,1787593606789.5232,34.995,10.64,6.68,0.35,1787593606789.5232,False,,,5,OP1,C2_WIFI_CARGA_MEDIA,N3
,0.356,0.282,0.875,1.0,,1787593606837.9688,35.625,11.52,6.92,0.35,1787593606837.9688,False,,,5,OP1,C2_WIFI_CARGA_MEDIA,N3
,0.352,0.284,0.878,1.0,,1787593606878.3508,35.73,11.84,7.04,0.35,1787593606880.3665,False,,,5,OP1,C2_WIFI_CARGA_MEDIA,N3
,0.345,0.288,0.883,1.0,,1787593606918.286,35.905,12.4,7.28,0.35,1787593606918.286,False,,,5,OP1,C2_WIFI_CARGA_MEDIA,N3
,0.341,0.29,0.885,1.0,,1787593606944.9175,35.975,12.72,7.4,0.35,1787593606944.9175,False,,,5,OP1,C2_WIFI_CARGA_MEDIA,N3
,0.338,0.292,0.888,1.0,,1787593606983.6562,36.08,12.96,7.52,0.35,1787593606983.6562,False,,,5,OP1,C2_WIFI_CARGA_MEDIA,N3
,0.334,0.293,0.894,1.0,,1787593607042.2688,36.29,13.28,7.58,0.35,1787593607044.2778,False,,,5,OP1,C2_WIFI_CARGA_MEDIA,N3
,0.333,0.293,0.898,1.0,,1787593607066.7158,36.43,13.36,7.58,0.35,1787593607066.7158,False,,,5,OP1,C2_WIFI_CARGA_MEDIA,N3
,0.333,0.293,0.899,1.0,,1787593607097.1904,36.465,13.36,7.58,0.35,1787593607098.9387,False,,,5,OP1,C2_WIFI_CARGA_MEDIA,N3
,0.332,0.293,0.899,1.0,,1787593607117.4458,36.465,13.44,7.58,0.35,1787593607117.4458,False,,,5,OP1,C2_WIFI_CARGA_MEDIA,N3
,0.333,0.294,0.896,1.0,,1787593607290.8662,36.36,13.36,7.64,0.35,1787593607296.6938,False,,,5,OP1,C2_WIFI_CARGA_MEDIA,N3
,0.346,0.303,0.871,1.0,,1787593607311.0598,35.485,12.32,8.18,0.35,1787593607311.0598,False,,,5,OP1,C2_WIFI_CARGA_MEDIA,N3
,0.348,0.305,0.866,1.0,,1787593607347.93,35.31,12.16,8.3,0.35,1787593607348.4492,False,,,5,OP1,C2_WIFI_CARGA_MEDIA,N3
,0.352,0.307,0.854,1.0,,1787593607371.2114,34.89,11.84,8.42,0.35,1787593607371.2114,False,,,5,OP1,C2_WIFI_CARGA_MEDIA,N3
,0.359,0.316,0.806,1.0,,1787593607433.28,33.21,11.28,8.96,0.35,1787593607436.0789,False,,,5,OP1,C2_WIFI_CARGA_MEDIA,N3
,0.371,0.324,0.719,1.0,,1787593607480.9958,30.165,10.32,9.44,0.35,1787593607480.9958,False,,,5,OP1,C2_WIFI_CARGA_MEDIA,N3
,0.375,0.33,0.675,1.0,,1787593607504.9304,28.625,10.0,9.8,0.35,1787593607506.266,False,,,5,OP1,C2_WIFI_CARGA_MEDIA,N3
,0.376,0.338,0.606,1.0,,1787593607542.9077,26.21,9.92,10.28,0.35,1787593607544.9175,False,,,5,OP1,C2_WIFI_CARGA_MEDIA,N3
,0.379,0.35,0.544,1.0,,1787593607600.8489,24.04,9.68,11.0,0.35,1787593607601.8623,False,,,5,OP1,C2_WIFI_CARGA_MEDIA,N3
,0.384,0.36,0.491,1.0,,1787593607783.3413,22.185,9.28,11.6,0.35,1787593607784.2163,False,,,5,OP1,C2_WIFI_CARGA_MEDIA,N3
,0.42,0.378,0.432,1.0,,1787593607814.4165,20.12,6.4,12.68,0.35,1787593607814.4165,False,,,5,OP1,C2_WIFI_CARGA_MEDIA,N3
,0.424,0.387,0.401,1.0,,1787593607848.938,19.035,6.08,13.22,0.35,1787593607848.938,False,,,5,OP1,C2_WIFI_CARGA_MEDIA,N3
,0.426,0.397,0.36,1.0,,1787593607876.8948,17.6,5.92,13.82,0.35,1787593607876.8948,False,,,5,OP1,C2_WIFI_CARGA_MEDIA,N3
,0.422,0.408,0.304,1.0,,1787593607905.3567,15.64,6.24,14.48,0.35,1787593607905.3567,False,,,5,OP1,C2_WIFI_CARGA_MEDIA,N3
,0.404,0.426,0.184,1.0,,1787593607946.73,11.44,7.68,15.56,0.35,1787593607946.73,False,,,5,OP1,C2_WIFI_CARGA_MEDIA,N3
,0.403,0.425,0.15,1.0,,1787593607980.1975,10.25,7.76,15.5,0.35,1787593607980.1975,False,,,5,OP1,C2_WIFI_CARGA_MEDIA,N3
,0.411,0.421,0.144,1.0,,1787593608006.2258,10.04,7.12,15.26,0.35,1787593608007.0752,False,,,5,OP1,C2_WIFI_CARGA_MEDIA,N3
,0.418,0.417,0.136,1.0,,1787593608044.9214,9.76,6.56,15.02,0.35,1787593608044.9214,False,,,5,OP1,C2_WIFI_CARGA_MEDIA,N3
,0.434,0.411,0.118,1.0,,1787593608097.3445,9.13,5.28,14.66,0.35,1787593608097.3445,False,,,5,OP1,C2_WIFI_CARGA_MEDIA,N3
,0.452,0.402,0.104,1.0,,1787593608264.707,8.64,3.84,14.12,0.35,1787593608264.707,False,,,5,OP1,C2_WIFI_CARGA_MEDIA,N3
,0.495,0.399,0.024,1.0,,1787593608286.969,5.84,0.4,13.94,0.35,1787593608287.9775,False,,,5,OP1,C2_WIFI_CARGA_MEDIA,N3
,0.504,0.401,0.001,1.0,,1787593608323.0857,5.035,-0.32,14.06,0.35,1787593608324.1096,False,,,5,OP1,C2_WIFI_CARGA_MEDIA,N3
,0.513,0.403,0.0,1.0,,1787593608346.9187,5.0,-1.04,14.18,0.35,1787593608346.9187,False,,,5,OP1,C2_WIFI_CARGA_MEDIA,N3
,0.522,0.411,0.0,1.0,,1787593608408.7373,5.0,-1.76,14.66,0.35,1787593608409.3413,False,,,5,OP1,C2_WIFI_CARGA_MEDIA,N3
,0.526,0.416,0.0,1.0,,1787593608455.3809,5.0,-2.08,14.96,0.35,1787593608455.3809,False,,,5,OP1,C2_WIFI_CARGA_MEDIA,N3
,0.527,0.416,0.0,1.0,,1787593608488.3987,5.0,-2.16,14.96,0.35,1787593608488.3987,False,,,5,OP1,C2_WIFI_CARGA_MEDIA,N3
,0.528,0.417,0.0,0.999,,1787593608511.0684,5.0,-2.24,15.02,0.3511,1787593608513.0813,False,,,5,OP1,C2_WIFI_CARGA_MEDIA,N3
,0.528,0.417,0.0,0.997,,1787593608547.1377,5.0,-2.24,15.02,0.3532,1787593608548.3706,False,,,5,OP1,C2_WIFI_CARGA_MEDIA,N3
,0.527,0.42,0.0,0.99,,1787593608584.7793,5.0,-2.16,15.2,0.3605,1787593608584.7793,False,,,5,OP1,C2_WIFI_CARGA_MEDIA,N3
,0.527,0.421,0.0,0.986,,1787593608609.7551,5.0,-2.16,15.26,0.3647,1787593608611.2007,False,,,5,OP1,C2_WIFI_CARGA_MEDIA,N3
,0.527,0.422,0.0,0.981,,1787593608651.266,5.0,-2.16,15.32,0.37,1787593608651.266,False,,,5,OP1,C2_WIFI_CARGA_MEDIA,N3
,0.528,0.423,0.0,0.974,,1787593608778.301,5.0,-2.24,15.38,0.3773,1787593608778.301,False,,,5,OP1,C2_WIFI_CARGA_MEDIA,N3
,0.541,0.427,0.0,0.952,,1787593608813.166,5.0,-3.28,15.62,0.4004,1787593608815.1758,False,,,5,OP1,C2_WIFI_CARGA_MEDIA,N3
,0.545,0.425,0.0,0.949,,1787593608851.272,5.0,-3.6,15.5,0.4036,1787593608851.272,False,,,5,OP1,C2_WIFI_CARGA_MEDIA,N3
,0.55,0.423,0.0,0.947,,1787593608907.8982,5.0,-4.0,15.38,0.4057,1787593608910.826,False,,,5,OP1,C2_WIFI_CARGA_MEDIA,N3
,0.551,0.423,0.0,0.944,,1787593608955.5215,5.0,-4.08,15.38,0.4088,1787593608955.5215,False,,,5,OP1,C2_WIFI_CARGA_MEDIA,N3
,0.552,0.423,0.0,0.943,,1787593608982.98,5.0,-4.16,15.38,0.4099,1787593608985.1638,False,,,5,OP1,C2_WIFI_CARGA_MEDIA,N3
,0.553,0.423,0.0,0.94,,1787593609112.465,5.0,-4.24,15.38,0.413,1787593609112.465,False,,,5,OP1,C2_WIFI_CARGA_MEDIA,N3
,0.564,0.417,0.0,0.92,,1787593609159.3037,5.0,-5.12,15.02,0.434,1787593609159.3037,False,,,5,OP1,C2_WIFI_CARGA_MEDIA,N3
,0.565,0.416,0.0,0.913,,1787593609186.8313,5.0,-5.2,14.96,0.4414,1787593609186.8313,False,,,5,OP1,C2_WIFI_CARGA_MEDIA,N3
,0.567,0.414,0.0,0.908,,1787593609213.9968,5.0,-5.36,14.84,0.4466,1787593609216.3098,False,,,5,OP1,C2_WIFI_CARGA_MEDIA,N3
,0.568,0.412,0.0,0.904,,1787593609260.14,5.0,-5.44,14.72,0.4508,1787593609260.14,False,,,5,OP1,C2_WIFI_CARGA_MEDIA,N3
,0.568,0.412,0.0,0.903,,1787593609293.622,5.0,-5.44,14.72,0.4519,1787593609293.622,False,,,5,OP1,C2_WIFI_CARGA_MEDIA,N3
,0.568,0.411,0.0,0.904,,1787593609316.4976,5.0,-5.44,14.66,0.4508,1787593609316.4976,False,,,5,OP1,C2_WIFI_CARGA_MEDIA,N3
,0.567,0.411,0.0,0.905,,1787593609354.9517,5.0,-5.36,14.66,0.4498,1787593609355.952,False,,,5,OP1,C2_WIFI_CARGA_MEDIA,N3
,0.567,0.41,0.0,0.907,,1787593609408.8052,5.0,-5.36,14.6,0.4476,1787593609408.8052,False,,,5,OP1,C2_WIFI_CARGA_MEDIA,N3
,0.565,0.409,0.0,0.911,,1787593609462.9536,5.0,-5.2,14.54,0.4435,1787593609462.9536,False,,,5,OP1,C2_WIFI_CARGA_MEDIA,N3
,0.563,0.408,0.0,0.914,,1787593609493.858,5.0,-5.04,14.48,0.4403,1787593609493.858,False,,,5,OP1,C2_WIFI_CARGA_MEDIA,N3
,0.562,0.407,0.0,0.916,,1787593609518.9238,5.0,-4.96,14.42,0.4382,1787593609519.3303,False,,,5,OP1,C2_WIFI_CARGA_MEDIA,N3
,0.555,0.406,0.0,0.92,,1787593609560.4946,5.0,-4.4,14.36,0.434,1787593609560.4946,False,,,5,OP1,C2_WIFI_CARGA_MEDIA,N3
,0.55,0.405,0.002,0.92,,1787593609596.9253,5.07,-4.0,14.3,0.434,1787593609599.9917,False,,,5,OP1,C2_WIFI_CARGA_MEDIA,N3
,0.546,0.405,0.018,0.919,,1787593609619.2273,5.63,-3.68,14.3,0.4351,1787593609619.2273,False,,,5,OP1,C2_WIFI_CARGA_MEDIA,N3
,0.541,0.404,0.03,0.916,,1787593609653.07,6.05,-3.28,14.24,0.4382,1787593609653.572,False,,,5,OP1,C2_WIFI_CARGA_MEDIA,N3
,0.538,0.401,0.04,0.912,,1787593609690.6194,6.4,-3.04,14.06,0.4424,1787593609690.6194,False,,,5,OP1,C2_WIFI_CARGA_MEDIA,N3
,0.528,0.397,0.065,0.903,,1787593609733.035,7.275,-2.24,13.82,0.4519,1787593609733.035,False,,,5,OP1,C2_WIFI_CARGA_MEDIA,N3
,0.522,0.396,0.08,0.898,,1787593609756.1418,7.8,-1.76,13.76,0.4571,1787593609756.1418,False,,,5,OP1,C2_WIFI_CARGA_MEDIA,N3
,0.517,0.395,0.094,0.892,,1787593609796.8623,8.29,-1.36,13.7,0.4634,1787593609796.8623,False,,,5,OP1,C2_WIFI_CARGA_MEDIA,N3
,0.515,0.393,0.1,0.88,,1787593609824.464,8.5,-1.2,13.58,0.476,1787593609824.464,False,,,5,OP1,C2_WIFI_CARGA_MEDIA,N3
,0.513,0.389,0.113,0.873,,1787593609857.7556,8.955,-1.04,13.34,0.4834,1787593609858.769,False,,,5,OP1,C2_WIFI_CARGA_MEDIA,N3
,0.509,0.385,0.133,0.871,,1787593609884.1165,9.655,-0.72,13.1,0.4855,1787593609885.452,False,,,5,OP1,C2_WIFI_CARGA_MEDIA,N3
,0.5,0.385,0.165,0.867,,1787593609931.9946,10.775,0.0,13.1,0.4897,1787593609931.9946,False,,,5,OP1,C2_WIFI_CARGA_MEDIA,N3
,0.494,0.386,0.176,0.868,,1787593610120.0752,11.16,0.48,13.16,0.4886,1787593610120.0752,False,,,5,OP1,C2_WIFI_CARGA_MEDIA,N3
,0.461,0.386,0.224,0.863,,1787593610157.5352,12.84,3.12,13.16,0.4939,1787593610160.3132,False,,,5,OP1,C2_WIFI_CARGA_MEDIA,N3
,0.46,0.386,0.226,0.86,,1787593610190.9492,12.91,3.2,13.16,0.497,1787593610191.4448,False,,,5,OP1,C2_WIFI_CARGA_MEDIA,N3
,0.458,0.385,0.227,0.854,,1787593610237.174,12.945,3.36,13.1,0.5033,1787593610237.174,False,,,5,OP1,C2_WIFI_CARGA_MEDIA,N3
,0.457,0.385,0.226,0.851,,1787593610260.2036,12.91,3.44,13.1,0.5065,1787593610260.2036,False,,,5,OP1,C2_WIFI_CARGA_MEDIA,N3
,0.456,0.384,0.226,0.849,,1787593610300.823,12.91,3.52,13.04,0.5086,1787593610300.823,False,,,5,OP1,C2_WIFI_CARGA_MEDIA,N3
,0.455,0.384,0.227,0.848,,1787593610468.7727,12.945,3.6,13.04,0.5096,1787593610468.7727,False,,,5,OP1,C2_WIFI_CARGA_MEDIA,N3
,0.454,0.38,0.23,0.839,,1787593610497.1926,13.05,3.68,12.8,0.5191,1787593610497.7026,False,,,5,OP1,C2_WIFI_CARGA_MEDIA,N3
,0.46,0.379,0.226,0.836,,1787593610531.5098,12.91,3.2,12.74,0.5222,1787593610531.5098,False,,,5,OP1,C2_WIFI_CARGA_MEDIA,N3
,0.466,0.378,0.22,0.835,,1787593610562.428,12.7,2.72,12.68,0.5233,1787593610562.9746,False,,,5,OP1,C2_WIFI_CARGA_MEDIA,N3
,0.472,0.379,0.214,0.835,,1787593610603.4634,12.49,2.24,12.74,0.5233,1787593610603.4634,False,,,5,OP1,C2_WIFI_CARGA_MEDIA,N3
,0.476,0.38,0.208,0.834,,1787593610635.2302,12.28,1.92,12.8,0.5243,1787593610636.3362,False,,,5,OP1,C2_WIFI_CARGA_MEDIA,N3
,0.482,0.381,0.202,0.835,,1787593610660.8428,12.07,1.44,12.86,0.5233,1787593610661.8762,False,,,5,OP1,C2_WIFI_CARGA_MEDIA,N3
,0.487,0.382,0.197,0.836,,1787593610691.7805,11.895,1.04,12.92,0.5222,1787593610693.808,False,,,5,OP1,C2_WIFI_CARGA_MEDIA,N3
,0.495,0.382,0.191,0.84,,1787593610738.63,11.685,0.4,12.92,0.518,1787593610738.63,False,,,5,OP1,C2_WIFI_CARGA_MEDIA,N3
,0.498,0.381,0.191,0.843,,1787593610761.1594,11.685,0.16,12.86,0.5149,1787593610763.1543,False,,,5,OP1,C2_WIFI_CARGA_MEDIA,N3
,0.501,0.378,0.189,0.847,,1787593610801.7273,11.615,-0.08,12.68,0.5107,1787593610801.7273,False,,,5,OP1,C2_WIFI_CARGA_MEDIA,N3
,0.505,0.372,0.185,0.85,,1787593610831.881,11.475,-0.4,12.32,0.5075,1787593610831.881,False,,,5,OP1,C2_WIFI_CARGA_MEDIA,N3
,0.509,0.366,0.184,0.852,,1787593610862.413,11.44,-0.72,11.96,0.5054,1787593610862.413,False,,,5,OP1,C2_WIFI_CARGA_MEDIA,N3
,0.512,0.365,0.182,0.852,,1787593610905.796,11.37,-0.96,11.9,0.5054,1787593610905.796,False,,,5,OP1,C2_WIFI_CARGA_MEDIA,N3
,0.514,0.363,0.182,0.853,,1787593610939.1968,11.37,-1.12,11.78,0.5044,1787593610940.243,False,,,5,OP1,C2_WIFI_CARGA_MEDIA,N3
,0.516,0.362,0.18,0.853,,1787593610968.0037,11.3,-1.28,11.72,0.5044,1787593610970.0146,False,,,5,OP1,C2_WIFI_CARGA_MEDIA,N3
,0.517,0.36,0.177,0.853,,1787593610997.8503,11.195,-1.36,11.6,0.5044,1787593610997.8503,False,,,5,OP1,C2_WIFI_CARGA_MEDIA,N3
,0.518,0.359,0.174,0.853,,1787593611039.328,11.09,-1.44,11.54,0.5044,1787593611039.328,False,,,5,OP1,C2_WIFI_CARGA_MEDIA,N3
,0.519,0.357,0.174,0.854,,1787593611063.239,11.09,-1.52,11.42,0.5033,1787593611063.239,False,,,5,OP1,C2_WIFI_CARGA_MEDIA,N3
,0.519,0.357,0.173,0.855,,1787593611104.6406,11.055,-1.52,11.42,0.5023,1787593611104.6406,False,,,5,OP1,C2_WIFI_CARGA_MEDIA,N3
,0.52,0.357,0.171,0.856,,1787593611135.52,10.985,-1.6,11.42,0.5012,1787593611135.52,False,,,5,OP1,C2_WIFI_CARGA_MEDIA,N3
,0.52,0.358,0.169,0.857,,1787593611163.4775,10.915,-1.6,11.48,0.5002,1787593611165.1355,False,,,5,OP1,C2_WIFI_CARGA_MEDIA,N3
,0.523,0.358,0.162,0.859,,1787593611197.3198,10.67,-1.84,11.48,0.4981,1787593611197.3198,False,,,5,OP1,C2_WIFI_CARGA_MEDIA,N3
,0.523,0.359,0.159,0.86,,1787593611244.0393,10.565,-1.84,11.54,0.497,1787593611244.0393,False,,,5,OP1,C2_WIFI_CARGA_MEDIA,N3
,0.524,0.359,0.156,0.861,,1787593611270.6826,10.46,-1.92,11.54,0.496,1787593611270.6826,False,,,5,OP1,C2_WIFI_CARGA_MEDIA,N3
,0.525,0.359,0.155,0.861,,1787593611298.5725,10.425,-2.0,11.54,0.496,1787593611298.5725,False,,,5,OP1,C2_WIFI_CARGA_MEDIA,N3
,0.525,0.359,0.153,0.861,,1787593611331.0393,10.355,-2.0,11.54,0.496,1787593611332.0518,False,,,5,OP1,C2_WIFI_CARGA_MEDIA,N3
,0.526,0.359,0.149,0.859,,1787593611376.7988,10.215,-2.08,11.54,0.4981,1787593611376.7988,False,,,5,OP1,C2_WIFI_CARGA_MEDIA,N3
,0.526,0.359,0.149,0.859,,1787593611399.1892,10.215,-2.08,11.54,0.4981,1787593611399.1892,False,,,5,OP1,C2_WIFI_CARGA_MEDIA,N3
,0.526,0.359,0.149,0.858,,1787593611436.353,10.215,-2.08,11.54,0.4991,1787593611438.366,False,,,5,OP1,C2_WIFI_CARGA_MEDIA,N3
,0.526,0.359,0.15,0.859,,1787593611476.5227,10.25,-2.08,11.54,0.4981,1787593611477.302,False,,,5,OP1,C2_WIFI_CARGA_MEDIA,N3
,0.526,0.358,0.151,0.859,,1787593611504.589,10.285,-2.08,11.48,0.4981,1787593611506.6008,False,,,5,OP1,C2_WIFI_CARGA_MEDIA,N3
,0.526,0.358,0.156,0.86,,1787593611542.174,10.46,-2.08,11.48,0.497,1787593611542.174,False,,,5,OP1,C2_WIFI_CARGA_MEDIA,N3
,0.525,0.358,0.158,0.861,,1787593611577.4448,10.53,-2.0,11.48,0.496,1787593611577.4448,False,,,5,OP1,C2_WIFI_CARGA_MEDIA,N3
,0.525,0.358,0.16,0.861,,1787593611613.1768,10.6,-2.0,11.48,0.496,1787593611613.1768,False,,,5,OP1,C2_WIFI_CARGA_MEDIA,N3
,0.523,0.36,0.167,0.862,,1787593611644.9836,10.845,-1.84,11.6,0.4949,1787593611646.4875,False,,,5,OP1,C2_WIFI_CARGA_MEDIA,N3
,0.521,0.363,0.172,0.862,,1787593611678.48,11.02,-1.68,11.78,0.4949,1787593611678.48,False,,,5,OP1,C2_WIFI_CARGA_MEDIA,N3
,0.517,0.379,0.198,0.859,,1787593611735.2627,11.93,-1.36,12.74,0.4981,1787593611736.261,False,,,5,OP1,C2_WIFI_CARGA_MEDIA,N3
,0.509,0.405,0.227,0.854,,1787593611781.0012,12.945,-0.72,14.3,0.5033,1787593611781.0012,False,,,5,OP1,C2_WIFI_CARGA_MEDIA,N3
,0.501,0.426,0.27,0.852,,1787593611804.0676,14.45,-0.08,15.56,0.5054,1787593611806.0789,False,,,5,OP1,C2_WIFI_CARGA_MEDIA,N3
,0.493,0.446,0.311,0.853,,1787593611847.032,15.885,0.56,16.76,0.5044,1787593611847.032,False,,,5,OP1,C2_WIFI_CARGA_MEDIA,N3
,0.477,0.475,0.38,0.853,,1787593611900.7822,18.3,1.84,18.5,0.5044,1787593611903.316,False,,,5,OP1,C2_WIFI_CARGA_MEDIA,N3
,0.472,0.487,0.409,0.852,,1787593611923.5537,19.315,2.24,19.22,0.5054,1787593611923.5537,False,,,5,OP1,C2_WIFI_CARGA_MEDIA,N3
,0.467,0.498,0.438,0.852,,1787593611947.113,20.33,2.64,19.88,0.5054,1787593611947.113,False,,,5,OP1,C2_WIFI_CARGA_MEDIA,N3
,0.459,0.502,0.436,0.851,,1787593611972.954,20.26,3.28,20.12,0.5065,1787593611972.954,False,,,5,OP1,C2_WIFI_CARGA_MEDIA,N3
,0.448,0.508,0.444,0.848,,1787593612041.0134,20.54,4.16,20.48,0.5096,1787593612043.0295,False,,,5,OP1,C2_WIFI_CARGA_MEDIA,N3
,0.43,0.514,0.445,0.845,,1787593612082.9526,20.575,5.6,20.84,0.5128,1787593612083.473,False,,,5,OP1,C2_WIFI_CARGA_MEDIA,N3
,0.425,0.516,0.447,0.845,,1787593612114.6882,20.645,6.0,20.96,0.5128,1787593612115.204,False,,,5,OP1,C2_WIFI_CARGA_MEDIA,N3
,0.423,0.516,0.45,0.845,,1787593612148.7812,20.75,6.16,20.96,0.5128,1787593612150.795,False,,,5,OP1,C2_WIFI_CARGA_MEDIA,N3
,0.423,0.516,0.45,0.844,,1787593612180.7136,20.75,6.16,20.96,0.5138,1787593612182.7212,False,,,5,OP1,C2_WIFI_CARGA_MEDIA,N3
,0.423,0.516,0.45,0.843,,1787593612206.8682,20.75,6.16,20.96,0.5149,1787593612207.2388,False,,,5,OP1,C2_WIFI_CARGA_MEDIA,N3
,0.424,0.516,0.448,0.842,,1787593612237.0176,20.68,6.08,20.96,0.5159,1787593612238.6335,False,,,5,OP1,C2_WIFI_CARGA_MEDIA,N3
,0.435,0.51,0.428,0.84,,1787593612284.7476,19.98,5.2,20.6,0.518,1787593612284.7476,False,,,5,OP1,C2_WIFI_CARGA_MEDIA,N3
,0.442,0.504,0.415,0.84,,1787593612306.1296,19.525,4.64,20.24,0.518,1787593612308.3923,False,,,5,OP1,C2_WIFI_CARGA_MEDIA,N3
,0.452,0.491,0.394,0.839,,1787593612347.1067,18.79,3.84,19.46,0.5191,1787593612347.1067,False,,,5,OP1,C2_WIFI_CARGA_MEDIA,N3
,0.468,0.459,0.354,0.837,,1787593612404.3489,17.39,2.56,17.54,0.5212,1787593612406.3967,False,,,5,OP1,C2_WIFI_CARGA_MEDIA,N3
,0.475,0.447,0.352,0.833,,1787593612455.0754,17.32,2.0,16.82,0.5254,1787593612455.0754,False,,,5,OP1,C2_WIFI_CARGA_MEDIA,N3
,0.476,0.447,0.353,0.831,,1787593612486.5264,17.355,1.92,16.82,0.5275,1787593612486.5264,False,,,5,OP1,C2_WIFI_CARGA_MEDIA,N3
,0.475,0.448,0.355,0.83,,1787593612508.1846,17.425,2.0,16.88,0.5285,1787593612509.1853,False,,,5,OP1,C2_WIFI_CARGA_MEDIA,N3
,0.475,0.456,0.369,0.828,,1787593612544.755,17.915,2.0,17.36,0.5306,1787593612545.7527,False,,,5,OP1,C2_WIFI_CARGA_MEDIA,N3
,0.473,0.491,0.407,0.826,,1787593612597.024,19.245,2.16,19.46,0.5327,1787593612597.024,False,,,5,OP1,C2_WIFI_CARGA_MEDIA,N3
,0.471,0.518,0.414,0.814,,1787593612649.068,19.49,2.32,21.08,0.5453,1787593612649.068,False,,,5,OP1,C2_WIFI_CARGA_MEDIA,N3
,0.474,0.527,0.4,0.812,,1787593612709.8303,19.0,2.08,21.62,0.5474,1787593612709.8303,False,,,5,OP1,C2_WIFI_CARGA_MEDIA,N3
,0.493,0.509,0.327,0.815,,1787593612746.8188,16.445,0.56,20.54,0.5443,1787593612746.8188,False,,,5,OP1,C2_WIFI_CARGA_MEDIA,N3
,0.501,0.496,0.298,0.82,,1787593612791.2087,15.43,-0.08,19.76,0.539,1787593612791.2087,False,,,5,OP1,C2_WIFI_CARGA_MEDIA,N3
,0.505,0.482,0.291,0.824,,1787593612811.7534,15.185,-0.4,18.92,0.5348,1787593612811.7534,False,,,5,OP1,C2_WIFI_CARGA_MEDIA,N3
,0.509,0.476,0.285,0.828,,1787593612849.009,14.975,-0.72,18.56,0.5306,1787593612849.009,False,,,5,OP1,C2_WIFI_CARGA_MEDIA,N3
,0.515,0.475,0.278,0.835,,1787593612905.418,14.73,-1.2,18.5,0.5233,1787593612905.418,False,,,5,OP1,C2_WIFI_CARGA_MEDIA,N3
,0.518,0.479,0.278,0.835,,1787593612949.1643,14.73,-1.44,18.74,0.5233,1787593612949.1643,False,,,5,OP1,C2_WIFI_CARGA_MEDIA,N3
,0.521,0.482,0.283,0.83,,1787593613012.1553,14.905,-1.68,18.92,0.5285,1787593613013.1565,False,,,5,OP1,C2_WIFI_CARGA_MEDIA,N3
,0.523,0.482,0.286,0.828,,1787593613044.892,15.01,-1.84,18.92,0.5306,1787593613045.842,False,,,5,OP1,C2_WIFI_CARGA_MEDIA,N3
,0.523,0.482,0.287,0.829,,1787593613087.2366,15.045,-1.84,18.92,0.5296,1787593613087.2366,False,,,5,OP1,C2_WIFI_CARGA_MEDIA,N3
,0.523,0.481,0.288,0.831,,1787593613123.8232,15.08,-1.84,18.86,0.5275,1787593613123.8232,False,,,5,OP1,C2_WIFI_CARGA_MEDIA,N3
,0.523,0.481,0.289,0.833,,1787593613145.87,15.115,-1.84,18.86,0.5254,1787593613147.1843,False,,,5,OP1,C2_WIFI_CARGA_MEDIA,N3
,0.522,0.48,0.289,0.835,,1787593613182.8125,15.115,-1.76,18.8,0.5233,1787593613182.8125,False,,,5,OP1,C2_WIFI_CARGA_MEDIA,N3
,0.519,0.477,0.291,0.837,,1787593613231.275,15.185,-1.52,18.62,0.5212,1787593613231.275,False,,,5,OP1,C2_WIFI_CARGA_MEDIA,N3
,0.515,0.471,0.301,0.837,,1787593613288.612,15.535,-1.2,18.26,0.5212,1787593613288.612,False,,,5,OP1,C2_WIFI_CARGA_MEDIA,N3
,0.513,0.467,0.309,0.836,,1787593613321.433,15.815,-1.04,18.02,0.5222,1787593613323.441,False,,,5,OP1,C2_WIFI_CARGA_MEDIA,N3
,0.51,0.46,0.319,0.835,,1787593613346.8933,16.165,-0.8,17.6,0.5233,1787593613347.9514,False,,,5,OP1,C2_WIFI_CARGA_MEDIA,N3
,0.505,0.437,0.34,0.833,,1787593613379.2244,16.9,-0.4,16.22,0.5254,1787593613380.7446,False,,,5,OP1,C2_WIFI_CARGA_MEDIA,N3
,0.503,0.428,0.349,0.834,,1787593613426.3098,17.215,-0.24,15.68,0.5243,1787593613426.3098,False,,,5,OP1,C2_WIFI_CARGA_MEDIA,N3
,0.5,0.421,0.356,0.836,,1787593613451.0752,17.46,0.0,15.26,0.5222,1787593613451.0752,False,,,5,OP1,C2_WIFI_CARGA_MEDIA,N3
,0.497,0.416,0.365,0.839,,1787593613489.6228,17.775,0.24,14.96,0.5191,1787593613489.6228,False,,,5,OP1,C2_WIFI_CARGA_MEDIA,N3
,0.494,0.411,0.375,0.842,,1787593613517.5835,18.125,0.48,14.66,0.5159,1787593613518.1067,False,,,5,OP1,C2_WIFI_CARGA_MEDIA,N3
,0.492,0.408,0.387,0.844,,1787593613552.4568,18.545,0.64,14.48,0.5138,1787593613552.4568,False,,,5,OP1,C2_WIFI_CARGA_MEDIA,N3
,0.49,0.408,0.393,0.842,,1787593613591.9883,18.755,0.8,14.48,0.5159,1787593613593.0374,False,,,5,OP1,C2_WIFI_CARGA_MEDIA,N3
,0.489,0.406,0.406,0.839,,1787593613629.1997,19.21,0.88,14.36,0.5191,1787593613629.1997,False,,,5,OP1,C2_WIFI_CARGA_MEDIA,N3
,0.487,0.403,0.417,0.838,,1787593613650.811,19.595,1.04,14.18,0.5201,1787593613652.4612,False,,,5,OP1,C2_WIFI_CARGA_MEDIA,N3
,0.484,0.399,0.427,0.837,,1787593613685.5315,19.945,1.28,13.94,0.5212,1787593613685.5315,False,,,5,OP1,C2_WIFI_CARGA_MEDIA,N3
,0.474,0.384,0.46,0.838,,1787593613723.4775,21.1,2.08,13.04,0.5201,1787593613723.4775,False,,,5,OP1,C2_WIFI_CARGA_MEDIA,N3
,0.47,0.379,0.472,0.84,,1787593613749.3762,21.52,2.4,12.74,0.518,1787593613750.612,False,,,5,OP1,C2_WIFI_CARGA_MEDIA,N3
,0.468,0.374,0.48,0.841,,1787593613795.324,21.8,2.56,12.44,0.517,1787593613796.833,False,,,5,OP1,C2_WIFI_CARGA_MEDIA,N3
,0.466,0.374,0.483,0.843,,1787593613822.9714,21.905,2.72,12.44,0.5149,1787593613822.9714,False,,,5,OP1,C2_WIFI_CARGA_MEDIA,N3
,0.464,0.374,0.484,0.843,,1787593613850.7578,21.94,2.88,12.44,0.5149,1787593613852.7537,False,,,5,OP1,C2_WIFI_CARGA_MEDIA,N3
,0.46,0.374,0.484,0.844,,1787593613889.9224,21.94,3.2,12.44,0.5138,1787593613889.9224,False,,,5,OP1,C2_WIFI_CARGA_MEDIA,N3
,0.458,0.373,0.486,0.844,,1787593613930.9993,22.01,3.36,12.38,0.5138,1787593613930.9993,False,,,5,OP1,C2_WIFI_CARGA_MEDIA,N3
,0.456,0.372,0.488,0.843,,1787593613953.5083,22.08,3.52,12.32,0.5149,1787593613954.006,False,,,5,OP1,C2_WIFI_CARGA_MEDIA,N3
,0.454,0.371,0.491,0.842,,1787593613989.526,22.185,3.68,12.26,0.5159,1787593613991.5386,False,,,5,OP1,C2_WIFI_CARGA_MEDIA,N3
,0.452,0.369,0.495,0.841,,1787593614025.873,22.325,3.84,12.14,0.517,1787593614025.873,False,,,5,OP1,C2_WIFI_CARGA_MEDIA,N3
,0.451,0.367,0.498,0.841,,1787593614054.0215,22.43,3.92,12.02,0.517,1787593614054.0215,False,,,5,OP1,C2_WIFI_CARGA_MEDIA,N3
,0.451,0.367,0.498,0.841,,1787593614090.1384,22.43,3.92,12.02,0.517,1787593614090.1384,False,,,5,OP1,C2_WIFI_CARGA_MEDIA,N3
,0.452,0.367,0.498,0.841,,1787593614130.6555,22.43,3.84,12.02,0.517,1787593614131.6533,False,,,5,OP1,C2_WIFI_CARGA_MEDIA,N3
,0.452,0.367,0.497,0.84,,1787593614152.087,22.395,3.84,12.02,0.518,1787593614152.087,False,,,5,OP1,C2_WIFI_CARGA_MEDIA,N3
,0.458,0.367,0.493,0.837,,1787593614198.7114,22.255,3.36,12.02,0.5212,1787593614198.7114,False,,,5,OP1,C2_WIFI_CARGA_MEDIA,N3
,0.462,0.368,0.489,0.836,,1787593614224.921,22.115,3.04,12.08,0.5222,1787593614224.921,False,,,5,OP1,C2_WIFI_CARGA_MEDIA,N3
,0.466,0.368,0.485,0.836,,1787593614255.067,21.975,2.72,12.08,0.5222,1787593614256.067,False,,,5,OP1,C2_WIFI_CARGA_MEDIA,N3
,0.47,0.368,0.483,0.835,,1787593614296.8164,21.905,2.4,12.08,0.5233,1787593614296.8164,False,,,5,OP1,C2_WIFI_CARGA_MEDIA,N3
,0.472,0.367,0.483,0.836,,1787593614325.2834,21.905,2.24,12.02,0.5222,1787593614325.2834,False,,,5,OP1,C2_WIFI_CARGA_MEDIA,N3
,0.474,0.367,0.483,0.837,,1787593614347.0044,21.905,2.08,12.02,0.5212,1787593614353.3108,False,,,5,OP1,C2_WIFI_CARGA_MEDIA,N3
,0.478,0.368,0.484,0.841,,1787593614400.7534,21.94,1.76,12.08,0.517,1787593614400.7534,False,,,5,OP1,C2_WIFI_CARGA_MEDIA,N3
,0.48,0.368,0.483,0.843,,1787593614425.9187,21.905,1.6,12.08,0.5149,1787593614425.9187,False,,,5,OP1,C2_WIFI_CARGA_MEDIA,N3
,0.483,0.369,0.482,0.845,,1787593614455.4575,21.87,1.36,12.14,0.5128,1787593614458.0312,False,,,5,OP1,C2_WIFI_CARGA_MEDIA,N3
,0.484,0.37,0.481,0.848,,1787593614493.446,21.835,1.28,12.2,0.5096,1787593614493.446,False,,,5,OP1,C2_WIFI_CARGA_MEDIA,N3
,0.487,0.371,0.477,0.85,,1787593614547.2898,21.695,1.04,12.26,0.5075,1787593614547.2898,False,,,5,OP1,C2_WIFI_CARGA_MEDIA,N3
,0.489,0.374,0.469,0.848,,1787593614602.828,21.415,0.88,12.44,0.5096,1787593614602.828,False,,,5,OP1,C2_WIFI_CARGA_MEDIA,N3
,0.491,0.375,0.467,0.847,,1787593614630.242,21.345,0.72,12.5,0.5107,1787593614632.2527,False,,,5,OP1,C2_WIFI_CARGA_MEDIA,N3
,0.492,0.375,0.465,0.846,,1787593614655.766,21.275,0.64,12.5,0.5117,1787593614656.2866,False,,,5,OP1,C2_WIFI_CARGA_MEDIA,N3
,0.495,0.375,0.465,0.843,,1787593614696.9072,21.275,0.4,12.5,0.5149,1787593614696.9072,False,,,5,OP1,C2_WIFI_CARGA_MEDIA,N3
,0.496,0.376,0.465,0.843,,1787593614730.8967,21.275,0.32,12.56,0.5149,1787593614730.8967,False,,,5,OP1,C2_WIFI_CARGA_MEDIA,N3
,0.497,0.376,0.464,0.844,,1787593614759.0105,21.24,0.24,12.56,0.5138,1787593614760.1245,False,,,5,OP1,C2_WIFI_CARGA_MEDIA,N3
,0.498,0.377,0.462,0.845,,1787593614798.6104,21.17,0.16,12.62,0.5128,1787593614798.6104,False,,,5,OP1,C2_WIFI_CARGA_MEDIA,N3
,0.499,0.378,0.462,0.848,,1787593614847.214,21.17,0.08,12.68,0.5096,1787593614847.214,False,,,5,OP1,C2_WIFI_CARGA_MEDIA,N3
,0.5,0.38,0.46,0.851,,1787593614898.8252,21.1,0.0,12.8,0.5065,1787593614898.8252,False,,,5,OP1,C2_WIFI_CARGA_MEDIA,N3
,0.5,0.38,0.46,0.852,,1787593614927.7224,21.1,0.0,12.8,0.5054,1787593614927.7224,False,,,5,OP1,C2_WIFI_CARGA_MEDIA,N3
,0.5,0.38,0.46,0.854,,1787593614958.46,21.1,0.0,12.8,0.5033,1787593614958.46,False,,,5,OP1,C2_WIFI_CARGA_MEDIA,N3
,0.5,0.381,0.459,0.857,,1787593614991.5369,21.065,0.0,12.86,0.5002,1787593614991.5369,False,,,5,OP1,C2_WIFI_CARGA_MEDIA,N3
,0.498,0.381,0.456,0.863,,1787593615039.4917,20.96,0.16,12.86,0.4939,1787593615039.4917,False,,,5,OP1,C2_WIFI_CARGA_MEDIA,N3
,0.496,0.381,0.452,0.866,,1787593615062.9165,20.82,0.32,12.86,0.4907,1787593615064.9102,False,,,5,OP1,C2_WIFI_CARGA_MEDIA,N3
,0.494,0.382,0.448,0.868,,1787593615102.4353,20.68,0.48,12.92,0.4886,1787593615102.4353,False,,,5,OP1,C2_WIFI_CARGA_MEDIA,N3
,0.492,0.383,0.441,0.869,,1787593615131.2122,20.435,0.64,12.98,0.4876,1787593615133.224,False,,,5,OP1,C2_WIFI_CARGA_MEDIA,N3
,0.489,0.385,0.433,0.869,,1787593615160.3628,20.155,0.88,13.1,0.4876,1787593615160.3628,False,,,5,OP1,C2_WIFI_CARGA_MEDIA,N3
,0.478,0.391,0.408,0.859,,1787593615205.5034,19.28,1.76,13.46,0.4981,1787593615205.5034,False,,,5,OP1,C2_WIFI_CARGA_MEDIA,N3
,0.474,0.393,0.402,0.853,,1787593615233.6333,19.07,2.08,13.58,0.5044,1787593615233.6333,False,,,5,OP1,C2_WIFI_CARGA_MEDIA,N3
,0.47,0.395,0.398,0.847,,1787593615271.7668,18.93,2.4,13.7,0.5107,1787593615272.6233,False,,,5,OP1,C2_WIFI_CARGA_MEDIA,N3
,0.47,0.396,0.397,0.843,,1787593615299.7952,18.895,2.4,13.76,0.5149,1787593615300.334,False,,,5,OP1,C2_WIFI_CARGA_MEDIA,N3
,0.468,0.396,0.395,0.839,,1787593615327.6804,18.825,2.56,13.76,0.5191,1787593615328.6963,False,,,5,OP1,C2_WIFI_CARGA_MEDIA,N3
,0.463,0.397,0.378,0.832,,1787593615372.7915,18.23,2.96,13.82,0.5264,1787593615372.7915,False,,,5,OP1,C2_WIFI_CARGA_MEDIA,N3
,0.46,0.398,0.369,0.83,,1787593615408.5095,17.915,3.2,13.88,0.5285,1787593615408.5095,False,,,5,OP1,C2_WIFI_CARGA_MEDIA,N3
,0.457,0.398,0.361,0.829,,1787593615430.486,17.635,3.44,13.88,0.5296,1787593615431.559,False,,,5,OP1,C2_WIFI_CARGA_MEDIA,N3
,0.452,0.399,0.351,0.826,,1787593615466.917,17.285,3.84,13.94,0.5327,1787593615467.9158,False,,,5,OP1,C2_WIFI_CARGA_MEDIA,N3
,0.443,0.4,0.333,0.827,,1787593615502.2937,16.655,4.56,14.0,0.5317,1787593615502.2937,False,,,5,OP1,C2_WIFI_CARGA_MEDIA,N3
,0.436,0.402,0.324,0.829,,1787593615531.7073,16.34,5.12,14.12,0.5296,1787593615532.796,False,,,5,OP1,C2_WIFI_CARGA_MEDIA,N3
,0.432,0.404,0.315,0.83,,1787593615576.3157,16.025,5.44,14.24,0.5285,1787593615576.3157,False,,,5,OP1,C2_WIFI_CARGA_MEDIA,N3
,0.43,0.404,0.309,0.831,,1787593615706.157,15.815,5.6,14.24,0.5275,1787593615706.157,False,,,5,OP1,C2_WIFI_CARGA_MEDIA,N3
,0.423,0.413,0.264,0.827,,1787593615730.4114,14.24,6.16,14.78,0.5317,1787593615730.4114,False,,,5,OP1,C2_WIFI_CARGA_MEDIA,N3
,0.423,0.414,0.257,0.824,,1787593615772.6057,13.995,6.16,14.84,0.5348,1787593615774.6174,False,,,5,OP1,C2_WIFI_CARGA_MEDIA,N3
,0.425,0.419,0.242,0.806,,1787593615813.5496,13.47,6.0,15.14,0.5537,1787593615813.5496,False,,,5,OP1,C2_WIFI_CARGA_MEDIA,N3
,0.426,0.421,0.236,0.793,,1787593615833.642,13.26,5.92,15.26,0.5674,1787593615835.757,False,,,5,OP1,C2_WIFI_CARGA_MEDIA,N3
,0.427,0.423,0.233,0.78,,1787593615877.3235,13.155,5.84,15.38,0.581,1787593615878.8203,False,,,5,OP1,C2_WIFI_CARGA_MEDIA,N3
,0.427,0.425,0.229,0.772,,1787593615912.61,13.015,5.84,15.5,0.5894,1787593615914.407,False,,,5,OP1,C2_WIFI_CARGA_MEDIA,N3
,0.426,0.425,0.225,0.761,,1787593615961.66,12.875,5.92,15.5,0.6009,1787593615961.66,False,,,5,OP1,C2_WIFI_CARGA_MEDIA,N3
,0.427,0.425,0.225,0.757,,1787593615985.3923,12.875,5.84,15.5,0.6052,1787593615985.793,False,,,5,OP1,C2_WIFI_CARGA_MEDIA,N3
,0.427,0.425,0.223,0.753,,1787593616021.4434,12.805,5.84,15.5,0.6094,1787593616021.4434,False,,,5,OP1,C2_WIFI_CARGA_MEDIA,N3
,0.43,0.425,0.222,0.745,,1787593616067.5923,12.77,5.6,15.5,0.6178,1787593616067.5923,False,,,5,OP1,C2_WIFI_CARGA_MEDIA,N3
,0.441,0.426,0.22,0.737,,1787593616125.9912,12.7,4.72,15.56,0.6262,1787593616125.9912,False,,,5,OP1,C2_WIFI_CARGA_MEDIA,N3
,0.458,0.427,0.22,0.733,,1787593616312.6252,12.7,3.36,15.62,0.6304,1787593616312.6252,False,,,5,OP1,C2_WIFI_CARGA_MEDIA,N3
,0.479,0.433,0.221,0.799,,1787593616337.858,12.735,1.68,15.98,0.5611,1787593616338.944,False,,,5,OP1,C2_WIFI_CARGA_MEDIA,N3
,0.482,0.434,0.223,0.803,,1787593616373.0342,12.805,1.44,16.04,0.5568,1787593616374.874,False,,,5,OP1,C2_WIFI_CARGA_MEDIA,N3
,0.483,0.434,0.224,0.807,,1787593616412.8232,12.84,1.36,16.04,0.5526,1787593616412.8232,False,,,5,OP1,C2_WIFI_CARGA_MEDIA,N3
,0.486,0.433,0.223,0.815,,1787593616453.8755,12.805,1.12,15.98,0.5443,1787593616453.8755,False,,,5,OP1,C2_WIFI_CARGA_MEDIA,N3
,0.487,0.433,0.223,0.818,,1787593616484.7903,12.805,1.04,15.98,0.5411,1787593616484.7903,False,,,5,OP1,C2_WIFI_CARGA_MEDIA,N3
,0.488,0.433,0.223,0.819,,1787593616515.5894,12.805,0.96,15.98,0.5401,1787593616515.5894,False,,,5,OP1,C2_WIFI_CARGA_MEDIA,N3
,0.489,0.432,0.224,0.82,,1787593616548.1013,12.84,0.88,15.92,0.539,1787593616548.1013,False,,,5,OP1,C2_WIFI_CARGA_MEDIA,N3
,0.49,0.432,0.224,0.822,,1787593616572.5845,12.84,0.8,15.92,0.5369,1787593616575.031,False,,,5,OP1,C2_WIFI_CARGA_MEDIA,N3
,0.491,0.433,0.224,0.824,,1787593616623.531,12.84,0.72,15.98,0.5348,1787593616623.531,False,,,5,OP1,C2_WIFI_CARGA_MEDIA,N3
,0.492,0.433,0.224,0.824,,1787593616652.8936,12.84,0.64,15.98,0.5348,1787593616652.8936,False,,,5,OP1,C2_WIFI_CARGA_MEDIA,N3
,0.492,0.433,0.224,0.825,,1787593616674.5508,12.84,0.64,15.98,0.5338,1787593616675.238,False,,,5,OP1,C2_WIFI_CARGA_MEDIA,N3
,0.493,0.432,0.225,0.825,,1787593616719.0205,12.875,0.56,15.92,0.5338,1787593616719.0205,False,,,5,OP1,C2_WIFI_CARGA_MEDIA,N3
,0.494,0.432,0.224,0.826,,1787593616747.349,12.84,0.48,15.92,0.5327,1787593616747.349,False,,,5,OP1,C2_WIFI_CARGA_MEDIA,N3
,0.498,0.431,0.226,0.826,,1787593616797.2388,12.91,0.16,15.86,0.5327,1787593616803.0903,False,,,5,OP1,C2_WIFI_CARGA_MEDIA,N3
,0.501,0.431,0.228,0.827,,1787593616820.073,12.98,-0.08,15.86,0.5317,1787593616820.073,False,,,5,OP1,C2_WIFI_CARGA_MEDIA,N3
,0.503,0.43,0.229,0.829,,1787593616852.81,13.015,-0.24,15.8,0.5296,1787593616852.81,False,,,5,OP1,C2_WIFI_CARGA_MEDIA,N3
,0.504,0.43,0.23,0.831,,1787593616876.531,13.05,-0.32,15.8,0.5275,1787593616876.531,False,,,5,OP1,C2_WIFI_CARGA_MEDIA,N3
,0.504,0.43,0.231,0.833,,1787593616913.401,13.085,-0.32,15.8,0.5254,1787593616915.4282,False,,,5,OP1,C2_WIFI_CARGA_MEDIA,N3
,0.506,0.429,0.235,0.835,,1787593616954.829,13.225,-0.48,15.74,0.5233,1787593616954.829,False,,,5,OP1,C2_WIFI_CARGA_MEDIA,N3
,0.506,0.429,0.237,0.835,,1787593616977.47,13.295,-0.48,15.74,0.5233,1787593616979.467,False,,,5,OP1,C2_WIFI_CARGA_MEDIA,N3
,0.507,0.428,0.238,0.835,,1787593617022.496,13.33,-0.56,15.68,0.5233,1787593617022.496,False,,,5,OP1,C2_WIFI_CARGA_MEDIA,N3
,0.507,0.428,0.239,0.835,,1787593617053.3115,13.365,-0.56,15.68,0.5233,1787593617053.3115,False,,,5,OP1,C2_WIFI_CARGA_MEDIA,N3
,0.507,0.427,0.24,0.836,,1787593617077.2654,13.4,-0.56,15.62,0.5222,1787593617078.2622,False,,,5,OP1,C2_WIFI_CARGA_MEDIA,N3
,0.508,0.426,0.241,0.837,,1787593617106.587,13.435,-0.64,15.56,0.5212,1787593617109.001,False,,,5,OP1,C2_WIFI_CARGA_MEDIA,N3
,0.509,0.425,0.245,0.84,,1787593617155.4873,13.575,-0.72,15.5,0.518,1787593617155.4873,False,,,5,OP1,C2_WIFI_CARGA_MEDIA,N3
,0.509,0.424,0.249,0.842,,1787593617179.2856,13.715,-0.72,15.44,0.5159,1787593617180.016,False,,,5,OP1,C2_WIFI_CARGA_MEDIA,N3
,0.509,0.424,0.252,0.844,,1787593617219.999,13.82,-0.72,15.44,0.5138,1787593617221.0066,False,,,5,OP1,C2_WIFI_CARGA_MEDIA,N3
,0.508,0.423,0.254,0.847,,1787593617247.5164,13.89,-0.64,15.38,0.5107,1787593617249.527,False,,,5,OP1,C2_WIFI_CARGA_MEDIA,N3
,0.508,0.422,0.257,0.849,,1787593617379.5562,13.995,-0.64,15.32,0.5086,1787593617379.5562,False,,,5,OP1,C2_WIFI_CARGA_MEDIA,N3
,0.501,0.412,0.273,0.849,,1787593617497.2258,14.555,-0.08,14.72,0.5086,1787593617497.2258,False,,,5,OP1,C2_WIFI_CARGA_MEDIA,N3
,0.492,0.404,0.286,0.843,,1787593617526.3557,15.01,0.64,14.24,0.5149,1787593617526.3557,False,,,5,OP1,C2_WIFI_CARGA_MEDIA,N3
,0.491,0.402,0.289,0.84,,1787593617554.3127,15.115,0.72,14.12,0.518,1787593617554.3127,False,,,5,OP1,C2_WIFI_CARGA_MEDIA,N3
,0.489,0.401,0.291,0.836,,1787593617580.5305,15.185,0.88,14.06,0.5222,1787593617580.5305,False,,,5,OP1,C2_WIFI_CARGA_MEDIA,N3
,0.486,0.399,0.302,0.827,,1787593617626.2527,15.57,1.12,13.94,0.5317,1787593617626.2527,False,,,5,OP1,C2_WIFI_CARGA_MEDIA,N3
,0.485,0.398,0.306,0.827,,1787593617659.796,15.71,1.2,13.88,0.5317,1787593617659.796,False,,,5,OP1,C2_WIFI_CARGA_MEDIA,N3
,0.483,0.396,0.311,0.829,,1787593617683.7363,15.885,1.36,13.76,0.5296,1787593617683.7363,False,,,5,OP1,C2_WIFI_CARGA_MEDIA,N3
,0.482,0.394,0.319,0.831,,1787593617722.267,16.165,1.44,13.64,0.5275,1787593617722.267,False,,,5,OP1,C2_WIFI_CARGA_MEDIA,N3
,0.482,0.394,0.32,0.835,,1787593617886.8433,16.2,1.44,13.64,0.5233,1787593617888.8582,False,,,5,OP1,C2_WIFI_CARGA_MEDIA,N3
,0.482,0.391,0.325,0.833,,1787593617916.1274,16.375,1.44,13.46,0.5254,1787593617917.0876,False,,,5,OP1,C2_WIFI_CARGA_MEDIA,N3
,0.483,0.391,0.327,0.843,,1787593617963.0515,16.445,1.36,13.46,0.5149,1787593617963.0515,False,,,5,OP1,C2_WIFI_CARGA_MEDIA,N3
,0.484,0.391,0.327,0.857,,1787593617985.4822,16.445,1.28,13.46,0.5002,1787593617987.6162,False,,,5,OP1,C2_WIFI_CARGA_MEDIA,N3
,0.484,0.391,0.326,0.911,,1787593618027.2832,16.41,1.28,13.46,0.4435,1787593618027.2832,False,,,5,OP1,C2_WIFI_CARGA_MEDIA,N3
,0.484,0.391,0.325,1.0,,1787593618223.0654,16.375,1.28,13.46,0.35,1787593618223.0654,False,,,5,OP1,C2_WIFI_CARGA_MEDIA,N3
,0.489,0.393,0.311,1.0,,1787593618264.8665,15.885,0.88,13.58,0.35,1787593618264.8665,False,,,5,OP1,C2_WIFI_CARGA_MEDIA,N3
,0.49,0.394,0.309,1.0,,1787593618286.4478,15.815,0.8,13.64,0.35,1787593618287.563,False,,,5,OP1,C2_WIFI_CARGA_MEDIA,N3
,0.491,0.395,0.307,1.0,,1787593618330.35,15.745,0.72,13.7,0.35,1787593618330.35,False,,,5,OP1,C2_WIFI_CARGA_MEDIA,N3
,0.492,0.396,0.305,1.0,,1787593618385.2517,15.675,0.64,13.76,0.35,1787593618387.2627,False,,,5,OP1,C2_WIFI_CARGA_MEDIA,N3
,0.494,0.397,0.305,1.0,,1787593618406.9165,15.675,0.48,13.82,0.35,1787593618408.9216,False,,,5,OP1,C2_WIFI_CARGA_MEDIA,N3
,0.494,0.396,0.305,1.0,,1787593618434.1145,15.675,0.48,13.76,0.35,1787593618434.1145,False,,,5,OP1,C2_WIFI_CARGA_MEDIA,N3
,0.495,0.396,0.305,1.0,,1787593618464.7903,15.675,0.4,13.76,0.35,1787593618464.7903,False,,,5,OP1,C2_WIFI_CARGA_MEDIA,N3
,0.495,0.397,0.304,1.0,,1787593618606.0178,15.64,0.4,13.82,0.35,1787593618606.0178,False,,,5,OP1,C2_WIFI_CARGA_MEDIA,N3
,0.496,0.397,0.302,1.0,,1787593618667.3508,15.57,0.32,13.82,0.35,1787593618669.3596,False,,,5,OP1,C2_WIFI_CARGA_MEDIA,N3
,0.496,0.397,0.302,1.0,,1787593618689.173,15.57,0.32,13.82,0.35,1787593618689.173,False,,,5,OP1,C2_WIFI_CARGA_MEDIA,N3
,0.496,0.397,0.302,1.0,,1787593618725.036,15.57,0.32,13.82,0.35,1787593618725.036,False,,,5,OP1,C2_WIFI_CARGA_MEDIA,N3
,0.496,0.397,0.303,1.0,,1787593618770.428,15.605,0.32,13.82,0.35,1787593618770.428,False,,,5,OP1,C2_WIFI_CARGA_MEDIA,N3
,0.496,0.397,0.303,1.0,,1787593618791.3413,15.605,0.32,13.82,0.35,1787593618791.3413,False,,,5,OP1,C2_WIFI_CARGA_MEDIA,N3
,0.496,0.397,0.303,1.0,,1787593618835.2544,15.605,0.32,13.82,0.35,1787593618835.2544,False,,,5,OP1,C2_WIFI_CARGA_MEDIA,N3
,0.495,0.397,0.305,1.0,,1787593618861.0437,15.675,0.4,13.82,0.35,1787593618861.0437,False,,,5,OP1,C2_WIFI_CARGA_MEDIA,N3
,0.495,0.396,0.308,1.0,,1787593618891.206,15.78,0.4,13.76,0.35,1787593618891.206,False,,,5,OP1,C2_WIFI_CARGA_MEDIA,N3
,0.495,0.396,0.31,1.0,,1787593618942.275,15.85,0.4,13.76,0.35,1787593618942.275,False,,,5,OP1,C2_WIFI_CARGA_MEDIA,N3
,0.495,0.396,0.311,1.0,,1787593618970.4722,15.885,0.4,13.76,0.35,1787593618970.4722,False,,,5,OP1,C2_WIFI_CARGA_MEDIA,N3
,0.495,0.397,0.311,1.0,,1787593618992.3032,15.885,0.4,13.82,0.35,1787593618993.6167,False,,,5,OP1,C2_WIFI_CARGA_MEDIA,N3
,0.495,0.397,0.31,1.0,,1787593619031.55,15.85,0.4,13.82,0.35,1787593619031.55,False,,,5,OP1,C2_WIFI_CARGA_MEDIA,N3
,0.495,0.397,0.31,1.0,,1787593619070.3516,15.85,0.4,13.82,0.35,1787593619070.3516,False,,,5,OP1,C2_WIFI_CARGA_MEDIA,N3
,0.494,0.396,0.31,1.0,,1787593619091.5486,15.85,0.48,13.76,0.35,1787593619093.4028,False,,,5,OP1,C2_WIFI_CARGA_MEDIA,N3
,0.495,0.396,0.31,1.0,,1787593619130.3184,15.85,0.4,13.76,0.35,1787593619130.3184,False,,,5,OP1,C2_WIFI_CARGA_MEDIA,N3
,0.496,0.395,0.312,1.0,,1787593619193.3206,15.92,0.32,13.7,0.35,1787593619193.3206,False,,,5,OP1,C2_WIFI_CARGA_MEDIA,N3
,0.498,0.396,0.315,1.0,,1787593619221.7896,16.025,0.16,13.76,0.35,1787593619226.1487,False,,,5,OP1,C2_WIFI_CARGA_MEDIA,N3
,0.501,0.396,0.318,1.0,,1787593619276.0117,16.13,-0.08,13.76,0.35,1787593619276.0117,False,,,5,OP1,C2_WIFI_CARGA_MEDIA,N3
,0.502,0.396,0.319,1.0,,1787593619297.0586,16.165,-0.16,13.76,0.35,1787593619297.848,False,,,5,OP1,C2_WIFI_CARGA_MEDIA,N3
,0.504,0.396,0.32,1.0,,1787593619332.4136,16.2,-0.32,13.76,0.35,1787593619332.4136,False,,,5,OP1,C2_WIFI_CARGA_MEDIA,N3
,0.505,0.394,0.32,1.0,,1787593619378.8418,16.2,-0.4,13.64,0.35,1787593619394.7583,False,,,5,OP1,C2_WIFI_CARGA_MEDIA,N3
,0.506,0.394,0.32,1.0,,1787593619436.931,16.2,-0.48,13.64,0.35,1787593619436.931,False,,,5,OP1,C2_WIFI_CARGA_MEDIA,N3
,0.506,0.394,0.319,1.0,,1787593619466.6682,16.165,-0.48,13.64,0.35,1787593619466.6682,False,,,5,OP1,C2_WIFI_CARGA_MEDIA,N3
,0.506,0.394,0.319,1.0,,1787593619495.4065,16.165,-0.48,13.64,0.35,1787593619496.921,False,,,5,OP1,C2_WIFI_CARGA_MEDIA,N3
,0.507,0.394,0.32,1.0,,1787593619532.6013,16.2,-0.56,13.64,0.35,1787593619532.6013,False,,,5,OP1,C2_WIFI_CARGA_MEDIA,N3
,0.508,0.395,0.321,1.0,,1787593619568.9636,16.235,-0.64,13.7,0.35,1787593619568.9636,False,,,5,OP1,C2_WIFI_CARGA_MEDIA,N3
,0.508,0.395,0.321,1.0,,1787593619721.397,16.235,-0.64,13.7,0.35,1787593619728.7705,False,,,5,OP1,C2_WIFI_CARGA_MEDIA,N3
,0.513,0.395,0.322,1.0,,1787593619779.2869,16.27,-1.04,13.7,0.35,1787593619779.2869,False,,,5,OP1,C2_WIFI_CARGA_MEDIA,N3
,0.513,0.396,0.321,1.0,,1787593619801.646,16.235,-1.04,13.76,0.35,1787593619803.658,False,,,5,OP1,C2_WIFI_CARGA_MEDIA,N3
,0.513,0.396,0.319,1.0,,1787593619838.1626,16.165,-1.04,13.76,0.35,1787593619838.1626,False,,,5,OP1,C2_WIFI_CARGA_MEDIA,N3
,0.514,0.397,0.314,1.0,,1787593619869.6333,15.99,-1.12,13.82,0.35,1787593619869.6333,False,,,5,OP1,C2_WIFI_CARGA_MEDIA,N3
,0.515,0.398,0.313,1.0,,1787593619898.733,15.955,-1.2,13.88,0.35,1787593619899.8062,False,,,5,OP1,C2_WIFI_CARGA_MEDIA,N3
,0.515,0.397,0.312,1.0,,1787593619943.4268,15.92,-1.2,13.82,0.35,1787593619943.9143,False,,,5,OP1,C2_WIFI_CARGA_MEDIA,N3
,0.515,0.397,0.312,1.0,,1787593619977.433,15.92,-1.2,13.82,0.35,1787593619977.433,False,,,5,OP1,C2_WIFI_CARGA_MEDIA,N3
,0.515,0.397,0.314,1.0,,1787593620002.2734,15.99,-1.2,13.82,0.35,1787593620004.2593,False,,,5,OP1,C2_WIFI_CARGA_MEDIA,N3
,0.515,0.396,0.315,1.0,,1787593620031.9265,16.025,-1.2,13.76,0.35,1787593620031.9265,False,,,5,OP1,C2_WIFI_CARGA_MEDIA,N3
,0.515,0.394,0.326,1.0,,1787593620070.828,16.41,-1.2,13.64,0.35,1787593620070.828,False,,,5,OP1,C2_WIFI_CARGA_MEDIA,N3
,0.516,0.392,0.337,1.0,,1787593620100.6853,16.795,-1.28,13.52,0.35,1787593620102.016,False,,,5,OP1,C2_WIFI_CARGA_MEDIA,N3
,0.517,0.391,0.338,1.0,,1787593620143.0054,16.83,-1.36,13.46,0.35,1787593620145.0186,False,,,5,OP1,C2_WIFI_CARGA_MEDIA,N3
,0.519,0.391,0.34,1.0,,1787593620184.4417,16.9,-1.52,13.46,0.35,1787593620184.4417,False,,,5,OP1,C2_WIFI_CARGA_MEDIA,N3
,0.519,0.393,0.339,1.0,,1787593620223.1873,16.865,-1.52,13.58,0.35,1787593620223.1873,False,,,5,OP1,C2_WIFI_CARGA_MEDIA,N3
,0.519,0.395,0.338,1.0,,1787593620246.8333,16.83,-1.52,13.7,0.35,1787593620246.8333,False,,,5,OP1,C2_WIFI_CARGA_MEDIA,N3
,0.519,0.397,0.337,1.0,,1787593620282.1372,16.795,-1.52,13.82,0.35,1787593620282.1372,False,,,5,OP1,C2_WIFI_CARGA_MEDIA,N3
,0.517,0.398,0.337,1.0,,1787593620303.9866,16.795,-1.36,13.88,0.35,1787593620303.9866,False,,,5,OP1,C2_WIFI_CARGA_MEDIA,N3
,0.516,0.398,0.336,1.0,,1787593620340.1353,16.76,-1.28,13.88,0.35,1787593620342.1453,False,,,5,OP1,C2_WIFI_CARGA_MEDIA,N3
,0.515,0.398,0.334,1.0,,1787593620381.8647,16.69,-1.2,13.88,0.35,1787593620381.8647,False,,,5,OP1,C2_WIFI_CARGA_MEDIA,N3
,0.514,0.397,0.334,1.0,,1787593620402.834,16.69,-1.12,13.82,0.35,1787593620403.959,False,,,5,OP1,C2_WIFI_CARGA_MEDIA,N3
,0.514,0.397,0.334,1.0,,1787593620448.7493,16.69,-1.12,13.82,0.35,1787593620448.7493,False,,,5,OP1,C2_WIFI_CARGA_MEDIA,N3
,0.513,0.398,0.334,1.0,,1787593620478.0874,16.69,-1.04,13.88,0.35,1787593620479.0876,False,,,5,OP1,C2_WIFI_CARGA_MEDIA,N3
,0.513,0.398,0.335,1.0,,1787593620501.8655,16.725,-1.04,13.88,0.35,1787593620503.6172,False,,,5,OP1,C2_WIFI_CARGA_MEDIA,N3
,0.512,0.398,0.335,1.0,,1787593620524.39,16.725,-0.96,13.88,0.35,1787593620524.39,False,,,5,OP1,C2_WIFI_CARGA_MEDIA,N3
,0.511,0.397,0.336,1.0,,1787593620582.3447,16.76,-0.88,13.82,0.35,1787593620582.3447,False,,,5,OP1,C2_WIFI_CARGA_MEDIA,N3
,0.511,0.397,0.336,1.0,,1787593620606.2566,16.76,-0.88,13.82,0.35,1787593620606.2566,False,,,5,OP1,C2_WIFI_CARGA_MEDIA,N3
,0.51,0.396,0.338,1.0,,1787593620643.7517,16.83,-0.8,13.76,0.35,1787593620643.7517,False,,,5,OP1,C2_WIFI_CARGA_MEDIA,N3
,0.509,0.395,0.34,1.0,,1787593620807.1123,16.9,-0.72,13.7,0.35,1787593620808.3015,False,,,5,OP1,C2_WIFI_CARGA_MEDIA,N3
,0.507,0.393,0.345,1.0,,1787593620840.739,17.075,-0.56,13.58,0.35,1787593620840.739,False,,,5,OP1,C2_WIFI_CARGA_MEDIA,N3
,0.507,0.392,0.346,1.0,,1787593620885.692,17.11,-0.56,13.52,0.35,1787593620885.692,False,,,5,OP1,C2_WIFI_CARGA_MEDIA,N3
,0.507,0.392,0.346,1.0,,1787593620917.6577,17.11,-0.56,13.52,0.35,1787593620917.6577,False,,,5,OP1,C2_WIFI_CARGA_MEDIA,N3
,0.507,0.392,0.346,1.0,,1787593620941.4475,17.11,-0.56,13.52,0.35,1787593620943.4426,False,,,5,OP1,C2_WIFI_CARGA_MEDIA,N3
,0.506,0.391,0.347,1.0,,1787593620978.214,17.145,-0.48,13.46,0.35,1787593620978.214,False,,,5,OP1,C2_WIFI_CARGA_MEDIA,N3
,0.504,0.39,0.35,1.0,,1787593621034.895,17.25,-0.32,13.4,0.35,1787593621036.9573,False,,,5,OP1,C2_WIFI_CARGA_MEDIA,N3
,0.503,0.387,0.353,1.0,,1787593621087.0112,17.355,-0.24,13.22,0.35,1787593621087.0112,False,,,5,OP1,C2_WIFI_CARGA_MEDIA,N3
,0.503,0.386,0.356,1.0,,1787593621117.134,17.46,-0.24,13.16,0.35,1787593621119.1396,False,,,5,OP1,C2_WIFI_CARGA_MEDIA,N3
,0.503,0.385,0.358,1.0,,1787593621141.5437,17.53,-0.24,13.1,0.35,1787593621142.6628,False,,,5,OP1,C2_WIFI_CARGA_MEDIA,N3
,0.502,0.385,0.359,1.0,,1787593621175.453,17.565,-0.16,13.1,0.35,1787593621175.9614,False,,,5,OP1,C2_WIFI_CARGA_MEDIA,N3
,0.502,0.384,0.361,1.0,,1787593621218.5496,17.635,-0.16,13.04,0.35,1787593621218.5496,False,,,5,OP1,C2_WIFI_CARGA_MEDIA,N3
,0.502,0.383,0.362,1.0,,1787593621243.1035,17.67,-0.16,12.98,0.35,1787593621244.1184,False,,,5,OP1,C2_WIFI_CARGA_MEDIA,N3
,0.503,0.383,0.363,1.0,,1787593621284.3235,17.705,-0.24,12.98,0.35,1787593621286.3298,False,,,5,OP1,C2_WIFI_CARGA_MEDIA,N3
,0.502,0.382,0.363,1.0,,1787593621313.6853,17.705,-0.16,12.92,0.35,1787593621313.6853,False,,,5,OP1,C2_WIFI_CARGA_MEDIA,N3
,0.502,0.381,0.363,1.0,,1787593621344.4468,17.705,-0.16,12.86,0.35,1787593621345.325,False,,,5,OP1,C2_WIFI_CARGA_MEDIA,N3
,0.502,0.381,0.362,1.0,,1787593621388.7349,17.67,-0.16,12.86,0.35,1787593621388.7349,False,,,5,OP1,C2_WIFI_CARGA_MEDIA,N3
,0.501,0.381,0.363,1.0,,1787593621423.342,17.705,-0.08,12.86,0.35,1787593621423.342,False,,,5,OP1,C2_WIFI_CARGA_MEDIA,N3
,0.5,0.38,0.363,1.0,,1787593621445.3716,17.705,0.0,12.8,0.35,1787593621446.9807,False,,,5,OP1,C2_WIFI_CARGA_MEDIA,N3
,0.499,0.38,0.364,1.0,,1787593621481.438,17.74,0.08,12.8,0.35,1787593621481.438,False,,,5,OP1,C2_WIFI_CARGA_MEDIA,N3
,0.499,0.38,0.366,1.0,,1787593621523.5615,17.81,0.08,12.8,0.35,1787593621523.5615,False,,,5,OP1,C2_WIFI_CARGA_MEDIA,N3
,0.499,0.38,0.368,1.0,,1787593621557.3513,17.88,0.08,12.8,0.35,1787593621558.3755,False,,,5,OP1,C2_WIFI_CARGA_MEDIA,N3
,0.5,0.381,0.367,1.0,,1787593621583.5747,17.845,0.0,12.86,0.35,1787593621583.5747,False,,,5,OP1,C2_WIFI_CARGA_MEDIA,N3
,0.5,0.381,0.367,1.0,,1787593621645.7112,17.845,0.0,12.86,0.35,1787593621645.7112,False,,,5,OP1,C2_WIFI_CARGA_MEDIA,N3
,0.501,0.381,0.366,1.0,,1787593621672.3953,17.81,-0.08,12.86,0.35,1787593621677.6462,False,,,5,OP1,C2_WIFI_CARGA_MEDIA,N3
,0.501,0.381,0.367,1.0,,1787593621726.5315,17.845,-0.08,12.86,0.35,1787593621726.5315,False,,,5,OP1,C2_WIFI_CARGA_MEDIA,N3
,0.501,0.381,0.366,1.0,,1787593621747.5703,17.81,-0.08,12.86,0.35,1787593621747.5703,False,,,5,OP1,C2_WIFI_CARGA_MEDIA,N3
,0.502,0.381,0.366,1.0,,1787593621787.7632,17.81,-0.16,12.86,0.35,1787593621787.7632,False,,,5,OP1,C2_WIFI_CARGA_MEDIA,N3
,0.503,0.381,0.364,1.0,,1787593621830.9343,17.74,-0.24,12.86,0.35,1787593621844.8914,False,,,5,OP1,C2_WIFI_CARGA_MEDIA,N3
,0.503,0.381,0.362,1.0,,1787593621894.837,17.67,-0.24,12.86,0.35,1787593621894.837,False,,,5,OP1,C2_WIFI_CARGA_MEDIA,N3
,0.503,0.382,0.361,1.0,,1787593621926.858,17.635,-0.24,12.92,0.35,1787593621926.858,False,,,5,OP1,C2_WIFI_CARGA_MEDIA,N3
,0.503,0.382,0.36,1.0,,1787593621949.3708,17.6,-0.24,12.92,0.35,1787593621949.3708,False,,,5,OP1,C2_WIFI_CARGA_MEDIA,N3
,0.504,0.382,0.36,1.0,,1787593621982.135,17.6,-0.32,12.92,0.35,1787593621984.031,False,,,5,OP1,C2_WIFI_CARGA_MEDIA,N3
,0.504,0.382,0.358,1.0,,1787593622027.2004,17.53,-0.32,12.92,0.35,1787593622027.2004,False,,,5,OP1,C2_WIFI_CARGA_MEDIA,N3
,0.504,0.382,0.358,1.0,,1787593622050.033,17.53,-0.32,12.92,0.35,1787593622051.3738,False,,,5,OP1,C2_WIFI_CARGA_MEDIA,N3
,0.504,0.382,0.358,1.0,,1787593622094.5854,17.53,-0.32,12.92,0.35,1787593622095.483,False,,,5,OP1,C2_WIFI_CARGA_MEDIA,N3
,0.504,0.382,0.357,1.0,,1787593622119.3157,17.495,-0.32,12.92,0.35,1787593622121.327,False,,,5,OP1,C2_WIFI_CARGA_MEDIA,N3
,0.503,0.382,0.356,1.0,,1787593622146.9167,17.46,-0.24,12.92,0.35,1787593622148.9275,False,,,5,OP1,C2_WIFI_CARGA_MEDIA,N3
,0.502,0.382,0.355,1.0,,1787593622195.0437,17.425,-0.16,12.92,0.35,1787593622197.5525,False,,,5,OP1,C2_WIFI_CARGA_MEDIA,N3
,0.502,0.382,0.356,1.0,,1787593622227.4617,17.46,-0.16,12.92,0.35,1787593622227.4617,False,,,5,OP1,C2_WIFI_CARGA_MEDIA,N3
,0.502,0.382,0.356,1.0,,1787593622253.8562,17.46,-0.16,12.92,0.35,1787593622253.8562,False,,,5,OP1,C2_WIFI_CARGA_MEDIA,N3
,0.503,0.382,0.356,1.0,,1787593622288.7114,17.46,-0.24,12.92,0.35,1787593622288.7114,False,,,5,OP1,C2_WIFI_CARGA_MEDIA,N3
,0.504,0.382,0.357,1.0,,1787593622329.6628,17.495,-0.32,12.92,0.35,1787593622329.6628,False,,,5,OP1,C2_WIFI_CARGA_MEDIA,N3
,0.505,0.383,0.357,1.0,,1787593622353.114,17.495,-0.4,12.98,0.35,1787593622353.114,False,,,5,OP1,C2_WIFI_CARGA_MEDIA,N3
,0.505,0.383,0.356,1.0,,1787593622396.8572,17.46,-0.4,12.98,0.35,1787593622396.8572,False,,,5,OP1,C2_WIFI_CARGA_MEDIA,N3
,0.505,0.384,0.355,1.0,,1787593622426.1914,17.425,-0.4,13.04,0.35,1787593622427.7014,False,,,5,OP1,C2_WIFI_CARGA_MEDIA,N3
,0.505,0.384,0.355,1.0,,1787593622455.4229,17.425,-0.4,13.04,0.35,1787593622455.4229,False,,,5,OP1,C2_WIFI_CARGA_MEDIA,N3
,0.505,0.384,0.353,1.0,,1787593622497.1553,17.355,-0.4,13.04,0.35,1787593622497.1553,False,,,5,OP1,C2_WIFI_CARGA_MEDIA,N3
,0.505,0.384,0.354,1.0,,1787593622531.8772,17.39,-0.4,13.04,0.35,1787593622531.8772,False,,,5,OP1,C2_WIFI_CARGA_MEDIA,N3
,0.505,0.384,0.355,1.0,,1787593622553.838,17.425,-0.4,13.04,0.35,1787593622555.079,False,,,5,OP1,C2_WIFI_CARGA_MEDIA,N3
,0.505,0.384,0.355,1.0,,1787593622575.0117,17.425,-0.4,13.04,0.35,1787593622575.0117,False,,,5,OP1,C2_WIFI_CARGA_MEDIA,N3
,0.505,0.384,0.356,1.0,,1787593622605.506,17.46,-0.4,13.04,0.35,1787593622606.2852,False,,,5,OP1,C2_WIFI_CARGA_MEDIA,N3
,0.505,0.385,0.355,1.0,,1787593622646.992,17.425,-0.4,13.1,0.35,1787593622651.709,False,,,5,OP1,C2_WIFI_CARGA_MEDIA,N3
,0.504,0.385,0.354,1.0,,1787593622696.8506,17.39,-0.32,13.1,0.35,1787593622696.8506,False,,,5,OP1,C2_WIFI_CARGA_MEDIA,N3
,0.504,0.386,0.354,1.0,,1787593622732.1226,17.39,-0.32,13.16,0.35,1787593622732.1226,False,,,5,OP1,C2_WIFI_CARGA_MEDIA,N3
,0.504,0.386,0.354,1.0,,1787593622754.3213,17.39,-0.32,13.16,0.35,1787593622755.3865,False,,,5,OP1,C2_WIFI_CARGA_MEDIA,N3
,0.504,0.386,0.353,1.0,,1787593622787.1467,17.355,-0.32,13.16,0.35,1787593622790.006,False,,,5,OP1,C2_WIFI_CARGA_MEDIA,N3
,0.504,0.386,0.351,1.0,,1787593622830.3447,17.285,-0.32,13.16,0.35,1787593622830.3447,False,,,5,OP1,C2_WIFI_CARGA_MEDIA,N3
,0.504,0.387,0.351,1.0,,1787593622857.0212,17.285,-0.32,13.22,0.35,1787593622857.69,False,,,5,OP1,C2_WIFI_CARGA_MEDIA,N3
,0.504,0.387,0.35,1.0,,1787593622900.6943,17.25,-0.32,13.22,0.35,1787593622900.6943,False,,,5,OP1,C2_WIFI_CARGA_MEDIA,N3
,0.504,0.387,0.35,1.0,,1787593622928.2922,17.25,-0.32,13.22,0.35,1787593622930.3,False,,,5,OP1,C2_WIFI_CARGA_MEDIA,N3
,0.504,0.386,0.351,1.0,,1787593622955.2158,17.285,-0.32,13.16,0.35,1787593622956.6091,False,,,5,OP1,C2_WIFI_CARGA_MEDIA,N3
,0.504,0.386,0.351,1.0,,1787593622997.4443,17.285,-0.32,13.16,0.35,1787593622997.4443,False,,,5,OP1,C2_WIFI_CARGA_MEDIA,N3
,0.504,0.386,0.35,1.0,,1787593623034.4077,17.25,-0.32,13.16,0.35,1787593623034.4077,False,,,5,OP1,C2_WIFI_CARGA_MEDIA,N3
,0.504,0.386,0.35,1.0,,1787593623204.0325,17.25,-0.32,13.16,0.35,1787593623206.7986,False,,,5,OP1,C2_WIFI_CARGA_MEDIA,N3
,0.505,0.385,0.351,1.0,,1787593623232.6511,17.285,-0.4,13.1,0.35,1787593623232.6511,False,,,5,OP1,C2_WIFI_CARGA_MEDIA,N3
,0.505,0.385,0.351,1.0,,1787593623257.9883,17.285,-0.4,13.1,0.35,1787593623259.973,False,,,5,OP1,C2_WIFI_CARGA_MEDIA,N3
,0.505,0.386,0.351,1.0,,1787593623294.1914,17.285,-0.4,13.16,0.35,1787593623295.176,False,,,5,OP1,C2_WIFI_CARGA_MEDIA,N3
,0.505,0.386,0.35,1.0,,1787593623337.861,17.25,-0.4,13.16,0.35,1787593623339.5027,False,,,5,OP1,C2_WIFI_CARGA_MEDIA,N3
,0.505,0.386,0.349,1.0,,1787593623370.432,17.215,-0.4,13.16,0.35,1787593623370.432,False,,,5,OP1,C2_WIFI_CARGA_MEDIA,N3
,0.505,0.386,0.348,1.0,,1787593623395.25,17.18,-0.4,13.16,0.35,1787593623396.7646,False,,,5,OP1,C2_WIFI_CARGA_MEDIA,N3
,0.505,0.386,0.348,1.0,,1787593623431.0762,17.18,-0.4,13.16,0.35,1787593623431.0762,False,,,5,OP1,C2_WIFI_CARGA_MEDIA,N3
,0.505,0.386,0.349,1.0,,1787593623473.0142,17.215,-0.4,13.16,0.35,1787593623473.0142,False,,,5,OP1,C2_WIFI_CARGA_MEDIA,N3
,0.505,0.386,0.349,1.0,,1787593623494.1978,17.215,-0.4,13.16,0.35,1787593623495.323,False,,,5,OP1,C2_WIFI_CARGA_MEDIA,N3
,0.505,0.385,0.35,1.0,,1787593623526.8496,17.25,-0.4,13.1,0.35,1787593623528.827,False,,,5,OP1,C2_WIFI_CARGA_MEDIA,N3
,0.505,0.385,0.351,1.0,,1787593623567.6362,17.285,-0.4,13.1,0.35,1787593623569.6443,False,,,5,OP1,C2_WIFI_CARGA_MEDIA,N3
,0.505,0.386,0.351,1.0,,1787593623625.427,17.285,-0.4,13.16,0.35,1787593623625.427,False,,,5,OP1,C2_WIFI_CARGA_MEDIA,N3
,0.505,0.385,0.35,1.0,,1787593623669.3127,17.25,-0.4,13.1,0.35,1787593623669.3127,False,,,5,OP1,C2_WIFI_CARGA_MEDIA,N3
,0.505,0.385,0.349,1.0,,1787593623703.0935,17.215,-0.4,13.1,0.35,1787593623703.0935,False,,,5,OP1,C2_WIFI_CARGA_MEDIA,N3
,0.506,0.386,0.349,1.0,,1787593623763.9844,17.215,-0.48,13.16,0.35,1787593623764.694,False,,,5,OP1,C2_WIFI_CARGA_MEDIA,N3
,0.506,0.387,0.35,1.0,,1787593623807.8867,17.25,-0.48,13.22,0.35,1787593623807.8867,False,,,5,OP1,C2_WIFI_CARGA_MEDIA,N3
,0.506,0.387,0.35,1.0,,1787593623841.668,17.25,-0.48,13.22,0.35,1787593623841.668,False,,,5,OP1,C2_WIFI_CARGA_MEDIA,N3
,0.506,0.387,0.35,1.0,,1787593623864.264,17.25,-0.48,13.22,0.35,1787593623865.4294,False,,,5,OP1,C2_WIFI_CARGA_MEDIA,N3
,0.506,0.388,0.349,1.0,,1787593623902.9463,17.215,-0.48,13.28,0.35,1787593623902.9463,False,,,5,OP1,C2_WIFI_CARGA_MEDIA,N3
,0.505,0.389,0.346,1.0,,1787593623941.0508,17.11,-0.4,13.34,0.35,1787593623941.0508,False,,,5,OP1,C2_WIFI_CARGA_MEDIA,N3
,0.505,0.389,0.347,1.0,,1787593623973.0325,17.145,-0.4,13.34,0.35,1787593623973.0325,False,,,5,OP1,C2_WIFI_CARGA_MEDIA,N3
,0.506,0.389,0.347,1.0,,1787593623998.0334,17.145,-0.48,13.34,0.35,1787593623998.689,False,,,5,OP1,C2_WIFI_CARGA_MEDIA,N3
,0.506,0.389,0.348,1.0,,1787593624040.704,17.18,-0.48,13.34,0.35,1787593624040.704,False,,,5,OP1,C2_WIFI_CARGA_MEDIA,N3
,0.506,0.389,0.347,1.0,,1787593624065.27,17.145,-0.48,13.34,0.35,1787593624066.2712,False,,,5,OP1,C2_WIFI_CARGA_MEDIA,N3
,0.506,0.388,0.347,1.0,,1787593624098.6443,17.145,-0.48,13.28,0.35,1787593624098.6443,False,,,5,OP1,C2_WIFI_CARGA_MEDIA,N3
,0.506,0.389,0.346,1.0,,1787593624131.6738,17.11,-0.48,13.34,0.35,1787593624133.186,False,,,5,OP1,C2_WIFI_CARGA_MEDIA,N3
,0.506,0.389,0.345,1.0,,1787593624170.514,17.075,-0.48,13.34,0.35,1787593624172.5242,False,,,5,OP1,C2_WIFI_CARGA_MEDIA,N3
,0.506,0.389,0.345,1.0,,1787593624209.092,17.075,-0.48,13.34,0.35,1787593624210.5994,False,,,5,OP1,C2_WIFI_CARGA_MEDIA,N3
,0.506,0.389,0.345,1.0,,1787593624236.7842,17.075,-0.48,13.34,0.35,1787593624236.7842,False,,,5,OP1,C2_WIFI_CARGA_MEDIA,N3
,0.506,0.389,0.346,1.0,,1787593624263.4006,17.11,-0.48,13.34,0.35,1787593624266.2026,False,,,5,OP1,C2_WIFI_CARGA_MEDIA,N3
,0.506,0.389,0.346,1.0,,1787593624310.3806,17.11,-0.48,13.34,0.35,1787593624312.3862,False,,,5,OP1,C2_WIFI_CARGA_MEDIA,N3
,0.506,0.389,0.346,1.0,,1787593624343.949,17.11,-0.48,13.34,0.35,1787593624346.6145,False,,,5,OP1,C2_WIFI_CARGA_MEDIA,N3
,0.506,0.389,0.346,1.0,,1787593624369.3484,17.11,-0.48,13.34,0.35,1787593624369.3484,False,,,5,OP1,C2_WIFI_CARGA_MEDIA,N3
,0.506,0.388,0.345,1.0,,1787593624389.7192,17.075,-0.48,13.28,0.35,1787593624389.7192,False,,,5,OP1,C2_WIFI_CARGA_MEDIA,N3
,0.505,0.388,0.344,1.0,,1787593624416.3513,17.04,-0.4,13.28,0.35,1787593624417.3708,False,,,5,OP1,C2_WIFI_CARGA_MEDIA,N3
,0.505,0.388,0.344,1.0,,1787593624458.666,17.04,-0.4,13.28,0.35,1787593624460.674,False,,,5,OP1,C2_WIFI_CARGA_MEDIA,N3
,0.505,0.387,0.343,1.0,,1787593624488.7249,17.005,-0.4,13.22,0.35,1787593624488.7249,False,,,5,OP1,C2_WIFI_CARGA_MEDIA,N3
,0.505,0.387,0.342,1.0,,1787593624530.6023,16.97,-0.4,13.22,0.35,1787593624530.6023,False,,,5,OP1,C2_WIFI_CARGA_MEDIA,N3
,0.505,0.387,0.342,1.0,,1787593624565.6653,16.97,-0.4,13.22,0.35,1787593624565.6653,False,,,5,OP1,C2_WIFI_CARGA_MEDIA,N3
,0.505,0.387,0.342,1.0,,1787593624596.946,16.97,-0.4,13.22,0.35,1787593624600.3467,False,,,5,OP1,C2_WIFI_CARGA_MEDIA,N3
,0.505,0.387,0.342,1.0,,1787593624622.528,16.97,-0.4,13.22,0.35,1787593624623.1094,False,,,5,OP1,C2_WIFI_CARGA_MEDIA,N3
,0.505,0.387,0.342,1.0,,1787593624671.3298,16.97,-0.4,13.22,0.35,1787593624673.3467,False,,,5,OP1,C2_WIFI_CARGA_MEDIA,N3
,0.505,0.388,0.342,1.0,,1787593624709.571,16.97,-0.4,13.28,0.35,1787593624709.571,False,,,5,OP1,C2_WIFI_CARGA_MEDIA,N3
,0.504,0.387,0.341,1.0,,1787593624766.082,16.935,-0.32,13.22,0.35,1787593624768.0886,False,,,5,OP1,C2_WIFI_CARGA_MEDIA,N3
,0.504,0.387,0.342,1.0,,1787593624787.2195,16.97,-0.32,13.22,0.35,1787593624787.2195,False,,,5,OP1,C2_WIFI_CARGA_MEDIA,N3
,0.504,0.387,0.342,1.0,,1787593624810.022,16.97,-0.32,13.22,0.35,1787593624812.5088,False,,,5,OP1,C2_WIFI_CARGA_MEDIA,N3
,0.504,0.386,0.341,1.0,,1787593624849.0964,16.935,-0.32,13.16,0.35,1787593624849.0964,False,,,5,OP1,C2_WIFI_CARGA_MEDIA,N3
,0.504,0.386,0.341,1.0,,1787593624904.8228,16.935,-0.32,13.16,0.35,1787593624906.8372,False,,,5,OP1,C2_WIFI_CARGA_MEDIA,N3
,0.504,0.387,0.34,1.0,,1787593624960.4126,16.9,-0.32,13.22,0.35,1787593624961.422,False,,,5,OP1,C2_WIFI_CARGA_MEDIA,N3
,0.505,0.388,0.337,1.0,,1787593625016.229,16.795,-0.4,13.28,0.35,1787593625016.229,False,,,5,OP1,C2_WIFI_CARGA_MEDIA,N3
,0.505,0.389,0.337,1.0,,1787593625041.3066,16.795,-0.4,13.34,0.35,1787593625041.3066,False,,,5,OP1,C2_WIFI_CARGA_MEDIA,N3
,0.506,0.389,0.337,1.0,,1787593625068.1562,16.795,-0.48,13.34,0.35,1787593625073.2043,False,,,5,OP1,C2_WIFI_CARGA_MEDIA,N3
,0.505,0.389,0.337,1.0,,1787593625119.6792,16.795,-0.4,13.34,0.35,1787593625121.7124,False,,,5,OP1,C2_WIFI_CARGA_MEDIA,N3
,0.505,0.389,0.338,1.0,,1787593625155.938,16.83,-0.4,13.34,0.35,1787593625157.944,False,,,5,OP1,C2_WIFI_CARGA_MEDIA,N3
,0.505,0.389,0.339,1.0,,1787593625180.5862,16.865,-0.4,13.34,0.35,1787593625181.61,False,,,5,OP1,C2_WIFI_CARGA_MEDIA,N3
,0.505,0.389,0.339,1.0,,1787593625208.586,16.865,-0.4,13.34,0.35,1787593625213.9363,False,,,5,OP1,C2_WIFI_CARGA_MEDIA,N3
,0.505,0.389,0.341,1.0,,1787593625263.9136,16.935,-0.4,13.34,0.35,1787593625264.4006,False,,,5,OP1,C2_WIFI_CARGA_MEDIA,N3
,0.505,0.388,0.342,1.0,,1787593625286.577,16.97,-0.4,13.28,0.35,1787593625286.577,False,,,5,OP1,C2_WIFI_CARGA_MEDIA,N3
,0.505,0.388,0.342,1.0,,1787593625323.612,16.97,-0.4,13.28,0.35,1787593625323.612,False,,,5,OP1,C2_WIFI_CARGA_MEDIA,N3
,0.505,0.388,0.343,1.0,,1787593625361.9255,17.005,-0.4,13.28,0.35,1787593625362.9763,False,,,5,OP1,C2_WIFI_CARGA_MEDIA,N3
,0.505,0.389,0.344,1.0,,1787593625397.2178,17.04,-0.4,13.34,0.35,1787593625397.2178,False,,,5,OP1,C2_WIFI_CARGA_MEDIA,N3
,0.505,0.389,0.346,1.0,,1787593625435.2249,17.11,-0.4,13.34,0.35,1787593625435.2249,False,,,5,OP1,C2_WIFI_CARGA_MEDIA,N3
,0.505,0.39,0.345,1.0,,1787593625489.9414,17.075,-0.4,13.4,0.35,1787593625490.3494,False,,,5,OP1,C2_WIFI_CARGA_MEDIA,N3
,0.505,0.39,0.344,1.0,,1787593625516.4956,17.04,-0.4,13.4,0.35,1787593625516.4956,False,,,5,OP1,C2_WIFI_CARGA_MEDIA,N3
,0.506,0.39,0.343,1.0,,1787593625573.9666,17.005,-0.48,13.4,0.35,1787593625573.9666,False,,,5,OP1,C2_WIFI_CARGA_MEDIA,N3
,0.506,0.39,0.345,1.0,,1787593625599.385,17.075,-0.48,13.4,0.35,1787593625600.7903,False,,,5,OP1,C2_WIFI_CARGA_MEDIA,N3
,0.506,0.39,0.345,1.0,,1787593625629.2876,17.075,-0.48,13.4,0.35,1787593625629.2876,False,,,5,OP1,C2_WIFI_CARGA_MEDIA,N3
,0.508,0.389,0.347,1.0,,1787593625686.5378,17.145,-0.64,13.34,0.35,1787593625686.5378,False,,,5,OP1,C2_WIFI_CARGA_MEDIA,N3
,0.509,0.388,0.353,1.0,,1787593625736.5784,17.355,-0.72,13.28,0.35,1787593625744.2344,False,,,5,OP1,C2_WIFI_CARGA_MEDIA,N3
,0.511,0.387,0.356,1.0,,1787593625795.6018,17.46,-0.88,13.22,0.35,1787593625798.1443,False,,,5,OP1,C2_WIFI_CARGA_MEDIA,N3
,0.511,0.387,0.357,1.0,,1787593625815.9082,17.495,-0.88,13.22,0.35,1787593625816.3503,False,,,5,OP1,C2_WIFI_CARGA_MEDIA,N3
,0.51,0.387,0.358,1.0,,1787593625849.1643,17.53,-0.8,13.22,0.35,1787593625850.4043,False,,,5,OP1,C2_WIFI_CARGA_MEDIA,N3
,0.51,0.387,0.358,1.0,,1787593625879.2524,17.53,-0.8,13.22,0.35,1787593625879.2524,False,,,5,OP1,C2_WIFI_CARGA_MEDIA,N3
,0.51,0.387,0.359,1.0,,1787593625905.619,17.565,-0.8,13.22,0.35,1787593625907.73,False,,,5,OP1,C2_WIFI_CARGA_MEDIA,N3
,0.51,0.386,0.358,1.0,,1787593625955.094,17.53,-0.8,13.16,0.35,1787593625955.094,False,,,5,OP1,C2_WIFI_CARGA_MEDIA,N3
,0.51,0.386,0.358,1.0,,1787593625984.2031,17.53,-0.8,13.16,0.35,1787593625984.2031,False,,,5,OP1,C2_WIFI_CARGA_MEDIA,N3
,0.51,0.386,0.359,1.0,,1787593626011.8313,17.565,-0.8,13.16,0.35,1787593626011.8313,False,,,5,OP1,C2_WIFI_CARGA_MEDIA,N3
,0.51,0.386,0.36,1.0,,1787593626046.8335,17.6,-0.8,13.16,0.35,1787593626049.2988,False,,,5,OP1,C2_WIFI_CARGA_MEDIA,N3
,0.511,0.387,0.361,1.0,,1787593626084.0986,17.635,-0.88,13.22,0.35,1787593626084.0986,False,,,5,OP1,C2_WIFI_CARGA_MEDIA,N3
,0.511,0.387,0.361,1.0,,1787593626115.8943,17.635,-0.88,13.22,0.35,1787593626115.8943,False,,,5,OP1,C2_WIFI_CARGA_MEDIA,N3
,0.51,0.387,0.361,1.0,,1787593626157.3445,17.635,-0.8,13.22,0.35,1787593626157.3445,False,,,5,OP1,C2_WIFI_CARGA_MEDIA,N3
,0.51,0.387,0.359,1.0,,1787593626197.34,17.565,-0.8,13.22,0.35,1787593626197.34,False,,,5,OP1,C2_WIFI_CARGA_MEDIA,N3
,0.51,0.386,0.359,1.0,,1787593626220.342,17.565,-0.8,13.16,0.35,1787593626220.342,False,,,5,OP1,C2_WIFI_CARGA_MEDIA,N3
,0.51,0.385,0.359,1.0,,1787593626268.7156,17.565,-0.8,13.1,0.35,1787593626268.7156,False,,,5,OP1,C2_WIFI_CARGA_MEDIA,N3
,0.51,0.384,0.36,1.0,,1787593626319.8467,17.6,-0.8,13.04,0.35,1787593626321.0017,False,,,5,OP1,C2_WIFI_CARGA_MEDIA,N3
,0.509,0.384,0.36,1.0,,1787593626352.8447,17.6,-0.72,13.04,0.35,1787593626352.8447,False,,,5,OP1,C2_WIFI_CARGA_MEDIA,N3
,0.509,0.384,0.36,1.0,,1787593626374.1484,17.6,-0.72,13.04,0.35,1787593626374.1484,False,,,5,OP1,C2_WIFI_CARGA_MEDIA,N3
,0.508,0.385,0.361,1.0,,1787593626396.7644,17.635,-0.64,13.1,0.35,1787593626396.7644,False,,,5,OP1,C2_WIFI_CARGA_MEDIA,N3
,0.508,0.385,0.362,1.0,,1787593626417.8406,17.67,-0.64,13.1,0.35,1787593626417.8406,False,,,5,OP1,C2_WIFI_CARGA_MEDIA,N3
,0.507,0.386,0.362,1.0,,1787593626461.9883,17.67,-0.56,13.16,0.35,1787593626461.9883,False,,,5,OP1,C2_WIFI_CARGA_MEDIA,N3
,0.507,0.386,0.362,1.0,,1787593626484.5825,17.67,-0.56,13.16,0.35,1787593626484.5825,False,,,5,OP1,C2_WIFI_CARGA_MEDIA,N3
,0.507,0.386,0.362,1.0,,1787593626507.481,17.67,-0.56,13.16,0.35,1787593626507.481,False,,,5,OP1,C2_WIFI_CARGA_MEDIA,N3
,0.507,0.386,0.362,1.0,,1787593626547.5945,17.67,-0.56,13.16,0.35,1787593626547.5945,False,,,5,OP1,C2_WIFI_CARGA_MEDIA,N3
,0.506,0.386,0.363,1.0,,1787593626594.2832,17.705,-0.48,13.16,0.35,1787593626594.2832,False,,,5,OP1,C2_WIFI_CARGA_MEDIA,N3
,0.506,0.386,0.363,1.0,,1787593626619.5066,17.705,-0.48,13.16,0.35,1787593626620.1033,False,,,5,OP1,C2_WIFI_CARGA_MEDIA,N3
,0.506,0.386,0.364,1.0,,1787593626658.9453,17.74,-0.48,13.16,0.35,1787593626660.9531,False,,,5,OP1,C2_WIFI_CARGA_MEDIA,N3
,0.506,0.386,0.364,1.0,,1787593626688.4194,17.74,-0.48,13.16,0.35,1787593626688.93,False,,,5,OP1,C2_WIFI_CARGA_MEDIA,N3
,0.505,0.386,0.364,1.0,,1787593626713.86,17.74,-0.4,13.16,0.35,1787593626717.084,False,,,5,OP1,C2_WIFI_CARGA_MEDIA,N3
,0.505,0.386,0.364,1.0,,1787593626763.7812,17.74,-0.4,13.16,0.35,1787593626763.7812,False,,,5,OP1,C2_WIFI_CARGA_MEDIA,N3
,0.505,0.386,0.364,1.0,,1787593626799.1465,17.74,-0.4,13.16,0.35,1787593626799.1465,False,,,5,OP1,C2_WIFI_CARGA_MEDIA,N3
,0.505,0.387,0.365,1.0,,1787593626831.2642,17.775,-0.4,13.22,0.35,1787593626833.2698,False,,,5,OP1,C2_WIFI_CARGA_MEDIA,N3
,0.505,0.387,0.366,1.0,,1787593626855.1016,17.81,-0.4,13.22,0.35,1787593626856.0984,False,,,5,OP1,C2_WIFI_CARGA_MEDIA,N3
,0.505,0.387,0.366,1.0,,1787593626886.0212,17.81,-0.4,13.22,0.35,1787593626887.223,False,,,5,OP1,C2_WIFI_CARGA_MEDIA,N3
,0.505,0.387,0.366,1.0,,1787593626933.4082,17.81,-0.4,13.22,0.35,1787593626933.4082,False,,,5,OP1,C2_WIFI_CARGA_MEDIA,N3
,0.505,0.387,0.367,1.0,,1787593626964.4148,17.845,-0.4,13.22,0.35,1787593626964.4148,False,,,5,OP1,C2_WIFI_CARGA_MEDIA,N3
,0.505,0.387,0.368,1.0,,1787593626988.0464,17.88,-0.4,13.22,0.35,1787593626990.2522,False,,,5,OP1,C2_WIFI_CARGA_MEDIA,N3
,0.505,0.387,0.368,1.0,,1787593627021.712,17.88,-0.4,13.22,0.35,1787593627022.71,False,,,5,OP1,C2_WIFI_CARGA_MEDIA,N3
,0.505,0.386,0.366,1.0,,1787593627065.3765,17.81,-0.4,13.16,0.35,1787593627065.3765,False,,,5,OP1,C2_WIFI_CARGA_MEDIA,N3
,0.505,0.386,0.366,1.0,,1787593627088.675,17.81,-0.4,13.16,0.35,1787593627088.675,False,,,5,OP1,C2_WIFI_CARGA_MEDIA,N3
,0.506,0.386,0.365,1.0,,1787593627132.0796,17.775,-0.48,13.16,0.35,1787593627134.0854,False,,,5,OP1,C2_WIFI_CARGA_MEDIA,N3
,0.505,0.386,0.363,1.0,,1787593627189.809,17.705,-0.4,13.16,0.35,1787593627189.809,False,,,5,OP1,C2_WIFI_CARGA_MEDIA,N3
,0.505,0.385,0.363,1.0,,1787593627218.8716,17.705,-0.4,13.1,0.35,1787593627218.8716,False,,,5,OP1,C2_WIFI_CARGA_MEDIA,N3
,0.505,0.385,0.363,1.0,,1787593627267.4873,17.705,-0.4,13.1,0.35,1787593627267.4873,False,,,5,OP1,C2_WIFI_CARGA_MEDIA,N3
,0.505,0.385,0.364,1.0,,1787593627291.265,17.74,-0.4,13.1,0.35,1787593627291.646,False,,,5,OP1,C2_WIFI_CARGA_MEDIA,N3
,0.505,0.385,0.364,1.0,,1787593627328.619,17.74,-0.4,13.1,0.35,1787593627328.619,False,,,5,OP1,C2_WIFI_CARGA_MEDIA,N3
,0.505,0.385,0.363,1.0,,1787593627369.374,17.705,-0.4,13.1,0.35,1787593627370.4656,False,,,5,OP1,C2_WIFI_CARGA_MEDIA,N3
,0.505,0.385,0.363,1.0,,1787593627401.2478,17.705,-0.4,13.1,0.35,1787593627401.2478,False,,,5,OP1,C2_WIFI_CARGA_MEDIA,N3
,0.505,0.386,0.363,1.0,,1787593627437.713,17.705,-0.4,13.16,0.35,1787593627437.713,False,,,5,OP1,C2_WIFI_CARGA_MEDIA,N3
,0.505,0.385,0.363,1.0,,1787593627466.2715,17.705,-0.4,13.1,0.35,1787593627466.2715,False,,,5,OP1,C2_WIFI_CARGA_MEDIA,N3
,0.505,0.385,0.363,1.0,,1787593627493.6702,17.705,-0.4,13.1,0.35,1787593627494.663,False,,,5,OP1,C2_WIFI_CARGA_MEDIA,N3
,0.506,0.386,0.364,1.0,,1787593627523.6829,17.74,-0.48,13.16,0.35,1787593627523.6829,False,,,5,OP1,C2_WIFI_CARGA_MEDIA,N3
,0.505,0.387,0.364,1.0,,1787593627571.703,17.74,-0.4,13.22,0.35,1787593627571.703,False,,,5,OP1,C2_WIFI_CARGA_MEDIA,N3
,0.506,0.387,0.363,1.0,,1787593627594.3655,17.705,-0.48,13.22,0.35,1787593627594.3655,False,,,5,OP1,C2_WIFI_CARGA_MEDIA,N3
,0.506,0.387,0.364,1.0,,1787593627631.483,17.74,-0.48,13.22,0.35,1787593627631.483,False,,,5,OP1,C2_WIFI_CARGA_MEDIA,N3
,0.506,0.387,0.364,1.0,,1787593627672.6614,17.74,-0.48,13.22,0.35,1787593627672.6614,False,,,5,OP1,C2_WIFI_CARGA_MEDIA,N3
,0.506,0.387,0.365,1.0,,1787593627694.4917,17.775,-0.48,13.22,0.35,1787593627697.2793,False,,,5,OP1,C2_WIFI_CARGA_MEDIA,N3
,0.507,0.387,0.366,1.0,,1787593627737.7524,17.81,-0.56,13.22,0.35,1787593627737.7524,False,,,5,OP1,C2_WIFI_CARGA_MEDIA,N3
,0.507,0.387,0.367,1.0,,1787593627771.234,17.845,-0.56,13.22,0.35,1787593627771.234,False,,,5,OP1,C2_WIFI_CARGA_MEDIA,N3
,0.508,0.387,0.367,1.0,,1787593627795.163,17.845,-0.64,13.22,0.35,1787593627795.963,False,,,5,OP1,C2_WIFI_CARGA_MEDIA,N3
,0.508,0.387,0.369,1.0,,1787593627829.8328,17.915,-0.64,13.22,0.35,1787593627829.8328,False,,,5,OP1,C2_WIFI_CARGA_MEDIA,N3
,0.509,0.386,0.37,1.0,,1787593627873.245,17.95,-0.72,13.16,0.35,1787593627873.245,False,,,5,OP1,C2_WIFI_CARGA_MEDIA,N3
,0.509,0.385,0.369,1.0,,1787593627895.3784,17.915,-0.72,13.1,0.35,1787593627896.9963,False,,,5,OP1,C2_WIFI_CARGA_MEDIA,N3
,0.509,0.385,0.369,1.0,,1787593627935.7275,17.915,-0.72,13.1,0.35,1787593627935.7275,False,,,5,OP1,C2_WIFI_CARGA_MEDIA,N3
,0.509,0.384,0.369,1.0,,1787593627964.923,17.915,-0.72,13.04,0.35,1787593627964.923,False,,,5,OP1,C2_WIFI_CARGA_MEDIA,N3
,0.509,0.384,0.369,1.0,,1787593628023.6487,17.915,-0.72,13.04,0.35,1787593628023.6487,False,,,5,OP1,C2_WIFI_CARGA_MEDIA,N3
,0.509,0.383,0.369,1.0,,1787593628050.4646,17.915,-0.72,12.98,0.35,1787593628050.4646,False,,,5,OP1,C2_WIFI_CARGA_MEDIA,N3
,0.509,0.384,0.367,1.0,,1787593628100.203,17.845,-0.72,13.04,0.35,1787593628100.203,False,,,5,OP1,C2_WIFI_CARGA_MEDIA,N3
,0.509,0.384,0.366,1.0,,1787593628130.631,17.81,-0.72,13.04,0.35,1787593628131.6514,False,,,5,OP1,C2_WIFI_CARGA_MEDIA,N3
,0.509,0.384,0.365,1.0,,1787593628164.466,17.775,-0.72,13.04,0.35,1787593628165.4832,False,,,5,OP1,C2_WIFI_CARGA_MEDIA,N3
,0.509,0.384,0.366,1.0,,1787593628208.9785,17.81,-0.72,13.04,0.35,1787593628208.9785,False,,,5,OP1,C2_WIFI_CARGA_MEDIA,N3
,0.509,0.383,0.366,1.0,,1787593628232.0176,17.81,-0.72,12.98,0.35,1787593628233.0334,False,,,5,OP1,C2_WIFI_CARGA_MEDIA,N3
,0.508,0.383,0.367,1.0,,1787593628267.4866,17.845,-0.64,12.98,0.35,1787593628267.4866,False,,,5,OP1,C2_WIFI_CARGA_MEDIA,N3
,0.508,0.383,0.368,1.0,,1787593628315.991,17.88,-0.64,12.98,0.35,1787593628315.991,False,,,5,OP1,C2_WIFI_CARGA_MEDIA,N3
,0.508,0.383,0.368,1.0,,1787593628376.4785,17.88,-0.64,12.98,0.35,1787593628376.4785,False,,,5,OP1,C2_WIFI_CARGA_MEDIA,N3
,0.508,0.383,0.367,1.0,,1787593628411.432,17.845,-0.64,12.98,0.35,1787593628411.432,False,,,5,OP1,C2_WIFI_CARGA_MEDIA,N3
,0.507,0.383,0.366,1.0,,1787593628433.9358,17.81,-0.56,12.98,0.35,1787593628435.9326,False,,,5,OP1,C2_WIFI_CARGA_MEDIA,N3
,0.507,0.383,0.365,1.0,,1787593628470.8037,17.775,-0.56,12.98,0.35,1787593628471.8015,False,,,5,OP1,C2_WIFI_CARGA_MEDIA,N3
,0.508,0.382,0.366,1.0,,1787593628514.4355,17.81,-0.64,12.92,0.35,1787593628514.4355,False,,,5,OP1,C2_WIFI_CARGA_MEDIA,N3
,0.508,0.382,0.366,1.0,,1787593628534.8818,17.81,-0.64,12.92,0.35,1787593628535.9536,False,,,5,OP1,C2_WIFI_CARGA_MEDIA,N3
,0.508,0.382,0.366,1.0,,1787593628579.8972,17.81,-0.64,12.92,0.35,1787593628580.9028,False,,,5,OP1,C2_WIFI_CARGA_MEDIA,N3
,0.508,0.382,0.365,1.0,,1787593628608.5176,17.775,-0.64,12.92,0.35,1787593628608.5176,False,,,5,OP1,C2_WIFI_CARGA_MEDIA,N3
,0.508,0.382,0.365,1.0,,1787593628630.242,17.775,-0.64,12.92,0.35,1787593628632.258,False,,,5,OP1,C2_WIFI_CARGA_MEDIA,N3
,0.508,0.382,0.365,1.0,,1787593628664.1455,17.775,-0.64,12.92,0.35,1787593628664.1455,False,,,5,OP1,C2_WIFI_CARGA_MEDIA,N3
,0.508,0.382,0.367,1.0,,1787593628709.533,17.845,-0.64,12.92,0.35,1787593628710.5352,False,,,5,OP1,C2_WIFI_CARGA_MEDIA,N3
,0.508,0.382,0.366,1.0,,1787593628747.1304,17.81,-0.64,12.92,0.35,1787593628747.1304,False,,,5,OP1,C2_WIFI_CARGA_MEDIA,N3
,0.509,0.382,0.366,1.0,,1787593628803.135,17.81,-0.72,12.92,0.35,1787593628805.1458,False,,,5,OP1,C2_WIFI_CARGA_MEDIA,N3
,0.509,0.382,0.366,1.0,,1787593628844.9124,17.81,-0.72,12.92,0.35,1787593628844.9124,False,,,5,OP1,C2_WIFI_CARGA_MEDIA,N3
,0.509,0.382,0.365,1.0,,1787593628886.7732,17.775,-0.72,12.92,0.35,1787593628886.7732,False,,,5,OP1,C2_WIFI_CARGA_MEDIA,N3
,0.509,0.382,0.365,1.0,,1787593628915.1672,17.775,-0.72,12.92,0.35,1787593628915.1672,False,,,5,OP1,C2_WIFI_CARGA_MEDIA,N3
,0.509,0.382,0.366,1.0,,1787593628952.6934,17.81,-0.72,12.92,0.35,1787593628953.7524,False,,,5,OP1,C2_WIFI_CARGA_MEDIA,N3
,0.509,0.382,0.366,1.0,,1787593628990.7024,17.81,-0.72,12.92,0.35,1787593628990.7024,False,,,5,OP1,C2_WIFI_CARGA_MEDIA,N3
,0.509,0.382,0.366,1.0,,1787593629016.7036,17.81,-0.72,12.92,0.35,1787593629016.7036,False,,,5,OP1,C2_WIFI_CARGA_MEDIA,N3
,0.509,0.382,0.367,1.0,,1787593629054.9978,17.845,-0.72,12.92,0.35,1787593629054.9978,False,,,5,OP1,C2_WIFI_CARGA_MEDIA,N3
,0.509,0.382,0.367,1.0,,1787593629096.8523,17.845,-0.72,12.92,0.35,1787593629098.864,False,,,5,OP1,C2_WIFI_CARGA_MEDIA,N3
,0.508,0.382,0.366,1.0,,1787593629125.7078,17.81,-0.64,12.92,0.35,1787593629126.358,False,,,5,OP1,C2_WIFI_CARGA_MEDIA,N3
,0.508,0.382,0.366,1.0,,1787593629165.5027,17.81,-0.64,12.92,0.35,1787593629165.5027,False,,,5,OP1,C2_WIFI_CARGA_MEDIA,N3
,0.508,0.381,0.365,1.0,,1787593629219.212,17.775,-0.64,12.86,0.35,1787593629221.2195,False,,,5,OP1,C2_WIFI_CARGA_MEDIA,N3
,0.508,0.381,0.365,1.0,,1787593629247.181,17.775,-0.64,12.86,0.35,1787593629247.181,False,,,5,OP1,C2_WIFI_CARGA_MEDIA,N3
,0.508,0.381,0.365,1.0,,1787593629270.6094,17.775,-0.64,12.86,0.35,1787593629270.6094,False,,,5,OP1,C2_WIFI_CARGA_MEDIA,N3
,0.508,0.381,0.364,1.0,,1787593629445.3376,17.74,-0.64,12.86,0.35,1787593629446.85,False,,,5,OP1,C2_WIFI_CARGA_MEDIA,N3
,0.507,0.381,0.365,1.0,,1787593629500.1433,17.775,-0.56,12.86,0.35,1787593629500.1433,False,,,5,OP1,C2_WIFI_CARGA_MEDIA,N3
,0.507,0.381,0.366,1.0,,1787593629552.2683,17.81,-0.56,12.86,0.35,1787593629553.786,False,,,5,OP1,C2_WIFI_CARGA_MEDIA,N3
,0.506,0.381,0.365,1.0,,1787593629585.855,17.775,-0.48,12.86,0.35,1787593629585.855,False,,,5,OP1,C2_WIFI_CARGA_MEDIA,N3
,0.506,0.381,0.365,1.0,,1787593629636.0334,17.775,-0.48,12.86,0.35,1787593629636.0334,False,,,5,OP1,C2_WIFI_CARGA_MEDIA,N3
,0.506,0.381,0.365,1.0,,1787593629660.3132,17.775,-0.48,12.86,0.35,1787593629660.3132,False,,,5,OP1,C2_WIFI_CARGA_MEDIA,N3
,0.507,0.382,0.365,1.0,,1787593629690.5186,17.775,-0.56,12.92,0.35,1787593629690.5186,False,,,5,OP1,C2_WIFI_CARGA_MEDIA,N3
,0.507,0.382,0.367,1.0,,1787593629746.9666,17.845,-0.56,12.92,0.35,1787593629746.9666,False,,,5,OP1,C2_WIFI_CARGA_MEDIA,N3
,0.507,0.382,0.368,1.0,,1787593629779.558,17.88,-0.56,12.92,0.35,1787593629781.5735,False,,,5,OP1,C2_WIFI_CARGA_MEDIA,N3
,0.507,0.382,0.368,1.0,,1787593629822.6558,17.88,-0.56,12.92,0.35,1787593629822.6558,False,,,5,OP1,C2_WIFI_CARGA_MEDIA,N3
,0.507,0.382,0.367,1.0,,1787593629850.2715,17.845,-0.56,12.92,0.35,1787593629850.2715,False,,,5,OP1,C2_WIFI_CARGA_MEDIA,N3
,0.506,0.382,0.366,1.0,,1787593629888.6675,17.81,-0.48,12.92,0.35,1787593629890.5518,False,,,5,OP1,C2_WIFI_CARGA_MEDIA,N3
,0.506,0.382,0.367,1.0,,1787593629928.9229,17.845,-0.48,12.92,0.35,1787593629928.9229,False,,,5,OP1,C2_WIFI_CARGA_MEDIA,N3
,0.506,0.382,0.366,1.0,,1787593629958.8345,17.81,-0.48,12.92,0.35,1787593629958.8345,False,,,5,OP1,C2_WIFI_CARGA_MEDIA,N3
,0.506,0.382,0.365,1.0,,1787593630000.506,17.775,-0.48,12.92,0.35,1787593630002.3044,False,,,5,OP1,C2_WIFI_CARGA_MEDIA,N3
,0.506,0.382,0.367,1.0,,1787593630189.912,17.845,-0.48,12.92,0.35,1787593630189.912,False,,,5,OP1,C2_WIFI_CARGA_MEDIA,N3
,0.505,0.384,0.364,1.0,,1787593630211.432,17.74,-0.4,13.04,0.35,1787593630213.4448,False,,,5,OP1,C2_WIFI_CARGA_MEDIA,N3
,0.505,0.384,0.365,1.0,,1787593630250.276,17.775,-0.4,13.04,0.35,1787593630251.527,False,,,5,OP1,C2_WIFI_CARGA_MEDIA,N3
,0.504,0.385,0.366,1.0,,1787593630298.9148,17.81,-0.32,13.1,0.35,1787593630309.4795,False,,,5,OP1,C2_WIFI_CARGA_MEDIA,N3
,0.501,0.387,0.37,1.0,,1787593630359.3792,17.95,-0.08,13.22,0.35,1787593630359.8833,False,,,5,OP1,C2_WIFI_CARGA_MEDIA,N3
,0.501,0.387,0.37,1.0,,1787593630382.6104,17.95,-0.08,13.22,0.35,1787593630382.6104,False,,,5,OP1,C2_WIFI_CARGA_MEDIA,N3
,0.501,0.387,0.372,1.0,,1787593630440.7686,18.02,-0.08,13.22,0.35,1787593630440.7686,False,,,5,OP1,C2_WIFI_CARGA_MEDIA,N3
,0.501,0.387,0.371,1.0,,1787593630462.7117,17.985,-0.08,13.22,0.35,1787593630462.7117,False,,,5,OP1,C2_WIFI_CARGA_MEDIA,N3
,0.501,0.388,0.371,1.0,,1787593630500.606,17.985,-0.08,13.28,0.35,1787593630501.62,False,,,5,OP1,C2_WIFI_CARGA_MEDIA,N3
,0.501,0.39,0.363,1.0,,1787593630553.8972,17.705,-0.08,13.4,0.35,1787593630554.896,False,,,5,OP1,C2_WIFI_CARGA_MEDIA,N3
,0.501,0.39,0.363,1.0,,1787593630584.7666,17.705,-0.08,13.4,0.35,1787593630586.089,False,,,5,OP1,C2_WIFI_CARGA_MEDIA,N3
,0.502,0.389,0.362,1.0,,1787593630812.871,17.67,-0.16,13.34,0.35,1787593630814.8853,False,,,5,OP1,C2_WIFI_CARGA_MEDIA,N3
,0.503,0.388,0.362,1.0,,1787593630861.217,17.67,-0.24,13.28,0.35,1787593630861.217,False,,,5,OP1,C2_WIFI_CARGA_MEDIA,N3
,0.505,0.389,0.363,1.0,,1787593630907.745,17.705,-0.4,13.34,0.35,1787593630907.745,False,,,5,OP1,C2_WIFI_CARGA_MEDIA,N3
,0.506,0.389,0.362,1.0,,1787593630946.8733,17.67,-0.48,13.34,0.35,1787593630948.9785,False,,,5,OP1,C2_WIFI_CARGA_MEDIA,N3
,0.506,0.389,0.362,1.0,,1787593630969.5205,17.67,-0.48,13.34,0.35,1787593630970.743,False,,,5,OP1,C2_WIFI_CARGA_MEDIA,N3
,0.506,0.389,0.359,1.0,,1787593631019.5237,17.565,-0.48,13.34,0.35,1787593631019.5237,False,,,5,OP1,C2_WIFI_CARGA_MEDIA,N3
,0.506,0.389,0.358,1.0,,1787593631059.5996,17.53,-0.48,13.34,0.35,1787593631061.61,False,,,5,OP1,C2_WIFI_CARGA_MEDIA,N3
,0.505,0.388,0.357,1.0,,1787593631113.0386,17.495,-0.4,13.28,0.35,1787593631115.5784,False,,,5,OP1,C2_WIFI_CARGA_MEDIA,N3
,0.505,0.388,0.356,1.0,,1787593631142.3171,17.46,-0.4,13.28,0.35,1787593631144.1104,False,,,5,OP1,C2_WIFI_CARGA_MEDIA,N3
,0.505,0.388,0.352,1.0,,1787593631182.9534,17.32,-0.4,13.28,0.35,1787593631182.9534,False,,,5,OP1,C2_WIFI_CARGA_MEDIA,N3
,0.505,0.388,0.351,1.0,,1787593631218.866,17.285,-0.4,13.28,0.35,1787593631220.8716,False,,,5,OP1,C2_WIFI_CARGA_MEDIA,N3
,0.505,0.388,0.351,1.0,,1787593631255.0208,17.285,-0.4,13.28,0.35,1787593631256.036,False,,,5,OP1,C2_WIFI_CARGA_MEDIA,N3
,0.507,0.388,0.352,1.0,,1787593631310.6912,17.32,-0.56,13.28,0.35,1787593631312.7034,False,,,5,OP1,C2_WIFI_CARGA_MEDIA,N3
,0.507,0.387,0.356,1.0,,1787593631356.7705,17.46,-0.56,13.22,0.35,1787593631357.2751,False,,,5,OP1,C2_WIFI_CARGA_MEDIA,N3
,0.508,0.387,0.359,1.0,,1787593631421.776,17.565,-0.64,13.22,0.35,1787593631421.776,False,,,5,OP1,C2_WIFI_CARGA_MEDIA,N3
,0.508,0.386,0.36,1.0,,1787593631448.059,17.6,-0.64,13.16,0.35,1787593631448.059,False,,,5,OP1,C2_WIFI_CARGA_MEDIA,N3
,0.508,0.386,0.36,1.0,,1787593631469.793,17.6,-0.64,13.16,0.35,1787593631469.793,False,,,5,OP1,C2_WIFI_CARGA_MEDIA,N3
,0.509,0.386,0.362,1.0,,1787593631505.3696,17.67,-0.72,13.16,0.35,1787593631506.8762,False,,,5,OP1,C2_WIFI_CARGA_MEDIA,N3
,0.508,0.386,0.361,1.0,,1787593631557.742,17.635,-0.64,13.16,0.35,1787593631557.742,False,,,5,OP1,C2_WIFI_CARGA_MEDIA,N3
,0.509,0.386,0.362,1.0,,1787593631583.2156,17.67,-0.72,13.16,0.35,1787593631583.2156,False,,,5,OP1,C2_WIFI_CARGA_MEDIA,N3
,0.509,0.385,0.363,1.0,,1787593631627.1006,17.705,-0.72,13.1,0.35,1787593631627.1006,False,,,5,OP1,C2_WIFI_CARGA_MEDIA,N3
,0.509,0.385,0.362,1.0,,1787593631671.0244,17.67,-0.72,13.1,0.35,1787593631671.0244,False,,,5,OP1,C2_WIFI_CARGA_MEDIA,N3
,0.509,0.385,0.362,1.0,,1787593631692.5127,17.67,-0.72,13.1,0.35,1787593631695.2627,False,,,5,OP1,C2_WIFI_CARGA_MEDIA,N3
,0.509,0.385,0.361,1.0,,1787593631727.0566,17.635,-0.72,13.1,0.35,1787593631727.0566,False,,,5,OP1,C2_WIFI_CARGA_MEDIA,N3
,0.509,0.386,0.361,1.0,,1787593631763.9717,17.635,-0.72,13.16,0.35,1787593631765.0938,False,,,5,OP1,C2_WIFI_CARGA_MEDIA,N3
,0.509,0.385,0.362,1.0,,1787593631797.6443,17.67,-0.72,13.1,0.35,1787593631798.438,False,,,5,OP1,C2_WIFI_CARGA_MEDIA,N3
,0.509,0.385,0.363,1.0,,1787593631838.5396,17.705,-0.72,13.1,0.35,1787593631838.5396,False,,,5,OP1,C2_WIFI_CARGA_MEDIA,N3
,0.51,0.384,0.363,1.0,,1787593631880.0342,17.705,-0.8,13.04,0.35,1787593631880.0342,False,,,5,OP1,C2_WIFI_CARGA_MEDIA,N3
,0.509,0.384,0.364,1.0,,1787593631902.246,17.74,-0.72,13.04,0.35,1787593631903.2686,False,,,5,OP1,C2_WIFI_CARGA_MEDIA,N3
,0.51,0.383,0.364,1.0,,1787593631942.9773,17.74,-0.8,12.98,0.35,1787593631942.9773,False,,,5,OP1,C2_WIFI_CARGA_MEDIA,N3
,0.51,0.383,0.365,1.0,,1787593631969.6016,17.775,-0.8,12.98,0.35,1787593631969.6016,False,,,5,OP1,C2_WIFI_CARGA_MEDIA,N3
,0.51,0.383,0.365,1.0,,1787593631996.0818,17.775,-0.8,12.98,0.35,1787593631997.0806,False,,,5,OP1,C2_WIFI_CARGA_MEDIA,N3
,0.51,0.383,0.365,1.0,,1787593632032.7666,17.775,-0.8,12.98,0.35,1787593632034.7744,False,,,5,OP1,C2_WIFI_CARGA_MEDIA,N3
,0.51,0.383,0.363,1.0,,1787593632079.0012,17.705,-0.8,12.98,0.35,1787593632079.0012,False,,,5,OP1,C2_WIFI_CARGA_MEDIA,N3
,0.51,0.384,0.362,1.0,,1787593632135.803,17.67,-0.8,13.04,0.35,1787593632136.8694,False,,,5,OP1,C2_WIFI_CARGA_MEDIA,N3
,0.51,0.384,0.362,1.0,,1787593632167.725,17.67,-0.8,13.04,0.35,1787593632167.725,False,,,5,OP1,C2_WIFI_CARGA_MEDIA,N3
,0.511,0.385,0.363,1.0,,1787593632228.745,17.705,-0.88,13.1,0.35,1787593632230.8215,False,,,5,OP1,C2_WIFI_CARGA_MEDIA,N3
,0.511,0.386,0.365,1.0,,1787593632268.083,17.775,-0.88,13.16,0.35,1787593632268.083,False,,,5,OP1,C2_WIFI_CARGA_MEDIA,N3
,0.511,0.386,0.366,1.0,,1787593632302.4458,17.81,-0.88,13.16,0.35,1787593632302.4458,False,,,5,OP1,C2_WIFI_CARGA_MEDIA,N3
,0.511,0.386,0.367,1.0,,1787593632330.6152,17.845,-0.88,13.16,0.35,1787593632330.6152,False,,,5,OP1,C2_WIFI_CARGA_MEDIA,N3
,0.511,0.386,0.367,1.0,,1787593632367.2231,17.845,-0.88,13.16,0.35,1787593632369.2332,False,,,5,OP1,C2_WIFI_CARGA_MEDIA,N3
,0.512,0.387,0.367,1.0,,1787593632408.5093,17.845,-0.96,13.22,0.35,1787593632408.5093,False,,,5,OP1,C2_WIFI_CARGA_MEDIA,N3
,0.512,0.387,0.368,1.0,,1787593632431.3696,17.88,-0.96,13.22,0.35,1787593632432.41,False,,,5,OP1,C2_WIFI_CARGA_MEDIA,N3
,0.512,0.387,0.368,1.0,,1787593632465.2078,17.88,-0.96,13.22,0.35,1787593632466.2576,False,,,5,OP1,C2_WIFI_CARGA_MEDIA,N3
,0.513,0.387,0.368,1.0,,1787593632502.1675,17.88,-1.04,13.22,0.35,1787593632508.0474,False,,,5,OP1,C2_WIFI_CARGA_MEDIA,N3
,0.513,0.386,0.367,1.0,,1787593632563.267,17.845,-1.04,13.16,0.35,1787593632563.267,False,,,5,OP1,C2_WIFI_CARGA_MEDIA,N3
,0.512,0.386,0.365,1.0,,1787593632610.4622,17.775,-0.96,13.16,0.35,1787593632610.4622,False,,,5,OP1,C2_WIFI_CARGA_MEDIA,N3
,0.512,0.385,0.364,1.0,,1787593632635.8486,17.74,-0.96,13.1,0.35,1787593632635.8486,False,,,5,OP1,C2_WIFI_CARGA_MEDIA,N3
,0.512,0.385,0.364,1.0,,1787593632667.2764,17.74,-0.96,13.1,0.35,1787593632669.2732,False,,,5,OP1,C2_WIFI_CARGA_MEDIA,N3
,0.513,0.384,0.365,1.0,,1787593632702.6548,17.775,-1.04,13.04,0.35,1787593632702.6548,False,,,5,OP1,C2_WIFI_CARGA_MEDIA,N3
,0.513,0.382,0.367,1.0,,1787593632747.164,17.845,-1.04,12.92,0.35,1787593632747.164,False,,,5,OP1,C2_WIFI_CARGA_MEDIA,N3
,0.513,0.382,0.369,1.0,,1787593632768.173,17.915,-1.04,12.92,0.35,1787593632769.1724,False,,,5,OP1,C2_WIFI_CARGA_MEDIA,N3
,0.514,0.381,0.371,1.0,,1787593632812.1626,17.985,-1.12,12.86,0.35,1787593632812.1626,False,,,5,OP1,C2_WIFI_CARGA_MEDIA,N3
,0.514,0.381,0.373,1.0,,1787593632841.027,18.055,-1.12,12.86,0.35,1787593632841.027,False,,,5,OP1,C2_WIFI_CARGA_MEDIA,N3
,0.514,0.379,0.374,1.0,,1787593632899.1836,18.09,-1.12,12.74,0.35,1787593632902.7007,False,,,5,OP1,C2_WIFI_CARGA_MEDIA,N3
,0.515,0.379,0.376,1.0,,1787593632947.567,18.16,-1.2,12.74,0.35,1787593632947.567,False,,,5,OP1,C2_WIFI_CARGA_MEDIA,N3
,0.515,0.378,0.376,1.0,,1787593633005.483,18.16,-1.2,12.68,0.35,1787593633008.7114,False,,,5,OP1,C2_WIFI_CARGA_MEDIA,N3
,0.516,0.377,0.375,1.0,,1787593633050.7798,18.125,-1.28,12.62,0.35,1787593633050.7798,False,,,5,OP1,C2_WIFI_CARGA_MEDIA,N3
,0.516,0.377,0.375,1.0,,1787593633091.676,18.125,-1.28,12.62,0.35,1787593633093.6882,False,,,5,OP1,C2_WIFI_CARGA_MEDIA,N3
,0.516,0.377,0.376,1.0,,1787593633136.2727,18.16,-1.28,12.62,0.35,1787593633136.2727,False,,,5,OP1,C2_WIFI_CARGA_MEDIA,N3
,0.516,0.377,0.377,1.0,,1787593633177.5474,18.195,-1.28,12.62,0.35,1787593633177.5474,False,,,5,OP1,C2_WIFI_CARGA_MEDIA,N3
,0.516,0.377,0.379,1.0,,1787593633220.0544,18.265,-1.28,12.62,0.35,1787593633220.0544,False,,,5,OP1,C2_WIFI_CARGA_MEDIA,N3
,0.516,0.377,0.38,1.0,,1787593633282.5105,18.3,-1.28,12.62,0.35,1787593633283.9543,False,,,5,OP1,C2_WIFI_CARGA_MEDIA,N3
,0.516,0.376,0.381,1.0,,1787593633315.6304,18.335,-1.28,12.56,0.35,1787593633315.6304,False,,,5,OP1,C2_WIFI_CARGA_MEDIA,N3
,0.516,0.376,0.382,1.0,,1787593633363.1028,18.37,-1.28,12.56,0.35,1787593633363.1028,False,,,5,OP1,C2_WIFI_CARGA_MEDIA,N3
,0.516,0.376,0.381,1.0,,1787593633384.8125,18.335,-1.28,12.56,0.35,1787593633384.8125,False,,,5,OP1,C2_WIFI_CARGA_MEDIA,N3
,0.516,0.377,0.38,1.0,,1787593633425.5557,18.3,-1.28,12.62,0.35,1787593633426.938,False,,,5,OP1,C2_WIFI_CARGA_MEDIA,N3
,0.516,0.377,0.377,1.0,,1787593633480.3137,18.195,-1.28,12.62,0.35,1787593633480.3137,False,,,5,OP1,C2_WIFI_CARGA_MEDIA,N3
,0.518,0.377,0.377,1.0,,1787593633535.1382,18.195,-1.44,12.62,0.35,1787593633537.148,False,,,5,OP1,C2_WIFI_CARGA_MEDIA,N3
,0.518,0.377,0.378,1.0,,1787593633565.733,18.23,-1.44,12.62,0.35,1787593633566.2654,False,,,5,OP1,C2_WIFI_CARGA_MEDIA,N3
,0.519,0.377,0.378,1.0,,1787593633593.714,18.23,-1.52,12.62,0.35,1787593633593.714,False,,,5,OP1,C2_WIFI_CARGA_MEDIA,N3
,0.519,0.377,0.379,1.0,,1787593633639.0532,18.265,-1.52,12.62,0.35,1787593633639.0532,False,,,5,OP1,C2_WIFI_CARGA_MEDIA,N3
,0.519,0.377,0.378,1.0,,1787593633697.011,18.23,-1.52,12.62,0.35,1787593633697.011,False,,,5,OP1,C2_WIFI_CARGA_MEDIA,N3
,0.519,0.377,0.378,1.0,,1787593633730.317,18.23,-1.52,12.62,0.35,1787593633730.317,False,,,5,OP1,C2_WIFI_CARGA_MEDIA,N3
,0.519,0.377,0.379,1.0,,1787593633754.405,18.265,-1.52,12.62,0.35,1787593633756.392,False,,,5,OP1,C2_WIFI_CARGA_MEDIA,N3
,0.519,0.377,0.378,1.0,,1787593633803.1433,18.23,-1.52,12.62,0.35,1787593633803.624,False,,,5,OP1,C2_WIFI_CARGA_MEDIA,N3
,0.52,0.377,0.379,1.0,,1787593633842.984,18.265,-1.6,12.62,0.35,1787593633844.9912,False,,,5,OP1,C2_WIFI_CARGA_MEDIA,N3
,0.52,0.377,0.38,1.0,,1787593633870.7886,18.3,-1.6,12.62,0.35,1787593633870.7886,False,,,5,OP1,C2_WIFI_CARGA_MEDIA,N3
,0.52,0.377,0.379,1.0,,1787593633926.912,18.265,-1.6,12.62,0.35,1787593633926.912,False,,,5,OP1,C2_WIFI_CARGA_MEDIA,N3
,0.52,0.377,0.379,1.0,,1787593633955.6704,18.265,-1.6,12.62,0.35,1787593633955.6704,False,,,5,OP1,C2_WIFI_CARGA_MEDIA,N3
,0.519,0.376,0.38,1.0,,1787593633997.3784,18.3,-1.52,12.56,0.35,1787593633997.3784,False,,,5,OP1,C2_WIFI_CARGA_MEDIA,N3
,0.519,0.375,0.381,1.0,,1787593634057.3206,18.335,-1.52,12.5,0.35,1787593634057.3206,False,,,5,OP1,C2_WIFI_CARGA_MEDIA,N3
,0.519,0.375,0.382,1.0,,1787593634096.9011,18.37,-1.52,12.5,0.35,1787593634097.2927,False,,,5,OP1,C2_WIFI_CARGA_MEDIA,N3
,0.52,0.374,0.383,1.0,,1787593634147.044,18.405,-1.6,12.44,0.35,1787593634147.044,False,,,5,OP1,C2_WIFI_CARGA_MEDIA,N3
,0.52,0.374,0.382,1.0,,1787593634168.3474,18.37,-1.6,12.44,0.35,1787593634170.3633,False,,,5,OP1,C2_WIFI_CARGA_MEDIA,N3
,0.521,0.375,0.382,1.0,,1787593634202.3245,18.37,-1.68,12.5,0.35,1787593634202.3245,False,,,5,OP1,C2_WIFI_CARGA_MEDIA,N3
,0.521,0.375,0.381,1.0,,1787593634261.8145,18.335,-1.68,12.5,0.35,1787593634264.8953,False,,,5,OP1,C2_WIFI_CARGA_MEDIA,N3
,0.521,0.375,0.383,1.0,,1787593634316.1782,18.405,-1.68,12.5,0.35,1787593634316.1782,False,,,5,OP1,C2_WIFI_CARGA_MEDIA,N3
,0.521,0.374,0.384,1.0,,1787593634344.086,18.44,-1.68,12.44,0.35,1787593634345.5305,False,,,5,OP1,C2_WIFI_CARGA_MEDIA,N3
,0.521,0.374,0.385,1.0,,1787593634389.9958,18.475,-1.68,12.44,0.35,1787593634389.9958,False,,,5,OP1,C2_WIFI_CARGA_MEDIA,N3
,0.52,0.374,0.385,1.0,,1787593634416.388,18.475,-1.6,12.44,0.35,1787593634416.9902,False,,,5,OP1,C2_WIFI_CARGA_MEDIA,N3
,0.52,0.374,0.386,1.0,,1787593634454.7888,18.51,-1.6,12.44,0.35,1787593634454.7888,False,,,5,OP1,C2_WIFI_CARGA_MEDIA,N3
,0.519,0.373,0.388,1.0,,1787593634504.535,18.58,-1.52,12.38,0.35,1787593634506.5266,False,,,5,OP1,C2_WIFI_CARGA_MEDIA,N3
,0.519,0.372,0.389,1.0,,1787593634539.8926,18.615,-1.52,12.32,0.35,1787593634539.8926,False,,,5,OP1,C2_WIFI_CARGA_MEDIA,N3
,0.519,0.371,0.392,1.0,,1787593634580.7249,18.72,-1.52,12.26,0.35,1787593634582.7354,False,,,5,OP1,C2_WIFI_CARGA_MEDIA,N3
,0.518,0.371,0.393,1.0,,1787593634614.9814,18.755,-1.44,12.26,0.35,1787593634614.9814,False,,,5,OP1,C2_WIFI_CARGA_MEDIA,N3
,0.518,0.371,0.394,1.0,,1787593634651.2744,18.79,-1.44,12.26,0.35,1787593634651.9265,False,,,5,OP1,C2_WIFI_CARGA_MEDIA,N3
,0.517,0.371,0.396,1.0,,1787593634705.524,18.86,-1.36,12.26,0.35,1787593634707.534,False,,,5,OP1,C2_WIFI_CARGA_MEDIA,N3
,0.517,0.371,0.398,1.0,,1787593634760.745,18.93,-1.36,12.26,0.35,1787593634763.2532,False,,,5,OP1,C2_WIFI_CARGA_MEDIA,N3
,0.516,0.371,0.397,1.0,,1787593634791.3137,18.895,-1.28,12.26,0.35,1787593634791.9116,False,,,5,OP1,C2_WIFI_CARGA_MEDIA,N3
,0.515,0.37,0.397,1.0,,1787593634840.0676,18.895,-1.2,12.2,0.35,1787593634847.4434,False,,,5,OP1,C2_WIFI_CARGA_MEDIA,N3
,0.514,0.37,0.397,1.0,,1787593634869.63,18.895,-1.12,12.2,0.35,1787593634869.63,False,,,5,OP1,C2_WIFI_CARGA_MEDIA,N3
,0.512,0.37,0.397,1.0,,1787593634915.3618,18.895,-0.96,12.2,0.35,1787593634915.3618,False,,,5,OP1,C2_WIFI_CARGA_MEDIA,N3
,0.511,0.369,0.395,1.0,,1787593634956.9326,18.825,-0.88,12.14,0.35,1787593634956.9326,False,,,5,OP1,C2_WIFI_CARGA_MEDIA,N3
,0.511,0.369,0.395,1.0,,1787593635012.522,18.825,-0.88,12.14,0.35,1787593635013.5193,False,,,5,OP1,C2_WIFI_CARGA_MEDIA,N3
,0.511,0.368,0.394,1.0,,1787593635056.1997,18.79,-0.88,12.08,0.35,1787593635056.1997,False,,,5,OP1,C2_WIFI_CARGA_MEDIA,N3
,0.511,0.368,0.394,1.0,,1787593635087.008,18.79,-0.88,12.08,0.35,1787593635087.008,False,,,5,OP1,C2_WIFI_CARGA_MEDIA,N3
,0.511,0.368,0.395,1.0,,1787593635123.7898,18.825,-0.88,12.08,0.35,1787593635125.8098,False,,,5,OP1,C2_WIFI_CARGA_MEDIA,N3
,0.511,0.368,0.396,1.0,,1787593635177.016,18.86,-0.88,12.08,0.35,1787593635177.016,False,,,5,OP1,C2_WIFI_CARGA_MEDIA,N3
,0.511,0.367,0.399,1.0,,1787593635231.2163,18.965,-0.88,12.02,0.35,1787593635231.2163,False,,,5,OP1,C2_WIFI_CARGA_MEDIA,N3
,0.511,0.367,0.4,1.0,,1787593635261.2434,19.0,-0.88,12.02,0.35,1787593635263.2551,False,,,5,OP1,C2_WIFI_CARGA_MEDIA,N3
,0.511,0.367,0.4,1.0,,1787593635291.016,19.0,-0.88,12.02,0.35,1787593635292.7727,False,,,5,OP1,C2_WIFI_CARGA_MEDIA,N3
,0.51,0.366,0.401,1.0,,1787593635334.342,19.035,-0.8,11.96,0.35,1787593635336.3486,False,,,5,OP1,C2_WIFI_CARGA_MEDIA,N3
,0.51,0.366,0.402,1.0,,1787593635368.8384,19.07,-0.8,11.96,0.35,1787593635370.889,False,,,5,OP1,C2_WIFI_CARGA_MEDIA,N3
,0.51,0.366,0.402,1.0,,1787593635427.2104,19.07,-0.8,11.96,0.35,1787593635427.2104,False,,,5,OP1,C2_WIFI_CARGA_MEDIA,N3
,0.51,0.366,0.402,1.0,,1787593635478.869,19.07,-0.8,11.96,0.35,1787593635478.869,False,,,5,OP1,C2_WIFI_CARGA_MEDIA,N3
,0.51,0.365,0.404,1.0,,1787593635544.5054,19.14,-0.8,11.9,0.35,1787593635546.5144,False,,,5,OP1,C2_WIFI_CARGA_MEDIA,N3
,0.51,0.364,0.407,1.0,,1787593635594.344,19.245,-0.8,11.84,0.35,1787593635594.344,False,,,5,OP1,C2_WIFI_CARGA_MEDIA,N3
,0.51,0.364,0.406,1.0,,1787593635631.6091,19.21,-0.8,11.84,0.35,1787593635643.9983,False,,,5,OP1,C2_WIFI_CARGA_MEDIA,N3
,0.511,0.364,0.406,1.0,,1787593635676.9348,19.21,-0.88,11.84,0.35,1787593635676.9348,False,,,5,OP1,C2_WIFI_CARGA_MEDIA,N3
,0.511,0.364,0.407,1.0,,1787593635697.0571,19.245,-0.88,11.84,0.35,1787593635697.0571,False,,,5,OP1,C2_WIFI_CARGA_MEDIA,N3
,0.511,0.364,0.407,1.0,,1787593635737.1665,19.245,-0.88,11.84,0.35,1787593635739.3772,False,,,5,OP1,C2_WIFI_CARGA_MEDIA,N3
,0.511,0.365,0.408,1.0,,1787593635793.047,19.28,-0.88,11.9,0.35,1787593635795.058,False,,,5,OP1,C2_WIFI_CARGA_MEDIA,N3
,0.51,0.364,0.409,1.0,,1787593635837.5933,19.315,-0.8,11.84,0.35,1787593635837.5933,False,,,5,OP1,C2_WIFI_CARGA_MEDIA,N3
,0.51,0.364,0.41,1.0,,1787593635875.0662,19.35,-0.8,11.84,0.35,1787593635875.0662,False,,,5,OP1,C2_WIFI_CARGA_MEDIA,N3
,0.509,0.363,0.41,1.0,,1787593635902.5762,19.35,-0.72,11.78,0.35,1787593635902.5762,False,,,5,OP1,C2_WIFI_CARGA_MEDIA,N3
,0.509,0.363,0.412,1.0,,1787593635951.032,19.42,-0.72,11.78,0.35,1787593635951.032,False,,,5,OP1,C2_WIFI_CARGA_MEDIA,N3
,0.508,0.362,0.412,1.0,,1787593635988.9563,19.42,-0.64,11.72,0.35,1787593635989.8086,False,,,5,OP1,C2_WIFI_CARGA_MEDIA,N3
,0.508,0.361,0.413,1.0,,1787593636042.4749,19.455,-0.64,11.66,0.35,1787593636044.49,False,,,5,OP1,C2_WIFI_CARGA_MEDIA,N3
,0.507,0.361,0.413,1.0,,1787593636096.9924,19.455,-0.56,11.66,0.35,1787593636096.9924,False,,,5,OP1,C2_WIFI_CARGA_MEDIA,N3
,0.507,0.361,0.413,1.0,,1787593636127.2185,19.455,-0.56,11.66,0.35,1787593636127.586,False,,,5,OP1,C2_WIFI_CARGA_MEDIA,N3
,0.507,0.361,0.413,1.0,,1787593636293.9585,19.455,-0.56,11.66,0.35,1787593636294.5208,False,,,5,OP1,C2_WIFI_CARGA_MEDIA,N3
,0.506,0.362,0.41,1.0,,1787593636378.3284,19.35,-0.48,11.72,0.35,1787593636379.8523,False,,,5,OP1,C2_WIFI_CARGA_MEDIA,N3
,0.507,0.364,0.406,1.0,,1787593636419.8716,19.21,-0.56,11.84,0.35,1787593636420.9688,False,,,5,OP1,C2_WIFI_CARGA_MEDIA,N3
,0.507,0.364,0.406,1.0,,1787593636460.327,19.21,-0.56,11.84,0.35,1787593636462.3374,False,,,5,OP1,C2_WIFI_CARGA_MEDIA,N3
,0.508,0.366,0.404,1.0,,1787593636516.4336,19.14,-0.64,11.96,0.35,1787593636516.4336,False,,,5,OP1,C2_WIFI_CARGA_MEDIA,N3
,0.508,0.366,0.401,1.0,,1787593636543.045,19.035,-0.64,11.96,0.35,1787593636545.0566,False,,,5,OP1,C2_WIFI_CARGA_MEDIA,N3
,0.508,0.367,0.398,1.0,,1787593636572.3948,18.93,-0.64,12.02,0.35,1787593636572.3948,False,,,5,OP1,C2_WIFI_CARGA_MEDIA,N3
,0.509,0.373,0.383,1.0,,1787593636623.301,18.405,-0.72,12.38,0.35,1787593636623.301,False,,,5,OP1,C2_WIFI_CARGA_MEDIA,N3
,0.508,0.377,0.37,1.0,,1787593636646.9255,17.95,-0.64,12.62,0.35,1787593636646.9255,False,,,5,OP1,C2_WIFI_CARGA_MEDIA,N3
,0.506,0.382,0.353,1.0,,1787593636672.729,17.355,-0.48,12.92,0.35,1787593636674.7378,False,,,5,OP1,C2_WIFI_CARGA_MEDIA,N3
,0.502,0.387,0.337,1.0,,1787593636712.9094,16.795,-0.16,13.22,0.35,1787593636712.9094,False,,,5,OP1,C2_WIFI_CARGA_MEDIA,N3
,0.497,0.388,0.321,1.0,,1787593636760.3018,16.235,0.24,13.28,0.35,1787593636760.3018,False,,,5,OP1,C2_WIFI_CARGA_MEDIA,N3
,0.494,0.388,0.311,1.0,,1787593636782.5554,15.885,0.48,13.28,0.35,1787593636782.5554,False,,,5,OP1,C2_WIFI_CARGA_MEDIA,N3
,0.491,0.388,0.302,1.0,,1787593636820.2651,15.57,0.72,13.28,0.35,1787593636820.2651,False,,,5,OP1,C2_WIFI_CARGA_MEDIA,N3
,0.486,0.389,0.294,1.0,,1787593636865.655,15.29,1.12,13.34,0.35,1787593636865.655,False,,,5,OP1,C2_WIFI_CARGA_MEDIA,N3
,0.482,0.392,0.285,1.0,,1787593636903.1138,14.975,1.44,13.52,0.35,1787593636907.8918,False,,,5,OP1,C2_WIFI_CARGA_MEDIA,N3
,0.477,0.399,0.263,1.0,,1787593636960.92,14.205,1.84,13.94,0.35,1787593636960.92,False,,,5,OP1,C2_WIFI_CARGA_MEDIA,N3
,0.473,0.404,0.247,1.0,,1787593636987.7563,13.645,2.16,14.24,0.35,1787593636991.2527,False,,,5,OP1,C2_WIFI_CARGA_MEDIA,N3
,0.466,0.41,0.227,1.0,,1787593637035.243,12.945,2.72,14.6,0.35,1787593637035.243,False,,,5,OP1,C2_WIFI_CARGA_MEDIA,N3
,0.464,0.413,0.22,1.0,,1787593637071.7383,12.7,2.88,14.78,0.35,1787593637073.7822,False,,,5,OP1,C2_WIFI_CARGA_MEDIA,N3
,0.463,0.413,0.217,1.0,,1787593637234.6643,12.595,2.96,14.78,0.35,1787593637234.6643,False,,,5,OP1,C2_WIFI_CARGA_MEDIA,N3
,0.459,0.421,0.201,1.0,,1787593637254.939,12.035,3.28,15.26,0.35,1787593637254.939,False,,,5,OP1,C2_WIFI_CARGA_MEDIA,N3
,0.459,0.427,0.197,1.0,,1787593637298.801,11.895,3.28,15.62,0.35,1787593637298.801,False,,,5,OP1,C2_WIFI_CARGA_MEDIA,N3
,0.46,0.442,0.178,1.0,,1787593637353.8833,11.23,3.2,16.52,0.35,1787593637355.394,False,,,5,OP1,C2_WIFI_CARGA_MEDIA,N3
,0.462,0.449,0.159,1.0,,1787593637401.2437,10.565,3.04,16.94,0.35,1787593637409.1536,False,,,5,OP1,C2_WIFI_CARGA_MEDIA,N3
,0.466,0.452,0.15,1.0,,1787593637422.4873,10.25,2.72,17.12,0.35,1787593637423.5798,False,,,5,OP1,C2_WIFI_CARGA_MEDIA,N3
,0.473,0.455,0.136,1.0,,1787593637597.1587,9.76,2.16,17.3,0.35,1787593637597.1587,False,,,5,OP1,C2_WIFI_CARGA_MEDIA,N3
,0.513,0.449,0.052,1.0,,1787593637647.8574,6.82,-1.04,16.94,0.35,1787593637647.8574,False,,,5,OP1,C2_WIFI_CARGA_MEDIA,N3
,0.519,0.442,0.038,1.0,,1787593637672.9214,6.33,-1.52,16.52,0.35,1787593637672.9214,False,,,5,OP1,C2_WIFI_CARGA_MEDIA,N3
,0.525,0.436,0.023,1.0,,1787593637712.5725,5.805,-2.0,16.16,0.35,1787593637715.0854,False,,,5,OP1,C2_WIFI_CARGA_MEDIA,N3
,0.527,0.433,0.014,1.0,,1787593637737.2097,5.49,-2.16,15.98,0.35,1787593637737.2097,False,,,5,OP1,C2_WIFI_CARGA_MEDIA,N3
,0.532,0.423,0.0,1.0,,1787593637781.8672,5.0,-2.56,15.38,0.35,1787593637781.8672,False,,,5,OP1,C2_WIFI_CARGA_MEDIA,N3
,0.533,0.418,0.0,1.0,,1787593637812.3618,5.0,-2.64,15.08,0.35,1787593637812.3618,False,,,5,OP1,C2_WIFI_CARGA_MEDIA,N3
,0.536,0.412,0.0,1.0,,1787593637853.8582,5.0,-2.88,14.72,0.35,1787593637853.8582,False,,,5,OP1,C2_WIFI_CARGA_MEDIA,N3
,0.539,0.403,0.0,1.0,,1787593637897.106,5.0,-3.12,14.18,0.35,1787593637897.466,False,,,5,OP1,C2_WIFI_CARGA_MEDIA,N3
,0.539,0.403,0.0,1.0,,1787593637937.238,5.0,-3.12,14.18,0.35,1787593637937.238,False,,,5,OP1,C2_WIFI_CARGA_MEDIA,N3
,0.537,0.402,0.0,1.0,,1787593637982.397,5.0,-2.96,14.12,0.35,1787593637982.397,False,,,5,OP1,C2_WIFI_CARGA_MEDIA,N3
,0.534,0.403,0.0,1.0,,1787593638019.267,5.0,-2.72,14.18,0.35,1787593638019.267,False,,,5,OP1,C2_WIFI_CARGA_MEDIA,N3
,0.529,0.403,0.0,1.0,,1787593638047.2732,5.0,-2.32,14.18,0.35,1787593638047.2732,False,,,5,OP1,C2_WIFI_CARGA_MEDIA,N3
,0.521,0.402,0.0,1.0,,1787593638095.839,5.0,-1.68,14.12,0.35,1787593638097.8833,False,,,5,OP1,C2_WIFI_CARGA_MEDIA,N3
,0.519,0.402,0.0,1.0,,1787593638118.6152,5.0,-1.52,14.12,0.35,1787593638118.6152,False,,,5,OP1,C2_WIFI_CARGA_MEDIA,N3
,0.518,0.401,0.0,1.0,,1787593638160.2583,5.0,-1.44,14.06,0.35,1787593638161.038,False,,,5,OP1,C2_WIFI_CARGA_MEDIA,N3
,0.517,0.401,0.0,1.0,,1787593638214.3022,5.0,-1.36,14.06,0.35,1787593638214.3022,False,,,5,OP1,C2_WIFI_CARGA_MEDIA,N3
,0.518,0.4,0.0,1.0,,1787593638268.8767,5.0,-1.44,14.0,0.35,1787593638270.9038,False,,,5,OP1,C2_WIFI_CARGA_MEDIA,N3
,0.517,0.4,0.0,1.0,,1787593638297.2295,5.0,-1.36,14.0,0.35,1787593638297.2295,False,,,5,OP1,C2_WIFI_CARGA_MEDIA,N3
,0.517,0.4,0.0,1.0,,1787593638348.0771,5.0,-1.36,14.0,0.35,1787593638350.0835,False,,,5,OP1,C2_WIFI_CARGA_MEDIA,N3
,0.516,0.4,0.0,1.0,,1787593638408.7676,5.0,-1.28,14.0,0.35,1787593638408.7676,False,,,5,OP1,C2_WIFI_CARGA_MEDIA,N3
,0.515,0.4,0.0,1.0,,1787593638456.5251,5.0,-1.2,14.0,0.35,1787593638466.635,False,,,5,OP1,C2_WIFI_CARGA_MEDIA,N3
,0.512,0.398,0.002,1.0,,1787593638518.3076,5.07,-0.96,13.88,0.35,1787593638518.3076,False,,,5,OP1,C2_WIFI_CARGA_MEDIA,N3
,0.509,0.397,0.011,1.0,,1787593638546.8047,5.385,-0.72,13.82,0.35,1787593638551.562,False,,,5,OP1,C2_WIFI_CARGA_MEDIA,N3
,0.506,0.396,0.024,1.0,,1787593638606.0537,5.84,-0.48,13.76,0.35,1787593638606.0537,False,,,5,OP1,C2_WIFI_CARGA_MEDIA,N3
,0.503,0.394,0.037,1.0,,1787593638798.0,6.295,-0.24,13.64,0.35,1787593638798.0,False,,,5,OP1,C2_WIFI_CARGA_MEDIA,N3
,0.488,0.381,0.089,1.0,,1787593638821.5986,8.115,0.96,12.86,0.35,1787593638821.5986,False,,,5,OP1,C2_WIFI_CARGA_MEDIA,N3
,0.486,0.38,0.093,1.0,,1787593638846.6843,8.255,1.12,12.8,0.35,1787593638857.3884,False,,,5,OP1,C2_WIFI_CARGA_MEDIA,N3
,0.483,0.38,0.098,1.0,,1787593638867.974,8.43,1.36,12.8,0.35,1787593638867.974,False,,,5,OP1,C2_WIFI_CARGA_MEDIA,N3
,0.479,0.379,0.103,1.0,,1787593638896.973,8.605,1.68,12.74,0.35,1787593638896.973,False,,,5,OP1,C2_WIFI_CARGA_MEDIA,N3
,0.475,0.379,0.11,1.0,,1787593638930.062,8.85,2.0,12.74,0.35,1787593638930.062,False,,,5,OP1,C2_WIFI_CARGA_MEDIA,N3
,0.47,0.378,0.118,1.0,,1787593638966.234,9.13,2.4,12.68,0.35,1787593638966.234,False,,,5,OP1,C2_WIFI_CARGA_MEDIA,N3
,0.462,0.375,0.137,1.0,,1787593639023.121,9.795,3.04,12.5,0.35,1787593639024.1208,False,,,5,OP1,C2_WIFI_CARGA_MEDIA,N3
,0.455,0.374,0.156,1.0,,1787593639077.9453,10.46,3.6,12.44,0.35,1787593639077.9453,False,,,5,OP1,C2_WIFI_CARGA_MEDIA,N3
,0.453,0.374,0.158,1.0,,1787593639117.9988,10.53,3.76,12.44,0.35,1787593639119.001,False,,,5,OP1,C2_WIFI_CARGA_MEDIA,N3
,0.452,0.375,0.159,1.0,,1787593639153.0083,10.565,3.84,12.5,0.35,1787593639154.0662,False,,,5,OP1,C2_WIFI_CARGA_MEDIA,N3
,0.452,0.376,0.158,1.0,,1787593639185.8218,10.53,3.84,12.56,0.35,1787593639185.8218,False,,,5,OP1,C2_WIFI_CARGA_MEDIA,N3
,0.452,0.377,0.159,1.0,,1787593639216.7495,10.565,3.84,12.62,0.35,1787593639216.7495,False,,,5,OP1,C2_WIFI_CARGA_MEDIA,N3
,0.452,0.377,0.161,1.0,,1787593639267.4946,10.635,3.84,12.62,0.35,1787593639267.4946,False,,,5,OP1,C2_WIFI_CARGA_MEDIA,N3
,0.453,0.377,0.16,1.0,,1787593639290.6094,10.6,3.76,12.62,0.35,1787593639290.6094,False,,,5,OP1,C2_WIFI_CARGA_MEDIA,N3
,0.453,0.377,0.159,1.0,,1787593639322.4976,10.565,3.76,12.62,0.35,1787593639322.4976,False,,,5,OP1,C2_WIFI_CARGA_MEDIA,N3
,0.455,0.377,0.156,1.0,,1787593639383.9026,10.46,3.6,12.62,0.35,1787593639385.92,False,,,5,OP1,C2_WIFI_CARGA_MEDIA,N3
,0.459,0.374,0.148,1.0,,1787593639431.226,10.18,3.28,12.44,0.35,1787593639431.226,False,,,5,OP1,C2_WIFI_CARGA_MEDIA,N3
,0.461,0.372,0.145,1.0,,1787593639468.6455,10.075,3.12,12.32,0.35,1787593639468.6455,False,,,5,OP1,C2_WIFI_CARGA_MEDIA,N3
,0.464,0.37,0.14,1.0,,1787593639521.0205,9.9,2.88,12.2,0.35,1787593639521.0205,False,,,5,OP1,C2_WIFI_CARGA_MEDIA,N3
,0.466,0.368,0.138,1.0,,1787593639701.2544,9.83,2.72,12.08,0.35,1787593639701.2544,False,,,5,OP1,C2_WIFI_CARGA_MEDIA,N3
,0.484,0.356,0.092,1.0,,1787593639870.8027,8.22,1.28,11.36,0.35,1787593639870.8027,False,,,5,OP1,C2_WIFI_CARGA_MEDIA,N3
,0.492,0.355,0.074,1.0,,1787593639897.2007,7.59,0.64,11.3,0.35,1787593639897.2007,False,,,5,OP1,C2_WIFI_CARGA_MEDIA,N3
,0.493,0.354,0.072,1.0,,1787593639933.73,7.52,0.56,11.24,0.35,1787593639933.73,False,,,5,OP1,C2_WIFI_CARGA_MEDIA,N3
,0.495,0.354,0.071,1.0,,1787593639955.0393,7.485,0.4,11.24,0.35,1787593639956.8037,False,,,5,OP1,C2_WIFI_CARGA_MEDIA,N3
,0.496,0.352,0.07,1.0,,1787593639996.9617,7.45,0.32,11.12,0.35,1787593639996.9617,False,,,5,OP1,C2_WIFI_CARGA_MEDIA,N3
,0.497,0.351,0.071,1.0,,1787593640035.9253,7.485,0.24,11.06,0.35,1787593640035.9253,False,,,5,OP1,C2_WIFI_CARGA_MEDIA,N3
,0.497,0.351,0.071,1.0,,1787593640069.4883,7.485,0.24,11.06,0.35,1787593640069.4883,False,,,5,OP1,C2_WIFI_CARGA_MEDIA,N3
,0.498,0.351,0.072,1.0,,1787593640097.7393,7.52,0.16,11.06,0.35,1787593640097.7393,False,,,5,OP1,C2_WIFI_CARGA_MEDIA,N3
,0.498,0.35,0.072,1.0,,1787593640129.694,7.52,0.16,11.0,0.35,1787593640131.702,False,,,5,OP1,C2_WIFI_CARGA_MEDIA,N3
,0.498,0.35,0.073,1.0,,1787593640157.2307,7.555,0.16,11.0,0.35,1787593640158.425,False,,,5,OP1,C2_WIFI_CARGA_MEDIA,N3
,0.499,0.349,0.073,1.0,,1787593640191.8083,7.555,0.08,10.94,0.35,1787593640193.8557,False,,,5,OP1,C2_WIFI_CARGA_MEDIA,N3
,0.498,0.349,0.072,1.0,,1787593640232.724,7.52,0.16,10.94,0.35,1787593640232.724,False,,,5,OP1,C2_WIFI_CARGA_MEDIA,N3
,0.497,0.348,0.072,1.0,,1787593640258.2195,7.52,0.24,10.88,0.35,1787593640259.3066,False,,,5,OP1,C2_WIFI_CARGA_MEDIA,N3
,0.497,0.347,0.072,1.0,,1787593640301.8774,7.52,0.24,10.82,0.35,1787593640303.8862,False,,,5,OP1,C2_WIFI_CARGA_MEDIA,N3
,0.496,0.347,0.073,1.0,,1787593640330.545,7.555,0.32,10.82,0.35,1787593640330.545,False,,,5,OP1,C2_WIFI_CARGA_MEDIA,N3
,0.495,0.346,0.073,1.0,,1787593640359.9646,7.555,0.4,10.76,0.35,1787593640360.9878,False,,,5,OP1,C2_WIFI_CARGA_MEDIA,N3
,0.494,0.345,0.074,1.0,,1787593640399.4055,7.59,0.48,10.7,0.35,1787593640399.4055,False,,,5,OP1,C2_WIFI_CARGA_MEDIA,N3
,0.494,0.344,0.074,1.0,,1787593640438.8557,7.59,0.48,10.64,0.35,1787593640438.8557,False,,,5,OP1,C2_WIFI_CARGA_MEDIA,N3
,0.494,0.343,0.075,1.0,,1787593640461.4893,7.625,0.48,10.58,0.35,1787593640462.4695,False,,,5,OP1,C2_WIFI_CARGA_MEDIA,N3
,0.494,0.343,0.074,1.0,,1787593640497.224,7.59,0.48,10.58,0.35,1787593640499.233,False,,,5,OP1,C2_WIFI_CARGA_MEDIA,N3
,0.493,0.341,0.076,1.0,,1787593640536.4963,7.66,0.56,10.46,0.35,1787593640536.4963,False,,,5,OP1,C2_WIFI_CARGA_MEDIA,N3
,0.493,0.34,0.077,1.0,,1787593640562.051,7.695,0.56,10.4,0.35,1787593640562.051,False,,,5,OP1,C2_WIFI_CARGA_MEDIA,N3
,0.492,0.34,0.077,1.0,,1787593640611.751,7.695,0.64,10.4,0.35,1787593640612.9487,False,,,5,OP1,C2_WIFI_CARGA_MEDIA,N3
,0.491,0.34,0.079,1.0,,1787593640666.7,7.765,0.72,10.4,0.35,1787593640669.5466,False,,,5,OP1,C2_WIFI_CARGA_MEDIA,N3
,0.49,0.34,0.081,1.0,,1787593640713.6309,7.835,0.8,10.4,0.35,1787593640713.6309,False,,,5,OP1,C2_WIFI_CARGA_MEDIA,N3
,0.489,0.339,0.083,1.0,,1787593640748.8003,7.905,0.88,10.34,0.35,1787593640748.8003,False,,,5,OP1,C2_WIFI_CARGA_MEDIA,N3
,0.489,0.339,0.085,1.0,,1787593640771.639,7.975,0.88,10.34,0.35,1787593640771.639,False,,,5,OP1,C2_WIFI_CARGA_MEDIA,N3
,0.489,0.338,0.087,1.0,,1787593640796.943,8.045,0.88,10.28,0.35,1787593640807.376,False,,,5,OP1,C2_WIFI_CARGA_MEDIA,N3
,0.488,0.337,0.09,1.0,,1787593640860.7537,8.15,0.96,10.22,0.35,1787593640860.7537,False,,,5,OP1,C2_WIFI_CARGA_MEDIA,N3
,0.488,0.336,0.094,1.0,,1787593640907.5027,8.29,0.96,10.16,0.35,1787593640907.5027,False,,,5,OP1,C2_WIFI_CARGA_MEDIA,N3
,0.488,0.335,0.096,1.0,,1787593640931.8662,8.36,0.96,10.1,0.35,1787593640931.8662,False,,,5,OP1,C2_WIFI_CARGA_MEDIA,N3
,0.488,0.334,0.098,1.0,,1787593640969.4011,8.43,0.96,10.04,0.35,1787593640971.4128,False,,,5,OP1,C2_WIFI_CARGA_MEDIA,N3
,0.487,0.333,0.099,1.0,,1787593641016.162,8.465,1.04,9.98,0.35,1787593641016.162,False,,,5,OP1,C2_WIFI_CARGA_MEDIA,N3
,0.487,0.332,0.102,1.0,,1787593641078.18,8.57,1.04,9.92,0.35,1787593641078.18,False,,,5,OP1,C2_WIFI_CARGA_MEDIA,N3
,0.487,0.332,0.104,1.0,,1787593641107.587,8.64,1.04,9.92,0.35,1787593641107.587,False,,,5,OP1,C2_WIFI_CARGA_MEDIA,N3
,0.487,0.331,0.105,1.0,,1787593641158.3716,8.675,1.04,9.86,0.35,1787593641160.37,False,,,5,OP1,C2_WIFI_CARGA_MEDIA,N3
,0.487,0.331,0.106,1.0,,1787593641179.11,8.71,1.04,9.86,0.35,1787593641179.11,False,,,5,OP1,C2_WIFI_CARGA_MEDIA,N3
,0.487,0.33,0.106,1.0,,1787593641200.868,8.71,1.04,9.8,0.35,1787593641200.868,False,,,5,OP1,C2_WIFI_CARGA_MEDIA,N3
,0.487,0.33,0.105,1.0,,1787593641246.8955,8.675,1.04,9.8,0.35,1787593641246.8955,False,,,5,OP1,C2_WIFI_CARGA_MEDIA,N3
,0.488,0.33,0.104,1.0,,1787593641273.757,8.64,0.96,9.8,0.35,1787593641273.757,False,,,5,OP1,C2_WIFI_CARGA_MEDIA,N3
,0.49,0.33,0.101,1.0,,1787593641318.7002,8.535,0.8,9.8,0.35,1787593641320.316,False,,,5,OP1,C2_WIFI_CARGA_MEDIA,N3
,0.491,0.329,0.1,1.0,,1787593641345.1392,8.5,0.72,9.74,0.35,1787593641345.9773,False,,,5,OP1,C2_WIFI_CARGA_MEDIA,N3
,0.492,0.329,0.1,1.0,,1787593641387.576,8.5,0.64,9.74,0.35,1787593641387.576,False,,,5,OP1,C2_WIFI_CARGA_MEDIA,N3
,0.493,0.329,0.098,1.0,,1787593641416.7537,8.43,0.56,9.74,0.35,1787593641416.7537,False,,,5,OP1,C2_WIFI_CARGA_MEDIA,N3
,0.495,0.33,0.094,1.0,,1787593641471.7195,8.29,0.4,9.8,0.35,1787593641472.7185,False,,,5,OP1,C2_WIFI_CARGA_MEDIA,N3
,0.496,0.33,0.092,1.0,,1787593641507.9873,8.22,0.32,9.8,0.35,1787593641507.9873,False,,,5,OP1,C2_WIFI_CARGA_MEDIA,N3
,0.496,0.33,0.091,1.0,,1787593641542.462,8.185,0.32,9.8,0.35,1787593641542.462,False,,,5,OP1,C2_WIFI_CARGA_MEDIA,N3
,0.496,0.331,0.09,1.0,,1787593641575.7175,8.15,0.32,9.86,0.35,1787593641575.7175,False,,,5,OP1,C2_WIFI_CARGA_MEDIA,N3
,0.495,0.331,0.09,1.0,,1787593641604.6885,8.15,0.4,9.86,0.35,1787593641604.6885,False,,,5,OP1,C2_WIFI_CARGA_MEDIA,N3
,0.495,0.331,0.09,1.0,,1787593641636.462,8.15,0.4,9.86,0.35,1787593641636.462,False,,,5,OP1,C2_WIFI_CARGA_MEDIA,N3
,0.496,0.33,0.09,1.0,,1787593641667.1765,8.15,0.32,9.8,0.35,1787593641667.1765,False,,,5,OP1,C2_WIFI_CARGA_MEDIA,N3
,0.497,0.33,0.091,1.0,,1787593641715.5872,8.185,0.24,9.8,0.35,1787593641715.5872,False,,,5,OP1,C2_WIFI_CARGA_MEDIA,N3
,0.497,0.33,0.091,1.0,,1787593641736.5857,8.185,0.24,9.8,0.35,1787593641736.5857,False,,,5,OP1,C2_WIFI_CARGA_MEDIA,N3
,0.498,0.329,0.091,1.0,,1787593641779.6606,8.185,0.16,9.74,0.35,1787593641779.6606,False,,,5,OP1,C2_WIFI_CARGA_MEDIA,N3
,0.499,0.329,0.09,1.0,,1787593641822.0,8.15,0.08,9.74,0.35,1787593641822.0,False,,,5,OP1,C2_WIFI_CARGA_MEDIA,N3
,0.498,0.33,0.087,1.0,,1787593641882.859,8.045,0.16,9.8,0.35,1787593641883.8943,False,,,5,OP1,C2_WIFI_CARGA_MEDIA,N3
,0.498,0.33,0.086,1.0,,1787593641916.687,8.01,0.16,9.8,0.35,1787593641918.6953,False,,,5,OP1,C2_WIFI_CARGA_MEDIA,N3
,0.499,0.33,0.085,1.0,,1787593641941.2446,7.975,0.08,9.8,0.35,1787593641942.242,False,,,5,OP1,C2_WIFI_CARGA_MEDIA,N3
,0.5,0.33,0.085,1.0,,1787593641972.8567,7.975,0.0,9.8,0.35,1787593641973.8567,False,,,5,OP1,C2_WIFI_CARGA_MEDIA,N3
,0.501,0.328,0.085,1.0,,1787593642017.98,7.975,-0.08,9.68,0.35,1787593642017.98,False,,,5,OP1,C2_WIFI_CARGA_MEDIA,N3
,0.501,0.328,0.083,1.0,,1787593642040.2224,7.905,-0.08,9.68,0.35,1787593642040.2224,False,,,5,OP1,C2_WIFI_CARGA_MEDIA,N3
,0.501,0.327,0.082,1.0,,1787593642085.0547,7.87,-0.08,9.62,0.35,1787593642085.0547,False,,,5,OP1,C2_WIFI_CARGA_MEDIA,N3
,0.501,0.327,0.082,1.0,,1787593642111.6526,7.87,-0.08,9.62,0.35,1787593642111.6526,False,,,5,OP1,C2_WIFI_CARGA_MEDIA,N3
,0.501,0.327,0.081,1.0,,1787593642157.838,7.835,-0.08,9.62,0.35,1787593642157.838,False,,,5,OP1,C2_WIFI_CARGA_MEDIA,N3
,0.501,0.326,0.081,1.0,,1787593642183.699,7.835,-0.08,9.56,0.35,1787593642183.699,False,,,5,OP1,C2_WIFI_CARGA_MEDIA,N3
,0.501,0.326,0.08,1.0,,1787593642217.12,7.8,-0.08,9.56,0.35,1787593642218.3933,False,,,5,OP1,C2_WIFI_CARGA_MEDIA,N3
,0.501,0.326,0.079,1.0,,1787593642240.1587,7.765,-0.08,9.56,0.35,1787593642240.1587,False,,,5,OP1,C2_WIFI_CARGA_MEDIA,N3
,0.501,0.326,0.078,1.0,,1787593642276.8328,7.73,-0.08,9.56,0.35,1787593642276.8328,False,,,5,OP1,C2_WIFI_CARGA_MEDIA,N3
,0.501,0.325,0.076,1.0,,1787593642321.4607,7.66,-0.08,9.5,0.35,1787593642321.4607,False,,,5,OP1,C2_WIFI_CARGA_MEDIA,N3
,0.501,0.325,0.076,1.0,,1787593642342.4531,7.66,-0.08,9.5,0.35,1787593642344.5403,False,,,5,OP1,C2_WIFI_CARGA_MEDIA,N3
,0.501,0.324,0.075,1.0,,1787593642386.0125,7.625,-0.08,9.44,0.35,1787593642386.0125,False,,,5,OP1,C2_WIFI_CARGA_MEDIA,N3
,0.501,0.324,0.075,1.0,,1787593642419.0889,7.625,-0.08,9.44,0.35,1787593642419.0889,False,,,5,OP1,C2_WIFI_CARGA_MEDIA,N3
,0.501,0.323,0.074,1.0,,1787593642443.219,7.59,-0.08,9.38,0.35,1787593642444.6064,False,,,5,OP1,C2_WIFI_CARGA_MEDIA,N3
,0.501,0.323,0.074,1.0,,1787593642472.3352,7.59,-0.08,9.38,0.35,1787593642477.2563,False,,,5,OP1,C2_WIFI_CARGA_MEDIA,N3
,0.501,0.322,0.073,1.0,,1787593642522.5364,7.555,-0.08,9.32,0.35,1787593642522.5364,False,,,5,OP1,C2_WIFI_CARGA_MEDIA,N3
,0.501,0.321,0.074,1.0,,1787593642544.7856,7.59,-0.08,9.26,0.35,1787593642546.9033,False,,,5,OP1,C2_WIFI_CARGA_MEDIA,N3
,0.501,0.321,0.074,1.0,,1787593642580.7974,7.59,-0.08,9.26,0.35,1787593642580.7974,False,,,5,OP1,C2_WIFI_CARGA_MEDIA,N3
,0.501,0.321,0.075,1.0,,1787593642614.45,7.625,-0.08,9.26,0.35,1787593642614.45,False,,,5,OP1,C2_WIFI_CARGA_MEDIA,N3
,0.501,0.32,0.077,1.0,,1787593642644.8037,7.695,-0.08,9.2,0.35,1787593642645.827,False,,,5,OP1,C2_WIFI_CARGA_MEDIA,N3
,0.501,0.32,0.077,1.0,,1787593642681.2258,7.695,-0.08,9.2,0.35,1787593642681.2258,False,,,5,OP1,C2_WIFI_CARGA_MEDIA,N3
,0.501,0.32,0.076,1.0,,1787593642724.141,7.66,-0.08,9.2,0.35,1787593642726.15,False,,,5,OP1,C2_WIFI_CARGA_MEDIA,N3
,0.501,0.32,0.076,1.0,,1787593642748.9937,7.66,-0.08,9.2,0.35,1787593642749.994,False,,,5,OP1,C2_WIFI_CARGA_MEDIA,N3
,0.502,0.319,0.075,1.0,,1787593642782.9429,7.625,-0.16,9.14,0.35,1787593642782.9429,False,,,5,OP1,C2_WIFI_CARGA_MEDIA,N3
,0.502,0.318,0.076,1.0,,1787593642831.0378,7.66,-0.16,9.08,0.35,1787593642831.0378,False,,,5,OP1,C2_WIFI_CARGA_MEDIA,N3
,0.503,0.318,0.075,1.0,,1787593642891.7769,7.625,-0.24,9.08,0.35,1787593642891.7769,False,,,5,OP1,C2_WIFI_CARGA_MEDIA,N3
,0.503,0.318,0.074,1.0,,1787593642919.2324,7.59,-0.24,9.08,0.35,1787593642921.2395,False,,,5,OP1,C2_WIFI_CARGA_MEDIA,N3
,0.503,0.318,0.073,1.0,,1787593642946.1558,7.555,-0.24,9.08,0.35,1787593642947.166,False,,,5,OP1,C2_WIFI_CARGA_MEDIA,N3
,0.503,0.318,0.072,1.0,,1787593642974.1963,7.52,-0.24,9.08,0.35,1787593642979.361,False,,,5,OP1,C2_WIFI_CARGA_MEDIA,N3
,0.503,0.318,0.072,1.0,,1787593642996.7532,7.52,-0.24,9.08,0.35,1787593642996.7532,False,,,5,OP1,C2_WIFI_CARGA_MEDIA,N3
,0.503,0.318,0.072,1.0,,1787593643024.5308,7.52,-0.24,9.08,0.35,1787593643024.5308,False,,,5,OP1,C2_WIFI_CARGA_MEDIA,N3
,0.504,0.319,0.072,1.0,,1787593643049.3928,7.52,-0.32,9.14,0.35,1787593643049.3928,False,,,5,OP1,C2_WIFI_CARGA_MEDIA,N3
,0.504,0.319,0.072,1.0,,1787593643087.92,7.52,-0.32,9.14,0.35,1787593643087.92,False,,,5,OP1,C2_WIFI_CARGA_MEDIA,N3
,0.505,0.319,0.07,1.0,,1787593643131.8784,7.45,-0.4,9.14,0.35,1787593643131.8784,False,,,5,OP1,C2_WIFI_CARGA_MEDIA,N3
,0.506,0.319,0.07,1.0,,1787593643197.0806,7.45,-0.48,9.14,0.35,1787593643197.0806,False,,,5,OP1,C2_WIFI_CARGA_MEDIA,N3
,0.506,0.319,0.069,1.0,,1787593643218.8755,7.415,-0.48,9.14,0.35,1787593643218.8755,False,,,5,OP1,C2_WIFI_CARGA_MEDIA,N3
,0.507,0.32,0.068,1.0,,1787593643251.775,7.38,-0.56,9.2,0.35,1787593643253.807,False,,,5,OP1,C2_WIFI_CARGA_MEDIA,N3
,0.507,0.32,0.067,1.0,,1787593643293.4336,7.345,-0.56,9.2,0.35,1787593643293.4336,False,,,5,OP1,C2_WIFI_CARGA_MEDIA,N3
,0.508,0.32,0.066,1.0,,1787593643328.008,7.31,-0.64,9.2,0.35,1787593643328.008,False,,,5,OP1,C2_WIFI_CARGA_MEDIA,N3
,0.508,0.32,0.066,1.0,,1787593643350.864,7.31,-0.64,9.2,0.35,1787593643350.864,False,,,5,OP1,C2_WIFI_CARGA_MEDIA,N3
,0.508,0.32,0.066,1.0,,1787593643393.715,7.31,-0.64,9.2,0.35,1787593643393.715,False,,,5,OP1,C2_WIFI_CARGA_MEDIA,N3
,0.509,0.32,0.066,1.0,,1787593643420.5212,7.31,-0.72,9.2,0.35,1787593643422.5305,False,,,5,OP1,C2_WIFI_CARGA_MEDIA,N3
,0.509,0.319,0.066,1.0,,1787593643450.5195,7.31,-0.72,9.14,0.35,1787593643451.743,False,,,5,OP1,C2_WIFI_CARGA_MEDIA,N3
,0.509,0.319,0.066,1.0,,1787593643496.9106,7.31,-0.72,9.14,0.35,1787593643496.9106,False,,,5,OP1,C2_WIFI_CARGA_MEDIA,N3
,0.508,0.319,0.066,1.0,,1787593643521.925,7.31,-0.64,9.14,0.35,1787593643521.925,False,,,5,OP1,C2_WIFI_CARGA_MEDIA,N3
,0.508,0.319,0.066,1.0,,1787593643552.881,7.31,-0.64,9.14,0.35,1787593643552.881,False,,,5,OP1,C2_WIFI_CARGA_MEDIA,N3
,0.508,0.319,0.068,1.0,,1787593643588.9128,7.38,-0.64,9.14,0.35,1787593643588.9128,False,,,5,OP1,C2_WIFI_CARGA_MEDIA,N3
,0.508,0.318,0.069,1.0,,1787593643632.417,7.415,-0.64,9.08,0.35,1787593643632.417,False,,,5,OP1,C2_WIFI_CARGA_MEDIA,N3
,0.508,0.318,0.07,1.0,,1787593643655.9194,7.45,-0.64,9.08,0.35,1787593643657.929,False,,,5,OP1,C2_WIFI_CARGA_MEDIA,N3
,0.508,0.317,0.07,1.0,,1787593643697.0334,7.45,-0.64,9.02,0.35,1787593643697.0334,False,,,5,OP1,C2_WIFI_CARGA_MEDIA,N3
,0.508,0.317,0.072,1.0,,1787593643722.527,7.52,-0.64,9.02,0.35,1787593643722.527,False,,,5,OP1,C2_WIFI_CARGA_MEDIA,N3
,0.508,0.316,0.074,1.0,,1787593643753.0366,7.59,-0.64,8.96,0.35,1787593643753.9116,False,,,5,OP1,C2_WIFI_CARGA_MEDIA,N3
,0.507,0.315,0.076,1.0,,1787593643797.193,7.66,-0.56,8.9,0.35,1787593643801.5652,False,,,5,OP1,C2_WIFI_CARGA_MEDIA,N3
,0.507,0.315,0.078,1.0,,1787593643835.3096,7.73,-0.56,8.9,0.35,1787593643835.3096,False,,,5,OP1,C2_WIFI_CARGA_MEDIA,N3
,0.506,0.315,0.078,1.0,,1787593643889.942,7.73,-0.48,8.9,0.35,1787593643892.164,False,,,5,OP1,C2_WIFI_CARGA_MEDIA,N3
,0.505,0.315,0.078,1.0,,1787593643923.3655,7.73,-0.4,8.9,0.35,1787593643923.923,False,,,5,OP1,C2_WIFI_CARGA_MEDIA,N3
,0.505,0.314,0.078,1.0,,1787593643965.1604,7.73,-0.4,8.84,0.35,1787593643965.1604,False,,,5,OP1,C2_WIFI_CARGA_MEDIA,N3
,0.504,0.314,0.078,1.0,,1787593643986.6477,7.73,-0.32,8.84,0.35,1787593643986.6477,False,,,5,OP1,C2_WIFI_CARGA_MEDIA,N3
,0.504,0.314,0.079,1.0,,1787593644032.923,7.765,-0.32,8.84,0.35,1787593644032.923,False,,,5,OP1,C2_WIFI_CARGA_MEDIA,N3
,0.503,0.314,0.08,1.0,,1787593644060.6072,7.8,-0.24,8.84,0.35,1787593644062.6174,False,,,5,OP1,C2_WIFI_CARGA_MEDIA,N3
,0.503,0.314,0.082,1.0,,1787593644090.64,7.87,-0.24,8.84,0.35,1787593644091.194,False,,,5,OP1,C2_WIFI_CARGA_MEDIA,N3
,0.502,0.314,0.084,1.0,,1787593644131.1814,7.94,-0.16,8.84,0.35,1787593644131.1814,False,,,5,OP1,C2_WIFI_CARGA_MEDIA,N3
,0.502,0.314,0.085,1.0,,1787593644167.4146,7.975,-0.16,8.84,0.35,1787593644167.4146,False,,,5,OP1,C2_WIFI_CARGA_MEDIA,N3
,0.501,0.314,0.086,1.0,,1787593644190.6628,8.01,-0.08,8.84,0.35,1787593644190.6628,False,,,5,OP1,C2_WIFI_CARGA_MEDIA,N3
,0.501,0.313,0.087,1.0,,1787593644227.6135,8.045,-0.08,8.78,0.35,1787593644229.624,False,,,5,OP1,C2_WIFI_CARGA_MEDIA,N3
,0.501,0.312,0.089,1.0,,1787593644267.345,8.115,-0.08,8.72,0.35,1787593644267.345,False,,,5,OP1,C2_WIFI_CARGA_MEDIA,N3
,0.501,0.311,0.089,1.0,,1787593644290.9658,8.115,-0.08,8.66,0.35,1787593644292.0725,False,,,5,OP1,C2_WIFI_CARGA_MEDIA,N3
,0.501,0.31,0.09,1.0,,1787593644469.0833,8.15,-0.08,8.6,0.35,1787593644469.0833,False,,,5,OP1,C2_WIFI_CARGA_MEDIA,N3
,0.505,0.307,0.098,1.0,,1787593644492.4905,8.43,-0.4,8.42,0.35,1787593644494.4856,False,,,5,OP1,C2_WIFI_CARGA_MEDIA,N3
,0.505,0.307,0.099,1.0,,1787593644533.6455,8.465,-0.4,8.42,0.35,1787593644533.6455,False,,,5,OP1,C2_WIFI_CARGA_MEDIA,N3
,0.505,0.307,0.099,1.0,,1787593644693.8232,8.465,-0.4,8.42,0.35,1787593644694.4312,False,,,5,OP1,C2_WIFI_CARGA_MEDIA,N3
,0.507,0.305,0.101,1.0,,1787593644732.1948,8.535,-0.56,8.3,0.35,1787593644732.1948,False,,,5,OP1,C2_WIFI_CARGA_MEDIA,N3
,0.507,0.304,0.1,1.0,,1787593644773.3696,8.5,-0.56,8.24,0.35,1787593644773.3696,False,,,5,OP1,C2_WIFI_CARGA_MEDIA,N3
,0.508,0.304,0.101,1.0,,1787593644796.6042,8.535,-0.64,8.24,0.35,1787593644797.1167,False,,,5,OP1,C2_WIFI_CARGA_MEDIA,N3
,0.508,0.304,0.101,1.0,,1787593644837.4363,8.535,-0.64,8.24,0.35,1787593644837.4363,False,,,5,OP1,C2_WIFI_CARGA_MEDIA,N3
,0.509,0.303,0.101,1.0,,1787593644868.4167,8.535,-0.72,8.18,0.35,1787593644869.6982,False,,,5,OP1,C2_WIFI_CARGA_MEDIA,N3
,0.509,0.303,0.101,1.0,,1787593644894.8738,8.535,-0.72,8.18,0.35,1787593644896.568,False,,,5,OP1,C2_WIFI_CARGA_MEDIA,N3
,0.51,0.303,0.101,1.0,,1787593644927.031,8.535,-0.8,8.18,0.35,1787593644927.031,False,,,5,OP1,C2_WIFI_CARGA_MEDIA,N3
,0.511,0.304,0.099,1.0,,1787593644968.236,8.465,-0.88,8.24,0.35,1787593644968.236,False,,,5,OP1,C2_WIFI_CARGA_MEDIA,N3
,0.511,0.305,0.098,1.0,,1787593644995.6406,8.43,-0.88,8.3,0.35,1787593644995.6406,False,,,5,OP1,C2_WIFI_CARGA_MEDIA,N3
,0.511,0.305,0.097,1.0,,1787593645034.9517,8.395,-0.88,8.3,0.35,1787593645036.959,False,,,5,OP1,C2_WIFI_CARGA_MEDIA,N3
,0.511,0.305,0.098,1.0,,1787593645075.376,8.43,-0.88,8.3,0.35,1787593645075.376,False,,,5,OP1,C2_WIFI_CARGA_MEDIA,N3
,0.511,0.305,0.098,1.0,,1787593645097.6377,8.43,-0.88,8.3,0.35,1787593645098.7422,False,,,5,OP1,C2_WIFI_CARGA_MEDIA,N3
,0.511,0.305,0.098,1.0,,1787593645300.1245,8.43,-0.88,8.3,0.35,1787593645300.505,False,,,5,OP1,C2_WIFI_CARGA_MEDIA,N3
,0.51,0.305,0.097,1.0,,1787593645372.0974,8.395,-0.8,8.3,0.35,1787593645374.0908,False,,,5,OP1,C2_WIFI_CARGA_MEDIA,N3
,0.509,0.307,0.092,1.0,,1787593645399.1443,8.22,-0.72,8.42,0.35,1787593645400.1467,False,,,5,OP1,C2_WIFI_CARGA_MEDIA,N3
,0.509,0.307,0.091,1.0,,1787593645436.5496,8.185,-0.72,8.42,0.35,1787593645447.4956,False,,,5,OP1,C2_WIFI_CARGA_MEDIA,N3
,0.509,0.307,0.091,1.0,,1787593645480.6172,8.185,-0.72,8.42,0.35,1787593645480.6172,False,,,5,OP1,C2_WIFI_CARGA_MEDIA,N3
,0.508,0.307,0.092,1.0,,1787593645501.5452,8.22,-0.64,8.42,0.35,1787593645501.5452,False,,,5,OP1,C2_WIFI_CARGA_MEDIA,N3
,0.508,0.307,0.092,1.0,,1787593645538.0393,8.22,-0.64,8.42,0.35,1787593645538.0393,False,,,5,OP1,C2_WIFI_CARGA_MEDIA,N3
,0.508,0.307,0.093,1.0,,1787593645581.134,8.255,-0.64,8.42,0.35,1787593645582.7542,False,,,5,OP1,C2_WIFI_CARGA_MEDIA,N3
,0.508,0.307,0.094,1.0,,1787593645648.8584,8.29,-0.64,8.42,0.35,1787593645648.8584,False,,,5,OP1,C2_WIFI_CARGA_MEDIA,N3
,0.507,0.307,0.094,1.0,,1787593645672.9932,8.29,-0.56,8.42,0.35,1787593645672.9932,False,,,5,OP1,C2_WIFI_CARGA_MEDIA,N3
,0.507,0.307,0.094,1.0,,1787593645703.441,8.29,-0.56,8.42,0.35,1787593645704.3708,False,,,5,OP1,C2_WIFI_CARGA_MEDIA,N3
,0.506,0.307,0.096,1.0,,1787593645752.312,8.36,-0.48,8.42,0.35,1787593645754.3228,False,,,5,OP1,C2_WIFI_CARGA_MEDIA,N3
,0.506,0.307,0.096,1.0,,1787593645786.5537,8.36,-0.48,8.42,0.35,1787593645786.5537,False,,,5,OP1,C2_WIFI_CARGA_MEDIA,N3
,0.506,0.307,0.097,1.0,,1787593645845.2578,8.395,-0.48,8.42,0.35,1787593645846.7705,False,,,5,OP1,C2_WIFI_CARGA_MEDIA,N3
,0.506,0.307,0.098,1.0,,1787593645898.45,8.43,-0.48,8.42,0.35,1787593645898.45,False,,,5,OP1,C2_WIFI_CARGA_MEDIA,N3
,0.506,0.307,0.099,1.0,,1787593645949.4211,8.465,-0.48,8.42,0.35,1787593645951.0378,False,,,5,OP1,C2_WIFI_CARGA_MEDIA,N3
,0.506,0.307,0.098,1.0,,1787593645982.4414,8.43,-0.48,8.42,0.35,1787593645984.4478,False,,,5,OP1,C2_WIFI_CARGA_MEDIA,N3
,0.506,0.307,0.098,1.0,,1787593646005.4736,8.43,-0.48,8.42,0.35,1787593646006.9463,False,,,5,OP1,C2_WIFI_CARGA_MEDIA,N3
,0.506,0.308,0.097,1.0,,1787593646038.9448,8.395,-0.48,8.48,0.35,1787593646038.9448,False,,,5,OP1,C2_WIFI_CARGA_MEDIA,N3
,0.506,0.308,0.095,1.0,,1787593646096.906,8.325,-0.48,8.48,0.35,1787593646096.906,False,,,5,OP1,C2_WIFI_CARGA_MEDIA,N3
,0.506,0.308,0.093,1.0,,1787593646144.1145,8.255,-0.48,8.48,0.35,1787593646144.1145,False,,,5,OP1,C2_WIFI_CARGA_MEDIA,N3
,0.506,0.309,0.091,1.0,,1787593646175.911,8.185,-0.48,8.54,0.35,1787593646178.9348,False,,,5,OP1,C2_WIFI_CARGA_MEDIA,N3
,0.506,0.309,0.09,1.0,,1787593646206.242,8.15,-0.48,8.54,0.35,1787593646206.242,False,,,5,OP1,C2_WIFI_CARGA_MEDIA,N3
,0.506,0.31,0.088,1.0,,1787593646246.9316,8.08,-0.48,8.6,0.35,1787593646246.9316,False,,,5,OP1,C2_WIFI_CARGA_MEDIA,N3
,0.506,0.31,0.087,1.0,,1787593646285.1724,8.045,-0.48,8.6,0.35,1787593646285.1724,False,,,5,OP1,C2_WIFI_CARGA_MEDIA,N3
,0.505,0.311,0.087,1.0,,1787593646309.5916,8.045,-0.4,8.66,0.35,1787593646309.5916,False,,,5,OP1,C2_WIFI_CARGA_MEDIA,N3
,0.505,0.311,0.087,1.0,,1787593646346.0608,8.045,-0.4,8.66,0.35,1787593646346.5674,False,,,5,OP1,C2_WIFI_CARGA_MEDIA,N3
,0.505,0.312,0.087,1.0,,1787593646512.2712,8.045,-0.4,8.72,0.35,1787593646514.282,False,,,5,OP1,C2_WIFI_CARGA_MEDIA,N3
,0.505,0.313,0.088,1.0,,1787593646542.9338,8.08,-0.4,8.78,0.35,1787593646543.9492,False,,,5,OP1,C2_WIFI_CARGA_MEDIA,N3
,0.506,0.313,0.088,1.0,,1787593646581.3782,8.08,-0.48,8.78,0.35,1787593646583.4036,False,,,5,OP1,C2_WIFI_CARGA_MEDIA,N3
,0.506,0.313,0.09,1.0,,1787593646620.0564,8.15,-0.48,8.78,0.35,1787593646620.0564,False,,,5,OP1,C2_WIFI_CARGA_MEDIA,N3
,0.507,0.313,0.092,1.0,,1787593646642.243,8.22,-0.56,8.78,0.35,1787593646644.354,False,,,5,OP1,C2_WIFI_CARGA_MEDIA,N3
,0.507,0.313,0.092,1.0,,1787593646679.5325,8.22,-0.56,8.78,0.35,1787593646679.5325,False,,,5,OP1,C2_WIFI_CARGA_MEDIA,N3
,0.507,0.312,0.094,1.0,,1787593646721.506,8.29,-0.56,8.72,0.35,1787593646721.506,False,,,5,OP1,C2_WIFI_CARGA_MEDIA,N3
,0.507,0.313,0.094,1.0,,1787593646744.7976,8.29,-0.56,8.78,0.35,1787593646745.6611,False,,,5,OP1,C2_WIFI_CARGA_MEDIA,N3
,0.507,0.313,0.093,1.0,,1787593646781.366,8.255,-0.56,8.78,0.35,1787593646782.3552,False,,,5,OP1,C2_WIFI_CARGA_MEDIA,N3
,0.507,0.313,0.093,1.0,,1787593646817.9011,8.255,-0.56,8.78,0.35,1787593646817.9011,False,,,5,OP1,C2_WIFI_CARGA_MEDIA,N3
,0.507,0.313,0.093,1.0,,1787593646845.151,8.255,-0.56,8.78,0.35,1787593646846.764,False,,,5,OP1,C2_WIFI_CARGA_MEDIA,N3
,0.507,0.314,0.093,1.0,,1787593646889.8745,8.255,-0.56,8.84,0.35,1787593646889.8745,False,,,5,OP1,C2_WIFI_CARGA_MEDIA,N3
,0.507,0.313,0.094,1.0,,1787593646923.6738,8.29,-0.56,8.78,0.35,1787593646923.6738,False,,,5,OP1,C2_WIFI_CARGA_MEDIA,N3
,0.507,0.313,0.094,1.0,,1787593646945.1206,8.29,-0.56,8.78,0.35,1787593646946.7236,False,,,5,OP1,C2_WIFI_CARGA_MEDIA,N3
,0.507,0.313,0.096,1.0,,1787593646985.1,8.36,-0.56,8.78,0.35,1787593646986.1284,False,,,5,OP1,C2_WIFI_CARGA_MEDIA,N3
,0.507,0.313,0.098,1.0,,1787593647014.266,8.43,-0.56,8.78,0.35,1787593647014.7024,False,,,5,OP1,C2_WIFI_CARGA_MEDIA,N3
,0.504,0.315,0.1,1.0,,1787593647048.7212,8.5,-0.32,8.9,0.35,1787593647048.7212,False,,,5,OP1,C2_WIFI_CARGA_MEDIA,N3
,0.504,0.315,0.101,1.0,,1787593647091.3015,8.535,-0.32,8.9,0.35,1787593647091.3015,False,,,5,OP1,C2_WIFI_CARGA_MEDIA,N3
,0.504,0.315,0.102,1.0,,1787593647123.3933,8.57,-0.32,8.9,0.35,1787593647123.3933,False,,,5,OP1,C2_WIFI_CARGA_MEDIA,N3
,0.503,0.314,0.104,1.0,,1787593647145.3623,8.64,-0.24,8.84,0.35,1787593647145.3623,False,,,5,OP1,C2_WIFI_CARGA_MEDIA,N3
,0.503,0.314,0.105,1.0,,1787593647181.8623,8.675,-0.24,8.84,0.35,1787593647182.3972,False,,,5,OP1,C2_WIFI_CARGA_MEDIA,N3
,0.503,0.313,0.107,1.0,,1787593647224.887,8.745,-0.24,8.78,0.35,1787593647224.887,False,,,5,OP1,C2_WIFI_CARGA_MEDIA,N3
,0.503,0.313,0.108,1.0,,1787593647246.85,8.78,-0.24,8.78,0.35,1787593647247.8647,False,,,5,OP1,C2_WIFI_CARGA_MEDIA,N3
,0.503,0.313,0.109,1.0,,1787593647290.6658,8.815,-0.24,8.78,0.35,1787593647290.6658,False,,,5,OP1,C2_WIFI_CARGA_MEDIA,N3
,0.503,0.313,0.109,1.0,,1787593647318.8027,8.815,-0.24,8.78,0.35,1787593647320.81,False,,,5,OP1,C2_WIFI_CARGA_MEDIA,N3
,0.503,0.313,0.11,1.0,,1787593647346.8572,8.85,-0.24,8.78,0.35,1787593647346.8572,False,,,5,OP1,C2_WIFI_CARGA_MEDIA,N3
,0.502,0.314,0.112,1.0,,1787593647387.5408,8.92,-0.16,8.84,0.35,1787593647387.5408,False,,,5,OP1,C2_WIFI_CARGA_MEDIA,N3
,0.502,0.313,0.113,1.0,,1787593647426.5005,8.955,-0.16,8.78,0.35,1787593647426.5005,False,,,5,OP1,C2_WIFI_CARGA_MEDIA,N3
,0.502,0.313,0.113,1.0,,1787593647449.5256,8.955,-0.16,8.78,0.35,1787593647450.6277,False,,,5,OP1,C2_WIFI_CARGA_MEDIA,N3
,0.502,0.313,0.114,1.0,,1787593647513.1377,8.99,-0.16,8.78,0.35,1787593647513.1377,False,,,5,OP1,C2_WIFI_CARGA_MEDIA,N3
,0.502,0.312,0.113,1.0,,1787593647568.3206,8.955,-0.16,8.72,0.35,1787593647569.679,False,,,5,OP1,C2_WIFI_CARGA_MEDIA,N3
,0.502,0.312,0.112,1.0,,1787593647597.2812,8.92,-0.16,8.72,0.35,1787593647597.2812,False,,,5,OP1,C2_WIFI_CARGA_MEDIA,N3
,0.502,0.313,0.112,1.0,,1787593647654.6423,8.92,-0.16,8.78,0.35,1787593647655.654,False,,,5,OP1,C2_WIFI_CARGA_MEDIA,N3
,0.502,0.312,0.112,1.0,,1787593647697.0508,8.92,-0.16,8.72,0.35,1787593647697.0508,False,,,5,OP1,C2_WIFI_CARGA_MEDIA,N3
,0.502,0.313,0.112,1.0,,1787593647718.9788,8.92,-0.16,8.78,0.35,1787593647718.9788,False,,,5,OP1,C2_WIFI_CARGA_MEDIA,N3
,0.502,0.313,0.113,1.0,,1787593647866.3564,8.955,-0.16,8.78,0.35,1787593647866.3564,False,,,5,OP1,C2_WIFI_CARGA_MEDIA,N3
,0.503,0.312,0.114,1.0,,1787593647897.0264,8.99,-0.24,8.72,0.35,1787593647897.0264,False,,,5,OP1,C2_WIFI_CARGA_MEDIA,N3
,0.503,0.312,0.114,1.0,,1787593647920.854,8.99,-0.24,8.72,0.35,1787593647920.854,False,,,5,OP1,C2_WIFI_CARGA_MEDIA,N3
,0.504,0.311,0.114,1.0,,1787593647955.9392,8.99,-0.32,8.66,0.35,1787593647955.9392,False,,,5,OP1,C2_WIFI_CARGA_MEDIA,N3
,0.504,0.311,0.115,1.0,,1787593648015.615,9.025,-0.32,8.66,0.35,1787593648015.615,False,,,5,OP1,C2_WIFI_CARGA_MEDIA,N3
,0.504,0.311,0.116,1.0,,1787593648065.2383,9.06,-0.32,8.66,0.35,1787593648067.1655,False,,,5,OP1,C2_WIFI_CARGA_MEDIA,N3
,0.504,0.311,0.116,1.0,,1787593648097.0857,9.06,-0.32,8.66,0.35,1787593648097.0857,False,,,5,OP1,C2_WIFI_CARGA_MEDIA,N3
,0.504,0.311,0.116,1.0,,1787593648126.7893,9.06,-0.32,8.66,0.35,1787593648126.7893,False,,,5,OP1,C2_WIFI_CARGA_MEDIA,N3
,0.504,0.311,0.116,1.0,,1787593648154.8735,9.06,-0.32,8.66,0.35,1787593648155.2175,False,,,5,OP1,C2_WIFI_CARGA_MEDIA,N3
,0.503,0.312,0.114,1.0,,1787593648200.795,8.99,-0.24,8.72,0.35,1787593648200.795,False,,,5,OP1,C2_WIFI_CARGA_MEDIA,N3
,0.503,0.312,0.114,1.0,,1787593648236.1013,8.99,-0.24,8.72,0.35,1787593648236.1013,False,,,5,OP1,C2_WIFI_CARGA_MEDIA,N3
,0.503,0.312,0.114,1.0,,1787593648259.238,8.99,-0.24,8.72,0.35,1787593648259.238,False,,,5,OP1,C2_WIFI_CARGA_MEDIA,N3
,0.503,0.311,0.115,1.0,,1787593648293.3115,9.025,-0.24,8.66,0.35,1787593648295.3235,False,,,5,OP1,C2_WIFI_CARGA_MEDIA,N3
,0.503,0.311,0.114,1.0,,1787593648335.3096,8.99,-0.24,8.66,0.35,1787593648335.3096,False,,,5,OP1,C2_WIFI_CARGA_MEDIA,N3
,0.503,0.311,0.114,1.0,,1787593648367.993,8.99,-0.24,8.66,0.35,1787593648367.993,False,,,5,OP1,C2_WIFI_CARGA_MEDIA,N3
,0.503,0.311,0.114,1.0,,1787593648397.067,8.99,-0.24,8.66,0.35,1787593648397.067,False,,,5,OP1,C2_WIFI_CARGA_MEDIA,N3
,0.502,0.311,0.114,1.0,,1787593648457.0366,8.99,-0.16,8.66,0.35,1787593648457.0366,False,,,5,OP1,C2_WIFI_CARGA_MEDIA,N3
,0.503,0.311,0.115,1.0,,1787593648601.183,9.025,-0.24,8.66,0.35,1787593648602.1812,False,,,5,OP1,C2_WIFI_CARGA_MEDIA,N3
,0.503,0.31,0.116,1.0,,1787593648647.1782,9.06,-0.24,8.6,0.35,1787593648657.8428,False,,,5,OP1,C2_WIFI_CARGA_MEDIA,N3
,0.503,0.31,0.116,1.0,,1787593648810.3604,9.06,-0.24,8.6,0.35,1787593648810.3604,False,,,5,OP1,C2_WIFI_CARGA_MEDIA,N3
,0.503,0.31,0.116,1.0,,1787593648846.9268,9.06,-0.24,8.6,0.35,1787593648846.9268,False,,,5,OP1,C2_WIFI_CARGA_MEDIA,N3
,0.503,0.31,0.116,1.0,,1787593648907.03,9.06,-0.24,8.6,0.35,1787593648907.03,False,,,5,OP1,C2_WIFI_CARGA_MEDIA,N3
,0.503,0.31,0.114,1.0,,1787593648934.0396,8.99,-0.24,8.6,0.35,1787593648934.0396,False,,,5,OP1,C2_WIFI_CARGA_MEDIA,N3
,0.503,0.31,0.114,1.0,,1787593648963.3745,8.99,-0.24,8.6,0.35,1787593648963.3745,False,,,5,OP1,C2_WIFI_CARGA_MEDIA,N3
,0.503,0.31,0.115,1.0,,1787593648992.2888,9.025,-0.24,8.6,0.35,1787593648992.2888,False,,,5,OP1,C2_WIFI_CARGA_MEDIA,N3
,0.504,0.31,0.114,1.0,,1787593649038.2693,8.99,-0.32,8.6,0.35,1787593649038.2693,False,,,5,OP1,C2_WIFI_CARGA_MEDIA,N3
,0.504,0.31,0.114,1.0,,1787593649063.216,8.99,-0.32,8.6,0.35,1787593649063.6675,False,,,5,OP1,C2_WIFI_CARGA_MEDIA,N3
,0.504,0.31,0.114,1.0,,1787593649103.1003,8.99,-0.32,8.6,0.35,1787593649104.0996,False,,,5,OP1,C2_WIFI_CARGA_MEDIA,N3
,0.503,0.31,0.114,1.0,,1787593649147.5889,8.99,-0.24,8.6,0.35,1787593649147.5889,False,,,5,OP1,C2_WIFI_CARGA_MEDIA,N3
,0.503,0.31,0.115,1.0,,1787593649199.468,9.025,-0.24,8.6,0.35,1787593649199.468,False,,,5,OP1,C2_WIFI_CARGA_MEDIA,N3
,0.503,0.311,0.114,1.0,,1787593649241.3562,8.99,-0.24,8.66,0.35,1787593649241.3562,False,,,5,OP1,C2_WIFI_CARGA_MEDIA,N3
,0.503,0.311,0.112,1.0,,1787593649263.8574,8.92,-0.24,8.66,0.35,1787593649266.2295,False,,,5,OP1,C2_WIFI_CARGA_MEDIA,N3
,0.503,0.312,0.11,1.0,,1787593649298.8848,8.85,-0.24,8.72,0.35,1787593649298.8848,False,,,5,OP1,C2_WIFI_CARGA_MEDIA,N3
,0.503,0.312,0.106,1.0,,1787593649344.501,8.71,-0.24,8.72,0.35,1787593649344.501,False,,,5,OP1,C2_WIFI_CARGA_MEDIA,N3
,0.503,0.311,0.104,1.0,,1787593649368.037,8.64,-0.24,8.66,0.35,1787593649368.037,False,,,5,OP1,C2_WIFI_CARGA_MEDIA,N3
,0.503,0.311,0.103,1.0,,1787593649409.3748,8.605,-0.24,8.66,0.35,1787593649409.3748,False,,,5,OP1,C2_WIFI_CARGA_MEDIA,N3
,0.504,0.31,0.102,1.0,,1787593649434.7056,8.57,-0.32,8.6,0.35,1787593649434.7056,False,,,5,OP1,C2_WIFI_CARGA_MEDIA,N3
,0.503,0.31,0.102,1.0,,1787593649462.6924,8.57,-0.24,8.6,0.35,1787593649464.952,False,,,5,OP1,C2_WIFI_CARGA_MEDIA,N3
,0.503,0.31,0.102,1.0,,1787593649512.3545,8.57,-0.24,8.6,0.35,1787593649512.3545,False,,,5,OP1,C2_WIFI_CARGA_MEDIA,N3
,0.502,0.31,0.102,1.0,,1787593649542.5864,8.57,-0.16,8.6,0.35,1787593649542.5864,False,,,5,OP1,C2_WIFI_CARGA_MEDIA,N3
,0.502,0.311,0.101,1.0,,1787593649566.0374,8.535,-0.16,8.66,0.35,1787593649567.0369,False,,,5,OP1,C2_WIFI_CARGA_MEDIA,N3
,0.502,0.311,0.101,1.0,,1787593649601.9387,8.535,-0.16,8.66,0.35,1787593649603.948,False,,,5,OP1,C2_WIFI_CARGA_MEDIA,N3
,0.501,0.311,0.1,1.0,,1787593649645.2498,8.5,-0.08,8.66,0.35,1787593649646.7551,False,,,5,OP1,C2_WIFI_CARGA_MEDIA,N3
,0.501,0.31,0.1,1.0,,1787593649672.1533,8.5,-0.08,8.6,0.35,1787593649672.1533,False,,,5,OP1,C2_WIFI_CARGA_MEDIA,N3
,0.501,0.31,0.1,1.0,,1787593649712.3665,8.5,-0.08,8.6,0.35,1787593649712.3665,False,,,5,OP1,C2_WIFI_CARGA_MEDIA,N3
,0.502,0.31,0.1,1.0,,1787593649741.0908,8.5,-0.16,8.6,0.35,1787593649743.1003,False,,,5,OP1,C2_WIFI_CARGA_MEDIA,N3
,0.502,0.31,0.099,1.0,,1787593649767.4182,8.465,-0.16,8.6,0.35,1787593649768.6963,False,,,5,OP1,C2_WIFI_CARGA_MEDIA,N3
,0.502,0.31,0.098,1.0,,1787593649789.5813,8.43,-0.16,8.6,0.35,1787593649789.5813,False,,,5,OP1,C2_WIFI_CARGA_MEDIA,N3
,0.502,0.31,0.098,1.0,,1787593649816.0444,8.43,-0.16,8.6,0.35,1787593649817.067,False,,,5,OP1,C2_WIFI_CARGA_MEDIA,N3
,0.502,0.311,0.098,1.0,,1787593649855.2285,8.43,-0.16,8.66,0.35,1787593649855.2285,False,,,5,OP1,C2_WIFI_CARGA_MEDIA,N3
,0.501,0.311,0.096,1.0,,1787593649904.724,8.36,-0.08,8.66,0.35,1787593649904.724,False,,,5,OP1,C2_WIFI_CARGA_MEDIA,N3
,0.502,0.311,0.097,1.0,,1787593649963.568,8.395,-0.16,8.66,0.35,1787593649966.7708,False,,,5,OP1,C2_WIFI_CARGA_MEDIA,N3
,0.502,0.311,0.098,1.0,,1787593649993.5122,8.43,-0.16,8.66,0.35,1787593649993.5122,False,,,5,OP1,C2_WIFI_CARGA_MEDIA,N3
,0.502,0.312,0.097,1.0,,1787593650046.9954,8.395,-0.16,8.72,0.35,1787593650046.9954,False,,,5,OP1,C2_WIFI_CARGA_MEDIA,N3
,0.502,0.312,0.094,1.0,,1787593650125.177,8.29,-0.16,8.72,0.35,1787593650125.177,False,,,5,OP1,C2_WIFI_CARGA_MEDIA,N3
,0.503,0.312,0.093,1.0,,1787593650327.424,8.255,-0.24,8.72,0.35,1787593650329.4382,False,,,5,OP1,C2_WIFI_CARGA_MEDIA,N3
,0.502,0.309,0.098,1.0,,1787593650379.9158,8.43,-0.16,8.54,0.35,1787593650379.9158,False,,,5,OP1,C2_WIFI_CARGA_MEDIA,N3
,0.502,0.309,0.099,1.0,,1787593650428.0024,8.465,-0.16,8.54,0.35,1787593650428.0024,False,,,5,OP1,C2_WIFI_CARGA_MEDIA,N3
,0.502,0.308,0.099,1.0,,1787593650492.676,8.465,-0.16,8.48,0.35,1787593650492.676,False,,,5,OP1,C2_WIFI_CARGA_MEDIA,N3
,0.503,0.308,0.099,1.0,,1787593650535.463,8.465,-0.24,8.48,0.35,1787593650535.463,False,,,5,OP1,C2_WIFI_CARGA_MEDIA,N3
,0.502,0.308,0.099,1.0,,1787593650571.396,8.465,-0.16,8.48,0.35,1787593650571.396,False,,,5,OP1,C2_WIFI_CARGA_MEDIA,N3
,0.502,0.308,0.098,1.0,,1787593650594.8855,8.43,-0.16,8.48,0.35,1787593650596.8816,False,,,5,OP1,C2_WIFI_CARGA_MEDIA,N3
,0.502,0.308,0.098,1.0,,1787593650627.8398,8.43,-0.16,8.48,0.35,1787593650627.8398,False,,,5,OP1,C2_WIFI_CARGA_MEDIA,N3
,0.501,0.309,0.098,1.0,,1787593650788.767,8.43,-0.08,8.54,0.35,1787593650790.7786,False,,,5,OP1,C2_WIFI_CARGA_MEDIA,N3
,0.5,0.311,0.099,1.0,,1787593650824.7617,8.465,0.0,8.66,0.35,1787593650824.7617,False,,,5,OP1,C2_WIFI_CARGA_MEDIA,N3
,0.5,0.311,0.1,1.0,,1787593650881.651,8.5,0.0,8.66,0.35,1787593650883.4016,False,,,5,OP1,C2_WIFI_CARGA_MEDIA,N3
,0.5,0.312,0.101,1.0,,1787593650909.946,8.535,0.0,8.72,0.35,1787593650909.946,False,,,5,OP1,C2_WIFI_CARGA_MEDIA,N3
,0.5,0.312,0.102,1.0,,1787593650960.7893,8.57,0.0,8.72,0.35,1787593650960.7893,False,,,5,OP1,C2_WIFI_CARGA_MEDIA,N3
,0.5,0.312,0.103,1.0,,1787593650982.5127,8.605,0.0,8.72,0.35,1787593650982.5127,False,,,5,OP1,C2_WIFI_CARGA_MEDIA,N3
,0.501,0.312,0.103,1.0,,1787593651022.277,8.605,-0.08,8.72,0.35,1787593651024.2886,False,,,5,OP1,C2_WIFI_CARGA_MEDIA,N3
,0.501,0.313,0.104,1.0,,1787593651078.8865,8.64,-0.08,8.78,0.35,1787593651078.8865,False,,,5,OP1,C2_WIFI_CARGA_MEDIA,N3
,0.5,0.313,0.104,1.0,,1787593651106.8142,8.64,0.0,8.78,0.35,1787593651108.3264,False,,,5,OP1,C2_WIFI_CARGA_MEDIA,N3
,0.5,0.314,0.104,1.0,,1787593651136.4812,8.64,0.0,8.84,0.35,1787593651136.4812,False,,,5,OP1,C2_WIFI_CARGA_MEDIA,N3
,0.5,0.313,0.103,1.0,,1787593651180.8242,8.605,0.0,8.78,0.35,1787593651180.8242,False,,,5,OP1,C2_WIFI_CARGA_MEDIA,N3
,0.5,0.313,0.105,1.0,,1787593651219.2886,8.675,0.0,8.78,0.35,1787593651219.2886,False,,,5,OP1,C2_WIFI_CARGA_MEDIA,N3
,0.5,0.313,0.105,1.0,,1787593651268.302,8.675,0.0,8.78,0.35,1787593651268.302,False,,,5,OP1,C2_WIFI_CARGA_MEDIA,N3
,0.5,0.313,0.106,1.0,,1787593651329.1404,8.71,0.0,8.78,0.35,1787593651329.1404,False,,,5,OP1,C2_WIFI_CARGA_MEDIA,N3
,0.5,0.313,0.107,1.0,,1787593651373.298,8.745,0.0,8.78,0.35,1787593651373.298,False,,,5,OP1,C2_WIFI_CARGA_MEDIA,N3
,0.5,0.313,0.108,1.0,,1787593651413.6628,8.78,0.0,8.78,0.35,1787593651414.7866,False,,,5,OP1,C2_WIFI_CARGA_MEDIA,N3
,0.499,0.314,0.108,1.0,,1787593651469.093,8.78,0.08,8.84,0.35,1787593651469.093,False,,,5,OP1,C2_WIFI_CARGA_MEDIA,N3
,0.499,0.314,0.11,1.0,,1787593651523.453,8.85,0.08,8.84,0.35,1787593651523.453,False,,,5,OP1,C2_WIFI_CARGA_MEDIA,N3
,0.499,0.314,0.11,1.0,,1787593651549.3872,8.85,0.08,8.84,0.35,1787593651549.3872,False,,,5,OP1,C2_WIFI_CARGA_MEDIA,N3
,0.498,0.314,0.11,1.0,,1787593651591.5237,8.85,0.16,8.84,0.35,1787593651592.455,False,,,5,OP1,C2_WIFI_CARGA_MEDIA,N3
,0.498,0.314,0.11,1.0,,1787593651630.8354,8.85,0.16,8.84,0.35,1787593651630.8354,False,,,5,OP1,C2_WIFI_CARGA_MEDIA,N3
,0.498,0.315,0.109,1.0,,1787593651690.2812,8.815,0.16,8.9,0.35,1787593651690.2812,False,,,5,OP1,C2_WIFI_CARGA_MEDIA,N3
,0.498,0.315,0.108,1.0,,1787593651719.078,8.78,0.16,8.9,0.35,1787593651719.078,False,,,5,OP1,C2_WIFI_CARGA_MEDIA,N3
,0.497,0.316,0.108,1.0,,1787593651773.8882,8.78,0.24,8.96,0.35,1787593651773.8882,False,,,5,OP1,C2_WIFI_CARGA_MEDIA,N3
,0.497,0.315,0.109,1.0,,1787593651830.6812,8.815,0.24,8.9,0.35,1787593651832.6863,False,,,5,OP1,C2_WIFI_CARGA_MEDIA,N3
,0.497,0.315,0.108,1.0,,1787593651858.963,8.78,0.24,8.9,0.35,1787593651858.963,False,,,5,OP1,C2_WIFI_CARGA_MEDIA,N3
,0.497,0.315,0.108,1.0,,1787593651891.0022,8.78,0.24,8.9,0.35,1787593651891.0022,False,,,5,OP1,C2_WIFI_CARGA_MEDIA,N3
,0.496,0.314,0.108,1.0,,1787593651928.1296,8.78,0.32,8.84,0.35,1787593651928.1296,False,,,5,OP1,C2_WIFI_CARGA_MEDIA,N3
,0.496,0.314,0.108,1.0,,1787593651961.5344,8.78,0.32,8.84,0.35,1787593651961.5344,False,,,5,OP1,C2_WIFI_CARGA_MEDIA,N3
,0.496,0.314,0.109,1.0,,1787593651984.9363,8.815,0.32,8.84,0.35,1787593651986.047,False,,,5,OP1,C2_WIFI_CARGA_MEDIA,N3
,0.495,0.314,0.11,1.0,,1787593652024.2275,8.85,0.4,8.84,0.35,1787593652024.2275,False,,,5,OP1,C2_WIFI_CARGA_MEDIA,N3
,0.494,0.314,0.112,1.0,,1787593652062.63,8.92,0.48,8.84,0.35,1787593652062.63,False,,,5,OP1,C2_WIFI_CARGA_MEDIA,N3
,0.494,0.314,0.113,1.0,,1787593652085.4585,8.955,0.48,8.84,0.35,1787593652086.5747,False,,,5,OP1,C2_WIFI_CARGA_MEDIA,N3
,0.494,0.314,0.113,1.0,,1787593652132.5515,8.955,0.48,8.84,0.35,1787593652132.5515,False,,,5,OP1,C2_WIFI_CARGA_MEDIA,N3
,0.493,0.315,0.114,1.0,,1787593652154.88,8.99,0.56,8.9,0.35,1787593652154.88,False,,,5,OP1,C2_WIFI_CARGA_MEDIA,N3
,0.493,0.315,0.114,1.0,,1787593652190.0642,8.99,0.56,8.9,0.35,1787593652190.0642,False,,,5,OP1,C2_WIFI_CARGA_MEDIA,N3
,0.493,0.315,0.114,1.0,,1787593652219.533,8.99,0.56,8.9,0.35,1787593652220.5164,False,,,5,OP1,C2_WIFI_CARGA_MEDIA,N3
,0.493,0.315,0.116,1.0,,1787593652262.389,9.06,0.56,8.9,0.35,1787593652262.389,False,,,5,OP1,C2_WIFI_CARGA_MEDIA,N3
,0.493,0.314,0.117,1.0,,1787593652287.4678,9.095,0.56,8.84,0.35,1787593652287.4678,False,,,5,OP1,C2_WIFI_CARGA_MEDIA,N3
,0.493,0.314,0.117,1.0,,1787593652464.0842,9.095,0.56,8.84,0.35,1787593652464.0842,False,,,5,OP1,C2_WIFI_CARGA_MEDIA,N3
,0.493,0.313,0.117,1.0,,1787593652553.3894,9.095,0.56,8.78,0.35,1787593652554.3972,False,,,5,OP1,C2_WIFI_CARGA_MEDIA,N3
,0.493,0.31,0.115,1.0,,1787593652587.56,9.025,0.56,8.6,0.35,1787593652587.56,False,,,5,OP1,C2_WIFI_CARGA_MEDIA,N3
,0.493,0.311,0.114,1.0,,1787593652621.5264,8.99,0.56,8.66,0.35,1787593652622.526,False,,,5,OP1,C2_WIFI_CARGA_MEDIA,N3
,0.494,0.311,0.114,1.0,,1787593652662.1238,8.99,0.48,8.66,0.35,1787593652662.1238,False,,,5,OP1,C2_WIFI_CARGA_MEDIA,N3
,0.495,0.312,0.113,1.0,,1787593652721.4148,8.955,0.4,8.72,0.35,1787593652722.422,False,,,5,OP1,C2_WIFI_CARGA_MEDIA,N3
,0.495,0.312,0.111,1.0,,1787593652746.8777,8.885,0.4,8.72,0.35,1787593652746.8777,False,,,5,OP1,C2_WIFI_CARGA_MEDIA,N3
,0.498,0.315,0.107,1.0,,1787593652799.0044,8.745,0.16,8.9,0.35,1787593652801.0764,False,,,5,OP1,C2_WIFI_CARGA_MEDIA,N3
,0.501,0.317,0.104,1.0,,1787593652857.8335,8.64,-0.08,9.02,0.35,1787593652857.8335,False,,,5,OP1,C2_WIFI_CARGA_MEDIA,N3
,0.502,0.317,0.102,1.0,,1787593652900.3071,8.57,-0.16,9.02,0.35,1787593652900.3071,False,,,5,OP1,C2_WIFI_CARGA_MEDIA,N3
,0.503,0.317,0.102,1.0,,1787593652936.0227,8.57,-0.24,9.02,0.35,1787593652936.0227,False,,,5,OP1,C2_WIFI_CARGA_MEDIA,N3
,0.503,0.317,0.103,1.0,,1787593652967.4055,8.605,-0.24,9.02,0.35,1787593652967.4055,False,,,5,OP1,C2_WIFI_CARGA_MEDIA,N3
,0.504,0.316,0.103,1.0,,1787593652993.5205,8.605,-0.32,8.96,0.35,1787593652993.5205,False,,,5,OP1,C2_WIFI_CARGA_MEDIA,N3
,0.504,0.315,0.104,1.0,,1787593653025.6052,8.64,-0.32,8.9,0.35,1787593653025.6052,False,,,5,OP1,C2_WIFI_CARGA_MEDIA,N3
,0.504,0.312,0.11,1.0,,1787593653066.0603,8.85,-0.32,8.72,0.35,1787593653066.0603,False,,,5,OP1,C2_WIFI_CARGA_MEDIA,N3
,0.504,0.311,0.112,1.0,,1787593653098.778,8.92,-0.32,8.66,0.35,1787593653098.778,False,,,5,OP1,C2_WIFI_CARGA_MEDIA,N3
,0.503,0.311,0.113,1.0,,1787593653125.8828,8.955,-0.24,8.66,0.35,1787593653125.8828,False,,,5,OP1,C2_WIFI_CARGA_MEDIA,N3
,0.503,0.311,0.113,1.0,,1787593653191.6255,8.955,-0.24,8.66,0.35,1787593653192.6938,False,,,5,OP1,C2_WIFI_CARGA_MEDIA,N3
,0.502,0.311,0.113,1.0,,1787593653220.2036,8.955,-0.16,8.66,0.35,1787593653220.2036,False,,,5,OP1,C2_WIFI_CARGA_MEDIA,N3
,0.501,0.312,0.112,1.0,,1787593653273.6702,8.92,-0.08,8.72,0.35,1787593653273.6702,False,,,5,OP1,C2_WIFI_CARGA_MEDIA,N3
,0.5,0.313,0.112,1.0,,1787593653294.5151,8.92,0.0,8.78,0.35,1787593653294.5151,False,,,5,OP1,C2_WIFI_CARGA_MEDIA,N3
,0.5,0.313,0.111,1.0,,1787593653334.3513,8.885,0.0,8.78,0.35,1787593653335.525,False,,,5,OP1,C2_WIFI_CARGA_MEDIA,N3
,0.499,0.313,0.11,1.0,,1787593653383.8977,8.85,0.08,8.78,0.35,1787593653383.8977,False,,,5,OP1,C2_WIFI_CARGA_MEDIA,N3
,0.499,0.313,0.108,1.0,,1787593653435.8325,8.78,0.08,8.78,0.35,1787593653435.8325,False,,,5,OP1,C2_WIFI_CARGA_MEDIA,N3
,0.498,0.314,0.106,1.0,,1787593653497.9834,8.71,0.16,8.84,0.35,1787593653497.9834,False,,,5,OP1,C2_WIFI_CARGA_MEDIA,N3
,0.498,0.315,0.106,1.0,,1787593653526.5005,8.71,0.16,8.9,0.35,1787593653531.1165,False,,,5,OP1,C2_WIFI_CARGA_MEDIA,N3
,0.498,0.316,0.105,1.0,,1787593653573.853,8.675,0.16,8.96,0.35,1787593653573.853,False,,,5,OP1,C2_WIFI_CARGA_MEDIA,N3
,0.498,0.317,0.105,1.0,,1787593653598.1523,8.675,0.16,9.02,0.35,1787593653599.2131,False,,,5,OP1,C2_WIFI_CARGA_MEDIA,N3
,0.498,0.318,0.105,1.0,,1787593653634.2727,8.675,0.16,9.08,0.35,1787593653634.2727,False,,,5,OP1,C2_WIFI_CARGA_MEDIA,N3
,0.499,0.319,0.107,1.0,,1787593653696.4304,8.745,0.08,9.14,0.35,1787593653698.1858,False,,,5,OP1,C2_WIFI_CARGA_MEDIA,N3
,0.499,0.32,0.11,1.0,,1787593653736.521,8.85,0.08,9.2,0.35,1787593653736.521,False,,,5,OP1,C2_WIFI_CARGA_MEDIA,N3
,0.499,0.321,0.111,1.0,,1787593653778.4478,8.885,0.08,9.26,0.35,1787593653778.4478,False,,,5,OP1,C2_WIFI_CARGA_MEDIA,N3
,0.499,0.322,0.111,1.0,,1787593653799.1326,8.885,0.08,9.32,0.35,1787593653799.1326,False,,,5,OP1,C2_WIFI_CARGA_MEDIA,N3
,0.498,0.323,0.112,1.0,,1787593653836.3872,8.92,0.16,9.38,0.35,1787593653838.3982,False,,,5,OP1,C2_WIFI_CARGA_MEDIA,N3
,0.493,0.327,0.116,1.0,,1787593653879.918,9.06,0.56,9.62,0.35,1787593653880.9353,False,,,5,OP1,C2_WIFI_CARGA_MEDIA,N3
,0.49,0.33,0.119,1.0,,1787593653900.8057,9.165,0.8,9.8,0.35,1787593653902.0808,False,,,5,OP1,C2_WIFI_CARGA_MEDIA,N3
,0.488,0.332,0.12,1.0,,1787593653934.8328,9.2,0.96,9.92,0.35,1787593653934.8328,False,,,5,OP1,C2_WIFI_CARGA_MEDIA,N3
,0.485,0.335,0.12,1.0,,1787593653974.293,9.2,1.2,10.1,0.35,1787593653974.293,False,,,5,OP1,C2_WIFI_CARGA_MEDIA,N3
,0.484,0.337,0.121,1.0,,1787593654001.9878,9.235,1.28,10.22,0.35,1787593654001.9878,False,,,5,OP1,C2_WIFI_CARGA_MEDIA,N3
,0.484,0.339,0.121,1.0,,1787593654028.3557,9.235,1.28,10.34,0.35,1787593654033.6587,False,,,5,OP1,C2_WIFI_CARGA_MEDIA,N3
,0.483,0.341,0.121,1.0,,1787593654082.191,9.235,1.36,10.46,0.35,1787593654082.191,False,,,5,OP1,C2_WIFI_CARGA_MEDIA,N3
,0.483,0.342,0.121,1.0,,1787593654107.502,9.235,1.36,10.52,0.35,1787593654116.2446,False,,,5,OP1,C2_WIFI_CARGA_MEDIA,N3
,0.482,0.345,0.122,1.0,,1787593654155.2788,9.27,1.44,10.7,0.35,1787593654155.2788,False,,,5,OP1,C2_WIFI_CARGA_MEDIA,N3
,0.482,0.346,0.122,1.0,,1787593654177.9275,9.27,1.44,10.76,0.35,1787593654179.2131,False,,,5,OP1,C2_WIFI_CARGA_MEDIA,N3
,0.483,0.347,0.121,1.0,,1787593654222.1008,9.235,1.36,10.82,0.35,1787593654222.1008,False,,,5,OP1,C2_WIFI_CARGA_MEDIA,N3
,0.483,0.347,0.12,1.0,,1787593654266.12,9.2,1.36,10.82,0.35,1787593654266.12,False,,,5,OP1,C2_WIFI_CARGA_MEDIA,N3
,0.484,0.347,0.119,1.0,,1787593654308.0696,9.165,1.28,10.82,0.35,1787593654308.0696,False,,,5,OP1,C2_WIFI_CARGA_MEDIA,N3
,0.484,0.347,0.119,1.0,,1787593654333.5833,9.165,1.28,10.82,0.35,1787593654333.5833,False,,,5,OP1,C2_WIFI_CARGA_MEDIA,N3
,0.484,0.347,0.119,1.0,,1787593654361.879,9.165,1.28,10.82,0.35,1787593654361.879,False,,,5,OP1,C2_WIFI_CARGA_MEDIA,N3
,0.484,0.346,0.12,1.0,,1787593654418.5127,9.2,1.28,10.76,0.35,1787593654420.6238,False,,,5,OP1,C2_WIFI_CARGA_MEDIA,N3
,0.484,0.346,0.121,1.0,,1787593654467.7007,9.235,1.28,10.76,0.35,1787593654467.7007,False,,,5,OP1,C2_WIFI_CARGA_MEDIA,N3
,0.484,0.346,0.118,1.0,,1787593654531.6216,9.13,1.28,10.76,0.35,1787593654531.6216,False,,,5,OP1,C2_WIFI_CARGA_MEDIA,N3
,0.483,0.347,0.114,1.0,,1787593654579.136,8.99,1.36,10.82,0.35,1787593654579.136,False,,,5,OP1,C2_WIFI_CARGA_MEDIA,N3
,0.485,0.347,0.113,1.0,,1787593654640.4673,8.955,1.2,10.82,0.35,1787593654640.4673,False,,,5,OP1,C2_WIFI_CARGA_MEDIA,N3
,0.487,0.347,0.11,1.0,,1787593654676.8342,8.85,1.04,10.82,0.35,1787593654676.8342,False,,,5,OP1,C2_WIFI_CARGA_MEDIA,N3
,0.487,0.347,0.109,1.0,,1787593654712.09,8.815,1.04,10.82,0.35,1787593654712.09,False,,,5,OP1,C2_WIFI_CARGA_MEDIA,N3
,0.488,0.347,0.107,1.0,,1787593654747.077,8.745,0.96,10.82,0.35,1787593654747.077,False,,,5,OP1,C2_WIFI_CARGA_MEDIA,N3
,0.489,0.347,0.105,1.0,,1787593654806.6924,8.675,0.88,10.82,0.35,1787593654808.4487,False,,,5,OP1,C2_WIFI_CARGA_MEDIA,N3
,0.489,0.347,0.103,1.0,,1787593654852.3723,8.605,0.88,10.82,0.35,1787593654852.3723,False,,,5,OP1,C2_WIFI_CARGA_MEDIA,N3
,0.49,0.347,0.103,1.0,,1787593654878.2312,8.605,0.8,10.82,0.35,1787593654879.2312,False,,,5,OP1,C2_WIFI_CARGA_MEDIA,N3
,0.49,0.347,0.103,1.0,,1787593654914.3015,8.605,0.8,10.82,0.35,1787593654914.3015,False,,,5,OP1,C2_WIFI_CARGA_MEDIA,N3
,0.491,0.347,0.102,1.0,,1787593654949.6316,8.57,0.72,10.82,0.35,1787593654950.6409,False,,,5,OP1,C2_WIFI_CARGA_MEDIA,N3
,0.492,0.346,0.102,1.0,,1787593654997.4548,8.57,0.64,10.76,0.35,1787593654997.4548,False,,,5,OP1,C2_WIFI_CARGA_MEDIA,N3
,0.493,0.346,0.102,1.0,,1787593655018.241,8.57,0.56,10.76,0.35,1787593655018.241,False,,,5,OP1,C2_WIFI_CARGA_MEDIA,N3
,0.493,0.346,0.103,1.0,,1787593655047.2896,8.605,0.56,10.76,0.35,1787593655047.2896,False,,,5,OP1,C2_WIFI_CARGA_MEDIA,N3
,0.493,0.345,0.103,1.0,,1787593655075.8723,8.605,0.56,10.7,0.35,1787593655076.9236,False,,,5,OP1,C2_WIFI_CARGA_MEDIA,N3
,0.494,0.345,0.102,1.0,,1787593655117.0547,8.57,0.48,10.7,0.35,1787593655117.0547,False,,,5,OP1,C2_WIFI_CARGA_MEDIA,N3
,0.494,0.345,0.103,1.0,,1787593655169.5364,8.605,0.48,10.7,0.35,1787593655169.5364,False,,,5,OP1,C2_WIFI_CARGA_MEDIA,N3
,0.496,0.345,0.105,1.0,,1787593655221.4766,8.675,0.32,10.7,0.35,1787593655221.4766,False,,,5,OP1,C2_WIFI_CARGA_MEDIA,N3
,0.497,0.344,0.106,1.0,,1787593655255.3545,8.71,0.24,10.64,0.35,1787593655255.3545,False,,,5,OP1,C2_WIFI_CARGA_MEDIA,N3
,0.497,0.344,0.108,1.0,,1787593655282.9226,8.78,0.24,10.64,0.35,1787593655282.9226,False,,,5,OP1,C2_WIFI_CARGA_MEDIA,N3
,0.497,0.343,0.109,1.0,,1787593655311.4392,8.815,0.24,10.58,0.35,1787593655312.0107,False,,,5,OP1,C2_WIFI_CARGA_MEDIA,N3
,0.497,0.343,0.11,1.0,,1787593655356.0657,8.85,0.24,10.58,0.35,1787593655356.0657,False,,,5,OP1,C2_WIFI_CARGA_MEDIA,N3
,0.497,0.343,0.111,1.0,,1787593655379.0947,8.885,0.24,10.58,0.35,1787593655381.4097,False,,,5,OP1,C2_WIFI_CARGA_MEDIA,N3
,0.498,0.342,0.111,1.0,,1787593655421.9763,8.885,0.16,10.52,0.35,1787593655421.9763,False,,,5,OP1,C2_WIFI_CARGA_MEDIA,N3
,0.499,0.341,0.111,1.0,,1787593655450.4094,8.885,0.08,10.46,0.35,1787593655450.8826,False,,,5,OP1,C2_WIFI_CARGA_MEDIA,N3
,0.5,0.341,0.11,1.0,,1787593655500.9756,8.85,0.0,10.46,0.35,1787593655500.9756,False,,,5,OP1,C2_WIFI_CARGA_MEDIA,N3
,0.5,0.341,0.111,1.0,,1787593655522.1426,8.885,0.0,10.46,0.35,1787593655522.1426,False,,,5,OP1,C2_WIFI_CARGA_MEDIA,N3
,0.5,0.341,0.111,1.0,,1787593655557.4329,8.885,0.0,10.46,0.35,1787593655557.4329,False,,,5,OP1,C2_WIFI_CARGA_MEDIA,N3
,0.5,0.341,0.112,1.0,,1787593655580.5098,8.92,0.0,10.46,0.35,1787593655580.5098,False,,,5,OP1,C2_WIFI_CARGA_MEDIA,N3
,0.501,0.341,0.114,1.0,,1787593655616.5798,8.99,-0.08,10.46,0.35,1787593655618.5908,False,,,5,OP1,C2_WIFI_CARGA_MEDIA,N3
,0.501,0.342,0.115,1.0,,1787593655646.6653,9.025,-0.08,10.52,0.35,1787593655648.687,False,,,5,OP1,C2_WIFI_CARGA_MEDIA,N3
,0.502,0.342,0.115,1.0,,1787593655688.6133,9.025,-0.16,10.52,0.35,1787593655688.6133,False,,,5,OP1,C2_WIFI_CARGA_MEDIA,N3
,0.502,0.342,0.116,1.0,,1787593655723.2017,9.06,-0.16,10.52,0.35,1787593655723.2017,False,,,5,OP1,C2_WIFI_CARGA_MEDIA,N3
,0.503,0.342,0.117,1.0,,1787593655746.8628,9.095,-0.24,10.52,0.35,1787593655746.8628,False,,,5,OP1,C2_WIFI_CARGA_MEDIA,N3
,0.503,0.342,0.117,1.0,,1787593655768.5098,9.095,-0.24,10.52,0.35,1787593655768.5098,False,,,5,OP1,C2_WIFI_CARGA_MEDIA,N3
,0.503,0.342,0.115,1.0,,1787593655808.129,9.025,-0.24,10.52,0.35,1787593655808.129,False,,,5,OP1,C2_WIFI_CARGA_MEDIA,N3
,0.502,0.342,0.115,1.0,,1787593655834.25,9.025,-0.16,10.52,0.35,1787593655834.25,False,,,5,OP1,C2_WIFI_CARGA_MEDIA,N3
,0.502,0.342,0.116,1.0,,1787593655857.2498,9.06,-0.16,10.52,0.35,1787593655857.2498,False,,,5,OP1,C2_WIFI_CARGA_MEDIA,N3
,0.502,0.342,0.117,1.0,,1787593655882.7683,9.095,-0.16,10.52,0.35,1787593655882.7683,False,,,5,OP1,C2_WIFI_CARGA_MEDIA,N3
,0.502,0.341,0.118,1.0,,1787593655918.0007,9.13,-0.16,10.46,0.35,1787593655918.0007,False,,,5,OP1,C2_WIFI_CARGA_MEDIA,N3
,0.501,0.341,0.119,1.0,,1787593655951.047,9.165,-0.08,10.46,0.35,1787593655951.047,False,,,5,OP1,C2_WIFI_CARGA_MEDIA,N3
,0.501,0.341,0.12,1.0,,1787593655978.545,9.2,-0.08,10.46,0.35,1787593655979.538,False,,,5,OP1,C2_WIFI_CARGA_MEDIA,N3
,0.499,0.341,0.119,1.0,,1787593656018.5193,9.165,0.08,10.46,0.35,1787593656018.5193,False,,,5,OP1,C2_WIFI_CARGA_MEDIA,N3
,0.498,0.341,0.121,1.0,,1787593656055.6428,9.235,0.16,10.46,0.35,1787593656055.6428,False,,,5,OP1,C2_WIFI_CARGA_MEDIA,N3
,0.498,0.34,0.121,1.0,,1787593656086.4136,9.235,0.16,10.4,0.35,1787593656086.4136,False,,,5,OP1,C2_WIFI_CARGA_MEDIA,N3
,0.497,0.341,0.122,1.0,,1787593656134.7483,9.27,0.24,10.46,0.35,1787593656134.7483,False,,,5,OP1,C2_WIFI_CARGA_MEDIA,N3
,0.496,0.341,0.122,1.0,,1787593656194.4504,9.27,0.32,10.46,0.35,1787593656194.4504,False,,,5,OP1,C2_WIFI_CARGA_MEDIA,N3
,0.496,0.341,0.122,1.0,,1787593656226.8054,9.27,0.32,10.46,0.35,1787593656227.7185,False,,,5,OP1,C2_WIFI_CARGA_MEDIA,N3
,0.496,0.341,0.122,1.0,,1787593656251.0918,9.27,0.32,10.46,0.35,1787593656251.4563,False,,,5,OP1,C2_WIFI_CARGA_MEDIA,N3
,0.496,0.341,0.121,1.0,,1787593656285.853,9.235,0.32,10.46,0.35,1787593656286.853,False,,,5,OP1,C2_WIFI_CARGA_MEDIA,N3
,0.495,0.341,0.122,1.0,,1787593656330.8215,9.27,0.4,10.46,0.35,1787593656332.164,False,,,5,OP1,C2_WIFI_CARGA_MEDIA,N3
,0.494,0.342,0.123,1.0,,1787593656356.4116,9.305,0.48,10.52,0.35,1787593656356.4116,False,,,5,OP1,C2_WIFI_CARGA_MEDIA,N3
,0.494,0.342,0.124,1.0,,1787593656385.484,9.34,0.48,10.52,0.35,1787593656395.1882,False,,,5,OP1,C2_WIFI_CARGA_MEDIA,N3
,0.493,0.342,0.124,1.0,,1787593656417.5835,9.34,0.56,10.52,0.35,1787593656418.6868,False,,,5,OP1,C2_WIFI_CARGA_MEDIA,N3
,0.493,0.341,0.125,1.0,,1787593656452.547,9.375,0.56,10.46,0.35,1787593656453.4958,False,,,5,OP1,C2_WIFI_CARGA_MEDIA,N3
,0.493,0.34,0.125,1.0,,1787593656486.9648,9.375,0.56,10.4,0.35,1787593656486.9648,False,,,5,OP1,C2_WIFI_CARGA_MEDIA,N3
,0.494,0.34,0.125,1.0,,1787593656533.3867,9.375,0.48,10.4,0.35,1787593656534.3845,False,,,5,OP1,C2_WIFI_CARGA_MEDIA,N3
,0.494,0.34,0.125,1.0,,1787593656560.2358,9.375,0.48,10.4,0.35,1787593656560.2358,False,,,5,OP1,C2_WIFI_CARGA_MEDIA,N3
,0.494,0.34,0.125,1.0,,1787593656586.578,9.375,0.48,10.4,0.35,1787593656588.5725,False,,,5,OP1,C2_WIFI_CARGA_MEDIA,N3
,0.494,0.34,0.124,1.0,,1787593656615.6687,9.34,0.48,10.4,0.35,1787593656620.232,False,,,5,OP1,C2_WIFI_CARGA_MEDIA,N3
,0.493,0.34,0.122,1.0,,1787593656666.3992,9.27,0.56,10.4,0.35,1787593656666.3992,False,,,5,OP1,C2_WIFI_CARGA_MEDIA,N3
,0.494,0.34,0.122,1.0,,1787593656688.7568,9.27,0.48,10.4,0.35,1787593656689.782,False,,,5,OP1,C2_WIFI_CARGA_MEDIA,N3
,0.494,0.34,0.122,1.0,,1787593656727.7893,9.27,0.48,10.4,0.35,1787593656727.7893,False,,,5,OP1,C2_WIFI_CARGA_MEDIA,N3
,0.495,0.34,0.122,1.0,,1787593656768.8596,9.27,0.4,10.4,0.35,1787593656768.8596,False,,,5,OP1,C2_WIFI_CARGA_MEDIA,N3
,0.495,0.339,0.122,1.0,,1787593656790.118,9.27,0.4,10.34,0.35,1787593656791.1226,False,,,5,OP1,C2_WIFI_CARGA_MEDIA,N3
,0.496,0.339,0.122,1.0,,1787593656830.6787,9.27,0.32,10.34,0.35,1787593656830.6787,False,,,5,OP1,C2_WIFI_CARGA_MEDIA,N3
,0.495,0.339,0.123,1.0,,1787593656863.1511,9.305,0.4,10.34,0.35,1787593656863.8862,False,,,5,OP1,C2_WIFI_CARGA_MEDIA,N3
,0.495,0.339,0.122,1.0,,1787593656884.9292,9.27,0.4,10.34,0.35,1787593656884.9292,False,,,5,OP1,C2_WIFI_CARGA_MEDIA,N3
,0.496,0.339,0.122,1.0,,1787593656926.7292,9.27,0.32,10.34,0.35,1787593656926.7292,False,,,5,OP1,C2_WIFI_CARGA_MEDIA,N3
,0.496,0.338,0.121,1.0,,1787593656966.535,9.235,0.32,10.28,0.35,1787593656966.535,False,,,5,OP1,C2_WIFI_CARGA_MEDIA,N3
,0.496,0.338,0.12,1.0,,1787593656991.226,9.2,0.32,10.28,0.35,1787593656992.2625,False,,,5,OP1,C2_WIFI_CARGA_MEDIA,N3
,0.496,0.338,0.12,1.0,,1787593657036.4563,9.2,0.32,10.28,0.35,1787593657037.9685,False,,,5,OP1,C2_WIFI_CARGA_MEDIA,N3
,0.496,0.339,0.119,1.0,,1787593657064.407,9.165,0.32,10.34,0.35,1787593657065.6567,False,,,5,OP1,C2_WIFI_CARGA_MEDIA,N3
,0.495,0.339,0.118,1.0,,1787593657084.54,9.13,0.4,10.34,0.35,1787593657084.54,False,,,5,OP1,C2_WIFI_CARGA_MEDIA,N3
,0.495,0.34,0.116,1.0,,1787593657119.0603,9.06,0.4,10.4,0.35,1787593657119.0603,False,,,5,OP1,C2_WIFI_CARGA_MEDIA,N3
,0.495,0.341,0.114,1.0,,1787593657169.871,8.99,0.4,10.46,0.35,1787593657169.871,False,,,5,OP1,C2_WIFI_CARGA_MEDIA,N3
,0.495,0.342,0.114,1.0,,1787593657192.7756,8.99,0.4,10.52,0.35,1787593657193.7874,False,,,5,OP1,C2_WIFI_CARGA_MEDIA,N3
,0.495,0.343,0.113,1.0,,1787593657232.353,8.955,0.4,10.58,0.35,1787593657233.2312,False,,,5,OP1,C2_WIFI_CARGA_MEDIA,N3
,0.496,0.343,0.113,1.0,,1787593657396.853,8.955,0.32,10.58,0.35,1787593657399.6787,False,,,5,OP1,C2_WIFI_CARGA_MEDIA,N3
,0.498,0.349,0.109,1.0,,1787593657442.6267,8.815,0.16,10.94,0.35,1787593657442.6267,False,,,5,OP1,C2_WIFI_CARGA_MEDIA,N3
,0.498,0.35,0.109,1.0,,1787593657469.0913,8.815,0.16,11.0,0.35,1787593657469.0913,False,,,5,OP1,C2_WIFI_CARGA_MEDIA,N3
,0.499,0.351,0.108,1.0,,1787593657494.8718,8.78,0.08,11.06,0.35,1787593657497.0857,False,,,5,OP1,C2_WIFI_CARGA_MEDIA,N3
,0.499,0.352,0.108,1.0,,1787593657539.1306,8.78,0.08,11.12,0.35,1787593657539.1306,False,,,5,OP1,C2_WIFI_CARGA_MEDIA,N3
,0.499,0.354,0.108,1.0,,1787593657594.5342,8.78,0.08,11.24,0.35,1787593657594.5342,False,,,5,OP1,C2_WIFI_CARGA_MEDIA,N3
,0.498,0.357,0.108,1.0,,1787593657637.3345,8.78,0.16,11.42,0.35,1787593657639.3416,False,,,5,OP1,C2_WIFI_CARGA_MEDIA,N3
,0.498,0.358,0.109,1.0,,1787593657671.9143,8.815,0.16,11.48,0.35,1787593657671.9143,False,,,5,OP1,C2_WIFI_CARGA_MEDIA,N3
,0.498,0.359,0.109,1.0,,1787593657701.1577,8.815,0.16,11.54,0.35,1787593657703.1638,False,,,5,OP1,C2_WIFI_CARGA_MEDIA,N3
,0.498,0.359,0.109,1.0,,1787593657733.914,8.815,0.16,11.54,0.35,1787593657734.5706,False,,,5,OP1,C2_WIFI_CARGA_MEDIA,N3
,0.497,0.359,0.108,1.0,,1787593657769.78,8.78,0.24,11.54,0.35,1787593657769.78,False,,,5,OP1,C2_WIFI_CARGA_MEDIA,N3
,0.497,0.359,0.108,1.0,,1787593657802.3213,8.78,0.24,11.54,0.35,1787593657804.3772,False,,,5,OP1,C2_WIFI_CARGA_MEDIA,N3
,0.496,0.359,0.109,1.0,,1787593657838.5188,8.815,0.32,11.54,0.35,1787593657839.524,False,,,5,OP1,C2_WIFI_CARGA_MEDIA,N3
,0.496,0.359,0.109,1.0,,1787593657871.578,8.815,0.32,11.54,0.35,1787593657871.578,False,,,5,OP1,C2_WIFI_CARGA_MEDIA,N3
,0.495,0.36,0.11,1.0,,1787593657896.672,8.85,0.4,11.6,0.35,1787593657898.0598,False,,,5,OP1,C2_WIFI_CARGA_MEDIA,N3
,0.494,0.359,0.11,1.0,,1787593657925.322,8.85,0.48,11.54,0.35,1787593657925.322,False,,,5,OP1,C2_WIFI_CARGA_MEDIA,N3
,0.493,0.358,0.111,1.0,,1787593657968.9717,8.885,0.56,11.48,0.35,1787593657968.9717,False,,,5,OP1,C2_WIFI_CARGA_MEDIA,N3
,0.493,0.357,0.112,1.0,,1787593657996.536,8.92,0.56,11.42,0.35,1787593657996.536,False,,,5,OP1,C2_WIFI_CARGA_MEDIA,N3
,0.493,0.356,0.112,1.0,,1787593658037.0208,8.92,0.56,11.36,0.35,1787593658037.0208,False,,,5,OP1,C2_WIFI_CARGA_MEDIA,N3
,0.492,0.356,0.112,1.0,,1787593658065.284,8.92,0.64,11.36,0.35,1787593658067.8286,False,,,5,OP1,C2_WIFI_CARGA_MEDIA,N3
,0.491,0.355,0.113,1.0,,1787593658097.0515,8.955,0.72,11.3,0.35,1787593658097.6902,False,,,5,OP1,C2_WIFI_CARGA_MEDIA,N3
,0.491,0.355,0.113,1.0,,1787593658122.5315,8.955,0.72,11.3,0.35,1787593658122.5315,False,,,5,OP1,C2_WIFI_CARGA_MEDIA,N3
,0.49,0.356,0.114,1.0,,1787593658177.14,8.99,0.8,11.36,0.35,1787593658177.14,False,,,5,OP1,C2_WIFI_CARGA_MEDIA,N3
,0.49,0.356,0.114,1.0,,1787593658198.0332,8.99,0.8,11.36,0.35,1787593658199.0398,False,,,5,OP1,C2_WIFI_CARGA_MEDIA,N3
,0.49,0.356,0.113,1.0,,1787593658233.6946,8.955,0.8,11.36,0.35,1787593658234.7307,False,,,5,OP1,C2_WIFI_CARGA_MEDIA,N3
,0.49,0.356,0.112,1.0,,1787593658271.144,8.92,0.8,11.36,0.35,1787593658273.8357,False,,,5,OP1,C2_WIFI_CARGA_MEDIA,N3
,0.49,0.356,0.112,1.0,,1787593658317.361,8.92,0.8,11.36,0.35,1787593658317.361,False,,,5,OP1,C2_WIFI_CARGA_MEDIA,N3
,0.491,0.357,0.111,1.0,,1787593658342.18,8.885,0.72,11.42,0.35,1787593658342.18,False,,,5,OP1,C2_WIFI_CARGA_MEDIA,N3
,0.491,0.357,0.111,1.0,,1787593658368.526,8.885,0.72,11.42,0.35,1787593658368.526,False,,,5,OP1,C2_WIFI_CARGA_MEDIA,N3
,0.491,0.357,0.111,1.0,,1787593658425.4973,8.885,0.72,11.42,0.35,1787593658425.4973,False,,,5,OP1,C2_WIFI_CARGA_MEDIA,N3
,0.492,0.356,0.111,1.0,,1787593658485.3188,8.885,0.64,11.36,0.35,1787593658485.3188,False,,,5,OP1,C2_WIFI_CARGA_MEDIA,N3
,0.492,0.356,0.11,1.0,,1787593658542.7278,8.85,0.64,11.36,0.35,1787593658542.7278,False,,,5,OP1,C2_WIFI_CARGA_MEDIA,N3
,0.491,0.357,0.109,1.0,,1787593658582.2097,8.815,0.72,11.42,0.35,1787593658582.2097,False,,,5,OP1,C2_WIFI_CARGA_MEDIA,N3
,0.492,0.357,0.108,1.0,,1787593658606.7793,8.78,0.64,11.42,0.35,1787593658606.7793,False,,,5,OP1,C2_WIFI_CARGA_MEDIA,N3
,0.492,0.357,0.108,1.0,,1787593658651.9028,8.78,0.64,11.42,0.35,1787593658651.9028,False,,,5,OP1,C2_WIFI_CARGA_MEDIA,N3
,0.492,0.357,0.108,1.0,,1787593658679.9622,8.78,0.64,11.42,0.35,1787593658679.9622,False,,,5,OP1,C2_WIFI_CARGA_MEDIA,N3
,0.493,0.356,0.108,1.0,,1787593658719.989,8.78,0.56,11.36,0.35,1787593658735.8076,False,,,5,OP1,C2_WIFI_CARGA_MEDIA,N3
,0.494,0.356,0.108,1.0,,1787593658779.0222,8.78,0.48,11.36,0.35,1787593658779.0222,False,,,5,OP1,C2_WIFI_CARGA_MEDIA,N3
,0.494,0.355,0.108,1.0,,1787593658805.996,8.78,0.48,11.3,0.35,1787593658807.0022,False,,,5,OP1,C2_WIFI_CARGA_MEDIA,N3
,0.494,0.355,0.108,1.0,,1787593658847.0295,8.78,0.48,11.3,0.35,1787593658847.0295,False,,,5,OP1,C2_WIFI_CARGA_MEDIA,N3
,0.494,0.354,0.108,1.0,,1787593658897.1423,8.78,0.48,11.24,0.35,1787593658897.1423,False,,,5,OP1,C2_WIFI_CARGA_MEDIA,N3
,0.493,0.353,0.109,1.0,,1787593658943.274,8.815,0.56,11.18,0.35,1787593658943.274,False,,,5,OP1,C2_WIFI_CARGA_MEDIA,N3
,0.493,0.353,0.108,1.0,,1787593658974.9055,8.78,0.56,11.18,0.35,1787593658974.9055,False,,,5,OP1,C2_WIFI_CARGA_MEDIA,N3
,0.493,0.353,0.108,1.0,,1787593659005.433,8.78,0.56,11.18,0.35,1787593659005.433,False,,,5,OP1,C2_WIFI_CARGA_MEDIA,N3
,0.493,0.353,0.108,1.0,,1787593659041.4004,8.78,0.56,11.18,0.35,1787593659044.2354,False,,,5,OP1,C2_WIFI_CARGA_MEDIA,N3
,0.494,0.353,0.109,1.0,,1787593659097.865,8.815,0.48,11.18,0.35,1787593659097.865,False,,,5,OP1,C2_WIFI_CARGA_MEDIA,N3
,0.495,0.353,0.109,1.0,,1787593659141.704,8.815,0.4,11.18,0.35,1787593659146.748,False,,,5,OP1,C2_WIFI_CARGA_MEDIA,N3
,0.495,0.353,0.109,1.0,,1787593659178.5027,8.815,0.4,11.18,0.35,1787593659179.5002,False,,,5,OP1,C2_WIFI_CARGA_MEDIA,N3
,0.495,0.353,0.11,1.0,,1787593659200.0603,8.85,0.4,11.18,0.35,1787593659200.0603,False,,,5,OP1,C2_WIFI_CARGA_MEDIA,N3
,0.496,0.352,0.11,1.0,,1787593659229.45,8.85,0.32,11.12,0.35,1787593659229.45,False,,,5,OP1,C2_WIFI_CARGA_MEDIA,N3
,0.496,0.352,0.109,1.0,,1787593659429.2214,8.815,0.32,11.12,0.35,1787593659429.2214,False,,,5,OP1,C2_WIFI_CARGA_MEDIA,N3
,0.495,0.351,0.107,1.0,,1787593659477.2314,8.745,0.4,11.06,0.35,1787593659477.2314,False,,,5,OP1,C2_WIFI_CARGA_MEDIA,N3
,0.495,0.35,0.106,1.0,,1787593659541.5334,8.71,0.4,11.0,0.35,1787593659544.4626,False,,,5,OP1,C2_WIFI_CARGA_MEDIA,N3
,0.495,0.351,0.106,1.0,,1787593659562.2517,8.71,0.4,11.06,0.35,1787593659562.2517,False,,,5,OP1,C2_WIFI_CARGA_MEDIA,N3
,0.495,0.351,0.105,1.0,,1787593659619.0762,8.675,0.4,11.06,0.35,1787593659619.0762,False,,,5,OP1,C2_WIFI_CARGA_MEDIA,N3
,0.494,0.351,0.106,1.0,,1787593659644.5576,8.71,0.48,11.06,0.35,1787593659644.5576,False,,,5,OP1,C2_WIFI_CARGA_MEDIA,N3
,0.495,0.351,0.107,1.0,,1787593659672.215,8.745,0.4,11.06,0.35,1787593659675.1543,False,,,5,OP1,C2_WIFI_CARGA_MEDIA,N3
,0.495,0.35,0.108,1.0,,1787593659692.5051,8.78,0.4,11.0,0.35,1787593659692.5051,False,,,5,OP1,C2_WIFI_CARGA_MEDIA,N3
,0.495,0.35,0.108,1.0,,1787593659734.8066,8.78,0.4,11.0,0.35,1787593659734.8066,False,,,5,OP1,C2_WIFI_CARGA_MEDIA,N3
,0.496,0.35,0.109,1.0,,1787593659778.7073,8.815,0.32,11.0,0.35,1787593659779.3467,False,,,5,OP1,C2_WIFI_CARGA_MEDIA,N3
,0.496,0.35,0.108,1.0,,1787593659822.0847,8.78,0.32,11.0,0.35,1787593659822.0847,False,,,5,OP1,C2_WIFI_CARGA_MEDIA,N3
,0.496,0.35,0.108,1.0,,1787593659846.8096,8.78,0.32,11.0,0.35,1787593659846.8096,False,,,5,OP1,C2_WIFI_CARGA_MEDIA,N3
,0.496,0.351,0.109,1.0,,1787593659873.5063,8.815,0.32,11.06,0.35,1787593659878.414,False,,,5,OP1,C2_WIFI_CARGA_MEDIA,N3
,0.496,0.35,0.108,1.0,,1787593659897.2468,8.78,0.32,11.0,0.35,1787593659897.2468,False,,,5,OP1,C2_WIFI_CARGA_MEDIA,N3
,0.495,0.35,0.108,1.0,,1787593659960.0337,8.78,0.4,11.0,0.35,1787593659960.0337,False,,,5,OP1,C2_WIFI_CARGA_MEDIA,N3
,0.494,0.35,0.109,1.0,,1787593659981.7588,8.815,0.48,11.0,0.35,1787593659981.7588,False,,,5,OP1,C2_WIFI_CARGA_MEDIA,N3
,0.494,0.349,0.109,1.0,,1787593660018.6084,8.815,0.48,10.94,0.35,1787593660018.6084,False,,,5,OP1,C2_WIFI_CARGA_MEDIA,N3
,0.495,0.348,0.111,1.0,,1787593660058.7075,8.885,0.4,10.88,0.35,1787593660058.7075,False,,,5,OP1,C2_WIFI_CARGA_MEDIA,N3
,0.495,0.347,0.112,1.0,,1787593660082.6167,8.92,0.4,10.82,0.35,1787593660082.6167,False,,,5,OP1,C2_WIFI_CARGA_MEDIA,N3
,0.495,0.347,0.112,1.0,,1787593660116.421,8.92,0.4,10.82,0.35,1787593660116.421,False,,,5,OP1,C2_WIFI_CARGA_MEDIA,N3
,0.495,0.347,0.113,1.0,,1787593660181.6526,8.955,0.4,10.82,0.35,1787593660184.0122,False,,,5,OP1,C2_WIFI_CARGA_MEDIA,N3
,0.495,0.347,0.113,1.0,,1787593660225.3652,8.955,0.4,10.82,0.35,1787593660225.3652,False,,,5,OP1,C2_WIFI_CARGA_MEDIA,N3
,0.495,0.347,0.112,1.0,,1787593660250.5603,8.92,0.4,10.82,0.35,1787593660250.5603,False,,,5,OP1,C2_WIFI_CARGA_MEDIA,N3
,0.495,0.347,0.113,1.0,,1787593660281.8784,8.955,0.4,10.82,0.35,1787593660283.061,False,,,5,OP1,C2_WIFI_CARGA_MEDIA,N3
,0.495,0.348,0.113,1.0,,1787593660317.7388,8.955,0.4,10.88,0.35,1787593660317.7388,False,,,5,OP1,C2_WIFI_CARGA_MEDIA,N3
,0.496,0.348,0.114,1.0,,1787593660367.8745,8.99,0.32,10.88,0.35,1787593660367.8745,False,,,5,OP1,C2_WIFI_CARGA_MEDIA,N3
,0.495,0.348,0.114,1.0,,1787593660424.3645,8.99,0.4,10.88,0.35,1787593660424.3645,False,,,5,OP1,C2_WIFI_CARGA_MEDIA,N3
,0.495,0.348,0.114,1.0,,1787593660459.725,8.99,0.4,10.88,0.35,1787593660459.725,False,,,5,OP1,C2_WIFI_CARGA_MEDIA,N3
,0.495,0.347,0.115,1.0,,1787593660486.0042,9.025,0.4,10.82,0.35,1787593660486.0042,False,,,5,OP1,C2_WIFI_CARGA_MEDIA,N3
,0.495,0.347,0.115,1.0,,1787593660517.5906,9.025,0.4,10.82,0.35,1787593660518.6062,False,,,5,OP1,C2_WIFI_CARGA_MEDIA,N3
,0.496,0.348,0.116,1.0,,1787593660562.1265,9.06,0.32,10.88,0.35,1787593660562.1265,False,,,5,OP1,C2_WIFI_CARGA_MEDIA,N3
,0.497,0.348,0.116,1.0,,1787593660585.4253,9.06,0.24,10.88,0.35,1787593660586.4226,False,,,5,OP1,C2_WIFI_CARGA_MEDIA,N3
,0.497,0.348,0.117,1.0,,1787593660620.673,9.095,0.24,10.88,0.35,1787593660620.673,False,,,5,OP1,C2_WIFI_CARGA_MEDIA,N3
,0.496,0.349,0.116,1.0,,1787593660670.7507,9.06,0.32,10.94,0.35,1787593660670.7507,False,,,5,OP1,C2_WIFI_CARGA_MEDIA,N3
,0.496,0.349,0.115,1.0,,1787593660736.837,9.025,0.32,10.94,0.35,1787593660737.232,False,,,5,OP1,C2_WIFI_CARGA_MEDIA,N3
,0.497,0.349,0.115,1.0,,1787593660762.7417,9.025,0.24,10.94,0.35,1787593660763.6958,False,,,5,OP1,C2_WIFI_CARGA_MEDIA,N3
,0.498,0.349,0.115,1.0,,1787593660822.5327,9.025,0.16,10.94,0.35,1787593660822.5327,False,,,5,OP1,C2_WIFI_CARGA_MEDIA,N3
,0.498,0.349,0.115,1.0,,1787593660865.2234,9.025,0.16,10.94,0.35,1787593660865.2234,False,,,5,OP1,C2_WIFI_CARGA_MEDIA,N3
,0.498,0.349,0.115,1.0,,1787593660888.74,9.025,0.16,10.94,0.35,1787593660889.7476,False,,,5,OP1,C2_WIFI_CARGA_MEDIA,N3
,0.498,0.349,0.115,1.0,,1787593660929.4287,9.025,0.16,10.94,0.35,1787593660929.4287,False,,,5,OP1,C2_WIFI_CARGA_MEDIA,N3
,0.498,0.349,0.116,1.0,,1787593660963.684,9.06,0.16,10.94,0.35,1787593660963.684,False,,,5,OP1,C2_WIFI_CARGA_MEDIA,N3
,0.498,0.349,0.116,1.0,,1787593660988.283,9.06,0.16,10.94,0.35,1787593660988.283,False,,,5,OP1,C2_WIFI_CARGA_MEDIA,N3
,0.497,0.35,0.115,1.0,,1787593661023.9822,9.025,0.24,11.0,0.35,1787593661023.9822,False,,,5,OP1,C2_WIFI_CARGA_MEDIA,N3
,0.497,0.35,0.115,1.0,,1787593661056.6685,9.025,0.24,11.0,0.35,1787593661056.6685,False,,,5,OP1,C2_WIFI_CARGA_MEDIA,N3
,0.497,0.35,0.114,1.0,,1787593661088.0537,8.99,0.24,11.0,0.35,1787593661089.2188,False,,,5,OP1,C2_WIFI_CARGA_MEDIA,N3
,0.497,0.35,0.114,1.0,,1787593661126.3438,8.99,0.24,11.0,0.35,1787593661129.771,False,,,5,OP1,C2_WIFI_CARGA_MEDIA,N3
,0.497,0.35,0.114,1.0,,1787593661173.2688,8.99,0.24,11.0,0.35,1787593661189.0293,False,,,5,OP1,C2_WIFI_CARGA_MEDIA,N3
,0.497,0.35,0.114,1.0,,1787593661234.2688,8.99,0.24,11.0,0.35,1787593661234.2688,False,,,5,OP1,C2_WIFI_CARGA_MEDIA,N3
,0.496,0.35,0.113,1.0,,1787593661258.255,8.955,0.32,11.0,0.35,1787593661258.255,False,,,5,OP1,C2_WIFI_CARGA_MEDIA,N3
,0.496,0.35,0.113,1.0,,1787593661291.332,8.955,0.32,11.0,0.35,1787593661292.3313,False,,,5,OP1,C2_WIFI_CARGA_MEDIA,N3
,0.497,0.35,0.113,1.0,,1787593661317.8762,8.955,0.24,11.0,0.35,1787593661317.8762,False,,,5,OP1,C2_WIFI_CARGA_MEDIA,N3
,0.497,0.35,0.113,1.0,,1787593661346.9707,8.955,0.24,11.0,0.35,1787593661346.9707,False,,,5,OP1,C2_WIFI_CARGA_MEDIA,N3
,0.497,0.349,0.112,1.0,,1787593661396.993,8.92,0.24,10.94,0.35,1787593661396.993,False,,,5,OP1,C2_WIFI_CARGA_MEDIA,N3
,0.496,0.35,0.112,1.0,,1787593661423.3623,8.92,0.32,11.0,0.35,1787593661423.9424,False,,,5,OP1,C2_WIFI_CARGA_MEDIA,N3
,0.496,0.349,0.112,1.0,,1787593661464.8977,8.92,0.32,10.94,0.35,1787593661466.9092,False,,,5,OP1,C2_WIFI_CARGA_MEDIA,N3
,0.496,0.349,0.112,1.0,,1787593661509.5386,8.92,0.32,10.94,0.35,1787593661509.5386,False,,,5,OP1,C2_WIFI_CARGA_MEDIA,N3
,0.496,0.348,0.113,1.0,,1787593661560.63,8.955,0.32,10.88,0.35,1787593661561.743,False,,,5,OP1,C2_WIFI_CARGA_MEDIA,N3
,0.496,0.348,0.113,1.0,,1787593661603.319,8.955,0.32,10.88,0.35,1787593661603.319,False,,,5,OP1,C2_WIFI_CARGA_MEDIA,N3
,0.495,0.347,0.114,1.0,,1787593661632.533,8.99,0.4,10.82,0.35,1787593661632.533,False,,,5,OP1,C2_WIFI_CARGA_MEDIA,N3
,0.495,0.347,0.116,1.0,,1787593661660.5315,9.06,0.4,10.82,0.35,1787593661660.5315,False,,,5,OP1,C2_WIFI_CARGA_MEDIA,N3
,0.495,0.347,0.117,1.0,,1787593661697.0562,9.095,0.4,10.82,0.35,1787593661697.0562,False,,,5,OP1,C2_WIFI_CARGA_MEDIA,N3
,0.495,0.347,0.117,1.0,,1787593661736.6013,9.095,0.4,10.82,0.35,1787593661736.6013,False,,,5,OP1,C2_WIFI_CARGA_MEDIA,N3
,0.495,0.347,0.117,1.0,,1787593661761.3445,9.095,0.4,10.82,0.35,1787593661761.8542,False,,,5,OP1,C2_WIFI_CARGA_MEDIA,N3
,0.495,0.347,0.116,1.0,,1787593661798.7715,9.06,0.4,10.82,0.35,1787593661800.2422,False,,,5,OP1,C2_WIFI_CARGA_MEDIA,N3
,0.496,0.348,0.113,1.0,,1787593661850.5432,8.955,0.32,10.88,0.35,1787593661850.5432,False,,,5,OP1,C2_WIFI_CARGA_MEDIA,N3
,0.495,0.349,0.112,1.0,,1787593661897.0642,8.92,0.4,10.94,0.35,1787593661897.0642,False,,,5,OP1,C2_WIFI_CARGA_MEDIA,N3
,0.495,0.349,0.113,1.0,,1787593661929.7366,8.955,0.4,10.94,0.35,1787593661930.8384,False,,,5,OP1,C2_WIFI_CARGA_MEDIA,N3
,0.495,0.35,0.114,1.0,,1787593661967.1267,8.99,0.4,11.0,0.35,1787593661967.1267,False,,,5,OP1,C2_WIFI_CARGA_MEDIA,N3
,0.495,0.349,0.116,1.0,,1787593661997.6533,9.06,0.4,10.94,0.35,1787593661997.6533,False,,,5,OP1,C2_WIFI_CARGA_MEDIA,N3
,0.495,0.349,0.117,1.0,,1787593662030.2605,9.095,0.4,10.94,0.35,1787593662030.637,False,,,5,OP1,C2_WIFI_CARGA_MEDIA,N3
,0.495,0.348,0.117,1.0,,1787593662073.609,9.095,0.4,10.88,0.35,1787593662073.609,False,,,5,OP1,C2_WIFI_CARGA_MEDIA,N3
,0.495,0.348,0.118,1.0,,1787593662103.9556,9.13,0.4,10.88,0.35,1787593662103.9556,False,,,5,OP1,C2_WIFI_CARGA_MEDIA,N3
,0.495,0.349,0.117,1.0,,1787593662130.1826,9.095,0.4,10.94,0.35,1787593662131.1953,False,,,5,OP1,C2_WIFI_CARGA_MEDIA,N3
,0.495,0.349,0.116,1.0,,1787593662162.2532,9.06,0.4,10.94,0.35,1787593662162.2532,False,,,5,OP1,C2_WIFI_CARGA_MEDIA,N3
,0.495,0.35,0.116,1.0,,1787593662200.4446,9.06,0.4,11.0,0.35,1787593662200.4446,False,,,5,OP1,C2_WIFI_CARGA_MEDIA,N3
,0.495,0.35,0.116,1.0,,1787593662230.864,9.06,0.4,11.0,0.35,1787593662231.8794,False,,,5,OP1,C2_WIFI_CARGA_MEDIA,N3
,0.495,0.35,0.116,1.0,,1787593662271.7402,9.06,0.4,11.0,0.35,1787593662273.7444,False,,,5,OP1,C2_WIFI_CARGA_MEDIA,N3
,0.495,0.351,0.116,1.0,,1787593662299.122,9.06,0.4,11.06,0.35,1787593662299.122,False,,,5,OP1,C2_WIFI_CARGA_MEDIA,N3
,0.495,0.351,0.117,1.0,,1787593662332.335,9.095,0.4,11.06,0.35,1787593662334.8833,False,,,5,OP1,C2_WIFI_CARGA_MEDIA,N3
,0.494,0.351,0.116,1.0,,1787593662366.8943,9.06,0.48,11.06,0.35,1787593662366.8943,False,,,5,OP1,C2_WIFI_CARGA_MEDIA,N3
,0.494,0.351,0.116,1.0,,1787593662410.734,9.06,0.48,11.06,0.35,1787593662410.734,False,,,5,OP1,C2_WIFI_CARGA_MEDIA,N3
,0.494,0.352,0.114,1.0,,1787593662432.629,8.99,0.48,11.12,0.35,1787593662434.318,False,,,5,OP1,C2_WIFI_CARGA_MEDIA,N3
,0.494,0.352,0.113,1.0,,1787593662466.359,8.955,0.48,11.12,0.35,1787593662467.4426,False,,,5,OP1,C2_WIFI_CARGA_MEDIA,N3
,0.494,0.352,0.112,1.0,,1787593662510.4414,8.92,0.48,11.12,0.35,1787593662525.3765,False,,,5,OP1,C2_WIFI_CARGA_MEDIA,N3
,0.494,0.351,0.113,1.0,,1787593662566.131,8.955,0.48,11.06,0.35,1787593662582.87,False,,,5,OP1,C2_WIFI_CARGA_MEDIA,N3
,0.495,0.351,0.114,1.0,,1787593662635.5647,8.99,0.4,11.06,0.35,1787593662635.5647,False,,,5,OP1,C2_WIFI_CARGA_MEDIA,N3
,0.496,0.351,0.115,1.0,,1787593662671.9758,9.025,0.32,11.06,0.35,1787593662671.9758,False,,,5,OP1,C2_WIFI_CARGA_MEDIA,N3
,0.496,0.351,0.115,1.0,,1787593662703.9749,9.025,0.32,11.06,0.35,1787593662703.9749,False,,,5,OP1,C2_WIFI_CARGA_MEDIA,N3
,0.495,0.352,0.115,1.0,,1787593662747.1086,9.025,0.4,11.12,0.35,1787593662747.1086,False,,,5,OP1,C2_WIFI_CARGA_MEDIA,N3
,0.492,0.358,0.126,1.0,,1787593662791.5422,9.41,0.64,11.48,0.35,1787593662792.5642,False,,,5,OP1,C2_WIFI_CARGA_MEDIA,N3
,0.486,0.373,0.165,1.0,,1787593662854.8062,10.775,1.12,12.38,0.35,1787593662860.016,False,,,5,OP1,C2_WIFI_CARGA_MEDIA,N3
,0.485,0.392,0.229,1.0,,1787593662910.4878,13.015,1.2,13.52,0.35,1787593662910.4878,False,,,5,OP1,C2_WIFI_CARGA_MEDIA,N3
,0.483,0.398,0.264,1.0,,1787593662938.7104,14.24,1.36,13.88,0.35,1787593662938.7104,False,,,5,OP1,C2_WIFI_CARGA_MEDIA,N3
,0.473,0.414,0.35,1.0,,1787593662970.663,17.25,2.16,14.84,0.35,1787593662970.663,False,,,5,OP1,C2_WIFI_CARGA_MEDIA,N3
,0.468,0.415,0.38,1.0,,1787593662998.3655,18.3,2.56,14.9,0.35,1787593663000.7195,False,,,5,OP1,C2_WIFI_CARGA_MEDIA,N3
,0.459,0.418,0.413,1.0,,1787593663051.5503,19.455,3.28,15.08,0.35,1787593663052.6946,False,,,5,OP1,C2_WIFI_CARGA_MEDIA,N3
,0.429,0.429,0.478,1.0,,1787593663104.4546,21.73,5.68,15.74,0.35,1787593663104.4546,False,,,5,OP1,C2_WIFI_CARGA_MEDIA,N3
,0.4,0.442,0.511,1.0,,1787593663154.9963,22.885,8.0,16.52,0.35,1787593663154.9963,False,,,5,OP1,C2_WIFI_CARGA_MEDIA,N3
,0.386,0.449,0.523,1.0,,1787593663189.5803,23.305,9.12,16.94,0.35,1787593663189.5803,False,,,5,OP1,C2_WIFI_CARGA_MEDIA,N3
,0.377,0.455,0.538,1.0,,1787593663213.9236,23.83,9.84,17.3,0.35,1787593663213.9236,False,,,5,OP1,C2_WIFI_CARGA_MEDIA,N3
,0.365,0.46,0.551,1.0,,1787593663246.749,24.285,10.8,17.6,0.35,1787593663250.4126,False,,,5,OP1,C2_WIFI_CARGA_MEDIA,N3
,0.344,0.466,0.567,1.0,,1787593663292.4895,24.845,12.48,17.96,0.35,1787593663292.4895,False,,,5,OP1,C2_WIFI_CARGA_MEDIA,N3
,0.335,0.467,0.569,1.0,,1787593663315.974,24.915,13.2,18.02,0.35,1787593663315.974,False,,,5,OP1,C2_WIFI_CARGA_MEDIA,N3
,0.328,0.466,0.57,1.0,,1787593663359.2993,24.95,13.76,17.96,0.35,1787593663359.2993,False,,,5,OP1,C2_WIFI_CARGA_MEDIA,N3
,0.317,0.464,0.576,1.0,,1787593663413.6826,25.16,14.64,17.84,0.35,1787593663414.6785,False,,,5,OP1,C2_WIFI_CARGA_MEDIA,N3
,0.312,0.463,0.578,1.0,,1787593663434.8523,25.23,15.04,17.78,0.35,1787593663434.8523,False,,,5,OP1,C2_WIFI_CARGA_MEDIA,N3
,0.309,0.46,0.58,1.0,,1787593663477.6914,25.3,15.28,17.6,0.35,1787593663477.6914,False,,,5,OP1,C2_WIFI_CARGA_MEDIA,N3
,0.308,0.459,0.58,1.0,,1787593663507.953,25.3,15.36,17.54,0.35,1787593663508.6611,False,,,5,OP1,C2_WIFI_CARGA_MEDIA,N3
,0.308,0.458,0.58,1.0,,1787593663547.9585,25.3,15.36,17.48,0.35,1787593663553.5042,False,,,5,OP1,C2_WIFI_CARGA_MEDIA,N3
,0.305,0.458,0.58,1.0,,1787593663597.1147,25.3,15.6,17.48,0.35,1787593663609.173,False,,,5,OP1,C2_WIFI_CARGA_MEDIA,N3
,0.301,0.457,0.584,1.0,,1787593663650.9573,25.44,15.92,17.42,0.35,1787593663653.712,False,,,5,OP1,C2_WIFI_CARGA_MEDIA,N3
,0.299,0.456,0.585,1.0,,1787593663684.7937,25.475,16.08,17.36,0.35,1787593663684.7937,False,,,5,OP1,C2_WIFI_CARGA_MEDIA,N3
,0.297,0.455,0.586,1.0,,1787593663710.524,25.51,16.24,17.3,0.35,1787593663712.1335,False,,,5,OP1,C2_WIFI_CARGA_MEDIA,N3
,0.295,0.454,0.587,1.0,,1787593663747.1362,25.545,16.4,17.24,0.35,1787593663747.1362,False,,,5,OP1,C2_WIFI_CARGA_MEDIA,N3
,0.289,0.45,0.59,1.0,,1787593663789.5396,25.65,16.88,17.0,0.35,1787593663789.5396,False,,,5,OP1,C2_WIFI_CARGA_MEDIA,N3
,0.287,0.448,0.59,1.0,,1787593663812.015,25.65,17.04,16.88,0.35,1787593663812.7444,False,,,5,OP1,C2_WIFI_CARGA_MEDIA,N3
,0.286,0.446,0.591,1.0,,1787593663854.0042,25.685,17.12,16.76,0.35,1787593663854.0042,False,,,5,OP1,C2_WIFI_CARGA_MEDIA,N3
,0.285,0.444,0.591,1.0,,1787593663886.3118,25.685,17.2,16.64,0.35,1787593663888.317,False,,,5,OP1,C2_WIFI_CARGA_MEDIA,N3
,0.284,0.442,0.59,1.0,,1787593663911.464,25.65,17.28,16.52,0.35,1787593663912.4573,False,,,5,OP1,C2_WIFI_CARGA_MEDIA,N3
,0.284,0.439,0.591,1.0,,1787593663942.6443,25.685,17.28,16.34,0.35,1787593663942.6443,False,,,5,OP1,C2_WIFI_CARGA_MEDIA,N3
,0.282,0.434,0.592,1.0,,1787593663989.8152,25.72,17.44,16.04,0.35,1787593663989.8152,False,,,5,OP1,C2_WIFI_CARGA_MEDIA,N3
,0.282,0.433,0.591,1.0,,1787593664011.7866,25.685,17.44,15.98,0.35,1787593664012.9043,False,,,5,OP1,C2_WIFI_CARGA_MEDIA,N3
,0.282,0.433,0.591,1.0,,1787593664054.1606,25.685,17.44,15.98,0.35,1787593664054.1606,False,,,5,OP1,C2_WIFI_CARGA_MEDIA,N3
,0.282,0.432,0.59,1.0,,1787593664080.4004,25.65,17.44,15.92,0.35,1787593664080.4004,False,,,5,OP1,C2_WIFI_CARGA_MEDIA,N3
,0.283,0.431,0.59,1.0,,1787593664113.0269,25.65,17.36,15.86,0.35,1787593664114.0383,False,,,5,OP1,C2_WIFI_CARGA_MEDIA,N3
,0.284,0.431,0.59,1.0,,1787593664157.7578,25.65,17.28,15.86,0.35,1787593664157.7578,False,,,5,OP1,C2_WIFI_CARGA_MEDIA,N3
,0.285,0.43,0.59,1.0,,1787593664181.7634,25.65,17.2,15.8,0.35,1787593664181.7634,False,,,5,OP1,C2_WIFI_CARGA_MEDIA,N3
,0.288,0.43,0.591,1.0,,1787593664216.671,25.685,16.96,15.8,0.35,1787593664216.671,False,,,5,OP1,C2_WIFI_CARGA_MEDIA,N3
,0.291,0.43,0.593,1.0,,1787593664249.9026,25.755,16.72,15.8,0.35,1787593664249.9026,False,,,5,OP1,C2_WIFI_CARGA_MEDIA,N3
,0.298,0.43,0.595,1.0,,1787593664287.9768,25.825,16.16,15.8,0.35,1787593664287.9768,False,,,5,OP1,C2_WIFI_CARGA_MEDIA,N3
,0.3,0.429,0.599,1.0,,1787593664313.3047,25.965,16.0,15.74,0.35,1787593664316.332,False,,,5,OP1,C2_WIFI_CARGA_MEDIA,N3
,0.303,0.428,0.606,1.0,,1787593664359.7498,26.21,15.76,15.68,0.35,1787593664359.7498,False,,,5,OP1,C2_WIFI_CARGA_MEDIA,N3
,0.305,0.427,0.613,1.0,,1787593664382.4382,26.455,15.6,15.62,0.35,1787593664382.4382,False,,,5,OP1,C2_WIFI_CARGA_MEDIA,N3
,0.306,0.424,0.623,1.0,,1787593664414.91,26.805,15.52,15.44,0.35,1787593664416.1226,False,,,5,OP1,C2_WIFI_CARGA_MEDIA,N3
,0.307,0.422,0.632,1.0,,1787593664435.2407,27.12,15.44,15.32,0.35,1787593664446.504,False,,,5,OP1,C2_WIFI_CARGA_MEDIA,N3
,0.307,0.417,0.642,1.0,,1787593664492.3877,27.47,15.44,15.02,0.35,1787593664493.0986,False,,,5,OP1,C2_WIFI_CARGA_MEDIA,N3
,0.307,0.415,0.644,1.0,,1787593664513.9448,27.54,15.44,14.9,0.35,1787593664515.0483,False,,,5,OP1,C2_WIFI_CARGA_MEDIA,N3
,0.307,0.413,0.646,1.0,,1787593664554.7185,27.61,15.44,14.78,0.35,1787593664554.7185,False,,,5,OP1,C2_WIFI_CARGA_MEDIA,N3
,0.308,0.411,0.649,1.0,,1787593664585.7632,27.715,15.36,14.66,0.35,1787593664596.944,False,,,5,OP1,C2_WIFI_CARGA_MEDIA,N3
,0.308,0.41,0.652,1.0,,1787593664633.4036,27.82,15.36,14.6,0.35,1787593664633.4036,False,,,5,OP1,C2_WIFI_CARGA_MEDIA,N3
,0.309,0.41,0.656,1.0,,1787593664659.9849,27.96,15.28,14.6,0.35,1787593664659.9849,False,,,5,OP1,C2_WIFI_CARGA_MEDIA,N3
,0.309,0.409,0.667,1.0,,1787593664689.4604,28.345,15.28,14.54,0.35,1787593664689.4604,False,,,5,OP1,C2_WIFI_CARGA_MEDIA,N3
,0.31,0.408,0.678,1.0,,1787593664715.905,28.73,15.2,14.48,0.35,1787593664717.1628,False,,,5,OP1,C2_WIFI_CARGA_MEDIA,N3
,0.31,0.408,0.687,1.0,,1787593664749.7876,29.045,15.2,14.48,0.35,1787593664751.3674,False,,,5,OP1,C2_WIFI_CARGA_MEDIA,N3
,0.31,0.408,0.703,1.0,,1787593664797.0327,29.605,15.2,14.48,0.35,1787593664797.0327,False,,,5,OP1,C2_WIFI_CARGA_MEDIA,N3
,0.31,0.408,0.71,1.0,,1787593664819.618,29.85,15.2,14.48,0.35,1787593664820.639,False,,,5,OP1,C2_WIFI_CARGA_MEDIA,N3
,0.311,0.407,0.719,1.0,,1787593664862.2646,30.165,15.12,14.42,0.35,1787593664862.2646,False,,,5,OP1,C2_WIFI_CARGA_MEDIA,N3
,0.311,0.404,0.735,1.0,,1787593664913.5864,30.725,15.12,14.24,0.35,1787593664913.5864,False,,,5,OP1,C2_WIFI_CARGA_MEDIA,N3
,0.311,0.403,0.74,1.0,,1787593664934.4453,30.9,15.12,14.18,0.35,1787593664934.4453,False,,,5,OP1,C2_WIFI_CARGA_MEDIA,N3
,0.312,0.4,0.747,1.0,,1787593664962.2554,31.145,15.04,14.0,0.35,1787593664962.2554,False,,,5,OP1,C2_WIFI_CARGA_MEDIA,N3
,0.312,0.396,0.755,1.0,,1787593665000.324,31.425,15.04,13.76,0.35,1787593665001.3315,False,,,5,OP1,C2_WIFI_CARGA_MEDIA,N3
,0.31,0.386,0.771,1.0,,1787593665058.7036,31.985,15.2,13.16,0.35,1787593665058.7036,False,,,5,OP1,C2_WIFI_CARGA_MEDIA,N3
,0.306,0.378,0.784,1.0,,1787593665091.3684,32.44,15.52,12.68,0.35,1787593665093.3772,False,,,5,OP1,C2_WIFI_CARGA_MEDIA,N3
,0.303,0.376,0.786,1.0,,1787593665121.8872,32.51,15.76,12.56,0.35,1787593665121.8872,False,,,5,OP1,C2_WIFI_CARGA_MEDIA,N3
,0.302,0.374,0.788,1.0,,1787593665167.0947,32.58,15.84,12.44,0.35,1787593665167.0947,False,,,5,OP1,C2_WIFI_CARGA_MEDIA,N3
,0.3,0.373,0.788,1.0,,1787593665192.8313,32.58,16.0,12.38,0.35,1787593665195.9282,False,,,5,OP1,C2_WIFI_CARGA_MEDIA,N3
,0.299,0.373,0.789,1.0,,1787593665223.0552,32.615,16.08,12.38,0.35,1787593665223.4602,False,,,5,OP1,C2_WIFI_CARGA_MEDIA,N3
,0.299,0.372,0.791,1.0,,1787593665246.8848,32.685,16.08,12.32,0.35,1787593665253.7893,False,,,5,OP1,C2_WIFI_CARGA_MEDIA,N3
,0.298,0.371,0.792,1.0,,1787593665270.5637,32.72,16.16,12.26,0.35,1787593665272.4355,False,,,5,OP1,C2_WIFI_CARGA_MEDIA,N3
,0.297,0.37,0.795,1.0,,1787593665299.1394,32.825,16.24,12.2,0.35,1787593665299.1394,False,,,5,OP1,C2_WIFI_CARGA_MEDIA,N3
,0.296,0.37,0.795,1.0,,1787593665323.8274,32.825,16.32,12.2,0.35,1787593665324.9297,False,,,5,OP1,C2_WIFI_CARGA_MEDIA,N3
,0.294,0.369,0.797,1.0,,1787593665363.5571,32.895,16.48,12.14,0.35,1787593665363.5571,False,,,5,OP1,C2_WIFI_CARGA_MEDIA,N3
,0.289,0.367,0.805,1.0,,1787593665400.7708,33.175,16.88,12.02,0.35,1787593665400.7708,False,,,5,OP1,C2_WIFI_CARGA_MEDIA,N3
,0.287,0.366,0.808,1.0,,1787593665431.474,33.28,17.04,11.96,0.35,1787593665431.474,False,,,5,OP1,C2_WIFI_CARGA_MEDIA,N3
,0.284,0.365,0.813,1.0,,1787593665470.385,33.455,17.28,11.9,0.35,1787593665470.385,False,,,5,OP1,C2_WIFI_CARGA_MEDIA,N3
,0.278,0.365,0.818,1.0,,1787593665500.6892,33.63,17.76,11.9,0.35,1787593665500.6892,False,,,5,OP1,C2_WIFI_CARGA_MEDIA,N3
,0.273,0.364,0.822,1.0,,1787593665527.2827,33.77,18.16,11.84,0.35,1787593665528.2983,False,,,5,OP1,C2_WIFI_CARGA_MEDIA,N3
,0.271,0.363,0.825,1.0,,1787593665557.9348,33.875,18.32,11.78,0.35,1787593665559.472,False,,,5,OP1,C2_WIFI_CARGA_MEDIA,N3
,0.265,0.362,0.83,1.0,,1787593665601.0872,34.05,18.8,11.72,0.35,1787593665601.0872,False,,,5,OP1,C2_WIFI_CARGA_MEDIA,N3
,0.263,0.361,0.831,1.0,,1787593665626.5146,34.085,18.96,11.66,0.35,1787593665626.5146,False,,,5,OP1,C2_WIFI_CARGA_MEDIA,N3
,0.26,0.361,0.832,1.0,,1787593665668.7207,34.12,19.2,11.66,0.35,1787593665669.726,False,,,5,OP1,C2_WIFI_CARGA_MEDIA,N3
,0.257,0.359,0.834,1.0,,1787593665696.825,34.19,19.44,11.54,0.35,1787593665696.825,False,,,5,OP1,C2_WIFI_CARGA_MEDIA,N3
,0.255,0.358,0.834,1.0,,1787593665725.007,34.19,19.6,11.48,0.35,1787593665725.8083,False,,,5,OP1,C2_WIFI_CARGA_MEDIA,N3
,0.251,0.357,0.832,1.0,,1787593665770.8406,34.12,19.92,11.42,0.35,1787593665770.8406,False,,,5,OP1,C2_WIFI_CARGA_MEDIA,N3
,0.249,0.357,0.832,1.0,,1787593665805.0933,34.12,20.08,11.42,0.35,1787593665805.0933,False,,,5,OP1,C2_WIFI_CARGA_MEDIA,N3
,0.247,0.356,0.833,1.0,,1787593665828.6914,34.155,20.24,11.36,0.35,1787593665828.6914,False,,,5,OP1,C2_WIFI_CARGA_MEDIA,N3
,0.244,0.356,0.833,1.0,,1787593665864.2378,34.155,20.48,11.36,0.35,1787593665864.2378,False,,,5,OP1,C2_WIFI_CARGA_MEDIA,N3
,0.241,0.357,0.833,1.0,,1787593665905.7676,34.155,20.72,11.42,0.35,1787593665905.7676,False,,,5,OP1,C2_WIFI_CARGA_MEDIA,N3
,0.24,0.357,0.833,1.0,,1787593665928.5486,34.155,20.8,11.42,0.35,1787593665928.8735,False,,,5,OP1,C2_WIFI_CARGA_MEDIA,N3
,0.239,0.358,0.833,1.0,,1787593665972.8606,34.155,20.88,11.48,0.35,1787593665972.8606,False,,,5,OP1,C2_WIFI_CARGA_MEDIA,N3
,0.239,0.358,0.833,1.0,,1787593666003.0762,34.155,20.88,11.48,0.35,1787593666005.0815,False,,,5,OP1,C2_WIFI_CARGA_MEDIA,N3
,0.238,0.358,0.833,1.0,,1787593666028.5754,34.155,20.96,11.48,0.35,1787593666029.5771,False,,,5,OP1,C2_WIFI_CARGA_MEDIA,N3
,0.237,0.358,0.832,1.0,,1787593666072.3394,34.12,21.04,11.48,0.35,1787593666073.4854,False,,,5,OP1,C2_WIFI_CARGA_MEDIA,N3
,0.237,0.358,0.832,1.0,,1787593666109.378,34.12,21.04,11.48,0.35,1787593666109.914,False,,,5,OP1,C2_WIFI_CARGA_MEDIA,N3
,0.237,0.358,0.832,1.0,,1787593666133.402,34.12,21.04,11.48,0.35,1787593666134.1272,False,,,5,OP1,C2_WIFI_CARGA_MEDIA,N3
,0.237,0.358,0.831,1.0,,1787593666170.665,34.085,21.04,11.48,0.35,1787593666170.665,False,,,5,OP1,C2_WIFI_CARGA_MEDIA,N3
,0.236,0.359,0.83,1.0,,1787593666208.991,34.05,21.12,11.54,0.35,1787593666208.991,False,,,5,OP1,C2_WIFI_CARGA_MEDIA,N3
,0.236,0.358,0.828,1.0,,1787593666231.7068,33.98,21.12,11.48,0.35,1787593666232.2131,False,,,5,OP1,C2_WIFI_CARGA_MEDIA,N3
,0.235,0.358,0.826,1.0,,1787593666274.8335,33.91,21.2,11.48,0.35,1787593666274.8335,False,,,5,OP1,C2_WIFI_CARGA_MEDIA,N3
,0.235,0.358,0.823,1.0,,1787593666307.4814,33.805,21.2,11.48,0.35,1787593666307.4814,False,,,5,OP1,C2_WIFI_CARGA_MEDIA,N3
,0.236,0.358,0.82,1.0,,1787593666331.8533,33.7,21.12,11.48,0.35,1787593666332.1836,False,,,5,OP1,C2_WIFI_CARGA_MEDIA,N3
,0.236,0.357,0.816,1.0,,1787593666365.2583,33.56,21.12,11.42,0.35,1787593666366.0388,False,,,5,OP1,C2_WIFI_CARGA_MEDIA,N3
,0.238,0.357,0.801,1.0,,1787593666408.429,33.035,20.96,11.42,0.35,1787593666410.4338,False,,,5,OP1,C2_WIFI_CARGA_MEDIA,N3
,0.239,0.357,0.793,1.0,,1787593666432.4536,32.755,20.88,11.42,0.35,1787593666432.4536,False,,,5,OP1,C2_WIFI_CARGA_MEDIA,N3
,0.239,0.356,0.785,1.0,,1787593666466.0986,32.475,20.88,11.36,0.35,1787593666466.0986,False,,,5,OP1,C2_WIFI_CARGA_MEDIA,N3
,0.239,0.357,0.78,1.0,,1787593666504.8284,32.3,20.88,11.42,0.35,1787593666504.8284,False,,,5,OP1,C2_WIFI_CARGA_MEDIA,N3
,0.239,0.36,0.771,1.0,,1787593666541.7632,31.985,20.88,11.6,0.35,1787593666541.7632,False,,,5,OP1,C2_WIFI_CARGA_MEDIA,N3
,0.24,0.361,0.765,1.0,,1787593666595.834,31.775,20.8,11.66,0.35,1787593666597.606,False,,,5,OP1,C2_WIFI_CARGA_MEDIA,N3
,0.241,0.362,0.757,1.0,,1787593666747.2844,31.495,20.72,11.72,0.35,1787593666747.2844,False,,,5,OP1,C2_WIFI_CARGA_MEDIA,N3
,0.252,0.37,0.692,1.0,,1787593666783.1367,29.22,19.84,12.2,0.35,1787593666785.161,False,,,5,OP1,C2_WIFI_CARGA_MEDIA,N3
,0.256,0.371,0.679,1.0,,1787593666837.8867,28.765,19.52,12.26,0.35,1787593666839.9,False,,,5,OP1,C2_WIFI_CARGA_MEDIA,N3
,0.258,0.373,0.664,1.0,,1787593666894.278,28.24,19.36,12.38,0.35,1787593666894.278,False,,,5,OP1,C2_WIFI_CARGA_MEDIA,N3
,0.259,0.374,0.659,1.0,,1787593666919.8745,28.065,19.28,12.44,0.35,1787593666921.9385,False,,,5,OP1,C2_WIFI_CARGA_MEDIA,N3
,0.259,0.375,0.656,1.0,,1787593666946.553,27.96,19.28,12.5,0.35,1787593666951.577,False,,,5,OP1,C2_WIFI_CARGA_MEDIA,N3
,0.261,0.376,0.645,1.0,,1787593666990.8113,27.575,19.12,12.56,0.35,1787593666992.9124,False,,,5,OP1,C2_WIFI_CARGA_MEDIA,N3
,0.261,0.376,0.639,1.0,,1787593667032.079,27.365,19.12,12.56,0.35,1787593667034.0947,False,,,5,OP1,C2_WIFI_CARGA_MEDIA,N3
,0.262,0.376,0.636,1.0,,1787593667180.4788,27.26,19.04,12.56,0.35,1787593667180.4788,False,,,5,OP1,C2_WIFI_CARGA_MEDIA,N3
,0.268,0.376,0.626,1.0,,1787593667212.452,26.91,18.56,12.56,0.35,1787593667212.452,False,,,5,OP1,C2_WIFI_CARGA_MEDIA,N3
,0.27,0.376,0.625,1.0,,1787593667233.1018,26.875,18.4,12.56,0.35,1787593667234.0996,False,,,5,OP1,C2_WIFI_CARGA_MEDIA,N3
,0.271,0.376,0.622,1.0,,1787593667280.629,26.77,18.32,12.56,0.35,1787593667280.629,False,,,5,OP1,C2_WIFI_CARGA_MEDIA,N3
,0.273,0.376,0.618,1.0,,1787593667311.7825,26.63,18.16,12.56,0.35,1787593667311.7825,False,,,5,OP1,C2_WIFI_CARGA_MEDIA,N3
,0.274,0.377,0.616,1.0,,1787593667336.8184,26.56,18.08,12.62,0.35,1787593667337.837,False,,,5,OP1,C2_WIFI_CARGA_MEDIA,N3
,0.277,0.378,0.615,1.0,,1787593667381.4211,26.525,17.84,12.68,0.35,1787593667381.4211,False,,,5,OP1,C2_WIFI_CARGA_MEDIA,N3
,0.278,0.378,0.615,1.0,,1787593667418.348,26.525,17.76,12.68,0.35,1787593667418.348,False,,,5,OP1,C2_WIFI_CARGA_MEDIA,N3
,0.278,0.378,0.614,1.0,,1787593667447.3384,26.49,17.76,12.68,0.35,1787593667447.3384,False,,,5,OP1,C2_WIFI_CARGA_MEDIA,N3
,0.279,0.378,0.615,1.0,,1787593667473.3098,26.525,17.68,12.68,0.35,1787593667473.3098,False,,,5,OP1,C2_WIFI_CARGA_MEDIA,N3
,0.28,0.377,0.617,1.0,,1787593667521.9387,26.595,17.6,12.62,0.35,1787593667521.9387,False,,,5,OP1,C2_WIFI_CARGA_MEDIA,N3
,0.281,0.377,0.618,1.0,,1787593667549.2625,26.63,17.52,12.62,0.35,1787593667549.2625,False,,,5,OP1,C2_WIFI_CARGA_MEDIA,N3
,0.281,0.377,0.619,1.0,,1787593667576.6016,26.665,17.52,12.62,0.35,1787593667576.6016,False,,,5,OP1,C2_WIFI_CARGA_MEDIA,N3
,0.282,0.377,0.621,1.0,,1787593667618.3428,26.735,17.44,12.62,0.35,1787593667618.3428,False,,,5,OP1,C2_WIFI_CARGA_MEDIA,N3
,0.284,0.377,0.625,1.0,,1787593667807.7446,26.875,17.28,12.62,0.35,1787593667816.1636,False,,,5,OP1,C2_WIFI_CARGA_MEDIA,N3
,0.297,0.364,0.71,1.0,,1787593667865.8003,29.85,16.24,11.84,0.35,1787593667865.8003,False,,,5,OP1,C2_WIFI_CARGA_MEDIA,N3
,0.297,0.361,0.726,1.0,,1787593667890.608,30.41,16.24,11.66,0.35,1787593667892.6013,False,,,5,OP1,C2_WIFI_CARGA_MEDIA,N3
,0.296,0.357,0.736,1.0,,1787593667920.1018,30.76,16.32,11.42,0.35,1787593667925.7869,False,,,5,OP1,C2_WIFI_CARGA_MEDIA,N3
,0.29,0.351,0.749,1.0,,1787593667964.8684,31.215,16.8,11.06,0.35,1787593667967.3855,False,,,5,OP1,C2_WIFI_CARGA_MEDIA,N3
,0.288,0.349,0.756,1.0,,1787593667997.2366,31.46,16.96,10.94,0.35,1787593667997.2366,False,,,5,OP1,C2_WIFI_CARGA_MEDIA,N3
,0.286,0.347,0.76,1.0,,1787593668037.5112,31.6,17.12,10.82,0.35,1787593668037.5112,False,,,5,OP1,C2_WIFI_CARGA_MEDIA,N3
,0.281,0.342,0.775,1.0,,1787593668073.6904,32.125,17.52,10.52,0.35,1787593668073.6904,False,,,5,OP1,C2_WIFI_CARGA_MEDIA,N3
,0.28,0.34,0.779,1.0,,1787593668098.7417,32.265,17.6,10.4,0.35,1787593668099.8413,False,,,5,OP1,C2_WIFI_CARGA_MEDIA,N3
,0.28,0.338,0.78,1.0,,1787593668148.15,32.3,17.6,10.28,0.35,1787593668148.15,False,,,5,OP1,C2_WIFI_CARGA_MEDIA,N3
,0.28,0.335,0.784,1.0,,1787593668193.6843,32.44,17.6,10.1,0.35,1787593668194.6846,False,,,5,OP1,C2_WIFI_CARGA_MEDIA,N3
,0.28,0.333,0.786,1.0,,1787593668217.9172,32.51,17.6,9.98,0.35,1787593668217.9172,False,,,5,OP1,C2_WIFI_CARGA_MEDIA,N3
,0.281,0.332,0.787,1.0,,1787593668266.225,32.545,17.52,9.92,0.35,1787593668266.225,False,,,5,OP1,C2_WIFI_CARGA_MEDIA,N3
,0.281,0.33,0.787,1.0,,1787593668312.3794,32.545,17.52,9.8,0.35,1787593668312.3794,False,,,5,OP1,C2_WIFI_CARGA_MEDIA,N3
,0.282,0.329,0.787,1.0,,1787593668364.2583,32.545,17.44,9.74,0.35,1787593668364.2583,False,,,5,OP1,C2_WIFI_CARGA_MEDIA,N3
,0.283,0.327,0.787,1.0,,1787593668425.9062,32.545,17.36,9.62,0.35,1787593668425.9062,False,,,5,OP1,C2_WIFI_CARGA_MEDIA,N3
,0.283,0.326,0.787,1.0,,1787593668482.4387,32.545,17.36,9.56,0.35,1787593668482.4387,False,,,5,OP1,C2_WIFI_CARGA_MEDIA,N3
,0.284,0.326,0.787,1.0,,1787593668503.735,32.545,17.28,9.56,0.35,1787593668503.735,False,,,5,OP1,C2_WIFI_CARGA_MEDIA,N3
,0.284,0.324,0.788,1.0,,1787593668553.405,32.58,17.28,9.44,0.35,1787593668553.405,False,,,5,OP1,C2_WIFI_CARGA_MEDIA,N3
,0.284,0.324,0.788,1.0,,1787593668588.7478,32.58,17.28,9.44,0.35,1787593668588.7478,False,,,5,OP1,C2_WIFI_CARGA_MEDIA,N3
,0.284,0.323,0.79,1.0,,1787593668621.5457,32.65,17.28,9.38,0.35,1787593668621.5457,False,,,5,OP1,C2_WIFI_CARGA_MEDIA,N3
,0.284,0.322,0.791,1.0,,1787593668646.8833,32.685,17.28,9.32,0.35,1787593668648.8997,False,,,5,OP1,C2_WIFI_CARGA_MEDIA,N3
,0.284,0.322,0.793,1.0,,1787593668668.2856,32.755,17.28,9.32,0.35,1787593668668.2856,False,,,5,OP1,C2_WIFI_CARGA_MEDIA,N3
,0.28,0.319,0.8,1.0,,1787593668725.82,33.0,17.6,9.14,0.35,1787593668727.0083,False,,,5,OP1,C2_WIFI_CARGA_MEDIA,N3
,0.275,0.317,0.807,1.0,,1787593668760.6748,33.245,18.0,9.02,0.35,1787593668765.172,False,,,5,OP1,C2_WIFI_CARGA_MEDIA,N3
,0.264,0.31,0.826,1.0,,1787593668814.798,33.91,18.88,8.6,0.35,1787593668814.798,False,,,5,OP1,C2_WIFI_CARGA_MEDIA,N3
,0.26,0.306,0.834,1.0,,1787593668835.2832,34.19,19.2,8.36,0.35,1787593668838.7373,False,,,5,OP1,C2_WIFI_CARGA_MEDIA,N3
,0.257,0.304,0.839,1.0,,1787593668871.6812,34.365,19.44,8.24,0.35,1787593668873.1904,False,,,5,OP1,C2_WIFI_CARGA_MEDIA,N3
,0.256,0.302,0.841,1.0,,1787593668918.3608,34.435,19.52,8.12,0.35,1787593668926.138,False,,,5,OP1,C2_WIFI_CARGA_MEDIA,N3
,0.256,0.301,0.841,1.0,,1787593668942.4126,34.435,19.52,8.06,0.35,1787593668942.4126,False,,,5,OP1,C2_WIFI_CARGA_MEDIA,N3
,0.256,0.301,0.841,1.0,,1787593668983.7632,34.435,19.52,8.06,0.35,1787593668984.1843,False,,,5,OP1,C2_WIFI_CARGA_MEDIA,N3
,0.257,0.3,0.843,1.0,,1787593669026.0842,34.505,19.44,8.0,0.35,1787593669026.0842,False,,,5,OP1,C2_WIFI_CARGA_MEDIA,N3
,0.258,0.3,0.843,1.0,,1787593669051.2446,34.505,19.36,8.0,0.35,1787593669052.394,False,,,5,OP1,C2_WIFI_CARGA_MEDIA,N3
,0.26,0.3,0.844,1.0,,1787593669084.483,34.54,19.2,8.0,0.35,1787593669084.483,False,,,5,OP1,C2_WIFI_CARGA_MEDIA,N3
,0.262,0.3,0.845,1.0,,1787593669132.489,34.575,19.04,8.0,0.35,1787593669136.9563,False,,,5,OP1,C2_WIFI_CARGA_MEDIA,N3
,0.263,0.3,0.846,1.0,,1787593669175.3457,34.61,18.96,8.0,0.35,1787593669175.3457,False,,,5,OP1,C2_WIFI_CARGA_MEDIA,N3
,0.264,0.299,0.848,1.0,,1787593669203.181,34.68,18.88,7.94,0.35,1787593669205.7373,False,,,5,OP1,C2_WIFI_CARGA_MEDIA,N3
,0.264,0.299,0.849,1.0,,1787593669233.6914,34.715,18.88,7.94,0.35,1787593669233.6914,False,,,5,OP1,C2_WIFI_CARGA_MEDIA,N3
,0.264,0.298,0.849,1.0,,1787593669283.9722,34.715,18.88,7.88,0.35,1787593669283.9722,False,,,5,OP1,C2_WIFI_CARGA_MEDIA,N3
,0.264,0.297,0.849,1.0,,1787593669339.5486,34.715,18.88,7.82,0.35,1787593669339.5486,False,,,5,OP1,C2_WIFI_CARGA_MEDIA,N3
,0.264,0.296,0.847,1.0,,1787593669362.5972,34.645,18.88,7.76,0.35,1787593669362.5972,False,,,5,OP1,C2_WIFI_CARGA_MEDIA,N3
,0.263,0.295,0.846,1.0,,1787593669397.027,34.61,18.96,7.7,0.35,1787593669397.027,False,,,5,OP1,C2_WIFI_CARGA_MEDIA,N3
,0.263,0.293,0.84,1.0,,1787593669451.0928,34.4,18.96,7.58,0.35,1787593669453.912,False,,,5,OP1,C2_WIFI_CARGA_MEDIA,N3
,0.263,0.292,0.837,1.0,,1787593669471.1482,34.295,18.96,7.52,0.35,1787593669471.1482,False,,,5,OP1,C2_WIFI_CARGA_MEDIA,N3
,0.264,0.29,0.834,1.0,,1787593669512.311,34.19,18.88,7.4,0.35,1787593669514.3262,False,,,5,OP1,C2_WIFI_CARGA_MEDIA,N3
,0.265,0.289,0.833,1.0,,1787593669562.479,34.155,18.8,7.34,0.35,1787593669563.4714,False,,,5,OP1,C2_WIFI_CARGA_MEDIA,N3
,0.266,0.289,0.832,1.0,,1787593669622.1128,34.12,18.72,7.34,0.35,1787593669624.1294,False,,,5,OP1,C2_WIFI_CARGA_MEDIA,N3
,0.267,0.288,0.83,1.0,,1787593669676.7349,34.05,18.64,7.28,0.35,1787593669676.7349,False,,,5,OP1,C2_WIFI_CARGA_MEDIA,N3
,0.268,0.288,0.829,1.0,,1787593669707.506,34.015,18.56,7.28,0.35,1787593669709.517,False,,,5,OP1,C2_WIFI_CARGA_MEDIA,N3
,0.268,0.288,0.826,1.0,,1787593669737.0486,33.91,18.56,7.28,0.35,1787593669738.1528,False,,,5,OP1,C2_WIFI_CARGA_MEDIA,N3
,0.268,0.289,0.822,1.0,,1787593669786.902,33.77,18.56,7.34,0.35,1787593669790.4114,False,,,5,OP1,C2_WIFI_CARGA_MEDIA,N3
,0.266,0.292,0.801,1.0,,1787593669833.9624,33.035,18.72,7.52,0.35,1787593669833.9624,False,,,5,OP1,C2_WIFI_CARGA_MEDIA,N3
,0.264,0.297,0.787,1.0,,1787593669980.2793,32.545,18.88,7.82,0.35,1787593669980.2793,False,,,5,OP1,C2_WIFI_CARGA_MEDIA,N3
,0.253,0.324,0.694,1.0,,1787593670012.7844,29.29,19.76,9.44,0.35,1787593670012.7844,False,,,5,OP1,C2_WIFI_CARGA_MEDIA,N3
,0.248,0.329,0.671,1.0,,1787593670040.5205,28.485,20.16,9.74,0.35,1787593670042.5437,False,,,5,OP1,C2_WIFI_CARGA_MEDIA,N3
,0.241,0.334,0.647,1.0,,1787593670093.7246,27.645,20.72,10.04,0.35,1787593670094.7412,False,,,5,OP1,C2_WIFI_CARGA_MEDIA,N3
,0.239,0.335,0.644,1.0,,1787593670123.913,27.54,20.88,10.1,0.35,1787593670125.9316,False,,,5,OP1,C2_WIFI_CARGA_MEDIA,N3
,0.237,0.338,0.632,1.0,,1787593670171.7473,27.12,21.04,10.28,0.35,1787593670171.7473,False,,,5,OP1,C2_WIFI_CARGA_MEDIA,N3
,0.236,0.339,0.628,1.0,,1787593670200.431,26.98,21.12,10.34,0.35,1787593670202.3257,False,,,5,OP1,C2_WIFI_CARGA_MEDIA,N3
,0.236,0.34,0.626,1.0,,1787593670236.8809,26.91,21.12,10.4,0.35,1787593670237.97,False,,,5,OP1,C2_WIFI_CARGA_MEDIA,N3
,0.235,0.34,0.624,1.0,,1787593670293.394,26.84,21.2,10.4,0.35,1787593670295.4492,False,,,5,OP1,C2_WIFI_CARGA_MEDIA,N3
,0.235,0.342,0.621,1.0,,1787593670332.735,26.735,21.2,10.52,0.35,1787593670332.735,False,,,5,OP1,C2_WIFI_CARGA_MEDIA,N3
,0.235,0.344,0.617,1.0,,1787593670374.456,26.595,21.2,10.64,0.35,1787593670376.472,False,,,5,OP1,C2_WIFI_CARGA_MEDIA,N3
,0.235,0.348,0.611,1.0,,1787593670426.856,26.385,21.2,10.88,0.35,1787593670426.856,False,,,5,OP1,C2_WIFI_CARGA_MEDIA,N3
,0.235,0.348,0.611,1.0,,1787593670488.6536,26.385,21.2,10.88,0.35,1787593670488.6536,False,,,5,OP1,C2_WIFI_CARGA_MEDIA,N3
,0.236,0.349,0.612,1.0,,1787593670542.0798,26.42,21.12,10.94,0.35,1787593670542.0798,False,,,5,OP1,C2_WIFI_CARGA_MEDIA,N3
,0.237,0.348,0.617,1.0,,1787593670571.2969,26.595,21.04,10.88,0.35,1787593670573.3088,False,,,5,OP1,C2_WIFI_CARGA_MEDIA,N3
,0.239,0.347,0.621,1.0,,1787593670615.1045,26.735,20.88,10.82,0.35,1787593670615.1045,False,,,5,OP1,C2_WIFI_CARGA_MEDIA,N3
,0.239,0.346,0.625,1.0,,1787593670648.118,26.875,20.88,10.76,0.35,1787593670649.1138,False,,,5,OP1,C2_WIFI_CARGA_MEDIA,N3
,0.239,0.346,0.628,1.0,,1787593670682.277,26.98,20.88,10.76,0.35,1787593670682.277,False,,,5,OP1,C2_WIFI_CARGA_MEDIA,N3
,0.239,0.344,0.631,1.0,,1787593670731.3916,27.085,20.88,10.64,0.35,1787593670731.3916,False,,,5,OP1,C2_WIFI_CARGA_MEDIA,N3
,0.239,0.343,0.632,1.0,,1787593670755.7476,27.12,20.88,10.58,0.35,1787593670756.328,False,,,5,OP1,C2_WIFI_CARGA_MEDIA,N3
,0.238,0.342,0.633,1.0,,1787593670792.163,27.155,20.96,10.52,0.35,1787593670794.176,False,,,5,OP1,C2_WIFI_CARGA_MEDIA,N3
,0.237,0.34,0.635,1.0,,1787593670833.6328,27.225,21.04,10.4,0.35,1787593670834.6687,False,,,5,OP1,C2_WIFI_CARGA_MEDIA,N3
,0.237,0.339,0.636,1.0,,1787593670867.4531,27.26,21.04,10.34,0.35,1787593670868.5544,False,,,5,OP1,C2_WIFI_CARGA_MEDIA,N3
,0.238,0.337,0.637,1.0,,1787593670900.1064,27.295,20.96,10.22,0.35,1787593670900.1064,False,,,5,OP1,C2_WIFI_CARGA_MEDIA,N3
,0.24,0.335,0.639,1.0,,1787593670959.8423,27.365,20.8,10.1,0.35,1787593670961.8538,False,,,5,OP1,C2_WIFI_CARGA_MEDIA,N3
,0.241,0.334,0.64,1.0,,1787593671012.567,27.4,20.72,10.04,0.35,1787593671012.567,False,,,5,OP1,C2_WIFI_CARGA_MEDIA,N3
,0.241,0.334,0.64,1.0,,1787593671040.431,27.4,20.72,10.04,0.35,1787593671040.431,False,,,5,OP1,C2_WIFI_CARGA_MEDIA,N3
,0.242,0.334,0.639,1.0,,1787593671096.8013,27.365,20.64,10.04,0.35,1787593671096.8013,False,,,5,OP1,C2_WIFI_CARGA_MEDIA,N3
,0.242,0.334,0.64,1.0,,1787593671117.3271,27.4,20.64,10.04,0.35,1787593671117.3271,False,,,5,OP1,C2_WIFI_CARGA_MEDIA,N3
,0.242,0.334,0.641,1.0,,1787593671154.7024,27.435,20.64,10.04,0.35,1787593671154.7024,False,,,5,OP1,C2_WIFI_CARGA_MEDIA,N3
,0.242,0.335,0.644,1.0,,1787593671210.332,27.54,20.64,10.1,0.35,1787593671211.2637,False,,,5,OP1,C2_WIFI_CARGA_MEDIA,N3
,0.243,0.334,0.649,1.0,,1787593671265.5037,27.715,20.56,10.04,0.35,1787593671265.5037,False,,,5,OP1,C2_WIFI_CARGA_MEDIA,N3
,0.244,0.334,0.65,1.0,,1787593671292.26,27.75,20.48,10.04,0.35,1787593671294.5,False,,,5,OP1,C2_WIFI_CARGA_MEDIA,N3
,0.245,0.333,0.652,1.0,,1787593671314.0017,27.82,20.4,9.98,0.35,1787593671322.0725,False,,,5,OP1,C2_WIFI_CARGA_MEDIA,N3
,0.246,0.332,0.653,1.0,,1787593671458.8188,27.855,20.32,9.92,0.35,1787593671461.5454,False,,,5,OP1,C2_WIFI_CARGA_MEDIA,N3
,0.261,0.31,0.679,1.0,,1787593671488.641,28.765,19.12,8.6,0.35,1787593671488.641,False,,,5,OP1,C2_WIFI_CARGA_MEDIA,N3
,0.263,0.305,0.685,1.0,,1787593671513.3977,28.975,18.96,8.3,0.35,1787593671518.0894,False,,,5,OP1,C2_WIFI_CARGA_MEDIA,N3
,0.264,0.3,0.69,1.0,,1787593671697.206,29.15,18.88,8.0,0.35,1787593671697.206,False,,,5,OP1,C2_WIFI_CARGA_MEDIA,N3
,0.267,0.295,0.692,1.0,,1787593671820.9482,29.22,18.64,7.7,0.35,1787593671820.9482,False,,,5,OP1,C2_WIFI_CARGA_MEDIA,N3
,0.267,0.297,0.693,1.0,,1787593671850.0828,29.255,18.64,7.82,0.35,1787593671850.0828,False,,,5,OP1,C2_WIFI_CARGA_MEDIA,N3
,0.266,0.296,0.694,1.0,,1787593671880.3015,29.29,18.72,7.76,0.35,1787593671881.301,False,,,5,OP1,C2_WIFI_CARGA_MEDIA,N3
,0.265,0.296,0.696,1.0,,1787593671932.974,29.36,18.8,7.76,0.35,1787593671932.974,False,,,5,OP1,C2_WIFI_CARGA_MEDIA,N3
,0.264,0.296,0.696,1.0,,1787593671961.5408,29.36,18.88,7.76,0.35,1787593671963.0476,False,,,5,OP1,C2_WIFI_CARGA_MEDIA,N3
,0.263,0.295,0.695,1.0,,1787593671986.2666,29.325,18.96,7.7,0.35,1787593671986.2666,False,,,5,OP1,C2_WIFI_CARGA_MEDIA,N3
,0.262,0.294,0.696,1.0,,1787593672016.7107,29.36,19.04,7.64,0.35,1787593672016.7107,False,,,5,OP1,C2_WIFI_CARGA_MEDIA,N3
,0.262,0.293,0.697,1.0,,1787593672038.7825,29.395,19.04,7.58,0.35,1787593672038.7825,False,,,5,OP1,C2_WIFI_CARGA_MEDIA,N3
,0.261,0.292,0.697,1.0,,1787593672072.2456,29.395,19.12,7.52,0.35,1787593672073.8452,False,,,5,OP1,C2_WIFI_CARGA_MEDIA,N3
,0.26,0.29,0.698,1.0,,1787593672117.346,29.43,19.2,7.4,0.35,1787593672117.346,False,,,5,OP1,C2_WIFI_CARGA_MEDIA,N3
,0.26,0.29,0.698,1.0,,1787593672280.0178,29.43,19.2,7.4,0.35,1787593672281.8806,False,,,5,OP1,C2_WIFI_CARGA_MEDIA,N3
,0.258,0.288,0.709,1.0,,1787593672348.7708,29.815,19.36,7.28,0.35,1787593672348.7708,False,,,5,OP1,C2_WIFI_CARGA_MEDIA,N3
,0.257,0.288,0.711,1.0,,1787593672380.304,29.885,19.44,7.28,0.35,1787593672380.304,False,,,5,OP1,C2_WIFI_CARGA_MEDIA,N3
,0.256,0.287,0.711,1.0,,1787593672404.424,29.885,19.52,7.22,0.35,1787593672405.4226,False,,,5,OP1,C2_WIFI_CARGA_MEDIA,N3
,0.256,0.285,0.713,1.0,,1787593672452.2249,29.955,19.52,7.1,0.35,1787593672454.3755,False,,,5,OP1,C2_WIFI_CARGA_MEDIA,N3
,0.256,0.284,0.714,1.0,,1787593672491.2393,29.99,19.52,7.04,0.35,1787593672491.2393,False,,,5,OP1,C2_WIFI_CARGA_MEDIA,N3
,0.256,0.28,0.716,1.0,,1787593672527.2205,30.06,19.52,6.8,0.35,1787593672527.2205,False,,,5,OP1,C2_WIFI_CARGA_MEDIA,N3
,0.256,0.279,0.715,1.0,,1787593672556.285,30.025,19.52,6.74,0.35,1787593672556.285,False,,,5,OP1,C2_WIFI_CARGA_MEDIA,N3
,0.256,0.278,0.715,1.0,,1787593672598.075,30.025,19.52,6.68,0.35,1787593672599.068,False,,,5,OP1,C2_WIFI_CARGA_MEDIA,N3
,0.257,0.277,0.716,1.0,,1787593672749.152,30.06,19.44,6.62,0.35,1787593672749.5603,False,,,5,OP1,C2_WIFI_CARGA_MEDIA,N3
,0.262,0.276,0.717,1.0,,1787593672790.1638,30.095,19.04,6.56,0.35,1787593672790.1638,False,,,5,OP1,C2_WIFI_CARGA_MEDIA,N3
,0.263,0.276,0.716,1.0,,1787593672820.8738,30.06,18.96,6.56,0.35,1787593672826.359,False,,,5,OP1,C2_WIFI_CARGA_MEDIA,N3
,0.264,0.276,0.715,1.0,,1787593672849.312,30.025,18.88,6.56,0.35,1787593672850.3103,False,,,5,OP1,C2_WIFI_CARGA_MEDIA,N3
,0.265,0.276,0.714,1.0,,1787593672881.2146,29.99,18.8,6.56,0.35,1787593672881.2146,False,,,5,OP1,C2_WIFI_CARGA_MEDIA,N3
,0.266,0.274,0.713,1.0,,1787593672925.621,29.955,18.72,6.44,0.35,1787593672925.621,False,,,5,OP1,C2_WIFI_CARGA_MEDIA,N3
,0.267,0.273,0.712,1.0,,1787593672949.578,29.92,18.64,6.38,0.35,1787593672949.578,False,,,5,OP1,C2_WIFI_CARGA_MEDIA,N3
,0.267,0.272,0.711,1.0,,1787593672992.6108,29.885,18.64,6.32,0.35,1787593672992.6108,False,,,5,OP1,C2_WIFI_CARGA_MEDIA,N3
,0.268,0.27,0.709,1.0,,1787593673020.8962,29.815,18.56,6.2,0.35,1787593673020.8962,False,,,5,OP1,C2_WIFI_CARGA_MEDIA,N3
,0.268,0.269,0.708,1.0,,1787593673062.4397,29.78,18.56,6.14,0.35,1787593673062.4397,False,,,5,OP1,C2_WIFI_CARGA_MEDIA,N3
,0.269,0.267,0.707,1.0,,1787593673096.6692,29.745,18.48,6.02,0.35,1787593673096.6692,False,,,5,OP1,C2_WIFI_CARGA_MEDIA,N3
,0.269,0.266,0.706,1.0,,1787593673129.547,29.71,18.48,5.96,0.35,1787593673129.547,False,,,5,OP1,C2_WIFI_CARGA_MEDIA,N3
,0.269,0.265,0.705,1.0,,1787593673151.7295,29.675,18.48,5.9,0.35,1787593673152.2693,False,,,5,OP1,C2_WIFI_CARGA_MEDIA,N3
,0.27,0.263,0.703,1.0,,1787593673188.1687,29.605,18.4,5.78,0.35,1787593673188.1687,False,,,5,OP1,C2_WIFI_CARGA_MEDIA,N3
,0.274,0.26,0.7,1.0,,1787593673227.4954,29.5,18.08,5.6,0.35,1787593673227.4954,False,,,5,OP1,C2_WIFI_CARGA_MEDIA,N3
,0.276,0.258,0.698,1.0,,1787593673252.4082,29.43,17.92,5.48,0.35,1787593673254.4065,False,,,5,OP1,C2_WIFI_CARGA_MEDIA,N3
,0.279,0.258,0.698,1.0,,1787593673296.6711,29.43,17.68,5.48,0.35,1787593673296.6711,False,,,5,OP1,C2_WIFI_CARGA_MEDIA,N3
,0.281,0.258,0.698,1.0,,1787593673325.6306,29.43,17.52,5.48,0.35,1787593673325.6306,False,,,5,OP1,C2_WIFI_CARGA_MEDIA,N3
,0.283,0.257,0.698,1.0,,1787593673453.5547,29.43,17.36,5.42,0.35,1787593673454.558,False,,,5,OP1,C2_WIFI_CARGA_MEDIA,N3
,0.295,0.253,0.691,1.0,,1787593673492.8674,29.185,16.4,5.18,0.35,1787593673494.8662,False,,,5,OP1,C2_WIFI_CARGA_MEDIA,N3
,0.295,0.252,0.689,1.0,,1787593673522.3564,29.115,16.4,5.12,0.35,1787593673522.3564,False,,,5,OP1,C2_WIFI_CARGA_MEDIA,N3
,0.296,0.251,0.686,1.0,,1787593673565.0945,29.01,16.32,5.06,0.35,1787593673565.0945,False,,,5,OP1,C2_WIFI_CARGA_MEDIA,N3
,0.296,0.251,0.686,1.0,,1787593673597.0215,29.01,16.32,5.06,0.35,1787593673597.0215,False,,,5,OP1,C2_WIFI_CARGA_MEDIA,N3
,0.296,0.251,0.686,1.0,,1787593673630.8289,29.01,16.32,5.06,0.35,1787593673630.8289,False,,,5,OP1,C2_WIFI_CARGA_MEDIA,N3
,0.296,0.25,0.686,1.0,,1787593673655.482,29.01,16.32,5.0,0.35,1787593673655.482,False,,,5,OP1,C2_WIFI_CARGA_MEDIA,N3
,0.296,0.25,0.686,1.0,,1787593673688.9822,29.01,16.32,5.0,0.35,1787593673689.8594,False,,,5,OP1,C2_WIFI_CARGA_MEDIA,N3
,0.295,0.249,0.687,1.0,,1787593673734.2893,29.045,16.4,4.94,0.35,1787593673734.2893,False,,,5,OP1,C2_WIFI_CARGA_MEDIA,N3
,0.295,0.248,0.687,1.0,,1787593673756.8428,29.045,16.4,4.88,0.35,1787593673758.2334,False,,,5,OP1,C2_WIFI_CARGA_MEDIA,N3
,0.294,0.247,0.687,1.0,,1787593673780.9678,29.045,16.48,4.82,0.35,1787593673780.9678,False,,,5,OP1,C2_WIFI_CARGA_MEDIA,N3
,0.294,0.246,0.688,1.0,,1787593673828.4412,29.08,16.48,4.76,0.35,1787593673830.4534,False,,,5,OP1,C2_WIFI_CARGA_MEDIA,N3
,0.293,0.245,0.69,1.0,,1787593673846.6892,29.15,16.56,4.7,0.35,1787593673855.2222,False,,,5,OP1,C2_WIFI_CARGA_MEDIA,N3
,0.291,0.243,0.693,1.0,,1787593673907.7822,29.255,16.72,4.58,0.35,1787593673909.41,False,,,5,OP1,C2_WIFI_CARGA_MEDIA,N3
,0.289,0.239,0.703,1.0,,1787593673953.6108,29.605,16.88,4.34,0.35,1787593673953.6108,False,,,5,OP1,C2_WIFI_CARGA_MEDIA,N3
,0.289,0.237,0.705,1.0,,1787593673985.6333,29.675,16.88,4.22,0.35,1787593673985.6333,False,,,5,OP1,C2_WIFI_CARGA_MEDIA,N3
,0.288,0.237,0.707,1.0,,1787593674015.2793,29.745,16.96,4.22,0.35,1787593674017.1404,False,,,5,OP1,C2_WIFI_CARGA_MEDIA,N3
,0.288,0.236,0.71,1.0,,1787593674050.3616,29.85,16.96,4.16,0.35,1787593674050.8132,False,,,5,OP1,C2_WIFI_CARGA_MEDIA,N3
,0.286,0.233,0.724,1.0,,1787593674091.1997,30.34,17.12,3.98,0.35,1787593674091.1997,False,,,5,OP1,C2_WIFI_CARGA_MEDIA,N3
,0.284,0.231,0.731,1.0,,1787593674116.496,30.585,17.28,3.86,0.35,1787593674118.1855,False,,,5,OP1,C2_WIFI_CARGA_MEDIA,N3
,0.283,0.229,0.736,1.0,,1787593674161.6294,30.76,17.36,3.74,0.35,1787593674161.6294,False,,,5,OP1,C2_WIFI_CARGA_MEDIA,N3
,0.282,0.228,0.739,1.0,,1787593674184.5286,30.865,17.44,3.68,0.35,1787593674191.4473,False,,,5,OP1,C2_WIFI_CARGA_MEDIA,N3
,0.28,0.226,0.745,1.0,,1787593674206.176,31.075,17.6,3.56,0.35,1787593674206.176,False,,,5,OP1,C2_WIFI_CARGA_MEDIA,N3
,0.278,0.224,0.751,1.0,,1787593674247.5251,31.285,17.76,3.44,0.35,1787593674249.5344,False,,,5,OP1,C2_WIFI_CARGA_MEDIA,N3
,0.275,0.222,0.758,1.0,,1787593674299.5032,31.53,18.0,3.32,0.35,1787593674299.5032,False,,,5,OP1,C2_WIFI_CARGA_MEDIA,N3
,0.273,0.222,0.762,1.0,,1787593674357.2463,31.67,18.16,3.32,0.35,1787593674357.2463,False,,,5,OP1,C2_WIFI_CARGA_MEDIA,N3
,0.273,0.22,0.775,1.0,,1787593674410.6934,32.125,18.16,3.2,0.35,1787593674410.6934,False,,,5,OP1,C2_WIFI_CARGA_MEDIA,N3
,0.274,0.219,0.779,1.0,,1787593674437.7805,32.265,18.08,3.14,0.35,1787593674440.319,False,,,5,OP1,C2_WIFI_CARGA_MEDIA,N3
,0.274,0.218,0.782,1.0,,1787593674466.7273,32.37,18.08,3.08,0.35,1787593674467.109,False,,,5,OP1,C2_WIFI_CARGA_MEDIA,N3
,0.274,0.216,0.787,1.0,,1787593674496.6782,32.545,18.08,2.96,0.35,1787593674498.901,False,,,5,OP1,C2_WIFI_CARGA_MEDIA,N3
,0.274,0.214,0.792,1.0,,1787593674531.9807,32.72,18.08,2.84,0.35,1787593674532.762,False,,,5,OP1,C2_WIFI_CARGA_MEDIA,N3
,0.274,0.213,0.798,1.0,,1787593674569.8667,32.93,18.08,2.78,0.35,1787593674569.8667,False,,,5,OP1,C2_WIFI_CARGA_MEDIA,N3
,0.274,0.212,0.803,1.0,,1787593674634.0063,33.105,18.08,2.72,0.35,1787593674634.0063,False,,,5,OP1,C2_WIFI_CARGA_MEDIA,N3
,0.275,0.212,0.805,1.0,,1787593674663.872,33.175,18.0,2.72,0.35,1787593674663.872,False,,,5,OP1,C2_WIFI_CARGA_MEDIA,N3
,0.274,0.212,0.807,1.0,,1787593674686.7058,33.245,18.08,2.72,0.35,1787593674686.7058,False,,,5,OP1,C2_WIFI_CARGA_MEDIA,N3
,0.274,0.214,0.81,1.0,,1787593674739.1003,33.35,18.08,2.84,0.35,1787593674741.0933,False,,,5,OP1,C2_WIFI_CARGA_MEDIA,N3
,0.274,0.214,0.812,1.0,,1787593674774.308,33.42,18.08,2.84,0.35,1787593674774.308,False,,,5,OP1,C2_WIFI_CARGA_MEDIA,N3
,0.273,0.214,0.817,1.0,,1787593674821.1804,33.595,18.16,2.84,0.35,1787593674821.1804,False,,,5,OP1,C2_WIFI_CARGA_MEDIA,N3
,0.273,0.214,0.817,1.0,,1787593674845.5935,33.595,18.16,2.84,0.35,1787593674847.2124,False,,,5,OP1,C2_WIFI_CARGA_MEDIA,N3
,0.273,0.214,0.817,1.0,,1787593675010.3552,33.595,18.16,2.84,0.35,1787593675010.3552,False,,,5,OP1,C2_WIFI_CARGA_MEDIA,N3
,0.275,0.211,0.813,1.0,,1787593675041.5002,33.455,18.0,2.66,0.35,1787593675041.5002,False,,,5,OP1,C2_WIFI_CARGA_MEDIA,N3
,0.276,0.211,0.813,1.0,,1787593675075.3623,33.455,17.92,2.66,0.35,1787593675076.7676,False,,,5,OP1,C2_WIFI_CARGA_MEDIA,N3
,0.277,0.21,0.812,1.0,,1787593675097.671,33.42,17.84,2.6,0.35,1787593675097.671,False,,,5,OP1,C2_WIFI_CARGA_MEDIA,N3
,0.278,0.21,0.811,1.0,,1787593675136.5315,33.385,17.76,2.6,0.35,1787593675137.328,False,,,5,OP1,C2_WIFI_CARGA_MEDIA,N3
,0.281,0.209,0.809,1.0,,1787593675178.8667,33.315,17.52,2.54,0.35,1787593675178.8667,False,,,5,OP1,C2_WIFI_CARGA_MEDIA,N3
,0.282,0.209,0.807,1.0,,1787593675212.8933,33.245,17.44,2.54,0.35,1787593675212.8933,False,,,5,OP1,C2_WIFI_CARGA_MEDIA,N3
,0.283,0.21,0.806,1.0,,1787593675235.8162,33.21,17.36,2.6,0.35,1787593675236.8586,False,,,5,OP1,C2_WIFI_CARGA_MEDIA,N3
,0.285,0.21,0.805,1.0,,1787593675275.7563,33.175,17.2,2.6,0.35,1787593675275.7563,False,,,5,OP1,C2_WIFI_CARGA_MEDIA,N3
,0.286,0.211,0.803,1.0,,1787593675329.0298,33.105,17.12,2.66,0.35,1787593675329.0298,False,,,5,OP1,C2_WIFI_CARGA_MEDIA,N3
,0.287,0.212,0.801,1.0,,1787593675372.5642,33.035,17.04,2.72,0.35,1787593675374.5833,False,,,5,OP1,C2_WIFI_CARGA_MEDIA,N3
,0.287,0.212,0.801,1.0,,1787593675414.8755,33.035,17.04,2.72,0.35,1787593675415.9705,False,,,5,OP1,C2_WIFI_CARGA_MEDIA,N3
,0.288,0.212,0.8,1.0,,1787593675468.4204,33.0,16.96,2.72,0.35,1787593675468.4204,False,,,5,OP1,C2_WIFI_CARGA_MEDIA,N3
,0.289,0.212,0.798,1.0,,1787593675524.811,32.93,16.88,2.72,0.35,1787593675524.811,False,,,5,OP1,C2_WIFI_CARGA_MEDIA,N3
,0.289,0.212,0.797,1.0,,1787593675553.1184,32.895,16.88,2.72,0.35,1787593675554.0588,False,,,5,OP1,C2_WIFI_CARGA_MEDIA,N3
,0.288,0.211,0.796,1.0,,1787593675593.5093,32.86,16.96,2.66,0.35,1787593675593.5093,False,,,5,OP1,C2_WIFI_CARGA_MEDIA,N3
,0.288,0.211,0.798,1.0,,1787593675618.6384,32.93,16.96,2.66,0.35,1787593675619.8584,False,,,5,OP1,C2_WIFI_CARGA_MEDIA,N3
,0.288,0.21,0.8,1.0,,1787593675647.9214,33.0,16.96,2.6,0.35,1787593675647.9214,False,,,5,OP1,C2_WIFI_CARGA_MEDIA,N3
,0.287,0.21,0.8,1.0,,1787593675693.5266,33.0,17.04,2.6,0.35,1787593675693.5266,False,,,5,OP1,C2_WIFI_CARGA_MEDIA,N3
,0.287,0.209,0.801,1.0,,1787593675746.8313,33.035,17.04,2.54,0.35,1787593675746.8313,False,,,5,OP1,C2_WIFI_CARGA_MEDIA,N3
,0.287,0.208,0.802,1.0,,1787593675776.1843,33.07,17.04,2.48,0.35,1787593675776.9597,False,,,5,OP1,C2_WIFI_CARGA_MEDIA,N3
,0.287,0.207,0.802,1.0,,1787593675809.874,33.07,17.04,2.42,0.35,1787593675809.874,False,,,5,OP1,C2_WIFI_CARGA_MEDIA,N3
,0.286,0.207,0.801,1.0,,1787593675847.3416,33.035,17.12,2.42,0.35,1787593675849.368,False,,,5,OP1,C2_WIFI_CARGA_MEDIA,N3
,0.285,0.207,0.801,1.0,,1787593675886.8926,33.035,17.2,2.42,0.35,1787593675886.8926,False,,,5,OP1,C2_WIFI_CARGA_MEDIA,N3
,0.285,0.207,0.801,1.0,,1787593675916.8547,33.035,17.2,2.42,0.35,1787593675916.8547,False,,,5,OP1,C2_WIFI_CARGA_MEDIA,N3
,0.283,0.205,0.8,1.0,,1787593675949.2068,33.0,17.36,2.3,0.35,1787593675949.2068,False,,,5,OP1,C2_WIFI_CARGA_MEDIA,N3
,0.282,0.203,0.8,1.0,,1787593675999.3955,33.0,17.44,2.18,0.35,1787593675999.3955,False,,,5,OP1,C2_WIFI_CARGA_MEDIA,N3
,0.28,0.2,0.799,1.0,,1787593676038.2449,32.965,17.6,2.0,0.35,1787593676038.2449,False,,,5,OP1,C2_WIFI_CARGA_MEDIA,N3
,0.279,0.199,0.798,1.0,,1787593676062.7476,32.93,17.68,1.94,0.35,1787593676062.7476,False,,,5,OP1,C2_WIFI_CARGA_MEDIA,N3
,0.279,0.198,0.797,1.0,,1787593676102.8547,32.895,17.68,1.88,0.35,1787593676102.8547,False,,,5,OP1,C2_WIFI_CARGA_MEDIA,N3
,0.278,0.197,0.796,1.0,,1787593676138.7512,32.86,17.76,1.82,0.35,1787593676139.7527,False,,,5,OP1,C2_WIFI_CARGA_MEDIA,N3
,0.277,0.195,0.793,1.0,,1787593676197.5007,32.755,17.84,1.7,0.35,1787593676197.5007,False,,,5,OP1,C2_WIFI_CARGA_MEDIA,N3
,0.276,0.192,0.786,1.0,,1787593676248.145,32.51,17.92,1.52,0.35,1787593676249.6953,False,,,5,OP1,C2_WIFI_CARGA_MEDIA,N3
,0.276,0.191,0.782,1.0,,1787593676274.3108,32.37,17.92,1.46,0.35,1787593676274.3108,False,,,5,OP1,C2_WIFI_CARGA_MEDIA,N3
,0.275,0.188,0.778,1.0,,1787593676332.4214,32.23,18.0,1.28,0.35,1787593676334.4343,False,,,5,OP1,C2_WIFI_CARGA_MEDIA,N3
,0.273,0.185,0.773,1.0,,1787593676389.464,32.055,18.16,1.1,0.35,1787593676389.464,False,,,5,OP1,C2_WIFI_CARGA_MEDIA,N3
,0.272,0.185,0.772,1.0,,1787593676413.1123,32.02,18.24,1.1,0.35,1787593676413.1123,False,,,5,OP1,C2_WIFI_CARGA_MEDIA,N3
,0.271,0.184,0.771,1.0,,1787593676434.017,31.985,18.32,1.04,0.35,1787593676434.017,False,,,5,OP1,C2_WIFI_CARGA_MEDIA,N3
,0.27,0.182,0.771,1.0,,1787593676468.8572,31.985,18.4,0.92,0.35,1787593676468.8572,False,,,5,OP1,C2_WIFI_CARGA_MEDIA,N3
,0.269,0.181,0.768,1.0,,1787593676490.8884,31.88,18.48,0.86,0.35,1787593676491.9934,False,,,5,OP1,C2_WIFI_CARGA_MEDIA,N3
,0.268,0.18,0.767,1.0,,1787593676529.0613,31.845,18.56,0.8,0.35,1787593676529.0613,False,,,5,OP1,C2_WIFI_CARGA_MEDIA,N3
,0.266,0.179,0.766,1.0,,1787593676585.3142,31.81,18.72,0.74,0.35,1787593676585.3142,False,,,5,OP1,C2_WIFI_CARGA_MEDIA,N3
,0.264,0.178,0.767,1.0,,1787593676624.5164,31.845,18.88,0.68,0.35,1787593676624.5164,False,,,5,OP1,C2_WIFI_CARGA_MEDIA,N3
,0.263,0.177,0.768,1.0,,1787593676654.743,31.88,18.96,0.62,0.35,1787593676654.743,False,,,5,OP1,C2_WIFI_CARGA_MEDIA,N3
,0.262,0.176,0.77,1.0,,1787593676690.1013,31.95,19.04,0.56,0.35,1787593676690.1013,False,,,5,OP1,C2_WIFI_CARGA_MEDIA,N3
,0.261,0.175,0.771,1.0,,1787593676722.7595,31.985,19.12,0.5,0.35,1787593676724.7642,False,,,5,OP1,C2_WIFI_CARGA_MEDIA,N3
,0.26,0.174,0.772,1.0,,1787593676747.431,32.02,19.2,0.44,0.35,1787593676749.441,False,,,5,OP1,C2_WIFI_CARGA_MEDIA,N3
,0.259,0.174,0.772,1.0,,1787593676780.455,32.02,19.28,0.44,0.35,1787593676780.455,False,,,5,OP1,C2_WIFI_CARGA_MEDIA,N3
,0.256,0.173,0.771,1.0,,1787593676825.1245,31.985,19.52,0.38,0.35,1787593676825.1245,False,,,5,OP1,C2_WIFI_CARGA_MEDIA,N3
,0.255,0.172,0.77,1.0,,1787593676849.01,31.95,19.6,0.32,0.35,1787593676849.01,False,,,5,OP1,C2_WIFI_CARGA_MEDIA,N3
,0.254,0.172,0.77,1.0,,1787593676890.6511,31.95,19.68,0.32,0.35,1787593676890.6511,False,,,5,OP1,C2_WIFI_CARGA_MEDIA,N3
,0.253,0.171,0.769,1.0,,1787593676916.8877,31.915,19.76,0.26,0.35,1787593676916.8877,False,,,5,OP1,C2_WIFI_CARGA_MEDIA,N3
,0.252,0.171,0.766,1.0,,1787593676945.4097,31.81,19.84,0.26,0.35,1787593676948.1003,False,,,5,OP1,C2_WIFI_CARGA_MEDIA,N3
,0.248,0.171,0.759,1.0,,1787593676991.135,31.565,20.16,0.26,0.35,1787593676991.135,False,,,5,OP1,C2_WIFI_CARGA_MEDIA,N3
,0.246,0.171,0.754,1.0,,1787593677020.559,31.39,20.32,0.26,0.35,1787593677020.559,False,,,5,OP1,C2_WIFI_CARGA_MEDIA,N3
,0.245,0.171,0.75,1.0,,1787593677049.8877,31.25,20.4,0.26,0.35,1787593677050.8867,False,,,5,OP1,C2_WIFI_CARGA_MEDIA,N3
,0.243,0.171,0.746,1.0,,1787593677083.922,31.11,20.56,0.26,0.35,1787593677086.6985,False,,,5,OP1,C2_WIFI_CARGA_MEDIA,N3
,0.24,0.17,0.738,1.0,,1787593677125.9949,30.83,20.8,0.2,0.35,1787593677125.9949,False,,,5,OP1,C2_WIFI_CARGA_MEDIA,N3
,0.238,0.169,0.734,1.0,,1787593677149.764,30.69,20.96,0.14,0.35,1787593677150.8591,False,,,5,OP1,C2_WIFI_CARGA_MEDIA,N3
,0.236,0.168,0.73,1.0,,1787593677195.2664,30.55,21.12,0.08,0.35,1787593677196.189,False,,,5,OP1,C2_WIFI_CARGA_MEDIA,N3
,0.233,0.169,0.724,1.0,,1787593677220.3726,30.34,21.36,0.14,0.35,1787593677221.2388,False,,,5,OP1,C2_WIFI_CARGA_MEDIA,N3
,0.23,0.17,0.717,1.0,,1787593677250.9744,30.095,21.6,0.2,0.35,1787593677250.9744,False,,,5,OP1,C2_WIFI_CARGA_MEDIA,N3
,0.225,0.173,0.695,1.0,,1787593677281.8557,29.325,22.0,0.38,0.35,1787593677283.8726,False,,,5,OP1,C2_WIFI_CARGA_MEDIA,N3
,0.223,0.176,0.683,1.0,,1787593677325.3616,28.905,22.16,0.56,0.35,1787593677325.3616,False,,,5,OP1,C2_WIFI_CARGA_MEDIA,N3
,0.222,0.178,0.674,1.0,,1787593677351.9663,28.59,22.24,0.68,0.35,1787593677352.698,False,,,5,OP1,C2_WIFI_CARGA_MEDIA,N3
,0.221,0.18,0.665,1.0,,1787593677389.807,28.275,22.32,0.8,0.35,1787593677389.807,False,,,5,OP1,C2_WIFI_CARGA_MEDIA,N3
,0.221,0.185,0.649,1.0,,1787593677448.2563,27.715,22.32,1.1,0.35,1787593677448.2563,False,,,5,OP1,C2_WIFI_CARGA_MEDIA,N3
,0.223,0.189,0.638,1.0,,1787593677497.0889,27.33,22.16,1.34,0.35,1787593677497.0889,False,,,5,OP1,C2_WIFI_CARGA_MEDIA,N3
,0.224,0.191,0.633,1.0,,1787593677530.3616,27.155,22.08,1.46,0.35,1787593677530.3616,False,,,5,OP1,C2_WIFI_CARGA_MEDIA,N3
,0.225,0.194,0.63,1.0,,1787593677551.5234,27.05,22.0,1.64,0.35,1787593677552.5386,False,,,5,OP1,C2_WIFI_CARGA_MEDIA,N3
,0.225,0.196,0.628,1.0,,1787593677587.6958,26.98,22.0,1.76,0.35,1787593677588.0637,False,,,5,OP1,C2_WIFI_CARGA_MEDIA,N3
,0.225,0.202,0.621,1.0,,1787593677624.3594,26.735,22.0,2.12,0.35,1787593677624.3594,False,,,5,OP1,C2_WIFI_CARGA_MEDIA,N3
,0.225,0.203,0.621,1.0,,1787593677651.788,26.735,22.0,2.18,0.35,1787593677653.9084,False,,,5,OP1,C2_WIFI_CARGA_MEDIA,N3
,0.225,0.203,0.62,1.0,,1787593677698.1252,26.7,22.0,2.18,0.35,1787593677698.1252,False,,,5,OP1,C2_WIFI_CARGA_MEDIA,N3
,0.226,0.203,0.62,1.0,,1787593677725.1997,26.7,21.92,2.18,0.35,1787593677726.1997,False,,,5,OP1,C2_WIFI_CARGA_MEDIA,N3
,0.227,0.203,0.62,1.0,,1787593677748.8228,26.7,21.84,2.18,0.35,1787593677748.8228,False,,,5,OP1,C2_WIFI_CARGA_MEDIA,N3
,0.23,0.204,0.619,1.0,,1787593677892.9358,26.665,21.6,2.24,0.35,1787593677894.9478,False,,,5,OP1,C2_WIFI_CARGA_MEDIA,N3
,0.269,0.212,0.612,1.0,,1787593677934.9993,26.42,18.48,2.72,0.35,1787593677934.9993,False,,,5,OP1,C2_WIFI_CARGA_MEDIA,N3
,0.273,0.213,0.61,1.0,,1787593677967.9546,26.35,18.16,2.78,0.35,1787593677967.9546,False,,,5,OP1,C2_WIFI_CARGA_MEDIA,N3
,0.277,0.214,0.609,1.0,,1787593677998.97,26.315,17.84,2.84,0.35,1787593677998.97,False,,,5,OP1,C2_WIFI_CARGA_MEDIA,N3
,0.28,0.214,0.607,1.0,,1787593678032.4187,26.245,17.6,2.84,0.35,1787593678032.4187,False,,,5,OP1,C2_WIFI_CARGA_MEDIA,N3
,0.282,0.215,0.605,1.0,,1787593678168.2805,26.175,17.44,2.9,0.35,1787593678168.2805,False,,,5,OP1,C2_WIFI_CARGA_MEDIA,N3
,0.285,0.216,0.603,1.0,,1787593678197.8965,26.105,17.2,2.96,0.35,1787593678199.9038,False,,,5,OP1,C2_WIFI_CARGA_MEDIA,N3
,0.286,0.216,0.6,1.0,,1787593678238.0913,26.0,17.12,2.96,0.35,1787593678239.5022,False,,,5,OP1,C2_WIFI_CARGA_MEDIA,N3
,0.287,0.216,0.599,1.0,,1787593678266.9468,25.965,17.04,2.96,0.35,1787593678266.9468,False,,,5,OP1,C2_WIFI_CARGA_MEDIA,N3
,0.287,0.216,0.6,1.0,,1787593678296.8706,26.0,17.04,2.96,0.35,1787593678296.8706,False,,,5,OP1,C2_WIFI_CARGA_MEDIA,N3
,0.287,0.216,0.599,1.0,,1787593678337.5083,25.965,17.04,2.96,0.35,1787593678339.5146,False,,,5,OP1,C2_WIFI_CARGA_MEDIA,N3
,0.287,0.216,0.599,1.0,,1787593678359.7625,25.965,17.04,2.96,0.35,1787593678359.7625,False,,,5,OP1,C2_WIFI_CARGA_MEDIA,N3
,0.287,0.216,0.598,1.0,,1787593678396.111,25.93,17.04,2.96,0.35,1787593678397.1233,False,,,5,OP1,C2_WIFI_CARGA_MEDIA,N3
,0.287,0.216,0.595,1.0,,1787593678432.0574,25.825,17.04,2.96,0.35,1787593678432.0574,False,,,5,OP1,C2_WIFI_CARGA_MEDIA,N3
,0.287,0.216,0.594,1.0,,1787593678470.179,25.79,17.04,2.96,0.35,1787593678470.179,False,,,5,OP1,C2_WIFI_CARGA_MEDIA,N3
,0.287,0.216,0.593,1.0,,1787593678496.844,25.755,17.04,2.96,0.35,1787593678496.844,False,,,5,OP1,C2_WIFI_CARGA_MEDIA,N3
,0.288,0.215,0.591,1.0,,1787593678560.165,25.685,16.96,2.9,0.35,1787593678561.179,False,,,5,OP1,C2_WIFI_CARGA_MEDIA,N3
,0.287,0.214,0.591,1.0,,1787593678599.207,25.685,17.04,2.84,0.35,1787593678599.207,False,,,5,OP1,C2_WIFI_CARGA_MEDIA,N3
,0.287,0.213,0.592,1.0,,1787593678636.183,25.72,17.04,2.78,0.35,1787593678636.183,False,,,5,OP1,C2_WIFI_CARGA_MEDIA,N3
,0.286,0.213,0.593,1.0,,1787593678660.535,25.755,17.12,2.78,0.35,1787593678660.535,False,,,5,OP1,C2_WIFI_CARGA_MEDIA,N3
,0.286,0.212,0.594,1.0,,1787593678694.4033,25.79,17.12,2.72,0.35,1787593678695.48,False,,,5,OP1,C2_WIFI_CARGA_MEDIA,N3
,0.285,0.211,0.595,1.0,,1787593678746.916,25.825,17.2,2.66,0.35,1787593678746.916,False,,,5,OP1,C2_WIFI_CARGA_MEDIA,N3
,0.283,0.211,0.598,1.0,,1787593678808.956,25.93,17.36,2.66,0.35,1787593678808.956,False,,,5,OP1,C2_WIFI_CARGA_MEDIA,N3
,0.282,0.211,0.599,1.0,,1787593678834.522,25.965,17.44,2.66,0.35,1787593678834.522,False,,,5,OP1,C2_WIFI_CARGA_MEDIA,N3
,0.28,0.212,0.599,1.0,,1787593678862.327,25.965,17.6,2.72,0.35,1787593678864.3384,False,,,5,OP1,C2_WIFI_CARGA_MEDIA,N3
,0.279,0.212,0.599,1.0,,1787593678894.9736,25.965,17.68,2.72,0.35,1787593678896.0151,False,,,5,OP1,C2_WIFI_CARGA_MEDIA,N3
,0.276,0.213,0.599,1.0,,1787593678941.9504,25.965,17.92,2.78,0.35,1787593678941.9504,False,,,5,OP1,C2_WIFI_CARGA_MEDIA,N3
,0.276,0.213,0.599,1.0,,1787593678964.704,25.965,17.92,2.78,0.35,1787593678964.704,False,,,5,OP1,C2_WIFI_CARGA_MEDIA,N3
,0.275,0.214,0.599,1.0,,1787593679005.3347,25.965,18.0,2.84,0.35,1787593679007.3416,False,,,5,OP1,C2_WIFI_CARGA_MEDIA,N3
,0.274,0.213,0.599,1.0,,1787593679034.3967,25.965,18.08,2.78,0.35,1787593679036.4077,False,,,5,OP1,C2_WIFI_CARGA_MEDIA,N3
,0.274,0.214,0.598,1.0,,1787593679062.0632,25.93,18.08,2.84,0.35,1787593679062.0632,False,,,5,OP1,C2_WIFI_CARGA_MEDIA,N3
,0.273,0.213,0.599,1.0,,1787593679107.0525,25.965,18.16,2.78,0.35,1787593679107.0525,False,,,5,OP1,C2_WIFI_CARGA_MEDIA,N3
,0.274,0.214,0.599,1.0,,1787593679141.0583,25.965,18.08,2.84,0.35,1787593679141.0583,False,,,5,OP1,C2_WIFI_CARGA_MEDIA,N3
,0.274,0.213,0.6,1.0,,1787593679166.9768,26.0,18.08,2.78,0.35,1787593679166.9768,False,,,5,OP1,C2_WIFI_CARGA_MEDIA,N3
,0.275,0.214,0.6,1.0,,1787593679199.6555,26.0,18.0,2.84,0.35,1787593679202.448,False,,,5,OP1,C2_WIFI_CARGA_MEDIA,N3
,0.275,0.214,0.6,1.0,,1787593679226.7078,26.0,18.0,2.84,0.35,1787593679226.7078,False,,,5,OP1,C2_WIFI_CARGA_MEDIA,N3
,0.276,0.214,0.6,1.0,,1787593679246.8174,26.0,17.92,2.84,0.35,1787593679247.57,False,,,5,OP1,C2_WIFI_CARGA_MEDIA,N3
,0.276,0.214,0.601,1.0,,1787593679278.7024,26.035,17.92,2.84,0.35,1787593679278.7024,False,,,5,OP1,C2_WIFI_CARGA_MEDIA,N3
,0.276,0.214,0.602,1.0,,1787593679300.9194,26.07,17.92,2.84,0.35,1787593679302.915,False,,,5,OP1,C2_WIFI_CARGA_MEDIA,N3
,0.276,0.213,0.603,1.0,,1787593679335.1829,26.105,17.92,2.78,0.35,1787593679335.1829,False,,,5,OP1,C2_WIFI_CARGA_MEDIA,N3
,0.276,0.213,0.603,1.0,,1787593679370.4626,26.105,17.92,2.78,0.35,1787593679370.4626,False,,,5,OP1,C2_WIFI_CARGA_MEDIA,N3
,0.276,0.212,0.602,1.0,,1787593679395.7551,26.07,17.92,2.72,0.35,1787593679395.7551,False,,,5,OP1,C2_WIFI_CARGA_MEDIA,N3
,0.276,0.21,0.602,1.0,,1787593679444.707,26.07,17.92,2.6,0.35,1787593679444.707,False,,,5,OP1,C2_WIFI_CARGA_MEDIA,N3
,0.276,0.209,0.603,1.0,,1787593679479.522,26.105,17.92,2.54,0.35,1787593679479.522,False,,,5,OP1,C2_WIFI_CARGA_MEDIA,N3
,0.276,0.208,0.605,1.0,,1787593679535.295,26.175,17.92,2.48,0.35,1787593679537.6516,False,,,5,OP1,C2_WIFI_CARGA_MEDIA,N3
,0.277,0.209,0.604,1.0,,1787593679584.3735,26.14,17.84,2.54,0.35,1787593679584.3735,False,,,5,OP1,C2_WIFI_CARGA_MEDIA,N3
,0.278,0.209,0.602,1.0,,1787593679635.897,26.07,17.76,2.54,0.35,1787593679635.897,False,,,5,OP1,C2_WIFI_CARGA_MEDIA,N3
,0.278,0.209,0.603,1.0,,1787593679674.8933,26.105,17.76,2.54,0.35,1787593679675.4204,False,,,5,OP1,C2_WIFI_CARGA_MEDIA,N3
,0.278,0.208,0.602,1.0,,1787593679698.0798,26.07,17.76,2.48,0.35,1787593679700.2563,False,,,5,OP1,C2_WIFI_CARGA_MEDIA,N3
,0.279,0.208,0.602,1.0,,1787593679747.318,26.07,17.68,2.48,0.35,1787593679747.318,False,,,5,OP1,C2_WIFI_CARGA_MEDIA,N3
,0.279,0.207,0.601,1.0,,1787593679783.6106,26.035,17.68,2.42,0.35,1787593679783.6106,False,,,5,OP1,C2_WIFI_CARGA_MEDIA,N3
,0.279,0.208,0.6,1.0,,1787593679805.509,26.0,17.68,2.48,0.35,1787593679805.509,False,,,5,OP1,C2_WIFI_CARGA_MEDIA,N3
,0.279,0.208,0.599,1.0,,1787593679842.3826,25.965,17.68,2.48,0.35,1787593679844.1462,False,,,5,OP1,C2_WIFI_CARGA_MEDIA,N3
,0.279,0.209,0.598,1.0,,1787593679897.2534,25.93,17.68,2.54,0.35,1787593679897.2534,False,,,5,OP1,C2_WIFI_CARGA_MEDIA,N3
,0.279,0.209,0.597,1.0,,1787593679924.145,25.895,17.68,2.54,0.35,1787593679926.1523,False,,,5,OP1,C2_WIFI_CARGA_MEDIA,N3
,0.279,0.209,0.598,1.0,,1787593679953.5989,25.93,17.68,2.54,0.35,1787593679954.3496,False,,,5,OP1,C2_WIFI_CARGA_MEDIA,N3
,0.279,0.209,0.598,1.0,,1787593680006.2146,25.93,17.68,2.54,0.35,1787593680008.2268,False,,,5,OP1,C2_WIFI_CARGA_MEDIA,N3
,0.278,0.208,0.597,1.0,,1787593680046.4922,25.895,17.76,2.48,0.35,1787593680046.4922,False,,,5,OP1,C2_WIFI_CARGA_MEDIA,N3
,0.279,0.208,0.598,1.0,,1787593680073.0718,25.93,17.68,2.48,0.35,1787593680073.0718,False,,,5,OP1,C2_WIFI_CARGA_MEDIA,N3
,0.279,0.208,0.598,1.0,,1787593680098.8389,25.93,17.68,2.48,0.35,1787593680099.8496,False,,,5,OP1,C2_WIFI_CARGA_MEDIA,N3
,0.279,0.207,0.598,1.0,,1787593680138.196,25.93,17.68,2.42,0.35,1787593680138.196,False,,,5,OP1,C2_WIFI_CARGA_MEDIA,N3
,0.279,0.208,0.596,1.0,,1787593680160.8,25.86,17.68,2.48,0.35,1787593680160.8,False,,,5,OP1,C2_WIFI_CARGA_MEDIA,N3
,0.279,0.208,0.596,1.0,,1787593680187.5898,25.86,17.68,2.48,0.35,1787593680189.6104,False,,,5,OP1,C2_WIFI_CARGA_MEDIA,N3
,0.278,0.207,0.596,1.0,,1787593680335.9092,25.86,17.76,2.42,0.35,1787593680344.0957,False,,,5,OP1,C2_WIFI_CARGA_MEDIA,N3
,0.278,0.206,0.594,1.0,,1787593680395.788,25.79,17.76,2.36,0.35,1787593680398.3835,False,,,5,OP1,C2_WIFI_CARGA_MEDIA,N3
,0.278,0.206,0.594,1.0,,1787593680441.2256,25.79,17.76,2.36,0.35,1787593680441.2256,False,,,5,OP1,C2_WIFI_CARGA_MEDIA,N3
,0.278,0.205,0.594,1.0,,1787593680481.9888,25.79,17.76,2.3,0.35,1787593680484.0088,False,,,5,OP1,C2_WIFI_CARGA_MEDIA,N3
,0.279,0.204,0.596,1.0,,1787593680526.5437,25.86,17.68,2.24,0.35,1787593680526.5437,False,,,5,OP1,C2_WIFI_CARGA_MEDIA,N3
,0.28,0.203,0.596,1.0,,1787593680555.245,25.86,17.6,2.18,0.35,1787593680556.3755,False,,,5,OP1,C2_WIFI_CARGA_MEDIA,N3
,0.281,0.203,0.596,1.0,,1787593680593.1963,25.86,17.52,2.18,0.35,1787593680595.2146,False,,,5,OP1,C2_WIFI_CARGA_MEDIA,N3
,0.282,0.202,0.596,1.0,,1787593680651.1064,25.86,17.44,2.12,0.35,1787593680653.1355,False,,,5,OP1,C2_WIFI_CARGA_MEDIA,N3
,0.283,0.202,0.596,1.0,,1787593680687.8474,25.86,17.36,2.12,0.35,1787593680687.8474,False,,,5,OP1,C2_WIFI_CARGA_MEDIA,N3
,0.284,0.201,0.597,1.0,,1787593680719.8132,25.895,17.28,2.06,0.35,1787593680719.8132,False,,,5,OP1,C2_WIFI_CARGA_MEDIA,N3
,0.284,0.2,0.598,1.0,,1787593680863.0244,25.93,17.28,2.0,0.35,1787593680863.0244,False,,,5,OP1,C2_WIFI_CARGA_MEDIA,N3
,0.286,0.197,0.6,1.0,,1787593680917.238,26.0,17.12,1.82,0.35,1787593680917.238,False,,,5,OP1,C2_WIFI_CARGA_MEDIA,N3
,0.286,0.196,0.6,1.0,,1787593680980.038,26.0,17.12,1.76,0.35,1787593680981.036,False,,,5,OP1,C2_WIFI_CARGA_MEDIA,N3
,0.286,0.196,0.599,1.0,,1787593681008.2185,25.965,17.12,1.76,0.35,1787593681013.6155,False,,,5,OP1,C2_WIFI_CARGA_MEDIA,N3
,0.286,0.196,0.601,1.0,,1787593681051.809,26.035,17.12,1.76,0.35,1787593681051.809,False,,,5,OP1,C2_WIFI_CARGA_MEDIA,N3
,0.285,0.196,0.601,1.0,,1787593681078.9097,26.035,17.2,1.76,0.35,1787593681081.2527,False,,,5,OP1,C2_WIFI_CARGA_MEDIA,N3
,0.285,0.196,0.601,1.0,,1787593681117.4983,26.035,17.2,1.76,0.35,1787593681117.4983,False,,,5,OP1,C2_WIFI_CARGA_MEDIA,N3
,0.285,0.196,0.602,1.0,,1787593681163.976,26.07,17.2,1.76,0.35,1787593681179.7344,False,,,5,OP1,C2_WIFI_CARGA_MEDIA,N3
,0.285,0.195,0.604,1.0,,1787593681226.077,26.14,17.2,1.7,0.35,1787593681226.077,False,,,5,OP1,C2_WIFI_CARGA_MEDIA,N3
,0.284,0.195,0.603,1.0,,1787593681257.603,26.105,17.28,1.7,0.35,1787593681257.603,False,,,5,OP1,C2_WIFI_CARGA_MEDIA,N3
,0.284,0.195,0.603,1.0,,1787593681283.3855,26.105,17.28,1.7,0.35,1787593681283.3855,False,,,5,OP1,C2_WIFI_CARGA_MEDIA,N3
,0.284,0.195,0.603,1.0,,1787593681316.8918,26.105,17.28,1.7,0.35,1787593681319.0857,False,,,5,OP1,C2_WIFI_CARGA_MEDIA,N3
,0.284,0.196,0.602,1.0,,1787593681358.871,26.07,17.28,1.76,0.35,1787593681358.871,False,,,5,OP1,C2_WIFI_CARGA_MEDIA,N3
,0.284,0.196,0.601,1.0,,1787593681383.7937,26.035,17.28,1.76,0.35,1787593681384.38,False,,,5,OP1,C2_WIFI_CARGA_MEDIA,N3
,0.284,0.197,0.601,1.0,,1787593681423.4775,26.035,17.28,1.82,0.35,1787593681423.4775,False,,,5,OP1,C2_WIFI_CARGA_MEDIA,N3
,0.284,0.197,0.601,1.0,,1787593681455.9749,26.035,17.28,1.82,0.35,1787593681456.9746,False,,,5,OP1,C2_WIFI_CARGA_MEDIA,N3
,0.284,0.197,0.6,1.0,,1787593681481.349,26.0,17.28,1.82,0.35,1787593681482.35,False,,,5,OP1,C2_WIFI_CARGA_MEDIA,N3
,0.284,0.197,0.6,1.0,,1787593681507.8953,26.0,17.28,1.82,0.35,1787593681514.522,False,,,5,OP1,C2_WIFI_CARGA_MEDIA,N3
,0.284,0.197,0.6,1.0,,1787593681529.639,26.0,17.28,1.82,0.35,1787593681531.6462,False,,,5,OP1,C2_WIFI_CARGA_MEDIA,N3
,0.284,0.197,0.601,1.0,,1787593681560.182,26.035,17.28,1.82,0.35,1787593681560.182,False,,,5,OP1,C2_WIFI_CARGA_MEDIA,N3
,0.285,0.197,0.601,1.0,,1787593681584.2173,26.035,17.2,1.82,0.35,1787593681585.2893,False,,,5,OP1,C2_WIFI_CARGA_MEDIA,N3
,0.285,0.196,0.601,1.0,,1787593681624.277,26.035,17.2,1.76,0.35,1787593681624.277,False,,,5,OP1,C2_WIFI_CARGA_MEDIA,N3
,0.284,0.197,0.602,1.0,,1787593681662.2393,26.07,17.28,1.82,0.35,1787593681664.645,False,,,5,OP1,C2_WIFI_CARGA_MEDIA,N3
,0.284,0.197,0.602,1.0,,1787593681686.046,26.07,17.28,1.82,0.35,1787593681688.0415,False,,,5,OP1,C2_WIFI_CARGA_MEDIA,N3
,0.285,0.197,0.602,1.0,,1787593681728.6772,26.07,17.2,1.82,0.35,1787593681728.6772,False,,,5,OP1,C2_WIFI_CARGA_MEDIA,N3
,0.285,0.197,0.602,1.0,,1787593681761.8442,26.07,17.2,1.82,0.35,1787593681762.849,False,,,5,OP1,C2_WIFI_CARGA_MEDIA,N3
,0.285,0.197,0.602,1.0,,1787593681786.15,26.07,17.2,1.82,0.35,1787593681787.1648,False,,,5,OP1,C2_WIFI_CARGA_MEDIA,N3
,0.285,0.197,0.601,1.0,,1787593681818.234,26.035,17.2,1.82,0.35,1787593681819.7993,False,,,5,OP1,C2_WIFI_CARGA_MEDIA,N3
,0.285,0.196,0.602,1.0,,1787593681863.3982,26.07,17.2,1.76,0.35,1787593681863.3982,False,,,5,OP1,C2_WIFI_CARGA_MEDIA,N3
,0.285,0.195,0.603,1.0,,1787593681888.623,26.105,17.2,1.7,0.35,1787593681888.623,False,,,5,OP1,C2_WIFI_CARGA_MEDIA,N3
,0.286,0.195,0.604,1.0,,1787593681930.0632,26.14,17.12,1.7,0.35,1787593681930.0632,False,,,5,OP1,C2_WIFI_CARGA_MEDIA,N3
,0.286,0.195,0.604,1.0,,1787593681982.8445,26.14,17.12,1.7,0.35,1787593681985.3271,False,,,5,OP1,C2_WIFI_CARGA_MEDIA,N3
,0.286,0.194,0.605,1.0,,1787593682025.219,26.175,17.12,1.64,0.35,1787593682026.3186,False,,,5,OP1,C2_WIFI_CARGA_MEDIA,N3
,0.286,0.194,0.606,1.0,,1787593682065.1196,26.21,17.12,1.64,0.35,1787593682065.1196,False,,,5,OP1,C2_WIFI_CARGA_MEDIA,N3
,0.286,0.194,0.606,1.0,,1787593682088.884,26.21,17.12,1.64,0.35,1787593682089.6145,False,,,5,OP1,C2_WIFI_CARGA_MEDIA,N3
,0.286,0.194,0.606,1.0,,1787593682124.224,26.21,17.12,1.64,0.35,1787593682126.2402,False,,,5,OP1,C2_WIFI_CARGA_MEDIA,N3
,0.286,0.194,0.606,1.0,,1787593682166.673,26.21,17.12,1.64,0.35,1787593682166.673,False,,,5,OP1,C2_WIFI_CARGA_MEDIA,N3
,0.286,0.193,0.607,1.0,,1787593682191.0432,26.245,17.12,1.58,0.35,1787593682191.0432,False,,,5,OP1,C2_WIFI_CARGA_MEDIA,N3
,0.287,0.193,0.607,1.0,,1787593682234.4692,26.245,17.04,1.58,0.35,1787593682234.4692,False,,,5,OP1,C2_WIFI_CARGA_MEDIA,N3
,0.287,0.193,0.608,1.0,,1787593682264.1428,26.28,17.04,1.58,0.35,1787593682264.6665,False,,,5,OP1,C2_WIFI_CARGA_MEDIA,N3
,0.287,0.193,0.609,1.0,,1787593682290.7202,26.315,17.04,1.58,0.35,1787593682290.7202,False,,,5,OP1,C2_WIFI_CARGA_MEDIA,N3
,0.287,0.193,0.61,1.0,,1787593682334.0312,26.35,17.04,1.58,0.35,1787593682334.0312,False,,,5,OP1,C2_WIFI_CARGA_MEDIA,N3
,0.288,0.193,0.609,1.0,,1787593682366.5293,26.315,16.96,1.58,0.35,1787593682368.5356,False,,,5,OP1,C2_WIFI_CARGA_MEDIA,N3
,0.288,0.193,0.608,1.0,,1787593682390.9883,26.28,16.96,1.58,0.35,1787593682392.984,False,,,5,OP1,C2_WIFI_CARGA_MEDIA,N3
,0.289,0.193,0.607,1.0,,1787593682430.7031,26.245,16.88,1.58,0.35,1787593682430.7031,False,,,5,OP1,C2_WIFI_CARGA_MEDIA,N3
,0.289,0.194,0.606,1.0,,1787593682457.5298,26.21,16.88,1.64,0.35,1787593682458.6943,False,,,5,OP1,C2_WIFI_CARGA_MEDIA,N3
,0.29,0.194,0.606,1.0,,1787593682487.8015,26.21,16.8,1.64,0.35,1787593682488.7974,False,,,5,OP1,C2_WIFI_CARGA_MEDIA,N3
,0.292,0.196,0.607,1.0,,1787593682638.3245,26.245,16.64,1.76,0.35,1787593682638.3245,False,,,5,OP1,C2_WIFI_CARGA_MEDIA,N3
,0.296,0.205,0.604,1.0,,1787593682670.1245,26.14,16.32,2.3,0.35,1787593682670.1245,False,,,5,OP1,C2_WIFI_CARGA_MEDIA,N3
,0.296,0.206,0.604,1.0,,1787593682694.5027,26.14,16.32,2.36,0.35,1787593682696.5164,False,,,5,OP1,C2_WIFI_CARGA_MEDIA,N3
,0.296,0.206,0.604,1.0,,1787593682736.3892,26.14,16.32,2.36,0.35,1787593682736.3892,False,,,5,OP1,C2_WIFI_CARGA_MEDIA,N3
,0.296,0.207,0.605,1.0,,1787593682763.343,26.175,16.32,2.42,0.35,1787593682765.3562,False,,,5,OP1,C2_WIFI_CARGA_MEDIA,N3
,0.296,0.207,0.607,1.0,,1787593682792.8762,26.245,16.32,2.42,0.35,1787593682792.8762,False,,,5,OP1,C2_WIFI_CARGA_MEDIA,N3
,0.295,0.207,0.609,1.0,,1787593682838.6838,26.315,16.4,2.42,0.35,1787593682838.6838,False,,,5,OP1,C2_WIFI_CARGA_MEDIA,N3
,0.295,0.207,0.61,1.0,,1787593682873.777,26.35,16.4,2.42,0.35,1787593682873.777,False,,,5,OP1,C2_WIFI_CARGA_MEDIA,N3
,0.295,0.207,0.612,1.0,,1787593682897.6428,26.42,16.4,2.42,0.35,1787593682897.6428,False,,,5,OP1,C2_WIFI_CARGA_MEDIA,N3
,0.295,0.207,0.613,1.0,,1787593682931.4148,26.455,16.4,2.42,0.35,1787593682931.4148,False,,,5,OP1,C2_WIFI_CARGA_MEDIA,N3
,0.294,0.207,0.615,1.0,,1787593682973.4917,26.525,16.48,2.42,0.35,1787593682973.4917,False,,,5,OP1,C2_WIFI_CARGA_MEDIA,N3
,0.294,0.207,0.617,1.0,,1787593683000.9504,26.595,16.48,2.42,0.35,1787593683000.9504,False,,,5,OP1,C2_WIFI_CARGA_MEDIA,N3
,0.294,0.206,0.621,1.0,,1787593683035.8982,26.735,16.48,2.36,0.35,1787593683035.8982,False,,,5,OP1,C2_WIFI_CARGA_MEDIA,N3
,0.292,0.203,0.632,1.0,,1787593683096.8142,27.12,16.64,2.18,0.35,1787593683098.1792,False,,,5,OP1,C2_WIFI_CARGA_MEDIA,N3
,0.292,0.201,0.635,1.0,,1787593683124.3416,27.225,16.64,2.06,0.35,1787593683124.3416,False,,,5,OP1,C2_WIFI_CARGA_MEDIA,N3
,0.29,0.199,0.64,1.0,,1787593683174.63,27.4,16.8,1.94,0.35,1787593683174.63,False,,,5,OP1,C2_WIFI_CARGA_MEDIA,N3
,0.286,0.195,0.644,1.0,,1787593683196.8896,27.54,17.12,1.7,0.35,1787593683198.9011,False,,,5,OP1,C2_WIFI_CARGA_MEDIA,N3
,0.283,0.19,0.647,1.0,,1787593683238.0508,27.645,17.36,1.4,0.35,1787593683238.0508,False,,,5,OP1,C2_WIFI_CARGA_MEDIA,N3
,0.281,0.185,0.649,1.0,,1787593683266.2222,27.715,17.52,1.1,0.35,1787593683266.2222,False,,,5,OP1,C2_WIFI_CARGA_MEDIA,N3
,0.278,0.181,0.65,1.0,,1787593683297.2056,27.75,17.76,0.86,0.35,1787593683297.2056,False,,,5,OP1,C2_WIFI_CARGA_MEDIA,N3
,0.277,0.179,0.651,1.0,,1787593683344.045,27.785,17.84,0.74,0.35,1787593683344.045,False,,,5,OP1,C2_WIFI_CARGA_MEDIA,N3
,0.275,0.176,0.651,1.0,,1787593683480.788,27.785,18.0,0.56,0.35,1787593683480.788,False,,,5,OP1,C2_WIFI_CARGA_MEDIA,N3
,0.27,0.161,0.668,1.0,,1787593683540.0803,28.38,18.4,-0.34,0.35,1787593683540.309,False,,,5,OP1,C2_WIFI_CARGA_MEDIA,N3
,0.269,0.16,0.668,1.0,,1787593683572.0198,28.38,18.48,-0.4,0.35,1787593683572.0198,False,,,5,OP1,C2_WIFI_CARGA_MEDIA,N3
,0.268,0.158,0.669,1.0,,1787593683600.1365,28.415,18.56,-0.52,0.35,1787593683602.7188,False,,,5,OP1,C2_WIFI_CARGA_MEDIA,N3
,0.265,0.155,0.672,1.0,,1787593683647.0642,28.52,18.8,-0.7,0.35,1787593683647.0642,False,,,5,OP1,C2_WIFI_CARGA_MEDIA,N3
,0.264,0.153,0.673,1.0,,1787593683681.4602,28.555,18.88,-0.82,0.35,1787593683682.5195,False,,,5,OP1,C2_WIFI_CARGA_MEDIA,N3
,0.262,0.151,0.673,1.0,,1787593683738.906,28.555,19.04,-0.94,0.35,1787593683739.499,False,,,5,OP1,C2_WIFI_CARGA_MEDIA,N3
,0.261,0.147,0.675,1.0,,1787593683797.4348,28.625,19.12,-1.18,0.35,1787593683797.4348,False,,,5,OP1,C2_WIFI_CARGA_MEDIA,N3
,0.26,0.145,0.675,1.0,,1787593683835.7063,28.625,19.2,-1.3,0.35,1787593683836.8196,False,,,5,OP1,C2_WIFI_CARGA_MEDIA,N3
,0.26,0.145,0.676,1.0,,1787593683868.3853,28.66,19.2,-1.3,0.35,1787593683868.3853,False,,,5,OP1,C2_WIFI_CARGA_MEDIA,N3
,0.261,0.145,0.676,1.0,,1787593683930.8604,28.66,19.12,-1.3,0.35,1787593683930.8604,False,,,5,OP1,C2_WIFI_CARGA_MEDIA,N3
,0.262,0.145,0.677,1.0,,1787593683954.5378,28.695,19.04,-1.3,0.35,1787593683956.53,False,,,5,OP1,C2_WIFI_CARGA_MEDIA,N3
,0.262,0.146,0.678,1.0,,1787593683989.5403,28.73,19.04,-1.24,0.35,1787593683991.5647,False,,,5,OP1,C2_WIFI_CARGA_MEDIA,N3
,0.264,0.147,0.679,1.0,,1787593684046.2346,28.765,18.88,-1.18,0.35,1787593684046.7434,False,,,5,OP1,C2_WIFI_CARGA_MEDIA,N3
,0.265,0.148,0.679,1.0,,1787593684101.8242,28.765,18.8,-1.12,0.35,1787593684101.8242,False,,,5,OP1,C2_WIFI_CARGA_MEDIA,N3
,0.265,0.148,0.681,1.0,,1787593684138.2712,28.835,18.8,-1.12,0.35,1787593684138.2712,False,,,5,OP1,C2_WIFI_CARGA_MEDIA,N3
,0.266,0.148,0.682,1.0,,1787593684170.69,28.87,18.72,-1.12,0.35,1787593684170.69,False,,,5,OP1,C2_WIFI_CARGA_MEDIA,N3
,0.266,0.148,0.683,1.0,,1787593684207.048,28.905,18.72,-1.12,0.35,1787593684208.6506,False,,,5,OP1,C2_WIFI_CARGA_MEDIA,N3
,0.266,0.147,0.684,1.0,,1787593684227.4097,28.94,18.72,-1.18,0.35,1787593684227.4097,False,,,5,OP1,C2_WIFI_CARGA_MEDIA,N3
,0.267,0.147,0.684,1.0,,1787593684268.3782,28.94,18.64,-1.18,0.35,1787593684270.3909,False,,,5,OP1,C2_WIFI_CARGA_MEDIA,N3
,0.27,0.149,0.687,1.0,,1787593684312.861,29.045,18.4,-1.06,0.35,1787593684312.861,False,,,5,OP1,C2_WIFI_CARGA_MEDIA,N3
,0.276,0.155,0.693,1.0,,1787593684377.525,29.255,17.92,-0.7,0.35,1787593684377.525,False,,,5,OP1,C2_WIFI_CARGA_MEDIA,N3
,0.281,0.163,0.693,1.0,,1787593684432.7527,29.255,17.52,-0.22,0.35,1787593684432.7527,False,,,5,OP1,C2_WIFI_CARGA_MEDIA,N3
,0.284,0.167,0.689,1.0,,1787593684459.2476,29.115,17.28,0.02,0.35,1787593684459.2476,False,,,5,OP1,C2_WIFI_CARGA_MEDIA,N3
,0.286,0.171,0.69,1.0,,1787593684515.4536,29.15,17.12,0.26,0.35,1787593684515.4536,False,,,5,OP1,C2_WIFI_CARGA_MEDIA,N3
,0.286,0.172,0.691,1.0,,1787593684535.559,29.185,17.12,0.32,0.35,1787593684535.559,False,,,5,OP1,C2_WIFI_CARGA_MEDIA,N3
,0.286,0.172,0.693,1.0,,1787593684566.2617,29.255,17.12,0.32,0.35,1787593684566.2617,False,,,5,OP1,C2_WIFI_CARGA_MEDIA,N3
,0.286,0.173,0.694,1.0,,1787593684590.7893,29.29,17.12,0.38,0.35,1787593684593.424,False,,,5,OP1,C2_WIFI_CARGA_MEDIA,N3
,0.286,0.174,0.696,1.0,,1787593684631.666,29.36,17.12,0.44,0.35,1787593684632.6091,False,,,5,OP1,C2_WIFI_CARGA_MEDIA,N3
,0.285,0.176,0.698,1.0,,1787593684679.079,29.43,17.2,0.56,0.35,1787593684685.5466,False,,,5,OP1,C2_WIFI_CARGA_MEDIA,N3
,0.285,0.176,0.701,1.0,,1787593684709.5762,29.535,17.2,0.56,0.35,1787593684709.5762,False,,,5,OP1,C2_WIFI_CARGA_MEDIA,N3
,0.284,0.178,0.705,1.0,,1787593684761.604,29.675,17.28,0.68,0.35,1787593684761.604,False,,,5,OP1,C2_WIFI_CARGA_MEDIA,N3
,0.283,0.179,0.711,1.0,,1787593684824.4385,29.885,17.36,0.74,0.35,1787593684824.4385,False,,,5,OP1,C2_WIFI_CARGA_MEDIA,N3
,0.282,0.179,0.716,1.0,,1787593684868.7336,30.06,17.44,0.74,0.35,1787593684868.7336,False,,,5,OP1,C2_WIFI_CARGA_MEDIA,N3
,0.282,0.178,0.718,1.0,,1787593684890.2607,30.13,17.44,0.68,0.35,1787593684891.3408,False,,,5,OP1,C2_WIFI_CARGA_MEDIA,N3
,0.282,0.177,0.721,1.0,,1787593684935.1853,30.235,17.44,0.62,0.35,1787593684935.1853,False,,,5,OP1,C2_WIFI_CARGA_MEDIA,N3
,0.282,0.177,0.725,1.0,,1787593684967.176,30.375,17.44,0.62,0.35,1787593684967.176,False,,,5,OP1,C2_WIFI_CARGA_MEDIA,N3
,0.282,0.175,0.731,1.0,,1787593685020.165,30.585,17.44,0.5,0.35,1787593685022.522,False,,,5,OP1,C2_WIFI_CARGA_MEDIA,N3
,0.281,0.175,0.736,1.0,,1787593685066.9707,30.76,17.52,0.5,0.35,1787593685066.9707,False,,,5,OP1,C2_WIFI_CARGA_MEDIA,N3
,0.281,0.175,0.738,1.0,,1787593685088.5232,30.83,17.52,0.5,0.35,1787593685088.5232,False,,,5,OP1,C2_WIFI_CARGA_MEDIA,N3
