t_unity_captura,norm_x,norm_y,norm_z,g,t_unity_envio,t_robot_recepcion,x_cm,y_cm,z_cm,t_rad,t_uart_escritura,clamp_activo,rtt_ms,perdida_pct,id_intento,id_operador,condicion_red,nivel_objeto
,0.505,0.326,0.367,1.0,,1787593025147.0566,17.845,-0.4,9.56,0.35,1787593025147.0566,False,,,2,OP1,C2_WIFI_CARGA_MEDIA,N3
,0.503,0.329,0.37,1.0,,1787593025197.0696,17.95,-0.24,9.74,0.35,1787593025197.0696,False,,,2,OP1,C2_WIFI_CARGA_MEDIA,N3
,0.503,0.329,0.37,1.0,,1787593025224.9136,17.95,-0.24,9.74,0.35,1787593025224.9136,False,,,2,OP1,C2_WIFI_CARGA_MEDIA,N3
,0.504,0.328,0.371,1.0,,1787593025257.6433,17.985,-0.32,9.68,0.35,1787593025259.0256,False,,,2,OP1,C2_WIFI_CARGA_MEDIA,N3
,0.504,0.327,0.371,1.0,,1787593025300.8804,17.985,-0.32,9.62,0.35,1787593025301.9766,False,,,2,OP1,C2_WIFI_CARGA_MEDIA,N3
,0.504,0.327,0.371,1.0,,1787593025335.1077,17.985,-0.32,9.62,0.35,1787593025335.1077,False,,,2,OP1,C2_WIFI_CARGA_MEDIA,N3
,0.504,0.327,0.369,1.0,,1787593025368.2017,17.915,-0.32,9.62,0.35,1787593025369.209,False,,,2,OP1,C2_WIFI_CARGA_MEDIA,N3
,0.505,0.327,0.369,1.0,,1787593025395.417,17.915,-0.4,9.62,0.35,1787593025396.929,False,,,2,OP1,C2_WIFI_CARGA_MEDIA,N3
,0.505,0.327,0.369,1.0,,1787593025424.768,17.915,-0.4,9.62,0.35,1787593025426.0356,False,,,2,OP1,C2_WIFI_CARGA_MEDIA,N3
,0.505,0.326,0.368,1.0,,1787593025470.7222,17.88,-0.4,9.56,0.35,1787593025470.7222,False,,,2,OP1,C2_WIFI_CARGA_MEDIA,N3
,0.506,0.325,0.367,1.0,,1787593025503.15,17.845,-0.48,9.5,0.35,1787593025503.15,False,,,2,OP1,C2_WIFI_CARGA_MEDIA,N3
,0.507,0.325,0.367,1.0,,1787593025526.6135,17.845,-0.56,9.5,0.35,1787593025527.611,False,,,2,OP1,C2_WIFI_CARGA_MEDIA,N3
,0.507,0.325,0.368,1.0,,1787593025562.6,17.88,-0.56,9.5,0.35,1787593025564.6118,False,,,2,OP1,C2_WIFI_CARGA_MEDIA,N3
,0.508,0.325,0.368,1.0,,1787593025604.836,17.88,-0.64,9.5,0.35,1787593025604.836,False,,,2,OP1,C2_WIFI_CARGA_MEDIA,N3
,0.509,0.326,0.368,1.0,,1787593025627.6772,17.88,-0.72,9.56,0.35,1787593025628.105,False,,,2,OP1,C2_WIFI_CARGA_MEDIA,N3
,0.51,0.326,0.367,1.0,,1787593025673.4795,17.845,-0.8,9.56,0.35,1787593025673.4795,False,,,2,OP1,C2_WIFI_CARGA_MEDIA,N3
,0.51,0.326,0.366,1.0,,1787593025696.9,17.81,-0.8,9.56,0.35,1787593025696.9,False,,,2,OP1,C2_WIFI_CARGA_MEDIA,N3
,0.51,0.327,0.365,1.0,,1787593025727.0762,17.775,-0.8,9.62,0.35,1787593025729.194,False,,,2,OP1,C2_WIFI_CARGA_MEDIA,N3
,0.51,0.327,0.363,1.0,,1787593025771.788,17.705,-0.8,9.62,0.35,1787593025771.788,False,,,2,OP1,C2_WIFI_CARGA_MEDIA,N3
,0.51,0.327,0.362,1.0,,1787593025809.134,17.67,-0.8,9.62,0.35,1787593025809.134,False,,,2,OP1,C2_WIFI_CARGA_MEDIA,N3
,0.509,0.326,0.361,1.0,,1787593025864.9873,17.635,-0.72,9.56,0.35,1787593025864.9873,False,,,2,OP1,C2_WIFI_CARGA_MEDIA,N3
,0.509,0.325,0.359,1.0,,1787593025923.4973,17.565,-0.72,9.5,0.35,1787593025927.8198,False,,,2,OP1,C2_WIFI_CARGA_MEDIA,N3
,0.51,0.325,0.359,1.0,,1787593025967.3157,17.565,-0.8,9.5,0.35,1787593025967.3157,False,,,2,OP1,C2_WIFI_CARGA_MEDIA,N3
,0.509,0.325,0.357,1.0,,1787593026008.088,17.495,-0.72,9.5,0.35,1787593026010.1072,False,,,2,OP1,C2_WIFI_CARGA_MEDIA,N3
,0.509,0.325,0.358,1.0,,1787593026031.191,17.53,-0.72,9.5,0.35,1787593026032.2087,False,,,2,OP1,C2_WIFI_CARGA_MEDIA,N3
,0.509,0.325,0.358,1.0,,1787593026065.012,17.53,-0.72,9.5,0.35,1787593026066.0398,False,,,2,OP1,C2_WIFI_CARGA_MEDIA,N3
,0.509,0.327,0.361,1.0,,1787593026108.2554,17.635,-0.72,9.62,0.35,1787593026108.2554,False,,,2,OP1,C2_WIFI_CARGA_MEDIA,N3
,0.509,0.327,0.362,1.0,,1787593026130.59,17.67,-0.72,9.62,0.35,1787593026131.61,False,,,2,OP1,C2_WIFI_CARGA_MEDIA,N3
,0.509,0.328,0.362,1.0,,1787593026170.7434,17.67,-0.72,9.68,0.35,1787593026170.7434,False,,,2,OP1,C2_WIFI_CARGA_MEDIA,N3
,0.51,0.328,0.364,1.0,,1787593026213.7869,17.74,-0.8,9.68,0.35,1787593026213.7869,False,,,2,OP1,C2_WIFI_CARGA_MEDIA,N3
,0.51,0.328,0.363,1.0,,1787593026258.5889,17.705,-0.8,9.68,0.35,1787593026258.5889,False,,,2,OP1,C2_WIFI_CARGA_MEDIA,N3
,0.511,0.328,0.362,1.0,,1787593026309.9387,17.67,-0.88,9.68,0.35,1787593026309.9387,False,,,2,OP1,C2_WIFI_CARGA_MEDIA,N3
,0.511,0.329,0.362,1.0,,1787593026337.282,17.67,-0.88,9.74,0.35,1787593026338.2,False,,,2,OP1,C2_WIFI_CARGA_MEDIA,N3
,0.511,0.329,0.362,1.0,,1787593026370.6216,17.67,-0.88,9.74,0.35,1787593026372.719,False,,,2,OP1,C2_WIFI_CARGA_MEDIA,N3
,0.511,0.329,0.363,1.0,,1787593026396.5833,17.705,-0.88,9.74,0.35,1787593026396.5833,False,,,2,OP1,C2_WIFI_CARGA_MEDIA,N3
,0.511,0.329,0.363,1.0,,1787593026551.9175,17.705,-0.88,9.74,0.35,1787593026551.9175,False,,,2,OP1,C2_WIFI_CARGA_MEDIA,N3
,0.511,0.329,0.37,1.0,,1787593026593.4016,17.95,-0.88,9.74,0.35,1787593026593.4016,False,,,2,OP1,C2_WIFI_CARGA_MEDIA,N3
,0.511,0.329,0.372,1.0,,1787593026621.2595,18.02,-0.88,9.74,0.35,1787593026623.2751,False,,,2,OP1,C2_WIFI_CARGA_MEDIA,N3
,0.51,0.329,0.373,1.0,,1787593026646.9033,18.055,-0.8,9.74,0.35,1787593026650.843,False,,,2,OP1,C2_WIFI_CARGA_MEDIA,N3
,0.51,0.33,0.373,1.0,,1787593026698.7852,18.055,-0.8,9.8,0.35,1787593026700.8318,False,,,2,OP1,C2_WIFI_CARGA_MEDIA,N3
,0.51,0.33,0.373,1.0,,1787593026720.786,18.055,-0.8,9.8,0.35,1787593026734.294,False,,,2,OP1,C2_WIFI_CARGA_MEDIA,N3
,0.51,0.329,0.376,1.0,,1787593026780.725,18.16,-0.8,9.74,0.35,1787593026780.725,False,,,2,OP1,C2_WIFI_CARGA_MEDIA,N3
,0.51,0.328,0.377,1.0,,1787593026804.5195,18.195,-0.8,9.68,0.35,1787593026804.5195,False,,,2,OP1,C2_WIFI_CARGA_MEDIA,N3
,0.51,0.329,0.376,1.0,,1787593026844.946,18.16,-0.8,9.74,0.35,1787593026844.946,False,,,2,OP1,C2_WIFI_CARGA_MEDIA,N3
,0.51,0.329,0.377,1.0,,1787593026901.5518,18.195,-0.8,9.74,0.35,1787593026902.2112,False,,,2,OP1,C2_WIFI_CARGA_MEDIA,N3
,0.51,0.329,0.378,1.0,,1787593026947.0283,18.23,-0.8,9.74,0.35,1787593026947.0283,False,,,2,OP1,C2_WIFI_CARGA_MEDIA,N3
,0.511,0.329,0.378,1.0,,1787593026971.7866,18.23,-0.88,9.74,0.35,1787593026972.9028,False,,,2,OP1,C2_WIFI_CARGA_MEDIA,N3
,0.511,0.328,0.377,1.0,,1787593027009.083,18.195,-0.88,9.68,0.35,1787593027012.1465,False,,,2,OP1,C2_WIFI_CARGA_MEDIA,N3
,0.51,0.329,0.376,1.0,,1787593027050.795,18.16,-0.8,9.74,0.35,1787593027050.795,False,,,2,OP1,C2_WIFI_CARGA_MEDIA,N3
,0.51,0.329,0.377,1.0,,1787593027076.5315,18.195,-0.8,9.74,0.35,1787593027078.6692,False,,,2,OP1,C2_WIFI_CARGA_MEDIA,N3
,0.51,0.329,0.378,1.0,,1787593027105.8071,18.23,-0.8,9.74,0.35,1787593027105.8071,False,,,2,OP1,C2_WIFI_CARGA_MEDIA,N3
,0.51,0.329,0.378,1.0,,1787593027131.1672,18.23,-0.8,9.74,0.35,1787593027133.4438,False,,,2,OP1,C2_WIFI_CARGA_MEDIA,N3
,0.51,0.33,0.379,1.0,,1787593027165.6868,18.265,-0.8,9.8,0.35,1787593027165.6868,False,,,2,OP1,C2_WIFI_CARGA_MEDIA,N3
,0.511,0.331,0.382,1.0,,1787593027225.295,18.37,-0.88,9.86,0.35,1787593027225.295,False,,,2,OP1,C2_WIFI_CARGA_MEDIA,N3
,0.511,0.331,0.382,1.0,,1787593027261.7744,18.37,-0.88,9.86,0.35,1787593027263.7932,False,,,2,OP1,C2_WIFI_CARGA_MEDIA,N3
,0.511,0.332,0.384,1.0,,1787593027307.2922,18.44,-0.88,9.92,0.35,1787593027307.2922,False,,,2,OP1,C2_WIFI_CARGA_MEDIA,N3
,0.511,0.332,0.385,1.0,,1787593027342.3896,18.475,-0.88,9.92,0.35,1787593027343.902,False,,,2,OP1,C2_WIFI_CARGA_MEDIA,N3
,0.511,0.332,0.387,1.0,,1787593027369.5808,18.545,-0.88,9.92,0.35,1787593027369.5808,False,,,2,OP1,C2_WIFI_CARGA_MEDIA,N3
,0.512,0.333,0.39,1.0,,1787593027417.807,18.65,-0.96,9.98,0.35,1787593027417.807,False,,,2,OP1,C2_WIFI_CARGA_MEDIA,N3
,0.513,0.334,0.392,1.0,,1787593027474.8345,18.72,-1.04,10.04,0.35,1787593027475.9146,False,,,2,OP1,C2_WIFI_CARGA_MEDIA,N3
,0.513,0.336,0.395,1.0,,1787593027540.048,18.825,-1.04,10.16,0.35,1787593027540.048,False,,,2,OP1,C2_WIFI_CARGA_MEDIA,N3
,0.513,0.337,0.398,1.0,,1787593027565.7097,18.93,-1.04,10.22,0.35,1787593027565.7097,False,,,2,OP1,C2_WIFI_CARGA_MEDIA,N3
,0.512,0.338,0.4,1.0,,1787593027596.7764,19.0,-0.96,10.28,0.35,1787593027597.4097,False,,,2,OP1,C2_WIFI_CARGA_MEDIA,N3
,0.513,0.339,0.401,1.0,,1787593027646.422,19.035,-1.04,10.34,0.35,1787593027648.1335,False,,,2,OP1,C2_WIFI_CARGA_MEDIA,N3
,0.513,0.339,0.402,1.0,,1787593027679.4707,19.07,-1.04,10.34,0.35,1787593027680.485,False,,,2,OP1,C2_WIFI_CARGA_MEDIA,N3
,0.513,0.339,0.403,1.0,,1787593027725.5437,19.105,-1.04,10.34,0.35,1787593027726.0825,False,,,2,OP1,C2_WIFI_CARGA_MEDIA,N3
,0.513,0.338,0.403,1.0,,1787593027747.5396,19.105,-1.04,10.28,0.35,1787593027747.5396,False,,,2,OP1,C2_WIFI_CARGA_MEDIA,N3
,0.513,0.338,0.403,1.0,,1787593027789.8943,19.105,-1.04,10.28,0.35,1787593027791.9043,False,,,2,OP1,C2_WIFI_CARGA_MEDIA,N3
,0.512,0.339,0.401,1.0,,1787593027846.007,19.035,-0.96,10.34,0.35,1787593027847.0151,False,,,2,OP1,C2_WIFI_CARGA_MEDIA,N3
,0.512,0.34,0.401,1.0,,1787593027873.2085,19.035,-0.96,10.4,0.35,1787593027873.2085,False,,,2,OP1,C2_WIFI_CARGA_MEDIA,N3
,0.512,0.34,0.4,1.0,,1787593027901.6855,19.0,-0.96,10.4,0.35,1787593027901.6855,False,,,2,OP1,C2_WIFI_CARGA_MEDIA,N3
,0.511,0.34,0.399,1.0,,1787593027945.51,18.965,-0.88,10.4,0.35,1787593027945.51,False,,,2,OP1,C2_WIFI_CARGA_MEDIA,N3
,0.511,0.34,0.398,1.0,,1787593027987.7373,18.93,-0.88,10.4,0.35,1787593027988.0928,False,,,2,OP1,C2_WIFI_CARGA_MEDIA,N3
,0.511,0.341,0.395,1.0,,1787593028032.311,18.825,-0.88,10.46,0.35,1787593028032.311,False,,,2,OP1,C2_WIFI_CARGA_MEDIA,N3
,0.51,0.341,0.393,1.0,,1787593028054.7168,18.755,-0.8,10.46,0.35,1787593028055.986,False,,,2,OP1,C2_WIFI_CARGA_MEDIA,N3
,0.51,0.342,0.393,1.0,,1787593028097.819,18.755,-0.8,10.52,0.35,1787593028099.8296,False,,,2,OP1,C2_WIFI_CARGA_MEDIA,N3
,0.51,0.343,0.39,1.0,,1787593028152.9688,18.65,-0.8,10.58,0.35,1787593028152.9688,False,,,2,OP1,C2_WIFI_CARGA_MEDIA,N3
,0.51,0.343,0.389,1.0,,1787593028181.1433,18.615,-0.8,10.58,0.35,1787593028181.5818,False,,,2,OP1,C2_WIFI_CARGA_MEDIA,N3
,0.51,0.343,0.389,1.0,,1787593028207.8362,18.615,-0.8,10.58,0.35,1787593028207.8362,False,,,2,OP1,C2_WIFI_CARGA_MEDIA,N3
,0.51,0.344,0.388,1.0,,1787593028228.9607,18.58,-0.8,10.64,0.35,1787593028228.9607,False,,,2,OP1,C2_WIFI_CARGA_MEDIA,N3
,0.511,0.343,0.388,1.0,,1787593028252.8457,18.58,-0.88,10.58,0.35,1787593028254.854,False,,,2,OP1,C2_WIFI_CARGA_MEDIA,N3
,0.511,0.342,0.388,1.0,,1787593028319.374,18.58,-0.88,10.52,0.35,1787593028321.3794,False,,,2,OP1,C2_WIFI_CARGA_MEDIA,N3
,0.511,0.341,0.387,1.0,,1787593028346.8235,18.545,-0.88,10.46,0.35,1787593028349.047,False,,,2,OP1,C2_WIFI_CARGA_MEDIA,N3
,0.511,0.338,0.389,1.0,,1787593028390.7463,18.615,-0.88,10.28,0.35,1787593028390.7463,False,,,2,OP1,C2_WIFI_CARGA_MEDIA,N3
,0.511,0.336,0.39,1.0,,1787593028415.8489,18.65,-0.88,10.16,0.35,1787593028415.8489,False,,,2,OP1,C2_WIFI_CARGA_MEDIA,N3
,0.51,0.334,0.391,1.0,,1787593028475.7563,18.685,-0.8,10.04,0.35,1787593028476.8906,False,,,2,OP1,C2_WIFI_CARGA_MEDIA,N3
,0.51,0.334,0.391,1.0,,1787593028509.124,18.685,-0.8,10.04,0.35,1787593028509.124,False,,,2,OP1,C2_WIFI_CARGA_MEDIA,N3
,0.51,0.333,0.39,1.0,,1787593028530.9963,18.65,-0.8,9.98,0.35,1787593028533.0046,False,,,2,OP1,C2_WIFI_CARGA_MEDIA,N3
,0.51,0.333,0.39,1.0,,1787593028571.0034,18.65,-0.8,9.98,0.35,1787593028572.0957,False,,,2,OP1,C2_WIFI_CARGA_MEDIA,N3
,0.508,0.334,0.388,1.0,,1787593028612.7903,18.58,-0.64,10.04,0.35,1787593028612.7903,False,,,2,OP1,C2_WIFI_CARGA_MEDIA,N3
,0.508,0.334,0.389,1.0,,1787593028636.5188,18.615,-0.64,10.04,0.35,1787593028637.6863,False,,,2,OP1,C2_WIFI_CARGA_MEDIA,N3
,0.508,0.334,0.389,1.0,,1787593028671.2063,18.615,-0.64,10.04,0.35,1787593028673.2249,False,,,2,OP1,C2_WIFI_CARGA_MEDIA,N3
,0.508,0.334,0.389,1.0,,1787593028710.48,18.615,-0.64,10.04,0.35,1787593028710.48,False,,,2,OP1,C2_WIFI_CARGA_MEDIA,N3
,0.508,0.334,0.388,1.0,,1787593028750.6104,18.58,-0.64,10.04,0.35,1787593028750.6104,False,,,2,OP1,C2_WIFI_CARGA_MEDIA,N3
,0.507,0.334,0.388,1.0,,1787593028775.5037,18.58,-0.56,10.04,0.35,1787593028775.5037,False,,,2,OP1,C2_WIFI_CARGA_MEDIA,N3
,0.507,0.334,0.388,1.0,,1787593028807.8115,18.58,-0.56,10.04,0.35,1787593028808.8284,False,,,2,OP1,C2_WIFI_CARGA_MEDIA,N3
,0.507,0.334,0.388,1.0,,1787593028849.1587,18.58,-0.56,10.04,0.35,1787593028849.1587,False,,,2,OP1,C2_WIFI_CARGA_MEDIA,N3
,0.507,0.334,0.388,1.0,,1787593028899.1345,18.58,-0.56,10.04,0.35,1787593028899.1345,False,,,2,OP1,C2_WIFI_CARGA_MEDIA,N3
,0.506,0.334,0.389,1.0,,1787593028954.8894,18.615,-0.48,10.04,0.35,1787593028954.8894,False,,,2,OP1,C2_WIFI_CARGA_MEDIA,N3
,0.507,0.334,0.389,1.0,,1787593028988.2715,18.615,-0.56,10.04,0.35,1787593028990.2815,False,,,2,OP1,C2_WIFI_CARGA_MEDIA,N3
,0.507,0.332,0.389,1.0,,1787593029147.1826,18.615,-0.56,9.92,0.35,1787593029147.1826,False,,,2,OP1,C2_WIFI_CARGA_MEDIA,N3
,0.508,0.332,0.389,1.0,,1787593029171.9172,18.615,-0.64,9.92,0.35,1787593029171.9172,False,,,2,OP1,C2_WIFI_CARGA_MEDIA,N3
,0.508,0.332,0.388,1.0,,1787593029322.6943,18.58,-0.64,9.92,0.35,1787593029322.6943,False,,,2,OP1,C2_WIFI_CARGA_MEDIA,N3
,0.507,0.331,0.388,1.0,,1787593029368.9844,18.58,-0.56,9.86,0.35,1787593029368.9844,False,,,2,OP1,C2_WIFI_CARGA_MEDIA,N3
,0.507,0.332,0.387,1.0,,1787593029401.243,18.545,-0.56,9.92,0.35,1787593029401.243,False,,,2,OP1,C2_WIFI_CARGA_MEDIA,N3
,0.507,0.332,0.386,1.0,,1787593029432.8457,18.51,-0.56,9.92,0.35,1787593029432.8457,False,,,2,OP1,C2_WIFI_CARGA_MEDIA,N3
,0.507,0.332,0.385,1.0,,1787593029629.1428,18.475,-0.56,9.92,0.35,1787593029629.1428,False,,,2,OP1,C2_WIFI_CARGA_MEDIA,N3
,0.506,0.332,0.381,1.0,,1787593029821.9363,18.335,-0.48,9.92,0.35,1787593029826.5825,False,,,2,OP1,C2_WIFI_CARGA_MEDIA,N3
,0.507,0.328,0.386,1.0,,1787593029843.7456,18.51,-0.56,9.68,0.35,1787593029843.7456,False,,,2,OP1,C2_WIFI_CARGA_MEDIA,N3
,0.507,0.328,0.387,1.0,,1787593029870.6392,18.545,-0.56,9.68,0.35,1787593029870.6392,False,,,2,OP1,C2_WIFI_CARGA_MEDIA,N3
,0.507,0.328,0.387,1.0,,1787593029895.4243,18.545,-0.56,9.68,0.35,1787593029895.4243,False,,,2,OP1,C2_WIFI_CARGA_MEDIA,N3
,0.506,0.328,0.388,1.0,,1787593029935.0046,18.58,-0.48,9.68,0.35,1787593029937.0178,False,,,2,OP1,C2_WIFI_CARGA_MEDIA,N3
,0.506,0.329,0.387,1.0,,1787593029972.1436,18.545,-0.48,9.74,0.35,1787593029972.1436,False,,,2,OP1,C2_WIFI_CARGA_MEDIA,N3
,0.506,0.33,0.387,1.0,,1787593029996.0315,18.545,-0.48,9.8,0.35,1787593029997.4077,False,,,2,OP1,C2_WIFI_CARGA_MEDIA,N3
,0.506,0.33,0.387,1.0,,1787593030032.2036,18.545,-0.48,9.8,0.35,1787593030032.2036,False,,,2,OP1,C2_WIFI_CARGA_MEDIA,N3
,0.506,0.33,0.388,1.0,,1787593030074.0989,18.58,-0.48,9.8,0.35,1787593030074.816,False,,,2,OP1,C2_WIFI_CARGA_MEDIA,N3
,0.506,0.33,0.389,1.0,,1787593030100.9187,18.615,-0.48,9.8,0.35,1787593030102.6577,False,,,2,OP1,C2_WIFI_CARGA_MEDIA,N3
,0.507,0.329,0.389,1.0,,1787593030130.2207,18.615,-0.56,9.74,0.35,1787593030132.3591,False,,,2,OP1,C2_WIFI_CARGA_MEDIA,N3
,0.506,0.328,0.389,1.0,,1787593030166.785,18.615,-0.48,9.68,0.35,1787593030168.7974,False,,,2,OP1,C2_WIFI_CARGA_MEDIA,N3
,0.506,0.328,0.388,1.0,,1787593030196.7888,18.58,-0.48,9.68,0.35,1787593030197.8025,False,,,2,OP1,C2_WIFI_CARGA_MEDIA,N3
,0.506,0.328,0.387,1.0,,1787593030240.1963,18.545,-0.48,9.68,0.35,1787593030241.4534,False,,,2,OP1,C2_WIFI_CARGA_MEDIA,N3
,0.506,0.328,0.387,1.0,,1787593030267.9104,18.545,-0.48,9.68,0.35,1787593030269.9204,False,,,2,OP1,C2_WIFI_CARGA_MEDIA,N3
,0.505,0.329,0.388,1.0,,1787593030297.8176,18.58,-0.4,9.74,0.35,1787593030297.8176,False,,,2,OP1,C2_WIFI_CARGA_MEDIA,N3
,0.505,0.329,0.387,1.0,,1787593030335.534,18.545,-0.4,9.74,0.35,1787593030335.534,False,,,2,OP1,C2_WIFI_CARGA_MEDIA,N3
,0.505,0.329,0.387,1.0,,1787593030375.8418,18.545,-0.4,9.74,0.35,1787593030375.8418,False,,,2,OP1,C2_WIFI_CARGA_MEDIA,N3
,0.505,0.328,0.387,1.0,,1787593030397.8962,18.545,-0.4,9.68,0.35,1787593030400.0286,False,,,2,OP1,C2_WIFI_CARGA_MEDIA,N3
,0.505,0.328,0.386,1.0,,1787593030436.4036,18.51,-0.4,9.68,0.35,1787593030436.911,False,,,2,OP1,C2_WIFI_CARGA_MEDIA,N3
,0.505,0.328,0.385,1.0,,1787593030475.2607,18.475,-0.4,9.68,0.35,1787593030475.2607,False,,,2,OP1,C2_WIFI_CARGA_MEDIA,N3
,0.504,0.328,0.385,1.0,,1787593030499.8564,18.475,-0.32,9.68,0.35,1787593030500.5383,False,,,2,OP1,C2_WIFI_CARGA_MEDIA,N3
,0.504,0.328,0.385,1.0,,1787593030701.7878,18.475,-0.32,9.68,0.35,1787593030703.777,False,,,2,OP1,C2_WIFI_CARGA_MEDIA,N3
,0.504,0.326,0.386,1.0,,1787593030741.8154,18.51,-0.32,9.56,0.35,1787593030741.8154,False,,,2,OP1,C2_WIFI_CARGA_MEDIA,N3
,0.505,0.325,0.385,1.0,,1787593030764.8557,18.475,-0.4,9.5,0.35,1787593030766.8662,False,,,2,OP1,C2_WIFI_CARGA_MEDIA,N3
,0.504,0.325,0.386,1.0,,1787593030798.0334,18.51,-0.32,9.5,0.35,1787593030798.5403,False,,,2,OP1,C2_WIFI_CARGA_MEDIA,N3
,0.505,0.325,0.384,1.0,,1787593030846.0945,18.44,-0.4,9.5,0.35,1787593030846.6003,False,,,2,OP1,C2_WIFI_CARGA_MEDIA,N3
,0.504,0.325,0.385,1.0,,1787593030868.8872,18.475,-0.32,9.5,0.35,1787593030869.8867,False,,,2,OP1,C2_WIFI_CARGA_MEDIA,N3
,0.504,0.325,0.385,1.0,,1787593030902.3518,18.475,-0.32,9.5,0.35,1787593030903.4507,False,,,2,OP1,C2_WIFI_CARGA_MEDIA,N3
,0.504,0.326,0.386,1.0,,1787593030937.36,18.51,-0.32,9.56,0.35,1787593030938.0806,False,,,2,OP1,C2_WIFI_CARGA_MEDIA,N3
,0.504,0.326,0.387,1.0,,1787593030980.8066,18.545,-0.32,9.56,0.35,1787593030980.8066,False,,,2,OP1,C2_WIFI_CARGA_MEDIA,N3
,0.504,0.325,0.387,1.0,,1787593031003.9688,18.545,-0.32,9.5,0.35,1787593031004.97,False,,,2,OP1,C2_WIFI_CARGA_MEDIA,N3
,0.505,0.325,0.387,1.0,,1787593031049.0286,18.545,-0.4,9.5,0.35,1787593031049.0286,False,,,2,OP1,C2_WIFI_CARGA_MEDIA,N3
,0.505,0.325,0.386,1.0,,1787593031076.369,18.51,-0.4,9.5,0.35,1787593031076.369,False,,,2,OP1,C2_WIFI_CARGA_MEDIA,N3
,0.505,0.324,0.387,1.0,,1787593031104.5337,18.545,-0.4,9.44,0.35,1787593031106.531,False,,,2,OP1,C2_WIFI_CARGA_MEDIA,N3
,0.505,0.324,0.389,1.0,,1787593031151.1768,18.615,-0.4,9.44,0.35,1787593031151.1768,False,,,2,OP1,C2_WIFI_CARGA_MEDIA,N3
,0.505,0.324,0.389,1.0,,1787593031174.2644,18.615,-0.4,9.44,0.35,1787593031174.2644,False,,,2,OP1,C2_WIFI_CARGA_MEDIA,N3
,0.505,0.324,0.389,1.0,,1787593031204.4763,18.615,-0.4,9.44,0.35,1787593031204.4763,False,,,2,OP1,C2_WIFI_CARGA_MEDIA,N3
,0.506,0.324,0.388,1.0,,1787593031242.4546,18.58,-0.48,9.44,0.35,1787593031244.4624,False,,,2,OP1,C2_WIFI_CARGA_MEDIA,N3
,0.507,0.324,0.386,1.0,,1787593031297.1885,18.51,-0.56,9.44,0.35,1787593031297.1885,False,,,2,OP1,C2_WIFI_CARGA_MEDIA,N3
,0.507,0.324,0.386,1.0,,1787593031348.2998,18.51,-0.56,9.44,0.35,1787593031348.2998,False,,,2,OP1,C2_WIFI_CARGA_MEDIA,N3
,0.507,0.325,0.386,1.0,,1787593031376.627,18.51,-0.56,9.5,0.35,1787593031376.627,False,,,2,OP1,C2_WIFI_CARGA_MEDIA,N3
,0.507,0.325,0.386,1.0,,1787593031520.5923,18.51,-0.56,9.5,0.35,1787593031520.5923,False,,,2,OP1,C2_WIFI_CARGA_MEDIA,N3
,0.508,0.325,0.384,1.0,,1787593031547.139,18.44,-0.64,9.5,0.35,1787593031547.139,False,,,2,OP1,C2_WIFI_CARGA_MEDIA,N3
,0.508,0.324,0.383,1.0,,1787593031607.1082,18.405,-0.64,9.44,0.35,1787593031607.6892,False,,,2,OP1,C2_WIFI_CARGA_MEDIA,N3
,0.508,0.324,0.383,1.0,,1787593031789.2769,18.405,-0.64,9.44,0.35,1787593031789.2769,False,,,2,OP1,C2_WIFI_CARGA_MEDIA,N3
,0.508,0.327,0.385,1.0,,1787593031812.45,18.475,-0.64,9.62,0.35,1787593031814.4604,False,,,2,OP1,C2_WIFI_CARGA_MEDIA,N3
,0.508,0.327,0.386,1.0,,1787593031854.7993,18.51,-0.64,9.62,0.35,1787593031854.7993,False,,,2,OP1,C2_WIFI_CARGA_MEDIA,N3
,0.508,0.327,0.387,1.0,,1787593031880.0654,18.545,-0.64,9.62,0.35,1787593031880.0654,False,,,2,OP1,C2_WIFI_CARGA_MEDIA,N3
,0.508,0.327,0.386,1.0,,1787593031909.462,18.51,-0.64,9.62,0.35,1787593031910.4238,False,,,2,OP1,C2_WIFI_CARGA_MEDIA,N3
,0.508,0.327,0.386,1.0,,1787593031958.6875,18.51,-0.64,9.62,0.35,1787593031958.6875,False,,,2,OP1,C2_WIFI_CARGA_MEDIA,N3
,0.508,0.327,0.387,1.0,,1787593031990.0051,18.545,-0.64,9.62,0.35,1787593031990.0051,False,,,2,OP1,C2_WIFI_CARGA_MEDIA,N3
,0.509,0.327,0.387,1.0,,1787593032011.1765,18.545,-0.72,9.62,0.35,1787593032012.1743,False,,,2,OP1,C2_WIFI_CARGA_MEDIA,N3
,0.509,0.327,0.387,1.0,,1787593032051.337,18.545,-0.72,9.62,0.35,1787593032051.337,False,,,2,OP1,C2_WIFI_CARGA_MEDIA,N3
,0.509,0.327,0.387,1.0,,1787593032097.2874,18.545,-0.72,9.62,0.35,1787593032097.2874,False,,,2,OP1,C2_WIFI_CARGA_MEDIA,N3
,0.509,0.326,0.387,1.0,,1787593032159.8245,18.545,-0.72,9.56,0.35,1787593032159.8245,False,,,2,OP1,C2_WIFI_CARGA_MEDIA,N3
,0.509,0.326,0.388,1.0,,1787593032190.682,18.58,-0.72,9.56,0.35,1787593032191.4805,False,,,2,OP1,C2_WIFI_CARGA_MEDIA,N3
,0.509,0.326,0.388,1.0,,1787593032217.2356,18.58,-0.72,9.56,0.35,1787593032217.2356,False,,,2,OP1,C2_WIFI_CARGA_MEDIA,N3
,0.51,0.327,0.388,1.0,,1787593032246.809,18.58,-0.8,9.62,0.35,1787593032246.809,False,,,2,OP1,C2_WIFI_CARGA_MEDIA,N3
,0.51,0.328,0.387,1.0,,1787593032288.3804,18.545,-0.8,9.68,0.35,1787593032288.3804,False,,,2,OP1,C2_WIFI_CARGA_MEDIA,N3
,0.509,0.328,0.387,1.0,,1787593032313.7107,18.545,-0.72,9.68,0.35,1787593032314.8257,False,,,2,OP1,C2_WIFI_CARGA_MEDIA,N3
,0.509,0.329,0.387,1.0,,1787593032356.845,18.545,-0.72,9.74,0.35,1787593032358.8557,False,,,2,OP1,C2_WIFI_CARGA_MEDIA,N3
,0.509,0.33,0.388,1.0,,1787593032383.6882,18.58,-0.72,9.8,0.35,1787593032383.6882,False,,,2,OP1,C2_WIFI_CARGA_MEDIA,N3
,0.509,0.33,0.388,1.0,,1787593032413.3225,18.58,-0.72,9.8,0.35,1787593032414.009,False,,,2,OP1,C2_WIFI_CARGA_MEDIA,N3
,0.509,0.33,0.388,1.0,,1787593032457.4456,18.58,-0.72,9.8,0.35,1787593032458.585,False,,,2,OP1,C2_WIFI_CARGA_MEDIA,N3
,0.509,0.33,0.387,1.0,,1787593032494.0764,18.545,-0.72,9.8,0.35,1787593032494.0764,False,,,2,OP1,C2_WIFI_CARGA_MEDIA,N3
,0.508,0.33,0.387,1.0,,1787593032516.528,18.545,-0.64,9.8,0.35,1787593032517.152,False,,,2,OP1,C2_WIFI_CARGA_MEDIA,N3
,0.508,0.33,0.385,1.0,,1787593032552.2922,18.475,-0.64,9.8,0.35,1787593032552.2922,False,,,2,OP1,C2_WIFI_CARGA_MEDIA,N3
,0.508,0.329,0.385,1.0,,1787593032746.9617,18.475,-0.64,9.74,0.35,1787593032750.6506,False,,,2,OP1,C2_WIFI_CARGA_MEDIA,N3
,0.508,0.327,0.382,1.0,,1787593032798.704,18.37,-0.64,9.62,0.35,1787593032798.704,False,,,2,OP1,C2_WIFI_CARGA_MEDIA,N3
,0.508,0.327,0.383,1.0,,1787593032820.683,18.405,-0.64,9.62,0.35,1787593032822.876,False,,,2,OP1,C2_WIFI_CARGA_MEDIA,N3
,0.508,0.328,0.384,1.0,,1787593032847.035,18.44,-0.64,9.68,0.35,1787593032847.035,False,,,2,OP1,C2_WIFI_CARGA_MEDIA,N3
,0.508,0.328,0.385,1.0,,1787593032868.3865,18.475,-0.64,9.68,0.35,1787593032870.5662,False,,,2,OP1,C2_WIFI_CARGA_MEDIA,N3
,0.507,0.328,0.385,1.0,,1787593032915.9414,18.475,-0.56,9.68,0.35,1787593032915.9414,False,,,2,OP1,C2_WIFI_CARGA_MEDIA,N3
,0.507,0.329,0.385,1.0,,1787593032966.5415,18.475,-0.56,9.74,0.35,1787593032966.5415,False,,,2,OP1,C2_WIFI_CARGA_MEDIA,N3
,0.507,0.329,0.386,1.0,,1787593033022.5957,18.51,-0.56,9.74,0.35,1787593033022.5957,False,,,2,OP1,C2_WIFI_CARGA_MEDIA,N3
,0.507,0.329,0.386,1.0,,1787593033050.942,18.51,-0.56,9.74,0.35,1787593033055.4512,False,,,2,OP1,C2_WIFI_CARGA_MEDIA,N3
,0.507,0.33,0.385,1.0,,1787593033105.5916,18.475,-0.56,9.8,0.35,1787593033105.5916,False,,,2,OP1,C2_WIFI_CARGA_MEDIA,N3
,0.507,0.329,0.385,1.0,,1787593033131.3328,18.475,-0.56,9.74,0.35,1787593033132.0242,False,,,2,OP1,C2_WIFI_CARGA_MEDIA,N3
,0.507,0.329,0.386,1.0,,1787593033163.844,18.51,-0.56,9.74,0.35,1787593033163.844,False,,,2,OP1,C2_WIFI_CARGA_MEDIA,N3
,0.507,0.329,0.386,1.0,,1787593033212.2864,18.51,-0.56,9.74,0.35,1787593033212.2864,False,,,2,OP1,C2_WIFI_CARGA_MEDIA,N3
,0.507,0.329,0.385,1.0,,1787593033274.5413,18.475,-0.56,9.74,0.35,1787593033274.5413,False,,,2,OP1,C2_WIFI_CARGA_MEDIA,N3
,0.506,0.33,0.385,1.0,,1787593033329.3032,18.475,-0.48,9.8,0.35,1787593033331.8147,False,,,2,OP1,C2_WIFI_CARGA_MEDIA,N3
,0.506,0.33,0.384,1.0,,1787593033361.921,18.44,-0.48,9.8,0.35,1787593033361.921,False,,,2,OP1,C2_WIFI_CARGA_MEDIA,N3
,0.505,0.331,0.383,1.0,,1787593033404.427,18.405,-0.4,9.86,0.35,1787593033404.427,False,,,2,OP1,C2_WIFI_CARGA_MEDIA,N3
,0.505,0.331,0.383,1.0,,1787593033431.705,18.405,-0.4,9.86,0.35,1787593033432.4128,False,,,2,OP1,C2_WIFI_CARGA_MEDIA,N3
,0.505,0.331,0.383,1.0,,1787593033463.3718,18.405,-0.4,9.86,0.35,1787593033463.3718,False,,,2,OP1,C2_WIFI_CARGA_MEDIA,N3
,0.505,0.33,0.383,1.0,,1787593033500.1758,18.405,-0.4,9.8,0.35,1787593033500.1758,False,,,2,OP1,C2_WIFI_CARGA_MEDIA,N3
,0.505,0.33,0.383,1.0,,1787593033547.1255,18.405,-0.4,9.8,0.35,1787593033547.1255,False,,,2,OP1,C2_WIFI_CARGA_MEDIA,N3
,0.505,0.33,0.383,1.0,,1787593033571.5032,18.405,-0.4,9.8,0.35,1787593033571.5032,False,,,2,OP1,C2_WIFI_CARGA_MEDIA,N3
,0.505,0.329,0.383,1.0,,1787593033612.2366,18.405,-0.4,9.74,0.35,1787593033614.251,False,,,2,OP1,C2_WIFI_CARGA_MEDIA,N3
,0.505,0.329,0.382,1.0,,1787593033666.158,18.37,-0.4,9.74,0.35,1787593033666.158,False,,,2,OP1,C2_WIFI_CARGA_MEDIA,N3
,0.505,0.329,0.381,1.0,,1787593033707.9062,18.335,-0.4,9.74,0.35,1787593033710.1528,False,,,2,OP1,C2_WIFI_CARGA_MEDIA,N3
,0.505,0.329,0.381,1.0,,1787593033730.5957,18.335,-0.4,9.74,0.35,1787593033730.5957,False,,,2,OP1,C2_WIFI_CARGA_MEDIA,N3
,0.505,0.329,0.38,1.0,,1787593033777.1467,18.3,-0.4,9.74,0.35,1787593033779.146,False,,,2,OP1,C2_WIFI_CARGA_MEDIA,N3
,0.505,0.328,0.381,1.0,,1787593033805.8547,18.335,-0.4,9.68,0.35,1787593033806.8528,False,,,2,OP1,C2_WIFI_CARGA_MEDIA,N3
,0.505,0.328,0.382,1.0,,1787593033843.7002,18.37,-0.4,9.68,0.35,1787593033843.7002,False,,,2,OP1,C2_WIFI_CARGA_MEDIA,N3
,0.505,0.328,0.381,1.0,,1787593033867.7178,18.335,-0.4,9.68,0.35,1787593033867.7178,False,,,2,OP1,C2_WIFI_CARGA_MEDIA,N3
,0.505,0.328,0.381,1.0,,1787593033916.2688,18.335,-0.4,9.68,0.35,1787593033916.2688,False,,,2,OP1,C2_WIFI_CARGA_MEDIA,N3
,0.505,0.328,0.381,1.0,,1787593033943.7158,18.335,-0.4,9.68,0.35,1787593033943.7158,False,,,2,OP1,C2_WIFI_CARGA_MEDIA,N3
,0.505,0.327,0.381,1.0,,1787593033972.385,18.335,-0.4,9.62,0.35,1787593033972.8994,False,,,2,OP1,C2_WIFI_CARGA_MEDIA,N3
,0.506,0.326,0.382,1.0,,1787593034132.6775,18.37,-0.48,9.56,0.35,1787593034133.692,False,,,2,OP1,C2_WIFI_CARGA_MEDIA,N3
,0.505,0.324,0.383,1.0,,1787593034164.4136,18.405,-0.4,9.44,0.35,1787593034168.811,False,,,2,OP1,C2_WIFI_CARGA_MEDIA,N3
,0.505,0.323,0.383,1.0,,1787593034214.4668,18.405,-0.4,9.38,0.35,1787593034214.4668,False,,,2,OP1,C2_WIFI_CARGA_MEDIA,N3
,0.505,0.322,0.383,1.0,,1787593034238.5293,18.405,-0.4,9.32,0.35,1787593034240.5227,False,,,2,OP1,C2_WIFI_CARGA_MEDIA,N3
,0.505,0.322,0.384,1.0,,1787593034278.6738,18.44,-0.4,9.32,0.35,1787593034279.1587,False,,,2,OP1,C2_WIFI_CARGA_MEDIA,N3
,0.504,0.322,0.385,1.0,,1787593034333.3042,18.475,-0.32,9.32,0.35,1787593034334.3096,False,,,2,OP1,C2_WIFI_CARGA_MEDIA,N3
,0.504,0.322,0.385,1.0,,1787593034363.3762,18.475,-0.32,9.32,0.35,1787593034363.3762,False,,,2,OP1,C2_WIFI_CARGA_MEDIA,N3
,0.504,0.321,0.385,1.0,,1787593034419.9004,18.475,-0.32,9.26,0.35,1787593034421.9116,False,,,2,OP1,C2_WIFI_CARGA_MEDIA,N3
,0.505,0.321,0.386,1.0,,1787593034468.5886,18.51,-0.4,9.26,0.35,1787593034468.5886,False,,,2,OP1,C2_WIFI_CARGA_MEDIA,N3
,0.505,0.32,0.387,1.0,,1787593034520.2107,18.545,-0.4,9.2,0.35,1787593034520.2107,False,,,2,OP1,C2_WIFI_CARGA_MEDIA,N3
,0.505,0.32,0.387,1.0,,1787593034546.9905,18.545,-0.4,9.2,0.35,1787593034546.9905,False,,,2,OP1,C2_WIFI_CARGA_MEDIA,N3
,0.505,0.32,0.389,1.0,,1787593034591.4453,18.615,-0.4,9.2,0.35,1787593034594.162,False,,,2,OP1,C2_WIFI_CARGA_MEDIA,N3
,0.505,0.32,0.388,1.0,,1787593034635.172,18.58,-0.4,9.2,0.35,1787593034635.172,False,,,2,OP1,C2_WIFI_CARGA_MEDIA,N3
,0.505,0.32,0.388,1.0,,1787593034684.0234,18.58,-0.4,9.2,0.35,1787593034684.0234,False,,,2,OP1,C2_WIFI_CARGA_MEDIA,N3
,0.505,0.32,0.387,1.0,,1787593034722.6277,18.545,-0.4,9.2,0.35,1787593034722.6277,False,,,2,OP1,C2_WIFI_CARGA_MEDIA,N3
,0.505,0.32,0.388,1.0,,1787593034746.625,18.58,-0.4,9.2,0.35,1787593034748.4526,False,,,2,OP1,C2_WIFI_CARGA_MEDIA,N3
,0.505,0.32,0.388,1.0,,1787593034799.5134,18.58,-0.4,9.2,0.35,1787593034799.5134,False,,,2,OP1,C2_WIFI_CARGA_MEDIA,N3
,0.505,0.32,0.388,1.0,,1787593034833.793,18.58,-0.4,9.2,0.35,1787593034834.066,False,,,2,OP1,C2_WIFI_CARGA_MEDIA,N3
,0.504,0.32,0.389,1.0,,1787593034889.4202,18.615,-0.32,9.2,0.35,1787593034889.4202,False,,,2,OP1,C2_WIFI_CARGA_MEDIA,N3
,0.504,0.32,0.39,1.0,,1787593034946.8933,18.65,-0.32,9.2,0.35,1787593034946.8933,False,,,2,OP1,C2_WIFI_CARGA_MEDIA,N3
,0.504,0.32,0.39,1.0,,1787593035002.5872,18.65,-0.32,9.2,0.35,1787593035002.5872,False,,,2,OP1,C2_WIFI_CARGA_MEDIA,N3
,0.504,0.32,0.39,1.0,,1787593035029.1482,18.65,-0.32,9.2,0.35,1787593035029.1482,False,,,2,OP1,C2_WIFI_CARGA_MEDIA,N3
,0.504,0.32,0.389,1.0,,1787593035056.905,18.615,-0.32,9.2,0.35,1787593035058.2793,False,,,2,OP1,C2_WIFI_CARGA_MEDIA,N3
,0.504,0.32,0.39,1.0,,1787593035105.4414,18.65,-0.32,9.2,0.35,1787593035105.4414,False,,,2,OP1,C2_WIFI_CARGA_MEDIA,N3
,0.504,0.32,0.39,1.0,,1787593035136.5215,18.65,-0.32,9.2,0.35,1787593035136.5215,False,,,2,OP1,C2_WIFI_CARGA_MEDIA,N3
,0.504,0.32,0.389,1.0,,1787593035196.5613,18.615,-0.32,9.2,0.35,1787593035196.5613,False,,,2,OP1,C2_WIFI_CARGA_MEDIA,N3
,0.504,0.32,0.39,1.0,,1787593035248.214,18.65,-0.32,9.2,0.35,1787593035248.214,False,,,2,OP1,C2_WIFI_CARGA_MEDIA,N3
,0.504,0.32,0.389,1.0,,1787593035271.5503,18.615,-0.32,9.2,0.35,1787593035272.9175,False,,,2,OP1,C2_WIFI_CARGA_MEDIA,N3
,0.504,0.32,0.39,1.0,,1787593035310.26,18.65,-0.32,9.2,0.35,1787593035310.26,False,,,2,OP1,C2_WIFI_CARGA_MEDIA,N3
,0.503,0.32,0.392,1.0,,1787593035364.7644,18.72,-0.24,9.2,0.35,1787593035366.7654,False,,,2,OP1,C2_WIFI_CARGA_MEDIA,N3
,0.503,0.321,0.391,1.0,,1787593035413.4773,18.685,-0.24,9.26,0.35,1787593035413.4773,False,,,2,OP1,C2_WIFI_CARGA_MEDIA,N3
,0.503,0.322,0.39,1.0,,1787593035448.828,18.65,-0.24,9.32,0.35,1787593035450.9805,False,,,2,OP1,C2_WIFI_CARGA_MEDIA,N3
,0.502,0.323,0.387,1.0,,1787593035505.3313,18.545,-0.16,9.38,0.35,1787593035505.8962,False,,,2,OP1,C2_WIFI_CARGA_MEDIA,N3
,0.503,0.325,0.385,1.0,,1787593035550.5322,18.475,-0.24,9.5,0.35,1787593035550.5322,False,,,2,OP1,C2_WIFI_CARGA_MEDIA,N3
,0.503,0.326,0.383,1.0,,1787593035587.428,18.405,-0.24,9.56,0.35,1787593035587.9973,False,,,2,OP1,C2_WIFI_CARGA_MEDIA,N3
,0.503,0.327,0.38,1.0,,1787593035614.6584,18.3,-0.24,9.62,0.35,1787593035617.0493,False,,,2,OP1,C2_WIFI_CARGA_MEDIA,N3
,0.503,0.327,0.38,1.0,,1787593035637.1155,18.3,-0.24,9.62,0.35,1787593035637.1155,False,,,2,OP1,C2_WIFI_CARGA_MEDIA,N3
,0.504,0.327,0.381,1.0,,1787593035698.8503,18.335,-0.32,9.62,0.35,1787593035698.8503,False,,,2,OP1,C2_WIFI_CARGA_MEDIA,N3
,0.505,0.327,0.383,1.0,,1787593035768.5645,18.405,-0.4,9.62,0.35,1787593035768.5645,False,,,2,OP1,C2_WIFI_CARGA_MEDIA,N3
,0.505,0.328,0.388,1.0,,1787593035798.829,18.58,-0.4,9.68,0.35,1787593035798.829,False,,,2,OP1,C2_WIFI_CARGA_MEDIA,N3
,0.505,0.328,0.39,1.0,,1787593035827.2114,18.65,-0.4,9.68,0.35,1787593035828.2063,False,,,2,OP1,C2_WIFI_CARGA_MEDIA,N3
,0.504,0.328,0.39,1.0,,1787593035864.504,18.65,-0.32,9.68,0.35,1787593035866.5146,False,,,2,OP1,C2_WIFI_CARGA_MEDIA,N3
,0.503,0.329,0.391,1.0,,1787593035916.9053,18.685,-0.24,9.74,0.35,1787593035917.5078,False,,,2,OP1,C2_WIFI_CARGA_MEDIA,N3
,0.502,0.33,0.389,1.0,,1787593035977.7156,18.615,-0.16,9.8,0.35,1787593035979.725,False,,,2,OP1,C2_WIFI_CARGA_MEDIA,N3
,0.501,0.332,0.388,1.0,,1787593036017.58,18.58,-0.08,9.92,0.35,1787593036017.58,False,,,2,OP1,C2_WIFI_CARGA_MEDIA,N3
,0.501,0.334,0.386,1.0,,1787593036046.7373,18.51,-0.08,10.04,0.35,1787593036046.7373,False,,,2,OP1,C2_WIFI_CARGA_MEDIA,N3
,0.5,0.337,0.382,1.0,,1787593036082.4487,18.37,0.0,10.22,0.35,1787593036082.4487,False,,,2,OP1,C2_WIFI_CARGA_MEDIA,N3
,0.499,0.339,0.38,1.0,,1787593036115.8423,18.3,0.08,10.34,0.35,1787593036118.198,False,,,2,OP1,C2_WIFI_CARGA_MEDIA,N3
,0.498,0.34,0.378,1.0,,1787593036167.0652,18.23,0.16,10.4,0.35,1787593036167.0652,False,,,2,OP1,C2_WIFI_CARGA_MEDIA,N3
,0.498,0.341,0.375,1.0,,1787593036191.1987,18.125,0.16,10.46,0.35,1787593036193.4478,False,,,2,OP1,C2_WIFI_CARGA_MEDIA,N3
,0.498,0.341,0.372,1.0,,1787593036227.0996,18.02,0.16,10.46,0.35,1787593036229.11,False,,,2,OP1,C2_WIFI_CARGA_MEDIA,N3
,0.499,0.344,0.361,1.0,,1787593036284.713,17.635,0.08,10.64,0.35,1787593036284.713,False,,,2,OP1,C2_WIFI_CARGA_MEDIA,N3
,0.5,0.348,0.355,1.0,,1787593036339.0828,17.425,0.0,10.88,0.35,1787593036339.0828,False,,,2,OP1,C2_WIFI_CARGA_MEDIA,N3
,0.5,0.35,0.354,1.0,,1787593036365.0352,17.39,0.0,11.0,0.35,1787593036368.077,False,,,2,OP1,C2_WIFI_CARGA_MEDIA,N3
,0.5,0.351,0.352,1.0,,1787593036394.8396,17.32,0.0,11.06,0.35,1787593036394.8396,False,,,2,OP1,C2_WIFI_CARGA_MEDIA,N3
,0.499,0.352,0.353,1.0,,1787593036439.8157,17.355,0.08,11.12,0.35,1787593036439.8157,False,,,2,OP1,C2_WIFI_CARGA_MEDIA,N3
,0.498,0.351,0.353,1.0,,1787593036474.4805,17.355,0.16,11.06,0.35,1787593036474.4805,False,,,2,OP1,C2_WIFI_CARGA_MEDIA,N3
,0.497,0.35,0.354,1.0,,1787593036505.004,17.39,0.24,11.0,0.35,1787593036505.7996,False,,,2,OP1,C2_WIFI_CARGA_MEDIA,N3
,0.493,0.347,0.363,1.0,,1787593036555.4482,17.705,0.56,10.82,0.35,1787593036555.4482,False,,,2,OP1,C2_WIFI_CARGA_MEDIA,N3
,0.491,0.345,0.369,1.0,,1787593036590.4763,17.915,0.72,10.7,0.35,1787593036592.2546,False,,,2,OP1,C2_WIFI_CARGA_MEDIA,N3
,0.486,0.341,0.38,1.0,,1787593036640.131,18.3,1.12,10.46,0.35,1787593036640.131,False,,,2,OP1,C2_WIFI_CARGA_MEDIA,N3
,0.484,0.34,0.383,1.0,,1787593036662.7158,18.405,1.28,10.4,0.35,1787593036662.7158,False,,,2,OP1,C2_WIFI_CARGA_MEDIA,N3
,0.484,0.34,0.384,1.0,,1787593036685.672,18.44,1.28,10.4,0.35,1787593036685.672,False,,,2,OP1,C2_WIFI_CARGA_MEDIA,N3
,0.484,0.341,0.384,1.0,,1787593036715.7307,18.44,1.28,10.46,0.35,1787593036716.901,False,,,2,OP1,C2_WIFI_CARGA_MEDIA,N3
,0.484,0.342,0.382,1.0,,1787593036754.0747,18.37,1.28,10.52,0.35,1787593036754.0747,False,,,2,OP1,C2_WIFI_CARGA_MEDIA,N3
,0.488,0.349,0.372,1.0,,1787593036799.0054,18.02,0.96,10.94,0.35,1787593036799.0054,False,,,2,OP1,C2_WIFI_CARGA_MEDIA,N3
,0.491,0.353,0.367,1.0,,1787593036946.7903,17.845,0.72,11.18,0.35,1787593036952.9285,False,,,2,OP1,C2_WIFI_CARGA_MEDIA,N3
,0.504,0.372,0.374,1.0,,1787593037006.932,18.09,-0.32,12.32,0.35,1787593037008.9443,False,,,2,OP1,C2_WIFI_CARGA_MEDIA,N3
,0.507,0.374,0.376,1.0,,1787593037061.89,18.16,-0.56,12.44,0.35,1787593037061.89,False,,,2,OP1,C2_WIFI_CARGA_MEDIA,N3
,0.507,0.375,0.376,1.0,,1787593037089.7925,18.16,-0.56,12.5,0.35,1787593037091.8054,False,,,2,OP1,C2_WIFI_CARGA_MEDIA,N3
,0.507,0.378,0.377,1.0,,1787593037115.808,18.195,-0.56,12.68,0.35,1787593037115.808,False,,,2,OP1,C2_WIFI_CARGA_MEDIA,N3
,0.505,0.391,0.383,1.0,,1787593037165.9292,18.405,-0.4,13.46,0.35,1787593037165.9292,False,,,2,OP1,C2_WIFI_CARGA_MEDIA,N3
,0.505,0.395,0.383,1.0,,1787593037198.005,18.405,-0.4,13.7,0.35,1787593037198.005,False,,,2,OP1,C2_WIFI_CARGA_MEDIA,N3
,0.505,0.402,0.386,1.0,,1787593037259.111,18.51,-0.4,14.12,0.35,1787593037261.1223,False,,,2,OP1,C2_WIFI_CARGA_MEDIA,N3
,0.505,0.407,0.383,1.0,,1787593037298.9197,18.405,-0.4,14.42,0.35,1787593037298.9197,False,,,2,OP1,C2_WIFI_CARGA_MEDIA,N3
,0.506,0.409,0.38,1.0,,1787593037322.618,18.3,-0.48,14.54,0.35,1787593037322.618,False,,,2,OP1,C2_WIFI_CARGA_MEDIA,N3
,0.506,0.411,0.377,1.0,,1787593037369.0156,18.195,-0.48,14.66,0.35,1787593037371.0356,False,,,2,OP1,C2_WIFI_CARGA_MEDIA,N3
,0.508,0.414,0.368,1.0,,1787593037422.512,17.88,-0.64,14.84,0.35,1787593037424.26,False,,,2,OP1,C2_WIFI_CARGA_MEDIA,N3
,0.508,0.415,0.362,1.0,,1787593037451.376,17.67,-0.64,14.9,0.35,1787593037451.376,False,,,2,OP1,C2_WIFI_CARGA_MEDIA,N3
,0.509,0.413,0.35,1.0,,1787593037624.1543,17.25,-0.72,14.78,0.35,1787593037624.1543,False,,,2,OP1,C2_WIFI_CARGA_MEDIA,N3
,0.502,0.404,0.322,1.0,,1787593037668.577,16.27,-0.16,14.24,0.35,1787593037668.577,False,,,2,OP1,C2_WIFI_CARGA_MEDIA,N3
,0.493,0.403,0.328,1.0,,1787593037732.3545,16.48,0.56,14.18,0.35,1787593037732.3545,False,,,2,OP1,C2_WIFI_CARGA_MEDIA,N3
,0.479,0.402,0.34,1.0,,1787593037787.2756,16.9,1.68,14.12,0.35,1787593037787.2756,False,,,2,OP1,C2_WIFI_CARGA_MEDIA,N3
,0.466,0.401,0.345,1.0,,1787593037836.196,17.075,2.72,14.06,0.35,1787593037836.196,False,,,2,OP1,C2_WIFI_CARGA_MEDIA,N3
,0.462,0.4,0.347,1.0,,1787593037867.4246,17.145,3.04,14.0,0.35,1787593037867.4246,False,,,2,OP1,C2_WIFI_CARGA_MEDIA,N3
,0.46,0.397,0.346,1.0,,1787593037927.5156,17.11,3.2,13.82,0.35,1787593037929.6245,False,,,2,OP1,C2_WIFI_CARGA_MEDIA,N3
,0.461,0.396,0.336,1.0,,1787593037979.3125,16.76,3.12,13.76,0.35,1787593037979.3125,False,,,2,OP1,C2_WIFI_CARGA_MEDIA,N3
,0.463,0.398,0.323,1.0,,1787593038036.5334,16.305,2.96,13.88,0.35,1787593038036.5334,False,,,2,OP1,C2_WIFI_CARGA_MEDIA,N3
,0.463,0.399,0.318,1.0,,1787593038063.359,16.13,2.96,13.94,0.35,1787593038063.359,False,,,2,OP1,C2_WIFI_CARGA_MEDIA,N3
,0.464,0.4,0.313,1.0,,1787593038087.322,15.955,2.88,14.0,0.35,1787593038087.322,False,,,2,OP1,C2_WIFI_CARGA_MEDIA,N3
,0.463,0.4,0.313,1.0,,1787593038119.3228,15.955,2.96,14.0,0.35,1787593038119.3228,False,,,2,OP1,C2_WIFI_CARGA_MEDIA,N3
,0.462,0.4,0.313,1.0,,1787593038142.4463,15.955,3.04,14.0,0.35,1787593038142.4463,False,,,2,OP1,C2_WIFI_CARGA_MEDIA,N3
,0.461,0.399,0.312,1.0,,1787593038173.974,15.92,3.12,13.94,0.35,1787593038173.974,False,,,2,OP1,C2_WIFI_CARGA_MEDIA,N3
,0.459,0.396,0.312,1.0,,1787593038226.9685,15.92,3.28,13.76,0.35,1787593038226.9685,False,,,2,OP1,C2_WIFI_CARGA_MEDIA,N3
,0.458,0.394,0.314,1.0,,1787593038248.1482,15.99,3.36,13.64,0.35,1787593038248.1482,False,,,2,OP1,C2_WIFI_CARGA_MEDIA,N3
,0.457,0.393,0.317,1.0,,1787593038271.6296,16.095,3.44,13.58,0.35,1787593038272.6628,False,,,2,OP1,C2_WIFI_CARGA_MEDIA,N3
,0.455,0.393,0.318,1.0,,1787593038294.7727,16.13,3.6,13.58,0.35,1787593038294.7727,False,,,2,OP1,C2_WIFI_CARGA_MEDIA,N3
,0.454,0.394,0.32,1.0,,1787593038332.2336,16.2,3.68,13.64,0.35,1787593038332.2336,False,,,2,OP1,C2_WIFI_CARGA_MEDIA,N3
,0.45,0.398,0.322,1.0,,1787593038394.6165,16.27,4.0,13.88,0.35,1787593038394.6165,False,,,2,OP1,C2_WIFI_CARGA_MEDIA,N3
,0.448,0.4,0.32,1.0,,1787593038426.7234,16.2,4.16,14.0,0.35,1787593038427.7354,False,,,2,OP1,C2_WIFI_CARGA_MEDIA,N3
,0.445,0.403,0.315,1.0,,1787593038473.1582,16.025,4.4,14.18,0.35,1787593038473.1582,False,,,2,OP1,C2_WIFI_CARGA_MEDIA,N3
,0.445,0.403,0.314,1.0,,1787593038494.9392,15.99,4.4,14.18,0.35,1787593038497.3655,False,,,2,OP1,C2_WIFI_CARGA_MEDIA,N3
,0.445,0.403,0.312,1.0,,1787593038538.043,15.92,4.4,14.18,0.35,1787593038538.8782,False,,,2,OP1,C2_WIFI_CARGA_MEDIA,N3
,0.446,0.403,0.306,1.0,,1787593038595.63,15.71,4.32,14.18,0.35,1787593038597.3765,False,,,2,OP1,C2_WIFI_CARGA_MEDIA,N3
,0.447,0.403,0.303,1.0,,1787593038640.388,15.605,4.24,14.18,0.35,1787593038640.388,False,,,2,OP1,C2_WIFI_CARGA_MEDIA,N3
,0.448,0.403,0.303,1.0,,1787593038666.7175,15.605,4.16,14.18,0.35,1787593038666.7175,False,,,2,OP1,C2_WIFI_CARGA_MEDIA,N3
,0.449,0.403,0.302,1.0,,1787593038696.8457,15.57,4.08,14.18,0.35,1787593038696.8457,False,,,2,OP1,C2_WIFI_CARGA_MEDIA,N3
,0.45,0.403,0.302,1.0,,1787593038732.2651,15.57,4.0,14.18,0.35,1787593038732.2651,False,,,2,OP1,C2_WIFI_CARGA_MEDIA,N3
,0.452,0.402,0.305,1.0,,1787593038781.5403,15.675,3.84,14.12,0.35,1787593038781.5403,False,,,2,OP1,C2_WIFI_CARGA_MEDIA,N3
,0.454,0.402,0.304,1.0,,1787593038834.3586,15.64,3.68,14.12,0.35,1787593038845.8557,False,,,2,OP1,C2_WIFI_CARGA_MEDIA,N3
,0.458,0.4,0.3,1.0,,1787593038898.1326,15.5,3.36,14.0,0.35,1787593038899.1555,False,,,2,OP1,C2_WIFI_CARGA_MEDIA,N3
,0.461,0.399,0.297,1.0,,1787593038945.7495,15.395,3.12,13.94,0.35,1787593038946.7822,False,,,2,OP1,C2_WIFI_CARGA_MEDIA,N3
,0.464,0.399,0.294,1.0,,1787593038997.0222,15.29,2.88,13.94,0.35,1787593038997.0222,False,,,2,OP1,C2_WIFI_CARGA_MEDIA,N3
,0.465,0.399,0.293,1.0,,1787593039033.5818,15.255,2.8,13.94,0.35,1787593039035.566,False,,,2,OP1,C2_WIFI_CARGA_MEDIA,N3
,0.468,0.399,0.292,1.0,,1787593039086.593,15.22,2.56,13.94,0.35,1787593039086.8472,False,,,2,OP1,C2_WIFI_CARGA_MEDIA,N3
,0.469,0.399,0.291,1.0,,1787593039110.714,15.185,2.48,13.94,0.35,1787593039111.9636,False,,,2,OP1,C2_WIFI_CARGA_MEDIA,N3
,0.47,0.4,0.291,1.0,,1787593039134.092,15.185,2.4,14.0,0.35,1787593039134.092,False,,,2,OP1,C2_WIFI_CARGA_MEDIA,N3
,0.472,0.4,0.292,1.0,,1787593039179.1292,15.22,2.24,14.0,0.35,1787593039181.1345,False,,,2,OP1,C2_WIFI_CARGA_MEDIA,N3
,0.473,0.4,0.292,1.0,,1787593039200.6611,15.22,2.16,14.0,0.35,1787593039200.6611,False,,,2,OP1,C2_WIFI_CARGA_MEDIA,N3
,0.475,0.399,0.295,1.0,,1787593039231.9504,15.325,2.0,13.94,0.35,1787593039235.0227,False,,,2,OP1,C2_WIFI_CARGA_MEDIA,N3
,0.479,0.399,0.299,1.0,,1787593039290.0774,15.465,1.68,13.94,0.35,1787593039292.1028,False,,,2,OP1,C2_WIFI_CARGA_MEDIA,N3
,0.48,0.4,0.3,1.0,,1787593039337.731,15.5,1.6,14.0,0.35,1787593039339.7432,False,,,2,OP1,C2_WIFI_CARGA_MEDIA,N3
,0.481,0.4,0.3,1.0,,1787593039512.479,15.5,1.52,14.0,0.35,1787593039514.6724,False,,,2,OP1,C2_WIFI_CARGA_MEDIA,N3
,0.483,0.409,0.311,1.0,,1787593039568.1775,15.885,1.36,14.54,0.35,1787593039571.199,False,,,2,OP1,C2_WIFI_CARGA_MEDIA,N3
,0.483,0.411,0.315,1.0,,1787593039624.5176,16.025,1.36,14.66,0.35,1787593039624.5176,False,,,2,OP1,C2_WIFI_CARGA_MEDIA,N3
,0.483,0.41,0.317,1.0,,1787593039680.4956,16.095,1.36,14.6,0.35,1787593039680.4956,False,,,2,OP1,C2_WIFI_CARGA_MEDIA,N3
,0.483,0.41,0.317,1.0,,1787593039708.682,16.095,1.36,14.6,0.35,1787593039708.682,False,,,2,OP1,C2_WIFI_CARGA_MEDIA,N3
,0.484,0.409,0.317,1.0,,1787593039848.8535,16.095,1.28,14.54,0.35,1787593039848.8535,False,,,2,OP1,C2_WIFI_CARGA_MEDIA,N3
,0.487,0.406,0.313,1.0,,1787593039869.2036,15.955,1.04,14.36,0.35,1787593039869.2036,False,,,2,OP1,C2_WIFI_CARGA_MEDIA,N3
,0.489,0.406,0.308,1.0,,1787593039929.986,15.78,0.88,14.36,0.35,1787593039931.994,False,,,2,OP1,C2_WIFI_CARGA_MEDIA,N3
,0.491,0.406,0.303,1.0,,1787593039996.8533,15.605,0.72,14.36,0.35,1787593039996.8533,False,,,2,OP1,C2_WIFI_CARGA_MEDIA,N3
,0.492,0.405,0.3,1.0,,1787593040026.939,15.5,0.64,14.3,0.35,1787593040026.939,False,,,2,OP1,C2_WIFI_CARGA_MEDIA,N3
,0.492,0.406,0.3,1.0,,1787593040053.8997,15.5,0.64,14.36,0.35,1787593040053.8997,False,,,2,OP1,C2_WIFI_CARGA_MEDIA,N3
,0.493,0.406,0.3,1.0,,1787593040096.8635,15.5,0.56,14.36,0.35,1787593040096.8635,False,,,2,OP1,C2_WIFI_CARGA_MEDIA,N3
,0.494,0.406,0.299,1.0,,1787593040125.959,15.465,0.48,14.36,0.35,1787593040126.8445,False,,,2,OP1,C2_WIFI_CARGA_MEDIA,N3
,0.495,0.406,0.299,1.0,,1787593040168.3008,15.465,0.4,14.36,0.35,1787593040168.3008,False,,,2,OP1,C2_WIFI_CARGA_MEDIA,N3
,0.496,0.406,0.298,1.0,,1787593040200.7244,15.43,0.32,14.36,0.35,1787593040200.7244,False,,,2,OP1,C2_WIFI_CARGA_MEDIA,N3
,0.497,0.406,0.297,1.0,,1787593040239.151,15.395,0.24,14.36,0.35,1787593040241.1653,False,,,2,OP1,C2_WIFI_CARGA_MEDIA,N3
,0.498,0.406,0.297,1.0,,1787593040268.016,15.395,0.16,14.36,0.35,1787593040268.016,False,,,2,OP1,C2_WIFI_CARGA_MEDIA,N3
,0.502,0.406,0.295,1.0,,1787593040315.0137,15.325,-0.16,14.36,0.35,1787593040316.3848,False,,,2,OP1,C2_WIFI_CARGA_MEDIA,N3
,0.503,0.405,0.291,1.0,,1787593040350.3232,15.185,-0.24,14.3,0.35,1787593040350.3232,False,,,2,OP1,C2_WIFI_CARGA_MEDIA,N3
,0.505,0.405,0.29,1.0,,1787593040398.9214,15.15,-0.4,14.3,0.35,1787593040398.9214,False,,,2,OP1,C2_WIFI_CARGA_MEDIA,N3
,0.506,0.405,0.289,1.0,,1787593040459.369,15.115,-0.48,14.3,0.35,1787593040461.3765,False,,,2,OP1,C2_WIFI_CARGA_MEDIA,N3
,0.506,0.405,0.29,1.0,,1787593040516.0051,15.15,-0.48,14.3,0.35,1787593040518.0186,False,,,2,OP1,C2_WIFI_CARGA_MEDIA,N3
,0.506,0.404,0.292,1.0,,1787593040544.6448,15.22,-0.48,14.24,0.35,1787593040544.6448,False,,,2,OP1,C2_WIFI_CARGA_MEDIA,N3
,0.505,0.403,0.295,1.0,,1787593040599.489,15.325,-0.4,14.18,0.35,1787593040599.489,False,,,2,OP1,C2_WIFI_CARGA_MEDIA,N3
,0.505,0.402,0.296,1.0,,1787593040625.3413,15.36,-0.4,14.12,0.35,1787593040625.3413,False,,,2,OP1,C2_WIFI_CARGA_MEDIA,N3
,0.504,0.4,0.298,1.0,,1787593040671.8674,15.43,-0.32,14.0,0.35,1787593040673.3823,False,,,2,OP1,C2_WIFI_CARGA_MEDIA,N3
,0.503,0.399,0.299,1.0,,1787593040709.7046,15.465,-0.24,13.94,0.35,1787593040709.7046,False,,,2,OP1,C2_WIFI_CARGA_MEDIA,N3
,0.502,0.398,0.304,1.0,,1787593040764.4194,15.64,-0.16,13.88,0.35,1787593040766.4268,False,,,2,OP1,C2_WIFI_CARGA_MEDIA,N3
,0.502,0.398,0.305,1.0,,1787593040792.4485,15.675,-0.16,13.88,0.35,1787593040794.4612,False,,,2,OP1,C2_WIFI_CARGA_MEDIA,N3
,0.501,0.397,0.305,1.0,,1787593040822.2007,15.675,-0.08,13.82,0.35,1787593040822.2007,False,,,2,OP1,C2_WIFI_CARGA_MEDIA,N3
,0.501,0.397,0.307,1.0,,1787593040872.2578,15.745,-0.08,13.82,0.35,1787593040872.2578,False,,,2,OP1,C2_WIFI_CARGA_MEDIA,N3
,0.5,0.397,0.309,1.0,,1787593040897.1746,15.815,0.0,13.82,0.35,1787593040908.8616,False,,,2,OP1,C2_WIFI_CARGA_MEDIA,N3
,0.5,0.396,0.311,1.0,,1787593040958.5747,15.885,0.0,13.76,0.35,1787593040958.5747,False,,,2,OP1,C2_WIFI_CARGA_MEDIA,N3
,0.499,0.395,0.312,1.0,,1787593040981.7786,15.92,0.08,13.7,0.35,1787593040982.7788,False,,,2,OP1,C2_WIFI_CARGA_MEDIA,N3
,0.499,0.394,0.312,1.0,,1787593041002.6963,15.92,0.08,13.64,0.35,1787593041002.6963,False,,,2,OP1,C2_WIFI_CARGA_MEDIA,N3
,0.499,0.394,0.314,1.0,,1787593041024.509,15.99,0.08,13.64,0.35,1787593041024.509,False,,,2,OP1,C2_WIFI_CARGA_MEDIA,N3
,0.498,0.393,0.315,1.0,,1787593041059.7742,16.025,0.16,13.58,0.35,1787593041059.7742,False,,,2,OP1,C2_WIFI_CARGA_MEDIA,N3
,0.497,0.393,0.315,1.0,,1787593041083.204,16.025,0.24,13.58,0.35,1787593041085.2231,False,,,2,OP1,C2_WIFI_CARGA_MEDIA,N3
,0.496,0.393,0.316,1.0,,1787593041129.161,16.06,0.32,13.58,0.35,1787593041129.161,False,,,2,OP1,C2_WIFI_CARGA_MEDIA,N3
,0.493,0.392,0.318,1.0,,1787593041168.5842,16.13,0.56,13.52,0.35,1787593041168.5842,False,,,2,OP1,C2_WIFI_CARGA_MEDIA,N3
,0.492,0.392,0.32,1.0,,1787593041191.9182,16.2,0.64,13.52,0.35,1787593041192.9187,False,,,2,OP1,C2_WIFI_CARGA_MEDIA,N3
,0.491,0.392,0.32,1.0,,1787593041239.6165,16.2,0.72,13.52,0.35,1787593041239.9573,False,,,2,OP1,C2_WIFI_CARGA_MEDIA,N3
,0.49,0.392,0.319,1.0,,1787593041280.1516,16.165,0.8,13.52,0.35,1787593041280.1516,False,,,2,OP1,C2_WIFI_CARGA_MEDIA,N3
,0.49,0.392,0.32,1.0,,1787593041318.1106,16.2,0.8,13.52,0.35,1787593041318.1106,False,,,2,OP1,C2_WIFI_CARGA_MEDIA,N3
,0.49,0.393,0.319,1.0,,1787593041382.2026,16.165,0.8,13.58,0.35,1787593041382.2026,False,,,2,OP1,C2_WIFI_CARGA_MEDIA,N3
,0.49,0.393,0.319,1.0,,1787593041416.1304,16.165,0.8,13.58,0.35,1787593041418.138,False,,,2,OP1,C2_WIFI_CARGA_MEDIA,N3
,0.491,0.393,0.317,1.0,,1787593041443.9958,16.095,0.72,13.58,0.35,1787593041443.9958,False,,,2,OP1,C2_WIFI_CARGA_MEDIA,N3
,0.491,0.392,0.316,1.0,,1787593041473.759,16.06,0.72,13.52,0.35,1787593041473.759,False,,,2,OP1,C2_WIFI_CARGA_MEDIA,N3
,0.494,0.393,0.315,1.0,,1787593041525.8762,16.025,0.48,13.58,0.35,1787593041525.8762,False,,,2,OP1,C2_WIFI_CARGA_MEDIA,N3
,0.496,0.393,0.313,1.0,,1787593041587.1248,15.955,0.32,13.58,0.35,1787593041587.1248,False,,,2,OP1,C2_WIFI_CARGA_MEDIA,N3
,0.497,0.393,0.312,1.0,,1787593041640.2864,15.92,0.24,13.58,0.35,1787593041640.2864,False,,,2,OP1,C2_WIFI_CARGA_MEDIA,N3
,0.496,0.394,0.312,1.0,,1787593041688.7986,15.92,0.32,13.64,0.35,1787593041691.3794,False,,,2,OP1,C2_WIFI_CARGA_MEDIA,N3
,0.496,0.394,0.312,1.0,,1787593041728.0105,15.92,0.32,13.64,0.35,1787593041728.0105,False,,,2,OP1,C2_WIFI_CARGA_MEDIA,N3
,0.496,0.394,0.312,1.0,,1787593041767.7776,15.92,0.32,13.64,0.35,1787593041767.7776,False,,,2,OP1,C2_WIFI_CARGA_MEDIA,N3
,0.496,0.395,0.313,1.0,,1787593041788.705,15.955,0.32,13.7,0.35,1787593041788.705,False,,,2,OP1,C2_WIFI_CARGA_MEDIA,N3
,0.496,0.395,0.313,1.0,,1787593041827.744,15.955,0.32,13.7,0.35,1787593041828.6772,False,,,2,OP1,C2_WIFI_CARGA_MEDIA,N3
,0.496,0.396,0.313,1.0,,1787593041866.0,15.955,0.32,13.76,0.35,1787593041866.4993,False,,,2,OP1,C2_WIFI_CARGA_MEDIA,N3
,0.496,0.398,0.314,1.0,,1787593041898.9512,15.99,0.32,13.88,0.35,1787593041898.9512,False,,,2,OP1,C2_WIFI_CARGA_MEDIA,N3
,0.497,0.399,0.315,1.0,,1787593041948.9224,16.025,0.24,13.94,0.35,1787593041948.9224,False,,,2,OP1,C2_WIFI_CARGA_MEDIA,N3
,0.497,0.399,0.315,1.0,,1787593041977.0369,16.025,0.24,13.94,0.35,1787593041979.0483,False,,,2,OP1,C2_WIFI_CARGA_MEDIA,N3
,0.497,0.399,0.315,1.0,,1787593042004.9414,16.025,0.24,13.94,0.35,1787593042004.9414,False,,,2,OP1,C2_WIFI_CARGA_MEDIA,N3
,0.498,0.4,0.316,1.0,,1787593042057.8137,16.06,0.16,14.0,0.35,1787593042059.8218,False,,,2,OP1,C2_WIFI_CARGA_MEDIA,N3
,0.498,0.4,0.315,1.0,,1787593042078.49,16.025,0.16,14.0,0.35,1787593042078.49,False,,,2,OP1,C2_WIFI_CARGA_MEDIA,N3
,0.499,0.4,0.317,1.0,,1787593042116.33,16.095,0.08,14.0,0.35,1787593042117.965,False,,,2,OP1,C2_WIFI_CARGA_MEDIA,N3
,0.501,0.399,0.319,1.0,,1787593042166.7996,16.165,-0.08,13.94,0.35,1787593042166.7996,False,,,2,OP1,C2_WIFI_CARGA_MEDIA,N3
,0.501,0.398,0.32,1.0,,1787593042439.8286,16.2,-0.08,13.88,0.35,1787593042439.8286,False,,,2,OP1,C2_WIFI_CARGA_MEDIA,N3
,0.501,0.399,0.314,1.0,,1787593042462.1702,15.99,-0.08,13.94,0.35,1787593042462.6382,False,,,2,OP1,C2_WIFI_CARGA_MEDIA,N3
,0.501,0.4,0.314,1.0,,1787593042504.6013,15.99,-0.08,14.0,0.35,1787593042509.9497,False,,,2,OP1,C2_WIFI_CARGA_MEDIA,N3
,0.501,0.401,0.312,1.0,,1787593042558.5396,15.92,-0.08,14.06,0.35,1787593042558.5396,False,,,2,OP1,C2_WIFI_CARGA_MEDIA,N3
,0.501,0.401,0.312,1.0,,1787593042591.5237,15.92,-0.08,14.06,0.35,1787593042593.5442,False,,,2,OP1,C2_WIFI_CARGA_MEDIA,N3
,0.501,0.402,0.312,1.0,,1787593042641.838,15.92,-0.08,14.12,0.35,1787593042641.838,False,,,2,OP1,C2_WIFI_CARGA_MEDIA,N3
,0.501,0.402,0.313,1.0,,1787593042662.6558,15.955,-0.08,14.12,0.35,1787593042662.6558,False,,,2,OP1,C2_WIFI_CARGA_MEDIA,N3
,0.501,0.402,0.314,1.0,,1787593042702.5996,15.99,-0.08,14.12,0.35,1787593042702.927,False,,,2,OP1,C2_WIFI_CARGA_MEDIA,N3
,0.501,0.402,0.314,1.0,,1787593042747.0325,15.99,-0.08,14.12,0.35,1787593042747.0325,False,,,2,OP1,C2_WIFI_CARGA_MEDIA,N3
,0.501,0.401,0.315,1.0,,1787593042770.1323,16.025,-0.08,14.06,0.35,1787593042770.6748,False,,,2,OP1,C2_WIFI_CARGA_MEDIA,N3
,0.501,0.401,0.315,1.0,,1787593042814.588,16.025,-0.08,14.06,0.35,1787593042814.588,False,,,2,OP1,C2_WIFI_CARGA_MEDIA,N3
,0.501,0.401,0.317,1.0,,1787593042866.0083,16.095,-0.08,14.06,0.35,1787593042866.5325,False,,,2,OP1,C2_WIFI_CARGA_MEDIA,N3
,0.501,0.401,0.318,1.0,,1787593042896.8792,16.13,-0.08,14.06,0.35,1787593042896.8792,False,,,2,OP1,C2_WIFI_CARGA_MEDIA,N3
,0.501,0.4,0.319,1.0,,1787593042946.7312,16.165,-0.08,14.0,0.35,1787593042946.7312,False,,,2,OP1,C2_WIFI_CARGA_MEDIA,N3
,0.501,0.4,0.318,1.0,,1787593042970.6775,16.13,-0.08,14.0,0.35,1787593042971.016,False,,,2,OP1,C2_WIFI_CARGA_MEDIA,N3
,0.5,0.399,0.317,1.0,,1787593043006.786,16.095,0.0,13.94,0.35,1787593043006.786,False,,,2,OP1,C2_WIFI_CARGA_MEDIA,N3
,0.5,0.399,0.315,1.0,,1787593043064.941,16.025,0.0,13.94,0.35,1787593043064.941,False,,,2,OP1,C2_WIFI_CARGA_MEDIA,N3
,0.5,0.399,0.315,1.0,,1787593043091.0422,16.025,0.0,13.94,0.35,1787593043091.0422,False,,,2,OP1,C2_WIFI_CARGA_MEDIA,N3
,0.5,0.399,0.316,1.0,,1787593043115.22,16.06,0.0,13.94,0.35,1787593043120.6606,False,,,2,OP1,C2_WIFI_CARGA_MEDIA,N3
,0.501,0.399,0.316,1.0,,1787593043172.8113,16.06,-0.08,13.94,0.35,1787593043172.8113,False,,,2,OP1,C2_WIFI_CARGA_MEDIA,N3
,0.501,0.399,0.314,1.0,,1787593043196.6306,15.99,-0.08,13.94,0.35,1787593043196.6306,False,,,2,OP1,C2_WIFI_CARGA_MEDIA,N3
,0.502,0.399,0.313,1.0,,1787593043219.182,15.955,-0.16,13.94,0.35,1787593043219.182,False,,,2,OP1,C2_WIFI_CARGA_MEDIA,N3
,0.502,0.399,0.312,1.0,,1787593043258.4722,15.92,-0.16,13.94,0.35,1787593043259.2454,False,,,2,OP1,C2_WIFI_CARGA_MEDIA,N3
,0.505,0.399,0.31,1.0,,1787593043307.6616,15.85,-0.4,13.94,0.35,1787593043307.6616,False,,,2,OP1,C2_WIFI_CARGA_MEDIA,N3
,0.507,0.399,0.308,1.0,,1787593043336.2505,15.78,-0.56,13.94,0.35,1787593043343.828,False,,,2,OP1,C2_WIFI_CARGA_MEDIA,N3
,0.508,0.398,0.305,1.0,,1787593043358.7266,15.675,-0.64,13.88,0.35,1787593043358.7266,False,,,2,OP1,C2_WIFI_CARGA_MEDIA,N3
,0.51,0.398,0.303,1.0,,1787593043399.2354,15.605,-0.8,13.88,0.35,1787593043401.2483,False,,,2,OP1,C2_WIFI_CARGA_MEDIA,N3
,0.513,0.396,0.299,1.0,,1787593043441.2534,15.465,-1.04,13.76,0.35,1787593043441.2534,False,,,2,OP1,C2_WIFI_CARGA_MEDIA,N3
,0.513,0.396,0.299,1.0,,1787593043468.681,15.465,-1.04,13.76,0.35,1787593043469.696,False,,,2,OP1,C2_WIFI_CARGA_MEDIA,N3
,0.514,0.396,0.298,1.0,,1787593043508.898,15.43,-1.12,13.76,0.35,1787593043508.898,False,,,2,OP1,C2_WIFI_CARGA_MEDIA,N3
,0.515,0.395,0.3,1.0,,1787593043553.0908,15.5,-1.2,13.7,0.35,1787593043553.0908,False,,,2,OP1,C2_WIFI_CARGA_MEDIA,N3
,0.515,0.394,0.302,1.0,,1787593043584.13,15.57,-1.2,13.64,0.35,1787593043584.13,False,,,2,OP1,C2_WIFI_CARGA_MEDIA,N3
,0.515,0.394,0.303,1.0,,1787593043615.9824,15.605,-1.2,13.64,0.35,1787593043618.2273,False,,,2,OP1,C2_WIFI_CARGA_MEDIA,N3
,0.515,0.393,0.304,1.0,,1787593043667.9675,15.64,-1.2,13.58,0.35,1787593043669.0862,False,,,2,OP1,C2_WIFI_CARGA_MEDIA,N3
,0.515,0.392,0.304,1.0,,1787593043700.9824,15.64,-1.2,13.52,0.35,1787593043700.9824,False,,,2,OP1,C2_WIFI_CARGA_MEDIA,N3
,0.514,0.391,0.306,1.0,,1787593043747.849,15.71,-1.12,13.46,0.35,1787593043747.849,False,,,2,OP1,C2_WIFI_CARGA_MEDIA,N3
,0.514,0.39,0.307,1.0,,1787593043775.0437,15.745,-1.12,13.4,0.35,1787593043776.0613,False,,,2,OP1,C2_WIFI_CARGA_MEDIA,N3
,0.514,0.39,0.308,1.0,,1787593043808.569,15.78,-1.12,13.4,0.35,1787593043808.569,False,,,2,OP1,C2_WIFI_CARGA_MEDIA,N3
,0.514,0.389,0.307,1.0,,1787593043842.6973,15.745,-1.12,13.34,0.35,1787593043844.8252,False,,,2,OP1,C2_WIFI_CARGA_MEDIA,N3
,0.514,0.389,0.308,1.0,,1787593043897.0295,15.78,-1.12,13.34,0.35,1787593043897.0295,False,,,2,OP1,C2_WIFI_CARGA_MEDIA,N3
,0.513,0.389,0.309,1.0,,1787593043926.7517,15.815,-1.04,13.34,0.35,1787593043926.7517,False,,,2,OP1,C2_WIFI_CARGA_MEDIA,N3
,0.514,0.388,0.309,1.0,,1787593043955.69,15.815,-1.12,13.28,0.35,1787593043956.3174,False,,,2,OP1,C2_WIFI_CARGA_MEDIA,N3
,0.513,0.388,0.311,1.0,,1787593044005.3682,15.885,-1.04,13.28,0.35,1787593044006.6968,False,,,2,OP1,C2_WIFI_CARGA_MEDIA,N3
,0.513,0.387,0.311,1.0,,1787593044038.817,15.885,-1.04,13.22,0.35,1787593044038.817,False,,,2,OP1,C2_WIFI_CARGA_MEDIA,N3
,0.512,0.387,0.316,1.0,,1787593044088.0264,16.06,-0.96,13.22,0.35,1787593044089.126,False,,,2,OP1,C2_WIFI_CARGA_MEDIA,N3
,0.511,0.386,0.318,1.0,,1787593044149.1858,16.13,-0.88,13.16,0.35,1787593044149.1858,False,,,2,OP1,C2_WIFI_CARGA_MEDIA,N3
,0.509,0.384,0.32,1.0,,1787593044191.4514,16.2,-0.72,13.04,0.35,1787593044193.4678,False,,,2,OP1,C2_WIFI_CARGA_MEDIA,N3
,0.508,0.383,0.323,1.0,,1787593044231.2502,16.305,-0.64,12.98,0.35,1787593044233.2617,False,,,2,OP1,C2_WIFI_CARGA_MEDIA,N3
,0.507,0.381,0.33,1.0,,1787593044281.2727,16.55,-0.56,12.86,0.35,1787593044281.2727,False,,,2,OP1,C2_WIFI_CARGA_MEDIA,N3
,0.507,0.38,0.334,1.0,,1787593044307.8298,16.69,-0.56,12.8,0.35,1787593044307.8298,False,,,2,OP1,C2_WIFI_CARGA_MEDIA,N3
,0.506,0.379,0.338,1.0,,1787593044344.3406,16.83,-0.48,12.74,0.35,1787593044344.982,False,,,2,OP1,C2_WIFI_CARGA_MEDIA,N3
,0.504,0.378,0.341,1.0,,1787593044388.933,16.935,-0.32,12.68,0.35,1787593044389.713,False,,,2,OP1,C2_WIFI_CARGA_MEDIA,N3
,0.504,0.377,0.342,1.0,,1787593044422.465,16.97,-0.32,12.62,0.35,1787593044422.465,False,,,2,OP1,C2_WIFI_CARGA_MEDIA,N3
,0.503,0.377,0.343,1.0,,1787593044446.9763,17.005,-0.24,12.62,0.35,1787593044446.9763,False,,,2,OP1,C2_WIFI_CARGA_MEDIA,N3
,0.502,0.376,0.346,1.0,,1787593044508.5325,17.11,-0.16,12.56,0.35,1787593044509.5444,False,,,2,OP1,C2_WIFI_CARGA_MEDIA,N3
,0.502,0.377,0.347,1.0,,1787593044540.7712,17.145,-0.16,12.62,0.35,1787593044540.7712,False,,,2,OP1,C2_WIFI_CARGA_MEDIA,N3
,0.502,0.377,0.349,1.0,,1787593044588.8794,17.215,-0.16,12.62,0.35,1787593044588.8794,False,,,2,OP1,C2_WIFI_CARGA_MEDIA,N3
,0.501,0.377,0.35,1.0,,1787593044610.6294,17.25,-0.08,12.62,0.35,1787593044610.6294,False,,,2,OP1,C2_WIFI_CARGA_MEDIA,N3
,0.501,0.377,0.35,1.0,,1787593044650.9724,17.25,-0.08,12.62,0.35,1787593044650.9724,False,,,2,OP1,C2_WIFI_CARGA_MEDIA,N3
,0.501,0.377,0.351,1.0,,1787593044688.6934,17.285,-0.08,12.62,0.35,1787593044690.7007,False,,,2,OP1,C2_WIFI_CARGA_MEDIA,N3
,0.501,0.377,0.351,1.0,,1787593044711.9973,17.285,-0.08,12.62,0.35,1787593044711.9973,False,,,2,OP1,C2_WIFI_CARGA_MEDIA,N3
,0.501,0.377,0.353,1.0,,1787593044754.9214,17.355,-0.08,12.62,0.35,1787593044754.9214,False,,,2,OP1,C2_WIFI_CARGA_MEDIA,N3
,0.501,0.378,0.354,1.0,,1787593044781.5884,17.39,-0.08,12.68,0.35,1787593044781.5884,False,,,2,OP1,C2_WIFI_CARGA_MEDIA,N3
,0.501,0.379,0.354,1.0,,1787593044845.1926,17.39,-0.08,12.74,0.35,1787593044845.1926,False,,,2,OP1,C2_WIFI_CARGA_MEDIA,N3
,0.501,0.379,0.353,1.0,,1787593044893.4646,17.355,-0.08,12.74,0.35,1787593044894.2483,False,,,2,OP1,C2_WIFI_CARGA_MEDIA,N3
,0.501,0.379,0.353,1.0,,1787593044919.3618,17.355,-0.08,12.74,0.35,1787593044919.3618,False,,,2,OP1,C2_WIFI_CARGA_MEDIA,N3
,0.501,0.38,0.352,1.0,,1787593044953.3767,17.32,-0.08,12.8,0.35,1787593044953.3767,False,,,2,OP1,C2_WIFI_CARGA_MEDIA,N3
,0.501,0.38,0.352,1.0,,1787593044983.531,17.32,-0.08,12.8,0.35,1787593044983.531,False,,,2,OP1,C2_WIFI_CARGA_MEDIA,N3
,0.502,0.38,0.352,1.0,,1787593045024.2356,17.32,-0.16,12.8,0.35,1787593045024.2356,False,,,2,OP1,C2_WIFI_CARGA_MEDIA,N3
,0.502,0.381,0.351,1.0,,1787593045049.3984,17.285,-0.16,12.86,0.35,1787593045049.3984,False,,,2,OP1,C2_WIFI_CARGA_MEDIA,N3
,0.502,0.381,0.351,1.0,,1787593045090.6177,17.285,-0.16,12.86,0.35,1787593045090.6177,False,,,2,OP1,C2_WIFI_CARGA_MEDIA,N3
,0.503,0.381,0.35,1.0,,1787593045121.4194,17.25,-0.24,12.86,0.35,1787593045121.4194,False,,,2,OP1,C2_WIFI_CARGA_MEDIA,N3
,0.503,0.382,0.35,1.0,,1787593045147.1426,17.25,-0.24,12.92,0.35,1787593045149.2317,False,,,2,OP1,C2_WIFI_CARGA_MEDIA,N3
,0.503,0.382,0.349,1.0,,1787593045172.985,17.215,-0.24,12.92,0.35,1787593045179.7913,False,,,2,OP1,C2_WIFI_CARGA_MEDIA,N3
,0.502,0.384,0.347,1.0,,1787593045225.7417,17.145,-0.16,13.04,0.35,1787593045225.7417,False,,,2,OP1,C2_WIFI_CARGA_MEDIA,N3
,0.502,0.384,0.347,1.0,,1787593045249.5576,17.145,-0.16,13.04,0.35,1787593045249.5576,False,,,2,OP1,C2_WIFI_CARGA_MEDIA,N3
,0.502,0.385,0.346,1.0,,1787593045289.9072,17.11,-0.16,13.1,0.35,1787593045291.912,False,,,2,OP1,C2_WIFI_CARGA_MEDIA,N3
,0.502,0.385,0.346,1.0,,1787593045317.957,17.11,-0.16,13.1,0.35,1787593045318.5972,False,,,2,OP1,C2_WIFI_CARGA_MEDIA,N3
,0.502,0.386,0.345,1.0,,1787593045347.1106,17.075,-0.16,13.16,0.35,1787593045347.6904,False,,,2,OP1,C2_WIFI_CARGA_MEDIA,N3
,0.501,0.387,0.345,1.0,,1787593045394.5066,17.075,-0.08,13.22,0.35,1787593045394.5066,False,,,2,OP1,C2_WIFI_CARGA_MEDIA,N3
,0.502,0.387,0.345,1.0,,1787593045429.3706,17.075,-0.16,13.22,0.35,1787593045429.731,False,,,2,OP1,C2_WIFI_CARGA_MEDIA,N3
,0.502,0.387,0.345,1.0,,1787593045452.2097,17.075,-0.16,13.22,0.35,1787593045453.2732,False,,,2,OP1,C2_WIFI_CARGA_MEDIA,N3
,0.501,0.387,0.345,1.0,,1787593045487.6558,17.075,-0.08,13.22,0.35,1787593045487.6558,False,,,2,OP1,C2_WIFI_CARGA_MEDIA,N3
,0.501,0.388,0.345,1.0,,1787593045529.1938,17.075,-0.08,13.28,0.35,1787593045529.1938,False,,,2,OP1,C2_WIFI_CARGA_MEDIA,N3
,0.501,0.388,0.346,1.0,,1787593045552.059,17.11,-0.08,13.28,0.35,1787593045554.0537,False,,,2,OP1,C2_WIFI_CARGA_MEDIA,N3
,0.501,0.388,0.345,1.0,,1787593045594.2715,17.075,-0.08,13.28,0.35,1787593045594.2715,False,,,2,OP1,C2_WIFI_CARGA_MEDIA,N3
,0.501,0.389,0.345,1.0,,1787593045624.875,17.075,-0.08,13.34,0.35,1787593045624.875,False,,,2,OP1,C2_WIFI_CARGA_MEDIA,N3
,0.501,0.389,0.345,1.0,,1787593045651.071,17.075,-0.08,13.34,0.35,1787593045651.071,False,,,2,OP1,C2_WIFI_CARGA_MEDIA,N3
,0.501,0.389,0.346,1.0,,1787593045696.942,17.11,-0.08,13.34,0.35,1787593045696.942,False,,,2,OP1,C2_WIFI_CARGA_MEDIA,N3
,0.501,0.389,0.347,1.0,,1787593045730.5112,17.145,-0.08,13.34,0.35,1787593045730.5112,False,,,2,OP1,C2_WIFI_CARGA_MEDIA,N3
,0.501,0.39,0.347,1.0,,1787593045753.8982,17.145,-0.08,13.4,0.35,1787593045754.2795,False,,,2,OP1,C2_WIFI_CARGA_MEDIA,N3
,0.5,0.39,0.348,1.0,,1787593045791.6897,17.18,0.0,13.4,0.35,1787593045791.6897,False,,,2,OP1,C2_WIFI_CARGA_MEDIA,N3
,0.5,0.39,0.348,1.0,,1787593045847.1606,17.18,0.0,13.4,0.35,1787593045847.1606,False,,,2,OP1,C2_WIFI_CARGA_MEDIA,N3
,0.499,0.39,0.349,1.0,,1787593045896.7998,17.215,0.08,13.4,0.35,1787593045898.0732,False,,,2,OP1,C2_WIFI_CARGA_MEDIA,N3
,0.498,0.39,0.35,1.0,,1787593045929.095,17.25,0.16,13.4,0.35,1787593045929.095,False,,,2,OP1,C2_WIFI_CARGA_MEDIA,N3
,0.497,0.39,0.35,1.0,,1787593045952.914,17.25,0.24,13.4,0.35,1787593045952.914,False,,,2,OP1,C2_WIFI_CARGA_MEDIA,N3
,0.497,0.389,0.351,1.0,,1787593045987.1018,17.285,0.24,13.34,0.35,1787593045987.808,False,,,2,OP1,C2_WIFI_CARGA_MEDIA,N3
,0.495,0.388,0.355,1.0,,1787593046020.3342,17.425,0.4,13.28,0.35,1787593046021.3413,False,,,2,OP1,C2_WIFI_CARGA_MEDIA,N3
,0.495,0.388,0.357,1.0,,1787593046055.123,17.495,0.4,13.28,0.35,1787593046056.2256,False,,,2,OP1,C2_WIFI_CARGA_MEDIA,N3
,0.494,0.387,0.359,1.0,,1787593046098.9883,17.565,0.48,13.22,0.35,1787593046099.536,False,,,2,OP1,C2_WIFI_CARGA_MEDIA,N3
,0.494,0.387,0.36,1.0,,1787593046127.3733,17.6,0.48,13.22,0.35,1787593046127.3733,False,,,2,OP1,C2_WIFI_CARGA_MEDIA,N3
,0.493,0.386,0.359,1.0,,1787593046154.6775,17.565,0.56,13.16,0.35,1787593046155.692,False,,,2,OP1,C2_WIFI_CARGA_MEDIA,N3
,0.492,0.386,0.359,1.0,,1787593046270.4963,17.565,0.64,13.16,0.35,1787593046270.4963,False,,,2,OP1,C2_WIFI_CARGA_MEDIA,N3
,0.49,0.385,0.361,1.0,,1787593046307.889,17.635,0.8,13.1,0.35,1787593046308.8457,False,,,2,OP1,C2_WIFI_CARGA_MEDIA,N3
,0.49,0.385,0.362,1.0,,1787593046330.1262,17.67,0.8,13.1,0.35,1787593046330.1262,False,,,2,OP1,C2_WIFI_CARGA_MEDIA,N3
,0.489,0.385,0.362,1.0,,1787593046367.4863,17.67,0.88,13.1,0.35,1787593046367.4863,False,,,2,OP1,C2_WIFI_CARGA_MEDIA,N3
,0.489,0.384,0.363,1.0,,1787593046396.9043,17.705,0.88,13.04,0.35,1787593046396.9043,False,,,2,OP1,C2_WIFI_CARGA_MEDIA,N3
,0.488,0.384,0.364,1.0,,1787593046427.552,17.74,0.96,13.04,0.35,1787593046427.552,False,,,2,OP1,C2_WIFI_CARGA_MEDIA,N3
,0.488,0.384,0.364,1.0,,1787593046457.0483,17.74,0.96,13.04,0.35,1787593046460.3196,False,,,2,OP1,C2_WIFI_CARGA_MEDIA,N3
,0.487,0.384,0.364,1.0,,1787593046488.334,17.74,1.04,13.04,0.35,1787593046489.3318,False,,,2,OP1,C2_WIFI_CARGA_MEDIA,N3
,0.485,0.383,0.365,1.0,,1787593046528.069,17.775,1.2,12.98,0.35,1787593046528.069,False,,,2,OP1,C2_WIFI_CARGA_MEDIA,N3
,0.485,0.383,0.364,1.0,,1787593046558.1592,17.74,1.2,12.98,0.35,1787593046559.1558,False,,,2,OP1,C2_WIFI_CARGA_MEDIA,N3
,0.484,0.383,0.364,1.0,,1787593046599.2878,17.74,1.28,12.98,0.35,1787593046601.295,False,,,2,OP1,C2_WIFI_CARGA_MEDIA,N3
,0.483,0.383,0.364,1.0,,1787593046629.0254,17.74,1.36,12.98,0.35,1787593046629.0254,False,,,2,OP1,C2_WIFI_CARGA_MEDIA,N3
,0.483,0.383,0.364,1.0,,1787593046659.2285,17.74,1.36,12.98,0.35,1787593046660.077,False,,,2,OP1,C2_WIFI_CARGA_MEDIA,N3
,0.483,0.383,0.364,1.0,,1787593046697.174,17.74,1.36,12.98,0.35,1787593046697.174,False,,,2,OP1,C2_WIFI_CARGA_MEDIA,N3
,0.483,0.384,0.363,1.0,,1787593046729.9497,17.705,1.36,13.04,0.35,1787593046729.9497,False,,,2,OP1,C2_WIFI_CARGA_MEDIA,N3
,0.483,0.383,0.362,1.0,,1787593046759.3723,17.67,1.36,12.98,0.35,1787593046760.3862,False,,,2,OP1,C2_WIFI_CARGA_MEDIA,N3
,0.483,0.383,0.362,1.0,,1787593046793.9097,17.67,1.36,12.98,0.35,1787593046795.2212,False,,,2,OP1,C2_WIFI_CARGA_MEDIA,N3
,0.484,0.383,0.36,1.0,,1787593046837.2812,17.6,1.28,12.98,0.35,1787593046837.2812,False,,,2,OP1,C2_WIFI_CARGA_MEDIA,N3
,0.485,0.382,0.36,1.0,,1787593046872.75,17.6,1.2,12.92,0.35,1787593046872.75,False,,,2,OP1,C2_WIFI_CARGA_MEDIA,N3
,0.485,0.382,0.359,1.0,,1787593046895.5254,17.565,1.2,12.92,0.35,1787593046897.1418,False,,,2,OP1,C2_WIFI_CARGA_MEDIA,N3
,0.485,0.381,0.358,1.0,,1787593047036.5403,17.53,1.2,12.86,0.35,1787593047043.1912,False,,,2,OP1,C2_WIFI_CARGA_MEDIA,N3
,0.487,0.381,0.357,1.0,,1787593047072.848,17.495,1.04,12.86,0.35,1787593047073.3936,False,,,2,OP1,C2_WIFI_CARGA_MEDIA,N3
,0.487,0.381,0.357,1.0,,1787593047095.579,17.495,1.04,12.86,0.35,1787593047097.1587,False,,,2,OP1,C2_WIFI_CARGA_MEDIA,N3
,0.488,0.382,0.356,1.0,,1787593047115.8157,17.46,0.96,12.92,0.35,1787593047130.1265,False,,,2,OP1,C2_WIFI_CARGA_MEDIA,N3
,0.491,0.383,0.351,1.0,,1787593047173.067,17.285,0.72,12.98,0.35,1787593047173.067,False,,,2,OP1,C2_WIFI_CARGA_MEDIA,N3
,0.493,0.384,0.347,1.0,,1787593047196.9224,17.145,0.56,13.04,0.35,1787593047196.9224,False,,,2,OP1,C2_WIFI_CARGA_MEDIA,N3
,0.495,0.387,0.341,1.0,,1787593047238.9636,16.935,0.4,13.22,0.35,1787593047240.9714,False,,,2,OP1,C2_WIFI_CARGA_MEDIA,N3
,0.497,0.389,0.336,1.0,,1787593047268.1648,16.76,0.24,13.34,0.35,1787593047268.7815,False,,,2,OP1,C2_WIFI_CARGA_MEDIA,N3
,0.499,0.39,0.331,1.0,,1787593047314.1775,16.585,0.08,13.4,0.35,1787593047314.1775,False,,,2,OP1,C2_WIFI_CARGA_MEDIA,N3
,0.499,0.39,0.332,1.0,,1787593047477.3826,16.62,0.08,13.4,0.35,1787593047477.3826,False,,,2,OP1,C2_WIFI_CARGA_MEDIA,N3
,0.5,0.388,0.334,1.0,,1787593047500.7925,16.69,0.0,13.28,0.35,1787593047502.885,False,,,2,OP1,C2_WIFI_CARGA_MEDIA,N3
,0.501,0.387,0.335,1.0,,1787593047552.3762,16.725,-0.08,13.22,0.35,1787593047552.3762,False,,,2,OP1,C2_WIFI_CARGA_MEDIA,N3
,0.501,0.386,0.337,1.0,,1787593047603.1926,16.795,-0.08,13.16,0.35,1787593047604.2583,False,,,2,OP1,C2_WIFI_CARGA_MEDIA,N3
,0.502,0.385,0.338,1.0,,1787593047647.4067,16.83,-0.16,13.1,0.35,1787593047647.4067,False,,,2,OP1,C2_WIFI_CARGA_MEDIA,N3
,0.502,0.384,0.339,1.0,,1787593047812.1267,16.865,-0.16,13.04,0.35,1787593047813.5413,False,,,2,OP1,C2_WIFI_CARGA_MEDIA,N3
,0.503,0.384,0.345,1.0,,1787593047839.7163,17.075,-0.24,13.04,0.35,1787593047839.7163,False,,,2,OP1,C2_WIFI_CARGA_MEDIA,N3
,0.502,0.384,0.345,1.0,,1787593047872.111,17.075,-0.16,13.04,0.35,1787593047872.111,False,,,2,OP1,C2_WIFI_CARGA_MEDIA,N3
,0.502,0.384,0.345,1.0,,1787593047906.264,17.075,-0.16,13.04,0.35,1787593047906.264,False,,,2,OP1,C2_WIFI_CARGA_MEDIA,N3
,0.503,0.384,0.347,1.0,,1787593047936.327,17.145,-0.24,13.04,0.35,1787593047938.337,False,,,2,OP1,C2_WIFI_CARGA_MEDIA,N3
,0.503,0.383,0.347,1.0,,1787593047964.407,17.145,-0.24,12.98,0.35,1787593047964.9834,False,,,2,OP1,C2_WIFI_CARGA_MEDIA,N3
,0.503,0.382,0.35,1.0,,1787593047997.142,17.25,-0.24,12.92,0.35,1787593047997.142,False,,,2,OP1,C2_WIFI_CARGA_MEDIA,N3
,0.503,0.381,0.35,1.0,,1787593048046.8196,17.25,-0.24,12.86,0.35,1787593048046.8196,False,,,2,OP1,C2_WIFI_CARGA_MEDIA,N3
,0.502,0.38,0.352,1.0,,1787593048090.5933,17.32,-0.16,12.8,0.35,1787593048091.32,False,,,2,OP1,C2_WIFI_CARGA_MEDIA,N3
,0.502,0.38,0.351,1.0,,1787593048116.7976,17.285,-0.16,12.8,0.35,1787593048117.861,False,,,2,OP1,C2_WIFI_CARGA_MEDIA,N3
,0.502,0.38,0.351,1.0,,1787593048151.4329,17.285,-0.16,12.8,0.35,1787593048161.8335,False,,,2,OP1,C2_WIFI_CARGA_MEDIA,N3
,0.501,0.38,0.349,1.0,,1787593048201.6523,17.215,-0.08,12.8,0.35,1787593048201.6523,False,,,2,OP1,C2_WIFI_CARGA_MEDIA,N3
,0.501,0.379,0.35,1.0,,1787593048233.8838,17.25,-0.08,12.74,0.35,1787593048235.603,False,,,2,OP1,C2_WIFI_CARGA_MEDIA,N3
,0.501,0.379,0.35,1.0,,1787593048270.2388,17.25,-0.08,12.74,0.35,1787593048271.5308,False,,,2,OP1,C2_WIFI_CARGA_MEDIA,N3
,0.501,0.379,0.35,1.0,,1787593048313.2883,17.25,-0.08,12.74,0.35,1787593048313.2883,False,,,2,OP1,C2_WIFI_CARGA_MEDIA,N3
,0.501,0.379,0.349,1.0,,1787593048336.846,17.215,-0.08,12.74,0.35,1787593048336.846,False,,,2,OP1,C2_WIFI_CARGA_MEDIA,N3
,0.501,0.38,0.349,1.0,,1787593048382.9187,17.215,-0.08,12.8,0.35,1787593048382.9187,False,,,2,OP1,C2_WIFI_CARGA_MEDIA,N3
,0.501,0.38,0.349,1.0,,1787593048409.5676,17.215,-0.08,12.8,0.35,1787593048409.5676,False,,,2,OP1,C2_WIFI_CARGA_MEDIA,N3
,0.5,0.379,0.349,1.0,,1787593048438.5493,17.215,0.0,12.74,0.35,1787593048440.1416,False,,,2,OP1,C2_WIFI_CARGA_MEDIA,N3
,0.5,0.379,0.349,1.0,,1787593048480.2424,17.215,0.0,12.74,0.35,1787593048480.2424,False,,,2,OP1,C2_WIFI_CARGA_MEDIA,N3
,0.501,0.379,0.349,1.0,,1787593048520.991,17.215,-0.08,12.74,0.35,1787593048520.991,False,,,2,OP1,C2_WIFI_CARGA_MEDIA,N3
,0.501,0.378,0.349,1.0,,1787593048542.255,17.215,-0.08,12.68,0.35,1787593048544.0989,False,,,2,OP1,C2_WIFI_CARGA_MEDIA,N3
,0.501,0.378,0.349,1.0,,1787593048577.1204,17.215,-0.08,12.68,0.35,1787593048577.1204,False,,,2,OP1,C2_WIFI_CARGA_MEDIA,N3
,0.501,0.378,0.35,1.0,,1787593048633.535,17.25,-0.08,12.68,0.35,1787593048634.5427,False,,,2,OP1,C2_WIFI_CARGA_MEDIA,N3
,0.5,0.378,0.352,1.0,,1787593048685.4963,17.32,0.0,12.68,0.35,1787593048685.4963,False,,,2,OP1,C2_WIFI_CARGA_MEDIA,N3
,0.5,0.379,0.353,1.0,,1787593048737.796,17.355,0.0,12.74,0.35,1787593048737.796,False,,,2,OP1,C2_WIFI_CARGA_MEDIA,N3
,0.499,0.38,0.353,1.0,,1787593048769.7195,17.355,0.08,12.8,0.35,1787593048773.5518,False,,,2,OP1,C2_WIFI_CARGA_MEDIA,N3
,0.499,0.38,0.352,1.0,,1787593048938.1086,17.32,0.08,12.8,0.35,1787593048940.12,False,,,2,OP1,C2_WIFI_CARGA_MEDIA,N3
,0.497,0.38,0.355,1.0,,1787593048966.4866,17.425,0.24,12.8,0.35,1787593048966.9714,False,,,2,OP1,C2_WIFI_CARGA_MEDIA,N3
,0.496,0.38,0.356,1.0,,1787593049001.1936,17.46,0.32,12.8,0.35,1787593049001.1936,False,,,2,OP1,C2_WIFI_CARGA_MEDIA,N3
,0.496,0.38,0.355,1.0,,1787593049048.9756,17.425,0.32,12.8,0.35,1787593049050.362,False,,,2,OP1,C2_WIFI_CARGA_MEDIA,N3
,0.497,0.38,0.354,1.0,,1787593049075.0322,17.39,0.24,12.8,0.35,1787593049075.0322,False,,,2,OP1,C2_WIFI_CARGA_MEDIA,N3
,0.497,0.381,0.352,1.0,,1787593049131.057,17.32,0.24,12.86,0.35,1787593049131.9102,False,,,2,OP1,C2_WIFI_CARGA_MEDIA,N3
,0.496,0.381,0.35,1.0,,1787593049152.1672,17.25,0.32,12.86,0.35,1787593049153.1685,False,,,2,OP1,C2_WIFI_CARGA_MEDIA,N3
,0.496,0.381,0.347,1.0,,1787593049189.286,17.145,0.32,12.86,0.35,1787593049191.2954,False,,,2,OP1,C2_WIFI_CARGA_MEDIA,N3
,0.496,0.382,0.341,1.0,,1787593049229.6238,16.935,0.32,12.92,0.35,1787593049229.6238,False,,,2,OP1,C2_WIFI_CARGA_MEDIA,N3
,0.496,0.382,0.336,1.0,,1787593049255.1096,16.76,0.32,12.92,0.35,1787593049255.1096,False,,,2,OP1,C2_WIFI_CARGA_MEDIA,N3
,0.497,0.382,0.333,1.0,,1787593049299.5803,16.655,0.24,12.92,0.35,1787593049301.59,False,,,2,OP1,C2_WIFI_CARGA_MEDIA,N3
,0.498,0.382,0.33,1.0,,1787593049356.3433,16.55,0.16,12.92,0.35,1787593049356.3433,False,,,2,OP1,C2_WIFI_CARGA_MEDIA,N3
,0.498,0.382,0.328,1.0,,1787593049383.9648,16.48,0.16,12.92,0.35,1787593049383.9648,False,,,2,OP1,C2_WIFI_CARGA_MEDIA,N3
,0.499,0.382,0.327,1.0,,1787593049409.027,16.445,0.08,12.92,0.35,1787593049414.8608,False,,,2,OP1,C2_WIFI_CARGA_MEDIA,N3
,0.5,0.381,0.325,1.0,,1787593049459.6577,16.375,0.0,12.86,0.35,1787593049459.6577,False,,,2,OP1,C2_WIFI_CARGA_MEDIA,N3
,0.5,0.381,0.324,1.0,,1787593049497.027,16.34,0.0,12.86,0.35,1787593049497.027,False,,,2,OP1,C2_WIFI_CARGA_MEDIA,N3
,0.5,0.381,0.324,1.0,,1787593049518.5564,16.34,0.0,12.86,0.35,1787593049519.272,False,,,2,OP1,C2_WIFI_CARGA_MEDIA,N3
,0.5,0.381,0.323,1.0,,1787593049550.7654,16.305,0.0,12.86,0.35,1787593049553.5366,False,,,2,OP1,C2_WIFI_CARGA_MEDIA,N3
,0.5,0.381,0.321,1.0,,1787593049599.2349,16.235,0.0,12.86,0.35,1787593049599.2349,False,,,2,OP1,C2_WIFI_CARGA_MEDIA,N3
,0.499,0.381,0.319,1.0,,1787593049659.6296,16.165,0.08,12.86,0.35,1787593049660.827,False,,,2,OP1,C2_WIFI_CARGA_MEDIA,N3
,0.499,0.382,0.318,1.0,,1787593049690.5842,16.13,0.08,12.92,0.35,1787593049690.5842,False,,,2,OP1,C2_WIFI_CARGA_MEDIA,N3
,0.498,0.382,0.319,1.0,,1787593049733.3972,16.165,0.16,12.92,0.35,1787593049733.3972,False,,,2,OP1,C2_WIFI_CARGA_MEDIA,N3
,0.498,0.382,0.319,1.0,,1787593049755.9224,16.165,0.16,12.92,0.35,1787593049755.9224,False,,,2,OP1,C2_WIFI_CARGA_MEDIA,N3
,0.497,0.382,0.319,1.0,,1787593049796.939,16.165,0.24,12.92,0.35,1787593049796.939,False,,,2,OP1,C2_WIFI_CARGA_MEDIA,N3
,0.497,0.382,0.318,1.0,,1787593049826.823,16.13,0.24,12.92,0.35,1787593049826.823,False,,,2,OP1,C2_WIFI_CARGA_MEDIA,N3
,0.497,0.382,0.318,1.0,,1787593049851.994,16.13,0.24,12.92,0.35,1787593049854.1072,False,,,2,OP1,C2_WIFI_CARGA_MEDIA,N3
,0.496,0.382,0.317,1.0,,1787593049885.8909,16.095,0.32,12.92,0.35,1787593049887.2395,False,,,2,OP1,C2_WIFI_CARGA_MEDIA,N3
,0.495,0.383,0.316,1.0,,1787593049935.4883,16.06,0.4,12.98,0.35,1787593049935.4883,False,,,2,OP1,C2_WIFI_CARGA_MEDIA,N3
,0.495,0.383,0.316,1.0,,1787593049957.1868,16.06,0.4,12.98,0.35,1787593049957.1868,False,,,2,OP1,C2_WIFI_CARGA_MEDIA,N3
,0.494,0.383,0.317,1.0,,1787593049996.782,16.095,0.48,12.98,0.35,1787593049997.8022,False,,,2,OP1,C2_WIFI_CARGA_MEDIA,N3
,0.494,0.383,0.317,1.0,,1787593050038.29,16.095,0.48,12.98,0.35,1787593050038.29,False,,,2,OP1,C2_WIFI_CARGA_MEDIA,N3
,0.493,0.384,0.318,1.0,,1787593050206.0496,16.13,0.56,13.04,0.35,1787593050207.0,False,,,2,OP1,C2_WIFI_CARGA_MEDIA,N3
,0.492,0.384,0.32,1.0,,1787593050247.17,16.2,0.64,13.04,0.35,1787593050247.17,False,,,2,OP1,C2_WIFI_CARGA_MEDIA,N3
,0.492,0.384,0.318,1.0,,1787593050297.744,16.13,0.64,13.04,0.35,1787593050297.744,False,,,2,OP1,C2_WIFI_CARGA_MEDIA,N3
,0.491,0.385,0.318,1.0,,1787593050320.588,16.13,0.72,13.1,0.35,1787593050320.588,False,,,2,OP1,C2_WIFI_CARGA_MEDIA,N3
,0.491,0.385,0.317,1.0,,1787593050357.1147,16.095,0.72,13.1,0.35,1787593050359.1394,False,,,2,OP1,C2_WIFI_CARGA_MEDIA,N3
,0.49,0.386,0.314,1.0,,1787593050398.8948,15.99,0.8,13.16,0.35,1787593050398.8948,False,,,2,OP1,C2_WIFI_CARGA_MEDIA,N3
,0.49,0.386,0.313,1.0,,1787593050423.0151,15.955,0.8,13.16,0.35,1787593050423.0151,False,,,2,OP1,C2_WIFI_CARGA_MEDIA,N3
,0.49,0.387,0.311,1.0,,1787593050465.6533,15.885,0.8,13.22,0.35,1787593050465.6533,False,,,2,OP1,C2_WIFI_CARGA_MEDIA,N3
,0.49,0.387,0.309,1.0,,1787593050498.1038,15.815,0.8,13.22,0.35,1787593050498.1038,False,,,2,OP1,C2_WIFI_CARGA_MEDIA,N3
,0.491,0.387,0.306,1.0,,1787593050547.6335,15.71,0.72,13.22,0.35,1787593050547.6335,False,,,2,OP1,C2_WIFI_CARGA_MEDIA,N3
,0.492,0.387,0.306,1.0,,1787593050572.3362,15.71,0.64,13.22,0.35,1787593050574.267,False,,,2,OP1,C2_WIFI_CARGA_MEDIA,N3
,0.493,0.387,0.306,1.0,,1787593050720.031,15.71,0.56,13.22,0.35,1787593050721.1462,False,,,2,OP1,C2_WIFI_CARGA_MEDIA,N3
,0.496,0.385,0.305,1.0,,1787593050771.671,15.675,0.32,13.1,0.35,1787593050772.8345,False,,,2,OP1,C2_WIFI_CARGA_MEDIA,N3
,0.496,0.385,0.303,1.0,,1787593050805.8284,15.605,0.32,13.1,0.35,1787593050805.8284,False,,,2,OP1,C2_WIFI_CARGA_MEDIA,N3
,0.498,0.384,0.302,1.0,,1787593050853.1108,15.57,0.16,13.04,0.35,1787593050853.1108,False,,,2,OP1,C2_WIFI_CARGA_MEDIA,N3
,0.498,0.384,0.301,1.0,,1787593050877.4973,15.535,0.16,13.04,0.35,1787593050878.4954,False,,,2,OP1,C2_WIFI_CARGA_MEDIA,N3
,0.499,0.384,0.3,1.0,,1787593050915.7454,15.5,0.08,13.04,0.35,1787593050917.7524,False,,,2,OP1,C2_WIFI_CARGA_MEDIA,N3
,0.499,0.383,0.299,1.0,,1787593050971.9026,15.465,0.08,12.98,0.35,1787593050971.9026,False,,,2,OP1,C2_WIFI_CARGA_MEDIA,N3
,0.5,0.383,0.3,1.0,,1787593050997.017,15.5,0.0,12.98,0.35,1787593050997.017,False,,,2,OP1,C2_WIFI_CARGA_MEDIA,N3
,0.5,0.384,0.298,1.0,,1787593051056.063,15.43,0.0,13.04,0.35,1787593051058.078,False,,,2,OP1,C2_WIFI_CARGA_MEDIA,N3
,0.5,0.385,0.297,1.0,,1787593051108.984,15.395,0.0,13.1,0.35,1787593051108.984,False,,,2,OP1,C2_WIFI_CARGA_MEDIA,N3
,0.501,0.385,0.296,1.0,,1787593051167.4128,15.36,-0.08,13.1,0.35,1787593051167.4128,False,,,2,OP1,C2_WIFI_CARGA_MEDIA,N3
,0.501,0.386,0.294,1.0,,1787593051188.6553,15.29,-0.08,13.16,0.35,1787593051188.6553,False,,,2,OP1,C2_WIFI_CARGA_MEDIA,N3
,0.501,0.386,0.293,1.0,,1787593051214.1472,15.255,-0.08,13.16,0.35,1787593051215.6536,False,,,2,OP1,C2_WIFI_CARGA_MEDIA,N3
,0.502,0.386,0.291,1.0,,1787593051243.3186,15.185,-0.16,13.16,0.35,1787593051243.995,False,,,2,OP1,C2_WIFI_CARGA_MEDIA,N3
,0.502,0.387,0.29,1.0,,1787593051267.5332,15.15,-0.16,13.22,0.35,1787593051267.5332,False,,,2,OP1,C2_WIFI_CARGA_MEDIA,N3
,0.503,0.387,0.29,1.0,,1787593051306.077,15.15,-0.24,13.22,0.35,1787593051308.0854,False,,,2,OP1,C2_WIFI_CARGA_MEDIA,N3
,0.504,0.389,0.289,1.0,,1787593051338.0444,15.115,-0.32,13.34,0.35,1787593051338.0444,False,,,2,OP1,C2_WIFI_CARGA_MEDIA,N3
,0.505,0.39,0.288,1.0,,1787593051369.3066,15.08,-0.4,13.4,0.35,1787593051369.3066,False,,,2,OP1,C2_WIFI_CARGA_MEDIA,N3
,0.505,0.391,0.288,1.0,,1787593051408.5808,15.08,-0.4,13.46,0.35,1787593051408.5808,False,,,2,OP1,C2_WIFI_CARGA_MEDIA,N3
,0.506,0.391,0.288,1.0,,1787593051430.5547,15.08,-0.48,13.46,0.35,1787593051431.4475,False,,,2,OP1,C2_WIFI_CARGA_MEDIA,N3
,0.506,0.392,0.289,1.0,,1787593051472.827,15.115,-0.48,13.52,0.35,1787593051472.827,False,,,2,OP1,C2_WIFI_CARGA_MEDIA,N3
,0.507,0.393,0.29,1.0,,1787593051497.829,15.15,-0.56,13.58,0.35,1787593051497.829,False,,,2,OP1,C2_WIFI_CARGA_MEDIA,N3
,0.508,0.394,0.293,1.0,,1787593051548.9011,15.255,-0.64,13.64,0.35,1787593051548.9011,False,,,2,OP1,C2_WIFI_CARGA_MEDIA,N3
,0.508,0.395,0.294,1.0,,1787593051570.621,15.29,-0.64,13.7,0.35,1787593051570.621,False,,,2,OP1,C2_WIFI_CARGA_MEDIA,N3
,0.508,0.395,0.294,1.0,,1787593051612.4023,15.29,-0.64,13.7,0.35,1787593051612.4023,False,,,2,OP1,C2_WIFI_CARGA_MEDIA,N3
,0.508,0.395,0.297,1.0,,1787593051667.636,15.395,-0.64,13.7,0.35,1787593051667.636,False,,,2,OP1,C2_WIFI_CARGA_MEDIA,N3
,0.508,0.394,0.3,1.0,,1787593051709.621,15.5,-0.64,13.64,0.35,1787593051709.621,False,,,2,OP1,C2_WIFI_CARGA_MEDIA,N3
,0.508,0.393,0.302,1.0,,1787593051736.8984,15.57,-0.64,13.58,0.35,1787593051738.9043,False,,,2,OP1,C2_WIFI_CARGA_MEDIA,N3
,0.508,0.392,0.303,1.0,,1787593051773.5051,15.605,-0.64,13.52,0.35,1787593051773.5051,False,,,2,OP1,C2_WIFI_CARGA_MEDIA,N3
,0.508,0.392,0.304,1.0,,1787593051794.7314,15.64,-0.64,13.52,0.35,1787593051796.7246,False,,,2,OP1,C2_WIFI_CARGA_MEDIA,N3
,0.507,0.392,0.304,1.0,,1787593051834.952,15.64,-0.56,13.52,0.35,1787593051834.952,False,,,2,OP1,C2_WIFI_CARGA_MEDIA,N3
,0.507,0.392,0.306,1.0,,1787593051884.6072,15.71,-0.56,13.52,0.35,1787593051884.6072,False,,,2,OP1,C2_WIFI_CARGA_MEDIA,N3
,0.506,0.391,0.306,1.0,,1787593051916.3528,15.71,-0.48,13.46,0.35,1787593051916.3528,False,,,2,OP1,C2_WIFI_CARGA_MEDIA,N3
,0.506,0.391,0.306,1.0,,1787593051936.984,15.71,-0.48,13.46,0.35,1787593051938.8357,False,,,2,OP1,C2_WIFI_CARGA_MEDIA,N3
,0.506,0.391,0.307,1.0,,1787593051972.395,15.745,-0.48,13.46,0.35,1787593051972.395,False,,,2,OP1,C2_WIFI_CARGA_MEDIA,N3
,0.506,0.391,0.308,1.0,,1787593052019.3923,15.78,-0.48,13.46,0.35,1787593052032.1587,False,,,2,OP1,C2_WIFI_CARGA_MEDIA,N3
,0.506,0.391,0.309,1.0,,1787593052081.2273,15.815,-0.48,13.46,0.35,1787593052081.2273,False,,,2,OP1,C2_WIFI_CARGA_MEDIA,N3
,0.507,0.391,0.31,1.0,,1787593052114.5525,15.85,-0.56,13.46,0.35,1787593052115.6802,False,,,2,OP1,C2_WIFI_CARGA_MEDIA,N3
,0.507,0.391,0.312,1.0,,1787593052168.8506,15.92,-0.56,13.46,0.35,1787593052168.8506,False,,,2,OP1,C2_WIFI_CARGA_MEDIA,N3
,0.507,0.39,0.312,1.0,,1787593052189.5771,15.92,-0.56,13.4,0.35,1787593052189.5771,False,,,2,OP1,C2_WIFI_CARGA_MEDIA,N3
,0.506,0.389,0.315,1.0,,1787593052233.103,16.025,-0.48,13.34,0.35,1787593052233.103,False,,,2,OP1,C2_WIFI_CARGA_MEDIA,N3
,0.506,0.389,0.315,1.0,,1787593052280.9695,16.025,-0.48,13.34,0.35,1787593052281.5613,False,,,2,OP1,C2_WIFI_CARGA_MEDIA,N3
,0.505,0.388,0.317,1.0,,1787593052327.9634,16.095,-0.4,13.28,0.35,1787593052328.524,False,,,2,OP1,C2_WIFI_CARGA_MEDIA,N3
,0.505,0.387,0.318,1.0,,1787593052353.0845,16.13,-0.4,13.22,0.35,1787593052353.0845,False,,,2,OP1,C2_WIFI_CARGA_MEDIA,N3
,0.505,0.387,0.322,1.0,,1787593052392.1902,16.27,-0.4,13.22,0.35,1787593052392.848,False,,,2,OP1,C2_WIFI_CARGA_MEDIA,N3
,0.505,0.386,0.326,1.0,,1787593052447.0242,16.41,-0.4,13.16,0.35,1787593052447.0242,False,,,2,OP1,C2_WIFI_CARGA_MEDIA,N3
,0.504,0.386,0.328,1.0,,1787593052501.2888,16.48,-0.32,13.16,0.35,1787593052501.2888,False,,,2,OP1,C2_WIFI_CARGA_MEDIA,N3
,0.504,0.386,0.33,1.0,,1787593052528.541,16.55,-0.32,13.16,0.35,1787593052530.5508,False,,,2,OP1,C2_WIFI_CARGA_MEDIA,N3
,0.505,0.386,0.331,1.0,,1787593052559.425,16.585,-0.4,13.16,0.35,1787593052559.9749,False,,,2,OP1,C2_WIFI_CARGA_MEDIA,N3
,0.505,0.385,0.332,1.0,,1787593052609.093,16.62,-0.4,13.1,0.35,1787593052609.093,False,,,2,OP1,C2_WIFI_CARGA_MEDIA,N3
,0.505,0.385,0.333,1.0,,1787593052640.8948,16.655,-0.4,13.1,0.35,1787593052640.8948,False,,,2,OP1,C2_WIFI_CARGA_MEDIA,N3
,0.506,0.384,0.333,1.0,,1787593052683.0024,16.655,-0.48,13.04,0.35,1787593052683.0024,False,,,2,OP1,C2_WIFI_CARGA_MEDIA,N3
,0.505,0.384,0.333,1.0,,1787593052713.0342,16.655,-0.4,13.04,0.35,1787593052713.0342,False,,,2,OP1,C2_WIFI_CARGA_MEDIA,N3
,0.505,0.384,0.333,1.0,,1787593052753.127,16.655,-0.4,13.04,0.35,1787593052755.1377,False,,,2,OP1,C2_WIFI_CARGA_MEDIA,N3
,0.505,0.384,0.333,1.0,,1787593052810.027,16.655,-0.4,13.04,0.35,1787593052810.027,False,,,2,OP1,C2_WIFI_CARGA_MEDIA,N3
,0.505,0.383,0.333,1.0,,1787593052838.494,16.655,-0.4,12.98,0.35,1787593052840.0852,False,,,2,OP1,C2_WIFI_CARGA_MEDIA,N3
,0.505,0.384,0.334,1.0,,1787593052885.8306,16.69,-0.4,13.04,0.35,1787593052885.8306,False,,,2,OP1,C2_WIFI_CARGA_MEDIA,N3
,0.505,0.384,0.334,1.0,,1787593052919.756,16.69,-0.4,13.04,0.35,1787593052921.1665,False,,,2,OP1,C2_WIFI_CARGA_MEDIA,N3
,0.506,0.383,0.334,1.0,,1787593052946.761,16.69,-0.48,12.98,0.35,1787593052946.761,False,,,2,OP1,C2_WIFI_CARGA_MEDIA,N3
,0.506,0.383,0.335,1.0,,1787593052996.81,16.725,-0.48,12.98,0.35,1787593052996.81,False,,,2,OP1,C2_WIFI_CARGA_MEDIA,N3
,0.506,0.382,0.335,1.0,,1787593053020.23,16.725,-0.48,12.92,0.35,1787593053020.23,False,,,2,OP1,C2_WIFI_CARGA_MEDIA,N3
,0.506,0.382,0.335,1.0,,1787593053059.756,16.725,-0.48,12.92,0.35,1787593053059.756,False,,,2,OP1,C2_WIFI_CARGA_MEDIA,N3
,0.506,0.381,0.335,1.0,,1787593053115.2852,16.725,-0.48,12.86,0.35,1787593053115.2852,False,,,2,OP1,C2_WIFI_CARGA_MEDIA,N3
,0.506,0.381,0.334,1.0,,1787593053169.7734,16.69,-0.48,12.86,0.35,1787593053169.7734,False,,,2,OP1,C2_WIFI_CARGA_MEDIA,N3
,0.506,0.38,0.335,1.0,,1787593053198.9587,16.725,-0.48,12.8,0.35,1787593053198.9587,False,,,2,OP1,C2_WIFI_CARGA_MEDIA,N3
,0.507,0.38,0.334,1.0,,1787593053222.6333,16.69,-0.56,12.8,0.35,1787593053224.1462,False,,,2,OP1,C2_WIFI_CARGA_MEDIA,N3
,0.507,0.38,0.333,1.0,,1787593053386.3125,16.655,-0.56,12.8,0.35,1787593053386.3125,False,,,2,OP1,C2_WIFI_CARGA_MEDIA,N3
,0.507,0.381,0.336,1.0,,1787593053419.0818,16.76,-0.56,12.86,0.35,1787593053419.0818,False,,,2,OP1,C2_WIFI_CARGA_MEDIA,N3
,0.507,0.381,0.336,1.0,,1787593053587.233,16.76,-0.56,12.86,0.35,1787593053587.233,False,,,2,OP1,C2_WIFI_CARGA_MEDIA,N3
,0.507,0.38,0.337,1.0,,1787593053630.8164,16.795,-0.56,12.8,0.35,1787593053646.688,False,,,2,OP1,C2_WIFI_CARGA_MEDIA,N3
,0.507,0.38,0.337,1.0,,1787593053697.0923,16.795,-0.56,12.8,0.35,1787593053697.0923,False,,,2,OP1,C2_WIFI_CARGA_MEDIA,N3
,0.507,0.381,0.338,1.0,,1787593053728.147,16.83,-0.56,12.86,0.35,1787593053728.147,False,,,2,OP1,C2_WIFI_CARGA_MEDIA,N3
,0.506,0.381,0.337,1.0,,1787593053749.3733,16.795,-0.48,12.86,0.35,1787593053749.3733,False,,,2,OP1,C2_WIFI_CARGA_MEDIA,N3
,0.506,0.382,0.337,1.0,,1787593053783.1128,16.795,-0.48,12.92,0.35,1787593053784.0469,False,,,2,OP1,C2_WIFI_CARGA_MEDIA,N3
,0.505,0.382,0.335,1.0,,1787593053833.054,16.725,-0.4,12.92,0.35,1787593053833.054,False,,,2,OP1,C2_WIFI_CARGA_MEDIA,N3
,0.505,0.381,0.335,1.0,,1787593053894.454,16.725,-0.4,12.86,0.35,1787593053894.454,False,,,2,OP1,C2_WIFI_CARGA_MEDIA,N3
,0.505,0.381,0.336,1.0,,1787593053922.5276,16.76,-0.4,12.86,0.35,1787593053922.5276,False,,,2,OP1,C2_WIFI_CARGA_MEDIA,N3
,0.505,0.38,0.336,1.0,,1787593053948.584,16.76,-0.4,12.8,0.35,1787593053950.2988,False,,,2,OP1,C2_WIFI_CARGA_MEDIA,N3
,0.505,0.38,0.336,1.0,,1787593053981.2122,16.76,-0.4,12.8,0.35,1787593053981.2122,False,,,2,OP1,C2_WIFI_CARGA_MEDIA,N3
,0.505,0.379,0.334,1.0,,1787593054027.7964,16.69,-0.4,12.74,0.35,1787593054027.7964,False,,,2,OP1,C2_WIFI_CARGA_MEDIA,N3
,0.504,0.379,0.333,1.0,,1787593054050.722,16.655,-0.32,12.74,0.35,1787593054050.722,False,,,2,OP1,C2_WIFI_CARGA_MEDIA,N3
,0.504,0.379,0.333,1.0,,1787593054091.1592,16.655,-0.32,12.74,0.35,1787593054091.1592,False,,,2,OP1,C2_WIFI_CARGA_MEDIA,N3
,0.504,0.378,0.335,1.0,,1787593054147.0432,16.725,-0.32,12.68,0.35,1787593054147.0432,False,,,2,OP1,C2_WIFI_CARGA_MEDIA,N3
,0.504,0.376,0.335,1.0,,1787593054196.9375,16.725,-0.32,12.56,0.35,1787593054196.9375,False,,,2,OP1,C2_WIFI_CARGA_MEDIA,N3
,0.504,0.376,0.334,1.0,,1787593054217.1594,16.69,-0.32,12.56,0.35,1787593054217.1594,False,,,2,OP1,C2_WIFI_CARGA_MEDIA,N3
,0.504,0.375,0.334,1.0,,1787593054253.7727,16.69,-0.32,12.5,0.35,1787593054255.7688,False,,,2,OP1,C2_WIFI_CARGA_MEDIA,N3
,0.503,0.375,0.334,1.0,,1787593054285.6384,16.69,-0.24,12.5,0.35,1787593054285.6384,False,,,2,OP1,C2_WIFI_CARGA_MEDIA,N3
,0.503,0.375,0.333,1.0,,1787593054329.7075,16.655,-0.24,12.5,0.35,1787593054329.7075,False,,,2,OP1,C2_WIFI_CARGA_MEDIA,N3
,0.503,0.375,0.333,1.0,,1787593054354.363,16.655,-0.24,12.5,0.35,1787593054354.363,False,,,2,OP1,C2_WIFI_CARGA_MEDIA,N3
,0.503,0.374,0.333,1.0,,1787593054394.087,16.655,-0.24,12.44,0.35,1787593054394.087,False,,,2,OP1,C2_WIFI_CARGA_MEDIA,N3
,0.503,0.374,0.334,1.0,,1787593054426.6167,16.69,-0.24,12.44,0.35,1787593054426.6167,False,,,2,OP1,C2_WIFI_CARGA_MEDIA,N3
,0.503,0.374,0.333,1.0,,1787593054468.6052,16.655,-0.24,12.44,0.35,1787593054468.6052,False,,,2,OP1,C2_WIFI_CARGA_MEDIA,N3
,0.504,0.375,0.333,1.0,,1787593054633.4973,16.655,-0.32,12.5,0.35,1787593054633.4973,False,,,2,OP1,C2_WIFI_CARGA_MEDIA,N3
,0.504,0.373,0.338,1.0,,1787593054665.9092,16.83,-0.32,12.38,0.35,1787593054665.9092,False,,,2,OP1,C2_WIFI_CARGA_MEDIA,N3
,0.504,0.373,0.339,1.0,,1787593054690.4097,16.865,-0.32,12.38,0.35,1787593054691.493,False,,,2,OP1,C2_WIFI_CARGA_MEDIA,N3
,0.504,0.373,0.338,1.0,,1787593054730.0,16.83,-0.32,12.38,0.35,1787593054732.0098,False,,,2,OP1,C2_WIFI_CARGA_MEDIA,N3
,0.504,0.373,0.338,1.0,,1787593054758.3103,16.83,-0.32,12.38,0.35,1787593054758.3103,False,,,2,OP1,C2_WIFI_CARGA_MEDIA,N3
,0.503,0.372,0.337,1.0,,1787593054790.9556,16.795,-0.24,12.32,0.35,1787593054792.3066,False,,,2,OP1,C2_WIFI_CARGA_MEDIA,N3
,0.503,0.372,0.338,1.0,,1787593054829.4126,16.83,-0.24,12.32,0.35,1787593054829.4126,False,,,2,OP1,C2_WIFI_CARGA_MEDIA,N3
,0.503,0.371,0.338,1.0,,1787593054867.012,16.83,-0.24,12.26,0.35,1787593054867.012,False,,,2,OP1,C2_WIFI_CARGA_MEDIA,N3
,0.503,0.371,0.338,1.0,,1787593054891.9111,16.83,-0.24,12.26,0.35,1787593054892.8853,False,,,2,OP1,C2_WIFI_CARGA_MEDIA,N3
,0.503,0.37,0.339,1.0,,1787593054926.4585,16.865,-0.24,12.2,0.35,1787593054926.4585,False,,,2,OP1,C2_WIFI_CARGA_MEDIA,N3
,0.503,0.371,0.339,1.0,,1787593054968.138,16.865,-0.24,12.26,0.35,1787593054969.3828,False,,,2,OP1,C2_WIFI_CARGA_MEDIA,N3
,0.502,0.372,0.338,1.0,,1787593054996.9348,16.83,-0.16,12.32,0.35,1787593054996.9348,False,,,2,OP1,C2_WIFI_CARGA_MEDIA,N3
,0.502,0.374,0.335,1.0,,1787593055048.1404,16.725,-0.16,12.44,0.35,1787593055048.1404,False,,,2,OP1,C2_WIFI_CARGA_MEDIA,N3
,0.501,0.375,0.333,1.0,,1787593055092.0776,16.655,-0.08,12.5,0.35,1787593055093.8335,False,,,2,OP1,C2_WIFI_CARGA_MEDIA,N3
,0.501,0.377,0.333,1.0,,1787593055138.1968,16.655,-0.08,12.62,0.35,1787593055138.1968,False,,,2,OP1,C2_WIFI_CARGA_MEDIA,N3
,0.501,0.378,0.331,1.0,,1787593055159.6348,16.585,-0.08,12.68,0.35,1787593055160.696,False,,,2,OP1,C2_WIFI_CARGA_MEDIA,N3
,0.501,0.381,0.326,1.0,,1787593055203.0095,16.41,-0.08,12.86,0.35,1787593055205.016,False,,,2,OP1,C2_WIFI_CARGA_MEDIA,N3
,0.5,0.383,0.325,1.0,,1787593055231.627,16.375,0.0,12.98,0.35,1787593055233.6414,False,,,2,OP1,C2_WIFI_CARGA_MEDIA,N3
,0.499,0.386,0.319,1.0,,1787593055260.3252,16.165,0.08,13.16,0.35,1787593055261.0896,False,,,2,OP1,C2_WIFI_CARGA_MEDIA,N3
,0.497,0.388,0.316,1.0,,1787593055305.609,16.06,0.24,13.28,0.35,1787593055305.609,False,,,2,OP1,C2_WIFI_CARGA_MEDIA,N3
,0.496,0.389,0.314,1.0,,1787593055331.842,15.99,0.32,13.34,0.35,1787593055333.8535,False,,,2,OP1,C2_WIFI_CARGA_MEDIA,N3
,0.495,0.39,0.313,1.0,,1787593055362.1711,15.955,0.4,13.4,0.35,1787593055362.1711,False,,,2,OP1,C2_WIFI_CARGA_MEDIA,N3
,0.495,0.39,0.312,1.0,,1787593055396.9224,15.92,0.4,13.4,0.35,1787593055398.9414,False,,,2,OP1,C2_WIFI_CARGA_MEDIA,N3
,0.494,0.391,0.312,1.0,,1787593055437.564,15.92,0.48,13.46,0.35,1787593055437.564,False,,,2,OP1,C2_WIFI_CARGA_MEDIA,N3
,0.494,0.392,0.312,1.0,,1787593055461.611,15.92,0.48,13.52,0.35,1787593055462.6587,False,,,2,OP1,C2_WIFI_CARGA_MEDIA,N3
,0.494,0.392,0.312,1.0,,1787593055509.6033,15.92,0.48,13.52,0.35,1787593055510.6018,False,,,2,OP1,C2_WIFI_CARGA_MEDIA,N3
,0.494,0.392,0.312,1.0,,1787593055537.2974,15.92,0.48,13.52,0.35,1787593055537.2974,False,,,2,OP1,C2_WIFI_CARGA_MEDIA,N3
,0.494,0.393,0.313,1.0,,1787593055566.0515,15.955,0.48,13.58,0.35,1787593055566.0515,False,,,2,OP1,C2_WIFI_CARGA_MEDIA,N3
,0.492,0.395,0.313,1.0,,1787593055612.0168,15.955,0.64,13.7,0.35,1787593055612.0168,False,,,2,OP1,C2_WIFI_CARGA_MEDIA,N3
,0.491,0.395,0.313,1.0,,1787593055633.3633,15.955,0.72,13.7,0.35,1787593055633.3633,False,,,2,OP1,C2_WIFI_CARGA_MEDIA,N3
,0.489,0.396,0.312,1.0,,1787593055667.9902,15.92,0.88,13.76,0.35,1787593055667.9902,False,,,2,OP1,C2_WIFI_CARGA_MEDIA,N3
,0.487,0.398,0.31,1.0,,1787593055811.5486,15.85,1.04,13.88,0.35,1787593055811.5486,False,,,2,OP1,C2_WIFI_CARGA_MEDIA,N3
,0.477,0.404,0.301,1.0,,1787593055843.2683,15.535,1.84,14.24,0.35,1787593055843.2683,False,,,2,OP1,C2_WIFI_CARGA_MEDIA,N3
,0.477,0.404,0.3,1.0,,1787593055866.1404,15.5,1.84,14.24,0.35,1787593055866.9795,False,,,2,OP1,C2_WIFI_CARGA_MEDIA,N3
,0.476,0.405,0.299,1.0,,1787593055901.4434,15.465,1.92,14.3,0.35,1787593055901.4434,False,,,2,OP1,C2_WIFI_CARGA_MEDIA,N3
,0.475,0.405,0.299,1.0,,1787593055946.941,15.465,2.0,14.3,0.35,1787593055947.4502,False,,,2,OP1,C2_WIFI_CARGA_MEDIA,N3
,0.474,0.405,0.298,1.0,,1787593056011.3423,15.43,2.08,14.3,0.35,1787593056011.3423,False,,,2,OP1,C2_WIFI_CARGA_MEDIA,N3
,0.474,0.405,0.298,1.0,,1787593056039.1023,15.43,2.08,14.3,0.35,1787593056040.1016,False,,,2,OP1,C2_WIFI_CARGA_MEDIA,N3
,0.474,0.405,0.299,1.0,,1787593056064.5884,15.465,2.08,14.3,0.35,1787593056064.5884,False,,,2,OP1,C2_WIFI_CARGA_MEDIA,N3
,0.474,0.405,0.299,1.0,,1787593056093.5493,15.465,2.08,14.3,0.35,1787593056096.9316,False,,,2,OP1,C2_WIFI_CARGA_MEDIA,N3
,0.475,0.405,0.298,1.0,,1787593056147.426,15.43,2.0,14.3,0.35,1787593056147.426,False,,,2,OP1,C2_WIFI_CARGA_MEDIA,N3
,0.476,0.405,0.296,1.0,,1787593056168.3855,15.36,1.92,14.3,0.35,1787593056168.3855,False,,,2,OP1,C2_WIFI_CARGA_MEDIA,N3
,0.478,0.405,0.294,1.0,,1787593056220.4092,15.29,1.76,14.3,0.35,1787593056220.4092,False,,,2,OP1,C2_WIFI_CARGA_MEDIA,N3
,0.479,0.405,0.292,1.0,,1787593056253.0845,15.22,1.68,14.3,0.35,1787593056254.0725,False,,,2,OP1,C2_WIFI_CARGA_MEDIA,N3
,0.48,0.406,0.291,1.0,,1787593056286.6538,15.185,1.6,14.36,0.35,1787593056286.6538,False,,,2,OP1,C2_WIFI_CARGA_MEDIA,N3
,0.482,0.406,0.291,1.0,,1787593056323.7092,15.185,1.44,14.36,0.35,1787593056324.7856,False,,,2,OP1,C2_WIFI_CARGA_MEDIA,N3
,0.484,0.406,0.293,1.0,,1787593056356.8772,15.255,1.28,14.36,0.35,1787593056356.8772,False,,,2,OP1,C2_WIFI_CARGA_MEDIA,N3
,0.485,0.406,0.291,1.0,,1787593056400.6614,15.185,1.2,14.36,0.35,1787593056400.6614,False,,,2,OP1,C2_WIFI_CARGA_MEDIA,N3
,0.486,0.406,0.29,1.0,,1787593056428.827,15.15,1.12,14.36,0.35,1787593056428.827,False,,,2,OP1,C2_WIFI_CARGA_MEDIA,N3
,0.488,0.405,0.289,1.0,,1787593056485.2598,15.115,0.96,14.3,0.35,1787593056487.55,False,,,2,OP1,C2_WIFI_CARGA_MEDIA,N3
,0.489,0.405,0.285,1.0,,1787593056521.8098,14.975,0.88,14.3,0.35,1787593056521.8098,False,,,2,OP1,C2_WIFI_CARGA_MEDIA,N3
,0.489,0.405,0.284,1.0,,1787593056569.5308,14.94,0.88,14.3,0.35,1787593056571.5234,False,,,2,OP1,C2_WIFI_CARGA_MEDIA,N3
,0.49,0.405,0.283,1.0,,1787593056623.1038,14.905,0.8,14.3,0.35,1787593056623.1038,False,,,2,OP1,C2_WIFI_CARGA_MEDIA,N3
,0.491,0.404,0.282,1.0,,1787593056672.9631,14.87,0.72,14.24,0.35,1787593056672.9631,False,,,2,OP1,C2_WIFI_CARGA_MEDIA,N3
,0.492,0.404,0.281,1.0,,1787593056725.139,14.835,0.64,14.24,0.35,1787593056725.139,False,,,2,OP1,C2_WIFI_CARGA_MEDIA,N3
,0.493,0.404,0.279,1.0,,1787593056779.716,14.765,0.56,14.24,0.35,1787593056779.716,False,,,2,OP1,C2_WIFI_CARGA_MEDIA,N3
,0.494,0.404,0.28,1.0,,1787593056840.2017,14.8,0.48,14.24,0.35,1787593056840.2017,False,,,2,OP1,C2_WIFI_CARGA_MEDIA,N3
,0.494,0.404,0.28,1.0,,1787593056874.561,14.8,0.48,14.24,0.35,1787593056874.561,False,,,2,OP1,C2_WIFI_CARGA_MEDIA,N3
,0.495,0.403,0.281,1.0,,1787593056915.8538,14.835,0.4,14.18,0.35,1787593056915.8538,False,,,2,OP1,C2_WIFI_CARGA_MEDIA,N3
,0.495,0.403,0.282,1.0,,1787593056940.541,14.87,0.4,14.18,0.35,1787593056941.586,False,,,2,OP1,C2_WIFI_CARGA_MEDIA,N3
,0.495,0.403,0.283,1.0,,1787593056985.5874,14.905,0.4,14.18,0.35,1787593056986.094,False,,,2,OP1,C2_WIFI_CARGA_MEDIA,N3
,0.496,0.402,0.283,1.0,,1787593057013.4983,14.905,0.32,14.12,0.35,1787593057014.004,False,,,2,OP1,C2_WIFI_CARGA_MEDIA,N3
,0.497,0.402,0.284,1.0,,1787593057040.2285,14.94,0.24,14.12,0.35,1787593057040.2285,False,,,2,OP1,C2_WIFI_CARGA_MEDIA,N3
,0.497,0.401,0.284,1.0,,1787593057082.9846,14.94,0.24,14.06,0.35,1787593057084.8809,False,,,2,OP1,C2_WIFI_CARGA_MEDIA,N3
,0.498,0.401,0.284,1.0,,1787593057112.6582,14.94,0.16,14.06,0.35,1787593057112.6582,False,,,2,OP1,C2_WIFI_CARGA_MEDIA,N3
,0.498,0.4,0.284,1.0,,1787593057134.1794,14.94,0.16,14.0,0.35,1787593057134.1794,False,,,2,OP1,C2_WIFI_CARGA_MEDIA,N3
,0.499,0.4,0.284,1.0,,1787593057177.021,14.94,0.08,14.0,0.35,1787593057177.021,False,,,2,OP1,C2_WIFI_CARGA_MEDIA,N3
,0.499,0.4,0.284,1.0,,1787593057207.6023,14.94,0.08,14.0,0.35,1787593057208.602,False,,,2,OP1,C2_WIFI_CARGA_MEDIA,N3
,0.499,0.399,0.283,1.0,,1787593057247.1028,14.905,0.08,13.94,0.35,1787593057247.1028,False,,,2,OP1,C2_WIFI_CARGA_MEDIA,N3
,0.499,0.4,0.283,1.0,,1787593057279.9062,14.905,0.08,14.0,0.35,1787593057279.9062,False,,,2,OP1,C2_WIFI_CARGA_MEDIA,N3
,0.499,0.4,0.283,1.0,,1787593057310.2117,14.905,0.08,14.0,0.35,1787593057311.2092,False,,,2,OP1,C2_WIFI_CARGA_MEDIA,N3
,0.499,0.4,0.282,1.0,,1787593057347.432,14.87,0.08,14.0,0.35,1787593057349.4404,False,,,2,OP1,C2_WIFI_CARGA_MEDIA,N3
,0.5,0.401,0.278,1.0,,1787593057389.9077,14.73,0.0,14.06,0.35,1787593057389.9077,False,,,2,OP1,C2_WIFI_CARGA_MEDIA,N3
,0.5,0.401,0.277,1.0,,1787593057422.0725,14.695,0.0,14.06,0.35,1787593057422.0725,False,,,2,OP1,C2_WIFI_CARGA_MEDIA,N3
,0.5,0.401,0.277,1.0,,1787593057444.5215,14.695,0.0,14.06,0.35,1787593057444.5215,False,,,2,OP1,C2_WIFI_CARGA_MEDIA,N3
,0.5,0.4,0.276,1.0,,1787593057476.6858,14.66,0.0,14.0,0.35,1787593057476.6858,False,,,2,OP1,C2_WIFI_CARGA_MEDIA,N3
,0.5,0.399,0.279,1.0,,1787593057529.1172,14.765,0.0,13.94,0.35,1787593057529.1172,False,,,2,OP1,C2_WIFI_CARGA_MEDIA,N3
,0.5,0.397,0.28,1.0,,1787593057589.022,14.8,0.0,13.82,0.35,1787593057589.022,False,,,2,OP1,C2_WIFI_CARGA_MEDIA,N3
,0.5,0.396,0.28,1.0,,1787593057626.3816,14.8,0.0,13.76,0.35,1787593057626.7478,False,,,2,OP1,C2_WIFI_CARGA_MEDIA,N3
,0.499,0.396,0.279,1.0,,1787593057651.0603,14.765,0.08,13.76,0.35,1787593057653.072,False,,,2,OP1,C2_WIFI_CARGA_MEDIA,N3
,0.499,0.396,0.279,1.0,,1787593057682.7751,14.765,0.08,13.76,0.35,1787593057682.7751,False,,,2,OP1,C2_WIFI_CARGA_MEDIA,N3
,0.499,0.395,0.282,1.0,,1787593057730.378,14.87,0.08,13.7,0.35,1787593057730.378,False,,,2,OP1,C2_WIFI_CARGA_MEDIA,N3
,0.499,0.394,0.285,1.0,,1787593057792.0364,14.975,0.08,13.64,0.35,1787593057792.0364,False,,,2,OP1,C2_WIFI_CARGA_MEDIA,N3
,0.5,0.393,0.288,1.0,,1787593057820.9578,15.08,0.0,13.58,0.35,1787593057820.9578,False,,,2,OP1,C2_WIFI_CARGA_MEDIA,N3
,0.5,0.392,0.29,1.0,,1787593057846.892,15.15,0.0,13.52,0.35,1787593057847.9065,False,,,2,OP1,C2_WIFI_CARGA_MEDIA,N3
,0.501,0.39,0.29,1.0,,1787593057894.992,15.15,-0.08,13.4,0.35,1787593057894.992,False,,,2,OP1,C2_WIFI_CARGA_MEDIA,N3
,0.502,0.39,0.29,1.0,,1787593057916.7903,15.15,-0.16,13.4,0.35,1787593057916.7903,False,,,2,OP1,C2_WIFI_CARGA_MEDIA,N3
,0.502,0.389,0.292,1.0,,1787593058066.027,15.22,-0.16,13.34,0.35,1787593058066.027,False,,,2,OP1,C2_WIFI_CARGA_MEDIA,N3
,0.502,0.386,0.298,1.0,,1787593058086.1194,15.43,-0.16,13.16,0.35,1787593058086.1194,False,,,2,OP1,C2_WIFI_CARGA_MEDIA,N3
,0.501,0.386,0.299,1.0,,1787593058123.0806,15.465,-0.08,13.16,0.35,1787593058123.0806,False,,,2,OP1,C2_WIFI_CARGA_MEDIA,N3
,0.501,0.386,0.299,1.0,,1787593058155.8113,15.465,-0.08,13.16,0.35,1787593058155.8113,False,,,2,OP1,C2_WIFI_CARGA_MEDIA,N3
,0.502,0.386,0.3,1.0,,1787593058182.2866,15.5,-0.16,13.16,0.35,1787593058185.284,False,,,2,OP1,C2_WIFI_CARGA_MEDIA,N3
,0.502,0.386,0.3,1.0,,1787593058233.6792,15.5,-0.16,13.16,0.35,1787593058233.6792,False,,,2,OP1,C2_WIFI_CARGA_MEDIA,N3
,0.503,0.387,0.299,1.0,,1787593058295.3706,15.465,-0.24,13.22,0.35,1787593058296.875,False,,,2,OP1,C2_WIFI_CARGA_MEDIA,N3
,0.503,0.387,0.298,1.0,,1787593058321.2268,15.43,-0.24,13.22,0.35,1787593058321.2268,False,,,2,OP1,C2_WIFI_CARGA_MEDIA,N3
,0.504,0.388,0.298,1.0,,1787593058347.0806,15.43,-0.32,13.28,0.35,1787593058350.578,False,,,2,OP1,C2_WIFI_CARGA_MEDIA,N3
,0.505,0.388,0.299,1.0,,1787593058397.135,15.465,-0.4,13.28,0.35,1787593058397.135,False,,,2,OP1,C2_WIFI_CARGA_MEDIA,N3
,0.505,0.389,0.299,1.0,,1787593058423.608,15.465,-0.4,13.34,0.35,1787593058423.608,False,,,2,OP1,C2_WIFI_CARGA_MEDIA,N3
,0.505,0.389,0.299,1.0,,1787593058453.6836,15.465,-0.4,13.34,0.35,1787593058453.6836,False,,,2,OP1,C2_WIFI_CARGA_MEDIA,N3
,0.506,0.39,0.299,1.0,,1787593058484.882,15.465,-0.48,13.4,0.35,1787593058484.882,False,,,2,OP1,C2_WIFI_CARGA_MEDIA,N3
,0.506,0.392,0.3,1.0,,1787593058526.4792,15.5,-0.48,13.52,0.35,1787593058526.4792,False,,,2,OP1,C2_WIFI_CARGA_MEDIA,N3
,0.506,0.393,0.299,1.0,,1787593058550.5332,15.465,-0.48,13.58,0.35,1787593058553.1873,False,,,2,OP1,C2_WIFI_CARGA_MEDIA,N3
,0.506,0.393,0.299,1.0,,1787593058601.2349,15.465,-0.48,13.58,0.35,1787593058601.2349,False,,,2,OP1,C2_WIFI_CARGA_MEDIA,N3
,0.506,0.394,0.298,1.0,,1787593058626.2993,15.43,-0.48,13.64,0.35,1787593058626.2993,False,,,2,OP1,C2_WIFI_CARGA_MEDIA,N3
,0.506,0.394,0.297,1.0,,1787593058655.0127,15.395,-0.48,13.64,0.35,1787593058655.0127,False,,,2,OP1,C2_WIFI_CARGA_MEDIA,N3
,0.506,0.395,0.296,1.0,,1787593058685.2034,15.36,-0.48,13.7,0.35,1787593058686.7534,False,,,2,OP1,C2_WIFI_CARGA_MEDIA,N3
,0.505,0.395,0.294,1.0,,1787593058721.3398,15.29,-0.4,13.7,0.35,1787593058722.349,False,,,2,OP1,C2_WIFI_CARGA_MEDIA,N3
,0.506,0.395,0.294,1.0,,1787593058763.4634,15.29,-0.48,13.7,0.35,1787593058765.47,False,,,2,OP1,C2_WIFI_CARGA_MEDIA,N3
,0.506,0.395,0.294,1.0,,1787593058795.194,15.29,-0.48,13.7,0.35,1787593058795.194,False,,,2,OP1,C2_WIFI_CARGA_MEDIA,N3
,0.506,0.396,0.294,1.0,,1787593058824.7903,15.29,-0.48,13.76,0.35,1787593058824.7903,False,,,2,OP1,C2_WIFI_CARGA_MEDIA,N3
,0.506,0.396,0.293,1.0,,1787593058846.9072,15.255,-0.48,13.76,0.35,1787593058846.9072,False,,,2,OP1,C2_WIFI_CARGA_MEDIA,N3
,0.507,0.396,0.291,1.0,,1787593058901.6924,15.185,-0.56,13.76,0.35,1787593058901.6924,False,,,2,OP1,C2_WIFI_CARGA_MEDIA,N3
,0.506,0.397,0.29,1.0,,1787593058924.371,15.15,-0.48,13.82,0.35,1787593058924.371,False,,,2,OP1,C2_WIFI_CARGA_MEDIA,N3
,0.506,0.396,0.29,1.0,,1787593058963.226,15.15,-0.48,13.76,0.35,1787593058964.7383,False,,,2,OP1,C2_WIFI_CARGA_MEDIA,N3
,0.506,0.396,0.289,1.0,,1787593058990.7002,15.115,-0.48,13.76,0.35,1787593058991.7002,False,,,2,OP1,C2_WIFI_CARGA_MEDIA,N3
,0.506,0.396,0.29,1.0,,1787593059158.6377,15.15,-0.48,13.76,0.35,1787593059159.6353,False,,,2,OP1,C2_WIFI_CARGA_MEDIA,N3
,0.506,0.396,0.292,1.0,,1787593059206.2612,15.22,-0.48,13.76,0.35,1787593059207.249,False,,,2,OP1,C2_WIFI_CARGA_MEDIA,N3
,0.505,0.396,0.292,1.0,,1787593059235.337,15.22,-0.4,13.76,0.35,1787593059235.337,False,,,2,OP1,C2_WIFI_CARGA_MEDIA,N3
,0.505,0.395,0.293,1.0,,1787593059267.7068,15.255,-0.4,13.7,0.35,1787593059267.7068,False,,,2,OP1,C2_WIFI_CARGA_MEDIA,N3
,0.505,0.395,0.294,1.0,,1787593059295.5908,15.29,-0.4,13.7,0.35,1787593059297.103,False,,,2,OP1,C2_WIFI_CARGA_MEDIA,N3
,0.504,0.395,0.295,1.0,,1787593059339.249,15.325,-0.32,13.7,0.35,1787593059339.249,False,,,2,OP1,C2_WIFI_CARGA_MEDIA,N3
,0.504,0.394,0.295,1.0,,1787593059360.1682,15.325,-0.32,13.64,0.35,1787593059362.3225,False,,,2,OP1,C2_WIFI_CARGA_MEDIA,N3
,0.504,0.394,0.296,1.0,,1787593059402.418,15.36,-0.32,13.64,0.35,1787593059402.418,False,,,2,OP1,C2_WIFI_CARGA_MEDIA,N3
,0.504,0.394,0.297,1.0,,1787593059436.3604,15.395,-0.32,13.64,0.35,1787593059436.3604,False,,,2,OP1,C2_WIFI_CARGA_MEDIA,N3
,0.503,0.394,0.298,1.0,,1787593059460.9077,15.43,-0.24,13.64,0.35,1787593059460.9077,False,,,2,OP1,C2_WIFI_CARGA_MEDIA,N3
,0.503,0.393,0.297,1.0,,1787593059502.4644,15.395,-0.24,13.58,0.35,1787593059502.4644,False,,,2,OP1,C2_WIFI_CARGA_MEDIA,N3
,0.503,0.393,0.297,1.0,,1787593059537.9587,15.395,-0.24,13.58,0.35,1787593059537.9587,False,,,2,OP1,C2_WIFI_CARGA_MEDIA,N3
,0.504,0.393,0.298,1.0,,1787593059561.6523,15.43,-0.32,13.58,0.35,1787593059563.6836,False,,,2,OP1,C2_WIFI_CARGA_MEDIA,N3
,0.503,0.392,0.297,1.0,,1787593059602.738,15.395,-0.24,13.52,0.35,1787593059602.738,False,,,2,OP1,C2_WIFI_CARGA_MEDIA,N3
,0.503,0.392,0.297,1.0,,1787593059647.0513,15.395,-0.24,13.52,0.35,1787593059647.0513,False,,,2,OP1,C2_WIFI_CARGA_MEDIA,N3
,0.503,0.391,0.298,1.0,,1787593059702.8616,15.43,-0.24,13.46,0.35,1787593059702.8616,False,,,2,OP1,C2_WIFI_CARGA_MEDIA,N3
,0.503,0.391,0.299,1.0,,1787593059734.6208,15.465,-0.24,13.46,0.35,1787593059735.863,False,,,2,OP1,C2_WIFI_CARGA_MEDIA,N3
,0.504,0.391,0.299,1.0,,1787593059768.118,15.465,-0.32,13.46,0.35,1787593059770.802,False,,,2,OP1,C2_WIFI_CARGA_MEDIA,N3
,0.504,0.391,0.299,1.0,,1787593059799.1768,15.465,-0.32,13.46,0.35,1787593059799.1768,False,,,2,OP1,C2_WIFI_CARGA_MEDIA,N3
,0.504,0.39,0.297,1.0,,1787593059847.3057,15.395,-0.32,13.4,0.35,1787593059847.3057,False,,,2,OP1,C2_WIFI_CARGA_MEDIA,N3
,0.504,0.39,0.298,1.0,,1787593059903.5002,15.43,-0.32,13.4,0.35,1787593059903.5002,False,,,2,OP1,C2_WIFI_CARGA_MEDIA,N3
,0.505,0.389,0.299,1.0,,1787593059964.0706,15.465,-0.4,13.34,0.35,1787593059966.85,False,,,2,OP1,C2_WIFI_CARGA_MEDIA,N3
,0.505,0.389,0.301,1.0,,1787593060011.708,15.535,-0.4,13.34,0.35,1787593060011.708,False,,,2,OP1,C2_WIFI_CARGA_MEDIA,N3
,0.505,0.389,0.3,1.0,,1787593060044.0334,15.5,-0.4,13.34,0.35,1787593060044.0334,False,,,2,OP1,C2_WIFI_CARGA_MEDIA,N3
,0.505,0.389,0.3,1.0,,1787593060066.2407,15.5,-0.4,13.34,0.35,1787593060066.2407,False,,,2,OP1,C2_WIFI_CARGA_MEDIA,N3
,0.505,0.389,0.3,1.0,,1787593060103.88,15.5,-0.4,13.34,0.35,1787593060103.88,False,,,2,OP1,C2_WIFI_CARGA_MEDIA,N3
,0.505,0.389,0.299,1.0,,1787593060146.9934,15.465,-0.4,13.34,0.35,1787593060146.9934,False,,,2,OP1,C2_WIFI_CARGA_MEDIA,N3
,0.505,0.39,0.298,1.0,,1787593060277.8125,15.43,-0.4,13.4,0.35,1787593060278.6333,False,,,2,OP1,C2_WIFI_CARGA_MEDIA,N3
,0.504,0.39,0.295,1.0,,1787593060298.6804,15.325,-0.32,13.4,0.35,1787593060300.6792,False,,,2,OP1,C2_WIFI_CARGA_MEDIA,N3
,0.505,0.391,0.295,1.0,,1787593060346.864,15.325,-0.4,13.46,0.35,1787593060346.864,False,,,2,OP1,C2_WIFI_CARGA_MEDIA,N3
,0.505,0.391,0.294,1.0,,1787593060368.719,15.29,-0.4,13.46,0.35,1787593060369.726,False,,,2,OP1,C2_WIFI_CARGA_MEDIA,N3
,0.504,0.391,0.292,1.0,,1787593060390.4102,15.22,-0.32,13.46,0.35,1787593060390.4102,False,,,2,OP1,C2_WIFI_CARGA_MEDIA,N3
,0.504,0.391,0.292,1.0,,1787593060438.3955,15.22,-0.32,13.46,0.35,1787593060438.3955,False,,,2,OP1,C2_WIFI_CARGA_MEDIA,N3
,0.504,0.392,0.292,1.0,,1787593060488.8076,15.22,-0.32,13.52,0.35,1787593060488.8076,False,,,2,OP1,C2_WIFI_CARGA_MEDIA,N3
,0.504,0.392,0.291,1.0,,1787593060518.009,15.185,-0.32,13.52,0.35,1787593060518.878,False,,,2,OP1,C2_WIFI_CARGA_MEDIA,N3
,0.504,0.392,0.29,1.0,,1787593060565.9807,15.15,-0.32,13.52,0.35,1787593060565.9807,False,,,2,OP1,C2_WIFI_CARGA_MEDIA,N3
,0.503,0.392,0.288,1.0,,1787593060726.2048,15.08,-0.24,13.52,0.35,1787593060727.1333,False,,,2,OP1,C2_WIFI_CARGA_MEDIA,N3
,0.505,0.389,0.287,1.0,,1787593060764.875,15.045,-0.4,13.34,0.35,1787593060764.875,False,,,2,OP1,C2_WIFI_CARGA_MEDIA,N3
,0.505,0.389,0.286,1.0,,1787593060802.285,15.01,-0.4,13.34,0.35,1787593060806.0315,False,,,2,OP1,C2_WIFI_CARGA_MEDIA,N3
,0.506,0.389,0.288,1.0,,1787593060856.9402,15.08,-0.48,13.34,0.35,1787593060856.9402,False,,,2,OP1,C2_WIFI_CARGA_MEDIA,N3
,0.506,0.389,0.289,1.0,,1787593060912.0908,15.115,-0.48,13.34,0.35,1787593060912.0908,False,,,2,OP1,C2_WIFI_CARGA_MEDIA,N3
,0.506,0.388,0.29,1.0,,1787593060966.5774,15.15,-0.48,13.28,0.35,1787593060968.5886,False,,,2,OP1,C2_WIFI_CARGA_MEDIA,N3
,0.506,0.389,0.289,1.0,,1787593060996.7148,15.115,-0.48,13.34,0.35,1787593060996.7148,False,,,2,OP1,C2_WIFI_CARGA_MEDIA,N3
,0.505,0.389,0.288,1.0,,1787593061046.994,15.08,-0.4,13.34,0.35,1787593061046.994,False,,,2,OP1,C2_WIFI_CARGA_MEDIA,N3
,0.505,0.388,0.288,1.0,,1787593061070.976,15.08,-0.4,13.28,0.35,1787593061072.9888,False,,,2,OP1,C2_WIFI_CARGA_MEDIA,N3
,0.505,0.388,0.289,1.0,,1787593061108.0288,15.115,-0.4,13.28,0.35,1787593061108.0288,False,,,2,OP1,C2_WIFI_CARGA_MEDIA,N3
,0.505,0.388,0.29,1.0,,1787593061128.2686,15.15,-0.4,13.28,0.35,1787593061128.2686,False,,,2,OP1,C2_WIFI_CARGA_MEDIA,N3
,0.505,0.388,0.289,1.0,,1787593061183.213,15.115,-0.4,13.28,0.35,1787593061184.2122,False,,,2,OP1,C2_WIFI_CARGA_MEDIA,N3
,0.505,0.387,0.289,1.0,,1787593061217.358,15.115,-0.4,13.22,0.35,1787593061218.4685,False,,,2,OP1,C2_WIFI_CARGA_MEDIA,N3
,0.505,0.387,0.288,1.0,,1787593061246.8313,15.08,-0.4,13.22,0.35,1787593061246.8313,False,,,2,OP1,C2_WIFI_CARGA_MEDIA,N3
,0.505,0.387,0.287,1.0,,1787593061291.4468,15.045,-0.4,13.22,0.35,1787593061291.4468,False,,,2,OP1,C2_WIFI_CARGA_MEDIA,N3
,0.505,0.387,0.287,1.0,,1787593061329.0752,15.045,-0.4,13.22,0.35,1787593061329.0752,False,,,2,OP1,C2_WIFI_CARGA_MEDIA,N3
,0.504,0.386,0.287,1.0,,1787593061371.873,15.045,-0.32,13.16,0.35,1787593061371.873,False,,,2,OP1,C2_WIFI_CARGA_MEDIA,N3
,0.504,0.385,0.286,1.0,,1787593061402.5083,15.01,-0.32,13.1,0.35,1787593061402.5083,False,,,2,OP1,C2_WIFI_CARGA_MEDIA,N3
,0.504,0.385,0.287,1.0,,1787593061440.8638,15.045,-0.32,13.1,0.35,1787593061440.8638,False,,,2,OP1,C2_WIFI_CARGA_MEDIA,N3
,0.505,0.384,0.289,1.0,,1787593061496.9854,15.115,-0.4,13.04,0.35,1787593061496.9854,False,,,2,OP1,C2_WIFI_CARGA_MEDIA,N3
,0.505,0.384,0.289,1.0,,1787593061525.0972,15.115,-0.4,13.04,0.35,1787593061526.5027,False,,,2,OP1,C2_WIFI_CARGA_MEDIA,N3
,0.505,0.383,0.29,1.0,,1787593061547.4524,15.15,-0.4,12.98,0.35,1787593061547.4524,False,,,2,OP1,C2_WIFI_CARGA_MEDIA,N3
,0.506,0.383,0.291,1.0,,1787593061570.9453,15.185,-0.48,12.98,0.35,1787593061572.9,False,,,2,OP1,C2_WIFI_CARGA_MEDIA,N3
,0.506,0.383,0.292,1.0,,1787593061607.9229,15.22,-0.48,12.98,0.35,1787593061607.9229,False,,,2,OP1,C2_WIFI_CARGA_MEDIA,N3
,0.507,0.383,0.293,1.0,,1787593061658.1204,15.255,-0.56,12.98,0.35,1787593061658.1204,False,,,2,OP1,C2_WIFI_CARGA_MEDIA,N3
,0.507,0.383,0.294,1.0,,1787593061690.4526,15.29,-0.56,12.98,0.35,1787593061690.4526,False,,,2,OP1,C2_WIFI_CARGA_MEDIA,N3
,0.508,0.382,0.293,1.0,,1787593061746.4976,15.255,-0.64,12.92,0.35,1787593061747.9329,False,,,2,OP1,C2_WIFI_CARGA_MEDIA,N3
,0.509,0.382,0.29,1.0,,1787593061790.0503,15.15,-0.72,12.92,0.35,1787593061790.0503,False,,,2,OP1,C2_WIFI_CARGA_MEDIA,N3
,0.508,0.382,0.289,1.0,,1787593061814.297,15.115,-0.64,12.92,0.35,1787593061814.297,False,,,2,OP1,C2_WIFI_CARGA_MEDIA,N3
,0.509,0.382,0.288,1.0,,1787593061845.4766,15.08,-0.72,12.92,0.35,1787593061846.9966,False,,,2,OP1,C2_WIFI_CARGA_MEDIA,N3
,0.509,0.382,0.287,1.0,,1787593061885.42,15.045,-0.72,12.92,0.35,1787593061885.42,False,,,2,OP1,C2_WIFI_CARGA_MEDIA,N3
,0.508,0.382,0.283,1.0,,1787593061931.2607,14.905,-0.64,12.92,0.35,1787593061931.2607,False,,,2,OP1,C2_WIFI_CARGA_MEDIA,N3
,0.507,0.382,0.282,1.0,,1787593061993.8303,14.87,-0.56,12.92,0.35,1787593061993.8303,False,,,2,OP1,C2_WIFI_CARGA_MEDIA,N3
,0.506,0.382,0.281,1.0,,1787593062024.693,14.835,-0.48,12.92,0.35,1787593062024.693,False,,,2,OP1,C2_WIFI_CARGA_MEDIA,N3
,0.506,0.382,0.282,1.0,,1787593062048.0967,14.87,-0.48,12.92,0.35,1787593062048.0967,False,,,2,OP1,C2_WIFI_CARGA_MEDIA,N3
,0.506,0.383,0.284,1.0,,1787593062083.1626,14.94,-0.48,12.98,0.35,1787593062083.1626,False,,,2,OP1,C2_WIFI_CARGA_MEDIA,N3
,0.506,0.383,0.284,1.0,,1787593062126.6038,14.94,-0.48,12.98,0.35,1787593062126.6038,False,,,2,OP1,C2_WIFI_CARGA_MEDIA,N3
,0.506,0.384,0.285,1.0,,1787593062149.0437,14.975,-0.48,13.04,0.35,1787593062149.0437,False,,,2,OP1,C2_WIFI_CARGA_MEDIA,N3
,0.506,0.384,0.284,1.0,,1787593062187.5264,14.94,-0.48,13.04,0.35,1787593062187.5264,False,,,2,OP1,C2_WIFI_CARGA_MEDIA,N3
,0.506,0.385,0.283,1.0,,1787593062232.4397,14.905,-0.48,13.1,0.35,1787593062232.4397,False,,,2,OP1,C2_WIFI_CARGA_MEDIA,N3
,0.506,0.385,0.283,1.0,,1787593062267.1006,14.905,-0.48,13.1,0.35,1787593062267.1006,False,,,2,OP1,C2_WIFI_CARGA_MEDIA,N3
,0.506,0.386,0.284,1.0,,1787593062287.9436,14.94,-0.48,13.16,0.35,1787593062287.9436,False,,,2,OP1,C2_WIFI_CARGA_MEDIA,N3
,0.506,0.386,0.284,1.0,,1787593062327.1235,14.94,-0.48,13.16,0.35,1787593062327.1235,False,,,2,OP1,C2_WIFI_CARGA_MEDIA,N3
,0.506,0.386,0.285,1.0,,1787593062351.36,14.975,-0.48,13.16,0.35,1787593062351.6887,False,,,2,OP1,C2_WIFI_CARGA_MEDIA,N3
,0.506,0.386,0.286,1.0,,1787593062386.9526,15.01,-0.48,13.16,0.35,1787593062387.9504,False,,,2,OP1,C2_WIFI_CARGA_MEDIA,N3
,0.506,0.385,0.289,1.0,,1787593062429.2764,15.115,-0.48,13.1,0.35,1787593062429.2764,False,,,2,OP1,C2_WIFI_CARGA_MEDIA,N3
,0.506,0.385,0.289,1.0,,1787593062452.7175,15.115,-0.48,13.1,0.35,1787593062454.726,False,,,2,OP1,C2_WIFI_CARGA_MEDIA,N3
,0.506,0.385,0.289,1.0,,1787593062493.518,15.115,-0.48,13.1,0.35,1787593062493.518,False,,,2,OP1,C2_WIFI_CARGA_MEDIA,N3
,0.505,0.385,0.289,1.0,,1787593062526.5596,15.115,-0.4,13.1,0.35,1787593062526.5596,False,,,2,OP1,C2_WIFI_CARGA_MEDIA,N3
,0.505,0.385,0.289,1.0,,1787593062550.885,15.115,-0.4,13.1,0.35,1787593062550.885,False,,,2,OP1,C2_WIFI_CARGA_MEDIA,N3
,0.505,0.386,0.289,1.0,,1787593062583.0933,15.115,-0.4,13.16,0.35,1787593062583.0933,False,,,2,OP1,C2_WIFI_CARGA_MEDIA,N3
,0.505,0.386,0.29,1.0,,1787593062630.131,15.15,-0.4,13.16,0.35,1787593062630.131,False,,,2,OP1,C2_WIFI_CARGA_MEDIA,N3
,0.505,0.387,0.289,1.0,,1787593062652.59,15.115,-0.4,13.22,0.35,1787593062653.6013,False,,,2,OP1,C2_WIFI_CARGA_MEDIA,N3
,0.505,0.387,0.289,1.0,,1787593062693.2588,15.115,-0.4,13.22,0.35,1787593062695.2646,False,,,2,OP1,C2_WIFI_CARGA_MEDIA,N3
,0.505,0.387,0.289,1.0,,1787593062723.4124,15.115,-0.4,13.22,0.35,1787593062723.4124,False,,,2,OP1,C2_WIFI_CARGA_MEDIA,N3
,0.505,0.387,0.289,1.0,,1787593062747.0525,15.115,-0.4,13.22,0.35,1787593062747.0525,False,,,2,OP1,C2_WIFI_CARGA_MEDIA,N3
,0.506,0.388,0.289,1.0,,1787593062794.6084,15.115,-0.48,13.28,0.35,1787593062796.7246,False,,,2,OP1,C2_WIFI_CARGA_MEDIA,N3
,0.506,0.388,0.288,1.0,,1787593062828.8506,15.08,-0.48,13.28,0.35,1787593062828.8506,False,,,2,OP1,C2_WIFI_CARGA_MEDIA,N3
,0.506,0.388,0.286,1.0,,1787593062854.4055,15.01,-0.48,13.28,0.35,1787593062856.4197,False,,,2,OP1,C2_WIFI_CARGA_MEDIA,N3
,0.506,0.388,0.285,1.0,,1787593062889.277,14.975,-0.48,13.28,0.35,1787593062890.277,False,,,2,OP1,C2_WIFI_CARGA_MEDIA,N3
,0.506,0.389,0.282,1.0,,1787593062929.952,14.87,-0.48,13.34,0.35,1787593062930.3386,False,,,2,OP1,C2_WIFI_CARGA_MEDIA,N3
,0.506,0.389,0.282,1.0,,1787593062963.4983,14.87,-0.48,13.34,0.35,1787593062963.4983,False,,,2,OP1,C2_WIFI_CARGA_MEDIA,N3
,0.506,0.389,0.28,1.0,,1787593062988.298,14.8,-0.48,13.34,0.35,1787593062988.6746,False,,,2,OP1,C2_WIFI_CARGA_MEDIA,N3
,0.506,0.389,0.279,1.0,,1787593063027.7786,14.765,-0.48,13.34,0.35,1787593063027.7786,False,,,2,OP1,C2_WIFI_CARGA_MEDIA,N3
,0.506,0.389,0.28,1.0,,1787593063072.1812,14.8,-0.48,13.34,0.35,1787593063085.8848,False,,,2,OP1,C2_WIFI_CARGA_MEDIA,N3
,0.505,0.389,0.279,1.0,,1787593063133.4902,14.765,-0.4,13.34,0.35,1787593063133.4902,False,,,2,OP1,C2_WIFI_CARGA_MEDIA,N3
,0.505,0.389,0.279,1.0,,1787593063166.3125,14.765,-0.4,13.34,0.35,1787593063167.0674,False,,,2,OP1,C2_WIFI_CARGA_MEDIA,N3
,0.505,0.389,0.278,1.0,,1787593063192.6724,14.73,-0.4,13.34,0.35,1787593063192.6724,False,,,2,OP1,C2_WIFI_CARGA_MEDIA,N3
,0.505,0.389,0.277,1.0,,1787593063215.8389,14.695,-0.4,13.34,0.35,1787593063224.0002,False,,,2,OP1,C2_WIFI_CARGA_MEDIA,N3
,0.506,0.388,0.277,1.0,,1787593063262.0105,14.695,-0.48,13.28,0.35,1787593063262.0105,False,,,2,OP1,C2_WIFI_CARGA_MEDIA,N3
,0.506,0.388,0.277,1.0,,1787593063289.5598,14.695,-0.48,13.28,0.35,1787593063291.8032,False,,,2,OP1,C2_WIFI_CARGA_MEDIA,N3
,0.506,0.388,0.277,1.0,,1787593063333.405,14.695,-0.48,13.28,0.35,1787593063333.405,False,,,2,OP1,C2_WIFI_CARGA_MEDIA,N3
,0.506,0.388,0.277,1.0,,1787593063360.6084,14.695,-0.48,13.28,0.35,1787593063362.62,False,,,2,OP1,C2_WIFI_CARGA_MEDIA,N3
,0.506,0.387,0.276,1.0,,1787593063390.671,14.66,-0.48,13.22,0.35,1787593063391.1804,False,,,2,OP1,C2_WIFI_CARGA_MEDIA,N3
,0.506,0.387,0.277,1.0,,1787593063434.0232,14.695,-0.48,13.22,0.35,1787593063435.3044,False,,,2,OP1,C2_WIFI_CARGA_MEDIA,N3
,0.506,0.386,0.276,1.0,,1787593063468.042,14.66,-0.48,13.16,0.35,1787593063468.042,False,,,2,OP1,C2_WIFI_CARGA_MEDIA,N3
,0.506,0.386,0.277,1.0,,1787593063529.6604,14.695,-0.48,13.16,0.35,1787593063529.6604,False,,,2,OP1,C2_WIFI_CARGA_MEDIA,N3
,0.506,0.386,0.277,1.0,,1787593063559.7725,14.695,-0.48,13.16,0.35,1787593063560.5916,False,,,2,OP1,C2_WIFI_CARGA_MEDIA,N3
,0.506,0.386,0.277,1.0,,1787593063595.888,14.695,-0.48,13.16,0.35,1787593063596.8958,False,,,2,OP1,C2_WIFI_CARGA_MEDIA,N3
,0.507,0.385,0.278,1.0,,1787593063625.8748,14.73,-0.56,13.1,0.35,1787593063626.8909,False,,,2,OP1,C2_WIFI_CARGA_MEDIA,N3
,0.507,0.385,0.278,1.0,,1787593063672.3782,14.73,-0.56,13.1,0.35,1787593063672.3782,False,,,2,OP1,C2_WIFI_CARGA_MEDIA,N3
,0.507,0.384,0.278,1.0,,1787593063699.3306,14.73,-0.56,13.04,0.35,1787593063699.3306,False,,,2,OP1,C2_WIFI_CARGA_MEDIA,N3
,0.507,0.384,0.278,1.0,,1787593063727.9866,14.73,-0.56,13.04,0.35,1787593063729.068,False,,,2,OP1,C2_WIFI_CARGA_MEDIA,N3
,0.507,0.384,0.278,1.0,,1787593063763.5776,14.73,-0.56,13.04,0.35,1787593063763.5776,False,,,2,OP1,C2_WIFI_CARGA_MEDIA,N3
,0.506,0.385,0.277,1.0,,1787593063799.2402,14.695,-0.48,13.1,0.35,1787593063799.2402,False,,,2,OP1,C2_WIFI_CARGA_MEDIA,N3
,0.505,0.386,0.276,1.0,,1787593063828.2793,14.66,-0.4,13.16,0.35,1787593063829.3008,False,,,2,OP1,C2_WIFI_CARGA_MEDIA,N3
,0.505,0.385,0.276,1.0,,1787593063872.7964,14.66,-0.4,13.1,0.35,1787593063872.7964,False,,,2,OP1,C2_WIFI_CARGA_MEDIA,N3
,0.505,0.385,0.276,1.0,,1787593063899.0964,14.66,-0.4,13.1,0.35,1787593063899.0964,False,,,2,OP1,C2_WIFI_CARGA_MEDIA,N3
,0.505,0.385,0.276,1.0,,1787593063926.842,14.66,-0.4,13.1,0.35,1787593063929.1753,False,,,2,OP1,C2_WIFI_CARGA_MEDIA,N3
,0.506,0.385,0.277,1.0,,1787593063957.31,14.695,-0.48,13.1,0.35,1787593063961.8923,False,,,2,OP1,C2_WIFI_CARGA_MEDIA,N3
,0.506,0.385,0.277,1.0,,1787593064008.828,14.695,-0.48,13.1,0.35,1787593064008.828,False,,,2,OP1,C2_WIFI_CARGA_MEDIA,N3
,0.506,0.385,0.277,1.0,,1787593064032.6814,14.695,-0.48,13.1,0.35,1787593064032.6814,False,,,2,OP1,C2_WIFI_CARGA_MEDIA,N3
,0.506,0.386,0.278,1.0,,1787593064067.455,14.73,-0.48,13.16,0.35,1787593064067.455,False,,,2,OP1,C2_WIFI_CARGA_MEDIA,N3
,0.506,0.386,0.279,1.0,,1787593064123.9585,14.765,-0.48,13.16,0.35,1787593064123.9585,False,,,2,OP1,C2_WIFI_CARGA_MEDIA,N3
,0.506,0.387,0.28,1.0,,1787593064157.8582,14.8,-0.48,13.22,0.35,1787593064157.8582,False,,,2,OP1,C2_WIFI_CARGA_MEDIA,N3
,0.506,0.387,0.28,1.0,,1787593064207.978,14.8,-0.48,13.22,0.35,1787593064207.978,False,,,2,OP1,C2_WIFI_CARGA_MEDIA,N3
,0.506,0.387,0.28,1.0,,1787593064233.088,14.8,-0.48,13.22,0.35,1787593064233.088,False,,,2,OP1,C2_WIFI_CARGA_MEDIA,N3
,0.506,0.387,0.281,1.0,,1787593064267.8936,14.835,-0.48,13.22,0.35,1787593064267.8936,False,,,2,OP1,C2_WIFI_CARGA_MEDIA,N3
,0.505,0.386,0.281,1.0,,1787593064312.1616,14.835,-0.4,13.16,0.35,1787593064312.1616,False,,,2,OP1,C2_WIFI_CARGA_MEDIA,N3
,0.505,0.386,0.28,1.0,,1787593064377.2952,14.8,-0.4,13.16,0.35,1787593064377.2952,False,,,2,OP1,C2_WIFI_CARGA_MEDIA,N3
,0.505,0.386,0.279,1.0,,1787593064405.4888,14.765,-0.4,13.16,0.35,1787593064405.4888,False,,,2,OP1,C2_WIFI_CARGA_MEDIA,N3
,0.505,0.386,0.278,1.0,,1787593064435.1992,14.73,-0.4,13.16,0.35,1787593064435.1992,False,,,2,OP1,C2_WIFI_CARGA_MEDIA,N3
,0.505,0.387,0.277,1.0,,1787593064459.259,14.695,-0.4,13.22,0.35,1787593064464.6973,False,,,2,OP1,C2_WIFI_CARGA_MEDIA,N3
,0.506,0.387,0.278,1.0,,1787593064483.9275,14.73,-0.48,13.22,0.35,1787593064483.9275,False,,,2,OP1,C2_WIFI_CARGA_MEDIA,N3
,0.505,0.388,0.277,1.0,,1787593064509.2266,14.695,-0.4,13.28,0.35,1787593064509.2266,False,,,2,OP1,C2_WIFI_CARGA_MEDIA,N3
,0.505,0.388,0.277,1.0,,1787593064535.2463,14.695,-0.4,13.28,0.35,1787593064535.2463,False,,,2,OP1,C2_WIFI_CARGA_MEDIA,N3
,0.505,0.388,0.277,1.0,,1787593064574.2393,14.695,-0.4,13.28,0.35,1787593064574.2393,False,,,2,OP1,C2_WIFI_CARGA_MEDIA,N3
,0.504,0.387,0.279,1.0,,1787593064610.567,14.765,-0.32,13.22,0.35,1787593064610.567,False,,,2,OP1,C2_WIFI_CARGA_MEDIA,N3
,0.504,0.386,0.283,1.0,,1787593064633.944,14.905,-0.32,13.16,0.35,1787593064633.944,False,,,2,OP1,C2_WIFI_CARGA_MEDIA,N3
,0.504,0.383,0.287,1.0,,1787593064681.3408,15.045,-0.32,12.98,0.35,1787593064681.3408,False,,,2,OP1,C2_WIFI_CARGA_MEDIA,N3
,0.503,0.383,0.288,1.0,,1787593064708.1438,15.08,-0.24,12.98,0.35,1787593064708.1438,False,,,2,OP1,C2_WIFI_CARGA_MEDIA,N3
,0.503,0.383,0.287,1.0,,1787593064766.0232,15.045,-0.24,12.98,0.35,1787593064766.0232,False,,,2,OP1,C2_WIFI_CARGA_MEDIA,N3
,0.503,0.384,0.285,1.0,,1787593064823.9504,14.975,-0.24,13.04,0.35,1787593064825.9626,False,,,2,OP1,C2_WIFI_CARGA_MEDIA,N3
,0.503,0.385,0.282,1.0,,1787593064878.8655,14.87,-0.24,13.1,0.35,1787593064878.8655,False,,,2,OP1,C2_WIFI_CARGA_MEDIA,N3
,0.503,0.385,0.281,1.0,,1787593064908.466,14.835,-0.24,13.1,0.35,1787593064908.466,False,,,2,OP1,C2_WIFI_CARGA_MEDIA,N3
,0.504,0.385,0.278,1.0,,1787593064940.5383,14.73,-0.32,13.1,0.35,1787593064941.125,False,,,2,OP1,C2_WIFI_CARGA_MEDIA,N3
,0.504,0.385,0.276,1.0,,1787593064986.0205,14.66,-0.32,13.1,0.35,1787593064987.458,False,,,2,OP1,C2_WIFI_CARGA_MEDIA,N3
,0.505,0.385,0.274,1.0,,1787593065018.9785,14.59,-0.4,13.1,0.35,1787593065020.4949,False,,,2,OP1,C2_WIFI_CARGA_MEDIA,N3
,0.506,0.384,0.271,1.0,,1787593065075.29,14.485,-0.48,13.04,0.35,1787593065075.29,False,,,2,OP1,C2_WIFI_CARGA_MEDIA,N3
,0.507,0.383,0.267,1.0,,1787593065124.889,14.345,-0.56,12.98,0.35,1787593065124.889,False,,,2,OP1,C2_WIFI_CARGA_MEDIA,N3
,0.509,0.382,0.265,1.0,,1787593065177.7366,14.275,-0.72,12.92,0.35,1787593065177.7366,False,,,2,OP1,C2_WIFI_CARGA_MEDIA,N3
,0.51,0.382,0.264,1.0,,1787593065241.3704,14.24,-0.8,12.92,0.35,1787593065241.3704,False,,,2,OP1,C2_WIFI_CARGA_MEDIA,N3
,0.51,0.382,0.264,1.0,,1787593065397.069,14.24,-0.8,12.92,0.35,1787593065397.069,False,,,2,OP1,C2_WIFI_CARGA_MEDIA,N3
,0.511,0.379,0.259,1.0,,1787593065436.8398,14.065,-0.88,12.74,0.35,1787593065436.8398,False,,,2,OP1,C2_WIFI_CARGA_MEDIA,N3
,0.512,0.379,0.257,1.0,,1787593065490.3557,13.995,-0.96,12.74,0.35,1787593065490.3557,False,,,2,OP1,C2_WIFI_CARGA_MEDIA,N3
,0.512,0.378,0.257,1.0,,1787593065516.2478,13.995,-0.96,12.68,0.35,1787593065520.3,False,,,2,OP1,C2_WIFI_CARGA_MEDIA,N3
,0.512,0.379,0.255,1.0,,1787593065558.97,13.925,-0.96,12.74,0.35,1787593065558.97,False,,,2,OP1,C2_WIFI_CARGA_MEDIA,N3
,0.512,0.38,0.255,1.0,,1787593065598.0415,13.925,-0.96,12.8,0.35,1787593065598.6191,False,,,2,OP1,C2_WIFI_CARGA_MEDIA,N3
,0.513,0.38,0.257,1.0,,1787593065621.537,13.995,-1.04,12.8,0.35,1787593065634.064,False,,,2,OP1,C2_WIFI_CARGA_MEDIA,N3
,0.514,0.38,0.259,1.0,,1787593065681.901,14.065,-1.12,12.8,0.35,1787593065681.901,False,,,2,OP1,C2_WIFI_CARGA_MEDIA,N3
,0.514,0.38,0.259,1.0,,1787593065715.757,14.065,-1.12,12.8,0.35,1787593065715.757,False,,,2,OP1,C2_WIFI_CARGA_MEDIA,N3
,0.515,0.381,0.26,1.0,,1787593065764.7756,14.1,-1.2,12.86,0.35,1787593065764.7756,False,,,2,OP1,C2_WIFI_CARGA_MEDIA,N3
,0.515,0.381,0.26,1.0,,1787593065788.4385,14.1,-1.2,12.86,0.35,1787593065790.4272,False,,,2,OP1,C2_WIFI_CARGA_MEDIA,N3
,0.516,0.381,0.261,1.0,,1787593065827.261,14.135,-1.28,12.86,0.35,1787593065827.261,False,,,2,OP1,C2_WIFI_CARGA_MEDIA,N3
,0.517,0.381,0.27,1.0,,1787593065881.9785,14.45,-1.36,12.86,0.35,1787593065881.9785,False,,,2,OP1,C2_WIFI_CARGA_MEDIA,N3
,0.517,0.381,0.268,1.0,,1787593065908.8738,14.38,-1.36,12.86,0.35,1787593065908.8738,False,,,2,OP1,C2_WIFI_CARGA_MEDIA,N3
,0.517,0.382,0.268,1.0,,1787593065961.9363,14.38,-1.36,12.92,0.35,1787593065961.9363,False,,,2,OP1,C2_WIFI_CARGA_MEDIA,N3
,0.517,0.382,0.268,1.0,,1787593065982.4268,14.38,-1.36,12.92,0.35,1787593065982.4268,False,,,2,OP1,C2_WIFI_CARGA_MEDIA,N3
,0.517,0.382,0.267,1.0,,1787593066022.2195,14.345,-1.36,12.92,0.35,1787593066022.2195,False,,,2,OP1,C2_WIFI_CARGA_MEDIA,N3
,0.517,0.383,0.267,1.0,,1787593066069.752,14.345,-1.36,12.98,0.35,1787593066069.752,False,,,2,OP1,C2_WIFI_CARGA_MEDIA,N3
,0.517,0.384,0.267,1.0,,1787593066106.0076,14.345,-1.36,13.04,0.35,1787593066107.007,False,,,2,OP1,C2_WIFI_CARGA_MEDIA,N3
,0.517,0.384,0.268,1.0,,1787593066133.9275,14.38,-1.36,13.04,0.35,1787593066134.3232,False,,,2,OP1,C2_WIFI_CARGA_MEDIA,N3
,0.518,0.384,0.267,1.0,,1787593066183.55,14.345,-1.44,13.04,0.35,1787593066183.55,False,,,2,OP1,C2_WIFI_CARGA_MEDIA,N3
,0.518,0.384,0.266,1.0,,1787593066213.5703,14.31,-1.44,13.04,0.35,1787593066217.1338,False,,,2,OP1,C2_WIFI_CARGA_MEDIA,N3
,0.518,0.383,0.265,1.0,,1787593066236.9397,14.275,-1.44,12.98,0.35,1787593066236.9397,False,,,2,OP1,C2_WIFI_CARGA_MEDIA,N3
,0.517,0.383,0.264,1.0,,1787593066269.6917,14.24,-1.36,12.98,0.35,1787593066273.8547,False,,,2,OP1,C2_WIFI_CARGA_MEDIA,N3
,0.518,0.382,0.259,1.0,,1787593066313.3987,14.065,-1.44,12.92,0.35,1787593066313.3987,False,,,2,OP1,C2_WIFI_CARGA_MEDIA,N3
,0.517,0.381,0.257,1.0,,1787593066335.6587,13.995,-1.36,12.86,0.35,1787593066336.7708,False,,,2,OP1,C2_WIFI_CARGA_MEDIA,N3
,0.517,0.382,0.255,1.0,,1787593066375.0215,13.925,-1.36,12.92,0.35,1787593066375.0215,False,,,2,OP1,C2_WIFI_CARGA_MEDIA,N3
,0.517,0.382,0.253,1.0,,1787593066408.9834,13.855,-1.36,12.92,0.35,1787593066408.9834,False,,,2,OP1,C2_WIFI_CARGA_MEDIA,N3
,0.517,0.383,0.252,1.0,,1787593066467.481,13.82,-1.36,12.98,0.35,1787593066468.0493,False,,,2,OP1,C2_WIFI_CARGA_MEDIA,N3
,0.517,0.383,0.252,1.0,,1787593066513.092,13.82,-1.36,12.98,0.35,1787593066513.092,False,,,2,OP1,C2_WIFI_CARGA_MEDIA,N3
,0.517,0.383,0.252,1.0,,1787593066533.4314,13.82,-1.36,12.98,0.35,1787593066533.4314,False,,,2,OP1,C2_WIFI_CARGA_MEDIA,N3
,0.516,0.383,0.253,1.0,,1787593066576.3108,13.855,-1.28,12.98,0.35,1787593066578.3225,False,,,2,OP1,C2_WIFI_CARGA_MEDIA,N3
,0.516,0.383,0.253,1.0,,1787593066634.4138,13.855,-1.28,12.98,0.35,1787593066635.5378,False,,,2,OP1,C2_WIFI_CARGA_MEDIA,N3
,0.516,0.383,0.254,1.0,,1787593066660.087,13.89,-1.28,12.98,0.35,1787593066660.087,False,,,2,OP1,C2_WIFI_CARGA_MEDIA,N3
,0.515,0.382,0.254,1.0,,1787593066718.3662,13.89,-1.2,12.92,0.35,1787593066718.3662,False,,,2,OP1,C2_WIFI_CARGA_MEDIA,N3
,0.514,0.382,0.254,1.0,,1787593066766.8213,13.89,-1.12,12.92,0.35,1787593066766.8213,False,,,2,OP1,C2_WIFI_CARGA_MEDIA,N3
,0.514,0.381,0.255,1.0,,1787593066828.4067,13.925,-1.12,12.86,0.35,1787593066828.4067,False,,,2,OP1,C2_WIFI_CARGA_MEDIA,N3
,0.514,0.379,0.257,1.0,,1787593066884.7537,13.995,-1.12,12.74,0.35,1787593066884.7537,False,,,2,OP1,C2_WIFI_CARGA_MEDIA,N3
,0.512,0.377,0.262,1.0,,1787593066937.4893,14.17,-0.96,12.62,0.35,1787593066937.4893,False,,,2,OP1,C2_WIFI_CARGA_MEDIA,N3
,0.511,0.376,0.265,1.0,,1787593066969.2925,14.275,-0.88,12.56,0.35,1787593066969.2925,False,,,2,OP1,C2_WIFI_CARGA_MEDIA,N3
,0.51,0.375,0.269,1.0,,1787593067108.122,14.415,-0.8,12.5,0.35,1787593067108.122,False,,,2,OP1,C2_WIFI_CARGA_MEDIA,N3
,0.508,0.372,0.283,1.0,,1787593067145.5378,14.905,-0.64,12.32,0.35,1787593067146.5566,False,,,2,OP1,C2_WIFI_CARGA_MEDIA,N3
,0.507,0.37,0.294,1.0,,1787593067185.1367,15.29,-0.56,12.2,0.35,1787593067185.1367,False,,,2,OP1,C2_WIFI_CARGA_MEDIA,N3
,0.504,0.366,0.306,1.0,,1787593067245.1897,15.71,-0.32,11.96,0.35,1787593067246.0598,False,,,2,OP1,C2_WIFI_CARGA_MEDIA,N3
,0.503,0.365,0.308,1.0,,1787593067271.8423,15.78,-0.24,11.9,0.35,1787593067277.1648,False,,,2,OP1,C2_WIFI_CARGA_MEDIA,N3
,0.502,0.365,0.311,1.0,,1787593067326.3413,15.885,-0.16,11.9,0.35,1787593067326.3413,False,,,2,OP1,C2_WIFI_CARGA_MEDIA,N3
,0.501,0.364,0.313,1.0,,1787593067346.7463,15.955,-0.08,11.84,0.35,1787593067346.7463,False,,,2,OP1,C2_WIFI_CARGA_MEDIA,N3
,0.5,0.364,0.316,1.0,,1787593067386.3728,16.06,0.0,11.84,0.35,1787593067387.6946,False,,,2,OP1,C2_WIFI_CARGA_MEDIA,N3
,0.499,0.364,0.318,1.0,,1787593067440.75,16.13,0.08,11.84,0.35,1787593067442.765,False,,,2,OP1,C2_WIFI_CARGA_MEDIA,N3
,0.494,0.363,0.321,1.0,,1787593067496.959,16.235,0.48,11.78,0.35,1787593067496.959,False,,,2,OP1,C2_WIFI_CARGA_MEDIA,N3
,0.49,0.362,0.327,1.0,,1787593067547.8333,16.445,0.8,11.72,0.35,1787593067553.9517,False,,,2,OP1,C2_WIFI_CARGA_MEDIA,N3
,0.488,0.362,0.331,1.0,,1787593067713.182,16.585,0.96,11.72,0.35,1787593067713.182,False,,,2,OP1,C2_WIFI_CARGA_MEDIA,N3
,0.485,0.364,0.334,1.0,,1787593067758.9873,16.69,1.2,11.84,0.35,1787593067758.9873,False,,,2,OP1,C2_WIFI_CARGA_MEDIA,N3
,0.485,0.365,0.334,1.0,,1787593067800.6296,16.69,1.2,11.9,0.35,1787593067800.6296,False,,,2,OP1,C2_WIFI_CARGA_MEDIA,N3
,0.485,0.365,0.335,1.0,,1787593067828.0828,16.725,1.2,11.9,0.35,1787593067828.0828,False,,,2,OP1,C2_WIFI_CARGA_MEDIA,N3
,0.485,0.365,0.335,1.0,,1787593067850.5037,16.725,1.2,11.9,0.35,1787593067850.5037,False,,,2,OP1,C2_WIFI_CARGA_MEDIA,N3
,0.485,0.365,0.334,1.0,,1787593067898.3066,16.69,1.2,11.9,0.35,1787593067898.3066,False,,,2,OP1,C2_WIFI_CARGA_MEDIA,N3
,0.485,0.366,0.333,1.0,,1787593067938.6924,16.655,1.2,11.96,0.35,1787593067938.6924,False,,,2,OP1,C2_WIFI_CARGA_MEDIA,N3
,0.485,0.366,0.333,1.0,,1787593067960.557,16.655,1.2,11.96,0.35,1787593067962.16,False,,,2,OP1,C2_WIFI_CARGA_MEDIA,N3
,0.486,0.367,0.333,1.0,,1787593067997.173,16.655,1.12,12.02,0.35,1787593067999.184,False,,,2,OP1,C2_WIFI_CARGA_MEDIA,N3
,0.486,0.366,0.333,1.0,,1787593068042.0986,16.655,1.12,11.96,0.35,1787593068042.0986,False,,,2,OP1,C2_WIFI_CARGA_MEDIA,N3
,0.486,0.366,0.332,1.0,,1787593068063.5476,16.62,1.12,11.96,0.35,1787593068063.5476,False,,,2,OP1,C2_WIFI_CARGA_MEDIA,N3
,0.486,0.366,0.332,1.0,,1787593068234.913,16.62,1.12,11.96,0.35,1787593068234.913,False,,,2,OP1,C2_WIFI_CARGA_MEDIA,N3
,0.49,0.367,0.326,1.0,,1787593068266.6255,16.41,0.8,12.02,0.35,1787593068266.6255,False,,,2,OP1,C2_WIFI_CARGA_MEDIA,N3
,0.492,0.367,0.323,1.0,,1787593068304.3357,16.305,0.64,12.02,0.35,1787593068306.3433,False,,,2,OP1,C2_WIFI_CARGA_MEDIA,N3
,0.494,0.368,0.319,1.0,,1787593068332.0725,16.165,0.48,12.08,0.35,1787593068332.0725,False,,,2,OP1,C2_WIFI_CARGA_MEDIA,N3
,0.498,0.367,0.312,1.0,,1787593068374.4006,15.92,0.16,12.02,0.35,1787593068374.4006,False,,,2,OP1,C2_WIFI_CARGA_MEDIA,N3
,0.499,0.367,0.312,1.0,,1787593068408.558,15.92,0.08,12.02,0.35,1787593068408.558,False,,,2,OP1,C2_WIFI_CARGA_MEDIA,N3
,0.499,0.367,0.312,1.0,,1787593068443.284,15.92,0.08,12.02,0.35,1787593068443.284,False,,,2,OP1,C2_WIFI_CARGA_MEDIA,N3
,0.5,0.367,0.313,1.0,,1787593068466.6177,15.955,0.0,12.02,0.35,1787593068467.2483,False,,,2,OP1,C2_WIFI_CARGA_MEDIA,N3
,0.5,0.366,0.314,1.0,,1787593068497.2737,15.99,0.0,11.96,0.35,1787593068499.4895,False,,,2,OP1,C2_WIFI_CARGA_MEDIA,N3
,0.5,0.366,0.316,1.0,,1787593068544.6306,16.06,0.0,11.96,0.35,1787593068544.6306,False,,,2,OP1,C2_WIFI_CARGA_MEDIA,N3
,0.5,0.366,0.317,1.0,,1787593068564.7527,16.095,0.0,11.96,0.35,1787593068565.7517,False,,,2,OP1,C2_WIFI_CARGA_MEDIA,N3
,0.5,0.365,0.318,1.0,,1787593068608.5986,16.13,0.0,11.9,0.35,1787593068608.5986,False,,,2,OP1,C2_WIFI_CARGA_MEDIA,N3
,0.501,0.365,0.318,1.0,,1787593068635.5234,16.13,-0.08,11.9,0.35,1787593068635.5234,False,,,2,OP1,C2_WIFI_CARGA_MEDIA,N3
,0.501,0.365,0.318,1.0,,1787593068664.9773,16.13,-0.08,11.9,0.35,1787593068665.9912,False,,,2,OP1,C2_WIFI_CARGA_MEDIA,N3
,0.501,0.366,0.319,1.0,,1787593068712.785,16.165,-0.08,11.96,0.35,1787593068716.2195,False,,,2,OP1,C2_WIFI_CARGA_MEDIA,N3
,0.5,0.366,0.317,1.0,,1787593068744.8706,16.095,0.0,11.96,0.35,1787593068746.0024,False,,,2,OP1,C2_WIFI_CARGA_MEDIA,N3
,0.5,0.366,0.317,1.0,,1787593068769.28,16.095,0.0,11.96,0.35,1787593068771.2715,False,,,2,OP1,C2_WIFI_CARGA_MEDIA,N3
,0.5,0.366,0.318,1.0,,1787593068805.9504,16.13,0.0,11.96,0.35,1787593068805.9504,False,,,2,OP1,C2_WIFI_CARGA_MEDIA,N3
,0.5,0.365,0.318,1.0,,1787593068860.5415,16.13,0.0,11.9,0.35,1787593068860.5415,False,,,2,OP1,C2_WIFI_CARGA_MEDIA,N3
,0.5,0.365,0.319,1.0,,1787593068884.4182,16.165,0.0,11.9,0.35,1787593068884.4182,False,,,2,OP1,C2_WIFI_CARGA_MEDIA,N3
,0.5,0.365,0.32,1.0,,1787593068910.3096,16.2,0.0,11.9,0.35,1787593068910.3096,False,,,2,OP1,C2_WIFI_CARGA_MEDIA,N3
,0.5,0.365,0.32,1.0,,1787593068945.7708,16.2,0.0,11.9,0.35,1787593068945.7708,False,,,2,OP1,C2_WIFI_CARGA_MEDIA,N3
,0.5,0.366,0.319,1.0,,1787593068968.0337,16.165,0.0,11.96,0.35,1787593068968.0337,False,,,2,OP1,C2_WIFI_CARGA_MEDIA,N3
,0.5,0.367,0.319,1.0,,1787593069001.908,16.165,0.0,12.02,0.35,1787593069001.908,False,,,2,OP1,C2_WIFI_CARGA_MEDIA,N3
,0.5,0.369,0.317,1.0,,1787593069047.0393,16.095,0.0,12.14,0.35,1787593069047.0393,False,,,2,OP1,C2_WIFI_CARGA_MEDIA,N3
,0.5,0.37,0.316,1.0,,1787593069068.177,16.06,0.0,12.2,0.35,1787593069068.177,False,,,2,OP1,C2_WIFI_CARGA_MEDIA,N3
,0.5,0.371,0.316,1.0,,1787593069111.0522,16.06,0.0,12.26,0.35,1787593069113.5588,False,,,2,OP1,C2_WIFI_CARGA_MEDIA,N3
,0.5,0.371,0.315,1.0,,1787593069138.8313,16.025,0.0,12.26,0.35,1787593069139.8447,False,,,2,OP1,C2_WIFI_CARGA_MEDIA,N3
,0.5,0.372,0.315,1.0,,1787593069166.208,16.025,0.0,12.32,0.35,1787593069168.231,False,,,2,OP1,C2_WIFI_CARGA_MEDIA,N3
,0.5,0.372,0.315,1.0,,1787593069211.8853,16.025,0.0,12.32,0.35,1787593069211.8853,False,,,2,OP1,C2_WIFI_CARGA_MEDIA,N3
,0.5,0.373,0.315,1.0,,1787593069248.8982,16.025,0.0,12.38,0.35,1787593069248.8982,False,,,2,OP1,C2_WIFI_CARGA_MEDIA,N3
,0.5,0.374,0.318,1.0,,1787593069307.275,16.13,0.0,12.44,0.35,1787593069307.275,False,,,2,OP1,C2_WIFI_CARGA_MEDIA,N3
,0.499,0.375,0.321,1.0,,1787593069350.5305,16.235,0.08,12.5,0.35,1787593069350.5305,False,,,2,OP1,C2_WIFI_CARGA_MEDIA,N3
,0.499,0.375,0.323,1.0,,1787593069371.5503,16.305,0.08,12.5,0.35,1787593069372.6697,False,,,2,OP1,C2_WIFI_CARGA_MEDIA,N3
,0.499,0.374,0.324,1.0,,1787593069417.5486,16.34,0.08,12.44,0.35,1787593069417.5486,False,,,2,OP1,C2_WIFI_CARGA_MEDIA,N3
,0.499,0.374,0.324,1.0,,1787593069446.1108,16.34,0.08,12.44,0.35,1787593069446.6196,False,,,2,OP1,C2_WIFI_CARGA_MEDIA,N3
,0.499,0.374,0.325,1.0,,1787593069471.3086,16.375,0.08,12.44,0.35,1787593069473.3184,False,,,2,OP1,C2_WIFI_CARGA_MEDIA,N3
,0.5,0.373,0.326,1.0,,1787593069498.0923,16.41,0.0,12.38,0.35,1787593069503.3445,False,,,2,OP1,C2_WIFI_CARGA_MEDIA,N3
,0.502,0.372,0.326,1.0,,1787593069552.286,16.41,-0.16,12.32,0.35,1787593069554.2927,False,,,2,OP1,C2_WIFI_CARGA_MEDIA,N3
,0.503,0.371,0.326,1.0,,1787593069572.881,16.41,-0.24,12.26,0.35,1787593069572.881,False,,,2,OP1,C2_WIFI_CARGA_MEDIA,N3
,0.505,0.371,0.326,1.0,,1787593069613.7349,16.41,-0.4,12.26,0.35,1787593069613.7349,False,,,2,OP1,C2_WIFI_CARGA_MEDIA,N3
,0.507,0.371,0.326,1.0,,1787593069650.848,16.41,-0.56,12.26,0.35,1787593069650.848,False,,,2,OP1,C2_WIFI_CARGA_MEDIA,N3
,0.507,0.371,0.326,1.0,,1787593069676.5923,16.41,-0.56,12.26,0.35,1787593069676.5923,False,,,2,OP1,C2_WIFI_CARGA_MEDIA,N3
,0.508,0.371,0.327,1.0,,1787593069718.5503,16.445,-0.64,12.26,0.35,1787593069718.5503,False,,,2,OP1,C2_WIFI_CARGA_MEDIA,N3
,0.508,0.37,0.326,1.0,,1787593069744.7476,16.41,-0.64,12.2,0.35,1787593069746.7598,False,,,2,OP1,C2_WIFI_CARGA_MEDIA,N3
,0.509,0.37,0.325,1.0,,1787593069774.2346,16.375,-0.72,12.2,0.35,1787593069774.2346,False,,,2,OP1,C2_WIFI_CARGA_MEDIA,N3
,0.509,0.369,0.324,1.0,,1787593069808.4807,16.34,-0.72,12.14,0.35,1787593069809.494,False,,,2,OP1,C2_WIFI_CARGA_MEDIA,N3
,0.509,0.369,0.322,1.0,,1787593069976.0342,16.27,-0.72,12.14,0.35,1787593069977.036,False,,,2,OP1,C2_WIFI_CARGA_MEDIA,N3
,0.508,0.37,0.308,1.0,,1787593069997.183,15.78,-0.64,12.2,0.35,1787593069997.183,False,,,2,OP1,C2_WIFI_CARGA_MEDIA,N3
,0.508,0.37,0.305,1.0,,1787593070019.9456,15.675,-0.64,12.2,0.35,1787593070019.9456,False,,,2,OP1,C2_WIFI_CARGA_MEDIA,N3
,0.508,0.37,0.303,1.0,,1787593070053.1348,15.605,-0.64,12.2,0.35,1787593070053.1348,False,,,2,OP1,C2_WIFI_CARGA_MEDIA,N3
,0.508,0.369,0.299,1.0,,1787593070114.4636,15.465,-0.64,12.14,0.35,1787593070115.475,False,,,2,OP1,C2_WIFI_CARGA_MEDIA,N3
,0.508,0.369,0.296,1.0,,1787593070157.4492,15.36,-0.64,12.14,0.35,1787593070157.4492,False,,,2,OP1,C2_WIFI_CARGA_MEDIA,N3
,0.508,0.369,0.294,1.0,,1787593070180.5974,15.29,-0.64,12.14,0.35,1787593070180.5974,False,,,2,OP1,C2_WIFI_CARGA_MEDIA,N3
,0.508,0.369,0.293,1.0,,1787593070223.828,15.255,-0.64,12.14,0.35,1787593070223.828,False,,,2,OP1,C2_WIFI_CARGA_MEDIA,N3
,0.508,0.37,0.293,1.0,,1787593070253.932,15.255,-0.64,12.2,0.35,1787593070253.932,False,,,2,OP1,C2_WIFI_CARGA_MEDIA,N3
,0.507,0.37,0.292,1.0,,1787593070278.8096,15.22,-0.56,12.2,0.35,1787593070280.8057,False,,,2,OP1,C2_WIFI_CARGA_MEDIA,N3
,0.507,0.371,0.292,1.0,,1787593070310.5176,15.22,-0.56,12.26,0.35,1787593070310.5176,False,,,2,OP1,C2_WIFI_CARGA_MEDIA,N3
,0.506,0.372,0.292,1.0,,1787593070355.535,15.22,-0.48,12.32,0.35,1787593070355.535,False,,,2,OP1,C2_WIFI_CARGA_MEDIA,N3
,0.505,0.372,0.293,1.0,,1787593070384.0923,15.255,-0.4,12.32,0.35,1787593070384.0923,False,,,2,OP1,C2_WIFI_CARGA_MEDIA,N3
,0.505,0.371,0.293,1.0,,1787593070421.5195,15.255,-0.4,12.26,0.35,1787593070422.526,False,,,2,OP1,C2_WIFI_CARGA_MEDIA,N3
,0.504,0.371,0.297,1.0,,1787593070463.8745,15.395,-0.32,12.26,0.35,1787593070463.8745,False,,,2,OP1,C2_WIFI_CARGA_MEDIA,N3
,0.503,0.371,0.299,1.0,,1787593070523.9302,15.465,-0.24,12.26,0.35,1787593070523.9302,False,,,2,OP1,C2_WIFI_CARGA_MEDIA,N3
,0.502,0.371,0.3,1.0,,1787593070559.9265,15.5,-0.16,12.26,0.35,1787593070559.9265,False,,,2,OP1,C2_WIFI_CARGA_MEDIA,N3
,0.502,0.37,0.303,1.0,,1787593070581.3943,15.605,-0.16,12.2,0.35,1787593070582.4136,False,,,2,OP1,C2_WIFI_CARGA_MEDIA,N3
,0.501,0.369,0.305,1.0,,1787593070632.1553,15.675,-0.08,12.14,0.35,1787593070632.1553,False,,,2,OP1,C2_WIFI_CARGA_MEDIA,N3
,0.501,0.368,0.307,1.0,,1787593070657.7734,15.745,-0.08,12.08,0.35,1787593070657.7734,False,,,2,OP1,C2_WIFI_CARGA_MEDIA,N3
,0.5,0.368,0.307,1.0,,1787593070682.298,15.745,0.0,12.08,0.35,1787593070682.6086,False,,,2,OP1,C2_WIFI_CARGA_MEDIA,N3
,0.5,0.367,0.306,1.0,,1787593070726.7393,15.71,0.0,12.02,0.35,1787593070726.7393,False,,,2,OP1,C2_WIFI_CARGA_MEDIA,N3
,0.5,0.367,0.305,1.0,,1787593070754.827,15.675,0.0,12.02,0.35,1787593070754.827,False,,,2,OP1,C2_WIFI_CARGA_MEDIA,N3
,0.5,0.367,0.306,1.0,,1787593070781.5903,15.71,0.0,12.02,0.35,1787593070783.7046,False,,,2,OP1,C2_WIFI_CARGA_MEDIA,N3
,0.501,0.366,0.308,1.0,,1787593070827.5188,15.78,-0.08,11.96,0.35,1787593070827.5188,False,,,2,OP1,C2_WIFI_CARGA_MEDIA,N3
,0.502,0.366,0.309,1.0,,1787593070862.2627,15.815,-0.16,11.96,0.35,1787593070862.7517,False,,,2,OP1,C2_WIFI_CARGA_MEDIA,N3
,0.503,0.365,0.31,1.0,,1787593070884.921,15.85,-0.24,11.9,0.35,1787593070885.925,False,,,2,OP1,C2_WIFI_CARGA_MEDIA,N3
,0.503,0.365,0.311,1.0,,1787593070917.2334,15.885,-0.24,11.9,0.35,1787593070918.498,False,,,2,OP1,C2_WIFI_CARGA_MEDIA,N3
,0.503,0.364,0.312,1.0,,1787593070949.13,15.92,-0.24,11.84,0.35,1787593070950.1963,False,,,2,OP1,C2_WIFI_CARGA_MEDIA,N3
,0.503,0.364,0.313,1.0,,1787593070996.7705,15.955,-0.24,11.84,0.35,1787593070996.7705,False,,,2,OP1,C2_WIFI_CARGA_MEDIA,N3
,0.503,0.363,0.314,1.0,,1787593071019.2458,15.99,-0.24,11.78,0.35,1787593071019.2458,False,,,2,OP1,C2_WIFI_CARGA_MEDIA,N3
,0.503,0.363,0.314,1.0,,1787593071196.9436,15.99,-0.24,11.78,0.35,1787593071196.9436,False,,,2,OP1,C2_WIFI_CARGA_MEDIA,N3
,0.503,0.364,0.312,1.0,,1787593071219.0994,15.92,-0.24,11.84,0.35,1787593071220.1802,False,,,2,OP1,C2_WIFI_CARGA_MEDIA,N3
,0.503,0.363,0.312,1.0,,1787593071255.6147,15.92,-0.24,11.78,0.35,1787593071255.6147,False,,,2,OP1,C2_WIFI_CARGA_MEDIA,N3
,0.503,0.363,0.313,1.0,,1787593071296.9602,15.955,-0.24,11.78,0.35,1787593071296.9602,False,,,2,OP1,C2_WIFI_CARGA_MEDIA,N3
,0.503,0.363,0.312,1.0,,1787593071319.9077,15.92,-0.24,11.78,0.35,1787593071319.9077,False,,,2,OP1,C2_WIFI_CARGA_MEDIA,N3
,0.503,0.363,0.312,1.0,,1787593071362.6,15.92,-0.24,11.78,0.35,1787593071362.6,False,,,2,OP1,C2_WIFI_CARGA_MEDIA,N3
,0.504,0.362,0.312,1.0,,1787593071408.559,15.92,-0.32,11.72,0.35,1787593071410.5725,False,,,2,OP1,C2_WIFI_CARGA_MEDIA,N3
,0.505,0.361,0.312,1.0,,1787593071452.4785,15.92,-0.4,11.66,0.35,1787593071452.4785,False,,,2,OP1,C2_WIFI_CARGA_MEDIA,N3
,0.505,0.361,0.312,1.0,,1787593071503.2102,15.92,-0.4,11.66,0.35,1787593071503.2102,False,,,2,OP1,C2_WIFI_CARGA_MEDIA,N3
,0.505,0.361,0.314,1.0,,1787593071562.3054,15.99,-0.4,11.66,0.35,1787593071562.3054,False,,,2,OP1,C2_WIFI_CARGA_MEDIA,N3
,0.505,0.361,0.315,1.0,,1787593071597.162,16.025,-0.4,11.66,0.35,1787593071597.162,False,,,2,OP1,C2_WIFI_CARGA_MEDIA,N3
,0.504,0.361,0.317,1.0,,1787593071625.7666,16.095,-0.32,11.66,0.35,1787593071625.7666,False,,,2,OP1,C2_WIFI_CARGA_MEDIA,N3
,0.505,0.361,0.318,1.0,,1787593071673.2974,16.13,-0.4,11.66,0.35,1787593071673.2974,False,,,2,OP1,C2_WIFI_CARGA_MEDIA,N3
,0.504,0.361,0.319,1.0,,1787593071697.2883,16.165,-0.32,11.66,0.35,1787593071697.2883,False,,,2,OP1,C2_WIFI_CARGA_MEDIA,N3
,0.504,0.361,0.319,1.0,,1787593071721.718,16.165,-0.32,11.66,0.35,1787593071721.718,False,,,2,OP1,C2_WIFI_CARGA_MEDIA,N3
,0.505,0.36,0.319,1.0,,1787593071756.37,16.165,-0.4,11.6,0.35,1787593071758.0276,False,,,2,OP1,C2_WIFI_CARGA_MEDIA,N3
,0.505,0.361,0.32,1.0,,1787593071796.826,16.2,-0.4,11.66,0.35,1787593071796.826,False,,,2,OP1,C2_WIFI_CARGA_MEDIA,N3
,0.506,0.361,0.318,1.0,,1787593071824.854,16.13,-0.48,11.66,0.35,1787593071824.854,False,,,2,OP1,C2_WIFI_CARGA_MEDIA,N3
,0.506,0.361,0.317,1.0,,1787593071869.2124,16.095,-0.48,11.66,0.35,1787593071869.2124,False,,,2,OP1,C2_WIFI_CARGA_MEDIA,N3
,0.505,0.362,0.316,1.0,,1787593071925.1206,16.06,-0.4,11.72,0.35,1787593071925.1206,False,,,2,OP1,C2_WIFI_CARGA_MEDIA,N3
,0.505,0.361,0.316,1.0,,1787593071952.5278,16.06,-0.4,11.66,0.35,1787593071955.0342,False,,,2,OP1,C2_WIFI_CARGA_MEDIA,N3
,0.505,0.361,0.316,1.0,,1787593071999.094,16.06,-0.4,11.66,0.35,1787593071999.094,False,,,2,OP1,C2_WIFI_CARGA_MEDIA,N3
,0.505,0.361,0.316,1.0,,1787593072020.152,16.06,-0.4,11.66,0.35,1787593072021.9792,False,,,2,OP1,C2_WIFI_CARGA_MEDIA,N3
,0.505,0.361,0.317,1.0,,1787593072062.9983,16.095,-0.4,11.66,0.35,1787593072062.9983,False,,,2,OP1,C2_WIFI_CARGA_MEDIA,N3
,0.505,0.361,0.319,1.0,,1787593072117.9702,16.165,-0.4,11.66,0.35,1787593072117.9702,False,,,2,OP1,C2_WIFI_CARGA_MEDIA,N3
,0.505,0.36,0.319,1.0,,1787593072147.0652,16.165,-0.4,11.6,0.35,1787593072147.0652,False,,,2,OP1,C2_WIFI_CARGA_MEDIA,N3
,0.505,0.36,0.319,1.0,,1787593072170.7612,16.165,-0.4,11.6,0.35,1787593072176.1147,False,,,2,OP1,C2_WIFI_CARGA_MEDIA,N3
,0.505,0.36,0.319,1.0,,1787593072190.8987,16.165,-0.4,11.6,0.35,1787593072190.8987,False,,,2,OP1,C2_WIFI_CARGA_MEDIA,N3
,0.505,0.361,0.319,1.0,,1787593072228.8748,16.165,-0.4,11.66,0.35,1787593072229.8894,False,,,2,OP1,C2_WIFI_CARGA_MEDIA,N3
,0.504,0.361,0.318,1.0,,1787593072269.7383,16.13,-0.32,11.66,0.35,1787593072269.7383,False,,,2,OP1,C2_WIFI_CARGA_MEDIA,N3
,0.504,0.361,0.319,1.0,,1787593072314.5806,16.165,-0.32,11.66,0.35,1787593072316.089,False,,,2,OP1,C2_WIFI_CARGA_MEDIA,N3
,0.504,0.362,0.32,1.0,,1787593072369.2756,16.2,-0.32,11.72,0.35,1787593072369.2756,False,,,2,OP1,C2_WIFI_CARGA_MEDIA,N3
,0.504,0.362,0.324,1.0,,1787593072424.066,16.34,-0.32,11.72,0.35,1787593072426.0754,False,,,2,OP1,C2_WIFI_CARGA_MEDIA,N3
,0.504,0.362,0.326,1.0,,1787593072452.699,16.41,-0.32,11.72,0.35,1787593072453.6306,False,,,2,OP1,C2_WIFI_CARGA_MEDIA,N3
,0.504,0.361,0.327,1.0,,1787593072499.455,16.445,-0.32,11.66,0.35,1787593072502.7578,False,,,2,OP1,C2_WIFI_CARGA_MEDIA,N3
,0.504,0.361,0.328,1.0,,1787593072534.5967,16.48,-0.32,11.66,0.35,1787593072534.5967,False,,,2,OP1,C2_WIFI_CARGA_MEDIA,N3
,0.504,0.361,0.328,1.0,,1787593072562.7275,16.48,-0.32,11.66,0.35,1787593072562.7275,False,,,2,OP1,C2_WIFI_CARGA_MEDIA,N3
,0.504,0.36,0.328,1.0,,1787593072621.4382,16.48,-0.32,11.6,0.35,1787593072621.4382,False,,,2,OP1,C2_WIFI_CARGA_MEDIA,N3
,0.504,0.359,0.327,1.0,,1787593072665.4038,16.445,-0.32,11.54,0.35,1787593072665.4038,False,,,2,OP1,C2_WIFI_CARGA_MEDIA,N3
,0.504,0.36,0.326,1.0,,1787593072730.1316,16.41,-0.32,11.6,0.35,1787593072730.1316,False,,,2,OP1,C2_WIFI_CARGA_MEDIA,N3
,0.504,0.361,0.324,1.0,,1787593072759.8125,16.34,-0.32,11.66,0.35,1787593072761.8257,False,,,2,OP1,C2_WIFI_CARGA_MEDIA,N3
,0.505,0.362,0.321,1.0,,1787593072789.63,16.235,-0.4,11.72,0.35,1787593072789.63,False,,,2,OP1,C2_WIFI_CARGA_MEDIA,N3
,0.505,0.362,0.319,1.0,,1787593072842.9124,16.165,-0.4,11.72,0.35,1787593072844.963,False,,,2,OP1,C2_WIFI_CARGA_MEDIA,N3
,0.506,0.362,0.318,1.0,,1787593072871.7043,16.13,-0.48,11.72,0.35,1787593072871.7043,False,,,2,OP1,C2_WIFI_CARGA_MEDIA,N3
,0.506,0.363,0.315,1.0,,1787593072926.3115,16.025,-0.48,11.78,0.35,1787593072926.3115,False,,,2,OP1,C2_WIFI_CARGA_MEDIA,N3
,0.507,0.362,0.314,1.0,,1787593073092.0454,15.99,-0.56,11.72,0.35,1787593073094.0642,False,,,2,OP1,C2_WIFI_CARGA_MEDIA,N3
,0.508,0.363,0.313,1.0,,1787593073147.514,15.955,-0.64,11.78,0.35,1787593073151.2444,False,,,2,OP1,C2_WIFI_CARGA_MEDIA,N3
,0.508,0.363,0.313,1.0,,1787593073176.4265,15.955,-0.64,11.78,0.35,1787593073176.4265,False,,,2,OP1,C2_WIFI_CARGA_MEDIA,N3
,0.507,0.363,0.313,1.0,,1787593073197.4546,15.955,-0.56,11.78,0.35,1787593073199.3484,False,,,2,OP1,C2_WIFI_CARGA_MEDIA,N3
,0.507,0.364,0.312,1.0,,1787593073217.718,15.92,-0.56,11.84,0.35,1787593073217.718,False,,,2,OP1,C2_WIFI_CARGA_MEDIA,N3
,0.507,0.364,0.311,1.0,,1787593073272.4026,15.885,-0.56,11.84,0.35,1787593073272.4026,False,,,2,OP1,C2_WIFI_CARGA_MEDIA,N3
,0.507,0.364,0.311,1.0,,1787593073301.759,15.885,-0.56,11.84,0.35,1787593073301.759,False,,,2,OP1,C2_WIFI_CARGA_MEDIA,N3
,0.507,0.364,0.31,1.0,,1787593073344.3682,15.85,-0.56,11.84,0.35,1787593073344.3682,False,,,2,OP1,C2_WIFI_CARGA_MEDIA,N3
,0.507,0.364,0.31,1.0,,1787593073397.0762,15.85,-0.56,11.84,0.35,1787593073397.0762,False,,,2,OP1,C2_WIFI_CARGA_MEDIA,N3
,0.507,0.364,0.31,1.0,,1787593073418.384,15.85,-0.56,11.84,0.35,1787593073418.384,False,,,2,OP1,C2_WIFI_CARGA_MEDIA,N3
,0.506,0.365,0.309,1.0,,1787593073447.8474,15.815,-0.48,11.9,0.35,1787593073447.8474,False,,,2,OP1,C2_WIFI_CARGA_MEDIA,N3
,0.506,0.365,0.309,1.0,,1787593073472.7944,15.815,-0.48,11.9,0.35,1787593073472.7944,False,,,2,OP1,C2_WIFI_CARGA_MEDIA,N3
,0.506,0.366,0.307,1.0,,1787593073538.296,15.745,-0.48,11.96,0.35,1787593073539.2915,False,,,2,OP1,C2_WIFI_CARGA_MEDIA,N3
,0.505,0.368,0.306,1.0,,1787593073595.2058,15.71,-0.4,12.08,0.35,1787593073596.7173,False,,,2,OP1,C2_WIFI_CARGA_MEDIA,N3
,0.505,0.368,0.305,1.0,,1787593073622.9053,15.675,-0.4,12.08,0.35,1787593073622.9053,False,,,2,OP1,C2_WIFI_CARGA_MEDIA,N3
,0.504,0.369,0.305,1.0,,1787593073648.348,15.675,-0.32,12.14,0.35,1787593073652.6963,False,,,2,OP1,C2_WIFI_CARGA_MEDIA,N3
,0.503,0.373,0.298,1.0,,1787593073705.6042,15.43,-0.24,12.38,0.35,1787593073706.615,False,,,2,OP1,C2_WIFI_CARGA_MEDIA,N3
,0.499,0.377,0.288,1.0,,1787593073756.5537,15.08,0.08,12.62,0.35,1787593073758.5718,False,,,2,OP1,C2_WIFI_CARGA_MEDIA,N3
,0.496,0.38,0.281,1.0,,1787593073786.0005,14.835,0.32,12.8,0.35,1787593073786.0005,False,,,2,OP1,C2_WIFI_CARGA_MEDIA,N3
,0.492,0.384,0.268,1.0,,1787593073847.8032,14.38,0.64,13.04,0.35,1787593073848.9585,False,,,2,OP1,C2_WIFI_CARGA_MEDIA,N3
,0.488,0.387,0.261,1.0,,1787593073898.8855,14.135,0.96,13.22,0.35,1787593073898.8855,False,,,2,OP1,C2_WIFI_CARGA_MEDIA,N3
,0.486,0.388,0.258,1.0,,1787593073928.7356,14.03,1.12,13.28,0.35,1787593073930.742,False,,,2,OP1,C2_WIFI_CARGA_MEDIA,N3
,0.484,0.389,0.254,1.0,,1787593073954.3987,13.89,1.28,13.34,0.35,1787593073954.3987,False,,,2,OP1,C2_WIFI_CARGA_MEDIA,N3
,0.48,0.391,0.245,1.0,,1787593074006.282,13.575,1.6,13.46,0.35,1787593074006.282,False,,,2,OP1,C2_WIFI_CARGA_MEDIA,N3
,0.477,0.392,0.24,1.0,,1787593074040.3298,13.4,1.84,13.52,0.35,1787593074041.3313,False,,,2,OP1,C2_WIFI_CARGA_MEDIA,N3
,0.473,0.395,0.228,1.0,,1787593074083.5876,12.98,2.16,13.7,0.35,1787593074083.5876,False,,,2,OP1,C2_WIFI_CARGA_MEDIA,N3
,0.471,0.396,0.222,1.0,,1787593074106.7273,12.77,2.32,13.76,0.35,1787593074106.7273,False,,,2,OP1,C2_WIFI_CARGA_MEDIA,N3
,0.47,0.397,0.219,1.0,,1787593074149.5237,12.665,2.4,13.82,0.35,1787593074149.5237,False,,,2,OP1,C2_WIFI_CARGA_MEDIA,N3
,0.47,0.397,0.216,1.0,,1787593074176.7114,12.56,2.4,13.82,0.35,1787593074180.4148,False,,,2,OP1,C2_WIFI_CARGA_MEDIA,N3
,0.469,0.398,0.214,1.0,,1787593074205.9172,12.49,2.48,13.88,0.35,1787593074207.4414,False,,,2,OP1,C2_WIFI_CARGA_MEDIA,N3
,0.468,0.399,0.209,1.0,,1787593074249.968,12.315,2.56,13.94,0.35,1787593074249.968,False,,,2,OP1,C2_WIFI_CARGA_MEDIA,N3
,0.468,0.4,0.209,1.0,,1787593074316.7542,12.315,2.56,14.0,0.35,1787593074316.7542,False,,,2,OP1,C2_WIFI_CARGA_MEDIA,N3
,0.468,0.4,0.209,1.0,,1787593074348.879,12.315,2.56,14.0,0.35,1787593074349.9355,False,,,2,OP1,C2_WIFI_CARGA_MEDIA,N3
,0.469,0.399,0.212,1.0,,1787593074397.3704,12.42,2.48,13.94,0.35,1787593074397.3704,False,,,2,OP1,C2_WIFI_CARGA_MEDIA,N3
,0.469,0.399,0.214,1.0,,1787593074422.296,12.49,2.48,13.94,0.35,1787593074422.7854,False,,,2,OP1,C2_WIFI_CARGA_MEDIA,N3
,0.469,0.398,0.215,1.0,,1787593074458.3645,12.525,2.48,13.88,0.35,1787593074459.1506,False,,,2,OP1,C2_WIFI_CARGA_MEDIA,N3
,0.47,0.398,0.218,1.0,,1787593074497.879,12.63,2.4,13.88,0.35,1787593074497.879,False,,,2,OP1,C2_WIFI_CARGA_MEDIA,N3
,0.471,0.398,0.218,1.0,,1787593074523.6926,12.63,2.32,13.88,0.35,1787593074523.6926,False,,,2,OP1,C2_WIFI_CARGA_MEDIA,N3
,0.471,0.398,0.218,1.0,,1787593074568.7993,12.63,2.32,13.88,0.35,1787593074569.8855,False,,,2,OP1,C2_WIFI_CARGA_MEDIA,N3
,0.471,0.398,0.217,1.0,,1787593074619.4524,12.595,2.32,13.88,0.35,1787593074621.3943,False,,,2,OP1,C2_WIFI_CARGA_MEDIA,N3
,0.472,0.398,0.217,1.0,,1787593074653.8457,12.595,2.24,13.88,0.35,1787593074653.8457,False,,,2,OP1,C2_WIFI_CARGA_MEDIA,N3
,0.472,0.398,0.216,1.0,,1787593074790.5923,12.56,2.24,13.88,0.35,1787593074792.609,False,,,2,OP1,C2_WIFI_CARGA_MEDIA,N3
,0.478,0.399,0.21,1.0,,1787593074821.3833,12.35,1.76,13.94,0.35,1787593074821.974,False,,,2,OP1,C2_WIFI_CARGA_MEDIA,N3
,0.484,0.399,0.21,1.0,,1787593074861.6016,12.35,1.28,13.94,0.35,1787593074861.6016,False,,,2,OP1,C2_WIFI_CARGA_MEDIA,N3
,0.487,0.399,0.211,1.0,,1787593074897.1418,12.385,1.04,13.94,0.35,1787593074897.1418,False,,,2,OP1,C2_WIFI_CARGA_MEDIA,N3
,0.489,0.398,0.212,1.0,,1787593074919.202,12.42,0.88,13.88,0.35,1787593074920.2058,False,,,2,OP1,C2_WIFI_CARGA_MEDIA,N3
,0.49,0.398,0.21,1.0,,1787593074957.9148,12.35,0.8,13.88,0.35,1787593074960.5977,False,,,2,OP1,C2_WIFI_CARGA_MEDIA,N3
,0.492,0.397,0.209,1.0,,1787593074987.3022,12.315,0.64,13.82,0.35,1787593074987.3022,False,,,2,OP1,C2_WIFI_CARGA_MEDIA,N3
,0.493,0.397,0.208,1.0,,1787593075027.6885,12.28,0.56,13.82,0.35,1787593075028.6863,False,,,2,OP1,C2_WIFI_CARGA_MEDIA,N3
,0.493,0.396,0.207,1.0,,1787593075069.6455,12.245,0.56,13.76,0.35,1787593075071.1533,False,,,2,OP1,C2_WIFI_CARGA_MEDIA,N3
,0.494,0.396,0.207,1.0,,1787593075098.7666,12.245,0.48,13.76,0.35,1787593075098.7666,False,,,2,OP1,C2_WIFI_CARGA_MEDIA,N3
,0.495,0.395,0.206,1.0,,1787593075154.22,12.21,0.4,13.7,0.35,1787593075154.22,False,,,2,OP1,C2_WIFI_CARGA_MEDIA,N3
,0.496,0.394,0.206,1.0,,1787593075183.906,12.21,0.32,13.64,0.35,1787593075184.9194,False,,,2,OP1,C2_WIFI_CARGA_MEDIA,N3
,0.496,0.394,0.206,1.0,,1787593075228.6409,12.21,0.32,13.64,0.35,1787593075228.6409,False,,,2,OP1,C2_WIFI_CARGA_MEDIA,N3
,0.497,0.394,0.206,1.0,,1787593075263.5945,12.21,0.24,13.64,0.35,1787593075263.5945,False,,,2,OP1,C2_WIFI_CARGA_MEDIA,N3
,0.497,0.394,0.205,1.0,,1787593075285.0708,12.175,0.24,13.64,0.35,1787593075285.0708,False,,,2,OP1,C2_WIFI_CARGA_MEDIA,N3
,0.497,0.394,0.204,1.0,,1787593075316.9604,12.14,0.24,13.64,0.35,1787593075322.3333,False,,,2,OP1,C2_WIFI_CARGA_MEDIA,N3
,0.499,0.393,0.206,1.0,,1787593075370.27,12.21,0.08,13.58,0.35,1787593075370.27,False,,,2,OP1,C2_WIFI_CARGA_MEDIA,N3
,0.499,0.393,0.207,1.0,,1787593075393.3718,12.245,0.08,13.58,0.35,1787593075394.3772,False,,,2,OP1,C2_WIFI_CARGA_MEDIA,N3
,0.5,0.393,0.21,1.0,,1787593075432.5066,12.35,0.0,13.58,0.35,1787593075433.0151,False,,,2,OP1,C2_WIFI_CARGA_MEDIA,N3
,0.5,0.393,0.211,1.0,,1787593075486.6196,12.385,0.0,13.58,0.35,1787593075488.6292,False,,,2,OP1,C2_WIFI_CARGA_MEDIA,N3
,0.5,0.392,0.212,1.0,,1787593075657.0598,12.42,0.0,13.52,0.35,1787593075657.0598,False,,,2,OP1,C2_WIFI_CARGA_MEDIA,N3
,0.498,0.391,0.213,1.0,,1787593075681.1587,12.455,0.16,13.46,0.35,1787593075682.6628,False,,,2,OP1,C2_WIFI_CARGA_MEDIA,N3
,0.498,0.391,0.214,1.0,,1787593075847.1123,12.49,0.16,13.46,0.35,1787593075847.1123,False,,,2,OP1,C2_WIFI_CARGA_MEDIA,N3
,0.498,0.39,0.215,1.0,,1787593075923.7014,12.525,0.16,13.4,0.35,1787593075923.7014,False,,,2,OP1,C2_WIFI_CARGA_MEDIA,N3
,0.497,0.39,0.215,1.0,,1787593075963.0237,12.525,0.24,13.4,0.35,1787593075963.0237,False,,,2,OP1,C2_WIFI_CARGA_MEDIA,N3
,0.498,0.389,0.216,1.0,,1787593076017.0396,12.56,0.16,13.34,0.35,1787593076017.0396,False,,,2,OP1,C2_WIFI_CARGA_MEDIA,N3
,0.498,0.389,0.216,1.0,,1787593076045.8738,12.56,0.16,13.34,0.35,1787593076047.1758,False,,,2,OP1,C2_WIFI_CARGA_MEDIA,N3
,0.499,0.389,0.219,1.0,,1787593076085.4314,12.665,0.08,13.34,0.35,1787593076085.4314,False,,,2,OP1,C2_WIFI_CARGA_MEDIA,N3
,0.499,0.389,0.219,1.0,,1787593076126.0034,12.665,0.08,13.34,0.35,1787593076126.0034,False,,,2,OP1,C2_WIFI_CARGA_MEDIA,N3
,0.5,0.389,0.219,1.0,,1787593076157.6072,12.665,0.0,13.34,0.35,1787593076157.6072,False,,,2,OP1,C2_WIFI_CARGA_MEDIA,N3
,0.5,0.388,0.219,1.0,,1787593076181.4934,12.665,0.0,13.28,0.35,1787593076183.5117,False,,,2,OP1,C2_WIFI_CARGA_MEDIA,N3
,0.5,0.388,0.219,1.0,,1787593076347.1665,12.665,0.0,13.28,0.35,1787593076353.2417,False,,,2,OP1,C2_WIFI_CARGA_MEDIA,N3
,0.5,0.387,0.216,1.0,,1787593076369.6848,12.56,0.0,13.22,0.35,1787593076369.6848,False,,,2,OP1,C2_WIFI_CARGA_MEDIA,N3
,0.501,0.387,0.215,1.0,,1787593076397.0178,12.525,-0.08,13.22,0.35,1787593076397.0178,False,,,2,OP1,C2_WIFI_CARGA_MEDIA,N3
,0.501,0.387,0.215,1.0,,1787593076433.7246,12.525,-0.08,13.22,0.35,1787593076436.2007,False,,,2,OP1,C2_WIFI_CARGA_MEDIA,N3
,0.501,0.387,0.214,1.0,,1787593076459.7876,12.49,-0.08,13.22,0.35,1787593076459.7876,False,,,2,OP1,C2_WIFI_CARGA_MEDIA,N3
,0.502,0.386,0.214,1.0,,1787593076491.605,12.49,-0.16,13.16,0.35,1787593076494.6567,False,,,2,OP1,C2_WIFI_CARGA_MEDIA,N3
,0.502,0.386,0.213,1.0,,1787593076534.948,12.455,-0.16,13.16,0.35,1787593076534.948,False,,,2,OP1,C2_WIFI_CARGA_MEDIA,N3
,0.502,0.386,0.213,1.0,,1787593076562.3833,12.455,-0.16,13.16,0.35,1787593076563.494,False,,,2,OP1,C2_WIFI_CARGA_MEDIA,N3
,0.502,0.386,0.214,1.0,,1787593076602.0967,12.49,-0.16,13.16,0.35,1787593076602.8083,False,,,2,OP1,C2_WIFI_CARGA_MEDIA,N3
,0.502,0.385,0.214,1.0,,1787593076764.3076,12.49,-0.16,13.1,0.35,1787593076764.8567,False,,,2,OP1,C2_WIFI_CARGA_MEDIA,N3
,0.503,0.385,0.215,1.0,,1787593076796.5142,12.525,-0.24,13.1,0.35,1787593076798.525,False,,,2,OP1,C2_WIFI_CARGA_MEDIA,N3
,0.503,0.385,0.214,1.0,,1787593076843.6758,12.49,-0.24,13.1,0.35,1787593076843.6758,False,,,2,OP1,C2_WIFI_CARGA_MEDIA,N3
,0.503,0.385,0.214,1.0,,1787593076869.7466,12.49,-0.24,13.1,0.35,1787593076869.7466,False,,,2,OP1,C2_WIFI_CARGA_MEDIA,N3
,0.503,0.385,0.214,1.0,,1787593076907.1345,12.49,-0.24,13.1,0.35,1787593076909.1492,False,,,2,OP1,C2_WIFI_CARGA_MEDIA,N3
,0.504,0.385,0.214,1.0,,1787593076964.1768,12.49,-0.32,13.1,0.35,1787593076964.1768,False,,,2,OP1,C2_WIFI_CARGA_MEDIA,N3
,0.504,0.385,0.214,1.0,,1787593076991.7778,12.49,-0.32,13.1,0.35,1787593076992.2876,False,,,2,OP1,C2_WIFI_CARGA_MEDIA,N3
,0.504,0.385,0.214,1.0,,1787593077027.2207,12.49,-0.32,13.1,0.35,1787593077027.2207,False,,,2,OP1,C2_WIFI_CARGA_MEDIA,N3
,0.504,0.385,0.214,1.0,,1787593077068.054,12.49,-0.32,13.1,0.35,1787593077068.054,False,,,2,OP1,C2_WIFI_CARGA_MEDIA,N3
,0.504,0.385,0.214,1.0,,1787593077097.7837,12.49,-0.32,13.1,0.35,1787593077097.7837,False,,,2,OP1,C2_WIFI_CARGA_MEDIA,N3
,0.505,0.384,0.214,1.0,,1787593077121.1858,12.49,-0.4,13.04,0.35,1787593077122.0498,False,,,2,OP1,C2_WIFI_CARGA_MEDIA,N3
,0.505,0.384,0.214,1.0,,1787593077158.4355,12.49,-0.4,13.04,0.35,1787593077159.4368,False,,,2,OP1,C2_WIFI_CARGA_MEDIA,N3
,0.505,0.384,0.213,1.0,,1787593077205.9658,12.455,-0.4,13.04,0.35,1787593077208.9382,False,,,2,OP1,C2_WIFI_CARGA_MEDIA,N3
,0.505,0.384,0.213,1.0,,1787593077345.0166,12.455,-0.4,13.04,0.35,1787593077345.0166,False,,,2,OP1,C2_WIFI_CARGA_MEDIA,N3
,0.505,0.384,0.213,1.0,,1787593077382.8462,12.455,-0.4,13.04,0.35,1787593077384.9597,False,,,2,OP1,C2_WIFI_CARGA_MEDIA,N3
,0.506,0.383,0.215,1.0,,1787593077435.0962,12.525,-0.48,12.98,0.35,1787593077436.0525,False,,,2,OP1,C2_WIFI_CARGA_MEDIA,N3
,0.507,0.383,0.215,1.0,,1787593077465.361,12.525,-0.56,12.98,0.35,1787593077467.3777,False,,,2,OP1,C2_WIFI_CARGA_MEDIA,N3
,0.508,0.383,0.216,1.0,,1787593077516.048,12.56,-0.64,12.98,0.35,1787593077516.048,False,,,2,OP1,C2_WIFI_CARGA_MEDIA,N3
,0.508,0.383,0.217,1.0,,1787593077547.0432,12.595,-0.64,12.98,0.35,1787593077547.0432,False,,,2,OP1,C2_WIFI_CARGA_MEDIA,N3
,0.507,0.383,0.217,1.0,,1787593077570.8616,12.595,-0.56,12.98,0.35,1787593077570.8616,False,,,2,OP1,C2_WIFI_CARGA_MEDIA,N3
,0.507,0.383,0.216,1.0,,1787593077596.9287,12.56,-0.56,12.98,0.35,1787593077606.6045,False,,,2,OP1,C2_WIFI_CARGA_MEDIA,N3
,0.507,0.383,0.218,1.0,,1787593077618.2258,12.63,-0.56,12.98,0.35,1787593077619.9165,False,,,2,OP1,C2_WIFI_CARGA_MEDIA,N3
,0.507,0.382,0.218,1.0,,1787593077638.9463,12.63,-0.56,12.92,0.35,1787593077639.9575,False,,,2,OP1,C2_WIFI_CARGA_MEDIA,N3
,0.507,0.383,0.219,1.0,,1787593077685.6538,12.665,-0.56,12.98,0.35,1787593077685.6538,False,,,2,OP1,C2_WIFI_CARGA_MEDIA,N3
,0.507,0.383,0.22,1.0,,1787593077706.938,12.7,-0.56,12.98,0.35,1787593077717.043,False,,,2,OP1,C2_WIFI_CARGA_MEDIA,N3
,0.507,0.383,0.223,1.0,,1787593077770.2825,12.805,-0.56,12.98,0.35,1787593077770.2825,False,,,2,OP1,C2_WIFI_CARGA_MEDIA,N3
,0.507,0.384,0.224,1.0,,1787593077925.426,12.84,-0.56,13.04,0.35,1787593077925.426,False,,,2,OP1,C2_WIFI_CARGA_MEDIA,N3
,0.507,0.383,0.223,1.0,,1787593077989.1985,12.805,-0.56,12.98,0.35,1787593077989.1985,False,,,2,OP1,C2_WIFI_CARGA_MEDIA,N3
,0.506,0.383,0.222,1.0,,1787593078018.8557,12.77,-0.48,12.98,0.35,1787593078024.2166,False,,,2,OP1,C2_WIFI_CARGA_MEDIA,N3
,0.506,0.383,0.22,1.0,,1787593078063.1404,12.7,-0.48,12.98,0.35,1787593078063.1404,False,,,2,OP1,C2_WIFI_CARGA_MEDIA,N3
,0.506,0.383,0.22,1.0,,1787593078087.8586,12.7,-0.48,12.98,0.35,1787593078087.8586,False,,,2,OP1,C2_WIFI_CARGA_MEDIA,N3
,0.506,0.382,0.22,1.0,,1787593078134.944,12.7,-0.48,12.92,0.35,1787593078135.9685,False,,,2,OP1,C2_WIFI_CARGA_MEDIA,N3
,0.506,0.382,0.221,1.0,,1787593078183.3198,12.735,-0.48,12.92,0.35,1787593078183.3198,False,,,2,OP1,C2_WIFI_CARGA_MEDIA,N3
,0.506,0.382,0.221,1.0,,1787593078317.906,12.735,-0.48,12.92,0.35,1787593078331.6462,False,,,2,OP1,C2_WIFI_CARGA_MEDIA,N3
,0.505,0.382,0.22,1.0,,1787593078381.0972,12.7,-0.4,12.92,0.35,1787593078383.456,False,,,2,OP1,C2_WIFI_CARGA_MEDIA,N3
,0.505,0.382,0.22,1.0,,1787593078410.283,12.7,-0.4,12.92,0.35,1787593078410.283,False,,,2,OP1,C2_WIFI_CARGA_MEDIA,N3
,0.505,0.381,0.22,1.0,,1787593078432.0044,12.7,-0.4,12.86,0.35,1787593078432.0044,False,,,2,OP1,C2_WIFI_CARGA_MEDIA,N3
,0.505,0.381,0.22,1.0,,1787593078467.5732,12.7,-0.4,12.86,0.35,1787593078469.2725,False,,,2,OP1,C2_WIFI_CARGA_MEDIA,N3
,0.505,0.381,0.221,1.0,,1787593078518.641,12.735,-0.4,12.86,0.35,1787593078518.641,False,,,2,OP1,C2_WIFI_CARGA_MEDIA,N3
,0.505,0.381,0.222,1.0,,1787593078542.2617,12.77,-0.4,12.86,0.35,1787593078542.5896,False,,,2,OP1,C2_WIFI_CARGA_MEDIA,N3
,0.505,0.381,0.223,1.0,,1787593078574.6543,12.805,-0.4,12.86,0.35,1787593078575.5251,False,,,2,OP1,C2_WIFI_CARGA_MEDIA,N3
,0.505,0.381,0.224,1.0,,1787593078607.8118,12.84,-0.4,12.86,0.35,1787593078607.8118,False,,,2,OP1,C2_WIFI_CARGA_MEDIA,N3
,0.505,0.381,0.225,1.0,,1787593078650.8389,12.875,-0.4,12.86,0.35,1787593078650.8389,False,,,2,OP1,C2_WIFI_CARGA_MEDIA,N3
,0.506,0.381,0.225,1.0,,1787593078679.8289,12.875,-0.48,12.86,0.35,1787593078679.8289,False,,,2,OP1,C2_WIFI_CARGA_MEDIA,N3
,0.506,0.38,0.225,1.0,,1787593078714.119,12.875,-0.48,12.8,0.35,1787593078716.5256,False,,,2,OP1,C2_WIFI_CARGA_MEDIA,N3
,0.506,0.38,0.224,1.0,,1787593078774.4558,12.84,-0.48,12.8,0.35,1787593078774.4558,False,,,2,OP1,C2_WIFI_CARGA_MEDIA,N3
,0.506,0.38,0.224,1.0,,1787593078817.809,12.84,-0.48,12.8,0.35,1787593078818.8113,False,,,2,OP1,C2_WIFI_CARGA_MEDIA,N3
,0.506,0.38,0.223,1.0,,1787593078855.4763,12.805,-0.48,12.8,0.35,1787593078855.4763,False,,,2,OP1,C2_WIFI_CARGA_MEDIA,N3
,0.506,0.381,0.223,1.0,,1787593078884.7305,12.805,-0.48,12.86,0.35,1787593078886.7422,False,,,2,OP1,C2_WIFI_CARGA_MEDIA,N3
,0.505,0.381,0.223,1.0,,1787593078911.5127,12.805,-0.4,12.86,0.35,1787593078911.5127,False,,,2,OP1,C2_WIFI_CARGA_MEDIA,N3
,0.505,0.381,0.224,1.0,,1787593078953.7583,12.84,-0.4,12.86,0.35,1787593078955.7654,False,,,2,OP1,C2_WIFI_CARGA_MEDIA,N3
,0.505,0.381,0.223,1.0,,1787593079015.482,12.805,-0.4,12.86,0.35,1787593079015.482,False,,,2,OP1,C2_WIFI_CARGA_MEDIA,N3
,0.505,0.381,0.223,1.0,,1787593079052.568,12.805,-0.4,12.86,0.35,1787593079053.468,False,,,2,OP1,C2_WIFI_CARGA_MEDIA,N3
,0.504,0.381,0.223,1.0,,1787593079100.5564,12.805,-0.32,12.86,0.35,1787593079100.5564,False,,,2,OP1,C2_WIFI_CARGA_MEDIA,N3
,0.504,0.382,0.223,1.0,,1787593079120.6626,12.805,-0.32,12.92,0.35,1787593079120.6626,False,,,2,OP1,C2_WIFI_CARGA_MEDIA,N3
,0.504,0.382,0.223,1.0,,1787593079163.4312,12.805,-0.32,12.92,0.35,1787593079163.4312,False,,,2,OP1,C2_WIFI_CARGA_MEDIA,N3
,0.504,0.382,0.223,1.0,,1787593079219.4172,12.805,-0.32,12.92,0.35,1787593079219.797,False,,,2,OP1,C2_WIFI_CARGA_MEDIA,N3
,0.504,0.381,0.222,1.0,,1787593079269.62,12.77,-0.32,12.86,0.35,1787593079269.62,False,,,2,OP1,C2_WIFI_CARGA_MEDIA,N3
,0.505,0.381,0.223,1.0,,1787593079320.8696,12.805,-0.4,12.86,0.35,1787593079320.8696,False,,,2,OP1,C2_WIFI_CARGA_MEDIA,N3
,0.505,0.381,0.224,1.0,,1787593079383.3003,12.84,-0.4,12.86,0.35,1787593079384.2668,False,,,2,OP1,C2_WIFI_CARGA_MEDIA,N3
,0.505,0.381,0.224,1.0,,1787593079411.2007,12.84,-0.4,12.86,0.35,1787593079411.2007,False,,,2,OP1,C2_WIFI_CARGA_MEDIA,N3
,0.506,0.381,0.223,1.0,,1787593079554.3965,12.805,-0.48,12.86,0.35,1787593079554.3965,False,,,2,OP1,C2_WIFI_CARGA_MEDIA,N3
,0.506,0.385,0.223,1.0,,1787593079584.002,12.805,-0.48,13.1,0.35,1787593079584.002,False,,,2,OP1,C2_WIFI_CARGA_MEDIA,N3
,0.505,0.385,0.222,1.0,,1787593079630.595,12.77,-0.4,13.1,0.35,1787593079630.595,False,,,2,OP1,C2_WIFI_CARGA_MEDIA,N3
,0.505,0.385,0.222,1.0,,1787593079661.412,12.77,-0.4,13.1,0.35,1787593079661.412,False,,,2,OP1,C2_WIFI_CARGA_MEDIA,N3
,0.505,0.385,0.221,1.0,,1787593079684.8923,12.735,-0.4,13.1,0.35,1787593079685.898,False,,,2,OP1,C2_WIFI_CARGA_MEDIA,N3
,0.505,0.386,0.221,1.0,,1787593079721.5264,12.735,-0.4,13.16,0.35,1787593079721.5264,False,,,2,OP1,C2_WIFI_CARGA_MEDIA,N3
,0.505,0.387,0.22,1.0,,1787593079764.1226,12.7,-0.4,13.22,0.35,1787593079764.1226,False,,,2,OP1,C2_WIFI_CARGA_MEDIA,N3
,0.504,0.388,0.22,1.0,,1787593079786.5706,12.7,-0.32,13.28,0.35,1787593079787.5708,False,,,2,OP1,C2_WIFI_CARGA_MEDIA,N3
,0.504,0.388,0.22,1.0,,1787593079824.9792,12.7,-0.32,13.28,0.35,1787593079824.9792,False,,,2,OP1,C2_WIFI_CARGA_MEDIA,N3
,0.504,0.389,0.219,1.0,,1787593079886.856,12.665,-0.32,13.34,0.35,1787593079888.8591,False,,,2,OP1,C2_WIFI_CARGA_MEDIA,N3
,0.503,0.39,0.22,1.0,,1787593079924.0198,12.7,-0.24,13.4,0.35,1787593079924.0198,False,,,2,OP1,C2_WIFI_CARGA_MEDIA,N3
,0.503,0.39,0.22,1.0,,1787593079965.025,12.7,-0.24,13.4,0.35,1787593079965.025,False,,,2,OP1,C2_WIFI_CARGA_MEDIA,N3
,0.503,0.39,0.221,1.0,,1787593079986.869,12.735,-0.24,13.4,0.35,1787593079988.8872,False,,,2,OP1,C2_WIFI_CARGA_MEDIA,N3
,0.503,0.391,0.221,1.0,,1787593080024.396,12.735,-0.24,13.46,0.35,1787593080024.396,False,,,2,OP1,C2_WIFI_CARGA_MEDIA,N3
,0.503,0.391,0.221,1.0,,1787593080053.983,12.735,-0.24,13.46,0.35,1787593080053.983,False,,,2,OP1,C2_WIFI_CARGA_MEDIA,N3
,0.503,0.391,0.222,1.0,,1787593080088.8096,12.77,-0.24,13.46,0.35,1787593080088.8096,False,,,2,OP1,C2_WIFI_CARGA_MEDIA,N3
,0.503,0.391,0.222,1.0,,1787593080125.3213,12.77,-0.24,13.46,0.35,1787593080125.3213,False,,,2,OP1,C2_WIFI_CARGA_MEDIA,N3
,0.503,0.391,0.222,1.0,,1787593080156.6206,12.77,-0.24,13.46,0.35,1787593080156.6206,False,,,2,OP1,C2_WIFI_CARGA_MEDIA,N3
,0.503,0.391,0.222,1.0,,1787593080194.423,12.77,-0.24,13.46,0.35,1787593080194.423,False,,,2,OP1,C2_WIFI_CARGA_MEDIA,N3
,0.502,0.391,0.22,1.0,,1787593080246.8335,12.7,-0.16,13.46,0.35,1787593080246.8335,False,,,2,OP1,C2_WIFI_CARGA_MEDIA,N3
,0.502,0.391,0.218,1.0,,1787593080301.008,12.63,-0.16,13.46,0.35,1787593080301.008,False,,,2,OP1,C2_WIFI_CARGA_MEDIA,N3
,0.501,0.391,0.218,1.0,,1787593080329.2944,12.63,-0.08,13.46,0.35,1787593080329.2944,False,,,2,OP1,C2_WIFI_CARGA_MEDIA,N3
,0.501,0.392,0.219,1.0,,1787593080374.4148,12.665,-0.08,13.52,0.35,1787593080374.4148,False,,,2,OP1,C2_WIFI_CARGA_MEDIA,N3
,0.501,0.392,0.221,1.0,,1787593080433.7622,12.735,-0.08,13.52,0.35,1787593080433.7622,False,,,2,OP1,C2_WIFI_CARGA_MEDIA,N3
,0.502,0.392,0.222,1.0,,1787593080462.3936,12.77,-0.16,13.52,0.35,1787593080462.3936,False,,,2,OP1,C2_WIFI_CARGA_MEDIA,N3
,0.502,0.393,0.223,1.0,,1787593080498.8188,12.805,-0.16,13.58,0.35,1787593080500.8264,False,,,2,OP1,C2_WIFI_CARGA_MEDIA,N3
,0.502,0.393,0.223,1.0,,1787593080524.6057,12.805,-0.16,13.58,0.35,1787593080525.9094,False,,,2,OP1,C2_WIFI_CARGA_MEDIA,N3
,0.502,0.393,0.223,1.0,,1787593080547.0603,12.805,-0.16,13.58,0.35,1787593080547.0603,False,,,2,OP1,C2_WIFI_CARGA_MEDIA,N3
,0.502,0.393,0.223,1.0,,1787593080594.4792,12.805,-0.16,13.58,0.35,1787593080594.4792,False,,,2,OP1,C2_WIFI_CARGA_MEDIA,N3
,0.502,0.393,0.224,1.0,,1787593080637.9731,12.84,-0.16,13.58,0.35,1787593080637.9731,False,,,2,OP1,C2_WIFI_CARGA_MEDIA,N3
,0.503,0.393,0.224,1.0,,1787593080661.731,12.84,-0.24,13.58,0.35,1787593080663.433,False,,,2,OP1,C2_WIFI_CARGA_MEDIA,N3
,0.503,0.393,0.224,1.0,,1787593080696.1853,12.84,-0.24,13.58,0.35,1787593080696.697,False,,,2,OP1,C2_WIFI_CARGA_MEDIA,N3
,0.503,0.392,0.225,1.0,,1787593080741.423,12.875,-0.24,13.52,0.35,1787593080741.423,False,,,2,OP1,C2_WIFI_CARGA_MEDIA,N3
,0.503,0.392,0.225,1.0,,1787593080766.348,12.875,-0.24,13.52,0.35,1787593080766.348,False,,,2,OP1,C2_WIFI_CARGA_MEDIA,N3
,0.503,0.392,0.225,1.0,,1787593080807.3552,12.875,-0.24,13.52,0.35,1787593080808.1997,False,,,2,OP1,C2_WIFI_CARGA_MEDIA,N3
,0.503,0.392,0.225,1.0,,1787593080858.1572,12.875,-0.24,13.52,0.35,1787593080858.673,False,,,2,OP1,C2_WIFI_CARGA_MEDIA,N3
,0.503,0.392,0.226,1.0,,1787593080890.3088,12.91,-0.24,13.52,0.35,1787593080890.3088,False,,,2,OP1,C2_WIFI_CARGA_MEDIA,N3
,0.504,0.392,0.224,1.0,,1787593080939.9966,12.84,-0.32,13.52,0.35,1787593080941.2532,False,,,2,OP1,C2_WIFI_CARGA_MEDIA,N3
,0.504,0.392,0.224,1.0,,1787593080967.8904,12.84,-0.32,13.52,0.35,1787593080967.8904,False,,,2,OP1,C2_WIFI_CARGA_MEDIA,N3
,0.504,0.391,0.225,1.0,,1787593081001.0784,12.875,-0.32,13.46,0.35,1787593081004.0378,False,,,2,OP1,C2_WIFI_CARGA_MEDIA,N3
,0.504,0.392,0.225,1.0,,1787593081047.0142,12.875,-0.32,13.52,0.35,1787593081047.0142,False,,,2,OP1,C2_WIFI_CARGA_MEDIA,N3
,0.504,0.392,0.225,1.0,,1787593081069.36,12.875,-0.32,13.52,0.35,1787593081072.837,False,,,2,OP1,C2_WIFI_CARGA_MEDIA,N3
,0.504,0.392,0.224,1.0,,1787593081096.7693,12.84,-0.32,13.52,0.35,1787593081096.7693,False,,,2,OP1,C2_WIFI_CARGA_MEDIA,N3
,0.504,0.392,0.224,1.0,,1787593081121.1904,12.84,-0.32,13.52,0.35,1787593081121.1904,False,,,2,OP1,C2_WIFI_CARGA_MEDIA,N3
,0.504,0.392,0.225,1.0,,1787593081290.8572,12.875,-0.32,13.52,0.35,1787593081290.8572,False,,,2,OP1,C2_WIFI_CARGA_MEDIA,N3
,0.502,0.392,0.224,1.0,,1787593081336.1443,12.84,-0.16,13.52,0.35,1787593081336.1443,False,,,2,OP1,C2_WIFI_CARGA_MEDIA,N3
,0.502,0.392,0.224,1.0,,1787593081474.7043,12.84,-0.16,13.52,0.35,1787593081474.7043,False,,,2,OP1,C2_WIFI_CARGA_MEDIA,N3
,0.502,0.392,0.224,1.0,,1787593081526.9988,12.84,-0.16,13.52,0.35,1787593081526.9988,False,,,2,OP1,C2_WIFI_CARGA_MEDIA,N3
,0.502,0.392,0.224,1.0,,1787593081551.1245,12.84,-0.16,13.52,0.35,1787593081551.1245,False,,,2,OP1,C2_WIFI_CARGA_MEDIA,N3
,0.502,0.392,0.224,1.0,,1787593081574.1643,12.84,-0.16,13.52,0.35,1787593081587.472,False,,,2,OP1,C2_WIFI_CARGA_MEDIA,N3
,0.504,0.391,0.223,1.0,,1787593081625.379,12.805,-0.32,13.46,0.35,1787593081625.379,False,,,2,OP1,C2_WIFI_CARGA_MEDIA,N3
,0.504,0.391,0.223,1.0,,1787593081650.0496,12.805,-0.32,13.46,0.35,1787593081652.16,False,,,2,OP1,C2_WIFI_CARGA_MEDIA,N3
,0.505,0.39,0.223,1.0,,1787593081697.1536,12.805,-0.4,13.4,0.35,1787593081697.1536,False,,,2,OP1,C2_WIFI_CARGA_MEDIA,N3
,0.507,0.389,0.223,1.0,,1787593081747.8318,12.805,-0.56,13.34,0.35,1787593081747.8318,False,,,2,OP1,C2_WIFI_CARGA_MEDIA,N3
,0.508,0.389,0.223,1.0,,1787593081774.9714,12.805,-0.64,13.34,0.35,1787593081774.9714,False,,,2,OP1,C2_WIFI_CARGA_MEDIA,N3
,0.508,0.389,0.222,1.0,,1787593081796.6846,12.77,-0.64,13.34,0.35,1787593081797.572,False,,,2,OP1,C2_WIFI_CARGA_MEDIA,N3
,0.508,0.39,0.222,1.0,,1787593081837.4807,12.77,-0.64,13.4,0.35,1787593081837.4807,False,,,2,OP1,C2_WIFI_CARGA_MEDIA,N3
,0.508,0.391,0.22,1.0,,1787593081892.4602,12.7,-0.64,13.46,0.35,1787593081894.2588,False,,,2,OP1,C2_WIFI_CARGA_MEDIA,N3
,0.507,0.391,0.221,1.0,,1787593081916.6785,12.735,-0.56,13.46,0.35,1787593081916.6785,False,,,2,OP1,C2_WIFI_CARGA_MEDIA,N3
,0.505,0.392,0.222,1.0,,1787593081967.904,12.77,-0.4,13.52,0.35,1787593081967.904,False,,,2,OP1,C2_WIFI_CARGA_MEDIA,N3
,0.504,0.392,0.222,1.0,,1787593082005.4543,12.77,-0.32,13.52,0.35,1787593082006.4712,False,,,2,OP1,C2_WIFI_CARGA_MEDIA,N3
,0.503,0.392,0.224,1.0,,1787593082050.7544,12.84,-0.24,13.52,0.35,1787593082053.0298,False,,,2,OP1,C2_WIFI_CARGA_MEDIA,N3
,0.503,0.392,0.226,1.0,,1787593082087.0298,12.91,-0.24,13.52,0.35,1787593082088.0293,False,,,2,OP1,C2_WIFI_CARGA_MEDIA,N3
,0.502,0.392,0.226,1.0,,1787593082143.2993,12.91,-0.16,13.52,0.35,1787593082144.9255,False,,,2,OP1,C2_WIFI_CARGA_MEDIA,N3
,0.501,0.391,0.227,1.0,,1787593082330.078,12.945,-0.08,13.46,0.35,1787593082330.078,False,,,2,OP1,C2_WIFI_CARGA_MEDIA,N3
,0.501,0.389,0.225,1.0,,1787593082364.6804,12.875,-0.08,13.34,0.35,1787593082364.6804,False,,,2,OP1,C2_WIFI_CARGA_MEDIA,N3
,0.501,0.389,0.224,1.0,,1787593082388.5308,12.84,-0.08,13.34,0.35,1787593082389.5847,False,,,2,OP1,C2_WIFI_CARGA_MEDIA,N3
,0.501,0.388,0.224,1.0,,1787593082422.349,12.84,-0.08,13.28,0.35,1787593082422.349,False,,,2,OP1,C2_WIFI_CARGA_MEDIA,N3
,0.502,0.387,0.224,1.0,,1787593082479.0493,12.84,-0.16,13.22,0.35,1787593082479.0493,False,,,2,OP1,C2_WIFI_CARGA_MEDIA,N3
,0.503,0.386,0.226,1.0,,1787593082533.269,12.91,-0.24,13.16,0.35,1787593082534.5686,False,,,2,OP1,C2_WIFI_CARGA_MEDIA,N3
,0.503,0.386,0.228,1.0,,1787593082580.7595,12.98,-0.24,13.16,0.35,1787593082580.7595,False,,,2,OP1,C2_WIFI_CARGA_MEDIA,N3
,0.503,0.386,0.229,1.0,,1787593082602.8477,13.015,-0.24,13.16,0.35,1787593082602.8477,False,,,2,OP1,C2_WIFI_CARGA_MEDIA,N3
,0.503,0.386,0.229,1.0,,1787593082644.527,13.015,-0.24,13.16,0.35,1787593082644.527,False,,,2,OP1,C2_WIFI_CARGA_MEDIA,N3
,0.502,0.387,0.23,1.0,,1787593082698.9143,13.05,-0.16,13.22,0.35,1787593082700.923,False,,,2,OP1,C2_WIFI_CARGA_MEDIA,N3
,0.501,0.387,0.231,1.0,,1787593082755.1418,13.085,-0.08,13.22,0.35,1787593082755.1418,False,,,2,OP1,C2_WIFI_CARGA_MEDIA,N3
,0.502,0.387,0.232,1.0,,1787593082781.6992,13.12,-0.16,13.22,0.35,1787593082783.7085,False,,,2,OP1,C2_WIFI_CARGA_MEDIA,N3
,0.502,0.387,0.232,1.0,,1787593082811.3474,13.12,-0.16,13.22,0.35,1787593082811.3474,False,,,2,OP1,C2_WIFI_CARGA_MEDIA,N3
,0.503,0.387,0.233,1.0,,1787593082858.0127,13.155,-0.24,13.22,0.35,1787593082858.0127,False,,,2,OP1,C2_WIFI_CARGA_MEDIA,N3
,0.503,0.388,0.234,1.0,,1787593082885.5012,13.19,-0.24,13.28,0.35,1787593082885.5012,False,,,2,OP1,C2_WIFI_CARGA_MEDIA,N3
,0.504,0.388,0.235,1.0,,1787593082915.5342,13.225,-0.32,13.28,0.35,1787593082918.5842,False,,,2,OP1,C2_WIFI_CARGA_MEDIA,N3
,0.504,0.389,0.235,1.0,,1787593082961.7666,13.225,-0.32,13.34,0.35,1787593082961.7666,False,,,2,OP1,C2_WIFI_CARGA_MEDIA,N3
,0.503,0.39,0.234,1.0,,1787593083007.1216,13.19,-0.24,13.4,0.35,1787593083007.1216,False,,,2,OP1,C2_WIFI_CARGA_MEDIA,N3
,0.503,0.39,0.234,1.0,,1787593083061.7788,13.19,-0.24,13.4,0.35,1787593083062.7896,False,,,2,OP1,C2_WIFI_CARGA_MEDIA,N3
,0.503,0.39,0.234,1.0,,1787593083084.7034,13.19,-0.24,13.4,0.35,1787593083084.7034,False,,,2,OP1,C2_WIFI_CARGA_MEDIA,N3
,0.502,0.39,0.233,1.0,,1787593083130.5513,13.155,-0.16,13.4,0.35,1787593083145.4382,False,,,2,OP1,C2_WIFI_CARGA_MEDIA,N3
,0.502,0.39,0.231,1.0,,1787593083283.9946,13.085,-0.16,13.4,0.35,1787593083283.9946,False,,,2,OP1,C2_WIFI_CARGA_MEDIA,N3
,0.5,0.391,0.221,1.0,,1787593083325.7314,12.735,0.0,13.46,0.35,1787593083326.81,False,,,2,OP1,C2_WIFI_CARGA_MEDIA,N3
,0.501,0.391,0.222,1.0,,1787593083366.7195,12.77,-0.08,13.46,0.35,1787593083368.7285,False,,,2,OP1,C2_WIFI_CARGA_MEDIA,N3
,0.502,0.391,0.223,1.0,,1787593083422.386,12.805,-0.16,13.46,0.35,1787593083422.386,False,,,2,OP1,C2_WIFI_CARGA_MEDIA,N3
,0.504,0.389,0.224,1.0,,1787593083475.3762,12.84,-0.32,13.34,0.35,1787593083479.3955,False,,,2,OP1,C2_WIFI_CARGA_MEDIA,N3
,0.505,0.389,0.225,1.0,,1787593083528.8254,12.875,-0.4,13.34,0.35,1787593083528.8254,False,,,2,OP1,C2_WIFI_CARGA_MEDIA,N3
,0.505,0.389,0.225,1.0,,1787593083562.3428,12.875,-0.4,13.34,0.35,1787593083562.3428,False,,,2,OP1,C2_WIFI_CARGA_MEDIA,N3
,0.505,0.388,0.226,1.0,,1787593083583.644,12.91,-0.4,13.28,0.35,1787593083584.696,False,,,2,OP1,C2_WIFI_CARGA_MEDIA,N3
,0.505,0.388,0.227,1.0,,1787593083617.0178,12.945,-0.4,13.28,0.35,1787593083617.0178,False,,,2,OP1,C2_WIFI_CARGA_MEDIA,N3
,0.505,0.387,0.228,1.0,,1787593083667.969,12.98,-0.4,13.22,0.35,1787593083667.969,False,,,2,OP1,C2_WIFI_CARGA_MEDIA,N3
,0.505,0.387,0.227,1.0,,1787593083700.8682,12.945,-0.4,13.22,0.35,1787593083700.8682,False,,,2,OP1,C2_WIFI_CARGA_MEDIA,N3
,0.505,0.386,0.225,1.0,,1787593083724.8442,12.875,-0.4,13.16,0.35,1787593083724.8442,False,,,2,OP1,C2_WIFI_CARGA_MEDIA,N3
,0.505,0.385,0.226,1.0,,1787593083747.6704,12.91,-0.4,13.1,0.35,1787593083747.6704,False,,,2,OP1,C2_WIFI_CARGA_MEDIA,N3
,0.505,0.385,0.224,1.0,,1787593083770.6443,12.84,-0.4,13.1,0.35,1787593083770.6443,False,,,2,OP1,C2_WIFI_CARGA_MEDIA,N3
,0.506,0.384,0.223,1.0,,1787593083812.7976,12.805,-0.48,13.04,0.35,1787593083814.8088,False,,,2,OP1,C2_WIFI_CARGA_MEDIA,N3
,0.506,0.384,0.223,1.0,,1787593083840.2458,12.805,-0.48,13.04,0.35,1787593083842.275,False,,,2,OP1,C2_WIFI_CARGA_MEDIA,N3
,0.507,0.383,0.223,1.0,,1787593083874.5833,12.805,-0.56,12.98,0.35,1787593083874.5833,False,,,2,OP1,C2_WIFI_CARGA_MEDIA,N3
,0.507,0.383,0.223,1.0,,1787593083924.6716,12.805,-0.56,12.98,0.35,1787593083924.6716,False,,,2,OP1,C2_WIFI_CARGA_MEDIA,N3
,0.507,0.384,0.222,1.0,,1787593083954.1194,12.77,-0.56,13.04,0.35,1787593083956.1326,False,,,2,OP1,C2_WIFI_CARGA_MEDIA,N3
,0.508,0.384,0.222,1.0,,1787593083980.2507,12.77,-0.64,13.04,0.35,1787593083980.2507,False,,,2,OP1,C2_WIFI_CARGA_MEDIA,N3
,0.508,0.384,0.222,1.0,,1787593084002.182,12.77,-0.64,13.04,0.35,1787593084002.182,False,,,2,OP1,C2_WIFI_CARGA_MEDIA,N3
,0.509,0.384,0.221,1.0,,1787593084024.2527,12.735,-0.72,13.04,0.35,1787593084024.9675,False,,,2,OP1,C2_WIFI_CARGA_MEDIA,N3
,0.509,0.384,0.221,1.0,,1787593084047.068,12.735,-0.72,13.04,0.35,1787593084058.1067,False,,,2,OP1,C2_WIFI_CARGA_MEDIA,N3
,0.509,0.384,0.221,1.0,,1787593084074.3914,12.735,-0.72,13.04,0.35,1787593084074.3914,False,,,2,OP1,C2_WIFI_CARGA_MEDIA,N3
,0.51,0.384,0.221,1.0,,1787593084117.1553,12.735,-0.8,13.04,0.35,1787593084117.6616,False,,,2,OP1,C2_WIFI_CARGA_MEDIA,N3
,0.51,0.384,0.219,1.0,,1787593084167.5798,12.665,-0.8,13.04,0.35,1787593084167.5798,False,,,2,OP1,C2_WIFI_CARGA_MEDIA,N3
,0.51,0.384,0.218,1.0,,1787593084202.6963,12.63,-0.8,13.04,0.35,1787593084205.4316,False,,,2,OP1,C2_WIFI_CARGA_MEDIA,N3
,0.51,0.384,0.219,1.0,,1787593084257.1602,12.665,-0.8,13.04,0.35,1787593084257.1602,False,,,2,OP1,C2_WIFI_CARGA_MEDIA,N3
,0.51,0.384,0.219,1.0,,1787593084409.021,12.665,-0.8,13.04,0.35,1787593084410.1006,False,,,2,OP1,C2_WIFI_CARGA_MEDIA,N3
,0.508,0.384,0.221,1.0,,1787593084454.129,12.735,-0.64,13.04,0.35,1787593084454.129,False,,,2,OP1,C2_WIFI_CARGA_MEDIA,N3
,0.508,0.384,0.221,1.0,,1787593084620.015,12.735,-0.64,13.04,0.35,1787593084623.238,False,,,2,OP1,C2_WIFI_CARGA_MEDIA,N3
,0.507,0.384,0.221,1.0,,1787593084643.5476,12.735,-0.56,13.04,0.35,1787593084643.5476,False,,,2,OP1,C2_WIFI_CARGA_MEDIA,N3
,0.507,0.384,0.221,1.0,,1787593084678.7087,12.735,-0.56,13.04,0.35,1787593084681.6338,False,,,2,OP1,C2_WIFI_CARGA_MEDIA,N3
,0.507,0.384,0.22,1.0,,1787593084731.1003,12.7,-0.56,13.04,0.35,1787593084731.1003,False,,,2,OP1,C2_WIFI_CARGA_MEDIA,N3
,0.507,0.383,0.22,1.0,,1787593084759.1816,12.7,-0.56,12.98,0.35,1787593084761.1863,False,,,2,OP1,C2_WIFI_CARGA_MEDIA,N3
,0.507,0.383,0.221,1.0,,1787593084787.7473,12.735,-0.56,12.98,0.35,1787593084787.7473,False,,,2,OP1,C2_WIFI_CARGA_MEDIA,N3
,0.507,0.383,0.221,1.0,,1787593084815.2686,12.735,-0.56,12.98,0.35,1787593084815.2686,False,,,2,OP1,C2_WIFI_CARGA_MEDIA,N3
,0.507,0.383,0.221,1.0,,1787593084842.0688,12.735,-0.56,12.98,0.35,1787593084842.0688,False,,,2,OP1,C2_WIFI_CARGA_MEDIA,N3
,0.507,0.383,0.221,1.0,,1787593084866.6155,12.735,-0.56,12.98,0.35,1787593084866.6155,False,,,2,OP1,C2_WIFI_CARGA_MEDIA,N3
,0.507,0.382,0.221,1.0,,1787593084923.6196,12.735,-0.56,12.92,0.35,1787593084928.9695,False,,,2,OP1,C2_WIFI_CARGA_MEDIA,N3
,0.508,0.382,0.221,1.0,,1787593084947.3066,12.735,-0.64,12.92,0.35,1787593084947.3066,False,,,2,OP1,C2_WIFI_CARGA_MEDIA,N3
,0.508,0.382,0.22,1.0,,1787593084983.7903,12.7,-0.64,12.92,0.35,1787593084983.7903,False,,,2,OP1,C2_WIFI_CARGA_MEDIA,N3
,0.508,0.382,0.218,1.0,,1787593085034.0095,12.63,-0.64,12.92,0.35,1787593085034.0095,False,,,2,OP1,C2_WIFI_CARGA_MEDIA,N3
,0.508,0.382,0.218,1.0,,1787593085064.8198,12.63,-0.64,12.92,0.35,1787593085064.8198,False,,,2,OP1,C2_WIFI_CARGA_MEDIA,N3
,0.508,0.383,0.219,1.0,,1787593085089.0105,12.665,-0.64,12.98,0.35,1787593085091.5376,False,,,2,OP1,C2_WIFI_CARGA_MEDIA,N3
,0.508,0.383,0.22,1.0,,1787593085124.1306,12.7,-0.64,12.98,0.35,1787593085124.603,False,,,2,OP1,C2_WIFI_CARGA_MEDIA,N3
,0.508,0.383,0.22,1.0,,1787593085178.9492,12.7,-0.64,12.98,0.35,1787593085180.9382,False,,,2,OP1,C2_WIFI_CARGA_MEDIA,N3
,0.508,0.384,0.219,1.0,,1787593085228.8018,12.665,-0.64,13.04,0.35,1787593085228.8018,False,,,2,OP1,C2_WIFI_CARGA_MEDIA,N3
,0.508,0.385,0.219,1.0,,1787593085260.4722,12.665,-0.64,13.1,0.35,1787593085261.982,False,,,2,OP1,C2_WIFI_CARGA_MEDIA,N3
,0.507,0.385,0.219,1.0,,1787593085286.014,12.665,-0.56,13.1,0.35,1787593085286.014,False,,,2,OP1,C2_WIFI_CARGA_MEDIA,N3
,0.507,0.386,0.219,1.0,,1787593085316.871,12.665,-0.56,13.16,0.35,1787593085316.871,False,,,2,OP1,C2_WIFI_CARGA_MEDIA,N3
,0.507,0.386,0.22,1.0,,1787593085372.4883,12.7,-0.56,13.16,0.35,1787593085374.3452,False,,,2,OP1,C2_WIFI_CARGA_MEDIA,N3
,0.507,0.387,0.22,1.0,,1787593085423.3794,12.7,-0.56,13.22,0.35,1787593085423.3794,False,,,2,OP1,C2_WIFI_CARGA_MEDIA,N3
,0.506,0.387,0.222,1.0,,1787593085483.8552,12.77,-0.48,13.22,0.35,1787593085483.8552,False,,,2,OP1,C2_WIFI_CARGA_MEDIA,N3
,0.507,0.387,0.226,1.0,,1787593085531.4536,12.91,-0.56,13.22,0.35,1787593085531.4536,False,,,2,OP1,C2_WIFI_CARGA_MEDIA,N3
,0.506,0.388,0.229,1.0,,1787593085592.4514,13.015,-0.48,13.28,0.35,1787593085594.9011,False,,,2,OP1,C2_WIFI_CARGA_MEDIA,N3
,0.506,0.388,0.23,1.0,,1787593085623.2578,13.05,-0.48,13.28,0.35,1787593085626.454,False,,,2,OP1,C2_WIFI_CARGA_MEDIA,N3
,0.505,0.388,0.233,1.0,,1787593085681.466,13.155,-0.4,13.28,0.35,1787593085681.466,False,,,2,OP1,C2_WIFI_CARGA_MEDIA,N3
,0.505,0.387,0.236,1.0,,1787593085733.1848,13.26,-0.4,13.22,0.35,1787593085734.652,False,,,2,OP1,C2_WIFI_CARGA_MEDIA,N3
,0.505,0.388,0.238,1.0,,1787593085757.6487,13.33,-0.4,13.28,0.35,1787593085757.6487,False,,,2,OP1,C2_WIFI_CARGA_MEDIA,N3
,0.504,0.387,0.24,1.0,,1787593085819.3674,13.4,-0.32,13.22,0.35,1787593085819.3674,False,,,2,OP1,C2_WIFI_CARGA_MEDIA,N3
,0.504,0.387,0.24,1.0,,1787593085866.9548,13.4,-0.32,13.22,0.35,1787593085866.9548,False,,,2,OP1,C2_WIFI_CARGA_MEDIA,N3
,0.504,0.387,0.241,1.0,,1787593086035.0732,13.435,-0.32,13.22,0.35,1787593086036.736,False,,,2,OP1,C2_WIFI_CARGA_MEDIA,N3
,0.502,0.385,0.246,1.0,,1787593086067.3176,13.61,-0.16,13.1,0.35,1787593086069.332,False,,,2,OP1,C2_WIFI_CARGA_MEDIA,N3
,0.501,0.384,0.248,1.0,,1787593086125.631,13.68,-0.08,13.04,0.35,1787593086125.631,False,,,2,OP1,C2_WIFI_CARGA_MEDIA,N3
,0.501,0.383,0.249,1.0,,1787593086180.521,13.715,-0.08,12.98,0.35,1787593086180.521,False,,,2,OP1,C2_WIFI_CARGA_MEDIA,N3
,0.501,0.383,0.25,1.0,,1787593086204.7627,13.75,-0.08,12.98,0.35,1787593086204.7627,False,,,2,OP1,C2_WIFI_CARGA_MEDIA,N3
,0.501,0.382,0.252,1.0,,1787593086264.3047,13.82,-0.08,12.92,0.35,1787593086265.2532,False,,,2,OP1,C2_WIFI_CARGA_MEDIA,N3
,0.501,0.381,0.252,1.0,,1787593086285.6885,13.82,-0.08,12.86,0.35,1787593086285.6885,False,,,2,OP1,C2_WIFI_CARGA_MEDIA,N3
,0.501,0.381,0.253,1.0,,1787593086333.3452,13.855,-0.08,12.86,0.35,1787593086333.3452,False,,,2,OP1,C2_WIFI_CARGA_MEDIA,N3
,0.501,0.381,0.254,1.0,,1787593086372.5752,13.89,-0.08,12.86,0.35,1787593086373.589,False,,,2,OP1,C2_WIFI_CARGA_MEDIA,N3
,0.5,0.381,0.256,1.0,,1787593086421.5078,13.96,0.0,12.86,0.35,1787593086421.5078,False,,,2,OP1,C2_WIFI_CARGA_MEDIA,N3
,0.5,0.381,0.258,1.0,,1787593086486.3096,14.03,0.0,12.86,0.35,1787593086488.3342,False,,,2,OP1,C2_WIFI_CARGA_MEDIA,N3
,0.5,0.381,0.258,1.0,,1787593086677.4563,14.03,0.0,12.86,0.35,1787593086677.4563,False,,,2,OP1,C2_WIFI_CARGA_MEDIA,N3
,0.499,0.381,0.257,1.0,,1787593086727.4585,13.995,0.08,12.86,0.35,1787593086727.4585,False,,,2,OP1,C2_WIFI_CARGA_MEDIA,N3
,0.5,0.382,0.258,1.0,,1787593086787.4517,14.03,0.0,12.92,0.35,1787593086787.4517,False,,,2,OP1,C2_WIFI_CARGA_MEDIA,N3
,0.5,0.382,0.258,1.0,,1787593086809.7375,14.03,0.0,12.92,0.35,1787593086809.7375,False,,,2,OP1,C2_WIFI_CARGA_MEDIA,N3
,0.5,0.382,0.258,1.0,,1787593086849.4297,14.03,0.0,12.92,0.35,1787593086849.4297,False,,,2,OP1,C2_WIFI_CARGA_MEDIA,N3
,0.5,0.38,0.258,1.0,,1787593086894.2866,14.03,0.0,12.8,0.35,1787593086894.2866,False,,,2,OP1,C2_WIFI_CARGA_MEDIA,N3
,0.5,0.38,0.258,1.0,,1787593086930.5437,14.03,0.0,12.8,0.35,1787593086930.5437,False,,,2,OP1,C2_WIFI_CARGA_MEDIA,N3
,0.499,0.381,0.256,1.0,,1787593086952.4644,13.96,0.08,12.86,0.35,1787593086954.0884,False,,,2,OP1,C2_WIFI_CARGA_MEDIA,N3
,0.5,0.38,0.257,1.0,,1787593086987.827,13.995,0.0,12.8,0.35,1787593086987.827,False,,,2,OP1,C2_WIFI_CARGA_MEDIA,N3
,0.5,0.38,0.256,1.0,,1787593087029.5515,13.96,0.0,12.8,0.35,1787593087029.5515,False,,,2,OP1,C2_WIFI_CARGA_MEDIA,N3
,0.5,0.379,0.256,1.0,,1787593087058.4153,13.96,0.0,12.74,0.35,1787593087058.4153,False,,,2,OP1,C2_WIFI_CARGA_MEDIA,N3
,0.5,0.379,0.256,1.0,,1787593087096.1355,13.96,0.0,12.74,0.35,1787593087098.1697,False,,,2,OP1,C2_WIFI_CARGA_MEDIA,N3
,0.501,0.379,0.256,1.0,,1787593087146.1672,13.96,-0.08,12.74,0.35,1787593087146.1672,False,,,2,OP1,C2_WIFI_CARGA_MEDIA,N3
,0.501,0.378,0.256,1.0,,1787593087182.982,13.96,-0.08,12.68,0.35,1787593087185.0986,False,,,2,OP1,C2_WIFI_CARGA_MEDIA,N3
,0.501,0.379,0.255,1.0,,1787593087222.928,13.925,-0.08,12.74,0.35,1787593087222.928,False,,,2,OP1,C2_WIFI_CARGA_MEDIA,N3
,0.502,0.379,0.255,1.0,,1787593087254.5718,13.925,-0.16,12.74,0.35,1787593087254.5718,False,,,2,OP1,C2_WIFI_CARGA_MEDIA,N3
,0.502,0.379,0.255,1.0,,1787593087294.691,13.925,-0.16,12.74,0.35,1787593087295.6853,False,,,2,OP1,C2_WIFI_CARGA_MEDIA,N3
,0.502,0.379,0.255,1.0,,1787593087350.6052,13.925,-0.16,12.74,0.35,1787593087350.9062,False,,,2,OP1,C2_WIFI_CARGA_MEDIA,N3
,0.502,0.38,0.256,1.0,,1787593087396.9414,13.96,-0.16,12.8,0.35,1787593087396.9414,False,,,2,OP1,C2_WIFI_CARGA_MEDIA,N3
,0.502,0.381,0.255,1.0,,1787593087434.9106,13.925,-0.16,12.86,0.35,1787593087436.948,False,,,2,OP1,C2_WIFI_CARGA_MEDIA,N3
,0.502,0.382,0.254,1.0,,1787593087489.5415,13.89,-0.16,12.92,0.35,1787593087492.0244,False,,,2,OP1,C2_WIFI_CARGA_MEDIA,N3
,0.502,0.382,0.253,1.0,,1787593087532.611,13.855,-0.16,12.92,0.35,1787593087532.611,False,,,2,OP1,C2_WIFI_CARGA_MEDIA,N3
,0.502,0.382,0.253,1.0,,1787593087563.6736,13.855,-0.16,12.92,0.35,1787593087564.6963,False,,,2,OP1,C2_WIFI_CARGA_MEDIA,N3
,0.501,0.383,0.253,1.0,,1787593087597.7158,13.855,-0.08,12.98,0.35,1787593087597.7158,False,,,2,OP1,C2_WIFI_CARGA_MEDIA,N3
,0.501,0.384,0.253,1.0,,1787593087646.8557,13.855,-0.08,13.04,0.35,1787593087646.8557,False,,,2,OP1,C2_WIFI_CARGA_MEDIA,N3
,0.501,0.384,0.253,1.0,,1787593087678.0986,13.855,-0.08,13.04,0.35,1787593087678.0986,False,,,2,OP1,C2_WIFI_CARGA_MEDIA,N3
,0.501,0.384,0.253,1.0,,1787593087736.288,13.855,-0.08,13.04,0.35,1787593087736.288,False,,,2,OP1,C2_WIFI_CARGA_MEDIA,N3
,0.501,0.384,0.252,1.0,,1787593087796.744,13.82,-0.08,13.04,0.35,1787593087796.744,False,,,2,OP1,C2_WIFI_CARGA_MEDIA,N3
,0.502,0.384,0.253,1.0,,1787593087849.8877,13.855,-0.16,13.04,0.35,1787593087851.9236,False,,,2,OP1,C2_WIFI_CARGA_MEDIA,N3
,0.502,0.384,0.253,1.0,,1787593088013.492,13.855,-0.16,13.04,0.35,1787593088015.498,False,,,2,OP1,C2_WIFI_CARGA_MEDIA,N3
,0.5,0.384,0.253,1.0,,1787593088045.2852,13.855,0.0,13.04,0.35,1787593088046.7998,False,,,2,OP1,C2_WIFI_CARGA_MEDIA,N3
,0.5,0.384,0.254,1.0,,1787593088071.955,13.89,0.0,13.04,0.35,1787593088073.0645,False,,,2,OP1,C2_WIFI_CARGA_MEDIA,N3
,0.5,0.384,0.253,1.0,,1787593088096.7344,13.855,0.0,13.04,0.35,1787593088096.7344,False,,,2,OP1,C2_WIFI_CARGA_MEDIA,N3
,0.5,0.384,0.253,1.0,,1787593088120.0356,13.855,0.0,13.04,0.35,1787593088121.1477,False,,,2,OP1,C2_WIFI_CARGA_MEDIA,N3
,0.499,0.384,0.253,1.0,,1787593088157.1033,13.855,0.08,13.04,0.35,1787593088157.1033,False,,,2,OP1,C2_WIFI_CARGA_MEDIA,N3
,0.499,0.384,0.251,1.0,,1787593088197.1294,13.785,0.08,13.04,0.35,1787593088197.1294,False,,,2,OP1,C2_WIFI_CARGA_MEDIA,N3
,0.499,0.385,0.251,1.0,,1787593088222.25,13.785,0.08,13.1,0.35,1787593088222.25,False,,,2,OP1,C2_WIFI_CARGA_MEDIA,N3
,0.499,0.384,0.252,1.0,,1787593088264.4087,13.82,0.08,13.04,0.35,1787593088264.4087,False,,,2,OP1,C2_WIFI_CARGA_MEDIA,N3
,0.499,0.384,0.252,1.0,,1787593088294.2195,13.82,0.08,13.04,0.35,1787593088296.829,False,,,2,OP1,C2_WIFI_CARGA_MEDIA,N3
,0.499,0.383,0.253,1.0,,1787593088319.844,13.855,0.08,12.98,0.35,1787593088321.8547,False,,,2,OP1,C2_WIFI_CARGA_MEDIA,N3
,0.499,0.383,0.253,1.0,,1787593088351.9526,13.855,0.08,12.98,0.35,1787593088352.952,False,,,2,OP1,C2_WIFI_CARGA_MEDIA,N3
,0.499,0.383,0.255,1.0,,1787593088398.7903,13.925,0.08,12.98,0.35,1787593088398.7903,False,,,2,OP1,C2_WIFI_CARGA_MEDIA,N3
,0.499,0.383,0.256,1.0,,1787593088424.4265,13.96,0.08,12.98,0.35,1787593088424.4265,False,,,2,OP1,C2_WIFI_CARGA_MEDIA,N3
,0.499,0.383,0.256,1.0,,1787593088462.076,13.96,0.08,12.98,0.35,1787593088464.0845,False,,,2,OP1,C2_WIFI_CARGA_MEDIA,N3
,0.499,0.382,0.256,1.0,,1787593088492.9,13.96,0.08,12.92,0.35,1787593088492.9,False,,,2,OP1,C2_WIFI_CARGA_MEDIA,N3
,0.499,0.382,0.256,1.0,,1787593088517.177,13.96,0.08,12.92,0.35,1787593088521.051,False,,,2,OP1,C2_WIFI_CARGA_MEDIA,N3
,0.499,0.381,0.256,1.0,,1787593088560.5227,13.96,0.08,12.86,0.35,1787593088560.5227,False,,,2,OP1,C2_WIFI_CARGA_MEDIA,N3
,0.499,0.381,0.256,1.0,,1787593088599.7976,13.96,0.08,12.86,0.35,1787593088599.7976,False,,,2,OP1,C2_WIFI_CARGA_MEDIA,N3
,0.498,0.382,0.255,1.0,,1787593088622.4993,13.925,0.16,12.92,0.35,1787593088622.4993,False,,,2,OP1,C2_WIFI_CARGA_MEDIA,N3
,0.498,0.382,0.255,1.0,,1787593088657.729,13.925,0.16,12.92,0.35,1787593088659.5193,False,,,2,OP1,C2_WIFI_CARGA_MEDIA,N3
,0.497,0.382,0.254,1.0,,1787593088696.9678,13.89,0.24,12.92,0.35,1787593088696.9678,False,,,2,OP1,C2_WIFI_CARGA_MEDIA,N3
,0.497,0.382,0.255,1.0,,1787593088724.6458,13.925,0.24,12.92,0.35,1787593088726.361,False,,,2,OP1,C2_WIFI_CARGA_MEDIA,N3
,0.497,0.381,0.255,1.0,,1787593088770.5232,13.925,0.24,12.86,0.35,1787593088770.5232,False,,,2,OP1,C2_WIFI_CARGA_MEDIA,N3
,0.497,0.381,0.256,1.0,,1787593088796.696,13.96,0.24,12.86,0.35,1787593088798.7024,False,,,2,OP1,C2_WIFI_CARGA_MEDIA,N3
,0.498,0.381,0.257,1.0,,1787593088825.1562,13.995,0.16,12.86,0.35,1787593088827.423,False,,,2,OP1,C2_WIFI_CARGA_MEDIA,N3
,0.498,0.38,0.258,1.0,,1787593088865.4731,14.03,0.16,12.8,0.35,1787593088865.4731,False,,,2,OP1,C2_WIFI_CARGA_MEDIA,N3
,0.499,0.38,0.258,1.0,,1787593088901.7864,14.03,0.08,12.8,0.35,1787593088901.7864,False,,,2,OP1,C2_WIFI_CARGA_MEDIA,N3
,0.499,0.379,0.258,1.0,,1787593088924.431,14.03,0.08,12.74,0.35,1787593088924.431,False,,,2,OP1,C2_WIFI_CARGA_MEDIA,N3
,0.499,0.379,0.258,1.0,,1787593088958.2568,14.03,0.08,12.74,0.35,1787593088958.2568,False,,,2,OP1,C2_WIFI_CARGA_MEDIA,N3
,0.499,0.379,0.257,1.0,,1787593088992.6748,13.995,0.08,12.74,0.35,1787593088993.7944,False,,,2,OP1,C2_WIFI_CARGA_MEDIA,N3
,0.499,0.379,0.254,1.0,,1787593089029.8286,13.89,0.08,12.74,0.35,1787593089029.8286,False,,,2,OP1,C2_WIFI_CARGA_MEDIA,N3
,0.499,0.38,0.253,1.0,,1787593089059.4534,13.855,0.08,12.8,0.35,1787593089060.5752,False,,,2,OP1,C2_WIFI_CARGA_MEDIA,N3
,0.499,0.38,0.252,1.0,,1787593089097.3909,13.82,0.08,12.8,0.35,1787593089097.3909,False,,,2,OP1,C2_WIFI_CARGA_MEDIA,N3
,0.498,0.38,0.25,1.0,,1787593089159.7966,13.75,0.16,12.8,0.35,1787593089160.99,False,,,2,OP1,C2_WIFI_CARGA_MEDIA,N3
,0.499,0.38,0.25,1.0,,1787593089348.048,13.75,0.08,12.8,0.35,1787593089355.5964,False,,,2,OP1,C2_WIFI_CARGA_MEDIA,N3
,0.499,0.38,0.252,1.0,,1787593089378.6477,13.82,0.08,12.8,0.35,1787593089378.6477,False,,,2,OP1,C2_WIFI_CARGA_MEDIA,N3
,0.499,0.379,0.252,1.0,,1787593089402.208,13.82,0.08,12.74,0.35,1787593089403.2124,False,,,2,OP1,C2_WIFI_CARGA_MEDIA,N3
,0.498,0.38,0.251,1.0,,1787593089436.7996,13.785,0.16,12.8,0.35,1787593089438.808,False,,,2,OP1,C2_WIFI_CARGA_MEDIA,N3
,0.498,0.381,0.25,1.0,,1787593089480.0586,13.75,0.16,12.86,0.35,1787593089496.3782,False,,,2,OP1,C2_WIFI_CARGA_MEDIA,N3
,0.497,0.381,0.249,1.0,,1787593089541.5195,13.715,0.24,12.86,0.35,1787593089541.5195,False,,,2,OP1,C2_WIFI_CARGA_MEDIA,N3
,0.497,0.382,0.25,1.0,,1787593089572.4426,13.75,0.24,12.92,0.35,1787593089572.4426,False,,,2,OP1,C2_WIFI_CARGA_MEDIA,N3
,0.498,0.382,0.251,1.0,,1787593089597.4546,13.785,0.16,12.92,0.35,1787593089598.499,False,,,2,OP1,C2_WIFI_CARGA_MEDIA,N3
,0.498,0.382,0.251,1.0,,1787593089632.6064,13.785,0.16,12.92,0.35,1787593089632.6064,False,,,2,OP1,C2_WIFI_CARGA_MEDIA,N3
,0.498,0.382,0.251,1.0,,1787593089673.5117,13.785,0.16,12.92,0.35,1787593089673.5117,False,,,2,OP1,C2_WIFI_CARGA_MEDIA,N3
,0.498,0.382,0.251,1.0,,1787593089708.261,13.785,0.16,12.92,0.35,1787593089708.261,False,,,2,OP1,C2_WIFI_CARGA_MEDIA,N3
,0.498,0.382,0.251,1.0,,1787593089732.6682,13.785,0.16,12.92,0.35,1787593089734.6787,False,,,2,OP1,C2_WIFI_CARGA_MEDIA,N3
,0.498,0.383,0.251,1.0,,1787593089772.9844,13.785,0.16,12.98,0.35,1787593089772.9844,False,,,2,OP1,C2_WIFI_CARGA_MEDIA,N3
,0.497,0.383,0.249,1.0,,1787593089800.1863,13.715,0.24,12.98,0.35,1787593089800.9485,False,,,2,OP1,C2_WIFI_CARGA_MEDIA,N3
,0.497,0.383,0.249,1.0,,1787593089828.7844,13.715,0.24,12.98,0.35,1787593089828.7844,False,,,2,OP1,C2_WIFI_CARGA_MEDIA,N3
,0.498,0.383,0.246,1.0,,1787593089874.2578,13.61,0.16,12.98,0.35,1787593089874.2578,False,,,2,OP1,C2_WIFI_CARGA_MEDIA,N3
,0.498,0.383,0.246,1.0,,1787593090048.096,13.61,0.16,12.98,0.35,1787593090048.096,False,,,2,OP1,C2_WIFI_CARGA_MEDIA,N3
,0.501,0.382,0.245,1.0,,1787593090079.2087,13.575,-0.08,12.92,0.35,1787593090079.2087,False,,,2,OP1,C2_WIFI_CARGA_MEDIA,N3
,0.501,0.382,0.244,1.0,,1787593090126.999,13.54,-0.08,12.92,0.35,1787593090126.999,False,,,2,OP1,C2_WIFI_CARGA_MEDIA,N3
,0.501,0.381,0.244,1.0,,1787593090152.877,13.54,-0.08,12.86,0.35,1787593090156.0266,False,,,2,OP1,C2_WIFI_CARGA_MEDIA,N3
,0.501,0.381,0.243,1.0,,1787593090191.1309,13.505,-0.08,12.86,0.35,1787593090191.1309,False,,,2,OP1,C2_WIFI_CARGA_MEDIA,N3
,0.501,0.382,0.241,1.0,,1787593090238.6304,13.435,-0.08,12.92,0.35,1787593090238.6304,False,,,2,OP1,C2_WIFI_CARGA_MEDIA,N3
,0.501,0.381,0.241,1.0,,1787593090297.9607,13.435,-0.08,12.86,0.35,1787593090297.9607,False,,,2,OP1,C2_WIFI_CARGA_MEDIA,N3
,0.501,0.381,0.242,1.0,,1787593090328.7222,13.47,-0.08,12.86,0.35,1787593090331.215,False,,,2,OP1,C2_WIFI_CARGA_MEDIA,N3
,0.501,0.381,0.242,1.0,,1787593090385.9758,13.47,-0.08,12.86,0.35,1787593090385.9758,False,,,2,OP1,C2_WIFI_CARGA_MEDIA,N3
,0.5,0.381,0.242,1.0,,1787593090440.338,13.47,0.0,12.86,0.35,1787593090440.338,False,,,2,OP1,C2_WIFI_CARGA_MEDIA,N3
,0.5,0.381,0.242,1.0,,1787593090468.2664,13.47,0.0,12.86,0.35,1787593090469.2642,False,,,2,OP1,C2_WIFI_CARGA_MEDIA,N3
,0.501,0.382,0.242,1.0,,1787593090512.9624,13.47,-0.08,12.92,0.35,1787593090513.9602,False,,,2,OP1,C2_WIFI_CARGA_MEDIA,N3
,0.5,0.381,0.241,1.0,,1787593090550.6106,13.435,0.0,12.86,0.35,1787593090550.6106,False,,,2,OP1,C2_WIFI_CARGA_MEDIA,N3
,0.5,0.381,0.242,1.0,,1787593090598.4187,13.47,0.0,12.86,0.35,1787593090598.8088,False,,,2,OP1,C2_WIFI_CARGA_MEDIA,N3
,0.5,0.381,0.242,1.0,,1787593090636.6523,13.47,0.0,12.86,0.35,1787593090637.6523,False,,,2,OP1,C2_WIFI_CARGA_MEDIA,N3
,0.499,0.381,0.241,1.0,,1787593090687.9346,13.435,0.08,12.86,0.35,1787593090687.9346,False,,,2,OP1,C2_WIFI_CARGA_MEDIA,N3
,0.499,0.382,0.24,1.0,,1787593090746.746,13.4,0.08,12.92,0.35,1787593090746.746,False,,,2,OP1,C2_WIFI_CARGA_MEDIA,N3
,0.498,0.381,0.239,1.0,,1787593090797.6973,13.365,0.16,12.86,0.35,1787593090798.7236,False,,,2,OP1,C2_WIFI_CARGA_MEDIA,N3
,0.498,0.382,0.239,1.0,,1787593090818.7007,13.365,0.16,12.92,0.35,1787593090818.7007,False,,,2,OP1,C2_WIFI_CARGA_MEDIA,N3
,0.498,0.382,0.239,1.0,,1787593090846.9534,13.365,0.16,12.92,0.35,1787593090848.9604,False,,,2,OP1,C2_WIFI_CARGA_MEDIA,N3
,0.498,0.382,0.241,1.0,,1787593090888.494,13.435,0.16,12.92,0.35,1787593090888.494,False,,,2,OP1,C2_WIFI_CARGA_MEDIA,N3
,0.499,0.382,0.24,1.0,,1787593090926.2458,13.4,0.08,12.92,0.35,1787593090926.2458,False,,,2,OP1,C2_WIFI_CARGA_MEDIA,N3
,0.5,0.382,0.24,1.0,,1787593090954.9043,13.4,0.0,12.92,0.35,1787593090956.1013,False,,,2,OP1,C2_WIFI_CARGA_MEDIA,N3
,0.5,0.382,0.24,1.0,,1787593090999.138,13.4,0.0,12.92,0.35,1787593091000.3032,False,,,2,OP1,C2_WIFI_CARGA_MEDIA,N3
,0.5,0.381,0.239,1.0,,1787593091132.1284,13.365,0.0,12.86,0.35,1787593091132.1284,False,,,2,OP1,C2_WIFI_CARGA_MEDIA,N3
,0.501,0.38,0.239,1.0,,1787593091164.376,13.365,-0.08,12.8,0.35,1787593091165.4988,False,,,2,OP1,C2_WIFI_CARGA_MEDIA,N3
,0.5,0.38,0.239,1.0,,1787593091213.48,13.365,0.0,12.8,0.35,1787593091214.5674,False,,,2,OP1,C2_WIFI_CARGA_MEDIA,N3
,0.5,0.38,0.238,1.0,,1787593091248.1802,13.33,0.0,12.8,0.35,1787593091249.2195,False,,,2,OP1,C2_WIFI_CARGA_MEDIA,N3
,0.501,0.38,0.238,1.0,,1787593091300.182,13.33,-0.08,12.8,0.35,1787593091301.1553,False,,,2,OP1,C2_WIFI_CARGA_MEDIA,N3
,0.5,0.38,0.238,1.0,,1787593091332.2388,13.33,0.0,12.8,0.35,1787593091332.2388,False,,,2,OP1,C2_WIFI_CARGA_MEDIA,N3
,0.501,0.379,0.239,1.0,,1787593091375.752,13.365,-0.08,12.74,0.35,1787593091375.752,False,,,2,OP1,C2_WIFI_CARGA_MEDIA,N3
,0.501,0.379,0.239,1.0,,1787593091403.484,13.365,-0.08,12.74,0.35,1787593091403.484,False,,,2,OP1,C2_WIFI_CARGA_MEDIA,N3
,0.5,0.379,0.239,1.0,,1787593091441.923,13.365,0.0,12.74,0.35,1787593091443.9612,False,,,2,OP1,C2_WIFI_CARGA_MEDIA,N3
,0.5,0.379,0.237,1.0,,1787593091493.4746,13.295,0.0,12.74,0.35,1787593091496.6902,False,,,2,OP1,C2_WIFI_CARGA_MEDIA,N3
,0.499,0.379,0.239,1.0,,1787593091527.9807,13.365,0.08,12.74,0.35,1787593091527.9807,False,,,2,OP1,C2_WIFI_CARGA_MEDIA,N3
,0.499,0.379,0.238,1.0,,1787593091569.1003,13.33,0.08,12.74,0.35,1787593091569.1003,False,,,2,OP1,C2_WIFI_CARGA_MEDIA,N3
,0.499,0.379,0.238,1.0,,1787593091600.323,13.33,0.08,12.74,0.35,1787593091600.323,False,,,2,OP1,C2_WIFI_CARGA_MEDIA,N3
,0.5,0.378,0.239,1.0,,1787593091647.025,13.365,0.0,12.68,0.35,1787593091647.025,False,,,2,OP1,C2_WIFI_CARGA_MEDIA,N3
,0.5,0.378,0.239,1.0,,1787593091690.0334,13.365,0.0,12.68,0.35,1787593091690.0334,False,,,2,OP1,C2_WIFI_CARGA_MEDIA,N3
,0.5,0.378,0.239,1.0,,1787593091714.7876,13.365,0.0,12.68,0.35,1787593091714.7876,False,,,2,OP1,C2_WIFI_CARGA_MEDIA,N3
,0.5,0.378,0.239,1.0,,1787593091747.191,13.365,0.0,12.68,0.35,1787593091747.191,False,,,2,OP1,C2_WIFI_CARGA_MEDIA,N3
,0.5,0.38,0.239,1.0,,1787593091800.6204,13.365,0.0,12.8,0.35,1787593091800.6204,False,,,2,OP1,C2_WIFI_CARGA_MEDIA,N3
,0.499,0.38,0.241,1.0,,1787593091860.5315,13.435,0.08,12.8,0.35,1787593091860.5315,False,,,2,OP1,C2_WIFI_CARGA_MEDIA,N3
,0.499,0.381,0.243,1.0,,1787593091906.6077,13.505,0.08,12.86,0.35,1787593091917.2654,False,,,2,OP1,C2_WIFI_CARGA_MEDIA,N3
,0.498,0.381,0.243,1.0,,1787593091954.9685,13.505,0.16,12.86,0.35,1787593091954.9685,False,,,2,OP1,C2_WIFI_CARGA_MEDIA,N3
,0.498,0.381,0.244,1.0,,1787593091999.1204,13.54,0.16,12.86,0.35,1787593091999.1204,False,,,2,OP1,C2_WIFI_CARGA_MEDIA,N3
,0.498,0.382,0.244,1.0,,1787593092023.9385,13.54,0.16,12.92,0.35,1787593092024.623,False,,,2,OP1,C2_WIFI_CARGA_MEDIA,N3
,0.498,0.382,0.244,1.0,,1787593092057.3882,13.54,0.16,12.92,0.35,1787593092059.4,False,,,2,OP1,C2_WIFI_CARGA_MEDIA,N3
,0.499,0.383,0.244,1.0,,1787593092110.5056,13.54,0.08,12.98,0.35,1787593092110.5056,False,,,2,OP1,C2_WIFI_CARGA_MEDIA,N3
,0.499,0.383,0.243,1.0,,1787593092134.1028,13.505,0.08,12.98,0.35,1787593092134.1028,False,,,2,OP1,C2_WIFI_CARGA_MEDIA,N3
,0.499,0.383,0.242,1.0,,1787593092155.2913,13.47,0.08,12.98,0.35,1787593092155.925,False,,,2,OP1,C2_WIFI_CARGA_MEDIA,N3
,0.499,0.383,0.241,1.0,,1787593092194.4084,13.435,0.08,12.98,0.35,1787593092194.4084,False,,,2,OP1,C2_WIFI_CARGA_MEDIA,N3
,0.499,0.383,0.24,1.0,,1787593092250.999,13.4,0.08,12.98,0.35,1787593092250.999,False,,,2,OP1,C2_WIFI_CARGA_MEDIA,N3
,0.5,0.382,0.24,1.0,,1787593092276.9607,13.4,0.0,12.92,0.35,1787593092276.9607,False,,,2,OP1,C2_WIFI_CARGA_MEDIA,N3
,0.5,0.382,0.24,1.0,,1787593092307.9983,13.4,0.0,12.92,0.35,1787593092307.9983,False,,,2,OP1,C2_WIFI_CARGA_MEDIA,N3
,0.5,0.383,0.24,1.0,,1787593092349.2705,13.4,0.0,12.98,0.35,1787593092349.2705,False,,,2,OP1,C2_WIFI_CARGA_MEDIA,N3
,0.5,0.383,0.241,1.0,,1787593092376.0044,13.435,0.0,12.98,0.35,1787593092376.0044,False,,,2,OP1,C2_WIFI_CARGA_MEDIA,N3
,0.501,0.382,0.241,1.0,,1787593092435.191,13.435,-0.08,12.92,0.35,1787593092448.931,False,,,2,OP1,C2_WIFI_CARGA_MEDIA,N3
,0.501,0.381,0.241,1.0,,1787593092497.045,13.435,-0.08,12.86,0.35,1787593092497.045,False,,,2,OP1,C2_WIFI_CARGA_MEDIA,N3
,0.501,0.381,0.241,1.0,,1787593092519.472,13.435,-0.08,12.86,0.35,1787593092519.472,False,,,2,OP1,C2_WIFI_CARGA_MEDIA,N3
,0.501,0.381,0.241,1.0,,1787593092585.2788,13.435,-0.08,12.86,0.35,1787593092585.2788,False,,,2,OP1,C2_WIFI_CARGA_MEDIA,N3
,0.501,0.381,0.242,1.0,,1787593092633.4785,13.47,-0.08,12.86,0.35,1787593092633.4785,False,,,2,OP1,C2_WIFI_CARGA_MEDIA,N3
,0.501,0.381,0.241,1.0,,1787593092692.531,13.435,-0.08,12.86,0.35,1787593092693.534,False,,,2,OP1,C2_WIFI_CARGA_MEDIA,N3
,0.501,0.381,0.241,1.0,,1787593092720.5327,13.435,-0.08,12.86,0.35,1787593092724.879,False,,,2,OP1,C2_WIFI_CARGA_MEDIA,N3
,0.501,0.381,0.242,1.0,,1787593092743.2205,13.47,-0.08,12.86,0.35,1787593092743.2205,False,,,2,OP1,C2_WIFI_CARGA_MEDIA,N3
,0.501,0.381,0.242,1.0,,1787593092778.8374,13.47,-0.08,12.86,0.35,1787593092778.8374,False,,,2,OP1,C2_WIFI_CARGA_MEDIA,N3
,0.502,0.381,0.242,1.0,,1787593092829.5503,13.47,-0.16,12.86,0.35,1787593092829.5503,False,,,2,OP1,C2_WIFI_CARGA_MEDIA,N3
,0.502,0.381,0.243,1.0,,1787593092863.2473,13.505,-0.16,12.86,0.35,1787593092863.2473,False,,,2,OP1,C2_WIFI_CARGA_MEDIA,N3
,0.502,0.381,0.244,1.0,,1787593092888.123,13.54,-0.16,12.86,0.35,1787593092890.1484,False,,,2,OP1,C2_WIFI_CARGA_MEDIA,N3
,0.502,0.381,0.243,1.0,,1787593092915.5613,13.505,-0.16,12.86,0.35,1787593092915.5613,False,,,2,OP1,C2_WIFI_CARGA_MEDIA,N3
,0.503,0.38,0.244,1.0,,1787593092965.734,13.54,-0.24,12.8,0.35,1787593092965.734,False,,,2,OP1,C2_WIFI_CARGA_MEDIA,N3
,0.503,0.379,0.245,1.0,,1787593092990.0276,13.575,-0.24,12.74,0.35,1787593092992.1484,False,,,2,OP1,C2_WIFI_CARGA_MEDIA,N3
,0.503,0.379,0.246,1.0,,1787593093030.3696,13.61,-0.24,12.74,0.35,1787593093030.3696,False,,,2,OP1,C2_WIFI_CARGA_MEDIA,N3
,0.503,0.379,0.247,1.0,,1787593093077.3213,13.645,-0.24,12.74,0.35,1787593093088.7158,False,,,2,OP1,C2_WIFI_CARGA_MEDIA,N3
,0.503,0.379,0.247,1.0,,1787593093141.587,13.645,-0.24,12.74,0.35,1787593093141.587,False,,,2,OP1,C2_WIFI_CARGA_MEDIA,N3
,0.503,0.379,0.246,1.0,,1787593093169.2063,13.61,-0.24,12.74,0.35,1787593093171.88,False,,,2,OP1,C2_WIFI_CARGA_MEDIA,N3
,0.503,0.379,0.244,1.0,,1787593093196.9124,13.54,-0.24,12.74,0.35,1787593093196.9124,False,,,2,OP1,C2_WIFI_CARGA_MEDIA,N3
,0.503,0.378,0.243,1.0,,1787593093243.179,13.505,-0.24,12.68,0.35,1787593093243.179,False,,,2,OP1,C2_WIFI_CARGA_MEDIA,N3
,0.503,0.378,0.244,1.0,,1787593093266.4712,13.54,-0.24,12.68,0.35,1787593093266.4712,False,,,2,OP1,C2_WIFI_CARGA_MEDIA,N3
,0.503,0.378,0.245,1.0,,1787593093302.9646,13.575,-0.24,12.68,0.35,1787593093304.0583,False,,,2,OP1,C2_WIFI_CARGA_MEDIA,N3
,0.503,0.378,0.246,1.0,,1787593093337.6082,13.61,-0.24,12.68,0.35,1787593093337.6082,False,,,2,OP1,C2_WIFI_CARGA_MEDIA,N3
,0.503,0.377,0.249,1.0,,1787593093385.8154,13.715,-0.24,12.62,0.35,1787593093385.8154,False,,,2,OP1,C2_WIFI_CARGA_MEDIA,N3
,0.503,0.377,0.251,1.0,,1787593093405.848,13.785,-0.24,12.62,0.35,1787593093405.848,False,,,2,OP1,C2_WIFI_CARGA_MEDIA,N3
,0.503,0.378,0.253,1.0,,1787593093447.7844,13.855,-0.24,12.68,0.35,1787593093447.7844,False,,,2,OP1,C2_WIFI_CARGA_MEDIA,N3
,0.504,0.378,0.256,1.0,,1787593093503.079,13.96,-0.32,12.68,0.35,1787593093503.079,False,,,2,OP1,C2_WIFI_CARGA_MEDIA,N3
,0.506,0.379,0.261,1.0,,1787593093529.1218,14.135,-0.48,12.74,0.35,1787593093529.1218,False,,,2,OP1,C2_WIFI_CARGA_MEDIA,N3
,0.507,0.381,0.263,1.0,,1787593093678.5325,14.205,-0.56,12.86,0.35,1787593093678.5325,False,,,2,OP1,C2_WIFI_CARGA_MEDIA,N3
,0.524,0.387,0.365,1.0,,1787593093698.672,17.775,-1.92,13.22,0.35,1787593093699.584,False,,,2,OP1,C2_WIFI_CARGA_MEDIA,N3
,0.547,0.385,0.481,1.0,,1787593093749.0916,21.835,-3.76,13.1,0.35,1787593093749.0916,False,,,2,OP1,C2_WIFI_CARGA_MEDIA,N3
,0.558,0.384,0.544,1.0,,1787593093771.281,24.04,-4.64,13.04,0.35,1787593093773.0532,False,,,2,OP1,C2_WIFI_CARGA_MEDIA,N3
,0.568,0.382,0.607,1.0,,1787593093809.0647,26.245,-5.44,12.92,0.35,1787593093809.0647,False,,,2,OP1,C2_WIFI_CARGA_MEDIA,N3
,0.567,0.39,0.678,1.0,,1787593093864.3635,28.73,-5.36,13.4,0.35,1787593093864.3635,False,,,2,OP1,C2_WIFI_CARGA_MEDIA,N3
,0.557,0.394,0.692,1.0,,1787593093892.3186,29.22,-4.56,13.64,0.35,1787593093892.3186,False,,,2,OP1,C2_WIFI_CARGA_MEDIA,N3
,0.529,0.405,0.722,1.0,,1787593093937.0522,30.27,-2.32,14.3,0.35,1787593093937.0522,False,,,2,OP1,C2_WIFI_CARGA_MEDIA,N3
,0.519,0.405,0.727,1.0,,1787593093968.6418,30.445,-1.52,14.3,0.35,1787593093975.681,False,,,2,OP1,C2_WIFI_CARGA_MEDIA,N3
,0.51,0.404,0.731,1.0,,1787593093996.826,30.585,-0.8,14.24,0.35,1787593094006.972,False,,,2,OP1,C2_WIFI_CARGA_MEDIA,N3
,0.504,0.401,0.749,1.0,,1787593094019.5652,31.215,-0.32,14.06,0.35,1787593094021.5745,False,,,2,OP1,C2_WIFI_CARGA_MEDIA,N3
,0.495,0.4,0.757,1.0,,1787593094061.7307,31.495,0.4,14.0,0.35,1787593094062.728,False,,,2,OP1,C2_WIFI_CARGA_MEDIA,N3
,0.472,0.403,0.761,1.0,,1787593094109.309,31.635,2.24,14.18,0.35,1787593094109.309,False,,,2,OP1,C2_WIFI_CARGA_MEDIA,N3
,0.462,0.404,0.766,1.0,,1787593094132.4717,31.81,3.04,14.24,0.35,1787593094133.36,False,,,2,OP1,C2_WIFI_CARGA_MEDIA,N3
,0.453,0.403,0.771,1.0,,1787593094172.0916,31.985,3.76,14.18,0.35,1787593094172.0916,False,,,2,OP1,C2_WIFI_CARGA_MEDIA,N3
,0.444,0.403,0.775,1.0,,1787593094199.0835,32.125,4.48,14.18,0.35,1787593094200.809,False,,,2,OP1,C2_WIFI_CARGA_MEDIA,N3
,0.433,0.404,0.782,1.0,,1787593094242.656,32.37,5.36,14.24,0.35,1787593094242.656,False,,,2,OP1,C2_WIFI_CARGA_MEDIA,N3
,0.43,0.404,0.783,1.0,,1787593094277.939,32.405,5.6,14.24,0.35,1787593094279.5625,False,,,2,OP1,C2_WIFI_CARGA_MEDIA,N3
,0.427,0.404,0.787,1.0,,1787593094312.7058,32.545,5.84,14.24,0.35,1787593094312.7058,False,,,2,OP1,C2_WIFI_CARGA_MEDIA,N3
,0.421,0.404,0.796,1.0,,1787593094349.39,32.86,6.32,14.24,0.35,1787593094350.3997,False,,,2,OP1,C2_WIFI_CARGA_MEDIA,N3
,0.418,0.402,0.804,1.0,,1787593094386.394,33.14,6.56,14.12,0.35,1787593094386.394,False,,,2,OP1,C2_WIFI_CARGA_MEDIA,N3
,0.416,0.401,0.81,1.0,,1787593094418.3523,33.35,6.72,14.06,0.35,1787593094420.946,False,,,2,OP1,C2_WIFI_CARGA_MEDIA,N3
,0.413,0.399,0.812,1.0,,1787593094446.8943,33.42,6.96,13.94,0.35,1787593094446.8943,False,,,2,OP1,C2_WIFI_CARGA_MEDIA,N3
,0.404,0.394,0.812,1.0,,1787593094496.9375,33.42,7.68,13.64,0.35,1787593094496.9375,False,,,2,OP1,C2_WIFI_CARGA_MEDIA,N3
,0.398,0.391,0.811,1.0,,1787593094522.578,33.385,8.16,13.46,0.35,1787593094522.578,False,,,2,OP1,C2_WIFI_CARGA_MEDIA,N3
,0.394,0.387,0.81,1.0,,1787593094562.2026,33.35,8.48,13.22,0.35,1787593094562.2026,False,,,2,OP1,C2_WIFI_CARGA_MEDIA,N3
,0.389,0.381,0.81,1.0,,1787593094593.718,33.35,8.88,12.86,0.35,1787593094593.718,False,,,2,OP1,C2_WIFI_CARGA_MEDIA,N3
,0.389,0.379,0.812,1.0,,1787593094644.1345,33.42,8.88,12.74,0.35,1787593094646.36,False,,,2,OP1,C2_WIFI_CARGA_MEDIA,N3
,0.388,0.378,0.811,1.0,,1787593094701.2686,33.385,8.96,12.68,0.35,1787593094702.2666,False,,,2,OP1,C2_WIFI_CARGA_MEDIA,N3
,0.388,0.377,0.81,1.0,,1787593094873.6206,33.35,8.96,12.62,0.35,1787593094873.6206,False,,,2,OP1,C2_WIFI_CARGA_MEDIA,N3
,0.389,0.371,0.815,1.0,,1787593094923.3083,33.525,8.88,12.26,0.35,1787593094923.3083,False,,,2,OP1,C2_WIFI_CARGA_MEDIA,N3
,0.389,0.37,0.815,1.0,,1787593094951.3284,33.525,8.88,12.2,0.35,1787593094953.3389,False,,,2,OP1,C2_WIFI_CARGA_MEDIA,N3
,0.39,0.368,0.814,1.0,,1787593094981.0457,33.49,8.8,12.08,0.35,1787593094981.0457,False,,,2,OP1,C2_WIFI_CARGA_MEDIA,N3
,0.39,0.367,0.814,1.0,,1787593095023.3174,33.49,8.8,12.02,0.35,1787593095023.3174,False,,,2,OP1,C2_WIFI_CARGA_MEDIA,N3
,0.39,0.366,0.813,1.0,,1787593095049.2434,33.455,8.8,11.96,0.35,1787593095049.2434,False,,,2,OP1,C2_WIFI_CARGA_MEDIA,N3
,0.39,0.365,0.813,1.0,,1787593095073.123,33.455,8.8,11.9,0.35,1787593095075.1204,False,,,2,OP1,C2_WIFI_CARGA_MEDIA,N3
,0.389,0.365,0.811,1.0,,1787593095117.44,33.385,8.88,11.9,0.35,1787593095117.44,False,,,2,OP1,C2_WIFI_CARGA_MEDIA,N3
,0.387,0.366,0.809,1.0,,1787593095144.293,33.315,9.04,11.96,0.35,1787593095146.817,False,,,2,OP1,C2_WIFI_CARGA_MEDIA,N3
,0.384,0.366,0.804,1.0,,1787593095173.463,33.14,9.28,11.96,0.35,1787593095173.463,False,,,2,OP1,C2_WIFI_CARGA_MEDIA,N3
,0.376,0.365,0.798,1.0,,1787593095212.3171,32.93,9.92,11.9,0.35,1787593095212.3171,False,,,2,OP1,C2_WIFI_CARGA_MEDIA,N3
,0.37,0.362,0.795,1.0,,1787593095253.3943,32.825,10.4,11.72,0.35,1787593095253.8755,False,,,2,OP1,C2_WIFI_CARGA_MEDIA,N3
,0.364,0.36,0.79,1.0,,1787593095280.3667,32.65,10.88,11.6,0.35,1787593095282.3777,False,,,2,OP1,C2_WIFI_CARGA_MEDIA,N3
,0.359,0.356,0.787,1.0,,1787593095313.313,32.545,11.28,11.36,0.35,1787593095313.313,False,,,2,OP1,C2_WIFI_CARGA_MEDIA,N3
,0.351,0.351,0.776,1.0,,1787593095508.2698,32.16,11.92,11.06,0.35,1787593095509.9187,False,,,2,OP1,C2_WIFI_CARGA_MEDIA,N3
,0.328,0.351,0.806,1.0,,1787593095552.1196,33.21,13.76,11.06,0.35,1787593095552.1196,False,,,2,OP1,C2_WIFI_CARGA_MEDIA,N3
,0.323,0.351,0.815,1.0,,1787593095575.586,33.525,14.16,11.06,0.35,1787593095578.1565,False,,,2,OP1,C2_WIFI_CARGA_MEDIA,N3
,0.318,0.352,0.824,1.0,,1787593095617.318,33.84,14.56,11.12,0.35,1787593095619.3271,False,,,2,OP1,C2_WIFI_CARGA_MEDIA,N3
,0.308,0.354,0.839,1.0,,1787593095671.4883,34.365,15.36,11.24,0.35,1787593095676.3862,False,,,2,OP1,C2_WIFI_CARGA_MEDIA,N3
,0.303,0.355,0.858,1.0,,1787593095723.1294,35.03,15.76,11.3,0.35,1787593095723.1294,False,,,2,OP1,C2_WIFI_CARGA_MEDIA,N3
,0.302,0.356,0.873,1.0,,1787593095751.3335,35.555,15.84,11.36,0.35,1787593095751.3335,False,,,2,OP1,C2_WIFI_CARGA_MEDIA,N3
,0.301,0.357,0.89,1.0,,1787593095783.5208,36.15,15.92,11.42,0.35,1787593095783.5208,False,,,2,OP1,C2_WIFI_CARGA_MEDIA,N3
,0.301,0.357,0.905,1.0,,1787593095815.859,36.675,15.92,11.42,0.35,1787593095816.8623,False,,,2,OP1,C2_WIFI_CARGA_MEDIA,N3
,0.301,0.357,0.917,1.0,,1787593095953.008,37.095,15.92,11.42,0.35,1787593095953.008,False,,,2,OP1,C2_WIFI_CARGA_MEDIA,N3
,0.304,0.345,0.964,1.0,,1787593095979.6255,38.74,15.68,10.7,0.35,1787593095981.6462,False,,,2,OP1,C2_WIFI_CARGA_MEDIA,N3
,0.308,0.337,0.965,1.0,,1787593096031.2224,38.775,15.36,10.22,0.35,1787593096031.2224,False,,,2,OP1,C2_WIFI_CARGA_MEDIA,N3
,0.308,0.335,0.967,1.0,,1787593096057.3171,38.845,15.36,10.1,0.35,1787593096057.3171,False,,,2,OP1,C2_WIFI_CARGA_MEDIA,N3
,0.309,0.333,0.968,1.0,,1787593096193.7595,38.88,15.28,9.98,0.35,1787593096193.7595,False,,,2,OP1,C2_WIFI_CARGA_MEDIA,N3
,0.312,0.328,0.974,1.0,,1787593096222.7249,39.09,15.04,9.68,0.35,1787593096222.7249,False,,,2,OP1,C2_WIFI_CARGA_MEDIA,N3
,0.312,0.327,0.974,1.0,,1787593096259.4353,39.09,15.04,9.62,0.35,1787593096261.4424,False,,,2,OP1,C2_WIFI_CARGA_MEDIA,N3
,0.313,0.326,0.976,1.0,,1787593096282.5151,39.16,14.96,9.56,0.35,1787593096284.5127,False,,,2,OP1,C2_WIFI_CARGA_MEDIA,N3
,0.313,0.325,0.977,1.0,,1787593096398.8647,39.195,14.96,9.5,0.35,1787593096398.8647,False,,,2,OP1,C2_WIFI_CARGA_MEDIA,N3
,0.298,0.307,0.987,1.0,,1787593096433.868,39.545,16.16,8.42,0.35,1787593096433.868,False,,,2,OP1,C2_WIFI_CARGA_MEDIA,N3
,0.293,0.302,0.991,1.0,,1787593096481.9158,39.685,16.56,8.12,0.35,1787593096482.4731,False,,,2,OP1,C2_WIFI_CARGA_MEDIA,N3
,0.287,0.29,0.994,1.0,,1787593096532.502,39.79,17.04,7.4,0.35,1787593096532.502,False,,,2,OP1,C2_WIFI_CARGA_MEDIA,N3
,0.283,0.286,0.992,1.0,,1787593096558.6875,39.72,17.36,7.16,0.35,1787593096558.6875,False,,,2,OP1,C2_WIFI_CARGA_MEDIA,N3
,0.28,0.285,0.99,1.0,,1787593096582.733,39.65,17.6,7.1,0.35,1787593096583.7383,False,,,2,OP1,C2_WIFI_CARGA_MEDIA,N3
,0.276,0.283,0.987,1.0,,1787593096619.7988,39.545,17.92,6.98,0.35,1787593096619.7988,False,,,2,OP1,C2_WIFI_CARGA_MEDIA,N3
,0.27,0.279,0.98,1.0,,1787593096661.8938,39.3,18.4,6.74,0.35,1787593096661.8938,False,,,2,OP1,C2_WIFI_CARGA_MEDIA,N3
,0.265,0.276,0.973,1.0,,1787593096686.91,39.055,18.8,6.56,0.35,1787593096686.91,False,,,2,OP1,C2_WIFI_CARGA_MEDIA,N3
,0.259,0.271,0.963,1.0,,1787593096731.7007,38.705,19.28,6.26,0.35,1787593096731.7007,False,,,2,OP1,C2_WIFI_CARGA_MEDIA,N3
,0.253,0.267,0.952,1.0,,1787593096866.8816,38.32,19.76,6.02,0.35,1787593096866.8816,False,,,2,OP1,C2_WIFI_CARGA_MEDIA,N3
,0.215,0.272,0.786,1.0,,1787593096924.6094,32.51,22.8,6.32,0.35,1787593096924.6094,False,,,2,OP1,C2_WIFI_CARGA_MEDIA,N3
,0.216,0.278,0.782,1.0,,1787593096974.2034,32.37,22.72,6.68,0.35,1787593096974.2034,False,,,2,OP1,C2_WIFI_CARGA_MEDIA,N3
,0.217,0.285,0.788,1.0,,1787593097023.3677,32.58,22.64,7.1,0.35,1787593097023.3677,False,,,2,OP1,C2_WIFI_CARGA_MEDIA,N3
,0.217,0.287,0.791,1.0,,1787593097089.9148,32.685,22.64,7.22,0.35,1787593097089.9148,False,,,2,OP1,C2_WIFI_CARGA_MEDIA,N3
,0.215,0.288,0.793,1.0,,1787593097123.569,32.755,22.8,7.28,0.35,1787593097124.7634,False,,,2,OP1,C2_WIFI_CARGA_MEDIA,N3
,0.212,0.288,0.796,1.0,,1787593097274.73,32.86,23.04,7.28,0.35,1787593097274.73,False,,,2,OP1,C2_WIFI_CARGA_MEDIA,N3
,0.195,0.285,0.808,1.0,,1787593097327.5876,33.28,24.4,7.1,0.35,1787593097329.5989,False,,,2,OP1,C2_WIFI_CARGA_MEDIA,N3
,0.195,0.285,0.806,1.0,,1787593097373.6177,33.21,24.4,7.1,0.35,1787593097374.6165,False,,,2,OP1,C2_WIFI_CARGA_MEDIA,N3
,0.194,0.286,0.803,1.0,,1787593097398.9966,33.105,24.48,7.16,0.35,1787593097398.9966,False,,,2,OP1,C2_WIFI_CARGA_MEDIA,N3
,0.196,0.288,0.792,1.0,,1787593097429.914,32.72,24.32,7.28,0.35,1787593097431.5154,False,,,2,OP1,C2_WIFI_CARGA_MEDIA,N3
,0.2,0.293,0.765,1.0,,1787593097469.9563,31.775,24.0,7.58,0.35,1787593097469.9563,False,,,2,OP1,C2_WIFI_CARGA_MEDIA,N3
,0.201,0.294,0.758,1.0,,1787593097505.8188,31.53,23.92,7.64,0.35,1787593097505.8188,False,,,2,OP1,C2_WIFI_CARGA_MEDIA,N3
,0.201,0.296,0.748,1.0,,1787593097528.079,31.18,23.92,7.76,0.35,1787593097530.0715,False,,,2,OP1,C2_WIFI_CARGA_MEDIA,N3
,0.201,0.297,0.734,1.0,,1787593097569.2063,30.69,23.92,7.82,0.35,1787593097569.2063,False,,,2,OP1,C2_WIFI_CARGA_MEDIA,N3
,0.201,0.298,0.724,1.0,,1787593097595.9211,30.34,23.92,7.88,0.35,1787593097597.4373,False,,,2,OP1,C2_WIFI_CARGA_MEDIA,N3
,0.2,0.3,0.712,1.0,,1787593097620.6758,29.92,24.0,8.0,0.35,1787593097620.6758,False,,,2,OP1,C2_WIFI_CARGA_MEDIA,N3
,0.2,0.301,0.696,1.0,,1787593097647.0227,29.36,24.0,8.06,0.35,1787593097647.0227,False,,,2,OP1,C2_WIFI_CARGA_MEDIA,N3
,0.199,0.302,0.679,1.0,,1787593097670.92,28.765,24.08,8.12,0.35,1787593097670.92,False,,,2,OP1,C2_WIFI_CARGA_MEDIA,N3
,0.198,0.304,0.67,1.0,,1787593097699.0562,28.45,24.16,8.24,0.35,1787593097699.0562,False,,,2,OP1,C2_WIFI_CARGA_MEDIA,N3
,0.198,0.305,0.661,1.0,,1787593097832.0496,28.135,24.16,8.3,0.35,1787593097832.0496,False,,,2,OP1,C2_WIFI_CARGA_MEDIA,N3
,0.197,0.309,0.612,1.0,,1787593097861.9402,26.42,24.24,8.54,0.35,1787593097863.0212,False,,,2,OP1,C2_WIFI_CARGA_MEDIA,N3
,0.197,0.311,0.6,1.0,,1787593097903.5322,26.0,24.24,8.66,0.35,1787593097903.5322,False,,,2,OP1,C2_WIFI_CARGA_MEDIA,N3
,0.197,0.313,0.591,1.0,,1787593097930.2546,25.685,24.24,8.78,0.35,1787593097932.2092,False,,,2,OP1,C2_WIFI_CARGA_MEDIA,N3
,0.197,0.313,0.588,1.0,,1787593097957.8872,25.58,24.24,8.78,0.35,1787593097957.8872,False,,,2,OP1,C2_WIFI_CARGA_MEDIA,N3
,0.197,0.314,0.585,1.0,,1787593097978.7864,25.475,24.24,8.84,0.35,1787593097978.7864,False,,,2,OP1,C2_WIFI_CARGA_MEDIA,N3
,0.198,0.314,0.583,1.0,,1787593097998.888,25.405,24.16,8.84,0.35,1787593097998.888,False,,,2,OP1,C2_WIFI_CARGA_MEDIA,N3
,0.198,0.314,0.579,1.0,,1787593098033.2556,25.265,24.16,8.84,0.35,1787593098033.2556,False,,,2,OP1,C2_WIFI_CARGA_MEDIA,N3
,0.199,0.314,0.575,1.0,,1787593098063.6294,25.125,24.08,8.84,0.35,1787593098063.6294,False,,,2,OP1,C2_WIFI_CARGA_MEDIA,N3
,0.199,0.314,0.57,1.0,,1787593098098.4248,24.95,24.08,8.84,0.35,1787593098098.881,False,,,2,OP1,C2_WIFI_CARGA_MEDIA,N3
,0.202,0.314,0.561,1.0,,1787593098143.0537,24.635,23.84,8.84,0.35,1787593098143.0537,False,,,2,OP1,C2_WIFI_CARGA_MEDIA,N3
,0.203,0.314,0.554,1.0,,1787593098164.6128,24.39,23.76,8.84,0.35,1787593098166.7522,False,,,2,OP1,C2_WIFI_CARGA_MEDIA,N3
,0.205,0.315,0.547,1.0,,1787593098207.5583,24.145,23.6,8.9,0.35,1787593098207.5583,False,,,2,OP1,C2_WIFI_CARGA_MEDIA,N3
,0.21,0.315,0.536,1.0,,1787593098235.12,23.76,23.2,8.9,0.35,1787593098237.1296,False,,,2,OP1,C2_WIFI_CARGA_MEDIA,N3
,0.215,0.316,0.528,1.0,,1787593098264.508,23.48,22.8,8.96,0.35,1787593098265.7622,False,,,2,OP1,C2_WIFI_CARGA_MEDIA,N3
,0.235,0.324,0.509,1.0,,1787593098304.557,22.815,21.2,9.44,0.35,1787593098304.557,False,,,2,OP1,C2_WIFI_CARGA_MEDIA,N3
,0.25,0.326,0.5,1.0,,1787593098343.918,22.5,20.0,9.56,0.35,1787593098343.918,False,,,2,OP1,C2_WIFI_CARGA_MEDIA,N3
,0.261,0.328,0.494,1.0,,1787593098367.369,22.29,19.12,9.68,0.35,1787593098368.2634,False,,,2,OP1,C2_WIFI_CARGA_MEDIA,N3
,0.268,0.33,0.488,1.0,,1787593098402.942,22.08,18.56,9.8,0.35,1787593098404.953,False,,,2,OP1,C2_WIFI_CARGA_MEDIA,N3
,0.275,0.331,0.486,1.0,,1787593098443.535,22.01,18.0,9.86,0.35,1787593098445.2131,False,,,2,OP1,C2_WIFI_CARGA_MEDIA,N3
,0.276,0.332,0.487,1.0,,1787593098478.1826,22.045,17.92,9.92,0.35,1787593098478.1826,False,,,2,OP1,C2_WIFI_CARGA_MEDIA,N3
,0.276,0.331,0.488,1.0,,1787593098510.0046,22.08,17.92,9.86,0.35,1787593098510.0046,False,,,2,OP1,C2_WIFI_CARGA_MEDIA,N3
,0.276,0.33,0.489,1.0,,1787593098543.8708,22.115,17.92,9.8,0.35,1787593098543.8708,False,,,2,OP1,C2_WIFI_CARGA_MEDIA,N3
,0.277,0.329,0.488,1.0,,1787593098566.1602,22.08,17.84,9.74,0.35,1787593098568.1147,False,,,2,OP1,C2_WIFI_CARGA_MEDIA,N3
,0.279,0.327,0.487,1.0,,1787593098612.1711,22.045,17.68,9.62,0.35,1787593098614.2107,False,,,2,OP1,C2_WIFI_CARGA_MEDIA,N3
,0.281,0.327,0.486,1.0,,1787593098638.4175,22.01,17.52,9.62,0.35,1787593098638.4175,False,,,2,OP1,C2_WIFI_CARGA_MEDIA,N3
,0.283,0.327,0.483,1.0,,1787593098667.252,21.905,17.36,9.62,0.35,1787593098668.2625,False,,,2,OP1,C2_WIFI_CARGA_MEDIA,N3
,0.287,0.327,0.482,1.0,,1787593098705.0645,21.87,17.04,9.62,0.35,1787593098706.0554,False,,,2,OP1,C2_WIFI_CARGA_MEDIA,N3
,0.293,0.329,0.48,1.0,,1787593098738.5725,21.8,16.56,9.74,0.35,1787593098738.5725,False,,,2,OP1,C2_WIFI_CARGA_MEDIA,N3
,0.295,0.329,0.481,1.0,,1787593098776.9878,21.835,16.4,9.74,0.35,1787593098776.9878,False,,,2,OP1,C2_WIFI_CARGA_MEDIA,N3
,0.296,0.329,0.483,1.0,,1787593098811.073,21.905,16.32,9.74,0.35,1787593098811.073,False,,,2,OP1,C2_WIFI_CARGA_MEDIA,N3
,0.297,0.329,0.485,1.0,,1787593098846.833,21.975,16.24,9.74,0.35,1787593098846.833,False,,,2,OP1,C2_WIFI_CARGA_MEDIA,N3
,0.298,0.333,0.512,1.0,,1787593098903.85,22.92,16.16,9.98,0.35,1787593098903.85,False,,,2,OP1,C2_WIFI_CARGA_MEDIA,N3
,0.301,0.339,0.539,1.0,,1787593099069.849,23.865,15.92,10.34,0.35,1787593099070.8594,False,,,2,OP1,C2_WIFI_CARGA_MEDIA,N3
,0.29,0.335,0.658,1.0,,1787593099110.9888,28.03,16.8,10.1,0.35,1787593099110.9888,False,,,2,OP1,C2_WIFI_CARGA_MEDIA,N3
,0.287,0.328,0.679,1.0,,1787593099148.7537,28.765,17.04,9.68,0.35,1787593099148.7537,False,,,2,OP1,C2_WIFI_CARGA_MEDIA,N3
,0.285,0.322,0.7,1.0,,1787593099180.3943,29.5,17.2,9.32,0.35,1787593099180.3943,False,,,2,OP1,C2_WIFI_CARGA_MEDIA,N3
,0.282,0.316,0.721,1.0,,1787593099203.4631,30.235,17.44,8.96,0.35,1787593099204.825,False,,,2,OP1,C2_WIFI_CARGA_MEDIA,N3
,0.283,0.31,0.727,1.0,,1787593099239.3044,30.445,17.36,8.6,0.35,1787593099240.368,False,,,2,OP1,C2_WIFI_CARGA_MEDIA,N3
,0.287,0.306,0.735,1.0,,1787593099284.407,30.725,17.04,8.36,0.35,1787593099284.407,False,,,2,OP1,C2_WIFI_CARGA_MEDIA,N3
,0.288,0.306,0.738,1.0,,1787593099307.3115,30.83,16.96,8.36,0.35,1787593099307.3115,False,,,2,OP1,C2_WIFI_CARGA_MEDIA,N3
,0.291,0.305,0.74,1.0,,1787593099350.998,30.9,16.72,8.3,0.35,1787593099350.998,False,,,2,OP1,C2_WIFI_CARGA_MEDIA,N3
,0.293,0.305,0.743,1.0,,1787593099377.4485,31.005,16.56,8.3,0.35,1787593099377.4485,False,,,2,OP1,C2_WIFI_CARGA_MEDIA,N3
,0.296,0.304,0.747,1.0,,1787593099417.7607,31.145,16.32,8.24,0.35,1787593099419.793,False,,,2,OP1,C2_WIFI_CARGA_MEDIA,N3
,0.298,0.304,0.749,1.0,,1787593099451.1577,31.215,16.16,8.24,0.35,1787593099451.1577,False,,,2,OP1,C2_WIFI_CARGA_MEDIA,N3
,0.3,0.303,0.753,1.0,,1787593099491.662,31.355,16.0,8.18,0.35,1787593099493.6594,False,,,2,OP1,C2_WIFI_CARGA_MEDIA,N3
,0.301,0.302,0.755,1.0,,1787593099531.0188,31.425,15.92,8.12,0.35,1787593099546.494,False,,,2,OP1,C2_WIFI_CARGA_MEDIA,N3
,0.3,0.3,0.76,1.0,,1787593099577.8962,31.6,16.0,8.0,0.35,1787593099577.8962,False,,,2,OP1,C2_WIFI_CARGA_MEDIA,N3
,0.3,0.298,0.766,1.0,,1787593099620.4375,31.81,16.0,7.88,0.35,1787593099620.4375,False,,,2,OP1,C2_WIFI_CARGA_MEDIA,N3
,0.299,0.295,0.772,1.0,,1787593099643.5522,32.02,16.08,7.7,0.35,1787593099645.2563,False,,,2,OP1,C2_WIFI_CARGA_MEDIA,N3
,0.299,0.292,0.774,1.0,,1787593099669.0244,32.09,16.08,7.52,0.35,1787593099669.0244,False,,,2,OP1,C2_WIFI_CARGA_MEDIA,N3
,0.299,0.291,0.776,1.0,,1787593099691.515,32.16,16.08,7.46,0.35,1787593099691.515,False,,,2,OP1,C2_WIFI_CARGA_MEDIA,N3
,0.299,0.29,0.777,1.0,,1787593099728.4353,32.195,16.08,7.4,0.35,1787593099728.4353,False,,,2,OP1,C2_WIFI_CARGA_MEDIA,N3
,0.295,0.287,0.78,1.0,,1787593099776.2444,32.3,16.4,7.22,0.35,1787593099778.3596,False,,,2,OP1,C2_WIFI_CARGA_MEDIA,N3
,0.292,0.285,0.783,1.0,,1787593099821.079,32.405,16.64,7.1,0.35,1787593099821.079,False,,,2,OP1,C2_WIFI_CARGA_MEDIA,N3
,0.287,0.282,0.787,1.0,,1787593099851.7107,32.545,17.04,6.92,0.35,1787593099853.719,False,,,2,OP1,C2_WIFI_CARGA_MEDIA,N3
,0.282,0.279,0.793,1.0,,1787593099880.5166,32.755,17.44,6.74,0.35,1787593099880.5166,False,,,2,OP1,C2_WIFI_CARGA_MEDIA,N3
,0.274,0.275,0.801,1.0,,1787593099921.0845,33.035,18.08,6.5,0.35,1787593099921.0845,False,,,2,OP1,C2_WIFI_CARGA_MEDIA,N3
,0.272,0.273,0.803,1.0,,1787593099951.2974,33.105,18.24,6.38,0.35,1787593099951.2974,False,,,2,OP1,C2_WIFI_CARGA_MEDIA,N3
,0.27,0.273,0.804,1.0,,1787593099980.011,33.14,18.4,6.38,0.35,1787593099980.011,False,,,2,OP1,C2_WIFI_CARGA_MEDIA,N3
,0.268,0.272,0.805,1.0,,1787593100019.0295,33.175,18.56,6.32,0.35,1787593100020.0278,False,,,2,OP1,C2_WIFI_CARGA_MEDIA,N3
,0.266,0.271,0.808,1.0,,1787593100057.4883,33.28,18.72,6.26,0.35,1787593100057.4883,False,,,2,OP1,C2_WIFI_CARGA_MEDIA,N3
,0.265,0.271,0.809,1.0,,1787593100081.9368,33.315,18.8,6.26,0.35,1787593100081.9368,False,,,2,OP1,C2_WIFI_CARGA_MEDIA,N3
,0.265,0.27,0.811,1.0,,1787593100122.5027,33.385,18.8,6.2,0.35,1787593100122.5027,False,,,2,OP1,C2_WIFI_CARGA_MEDIA,N3
,0.264,0.27,0.812,1.0,,1787593100149.8484,33.42,18.88,6.2,0.35,1787593100149.8484,False,,,2,OP1,C2_WIFI_CARGA_MEDIA,N3
,0.263,0.269,0.813,1.0,,1787593100178.6226,33.455,18.96,6.14,0.35,1787593100181.4614,False,,,2,OP1,C2_WIFI_CARGA_MEDIA,N3
,0.262,0.267,0.815,1.0,,1787593100213.8113,33.525,19.04,6.02,0.35,1787593100214.8416,False,,,2,OP1,C2_WIFI_CARGA_MEDIA,N3
,0.26,0.265,0.816,1.0,,1787593100366.2373,33.56,19.2,5.9,0.35,1787593100366.2373,False,,,2,OP1,C2_WIFI_CARGA_MEDIA,N3
,0.255,0.259,0.826,1.0,,1787593100393.4275,33.91,19.6,5.54,0.35,1787593100393.4275,False,,,2,OP1,C2_WIFI_CARGA_MEDIA,N3
,0.256,0.259,0.826,1.0,,1787593100426.4238,33.91,19.52,5.54,0.35,1787593100426.4238,False,,,2,OP1,C2_WIFI_CARGA_MEDIA,N3
,0.256,0.258,0.827,1.0,,1787593100460.4014,33.945,19.52,5.48,0.35,1787593100460.4014,False,,,2,OP1,C2_WIFI_CARGA_MEDIA,N3
,0.257,0.258,0.827,1.0,,1787593100491.7607,33.945,19.44,5.48,0.35,1787593100491.7607,False,,,2,OP1,C2_WIFI_CARGA_MEDIA,N3
,0.257,0.257,0.829,1.0,,1787593100515.863,34.015,19.44,5.42,0.35,1787593100516.8762,False,,,2,OP1,C2_WIFI_CARGA_MEDIA,N3
,0.258,0.256,0.83,1.0,,1787593100559.7407,34.05,19.36,5.36,0.35,1787593100560.891,False,,,2,OP1,C2_WIFI_CARGA_MEDIA,N3
,0.258,0.256,0.831,1.0,,1787593100596.457,34.085,19.36,5.36,0.35,1787593100596.457,False,,,2,OP1,C2_WIFI_CARGA_MEDIA,N3
,0.258,0.255,0.83,1.0,,1787593100617.4607,34.05,19.36,5.3,0.35,1787593100617.4607,False,,,2,OP1,C2_WIFI_CARGA_MEDIA,N3
,0.258,0.255,0.829,1.0,,1787593100659.6655,34.015,19.36,5.3,0.35,1787593100659.6655,False,,,2,OP1,C2_WIFI_CARGA_MEDIA,N3
,0.259,0.253,0.829,1.0,,1787593100697.1956,34.015,19.28,5.18,0.35,1787593100697.1956,False,,,2,OP1,C2_WIFI_CARGA_MEDIA,N3
,0.26,0.252,0.828,1.0,,1787593100735.5378,33.98,19.2,5.12,0.35,1787593100735.5378,False,,,2,OP1,C2_WIFI_CARGA_MEDIA,N3
,0.261,0.252,0.828,1.0,,1787593100762.4,33.98,19.12,5.12,0.35,1787593100762.4,False,,,2,OP1,C2_WIFI_CARGA_MEDIA,N3
,0.262,0.251,0.826,1.0,,1787593100797.0771,33.91,19.04,5.06,0.35,1787593100797.0771,False,,,2,OP1,C2_WIFI_CARGA_MEDIA,N3
,0.262,0.25,0.827,1.0,,1787593100819.8796,33.945,19.04,5.0,0.35,1787593100820.8914,False,,,2,OP1,C2_WIFI_CARGA_MEDIA,N3
,0.262,0.248,0.826,1.0,,1787593100855.2578,33.91,19.04,4.88,0.35,1787593100855.2578,False,,,2,OP1,C2_WIFI_CARGA_MEDIA,N3
,0.262,0.246,0.825,1.0,,1787593100896.7036,33.875,19.04,4.76,0.35,1787593100896.7036,False,,,2,OP1,C2_WIFI_CARGA_MEDIA,N3
,0.262,0.245,0.824,1.0,,1787593100919.5977,33.84,19.04,4.7,0.35,1787593100920.7114,False,,,2,OP1,C2_WIFI_CARGA_MEDIA,N3
,0.261,0.244,0.825,1.0,,1787593100963.7522,33.875,19.12,4.64,0.35,1787593100963.7522,False,,,2,OP1,C2_WIFI_CARGA_MEDIA,N3
,0.26,0.243,0.825,1.0,,1787593100985.9795,33.875,19.2,4.58,0.35,1787593100985.9795,False,,,2,OP1,C2_WIFI_CARGA_MEDIA,N3
,0.259,0.242,0.825,1.0,,1787593101021.8503,33.875,19.28,4.52,0.35,1787593101023.309,False,,,2,OP1,C2_WIFI_CARGA_MEDIA,N3
,0.258,0.241,0.824,1.0,,1787593101065.4604,33.84,19.36,4.46,0.35,1787593101065.4604,False,,,2,OP1,C2_WIFI_CARGA_MEDIA,N3
,0.258,0.24,0.823,1.0,,1787593101098.66,33.805,19.36,4.4,0.35,1787593101098.66,False,,,2,OP1,C2_WIFI_CARGA_MEDIA,N3
,0.259,0.24,0.823,1.0,,1787593101157.8567,33.805,19.28,4.4,0.35,1787593101160.994,False,,,2,OP1,C2_WIFI_CARGA_MEDIA,N3
,0.259,0.239,0.819,1.0,,1787593101200.9878,33.665,19.28,4.34,0.35,1787593101200.9878,False,,,2,OP1,C2_WIFI_CARGA_MEDIA,N3
,0.258,0.238,0.817,1.0,,1787593101239.6538,33.595,19.36,4.28,0.35,1787593101239.6538,False,,,2,OP1,C2_WIFI_CARGA_MEDIA,N3
,0.258,0.238,0.815,1.0,,1787593101267.5964,33.525,19.36,4.28,0.35,1787593101267.5964,False,,,2,OP1,C2_WIFI_CARGA_MEDIA,N3
,0.257,0.238,0.813,1.0,,1787593101298.804,33.455,19.44,4.28,0.35,1787593101298.804,False,,,2,OP1,C2_WIFI_CARGA_MEDIA,N3
,0.256,0.238,0.812,1.0,,1787593101322.6743,33.42,19.52,4.28,0.35,1787593101324.19,False,,,2,OP1,C2_WIFI_CARGA_MEDIA,N3
,0.255,0.237,0.81,1.0,,1787593101355.576,33.35,19.6,4.22,0.35,1787593101355.576,False,,,2,OP1,C2_WIFI_CARGA_MEDIA,N3
,0.253,0.235,0.802,1.0,,1787593101401.1606,33.07,19.76,4.1,0.35,1787593101401.1606,False,,,2,OP1,C2_WIFI_CARGA_MEDIA,N3
,0.251,0.235,0.798,1.0,,1787593101424.793,32.93,19.92,4.1,0.35,1787593101425.9067,False,,,2,OP1,C2_WIFI_CARGA_MEDIA,N3
,0.249,0.234,0.794,1.0,,1787593101466.7295,32.79,20.08,4.04,0.35,1787593101467.7354,False,,,2,OP1,C2_WIFI_CARGA_MEDIA,N3
,0.247,0.234,0.79,1.0,,1787593101494.0054,32.65,20.24,4.04,0.35,1787593101496.9646,False,,,2,OP1,C2_WIFI_CARGA_MEDIA,N3
,0.245,0.233,0.785,1.0,,1787593101521.715,32.475,20.4,3.98,0.35,1787593101523.7268,False,,,2,OP1,C2_WIFI_CARGA_MEDIA,N3
,0.24,0.233,0.775,1.0,,1787593101568.993,32.125,20.8,3.98,0.35,1787593101568.993,False,,,2,OP1,C2_WIFI_CARGA_MEDIA,N3
,0.237,0.233,0.772,1.0,,1787593101599.926,32.02,21.04,3.98,0.35,1787593101600.9265,False,,,2,OP1,C2_WIFI_CARGA_MEDIA,N3
,0.234,0.233,0.767,1.0,,1787593101632.8174,31.845,21.28,3.98,0.35,1787593101632.8174,False,,,2,OP1,C2_WIFI_CARGA_MEDIA,N3
,0.232,0.233,0.762,1.0,,1787593101661.7375,31.67,21.44,3.98,0.35,1787593101661.7375,False,,,2,OP1,C2_WIFI_CARGA_MEDIA,N3
,0.228,0.234,0.758,1.0,,1787593101707.3162,31.53,21.76,4.04,0.35,1787593101707.3162,False,,,2,OP1,C2_WIFI_CARGA_MEDIA,N3
,0.226,0.235,0.755,1.0,,1787593101768.7231,31.425,21.92,4.1,0.35,1787593101768.7231,False,,,2,OP1,C2_WIFI_CARGA_MEDIA,N3
,0.225,0.235,0.754,1.0,,1787593101799.3052,31.39,22.0,4.1,0.35,1787593101799.3052,False,,,2,OP1,C2_WIFI_CARGA_MEDIA,N3
,0.224,0.236,0.753,1.0,,1787593101826.244,31.355,22.08,4.16,0.35,1787593101829.129,False,,,2,OP1,C2_WIFI_CARGA_MEDIA,N3
,0.223,0.237,0.752,1.0,,1787593101847.307,31.32,22.16,4.22,0.35,1787593101857.4197,False,,,2,OP1,C2_WIFI_CARGA_MEDIA,N3
,0.221,0.24,0.747,1.0,,1787593101904.3076,31.145,22.32,4.4,0.35,1787593101904.3076,False,,,2,OP1,C2_WIFI_CARGA_MEDIA,N3
,0.221,0.242,0.746,1.0,,1787593101928.5588,31.11,22.32,4.52,0.35,1787593101928.5588,False,,,2,OP1,C2_WIFI_CARGA_MEDIA,N3
,0.221,0.244,0.745,1.0,,1787593101967.983,31.075,22.32,4.64,0.35,1787593101967.983,False,,,2,OP1,C2_WIFI_CARGA_MEDIA,N3
,0.221,0.246,0.74,1.0,,1787593102024.702,30.9,22.32,4.76,0.35,1787593102024.702,False,,,2,OP1,C2_WIFI_CARGA_MEDIA,N3
,0.222,0.246,0.738,1.0,,1787593102073.1846,30.83,22.24,4.76,0.35,1787593102073.1846,False,,,2,OP1,C2_WIFI_CARGA_MEDIA,N3
,0.222,0.246,0.735,1.0,,1787593102107.4902,30.725,22.24,4.76,0.35,1787593102107.4902,False,,,2,OP1,C2_WIFI_CARGA_MEDIA,N3
,0.223,0.246,0.731,1.0,,1787593102130.9458,30.585,22.16,4.76,0.35,1787593102132.395,False,,,2,OP1,C2_WIFI_CARGA_MEDIA,N3
,0.225,0.247,0.725,1.0,,1787593102162.8447,30.375,22.0,4.82,0.35,1787593102163.861,False,,,2,OP1,C2_WIFI_CARGA_MEDIA,N3
,0.229,0.248,0.713,1.0,,1787593102208.4983,29.955,21.68,4.88,0.35,1787593102208.4983,False,,,2,OP1,C2_WIFI_CARGA_MEDIA,N3
,0.232,0.249,0.702,1.0,,1787593102231.0166,29.57,21.44,4.94,0.35,1787593102231.7334,False,,,2,OP1,C2_WIFI_CARGA_MEDIA,N3
,0.236,0.25,0.692,1.0,,1787593102268.922,29.22,21.12,5.0,0.35,1787593102268.922,False,,,2,OP1,C2_WIFI_CARGA_MEDIA,N3
,0.243,0.248,0.68,1.0,,1787593102329.3335,28.8,20.56,4.88,0.35,1787593102330.364,False,,,2,OP1,C2_WIFI_CARGA_MEDIA,N3
,0.25,0.245,0.663,1.0,,1787593102372.8513,28.205,20.0,4.7,0.35,1787593102372.8513,False,,,2,OP1,C2_WIFI_CARGA_MEDIA,N3
,0.254,0.244,0.655,1.0,,1787593102412.4734,27.925,19.68,4.64,0.35,1787593102412.4734,False,,,2,OP1,C2_WIFI_CARGA_MEDIA,N3
,0.257,0.243,0.647,1.0,,1787593102432.7798,27.645,19.44,4.58,0.35,1787593102433.82,False,,,2,OP1,C2_WIFI_CARGA_MEDIA,N3
,0.261,0.243,0.641,1.0,,1787593102469.488,27.435,19.12,4.58,0.35,1787593102469.488,False,,,2,OP1,C2_WIFI_CARGA_MEDIA,N3
,0.265,0.244,0.632,1.0,,1787593102509.476,27.12,18.8,4.64,0.35,1787593102509.476,False,,,2,OP1,C2_WIFI_CARGA_MEDIA,N3
,0.266,0.245,0.631,1.0,,1787593102532.8982,27.085,18.72,4.7,0.35,1787593102533.975,False,,,2,OP1,C2_WIFI_CARGA_MEDIA,N3
,0.267,0.245,0.631,1.0,,1787593102577.021,27.085,18.64,4.7,0.35,1787593102577.021,False,,,2,OP1,C2_WIFI_CARGA_MEDIA,N3
,0.268,0.245,0.631,1.0,,1787593102606.4995,27.085,18.56,4.7,0.35,1787593102608.5068,False,,,2,OP1,C2_WIFI_CARGA_MEDIA,N3
,0.268,0.245,0.631,1.0,,1787593102633.881,27.085,18.56,4.7,0.35,1787593102636.1223,False,,,2,OP1,C2_WIFI_CARGA_MEDIA,N3
,0.268,0.245,0.63,1.0,,1787593102663.28,27.05,18.56,4.7,0.35,1787593102663.28,False,,,2,OP1,C2_WIFI_CARGA_MEDIA,N3
,0.268,0.244,0.631,1.0,,1787593102711.1646,27.085,18.56,4.64,0.35,1787593102711.1646,False,,,2,OP1,C2_WIFI_CARGA_MEDIA,N3
,0.268,0.245,0.63,1.0,,1787593102733.4077,27.05,18.56,4.7,0.35,1787593102734.4172,False,,,2,OP1,C2_WIFI_CARGA_MEDIA,N3
,0.267,0.245,0.63,1.0,,1787593102773.921,27.05,18.64,4.7,0.35,1787593102773.921,False,,,2,OP1,C2_WIFI_CARGA_MEDIA,N3
,0.267,0.244,0.629,1.0,,1787593102803.0684,27.015,18.64,4.64,0.35,1787593102803.0684,False,,,2,OP1,C2_WIFI_CARGA_MEDIA,N3
,0.268,0.245,0.63,1.0,,1787593102827.0352,27.05,18.56,4.7,0.35,1787593102827.0352,False,,,2,OP1,C2_WIFI_CARGA_MEDIA,N3
,0.268,0.244,0.63,1.0,,1787593102849.698,27.05,18.56,4.64,0.35,1787593102850.61,False,,,2,OP1,C2_WIFI_CARGA_MEDIA,N3
,0.269,0.244,0.63,1.0,,1787593102882.6702,27.05,18.48,4.64,0.35,1787593102882.6702,False,,,2,OP1,C2_WIFI_CARGA_MEDIA,N3
,0.271,0.245,0.631,1.0,,1787593102936.9712,27.085,18.32,4.7,0.35,1787593102937.9934,False,,,2,OP1,C2_WIFI_CARGA_MEDIA,N3
,0.274,0.246,0.632,1.0,,1787593102971.0994,27.12,18.08,4.76,0.35,1787593102971.0994,False,,,2,OP1,C2_WIFI_CARGA_MEDIA,N3
,0.277,0.247,0.633,1.0,,1787593103137.8853,27.155,17.84,4.82,0.35,1787593103138.3667,False,,,2,OP1,C2_WIFI_CARGA_MEDIA,N3
,0.291,0.252,0.657,1.0,,1787593103165.069,27.995,16.72,5.12,0.35,1787593103165.069,False,,,2,OP1,C2_WIFI_CARGA_MEDIA,N3
,0.292,0.251,0.681,1.0,,1787593103212.8333,28.835,16.64,5.06,0.35,1787593103213.8225,False,,,2,OP1,C2_WIFI_CARGA_MEDIA,N3
,0.293,0.249,0.691,1.0,,1787593103238.414,29.185,16.56,4.94,0.35,1787593103238.829,False,,,2,OP1,C2_WIFI_CARGA_MEDIA,N3
,0.293,0.248,0.697,1.0,,1787593103277.194,29.395,16.56,4.88,0.35,1787593103277.194,False,,,2,OP1,C2_WIFI_CARGA_MEDIA,N3
,0.293,0.245,0.703,1.0,,1787593103317.4448,29.605,16.56,4.7,0.35,1787593103317.4448,False,,,2,OP1,C2_WIFI_CARGA_MEDIA,N3
,0.294,0.244,0.706,1.0,,1787593103338.667,29.71,16.48,4.64,0.35,1787593103339.6624,False,,,2,OP1,C2_WIFI_CARGA_MEDIA,N3
,0.295,0.242,0.707,1.0,,1787593103386.2654,29.745,16.4,4.52,0.35,1787593103386.2654,False,,,2,OP1,C2_WIFI_CARGA_MEDIA,N3
,0.297,0.241,0.708,1.0,,1787593103413.2334,29.78,16.24,4.46,0.35,1787593103415.2395,False,,,2,OP1,C2_WIFI_CARGA_MEDIA,N3
,0.298,0.241,0.708,1.0,,1787593103439.7954,29.78,16.16,4.46,0.35,1787593103440.9773,False,,,2,OP1,C2_WIFI_CARGA_MEDIA,N3
,0.301,0.239,0.712,1.0,,1787593103470.9211,29.92,15.92,4.34,0.35,1787593103471.4314,False,,,2,OP1,C2_WIFI_CARGA_MEDIA,N3
,0.304,0.238,0.716,1.0,,1787593103520.0305,30.06,15.68,4.28,0.35,1787593103520.0305,False,,,2,OP1,C2_WIFI_CARGA_MEDIA,N3
,0.305,0.237,0.717,1.0,,1787593103568.5352,30.095,15.6,4.22,0.35,1787593103568.5352,False,,,2,OP1,C2_WIFI_CARGA_MEDIA,N3
,0.306,0.237,0.717,1.0,,1787593103610.532,30.095,15.52,4.22,0.35,1787593103611.0818,False,,,2,OP1,C2_WIFI_CARGA_MEDIA,N3
,0.306,0.237,0.718,1.0,,1787593103638.3362,30.13,15.52,4.22,0.35,1787593103638.3362,False,,,2,OP1,C2_WIFI_CARGA_MEDIA,N3
,0.307,0.237,0.718,1.0,,1787593103685.3013,30.13,15.44,4.22,0.35,1787593103686.3833,False,,,2,OP1,C2_WIFI_CARGA_MEDIA,N3
,0.307,0.237,0.718,1.0,,1787593103718.3242,30.13,15.44,4.22,0.35,1787593103718.3242,False,,,2,OP1,C2_WIFI_CARGA_MEDIA,N3
,0.307,0.236,0.719,1.0,,1787593103747.9966,30.165,15.44,4.16,0.35,1787593103747.9966,False,,,2,OP1,C2_WIFI_CARGA_MEDIA,N3
,0.308,0.236,0.719,1.0,,1787593103775.6265,30.165,15.36,4.16,0.35,1787593103775.6265,False,,,2,OP1,C2_WIFI_CARGA_MEDIA,N3
,0.308,0.236,0.719,1.0,,1787593103806.1753,30.165,15.36,4.16,0.35,1787593103808.191,False,,,2,OP1,C2_WIFI_CARGA_MEDIA,N3
,0.308,0.235,0.72,1.0,,1787593103852.9014,30.2,15.36,4.1,0.35,1787593103854.9375,False,,,2,OP1,C2_WIFI_CARGA_MEDIA,N3
,0.308,0.235,0.72,1.0,,1787593103879.7666,30.2,15.36,4.1,0.35,1787593103879.7666,False,,,2,OP1,C2_WIFI_CARGA_MEDIA,N3
,0.308,0.235,0.722,1.0,,1787593103910.0293,30.27,15.36,4.1,0.35,1787593103910.0293,False,,,2,OP1,C2_WIFI_CARGA_MEDIA,N3
,0.306,0.233,0.726,1.0,,1787593103944.759,30.41,15.52,3.98,0.35,1787593103945.707,False,,,2,OP1,C2_WIFI_CARGA_MEDIA,N3
,0.301,0.229,0.741,1.0,,1787593103985.37,30.935,15.92,3.74,0.35,1787593103985.37,False,,,2,OP1,C2_WIFI_CARGA_MEDIA,N3
,0.297,0.226,0.748,1.0,,1787593104008.0183,31.18,16.24,3.56,0.35,1787593104009.6765,False,,,2,OP1,C2_WIFI_CARGA_MEDIA,N3
,0.294,0.225,0.753,1.0,,1787593104053.4426,31.355,16.48,3.5,0.35,1787593104053.4426,False,,,2,OP1,C2_WIFI_CARGA_MEDIA,N3
,0.291,0.223,0.757,1.0,,1787593104083.489,31.495,16.72,3.38,0.35,1787593104083.489,False,,,2,OP1,C2_WIFI_CARGA_MEDIA,N3
,0.29,0.222,0.761,1.0,,1787593104109.6785,31.635,16.8,3.32,0.35,1787593104109.6785,False,,,2,OP1,C2_WIFI_CARGA_MEDIA,N3
,0.289,0.221,0.764,1.0,,1787593104135.3208,31.74,16.88,3.26,0.35,1787593104135.3208,False,,,2,OP1,C2_WIFI_CARGA_MEDIA,N3
,0.286,0.22,0.766,1.0,,1787593104189.6418,31.81,17.12,3.2,0.35,1787593104189.6418,False,,,2,OP1,C2_WIFI_CARGA_MEDIA,N3
,0.283,0.22,0.769,1.0,,1787593104211.9429,31.915,17.36,3.2,0.35,1787593104213.002,False,,,2,OP1,C2_WIFI_CARGA_MEDIA,N3
,0.281,0.22,0.771,1.0,,1787593104252.007,31.985,17.52,3.2,0.35,1787593104252.007,False,,,2,OP1,C2_WIFI_CARGA_MEDIA,N3
,0.278,0.219,0.776,1.0,,1787593104292.943,32.16,17.76,3.14,0.35,1787593104293.9429,False,,,2,OP1,C2_WIFI_CARGA_MEDIA,N3
,0.276,0.218,0.781,1.0,,1787593104356.942,32.335,17.92,3.08,0.35,1787593104356.942,False,,,2,OP1,C2_WIFI_CARGA_MEDIA,N3
,0.275,0.218,0.782,1.0,,1787593104388.892,32.37,18.0,3.08,0.35,1787593104388.892,False,,,2,OP1,C2_WIFI_CARGA_MEDIA,N3
,0.274,0.218,0.784,1.0,,1787593104413.3586,32.44,18.08,3.08,0.35,1787593104414.121,False,,,2,OP1,C2_WIFI_CARGA_MEDIA,N3
,0.274,0.217,0.786,1.0,,1787593104444.712,32.51,18.08,3.02,0.35,1787593104446.7224,False,,,2,OP1,C2_WIFI_CARGA_MEDIA,N3
,0.274,0.216,0.789,1.0,,1787593104491.9573,32.615,18.08,2.96,0.35,1787593104491.9573,False,,,2,OP1,C2_WIFI_CARGA_MEDIA,N3
,0.275,0.216,0.791,1.0,,1787593104524.3198,32.685,18.0,2.96,0.35,1787593104524.3198,False,,,2,OP1,C2_WIFI_CARGA_MEDIA,N3
,0.277,0.213,0.793,1.0,,1787593104549.1133,32.755,17.84,2.78,0.35,1787593104549.1133,False,,,2,OP1,C2_WIFI_CARGA_MEDIA,N3
,0.279,0.212,0.793,1.0,,1787593104585.6057,32.755,17.68,2.72,0.35,1787593104586.14,False,,,2,OP1,C2_WIFI_CARGA_MEDIA,N3
,0.281,0.211,0.794,1.0,,1787593104621.6794,32.79,17.52,2.66,0.35,1787593104621.6794,False,,,2,OP1,C2_WIFI_CARGA_MEDIA,N3
,0.282,0.21,0.793,1.0,,1787593104650.062,32.755,17.44,2.6,0.35,1787593104650.818,False,,,2,OP1,C2_WIFI_CARGA_MEDIA,N3
,0.284,0.21,0.793,1.0,,1787593104695.9397,32.755,17.28,2.6,0.35,1787593104696.9656,False,,,2,OP1,C2_WIFI_CARGA_MEDIA,N3
,0.285,0.21,0.794,1.0,,1787593104718.906,32.79,17.2,2.6,0.35,1787593104718.906,False,,,2,OP1,C2_WIFI_CARGA_MEDIA,N3
,0.288,0.209,0.795,1.0,,1787593104747.7476,32.825,16.96,2.54,0.35,1787593104747.7476,False,,,2,OP1,C2_WIFI_CARGA_MEDIA,N3
,0.29,0.208,0.797,1.0,,1787593104780.6536,32.895,16.8,2.48,0.35,1787593104782.9048,False,,,2,OP1,C2_WIFI_CARGA_MEDIA,N3
,0.293,0.204,0.801,1.0,,1787593104824.9993,33.035,16.56,2.24,0.35,1787593104824.9993,False,,,2,OP1,C2_WIFI_CARGA_MEDIA,N3
,0.293,0.202,0.803,1.0,,1787593104851.536,33.105,16.56,2.12,0.35,1787593104852.55,False,,,2,OP1,C2_WIFI_CARGA_MEDIA,N3
,0.292,0.2,0.804,1.0,,1787593104888.9678,33.14,16.64,2.0,0.35,1787593104888.9678,False,,,2,OP1,C2_WIFI_CARGA_MEDIA,N3
,0.291,0.199,0.804,1.0,,1787593104919.8916,33.14,16.72,1.94,0.35,1787593104921.9043,False,,,2,OP1,C2_WIFI_CARGA_MEDIA,N3
,0.285,0.195,0.802,1.0,,1787593104960.272,33.07,17.2,1.7,0.35,1787593104960.272,False,,,2,OP1,C2_WIFI_CARGA_MEDIA,N3
,0.282,0.193,0.8,1.0,,1787593104986.1934,33.0,17.44,1.58,0.35,1787593104988.5,False,,,2,OP1,C2_WIFI_CARGA_MEDIA,N3
,0.279,0.191,0.802,1.0,,1787593105028.8823,33.07,17.68,1.46,0.35,1787593105028.8823,False,,,2,OP1,C2_WIFI_CARGA_MEDIA,N3
,0.277,0.189,0.803,1.0,,1787593105058.5896,33.105,17.84,1.34,0.35,1787593105058.5896,False,,,2,OP1,C2_WIFI_CARGA_MEDIA,N3
,0.276,0.189,0.804,1.0,,1787593105086.7363,33.14,17.92,1.34,0.35,1787593105087.4912,False,,,2,OP1,C2_WIFI_CARGA_MEDIA,N3
,0.275,0.188,0.804,1.0,,1787593105110.785,33.14,18.0,1.28,0.35,1787593105112.792,False,,,2,OP1,C2_WIFI_CARGA_MEDIA,N3
,0.275,0.185,0.804,1.0,,1787593105162.0225,33.14,18.0,1.1,0.35,1787593105162.0225,False,,,2,OP1,C2_WIFI_CARGA_MEDIA,N3
,0.276,0.183,0.806,1.0,,1787593105189.7112,33.21,17.92,0.98,0.35,1787593105189.7112,False,,,2,OP1,C2_WIFI_CARGA_MEDIA,N3
,0.276,0.182,0.806,1.0,,1787593105224.877,33.21,17.92,0.92,0.35,1787593105224.877,False,,,2,OP1,C2_WIFI_CARGA_MEDIA,N3
,0.276,0.182,0.807,1.0,,1787593105263.3833,33.245,17.92,0.92,0.35,1787593105263.3833,False,,,2,OP1,C2_WIFI_CARGA_MEDIA,N3
,0.276,0.182,0.807,1.0,,1787593105287.2424,33.245,17.92,0.92,0.35,1787593105288.241,False,,,2,OP1,C2_WIFI_CARGA_MEDIA,N3
,0.277,0.181,0.808,1.0,,1787593105333.191,33.28,17.84,0.86,0.35,1787593105333.629,False,,,2,OP1,C2_WIFI_CARGA_MEDIA,N3
,0.277,0.181,0.809,1.0,,1787593105363.094,33.315,17.84,0.86,0.35,1787593105364.2893,False,,,2,OP1,C2_WIFI_CARGA_MEDIA,N3
,0.278,0.181,0.809,1.0,,1787593105388.3933,33.315,17.76,0.86,0.35,1787593105390.3826,False,,,2,OP1,C2_WIFI_CARGA_MEDIA,N3
,0.279,0.18,0.809,1.0,,1787593105419.9187,33.315,17.68,0.8,0.35,1787593105420.494,False,,,2,OP1,C2_WIFI_CARGA_MEDIA,N3
,0.281,0.179,0.81,1.0,,1787593105465.9148,33.35,17.52,0.74,0.35,1787593105465.9148,False,,,2,OP1,C2_WIFI_CARGA_MEDIA,N3
,0.283,0.179,0.809,1.0,,1787593105489.639,33.315,17.36,0.74,0.35,1787593105490.6382,False,,,2,OP1,C2_WIFI_CARGA_MEDIA,N3
,0.284,0.179,0.809,1.0,,1787593105531.5872,33.315,17.28,0.74,0.35,1787593105532.127,False,,,2,OP1,C2_WIFI_CARGA_MEDIA,N3
,0.286,0.178,0.808,1.0,,1787593105558.7346,33.28,17.12,0.68,0.35,1787593105559.291,False,,,2,OP1,C2_WIFI_CARGA_MEDIA,N3
,0.29,0.177,0.808,1.0,,1787593105589.8445,33.28,16.8,0.62,0.35,1787593105590.8462,False,,,2,OP1,C2_WIFI_CARGA_MEDIA,N3
,0.291,0.177,0.808,1.0,,1787593105634.9546,33.28,16.72,0.62,0.35,1787593105634.9546,False,,,2,OP1,C2_WIFI_CARGA_MEDIA,N3
,0.291,0.177,0.808,1.0,,1787593105668.343,33.28,16.72,0.62,0.35,1787593105668.343,False,,,2,OP1,C2_WIFI_CARGA_MEDIA,N3
,0.291,0.178,0.809,1.0,,1787593105690.2058,33.315,16.72,0.68,0.35,1787593105691.205,False,,,2,OP1,C2_WIFI_CARGA_MEDIA,N3
,0.291,0.178,0.809,1.0,,1787593105726.113,33.315,16.72,0.68,0.35,1787593105726.113,False,,,2,OP1,C2_WIFI_CARGA_MEDIA,N3
,0.29,0.177,0.811,1.0,,1787593105766.3,33.385,16.8,0.62,0.35,1787593105766.3,False,,,2,OP1,C2_WIFI_CARGA_MEDIA,N3
,0.289,0.177,0.811,1.0,,1787593105789.1914,33.385,16.88,0.62,0.35,1787593105792.1697,False,,,2,OP1,C2_WIFI_CARGA_MEDIA,N3
,0.288,0.177,0.812,1.0,,1787593105826.2795,33.42,16.96,0.62,0.35,1787593105827.2778,False,,,2,OP1,C2_WIFI_CARGA_MEDIA,N3
,0.287,0.176,0.812,1.0,,1787593105864.9832,33.42,17.04,0.56,0.35,1787593105865.7302,False,,,2,OP1,C2_WIFI_CARGA_MEDIA,N3
,0.283,0.174,0.813,1.0,,1787593105919.889,33.455,17.36,0.44,0.35,1787593105922.9634,False,,,2,OP1,C2_WIFI_CARGA_MEDIA,N3
,0.28,0.174,0.812,1.0,,1787593105969.1902,33.42,17.6,0.44,0.35,1787593105969.1902,False,,,2,OP1,C2_WIFI_CARGA_MEDIA,N3
,0.279,0.173,0.812,1.0,,1787593106002.7383,33.42,17.68,0.38,0.35,1787593106002.7383,False,,,2,OP1,C2_WIFI_CARGA_MEDIA,N3
,0.278,0.173,0.811,1.0,,1787593106026.7148,33.385,17.76,0.38,0.35,1787593106027.1382,False,,,2,OP1,C2_WIFI_CARGA_MEDIA,N3
,0.277,0.173,0.811,1.0,,1787593106060.038,33.385,17.84,0.38,0.35,1787593106060.5466,False,,,2,OP1,C2_WIFI_CARGA_MEDIA,N3
,0.275,0.173,0.81,1.0,,1787593106097.6304,33.35,18.0,0.38,0.35,1787593106097.6304,False,,,2,OP1,C2_WIFI_CARGA_MEDIA,N3
,0.274,0.173,0.809,1.0,,1787593106126.6296,33.315,18.08,0.38,0.35,1787593106126.6296,False,,,2,OP1,C2_WIFI_CARGA_MEDIA,N3
,0.272,0.174,0.808,1.0,,1787593106170.363,33.28,18.24,0.44,0.35,1787593106172.3696,False,,,2,OP1,C2_WIFI_CARGA_MEDIA,N3
,0.271,0.174,0.808,1.0,,1787593106197.8816,33.28,18.32,0.44,0.35,1787593106199.8906,False,,,2,OP1,C2_WIFI_CARGA_MEDIA,N3
,0.269,0.174,0.809,1.0,,1787593106226.3972,33.315,18.48,0.44,0.35,1787593106227.9111,False,,,2,OP1,C2_WIFI_CARGA_MEDIA,N3
,0.265,0.175,0.81,1.0,,1787593106273.1648,33.35,18.8,0.5,0.35,1787593106273.1648,False,,,2,OP1,C2_WIFI_CARGA_MEDIA,N3
,0.264,0.175,0.811,1.0,,1787593106304.9507,33.385,18.88,0.5,0.35,1787593106304.9507,False,,,2,OP1,C2_WIFI_CARGA_MEDIA,N3
,0.263,0.175,0.811,1.0,,1787593106327.7107,33.385,18.96,0.5,0.35,1787593106327.7107,False,,,2,OP1,C2_WIFI_CARGA_MEDIA,N3
,0.262,0.175,0.811,1.0,,1787593106367.8855,33.385,19.04,0.5,0.35,1787593106368.8845,False,,,2,OP1,C2_WIFI_CARGA_MEDIA,N3
,0.26,0.175,0.813,1.0,,1787593106405.3816,33.455,19.2,0.5,0.35,1787593106405.3816,False,,,2,OP1,C2_WIFI_CARGA_MEDIA,N3
,0.26,0.175,0.814,1.0,,1787593106430.7202,33.49,19.2,0.5,0.35,1787593106432.8862,False,,,2,OP1,C2_WIFI_CARGA_MEDIA,N3
,0.259,0.175,0.816,1.0,,1787593106470.3208,33.56,19.28,0.5,0.35,1787593106470.3208,False,,,2,OP1,C2_WIFI_CARGA_MEDIA,N3
,0.258,0.175,0.817,1.0,,1787593106504.4858,33.595,19.36,0.5,0.35,1787593106506.4922,False,,,2,OP1,C2_WIFI_CARGA_MEDIA,N3
,0.257,0.175,0.818,1.0,,1787593106530.028,33.63,19.44,0.5,0.35,1787593106531.0452,False,,,2,OP1,C2_WIFI_CARGA_MEDIA,N3
,0.256,0.175,0.819,1.0,,1787593106557.7505,33.665,19.52,0.5,0.35,1787593106562.6765,False,,,2,OP1,C2_WIFI_CARGA_MEDIA,N3
,0.255,0.174,0.821,1.0,,1787593106608.2458,33.735,19.6,0.44,0.35,1787593106608.2458,False,,,2,OP1,C2_WIFI_CARGA_MEDIA,N3
,0.254,0.174,0.822,1.0,,1787593106631.4153,33.77,19.68,0.44,0.35,1787593106632.4756,False,,,2,OP1,C2_WIFI_CARGA_MEDIA,N3
,0.253,0.173,0.823,1.0,,1787593106672.7634,33.805,19.76,0.38,0.35,1787593106672.7634,False,,,2,OP1,C2_WIFI_CARGA_MEDIA,N3
,0.253,0.174,0.823,1.0,,1787593106701.319,33.805,19.76,0.44,0.35,1787593106701.319,False,,,2,OP1,C2_WIFI_CARGA_MEDIA,N3
,0.251,0.174,0.823,1.0,,1787593106727.1316,33.805,19.92,0.44,0.35,1787593106729.2148,False,,,2,OP1,C2_WIFI_CARGA_MEDIA,N3
,0.248,0.175,0.825,1.0,,1787593106777.2876,33.875,20.16,0.5,0.35,1787593106777.2876,False,,,2,OP1,C2_WIFI_CARGA_MEDIA,N3
,0.246,0.175,0.826,1.0,,1787593106804.161,33.91,20.32,0.5,0.35,1787593106810.1985,False,,,2,OP1,C2_WIFI_CARGA_MEDIA,N3
,0.244,0.175,0.827,1.0,,1787593106832.823,33.945,20.48,0.5,0.35,1787593106833.8088,False,,,2,OP1,C2_WIFI_CARGA_MEDIA,N3
,0.243,0.175,0.828,1.0,,1787593106868.1936,33.98,20.56,0.5,0.35,1787593106868.1936,False,,,2,OP1,C2_WIFI_CARGA_MEDIA,N3
,0.241,0.174,0.828,1.0,,1787593106910.4868,33.98,20.72,0.44,0.35,1787593106911.486,False,,,2,OP1,C2_WIFI_CARGA_MEDIA,N3
,0.24,0.174,0.829,1.0,,1787593106947.0876,34.015,20.8,0.44,0.35,1787593106947.0876,False,,,2,OP1,C2_WIFI_CARGA_MEDIA,N3
,0.239,0.174,0.829,1.0,,1787593106978.13,34.015,20.88,0.44,0.35,1787593106978.13,False,,,2,OP1,C2_WIFI_CARGA_MEDIA,N3
,0.238,0.174,0.829,1.0,,1787593107130.0913,34.015,20.96,0.44,0.35,1787593107132.1416,False,,,2,OP1,C2_WIFI_CARGA_MEDIA,N3
,0.233,0.174,0.825,1.0,,1787593107159.1897,33.875,21.36,0.44,0.35,1787593107159.1897,False,,,2,OP1,C2_WIFI_CARGA_MEDIA,N3
,0.233,0.174,0.825,1.0,,1787593107187.37,33.875,21.36,0.44,0.35,1787593107187.37,False,,,2,OP1,C2_WIFI_CARGA_MEDIA,N3
,0.232,0.174,0.824,1.0,,1787593107230.545,33.84,21.44,0.44,0.35,1787593107230.545,False,,,2,OP1,C2_WIFI_CARGA_MEDIA,N3
,0.231,0.174,0.823,1.0,,1787593107255.5889,33.805,21.52,0.44,0.35,1787593107255.5889,False,,,2,OP1,C2_WIFI_CARGA_MEDIA,N3
,0.229,0.173,0.823,1.0,,1787593107276.0227,33.805,21.68,0.38,0.35,1787593107277.3022,False,,,2,OP1,C2_WIFI_CARGA_MEDIA,N3
,0.228,0.173,0.823,1.0,,1787593107297.2114,33.805,21.76,0.38,0.35,1787593107306.1353,False,,,2,OP1,C2_WIFI_CARGA_MEDIA,N3
,0.227,0.172,0.822,1.0,,1787593107324.1267,33.77,21.84,0.32,0.35,1787593107324.1267,False,,,2,OP1,C2_WIFI_CARGA_MEDIA,N3
,0.225,0.171,0.822,1.0,,1787593107364.0232,33.77,22.0,0.26,0.35,1787593107369.474,False,,,2,OP1,C2_WIFI_CARGA_MEDIA,N3
,0.223,0.168,0.821,1.0,,1787593107414.368,33.735,22.16,0.08,0.35,1787593107414.368,False,,,2,OP1,C2_WIFI_CARGA_MEDIA,N3
,0.221,0.166,0.82,1.0,,1787593107449.1326,33.7,22.32,-0.04,0.35,1787593107449.821,False,,,2,OP1,C2_WIFI_CARGA_MEDIA,N3
,0.22,0.165,0.819,1.0,,1787593107472.629,33.665,22.4,-0.1,0.35,1787593107472.629,False,,,2,OP1,C2_WIFI_CARGA_MEDIA,N3
,0.22,0.164,0.817,1.0,,1787593107508.1702,33.595,22.4,-0.16,0.35,1787593107508.1702,False,,,2,OP1,C2_WIFI_CARGA_MEDIA,N3
,0.219,0.162,0.811,1.0,,1787593107549.115,33.385,22.48,-0.28,0.35,1787593107549.115,False,,,2,OP1,C2_WIFI_CARGA_MEDIA,N3
,0.22,0.161,0.809,1.0,,1787593107572.0645,33.315,22.4,-0.34,0.35,1787593107573.1497,False,,,2,OP1,C2_WIFI_CARGA_MEDIA,N3
,0.222,0.16,0.805,1.0,,1787593107606.6333,33.175,22.24,-0.4,0.35,1787593107607.6284,False,,,2,OP1,C2_WIFI_CARGA_MEDIA,N3
,0.224,0.158,0.799,1.0,,1787593107646.719,32.965,22.08,-0.52,0.35,1787593107648.725,False,,,2,OP1,C2_WIFI_CARGA_MEDIA,N3
,0.228,0.157,0.792,1.0,,1787593107673.286,32.72,21.76,-0.58,0.35,1787593107675.34,False,,,2,OP1,C2_WIFI_CARGA_MEDIA,N3
,0.23,0.155,0.789,1.0,,1787593107696.915,32.615,21.6,-0.7,0.35,1787593107703.6353,False,,,2,OP1,C2_WIFI_CARGA_MEDIA,N3
,0.232,0.154,0.787,1.0,,1787593107717.7097,32.545,21.44,-0.76,0.35,1787593107717.7097,False,,,2,OP1,C2_WIFI_CARGA_MEDIA,N3
,0.233,0.154,0.786,1.0,,1787593107750.9417,32.51,21.36,-0.76,0.35,1787593107750.9417,False,,,2,OP1,C2_WIFI_CARGA_MEDIA,N3
,0.234,0.154,0.784,1.0,,1787593107780.818,32.44,21.28,-0.76,0.35,1787593107780.818,False,,,2,OP1,C2_WIFI_CARGA_MEDIA,N3
,0.235,0.154,0.783,1.0,,1787593107805.6487,32.405,21.2,-0.76,0.35,1787593107805.6487,False,,,2,OP1,C2_WIFI_CARGA_MEDIA,N3
,0.235,0.154,0.782,1.0,,1787593107843.874,32.37,21.2,-0.76,0.35,1787593107845.3977,False,,,2,OP1,C2_WIFI_CARGA_MEDIA,N3
,0.236,0.154,0.781,1.0,,1787593107871.516,32.335,21.12,-0.76,0.35,1787593107871.516,False,,,2,OP1,C2_WIFI_CARGA_MEDIA,N3
,0.237,0.154,0.781,1.0,,1787593107917.8784,32.335,21.04,-0.76,0.35,1787593107917.8784,False,,,2,OP1,C2_WIFI_CARGA_MEDIA,N3
,0.238,0.153,0.78,1.0,,1787593107941.705,32.3,20.96,-0.82,0.35,1787593107941.705,False,,,2,OP1,C2_WIFI_CARGA_MEDIA,N3
,0.238,0.153,0.778,1.0,,1787593107982.1687,32.23,20.96,-0.82,0.35,1787593107983.3186,False,,,2,OP1,C2_WIFI_CARGA_MEDIA,N3
,0.238,0.152,0.776,1.0,,1787593108010.2998,32.16,20.96,-0.88,0.35,1787593108010.941,False,,,2,OP1,C2_WIFI_CARGA_MEDIA,N3
,0.239,0.151,0.771,1.0,,1787593108053.1,31.985,20.88,-0.94,0.35,1787593108053.1,False,,,2,OP1,C2_WIFI_CARGA_MEDIA,N3
,0.239,0.151,0.769,1.0,,1787593108076.7776,31.915,20.88,-0.94,0.35,1787593108077.4048,False,,,2,OP1,C2_WIFI_CARGA_MEDIA,N3
,0.24,0.152,0.767,1.0,,1787593108119.1917,31.845,20.8,-0.88,0.35,1787593108119.1917,False,,,2,OP1,C2_WIFI_CARGA_MEDIA,N3
,0.241,0.153,0.762,1.0,,1787593108148.9802,31.67,20.72,-0.82,0.35,1787593108148.9802,False,,,2,OP1,C2_WIFI_CARGA_MEDIA,N3
,0.243,0.154,0.757,1.0,,1787593108176.5615,31.495,20.56,-0.76,0.35,1787593108177.559,False,,,2,OP1,C2_WIFI_CARGA_MEDIA,N3
,0.248,0.156,0.75,1.0,,1787593108220.527,31.25,20.16,-0.64,0.35,1787593108220.527,False,,,2,OP1,C2_WIFI_CARGA_MEDIA,N3
,0.251,0.157,0.749,1.0,,1787593108253.3586,31.215,19.92,-0.58,0.35,1787593108253.3586,False,,,2,OP1,C2_WIFI_CARGA_MEDIA,N3
,0.254,0.156,0.748,1.0,,1787593108282.2366,31.18,19.68,-0.64,0.35,1787593108282.2366,False,,,2,OP1,C2_WIFI_CARGA_MEDIA,N3
,0.256,0.156,0.748,1.0,,1787593108314.7517,31.18,19.52,-0.64,0.35,1787593108316.7627,False,,,2,OP1,C2_WIFI_CARGA_MEDIA,N3
,0.259,0.155,0.745,1.0,,1787593108354.798,31.075,19.28,-0.7,0.35,1787593108354.798,False,,,2,OP1,C2_WIFI_CARGA_MEDIA,N3
,0.259,0.154,0.745,1.0,,1787593108378.7122,31.075,19.28,-0.76,0.35,1787593108379.7117,False,,,2,OP1,C2_WIFI_CARGA_MEDIA,N3
,0.258,0.154,0.743,1.0,,1787593108422.932,31.005,19.36,-0.76,0.35,1787593108422.932,False,,,2,OP1,C2_WIFI_CARGA_MEDIA,N3
,0.258,0.155,0.741,1.0,,1787593108455.0051,30.935,19.36,-0.7,0.35,1787593108455.0051,False,,,2,OP1,C2_WIFI_CARGA_MEDIA,N3
,0.257,0.155,0.739,1.0,,1787593108480.2805,30.865,19.44,-0.7,0.35,1787593108480.829,False,,,2,OP1,C2_WIFI_CARGA_MEDIA,N3
,0.257,0.156,0.736,1.0,,1787593108524.8452,30.76,19.44,-0.64,0.35,1787593108525.846,False,,,2,OP1,C2_WIFI_CARGA_MEDIA,N3
,0.256,0.157,0.735,1.0,,1787593108549.567,30.725,19.52,-0.58,0.35,1787593108549.567,False,,,2,OP1,C2_WIFI_CARGA_MEDIA,N3
,0.256,0.157,0.734,1.0,,1787593108579.3616,30.69,19.52,-0.58,0.35,1787593108580.6992,False,,,2,OP1,C2_WIFI_CARGA_MEDIA,N3
,0.256,0.157,0.733,1.0,,1787593108622.7944,30.655,19.52,-0.58,0.35,1787593108622.7944,False,,,2,OP1,C2_WIFI_CARGA_MEDIA,N3
,0.255,0.156,0.731,1.0,,1787593108657.7007,30.585,19.6,-0.64,0.35,1787593108657.7007,False,,,2,OP1,C2_WIFI_CARGA_MEDIA,N3
,0.255,0.156,0.731,1.0,,1787593108678.4966,30.585,19.6,-0.64,0.35,1787593108681.2368,False,,,2,OP1,C2_WIFI_CARGA_MEDIA,N3
,0.254,0.156,0.731,1.0,,1787593108716.6858,30.585,19.68,-0.64,0.35,1787593108716.6858,False,,,2,OP1,C2_WIFI_CARGA_MEDIA,N3
,0.254,0.156,0.731,1.0,,1787593108750.3884,30.585,19.68,-0.64,0.35,1787593108750.3884,False,,,2,OP1,C2_WIFI_CARGA_MEDIA,N3
,0.254,0.157,0.731,1.0,,1787593108780.3225,30.585,19.68,-0.58,0.35,1787593108782.328,False,,,2,OP1,C2_WIFI_CARGA_MEDIA,N3
,0.255,0.157,0.731,1.0,,1787593108817.827,30.585,19.6,-0.58,0.35,1787593108817.827,False,,,2,OP1,C2_WIFI_CARGA_MEDIA,N3
,0.256,0.156,0.73,1.0,,1787593108859.5625,30.55,19.52,-0.64,0.35,1787593108859.5625,False,,,2,OP1,C2_WIFI_CARGA_MEDIA,N3
,0.256,0.156,0.73,1.0,,1787593108881.216,30.55,19.52,-0.64,0.35,1787593108883.244,False,,,2,OP1,C2_WIFI_CARGA_MEDIA,N3
,0.255,0.156,0.73,1.0,,1787593108918.1687,30.55,19.6,-0.64,0.35,1787593108918.1687,False,,,2,OP1,C2_WIFI_CARGA_MEDIA,N3
,0.256,0.156,0.729,1.0,,1787593108983.1082,30.515,19.52,-0.64,0.35,1787593108983.1082,False,,,2,OP1,C2_WIFI_CARGA_MEDIA,N3
,0.256,0.156,0.729,1.0,,1787593109007.813,30.515,19.52,-0.64,0.35,1787593109013.931,False,,,2,OP1,C2_WIFI_CARGA_MEDIA,N3
,0.257,0.157,0.73,1.0,,1787593109036.3347,30.55,19.44,-0.58,0.35,1787593109037.3254,False,,,2,OP1,C2_WIFI_CARGA_MEDIA,N3
,0.257,0.158,0.729,1.0,,1787593109056.7173,30.515,19.44,-0.52,0.35,1787593109056.9592,False,,,2,OP1,C2_WIFI_CARGA_MEDIA,N3
,0.258,0.16,0.73,1.0,,1787593109080.4248,30.55,19.36,-0.4,0.35,1787593109082.442,False,,,2,OP1,C2_WIFI_CARGA_MEDIA,N3
,0.259,0.162,0.734,1.0,,1787593109121.4502,30.69,19.28,-0.28,0.35,1787593109121.4502,False,,,2,OP1,C2_WIFI_CARGA_MEDIA,N3
,0.26,0.163,0.736,1.0,,1787593109167.064,30.76,19.2,-0.22,0.35,1787593109167.064,False,,,2,OP1,C2_WIFI_CARGA_MEDIA,N3
,0.26,0.162,0.736,1.0,,1787593109220.102,30.76,19.2,-0.28,0.35,1787593109220.102,False,,,2,OP1,C2_WIFI_CARGA_MEDIA,N3
,0.26,0.162,0.736,1.0,,1787593109260.115,30.76,19.2,-0.28,0.35,1787593109260.115,False,,,2,OP1,C2_WIFI_CARGA_MEDIA,N3
,0.261,0.162,0.737,1.0,,1787593109287.1775,30.795,19.12,-0.28,0.35,1787593109287.1775,False,,,2,OP1,C2_WIFI_CARGA_MEDIA,N3
,0.261,0.161,0.737,1.0,,1787593109318.4854,30.795,19.12,-0.34,0.35,1787593109318.4854,False,,,2,OP1,C2_WIFI_CARGA_MEDIA,N3
,0.261,0.161,0.736,1.0,,1787593109363.3394,30.76,19.12,-0.34,0.35,1787593109363.3394,False,,,2,OP1,C2_WIFI_CARGA_MEDIA,N3
,0.261,0.161,0.736,1.0,,1787593109385.7686,30.76,19.12,-0.34,0.35,1787593109385.7686,False,,,2,OP1,C2_WIFI_CARGA_MEDIA,N3
,0.262,0.161,0.735,1.0,,1787593109422.845,30.725,19.04,-0.34,0.35,1787593109422.845,False,,,2,OP1,C2_WIFI_CARGA_MEDIA,N3
,0.264,0.159,0.735,1.0,,1787593109472.0366,30.725,18.88,-0.46,0.35,1787593109486.631,False,,,2,OP1,C2_WIFI_CARGA_MEDIA,N3
,0.266,0.157,0.737,1.0,,1787593109530.1465,30.795,18.72,-0.58,0.35,1787593109530.1465,False,,,2,OP1,C2_WIFI_CARGA_MEDIA,N3
,0.267,0.156,0.738,1.0,,1787593109566.337,30.83,18.64,-0.64,0.35,1787593109567.4304,False,,,2,OP1,C2_WIFI_CARGA_MEDIA,N3
,0.27,0.153,0.742,1.0,,1787593109625.1826,30.97,18.4,-0.82,0.35,1787593109627.1936,False,,,2,OP1,C2_WIFI_CARGA_MEDIA,N3
,0.272,0.151,0.746,1.0,,1787593109669.3289,31.11,18.24,-0.94,0.35,1787593109669.3289,False,,,2,OP1,C2_WIFI_CARGA_MEDIA,N3
,0.275,0.149,0.749,1.0,,1787593109732.3809,31.215,18.0,-1.06,0.35,1787593109732.3809,False,,,2,OP1,C2_WIFI_CARGA_MEDIA,N3
,0.275,0.148,0.75,1.0,,1787593109758.6443,31.25,18.0,-1.12,0.35,1787593109764.8784,False,,,2,OP1,C2_WIFI_CARGA_MEDIA,N3
,0.276,0.148,0.751,1.0,,1787593109788.362,31.285,17.92,-1.12,0.35,1787593109790.798,False,,,2,OP1,C2_WIFI_CARGA_MEDIA,N3
,0.277,0.147,0.753,1.0,,1787593109831.983,31.355,17.84,-1.18,0.35,1787593109831.983,False,,,2,OP1,C2_WIFI_CARGA_MEDIA,N3
,0.277,0.146,0.754,1.0,,1787593109867.7632,31.39,17.84,-1.24,0.35,1787593109867.7632,False,,,2,OP1,C2_WIFI_CARGA_MEDIA,N3
,0.278,0.146,0.754,1.0,,1787593109890.2195,31.39,17.76,-1.24,0.35,1787593109890.2195,False,,,2,OP1,C2_WIFI_CARGA_MEDIA,N3
,0.278,0.146,0.755,1.0,,1787593109930.1362,31.425,17.76,-1.24,0.35,1787593109930.1362,False,,,2,OP1,C2_WIFI_CARGA_MEDIA,N3
,0.279,0.145,0.755,1.0,,1787593109959.469,31.425,17.68,-1.3,0.35,1787593109959.9834,False,,,2,OP1,C2_WIFI_CARGA_MEDIA,N3
,0.279,0.144,0.756,1.0,,1787593110142.756,31.46,17.68,-1.36,0.35,1787593110142.756,False,,,2,OP1,C2_WIFI_CARGA_MEDIA,N3
,0.277,0.143,0.762,1.0,,1787593110192.68,31.67,17.84,-1.42,0.35,1787593110192.68,False,,,2,OP1,C2_WIFI_CARGA_MEDIA,N3
,0.276,0.141,0.765,1.0,,1787593110236.0662,31.775,17.92,-1.54,0.35,1787593110236.0662,False,,,2,OP1,C2_WIFI_CARGA_MEDIA,N3
,0.276,0.14,0.765,1.0,,1787593110264.2417,31.775,17.92,-1.6,0.35,1787593110264.2417,False,,,2,OP1,C2_WIFI_CARGA_MEDIA,N3
,0.277,0.139,0.767,1.0,,1787593110292.0645,31.845,17.84,-1.66,0.35,1787593110293.244,False,,,2,OP1,C2_WIFI_CARGA_MEDIA,N3
,0.277,0.139,0.768,1.0,,1787593110320.2292,31.88,17.84,-1.66,0.35,1787593110320.2292,False,,,2,OP1,C2_WIFI_CARGA_MEDIA,N3
,0.276,0.138,0.772,1.0,,1787593110364.6074,32.02,17.92,-1.72,0.35,1787593110364.6074,False,,,2,OP1,C2_WIFI_CARGA_MEDIA,N3
,0.277,0.137,0.773,1.0,,1787593110392.244,32.055,17.84,-1.78,0.35,1787593110392.244,False,,,2,OP1,C2_WIFI_CARGA_MEDIA,N3
,0.276,0.136,0.775,1.0,,1787593110430.6018,32.125,17.92,-1.84,0.35,1787593110432.6162,False,,,2,OP1,C2_WIFI_CARGA_MEDIA,N3
,0.275,0.134,0.779,1.0,,1787593110471.4478,32.265,18.0,-1.96,0.35,1787593110471.4478,False,,,2,OP1,C2_WIFI_CARGA_MEDIA,N3
,0.275,0.133,0.782,1.0,,1787593110494.5764,32.37,18.0,-2.02,0.35,1787593110495.5747,False,,,2,OP1,C2_WIFI_CARGA_MEDIA,N3
,0.274,0.131,0.786,1.0,,1787593110540.467,32.51,18.08,-2.14,0.35,1787593110540.467,False,,,2,OP1,C2_WIFI_CARGA_MEDIA,N3
,0.274,0.129,0.79,1.0,,1787593110571.5935,32.65,18.08,-2.26,0.35,1787593110571.5935,False,,,2,OP1,C2_WIFI_CARGA_MEDIA,N3
,0.274,0.128,0.794,1.0,,1787593110599.8428,32.79,18.08,-2.32,0.35,1787593110599.8428,False,,,2,OP1,C2_WIFI_CARGA_MEDIA,N3
,0.274,0.126,0.797,1.0,,1787593110639.466,32.895,18.08,-2.44,0.35,1787593110640.9731,False,,,2,OP1,C2_WIFI_CARGA_MEDIA,N3
,0.274,0.126,0.799,1.0,,1787593110663.8794,32.965,18.08,-2.44,0.35,1787593110664.4067,False,,,2,OP1,C2_WIFI_CARGA_MEDIA,N3
,0.274,0.125,0.801,1.0,,1787593110695.2158,33.035,18.08,-2.5,0.35,1787593110696.7295,False,,,2,OP1,C2_WIFI_CARGA_MEDIA,N3
,0.274,0.124,0.803,1.0,,1787593110738.317,33.105,18.08,-2.56,0.35,1787593110738.317,False,,,2,OP1,C2_WIFI_CARGA_MEDIA,N3
,0.273,0.123,0.806,1.0,,1787593110784.4895,33.21,18.16,-2.62,0.35,1787593110795.6787,False,,,2,OP1,C2_WIFI_CARGA_MEDIA,N3
,0.272,0.122,0.809,1.0,,1787593110842.3137,33.315,18.24,-2.68,0.35,1787593110842.9482,False,,,2,OP1,C2_WIFI_CARGA_MEDIA,N3
,0.272,0.121,0.81,1.0,,1787593110873.3948,33.35,18.24,-2.74,0.35,1787593110873.3948,False,,,2,OP1,C2_WIFI_CARGA_MEDIA,N3
,0.272,0.121,0.81,1.0,,1787593110905.7598,33.35,18.24,-2.74,0.35,1787593110905.7598,False,,,2,OP1,C2_WIFI_CARGA_MEDIA,N3
,0.272,0.12,0.81,1.0,,1787593110934.7317,33.35,18.24,-2.8,0.35,1787593110936.7449,False,,,2,OP1,C2_WIFI_CARGA_MEDIA,N3
,0.272,0.119,0.812,1.0,,1787593110976.571,33.42,18.24,-2.86,0.35,1787593110976.571,False,,,2,OP1,C2_WIFI_CARGA_MEDIA,N3
,0.272,0.119,0.814,1.0,,1787593110999.2246,33.49,18.24,-2.86,0.35,1787593111001.219,False,,,2,OP1,C2_WIFI_CARGA_MEDIA,N3
,0.272,0.119,0.815,1.0,,1787593111168.673,33.525,18.24,-2.86,0.35,1787593111168.673,False,,,2,OP1,C2_WIFI_CARGA_MEDIA,N3
,0.273,0.116,0.821,1.0,,1787593111212.5828,33.735,18.16,-3.04,0.35,1787593111215.378,False,,,2,OP1,C2_WIFI_CARGA_MEDIA,N3
,0.273,0.116,0.821,1.0,,1787593111375.0276,33.735,18.16,-3.04,0.35,1787593111375.0276,False,,,2,OP1,C2_WIFI_CARGA_MEDIA,N3
,0.275,0.114,0.827,1.0,,1787593111408.575,33.945,18.0,-3.16,0.35,1787593111410.3792,False,,,2,OP1,C2_WIFI_CARGA_MEDIA,N3
,0.276,0.114,0.828,1.0,,1787593111454.87,33.98,17.92,-3.16,0.35,1787593111456.8782,False,,,2,OP1,C2_WIFI_CARGA_MEDIA,N3
,0.276,0.113,0.829,1.0,,1787593111476.9766,34.015,17.92,-3.22,0.35,1787593111476.9766,False,,,2,OP1,C2_WIFI_CARGA_MEDIA,N3
,0.276,0.113,0.829,1.0,,1787593111519.162,34.015,17.92,-3.22,0.35,1787593111519.162,False,,,2,OP1,C2_WIFI_CARGA_MEDIA,N3
,0.276,0.112,0.829,1.0,,1787593111568.4192,34.015,17.92,-3.28,0.35,1787593111575.8872,False,,,2,OP1,C2_WIFI_CARGA_MEDIA,N3
,0.276,0.111,0.829,1.0,,1787593111621.592,34.015,17.92,-3.34,0.35,1787593111621.592,False,,,2,OP1,C2_WIFI_CARGA_MEDIA,N3
,0.275,0.111,0.83,1.0,,1787593111658.746,34.05,18.0,-3.34,0.35,1787593111658.746,False,,,2,OP1,C2_WIFI_CARGA_MEDIA,N3
,0.275,0.111,0.831,1.0,,1787593111685.6885,34.085,18.0,-3.34,0.35,1787593111685.6885,False,,,2,OP1,C2_WIFI_CARGA_MEDIA,N3
,0.276,0.11,0.832,1.0,,1787593111732.3977,34.12,17.92,-3.4,0.35,1787593111732.3977,False,,,2,OP1,C2_WIFI_CARGA_MEDIA,N3
,0.276,0.109,0.832,1.0,,1787593111768.9297,34.12,17.92,-3.46,0.35,1787593111768.9297,False,,,2,OP1,C2_WIFI_CARGA_MEDIA,N3
,0.277,0.109,0.833,1.0,,1787593111815.2756,34.155,17.84,-3.46,0.35,1787593111815.2756,False,,,2,OP1,C2_WIFI_CARGA_MEDIA,N3
,0.277,0.109,0.834,1.0,,1787593111837.6218,34.19,17.84,-3.46,0.35,1787593111837.6218,False,,,2,OP1,C2_WIFI_CARGA_MEDIA,N3
,0.277,0.108,0.835,1.0,,1787593111879.6443,34.225,17.84,-3.52,0.35,1787593111881.6543,False,,,2,OP1,C2_WIFI_CARGA_MEDIA,N3
,0.277,0.108,0.837,1.0,,1787593111936.6318,34.295,17.84,-3.52,0.35,1787593111936.6318,False,,,2,OP1,C2_WIFI_CARGA_MEDIA,N3
,0.277,0.107,0.838,1.0,,1787593111992.7622,34.33,17.84,-3.58,0.35,1787593111992.7622,False,,,2,OP1,C2_WIFI_CARGA_MEDIA,N3
,0.277,0.107,0.839,1.0,,1787593112020.5806,34.365,17.84,-3.58,0.35,1787593112020.5806,False,,,2,OP1,C2_WIFI_CARGA_MEDIA,N3
,0.277,0.107,0.839,1.0,,1787593112047.172,34.365,17.84,-3.58,0.35,1787593112050.2273,False,,,2,OP1,C2_WIFI_CARGA_MEDIA,N3
,0.278,0.106,0.841,1.0,,1787593112087.1333,34.435,17.76,-3.64,0.35,1787593112088.3142,False,,,2,OP1,C2_WIFI_CARGA_MEDIA,N3
,0.278,0.106,0.843,1.0,,1787593112125.2607,34.505,17.76,-3.64,0.35,1787593112125.2607,False,,,2,OP1,C2_WIFI_CARGA_MEDIA,N3
,0.278,0.106,0.844,1.0,,1787593112154.5168,34.54,17.76,-3.64,0.35,1787593112156.527,False,,,2,OP1,C2_WIFI_CARGA_MEDIA,N3
,0.278,0.105,0.845,1.0,,1787593112208.0278,34.575,17.76,-3.7,0.35,1787593112210.0398,False,,,2,OP1,C2_WIFI_CARGA_MEDIA,N3
,0.279,0.105,0.845,1.0,,1787593112239.2969,34.575,17.68,-3.7,0.35,1787593112239.2969,False,,,2,OP1,C2_WIFI_CARGA_MEDIA,N3
,0.28,0.105,0.844,1.0,,1787593112281.4326,34.54,17.6,-3.7,0.35,1787593112281.4326,False,,,2,OP1,C2_WIFI_CARGA_MEDIA,N3
,0.28,0.105,0.844,1.0,,1787593112311.3926,34.54,17.6,-3.7,0.35,1787593112311.3926,False,,,2,OP1,C2_WIFI_CARGA_MEDIA,N3
,0.281,0.105,0.843,1.0,,1787593112353.9934,34.505,17.52,-3.7,0.35,1787593112355.0027,False,,,2,OP1,C2_WIFI_CARGA_MEDIA,N3
,0.283,0.105,0.841,0.818,,1787593112408.7925,34.435,17.36,-3.7,0.5411,1787593112409.3271,False,,,2,OP1,C2_WIFI_CARGA_MEDIA,N3
,0.285,0.104,0.837,0.672,,1787593112437.3225,34.295,17.2,-3.76,0.6944,1787593112439.3374,False,,,2,OP1,C2_WIFI_CARGA_MEDIA,N3
,0.287,0.107,0.83,0.431,,1787593112477.0483,34.05,17.04,-3.58,0.9475,1787593112477.0483,False,,,2,OP1,C2_WIFI_CARGA_MEDIA,N3
,0.288,0.109,0.824,0.297,,1787593112602.3494,33.84,16.96,-3.46,1.0881,1787593112606.918,False,,,2,OP1,C2_WIFI_CARGA_MEDIA,N3
,0.292,0.11,0.817,0.215,,1787593112656.0842,33.595,16.64,-3.4,1.1743,1787593112656.0842,False,,,2,OP1,C2_WIFI_CARGA_MEDIA,N3
,0.292,0.111,0.818,0.178,,1787593112714.7754,33.63,16.64,-3.34,1.2131,1787593112716.7708,False,,,2,OP1,C2_WIFI_CARGA_MEDIA,N3
,0.292,0.111,0.818,0.166,,1787593112868.5374,33.63,16.64,-3.34,1.2257,1787593112868.5374,False,,,2,OP1,C2_WIFI_CARGA_MEDIA,N3
,0.291,0.11,0.821,0.128,,1787593112896.111,33.735,16.72,-3.4,1.2656,1787593112897.121,False,,,2,OP1,C2_WIFI_CARGA_MEDIA,N3
,0.291,0.11,0.821,0.124,,1787593112925.2642,33.735,16.72,-3.4,1.2698,1787593112925.2642,False,,,2,OP1,C2_WIFI_CARGA_MEDIA,N3
,0.291,0.11,0.822,0.121,,1787593112948.9575,33.77,16.72,-3.4,1.273,1787593112948.9575,False,,,2,OP1,C2_WIFI_CARGA_MEDIA,N3
,0.29,0.11,0.822,0.118,,1787593112990.6797,33.77,16.8,-3.4,1.2761,1787593112990.6797,False,,,2,OP1,C2_WIFI_CARGA_MEDIA,N3
,0.29,0.11,0.823,0.115,,1787593113161.191,33.805,16.8,-3.4,1.2792,1787593113161.191,False,,,2,OP1,C2_WIFI_CARGA_MEDIA,N3
,0.289,0.109,0.823,0.109,,1787593113188.7358,33.805,16.88,-3.46,1.2855,1787593113188.7358,False,,,2,OP1,C2_WIFI_CARGA_MEDIA,N3
,0.291,0.11,0.821,0.096,,1787593113233.63,33.735,16.72,-3.4,1.2992,1787593113246.6296,False,,,2,OP1,C2_WIFI_CARGA_MEDIA,N3
,0.291,0.112,0.821,0.098,,1787593113294.8674,33.735,16.72,-3.28,1.2971,1787593113296.0625,False,,,2,OP1,C2_WIFI_CARGA_MEDIA,N3
,0.291,0.113,0.821,0.099,,1787593113315.5728,33.735,16.72,-3.22,1.296,1787593113316.603,False,,,2,OP1,C2_WIFI_CARGA_MEDIA,N3
,0.291,0.114,0.82,0.099,,1787593113352.7612,33.7,16.72,-3.16,1.296,1787593113352.7612,False,,,2,OP1,C2_WIFI_CARGA_MEDIA,N3
,0.291,0.114,0.821,0.098,,1787593113383.4695,33.735,16.72,-3.16,1.2971,1787593113383.4695,False,,,2,OP1,C2_WIFI_CARGA_MEDIA,N3
,0.291,0.114,0.823,0.094,,1787593113427.4954,33.805,16.72,-3.16,1.3013,1787593113427.4954,False,,,2,OP1,C2_WIFI_CARGA_MEDIA,N3
,0.291,0.115,0.824,0.094,,1787593113451.517,33.84,16.72,-3.1,1.3013,1787593113452.5403,False,,,2,OP1,C2_WIFI_CARGA_MEDIA,N3
,0.291,0.115,0.825,0.094,,1787593113494.205,33.875,16.72,-3.1,1.3013,1787593113496.218,False,,,2,OP1,C2_WIFI_CARGA_MEDIA,N3
,0.29,0.116,0.826,0.095,,1787593113522.054,33.91,16.8,-3.04,1.3002,1787593113524.0671,False,,,2,OP1,C2_WIFI_CARGA_MEDIA,N3
,0.29,0.116,0.826,0.097,,1787593113546.9429,33.91,16.8,-3.04,1.2981,1787593113550.7456,False,,,2,OP1,C2_WIFI_CARGA_MEDIA,N3
,0.289,0.116,0.827,0.099,,1787593113596.9873,33.945,16.88,-3.04,1.296,1787593113596.9873,False,,,2,OP1,C2_WIFI_CARGA_MEDIA,N3
,0.289,0.115,0.828,0.101,,1787593113629.343,33.98,16.88,-3.1,1.2939,1787593113629.343,False,,,2,OP1,C2_WIFI_CARGA_MEDIA,N3
,0.289,0.115,0.829,0.103,,1787593113654.8667,34.015,16.88,-3.1,1.2918,1787593113654.8667,False,,,2,OP1,C2_WIFI_CARGA_MEDIA,N3
,0.289,0.115,0.83,0.105,,1787593113690.6924,34.05,16.88,-3.1,1.2897,1787593113690.6924,False,,,2,OP1,C2_WIFI_CARGA_MEDIA,N3
,0.288,0.114,0.83,0.11,,1787593113731.9868,34.05,16.96,-3.16,1.2845,1787593113732.4995,False,,,2,OP1,C2_WIFI_CARGA_MEDIA,N3
,0.289,0.114,0.83,0.111,,1787593113754.588,34.05,16.88,-3.16,1.2834,1787593113754.898,False,,,2,OP1,C2_WIFI_CARGA_MEDIA,N3
,0.289,0.114,0.829,0.111,,1787593113798.4087,34.015,16.88,-3.16,1.2834,1787593113800.1477,False,,,2,OP1,C2_WIFI_CARGA_MEDIA,N3
,0.289,0.114,0.828,0.109,,1787593113828.6875,33.98,16.88,-3.16,1.2855,1787593113828.6875,False,,,2,OP1,C2_WIFI_CARGA_MEDIA,N3
,0.289,0.114,0.827,0.108,,1787593114054.533,33.945,16.88,-3.16,1.2866,1787593114057.313,False,,,2,OP1,C2_WIFI_CARGA_MEDIA,N3
,0.289,0.114,0.824,0.099,,1787593114096.9338,33.84,16.88,-3.16,1.296,1787593114096.9338,False,,,2,OP1,C2_WIFI_CARGA_MEDIA,N3
,0.289,0.114,0.823,0.099,,1787593114134.634,33.805,16.88,-3.16,1.296,1787593114135.2466,False,,,2,OP1,C2_WIFI_CARGA_MEDIA,N3
,0.288,0.114,0.822,0.102,,1787593114187.1943,33.77,16.96,-3.16,1.2929,1787593114187.1943,False,,,2,OP1,C2_WIFI_CARGA_MEDIA,N3
,0.288,0.114,0.822,0.103,,1787593114370.916,33.77,16.96,-3.16,1.2918,1787593114370.916,False,,,2,OP1,C2_WIFI_CARGA_MEDIA,N3
,0.287,0.114,0.821,0.106,,1787593114401.5764,33.735,17.04,-3.16,1.2887,1787593114401.5764,False,,,2,OP1,C2_WIFI_CARGA_MEDIA,N3
,0.286,0.114,0.819,0.095,,1787593114434.552,33.665,17.12,-3.16,1.3002,1787593114434.552,False,,,2,OP1,C2_WIFI_CARGA_MEDIA,N3
,0.285,0.115,0.819,0.093,,1787593114459.2473,33.665,17.2,-3.1,1.3023,1787593114459.585,False,,,2,OP1,C2_WIFI_CARGA_MEDIA,N3
,0.285,0.115,0.819,0.091,,1787593114496.932,33.665,17.2,-3.1,1.3044,1787593114498.9426,False,,,2,OP1,C2_WIFI_CARGA_MEDIA,N3
,0.285,0.115,0.818,0.086,,1787593114538.3586,33.63,17.2,-3.1,1.3097,1787593114538.3586,False,,,2,OP1,C2_WIFI_CARGA_MEDIA,N3
,0.285,0.115,0.818,0.084,,1787593114560.2798,33.63,17.2,-3.1,1.3118,1787593114561.2988,False,,,2,OP1,C2_WIFI_CARGA_MEDIA,N3
,0.285,0.115,0.818,0.082,,1787593114606.1191,33.63,17.2,-3.1,1.3139,1787593114606.1191,False,,,2,OP1,C2_WIFI_CARGA_MEDIA,N3
,0.284,0.114,0.818,0.081,,1787593114636.1946,33.63,17.28,-3.16,1.3149,1787593114636.1946,False,,,2,OP1,C2_WIFI_CARGA_MEDIA,N3
,0.284,0.114,0.817,0.08,,1787593114659.5918,33.595,17.28,-3.16,1.316,1787593114660.9597,False,,,2,OP1,C2_WIFI_CARGA_MEDIA,N3
,0.284,0.114,0.815,0.077,,1787593114703.736,33.525,17.28,-3.16,1.3191,1787593114703.736,False,,,2,OP1,C2_WIFI_CARGA_MEDIA,N3
,0.283,0.114,0.815,0.075,,1787593114738.6292,33.525,17.36,-3.16,1.3213,1787593114738.6292,False,,,2,OP1,C2_WIFI_CARGA_MEDIA,N3
,0.283,0.114,0.813,0.073,,1787593114764.933,33.455,17.36,-3.16,1.3234,1787593114766.9426,False,,,2,OP1,C2_WIFI_CARGA_MEDIA,N3
,0.283,0.114,0.812,0.071,,1787593114803.0984,33.42,17.36,-3.16,1.3255,1787593114803.0984,False,,,2,OP1,C2_WIFI_CARGA_MEDIA,N3
,0.282,0.114,0.811,0.069,,1787593114832.2688,33.385,17.44,-3.16,1.3276,1787593114832.2688,False,,,2,OP1,C2_WIFI_CARGA_MEDIA,N3
,0.282,0.114,0.81,0.068,,1787593114860.1135,33.35,17.44,-3.16,1.3286,1787593114860.1135,False,,,2,OP1,C2_WIFI_CARGA_MEDIA,N3
,0.282,0.114,0.809,0.068,,1787593114903.3896,33.315,17.44,-3.16,1.3286,1787593114903.3896,False,,,2,OP1,C2_WIFI_CARGA_MEDIA,N3
,0.282,0.115,0.807,0.067,,1787593114947.126,33.245,17.44,-3.1,1.3296,1787593114947.126,False,,,2,OP1,C2_WIFI_CARGA_MEDIA,N3
,0.282,0.115,0.806,0.066,,1787593114997.7666,33.21,17.44,-3.1,1.3307,1787593114999.5618,False,,,2,OP1,C2_WIFI_CARGA_MEDIA,N3
,0.282,0.118,0.807,0.065,,1787593115028.4128,33.245,17.44,-2.92,1.3317,1787593115028.4128,False,,,2,OP1,C2_WIFI_CARGA_MEDIA,N3
,0.282,0.119,0.808,0.067,,1787593115071.028,33.28,17.44,-2.86,1.3296,1787593115071.028,False,,,2,OP1,C2_WIFI_CARGA_MEDIA,N3
,0.281,0.121,0.808,0.323,,1787593115248.7732,33.28,17.52,-2.74,1.0608,1787593115248.7732,False,,,2,OP1,C2_WIFI_CARGA_MEDIA,N3
,0.276,0.123,0.805,0.769,,1787593115399.4353,33.175,17.92,-2.62,0.5926,1787593115401.4292,False,,,2,OP1,C2_WIFI_CARGA_MEDIA,N3
,0.274,0.125,0.818,0.97,,1787593115433.4336,33.63,18.08,-2.5,0.3815,1787593115433.4336,False,,,2,OP1,C2_WIFI_CARGA_MEDIA,N3
,0.273,0.124,0.825,1.0,,1787593115497.5896,33.875,18.16,-2.56,0.35,1787593115499.5962,False,,,2,OP1,C2_WIFI_CARGA_MEDIA,N3
,0.272,0.124,0.827,1.0,,1787593115518.3745,33.945,18.24,-2.56,0.35,1787593115518.3745,False,,,2,OP1,C2_WIFI_CARGA_MEDIA,N3
,0.272,0.125,0.828,1.0,,1787593115659.4854,33.98,18.24,-2.5,0.35,1787593115659.4854,False,,,2,OP1,C2_WIFI_CARGA_MEDIA,N3
,0.271,0.126,0.826,1.0,,1787593115696.9714,33.91,18.32,-2.44,0.35,1787593115698.109,False,,,2,OP1,C2_WIFI_CARGA_MEDIA,N3
,0.27,0.126,0.827,1.0,,1787593115747.2622,33.945,18.4,-2.44,0.35,1787593115747.2622,False,,,2,OP1,C2_WIFI_CARGA_MEDIA,N3
,0.27,0.127,0.827,1.0,,1787593115779.2188,33.945,18.4,-2.38,0.35,1787593115779.2188,False,,,2,OP1,C2_WIFI_CARGA_MEDIA,N3
,0.269,0.127,0.826,1.0,,1787593115801.7383,33.91,18.48,-2.38,0.35,1787593115802.8667,False,,,2,OP1,C2_WIFI_CARGA_MEDIA,N3
,0.269,0.127,0.827,1.0,,1787593115822.839,33.945,18.48,-2.38,0.35,1787593115822.839,False,,,2,OP1,C2_WIFI_CARGA_MEDIA,N3
,0.268,0.128,0.827,1.0,,1787593115850.0132,33.945,18.56,-2.32,0.35,1787593115851.025,False,,,2,OP1,C2_WIFI_CARGA_MEDIA,N3
,0.269,0.127,0.829,1.0,,1787593115901.4788,34.015,18.48,-2.38,0.35,1787593115902.3523,False,,,2,OP1,C2_WIFI_CARGA_MEDIA,N3
,0.269,0.126,0.831,1.0,,1787593115945.5786,34.085,18.48,-2.44,0.35,1787593115947.0876,False,,,2,OP1,C2_WIFI_CARGA_MEDIA,N3
,0.268,0.125,0.831,1.0,,1787593115996.9775,34.085,18.56,-2.5,0.35,1787593115996.9775,False,,,2,OP1,C2_WIFI_CARGA_MEDIA,N3
,0.268,0.125,0.831,1.0,,1787593116018.8423,34.085,18.56,-2.5,0.35,1787593116020.4211,False,,,2,OP1,C2_WIFI_CARGA_MEDIA,N3
,0.268,0.124,0.83,1.0,,1787593116176.0017,34.05,18.56,-2.56,0.35,1787593116176.0017,False,,,2,OP1,C2_WIFI_CARGA_MEDIA,N3
,0.269,0.123,0.828,1.0,,1787593116196.7856,33.98,18.48,-2.62,0.35,1787593116199.002,False,,,2,OP1,C2_WIFI_CARGA_MEDIA,N3
,0.269,0.123,0.826,1.0,,1787593116246.6838,33.91,18.48,-2.62,0.35,1787593116246.6838,False,,,2,OP1,C2_WIFI_CARGA_MEDIA,N3
,0.269,0.123,0.824,1.0,,1787593116267.0825,33.84,18.48,-2.62,0.35,1787593116267.0825,False,,,2,OP1,C2_WIFI_CARGA_MEDIA,N3
,0.268,0.123,0.824,1.0,,1787593116307.1394,33.84,18.56,-2.62,0.35,1787593116307.1394,False,,,2,OP1,C2_WIFI_CARGA_MEDIA,N3
,0.268,0.121,0.823,1.0,,1787593116362.559,33.805,18.56,-2.74,0.35,1787593116364.4822,False,,,2,OP1,C2_WIFI_CARGA_MEDIA,N3
,0.267,0.121,0.822,1.0,,1787593116408.7036,33.77,18.64,-2.74,0.35,1787593116408.7036,False,,,2,OP1,C2_WIFI_CARGA_MEDIA,N3
,0.267,0.121,0.822,1.0,,1787593116430.311,33.77,18.64,-2.74,0.35,1787593116431.084,False,,,2,OP1,C2_WIFI_CARGA_MEDIA,N3
,0.267,0.12,0.821,1.0,,1787593116474.0374,33.735,18.64,-2.8,0.35,1787593116474.0374,False,,,2,OP1,C2_WIFI_CARGA_MEDIA,N3
,0.267,0.12,0.821,1.0,,1787593116497.622,33.735,18.64,-2.8,0.35,1787593116497.622,False,,,2,OP1,C2_WIFI_CARGA_MEDIA,N3
,0.268,0.119,0.82,1.0,,1787593116559.354,33.7,18.56,-2.86,0.35,1787593116559.354,False,,,2,OP1,C2_WIFI_CARGA_MEDIA,N3
,0.27,0.119,0.819,1.0,,1787593116613.7278,33.665,18.4,-2.86,0.35,1787593116614.2537,False,,,2,OP1,C2_WIFI_CARGA_MEDIA,N3
,0.27,0.119,0.82,1.0,,1787593116669.034,33.7,18.4,-2.86,0.35,1787593116669.034,False,,,2,OP1,C2_WIFI_CARGA_MEDIA,N3
,0.27,0.119,0.82,1.0,,1787593116696.8013,33.7,18.4,-2.86,0.35,1787593116698.3254,False,,,2,OP1,C2_WIFI_CARGA_MEDIA,N3
,0.271,0.118,0.82,1.0,,1787593116732.824,33.7,18.32,-2.92,0.35,1787593116732.824,False,,,2,OP1,C2_WIFI_CARGA_MEDIA,N3
,0.27,0.118,0.82,1.0,,1787593116779.8271,33.7,18.4,-2.92,0.35,1787593116779.8271,False,,,2,OP1,C2_WIFI_CARGA_MEDIA,N3
,0.27,0.118,0.819,1.0,,1787593116807.8728,33.665,18.4,-2.92,0.35,1787593116807.8728,False,,,2,OP1,C2_WIFI_CARGA_MEDIA,N3
,0.269,0.118,0.818,1.0,,1787593116835.9602,33.63,18.48,-2.92,0.35,1787593116837.85,False,,,2,OP1,C2_WIFI_CARGA_MEDIA,N3
,0.27,0.118,0.818,1.0,,1787593116885.852,33.63,18.4,-2.92,0.35,1787593116885.852,False,,,2,OP1,C2_WIFI_CARGA_MEDIA,N3
,0.27,0.118,0.82,1.0,,1787593116916.5286,33.7,18.4,-2.92,0.35,1787593116916.5286,False,,,2,OP1,C2_WIFI_CARGA_MEDIA,N3
,0.271,0.118,0.821,1.0,,1787593116942.1292,33.735,18.32,-2.92,0.35,1787593116942.629,False,,,2,OP1,C2_WIFI_CARGA_MEDIA,N3
,0.271,0.117,0.822,1.0,,1787593116975.9272,33.77,18.32,-2.98,0.35,1787593116976.927,False,,,2,OP1,C2_WIFI_CARGA_MEDIA,N3
,0.273,0.116,0.823,1.0,,1787593117015.6975,33.805,18.16,-3.04,0.35,1787593117016.8125,False,,,2,OP1,C2_WIFI_CARGA_MEDIA,N3
,0.273,0.116,0.823,1.0,,1787593117059.5396,33.805,18.16,-3.04,0.35,1787593117061.5627,False,,,2,OP1,C2_WIFI_CARGA_MEDIA,N3
,0.272,0.116,0.823,1.0,,1787593117085.3655,33.805,18.24,-3.04,0.35,1787593117085.3655,False,,,2,OP1,C2_WIFI_CARGA_MEDIA,N3
,0.271,0.117,0.823,1.0,,1787593117115.5366,33.805,18.32,-2.98,0.35,1787593117115.5366,False,,,2,OP1,C2_WIFI_CARGA_MEDIA,N3
,0.27,0.117,0.822,1.0,,1787593117170.5906,33.77,18.4,-2.98,0.35,1787593117171.5896,False,,,2,OP1,C2_WIFI_CARGA_MEDIA,N3
,0.27,0.117,0.822,1.0,,1787593117226.718,33.77,18.4,-2.98,0.35,1787593117228.7344,False,,,2,OP1,C2_WIFI_CARGA_MEDIA,N3
,0.27,0.117,0.822,1.0,,1787593117280.3835,33.77,18.4,-2.98,0.35,1787593117282.3914,False,,,2,OP1,C2_WIFI_CARGA_MEDIA,N3
,0.269,0.117,0.822,1.0,,1787593117306.015,33.77,18.48,-2.98,0.35,1787593117306.015,False,,,2,OP1,C2_WIFI_CARGA_MEDIA,N3
,0.269,0.117,0.822,1.0,,1787593117357.8289,33.77,18.48,-2.98,0.35,1787593117357.8289,False,,,2,OP1,C2_WIFI_CARGA_MEDIA,N3
,0.269,0.117,0.822,1.0,,1787593117383.6206,33.77,18.48,-2.98,0.35,1787593117384.673,False,,,2,OP1,C2_WIFI_CARGA_MEDIA,N3
,0.27,0.117,0.823,1.0,,1787593117413.8103,33.805,18.4,-2.98,0.35,1787593117413.8103,False,,,2,OP1,C2_WIFI_CARGA_MEDIA,N3
,0.27,0.118,0.825,1.0,,1787593117473.6584,33.875,18.4,-2.92,0.35,1787593117476.3308,False,,,2,OP1,C2_WIFI_CARGA_MEDIA,N3
,0.27,0.118,0.825,1.0,,1787593117504.452,33.875,18.4,-2.92,0.35,1787593117505.4836,False,,,2,OP1,C2_WIFI_CARGA_MEDIA,N3
,0.271,0.118,0.826,1.0,,1787593117546.921,33.91,18.32,-2.92,0.35,1787593117546.921,False,,,2,OP1,C2_WIFI_CARGA_MEDIA,N3
,0.27,0.119,0.827,1.0,,1787593117570.1235,33.945,18.4,-2.86,0.35,1787593117570.1235,False,,,2,OP1,C2_WIFI_CARGA_MEDIA,N3
,0.27,0.12,0.826,1.0,,1787593117612.507,33.91,18.4,-2.8,0.35,1787593117617.742,False,,,2,OP1,C2_WIFI_CARGA_MEDIA,N3
,0.27,0.121,0.825,1.0,,1787593117634.267,33.875,18.4,-2.74,0.35,1787593117634.267,False,,,2,OP1,C2_WIFI_CARGA_MEDIA,N3
,0.27,0.121,0.826,1.0,,1787593117664.5818,33.91,18.4,-2.74,0.35,1787593117664.5818,False,,,2,OP1,C2_WIFI_CARGA_MEDIA,N3
,0.27,0.122,0.826,1.0,,1787593117696.9392,33.91,18.4,-2.68,0.35,1787593117696.9392,False,,,2,OP1,C2_WIFI_CARGA_MEDIA,N3
,0.27,0.122,0.826,1.0,,1787593117722.7822,33.91,18.4,-2.68,0.35,1787593117726.0105,False,,,2,OP1,C2_WIFI_CARGA_MEDIA,N3
,0.27,0.122,0.826,1.0,,1787593117746.88,33.91,18.4,-2.68,0.35,1787593117746.88,False,,,2,OP1,C2_WIFI_CARGA_MEDIA,N3
,0.271,0.123,0.826,1.0,,1787593117769.5186,33.91,18.32,-2.62,0.35,1787593117769.5186,False,,,2,OP1,C2_WIFI_CARGA_MEDIA,N3
,0.271,0.123,0.827,1.0,,1787593117812.2136,33.945,18.32,-2.62,0.35,1787593117812.2136,False,,,2,OP1,C2_WIFI_CARGA_MEDIA,N3
,0.271,0.123,0.827,1.0,,1787593117834.615,33.945,18.32,-2.62,0.35,1787593117835.4026,False,,,2,OP1,C2_WIFI_CARGA_MEDIA,N3
,0.272,0.123,0.828,1.0,,1787593117881.8442,33.98,18.24,-2.62,0.35,1787593117881.8442,False,,,2,OP1,C2_WIFI_CARGA_MEDIA,N3
,0.272,0.123,0.828,1.0,,1787593117921.0356,33.98,18.24,-2.62,0.35,1787593117923.048,False,,,2,OP1,C2_WIFI_CARGA_MEDIA,N3
,0.271,0.122,0.83,1.0,,1787593117977.9265,34.05,18.32,-2.68,0.35,1787593117979.939,False,,,2,OP1,C2_WIFI_CARGA_MEDIA,N3
,0.27,0.122,0.829,1.0,,1787593118017.1973,34.015,18.4,-2.68,0.35,1787593118017.1973,False,,,2,OP1,C2_WIFI_CARGA_MEDIA,N3
,0.27,0.121,0.829,1.0,,1787593118063.069,34.015,18.4,-2.74,0.35,1787593118064.202,False,,,2,OP1,C2_WIFI_CARGA_MEDIA,N3
,0.27,0.121,0.829,1.0,,1787593118229.8533,34.015,18.4,-2.74,0.35,1787593118231.8638,False,,,2,OP1,C2_WIFI_CARGA_MEDIA,N3
,0.277,0.108,0.842,1.0,,1787593118283.0386,34.47,17.84,-3.52,0.35,1787593118283.0386,False,,,2,OP1,C2_WIFI_CARGA_MEDIA,N3
,0.279,0.106,0.848,1.0,,1787593118308.7168,34.68,17.68,-3.64,0.35,1787593118308.7168,False,,,2,OP1,C2_WIFI_CARGA_MEDIA,N3
,0.281,0.104,0.854,1.0,,1787593118351.3118,34.89,17.52,-3.76,0.35,1787593118352.178,False,,,2,OP1,C2_WIFI_CARGA_MEDIA,N3
,0.282,0.103,0.854,1.0,,1787593118395.7883,34.89,17.44,-3.82,0.35,1787593118396.7952,False,,,2,OP1,C2_WIFI_CARGA_MEDIA,N3
,0.282,0.102,0.856,1.0,,1787593118448.2004,34.96,17.44,-3.88,0.35,1787593118448.2004,False,,,2,OP1,C2_WIFI_CARGA_MEDIA,N3
,0.282,0.101,0.857,1.0,,1787593118478.2373,34.995,17.44,-3.94,0.35,1787593118480.248,False,,,2,OP1,C2_WIFI_CARGA_MEDIA,N3
,0.281,0.1,0.858,1.0,,1787593118502.7063,35.03,17.52,-4.0,0.35,1787593118508.0842,False,,,2,OP1,C2_WIFI_CARGA_MEDIA,N3
,0.281,0.099,0.857,1.0,,1787593118523.9512,34.995,17.52,-4.06,0.35,1787593118523.9512,False,,,2,OP1,C2_WIFI_CARGA_MEDIA,N3
,0.281,0.099,0.856,1.0,,1787593118560.573,34.96,17.52,-4.06,0.35,1787593118561.5068,False,,,2,OP1,C2_WIFI_CARGA_MEDIA,N3
,0.28,0.098,0.856,1.0,,1787593118591.334,34.96,17.6,-4.12,0.35,1787593118593.333,False,,,2,OP1,C2_WIFI_CARGA_MEDIA,N3
,0.28,0.096,0.856,1.0,,1787593118645.6165,34.96,17.6,-4.24,0.35,1787593118645.6165,False,,,2,OP1,C2_WIFI_CARGA_MEDIA,N3
,0.279,0.095,0.854,1.0,,1787593118666.203,34.89,17.68,-4.3,0.35,1787593118666.203,False,,,2,OP1,C2_WIFI_CARGA_MEDIA,N3
,0.279,0.093,0.853,1.0,,1787593118697.266,34.855,17.68,-4.42,0.35,1787593118703.712,False,,,2,OP1,C2_WIFI_CARGA_MEDIA,N3
,0.278,0.089,0.852,1.0,,1787593118751.1753,34.82,17.76,-4.66,0.35,1787593118753.182,False,,,2,OP1,C2_WIFI_CARGA_MEDIA,N3
,0.278,0.088,0.851,1.0,,1787593118773.5518,34.785,17.76,-4.72,0.35,1787593118773.5518,False,,,2,OP1,C2_WIFI_CARGA_MEDIA,N3
,0.278,0.087,0.852,1.0,,1787593118795.6526,34.82,17.76,-4.78,0.35,1787593118797.2637,False,,,2,OP1,C2_WIFI_CARGA_MEDIA,N3
,0.278,0.086,0.853,1.0,,1787593118842.4373,34.855,17.76,-4.84,0.35,1787593118842.4373,False,,,2,OP1,C2_WIFI_CARGA_MEDIA,N3
,0.279,0.085,0.854,1.0,,1787593118867.967,34.89,17.68,-4.9,0.35,1787593118870.3792,False,,,2,OP1,C2_WIFI_CARGA_MEDIA,N3
,0.279,0.083,0.856,1.0,,1787593118921.2244,34.96,17.68,-5.02,0.35,1787593118921.2244,False,,,2,OP1,C2_WIFI_CARGA_MEDIA,N3
,0.279,0.083,0.856,1.0,,1787593118946.862,34.96,17.68,-5.02,0.35,1787593118954.514,False,,,2,OP1,C2_WIFI_CARGA_MEDIA,N3
,0.279,0.082,0.856,1.0,,1787593118969.2605,34.96,17.68,-5.08,0.35,1787593118969.2605,False,,,2,OP1,C2_WIFI_CARGA_MEDIA,N3
,0.279,0.081,0.857,1.0,,1787593118996.732,34.995,17.68,-5.14,0.35,1787593118996.732,False,,,2,OP1,C2_WIFI_CARGA_MEDIA,N3
,0.279,0.08,0.857,1.0,,1787593119025.3672,34.995,17.68,-5.2,0.35,1787593119027.0132,False,,,2,OP1,C2_WIFI_CARGA_MEDIA,N3
,0.279,0.08,0.858,1.0,,1787593119063.1194,35.03,17.68,-5.2,0.35,1787593119065.8936,False,,,2,OP1,C2_WIFI_CARGA_MEDIA,N3
,0.279,0.079,0.86,1.0,,1787593119119.7407,35.1,17.68,-5.26,0.35,1787593119120.7344,False,,,2,OP1,C2_WIFI_CARGA_MEDIA,N3
,0.279,0.08,0.859,1.0,,1787593119173.283,35.065,17.68,-5.2,0.35,1787593119175.2893,False,,,2,OP1,C2_WIFI_CARGA_MEDIA,N3
,0.279,0.08,0.859,1.0,,1787593119196.888,35.065,17.68,-5.2,0.35,1787593119196.888,False,,,2,OP1,C2_WIFI_CARGA_MEDIA,N3
,0.278,0.08,0.859,1.0,,1787593119258.3467,35.065,17.76,-5.2,0.35,1787593119261.3376,False,,,2,OP1,C2_WIFI_CARGA_MEDIA,N3
,0.279,0.08,0.858,1.0,,1787593119305.309,35.03,17.68,-5.2,0.35,1787593119305.309,False,,,2,OP1,C2_WIFI_CARGA_MEDIA,N3
,0.279,0.079,0.858,1.0,,1787593119329.209,35.03,17.68,-5.26,0.35,1787593119329.209,False,,,2,OP1,C2_WIFI_CARGA_MEDIA,N3
,0.279,0.079,0.857,1.0,,1787593119370.5305,34.995,17.68,-5.26,0.35,1787593119370.5305,False,,,2,OP1,C2_WIFI_CARGA_MEDIA,N3
,0.278,0.08,0.854,1.0,,1787593119425.0027,34.89,17.76,-5.2,0.35,1787593119427.016,False,,,2,OP1,C2_WIFI_CARGA_MEDIA,N3
,0.279,0.087,0.845,0.877,,1787593119480.2234,34.575,17.68,-4.78,0.4792,1787593119480.2234,False,,,2,OP1,C2_WIFI_CARGA_MEDIA,N3
,0.28,0.089,0.847,0.444,,1787593119508.6116,34.645,17.6,-4.66,0.9338,1787593119508.6116,False,,,2,OP1,C2_WIFI_CARGA_MEDIA,N3
,0.281,0.091,0.847,0.106,,1787593119538.3032,34.645,17.52,-4.54,1.2887,1787593119538.3032,False,,,2,OP1,C2_WIFI_CARGA_MEDIA,N3
,0.28,0.096,0.845,0.04,,1787593119576.7488,34.575,17.6,-4.24,1.358,1787593119576.7488,False,,,2,OP1,C2_WIFI_CARGA_MEDIA,N3
,0.28,0.098,0.845,0.07,,1787593119609.8962,34.575,17.6,-4.12,1.3265,1787593119609.8962,False,,,2,OP1,C2_WIFI_CARGA_MEDIA,N3
,0.281,0.098,0.846,0.054,,1787593119633.5295,34.61,17.52,-4.12,1.3433,1787593119634.5205,False,,,2,OP1,C2_WIFI_CARGA_MEDIA,N3
,0.282,0.096,0.847,0.022,,1787593119664.7798,34.645,17.44,-4.24,1.3769,1787593119664.7798,False,,,2,OP1,C2_WIFI_CARGA_MEDIA,N3
,0.283,0.095,0.849,0.0,,1787593119811.8057,34.715,17.36,-4.3,1.4,1787593119811.8057,False,,,2,OP1,C2_WIFI_CARGA_MEDIA,N3
,0.283,0.094,0.848,0.0,,1787593119835.562,34.68,17.36,-4.36,1.4,1787593119835.562,False,,,2,OP1,C2_WIFI_CARGA_MEDIA,N3
,0.283,0.094,0.848,0.0,,1787593119857.6052,34.68,17.36,-4.36,1.4,1787593119857.6052,False,,,2,OP1,C2_WIFI_CARGA_MEDIA,N3
,0.283,0.094,0.848,0.0,,1787593119899.1548,34.68,17.36,-4.36,1.4,1787593119899.1548,False,,,2,OP1,C2_WIFI_CARGA_MEDIA,N3
,0.283,0.095,0.848,0.0,,1787593120072.0776,34.68,17.36,-4.3,1.4,1787593120080.9983,False,,,2,OP1,C2_WIFI_CARGA_MEDIA,N3
,0.285,0.096,0.849,0.0,,1787593120101.8767,34.715,17.2,-4.24,1.4,1787593120103.352,False,,,2,OP1,C2_WIFI_CARGA_MEDIA,N3
,0.285,0.096,0.849,0.0,,1787593120147.979,34.715,17.2,-4.24,1.4,1787593120150.0498,False,,,2,OP1,C2_WIFI_CARGA_MEDIA,N3
,0.286,0.097,0.849,0.0,,1787593120196.6804,34.715,17.12,-4.18,1.4,1787593120198.4424,False,,,2,OP1,C2_WIFI_CARGA_MEDIA,N3
,0.286,0.097,0.849,0.0,,1787593120233.986,34.715,17.12,-4.18,1.4,1787593120234.4795,False,,,2,OP1,C2_WIFI_CARGA_MEDIA,N3
,0.287,0.097,0.849,0.0,,1787593120260.398,34.715,17.04,-4.18,1.4,1787593120260.398,False,,,2,OP1,C2_WIFI_CARGA_MEDIA,N3
,0.287,0.099,0.851,0.0,,1787593120315.4192,34.785,17.04,-4.06,1.4,1787593120316.8008,False,,,2,OP1,C2_WIFI_CARGA_MEDIA,N3
,0.286,0.1,0.852,0.0,,1787593120366.568,34.82,17.12,-4.0,1.4,1787593120366.568,False,,,2,OP1,C2_WIFI_CARGA_MEDIA,N3
,0.287,0.102,0.854,0.0,,1787593120425.4954,34.89,17.04,-3.88,1.4,1787593120427.0195,False,,,2,OP1,C2_WIFI_CARGA_MEDIA,N3
,0.287,0.103,0.855,0.0,,1787593120447.3745,34.925,17.04,-3.82,1.4,1787593120458.2725,False,,,2,OP1,C2_WIFI_CARGA_MEDIA,N3
,0.288,0.105,0.856,0.0,,1787593120513.6255,34.96,16.96,-3.7,1.4,1787593120515.6355,False,,,2,OP1,C2_WIFI_CARGA_MEDIA,N3
,0.288,0.106,0.856,0.003,,1787593120567.5964,34.96,16.96,-3.64,1.3968,1787593120567.5964,False,,,2,OP1,C2_WIFI_CARGA_MEDIA,N3
,0.288,0.108,0.857,0.011,,1787593120620.5325,34.995,16.96,-3.52,1.3884,1787593120620.5325,False,,,2,OP1,C2_WIFI_CARGA_MEDIA,N3
,0.288,0.109,0.857,0.014,,1787593120649.1748,34.995,16.96,-3.46,1.3853,1787593120649.1748,False,,,2,OP1,C2_WIFI_CARGA_MEDIA,N3
,0.287,0.11,0.857,0.016,,1787593120677.8042,34.995,17.04,-3.4,1.3832,1787593120678.859,False,,,2,OP1,C2_WIFI_CARGA_MEDIA,N3
,0.286,0.111,0.858,0.018,,1787593120730.4111,35.03,17.12,-3.34,1.3811,1787593120730.8015,False,,,2,OP1,C2_WIFI_CARGA_MEDIA,N3
,0.285,0.112,0.858,0.018,,1787593120763.0688,35.03,17.2,-3.28,1.3811,1787593120763.0688,False,,,2,OP1,C2_WIFI_CARGA_MEDIA,N3
,0.284,0.112,0.859,0.016,,1787593120808.077,35.065,17.28,-3.28,1.3832,1787593120808.077,False,,,2,OP1,C2_WIFI_CARGA_MEDIA,N3
,0.284,0.113,0.86,0.015,,1787593120873.7732,35.1,17.28,-3.22,1.3842,1787593120874.5715,False,,,2,OP1,C2_WIFI_CARGA_MEDIA,N3
,0.285,0.113,0.861,0.013,,1787593120928.5408,35.135,17.2,-3.22,1.3863,1787593120928.5408,False,,,2,OP1,C2_WIFI_CARGA_MEDIA,N3
,0.285,0.114,0.862,0.014,,1787593120967.9187,35.17,17.2,-3.16,1.3853,1787593120967.9187,False,,,2,OP1,C2_WIFI_CARGA_MEDIA,N3
,0.285,0.114,0.862,0.014,,1787593121002.954,35.17,17.2,-3.16,1.3853,1787593121004.965,False,,,2,OP1,C2_WIFI_CARGA_MEDIA,N3
,0.284,0.114,0.862,0.014,,1787593121041.819,35.17,17.28,-3.16,1.3853,1787593121043.8936,False,,,2,OP1,C2_WIFI_CARGA_MEDIA,N3
,0.282,0.113,0.86,0.012,,1787593121084.0596,35.1,17.44,-3.22,1.3874,1787593121084.0596,False,,,2,OP1,C2_WIFI_CARGA_MEDIA,N3
,0.28,0.112,0.859,0.01,,1787593121124.9546,35.065,17.6,-3.28,1.3895,1787593121125.5469,False,,,2,OP1,C2_WIFI_CARGA_MEDIA,N3
,0.279,0.114,0.857,0.01,,1787593121307.3914,34.995,17.68,-3.16,1.3895,1787593121307.3914,False,,,2,OP1,C2_WIFI_CARGA_MEDIA,N3
,0.279,0.114,0.856,0.017,,1787593121332.941,34.96,17.68,-3.16,1.3821,1787593121332.941,False,,,2,OP1,C2_WIFI_CARGA_MEDIA,N3
,0.279,0.114,0.856,0.017,,1787593121377.1418,34.96,17.68,-3.16,1.3821,1787593121377.1418,False,,,2,OP1,C2_WIFI_CARGA_MEDIA,N3
,0.281,0.115,0.856,0.015,,1787593121429.2993,34.96,17.52,-3.1,1.3842,1787593121429.2993,False,,,2,OP1,C2_WIFI_CARGA_MEDIA,N3
,0.282,0.116,0.857,0.013,,1787593121460.1487,34.995,17.44,-3.04,1.3863,1787593121460.1487,False,,,2,OP1,C2_WIFI_CARGA_MEDIA,N3
,0.281,0.116,0.856,0.013,,1787593121500.1426,34.96,17.52,-3.04,1.3863,1787593121500.1426,False,,,2,OP1,C2_WIFI_CARGA_MEDIA,N3
,0.281,0.116,0.856,0.014,,1787593121529.821,34.96,17.52,-3.04,1.3853,1787593121529.821,False,,,2,OP1,C2_WIFI_CARGA_MEDIA,N3
,0.281,0.117,0.855,0.015,,1787593121563.4922,34.925,17.52,-2.98,1.3842,1787593121563.4922,False,,,2,OP1,C2_WIFI_CARGA_MEDIA,N3
,0.282,0.117,0.855,0.015,,1787593121591.3987,34.925,17.44,-2.98,1.3842,1787593121591.3987,False,,,2,OP1,C2_WIFI_CARGA_MEDIA,N3
,0.282,0.118,0.854,0.017,,1787593121728.725,34.89,17.44,-2.92,1.3821,1787593121728.725,False,,,2,OP1,C2_WIFI_CARGA_MEDIA,N3
,0.281,0.118,0.85,0.012,,1787593121820.1023,34.75,17.52,-2.92,1.3874,1787593121820.1023,False,,,2,OP1,C2_WIFI_CARGA_MEDIA,N3
,0.278,0.117,0.837,0.009,,1787593121846.801,34.295,17.76,-2.98,1.3905,1787593121850.5325,False,,,2,OP1,C2_WIFI_CARGA_MEDIA,N3
,0.278,0.117,0.834,0.006,,1787593121897.3484,34.19,17.76,-2.98,1.3937,1787593121897.3484,False,,,2,OP1,C2_WIFI_CARGA_MEDIA,N3
,0.278,0.117,0.834,0.004,,1787593121928.636,34.19,17.76,-2.98,1.3958,1787593121928.636,False,,,2,OP1,C2_WIFI_CARGA_MEDIA,N3
,0.278,0.117,0.834,0.003,,1787593121952.6472,34.19,17.76,-2.98,1.3968,1787593121952.97,False,,,2,OP1,C2_WIFI_CARGA_MEDIA,N3
,0.279,0.117,0.834,0.003,,1787593121988.116,34.19,17.68,-2.98,1.3968,1787593121990.1282,False,,,2,OP1,C2_WIFI_CARGA_MEDIA,N3
,0.28,0.118,0.834,0.008,,1787593122163.8628,34.19,17.6,-2.92,1.3916,1787593122163.8628,False,,,2,OP1,C2_WIFI_CARGA_MEDIA,N3
,0.279,0.116,0.829,0.009,,1787593122196.984,34.015,17.68,-3.04,1.3905,1787593122196.984,False,,,2,OP1,C2_WIFI_CARGA_MEDIA,N3
,0.278,0.116,0.828,0.009,,1787593122232.0967,33.98,17.76,-3.04,1.3905,1787593122232.0967,False,,,2,OP1,C2_WIFI_CARGA_MEDIA,N3
,0.278,0.116,0.827,0.009,,1787593122255.827,33.945,17.76,-3.04,1.3905,1787593122257.8413,False,,,2,OP1,C2_WIFI_CARGA_MEDIA,N3
,0.278,0.116,0.827,0.01,,1787593122294.0566,33.945,17.76,-3.04,1.3895,1787593122295.0547,False,,,2,OP1,C2_WIFI_CARGA_MEDIA,N3
,0.278,0.116,0.828,0.012,,1787593122314.2268,33.98,17.76,-3.04,1.3874,1787593122316.183,False,,,2,OP1,C2_WIFI_CARGA_MEDIA,N3
,0.279,0.116,0.829,0.013,,1787593122346.9214,34.015,17.68,-3.04,1.3863,1787593122346.9214,False,,,2,OP1,C2_WIFI_CARGA_MEDIA,N3
,0.279,0.116,0.83,0.014,,1787593122370.8345,34.05,17.68,-3.04,1.3853,1787593122370.8345,False,,,2,OP1,C2_WIFI_CARGA_MEDIA,N3
,0.279,0.116,0.831,0.015,,1787593122397.283,34.085,17.68,-3.04,1.3842,1787593122397.283,False,,,2,OP1,C2_WIFI_CARGA_MEDIA,N3
,0.279,0.116,0.831,0.014,,1787593122421.6978,34.085,17.68,-3.04,1.3853,1787593122423.1372,False,,,2,OP1,C2_WIFI_CARGA_MEDIA,N3
,0.279,0.116,0.832,0.014,,1787593122460.7231,34.12,17.68,-3.04,1.3853,1787593122461.285,False,,,2,OP1,C2_WIFI_CARGA_MEDIA,N3
,0.278,0.117,0.834,0.021,,1787593122498.8728,34.19,17.76,-2.98,1.378,1787593122498.8728,False,,,2,OP1,C2_WIFI_CARGA_MEDIA,N3
,0.277,0.118,0.835,0.064,,1787593122531.9795,34.225,17.84,-2.92,1.3328,1787593122531.9795,False,,,2,OP1,C2_WIFI_CARGA_MEDIA,N3
,0.276,0.119,0.836,0.444,,1787593122698.7764,34.26,17.92,-2.86,0.9338,1787593122698.7764,False,,,2,OP1,C2_WIFI_CARGA_MEDIA,N3
,0.27,0.109,0.834,1.0,,1787593122724.291,34.19,18.4,-3.46,0.35,1787593122724.291,False,,,2,OP1,C2_WIFI_CARGA_MEDIA,N3
,0.269,0.108,0.831,1.0,,1787593122766.187,34.085,18.48,-3.52,0.35,1787593122768.1948,False,,,2,OP1,C2_WIFI_CARGA_MEDIA,N3
,0.269,0.108,0.83,1.0,,1787593122795.8845,34.05,18.48,-3.52,0.35,1787593122796.8948,False,,,2,OP1,C2_WIFI_CARGA_MEDIA,N3
,0.269,0.109,0.829,1.0,,1787593122822.7527,34.015,18.48,-3.46,0.35,1787593122824.7454,False,,,2,OP1,C2_WIFI_CARGA_MEDIA,N3
,0.268,0.111,0.828,1.0,,1787593122868.522,33.98,18.56,-3.34,0.35,1787593122868.522,False,,,2,OP1,C2_WIFI_CARGA_MEDIA,N3
,0.268,0.112,0.826,1.0,,1787593122903.1487,33.91,18.56,-3.28,0.35,1787593122903.1487,False,,,2,OP1,C2_WIFI_CARGA_MEDIA,N3
,0.268,0.114,0.826,1.0,,1787593122927.0278,33.91,18.56,-3.16,0.35,1787593122928.0503,False,,,2,OP1,C2_WIFI_CARGA_MEDIA,N3
,0.268,0.115,0.826,1.0,,1787593122960.1003,33.91,18.56,-3.1,0.35,1787593122962.8828,False,,,2,OP1,C2_WIFI_CARGA_MEDIA,N3
,0.269,0.116,0.825,1.0,,1787593123001.6929,33.875,18.48,-3.04,0.35,1787593123001.6929,False,,,2,OP1,C2_WIFI_CARGA_MEDIA,N3
,0.27,0.118,0.824,1.0,,1787593123027.3855,33.84,18.4,-2.92,0.35,1787593123029.6284,False,,,2,OP1,C2_WIFI_CARGA_MEDIA,N3
,0.27,0.121,0.819,1.0,,1787593123070.046,33.665,18.4,-2.74,0.35,1787593123070.046,False,,,2,OP1,C2_WIFI_CARGA_MEDIA,N3
,0.27,0.124,0.815,1.0,,1787593123102.1333,33.525,18.4,-2.56,0.35,1787593123102.1333,False,,,2,OP1,C2_WIFI_CARGA_MEDIA,N3
,0.27,0.125,0.814,1.0,,1787593123127.1775,33.49,18.4,-2.5,0.35,1787593123128.1018,False,,,2,OP1,C2_WIFI_CARGA_MEDIA,N3
,0.27,0.127,0.813,1.0,,1787593123158.2937,33.455,18.4,-2.38,0.35,1787593123159.307,False,,,2,OP1,C2_WIFI_CARGA_MEDIA,N3
,0.27,0.127,0.813,1.0,,1787593123203.152,33.455,18.4,-2.38,0.35,1787593123203.152,False,,,2,OP1,C2_WIFI_CARGA_MEDIA,N3
,0.27,0.128,0.812,1.0,,1787593123228.2166,33.42,18.4,-2.32,0.35,1787593123230.2122,False,,,2,OP1,C2_WIFI_CARGA_MEDIA,N3
,0.27,0.129,0.812,1.0,,1787593123267.5266,33.42,18.4,-2.26,0.35,1787593123267.5266,False,,,2,OP1,C2_WIFI_CARGA_MEDIA,N3
,0.269,0.131,0.81,1.0,,1787593123307.0632,33.35,18.48,-2.14,0.35,1787593123307.0632,False,,,2,OP1,C2_WIFI_CARGA_MEDIA,N3
,0.268,0.135,0.805,1.0,,1787593123480.6135,33.175,18.56,-1.9,0.35,1787593123480.6135,False,,,2,OP1,C2_WIFI_CARGA_MEDIA,N3
,0.271,0.172,0.75,1.0,,1787593123508.329,31.25,18.32,0.32,0.35,1787593123508.329,False,,,2,OP1,C2_WIFI_CARGA_MEDIA,N3
,0.27,0.18,0.733,1.0,,1787593123530.6597,30.655,18.4,0.8,0.35,1787593123531.6726,False,,,2,OP1,C2_WIFI_CARGA_MEDIA,N3
,0.269,0.186,0.722,1.0,,1787593123573.5889,30.27,18.48,1.16,0.35,1787593123573.5889,False,,,2,OP1,C2_WIFI_CARGA_MEDIA,N3
,0.268,0.191,0.715,1.0,,1787593123602.2505,30.025,18.56,1.46,0.35,1787593123602.2505,False,,,2,OP1,C2_WIFI_CARGA_MEDIA,N3
,0.264,0.204,0.694,1.0,,1787593123632.697,29.29,18.88,2.24,0.35,1787593123633.9253,False,,,2,OP1,C2_WIFI_CARGA_MEDIA,N3
,0.261,0.211,0.684,1.0,,1787593123673.27,28.94,19.12,2.66,0.35,1787593123673.27,False,,,2,OP1,C2_WIFI_CARGA_MEDIA,N3
,0.259,0.214,0.678,1.0,,1787593123709.5671,28.73,19.28,2.84,0.35,1787593123709.5671,False,,,2,OP1,C2_WIFI_CARGA_MEDIA,N3
,0.258,0.217,0.673,1.0,,1787593123732.2495,28.555,19.36,3.02,0.35,1787593123733.2537,False,,,2,OP1,C2_WIFI_CARGA_MEDIA,N3
,0.256,0.219,0.669,1.0,,1787593123767.923,28.415,19.52,3.14,0.35,1787593123767.923,False,,,2,OP1,C2_WIFI_CARGA_MEDIA,N3
,0.252,0.222,0.656,1.0,,1787593123809.2366,27.96,19.84,3.32,0.35,1787593123809.2366,False,,,2,OP1,C2_WIFI_CARGA_MEDIA,N3
,0.25,0.223,0.648,1.0,,1787593123833.89,27.68,20.0,3.38,0.35,1787593123834.7085,False,,,2,OP1,C2_WIFI_CARGA_MEDIA,N3
,0.25,0.225,0.643,1.0,,1787593123878.0452,27.505,20.0,3.5,0.35,1787593123879.309,False,,,2,OP1,C2_WIFI_CARGA_MEDIA,N3
,0.25,0.227,0.637,1.0,,1787593124034.9343,27.295,20.0,3.62,0.35,1787593124036.0122,False,,,2,OP1,C2_WIFI_CARGA_MEDIA,N3
,0.247,0.258,0.575,1.0,,1787593124076.9631,25.125,20.24,5.48,0.35,1787593124076.9631,False,,,2,OP1,C2_WIFI_CARGA_MEDIA,N3
,0.25,0.263,0.56,1.0,,1787593124126.5967,24.6,20.0,5.78,0.35,1787593124126.5967,False,,,2,OP1,C2_WIFI_CARGA_MEDIA,N3
,0.25,0.265,0.556,1.0,,1787593124156.0725,24.46,20.0,5.9,0.35,1787593124156.0725,False,,,2,OP1,C2_WIFI_CARGA_MEDIA,N3
,0.252,0.267,0.547,1.0,,1787593124184.443,24.145,19.84,6.02,0.35,1787593124186.4556,False,,,2,OP1,C2_WIFI_CARGA_MEDIA,N3
,0.255,0.269,0.538,1.0,,1787593124215.6008,23.83,19.6,6.14,0.35,1787593124215.6008,False,,,2,OP1,C2_WIFI_CARGA_MEDIA,N3
,0.265,0.276,0.525,1.0,,1787593124264.5215,23.375,18.8,6.56,0.35,1787593124266.3506,False,,,2,OP1,C2_WIFI_CARGA_MEDIA,N3
,0.271,0.279,0.52,1.0,,1787593124284.6335,23.2,18.32,6.74,0.35,1787593124284.6335,False,,,2,OP1,C2_WIFI_CARGA_MEDIA,N3
,0.278,0.282,0.517,1.0,,1787593124310.3494,23.095,17.76,6.92,0.35,1787593124310.3494,False,,,2,OP1,C2_WIFI_CARGA_MEDIA,N3
,0.287,0.288,0.512,1.0,,1787593124340.2588,22.92,17.04,7.28,0.35,1787593124340.2588,False,,,2,OP1,C2_WIFI_CARGA_MEDIA,N3
,0.296,0.294,0.505,1.0,,1787593124383.2754,22.675,16.32,7.64,0.35,1787593124385.2705,False,,,2,OP1,C2_WIFI_CARGA_MEDIA,N3
,0.311,0.305,0.49,1.0,,1787593124419.8994,22.15,15.12,8.3,0.35,1787593124419.8994,False,,,2,OP1,C2_WIFI_CARGA_MEDIA,N3
,0.317,0.306,0.484,1.0,,1787593124458.0286,21.94,14.64,8.36,0.35,1787593124458.0286,False,,,2,OP1,C2_WIFI_CARGA_MEDIA,N3
,0.325,0.305,0.477,1.0,,1787593124514.3762,21.695,14.0,8.3,0.35,1787593124514.3762,False,,,2,OP1,C2_WIFI_CARGA_MEDIA,N3
,0.328,0.302,0.473,1.0,,1787593124539.783,21.555,13.76,8.12,0.35,1787593124540.894,False,,,2,OP1,C2_WIFI_CARGA_MEDIA,N3
,0.331,0.3,0.47,1.0,,1787593124577.0688,21.45,13.52,8.0,0.35,1787593124577.0688,False,,,2,OP1,C2_WIFI_CARGA_MEDIA,N3
,0.336,0.296,0.471,1.0,,1787593124617.1538,21.485,13.12,7.76,0.35,1787593124617.1538,False,,,2,OP1,C2_WIFI_CARGA_MEDIA,N3
,0.337,0.294,0.472,1.0,,1787593124639.826,21.52,13.04,7.64,0.35,1787593124640.8462,False,,,2,OP1,C2_WIFI_CARGA_MEDIA,N3
,0.337,0.294,0.473,1.0,,1787593124676.554,21.555,13.04,7.64,0.35,1787593124676.554,False,,,2,OP1,C2_WIFI_CARGA_MEDIA,N3
,0.336,0.294,0.468,1.0,,1787593124740.043,21.38,13.12,7.64,0.35,1787593124741.1304,False,,,2,OP1,C2_WIFI_CARGA_MEDIA,N3
,0.335,0.295,0.465,1.0,,1787593124771.6013,21.275,13.2,7.7,0.35,1787593124773.882,False,,,2,OP1,C2_WIFI_CARGA_MEDIA,N3
,0.329,0.298,0.459,1.0,,1787593124817.5967,21.065,13.68,7.88,0.35,1787593124817.5967,False,,,2,OP1,C2_WIFI_CARGA_MEDIA,N3
,0.327,0.3,0.455,1.0,,1787593124841.1377,20.925,13.84,8.0,0.35,1787593124842.2412,False,,,2,OP1,C2_WIFI_CARGA_MEDIA,N3
,0.325,0.301,0.451,1.0,,1787593124877.418,20.785,14.0,8.06,0.35,1787593124877.418,False,,,2,OP1,C2_WIFI_CARGA_MEDIA,N3
,0.325,0.303,0.442,1.0,,1787593124920.1355,20.47,14.0,8.18,0.35,1787593124921.2524,False,,,2,OP1,C2_WIFI_CARGA_MEDIA,N3
,0.325,0.304,0.439,1.0,,1787593124948.689,20.365,14.0,8.24,0.35,1787593124948.689,False,,,2,OP1,C2_WIFI_CARGA_MEDIA,N3
,0.325,0.305,0.437,1.0,,1787593124987.1987,20.295,14.0,8.3,0.35,1787593124987.1987,False,,,2,OP1,C2_WIFI_CARGA_MEDIA,N3
,0.325,0.306,0.435,1.0,,1787593125243.2004,20.225,14.0,8.36,0.35,1787593125245.2212,False,,,2,OP1,C2_WIFI_CARGA_MEDIA,N3
,0.296,0.295,0.473,1.0,,1787593125273.6975,21.555,16.32,7.7,0.35,1787593125273.6975,False,,,2,OP1,C2_WIFI_CARGA_MEDIA,N3
,0.292,0.293,0.486,1.0,,1787593125321.6135,22.01,16.64,7.58,0.35,1787593125321.6135,False,,,2,OP1,C2_WIFI_CARGA_MEDIA,N3
,0.29,0.291,0.493,1.0,,1787593125345.0903,22.255,16.8,7.46,0.35,1787593125346.2048,False,,,2,OP1,C2_WIFI_CARGA_MEDIA,N3
,0.289,0.291,0.496,1.0,,1787593125385.022,22.36,16.88,7.46,0.35,1787593125385.022,False,,,2,OP1,C2_WIFI_CARGA_MEDIA,N3
,0.288,0.291,0.5,1.0,,1787593125428.7815,22.5,16.96,7.46,0.35,1787593125442.9802,False,,,2,OP1,C2_WIFI_CARGA_MEDIA,N3
,0.288,0.291,0.5,1.0,,1787593125480.937,22.5,16.96,7.46,0.35,1787593125480.937,False,,,2,OP1,C2_WIFI_CARGA_MEDIA,N3
,0.287,0.291,0.5,1.0,,1787593125523.495,22.5,17.04,7.46,0.35,1787593125523.495,False,,,2,OP1,C2_WIFI_CARGA_MEDIA,N3
,0.288,0.292,0.498,1.0,,1787593125548.3062,22.43,16.96,7.52,0.35,1787593125548.6794,False,,,2,OP1,C2_WIFI_CARGA_MEDIA,N3
,0.288,0.294,0.496,1.0,,1787593125581.187,22.36,16.96,7.64,0.35,1787593125581.187,False,,,2,OP1,C2_WIFI_CARGA_MEDIA,N3
,0.296,0.306,0.484,1.0,,1787593125623.7288,21.94,16.32,8.36,0.35,1787593125623.7288,False,,,2,OP1,C2_WIFI_CARGA_MEDIA,N3
,0.303,0.313,0.48,1.0,,1787593125648.7683,21.8,15.76,8.78,0.35,1787593125648.7683,False,,,2,OP1,C2_WIFI_CARGA_MEDIA,N3
,0.308,0.318,0.477,1.0,,1787593125690.691,21.695,15.36,9.08,0.35,1787593125692.6963,False,,,2,OP1,C2_WIFI_CARGA_MEDIA,N3
,0.313,0.323,0.475,1.0,,1787593125717.3667,21.625,14.96,9.38,0.35,1787593125719.3755,False,,,2,OP1,C2_WIFI_CARGA_MEDIA,N3
,0.317,0.33,0.47,1.0,,1787593125747.5923,21.45,14.64,9.8,0.35,1787593125748.7048,False,,,2,OP1,C2_WIFI_CARGA_MEDIA,N3
,0.321,0.34,0.464,1.0,,1787593125785.6367,21.24,14.32,10.4,0.35,1787593125796.888,False,,,2,OP1,C2_WIFI_CARGA_MEDIA,N3
,0.323,0.343,0.461,1.0,,1787593125819.207,21.135,14.16,10.58,0.35,1787593125819.207,False,,,2,OP1,C2_WIFI_CARGA_MEDIA,N3
,0.331,0.351,0.452,1.0,,1787593125886.5967,20.82,13.52,11.06,0.35,1787593125886.5967,False,,,2,OP1,C2_WIFI_CARGA_MEDIA,N3
,0.338,0.355,0.439,1.0,,1787593125919.3184,20.365,12.96,11.3,0.35,1787593125919.3184,False,,,2,OP1,C2_WIFI_CARGA_MEDIA,N3
,0.341,0.356,0.431,1.0,,1787593125948.4854,20.085,12.72,11.36,0.35,1787593125950.817,False,,,2,OP1,C2_WIFI_CARGA_MEDIA,N3
,0.344,0.356,0.422,1.0,,1787593125995.3438,19.77,12.48,11.36,0.35,1787593125996.8486,False,,,2,OP1,C2_WIFI_CARGA_MEDIA,N3
,0.346,0.355,0.416,1.0,,1787593126020.2776,19.56,12.32,11.3,0.35,1787593126020.2776,False,,,2,OP1,C2_WIFI_CARGA_MEDIA,N3
,0.347,0.354,0.414,1.0,,1787593126049.7412,19.49,12.24,11.24,0.35,1787593126050.7566,False,,,2,OP1,C2_WIFI_CARGA_MEDIA,N3
,0.348,0.352,0.411,1.0,,1787593126097.0574,19.385,12.16,11.12,0.35,1787593126097.0574,False,,,2,OP1,C2_WIFI_CARGA_MEDIA,N3
,0.349,0.351,0.41,1.0,,1787593126127.5603,19.35,12.08,11.06,0.35,1787593126127.5603,False,,,2,OP1,C2_WIFI_CARGA_MEDIA,N3
,0.349,0.351,0.408,1.0,,1787593126151.6118,19.28,12.08,11.06,0.35,1787593126152.7063,False,,,2,OP1,C2_WIFI_CARGA_MEDIA,N3
,0.35,0.35,0.406,1.0,,1787593126193.3098,19.21,12.0,11.0,0.35,1787593126193.3098,False,,,2,OP1,C2_WIFI_CARGA_MEDIA,N3
,0.351,0.35,0.404,1.0,,1787593126219.4563,19.14,11.92,11.0,0.35,1787593126221.47,False,,,2,OP1,C2_WIFI_CARGA_MEDIA,N3
,0.352,0.35,0.402,1.0,,1787593126246.793,19.07,11.84,11.0,0.35,1787593126246.793,False,,,2,OP1,C2_WIFI_CARGA_MEDIA,N3
,0.356,0.353,0.395,1.0,,1787593126297.1982,18.825,11.52,11.18,0.35,1787593126301.2527,False,,,2,OP1,C2_WIFI_CARGA_MEDIA,N3
,0.358,0.356,0.393,1.0,,1787593126323.6628,18.755,11.36,11.36,0.35,1787593126323.6628,False,,,2,OP1,C2_WIFI_CARGA_MEDIA,N3
,0.36,0.358,0.39,1.0,,1787593126355.326,18.65,11.2,11.48,0.35,1787593126355.326,False,,,2,OP1,C2_WIFI_CARGA_MEDIA,N3
,0.36,0.36,0.388,1.0,,1787593126387.2046,18.58,11.2,11.6,0.35,1787593126388.141,False,,,2,OP1,C2_WIFI_CARGA_MEDIA,N3
,0.362,0.361,0.386,1.0,,1787593126422.9705,18.51,11.04,11.66,0.35,1787593126422.9705,False,,,2,OP1,C2_WIFI_CARGA_MEDIA,N3
,0.363,0.361,0.386,1.0,,1787593126452.6194,18.51,10.96,11.66,0.35,1787593126453.6345,False,,,2,OP1,C2_WIFI_CARGA_MEDIA,N3
,0.363,0.361,0.386,1.0,,1787593126497.2693,18.51,10.96,11.66,0.35,1787593126497.2693,False,,,2,OP1,C2_WIFI_CARGA_MEDIA,N3
,0.364,0.361,0.385,1.0,,1787593126525.4104,18.475,10.88,11.66,0.35,1787593126526.413,False,,,2,OP1,C2_WIFI_CARGA_MEDIA,N3
,0.364,0.36,0.385,1.0,,1787593126547.9534,18.475,10.88,11.6,0.35,1787593126550.3062,False,,,2,OP1,C2_WIFI_CARGA_MEDIA,N3
,0.365,0.359,0.385,1.0,,1787593126571.3853,18.475,10.8,11.54,0.35,1787593126571.3853,False,,,2,OP1,C2_WIFI_CARGA_MEDIA,N3
,0.365,0.359,0.385,1.0,,1787593126597.612,18.475,10.8,11.54,0.35,1787593126601.7114,False,,,2,OP1,C2_WIFI_CARGA_MEDIA,N3
,0.365,0.359,0.385,1.0,,1787593126622.7766,18.475,10.8,11.54,0.35,1787593126622.7766,False,,,2,OP1,C2_WIFI_CARGA_MEDIA,N3
,0.364,0.358,0.387,1.0,,1787593126655.432,18.545,10.88,11.48,0.35,1787593126656.5005,False,,,2,OP1,C2_WIFI_CARGA_MEDIA,N3
,0.364,0.357,0.39,1.0,,1787593126692.4353,18.65,10.88,11.42,0.35,1787593126692.4353,False,,,2,OP1,C2_WIFI_CARGA_MEDIA,N3
,0.363,0.354,0.398,1.0,,1787593126733.1611,18.93,10.96,11.24,0.35,1787593126733.1611,False,,,2,OP1,C2_WIFI_CARGA_MEDIA,N3
,0.363,0.352,0.406,1.0,,1787593126765.506,19.21,10.96,11.12,0.35,1787593126767.014,False,,,2,OP1,C2_WIFI_CARGA_MEDIA,N3
,0.364,0.35,0.415,1.0,,1787593126798.9932,19.525,10.88,11.0,0.35,1787593126798.9932,False,,,2,OP1,C2_WIFI_CARGA_MEDIA,N3
,0.364,0.348,0.425,1.0,,1787593126830.595,19.875,10.88,10.88,0.35,1787593126832.602,False,,,2,OP1,C2_WIFI_CARGA_MEDIA,N3
,0.364,0.346,0.433,1.0,,1787593126855.764,20.155,10.88,10.76,0.35,1787593126857.958,False,,,2,OP1,C2_WIFI_CARGA_MEDIA,N3
,0.365,0.347,0.439,1.0,,1787593126888.413,20.365,10.8,10.82,0.35,1787593126888.413,False,,,2,OP1,C2_WIFI_CARGA_MEDIA,N3
,0.366,0.348,0.469,1.0,,1787593126932.8855,21.415,10.72,10.88,0.35,1787593126932.8855,False,,,2,OP1,C2_WIFI_CARGA_MEDIA,N3
,0.367,0.349,0.483,1.0,,1787593126958.8225,21.905,10.64,10.94,0.35,1787593126960.466,False,,,2,OP1,C2_WIFI_CARGA_MEDIA,N3
,0.368,0.349,0.489,1.0,,1787593126998.637,22.115,10.56,10.94,0.35,1787593126999.1565,False,,,2,OP1,C2_WIFI_CARGA_MEDIA,N3
,0.367,0.35,0.497,1.0,,1787593127028.679,22.395,10.64,11.0,0.35,1787593127028.679,False,,,2,OP1,C2_WIFI_CARGA_MEDIA,N3
,0.367,0.35,0.503,1.0,,1787593127170.8848,22.605,10.64,11.0,0.35,1787593127170.8848,False,,,2,OP1,C2_WIFI_CARGA_MEDIA,N3
,0.367,0.352,0.529,1.0,,1787593127193.9883,23.515,10.64,11.12,0.35,1787593127196.2424,False,,,2,OP1,C2_WIFI_CARGA_MEDIA,N3
,0.368,0.352,0.54,1.0,,1787593127234.0422,23.9,10.56,11.12,0.35,1787593127234.0422,False,,,2,OP1,C2_WIFI_CARGA_MEDIA,N3
,0.369,0.352,0.547,1.0,,1787593127258.813,24.145,10.48,11.12,0.35,1787593127258.813,False,,,2,OP1,C2_WIFI_CARGA_MEDIA,N3
,0.37,0.352,0.552,1.0,,1787593127303.5808,24.32,10.4,11.12,0.35,1787593127306.4077,False,,,2,OP1,C2_WIFI_CARGA_MEDIA,N3
,0.372,0.353,0.561,1.0,,1787593127332.7395,24.635,10.24,11.18,0.35,1787593127332.7395,False,,,2,OP1,C2_WIFI_CARGA_MEDIA,N3
,0.375,0.355,0.573,1.0,,1787593127360.703,25.055,10.0,11.3,0.35,1787593127361.8147,False,,,2,OP1,C2_WIFI_CARGA_MEDIA,N3
,0.378,0.353,0.585,1.0,,1787593127398.8916,25.475,9.76,11.18,0.35,1787593127398.8916,False,,,2,OP1,C2_WIFI_CARGA_MEDIA,N3
,0.38,0.351,0.591,1.0,,1787593127438.1096,25.685,9.6,11.06,0.35,1787593127438.1096,False,,,2,OP1,C2_WIFI_CARGA_MEDIA,N3
,0.382,0.351,0.595,1.0,,1787593127460.7456,25.825,9.44,11.06,0.35,1787593127460.7456,False,,,2,OP1,C2_WIFI_CARGA_MEDIA,N3
,0.383,0.35,0.597,1.0,,1787593127501.3289,25.895,9.36,11.0,0.35,1787593127501.3289,False,,,2,OP1,C2_WIFI_CARGA_MEDIA,N3
,0.387,0.353,0.602,1.0,,1787593127542.5771,26.07,9.04,11.18,0.35,1787593127542.5771,False,,,2,OP1,C2_WIFI_CARGA_MEDIA,N3
,0.391,0.355,0.613,1.0,,1787593127565.5105,26.455,8.72,11.3,0.35,1787593127567.525,False,,,2,OP1,C2_WIFI_CARGA_MEDIA,N3
,0.394,0.357,0.62,1.0,,1787593127610.4111,26.7,8.48,11.42,0.35,1787593127611.094,False,,,2,OP1,C2_WIFI_CARGA_MEDIA,N3
,0.397,0.359,0.624,1.0,,1787593127636.1145,26.84,8.24,11.54,0.35,1787593127636.1145,False,,,2,OP1,C2_WIFI_CARGA_MEDIA,N3
,0.401,0.359,0.626,1.0,,1787593127663.256,26.91,7.92,11.54,0.35,1787593127664.2576,False,,,2,OP1,C2_WIFI_CARGA_MEDIA,N3
,0.404,0.359,0.626,1.0,,1787593127696.2776,26.91,7.68,11.54,0.35,1787593127696.7925,False,,,2,OP1,C2_WIFI_CARGA_MEDIA,N3
,0.405,0.359,0.625,1.0,,1787593127742.733,26.875,7.6,11.54,0.35,1787593127742.733,False,,,2,OP1,C2_WIFI_CARGA_MEDIA,N3
,0.405,0.358,0.624,1.0,,1787593127763.3953,26.84,7.6,11.48,0.35,1787593127765.391,False,,,2,OP1,C2_WIFI_CARGA_MEDIA,N3
,0.405,0.358,0.622,1.0,,1787593127806.1345,26.77,7.6,11.48,0.35,1787593127806.1345,False,,,2,OP1,C2_WIFI_CARGA_MEDIA,N3
,0.404,0.358,0.621,1.0,,1787593127833.9363,26.735,7.68,11.48,0.35,1787593127835.9468,False,,,2,OP1,C2_WIFI_CARGA_MEDIA,N3
,0.404,0.358,0.62,1.0,,1787593127862.248,26.7,7.68,11.48,0.35,1787593127862.248,False,,,2,OP1,C2_WIFI_CARGA_MEDIA,N3
,0.404,0.358,0.622,1.0,,1787593128006.113,26.77,7.68,11.48,0.35,1787593128008.62,False,,,2,OP1,C2_WIFI_CARGA_MEDIA,N3
,0.395,0.361,0.664,1.0,,1787593128032.262,28.24,8.4,11.66,0.35,1787593128032.262,False,,,2,OP1,C2_WIFI_CARGA_MEDIA,N3
,0.392,0.359,0.668,1.0,,1787593128068.9932,28.38,8.64,11.54,0.35,1787593128071.0027,False,,,2,OP1,C2_WIFI_CARGA_MEDIA,N3
,0.391,0.358,0.669,1.0,,1787593128139.6968,28.415,8.72,11.48,0.35,1787593128139.6968,False,,,2,OP1,C2_WIFI_CARGA_MEDIA,N3
,0.389,0.356,0.67,1.0,,1787593128165.3982,28.45,8.88,11.36,0.35,1787593128167.4097,False,,,2,OP1,C2_WIFI_CARGA_MEDIA,N3
,0.385,0.354,0.679,1.0,,1787593128211.8362,28.765,9.2,11.24,0.35,1787593128211.8362,False,,,2,OP1,C2_WIFI_CARGA_MEDIA,N3
,0.382,0.353,0.687,1.0,,1787593128245.4963,29.045,9.44,11.18,0.35,1787593128246.057,False,,,2,OP1,C2_WIFI_CARGA_MEDIA,N3
,0.38,0.352,0.693,1.0,,1787593128282.3948,29.255,9.6,11.12,0.35,1787593128284.0588,False,,,2,OP1,C2_WIFI_CARGA_MEDIA,N3
,0.376,0.352,0.706,1.0,,1787593128337.684,29.71,9.92,11.12,0.35,1787593128337.684,False,,,2,OP1,C2_WIFI_CARGA_MEDIA,N3
,0.372,0.353,0.715,1.0,,1787593128383.2205,30.025,10.24,11.18,0.35,1787593128383.2205,False,,,2,OP1,C2_WIFI_CARGA_MEDIA,N3
,0.361,0.352,0.737,1.0,,1787593128447.2812,30.795,11.12,11.12,0.35,1787593128448.88,False,,,2,OP1,C2_WIFI_CARGA_MEDIA,N3
,0.354,0.352,0.75,1.0,,1787593128471.6687,31.25,11.68,11.12,0.35,1787593128471.6687,False,,,2,OP1,C2_WIFI_CARGA_MEDIA,N3
,0.347,0.35,0.758,1.0,,1787593128502.8486,31.53,12.24,11.0,0.35,1787593128504.748,False,,,2,OP1,C2_WIFI_CARGA_MEDIA,N3
,0.34,0.349,0.767,1.0,,1787593128669.9182,31.845,12.8,10.94,0.35,1787593128671.9329,False,,,2,OP1,C2_WIFI_CARGA_MEDIA,N3
,0.323,0.351,0.806,1.0,,1787593128696.9558,33.21,14.16,11.06,0.35,1787593128700.1382,False,,,2,OP1,C2_WIFI_CARGA_MEDIA,N3
,0.322,0.355,0.814,1.0,,1787593128716.995,33.49,14.24,11.3,0.35,1787593128716.995,False,,,2,OP1,C2_WIFI_CARGA_MEDIA,N3
,0.319,0.358,0.83,1.0,,1787593128781.3347,34.05,14.48,11.48,0.35,1787593128781.3347,False,,,2,OP1,C2_WIFI_CARGA_MEDIA,N3
,0.318,0.358,0.836,1.0,,1787593128821.2974,34.26,14.56,11.48,0.35,1787593128821.2974,False,,,2,OP1,C2_WIFI_CARGA_MEDIA,N3
,0.317,0.358,0.838,1.0,,1787593128855.4824,34.33,14.64,11.48,0.35,1787593128857.258,False,,,2,OP1,C2_WIFI_CARGA_MEDIA,N3
,0.316,0.356,0.84,1.0,,1787593128891.873,34.4,14.72,11.36,0.35,1787593128891.873,False,,,2,OP1,C2_WIFI_CARGA_MEDIA,N3
,0.309,0.35,0.845,1.0,,1787593128946.7876,34.575,15.28,11.0,0.35,1787593128946.7876,False,,,2,OP1,C2_WIFI_CARGA_MEDIA,N3
,0.3,0.34,0.855,1.0,,1787593128996.946,34.925,16.0,10.4,0.35,1787593128996.946,False,,,2,OP1,C2_WIFI_CARGA_MEDIA,N3
,0.291,0.331,0.866,1.0,,1787593129174.2625,35.31,16.72,9.86,0.35,1787593129175.256,False,,,2,OP1,C2_WIFI_CARGA_MEDIA,N3
,0.261,0.312,0.897,1.0,,1787593129215.4932,36.395,19.12,8.72,0.35,1787593129216.4602,False,,,2,OP1,C2_WIFI_CARGA_MEDIA,N3
,0.255,0.309,0.901,1.0,,1787593129247.638,36.535,19.6,8.54,0.35,1787593129257.7852,False,,,2,OP1,C2_WIFI_CARGA_MEDIA,N3
,0.242,0.3,0.909,1.0,,1787593129306.0918,36.815,20.64,8.0,0.35,1787593129306.0918,False,,,2,OP1,C2_WIFI_CARGA_MEDIA,N3
,0.235,0.296,0.91,1.0,,1787593129462.6697,36.85,21.2,7.76,0.35,1787593129462.6697,False,,,2,OP1,C2_WIFI_CARGA_MEDIA,N3
,0.22,0.291,0.906,1.0,,1787593129506.3955,36.71,22.4,7.46,0.35,1787593129506.3955,False,,,2,OP1,C2_WIFI_CARGA_MEDIA,N3
,0.217,0.29,0.907,1.0,,1787593129532.8872,36.745,22.64,7.4,0.35,1787593129532.8872,False,,,2,OP1,C2_WIFI_CARGA_MEDIA,N3
,0.212,0.288,0.907,1.0,,1787593129575.5027,36.745,23.04,7.28,0.35,1787593129576.1973,False,,,2,OP1,C2_WIFI_CARGA_MEDIA,N3
,0.211,0.287,0.906,1.0,,1787593129618.2986,36.71,23.12,7.22,0.35,1787593129620.3054,False,,,2,OP1,C2_WIFI_CARGA_MEDIA,N3
,0.21,0.287,0.904,1.0,,1787593129663.882,36.64,23.2,7.22,0.35,1787593129674.3386,False,,,2,OP1,C2_WIFI_CARGA_MEDIA,N3
,0.21,0.285,0.904,1.0,,1787593129728.2595,36.64,23.2,7.1,0.35,1787593129729.257,False,,,2,OP1,C2_WIFI_CARGA_MEDIA,N3
,0.21,0.284,0.902,1.0,,1787593129771.345,36.57,23.2,7.04,0.35,1787593129771.345,False,,,2,OP1,C2_WIFI_CARGA_MEDIA,N3
,0.21,0.284,0.901,1.0,,1787593129811.2854,36.535,23.2,7.04,0.35,1787593129814.3247,False,,,2,OP1,C2_WIFI_CARGA_MEDIA,N3
,0.209,0.282,0.898,1.0,,1787593129861.2524,36.43,23.28,6.92,0.35,1787593129861.2524,False,,,2,OP1,C2_WIFI_CARGA_MEDIA,N3
,0.209,0.282,0.897,1.0,,1787593129882.3582,36.395,23.28,6.92,0.35,1787593129883.6638,False,,,2,OP1,C2_WIFI_CARGA_MEDIA,N3
,0.209,0.281,0.895,1.0,,1787593129923.0815,36.325,23.28,6.86,0.35,1787593129923.0815,False,,,2,OP1,C2_WIFI_CARGA_MEDIA,N3
,0.209,0.279,0.89,1.0,,1787593129964.4624,36.15,23.28,6.74,0.35,1787593129981.6367,False,,,2,OP1,C2_WIFI_CARGA_MEDIA,N3
,0.209,0.278,0.882,1.0,,1787593130031.0156,35.87,23.28,6.68,0.35,1787593130031.0156,False,,,2,OP1,C2_WIFI_CARGA_MEDIA,N3
,0.211,0.277,0.876,1.0,,1787593130057.4536,35.66,23.12,6.62,0.35,1787593130057.4536,False,,,2,OP1,C2_WIFI_CARGA_MEDIA,N3
,0.215,0.275,0.866,1.0,,1787593130081.0493,35.31,22.8,6.5,0.35,1787593130081.0493,False,,,2,OP1,C2_WIFI_CARGA_MEDIA,N3
,0.22,0.274,0.855,1.0,,1787593130118.74,34.925,22.4,6.44,0.35,1787593130120.7498,False,,,2,OP1,C2_WIFI_CARGA_MEDIA,N3
,0.231,0.273,0.824,1.0,,1787593130158.533,33.84,21.52,6.38,0.35,1787593130158.533,False,,,2,OP1,C2_WIFI_CARGA_MEDIA,N3
,0.237,0.273,0.805,1.0,,1787593130182.1938,33.175,21.04,6.38,0.35,1787593130184.2026,False,,,2,OP1,C2_WIFI_CARGA_MEDIA,N3
,0.242,0.273,0.781,1.0,,1787593130217.371,32.335,20.64,6.38,0.35,1787593130217.371,False,,,2,OP1,C2_WIFI_CARGA_MEDIA,N3
,0.247,0.274,0.767,1.0,,1787593130258.295,31.845,20.24,6.44,0.35,1787593130259.3147,False,,,2,OP1,C2_WIFI_CARGA_MEDIA,N3
,0.249,0.275,0.758,1.0,,1787593130285.0825,31.53,20.08,6.5,0.35,1787593130286.0154,False,,,2,OP1,C2_WIFI_CARGA_MEDIA,N3
,0.25,0.281,0.747,1.0,,1787593130333.6672,31.145,20.0,6.86,0.35,1787593130333.6672,False,,,2,OP1,C2_WIFI_CARGA_MEDIA,N3
,0.25,0.286,0.74,1.0,,1787593130360.0652,30.9,20.0,7.16,0.35,1787593130360.0652,False,,,2,OP1,C2_WIFI_CARGA_MEDIA,N3
,0.251,0.29,0.734,1.0,,1787593130395.9578,30.69,19.92,7.4,0.35,1787593130397.0205,False,,,2,OP1,C2_WIFI_CARGA_MEDIA,N3
,0.251,0.294,0.73,1.0,,1787593130416.8936,30.55,19.92,7.64,0.35,1787593130416.8936,False,,,2,OP1,C2_WIFI_CARGA_MEDIA,N3
,0.251,0.298,0.727,1.0,,1787593130646.8826,30.445,19.92,7.88,0.35,1787593130650.525,False,,,2,OP1,C2_WIFI_CARGA_MEDIA,N3
,0.245,0.322,0.721,1.0,,1787593130698.277,30.235,20.4,9.32,0.35,1787593130698.277,False,,,2,OP1,C2_WIFI_CARGA_MEDIA,N3
,0.244,0.322,0.72,1.0,,1787593130730.4255,30.2,20.48,9.32,0.35,1787593130732.432,False,,,2,OP1,C2_WIFI_CARGA_MEDIA,N3
,0.242,0.323,0.718,1.0,,1787593130758.0872,30.13,20.64,9.38,0.35,1787593130758.7288,False,,,2,OP1,C2_WIFI_CARGA_MEDIA,N3
,0.24,0.323,0.717,1.0,,1787593130786.128,30.095,20.8,9.38,0.35,1787593130787.1433,False,,,2,OP1,C2_WIFI_CARGA_MEDIA,N3
,0.239,0.324,0.714,1.0,,1787593130826.4114,29.99,20.88,9.44,0.35,1787593130826.4114,False,,,2,OP1,C2_WIFI_CARGA_MEDIA,N3
,0.238,0.325,0.714,1.0,,1787593130853.6377,29.99,20.96,9.5,0.35,1787593130855.756,False,,,2,OP1,C2_WIFI_CARGA_MEDIA,N3
,0.237,0.325,0.713,1.0,,1787593130897.176,29.955,21.04,9.5,0.35,1787593130897.176,False,,,2,OP1,C2_WIFI_CARGA_MEDIA,N3
,0.235,0.326,0.714,1.0,,1787593130925.3325,29.99,21.2,9.56,0.35,1787593130927.3433,False,,,2,OP1,C2_WIFI_CARGA_MEDIA,N3
,0.234,0.326,0.714,1.0,,1787593131107.1455,29.99,21.28,9.56,0.35,1787593131107.1455,False,,,2,OP1,C2_WIFI_CARGA_MEDIA,N3
,0.232,0.325,0.708,1.0,,1787593131134.621,29.78,21.44,9.5,0.35,1787593131134.621,False,,,2,OP1,C2_WIFI_CARGA_MEDIA,N3
,0.232,0.324,0.707,1.0,,1787593131166.361,29.745,21.44,9.44,0.35,1787593131167.4126,False,,,2,OP1,C2_WIFI_CARGA_MEDIA,N3
,0.232,0.324,0.706,1.0,,1787593131200.9722,29.71,21.44,9.44,0.35,1787593131200.9722,False,,,2,OP1,C2_WIFI_CARGA_MEDIA,N3
,0.233,0.323,0.706,1.0,,1787593131231.703,29.71,21.36,9.38,0.35,1787593131232.2207,False,,,2,OP1,C2_WIFI_CARGA_MEDIA,N3
,0.234,0.323,0.707,1.0,,1787593131259.1714,29.745,21.28,9.38,0.35,1787593131259.708,False,,,2,OP1,C2_WIFI_CARGA_MEDIA,N3
,0.234,0.322,0.707,1.0,,1787593131301.774,29.745,21.28,9.32,0.35,1787593131302.339,False,,,2,OP1,C2_WIFI_CARGA_MEDIA,N3
,0.235,0.321,0.708,1.0,,1787593131328.3513,29.78,21.2,9.26,0.35,1787593131328.3513,False,,,2,OP1,C2_WIFI_CARGA_MEDIA,N3
,0.237,0.319,0.709,1.0,,1787593131370.3828,29.815,21.04,9.14,0.35,1787593131370.3828,False,,,2,OP1,C2_WIFI_CARGA_MEDIA,N3
,0.239,0.317,0.709,1.0,,1787593131527.43,29.815,20.88,9.02,0.35,1787593131529.551,False,,,2,OP1,C2_WIFI_CARGA_MEDIA,N3
,0.274,0.298,0.722,1.0,,1787593131565.437,30.27,18.08,7.88,0.35,1787593131566.4016,False,,,2,OP1,C2_WIFI_CARGA_MEDIA,N3
,0.279,0.295,0.718,1.0,,1787593131605.7026,30.13,17.68,7.7,0.35,1787593131605.7026,False,,,2,OP1,C2_WIFI_CARGA_MEDIA,N3
,0.28,0.292,0.715,1.0,,1787593131629.1013,30.025,17.6,7.52,0.35,1787593131630.0315,False,,,2,OP1,C2_WIFI_CARGA_MEDIA,N3
,0.281,0.288,0.713,1.0,,1787593131671.6577,29.955,17.52,7.28,0.35,1787593131671.6577,False,,,2,OP1,C2_WIFI_CARGA_MEDIA,N3
,0.282,0.284,0.711,1.0,,1787593131703.0957,29.885,17.44,7.04,0.35,1787593131703.0957,False,,,2,OP1,C2_WIFI_CARGA_MEDIA,N3
,0.283,0.281,0.71,1.0,,1787593131727.437,29.85,17.36,6.86,0.35,1787593131729.6433,False,,,2,OP1,C2_WIFI_CARGA_MEDIA,N3
,0.282,0.28,0.709,1.0,,1787593131872.7734,29.815,17.44,6.8,0.35,1787593131873.4446,False,,,2,OP1,C2_WIFI_CARGA_MEDIA,N3
,0.278,0.268,0.724,1.0,,1787593131900.425,30.34,17.76,6.08,0.35,1787593131900.425,False,,,2,OP1,C2_WIFI_CARGA_MEDIA,N3
,0.277,0.265,0.728,1.0,,1787593131924.6267,30.48,17.84,5.9,0.35,1787593131924.6267,False,,,2,OP1,C2_WIFI_CARGA_MEDIA,N3
,0.277,0.263,0.731,1.0,,1787593131967.2258,30.585,17.84,5.78,0.35,1787593131967.2258,False,,,2,OP1,C2_WIFI_CARGA_MEDIA,N3
,0.277,0.262,0.732,1.0,,1787593132007.9658,30.62,17.84,5.72,0.35,1787593132007.9658,False,,,2,OP1,C2_WIFI_CARGA_MEDIA,N3
,0.277,0.262,0.733,1.0,,1787593132030.516,30.655,17.84,5.72,0.35,1787593132031.6216,False,,,2,OP1,C2_WIFI_CARGA_MEDIA,N3
,0.277,0.261,0.733,1.0,,1787593132068.0393,30.655,17.84,5.66,0.35,1787593132068.0393,False,,,2,OP1,C2_WIFI_CARGA_MEDIA,N3
,0.278,0.258,0.735,1.0,,1787593132104.3848,30.725,17.76,5.48,0.35,1787593132104.3848,False,,,2,OP1,C2_WIFI_CARGA_MEDIA,N3
,0.279,0.256,0.735,1.0,,1787593132130.9895,30.725,17.68,5.36,0.35,1787593132130.9895,False,,,2,OP1,C2_WIFI_CARGA_MEDIA,N3
,0.279,0.254,0.735,1.0,,1787593132177.189,30.725,17.68,5.24,0.35,1787593132177.189,False,,,2,OP1,C2_WIFI_CARGA_MEDIA,N3
,0.279,0.253,0.735,1.0,,1787593132206.9392,30.725,17.68,5.18,0.35,1787593132206.9392,False,,,2,OP1,C2_WIFI_CARGA_MEDIA,N3
,0.28,0.252,0.734,1.0,,1787593132232.7202,30.69,17.6,5.12,0.35,1787593132235.1592,False,,,2,OP1,C2_WIFI_CARGA_MEDIA,N3
,0.285,0.249,0.729,1.0,,1787593132277.7903,30.515,17.2,4.94,0.35,1787593132277.7903,False,,,2,OP1,C2_WIFI_CARGA_MEDIA,N3
,0.287,0.248,0.725,1.0,,1787593132309.8015,30.375,17.04,4.88,0.35,1787593132309.8015,False,,,2,OP1,C2_WIFI_CARGA_MEDIA,N3
,0.288,0.249,0.724,1.0,,1787593132338.85,30.34,16.96,4.94,0.35,1787593132338.85,False,,,2,OP1,C2_WIFI_CARGA_MEDIA,N3
,0.289,0.249,0.724,1.0,,1787593132373.0286,30.34,16.88,4.94,0.35,1787593132374.028,False,,,2,OP1,C2_WIFI_CARGA_MEDIA,N3
,0.289,0.249,0.725,1.0,,1787593132401.2708,30.375,16.88,4.94,0.35,1787593132401.2708,False,,,2,OP1,C2_WIFI_CARGA_MEDIA,N3
,0.291,0.251,0.727,1.0,,1787593132438.65,30.445,16.72,5.06,0.35,1787593132438.65,False,,,2,OP1,C2_WIFI_CARGA_MEDIA,N3
,0.291,0.253,0.731,1.0,,1787593132466.187,30.585,16.72,5.18,0.35,1787593132466.187,False,,,2,OP1,C2_WIFI_CARGA_MEDIA,N3
,0.292,0.255,0.744,1.0,,1787593132513.104,31.04,16.64,5.3,0.35,1787593132514.6182,False,,,2,OP1,C2_WIFI_CARGA_MEDIA,N3
,0.291,0.257,0.758,1.0,,1787593132540.6946,31.53,16.72,5.42,0.35,1787593132540.6946,False,,,2,OP1,C2_WIFI_CARGA_MEDIA,N3
,0.287,0.256,0.79,1.0,,1787593132579.7532,32.65,17.04,5.36,0.35,1787593132579.7532,False,,,2,OP1,C2_WIFI_CARGA_MEDIA,N3
,0.285,0.256,0.801,1.0,,1787593132622.881,33.035,17.2,5.36,0.35,1787593132622.881,False,,,2,OP1,C2_WIFI_CARGA_MEDIA,N3
,0.284,0.254,0.811,1.0,,1787593132647.2832,33.385,17.28,5.24,0.35,1787593132652.7527,False,,,2,OP1,C2_WIFI_CARGA_MEDIA,N3
,0.285,0.251,0.831,1.0,,1787593132698.967,34.085,17.2,5.06,0.35,1787593132698.967,False,,,2,OP1,C2_WIFI_CARGA_MEDIA,N3
,0.286,0.251,0.839,1.0,,1787593132724.502,34.365,17.12,5.06,0.35,1787593132725.8235,False,,,2,OP1,C2_WIFI_CARGA_MEDIA,N3
,0.288,0.251,0.847,1.0,,1787593132762.9492,34.645,16.96,5.06,0.35,1787593132762.9492,False,,,2,OP1,C2_WIFI_CARGA_MEDIA,N3
,0.292,0.249,0.86,1.0,,1787593132815.8545,35.1,16.64,4.94,0.35,1787593132821.6694,False,,,2,OP1,C2_WIFI_CARGA_MEDIA,N3
,0.295,0.248,0.866,1.0,,1787593132882.8582,35.31,16.4,4.88,0.35,1787593132882.8582,False,,,2,OP1,C2_WIFI_CARGA_MEDIA,N3
,0.297,0.246,0.864,1.0,,1787593132930.1543,35.24,16.24,4.76,0.35,1787593132932.4766,False,,,2,OP1,C2_WIFI_CARGA_MEDIA,N3
,0.303,0.24,0.856,1.0,,1787593132970.1997,34.96,15.76,4.4,0.35,1787593132970.1997,False,,,2,OP1,C2_WIFI_CARGA_MEDIA,N3
,0.307,0.236,0.851,1.0,,1787593133013.9517,34.785,15.44,4.16,0.35,1787593133015.9695,False,,,2,OP1,C2_WIFI_CARGA_MEDIA,N3
,0.313,0.229,0.844,1.0,,1787593133051.6096,34.54,14.96,3.74,0.35,1787593133051.6096,False,,,2,OP1,C2_WIFI_CARGA_MEDIA,N3
,0.316,0.227,0.842,1.0,,1787593133097.0327,34.47,14.72,3.62,0.35,1787593133097.0327,False,,,2,OP1,C2_WIFI_CARGA_MEDIA,N3
,0.318,0.225,0.841,1.0,,1787593133119.9165,34.435,14.56,3.5,0.35,1787593133121.9346,False,,,2,OP1,C2_WIFI_CARGA_MEDIA,N3
,0.318,0.225,0.84,1.0,,1787593133147.0112,34.4,14.56,3.5,0.35,1787593133155.278,False,,,2,OP1,C2_WIFI_CARGA_MEDIA,N3
,0.318,0.224,0.84,1.0,,1787593133168.7832,34.4,14.56,3.44,0.35,1787593133168.7832,False,,,2,OP1,C2_WIFI_CARGA_MEDIA,N3
,0.318,0.224,0.841,1.0,,1787593133209.1653,34.435,14.56,3.44,0.35,1787593133210.1416,False,,,2,OP1,C2_WIFI_CARGA_MEDIA,N3
,0.316,0.224,0.845,1.0,,1787593133247.5566,34.575,14.72,3.44,0.35,1787593133247.5566,False,,,2,OP1,C2_WIFI_CARGA_MEDIA,N3
,0.314,0.223,0.85,1.0,,1787593133275.5366,34.75,14.88,3.38,0.35,1787593133275.5366,False,,,2,OP1,C2_WIFI_CARGA_MEDIA,N3
,0.312,0.223,0.856,1.0,,1787593133318.5356,34.96,15.04,3.38,0.35,1787593133318.5356,False,,,2,OP1,C2_WIFI_CARGA_MEDIA,N3
,0.306,0.223,0.862,1.0,,1787593133374.7124,35.17,15.52,3.38,0.35,1787593133376.7202,False,,,2,OP1,C2_WIFI_CARGA_MEDIA,N3
,0.304,0.222,0.866,1.0,,1787593133403.804,35.31,15.68,3.32,0.35,1787593133403.804,False,,,2,OP1,C2_WIFI_CARGA_MEDIA,N3
,0.302,0.222,0.87,1.0,,1787593133429.5137,35.45,15.84,3.32,0.35,1787593133431.5,False,,,2,OP1,C2_WIFI_CARGA_MEDIA,N3
,0.3,0.22,0.875,1.0,,1787593133480.531,35.625,16.0,3.2,0.35,1787593133480.531,False,,,2,OP1,C2_WIFI_CARGA_MEDIA,N3
,0.299,0.219,0.878,1.0,,1787593133511.4453,35.73,16.08,3.14,0.35,1787593133516.4846,False,,,2,OP1,C2_WIFI_CARGA_MEDIA,N3
,0.298,0.217,0.879,1.0,,1787593133570.7122,35.765,16.16,3.02,0.35,1787593133571.8054,False,,,2,OP1,C2_WIFI_CARGA_MEDIA,N3
,0.294,0.215,0.874,1.0,,1787593133624.9563,35.59,16.48,2.9,0.35,1787593133626.9702,False,,,2,OP1,C2_WIFI_CARGA_MEDIA,N3
,0.286,0.212,0.869,1.0,,1787593133682.0063,35.415,17.12,2.72,0.35,1787593133682.0063,False,,,2,OP1,C2_WIFI_CARGA_MEDIA,N3
,0.282,0.21,0.87,1.0,,1787593133710.0068,35.45,17.44,2.6,0.35,1787593133712.0232,False,,,2,OP1,C2_WIFI_CARGA_MEDIA,N3
,0.276,0.207,0.872,1.0,,1787593133739.61,35.52,17.92,2.42,0.35,1787593133739.61,False,,,2,OP1,C2_WIFI_CARGA_MEDIA,N3
,0.258,0.199,0.891,1.0,,1787593133789.8125,36.185,19.36,1.94,0.35,1787593133789.8125,False,,,2,OP1,C2_WIFI_CARGA_MEDIA,N3
,0.251,0.197,0.902,1.0,,1787593133821.4412,36.57,19.92,1.82,0.35,1787593133821.4412,False,,,2,OP1,C2_WIFI_CARGA_MEDIA,N3
,0.245,0.196,0.909,1.0,,1787593133845.074,36.815,20.4,1.76,0.35,1787593133847.047,False,,,2,OP1,C2_WIFI_CARGA_MEDIA,N3
,0.241,0.193,0.915,1.0,,1787593133874.4482,37.025,20.72,1.58,0.35,1787593133874.4482,False,,,2,OP1,C2_WIFI_CARGA_MEDIA,N3
,0.234,0.191,0.925,1.0,,1787593133920.6528,37.375,21.28,1.46,0.35,1787593133930.2725,False,,,2,OP1,C2_WIFI_CARGA_MEDIA,N3
,0.23,0.191,0.933,1.0,,1787593133947.2131,37.655,21.6,1.46,0.35,1787593133948.3452,False,,,2,OP1,C2_WIFI_CARGA_MEDIA,N3
,0.227,0.192,0.935,1.0,,1787593133980.246,37.725,21.84,1.52,0.35,1787593133980.246,False,,,2,OP1,C2_WIFI_CARGA_MEDIA,N3
,0.222,0.195,0.938,1.0,,1787593134028.8374,37.83,22.24,1.7,0.35,1787593134044.5654,False,,,2,OP1,C2_WIFI_CARGA_MEDIA,N3
,0.218,0.198,0.943,1.0,,1787593134090.9983,38.005,22.56,1.88,0.35,1787593134096.9722,False,,,2,OP1,C2_WIFI_CARGA_MEDIA,N3
,0.215,0.201,0.945,1.0,,1787593134118.8906,38.075,22.8,2.06,0.35,1787593134118.8906,False,,,2,OP1,C2_WIFI_CARGA_MEDIA,N3
,0.213,0.202,0.946,1.0,,1787593134141.5188,38.11,22.96,2.12,0.35,1787593134144.1206,False,,,2,OP1,C2_WIFI_CARGA_MEDIA,N3
,0.213,0.203,0.946,1.0,,1787593134180.2458,38.11,22.96,2.18,0.35,1787593134180.2458,False,,,2,OP1,C2_WIFI_CARGA_MEDIA,N3
,0.212,0.205,0.946,1.0,,1787593134225.2043,38.11,23.04,2.3,0.35,1787593134225.2043,False,,,2,OP1,C2_WIFI_CARGA_MEDIA,N3
,0.211,0.205,0.945,1.0,,1787593134251.2236,38.075,23.12,2.3,0.35,1787593134251.2236,False,,,2,OP1,C2_WIFI_CARGA_MEDIA,N3
,0.211,0.206,0.945,1.0,,1787593134292.1562,38.075,23.12,2.36,0.35,1787593134292.1562,False,,,2,OP1,C2_WIFI_CARGA_MEDIA,N3
,0.211,0.206,0.944,1.0,,1787593134323.4517,38.04,23.12,2.36,0.35,1787593134323.4517,False,,,2,OP1,C2_WIFI_CARGA_MEDIA,N3
,0.21,0.206,0.945,1.0,,1787593134350.956,38.075,23.2,2.36,0.35,1787593134351.9866,False,,,2,OP1,C2_WIFI_CARGA_MEDIA,N3
,0.209,0.205,0.944,1.0,,1787593134378.993,38.04,23.28,2.3,0.35,1787593134378.993,False,,,2,OP1,C2_WIFI_CARGA_MEDIA,N3
,0.208,0.205,0.944,1.0,,1787593134421.4548,38.04,23.36,2.3,0.35,1787593134421.4548,False,,,2,OP1,C2_WIFI_CARGA_MEDIA,N3
,0.208,0.204,0.943,1.0,,1787593134453.7617,38.005,23.36,2.24,0.35,1787593134454.8616,False,,,2,OP1,C2_WIFI_CARGA_MEDIA,N3
,0.207,0.204,0.942,1.0,,1787593134489.9097,37.97,23.44,2.24,0.35,1787593134490.9092,False,,,2,OP1,C2_WIFI_CARGA_MEDIA,N3
,0.206,0.203,0.943,1.0,,1787593134517.8606,38.005,23.52,2.18,0.35,1787593134518.8608,False,,,2,OP1,C2_WIFI_CARGA_MEDIA,N3
,0.205,0.203,0.941,1.0,,1787593134551.438,37.935,23.6,2.18,0.35,1787593134553.3708,False,,,2,OP1,C2_WIFI_CARGA_MEDIA,N3
,0.205,0.204,0.941,1.0,,1787593134596.8467,37.935,23.6,2.24,0.35,1787593134596.8467,False,,,2,OP1,C2_WIFI_CARGA_MEDIA,N3
,0.206,0.203,0.942,1.0,,1787593134628.4314,37.97,23.52,2.18,0.35,1787593134628.4314,False,,,2,OP1,C2_WIFI_CARGA_MEDIA,N3
,0.206,0.203,0.942,1.0,,1787593134651.1238,37.97,23.52,2.18,0.35,1787593134652.182,False,,,2,OP1,C2_WIFI_CARGA_MEDIA,N3
,0.207,0.203,0.941,1.0,,1787593134685.6504,37.935,23.44,2.18,0.35,1787593134686.6626,False,,,2,OP1,C2_WIFI_CARGA_MEDIA,N3
,0.213,0.2,0.933,1.0,,1787593134722.8235,37.655,22.96,2.0,0.35,1787593134722.8235,False,,,2,OP1,C2_WIFI_CARGA_MEDIA,N3
,0.218,0.2,0.924,1.0,,1787593134750.9,37.34,22.56,2.0,0.35,1787593134753.0142,False,,,2,OP1,C2_WIFI_CARGA_MEDIA,N3
,0.223,0.2,0.913,1.0,,1787593134786.168,36.955,22.16,2.0,0.35,1787593134787.1272,False,,,2,OP1,C2_WIFI_CARGA_MEDIA,N3
,0.226,0.203,0.9,1.0,,1787593134822.82,36.5,21.92,2.18,0.35,1787593134824.8325,False,,,2,OP1,C2_WIFI_CARGA_MEDIA,N3
,0.23,0.204,0.888,1.0,,1787593134846.8928,36.08,21.6,2.24,0.35,1787593134852.4626,False,,,2,OP1,C2_WIFI_CARGA_MEDIA,N3
,0.242,0.208,0.865,1.0,,1787593134886.5388,35.275,20.64,2.48,0.35,1787593134887.5908,False,,,2,OP1,C2_WIFI_CARGA_MEDIA,N3
,0.247,0.209,0.859,1.0,,1787593134924.9658,35.065,20.24,2.54,0.35,1787593134924.9658,False,,,2,OP1,C2_WIFI_CARGA_MEDIA,N3
,0.252,0.21,0.858,1.0,,1787593134953.9832,35.03,19.84,2.6,0.35,1787593134954.7898,False,,,2,OP1,C2_WIFI_CARGA_MEDIA,N3
,0.254,0.213,0.854,1.0,,1787593134991.095,34.89,19.68,2.78,0.35,1787593134992.4055,False,,,2,OP1,C2_WIFI_CARGA_MEDIA,N3
,0.255,0.217,0.846,1.0,,1787593135031.1765,34.61,19.6,3.02,0.35,1787593135031.1765,False,,,2,OP1,C2_WIFI_CARGA_MEDIA,N3
,0.255,0.219,0.844,1.0,,1787593135058.5212,34.54,19.6,3.14,0.35,1787593135058.5212,False,,,2,OP1,C2_WIFI_CARGA_MEDIA,N3
,0.253,0.222,0.836,1.0,,1787593135098.5183,34.26,19.76,3.32,0.35,1787593135098.5183,False,,,2,OP1,C2_WIFI_CARGA_MEDIA,N3
,0.25,0.226,0.823,1.0,,1787593135129.0962,33.805,20.0,3.56,0.35,1787593135131.1038,False,,,2,OP1,C2_WIFI_CARGA_MEDIA,N3
,0.246,0.23,0.806,1.0,,1787593135153.983,33.21,20.32,3.8,0.35,1787593135156.2349,False,,,2,OP1,C2_WIFI_CARGA_MEDIA,N3
,0.238,0.237,0.79,1.0,,1787593135187.6843,32.65,20.96,4.22,0.35,1787593135187.6843,False,,,2,OP1,C2_WIFI_CARGA_MEDIA,N3
,0.227,0.246,0.769,1.0,,1787593135235.4287,31.915,21.84,4.76,0.35,1787593135235.4287,False,,,2,OP1,C2_WIFI_CARGA_MEDIA,N3
,0.22,0.252,0.752,1.0,,1787593135256.6692,31.32,22.4,5.12,0.35,1787593135256.6692,False,,,2,OP1,C2_WIFI_CARGA_MEDIA,N3
,0.214,0.257,0.734,1.0,,1787593135297.079,30.69,22.88,5.42,0.35,1787593135297.079,False,,,2,OP1,C2_WIFI_CARGA_MEDIA,N3
,0.21,0.262,0.716,1.0,,1787593135326.7273,30.06,23.2,5.72,0.35,1787593135326.7273,False,,,2,OP1,C2_WIFI_CARGA_MEDIA,N3
,0.199,0.272,0.695,1.0,,1787593135366.3884,29.325,24.08,6.32,0.35,1787593135366.3884,False,,,2,OP1,C2_WIFI_CARGA_MEDIA,N3
,0.199,0.272,0.694,1.0,,1787593135405.0452,29.29,24.08,6.32,0.35,1787593135405.0452,False,,,2,OP1,C2_WIFI_CARGA_MEDIA,N3
,0.199,0.271,0.694,1.0,,1787593135429.3833,29.29,24.08,6.26,0.35,1787593135429.3833,False,,,2,OP1,C2_WIFI_CARGA_MEDIA,N3
,0.199,0.271,0.692,1.0,,1787593135602.8423,29.22,24.08,6.26,0.35,1787593135602.8423,False,,,2,OP1,C2_WIFI_CARGA_MEDIA,N3
,0.204,0.272,0.683,1.0,,1787593135629.438,28.905,23.68,6.32,0.35,1787593135631.4497,False,,,2,OP1,C2_WIFI_CARGA_MEDIA,N3
,0.204,0.274,0.682,1.0,,1787593135658.9744,28.87,23.68,6.44,0.35,1787593135659.9917,False,,,2,OP1,C2_WIFI_CARGA_MEDIA,N3
,0.205,0.277,0.679,1.0,,1787593135696.8408,28.765,23.6,6.62,0.35,1787593135696.8408,False,,,2,OP1,C2_WIFI_CARGA_MEDIA,N3
,0.206,0.278,0.678,1.0,,1787593135730.087,28.73,23.52,6.68,0.35,1787593135730.087,False,,,2,OP1,C2_WIFI_CARGA_MEDIA,N3
,0.207,0.278,0.678,1.0,,1787593135760.5977,28.73,23.44,6.68,0.35,1787593135761.598,False,,,2,OP1,C2_WIFI_CARGA_MEDIA,N3
,0.207,0.279,0.677,1.0,,1787593135797.0515,28.695,23.44,6.74,0.35,1787593135799.0645,False,,,2,OP1,C2_WIFI_CARGA_MEDIA,N3
,0.208,0.28,0.676,1.0,,1787593135846.901,28.66,23.36,6.8,0.35,1787593135846.901,False,,,2,OP1,C2_WIFI_CARGA_MEDIA,N3
,0.21,0.281,0.675,1.0,,1787593135907.1377,28.625,23.2,6.86,0.35,1787593135907.1377,False,,,2,OP1,C2_WIFI_CARGA_MEDIA,N3
,0.21,0.281,0.675,1.0,,1787593135931.463,28.625,23.2,6.86,0.35,1787593135931.463,False,,,2,OP1,C2_WIFI_CARGA_MEDIA,N3
,0.211,0.281,0.675,1.0,,1787593135961.8328,28.625,23.12,6.86,0.35,1787593135961.8328,False,,,2,OP1,C2_WIFI_CARGA_MEDIA,N3
,0.214,0.281,0.671,1.0,,1787593136105.179,28.485,22.88,6.86,0.35,1787593136105.8767,False,,,2,OP1,C2_WIFI_CARGA_MEDIA,N3
,0.262,0.27,0.635,1.0,,1787593136133.9973,27.225,19.04,6.2,0.35,1787593136133.9973,False,,,2,OP1,C2_WIFI_CARGA_MEDIA,N3
,0.282,0.267,0.623,1.0,,1787593136161.868,26.805,17.44,6.02,0.35,1787593136161.868,False,,,2,OP1,C2_WIFI_CARGA_MEDIA,N3
,0.288,0.267,0.622,1.0,,1787593136205.623,26.77,16.96,6.02,0.35,1787593136205.623,False,,,2,OP1,C2_WIFI_CARGA_MEDIA,N3
,0.291,0.266,0.62,1.0,,1787593136234.6091,26.7,16.72,5.96,0.35,1787593136234.6091,False,,,2,OP1,C2_WIFI_CARGA_MEDIA,N3
,0.295,0.264,0.62,1.0,,1787593136263.2605,26.7,16.4,5.84,0.35,1787593136264.3604,False,,,2,OP1,C2_WIFI_CARGA_MEDIA,N3
,0.299,0.261,0.618,1.0,,1787593136300.334,26.63,16.08,5.66,0.35,1787593136300.334,False,,,2,OP1,C2_WIFI_CARGA_MEDIA,N3
,0.305,0.257,0.613,1.0,,1787593136344.077,26.455,15.6,5.42,0.35,1787593136344.077,False,,,2,OP1,C2_WIFI_CARGA_MEDIA,N3
,0.307,0.256,0.613,1.0,,1787593136367.434,26.455,15.44,5.36,0.35,1787593136367.434,False,,,2,OP1,C2_WIFI_CARGA_MEDIA,N3
,0.308,0.255,0.611,1.0,,1787593136410.532,26.385,15.36,5.3,0.35,1787593136410.532,False,,,2,OP1,C2_WIFI_CARGA_MEDIA,N3
,0.308,0.256,0.609,1.0,,1787593136437.9795,26.315,15.36,5.36,0.35,1787593136437.9795,False,,,2,OP1,C2_WIFI_CARGA_MEDIA,N3
,0.309,0.256,0.61,1.0,,1787593136462.663,26.35,15.28,5.36,0.35,1787593136462.663,False,,,2,OP1,C2_WIFI_CARGA_MEDIA,N3
,0.309,0.256,0.61,1.0,,1787593136497.0007,26.35,15.28,5.36,0.35,1787593136499.0137,False,,,2,OP1,C2_WIFI_CARGA_MEDIA,N3
,0.31,0.258,0.611,1.0,,1787593136544.3765,26.385,15.2,5.48,0.35,1787593136544.3765,False,,,2,OP1,C2_WIFI_CARGA_MEDIA,N3
,0.31,0.259,0.613,1.0,,1787593136571.518,26.455,15.2,5.54,0.35,1787593136573.5288,False,,,2,OP1,C2_WIFI_CARGA_MEDIA,N3
,0.309,0.26,0.616,1.0,,1787593136600.4893,26.56,15.28,5.6,0.35,1787593136601.493,False,,,2,OP1,C2_WIFI_CARGA_MEDIA,N3
,0.309,0.261,0.617,1.0,,1787593136628.9116,26.595,15.28,5.66,0.35,1787593136628.9116,False,,,2,OP1,C2_WIFI_CARGA_MEDIA,N3
,0.307,0.263,0.621,1.0,,1787593136670.2808,26.735,15.44,5.78,0.35,1787593136670.2808,False,,,2,OP1,C2_WIFI_CARGA_MEDIA,N3
,0.306,0.264,0.623,1.0,,1787593136699.5334,26.805,15.52,5.84,0.35,1787593136701.5493,False,,,2,OP1,C2_WIFI_CARGA_MEDIA,N3
,0.304,0.265,0.626,1.0,,1787593136744.7383,26.91,15.68,5.9,0.35,1787593136744.7383,False,,,2,OP1,C2_WIFI_CARGA_MEDIA,N3
,0.303,0.266,0.63,1.0,,1787593136765.068,27.05,15.76,5.96,0.35,1787593136765.068,False,,,2,OP1,C2_WIFI_CARGA_MEDIA,N3
,0.301,0.266,0.634,1.0,,1787593136789.9282,27.19,15.92,5.96,0.35,1787593136789.9282,False,,,2,OP1,C2_WIFI_CARGA_MEDIA,N3
,0.3,0.266,0.635,1.0,,1787593136828.5264,27.225,16.0,5.96,0.35,1787593136828.5264,False,,,2,OP1,C2_WIFI_CARGA_MEDIA,N3
,0.298,0.266,0.637,1.0,,1787593136871.819,27.295,16.16,5.96,0.35,1787593136871.819,False,,,2,OP1,C2_WIFI_CARGA_MEDIA,N3
,0.297,0.265,0.638,1.0,,1787593136902.6577,27.33,16.24,5.9,0.35,1787593136903.777,False,,,2,OP1,C2_WIFI_CARGA_MEDIA,N3
,0.296,0.264,0.639,1.0,,1787593136939.7412,27.365,16.32,5.84,0.35,1787593136941.7532,False,,,2,OP1,C2_WIFI_CARGA_MEDIA,N3
,0.295,0.263,0.64,1.0,,1787593137107.8423,27.4,16.4,5.78,0.35,1787593137109.8547,False,,,2,OP1,C2_WIFI_CARGA_MEDIA,N3
,0.288,0.257,0.665,1.0,,1787593137165.0393,28.275,16.96,5.42,0.35,1787593137165.5383,False,,,2,OP1,C2_WIFI_CARGA_MEDIA,N3
,0.291,0.256,0.69,1.0,,1787593137213.8115,29.15,16.72,5.36,0.35,1787593137213.8115,False,,,2,OP1,C2_WIFI_CARGA_MEDIA,N3
,0.296,0.256,0.705,1.0,,1787593137246.967,29.675,16.32,5.36,0.35,1787593137246.967,False,,,2,OP1,C2_WIFI_CARGA_MEDIA,N3
,0.303,0.256,0.724,1.0,,1787593137269.746,30.34,15.76,5.36,0.35,1787593137271.7595,False,,,2,OP1,C2_WIFI_CARGA_MEDIA,N3
,0.313,0.255,0.745,1.0,,1787593137297.8364,31.075,14.96,5.3,0.35,1787593137297.8364,False,,,2,OP1,C2_WIFI_CARGA_MEDIA,N3
,0.32,0.255,0.756,1.0,,1787593137320.045,31.46,14.4,5.3,0.35,1787593137320.045,False,,,2,OP1,C2_WIFI_CARGA_MEDIA,N3
,0.325,0.257,0.761,1.0,,1787593137354.4417,31.635,14.0,5.42,0.35,1787593137354.4417,False,,,2,OP1,C2_WIFI_CARGA_MEDIA,N3
,0.327,0.259,0.762,1.0,,1787593137376.175,31.67,13.84,5.54,0.35,1787593137376.175,False,,,2,OP1,C2_WIFI_CARGA_MEDIA,N3
,0.331,0.264,0.763,1.0,,1787593137414.2727,31.705,13.52,5.84,0.35,1787593137415.0532,False,,,2,OP1,C2_WIFI_CARGA_MEDIA,N3
,0.336,0.277,0.771,1.0,,1787593137459.954,31.985,13.12,6.62,0.35,1787593137459.954,False,,,2,OP1,C2_WIFI_CARGA_MEDIA,N3
,0.338,0.282,0.777,1.0,,1787593137482.9282,32.195,12.96,6.92,0.35,1787593137482.9282,False,,,2,OP1,C2_WIFI_CARGA_MEDIA,N3
,0.341,0.287,0.782,1.0,,1787593137523.5786,32.37,12.72,7.22,0.35,1787593137525.5903,False,,,2,OP1,C2_WIFI_CARGA_MEDIA,N3
,0.348,0.287,0.796,1.0,,1787593137578.4373,32.86,12.16,7.22,0.35,1787593137580.4475,False,,,2,OP1,C2_WIFI_CARGA_MEDIA,N3
,0.352,0.287,0.803,1.0,,1787593137636.793,33.105,11.84,7.22,0.35,1787593137638.7922,False,,,2,OP1,C2_WIFI_CARGA_MEDIA,N3
,0.355,0.284,0.809,1.0,,1787593137679.2024,33.315,11.6,7.04,0.35,1787593137679.2024,False,,,2,OP1,C2_WIFI_CARGA_MEDIA,N3
,0.356,0.283,0.812,1.0,,1787593137747.616,33.42,11.52,6.98,0.35,1787593137748.623,False,,,2,OP1,C2_WIFI_CARGA_MEDIA,N3
,0.357,0.281,0.814,1.0,,1787593137788.444,33.49,11.44,6.86,0.35,1787593137788.444,False,,,2,OP1,C2_WIFI_CARGA_MEDIA,N3
,0.357,0.281,0.816,1.0,,1787593137829.1946,33.56,11.44,6.86,0.35,1787593137829.1946,False,,,2,OP1,C2_WIFI_CARGA_MEDIA,N3
,0.359,0.276,0.817,1.0,,1787593137874.7617,33.595,11.28,6.56,0.35,1787593137874.7617,False,,,2,OP1,C2_WIFI_CARGA_MEDIA,N3
,0.362,0.271,0.819,1.0,,1787593137942.975,33.665,11.04,6.26,0.35,1787593137944.9675,False,,,2,OP1,C2_WIFI_CARGA_MEDIA,N3
,0.362,0.268,0.822,1.0,,1787593137979.4905,33.77,11.04,6.08,0.35,1787593137979.4905,False,,,2,OP1,C2_WIFI_CARGA_MEDIA,N3
,0.361,0.266,0.825,1.0,,1787593138026.1116,33.875,11.12,5.96,0.35,1787593138026.1116,False,,,2,OP1,C2_WIFI_CARGA_MEDIA,N3
,0.354,0.263,0.836,1.0,,1787593138081.4922,34.26,11.68,5.78,0.35,1787593138081.4922,False,,,2,OP1,C2_WIFI_CARGA_MEDIA,N3
,0.341,0.258,0.851,1.0,,1787593138136.6091,34.785,12.72,5.48,0.35,1787593138138.6262,False,,,2,OP1,C2_WIFI_CARGA_MEDIA,N3
,0.336,0.255,0.86,1.0,,1787593138165.3352,35.1,13.12,5.3,0.35,1787593138165.7185,False,,,2,OP1,C2_WIFI_CARGA_MEDIA,N3
,0.33,0.252,0.872,1.0,,1787593138209.9712,35.52,13.6,5.12,0.35,1787593138211.012,False,,,2,OP1,C2_WIFI_CARGA_MEDIA,N3
,0.328,0.251,0.875,1.0,,1787593138247.5652,35.625,13.76,5.06,0.35,1787593138247.5652,False,,,2,OP1,C2_WIFI_CARGA_MEDIA,N3
,0.324,0.25,0.88,1.0,,1787593138286.1255,35.8,14.08,5.0,0.35,1787593138295.5166,False,,,2,OP1,C2_WIFI_CARGA_MEDIA,N3
,0.323,0.249,0.882,1.0,,1787593138334.1958,35.87,14.16,4.94,0.35,1787593138334.1958,False,,,2,OP1,C2_WIFI_CARGA_MEDIA,N3
,0.319,0.248,0.893,1.0,,1787593138375.785,36.255,14.48,4.88,0.35,1787593138375.785,False,,,2,OP1,C2_WIFI_CARGA_MEDIA,N3
,0.317,0.247,0.899,1.0,,1787593138400.806,36.465,14.64,4.82,0.35,1787593138401.2195,False,,,2,OP1,C2_WIFI_CARGA_MEDIA,N3
,0.315,0.247,0.902,1.0,,1787593138443.4077,36.57,14.8,4.82,0.35,1787593138445.4165,False,,,2,OP1,C2_WIFI_CARGA_MEDIA,N3
,0.313,0.247,0.908,1.0,,1787593138471.3394,36.78,14.96,4.82,0.35,1787593138471.3394,False,,,2,OP1,C2_WIFI_CARGA_MEDIA,N3
,0.311,0.249,0.913,1.0,,1787593138497.173,36.955,15.12,4.94,0.35,1787593138501.1582,False,,,2,OP1,C2_WIFI_CARGA_MEDIA,N3
,0.308,0.25,0.916,1.0,,1787593138547.0403,37.06,15.36,5.0,0.35,1787593138554.621,False,,,2,OP1,C2_WIFI_CARGA_MEDIA,N3
,0.307,0.25,0.916,1.0,,1787593138579.7126,37.06,15.44,5.0,0.35,1787593138579.7126,False,,,2,OP1,C2_WIFI_CARGA_MEDIA,N3
,0.305,0.251,0.916,1.0,,1787593138637.8342,37.06,15.6,5.06,0.35,1787593138638.7866,False,,,2,OP1,C2_WIFI_CARGA_MEDIA,N3
,0.304,0.252,0.916,1.0,,1787593138682.5796,37.06,15.68,5.12,0.35,1787593138684.586,False,,,2,OP1,C2_WIFI_CARGA_MEDIA,N3
,0.303,0.252,0.917,1.0,,1787593138705.2007,37.095,15.76,5.12,0.35,1787593138706.1162,False,,,2,OP1,C2_WIFI_CARGA_MEDIA,N3
,0.303,0.252,0.917,1.0,,1787593138747.5618,37.095,15.76,5.12,0.35,1787593138748.5742,False,,,2,OP1,C2_WIFI_CARGA_MEDIA,N3
,0.302,0.252,0.917,1.0,,1787593138776.6145,37.095,15.84,5.12,0.35,1787593138776.6145,False,,,2,OP1,C2_WIFI_CARGA_MEDIA,N3
,0.302,0.252,0.918,1.0,,1787593138834.1377,37.13,15.84,5.12,0.35,1787593138834.1377,False,,,2,OP1,C2_WIFI_CARGA_MEDIA,N3
,0.301,0.25,0.916,1.0,,1787593138869.7222,37.06,15.92,5.0,0.35,1787593138881.9817,False,,,2,OP1,C2_WIFI_CARGA_MEDIA,N3
,0.3,0.249,0.916,1.0,,1787593138900.593,37.06,16.0,4.94,0.35,1787593138900.593,False,,,2,OP1,C2_WIFI_CARGA_MEDIA,N3
,0.299,0.247,0.916,1.0,,1787593138943.2683,37.06,16.08,4.82,0.35,1787593138943.2683,False,,,2,OP1,C2_WIFI_CARGA_MEDIA,N3
,0.295,0.243,0.916,1.0,,1787593138991.2456,37.06,16.4,4.58,0.35,1787593138991.2456,False,,,2,OP1,C2_WIFI_CARGA_MEDIA,N3
,0.294,0.24,0.918,1.0,,1787593139017.4216,37.13,16.48,4.4,0.35,1787593139017.4216,False,,,2,OP1,C2_WIFI_CARGA_MEDIA,N3
,0.293,0.239,0.919,1.0,,1787593139047.0957,37.165,16.56,4.34,0.35,1787593139047.0957,False,,,2,OP1,C2_WIFI_CARGA_MEDIA,N3
,0.291,0.238,0.919,1.0,,1787593139094.8523,37.165,16.72,4.28,0.35,1787593139094.8523,False,,,2,OP1,C2_WIFI_CARGA_MEDIA,N3
,0.29,0.238,0.918,1.0,,1787593139131.1067,37.13,16.8,4.28,0.35,1787593139132.662,False,,,2,OP1,C2_WIFI_CARGA_MEDIA,N3
,0.289,0.237,0.918,1.0,,1787593139152.9426,37.13,16.88,4.22,0.35,1787593139152.9426,False,,,2,OP1,C2_WIFI_CARGA_MEDIA,N3
,0.286,0.237,0.917,1.0,,1787593139195.7725,37.095,17.12,4.22,0.35,1787593139196.7815,False,,,2,OP1,C2_WIFI_CARGA_MEDIA,N3
,0.282,0.237,0.916,1.0,,1787593139251.1292,37.06,17.44,4.22,0.35,1787593139252.1304,False,,,2,OP1,C2_WIFI_CARGA_MEDIA,N3
,0.28,0.237,0.915,1.0,,1787593139281.181,37.025,17.6,4.22,0.35,1787593139283.1982,False,,,2,OP1,C2_WIFI_CARGA_MEDIA,N3
,0.277,0.237,0.912,1.0,,1787593139324.4487,36.92,17.84,4.22,0.35,1787593139324.4487,False,,,2,OP1,C2_WIFI_CARGA_MEDIA,N3
,0.274,0.237,0.911,1.0,,1787593139355.9648,36.885,18.08,4.22,0.35,1787593139357.3213,False,,,2,OP1,C2_WIFI_CARGA_MEDIA,N3
,0.27,0.237,0.907,1.0,,1787593139392.9238,36.745,18.4,4.22,0.35,1787593139392.9238,False,,,2,OP1,C2_WIFI_CARGA_MEDIA,N3
,0.266,0.237,0.902,1.0,,1787593139444.4678,36.57,18.72,4.22,0.35,1787593139446.98,False,,,2,OP1,C2_WIFI_CARGA_MEDIA,N3
,0.263,0.237,0.9,1.0,,1787593139486.7812,36.5,18.96,4.22,0.35,1787593139486.7812,False,,,2,OP1,C2_WIFI_CARGA_MEDIA,N3
,0.262,0.237,0.9,1.0,,1787593139527.702,36.5,19.04,4.22,0.35,1787593139529.709,False,,,2,OP1,C2_WIFI_CARGA_MEDIA,N3
,0.261,0.237,0.9,1.0,,1787593139558.4216,36.5,19.12,4.22,0.35,1787593139558.9348,False,,,2,OP1,C2_WIFI_CARGA_MEDIA,N3
,0.258,0.237,0.898,1.0,,1787593139601.176,36.43,19.36,4.22,0.35,1787593139601.176,False,,,2,OP1,C2_WIFI_CARGA_MEDIA,N3
,0.257,0.238,0.898,1.0,,1787593139631.4473,36.43,19.44,4.28,0.35,1787593139631.4473,False,,,2,OP1,C2_WIFI_CARGA_MEDIA,N3
,0.255,0.238,0.896,1.0,,1787593139656.359,36.36,19.6,4.28,0.35,1787593139657.8325,False,,,2,OP1,C2_WIFI_CARGA_MEDIA,N3
,0.254,0.238,0.894,1.0,,1787593139696.2583,36.29,19.68,4.28,0.35,1787593139696.768,False,,,2,OP1,C2_WIFI_CARGA_MEDIA,N3
,0.25,0.238,0.889,1.0,,1787593139735.5898,36.115,20.0,4.28,0.35,1787593139735.5898,False,,,2,OP1,C2_WIFI_CARGA_MEDIA,N3
,0.25,0.237,0.884,1.0,,1787593139768.14,35.94,20.0,4.22,0.35,1787593139768.14,False,,,2,OP1,C2_WIFI_CARGA_MEDIA,N3
,0.249,0.236,0.879,1.0,,1787593139802.7388,35.765,20.08,4.16,0.35,1787593139802.7388,False,,,2,OP1,C2_WIFI_CARGA_MEDIA,N3
,0.249,0.234,0.873,1.0,,1787593139833.6223,35.555,20.08,4.04,0.35,1787593139833.6223,False,,,2,OP1,C2_WIFI_CARGA_MEDIA,N3
,0.249,0.232,0.865,1.0,,1787593139859.2764,35.275,20.08,3.92,0.35,1787593139860.276,False,,,2,OP1,C2_WIFI_CARGA_MEDIA,N3
,0.25,0.23,0.857,1.0,,1787593139891.114,34.995,20.0,3.8,0.35,1787593139891.114,False,,,2,OP1,C2_WIFI_CARGA_MEDIA,N3
,0.255,0.228,0.838,1.0,,1787593139933.9626,34.33,19.6,3.68,0.35,1787593139933.9626,False,,,2,OP1,C2_WIFI_CARGA_MEDIA,N3
,0.258,0.228,0.829,1.0,,1787593139959.5703,34.015,19.36,3.68,0.35,1787593139960.652,False,,,2,OP1,C2_WIFI_CARGA_MEDIA,N3
,0.262,0.227,0.822,1.0,,1787593139999.913,33.77,19.04,3.62,0.35,1787593140004.173,False,,,2,OP1,C2_WIFI_CARGA_MEDIA,N3
,0.274,0.223,0.807,1.0,,1787593140058.308,33.245,18.08,3.38,0.35,1787593140058.308,False,,,2,OP1,C2_WIFI_CARGA_MEDIA,N3
,0.28,0.221,0.801,1.0,,1787593140096.948,33.035,17.6,3.26,0.35,1787593140106.592,False,,,2,OP1,C2_WIFI_CARGA_MEDIA,N3
,0.281,0.221,0.799,1.0,,1787593140134.2805,32.965,17.52,3.26,0.35,1787593140134.2805,False,,,2,OP1,C2_WIFI_CARGA_MEDIA,N3
,0.282,0.221,0.798,1.0,,1787593140163.4778,32.93,17.44,3.26,0.35,1787593140165.46,False,,,2,OP1,C2_WIFI_CARGA_MEDIA,N3
,0.283,0.221,0.797,1.0,,1787593140197.0415,32.895,17.36,3.26,0.35,1787593140199.321,False,,,2,OP1,C2_WIFI_CARGA_MEDIA,N3
,0.284,0.22,0.796,1.0,,1787593140234.4832,32.86,17.28,3.2,0.35,1787593140234.4832,False,,,2,OP1,C2_WIFI_CARGA_MEDIA,N3
,0.284,0.22,0.796,1.0,,1787593140261.9023,32.86,17.28,3.2,0.35,1787593140262.3591,False,,,2,OP1,C2_WIFI_CARGA_MEDIA,N3
,0.284,0.219,0.795,1.0,,1787593140308.0017,32.825,17.28,3.14,0.35,1787593140308.0017,False,,,2,OP1,C2_WIFI_CARGA_MEDIA,N3
,0.283,0.219,0.793,1.0,,1787593140334.7473,32.755,17.36,3.14,0.35,1787593140334.7473,False,,,2,OP1,C2_WIFI_CARGA_MEDIA,N3
,0.283,0.218,0.791,1.0,,1787593140362.1067,32.685,17.36,3.08,0.35,1787593140364.2273,False,,,2,OP1,C2_WIFI_CARGA_MEDIA,N3
,0.281,0.213,0.781,1.0,,1787593140408.6316,32.335,17.52,2.78,0.35,1787593140408.6316,False,,,2,OP1,C2_WIFI_CARGA_MEDIA,N3
,0.281,0.211,0.776,1.0,,1787593140434.9175,32.16,17.52,2.66,0.35,1787593140434.9175,False,,,2,OP1,C2_WIFI_CARGA_MEDIA,N3
,0.281,0.21,0.773,1.0,,1787593140558.6118,32.055,17.52,2.6,0.35,1787593140558.6118,False,,,2,OP1,C2_WIFI_CARGA_MEDIA,N3
,0.283,0.206,0.765,1.0,,1787593140587.3564,31.775,17.36,2.36,0.35,1787593140589.1897,False,,,2,OP1,C2_WIFI_CARGA_MEDIA,N3
,0.284,0.207,0.764,1.0,,1787593140637.3552,31.74,17.28,2.42,0.35,1787593140644.734,False,,,2,OP1,C2_WIFI_CARGA_MEDIA,N3
,0.284,0.207,0.765,1.0,,1787593140666.7146,31.775,17.28,2.42,0.35,1787593140668.9084,False,,,2,OP1,C2_WIFI_CARGA_MEDIA,N3
,0.284,0.208,0.766,1.0,,1787593140698.0396,31.81,17.28,2.48,0.35,1787593140699.052,False,,,2,OP1,C2_WIFI_CARGA_MEDIA,N3
,0.284,0.211,0.774,1.0,,1787593140746.7793,32.09,17.28,2.66,0.35,1787593140746.7793,False,,,2,OP1,C2_WIFI_CARGA_MEDIA,N3
,0.285,0.213,0.783,1.0,,1787593140766.4631,32.405,17.2,2.78,0.35,1787593140767.4607,False,,,2,OP1,C2_WIFI_CARGA_MEDIA,N3
,0.285,0.214,0.791,1.0,,1787593140809.3313,32.685,17.2,2.84,0.35,1787593140809.3313,False,,,2,OP1,C2_WIFI_CARGA_MEDIA,N3
,0.285,0.215,0.798,1.0,,1787593140837.6562,32.93,17.2,2.9,0.35,1787593140838.6597,False,,,2,OP1,C2_WIFI_CARGA_MEDIA,N3
,0.285,0.215,0.806,1.0,,1787593140863.809,33.21,17.2,2.9,0.35,1787593140864.8467,False,,,2,OP1,C2_WIFI_CARGA_MEDIA,N3
,0.287,0.214,0.814,1.0,,1787593140885.995,33.49,17.04,2.84,0.35,1787593140885.995,False,,,2,OP1,C2_WIFI_CARGA_MEDIA,N3
,0.289,0.214,0.825,1.0,,1787593140944.7168,33.875,16.88,2.84,0.35,1787593140947.5469,False,,,2,OP1,C2_WIFI_CARGA_MEDIA,N3
,0.291,0.213,0.831,1.0,,1787593140968.4336,34.085,16.72,2.78,0.35,1787593140969.434,False,,,2,OP1,C2_WIFI_CARGA_MEDIA,N3
,0.291,0.214,0.835,1.0,,1787593140998.6914,34.225,16.72,2.84,0.35,1787593140998.6914,False,,,2,OP1,C2_WIFI_CARGA_MEDIA,N3
,0.291,0.214,0.841,1.0,,1787593141049.1316,34.435,16.72,2.84,0.35,1787593141049.1316,False,,,2,OP1,C2_WIFI_CARGA_MEDIA,N3
,0.29,0.213,0.845,1.0,,1787593141087.7578,34.575,16.8,2.78,0.35,1787593141089.772,False,,,2,OP1,C2_WIFI_CARGA_MEDIA,N3
,0.29,0.213,0.848,1.0,,1787593141115.551,34.68,16.8,2.78,0.35,1787593141117.31,False,,,2,OP1,C2_WIFI_CARGA_MEDIA,N3
,0.289,0.211,0.853,1.0,,1787593141166.6562,34.855,16.88,2.66,0.35,1787593141166.6562,False,,,2,OP1,C2_WIFI_CARGA_MEDIA,N3
,0.288,0.209,0.855,1.0,,1787593141196.8506,34.925,16.96,2.54,0.35,1787593141200.2195,False,,,2,OP1,C2_WIFI_CARGA_MEDIA,N3
,0.288,0.207,0.861,1.0,,1787593141220.6067,35.135,16.96,2.42,0.35,1787593141223.5806,False,,,2,OP1,C2_WIFI_CARGA_MEDIA,N3
,0.288,0.205,0.867,1.0,,1787593141258.1155,35.345,16.96,2.3,0.35,1787593141258.624,False,,,2,OP1,C2_WIFI_CARGA_MEDIA,N3
,0.288,0.204,0.871,1.0,,1787593141312.5596,35.485,16.96,2.24,0.35,1787593141314.575,False,,,2,OP1,C2_WIFI_CARGA_MEDIA,N3
,0.288,0.203,0.871,1.0,,1787593141355.5393,35.485,16.96,2.18,0.35,1787593141356.786,False,,,2,OP1,C2_WIFI_CARGA_MEDIA,N3
,0.288,0.203,0.872,1.0,,1787593141381.1172,35.52,16.96,2.18,0.35,1787593141397.381,False,,,2,OP1,C2_WIFI_CARGA_MEDIA,N3
,0.288,0.203,0.874,1.0,,1787593141447.203,35.59,16.96,2.18,0.35,1787593141447.203,False,,,2,OP1,C2_WIFI_CARGA_MEDIA,N3
,0.288,0.203,0.875,1.0,,1787593141471.114,35.625,16.96,2.18,0.35,1787593141472.1128,False,,,2,OP1,C2_WIFI_CARGA_MEDIA,N3
,0.289,0.202,0.877,1.0,,1787593141506.7378,35.695,16.88,2.12,0.35,1787593141506.7378,False,,,2,OP1,C2_WIFI_CARGA_MEDIA,N3
,0.29,0.201,0.881,1.0,,1787593141561.3286,35.835,16.8,2.06,0.35,1787593141563.3418,False,,,2,OP1,C2_WIFI_CARGA_MEDIA,N3
,0.29,0.2,0.883,1.0,,1787593141617.8647,35.905,16.8,2.0,0.35,1787593141617.8647,False,,,2,OP1,C2_WIFI_CARGA_MEDIA,N3
,0.289,0.199,0.885,1.0,,1787593141645.2278,35.975,16.88,1.94,0.35,1787593141646.74,False,,,2,OP1,C2_WIFI_CARGA_MEDIA,N3
,0.288,0.198,0.886,1.0,,1787593141669.6624,36.01,16.96,1.88,0.35,1787593141669.6624,False,,,2,OP1,C2_WIFI_CARGA_MEDIA,N3
,0.277,0.19,0.894,1.0,,1787593141710.2014,36.29,17.84,1.4,0.35,1787593141710.2014,False,,,2,OP1,C2_WIFI_CARGA_MEDIA,N3
,0.272,0.187,0.896,1.0,,1787593141737.838,36.36,18.24,1.22,0.35,1787593141738.4353,False,,,2,OP1,C2_WIFI_CARGA_MEDIA,N3
,0.27,0.184,0.899,1.0,,1787593141772.443,36.465,18.4,1.04,0.35,1787593141773.4414,False,,,2,OP1,C2_WIFI_CARGA_MEDIA,N3
,0.268,0.183,0.902,1.0,,1787593141810.3186,36.57,18.56,0.98,0.35,1787593141813.2822,False,,,2,OP1,C2_WIFI_CARGA_MEDIA,N3
,0.266,0.181,0.904,1.0,,1787593141859.776,36.64,18.72,0.86,0.35,1787593141869.7908,False,,,2,OP1,C2_WIFI_CARGA_MEDIA,N3
,0.264,0.181,0.906,1.0,,1787593141923.467,36.71,18.88,0.86,0.35,1787593141923.467,False,,,2,OP1,C2_WIFI_CARGA_MEDIA,N3
,0.263,0.181,0.905,1.0,,1787593141951.244,36.675,18.96,0.86,0.35,1787593141953.1162,False,,,2,OP1,C2_WIFI_CARGA_MEDIA,N3
,0.262,0.18,0.905,1.0,,1787593141975.942,36.675,19.04,0.8,0.35,1787593141977.4502,False,,,2,OP1,C2_WIFI_CARGA_MEDIA,N3
,0.26,0.179,0.905,1.0,,1787593142009.1465,36.675,19.2,0.74,0.35,1787593142010.3586,False,,,2,OP1,C2_WIFI_CARGA_MEDIA,N3
,0.257,0.178,0.908,1.0,,1787593142054.6758,36.78,19.44,0.68,0.35,1787593142054.6758,False,,,2,OP1,C2_WIFI_CARGA_MEDIA,N3
,0.255,0.178,0.911,1.0,,1787593142076.1355,36.885,19.6,0.68,0.35,1787593142077.1863,False,,,2,OP1,C2_WIFI_CARGA_MEDIA,N3
,0.252,0.177,0.916,1.0,,1787593142119.381,37.06,19.84,0.62,0.35,1787593142119.381,False,,,2,OP1,C2_WIFI_CARGA_MEDIA,N3
,0.249,0.176,0.922,1.0,,1787593142171.0476,37.27,20.08,0.56,0.35,1787593142176.6409,False,,,2,OP1,C2_WIFI_CARGA_MEDIA,N3
,0.248,0.175,0.923,1.0,,1787593142328.6443,37.305,20.16,0.5,0.35,1787593142328.6443,False,,,2,OP1,C2_WIFI_CARGA_MEDIA,N3
,0.243,0.172,0.917,1.0,,1787593142354.7185,37.095,20.56,0.32,0.35,1787593142354.7185,False,,,2,OP1,C2_WIFI_CARGA_MEDIA,N3
,0.241,0.17,0.912,1.0,,1787593142378.9385,36.92,20.72,0.2,0.35,1787593142379.931,False,,,2,OP1,C2_WIFI_CARGA_MEDIA,N3
,0.239,0.169,0.905,1.0,,1787593142416.405,36.675,20.88,0.14,0.35,1787593142417.4043,False,,,2,OP1,C2_WIFI_CARGA_MEDIA,N3
,0.238,0.168,0.901,1.0,,1787593142450.4573,36.535,20.96,0.08,0.35,1787593142453.4817,False,,,2,OP1,C2_WIFI_CARGA_MEDIA,N3
,0.238,0.167,0.9,1.0,,1787593142480.7114,36.5,20.96,0.02,0.35,1787593142481.198,False,,,2,OP1,C2_WIFI_CARGA_MEDIA,N3
,0.237,0.167,0.898,1.0,,1787593142646.6252,36.43,21.04,0.02,0.35,1787593142646.6252,False,,,2,OP1,C2_WIFI_CARGA_MEDIA,N3
,0.235,0.165,0.89,1.0,,1787593142673.8943,36.15,21.2,-0.1,0.35,1787593142673.8943,False,,,2,OP1,C2_WIFI_CARGA_MEDIA,N3
,0.234,0.165,0.889,1.0,,1787593142720.108,36.115,21.28,-0.1,0.35,1787593142720.108,False,,,2,OP1,C2_WIFI_CARGA_MEDIA,N3
,0.234,0.165,0.887,1.0,,1787593142754.181,36.045,21.28,-0.1,0.35,1787593142754.181,False,,,2,OP1,C2_WIFI_CARGA_MEDIA,N3
,0.233,0.165,0.886,1.0,,1787593142784.6943,36.01,21.36,-0.1,0.35,1787593142786.7007,False,,,2,OP1,C2_WIFI_CARGA_MEDIA,N3
,0.233,0.166,0.885,1.0,,1787593142815.0735,35.975,21.36,-0.04,0.35,1787593142815.5168,False,,,2,OP1,C2_WIFI_CARGA_MEDIA,N3
,0.233,0.166,0.884,1.0,,1787593142850.5088,35.94,21.36,-0.04,0.35,1787593142850.5088,False,,,2,OP1,C2_WIFI_CARGA_MEDIA,N3
,0.232,0.167,0.882,1.0,,1787593142881.3835,35.87,21.44,0.02,0.35,1787593142882.394,False,,,2,OP1,C2_WIFI_CARGA_MEDIA,N3
,0.232,0.168,0.879,1.0,,1787593142921.4585,35.765,21.44,0.08,0.35,1787593142921.4585,False,,,2,OP1,C2_WIFI_CARGA_MEDIA,N3
,0.231,0.168,0.877,1.0,,1787593142953.1616,35.695,21.52,0.08,0.35,1787593142954.1577,False,,,2,OP1,C2_WIFI_CARGA_MEDIA,N3
,0.23,0.168,0.874,1.0,,1787593142978.2498,35.59,21.6,0.08,0.35,1787593142979.1948,False,,,2,OP1,C2_WIFI_CARGA_MEDIA,N3
,0.23,0.169,0.869,1.0,,1787593143008.1514,35.415,21.6,0.14,0.35,1787593143008.1514,False,,,2,OP1,C2_WIFI_CARGA_MEDIA,N3
,0.229,0.17,0.863,1.0,,1787593143146.959,35.205,21.68,0.2,0.35,1787593143146.959,False,,,2,OP1,C2_WIFI_CARGA_MEDIA,N3
,0.227,0.177,0.822,1.0,,1787593143188.03,33.77,21.84,0.62,0.35,1787593143190.0366,False,,,2,OP1,C2_WIFI_CARGA_MEDIA,N3
,0.228,0.179,0.813,1.0,,1787593143223.4758,33.455,21.76,0.74,0.35,1787593143223.4758,False,,,2,OP1,C2_WIFI_CARGA_MEDIA,N3
,0.23,0.181,0.808,1.0,,1787593143259.9243,33.28,21.6,0.86,0.35,1787593143259.9243,False,,,2,OP1,C2_WIFI_CARGA_MEDIA,N3
,0.232,0.182,0.804,1.0,,1787593143283.2676,33.14,21.44,0.92,0.35,1787593143284.3186,False,,,2,OP1,C2_WIFI_CARGA_MEDIA,N3
,0.233,0.182,0.802,1.0,,1787593143312.5005,33.07,21.36,0.92,0.35,1787593143316.3926,False,,,2,OP1,C2_WIFI_CARGA_MEDIA,N3
,0.234,0.184,0.8,1.0,,1787593143359.6345,33.0,21.28,1.04,0.35,1787593143359.6345,False,,,2,OP1,C2_WIFI_CARGA_MEDIA,N3
,0.235,0.185,0.799,1.0,,1787593143386.848,32.965,21.2,1.1,0.35,1787593143389.0276,False,,,2,OP1,C2_WIFI_CARGA_MEDIA,N3
,0.235,0.185,0.798,1.0,,1787593143426.7085,32.93,21.2,1.1,0.35,1787593143426.7085,False,,,2,OP1,C2_WIFI_CARGA_MEDIA,N3
,0.235,0.185,0.796,1.0,,1787593143454.864,32.86,21.2,1.1,0.35,1787593143454.864,False,,,2,OP1,C2_WIFI_CARGA_MEDIA,N3
,0.235,0.185,0.792,1.0,,1787593143482.2844,32.72,21.2,1.1,0.35,1787593143483.1711,False,,,2,OP1,C2_WIFI_CARGA_MEDIA,N3
,0.235,0.186,0.787,1.0,,1787593143528.15,32.545,21.2,1.16,0.35,1787593143528.15,False,,,2,OP1,C2_WIFI_CARGA_MEDIA,N3
,0.235,0.186,0.785,1.0,,1787593143559.8064,32.475,21.2,1.16,0.35,1787593143559.8064,False,,,2,OP1,C2_WIFI_CARGA_MEDIA,N3
,0.235,0.186,0.784,1.0,,1787593143593.7373,32.44,21.2,1.16,0.35,1787593143593.7373,False,,,2,OP1,C2_WIFI_CARGA_MEDIA,N3
,0.235,0.186,0.782,1.0,,1787593143619.51,32.37,21.2,1.16,0.35,1787593143619.51,False,,,2,OP1,C2_WIFI_CARGA_MEDIA,N3
,0.236,0.186,0.78,1.0,,1787593143646.7527,32.3,21.12,1.16,0.35,1787593143646.7527,False,,,2,OP1,C2_WIFI_CARGA_MEDIA,N3
,0.237,0.186,0.774,1.0,,1787593143696.8867,32.09,21.04,1.16,0.35,1787593143696.8867,False,,,2,OP1,C2_WIFI_CARGA_MEDIA,N3
,0.238,0.186,0.771,1.0,,1787593143722.0547,31.985,20.96,1.16,0.35,1787593143722.0547,False,,,2,OP1,C2_WIFI_CARGA_MEDIA,N3
,0.239,0.186,0.77,1.0,,1787593143760.1292,31.95,20.88,1.16,0.35,1787593143760.1292,False,,,2,OP1,C2_WIFI_CARGA_MEDIA,N3
,0.24,0.185,0.768,1.0,,1787593143817.8823,31.88,20.8,1.1,0.35,1787593143817.8823,False,,,2,OP1,C2_WIFI_CARGA_MEDIA,N3
,0.243,0.183,0.768,1.0,,1787593143864.9722,31.88,20.56,0.98,0.35,1787593143864.9722,False,,,2,OP1,C2_WIFI_CARGA_MEDIA,N3
,0.245,0.182,0.767,1.0,,1787593143901.1094,31.845,20.4,0.92,0.35,1787593143901.1094,False,,,2,OP1,C2_WIFI_CARGA_MEDIA,N3
,0.249,0.181,0.765,1.0,,1787593143924.796,31.775,20.08,0.86,0.35,1787593143924.796,False,,,2,OP1,C2_WIFI_CARGA_MEDIA,N3
,0.251,0.181,0.763,1.0,,1787593143947.0977,31.705,19.92,0.86,0.35,1787593143958.345,False,,,2,OP1,C2_WIFI_CARGA_MEDIA,N3
,0.258,0.18,0.761,1.0,,1787593144004.0056,31.635,19.36,0.8,0.35,1787593144004.0056,False,,,2,OP1,C2_WIFI_CARGA_MEDIA,N3
,0.262,0.18,0.761,1.0,,1787593144030.3542,31.635,19.04,0.8,0.35,1787593144030.3542,False,,,2,OP1,C2_WIFI_CARGA_MEDIA,N3
,0.265,0.179,0.763,1.0,,1787593144062.5889,31.705,18.8,0.74,0.35,1787593144062.5889,False,,,2,OP1,C2_WIFI_CARGA_MEDIA,N3
,0.267,0.179,0.764,1.0,,1787593144096.74,31.74,18.64,0.74,0.35,1787593144098.751,False,,,2,OP1,C2_WIFI_CARGA_MEDIA,N3
,0.273,0.18,0.768,1.0,,1787593144148.152,31.88,18.16,0.8,0.35,1787593144148.152,False,,,2,OP1,C2_WIFI_CARGA_MEDIA,N3
,0.276,0.18,0.771,1.0,,1787593144170.644,31.985,17.92,0.8,0.35,1787593144170.644,False,,,2,OP1,C2_WIFI_CARGA_MEDIA,N3
,0.279,0.18,0.774,1.0,,1787593144197.455,32.09,17.68,0.8,0.35,1787593144197.455,False,,,2,OP1,C2_WIFI_CARGA_MEDIA,N3
,0.284,0.18,0.782,1.0,,1787593144260.7405,32.37,17.28,0.8,0.35,1787593144261.7822,False,,,2,OP1,C2_WIFI_CARGA_MEDIA,N3
,0.288,0.18,0.787,1.0,,1787593144304.745,32.545,16.96,0.8,0.35,1787593144304.745,False,,,2,OP1,C2_WIFI_CARGA_MEDIA,N3
,0.289,0.18,0.79,1.0,,1787593144332.03,32.65,16.88,0.8,0.35,1787593144332.03,False,,,2,OP1,C2_WIFI_CARGA_MEDIA,N3
,0.291,0.179,0.792,1.0,,1787593144360.061,32.72,16.72,0.74,0.35,1787593144361.1443,False,,,2,OP1,C2_WIFI_CARGA_MEDIA,N3
,0.293,0.178,0.795,1.0,,1787593144401.9482,32.825,16.56,0.68,0.35,1787593144401.9482,False,,,2,OP1,C2_WIFI_CARGA_MEDIA,N3
,0.302,0.174,0.81,1.0,,1787593144447.3467,33.35,15.84,0.44,0.35,1787593144458.3506,False,,,2,OP1,C2_WIFI_CARGA_MEDIA,N3
,0.307,0.171,0.818,1.0,,1787593144505.6711,33.63,15.44,0.26,0.35,1787593144505.6711,False,,,2,OP1,C2_WIFI_CARGA_MEDIA,N3
,0.308,0.17,0.819,1.0,,1787593144541.7007,33.665,15.36,0.2,0.35,1787593144541.7007,False,,,2,OP1,C2_WIFI_CARGA_MEDIA,N3
,0.309,0.17,0.82,1.0,,1787593144566.5176,33.7,15.28,0.2,0.35,1787593144567.515,False,,,2,OP1,C2_WIFI_CARGA_MEDIA,N3
,0.309,0.169,0.82,1.0,,1787593144596.8374,33.7,15.28,0.14,0.35,1787593144597.62,False,,,2,OP1,C2_WIFI_CARGA_MEDIA,N3
,0.31,0.169,0.823,1.0,,1787593144642.5251,33.805,15.2,0.14,0.35,1787593144642.5251,False,,,2,OP1,C2_WIFI_CARGA_MEDIA,N3
,0.31,0.169,0.824,1.0,,1787593144663.9048,33.84,15.2,0.14,0.35,1787593144664.906,False,,,2,OP1,C2_WIFI_CARGA_MEDIA,N3
,0.31,0.169,0.824,1.0,,1787593144704.1938,33.84,15.2,0.14,0.35,1787593144707.6047,False,,,2,OP1,C2_WIFI_CARGA_MEDIA,N3
,0.31,0.169,0.826,1.0,,1787593144736.5413,33.91,15.2,0.14,0.35,1787593144736.5413,False,,,2,OP1,C2_WIFI_CARGA_MEDIA,N3
,0.31,0.169,0.828,1.0,,1787593144763.6572,33.98,15.2,0.14,0.35,1787593144765.6694,False,,,2,OP1,C2_WIFI_CARGA_MEDIA,N3
,0.31,0.17,0.833,1.0,,1787593144807.3433,34.155,15.2,0.2,0.35,1787593144807.3433,False,,,2,OP1,C2_WIFI_CARGA_MEDIA,N3
,0.309,0.171,0.836,1.0,,1787593144842.4302,34.26,15.28,0.26,0.35,1787593144842.4302,False,,,2,OP1,C2_WIFI_CARGA_MEDIA,N3
,0.309,0.172,0.84,1.0,,1787593144865.931,34.4,15.28,0.32,0.35,1787593144865.931,False,,,2,OP1,C2_WIFI_CARGA_MEDIA,N3
,0.308,0.173,0.844,1.0,,1787593144902.4558,34.54,15.36,0.38,0.35,1787593144904.4678,False,,,2,OP1,C2_WIFI_CARGA_MEDIA,N3
,0.307,0.175,0.851,1.0,,1787593145064.5293,34.785,15.44,0.5,0.35,1787593145064.5293,False,,,2,OP1,C2_WIFI_CARGA_MEDIA,N3
,0.301,0.173,0.921,1.0,,1787593145109.9373,37.235,15.92,0.38,0.35,1787593145109.9373,False,,,2,OP1,C2_WIFI_CARGA_MEDIA,N3
,0.3,0.173,0.924,1.0,,1787593145147.2502,37.34,16.0,0.38,0.35,1787593145147.2502,False,,,2,OP1,C2_WIFI_CARGA_MEDIA,N3
,0.298,0.173,0.93,1.0,,1787593145177.0608,37.55,16.16,0.38,0.35,1787593145177.0608,False,,,2,OP1,C2_WIFI_CARGA_MEDIA,N3
,0.296,0.173,0.936,1.0,,1787593145200.7422,37.76,16.32,0.38,0.35,1787593145201.7424,False,,,2,OP1,C2_WIFI_CARGA_MEDIA,N3
,0.294,0.173,0.941,1.0,,1787593145238.2178,37.935,16.48,0.38,0.35,1787593145238.2178,False,,,2,OP1,C2_WIFI_CARGA_MEDIA,N3
,0.287,0.172,0.947,1.0,,1787593145284.975,38.145,17.04,0.32,0.35,1787593145284.975,False,,,2,OP1,C2_WIFI_CARGA_MEDIA,N3
,0.28,0.171,0.956,1.0,,1787593145347.5645,38.46,17.6,0.26,0.35,1787593145347.5645,False,,,2,OP1,C2_WIFI_CARGA_MEDIA,N3
,0.277,0.171,0.959,1.0,,1787593145375.714,38.565,17.84,0.26,0.35,1787593145375.714,False,,,2,OP1,C2_WIFI_CARGA_MEDIA,N3
,0.275,0.171,0.96,1.0,,1787593145401.9707,38.6,18.0,0.26,0.35,1787593145403.0798,False,,,2,OP1,C2_WIFI_CARGA_MEDIA,N3
,0.27,0.171,0.964,1.0,,1787593145447.8416,38.74,18.4,0.26,0.35,1787593145447.8416,False,,,2,OP1,C2_WIFI_CARGA_MEDIA,N3
,0.269,0.171,0.965,1.0,,1787593145478.6372,38.775,18.48,0.26,0.35,1787593145478.6372,False,,,2,OP1,C2_WIFI_CARGA_MEDIA,N3
,0.268,0.171,0.966,1.0,,1787593145502.3892,38.81,18.56,0.26,0.35,1787593145503.4058,False,,,2,OP1,C2_WIFI_CARGA_MEDIA,N3
,0.267,0.171,0.967,1.0,,1787593145542.0051,38.845,18.64,0.26,0.35,1787593145544.0156,False,,,2,OP1,C2_WIFI_CARGA_MEDIA,N3
,0.266,0.171,0.968,1.0,,1787593145599.2007,38.88,18.72,0.26,0.35,1787593145599.2007,False,,,2,OP1,C2_WIFI_CARGA_MEDIA,N3
,0.265,0.172,0.968,1.0,,1787593145648.1277,38.88,18.8,0.32,0.35,1787593145648.1277,False,,,2,OP1,C2_WIFI_CARGA_MEDIA,N3
,0.265,0.172,0.968,1.0,,1787593145681.8582,38.88,18.8,0.32,0.35,1787593145681.8582,False,,,2,OP1,C2_WIFI_CARGA_MEDIA,N3
,0.265,0.172,0.967,1.0,,1787593145706.0427,38.845,18.8,0.32,0.35,1787593145707.0408,False,,,2,OP1,C2_WIFI_CARGA_MEDIA,N3
,0.265,0.172,0.966,1.0,,1787593145739.2046,38.81,18.8,0.32,0.35,1787593145739.2046,False,,,2,OP1,C2_WIFI_CARGA_MEDIA,N3
,0.267,0.171,0.964,1.0,,1787593145783.62,38.74,18.64,0.26,0.35,1787593145783.62,False,,,2,OP1,C2_WIFI_CARGA_MEDIA,N3
,0.268,0.17,0.963,1.0,,1787593145806.0789,38.705,18.56,0.2,0.35,1787593145807.099,False,,,2,OP1,C2_WIFI_CARGA_MEDIA,N3
,0.269,0.168,0.962,1.0,,1787593145850.1052,38.67,18.48,0.08,0.35,1787593145850.1052,False,,,2,OP1,C2_WIFI_CARGA_MEDIA,N3
,0.269,0.166,0.96,1.0,,1787593145871.4878,38.6,18.48,-0.04,0.35,1787593145871.4878,False,,,2,OP1,C2_WIFI_CARGA_MEDIA,N3
,0.269,0.165,0.957,1.0,,1787593145905.834,38.495,18.48,-0.1,0.35,1787593145906.8484,False,,,2,OP1,C2_WIFI_CARGA_MEDIA,N3
,0.267,0.161,0.955,1.0,,1787593145948.4363,38.425,18.64,-0.34,0.35,1787593145948.4363,False,,,2,OP1,C2_WIFI_CARGA_MEDIA,N3
,0.265,0.159,0.949,1.0,,1787593145986.1196,38.215,18.8,-0.46,0.35,1787593145986.1196,False,,,2,OP1,C2_WIFI_CARGA_MEDIA,N3
,0.262,0.155,0.943,1.0,,1787593146007.1277,38.005,19.04,-0.7,0.35,1787593146007.1277,False,,,2,OP1,C2_WIFI_CARGA_MEDIA,N3
,0.26,0.152,0.938,1.0,,1787593146045.2764,37.83,19.2,-0.88,0.35,1787593146047.838,False,,,2,OP1,C2_WIFI_CARGA_MEDIA,N3
,0.26,0.149,0.931,1.0,,1787593146089.7134,37.585,19.2,-1.06,0.35,1787593146089.7134,False,,,2,OP1,C2_WIFI_CARGA_MEDIA,N3
,0.26,0.15,0.929,1.0,,1787593146128.4272,37.515,19.2,-1.0,0.35,1787593146129.4265,False,,,2,OP1,C2_WIFI_CARGA_MEDIA,N3
,0.261,0.15,0.927,1.0,,1787593146161.927,37.445,19.12,-1.0,0.35,1787593146161.927,False,,,2,OP1,C2_WIFI_CARGA_MEDIA,N3
,0.262,0.15,0.926,1.0,,1787593146209.3308,37.41,19.04,-1.0,0.35,1787593146209.3308,False,,,2,OP1,C2_WIFI_CARGA_MEDIA,N3
,0.262,0.149,0.924,1.0,,1787593146239.9172,37.34,19.04,-1.06,0.35,1787593146239.9172,False,,,2,OP1,C2_WIFI_CARGA_MEDIA,N3
,0.263,0.149,0.919,1.0,,1787593146279.9355,37.165,18.96,-1.06,0.35,1787593146279.9355,False,,,2,OP1,C2_WIFI_CARGA_MEDIA,N3
,0.263,0.149,0.917,1.0,,1787593146309.868,37.095,18.96,-1.06,0.35,1787593146310.5469,False,,,2,OP1,C2_WIFI_CARGA_MEDIA,N3
,0.263,0.148,0.915,1.0,,1787593146349.0803,37.025,18.96,-1.12,0.35,1787593146349.0803,False,,,2,OP1,C2_WIFI_CARGA_MEDIA,N3
,0.262,0.148,0.911,1.0,,1787593146397.3674,36.885,19.04,-1.12,0.35,1787593146397.3674,False,,,2,OP1,C2_WIFI_CARGA_MEDIA,N3
,0.259,0.146,0.906,1.0,,1787593146449.3926,36.71,19.28,-1.24,0.35,1787593146449.3926,False,,,2,OP1,C2_WIFI_CARGA_MEDIA,N3
,0.257,0.146,0.904,1.0,,1787593146481.4429,36.64,19.44,-1.24,0.35,1787593146481.4429,False,,,2,OP1,C2_WIFI_CARGA_MEDIA,N3
,0.254,0.146,0.902,1.0,,1787593146511.4155,36.57,19.68,-1.24,0.35,1787593146512.7776,False,,,2,OP1,C2_WIFI_CARGA_MEDIA,N3
,0.248,0.146,0.901,1.0,,1787593146547.1023,36.535,20.16,-1.24,0.35,1787593146547.1023,False,,,2,OP1,C2_WIFI_CARGA_MEDIA,N3
,0.239,0.146,0.9,1.0,,1787593146597.005,36.5,20.88,-1.24,0.35,1787593146597.005,False,,,2,OP1,C2_WIFI_CARGA_MEDIA,N3
,0.231,0.146,0.897,1.0,,1787593146657.5037,36.395,21.52,-1.24,0.35,1787593146657.5037,False,,,2,OP1,C2_WIFI_CARGA_MEDIA,N3
,0.228,0.146,0.894,1.0,,1787593146685.683,36.29,21.76,-1.24,0.35,1787593146686.6804,False,,,2,OP1,C2_WIFI_CARGA_MEDIA,N3
,0.227,0.145,0.892,1.0,,1787593146712.84,36.22,21.84,-1.3,0.35,1787593146713.8572,False,,,2,OP1,C2_WIFI_CARGA_MEDIA,N3
,0.226,0.143,0.89,1.0,,1787593146749.8464,36.15,21.92,-1.42,0.35,1787593146757.4226,False,,,2,OP1,C2_WIFI_CARGA_MEDIA,N3
,0.226,0.142,0.888,1.0,,1787593146783.6765,36.08,21.92,-1.48,0.35,1787593146783.6765,False,,,2,OP1,C2_WIFI_CARGA_MEDIA,N3
,0.227,0.141,0.887,1.0,,1787593146813.803,36.045,21.84,-1.54,0.35,1787593146814.9006,False,,,2,OP1,C2_WIFI_CARGA_MEDIA,N3
,0.229,0.139,0.882,1.0,,1787593146849.9006,35.87,21.68,-1.66,0.35,1787593146849.9006,False,,,2,OP1,C2_WIFI_CARGA_MEDIA,N3
,0.234,0.137,0.872,1.0,,1787593146891.688,35.52,21.28,-1.78,0.35,1787593146891.688,False,,,2,OP1,C2_WIFI_CARGA_MEDIA,N3
,0.235,0.137,0.87,1.0,,1787593146914.5564,35.45,21.2,-1.78,0.35,1787593146914.5564,False,,,2,OP1,C2_WIFI_CARGA_MEDIA,N3
,0.236,0.137,0.869,1.0,,1787593146958.3145,35.415,21.12,-1.78,0.35,1787593146958.3145,False,,,2,OP1,C2_WIFI_CARGA_MEDIA,N3
,0.237,0.138,0.868,1.0,,1787593146984.8723,35.38,21.04,-1.72,0.35,1787593146984.8723,False,,,2,OP1,C2_WIFI_CARGA_MEDIA,N3
,0.237,0.138,0.868,1.0,,1787593147014.6328,35.38,21.04,-1.72,0.35,1787593147016.7534,False,,,2,OP1,C2_WIFI_CARGA_MEDIA,N3
,0.237,0.138,0.867,1.0,,1787593147047.1309,35.345,21.04,-1.72,0.35,1787593147048.723,False,,,2,OP1,C2_WIFI_CARGA_MEDIA,N3
,0.239,0.139,0.866,1.0,,1787593147088.9526,35.31,20.88,-1.66,0.35,1787593147088.9526,False,,,2,OP1,C2_WIFI_CARGA_MEDIA,N3
,0.239,0.139,0.865,1.0,,1787593147115.4148,35.275,20.88,-1.66,0.35,1787593147116.6858,False,,,2,OP1,C2_WIFI_CARGA_MEDIA,N3
,0.239,0.139,0.863,1.0,,1787593147159.3936,35.205,20.88,-1.66,0.35,1787593147159.3936,False,,,2,OP1,C2_WIFI_CARGA_MEDIA,N3
,0.239,0.138,0.858,1.0,,1787593147196.0283,35.03,20.88,-1.72,0.35,1787593147196.0283,False,,,2,OP1,C2_WIFI_CARGA_MEDIA,N3
,0.239,0.136,0.854,1.0,,1787593147227.1892,34.89,20.88,-1.84,0.35,1787593147227.1892,False,,,2,OP1,C2_WIFI_CARGA_MEDIA,N3
,0.239,0.135,0.849,1.0,,1787593147251.2554,34.715,20.88,-1.9,0.35,1787593147251.2554,False,,,2,OP1,C2_WIFI_CARGA_MEDIA,N3
,0.241,0.132,0.838,1.0,,1787593147294.4265,34.33,20.72,-2.08,0.35,1787593147296.939,False,,,2,OP1,C2_WIFI_CARGA_MEDIA,N3
,0.242,0.13,0.829,1.0,,1787593147320.692,34.015,20.64,-2.2,0.35,1787593147320.692,False,,,2,OP1,C2_WIFI_CARGA_MEDIA,N3
,0.243,0.128,0.822,1.0,,1787593147350.485,33.77,20.56,-2.32,0.35,1787593147352.484,False,,,2,OP1,C2_WIFI_CARGA_MEDIA,N3
,0.25,0.13,0.802,1.0,,1787593147397.018,33.07,20.0,-2.2,0.35,1787593147397.018,False,,,2,OP1,C2_WIFI_CARGA_MEDIA,N3
,0.252,0.132,0.796,1.0,,1787593147430.983,32.86,19.84,-2.08,0.35,1787593147430.983,False,,,2,OP1,C2_WIFI_CARGA_MEDIA,N3
,0.259,0.133,0.792,1.0,,1787593147452.791,32.72,19.28,-2.02,0.35,1787593147453.8914,False,,,2,OP1,C2_WIFI_CARGA_MEDIA,N3
,0.265,0.134,0.79,1.0,,1787593147487.54,32.65,18.8,-1.96,0.35,1787593147487.54,False,,,2,OP1,C2_WIFI_CARGA_MEDIA,N3
,0.272,0.138,0.788,1.0,,1787593147531.2205,32.58,18.24,-1.72,0.35,1787593147531.2205,False,,,2,OP1,C2_WIFI_CARGA_MEDIA,N3
,0.275,0.141,0.787,1.0,,1787593147563.182,32.545,18.0,-1.54,0.35,1787593147563.182,False,,,2,OP1,C2_WIFI_CARGA_MEDIA,N3
,0.276,0.142,0.786,1.0,,1787593147596.6917,32.51,17.92,-1.48,0.35,1787593147596.6917,False,,,2,OP1,C2_WIFI_CARGA_MEDIA,N3
,0.277,0.142,0.786,1.0,,1787593147630.478,32.51,17.84,-1.48,0.35,1787593147632.6797,False,,,2,OP1,C2_WIFI_CARGA_MEDIA,N3
,0.277,0.142,0.785,1.0,,1787593147655.005,32.475,17.84,-1.48,0.35,1787593147655.005,False,,,2,OP1,C2_WIFI_CARGA_MEDIA,N3
,0.276,0.142,0.784,1.0,,1787593147687.3828,32.44,17.92,-1.48,0.35,1787593147689.3782,False,,,2,OP1,C2_WIFI_CARGA_MEDIA,N3
,0.273,0.141,0.782,1.0,,1787593147729.4597,32.37,18.16,-1.54,0.35,1787593147729.4597,False,,,2,OP1,C2_WIFI_CARGA_MEDIA,N3
,0.271,0.14,0.782,1.0,,1787593147765.6194,32.37,18.32,-1.6,0.35,1787593147767.624,False,,,2,OP1,C2_WIFI_CARGA_MEDIA,N3
,0.27,0.139,0.783,1.0,,1787593147796.6355,32.405,18.4,-1.66,0.35,1787593147796.6355,False,,,2,OP1,C2_WIFI_CARGA_MEDIA,N3
,0.269,0.138,0.783,1.0,,1787593147827.828,32.405,18.48,-1.72,0.35,1787593147827.828,False,,,2,OP1,C2_WIFI_CARGA_MEDIA,N3
,0.269,0.138,0.782,1.0,,1787593147854.884,32.37,18.48,-1.72,0.35,1787593147855.8855,False,,,2,OP1,C2_WIFI_CARGA_MEDIA,N3
,0.269,0.138,0.782,1.0,,1787593147898.808,32.37,18.48,-1.72,0.35,1787593147898.808,False,,,2,OP1,C2_WIFI_CARGA_MEDIA,N3
,0.269,0.138,0.783,1.0,,1787593147931.739,32.405,18.48,-1.72,0.35,1787593147931.739,False,,,2,OP1,C2_WIFI_CARGA_MEDIA,N3
,0.269,0.138,0.784,1.0,,1787593147954.827,32.44,18.48,-1.72,0.35,1787593147957.2566,False,,,2,OP1,C2_WIFI_CARGA_MEDIA,N3
,0.269,0.138,0.785,1.0,,1787593147993.8203,32.475,18.48,-1.72,0.35,1787593147993.8203,False,,,2,OP1,C2_WIFI_CARGA_MEDIA,N3
,0.269,0.139,0.787,1.0,,1787593148032.4778,32.545,18.48,-1.66,0.35,1787593148032.4778,False,,,2,OP1,C2_WIFI_CARGA_MEDIA,N3
,0.269,0.139,0.787,1.0,,1787593148066.198,32.545,18.48,-1.66,0.35,1787593148066.198,False,,,2,OP1,C2_WIFI_CARGA_MEDIA,N3
,0.269,0.139,0.788,1.0,,1787593148098.7217,32.58,18.48,-1.66,0.35,1787593148098.7217,False,,,2,OP1,C2_WIFI_CARGA_MEDIA,N3
,0.269,0.139,0.79,1.0,,1787593148133.398,32.65,18.48,-1.66,0.35,1787593148133.398,False,,,2,OP1,C2_WIFI_CARGA_MEDIA,N3
,0.27,0.139,0.79,1.0,,1787593148157.6863,32.65,18.4,-1.66,0.35,1787593148158.6235,False,,,2,OP1,C2_WIFI_CARGA_MEDIA,N3
,0.271,0.139,0.791,1.0,,1787593148188.5613,32.685,18.32,-1.66,0.35,1787593148188.5613,False,,,2,OP1,C2_WIFI_CARGA_MEDIA,N3
,0.278,0.142,0.797,1.0,,1787593148245.43,32.895,17.76,-1.48,0.35,1787593148245.43,False,,,2,OP1,C2_WIFI_CARGA_MEDIA,N3
,0.286,0.146,0.806,1.0,,1787593148299.418,33.21,17.12,-1.24,0.35,1787593148299.418,False,,,2,OP1,C2_WIFI_CARGA_MEDIA,N3
,0.29,0.149,0.811,1.0,,1787593148352.22,33.385,16.8,-1.06,0.35,1787593148356.992,False,,,2,OP1,C2_WIFI_CARGA_MEDIA,N3
,0.291,0.15,0.816,1.0,,1787593148373.3748,33.56,16.72,-1.0,0.35,1787593148373.3748,False,,,2,OP1,C2_WIFI_CARGA_MEDIA,N3
,0.292,0.15,0.818,1.0,,1787593148405.1765,33.63,16.64,-1.0,0.35,1787593148408.4707,False,,,2,OP1,C2_WIFI_CARGA_MEDIA,N3
,0.293,0.15,0.819,1.0,,1787593148427.9182,33.665,16.56,-1.0,0.35,1787593148427.9182,False,,,2,OP1,C2_WIFI_CARGA_MEDIA,N3
,0.293,0.151,0.818,1.0,,1787593148497.2898,33.63,16.56,-0.94,0.35,1787593148499.3203,False,,,2,OP1,C2_WIFI_CARGA_MEDIA,N3
,0.294,0.15,0.817,1.0,,1787593148546.82,33.595,16.48,-1.0,0.35,1787593148546.82,False,,,2,OP1,C2_WIFI_CARGA_MEDIA,N3
,0.294,0.148,0.818,1.0,,1787593148603.8184,33.63,16.48,-1.12,0.35,1787593148603.8184,False,,,2,OP1,C2_WIFI_CARGA_MEDIA,N3
,0.296,0.146,0.82,1.0,,1787593148634.089,33.7,16.32,-1.24,0.35,1787593148635.222,False,,,2,OP1,C2_WIFI_CARGA_MEDIA,N3
,0.297,0.144,0.824,1.0,,1787593148662.3953,33.84,16.24,-1.36,0.35,1787593148664.1362,False,,,2,OP1,C2_WIFI_CARGA_MEDIA,N3
,0.297,0.141,0.827,1.0,,1787593148704.7644,33.945,16.24,-1.54,0.35,1787593148704.7644,False,,,2,OP1,C2_WIFI_CARGA_MEDIA,N3
,0.297,0.14,0.828,1.0,,1787593148739.9685,33.98,16.24,-1.6,0.35,1787593148739.9685,False,,,2,OP1,C2_WIFI_CARGA_MEDIA,N3
,0.296,0.14,0.83,1.0,,1787593148779.96,34.05,16.32,-1.6,0.35,1787593148779.96,False,,,2,OP1,C2_WIFI_CARGA_MEDIA,N3
,0.297,0.14,0.832,1.0,,1787593148812.0935,34.12,16.24,-1.6,0.35,1787593148813.1013,False,,,2,OP1,C2_WIFI_CARGA_MEDIA,N3
,0.298,0.141,0.833,1.0,,1787593148853.8716,34.155,16.16,-1.54,0.35,1787593148853.8716,False,,,2,OP1,C2_WIFI_CARGA_MEDIA,N3
,0.299,0.142,0.834,1.0,,1787593148878.8284,34.19,16.08,-1.48,0.35,1787593148878.8284,False,,,2,OP1,C2_WIFI_CARGA_MEDIA,N3
,0.301,0.143,0.836,1.0,,1787593148903.0613,34.26,15.92,-1.42,0.35,1787593148903.0613,False,,,2,OP1,C2_WIFI_CARGA_MEDIA,N3
,0.302,0.144,0.838,1.0,,1787593148929.557,34.33,15.84,-1.36,0.35,1787593148929.557,False,,,2,OP1,C2_WIFI_CARGA_MEDIA,N3
,0.303,0.146,0.84,1.0,,1787593148968.7302,34.4,15.76,-1.24,0.35,1787593148968.7302,False,,,2,OP1,C2_WIFI_CARGA_MEDIA,N3
,0.304,0.149,0.844,1.0,,1787593149022.9773,34.54,15.68,-1.06,0.35,1787593149024.9807,False,,,2,OP1,C2_WIFI_CARGA_MEDIA,N3
,0.304,0.152,0.852,1.0,,1787593149070.255,34.82,15.68,-0.88,0.35,1787593149070.255,False,,,2,OP1,C2_WIFI_CARGA_MEDIA,N3
,0.303,0.152,0.854,1.0,,1787593149101.9255,34.89,15.76,-0.88,0.35,1787593149101.9255,False,,,2,OP1,C2_WIFI_CARGA_MEDIA,N3
,0.302,0.151,0.858,1.0,,1787593149126.4812,35.03,15.84,-0.94,0.35,1787593149126.4812,False,,,2,OP1,C2_WIFI_CARGA_MEDIA,N3
,0.299,0.151,0.865,1.0,,1787593149163.4216,35.275,16.08,-0.94,0.35,1787593149163.4216,False,,,2,OP1,C2_WIFI_CARGA_MEDIA,N3
,0.298,0.149,0.873,1.0,,1787593149329.3545,35.555,16.16,-1.06,0.35,1787593149329.3545,False,,,2,OP1,C2_WIFI_CARGA_MEDIA,N3
,0.303,0.141,0.883,1.0,,1787593149354.6738,35.905,15.76,-1.54,0.35,1787593149354.6738,False,,,2,OP1,C2_WIFI_CARGA_MEDIA,N3
,0.306,0.139,0.88,1.0,,1787593149406.0913,35.8,15.52,-1.66,0.35,1787593149406.0913,False,,,2,OP1,C2_WIFI_CARGA_MEDIA,N3
,0.307,0.139,0.881,1.0,,1787593149430.9976,35.835,15.44,-1.66,0.35,1787593149432.007,False,,,2,OP1,C2_WIFI_CARGA_MEDIA,N3
,0.307,0.138,0.881,1.0,,1787593149464.798,35.835,15.44,-1.72,0.35,1787593149464.798,False,,,2,OP1,C2_WIFI_CARGA_MEDIA,N3
,0.306,0.137,0.884,1.0,,1787593149521.8557,35.94,15.52,-1.78,0.35,1787593149521.8557,False,,,2,OP1,C2_WIFI_CARGA_MEDIA,N3
,0.306,0.137,0.885,1.0,,1787593149546.8865,35.975,15.52,-1.78,0.35,1787593149547.6511,False,,,2,OP1,C2_WIFI_CARGA_MEDIA,N3
,0.304,0.136,0.886,1.0,,1787593149604.069,36.01,15.68,-1.84,0.35,1787593149610.6687,False,,,2,OP1,C2_WIFI_CARGA_MEDIA,N3
,0.303,0.135,0.887,1.0,,1787593149662.8044,36.045,15.76,-1.9,0.35,1787593149662.8044,False,,,2,OP1,C2_WIFI_CARGA_MEDIA,N3
,0.303,0.135,0.888,1.0,,1787593149686.1934,36.08,15.76,-1.9,0.35,1787593149686.1934,False,,,2,OP1,C2_WIFI_CARGA_MEDIA,N3
,0.303,0.135,0.89,1.0,,1787593149747.2373,36.15,15.76,-1.9,0.35,1787593149747.2373,False,,,2,OP1,C2_WIFI_CARGA_MEDIA,N3
,0.303,0.135,0.891,1.0,,1787593149769.8044,36.185,15.76,-1.9,0.35,1787593149769.8044,False,,,2,OP1,C2_WIFI_CARGA_MEDIA,N3
,0.302,0.136,0.893,1.0,,1787593149802.9229,36.255,15.84,-1.84,0.35,1787593149803.7605,False,,,2,OP1,C2_WIFI_CARGA_MEDIA,N3
,0.303,0.135,0.897,1.0,,1787593149860.5608,36.395,15.76,-1.9,0.35,1787593149861.536,False,,,2,OP1,C2_WIFI_CARGA_MEDIA,N3
,0.304,0.135,0.902,0.879,,1787593149903.808,36.57,15.68,-1.9,0.4771,1787593149904.8235,False,,,2,OP1,C2_WIFI_CARGA_MEDIA,N3
,0.306,0.137,0.906,0.593,,1787593149943.2732,36.71,15.52,-1.78,0.7774,1787593149945.2795,False,,,2,OP1,C2_WIFI_CARGA_MEDIA,N3
,0.308,0.142,0.909,0.179,,1787593149998.6077,36.815,15.36,-1.48,1.2121,1787593149998.6077,False,,,2,OP1,C2_WIFI_CARGA_MEDIA,N3
,0.307,0.144,0.909,0.08,,1787593150020.7466,36.815,15.44,-1.36,1.316,1787593150020.7466,False,,,2,OP1,C2_WIFI_CARGA_MEDIA,N3
,0.306,0.145,0.909,0.015,,1787593150044.9048,36.815,15.52,-1.3,1.3842,1787593150044.9048,False,,,2,OP1,C2_WIFI_CARGA_MEDIA,N3
,0.304,0.147,0.908,0.0,,1787593150073.0525,36.78,15.68,-1.18,1.4,1787593150074.1487,False,,,2,OP1,C2_WIFI_CARGA_MEDIA,N3
,0.303,0.146,0.909,0.0,,1787593150106.8623,36.815,15.76,-1.24,1.4,1787593150106.8623,False,,,2,OP1,C2_WIFI_CARGA_MEDIA,N3
,0.301,0.148,0.908,0.0,,1787593150138.7378,36.78,15.92,-1.12,1.4,1787593150141.0583,False,,,2,OP1,C2_WIFI_CARGA_MEDIA,N3
,0.301,0.148,0.908,0.0,,1787593150296.9792,36.78,15.92,-1.12,1.4,1787593150307.6145,False,,,2,OP1,C2_WIFI_CARGA_MEDIA,N3
,0.298,0.145,0.905,0.0,,1787593150350.2888,36.675,16.16,-1.3,1.4,1787593150351.2368,False,,,2,OP1,C2_WIFI_CARGA_MEDIA,N3
,0.297,0.144,0.904,0.0,,1787593150383.394,36.64,16.24,-1.36,1.4,1787593150383.394,False,,,2,OP1,C2_WIFI_CARGA_MEDIA,N3
,0.296,0.143,0.904,0.0,,1787593150408.5017,36.64,16.32,-1.42,1.4,1787593150408.5017,False,,,2,OP1,C2_WIFI_CARGA_MEDIA,N3
,0.294,0.142,0.903,0.0,,1787593150470.6572,36.605,16.48,-1.48,1.4,1787593150470.6572,False,,,2,OP1,C2_WIFI_CARGA_MEDIA,N3
,0.294,0.141,0.903,0.0,,1787593150497.1,36.605,16.48,-1.54,1.4,1787593150497.1,False,,,2,OP1,C2_WIFI_CARGA_MEDIA,N3
,0.293,0.14,0.904,0.0,,1787593150519.0176,36.64,16.56,-1.6,1.4,1787593150519.0176,False,,,2,OP1,C2_WIFI_CARGA_MEDIA,N3
,0.293,0.139,0.904,0.0,,1787593150547.3594,36.64,16.56,-1.66,1.4,1787593150547.3594,False,,,2,OP1,C2_WIFI_CARGA_MEDIA,N3
,0.293,0.138,0.904,0.0,,1787593150575.8264,36.64,16.56,-1.72,1.4,1787593150575.8264,False,,,2,OP1,C2_WIFI_CARGA_MEDIA,N3
,0.293,0.138,0.904,0.0,,1787593150609.8855,36.64,16.56,-1.72,1.4,1787593150609.8855,False,,,2,OP1,C2_WIFI_CARGA_MEDIA,N3
,0.292,0.137,0.904,0.011,,1787593150646.8855,36.64,16.64,-1.78,1.3884,1787593150646.8855,False,,,2,OP1,C2_WIFI_CARGA_MEDIA,N3
,0.291,0.137,0.903,0.024,,1787593150675.4116,36.605,16.72,-1.78,1.3748,1787593150678.1216,False,,,2,OP1,C2_WIFI_CARGA_MEDIA,N3
,0.29,0.137,0.902,0.042,,1787593150747.3296,36.57,16.8,-1.78,1.3559,1787593150747.3296,False,,,2,OP1,C2_WIFI_CARGA_MEDIA,N3
,0.289,0.137,0.902,0.046,,1787593150777.1091,36.57,16.88,-1.78,1.3517,1787593150779.506,False,,,2,OP1,C2_WIFI_CARGA_MEDIA,N3
,0.288,0.136,0.9,0.046,,1787593150821.1826,36.5,16.96,-1.84,1.3517,1787593150821.1826,False,,,2,OP1,C2_WIFI_CARGA_MEDIA,N3
,0.289,0.136,0.9,0.044,,1787593150846.9302,36.5,16.88,-1.84,1.3538,1787593150846.9302,False,,,2,OP1,C2_WIFI_CARGA_MEDIA,N3
,0.289,0.136,0.9,0.043,,1787593150877.2222,36.5,16.88,-1.84,1.3548,1787593150877.6511,False,,,2,OP1,C2_WIFI_CARGA_MEDIA,N3
,0.289,0.136,0.9,0.043,,1787593150916.244,36.5,16.88,-1.84,1.3548,1787593150919.122,False,,,2,OP1,C2_WIFI_CARGA_MEDIA,N3
,0.289,0.136,0.9,0.045,,1787593150972.66,36.5,16.88,-1.84,1.3527,1787593150972.66,False,,,2,OP1,C2_WIFI_CARGA_MEDIA,N3
,0.289,0.137,0.901,0.046,,1787593150997.142,36.535,16.88,-1.78,1.3517,1787593150997.142,False,,,2,OP1,C2_WIFI_CARGA_MEDIA,N3
,0.29,0.137,0.902,0.045,,1787593151047.6858,36.57,16.8,-1.78,1.3527,1787593151050.3738,False,,,2,OP1,C2_WIFI_CARGA_MEDIA,N3
,0.29,0.137,0.901,0.046,,1787593151080.5503,36.535,16.8,-1.78,1.3517,1787593151081.6265,False,,,2,OP1,C2_WIFI_CARGA_MEDIA,N3
,0.29,0.137,0.9,0.051,,1787593151131.258,36.5,16.8,-1.78,1.3464,1787593151131.9463,False,,,2,OP1,C2_WIFI_CARGA_MEDIA,N3
,0.289,0.137,0.899,0.055,,1787593151157.36,36.465,16.88,-1.78,1.3422,1787593151157.36,False,,,2,OP1,C2_WIFI_CARGA_MEDIA,N3
,0.288,0.137,0.898,0.06,,1787593151179.3733,36.43,16.96,-1.78,1.337,1787593151181.144,False,,,2,OP1,C2_WIFI_CARGA_MEDIA,N3
,0.288,0.137,0.897,0.066,,1787593151224.8716,36.395,16.96,-1.78,1.3307,1787593151224.8716,False,,,2,OP1,C2_WIFI_CARGA_MEDIA,N3
,0.287,0.138,0.897,0.073,,1787593151252.2483,36.395,17.04,-1.72,1.3234,1787593151252.2483,False,,,2,OP1,C2_WIFI_CARGA_MEDIA,N3
,0.286,0.138,0.897,0.08,,1787593151278.723,36.395,17.12,-1.72,1.316,1787593151278.723,False,,,2,OP1,C2_WIFI_CARGA_MEDIA,N3
,0.285,0.137,0.896,0.081,,1787593151316.3777,36.36,17.2,-1.78,1.3149,1787593151316.3777,False,,,2,OP1,C2_WIFI_CARGA_MEDIA,N3
,0.285,0.137,0.895,0.079,,1787593151358.5583,36.325,17.2,-1.78,1.317,1787593151358.5583,False,,,2,OP1,C2_WIFI_CARGA_MEDIA,N3
,0.284,0.137,0.895,0.075,,1787593151382.6765,36.325,17.28,-1.78,1.3213,1787593151383.6753,False,,,2,OP1,C2_WIFI_CARGA_MEDIA,N3
,0.284,0.137,0.896,0.067,,1787593151407.6636,36.36,17.28,-1.78,1.3296,1787593151408.8022,False,,,2,OP1,C2_WIFI_CARGA_MEDIA,N3
,0.284,0.137,0.896,0.058,,1787593151431.1191,36.36,17.28,-1.78,1.3391,1787593151432.129,False,,,2,OP1,C2_WIFI_CARGA_MEDIA,N3
,0.284,0.137,0.897,0.05,,1787593151460.6985,36.395,17.28,-1.78,1.3475,1787593151461.7522,False,,,2,OP1,C2_WIFI_CARGA_MEDIA,N3
,0.284,0.138,0.898,0.038,,1787593151526.6948,36.43,17.28,-1.72,1.3601,1787593151526.6948,False,,,2,OP1,C2_WIFI_CARGA_MEDIA,N3
,0.284,0.138,0.897,0.034,,1787593151558.5002,36.395,17.28,-1.72,1.3643,1787593151558.5002,False,,,2,OP1,C2_WIFI_CARGA_MEDIA,N3
,0.284,0.137,0.899,0.03,,1787593151612.1416,36.465,17.28,-1.78,1.3685,1787593151612.1416,False,,,2,OP1,C2_WIFI_CARGA_MEDIA,N3
,0.284,0.137,0.899,0.023,,1787593151662.1152,36.465,17.28,-1.78,1.3759,1787593151662.1152,False,,,2,OP1,C2_WIFI_CARGA_MEDIA,N3
,0.284,0.137,0.899,0.02,,1787593151682.775,36.465,17.28,-1.78,1.379,1787593151684.7542,False,,,2,OP1,C2_WIFI_CARGA_MEDIA,N3
,0.284,0.137,0.899,0.017,,1787593151726.319,36.465,17.28,-1.78,1.3821,1787593151726.319,False,,,2,OP1,C2_WIFI_CARGA_MEDIA,N3
,0.284,0.137,0.899,0.014,,1787593151768.8762,36.465,17.28,-1.78,1.3853,1787593151768.8762,False,,,2,OP1,C2_WIFI_CARGA_MEDIA,N3
,0.285,0.139,0.898,0.015,,1787593151962.722,36.43,17.2,-1.66,1.3842,1787593151963.2925,False,,,2,OP1,C2_WIFI_CARGA_MEDIA,N3
,0.287,0.143,0.899,0.036,,1787593151993.0112,36.465,17.04,-1.42,1.3622,1787593151993.0112,False,,,2,OP1,C2_WIFI_CARGA_MEDIA,N3
,0.287,0.144,0.9,0.052,,1787593152020.7368,36.5,17.04,-1.36,1.3454,1787593152021.6736,False,,,2,OP1,C2_WIFI_CARGA_MEDIA,N3
,0.287,0.145,0.9,0.273,,1787593152057.8567,36.5,17.04,-1.3,1.1134,1787593152059.8667,False,,,2,OP1,C2_WIFI_CARGA_MEDIA,N3
,0.286,0.148,0.895,0.63,,1787593152097.0703,36.325,17.12,-1.12,0.7385,1787593152097.0703,False,,,2,OP1,C2_WIFI_CARGA_MEDIA,N3
,0.284,0.151,0.895,0.813,,1787593152122.412,36.325,17.28,-0.94,0.5464,1787593152122.412,False,,,2,OP1,C2_WIFI_CARGA_MEDIA,N3
,0.281,0.153,0.896,0.963,,1787593152165.0208,36.36,17.52,-0.82,0.3889,1787593152165.0208,False,,,2,OP1,C2_WIFI_CARGA_MEDIA,N3
,0.28,0.153,0.898,1.0,,1787593152199.0713,36.43,17.6,-0.82,0.35,1787593152199.0713,False,,,2,OP1,C2_WIFI_CARGA_MEDIA,N3
,0.279,0.152,0.899,1.0,,1787593152224.6013,36.465,17.68,-0.88,0.35,1787593152224.6013,False,,,2,OP1,C2_WIFI_CARGA_MEDIA,N3
,0.278,0.151,0.9,1.0,,1787593152254.2725,36.5,17.76,-0.94,0.35,1787593152255.0627,False,,,2,OP1,C2_WIFI_CARGA_MEDIA,N3
,0.276,0.151,0.899,1.0,,1787593152300.889,36.465,17.92,-0.94,0.35,1787593152300.889,False,,,2,OP1,C2_WIFI_CARGA_MEDIA,N3
,0.275,0.153,0.895,1.0,,1787593152323.0215,36.325,18.0,-0.82,0.35,1787593152323.0215,False,,,2,OP1,C2_WIFI_CARGA_MEDIA,N3
,0.274,0.155,0.891,1.0,,1787593152365.6472,36.185,18.08,-0.7,0.35,1787593152367.6533,False,,,2,OP1,C2_WIFI_CARGA_MEDIA,N3
,0.273,0.157,0.887,1.0,,1787593152418.464,36.045,18.16,-0.58,0.35,1787593152421.8567,False,,,2,OP1,C2_WIFI_CARGA_MEDIA,N3
,0.273,0.158,0.885,1.0,,1787593152446.9685,35.975,18.16,-0.52,0.35,1787593152446.9685,False,,,2,OP1,C2_WIFI_CARGA_MEDIA,N3
,0.272,0.158,0.883,1.0,,1787593152468.025,35.905,18.24,-0.52,0.35,1787593152468.025,False,,,2,OP1,C2_WIFI_CARGA_MEDIA,N3
,0.271,0.158,0.883,1.0,,1787593152500.9487,35.905,18.32,-0.52,0.35,1787593152501.5652,False,,,2,OP1,C2_WIFI_CARGA_MEDIA,N3
,0.27,0.158,0.882,1.0,,1787593152527.621,35.87,18.4,-0.52,0.35,1787593152527.621,False,,,2,OP1,C2_WIFI_CARGA_MEDIA,N3
,0.27,0.158,0.883,1.0,,1787593152560.2192,35.905,18.4,-0.52,0.35,1787593152561.2188,False,,,2,OP1,C2_WIFI_CARGA_MEDIA,N3
,0.269,0.158,0.882,1.0,,1787593152600.898,35.87,18.48,-0.52,0.35,1787593152600.898,False,,,2,OP1,C2_WIFI_CARGA_MEDIA,N3
,0.269,0.158,0.882,1.0,,1787593152625.5625,35.87,18.48,-0.52,0.35,1787593152626.6997,False,,,2,OP1,C2_WIFI_CARGA_MEDIA,N3
,0.269,0.158,0.882,1.0,,1787593152670.0957,35.87,18.48,-0.52,0.35,1787593152670.0957,False,,,2,OP1,C2_WIFI_CARGA_MEDIA,N3
,0.269,0.158,0.883,1.0,,1787593152696.9854,35.905,18.48,-0.52,0.35,1787593152696.9854,False,,,2,OP1,C2_WIFI_CARGA_MEDIA,N3
,0.269,0.158,0.883,1.0,,1787593152866.8074,35.905,18.48,-0.52,0.35,1787593152866.8074,False,,,2,OP1,C2_WIFI_CARGA_MEDIA,N3
,0.27,0.155,0.882,1.0,,1787593152921.6863,35.87,18.4,-0.7,0.35,1787593152925.0188,False,,,2,OP1,C2_WIFI_CARGA_MEDIA,N3
,0.27,0.155,0.882,1.0,,1787593152946.9604,35.87,18.4,-0.7,0.35,1787593152946.9604,False,,,2,OP1,C2_WIFI_CARGA_MEDIA,N3
,0.27,0.155,0.881,1.0,,1787593152971.6692,35.835,18.4,-0.7,0.35,1787593152971.6692,False,,,2,OP1,C2_WIFI_CARGA_MEDIA,N3
,0.271,0.155,0.88,1.0,,1787593152997.51,35.8,18.32,-0.7,0.35,1787593152997.51,False,,,2,OP1,C2_WIFI_CARGA_MEDIA,N3
,0.271,0.155,0.879,1.0,,1787593153028.7566,35.765,18.32,-0.7,0.35,1787593153030.6338,False,,,2,OP1,C2_WIFI_CARGA_MEDIA,N3
,0.271,0.155,0.879,1.0,,1787593153062.4478,35.765,18.32,-0.7,0.35,1787593153062.4478,False,,,2,OP1,C2_WIFI_CARGA_MEDIA,N3
,0.271,0.156,0.879,1.0,,1787593153097.7937,35.765,18.32,-0.64,0.35,1787593153097.7937,False,,,2,OP1,C2_WIFI_CARGA_MEDIA,N3
,0.271,0.156,0.879,1.0,,1787593153129.334,35.765,18.32,-0.64,0.35,1787593153130.3523,False,,,2,OP1,C2_WIFI_CARGA_MEDIA,N3
,0.27,0.156,0.879,1.0,,1787593153170.2832,35.765,18.4,-0.64,0.35,1787593153170.2832,False,,,2,OP1,C2_WIFI_CARGA_MEDIA,N3
,0.27,0.156,0.879,1.0,,1787593153202.1714,35.765,18.4,-0.64,0.35,1787593153202.1714,False,,,2,OP1,C2_WIFI_CARGA_MEDIA,N3
,0.27,0.156,0.879,1.0,,1787593153224.5654,35.765,18.4,-0.64,0.35,1787593153229.9346,False,,,2,OP1,C2_WIFI_CARGA_MEDIA,N3
,0.269,0.155,0.88,1.0,,1787593153267.8098,35.8,18.48,-0.7,0.35,1787593153267.8098,False,,,2,OP1,C2_WIFI_CARGA_MEDIA,N3
,0.269,0.155,0.88,1.0,,1787593153307.276,35.8,18.48,-0.7,0.35,1787593153307.276,False,,,2,OP1,C2_WIFI_CARGA_MEDIA,N3
,0.269,0.155,0.88,1.0,,1787593153331.492,35.8,18.48,-0.7,0.35,1787593153331.492,False,,,2,OP1,C2_WIFI_CARGA_MEDIA,N3
,0.268,0.156,0.881,1.0,,1787593153367.96,35.835,18.56,-0.64,0.35,1787593153367.96,False,,,2,OP1,C2_WIFI_CARGA_MEDIA,N3
,0.267,0.158,0.881,1.0,,1787593153407.69,35.835,18.64,-0.52,0.35,1787593153408.6938,False,,,2,OP1,C2_WIFI_CARGA_MEDIA,N3
,0.267,0.159,0.88,1.0,,1787593153432.8938,35.8,18.64,-0.46,0.35,1787593153432.8938,False,,,2,OP1,C2_WIFI_CARGA_MEDIA,N3
,0.267,0.161,0.88,1.0,,1787593153474.1052,35.8,18.64,-0.34,0.35,1787593153474.1052,False,,,2,OP1,C2_WIFI_CARGA_MEDIA,N3
,0.267,0.162,0.879,1.0,,1787593153507.232,35.765,18.64,-0.28,0.35,1787593153507.232,False,,,2,OP1,C2_WIFI_CARGA_MEDIA,N3
,0.267,0.164,0.877,1.0,,1787593153534.87,35.695,18.64,-0.16,0.35,1787593153534.87,False,,,2,OP1,C2_WIFI_CARGA_MEDIA,N3
,0.267,0.166,0.874,1.0,,1787593153563.454,35.59,18.64,-0.04,0.35,1787593153564.499,False,,,2,OP1,C2_WIFI_CARGA_MEDIA,N3
,0.267,0.174,0.87,1.0,,1787593153597.1646,35.45,18.64,0.44,0.35,1787593153597.1646,False,,,2,OP1,C2_WIFI_CARGA_MEDIA,N3
,0.267,0.177,0.869,1.0,,1787593153633.8667,35.415,18.64,0.62,0.35,1787593153633.8667,False,,,2,OP1,C2_WIFI_CARGA_MEDIA,N3
,0.267,0.178,0.866,1.0,,1787593153686.654,35.31,18.64,0.68,0.35,1787593153686.654,False,,,2,OP1,C2_WIFI_CARGA_MEDIA,N3
,0.266,0.179,0.864,1.0,,1787593153716.6392,35.24,18.72,0.74,0.35,1787593153716.6392,False,,,2,OP1,C2_WIFI_CARGA_MEDIA,N3
,0.266,0.18,0.862,1.0,,1787593153748.2097,35.17,18.72,0.8,0.35,1787593153748.2097,False,,,2,OP1,C2_WIFI_CARGA_MEDIA,N3
,0.265,0.18,0.861,1.0,,1787593153786.53,35.135,18.8,0.8,0.35,1787593153787.5898,False,,,2,OP1,C2_WIFI_CARGA_MEDIA,N3
,0.265,0.179,0.861,1.0,,1787593153922.7937,35.135,18.8,0.74,0.35,1787593153922.7937,False,,,2,OP1,C2_WIFI_CARGA_MEDIA,N3
,0.262,0.179,0.857,1.0,,1787593153947.036,34.995,19.04,0.74,0.35,1787593153949.1543,False,,,2,OP1,C2_WIFI_CARGA_MEDIA,N3
,0.262,0.178,0.857,1.0,,1787593153980.8557,34.995,19.04,0.68,0.35,1787593153980.8557,False,,,2,OP1,C2_WIFI_CARGA_MEDIA,N3
,0.262,0.178,0.857,1.0,,1787593154008.0757,34.995,19.04,0.68,0.35,1787593154008.0757,False,,,2,OP1,C2_WIFI_CARGA_MEDIA,N3
,0.261,0.177,0.858,1.0,,1787593154056.077,35.03,19.12,0.62,0.35,1787593154056.077,False,,,2,OP1,C2_WIFI_CARGA_MEDIA,N3
,0.261,0.177,0.859,1.0,,1787593154080.4358,35.065,19.12,0.62,0.35,1787593154082.3848,False,,,2,OP1,C2_WIFI_CARGA_MEDIA,N3
,0.261,0.176,0.86,1.0,,1787593154115.3987,35.1,19.12,0.56,0.35,1787593154120.8154,False,,,2,OP1,C2_WIFI_CARGA_MEDIA,N3
,0.261,0.176,0.86,1.0,,1787593154140.683,35.1,19.12,0.56,0.35,1787593154140.683,False,,,2,OP1,C2_WIFI_CARGA_MEDIA,N3
,0.261,0.176,0.862,1.0,,1787593154176.1248,35.17,19.12,0.56,0.35,1787593154177.0625,False,,,2,OP1,C2_WIFI_CARGA_MEDIA,N3
,0.262,0.175,0.864,1.0,,1787593154230.427,35.24,19.04,0.5,0.35,1787593154232.4116,False,,,2,OP1,C2_WIFI_CARGA_MEDIA,N3
,0.262,0.174,0.863,1.0,,1787593154277.6958,35.205,19.04,0.44,0.35,1787593154277.6958,False,,,2,OP1,C2_WIFI_CARGA_MEDIA,N3
,0.262,0.174,0.863,1.0,,1787593154336.912,35.205,19.04,0.44,0.35,1787593154340.197,False,,,2,OP1,C2_WIFI_CARGA_MEDIA,N3
,0.262,0.174,0.862,1.0,,1787593154369.3066,35.17,19.04,0.44,0.35,1787593154369.3066,False,,,2,OP1,C2_WIFI_CARGA_MEDIA,N3
,0.262,0.173,0.863,1.0,,1787593154415.731,35.205,19.04,0.38,0.35,1787593154415.731,False,,,2,OP1,C2_WIFI_CARGA_MEDIA,N3
,0.262,0.173,0.863,1.0,,1787593154439.2122,35.205,19.04,0.38,0.35,1787593154439.2122,False,,,2,OP1,C2_WIFI_CARGA_MEDIA,N3
,0.263,0.173,0.864,1.0,,1787593154472.2893,35.24,18.96,0.38,0.35,1787593154473.381,False,,,2,OP1,C2_WIFI_CARGA_MEDIA,N3
,0.263,0.172,0.864,1.0,,1787593154508.9475,35.24,18.96,0.32,0.35,1787593154511.74,False,,,2,OP1,C2_WIFI_CARGA_MEDIA,N3
,0.263,0.171,0.863,1.0,,1787593154542.5144,35.205,18.96,0.26,0.35,1787593154543.574,False,,,2,OP1,C2_WIFI_CARGA_MEDIA,N3
,0.263,0.17,0.863,1.0,,1787593154578.1208,35.205,18.96,0.2,0.35,1787593154578.1208,False,,,2,OP1,C2_WIFI_CARGA_MEDIA,N3
,0.263,0.17,0.862,1.0,,1787593154619.9998,35.17,18.96,0.2,0.35,1787593154621.5093,False,,,2,OP1,C2_WIFI_CARGA_MEDIA,N3
,0.262,0.169,0.861,1.0,,1787593154647.0469,35.135,19.04,0.14,0.35,1787593154647.0469,False,,,2,OP1,C2_WIFI_CARGA_MEDIA,N3
,0.262,0.168,0.86,1.0,,1787593154675.2148,35.1,19.04,0.08,0.35,1787593154676.6477,False,,,2,OP1,C2_WIFI_CARGA_MEDIA,N3
,0.262,0.167,0.86,1.0,,1787593154704.0134,35.1,19.04,0.02,0.35,1787593154704.0134,False,,,2,OP1,C2_WIFI_CARGA_MEDIA,N3
,0.262,0.165,0.86,1.0,,1787593154754.785,35.1,19.04,-0.1,0.35,1787593154754.785,False,,,2,OP1,C2_WIFI_CARGA_MEDIA,N3
,0.263,0.164,0.86,1.0,,1787593154778.0618,35.1,18.96,-0.16,0.35,1787593154778.0618,False,,,2,OP1,C2_WIFI_CARGA_MEDIA,N3
,0.264,0.163,0.861,1.0,,1787593154812.836,35.135,18.88,-0.22,0.35,1787593154812.836,False,,,2,OP1,C2_WIFI_CARGA_MEDIA,N3
,0.266,0.159,0.866,1.0,,1787593154855.8518,35.31,18.72,-0.46,0.35,1787593154855.8518,False,,,2,OP1,C2_WIFI_CARGA_MEDIA,N3
,0.269,0.156,0.87,1.0,,1787593154898.1072,35.45,18.48,-0.64,0.35,1787593154898.1072,False,,,2,OP1,C2_WIFI_CARGA_MEDIA,N3
,0.272,0.152,0.877,1.0,,1787593154920.3025,35.695,18.24,-0.88,0.35,1787593154920.3025,False,,,2,OP1,C2_WIFI_CARGA_MEDIA,N3
,0.275,0.149,0.884,1.0,,1787593154955.741,35.94,18.0,-1.06,0.35,1787593154955.741,False,,,2,OP1,C2_WIFI_CARGA_MEDIA,N3
,0.276,0.148,0.886,1.0,,1787593154976.0437,36.01,17.92,-1.12,0.35,1787593154976.0437,False,,,2,OP1,C2_WIFI_CARGA_MEDIA,N3
,0.276,0.148,0.886,1.0,,1787593155011.7012,36.01,17.92,-1.12,0.35,1787593155013.6377,False,,,2,OP1,C2_WIFI_CARGA_MEDIA,N3
,0.276,0.149,0.887,1.0,,1787593155047.298,36.045,17.92,-1.06,0.35,1787593155047.298,False,,,2,OP1,C2_WIFI_CARGA_MEDIA,N3
,0.276,0.15,0.888,1.0,,1787593155077.0403,36.08,17.92,-1.0,0.35,1787593155079.052,False,,,2,OP1,C2_WIFI_CARGA_MEDIA,N3
,0.276,0.15,0.891,1.0,,1787593155121.084,36.185,17.92,-1.0,0.35,1787593155121.084,False,,,2,OP1,C2_WIFI_CARGA_MEDIA,N3
,0.276,0.15,0.892,1.0,,1787593155149.8564,36.22,17.92,-1.0,0.35,1787593155150.8596,False,,,2,OP1,C2_WIFI_CARGA_MEDIA,N3
,0.276,0.15,0.894,1.0,,1787593155176.3064,36.29,17.92,-1.0,0.35,1787593155177.3628,False,,,2,OP1,C2_WIFI_CARGA_MEDIA,N3
,0.276,0.149,0.895,1.0,,1787593155197.3958,36.325,17.92,-1.06,0.35,1787593155208.113,False,,,2,OP1,C2_WIFI_CARGA_MEDIA,N3
,0.276,0.148,0.897,1.0,,1787593155256.017,36.395,17.92,-1.12,0.35,1787593155256.017,False,,,2,OP1,C2_WIFI_CARGA_MEDIA,N3
,0.277,0.148,0.897,1.0,,1787593155280.4382,36.395,17.84,-1.12,0.35,1787593155280.877,False,,,2,OP1,C2_WIFI_CARGA_MEDIA,N3
,0.277,0.147,0.898,1.0,,1787593155316.9414,36.43,17.84,-1.18,0.35,1787593155316.9414,False,,,2,OP1,C2_WIFI_CARGA_MEDIA,N3
,0.277,0.147,0.901,1.0,,1787593155357.915,36.535,17.84,-1.18,0.35,1787593155359.421,False,,,2,OP1,C2_WIFI_CARGA_MEDIA,N3
,0.277,0.147,0.904,1.0,,1787593155390.298,36.64,17.84,-1.18,0.35,1787593155390.298,False,,,2,OP1,C2_WIFI_CARGA_MEDIA,N3
,0.276,0.146,0.909,1.0,,1787593155423.37,36.815,17.92,-1.24,0.35,1787593155423.37,False,,,2,OP1,C2_WIFI_CARGA_MEDIA,N3
,0.275,0.145,0.915,1.0,,1787593155453.0078,37.025,18.0,-1.3,0.35,1787593155453.0078,False,,,2,OP1,C2_WIFI_CARGA_MEDIA,N3
,0.274,0.144,0.921,1.0,,1787593155480.703,37.235,18.08,-1.36,0.35,1787593155482.7766,False,,,2,OP1,C2_WIFI_CARGA_MEDIA,N3
,0.273,0.142,0.926,1.0,,1787593155507.6404,37.41,18.16,-1.48,0.35,1787593155512.824,False,,,2,OP1,C2_WIFI_CARGA_MEDIA,N3
,0.271,0.139,0.938,1.0,,1787593155559.636,37.83,18.32,-1.66,0.35,1787593155559.636,False,,,2,OP1,C2_WIFI_CARGA_MEDIA,N3
,0.27,0.139,0.94,1.0,,1787593155583.4666,37.9,18.4,-1.66,0.35,1787593155583.4666,False,,,2,OP1,C2_WIFI_CARGA_MEDIA,N3
,0.27,0.138,0.944,1.0,,1787593155622.1443,38.04,18.4,-1.72,0.35,1787593155624.1504,False,,,2,OP1,C2_WIFI_CARGA_MEDIA,N3
,0.27,0.137,0.947,1.0,,1787593155651.9556,38.145,18.4,-1.78,0.35,1787593155651.9556,False,,,2,OP1,C2_WIFI_CARGA_MEDIA,N3
,0.27,0.136,0.95,1.0,,1787593155693.1702,38.25,18.4,-1.84,0.35,1787593155694.1643,False,,,2,OP1,C2_WIFI_CARGA_MEDIA,N3
,0.27,0.134,0.955,1.0,,1787593155727.4478,38.425,18.4,-1.96,0.35,1787593155727.4478,False,,,2,OP1,C2_WIFI_CARGA_MEDIA,N3
,0.27,0.133,0.96,1.0,,1787593155762.1858,38.6,18.4,-2.02,0.35,1787593155762.1858,False,,,2,OP1,C2_WIFI_CARGA_MEDIA,N3
,0.27,0.131,0.963,1.0,,1787593155784.0054,38.705,18.4,-2.14,0.35,1787593155785.0,False,,,2,OP1,C2_WIFI_CARGA_MEDIA,N3
,0.271,0.129,0.967,1.0,,1787593155818.5193,38.845,18.32,-2.26,0.35,1787593155819.2908,False,,,2,OP1,C2_WIFI_CARGA_MEDIA,N3
,0.272,0.128,0.97,1.0,,1787593155857.7256,38.95,18.24,-2.32,0.35,1787593155859.7322,False,,,2,OP1,C2_WIFI_CARGA_MEDIA,N3
,0.273,0.128,0.973,1.0,,1787593155885.05,39.055,18.16,-2.32,0.35,1787593155885.5583,False,,,2,OP1,C2_WIFI_CARGA_MEDIA,N3
,0.273,0.128,0.974,1.0,,1787593155928.068,39.09,18.16,-2.32,0.35,1787593155928.068,False,,,2,OP1,C2_WIFI_CARGA_MEDIA,N3
,0.273,0.128,0.974,1.0,,1787593155957.4392,39.09,18.16,-2.32,0.35,1787593155957.96,False,,,2,OP1,C2_WIFI_CARGA_MEDIA,N3
,0.274,0.128,0.974,1.0,,1787593155984.1182,39.09,18.08,-2.32,0.35,1787593155985.2974,False,,,2,OP1,C2_WIFI_CARGA_MEDIA,N3
,0.274,0.128,0.975,1.0,,1787593156005.3074,39.125,18.08,-2.32,0.35,1787593156005.3074,False,,,2,OP1,C2_WIFI_CARGA_MEDIA,N3
,0.275,0.127,0.976,1.0,,1787593156064.5232,39.16,18.0,-2.38,0.35,1787593156064.5232,False,,,2,OP1,C2_WIFI_CARGA_MEDIA,N3
,0.275,0.126,0.976,1.0,,1787593156086.3386,39.16,18.0,-2.44,0.35,1787593156087.3298,False,,,2,OP1,C2_WIFI_CARGA_MEDIA,N3
,0.275,0.126,0.976,1.0,,1787593156120.687,39.16,18.0,-2.44,0.35,1787593156120.687,False,,,2,OP1,C2_WIFI_CARGA_MEDIA,N3
,0.275,0.125,0.975,1.0,,1787593156151.6123,39.125,18.0,-2.5,0.35,1787593156153.7712,False,,,2,OP1,C2_WIFI_CARGA_MEDIA,N3
,0.275,0.123,0.975,1.0,,1787593156198.2844,39.125,18.0,-2.62,0.35,1787593156199.5916,False,,,2,OP1,C2_WIFI_CARGA_MEDIA,N3
,0.276,0.122,0.975,1.0,,1787593156227.1753,39.125,17.92,-2.68,0.35,1787593156229.6887,False,,,2,OP1,C2_WIFI_CARGA_MEDIA,N3
,0.276,0.12,0.974,1.0,,1787593156263.535,39.09,17.92,-2.8,0.35,1787593156263.535,False,,,2,OP1,C2_WIFI_CARGA_MEDIA,N3
,0.276,0.119,0.974,1.0,,1787593156290.3586,39.09,17.92,-2.86,0.35,1787593156292.3704,False,,,2,OP1,C2_WIFI_CARGA_MEDIA,N3
,0.276,0.117,0.973,1.0,,1787593156458.8804,39.055,17.92,-2.98,0.35,1787593156459.4124,False,,,2,OP1,C2_WIFI_CARGA_MEDIA,N3
,0.276,0.115,0.968,1.0,,1787593156500.5818,38.88,17.92,-3.1,0.35,1787593156502.5903,False,,,2,OP1,C2_WIFI_CARGA_MEDIA,N3
,0.275,0.115,0.967,1.0,,1787593156523.2107,38.845,18.0,-3.1,0.35,1787593156523.2107,False,,,2,OP1,C2_WIFI_CARGA_MEDIA,N3
,0.274,0.115,0.966,1.0,,1787593156568.707,38.81,18.08,-3.1,0.35,1787593156570.7146,False,,,2,OP1,C2_WIFI_CARGA_MEDIA,N3
,0.273,0.115,0.964,1.0,,1787593156596.9944,38.74,18.16,-3.1,0.35,1787593156596.9944,False,,,2,OP1,C2_WIFI_CARGA_MEDIA,N3
,0.272,0.116,0.961,1.0,,1787593156621.371,38.635,18.24,-3.04,0.35,1787593156622.7622,False,,,2,OP1,C2_WIFI_CARGA_MEDIA,N3
,0.271,0.116,0.959,1.0,,1787593156647.1812,38.565,18.32,-3.04,0.35,1787593156654.752,False,,,2,OP1,C2_WIFI_CARGA_MEDIA,N3
,0.269,0.118,0.955,1.0,,1787593156696.9534,38.425,18.48,-2.92,0.35,1787593156696.9534,False,,,2,OP1,C2_WIFI_CARGA_MEDIA,N3
,0.269,0.119,0.95,1.0,,1787593156725.1443,38.25,18.48,-2.86,0.35,1787593156725.1443,False,,,2,OP1,C2_WIFI_CARGA_MEDIA,N3
,0.268,0.12,0.947,1.0,,1787593156758.413,38.145,18.56,-2.8,0.35,1787593156766.769,False,,,2,OP1,C2_WIFI_CARGA_MEDIA,N3
,0.268,0.12,0.943,1.0,,1787593156817.9673,38.005,18.56,-2.8,0.35,1787593156817.9673,False,,,2,OP1,C2_WIFI_CARGA_MEDIA,N3
,0.268,0.12,0.942,1.0,,1787593156846.9087,37.97,18.56,-2.8,0.35,1787593156846.9087,False,,,2,OP1,C2_WIFI_CARGA_MEDIA,N3
,0.269,0.121,0.94,1.0,,1787593156896.9084,37.9,18.48,-2.74,0.35,1787593156896.9084,False,,,2,OP1,C2_WIFI_CARGA_MEDIA,N3
,0.27,0.121,0.938,1.0,,1787593156924.6572,37.83,18.4,-2.74,0.35,1787593156925.662,False,,,2,OP1,C2_WIFI_CARGA_MEDIA,N3
,0.27,0.121,0.937,1.0,,1787593156959.5796,37.795,18.4,-2.74,0.35,1787593156959.5796,False,,,2,OP1,C2_WIFI_CARGA_MEDIA,N3
,0.27,0.121,0.937,1.0,,1787593156996.939,37.795,18.4,-2.74,0.35,1787593156996.939,False,,,2,OP1,C2_WIFI_CARGA_MEDIA,N3
,0.269,0.12,0.936,1.0,,1787593157025.934,37.76,18.48,-2.8,0.35,1787593157025.934,False,,,2,OP1,C2_WIFI_CARGA_MEDIA,N3
,0.268,0.119,0.936,1.0,,1787593157069.475,37.76,18.56,-2.86,0.35,1787593157069.475,False,,,2,OP1,C2_WIFI_CARGA_MEDIA,N3
,0.267,0.117,0.937,1.0,,1787593157097.058,37.795,18.64,-2.98,0.35,1787593157097.058,False,,,2,OP1,C2_WIFI_CARGA_MEDIA,N3
,0.264,0.11,0.933,1.0,,1787593157154.5842,37.655,18.88,-3.4,0.35,1787593157154.5842,False,,,2,OP1,C2_WIFI_CARGA_MEDIA,N3
,0.262,0.108,0.932,1.0,,1787593157177.5654,37.62,19.04,-3.52,0.35,1787593157177.5654,False,,,2,OP1,C2_WIFI_CARGA_MEDIA,N3
,0.261,0.106,0.929,1.0,,1787593157198.8127,37.515,19.12,-3.64,0.35,1787593157201.3965,False,,,2,OP1,C2_WIFI_CARGA_MEDIA,N3
,0.259,0.103,0.926,1.0,,1787593157234.1506,37.41,19.28,-3.82,0.35,1787593157234.1506,False,,,2,OP1,C2_WIFI_CARGA_MEDIA,N3
,0.257,0.102,0.924,1.0,,1787593157260.271,37.34,19.44,-3.88,0.35,1787593157261.4858,False,,,2,OP1,C2_WIFI_CARGA_MEDIA,N3
,0.256,0.1,0.922,1.0,,1787593157294.2007,37.27,19.52,-4.0,0.35,1787593157294.2007,False,,,2,OP1,C2_WIFI_CARGA_MEDIA,N3
,0.254,0.1,0.916,1.0,,1787593157334.832,37.06,19.68,-4.0,0.35,1787593157334.832,False,,,2,OP1,C2_WIFI_CARGA_MEDIA,N3
,0.253,0.1,0.912,1.0,,1787593157360.0134,36.92,19.76,-4.0,0.35,1787593157360.5671,False,,,2,OP1,C2_WIFI_CARGA_MEDIA,N3
,0.252,0.1,0.909,1.0,,1787593157394.9458,36.815,19.84,-4.0,0.35,1787593157397.1118,False,,,2,OP1,C2_WIFI_CARGA_MEDIA,N3
,0.25,0.1,0.903,1.0,,1787593157432.9705,36.605,20.0,-4.0,0.35,1787593157432.9705,False,,,2,OP1,C2_WIFI_CARGA_MEDIA,N3
,0.248,0.1,0.898,1.0,,1787593157459.2234,36.43,20.16,-4.0,0.35,1787593157460.7288,False,,,2,OP1,C2_WIFI_CARGA_MEDIA,N3
,0.246,0.1,0.894,1.0,,1787593157487.7034,36.29,20.32,-4.0,0.35,1787593157489.7087,False,,,2,OP1,C2_WIFI_CARGA_MEDIA,N3
,0.243,0.098,0.888,1.0,,1787593157535.5098,36.08,20.56,-4.12,0.35,1787593157536.077,False,,,2,OP1,C2_WIFI_CARGA_MEDIA,N3
,0.242,0.098,0.885,1.0,,1787593157560.7407,35.975,20.64,-4.12,0.35,1787593157560.7407,False,,,2,OP1,C2_WIFI_CARGA_MEDIA,N3
,0.24,0.098,0.881,1.0,,1787593157599.0137,35.835,20.8,-4.12,0.35,1787593157599.0137,False,,,2,OP1,C2_WIFI_CARGA_MEDIA,N3
,0.239,0.099,0.878,1.0,,1787593157655.241,35.73,20.88,-4.06,0.35,1787593157655.241,False,,,2,OP1,C2_WIFI_CARGA_MEDIA,N3
,0.238,0.1,0.876,1.0,,1787593157703.931,35.66,20.96,-4.0,0.35,1787593157704.6274,False,,,2,OP1,C2_WIFI_CARGA_MEDIA,N3
,0.238,0.1,0.876,1.0,,1787593157738.6875,35.66,20.96,-4.0,0.35,1787593157738.6875,False,,,2,OP1,C2_WIFI_CARGA_MEDIA,N3
,0.237,0.1,0.875,1.0,,1787593157765.5083,35.625,21.04,-4.0,0.35,1787593157765.5083,False,,,2,OP1,C2_WIFI_CARGA_MEDIA,N3
,0.236,0.1,0.874,1.0,,1787593157806.39,35.59,21.12,-4.0,0.35,1787593157806.39,False,,,2,OP1,C2_WIFI_CARGA_MEDIA,N3
,0.235,0.1,0.872,1.0,,1787593157833.6292,35.52,21.2,-4.0,0.35,1787593157833.6292,False,,,2,OP1,C2_WIFI_CARGA_MEDIA,N3
,0.235,0.1,0.871,1.0,,1787593157865.7344,35.485,21.2,-4.0,0.35,1787593157866.6765,False,,,2,OP1,C2_WIFI_CARGA_MEDIA,N3
,0.235,0.1,0.87,1.0,,1787593157900.5496,35.45,21.2,-4.0,0.35,1787593157900.5496,False,,,2,OP1,C2_WIFI_CARGA_MEDIA,N3
,0.234,0.101,0.866,1.0,,1787593157960.2097,35.31,21.28,-3.94,0.35,1787593157960.2097,False,,,2,OP1,C2_WIFI_CARGA_MEDIA,N3
,0.233,0.101,0.863,1.0,,1787593157984.124,35.205,21.36,-3.94,0.35,1787593157984.124,False,,,2,OP1,C2_WIFI_CARGA_MEDIA,N3
,0.233,0.101,0.861,1.0,,1787593158011.15,35.135,21.36,-3.94,0.35,1787593158011.15,False,,,2,OP1,C2_WIFI_CARGA_MEDIA,N3
,0.233,0.101,0.859,1.0,,1787593158044.7463,35.065,21.36,-3.94,0.35,1787593158046.0671,False,,,2,OP1,C2_WIFI_CARGA_MEDIA,N3
,0.233,0.101,0.857,1.0,,1787593158065.362,34.995,21.36,-3.94,0.35,1787593158065.362,False,,,2,OP1,C2_WIFI_CARGA_MEDIA,N3
,0.234,0.101,0.854,1.0,,1787593158100.233,34.89,21.28,-3.94,0.35,1787593158101.2336,False,,,2,OP1,C2_WIFI_CARGA_MEDIA,N3
,0.236,0.102,0.85,1.0,,1787593158156.7473,34.75,21.12,-3.88,0.35,1787593158156.7473,False,,,2,OP1,C2_WIFI_CARGA_MEDIA,N3
,0.245,0.103,0.843,1.0,,1787593158211.072,34.505,20.4,-3.82,0.35,1787593158211.072,False,,,2,OP1,C2_WIFI_CARGA_MEDIA,N3
,0.252,0.105,0.836,1.0,,1787593158231.7627,34.26,19.84,-3.7,0.35,1787593158231.7627,False,,,2,OP1,C2_WIFI_CARGA_MEDIA,N3
,0.262,0.109,0.83,1.0,,1787593158286.3308,34.05,19.04,-3.46,0.35,1787593158296.8623,False,,,2,OP1,C2_WIFI_CARGA_MEDIA,N3
,0.266,0.111,0.828,1.0,,1787593158344.8735,33.98,18.72,-3.34,0.35,1787593158344.8735,False,,,2,OP1,C2_WIFI_CARGA_MEDIA,N3
,0.266,0.111,0.826,1.0,,1787593158370.7805,33.91,18.72,-3.34,0.35,1787593158370.7805,False,,,2,OP1,C2_WIFI_CARGA_MEDIA,N3
,0.266,0.111,0.824,1.0,,1787593158420.433,33.84,18.72,-3.34,0.35,1787593158420.433,False,,,2,OP1,C2_WIFI_CARGA_MEDIA,N3
,0.266,0.111,0.822,1.0,,1787593158471.35,33.77,18.72,-3.34,0.35,1787593158471.35,False,,,2,OP1,C2_WIFI_CARGA_MEDIA,N3
,0.265,0.111,0.821,1.0,,1787593158511.7063,33.735,18.8,-3.34,0.35,1787593158511.7063,False,,,2,OP1,C2_WIFI_CARGA_MEDIA,N3
,0.265,0.11,0.822,1.0,,1787593158536.7166,33.77,18.8,-3.4,0.35,1787593158537.1362,False,,,2,OP1,C2_WIFI_CARGA_MEDIA,N3
,0.265,0.109,0.822,1.0,,1787593158573.5862,33.77,18.8,-3.46,0.35,1787593158573.5862,False,,,2,OP1,C2_WIFI_CARGA_MEDIA,N3
,0.265,0.107,0.823,1.0,,1787593158612.417,33.805,18.8,-3.58,0.35,1787593158612.417,False,,,2,OP1,C2_WIFI_CARGA_MEDIA,N3
,0.265,0.108,0.823,1.0,,1787593158646.8584,33.805,18.8,-3.52,0.35,1787593158647.5918,False,,,2,OP1,C2_WIFI_CARGA_MEDIA,N3
,0.266,0.107,0.823,1.0,,1787593158679.4302,33.805,18.72,-3.58,0.35,1787593158680.7473,False,,,2,OP1,C2_WIFI_CARGA_MEDIA,N3
,0.268,0.108,0.823,0.94,,1787593158712.3696,33.805,18.56,-3.52,0.413,1787593158713.267,False,,,2,OP1,C2_WIFI_CARGA_MEDIA,N3
,0.27,0.114,0.821,0.467,,1787593158737.0583,33.735,18.4,-3.16,0.9096,1787593158737.825,False,,,2,OP1,C2_WIFI_CARGA_MEDIA,N3
,0.272,0.123,0.816,0.068,,1787593158769.8108,33.56,18.24,-2.62,1.3286,1787593158769.8108,False,,,2,OP1,C2_WIFI_CARGA_MEDIA,N3
,0.273,0.136,0.809,0.066,,1787593158813.3225,33.315,18.16,-1.84,1.3307,1787593158813.3225,False,,,2,OP1,C2_WIFI_CARGA_MEDIA,N3
,0.273,0.138,0.808,0.066,,1787593158847.8145,33.28,18.16,-1.72,1.3307,1787593158848.8154,False,,,2,OP1,C2_WIFI_CARGA_MEDIA,N3
,0.274,0.139,0.808,0.041,,1787593158876.678,33.28,18.08,-1.66,1.3569,1787593158876.678,False,,,2,OP1,C2_WIFI_CARGA_MEDIA,N3
,0.274,0.138,0.81,0.0,,1787593158907.6675,33.35,18.08,-1.72,1.4,1787593158907.6675,False,,,2,OP1,C2_WIFI_CARGA_MEDIA,N3
,0.272,0.135,0.813,0.0,,1787593158946.8906,33.455,18.24,-1.9,1.4,1787593158946.8906,False,,,2,OP1,C2_WIFI_CARGA_MEDIA,N3
,0.271,0.134,0.814,0.0,,1787593158973.2168,33.49,18.32,-1.96,1.4,1787593158973.2168,False,,,2,OP1,C2_WIFI_CARGA_MEDIA,N3
,0.27,0.133,0.814,0.0,,1787593159017.7014,33.49,18.4,-2.02,1.4,1787593159017.7014,False,,,2,OP1,C2_WIFI_CARGA_MEDIA,N3
,0.27,0.133,0.814,0.0,,1787593159046.7764,33.49,18.4,-2.02,1.4,1787593159046.7764,False,,,2,OP1,C2_WIFI_CARGA_MEDIA,N3
,0.27,0.133,0.814,0.0,,1787593159097.0066,33.49,18.4,-2.02,1.4,1787593159097.0066,False,,,2,OP1,C2_WIFI_CARGA_MEDIA,N3
,0.269,0.132,0.814,0.0,,1787593159146.966,33.49,18.48,-2.08,1.4,1787593159146.966,False,,,2,OP1,C2_WIFI_CARGA_MEDIA,N3
,0.269,0.132,0.813,0.0,,1787593159177.1145,33.455,18.48,-2.08,1.4,1787593159177.4626,False,,,2,OP1,C2_WIFI_CARGA_MEDIA,N3
,0.269,0.131,0.813,0.0,,1787593159214.162,33.455,18.48,-2.14,1.4,1787593159214.162,False,,,2,OP1,C2_WIFI_CARGA_MEDIA,N3
,0.267,0.132,0.812,0.0,,1787593159257.2705,33.42,18.64,-2.08,1.4,1787593159257.2705,False,,,2,OP1,C2_WIFI_CARGA_MEDIA,N3
,0.266,0.132,0.81,0.0,,1787593159278.5696,33.35,18.72,-2.08,1.4,1787593159279.5637,False,,,2,OP1,C2_WIFI_CARGA_MEDIA,N3
,0.265,0.132,0.809,0.0,,1787593159321.5715,33.315,18.8,-2.08,1.4,1787593159321.5715,False,,,2,OP1,C2_WIFI_CARGA_MEDIA,N3
,0.264,0.132,0.808,0.0,,1787593159349.834,33.28,18.88,-2.08,1.4,1787593159349.834,False,,,2,OP1,C2_WIFI_CARGA_MEDIA,N3
,0.264,0.132,0.807,0.0,,1787593159378.9502,33.245,18.88,-2.08,1.4,1787593159380.9458,False,,,2,OP1,C2_WIFI_CARGA_MEDIA,N3
,0.262,0.131,0.805,0.0,,1787593159421.3064,33.175,19.04,-2.14,1.4,1787593159421.3064,False,,,2,OP1,C2_WIFI_CARGA_MEDIA,N3
,0.261,0.131,0.804,0.0,,1787593159457.6924,33.14,19.12,-2.14,1.4,1787593159457.6924,False,,,2,OP1,C2_WIFI_CARGA_MEDIA,N3
,0.261,0.131,0.804,0.0,,1787593159480.829,33.14,19.12,-2.14,1.4,1787593159481.8257,False,,,2,OP1,C2_WIFI_CARGA_MEDIA,N3
,0.261,0.131,0.805,0.0,,1787593159517.6138,33.175,19.12,-2.14,1.4,1787593159517.6138,False,,,2,OP1,C2_WIFI_CARGA_MEDIA,N3
,0.261,0.131,0.808,0.0,,1787593159561.068,33.28,19.12,-2.14,1.4,1787593159561.068,False,,,2,OP1,C2_WIFI_CARGA_MEDIA,N3
,0.26,0.132,0.81,0.0,,1787593159586.983,33.35,19.2,-2.08,1.4,1787593159586.983,False,,,2,OP1,C2_WIFI_CARGA_MEDIA,N3
,0.26,0.133,0.811,0.0,,1787593159627.394,33.385,19.2,-2.02,1.4,1787593159627.394,False,,,2,OP1,C2_WIFI_CARGA_MEDIA,N3
,0.26,0.133,0.813,0.0,,1787593159657.7368,33.455,19.2,-2.02,1.4,1787593159657.7368,False,,,2,OP1,C2_WIFI_CARGA_MEDIA,N3
,0.259,0.133,0.814,0.0,,1787593159684.2668,33.49,19.28,-2.02,1.4,1787593159684.2668,False,,,2,OP1,C2_WIFI_CARGA_MEDIA,N3
,0.259,0.133,0.814,0.0,,1787593159716.2837,33.49,19.28,-2.02,1.4,1787593159717.6018,False,,,2,OP1,C2_WIFI_CARGA_MEDIA,N3
,0.258,0.132,0.815,0.0,,1787593159759.9104,33.525,19.36,-2.08,1.4,1787593159759.9104,False,,,2,OP1,C2_WIFI_CARGA_MEDIA,N3
,0.257,0.131,0.814,0.0,,1787593159782.9912,33.49,19.44,-2.14,1.4,1787593159785.3882,False,,,2,OP1,C2_WIFI_CARGA_MEDIA,N3
,0.257,0.13,0.814,0.0,,1787593159827.5752,33.49,19.44,-2.2,1.4,1787593159827.5752,False,,,2,OP1,C2_WIFI_CARGA_MEDIA,N3
,0.256,0.13,0.813,0.0,,1787593159853.2544,33.455,19.52,-2.2,1.4,1787593159857.786,False,,,2,OP1,C2_WIFI_CARGA_MEDIA,N3
,0.255,0.13,0.812,0.0,,1787593159883.3965,33.42,19.6,-2.2,1.4,1787593159883.3965,False,,,2,OP1,C2_WIFI_CARGA_MEDIA,N3
,0.254,0.129,0.811,0.0,,1787593159929.774,33.385,19.68,-2.26,1.4,1787593159929.774,False,,,2,OP1,C2_WIFI_CARGA_MEDIA,N3
,0.253,0.128,0.81,0.0,,1787593159965.8396,33.35,19.76,-2.32,1.4,1787593159966.5017,False,,,2,OP1,C2_WIFI_CARGA_MEDIA,N3
,0.253,0.127,0.81,0.0,,1787593160021.1838,33.35,19.76,-2.38,1.4,1787593160023.1968,False,,,2,OP1,C2_WIFI_CARGA_MEDIA,N3
,0.252,0.127,0.809,0.0,,1787593160061.2883,33.315,19.84,-2.38,1.4,1787593160061.2883,False,,,2,OP1,C2_WIFI_CARGA_MEDIA,N3
,0.253,0.127,0.81,0.0,,1787593160087.8574,33.35,19.76,-2.38,1.4,1787593160087.8574,False,,,2,OP1,C2_WIFI_CARGA_MEDIA,N3
,0.253,0.127,0.81,0.0,,1787593160122.2712,33.35,19.76,-2.38,1.4,1787593160122.2712,False,,,2,OP1,C2_WIFI_CARGA_MEDIA,N3
,0.252,0.126,0.81,0.0,,1787593160184.881,33.35,19.84,-2.44,1.4,1787593160185.8948,False,,,2,OP1,C2_WIFI_CARGA_MEDIA,N3
,0.252,0.126,0.81,0.0,,1787593160218.776,33.35,19.84,-2.44,1.4,1787593160219.1091,False,,,2,OP1,C2_WIFI_CARGA_MEDIA,N3
,0.251,0.127,0.809,0.0,,1787593160262.1704,33.315,19.92,-2.38,1.4,1787593160262.1704,False,,,2,OP1,C2_WIFI_CARGA_MEDIA,N3
,0.25,0.127,0.809,0.0,,1787593160287.054,33.315,20.0,-2.38,1.4,1787593160288.054,False,,,2,OP1,C2_WIFI_CARGA_MEDIA,N3
,0.249,0.127,0.81,0.0,,1787593160321.0652,33.35,20.08,-2.38,1.4,1787593160321.0652,False,,,2,OP1,C2_WIFI_CARGA_MEDIA,N3
,0.249,0.127,0.811,0.0,,1787593160478.671,33.385,20.08,-2.38,1.4,1787593160478.671,False,,,2,OP1,C2_WIFI_CARGA_MEDIA,N3
,0.246,0.128,0.822,0.0,,1787593160632.966,33.77,20.32,-2.32,1.4,1787593160634.974,False,,,2,OP1,C2_WIFI_CARGA_MEDIA,N3
,0.245,0.13,0.825,0.0,,1787593160658.3586,33.875,20.4,-2.2,1.4,1787593160658.3586,False,,,2,OP1,C2_WIFI_CARGA_MEDIA,N3
,0.245,0.132,0.827,0.0,,1787593160700.733,33.945,20.4,-2.08,1.4,1787593160700.733,False,,,2,OP1,C2_WIFI_CARGA_MEDIA,N3
,0.244,0.133,0.829,0.079,,1787593160735.7605,34.015,20.48,-2.02,1.317,1787593160735.7605,False,,,2,OP1,C2_WIFI_CARGA_MEDIA,N3
,0.245,0.134,0.833,0.291,,1787593160768.1443,34.155,20.4,-1.96,1.0944,1787593160768.1443,False,,,2,OP1,C2_WIFI_CARGA_MEDIA,N3
,0.246,0.135,0.841,0.457,,1787593160796.811,34.435,20.32,-1.9,0.9202,1787593160796.811,False,,,2,OP1,C2_WIFI_CARGA_MEDIA,N3
,0.247,0.136,0.846,0.816,,1787593160822.5322,34.61,20.24,-1.84,0.5432,1787593160824.8647,False,,,2,OP1,C2_WIFI_CARGA_MEDIA,N3
,0.247,0.134,0.847,1.0,,1787593160858.626,34.645,20.24,-1.96,0.35,1787593160858.626,False,,,2,OP1,C2_WIFI_CARGA_MEDIA,N3
,0.248,0.124,0.854,1.0,,1787593160900.7295,34.89,20.16,-2.56,0.35,1787593160900.7295,False,,,2,OP1,C2_WIFI_CARGA_MEDIA,N3
,0.248,0.122,0.855,1.0,,1787593160924.4116,34.925,20.16,-2.68,0.35,1787593160925.4294,False,,,2,OP1,C2_WIFI_CARGA_MEDIA,N3
,0.248,0.121,0.855,1.0,,1787593160970.035,34.925,20.16,-2.74,0.35,1787593160971.0342,False,,,2,OP1,C2_WIFI_CARGA_MEDIA,N3
,0.248,0.122,0.854,1.0,,1787593160996.6418,34.89,20.16,-2.68,0.35,1787593160996.6418,False,,,2,OP1,C2_WIFI_CARGA_MEDIA,N3
,0.248,0.122,0.852,1.0,,1787593161026.0044,34.82,20.16,-2.68,0.35,1787593161026.3745,False,,,2,OP1,C2_WIFI_CARGA_MEDIA,N3
,0.249,0.122,0.85,1.0,,1787593161051.5142,34.75,20.08,-2.68,0.35,1787593161051.5142,False,,,2,OP1,C2_WIFI_CARGA_MEDIA,N3
,0.249,0.122,0.849,1.0,,1787593161096.5642,34.715,20.08,-2.68,0.35,1787593161096.5642,False,,,2,OP1,C2_WIFI_CARGA_MEDIA,N3
,0.249,0.123,0.849,1.0,,1787593161136.4993,34.715,20.08,-2.62,0.35,1787593161136.4993,False,,,2,OP1,C2_WIFI_CARGA_MEDIA,N3
,0.249,0.124,0.849,1.0,,1787593161160.5527,34.715,20.08,-2.56,0.35,1787593161160.9436,False,,,2,OP1,C2_WIFI_CARGA_MEDIA,N3
,0.249,0.125,0.849,1.0,,1787593161192.8772,34.715,20.08,-2.5,0.35,1787593161193.8762,False,,,2,OP1,C2_WIFI_CARGA_MEDIA,N3
,0.249,0.125,0.849,1.0,,1787593161240.0889,34.715,20.08,-2.5,0.35,1787593161240.0889,False,,,2,OP1,C2_WIFI_CARGA_MEDIA,N3
,0.249,0.126,0.851,1.0,,1787593161261.1162,34.785,20.08,-2.44,0.35,1787593161261.7175,False,,,2,OP1,C2_WIFI_CARGA_MEDIA,N3
,0.249,0.126,0.851,1.0,,1787593161407.233,34.785,20.08,-2.44,0.35,1787593161408.7383,False,,,2,OP1,C2_WIFI_CARGA_MEDIA,N3
,0.249,0.126,0.851,1.0,,1787593161432.1653,34.785,20.08,-2.44,0.35,1787593161432.1653,False,,,2,OP1,C2_WIFI_CARGA_MEDIA,N3
,0.249,0.127,0.85,1.0,,1787593161495.3284,34.75,20.08,-2.38,0.35,1787593161497.855,False,,,2,OP1,C2_WIFI_CARGA_MEDIA,N3
,0.249,0.127,0.85,1.0,,1787593161545.481,34.75,20.08,-2.38,0.35,1787593161545.481,False,,,2,OP1,C2_WIFI_CARGA_MEDIA,N3
,0.249,0.127,0.849,1.0,,1787593161572.0186,34.715,20.08,-2.38,0.35,1787593161572.0186,False,,,2,OP1,C2_WIFI_CARGA_MEDIA,N3
,0.248,0.127,0.849,1.0,,1787593161599.0083,34.715,20.16,-2.38,0.35,1787593161599.0083,False,,,2,OP1,C2_WIFI_CARGA_MEDIA,N3
,0.248,0.127,0.849,1.0,,1787593161633.2932,34.715,20.16,-2.38,0.35,1787593161633.2932,False,,,2,OP1,C2_WIFI_CARGA_MEDIA,N3
,0.248,0.129,0.849,1.0,,1787593161692.349,34.715,20.16,-2.26,0.35,1787593161692.349,False,,,2,OP1,C2_WIFI_CARGA_MEDIA,N3
,0.248,0.131,0.849,1.0,,1787593161741.4094,34.715,20.16,-2.14,0.35,1787593161741.4094,False,,,2,OP1,C2_WIFI_CARGA_MEDIA,N3
,0.248,0.132,0.849,1.0,,1787593161776.762,34.715,20.16,-2.08,0.35,1787593161776.762,False,,,2,OP1,C2_WIFI_CARGA_MEDIA,N3
,0.248,0.132,0.85,1.0,,1787593161799.6802,34.75,20.16,-2.08,0.35,1787593161799.6802,False,,,2,OP1,C2_WIFI_CARGA_MEDIA,N3
,0.247,0.133,0.851,1.0,,1787593161832.5557,34.785,20.24,-2.02,0.35,1787593161832.5557,False,,,2,OP1,C2_WIFI_CARGA_MEDIA,N3
,0.246,0.133,0.852,1.0,,1787593161868.4507,34.82,20.32,-2.02,0.35,1787593161868.4507,False,,,2,OP1,C2_WIFI_CARGA_MEDIA,N3
,0.245,0.133,0.852,1.0,,1787593161898.627,34.82,20.4,-2.02,0.35,1787593161899.8413,False,,,2,OP1,C2_WIFI_CARGA_MEDIA,N3
,0.244,0.134,0.852,1.0,,1787593161935.8816,34.82,20.48,-1.96,0.35,1787593161935.8816,False,,,2,OP1,C2_WIFI_CARGA_MEDIA,N3
,0.243,0.135,0.852,1.0,,1787593162102.0288,34.82,20.56,-1.9,0.35,1787593162102.9258,False,,,2,OP1,C2_WIFI_CARGA_MEDIA,N3
,0.241,0.137,0.859,1.0,,1787593162139.2727,35.065,20.72,-1.78,0.35,1787593162139.2727,False,,,2,OP1,C2_WIFI_CARGA_MEDIA,N3
,0.241,0.138,0.865,1.0,,1787593162193.5708,35.275,20.72,-1.72,0.35,1787593162193.5708,False,,,2,OP1,C2_WIFI_CARGA_MEDIA,N3
,0.24,0.138,0.867,1.0,,1787593162216.323,35.345,20.8,-1.72,0.35,1787593162216.323,False,,,2,OP1,C2_WIFI_CARGA_MEDIA,N3
,0.24,0.138,0.869,1.0,,1787593162245.882,35.415,20.8,-1.72,0.35,1787593162245.882,False,,,2,OP1,C2_WIFI_CARGA_MEDIA,N3
,0.239,0.139,0.873,1.0,,1787593162291.5083,35.555,20.88,-1.66,0.35,1787593162291.5083,False,,,2,OP1,C2_WIFI_CARGA_MEDIA,N3
,0.239,0.139,0.874,1.0,,1787593162333.1204,35.59,20.88,-1.66,0.35,1787593162333.708,False,,,2,OP1,C2_WIFI_CARGA_MEDIA,N3
,0.24,0.14,0.874,1.0,,1787593162374.9988,35.59,20.8,-1.6,0.35,1787593162374.9988,False,,,2,OP1,C2_WIFI_CARGA_MEDIA,N3
,0.242,0.141,0.874,1.0,,1787593162402.482,35.59,20.64,-1.54,0.35,1787593162403.5696,False,,,2,OP1,C2_WIFI_CARGA_MEDIA,N3
,0.245,0.145,0.873,1.0,,1787593162444.2654,35.555,20.4,-1.3,0.35,1787593162446.2815,False,,,2,OP1,C2_WIFI_CARGA_MEDIA,N3
,0.248,0.149,0.871,1.0,,1787593162473.2007,35.485,20.16,-1.06,0.35,1787593162473.6548,False,,,2,OP1,C2_WIFI_CARGA_MEDIA,N3
,0.25,0.153,0.872,1.0,,1787593162515.1382,35.52,20.0,-0.82,0.35,1787593162515.1382,False,,,2,OP1,C2_WIFI_CARGA_MEDIA,N3
,0.25,0.153,0.873,1.0,,1787593162545.1643,35.555,20.0,-0.82,0.35,1787593162545.1643,False,,,2,OP1,C2_WIFI_CARGA_MEDIA,N3
,0.249,0.154,0.874,1.0,,1787593162579.2913,35.59,20.08,-0.76,0.35,1787593162579.2913,False,,,2,OP1,C2_WIFI_CARGA_MEDIA,N3
,0.247,0.154,0.875,1.0,,1787593162636.9763,35.625,20.24,-0.76,0.35,1787593162639.0007,False,,,2,OP1,C2_WIFI_CARGA_MEDIA,N3
,0.244,0.153,0.878,1.0,,1787593162668.1975,35.73,20.48,-0.82,0.35,1787593162668.1975,False,,,2,OP1,C2_WIFI_CARGA_MEDIA,N3
,0.237,0.152,0.879,1.0,,1787593162716.226,35.765,21.04,-0.88,0.35,1787593162716.226,False,,,2,OP1,C2_WIFI_CARGA_MEDIA,N3
,0.23,0.154,0.877,1.0,,1787593162739.2795,35.695,21.6,-0.76,0.35,1787593162739.2795,False,,,2,OP1,C2_WIFI_CARGA_MEDIA,N3
,0.222,0.156,0.87,1.0,,1787593162775.3145,35.45,22.24,-0.64,0.35,1787593162775.3145,False,,,2,OP1,C2_WIFI_CARGA_MEDIA,N3
,0.211,0.164,0.852,1.0,,1787593162823.5386,34.82,23.12,-0.16,0.35,1787593162823.5386,False,,,2,OP1,C2_WIFI_CARGA_MEDIA,N3
,0.205,0.174,0.825,1.0,,1787593162876.755,33.875,23.6,0.44,0.35,1787593162876.755,False,,,2,OP1,C2_WIFI_CARGA_MEDIA,N3
,0.202,0.181,0.813,1.0,,1787593162916.1145,33.455,23.84,0.86,0.35,1787593162916.1145,False,,,2,OP1,C2_WIFI_CARGA_MEDIA,N3
,0.201,0.189,0.795,1.0,,1787593162940.7087,32.825,23.92,1.34,0.35,1787593162940.7087,False,,,2,OP1,C2_WIFI_CARGA_MEDIA,N3
,0.2,0.195,0.78,1.0,,1787593162974.2727,32.3,24.0,1.7,0.35,1787593162976.2844,False,,,2,OP1,C2_WIFI_CARGA_MEDIA,N3
,0.198,0.201,0.758,1.0,,1787593163019.4343,31.53,24.16,2.06,0.35,1787593163019.4343,False,,,2,OP1,C2_WIFI_CARGA_MEDIA,N3
,0.197,0.202,0.748,1.0,,1787593163040.88,31.18,24.24,2.12,0.35,1787593163042.8765,False,,,2,OP1,C2_WIFI_CARGA_MEDIA,N3
,0.196,0.204,0.736,1.0,,1787593163085.75,30.76,24.32,2.24,0.35,1787593163085.75,False,,,2,OP1,C2_WIFI_CARGA_MEDIA,N3
,0.191,0.206,0.707,1.0,,1787593163139.446,29.745,24.72,2.36,0.35,1787593163142.0442,False,,,2,OP1,C2_WIFI_CARGA_MEDIA,N3
,0.185,0.207,0.687,1.0,,1787593163187.941,29.045,25.2,2.42,0.35,1787593163187.941,False,,,2,OP1,C2_WIFI_CARGA_MEDIA,N3
,0.183,0.208,0.677,1.0,,1787593163220.7195,28.695,25.36,2.48,0.35,1787593163220.7195,False,,,2,OP1,C2_WIFI_CARGA_MEDIA,N3
,0.18,0.21,0.667,1.0,,1787593163243.876,28.345,25.6,2.6,0.35,1787593163243.876,False,,,2,OP1,C2_WIFI_CARGA_MEDIA,N3
,0.178,0.212,0.659,1.0,,1787593163279.0916,28.065,25.76,2.72,0.35,1787593163281.1013,False,,,2,OP1,C2_WIFI_CARGA_MEDIA,N3
,0.176,0.216,0.649,1.0,,1787593163319.0398,27.715,25.92,2.96,0.35,1787593163319.0398,False,,,2,OP1,C2_WIFI_CARGA_MEDIA,N3
,0.176,0.217,0.647,1.0,,1787593163344.662,27.645,25.92,3.02,0.35,1787593163344.662,False,,,2,OP1,C2_WIFI_CARGA_MEDIA,N3
,0.177,0.219,0.644,1.0,,1787593163387.6875,27.54,25.84,3.14,0.35,1787593163387.6875,False,,,2,OP1,C2_WIFI_CARGA_MEDIA,N3
,0.177,0.22,0.643,1.0,,1787593163420.4412,27.505,25.84,3.2,0.35,1787593163420.4412,False,,,2,OP1,C2_WIFI_CARGA_MEDIA,N3
,0.177,0.221,0.642,1.0,,1787593163444.473,27.47,25.84,3.26,0.35,1787593163445.488,False,,,2,OP1,C2_WIFI_CARGA_MEDIA,N3
,0.177,0.222,0.641,1.0,,1787593163573.6292,27.435,25.84,3.32,0.35,1787593163573.6292,False,,,2,OP1,C2_WIFI_CARGA_MEDIA,N3
,0.178,0.221,0.634,1.0,,1787593163596.9685,27.19,25.76,3.26,0.35,1787593163596.9685,False,,,2,OP1,C2_WIFI_CARGA_MEDIA,N3
,0.179,0.22,0.633,1.0,,1787593163625.1316,27.155,25.68,3.2,0.35,1787593163626.1013,False,,,2,OP1,C2_WIFI_CARGA_MEDIA,N3
,0.182,0.218,0.627,1.0,,1787593163664.1572,26.945,25.44,3.08,0.35,1787593163664.1572,False,,,2,OP1,C2_WIFI_CARGA_MEDIA,N3
,0.192,0.215,0.618,1.0,,1787593163722.1704,26.63,24.64,2.9,0.35,1787593163722.1704,False,,,2,OP1,C2_WIFI_CARGA_MEDIA,N3
,0.197,0.215,0.616,1.0,,1787593163747.0725,26.56,24.24,2.9,0.35,1787593163747.0725,False,,,2,OP1,C2_WIFI_CARGA_MEDIA,N3
,0.203,0.215,0.612,1.0,,1787593163783.677,26.42,23.76,2.9,0.35,1787593163784.7393,False,,,2,OP1,C2_WIFI_CARGA_MEDIA,N3
,0.213,0.213,0.603,1.0,,1787593163824.9363,26.105,22.96,2.78,0.35,1787593163824.9363,False,,,2,OP1,C2_WIFI_CARGA_MEDIA,N3
,0.219,0.213,0.597,1.0,,1787593163848.907,25.895,22.48,2.78,0.35,1787593163850.0007,False,,,2,OP1,C2_WIFI_CARGA_MEDIA,N3
,0.223,0.211,0.595,1.0,,1787593163893.205,25.825,22.16,2.66,0.35,1787593163893.205,False,,,2,OP1,C2_WIFI_CARGA_MEDIA,N3
,0.227,0.21,0.595,1.0,,1787593163916.676,25.825,21.84,2.6,0.35,1787593163916.676,False,,,2,OP1,C2_WIFI_CARGA_MEDIA,N3
,0.232,0.208,0.595,1.0,,1787593163946.046,25.825,21.44,2.48,0.35,1787593163946.046,False,,,2,OP1,C2_WIFI_CARGA_MEDIA,N3
,0.238,0.206,0.593,1.0,,1787593164086.1355,25.755,20.96,2.36,0.35,1787593164086.1355,False,,,2,OP1,C2_WIFI_CARGA_MEDIA,N3
,0.283,0.203,0.584,1.0,,1787593164267.4597,25.44,17.36,2.18,0.35,1787593164283.2983,False,,,2,OP1,C2_WIFI_CARGA_MEDIA,N3
,0.299,0.203,0.584,1.0,,1787593164320.7642,25.44,16.08,2.18,0.35,1787593164320.7642,False,,,2,OP1,C2_WIFI_CARGA_MEDIA,N3
,0.299,0.203,0.584,1.0,,1787593164350.4343,25.44,16.08,2.18,0.35,1787593164350.4343,False,,,2,OP1,C2_WIFI_CARGA_MEDIA,N3
,0.3,0.202,0.585,1.0,,1787593164381.78,25.475,16.0,2.12,0.35,1787593164381.78,False,,,2,OP1,C2_WIFI_CARGA_MEDIA,N3
,0.3,0.201,0.586,1.0,,1787593164434.516,25.51,16.0,2.06,0.35,1787593164434.516,False,,,2,OP1,C2_WIFI_CARGA_MEDIA,N3
,0.301,0.2,0.586,1.0,,1787593164464.7495,25.51,15.92,2.0,0.35,1787593164466.5374,False,,,2,OP1,C2_WIFI_CARGA_MEDIA,N3
,0.301,0.2,0.588,1.0,,1787593164501.0554,25.58,15.92,2.0,0.35,1787593164502.1353,False,,,2,OP1,C2_WIFI_CARGA_MEDIA,N3
,0.302,0.199,0.59,1.0,,1787593164533.7202,25.65,15.84,1.94,0.35,1787593164533.7202,False,,,2,OP1,C2_WIFI_CARGA_MEDIA,N3
,0.307,0.198,0.612,1.0,,1787593164576.162,26.42,15.44,1.88,0.35,1787593164576.162,False,,,2,OP1,C2_WIFI_CARGA_MEDIA,N3
,0.308,0.198,0.625,1.0,,1787593164600.106,26.875,15.36,1.88,0.35,1787593164601.1233,False,,,2,OP1,C2_WIFI_CARGA_MEDIA,N3
,0.311,0.198,0.637,1.0,,1787593164641.8982,27.295,15.12,1.88,0.35,1787593164641.8982,False,,,2,OP1,C2_WIFI_CARGA_MEDIA,N3
,0.314,0.199,0.649,1.0,,1787593164673.2903,27.715,14.88,1.94,0.35,1787593164674.2893,False,,,2,OP1,C2_WIFI_CARGA_MEDIA,N3
,0.314,0.2,0.659,1.0,,1787593164850.913,28.065,14.88,2.0,0.35,1787593164850.913,False,,,2,OP1,C2_WIFI_CARGA_MEDIA,N3
,0.324,0.199,0.684,1.0,,1787593164886.4194,28.94,14.08,1.94,0.35,1787593164886.4194,False,,,2,OP1,C2_WIFI_CARGA_MEDIA,N3
,0.353,0.195,0.727,1.0,,1787593164920.9077,30.445,11.76,1.7,0.35,1787593164920.9077,False,,,2,OP1,C2_WIFI_CARGA_MEDIA,N3
,0.352,0.197,0.728,1.0,,1787593164943.1914,30.48,11.84,1.82,0.35,1787593164943.1914,False,,,2,OP1,C2_WIFI_CARGA_MEDIA,N3
,0.35,0.198,0.731,1.0,,1787593164978.8748,30.585,12.0,1.88,0.35,1787593164978.8748,False,,,2,OP1,C2_WIFI_CARGA_MEDIA,N3
,0.341,0.198,0.762,1.0,,1787593165029.861,31.67,12.72,1.88,0.35,1787593165031.8694,False,,,2,OP1,C2_WIFI_CARGA_MEDIA,N3
,0.333,0.196,0.782,1.0,,1787593165158.6606,32.37,13.36,1.76,0.35,1787593165159.752,False,,,2,OP1,C2_WIFI_CARGA_MEDIA,N3
,0.315,0.192,0.818,1.0,,1787593165202.9016,33.63,14.8,1.52,0.35,1787593165203.8984,False,,,2,OP1,C2_WIFI_CARGA_MEDIA,N3
,0.313,0.193,0.821,1.0,,1787593165229.0308,33.735,14.96,1.58,0.35,1787593165230.1277,False,,,2,OP1,C2_WIFI_CARGA_MEDIA,N3
,0.305,0.195,0.834,1.0,,1787593165269.9473,34.19,15.6,1.7,0.35,1787593165269.9473,False,,,2,OP1,C2_WIFI_CARGA_MEDIA,N3
,0.302,0.196,0.839,1.0,,1787593165305.0095,34.365,15.84,1.76,0.35,1787593165305.0095,False,,,2,OP1,C2_WIFI_CARGA_MEDIA,N3
,0.298,0.195,0.843,1.0,,1787593165342.9106,34.505,16.16,1.7,0.35,1787593165344.2102,False,,,2,OP1,C2_WIFI_CARGA_MEDIA,N3
,0.291,0.192,0.851,1.0,,1787593165398.0432,34.785,16.72,1.52,0.35,1787593165398.8047,False,,,2,OP1,C2_WIFI_CARGA_MEDIA,N3
,0.284,0.191,0.857,1.0,,1787593165438.0835,34.995,17.28,1.46,0.35,1787593165438.0835,False,,,2,OP1,C2_WIFI_CARGA_MEDIA,N3
,0.281,0.191,0.858,1.0,,1787593165463.391,35.03,17.52,1.46,0.35,1787593165463.391,False,,,2,OP1,C2_WIFI_CARGA_MEDIA,N3
,0.28,0.19,0.86,1.0,,1787593165507.8076,35.1,17.6,1.4,0.35,1787593165507.8076,False,,,2,OP1,C2_WIFI_CARGA_MEDIA,N3
,0.276,0.188,0.861,1.0,,1787593165561.7983,35.135,17.92,1.28,0.35,1787593165563.9167,False,,,2,OP1,C2_WIFI_CARGA_MEDIA,N3
,0.274,0.187,0.861,1.0,,1787593165584.0503,35.135,18.08,1.22,0.35,1787593165593.0664,False,,,2,OP1,C2_WIFI_CARGA_MEDIA,N3
,0.27,0.186,0.863,1.0,,1787593165643.1323,35.205,18.4,1.16,0.35,1787593165643.1323,False,,,2,OP1,C2_WIFI_CARGA_MEDIA,N3
,0.269,0.185,0.863,1.0,,1787593165665.9717,35.205,18.48,1.1,0.35,1787593165667.329,False,,,2,OP1,C2_WIFI_CARGA_MEDIA,N3
,0.267,0.184,0.863,1.0,,1787593165699.2195,35.205,18.64,1.04,0.35,1787593165699.2195,False,,,2,OP1,C2_WIFI_CARGA_MEDIA,N3
,0.265,0.182,0.863,1.0,,1787593165730.7437,35.205,18.8,0.92,0.35,1787593165731.9963,False,,,2,OP1,C2_WIFI_CARGA_MEDIA,N3
,0.262,0.181,0.863,1.0,,1787593165778.4102,35.205,19.04,0.86,0.35,1787593165778.4102,False,,,2,OP1,C2_WIFI_CARGA_MEDIA,N3
,0.261,0.18,0.863,1.0,,1787593165801.892,35.205,19.12,0.8,0.35,1787593165801.892,False,,,2,OP1,C2_WIFI_CARGA_MEDIA,N3
,0.26,0.179,0.864,1.0,,1787593165843.2715,35.24,19.2,0.74,0.35,1787593165843.2715,False,,,2,OP1,C2_WIFI_CARGA_MEDIA,N3
,0.258,0.178,0.863,1.0,,1787593165896.9268,35.205,19.36,0.68,0.35,1787593165898.962,False,,,2,OP1,C2_WIFI_CARGA_MEDIA,N3
,0.258,0.176,0.862,1.0,,1787593165948.405,35.17,19.36,0.56,0.35,1787593165948.405,False,,,2,OP1,C2_WIFI_CARGA_MEDIA,N3
,0.257,0.176,0.861,1.0,,1787593165983.0786,35.135,19.44,0.56,0.35,1787593165985.087,False,,,2,OP1,C2_WIFI_CARGA_MEDIA,N3
,0.257,0.176,0.861,1.0,,1787593166009.3796,35.135,19.44,0.56,0.35,1787593166009.7627,False,,,2,OP1,C2_WIFI_CARGA_MEDIA,N3
,0.257,0.175,0.857,1.0,,1787593166043.385,34.995,19.44,0.5,0.35,1787593166043.385,False,,,2,OP1,C2_WIFI_CARGA_MEDIA,N3
,0.257,0.174,0.856,1.0,,1787593166089.6438,34.96,19.44,0.44,0.35,1787593166089.6438,False,,,2,OP1,C2_WIFI_CARGA_MEDIA,N3
,0.256,0.174,0.855,1.0,,1787593166237.4585,34.925,19.52,0.44,0.35,1787593166237.4585,False,,,2,OP1,C2_WIFI_CARGA_MEDIA,N3
,0.253,0.169,0.85,1.0,,1787593166273.88,34.75,19.76,0.14,0.35,1787593166274.9373,False,,,2,OP1,C2_WIFI_CARGA_MEDIA,N3
,0.252,0.168,0.848,1.0,,1787593166302.8635,34.68,19.84,0.08,0.35,1787593166302.8635,False,,,2,OP1,C2_WIFI_CARGA_MEDIA,N3
,0.252,0.165,0.843,1.0,,1787593166356.3794,34.505,19.84,-0.1,0.35,1787593166356.3794,False,,,2,OP1,C2_WIFI_CARGA_MEDIA,N3
,0.252,0.163,0.832,1.0,,1787593166412.3562,34.12,19.84,-0.22,0.35,1787593166412.3562,False,,,2,OP1,C2_WIFI_CARGA_MEDIA,N3
,0.253,0.163,0.822,1.0,,1787593166470.3413,33.77,19.76,-0.22,0.35,1787593166470.3413,False,,,2,OP1,C2_WIFI_CARGA_MEDIA,N3
,0.253,0.163,0.814,1.0,,1787593166525.2112,33.49,19.76,-0.22,0.35,1787593166525.2112,False,,,2,OP1,C2_WIFI_CARGA_MEDIA,N3
,0.254,0.162,0.803,1.0,,1787593166580.0146,33.105,19.68,-0.28,0.35,1787593166580.0146,False,,,2,OP1,C2_WIFI_CARGA_MEDIA,N3
,0.254,0.161,0.798,1.0,,1787593166608.2686,32.93,19.68,-0.34,0.35,1787593166608.2686,False,,,2,OP1,C2_WIFI_CARGA_MEDIA,N3
,0.254,0.16,0.793,1.0,,1787593166636.2546,32.755,19.68,-0.4,0.35,1787593166636.2546,False,,,2,OP1,C2_WIFI_CARGA_MEDIA,N3
,0.252,0.157,0.781,1.0,,1787593166686.2458,32.335,19.84,-0.58,0.35,1787593166686.2458,False,,,2,OP1,C2_WIFI_CARGA_MEDIA,N3
,0.251,0.155,0.776,1.0,,1787593166716.613,32.16,19.92,-0.7,0.35,1787593166716.613,False,,,2,OP1,C2_WIFI_CARGA_MEDIA,N3
,0.249,0.155,0.772,1.0,,1787593166741.2715,32.02,20.08,-0.7,0.35,1787593166741.2715,False,,,2,OP1,C2_WIFI_CARGA_MEDIA,N3
,0.247,0.155,0.768,1.0,,1787593166773.258,31.88,20.24,-0.7,0.35,1787593166776.1775,False,,,2,OP1,C2_WIFI_CARGA_MEDIA,N3
,0.245,0.155,0.765,1.0,,1787593166796.916,31.775,20.4,-0.7,0.35,1787593166797.9788,False,,,2,OP1,C2_WIFI_CARGA_MEDIA,N3
,0.242,0.156,0.759,1.0,,1787593166820.9153,31.565,20.64,-0.64,0.35,1787593166820.9153,False,,,2,OP1,C2_WIFI_CARGA_MEDIA,N3
,0.239,0.158,0.756,1.0,,1787593166844.9866,31.46,20.88,-0.52,0.35,1787593166844.9866,False,,,2,OP1,C2_WIFI_CARGA_MEDIA,N3
,0.237,0.16,0.753,1.0,,1787593166886.4497,31.355,21.04,-0.4,0.35,1787593166886.4497,False,,,2,OP1,C2_WIFI_CARGA_MEDIA,N3
,0.236,0.161,0.752,1.0,,1787593166931.8142,31.32,21.12,-0.34,0.35,1787593166931.8142,False,,,2,OP1,C2_WIFI_CARGA_MEDIA,N3
,0.235,0.161,0.751,1.0,,1787593166963.562,31.285,21.2,-0.34,0.35,1787593166963.562,False,,,2,OP1,C2_WIFI_CARGA_MEDIA,N3
,0.235,0.161,0.751,1.0,,1787593166986.174,31.285,21.2,-0.34,0.35,1787593166986.174,False,,,2,OP1,C2_WIFI_CARGA_MEDIA,N3
,0.235,0.161,0.751,1.0,,1787593167018.1064,31.285,21.2,-0.34,0.35,1787593167019.1116,False,,,2,OP1,C2_WIFI_CARGA_MEDIA,N3
,0.235,0.161,0.75,1.0,,1787593167053.8047,31.25,21.2,-0.34,0.35,1787593167053.8047,False,,,2,OP1,C2_WIFI_CARGA_MEDIA,N3
,0.236,0.16,0.746,1.0,,1787593167097.1064,31.11,21.12,-0.4,0.35,1787593167097.1064,False,,,2,OP1,C2_WIFI_CARGA_MEDIA,N3
,0.237,0.159,0.745,1.0,,1787593167120.5813,31.075,21.04,-0.46,0.35,1787593167120.5813,False,,,2,OP1,C2_WIFI_CARGA_MEDIA,N3
,0.239,0.158,0.742,1.0,,1787593167162.697,30.97,20.88,-0.52,0.35,1787593167164.708,False,,,2,OP1,C2_WIFI_CARGA_MEDIA,N3
,0.243,0.156,0.737,1.0,,1787593167218.6318,30.795,20.56,-0.64,0.35,1787593167220.639,False,,,2,OP1,C2_WIFI_CARGA_MEDIA,N3
,0.245,0.156,0.736,1.0,,1787593167247.5032,30.76,20.4,-0.64,0.35,1787593167247.5032,False,,,2,OP1,C2_WIFI_CARGA_MEDIA,N3
,0.246,0.156,0.736,1.0,,1787593167273.0876,30.76,20.32,-0.64,0.35,1787593167276.4214,False,,,2,OP1,C2_WIFI_CARGA_MEDIA,N3
,0.247,0.156,0.735,1.0,,1787593167318.0227,30.725,20.24,-0.64,0.35,1787593167318.0227,False,,,2,OP1,C2_WIFI_CARGA_MEDIA,N3
,0.247,0.157,0.736,1.0,,1787593167361.0957,30.76,20.24,-0.58,0.35,1787593167362.0945,False,,,2,OP1,C2_WIFI_CARGA_MEDIA,N3
,0.248,0.158,0.736,1.0,,1787593167406.1814,30.76,20.16,-0.52,0.35,1787593167406.1814,False,,,2,OP1,C2_WIFI_CARGA_MEDIA,N3
,0.249,0.157,0.735,1.0,,1787593167428.0808,30.725,20.08,-0.58,0.35,1787593167428.0808,False,,,2,OP1,C2_WIFI_CARGA_MEDIA,N3
,0.249,0.157,0.733,1.0,,1787593167470.5894,30.655,20.08,-0.58,0.35,1787593167470.5894,False,,,2,OP1,C2_WIFI_CARGA_MEDIA,N3
,0.253,0.155,0.728,1.0,,1787593167525.9912,30.48,19.76,-0.7,0.35,1787593167525.9912,False,,,2,OP1,C2_WIFI_CARGA_MEDIA,N3
,0.259,0.151,0.719,1.0,,1787593167579.3088,30.165,19.28,-0.94,0.35,1787593167581.3164,False,,,2,OP1,C2_WIFI_CARGA_MEDIA,N3
,0.263,0.149,0.716,1.0,,1787593167610.0789,30.06,18.96,-1.06,0.35,1787593167610.0789,False,,,2,OP1,C2_WIFI_CARGA_MEDIA,N3
,0.268,0.146,0.71,1.0,,1787593167661.5227,29.85,18.56,-1.24,0.35,1787593167661.5227,False,,,2,OP1,C2_WIFI_CARGA_MEDIA,N3
,0.271,0.142,0.705,1.0,,1787593167721.7285,29.675,18.32,-1.48,0.35,1787593167723.7402,False,,,2,OP1,C2_WIFI_CARGA_MEDIA,N3
,0.273,0.138,0.7,1.0,,1787593167759.4658,29.5,18.16,-1.72,0.35,1787593167759.4658,False,,,2,OP1,C2_WIFI_CARGA_MEDIA,N3
,0.274,0.138,0.699,1.0,,1787593167785.082,29.465,18.08,-1.72,0.35,1787593167786.078,False,,,2,OP1,C2_WIFI_CARGA_MEDIA,N3
,0.274,0.138,0.698,1.0,,1787593167831.1284,29.43,18.08,-1.72,0.35,1787593167831.1284,False,,,2,OP1,C2_WIFI_CARGA_MEDIA,N3
,0.275,0.138,0.698,1.0,,1787593167860.3047,29.43,18.0,-1.72,0.35,1787593167861.9216,False,,,2,OP1,C2_WIFI_CARGA_MEDIA,N3
,0.276,0.138,0.699,1.0,,1787593167894.2498,29.465,17.92,-1.72,0.35,1787593167894.2498,False,,,2,OP1,C2_WIFI_CARGA_MEDIA,N3
,0.276,0.138,0.7,1.0,,1787593167943.8796,29.5,17.92,-1.72,0.35,1787593167945.6116,False,,,2,OP1,C2_WIFI_CARGA_MEDIA,N3
,0.277,0.139,0.702,1.0,,1787593168100.4973,29.57,17.84,-1.66,0.35,1787593168100.4973,False,,,2,OP1,C2_WIFI_CARGA_MEDIA,N3
,0.292,0.144,0.728,1.0,,1787593168139.56,30.48,16.64,-1.36,0.35,1787593168140.3518,False,,,2,OP1,C2_WIFI_CARGA_MEDIA,N3
,0.303,0.145,0.748,1.0,,1787593168178.3867,31.18,15.76,-1.3,0.35,1787593168178.3867,False,,,2,OP1,C2_WIFI_CARGA_MEDIA,N3
,0.309,0.145,0.766,1.0,,1787593168216.3206,31.81,15.28,-1.3,0.35,1787593168216.3206,False,,,2,OP1,C2_WIFI_CARGA_MEDIA,N3
,0.314,0.142,0.796,1.0,,1787593168277.2732,32.86,14.88,-1.48,0.35,1787593168277.2732,False,,,2,OP1,C2_WIFI_CARGA_MEDIA,N3
,0.312,0.143,0.825,1.0,,1787593168320.2075,33.875,15.04,-1.42,0.35,1787593168320.2075,False,,,2,OP1,C2_WIFI_CARGA_MEDIA,N3
,0.311,0.143,0.833,1.0,,1787593168344.0112,34.155,15.12,-1.42,0.35,1787593168345.223,False,,,2,OP1,C2_WIFI_CARGA_MEDIA,N3
,0.309,0.145,0.838,1.0,,1787593168389.365,34.33,15.28,-1.3,0.35,1787593168390.3645,False,,,2,OP1,C2_WIFI_CARGA_MEDIA,N3
,0.308,0.145,0.845,1.0,,1787593168412.588,34.575,15.36,-1.3,0.35,1787593168412.588,False,,,2,OP1,C2_WIFI_CARGA_MEDIA,N3
,0.307,0.144,0.867,1.0,,1787593168463.1653,35.345,15.44,-1.36,0.35,1787593168463.1653,False,,,2,OP1,C2_WIFI_CARGA_MEDIA,N3
,0.307,0.144,0.872,1.0,,1787593168488.4731,35.52,15.44,-1.36,0.35,1787593168488.4731,False,,,2,OP1,C2_WIFI_CARGA_MEDIA,N3
,0.306,0.143,0.874,1.0,,1787593168528.8591,35.59,15.52,-1.42,0.35,1787593168530.873,False,,,2,OP1,C2_WIFI_CARGA_MEDIA,N3
,0.306,0.143,0.875,1.0,,1787593168558.1697,35.625,15.52,-1.42,0.35,1787593168559.282,False,,,2,OP1,C2_WIFI_CARGA_MEDIA,N3
,0.305,0.142,0.876,1.0,,1787593168591.969,35.66,15.6,-1.48,0.35,1787593168591.969,False,,,2,OP1,C2_WIFI_CARGA_MEDIA,N3
,0.304,0.142,0.877,1.0,,1787593168639.493,35.695,15.68,-1.48,0.35,1787593168639.493,False,,,2,OP1,C2_WIFI_CARGA_MEDIA,N3
,0.304,0.141,0.877,1.0,,1787593168666.664,35.695,15.68,-1.54,0.35,1787593168668.6782,False,,,2,OP1,C2_WIFI_CARGA_MEDIA,N3
,0.304,0.139,0.876,1.0,,1787593168701.1292,35.66,15.68,-1.66,0.35,1787593168701.1292,False,,,2,OP1,C2_WIFI_CARGA_MEDIA,N3
,0.305,0.137,0.877,1.0,,1787593168750.7446,35.695,15.6,-1.78,0.35,1787593168753.2058,False,,,2,OP1,C2_WIFI_CARGA_MEDIA,N3
,0.305,0.135,0.877,1.0,,1787593168797.3562,35.695,15.6,-1.9,0.35,1787593168797.3562,False,,,2,OP1,C2_WIFI_CARGA_MEDIA,N3
,0.305,0.134,0.878,1.0,,1787593168823.2976,35.73,15.6,-1.96,0.35,1787593168823.2976,False,,,2,OP1,C2_WIFI_CARGA_MEDIA,N3
,0.305,0.133,0.88,1.0,,1787593168853.318,35.8,15.6,-2.02,0.35,1787593168853.318,False,,,2,OP1,C2_WIFI_CARGA_MEDIA,N3
,0.304,0.131,0.883,1.0,,1787593168890.5696,35.905,15.68,-2.14,0.35,1787593168891.3435,False,,,2,OP1,C2_WIFI_CARGA_MEDIA,N3
,0.3,0.128,0.894,1.0,,1787593168939.9966,36.29,16.0,-2.32,0.35,1787593168940.4822,False,,,2,OP1,C2_WIFI_CARGA_MEDIA,N3
,0.299,0.125,0.898,1.0,,1787593168972.6035,36.43,16.08,-2.5,0.35,1787593168977.137,False,,,2,OP1,C2_WIFI_CARGA_MEDIA,N3
,0.298,0.123,0.9,1.0,,1787593168993.4612,36.5,16.16,-2.62,0.35,1787593168993.4612,False,,,2,OP1,C2_WIFI_CARGA_MEDIA,N3
,0.298,0.12,0.9,1.0,,1787593169029.9338,36.5,16.16,-2.8,0.35,1787593169032.0518,False,,,2,OP1,C2_WIFI_CARGA_MEDIA,N3
,0.302,0.12,0.902,0.955,,1787593169067.433,36.57,15.84,-2.8,0.3973,1787593169067.433,False,,,2,OP1,C2_WIFI_CARGA_MEDIA,N3
,0.306,0.124,0.901,0.731,,1787593169098.2678,36.535,15.52,-2.56,0.6325,1787593169098.2678,False,,,2,OP1,C2_WIFI_CARGA_MEDIA,N3
,0.312,0.128,0.898,0.438,,1787593169141.2078,36.43,15.04,-2.32,0.9401,1787593169141.2078,False,,,2,OP1,C2_WIFI_CARGA_MEDIA,N3
,0.32,0.132,0.89,0.244,,1787593169196.9487,36.15,14.4,-2.08,1.1438,1787593169196.9487,False,,,2,OP1,C2_WIFI_CARGA_MEDIA,N3
,0.32,0.131,0.889,0.349,,1787593169350.907,36.115,14.4,-2.14,1.0335,1787593169350.907,False,,,2,OP1,C2_WIFI_CARGA_MEDIA,N3
,0.317,0.124,0.895,0.8,,1787593169390.4517,36.325,14.64,-2.56,0.56,1787593169392.4626,False,,,2,OP1,C2_WIFI_CARGA_MEDIA,N3
,0.317,0.124,0.897,0.814,,1787593169448.5005,36.395,14.64,-2.56,0.5453,1787593169448.5005,False,,,2,OP1,C2_WIFI_CARGA_MEDIA,N3
,0.317,0.124,0.898,0.837,,1787593169501.7092,36.43,14.64,-2.56,0.5212,1787593169503.716,False,,,2,OP1,C2_WIFI_CARGA_MEDIA,N3
,0.316,0.124,0.897,0.849,,1787593169528.578,36.395,14.72,-2.56,0.5086,1787593169529.2593,False,,,2,OP1,C2_WIFI_CARGA_MEDIA,N3
,0.315,0.124,0.896,0.874,,1787593169561.2622,36.36,14.8,-2.56,0.4823,1787593169562.262,False,,,2,OP1,C2_WIFI_CARGA_MEDIA,N3
,0.315,0.124,0.895,0.883,,1787593169610.0627,36.325,14.8,-2.56,0.4729,1787593169612.0125,False,,,2,OP1,C2_WIFI_CARGA_MEDIA,N3
,0.314,0.125,0.891,0.894,,1787593169660.046,36.185,14.88,-2.5,0.4613,1787593169660.046,False,,,2,OP1,C2_WIFI_CARGA_MEDIA,N3
,0.314,0.125,0.889,0.896,,1787593169698.422,36.115,14.88,-2.5,0.4592,1787593169699.2349,False,,,2,OP1,C2_WIFI_CARGA_MEDIA,N3
,0.313,0.126,0.886,0.9,,1787593169747.3916,36.01,14.96,-2.44,0.455,1787593169747.3916,False,,,2,OP1,C2_WIFI_CARGA_MEDIA,N3
,0.313,0.127,0.885,0.902,,1787593169805.778,35.975,14.96,-2.38,0.4529,1787593169805.778,False,,,2,OP1,C2_WIFI_CARGA_MEDIA,N3
,0.313,0.128,0.884,0.903,,1787593169826.476,35.94,14.96,-2.32,0.4519,1787593169826.476,False,,,2,OP1,C2_WIFI_CARGA_MEDIA,N3
,0.312,0.129,0.884,0.905,,1787593169847.0,35.94,15.04,-2.26,0.4498,1787593169847.0,False,,,2,OP1,C2_WIFI_CARGA_MEDIA,N3
,0.313,0.13,0.884,0.906,,1787593169892.142,35.94,14.96,-2.2,0.4487,1787593169894.1526,False,,,2,OP1,C2_WIFI_CARGA_MEDIA,N3
,0.313,0.131,0.883,0.908,,1787593169912.1797,35.905,14.96,-2.14,0.4466,1787593169912.1797,False,,,2,OP1,C2_WIFI_CARGA_MEDIA,N3
,0.313,0.132,0.883,0.91,,1787593169948.53,35.905,14.96,-2.08,0.4445,1787593169948.53,False,,,2,OP1,C2_WIFI_CARGA_MEDIA,N3
,0.313,0.133,0.882,0.914,,1787593169977.1118,35.87,14.96,-2.02,0.4403,1787593169977.1118,False,,,2,OP1,C2_WIFI_CARGA_MEDIA,N3
,0.313,0.135,0.879,0.928,,1787593170014.5725,35.765,14.96,-1.9,0.4256,1787593170016.5796,False,,,2,OP1,C2_WIFI_CARGA_MEDIA,N3
,0.313,0.136,0.877,0.959,,1787593170060.295,35.695,14.96,-1.84,0.3931,1787593170061.506,False,,,2,OP1,C2_WIFI_CARGA_MEDIA,N3
,0.312,0.137,0.872,1.0,,1787593170109.7383,35.52,15.04,-1.78,0.35,1787593170112.3428,False,,,2,OP1,C2_WIFI_CARGA_MEDIA,N3
,0.312,0.137,0.871,1.0,,1787593170131.2798,35.485,15.04,-1.78,0.35,1787593170131.2798,False,,,2,OP1,C2_WIFI_CARGA_MEDIA,N3
,0.31,0.138,0.868,1.0,,1787593170196.832,35.38,15.2,-1.72,0.35,1787593170196.832,False,,,2,OP1,C2_WIFI_CARGA_MEDIA,N3
,0.309,0.139,0.866,1.0,,1787593170247.1755,35.31,15.28,-1.66,0.35,1787593170247.1755,False,,,2,OP1,C2_WIFI_CARGA_MEDIA,N3
,0.308,0.14,0.865,1.0,,1787593170270.964,35.275,15.36,-1.6,0.35,1787593170274.0647,False,,,2,OP1,C2_WIFI_CARGA_MEDIA,N3
,0.308,0.14,0.865,1.0,,1787593170310.272,35.275,15.36,-1.6,0.35,1787593170310.272,False,,,2,OP1,C2_WIFI_CARGA_MEDIA,N3
,0.307,0.141,0.863,1.0,,1787593170366.446,35.205,15.44,-1.54,0.35,1787593170366.446,False,,,2,OP1,C2_WIFI_CARGA_MEDIA,N3
,0.307,0.141,0.862,1.0,,1787593170392.764,35.17,15.44,-1.54,0.35,1787593170394.776,False,,,2,OP1,C2_WIFI_CARGA_MEDIA,N3
,0.307,0.141,0.861,1.0,,1787593170547.3132,35.135,15.44,-1.54,0.35,1787593170547.3132,False,,,2,OP1,C2_WIFI_CARGA_MEDIA,N3
,0.308,0.146,0.854,1.0,,1787593170585.8257,34.89,15.36,-1.24,0.35,1787593170586.872,False,,,2,OP1,C2_WIFI_CARGA_MEDIA,N3
,0.308,0.148,0.853,1.0,,1787593170622.483,34.855,15.36,-1.12,0.35,1787593170622.483,False,,,2,OP1,C2_WIFI_CARGA_MEDIA,N3
,0.308,0.149,0.853,1.0,,1787593170665.4717,34.855,15.36,-1.06,0.35,1787593170672.0825,False,,,2,OP1,C2_WIFI_CARGA_MEDIA,N3
,0.308,0.15,0.853,1.0,,1787593170690.191,34.855,15.36,-1.0,0.35,1787593170690.191,False,,,2,OP1,C2_WIFI_CARGA_MEDIA,N3
,0.308,0.15,0.853,1.0,,1787593170726.9702,34.855,15.36,-1.0,0.35,1787593170726.9702,False,,,2,OP1,C2_WIFI_CARGA_MEDIA,N3
,0.308,0.15,0.854,1.0,,1787593170747.5176,34.89,15.36,-1.0,0.35,1787593170748.3662,False,,,2,OP1,C2_WIFI_CARGA_MEDIA,N3
,0.308,0.15,0.854,1.0,,1787593170784.2805,34.89,15.36,-1.0,0.35,1787593170784.2805,False,,,2,OP1,C2_WIFI_CARGA_MEDIA,N3
,0.308,0.149,0.852,1.0,,1787593170822.9893,34.82,15.36,-1.06,0.35,1787593170822.9893,False,,,2,OP1,C2_WIFI_CARGA_MEDIA,N3
,0.309,0.149,0.852,1.0,,1787593170849.0554,34.82,15.28,-1.06,0.35,1787593170849.0554,False,,,2,OP1,C2_WIFI_CARGA_MEDIA,N3
,0.309,0.149,0.851,1.0,,1787593170895.4326,34.785,15.28,-1.06,0.35,1787593170897.6477,False,,,2,OP1,C2_WIFI_CARGA_MEDIA,N3
,0.309,0.149,0.851,1.0,,1787593170923.1924,34.785,15.28,-1.06,0.35,1787593170923.1924,False,,,2,OP1,C2_WIFI_CARGA_MEDIA,N3
,0.31,0.148,0.851,1.0,,1787593170974.1067,34.785,15.2,-1.12,0.35,1787593170974.1067,False,,,2,OP1,C2_WIFI_CARGA_MEDIA,N3
,0.31,0.148,0.851,1.0,,1787593170995.8413,34.785,15.2,-1.12,0.35,1787593170995.8413,False,,,2,OP1,C2_WIFI_CARGA_MEDIA,N3
,0.311,0.147,0.851,1.0,,1787593171035.078,34.785,15.12,-1.18,0.35,1787593171037.068,False,,,2,OP1,C2_WIFI_CARGA_MEDIA,N3
,0.312,0.147,0.851,1.0,,1787593171084.7954,34.785,15.04,-1.18,0.35,1787593171084.7954,False,,,2,OP1,C2_WIFI_CARGA_MEDIA,N3
,0.312,0.148,0.85,1.0,,1787593171147.528,34.75,15.04,-1.12,0.35,1787593171147.528,False,,,2,OP1,C2_WIFI_CARGA_MEDIA,N3
,0.312,0.148,0.85,1.0,,1787593171174.5996,34.75,15.04,-1.12,0.35,1787593171174.5996,False,,,2,OP1,C2_WIFI_CARGA_MEDIA,N3
,0.312,0.148,0.85,1.0,,1787593171201.099,34.75,15.04,-1.12,0.35,1787593171203.504,False,,,2,OP1,C2_WIFI_CARGA_MEDIA,N3
,0.311,0.148,0.849,1.0,,1787593171224.6487,34.715,15.12,-1.12,0.35,1787593171231.4324,False,,,2,OP1,C2_WIFI_CARGA_MEDIA,N3
,0.311,0.148,0.849,1.0,,1787593171248.9949,34.715,15.12,-1.12,0.35,1787593171248.9949,False,,,2,OP1,C2_WIFI_CARGA_MEDIA,N3
,0.312,0.147,0.848,1.0,,1787593171285.7993,34.68,15.04,-1.18,0.35,1787593171286.7864,False,,,2,OP1,C2_WIFI_CARGA_MEDIA,N3
,0.312,0.146,0.847,1.0,,1787593171326.9146,34.645,15.04,-1.24,0.35,1787593171326.9146,False,,,2,OP1,C2_WIFI_CARGA_MEDIA,N3
,0.313,0.146,0.846,1.0,,1787593171352.5698,34.61,14.96,-1.24,0.35,1787593171352.5698,False,,,2,OP1,C2_WIFI_CARGA_MEDIA,N3
,0.314,0.146,0.846,1.0,,1787593171394.8438,34.61,14.88,-1.24,0.35,1787593171396.852,False,,,2,OP1,C2_WIFI_CARGA_MEDIA,N3
,0.315,0.147,0.844,1.0,,1787593171447.6687,34.54,14.8,-1.18,0.35,1787593171447.6687,False,,,2,OP1,C2_WIFI_CARGA_MEDIA,N3
,0.315,0.147,0.843,1.0,,1787593171471.2134,34.505,14.8,-1.18,0.35,1787593171473.2273,False,,,2,OP1,C2_WIFI_CARGA_MEDIA,N3
,0.315,0.147,0.841,1.0,,1787593171496.3938,34.435,14.8,-1.18,0.35,1787593171496.3938,False,,,2,OP1,C2_WIFI_CARGA_MEDIA,N3
,0.316,0.147,0.84,1.0,,1787593171524.1934,34.4,14.72,-1.18,0.35,1787593171525.4773,False,,,2,OP1,C2_WIFI_CARGA_MEDIA,N3
,0.317,0.147,0.837,1.0,,1787593171562.9854,34.295,14.64,-1.18,0.35,1787593171562.9854,False,,,2,OP1,C2_WIFI_CARGA_MEDIA,N3
,0.321,0.148,0.826,1.0,,1787593171602.2593,33.91,14.32,-1.12,0.35,1787593171602.2593,False,,,2,OP1,C2_WIFI_CARGA_MEDIA,N3
,0.325,0.149,0.82,1.0,,1787593171625.641,33.7,14.0,-1.06,0.35,1787593171625.641,False,,,2,OP1,C2_WIFI_CARGA_MEDIA,N3
,0.328,0.15,0.815,1.0,,1787593171675.179,33.525,13.76,-1.0,0.35,1787593171677.175,False,,,2,OP1,C2_WIFI_CARGA_MEDIA,N3
,0.332,0.151,0.813,1.0,,1787593171696.881,33.455,13.44,-0.94,0.35,1787593171696.881,False,,,2,OP1,C2_WIFI_CARGA_MEDIA,N3
,0.336,0.152,0.809,1.0,,1787593171726.0786,33.315,13.12,-0.88,0.35,1787593171728.8235,False,,,2,OP1,C2_WIFI_CARGA_MEDIA,N3
,0.345,0.154,0.802,1.0,,1787593171782.2236,33.07,12.4,-0.76,0.35,1787593171783.2815,False,,,2,OP1,C2_WIFI_CARGA_MEDIA,N3
,0.349,0.155,0.797,1.0,,1787593171814.798,32.895,12.08,-0.7,0.35,1787593171816.7734,False,,,2,OP1,C2_WIFI_CARGA_MEDIA,N3
,0.358,0.159,0.783,1.0,,1787593171860.8108,32.405,11.36,-0.46,0.35,1787593171860.8108,False,,,2,OP1,C2_WIFI_CARGA_MEDIA,N3
,0.362,0.16,0.778,1.0,,1787593171886.4695,32.23,11.04,-0.4,0.35,1787593171887.5725,False,,,2,OP1,C2_WIFI_CARGA_MEDIA,N3
,0.365,0.161,0.772,1.0,,1787593171920.3354,32.02,10.8,-0.34,0.35,1787593171920.3354,False,,,2,OP1,C2_WIFI_CARGA_MEDIA,N3
,0.368,0.162,0.766,1.0,,1787593171946.9983,31.81,10.56,-0.28,0.35,1787593171956.3147,False,,,2,OP1,C2_WIFI_CARGA_MEDIA,N3
,0.371,0.164,0.76,1.0,,1787593172008.619,31.6,10.32,-0.16,0.35,1787593172009.5962,False,,,2,OP1,C2_WIFI_CARGA_MEDIA,N3
,0.372,0.165,0.757,1.0,,1787593172061.0098,31.495,10.24,-0.1,0.35,1787593172061.0098,False,,,2,OP1,C2_WIFI_CARGA_MEDIA,N3
,0.374,0.167,0.758,1.0,,1787593172122.0725,31.53,10.08,0.02,0.35,1787593172122.0725,False,,,2,OP1,C2_WIFI_CARGA_MEDIA,N3
,0.374,0.167,0.759,1.0,,1787593172148.268,31.565,10.08,0.02,0.35,1787593172150.4763,False,,,2,OP1,C2_WIFI_CARGA_MEDIA,N3
,0.375,0.171,0.761,1.0,,1787593172192.619,31.635,10.0,0.26,0.35,1787593172192.619,False,,,2,OP1,C2_WIFI_CARGA_MEDIA,N3
,0.376,0.173,0.763,1.0,,1787593172227.7563,31.705,9.92,0.38,0.35,1787593172227.7563,False,,,2,OP1,C2_WIFI_CARGA_MEDIA,N3
,0.378,0.176,0.767,1.0,,1787593172260.1462,31.845,9.76,0.56,0.35,1787593172260.1462,False,,,2,OP1,C2_WIFI_CARGA_MEDIA,N3
,0.38,0.183,0.772,1.0,,1787593172311.4612,32.02,9.6,0.98,0.35,1787593172311.4612,False,,,2,OP1,C2_WIFI_CARGA_MEDIA,N3
,0.381,0.186,0.775,1.0,,1787593172371.1653,32.125,9.52,1.16,0.35,1787593172371.1653,False,,,2,OP1,C2_WIFI_CARGA_MEDIA,N3
,0.385,0.193,0.777,1.0,,1787593172427.1362,32.195,9.2,1.58,0.35,1787593172428.1448,False,,,2,OP1,C2_WIFI_CARGA_MEDIA,N3
,0.386,0.195,0.777,1.0,,1787593172451.3806,32.195,9.12,1.7,0.35,1787593172451.3806,False,,,2,OP1,C2_WIFI_CARGA_MEDIA,N3
,0.387,0.196,0.778,1.0,,1787593172473.6943,32.23,9.04,1.76,0.35,1787593172473.6943,False,,,2,OP1,C2_WIFI_CARGA_MEDIA,N3
,0.388,0.196,0.778,1.0,,1787593172508.2856,32.23,8.96,1.76,0.35,1787593172508.2856,False,,,2,OP1,C2_WIFI_CARGA_MEDIA,N3
,0.388,0.195,0.78,1.0,,1787593172674.9387,32.3,8.96,1.7,0.35,1787593172674.9387,False,,,2,OP1,C2_WIFI_CARGA_MEDIA,N3
,0.387,0.195,0.781,1.0,,1787593172703.4924,32.335,9.04,1.7,0.35,1787593172703.4924,False,,,2,OP1,C2_WIFI_CARGA_MEDIA,N3
,0.387,0.195,0.781,1.0,,1787593172730.7107,32.335,9.04,1.7,0.35,1787593172733.723,False,,,2,OP1,C2_WIFI_CARGA_MEDIA,N3
,0.389,0.196,0.783,1.0,,1787593172783.8228,32.405,8.88,1.76,0.35,1787593172783.8228,False,,,2,OP1,C2_WIFI_CARGA_MEDIA,N3
,0.395,0.2,0.785,1.0,,1787593172950.1797,32.475,8.4,2.0,0.35,1787593172950.1797,False,,,2,OP1,C2_WIFI_CARGA_MEDIA,N3
,0.412,0.217,0.788,1.0,,1787593172992.7285,32.58,7.04,3.02,0.35,1787593172992.7285,False,,,2,OP1,C2_WIFI_CARGA_MEDIA,N3
,0.413,0.218,0.789,1.0,,1787593173028.398,32.615,6.96,3.08,0.35,1787593173029.4517,False,,,2,OP1,C2_WIFI_CARGA_MEDIA,N3
,0.414,0.219,0.79,1.0,,1787593173063.184,32.65,6.88,3.14,0.35,1787593173063.184,False,,,2,OP1,C2_WIFI_CARGA_MEDIA,N3
,0.415,0.221,0.791,1.0,,1787593173087.4346,32.685,6.8,3.26,0.35,1787593173087.8376,False,,,2,OP1,C2_WIFI_CARGA_MEDIA,N3
,0.417,0.224,0.794,1.0,,1787593173123.0527,32.79,6.64,3.44,0.35,1787593173123.0527,False,,,2,OP1,C2_WIFI_CARGA_MEDIA,N3
,0.419,0.231,0.802,1.0,,1787593173165.1118,33.07,6.48,3.86,0.35,1787593173166.071,False,,,2,OP1,C2_WIFI_CARGA_MEDIA,N3
,0.421,0.233,0.805,1.0,,1787593173194.558,33.175,6.32,3.98,0.35,1787593173194.558,False,,,2,OP1,C2_WIFI_CARGA_MEDIA,N3
,0.423,0.235,0.809,1.0,,1787593173231.705,33.315,6.16,4.1,0.35,1787593173231.705,False,,,2,OP1,C2_WIFI_CARGA_MEDIA,N3
,0.423,0.238,0.813,1.0,,1787593173254.5657,33.455,6.16,4.28,0.35,1787593173255.3623,False,,,2,OP1,C2_WIFI_CARGA_MEDIA,N3
,0.422,0.241,0.818,1.0,,1787593173287.7532,33.63,6.24,4.46,0.35,1787593173289.767,False,,,2,OP1,C2_WIFI_CARGA_MEDIA,N3
,0.421,0.244,0.827,1.0,,1787593173333.2007,33.945,6.32,4.64,0.35,1787593173333.2007,False,,,2,OP1,C2_WIFI_CARGA_MEDIA,N3
,0.421,0.245,0.83,1.0,,1787593173366.6016,34.05,6.32,4.7,0.35,1787593173366.6016,False,,,2,OP1,C2_WIFI_CARGA_MEDIA,N3
,0.421,0.245,0.832,1.0,,1787593173390.2214,34.12,6.32,4.7,0.35,1787593173390.2214,False,,,2,OP1,C2_WIFI_CARGA_MEDIA,N3
,0.422,0.246,0.834,1.0,,1787593173429.624,34.19,6.24,4.76,0.35,1787593173430.2244,False,,,2,OP1,C2_WIFI_CARGA_MEDIA,N3
,0.422,0.248,0.84,1.0,,1787593173466.7002,34.4,6.24,4.88,0.35,1787593173466.7002,False,,,2,OP1,C2_WIFI_CARGA_MEDIA,N3
,0.422,0.249,0.843,1.0,,1787593173489.939,34.505,6.24,4.94,0.35,1787593173492.7346,False,,,2,OP1,C2_WIFI_CARGA_MEDIA,N3
,0.422,0.249,0.849,1.0,,1787593173529.598,34.715,6.24,4.94,0.35,1787593173529.598,False,,,2,OP1,C2_WIFI_CARGA_MEDIA,N3
,0.422,0.25,0.853,1.0,,1787593173591.6145,34.855,6.24,5.0,0.35,1787593173593.6409,False,,,2,OP1,C2_WIFI_CARGA_MEDIA,N3
,0.421,0.251,0.854,1.0,,1787593173623.235,34.89,6.32,5.06,0.35,1787593173625.2512,False,,,2,OP1,C2_WIFI_CARGA_MEDIA,N3
,0.421,0.251,0.856,1.0,,1787593173669.611,34.96,6.32,5.06,0.35,1787593173669.611,False,,,2,OP1,C2_WIFI_CARGA_MEDIA,N3
,0.42,0.251,0.858,1.0,,1787593173696.016,35.03,6.4,5.06,0.35,1787593173696.016,False,,,2,OP1,C2_WIFI_CARGA_MEDIA,N3
,0.419,0.251,0.859,1.0,,1787593173733.9087,35.065,6.48,5.06,0.35,1787593173735.9158,False,,,2,OP1,C2_WIFI_CARGA_MEDIA,N3
,0.419,0.252,0.86,1.0,,1787593173893.5437,35.1,6.48,5.12,0.35,1787593173893.95,False,,,2,OP1,C2_WIFI_CARGA_MEDIA,N3
,0.419,0.256,0.861,1.0,,1787593173930.8655,35.135,6.48,5.36,0.35,1787593173930.8655,False,,,2,OP1,C2_WIFI_CARGA_MEDIA,N3
,0.425,0.259,0.864,1.0,,1787593173967.7373,35.24,6.0,5.54,0.35,1787593173967.7373,False,,,2,OP1,C2_WIFI_CARGA_MEDIA,N3
,0.428,0.261,0.865,1.0,,1787593173994.2363,35.275,5.76,5.66,0.35,1787593173995.2354,False,,,2,OP1,C2_WIFI_CARGA_MEDIA,N3
,0.432,0.264,0.866,1.0,,1787593174038.6863,35.31,5.44,5.84,0.35,1787593174038.6863,False,,,2,OP1,C2_WIFI_CARGA_MEDIA,N3
,0.436,0.267,0.867,1.0,,1787593174062.1487,35.345,5.12,6.02,0.35,1787593174064.1467,False,,,2,OP1,C2_WIFI_CARGA_MEDIA,N3
,0.443,0.276,0.866,1.0,,1787593174122.5276,35.31,4.56,6.56,0.35,1787593174125.948,False,,,2,OP1,C2_WIFI_CARGA_MEDIA,N3
,0.446,0.282,0.863,1.0,,1787593174172.6145,35.205,4.32,6.92,0.35,1787593174172.6145,False,,,2,OP1,C2_WIFI_CARGA_MEDIA,N3
,0.447,0.284,0.86,1.0,,1787593174197.1355,35.1,4.24,7.04,0.35,1787593174197.1355,False,,,2,OP1,C2_WIFI_CARGA_MEDIA,N3
,0.447,0.284,0.857,1.0,,1787593174235.374,34.995,4.24,7.04,0.35,1787593174236.6167,False,,,2,OP1,C2_WIFI_CARGA_MEDIA,N3
,0.451,0.285,0.85,1.0,,1787593174280.308,34.75,3.92,7.1,0.35,1787593174293.476,False,,,2,OP1,C2_WIFI_CARGA_MEDIA,N3
,0.462,0.284,0.836,1.0,,1787593174341.6506,34.26,3.04,7.04,0.35,1787593174343.1577,False,,,2,OP1,C2_WIFI_CARGA_MEDIA,N3
,0.468,0.285,0.831,1.0,,1787593174375.4136,34.085,2.56,7.1,0.35,1787593174375.4136,False,,,2,OP1,C2_WIFI_CARGA_MEDIA,N3
,0.471,0.286,0.83,1.0,,1787593174396.9658,34.05,2.32,7.16,0.35,1787593174399.1482,False,,,2,OP1,C2_WIFI_CARGA_MEDIA,N3
,0.473,0.288,0.828,1.0,,1787593174542.4585,33.98,2.16,7.28,0.35,1787593174542.4585,False,,,2,OP1,C2_WIFI_CARGA_MEDIA,N3
,0.483,0.301,0.805,1.0,,1787593174568.7102,33.175,1.36,8.06,0.35,1787593174570.7202,False,,,2,OP1,C2_WIFI_CARGA_MEDIA,N3
,0.485,0.304,0.801,1.0,,1787593174598.9138,33.035,1.2,8.24,0.35,1787593174599.3633,False,,,2,OP1,C2_WIFI_CARGA_MEDIA,N3
,0.492,0.309,0.796,1.0,,1787593174643.7898,32.86,0.64,8.54,0.35,1787593174643.7898,False,,,2,OP1,C2_WIFI_CARGA_MEDIA,N3
,0.494,0.312,0.792,1.0,,1787593174674.8113,32.72,0.48,8.72,0.35,1787593174674.8113,False,,,2,OP1,C2_WIFI_CARGA_MEDIA,N3
,0.498,0.314,0.791,1.0,,1787593174699.2546,32.685,0.16,8.84,0.35,1787593174700.37,False,,,2,OP1,C2_WIFI_CARGA_MEDIA,N3
,0.501,0.316,0.785,1.0,,1787593174740.3967,32.475,-0.08,8.96,0.35,1787593174740.3967,False,,,2,OP1,C2_WIFI_CARGA_MEDIA,N3
,0.508,0.322,0.773,1.0,,1787593174777.9524,32.055,-0.64,9.32,0.35,1787593174777.9524,False,,,2,OP1,C2_WIFI_CARGA_MEDIA,N3
,0.512,0.327,0.765,1.0,,1787593174845.4512,31.775,-0.96,9.62,0.35,1787593174845.4512,False,,,2,OP1,C2_WIFI_CARGA_MEDIA,N3
,0.514,0.331,0.762,1.0,,1787593174873.548,31.67,-1.12,9.86,0.35,1787593174873.548,False,,,2,OP1,C2_WIFI_CARGA_MEDIA,N3
,0.519,0.341,0.759,1.0,,1787593174932.6802,31.565,-1.52,10.46,0.35,1787593174932.6802,False,,,2,OP1,C2_WIFI_CARGA_MEDIA,N3
,0.525,0.349,0.759,1.0,,1787593174975.9211,31.565,-2.0,10.94,0.35,1787593174975.9211,False,,,2,OP1,C2_WIFI_CARGA_MEDIA,N3
,0.526,0.353,0.758,1.0,,1787593175002.6548,31.53,-2.08,11.18,0.35,1787593175003.6697,False,,,2,OP1,C2_WIFI_CARGA_MEDIA,N3
,0.527,0.36,0.756,1.0,,1787593175043.0068,31.46,-2.16,11.6,0.35,1787593175043.0068,False,,,2,OP1,C2_WIFI_CARGA_MEDIA,N3
,0.528,0.371,0.75,1.0,,1787593175088.3196,31.25,-2.24,12.26,0.35,1787593175090.3313,False,,,2,OP1,C2_WIFI_CARGA_MEDIA,N3
,0.528,0.376,0.748,1.0,,1787593175127.0232,31.18,-2.24,12.56,0.35,1787593175127.531,False,,,2,OP1,C2_WIFI_CARGA_MEDIA,N3
,0.527,0.384,0.752,1.0,,1787593175182.1382,31.32,-2.16,13.04,0.35,1787593175182.1382,False,,,2,OP1,C2_WIFI_CARGA_MEDIA,N3
,0.525,0.389,0.758,1.0,,1787593175208.3809,31.53,-2.0,13.34,0.35,1787593175208.3809,False,,,2,OP1,C2_WIFI_CARGA_MEDIA,N3
,0.521,0.397,0.77,1.0,,1787593175258.136,31.95,-1.68,13.82,0.35,1787593175258.136,False,,,2,OP1,C2_WIFI_CARGA_MEDIA,N3
,0.52,0.399,0.774,1.0,,1787593175293.5725,32.09,-1.6,13.94,0.35,1787593175294.7598,False,,,2,OP1,C2_WIFI_CARGA_MEDIA,N3
,0.516,0.404,0.782,1.0,,1787593175323.985,32.37,-1.28,14.24,0.35,1787593175325.1077,False,,,2,OP1,C2_WIFI_CARGA_MEDIA,N3
,0.515,0.407,0.787,1.0,,1787593175374.7676,32.545,-1.2,14.42,0.35,1787593175376.7822,False,,,2,OP1,C2_WIFI_CARGA_MEDIA,N3
,0.514,0.409,0.791,1.0,,1787593175400.0923,32.685,-1.12,14.54,0.35,1787593175400.0923,False,,,2,OP1,C2_WIFI_CARGA_MEDIA,N3
,0.513,0.413,0.797,1.0,,1787593175461.4895,32.895,-1.04,14.78,0.35,1787593175462.4905,False,,,2,OP1,C2_WIFI_CARGA_MEDIA,N3
,0.513,0.414,0.8,1.0,,1787593175516.017,33.0,-1.04,14.84,0.35,1787593175516.017,False,,,2,OP1,C2_WIFI_CARGA_MEDIA,N3
,0.513,0.416,0.804,1.0,,1787593175573.416,33.14,-1.04,14.96,0.35,1787593175573.416,False,,,2,OP1,C2_WIFI_CARGA_MEDIA,N3
,0.513,0.42,0.808,1.0,,1787593175626.4993,33.28,-1.04,15.2,0.35,1787593175628.507,False,,,2,OP1,C2_WIFI_CARGA_MEDIA,N3
,0.513,0.422,0.814,1.0,,1787593175655.7024,33.49,-1.04,15.32,0.35,1787593175657.7114,False,,,2,OP1,C2_WIFI_CARGA_MEDIA,N3
,0.512,0.426,0.822,1.0,,1787593175683.2788,33.77,-0.96,15.56,0.35,1787593175683.2788,False,,,2,OP1,C2_WIFI_CARGA_MEDIA,N3
,0.511,0.432,0.839,1.0,,1787593175739.0315,34.365,-0.88,15.92,0.35,1787593175740.0388,False,,,2,OP1,C2_WIFI_CARGA_MEDIA,N3
,0.511,0.434,0.843,1.0,,1787593175767.0256,34.505,-0.88,16.04,0.35,1787593175767.0256,False,,,2,OP1,C2_WIFI_CARGA_MEDIA,N3
,0.51,0.434,0.849,1.0,,1787593175823.9868,34.715,-0.8,16.04,0.35,1787593175826.078,False,,,2,OP1,C2_WIFI_CARGA_MEDIA,N3
,0.509,0.432,0.858,1.0,,1787593175902.0952,35.03,-0.72,15.92,0.35,1787593175902.0952,False,,,2,OP1,C2_WIFI_CARGA_MEDIA,N3
,0.509,0.431,0.861,1.0,,1787593175934.3313,35.135,-0.72,15.86,0.35,1787593175934.3313,False,,,2,OP1,C2_WIFI_CARGA_MEDIA,N3
,0.509,0.429,0.863,1.0,,1787593175990.238,35.205,-0.72,15.74,0.35,1787593175990.238,False,,,2,OP1,C2_WIFI_CARGA_MEDIA,N3
,0.509,0.428,0.864,1.0,,1787593176045.575,35.24,-0.72,15.68,0.35,1787593176046.5847,False,,,2,OP1,C2_WIFI_CARGA_MEDIA,N3
,0.508,0.428,0.864,1.0,,1787593176096.7805,35.24,-0.64,15.68,0.35,1787593176096.7805,False,,,2,OP1,C2_WIFI_CARGA_MEDIA,N3
,0.508,0.429,0.862,1.0,,1787593176155.9011,35.17,-0.64,15.74,0.35,1787593176155.9011,False,,,2,OP1,C2_WIFI_CARGA_MEDIA,N3
,0.508,0.43,0.862,1.0,,1787593176176.096,35.17,-0.64,15.8,0.35,1787593176176.096,False,,,2,OP1,C2_WIFI_CARGA_MEDIA,N3
,0.508,0.43,0.861,1.0,,1787593176200.6672,35.135,-0.64,15.8,0.35,1787593176202.6746,False,,,2,OP1,C2_WIFI_CARGA_MEDIA,N3
,0.508,0.43,0.861,1.0,,1787593176242.452,35.135,-0.64,15.8,0.35,1787593176242.452,False,,,2,OP1,C2_WIFI_CARGA_MEDIA,N3
,0.508,0.429,0.861,1.0,,1787593176283.288,35.135,-0.64,15.74,0.35,1787593176284.7063,False,,,2,OP1,C2_WIFI_CARGA_MEDIA,N3
,0.508,0.428,0.862,1.0,,1787593176323.9573,35.17,-0.64,15.68,0.35,1787593176323.9573,False,,,2,OP1,C2_WIFI_CARGA_MEDIA,N3
,0.509,0.427,0.862,1.0,,1787593176345.1814,35.17,-0.72,15.62,0.35,1787593176346.2302,False,,,2,OP1,C2_WIFI_CARGA_MEDIA,N3
,0.509,0.425,0.86,1.0,,1787593176378.1665,35.1,-0.72,15.5,0.35,1787593176378.1665,False,,,2,OP1,C2_WIFI_CARGA_MEDIA,N3
,0.513,0.42,0.844,1.0,,1787593176425.2354,34.54,-1.04,15.2,0.35,1787593176425.2354,False,,,2,OP1,C2_WIFI_CARGA_MEDIA,N3
,0.515,0.418,0.827,1.0,,1787593176448.9954,33.945,-1.2,15.08,0.35,1787593176448.9954,False,,,2,OP1,C2_WIFI_CARGA_MEDIA,N3
,0.518,0.415,0.809,1.0,,1787593176485.941,33.315,-1.44,14.9,0.35,1787593176489.6626,False,,,2,OP1,C2_WIFI_CARGA_MEDIA,N3
,0.522,0.411,0.79,1.0,,1787593176515.9556,32.65,-1.76,14.66,0.35,1787593176521.5264,False,,,2,OP1,C2_WIFI_CARGA_MEDIA,N3
,0.527,0.408,0.767,1.0,,1787593176558.3958,31.845,-2.16,14.48,0.35,1787593176558.3958,False,,,2,OP1,C2_WIFI_CARGA_MEDIA,N3
,0.53,0.406,0.76,1.0,,1787593176582.4087,31.6,-2.4,14.36,0.35,1787593176583.5493,False,,,2,OP1,C2_WIFI_CARGA_MEDIA,N3
,0.532,0.405,0.756,1.0,,1787593176628.3987,31.46,-2.56,14.3,0.35,1787593176628.3987,False,,,2,OP1,C2_WIFI_CARGA_MEDIA,N3
,0.533,0.405,0.754,1.0,,1787593176660.238,31.39,-2.64,14.3,0.35,1787593176660.238,False,,,2,OP1,C2_WIFI_CARGA_MEDIA,N3
,0.536,0.404,0.751,1.0,,1787593176705.964,31.285,-2.88,14.24,0.35,1787593176705.964,False,,,2,OP1,C2_WIFI_CARGA_MEDIA,N3
,0.536,0.403,0.752,1.0,,1787593176729.538,31.32,-2.88,14.18,0.35,1787593176729.538,False,,,2,OP1,C2_WIFI_CARGA_MEDIA,N3
,0.536,0.403,0.753,1.0,,1787593176770.2417,31.355,-2.88,14.18,0.35,1787593176772.2554,False,,,2,OP1,C2_WIFI_CARGA_MEDIA,N3
,0.535,0.406,0.762,1.0,,1787593176823.7805,31.67,-2.8,14.36,0.35,1787593176823.7805,False,,,2,OP1,C2_WIFI_CARGA_MEDIA,N3
,0.532,0.408,0.772,1.0,,1787593176853.8816,32.02,-2.56,14.48,0.35,1787593176853.8816,False,,,2,OP1,C2_WIFI_CARGA_MEDIA,N3
,0.523,0.416,0.795,1.0,,1787593176903.215,32.825,-1.84,14.96,0.35,1787593176903.215,False,,,2,OP1,C2_WIFI_CARGA_MEDIA,N3
,0.521,0.416,0.803,1.0,,1787593176927.1086,33.105,-1.68,14.96,0.35,1787593176930.4707,False,,,2,OP1,C2_WIFI_CARGA_MEDIA,N3
,0.519,0.416,0.809,1.0,,1787593176965.5432,33.315,-1.52,14.96,0.35,1787593176966.231,False,,,2,OP1,C2_WIFI_CARGA_MEDIA,N3
,0.512,0.413,0.821,1.0,,1787593177020.516,33.735,-0.96,14.78,0.35,1787593177022.527,False,,,2,OP1,C2_WIFI_CARGA_MEDIA,N3
,0.505,0.41,0.836,1.0,,1787593177067.234,34.26,-0.4,14.6,0.35,1787593177067.234,False,,,2,OP1,C2_WIFI_CARGA_MEDIA,N3
,0.501,0.406,0.834,1.0,,1787593177130.9788,34.19,-0.08,14.36,0.35,1787593177130.9788,False,,,2,OP1,C2_WIFI_CARGA_MEDIA,N3
,0.497,0.404,0.831,1.0,,1787593177155.7769,34.085,0.24,14.24,0.35,1787593177155.7769,False,,,2,OP1,C2_WIFI_CARGA_MEDIA,N3
,0.494,0.401,0.832,1.0,,1787593177184.7815,34.12,0.48,14.06,0.35,1787593177186.7937,False,,,2,OP1,C2_WIFI_CARGA_MEDIA,N3
,0.487,0.393,0.837,1.0,,1787593177236.622,34.295,1.04,13.58,0.35,1787593177236.622,False,,,2,OP1,C2_WIFI_CARGA_MEDIA,N3
,0.483,0.387,0.837,1.0,,1787593177262.465,34.295,1.36,13.22,0.35,1787593177262.465,False,,,2,OP1,C2_WIFI_CARGA_MEDIA,N3
,0.478,0.385,0.839,1.0,,1787593177285.3196,34.365,1.76,13.1,0.35,1787593177286.332,False,,,2,OP1,C2_WIFI_CARGA_MEDIA,N3
,0.472,0.382,0.841,1.0,,1787593177327.918,34.435,2.24,12.92,0.35,1787593177329.9258,False,,,2,OP1,C2_WIFI_CARGA_MEDIA,N3
,0.458,0.376,0.852,1.0,,1787593177369.3452,34.82,3.36,12.56,0.35,1787593177369.3452,False,,,2,OP1,C2_WIFI_CARGA_MEDIA,N3
,0.447,0.372,0.862,1.0,,1787593177428.1882,35.17,4.24,12.32,0.35,1787593177428.1882,False,,,2,OP1,C2_WIFI_CARGA_MEDIA,N3
,0.443,0.371,0.864,1.0,,1787593177460.4736,35.24,4.56,12.26,0.35,1787593177460.4736,False,,,2,OP1,C2_WIFI_CARGA_MEDIA,N3
,0.44,0.37,0.865,1.0,,1787593177488.9824,35.275,4.8,12.2,0.35,1787593177490.2798,False,,,2,OP1,C2_WIFI_CARGA_MEDIA,N3
,0.435,0.37,0.866,1.0,,1787593177521.5913,35.31,5.2,12.2,0.35,1787593177522.608,False,,,2,OP1,C2_WIFI_CARGA_MEDIA,N3
,0.425,0.37,0.867,1.0,,1787593177565.8096,35.345,6.0,12.2,0.35,1787593177565.8096,False,,,2,OP1,C2_WIFI_CARGA_MEDIA,N3
,0.422,0.37,0.867,1.0,,1787593177589.1265,35.345,6.24,12.2,0.35,1787593177589.1265,False,,,2,OP1,C2_WIFI_CARGA_MEDIA,N3
,0.42,0.37,0.868,1.0,,1787593177631.9336,35.38,6.4,12.2,0.35,1787593177631.9336,False,,,2,OP1,C2_WIFI_CARGA_MEDIA,N3
,0.419,0.371,0.867,1.0,,1787593177661.5425,35.345,6.48,12.26,0.35,1787593177661.5425,False,,,2,OP1,C2_WIFI_CARGA_MEDIA,N3
,0.417,0.372,0.865,1.0,,1787593177689.2014,35.275,6.64,12.32,0.35,1787593177690.0366,False,,,2,OP1,C2_WIFI_CARGA_MEDIA,N3
,0.414,0.378,0.86,1.0,,1787593177731.5923,35.1,6.88,12.68,0.35,1787593177731.5923,False,,,2,OP1,C2_WIFI_CARGA_MEDIA,N3
,0.413,0.379,0.855,1.0,,1787593177769.9136,34.925,6.96,12.74,0.35,1787593177769.9136,False,,,2,OP1,C2_WIFI_CARGA_MEDIA,N3
,0.413,0.381,0.85,1.0,,1787593177792.8408,34.75,6.96,12.86,0.35,1787593177792.8408,False,,,2,OP1,C2_WIFI_CARGA_MEDIA,N3
,0.414,0.38,0.849,1.0,,1787593177827.5476,34.715,6.88,12.8,0.35,1787593177829.5586,False,,,2,OP1,C2_WIFI_CARGA_MEDIA,N3
,0.416,0.38,0.846,1.0,,1787593177866.861,34.61,6.72,12.8,0.35,1787593177866.861,False,,,2,OP1,C2_WIFI_CARGA_MEDIA,N3
,0.416,0.379,0.844,1.0,,1787593177890.9788,34.54,6.72,12.74,0.35,1787593177891.9814,False,,,2,OP1,C2_WIFI_CARGA_MEDIA,N3
,0.416,0.379,0.843,1.0,,1787593177933.9526,34.505,6.72,12.74,0.35,1787593177935.294,False,,,2,OP1,C2_WIFI_CARGA_MEDIA,N3
,0.416,0.379,0.842,1.0,,1787593177961.1704,34.47,6.72,12.74,0.35,1787593177963.656,False,,,2,OP1,C2_WIFI_CARGA_MEDIA,N3
,0.416,0.379,0.841,1.0,,1787593177995.1023,34.435,6.72,12.74,0.35,1787593177995.1023,False,,,2,OP1,C2_WIFI_CARGA_MEDIA,N3
,0.416,0.379,0.841,1.0,,1787593178019.6738,34.435,6.72,12.74,0.35,1787593178024.6562,False,,,2,OP1,C2_WIFI_CARGA_MEDIA,N3
,0.416,0.379,0.843,1.0,,1787593178044.6057,34.505,6.72,12.74,0.35,1787593178046.0288,False,,,2,OP1,C2_WIFI_CARGA_MEDIA,N3
,0.417,0.378,0.848,1.0,,1787593178064.7278,34.68,6.64,12.68,0.35,1787593178064.7278,False,,,2,OP1,C2_WIFI_CARGA_MEDIA,N3
,0.417,0.378,0.849,1.0,,1787593178091.726,34.715,6.64,12.68,0.35,1787593178092.8772,False,,,2,OP1,C2_WIFI_CARGA_MEDIA,N3
,0.417,0.379,0.85,1.0,,1787593178137.0676,34.75,6.64,12.74,0.35,1787593178137.0676,False,,,2,OP1,C2_WIFI_CARGA_MEDIA,N3
,0.418,0.379,0.852,1.0,,1787593178169.6216,34.82,6.56,12.74,0.35,1787593178169.6216,False,,,2,OP1,C2_WIFI_CARGA_MEDIA,N3
,0.418,0.379,0.854,1.0,,1787593178194.5156,34.89,6.56,12.74,0.35,1787593178195.317,False,,,2,OP1,C2_WIFI_CARGA_MEDIA,N3
,0.419,0.378,0.855,1.0,,1787593178232.736,34.925,6.48,12.68,0.35,1787593178232.736,False,,,2,OP1,C2_WIFI_CARGA_MEDIA,N3
,0.425,0.377,0.86,1.0,,1787593178269.8271,35.1,6.0,12.62,0.35,1787593178270.8325,False,,,2,OP1,C2_WIFI_CARGA_MEDIA,N3
,0.428,0.377,0.861,1.0,,1787593178294.267,35.135,5.76,12.62,0.35,1787593178295.3818,False,,,2,OP1,C2_WIFI_CARGA_MEDIA,N3
,0.43,0.376,0.861,1.0,,1787593178338.3567,35.135,5.6,12.56,0.35,1787593178338.3567,False,,,2,OP1,C2_WIFI_CARGA_MEDIA,N3
,0.431,0.375,0.862,1.0,,1787593178367.2114,35.17,5.52,12.5,0.35,1787593178367.2114,False,,,2,OP1,C2_WIFI_CARGA_MEDIA,N3
,0.431,0.375,0.863,1.0,,1787593178394.9785,35.205,5.52,12.5,0.35,1787593178397.0942,False,,,2,OP1,C2_WIFI_CARGA_MEDIA,N3
,0.431,0.375,0.866,1.0,,1787593178438.102,35.31,5.52,12.5,0.35,1787593178438.102,False,,,2,OP1,C2_WIFI_CARGA_MEDIA,N3
,0.432,0.375,0.867,1.0,,1787593178580.7378,35.345,5.44,12.5,0.35,1787593178595.7449,False,,,2,OP1,C2_WIFI_CARGA_MEDIA,N3
,0.432,0.373,0.878,1.0,,1787593178735.1982,35.73,5.44,12.38,0.35,1787593178735.1982,False,,,2,OP1,C2_WIFI_CARGA_MEDIA,N3
,0.429,0.367,0.903,1.0,,1787593178773.99,36.605,5.68,12.02,0.35,1787593178773.99,False,,,2,OP1,C2_WIFI_CARGA_MEDIA,N3
,0.429,0.366,0.908,1.0,,1787593178807.728,36.78,5.68,11.96,0.35,1787593178807.728,False,,,2,OP1,C2_WIFI_CARGA_MEDIA,N3
,0.43,0.363,0.917,1.0,,1787593178842.079,37.095,5.6,11.78,0.35,1787593178843.2295,False,,,2,OP1,C2_WIFI_CARGA_MEDIA,N3
,0.432,0.359,0.929,1.0,,1787593178872.256,37.515,5.44,11.54,0.35,1787593178872.256,False,,,2,OP1,C2_WIFI_CARGA_MEDIA,N3
,0.432,0.359,0.931,1.0,,1787593178898.677,37.585,5.44,11.54,0.35,1787593178901.1345,False,,,2,OP1,C2_WIFI_CARGA_MEDIA,N3
,0.433,0.357,0.932,1.0,,1787593178930.577,37.62,5.36,11.42,0.35,1787593178932.5923,False,,,2,OP1,C2_WIFI_CARGA_MEDIA,N3
,0.433,0.356,0.932,1.0,,1787593178975.4978,37.62,5.36,11.36,0.35,1787593178977.5706,False,,,2,OP1,C2_WIFI_CARGA_MEDIA,N3
,0.434,0.356,0.931,1.0,,1787593179008.8398,37.585,5.28,11.36,0.35,1787593179009.4373,False,,,2,OP1,C2_WIFI_CARGA_MEDIA,N3
,0.436,0.355,0.927,1.0,,1787593179065.5952,37.445,5.12,11.3,0.35,1787593179068.8755,False,,,2,OP1,C2_WIFI_CARGA_MEDIA,N3
,0.443,0.352,0.917,1.0,,1787593179113.5044,37.095,4.56,11.12,0.35,1787593179113.5044,False,,,2,OP1,C2_WIFI_CARGA_MEDIA,N3
,0.445,0.35,0.913,1.0,,1787593179143.7358,36.955,4.4,11.0,0.35,1787593179143.7358,False,,,2,OP1,C2_WIFI_CARGA_MEDIA,N3
,0.447,0.349,0.91,1.0,,1787593179170.8547,36.85,4.24,10.94,0.35,1787593179171.7893,False,,,2,OP1,C2_WIFI_CARGA_MEDIA,N3
,0.448,0.348,0.905,1.0,,1787593179217.36,36.675,4.16,10.88,0.35,1787593179217.8772,False,,,2,OP1,C2_WIFI_CARGA_MEDIA,N3
,0.448,0.348,0.903,1.0,,1787593179259.7434,36.605,4.16,10.88,0.35,1787593179259.7434,False,,,2,OP1,C2_WIFI_CARGA_MEDIA,N3
,0.448,0.347,0.9,1.0,,1787593179281.8628,36.5,4.16,10.82,0.35,1787593179281.8628,False,,,2,OP1,C2_WIFI_CARGA_MEDIA,N3
,0.447,0.346,0.897,1.0,,1787593179308.8408,36.395,4.24,10.76,0.35,1787593179308.8408,False,,,2,OP1,C2_WIFI_CARGA_MEDIA,N3
,0.447,0.345,0.893,1.0,,1787593179346.2026,36.255,4.24,10.7,0.35,1787593179348.213,False,,,2,OP1,C2_WIFI_CARGA_MEDIA,N3
,0.447,0.343,0.888,1.0,,1787593179396.9043,36.08,4.24,10.58,0.35,1787593179396.9043,False,,,2,OP1,C2_WIFI_CARGA_MEDIA,N3
,0.448,0.342,0.887,1.0,,1787593179429.4463,36.045,4.16,10.52,0.35,1787593179429.4463,False,,,2,OP1,C2_WIFI_CARGA_MEDIA,N3
,0.45,0.342,0.886,1.0,,1787593179451.7651,36.01,4.0,10.52,0.35,1787593179453.4707,False,,,2,OP1,C2_WIFI_CARGA_MEDIA,N3
,0.452,0.341,0.885,1.0,,1787593179472.8635,35.975,3.84,10.46,0.35,1787593179472.8635,False,,,2,OP1,C2_WIFI_CARGA_MEDIA,N3
,0.458,0.34,0.882,1.0,,1787593179524.6426,35.87,3.36,10.4,0.35,1787593179524.6426,False,,,2,OP1,C2_WIFI_CARGA_MEDIA,N3
,0.461,0.339,0.881,1.0,,1787593179562.3472,35.835,3.12,10.34,0.35,1787593179562.768,False,,,2,OP1,C2_WIFI_CARGA_MEDIA,N3
,0.464,0.339,0.881,1.0,,1787593179597.1577,35.835,2.88,10.34,0.35,1787593179597.1577,False,,,2,OP1,C2_WIFI_CARGA_MEDIA,N3
,0.467,0.338,0.879,1.0,,1787593179652.8206,35.765,2.64,10.28,0.35,1787593179654.8328,False,,,2,OP1,C2_WIFI_CARGA_MEDIA,N3
,0.468,0.338,0.876,1.0,,1787593179706.7827,35.66,2.56,10.28,0.35,1787593179706.7827,False,,,2,OP1,C2_WIFI_CARGA_MEDIA,N3
,0.469,0.336,0.873,1.0,,1787593179763.215,35.555,2.48,10.16,0.35,1787593179765.2236,False,,,2,OP1,C2_WIFI_CARGA_MEDIA,N3
,0.473,0.332,0.868,1.0,,1787593179806.1162,35.38,2.16,9.92,0.35,1787593179806.1162,False,,,2,OP1,C2_WIFI_CARGA_MEDIA,N3
,0.474,0.331,0.864,1.0,,1787593179839.5725,35.24,2.08,9.86,0.35,1787593179840.568,False,,,2,OP1,C2_WIFI_CARGA_MEDIA,N3
,0.475,0.33,0.861,1.0,,1787593179865.7664,35.135,2.0,9.8,0.35,1787593179865.7664,False,,,2,OP1,C2_WIFI_CARGA_MEDIA,N3
,0.476,0.33,0.859,1.0,,1787593179893.7727,35.065,1.92,9.8,0.35,1787593179894.8538,False,,,2,OP1,C2_WIFI_CARGA_MEDIA,N3
,0.477,0.329,0.857,1.0,,1787593179931.6355,34.995,1.84,9.74,0.35,1787593179931.6355,False,,,2,OP1,C2_WIFI_CARGA_MEDIA,N3
,0.482,0.33,0.856,1.0,,1787593179991.3042,34.96,1.44,9.8,0.35,1787593179991.3042,False,,,2,OP1,C2_WIFI_CARGA_MEDIA,N3
,0.485,0.33,0.857,1.0,,1787593180030.3618,34.995,1.2,9.8,0.35,1787593180030.3618,False,,,2,OP1,C2_WIFI_CARGA_MEDIA,N3
,0.491,0.333,0.861,1.0,,1787593180078.484,35.135,0.72,9.98,0.35,1787593180078.484,False,,,2,OP1,C2_WIFI_CARGA_MEDIA,N3
,0.493,0.333,0.866,1.0,,1787593180140.754,35.31,0.56,9.98,0.35,1787593180140.754,False,,,2,OP1,C2_WIFI_CARGA_MEDIA,N3
,0.494,0.333,0.869,1.0,,1787593180279.041,35.415,0.48,9.98,0.35,1787593180279.041,False,,,2,OP1,C2_WIFI_CARGA_MEDIA,N3
,0.49,0.322,0.88,1.0,,1787593180335.9324,35.8,0.8,9.32,0.35,1787593180335.9324,False,,,2,OP1,C2_WIFI_CARGA_MEDIA,N3
,0.488,0.32,0.88,1.0,,1787593180376.8804,35.8,0.96,9.2,0.35,1787593180376.8804,False,,,2,OP1,C2_WIFI_CARGA_MEDIA,N3
,0.488,0.319,0.882,1.0,,1787593180409.3162,35.87,0.96,9.14,0.35,1787593180409.3162,False,,,2,OP1,C2_WIFI_CARGA_MEDIA,N3
,0.489,0.318,0.883,1.0,,1787593180447.3274,35.905,0.88,9.08,0.35,1787593180447.3274,False,,,2,OP1,C2_WIFI_CARGA_MEDIA,N3
,0.49,0.317,0.886,1.0,,1787593180487.9988,36.01,0.8,9.02,0.35,1787593180487.9988,False,,,2,OP1,C2_WIFI_CARGA_MEDIA,N3
,0.491,0.318,0.89,1.0,,1787593180512.556,36.15,0.72,9.08,0.35,1787593180515.825,False,,,2,OP1,C2_WIFI_CARGA_MEDIA,N3
,0.492,0.319,0.897,1.0,,1787593180557.476,36.395,0.64,9.14,0.35,1787593180557.476,False,,,2,OP1,C2_WIFI_CARGA_MEDIA,N3
,0.496,0.322,0.908,1.0,,1787593180610.923,36.78,0.32,9.32,0.35,1787593180611.9336,False,,,2,OP1,C2_WIFI_CARGA_MEDIA,N3
,0.497,0.326,0.906,1.0,,1787593180647.202,36.71,0.24,9.56,0.35,1787593180647.202,False,,,2,OP1,C2_WIFI_CARGA_MEDIA,N3
,0.496,0.328,0.91,1.0,,1787593180696.9402,36.85,0.32,9.68,0.35,1787593180698.9507,False,,,2,OP1,C2_WIFI_CARGA_MEDIA,N3
,0.495,0.328,0.922,1.0,,1787593180730.7312,37.27,0.4,9.68,0.35,1787593180730.7312,False,,,2,OP1,C2_WIFI_CARGA_MEDIA,N3
,0.493,0.327,0.937,1.0,,1787593180764.6309,37.795,0.56,9.62,0.35,1787593180765.1367,False,,,2,OP1,C2_WIFI_CARGA_MEDIA,N3
,0.49,0.326,0.95,1.0,,1787593180805.8252,38.25,0.8,9.56,0.35,1787593180805.8252,False,,,2,OP1,C2_WIFI_CARGA_MEDIA,N3
,0.488,0.324,0.959,1.0,,1787593180837.9304,38.565,0.96,9.44,0.35,1787593180837.9304,False,,,2,OP1,C2_WIFI_CARGA_MEDIA,N3
,0.486,0.32,0.967,1.0,,1787593180892.6846,38.845,1.12,9.2,0.35,1787593180893.8906,False,,,2,OP1,C2_WIFI_CARGA_MEDIA,N3
,0.487,0.319,0.971,1.0,,1787593180947.074,38.985,1.04,9.14,0.35,1787593180947.074,False,,,2,OP1,C2_WIFI_CARGA_MEDIA,N3
,0.488,0.321,0.971,1.0,,1787593180975.8008,38.985,0.96,9.26,0.35,1787593180975.8008,False,,,2,OP1,C2_WIFI_CARGA_MEDIA,N3
,0.49,0.323,0.97,1.0,,1787593181004.063,38.95,0.8,9.38,0.35,1787593181004.063,False,,,2,OP1,C2_WIFI_CARGA_MEDIA,N3
,0.494,0.327,0.965,1.0,,1787593181029.3271,38.775,0.48,9.62,0.35,1787593181029.3271,False,,,2,OP1,C2_WIFI_CARGA_MEDIA,N3
,0.501,0.337,0.95,1.0,,1787593181068.9397,38.25,-0.08,10.22,0.35,1787593181070.0708,False,,,2,OP1,C2_WIFI_CARGA_MEDIA,N3
,0.502,0.339,0.95,1.0,,1787593181113.0083,38.25,-0.16,10.34,0.35,1787593181114.006,False,,,2,OP1,C2_WIFI_CARGA_MEDIA,N3
,0.504,0.34,0.952,1.0,,1787593181151.0393,38.32,-0.32,10.4,0.35,1787593181153.0503,False,,,2,OP1,C2_WIFI_CARGA_MEDIA,N3
,0.505,0.341,0.954,1.0,,1787593181198.3972,38.39,-0.4,10.46,0.35,1787593181198.3972,False,,,2,OP1,C2_WIFI_CARGA_MEDIA,N3
,0.504,0.341,0.955,1.0,,1787593181218.8157,38.425,-0.32,10.46,0.35,1787593181218.8157,False,,,2,OP1,C2_WIFI_CARGA_MEDIA,N3
,0.504,0.342,0.956,1.0,,1787593181260.1306,38.46,-0.32,10.52,0.35,1787593181261.6782,False,,,2,OP1,C2_WIFI_CARGA_MEDIA,N3
,0.502,0.341,0.964,1.0,,1787593181296.702,38.74,-0.16,10.46,0.35,1787593181297.2622,False,,,2,OP1,C2_WIFI_CARGA_MEDIA,N3
,0.501,0.341,0.962,1.0,,1787593181362.1262,38.67,-0.08,10.46,0.35,1787593181362.1262,False,,,2,OP1,C2_WIFI_CARGA_MEDIA,N3
,0.5,0.338,0.957,1.0,,1787593181414.777,38.495,0.0,10.28,0.35,1787593181415.7715,False,,,2,OP1,C2_WIFI_CARGA_MEDIA,N3
,0.5,0.336,0.954,1.0,,1787593181448.6853,38.39,0.0,10.16,0.35,1787593181449.035,False,,,2,OP1,C2_WIFI_CARGA_MEDIA,N3
,0.499,0.336,0.949,1.0,,1787593181501.7976,38.215,0.08,10.16,0.35,1787593181504.8232,False,,,2,OP1,C2_WIFI_CARGA_MEDIA,N3
,0.498,0.336,0.946,1.0,,1787593181563.32,38.11,0.16,10.16,0.35,1787593181563.9722,False,,,2,OP1,C2_WIFI_CARGA_MEDIA,N3
,0.498,0.337,0.945,1.0,,1787593181596.9485,38.075,0.16,10.22,0.35,1787593181596.9485,False,,,2,OP1,C2_WIFI_CARGA_MEDIA,N3
,0.498,0.337,0.946,1.0,,1787593181640.0117,38.11,0.16,10.22,0.35,1787593181641.2544,False,,,2,OP1,C2_WIFI_CARGA_MEDIA,N3
,0.497,0.338,0.945,1.0,,1787593181663.2742,38.075,0.24,10.28,0.35,1787593181663.2742,False,,,2,OP1,C2_WIFI_CARGA_MEDIA,N3
,0.497,0.339,0.943,1.0,,1787593181699.163,38.005,0.24,10.34,0.35,1787593181699.163,False,,,2,OP1,C2_WIFI_CARGA_MEDIA,N3
,0.496,0.342,0.945,1.0,,1787593181758.1702,38.075,0.32,10.52,0.35,1787593181758.8467,False,,,2,OP1,C2_WIFI_CARGA_MEDIA,N3
,0.495,0.343,0.945,1.0,,1787593181797.4033,38.075,0.4,10.58,0.35,1787593181797.4033,False,,,2,OP1,C2_WIFI_CARGA_MEDIA,N3
,0.491,0.345,0.941,1.0,,1787593181856.441,37.935,0.72,10.7,0.35,1787593181858.4563,False,,,2,OP1,C2_WIFI_CARGA_MEDIA,N3
,0.488,0.347,0.937,1.0,,1787593181897.0276,37.795,0.96,10.82,0.35,1787593181897.0276,False,,,2,OP1,C2_WIFI_CARGA_MEDIA,N3
,0.487,0.348,0.927,1.0,,1787593181921.5403,37.445,1.04,10.88,0.35,1787593181922.5432,False,,,2,OP1,C2_WIFI_CARGA_MEDIA,N3
,0.488,0.349,0.921,1.0,,1787593181966.8667,37.235,0.96,10.94,0.35,1787593181966.8667,False,,,2,OP1,C2_WIFI_CARGA_MEDIA,N3
,0.489,0.349,0.915,1.0,,1787593181991.8823,37.025,0.88,10.94,0.35,1787593181993.8977,False,,,2,OP1,C2_WIFI_CARGA_MEDIA,N3
,0.489,0.349,0.915,1.0,,1787593182020.5933,37.025,0.88,10.94,0.35,1787593182020.5933,False,,,2,OP1,C2_WIFI_CARGA_MEDIA,N3
,0.492,0.35,0.913,1.0,,1787593182066.7473,36.955,0.64,11.0,0.35,1787593182066.7473,False,,,2,OP1,C2_WIFI_CARGA_MEDIA,N3
,0.493,0.351,0.915,1.0,,1787593182115.5835,37.025,0.56,11.06,0.35,1787593182115.5835,False,,,2,OP1,C2_WIFI_CARGA_MEDIA,N3
,0.494,0.353,0.917,1.0,,1787593182136.9226,37.095,0.48,11.18,0.35,1787593182136.9226,False,,,2,OP1,C2_WIFI_CARGA_MEDIA,N3
,0.495,0.355,0.919,1.0,,1787593182162.7449,37.165,0.4,11.3,0.35,1787593182162.7449,False,,,2,OP1,C2_WIFI_CARGA_MEDIA,N3
,0.495,0.356,0.92,1.0,,1787593182199.5283,37.2,0.4,11.36,0.35,1787593182199.5283,False,,,2,OP1,C2_WIFI_CARGA_MEDIA,N3
,0.494,0.356,0.924,1.0,,1787593182227.852,37.34,0.48,11.36,0.35,1787593182227.852,False,,,2,OP1,C2_WIFI_CARGA_MEDIA,N3
,0.493,0.356,0.927,1.0,,1787593182278.4744,37.445,0.56,11.36,0.35,1787593182278.4744,False,,,2,OP1,C2_WIFI_CARGA_MEDIA,N3
,0.492,0.356,0.934,1.0,,1787593182302.277,37.69,0.64,11.36,0.35,1787593182302.277,False,,,2,OP1,C2_WIFI_CARGA_MEDIA,N3
,0.491,0.355,0.943,1.0,,1787593182332.202,38.005,0.72,11.3,0.35,1787593182332.202,False,,,2,OP1,C2_WIFI_CARGA_MEDIA,N3
,0.491,0.352,0.959,1.0,,1787593182373.5708,38.565,0.72,11.12,0.35,1787593182373.5708,False,,,2,OP1,C2_WIFI_CARGA_MEDIA,N3
,0.492,0.351,0.963,1.0,,1787593182421.6792,38.705,0.64,11.06,0.35,1787593182423.6716,False,,,2,OP1,C2_WIFI_CARGA_MEDIA,N3
,0.494,0.349,0.968,1.0,,1787593182461.502,38.88,0.48,10.94,0.35,1787593182461.502,False,,,2,OP1,C2_WIFI_CARGA_MEDIA,N3
,0.498,0.348,0.973,1.0,,1787593182491.6338,39.055,0.16,10.88,0.35,1787593182492.7927,False,,,2,OP1,C2_WIFI_CARGA_MEDIA,N3
,0.502,0.347,0.981,1.0,,1787593182531.0186,39.335,-0.16,10.82,0.35,1787593182531.0186,False,,,2,OP1,C2_WIFI_CARGA_MEDIA,N3
,0.507,0.345,1.0,1.0,,1787593182590.3574,40.0,-0.56,10.7,0.35,1787593182593.166,False,,,2,OP1,C2_WIFI_CARGA_MEDIA,N3
,0.509,0.344,1.0,1.0,,1787593182617.3318,40.0,-0.72,10.64,0.35,1787593182617.3318,False,,,2,OP1,C2_WIFI_CARGA_MEDIA,N3
,0.51,0.343,1.0,1.0,,1787593182651.3574,40.0,-0.8,10.58,0.35,1787593182651.8694,False,,,2,OP1,C2_WIFI_CARGA_MEDIA,N3
,0.51,0.342,1.0,1.0,,1787593182683.7285,40.0,-0.8,10.52,0.35,1787593182684.619,False,,,2,OP1,C2_WIFI_CARGA_MEDIA,N3
,0.509,0.342,1.0,1.0,,1787593182714.1416,40.0,-0.72,10.52,0.35,1787593182714.1416,False,,,2,OP1,C2_WIFI_CARGA_MEDIA,N3
,0.508,0.343,1.0,1.0,,1787593182744.116,40.0,-0.64,10.58,0.35,1787593182745.9272,False,,,2,OP1,C2_WIFI_CARGA_MEDIA,N3
,0.509,0.345,1.0,1.0,,1787593182781.414,40.0,-0.72,10.7,0.35,1787593182784.0474,False,,,2,OP1,C2_WIFI_CARGA_MEDIA,N3
,0.511,0.347,1.0,1.0,,1787593182842.682,40.0,-0.88,10.82,0.35,1787593182842.682,False,,,2,OP1,C2_WIFI_CARGA_MEDIA,N3
,0.515,0.348,1.0,1.0,,1787593183034.5972,40.0,-1.2,10.88,0.35,1787593183034.5972,False,,,2,OP1,C2_WIFI_CARGA_MEDIA,N3
,0.522,0.335,1.0,1.0,,1787593183246.162,40.0,-1.76,10.1,0.35,1787593183247.1582,False,,,2,OP1,C2_WIFI_CARGA_MEDIA,N3
,0.522,0.317,1.0,1.0,,1787593183278.0425,40.0,-1.76,9.02,0.35,1787593183278.0425,False,,,2,OP1,C2_WIFI_CARGA_MEDIA,N3
,0.523,0.316,1.0,1.0,,1787593183298.9585,40.0,-1.84,8.96,0.35,1787593183299.4656,False,,,2,OP1,C2_WIFI_CARGA_MEDIA,N3
,0.523,0.316,1.0,1.0,,1787593183334.8933,40.0,-1.84,8.96,0.35,1787593183336.2422,False,,,2,OP1,C2_WIFI_CARGA_MEDIA,N3
,0.523,0.317,1.0,1.0,,1787593183507.6353,40.0,-1.84,9.02,0.35,1787593183507.6353,False,,,2,OP1,C2_WIFI_CARGA_MEDIA,N3
,0.523,0.321,1.0,1.0,,1787593183534.8853,40.0,-1.84,9.26,0.35,1787593183535.7354,False,,,2,OP1,C2_WIFI_CARGA_MEDIA,N3
,0.523,0.321,1.0,1.0,,1787593183573.4382,40.0,-1.84,9.26,0.35,1787593183573.4382,False,,,2,OP1,C2_WIFI_CARGA_MEDIA,N3
,0.523,0.321,1.0,1.0,,1787593183606.6382,40.0,-1.84,9.26,0.35,1787593183606.6382,False,,,2,OP1,C2_WIFI_CARGA_MEDIA,N3
,0.523,0.322,1.0,1.0,,1787593183635.562,40.0,-1.84,9.32,0.35,1787593183636.651,False,,,2,OP1,C2_WIFI_CARGA_MEDIA,N3
,0.522,0.322,1.0,1.0,,1787593183675.3264,40.0,-1.76,9.32,0.35,1787593183675.3264,False,,,2,OP1,C2_WIFI_CARGA_MEDIA,N3
,0.521,0.321,1.0,1.0,,1787593183716.7725,40.0,-1.68,9.26,0.35,1787593183716.7725,False,,,2,OP1,C2_WIFI_CARGA_MEDIA,N3
,0.52,0.319,1.0,1.0,,1787593183738.0825,40.0,-1.6,9.14,0.35,1787593183741.418,False,,,2,OP1,C2_WIFI_CARGA_MEDIA,N3
,0.52,0.319,1.0,1.0,,1787593183778.8235,40.0,-1.6,9.14,0.35,1787593183778.8235,False,,,2,OP1,C2_WIFI_CARGA_MEDIA,N3
,0.522,0.317,1.0,1.0,,1787593183838.484,40.0,-1.76,9.02,0.35,1787593183838.484,False,,,2,OP1,C2_WIFI_CARGA_MEDIA,N3
,0.525,0.315,1.0,1.0,,1787593183882.0923,40.0,-2.0,8.9,0.35,1787593183882.0923,False,,,2,OP1,C2_WIFI_CARGA_MEDIA,N3
,0.527,0.313,1.0,1.0,,1787593183915.1626,40.0,-2.16,8.78,0.35,1787593183915.1626,False,,,2,OP1,C2_WIFI_CARGA_MEDIA,N3
,0.529,0.312,1.0,1.0,,1787593183939.0237,40.0,-2.32,8.72,0.35,1787593183940.0312,False,,,2,OP1,C2_WIFI_CARGA_MEDIA,N3
,0.53,0.311,1.0,1.0,,1787593183976.4011,40.0,-2.4,8.66,0.35,1787593183976.4011,False,,,2,OP1,C2_WIFI_CARGA_MEDIA,N3
,0.532,0.31,1.0,1.0,,1787593184037.0452,40.0,-2.56,8.6,0.35,1787593184037.0452,False,,,2,OP1,C2_WIFI_CARGA_MEDIA,N3
,0.533,0.311,1.0,1.0,,1787593184085.545,40.0,-2.64,8.66,0.35,1787593184085.545,False,,,2,OP1,C2_WIFI_CARGA_MEDIA,N3
,0.533,0.311,1.0,1.0,,1787593184116.2627,40.0,-2.64,8.66,0.35,1787593184116.2627,False,,,2,OP1,C2_WIFI_CARGA_MEDIA,N3
,0.533,0.311,1.0,1.0,,1787593184142.2952,40.0,-2.64,8.66,0.35,1787593184142.2952,False,,,2,OP1,C2_WIFI_CARGA_MEDIA,N3
,0.533,0.31,1.0,1.0,,1787593184177.5774,40.0,-2.64,8.6,0.35,1787593184177.5774,False,,,2,OP1,C2_WIFI_CARGA_MEDIA,N3
,0.532,0.309,1.0,1.0,,1787593184217.121,40.0,-2.56,8.54,0.35,1787593184217.121,False,,,2,OP1,C2_WIFI_CARGA_MEDIA,N3
,0.532,0.308,1.0,1.0,,1787593184253.516,40.0,-2.56,8.48,0.35,1787593184253.516,False,,,2,OP1,C2_WIFI_CARGA_MEDIA,N3
,0.532,0.307,1.0,1.0,,1787593184285.6262,40.0,-2.56,8.42,0.35,1787593184285.6262,False,,,2,OP1,C2_WIFI_CARGA_MEDIA,N3
,0.533,0.306,1.0,1.0,,1787593184316.4006,40.0,-2.64,8.36,0.35,1787593184316.4006,False,,,2,OP1,C2_WIFI_CARGA_MEDIA,N3
,0.534,0.304,1.0,1.0,,1787593184341.428,40.0,-2.72,8.24,0.35,1787593184342.4607,False,,,2,OP1,C2_WIFI_CARGA_MEDIA,N3
,0.535,0.303,1.0,1.0,,1787593184370.9324,40.0,-2.8,8.18,0.35,1787593184372.9497,False,,,2,OP1,C2_WIFI_CARGA_MEDIA,N3
,0.535,0.301,1.0,1.0,,1787593184418.837,40.0,-2.8,8.06,0.35,1787593184418.837,False,,,2,OP1,C2_WIFI_CARGA_MEDIA,N3
,0.535,0.3,1.0,1.0,,1787593184441.8103,40.0,-2.8,8.0,0.35,1787593184443.8354,False,,,2,OP1,C2_WIFI_CARGA_MEDIA,N3
,0.535,0.3,1.0,1.0,,1787593184482.5032,40.0,-2.8,8.0,0.35,1787593184484.5144,False,,,2,OP1,C2_WIFI_CARGA_MEDIA,N3
,0.535,0.3,1.0,1.0,,1787593184521.1597,40.0,-2.8,8.0,0.35,1787593184521.1597,False,,,2,OP1,C2_WIFI_CARGA_MEDIA,N3
,0.534,0.299,1.0,1.0,,1787593184542.8984,40.0,-2.72,7.94,0.35,1787593184544.9094,False,,,2,OP1,C2_WIFI_CARGA_MEDIA,N3
,0.534,0.299,1.0,1.0,,1787593184581.1238,40.0,-2.72,7.94,0.35,1787593184581.1238,False,,,2,OP1,C2_WIFI_CARGA_MEDIA,N3
,0.534,0.299,1.0,1.0,,1787593184621.1038,40.0,-2.72,7.94,0.35,1787593184621.1038,False,,,2,OP1,C2_WIFI_CARGA_MEDIA,N3
,0.534,0.299,1.0,1.0,,1787593184647.154,40.0,-2.72,7.94,0.35,1787593184647.154,False,,,2,OP1,C2_WIFI_CARGA_MEDIA,N3
,0.533,0.298,1.0,1.0,,1787593184679.1875,40.0,-2.64,7.88,0.35,1787593184679.1875,False,,,2,OP1,C2_WIFI_CARGA_MEDIA,N3
,0.532,0.299,1.0,1.0,,1787593184720.897,40.0,-2.56,7.94,0.35,1787593184720.897,False,,,2,OP1,C2_WIFI_CARGA_MEDIA,N3
,0.532,0.299,1.0,1.0,,1787593184745.9478,40.0,-2.56,7.94,0.35,1787593184747.0654,False,,,2,OP1,C2_WIFI_CARGA_MEDIA,N3
,0.531,0.3,1.0,1.0,,1787593184782.9578,40.0,-2.48,8.0,0.35,1787593184782.9578,False,,,2,OP1,C2_WIFI_CARGA_MEDIA,N3
,0.528,0.302,1.0,1.0,,1787593184843.6687,40.0,-2.24,8.12,0.35,1787593184844.6702,False,,,2,OP1,C2_WIFI_CARGA_MEDIA,N3
,0.526,0.302,1.0,1.0,,1787593184874.437,40.0,-2.08,8.12,0.35,1787593184874.437,False,,,2,OP1,C2_WIFI_CARGA_MEDIA,N3
,0.524,0.301,1.0,1.0,,1787593184915.575,40.0,-1.92,8.06,0.35,1787593184915.575,False,,,2,OP1,C2_WIFI_CARGA_MEDIA,N3
,0.523,0.299,1.0,1.0,,1787593184947.2583,40.0,-1.84,7.94,0.35,1787593184947.2583,False,,,2,OP1,C2_WIFI_CARGA_MEDIA,N3
,0.522,0.299,1.0,1.0,,1787593184983.5596,40.0,-1.76,7.94,0.35,1787593184985.5706,False,,,2,OP1,C2_WIFI_CARGA_MEDIA,N3
,0.522,0.297,1.0,1.0,,1787593185025.7822,40.0,-1.76,7.82,0.35,1787593185025.7822,False,,,2,OP1,C2_WIFI_CARGA_MEDIA,N3
,0.522,0.296,1.0,1.0,,1787593185047.571,40.0,-1.76,7.76,0.35,1787593185047.571,False,,,2,OP1,C2_WIFI_CARGA_MEDIA,N3
,0.523,0.295,1.0,1.0,,1787593185094.3452,40.0,-1.84,7.7,0.35,1787593185095.162,False,,,2,OP1,C2_WIFI_CARGA_MEDIA,N3
,0.523,0.294,1.0,1.0,,1787593185249.3655,40.0,-1.84,7.64,0.35,1787593185250.3667,False,,,2,OP1,C2_WIFI_CARGA_MEDIA,N3
,0.526,0.308,1.0,1.0,,1787593185288.2751,40.0,-2.08,8.48,0.35,1787593185288.2751,False,,,2,OP1,C2_WIFI_CARGA_MEDIA,N3
,0.53,0.311,1.0,1.0,,1787593185327.9568,40.0,-2.4,8.66,0.35,1787593185327.9568,False,,,2,OP1,C2_WIFI_CARGA_MEDIA,N3
,0.531,0.313,1.0,1.0,,1787593185358.131,40.0,-2.48,8.78,0.35,1787593185359.3496,False,,,2,OP1,C2_WIFI_CARGA_MEDIA,N3
,0.531,0.315,1.0,1.0,,1787593185390.4153,40.0,-2.48,8.9,0.35,1787593185390.4153,False,,,2,OP1,C2_WIFI_CARGA_MEDIA,N3
,0.532,0.315,1.0,1.0,,1787593185427.7876,40.0,-2.56,8.9,0.35,1787593185427.7876,False,,,2,OP1,C2_WIFI_CARGA_MEDIA,N3
,0.532,0.316,1.0,1.0,,1787593185450.416,40.0,-2.56,8.96,0.35,1787593185451.4143,False,,,2,OP1,C2_WIFI_CARGA_MEDIA,N3
,0.532,0.317,1.0,1.0,,1787593185485.4463,40.0,-2.56,9.02,0.35,1787593185486.129,False,,,2,OP1,C2_WIFI_CARGA_MEDIA,N3
,0.534,0.318,1.0,1.0,,1787593185526.954,40.0,-2.72,9.08,0.35,1787593185526.954,False,,,2,OP1,C2_WIFI_CARGA_MEDIA,N3
,0.535,0.318,1.0,1.0,,1787593185551.8489,40.0,-2.8,9.08,0.35,1787593185551.8489,False,,,2,OP1,C2_WIFI_CARGA_MEDIA,N3
,0.535,0.32,1.0,1.0,,1787593185596.6924,40.0,-2.8,9.2,0.35,1787593185596.6924,False,,,2,OP1,C2_WIFI_CARGA_MEDIA,N3
,0.537,0.321,1.0,1.0,,1787593185623.0112,40.0,-2.96,9.26,0.35,1787593185625.022,False,,,2,OP1,C2_WIFI_CARGA_MEDIA,N3
,0.537,0.323,1.0,1.0,,1787593185653.5544,40.0,-2.96,9.38,0.35,1787593185654.5718,False,,,2,OP1,C2_WIFI_CARGA_MEDIA,N3
,0.534,0.332,1.0,1.0,,1787593185694.8188,40.0,-2.72,9.92,0.35,1787593185696.8245,False,,,2,OP1,C2_WIFI_CARGA_MEDIA,N3
,0.533,0.334,1.0,1.0,,1787593185728.6577,40.0,-2.64,10.04,0.35,1787593185728.6577,False,,,2,OP1,C2_WIFI_CARGA_MEDIA,N3
,0.532,0.336,1.0,1.0,,1787593185754.0493,40.0,-2.56,10.16,0.35,1787593185755.069,False,,,2,OP1,C2_WIFI_CARGA_MEDIA,N3
,0.531,0.337,1.0,1.0,,1787593185792.1565,40.0,-2.48,10.22,0.35,1787593185792.7102,False,,,2,OP1,C2_WIFI_CARGA_MEDIA,N3
,0.528,0.342,1.0,1.0,,1787593185846.8784,40.0,-2.24,10.52,0.35,1787593185846.8784,False,,,2,OP1,C2_WIFI_CARGA_MEDIA,N3
,0.526,0.343,1.0,1.0,,1787593185896.7932,40.0,-2.08,10.58,0.35,1787593185896.7932,False,,,2,OP1,C2_WIFI_CARGA_MEDIA,N3
,0.525,0.342,1.0,1.0,,1787593185953.5205,40.0,-2.0,10.52,0.35,1787593185954.5342,False,,,2,OP1,C2_WIFI_CARGA_MEDIA,N3
,0.524,0.34,1.0,1.0,,1787593185998.975,40.0,-1.92,10.4,0.35,1787593185998.975,False,,,2,OP1,C2_WIFI_CARGA_MEDIA,N3
,0.524,0.338,1.0,1.0,,1787593186033.0608,40.0,-1.92,10.28,0.35,1787593186033.0608,False,,,2,OP1,C2_WIFI_CARGA_MEDIA,N3
,0.524,0.337,1.0,1.0,,1787593186057.1738,40.0,-1.92,10.22,0.35,1787593186059.1846,False,,,2,OP1,C2_WIFI_CARGA_MEDIA,N3
,0.524,0.337,1.0,1.0,,1787593186087.7432,40.0,-1.92,10.22,0.35,1787593186088.9167,False,,,2,OP1,C2_WIFI_CARGA_MEDIA,N3
,0.524,0.336,1.0,1.0,,1787593186123.1538,40.0,-1.92,10.16,0.35,1787593186125.1536,False,,,2,OP1,C2_WIFI_CARGA_MEDIA,N3
,0.525,0.335,1.0,1.0,,1787593186146.9856,40.0,-2.0,10.1,0.35,1787593186146.9856,False,,,2,OP1,C2_WIFI_CARGA_MEDIA,N3
,0.525,0.333,1.0,1.0,,1787593186198.5266,40.0,-2.0,9.98,0.35,1787593186198.5266,False,,,2,OP1,C2_WIFI_CARGA_MEDIA,N3
,0.525,0.333,1.0,1.0,,1787593186223.7102,40.0,-2.0,9.98,0.35,1787593186223.7102,False,,,2,OP1,C2_WIFI_CARGA_MEDIA,N3
,0.526,0.332,1.0,1.0,,1787593186265.982,40.0,-2.08,9.92,0.35,1787593186266.9873,False,,,2,OP1,C2_WIFI_CARGA_MEDIA,N3
,0.526,0.331,1.0,1.0,,1787593186293.8994,40.0,-2.08,9.86,0.35,1787593186295.3064,False,,,2,OP1,C2_WIFI_CARGA_MEDIA,N3
,0.529,0.327,1.0,1.0,,1787593186333.2358,40.0,-2.32,9.62,0.35,1787593186333.2358,False,,,2,OP1,C2_WIFI_CARGA_MEDIA,N3
,0.532,0.324,1.0,1.0,,1787593186366.9788,40.0,-2.56,9.44,0.35,1787593186366.9788,False,,,2,OP1,C2_WIFI_CARGA_MEDIA,N3
,0.534,0.321,1.0,1.0,,1787593186406.5227,40.0,-2.72,9.26,0.35,1787593186406.5227,False,,,2,OP1,C2_WIFI_CARGA_MEDIA,N3
,0.539,0.316,1.0,1.0,,1787593186462.7,40.0,-3.12,8.96,0.35,1787593186462.7,False,,,2,OP1,C2_WIFI_CARGA_MEDIA,N3
,0.546,0.308,1.0,1.0,,1787593186497.1914,40.0,-3.68,8.48,0.35,1787593186497.1914,False,,,2,OP1,C2_WIFI_CARGA_MEDIA,N3
,0.548,0.305,1.0,1.0,,1787593186525.946,40.0,-3.84,8.3,0.35,1787593186526.964,False,,,2,OP1,C2_WIFI_CARGA_MEDIA,N3
,0.55,0.303,1.0,1.0,,1787593186558.0518,40.0,-4.0,8.18,0.35,1787593186560.3667,False,,,2,OP1,C2_WIFI_CARGA_MEDIA,N3
,0.551,0.302,1.0,1.0,,1787593186727.9353,40.0,-4.08,8.12,0.35,1787593186727.9353,False,,,2,OP1,C2_WIFI_CARGA_MEDIA,N3
,0.557,0.298,1.0,1.0,,1787593186766.852,40.0,-4.56,7.88,0.35,1787593186768.167,False,,,2,OP1,C2_WIFI_CARGA_MEDIA,N3
,0.559,0.293,1.0,1.0,,1787593186804.9888,40.0,-4.72,7.58,0.35,1787593186804.9888,False,,,2,OP1,C2_WIFI_CARGA_MEDIA,N3
,0.561,0.29,1.0,1.0,,1787593186965.5613,40.0,-4.88,7.4,0.35,1787593186967.6526,False,,,2,OP1,C2_WIFI_CARGA_MEDIA,N3
,0.553,0.277,1.0,1.0,,1787593187008.2131,40.0,-4.24,6.62,0.35,1787593187008.2131,False,,,2,OP1,C2_WIFI_CARGA_MEDIA,N3
,0.548,0.274,1.0,1.0,,1787593187031.9077,40.0,-3.84,6.44,0.35,1787593187032.3347,False,,,2,OP1,C2_WIFI_CARGA_MEDIA,N3
,0.543,0.273,1.0,1.0,,1787593187068.7903,40.0,-3.44,6.38,0.35,1787593187068.7903,False,,,2,OP1,C2_WIFI_CARGA_MEDIA,N3
,0.537,0.272,1.0,1.0,,1787593187265.6687,40.0,-2.96,6.32,0.35,1787593187266.7205,False,,,2,OP1,C2_WIFI_CARGA_MEDIA,N3
,0.521,0.276,1.0,1.0,,1787593187406.2651,40.0,-1.68,6.56,0.35,1787593187406.2651,False,,,2,OP1,C2_WIFI_CARGA_MEDIA,N3
,0.473,0.282,1.0,1.0,,1787593187467.2375,40.0,2.16,6.92,0.35,1787593187468.2314,False,,,2,OP1,C2_WIFI_CARGA_MEDIA,N3
,0.466,0.281,1.0,1.0,,1787593187503.2036,40.0,2.72,6.86,0.35,1787593187503.2036,False,,,2,OP1,C2_WIFI_CARGA_MEDIA,N3
,0.456,0.28,1.0,1.0,,1787593187543.7014,40.0,3.52,6.8,0.35,1787593187546.7034,False,,,2,OP1,C2_WIFI_CARGA_MEDIA,N3
,0.454,0.279,1.0,1.0,,1787593187573.6384,40.0,3.68,6.74,0.35,1787593187573.6384,False,,,2,OP1,C2_WIFI_CARGA_MEDIA,N3
,0.45,0.277,1.0,1.0,,1787593187601.4502,40.0,4.0,6.62,0.35,1787593187601.4502,False,,,2,OP1,C2_WIFI_CARGA_MEDIA,N3
,0.445,0.275,1.0,1.0,,1787593187638.3408,40.0,4.4,6.5,0.35,1787593187638.3408,False,,,2,OP1,C2_WIFI_CARGA_MEDIA,N3
,0.433,0.272,1.0,1.0,,1787593187698.2178,40.0,5.36,6.32,0.35,1787593187700.2317,False,,,2,OP1,C2_WIFI_CARGA_MEDIA,N3
,0.422,0.271,1.0,1.0,,1787593187736.958,40.0,6.24,6.26,0.35,1787593187747.295,False,,,2,OP1,C2_WIFI_CARGA_MEDIA,N3
,0.416,0.272,1.0,1.0,,1787593187784.0833,40.0,6.72,6.32,0.35,1787593187787.3953,False,,,2,OP1,C2_WIFI_CARGA_MEDIA,N3
,0.408,0.272,1.0,1.0,,1787593187838.9338,40.0,7.36,6.32,0.35,1787593187838.9338,False,,,2,OP1,C2_WIFI_CARGA_MEDIA,N3
,0.398,0.273,1.0,1.0,,1787593187894.1814,40.0,8.16,6.38,0.35,1787593187896.1887,False,,,2,OP1,C2_WIFI_CARGA_MEDIA,N3
,0.392,0.273,1.0,1.0,,1787593187922.187,40.0,8.64,6.38,0.35,1787593187922.187,False,,,2,OP1,C2_WIFI_CARGA_MEDIA,N3
,0.377,0.275,1.0,1.0,,1787593187964.631,40.0,9.84,6.5,0.35,1787593187964.631,False,,,2,OP1,C2_WIFI_CARGA_MEDIA,N3
,0.37,0.276,1.0,1.0,,1787593187995.0227,40.0,10.4,6.56,0.35,1787593187995.0227,False,,,2,OP1,C2_WIFI_CARGA_MEDIA,N3
,0.362,0.277,1.0,1.0,,1787593188026.8154,40.0,11.04,6.62,0.35,1787593188028.285,False,,,2,OP1,C2_WIFI_CARGA_MEDIA,N3
,0.352,0.277,1.0,1.0,,1787593188059.7744,40.0,11.84,6.62,0.35,1787593188061.295,False,,,2,OP1,C2_WIFI_CARGA_MEDIA,N3
,0.328,0.28,1.0,1.0,,1787593188111.5227,40.0,13.76,6.8,0.35,1787593188112.639,False,,,2,OP1,C2_WIFI_CARGA_MEDIA,N3
,0.302,0.288,0.986,1.0,,1787593188162.688,39.51,15.84,7.28,0.35,1787593188163.786,False,,,2,OP1,C2_WIFI_CARGA_MEDIA,N3
,0.289,0.295,0.935,1.0,,1787593188201.343,37.725,16.88,7.7,0.35,1787593188203.3562,False,,,2,OP1,C2_WIFI_CARGA_MEDIA,N3
,0.277,0.316,0.796,1.0,,1787593188249.3318,32.86,17.84,8.96,0.35,1787593188249.3318,False,,,2,OP1,C2_WIFI_CARGA_MEDIA,N3
,0.288,0.325,0.725,1.0,,1787593188309.9944,30.375,16.96,9.5,0.35,1787593188311.0,False,,,2,OP1,C2_WIFI_CARGA_MEDIA,N3
,0.305,0.327,0.684,1.0,,1787593188337.9167,28.94,15.6,9.62,0.35,1787593188337.9167,False,,,2,OP1,C2_WIFI_CARGA_MEDIA,N3
,0.321,0.329,0.642,1.0,,1787593188359.088,27.47,14.32,9.74,0.35,1787593188359.088,False,,,2,OP1,C2_WIFI_CARGA_MEDIA,N3
,0.335,0.331,0.6,1.0,,1787593188396.8604,26.0,13.2,9.86,0.35,1787593188398.9473,False,,,2,OP1,C2_WIFI_CARGA_MEDIA,N3
,0.359,0.327,0.524,1.0,,1787593188450.605,23.34,11.28,9.62,0.35,1787593188452.6108,False,,,2,OP1,C2_WIFI_CARGA_MEDIA,N3
,0.365,0.327,0.492,1.0,,1787593188478.7102,22.22,10.8,9.62,0.35,1787593188480.7195,False,,,2,OP1,C2_WIFI_CARGA_MEDIA,N3
,0.363,0.326,0.465,1.0,,1787593188507.2542,21.275,10.96,9.56,0.35,1787593188507.938,False,,,2,OP1,C2_WIFI_CARGA_MEDIA,N3
,0.351,0.326,0.42,1.0,,1787593188546.928,19.7,11.92,9.56,0.35,1787593188546.928,False,,,2,OP1,C2_WIFI_CARGA_MEDIA,N3
,0.346,0.325,0.395,1.0,,1787593188578.1318,18.825,12.32,9.5,0.35,1787593188578.1318,False,,,2,OP1,C2_WIFI_CARGA_MEDIA,N3
,0.345,0.323,0.375,1.0,,1787593188607.6355,18.125,12.4,9.38,0.35,1787593188607.6355,False,,,2,OP1,C2_WIFI_CARGA_MEDIA,N3
,0.345,0.322,0.359,1.0,,1787593188644.954,17.565,12.4,9.32,0.35,1787593188647.7207,False,,,2,OP1,C2_WIFI_CARGA_MEDIA,N3
,0.341,0.324,0.337,1.0,,1787593188697.0835,16.795,12.72,9.44,0.35,1787593188697.0835,False,,,2,OP1,C2_WIFI_CARGA_MEDIA,N3
,0.336,0.326,0.313,1.0,,1787593188753.6013,15.955,13.12,9.56,0.35,1787593188755.858,False,,,2,OP1,C2_WIFI_CARGA_MEDIA,N3
,0.335,0.327,0.305,1.0,,1787593188785.4346,15.675,13.2,9.62,0.35,1787593188785.4346,False,,,2,OP1,C2_WIFI_CARGA_MEDIA,N3
,0.337,0.327,0.285,1.0,,1787593188832.2522,14.975,13.04,9.62,0.35,1787593188832.2522,False,,,2,OP1,C2_WIFI_CARGA_MEDIA,N3
,0.343,0.326,0.255,1.0,,1787593188890.4626,13.925,12.56,9.56,0.35,1787593188890.4626,False,,,2,OP1,C2_WIFI_CARGA_MEDIA,N3
,0.348,0.325,0.236,1.0,,1787593189047.1138,13.26,12.16,9.5,0.35,1787593189049.4563,False,,,2,OP1,C2_WIFI_CARGA_MEDIA,N3
,0.39,0.321,0.163,1.0,,1787593189079.0518,10.705,8.8,9.26,0.35,1787593189079.0518,False,,,2,OP1,C2_WIFI_CARGA_MEDIA,N3
,0.396,0.321,0.163,1.0,,1787593189247.9348,10.705,8.32,9.26,0.35,1787593189250.3037,False,,,2,OP1,C2_WIFI_CARGA_MEDIA,N3
,0.429,0.317,0.164,1.0,,1787593189287.483,10.74,5.68,9.02,0.35,1787593189287.991,False,,,2,OP1,C2_WIFI_CARGA_MEDIA,N3
,0.432,0.317,0.163,1.0,,1787593189314.4363,10.705,5.44,9.02,0.35,1787593189316.4312,False,,,2,OP1,C2_WIFI_CARGA_MEDIA,N3
,0.438,0.315,0.161,1.0,,1787593189333.5872,10.635,4.96,8.9,0.35,1787593189344.37,False,,,2,OP1,C2_WIFI_CARGA_MEDIA,N3
,0.45,0.31,0.159,1.0,,1787593189394.2012,10.565,4.0,8.6,0.35,1787593189394.2012,False,,,2,OP1,C2_WIFI_CARGA_MEDIA,N3
,0.459,0.306,0.156,1.0,,1787593189424.956,10.46,3.28,8.36,0.35,1787593189425.7893,False,,,2,OP1,C2_WIFI_CARGA_MEDIA,N3
,0.466,0.302,0.15,1.0,,1787593189446.5967,10.25,2.72,8.12,0.35,1787593189447.705,False,,,2,OP1,C2_WIFI_CARGA_MEDIA,N3
,0.473,0.3,0.143,1.0,,1787593189481.622,10.005,2.16,8.0,0.35,1787593189481.622,False,,,2,OP1,C2_WIFI_CARGA_MEDIA,N3
,0.488,0.297,0.131,1.0,,1787593189524.83,9.585,0.96,7.82,0.35,1787593189524.83,False,,,2,OP1,C2_WIFI_CARGA_MEDIA,N3
,0.493,0.298,0.127,1.0,,1787593189548.6924,9.445,0.56,7.88,0.35,1787593189548.6924,False,,,2,OP1,C2_WIFI_CARGA_MEDIA,N3
,0.5,0.299,0.123,1.0,,1787593189593.1404,9.305,0.0,7.94,0.35,1787593189594.1409,False,,,2,OP1,C2_WIFI_CARGA_MEDIA,N3
,0.506,0.301,0.119,1.0,,1787593189618.524,9.165,-0.48,8.06,0.35,1787593189618.524,False,,,2,OP1,C2_WIFI_CARGA_MEDIA,N3
,0.514,0.303,0.118,1.0,,1787593189765.073,9.13,-1.12,8.18,0.35,1787593189765.073,False,,,2,OP1,C2_WIFI_CARGA_MEDIA,N3
,0.546,0.312,0.096,1.0,,1787593189868.8333,8.36,-3.68,8.72,0.35,1787593189868.8333,False,,,2,OP1,C2_WIFI_CARGA_MEDIA,N3
,0.558,0.32,0.068,1.0,,1787593189894.5464,7.38,-4.64,9.2,0.35,1787593189897.0532,False,,,2,OP1,C2_WIFI_CARGA_MEDIA,N3
,0.56,0.323,0.072,1.0,,1787593189926.2974,7.52,-4.8,9.38,0.35,1787593189926.2974,False,,,2,OP1,C2_WIFI_CARGA_MEDIA,N3
,0.562,0.326,0.079,1.0,,1787593189952.5967,7.765,-4.96,9.56,0.35,1787593189954.5962,False,,,2,OP1,C2_WIFI_CARGA_MEDIA,N3
,0.562,0.328,0.083,1.0,,1787593189983.5547,7.905,-4.96,9.68,0.35,1787593189983.5547,False,,,2,OP1,C2_WIFI_CARGA_MEDIA,N3
,0.562,0.331,0.092,1.0,,1787593190029.2869,8.22,-4.96,9.86,0.35,1787593190029.2869,False,,,2,OP1,C2_WIFI_CARGA_MEDIA,N3
,0.562,0.331,0.097,1.0,,1787593190054.3235,8.395,-4.96,9.86,0.35,1787593190054.88,False,,,2,OP1,C2_WIFI_CARGA_MEDIA,N3
,0.561,0.331,0.103,1.0,,1787593190084.054,8.605,-4.88,9.86,0.35,1787593190084.054,False,,,2,OP1,C2_WIFI_CARGA_MEDIA,N3
,0.561,0.331,0.113,1.0,,1787593190109.0144,8.955,-4.88,9.86,0.35,1787593190110.071,False,,,2,OP1,C2_WIFI_CARGA_MEDIA,N3
,0.56,0.329,0.127,1.0,,1787593190147.0796,9.445,-4.8,9.74,0.35,1787593190151.6875,False,,,2,OP1,C2_WIFI_CARGA_MEDIA,N3
,0.559,0.329,0.14,1.0,,1787593190168.0947,9.9,-4.72,9.74,0.35,1787593190168.0947,False,,,2,OP1,C2_WIFI_CARGA_MEDIA,N3
,0.557,0.329,0.157,1.0,,1787593190196.7258,10.495,-4.56,9.74,0.35,1787593190196.7258,False,,,2,OP1,C2_WIFI_CARGA_MEDIA,N3
,0.554,0.329,0.176,1.0,,1787593190230.59,11.16,-4.32,9.74,0.35,1787593190230.59,False,,,2,OP1,C2_WIFI_CARGA_MEDIA,N3
,0.549,0.332,0.201,1.0,,1787593190256.9866,12.035,-3.92,9.92,0.35,1787593190258.0515,False,,,2,OP1,C2_WIFI_CARGA_MEDIA,N3
,0.547,0.334,0.218,1.0,,1787593190289.6453,12.63,-3.76,10.04,0.35,1787593190290.4563,False,,,2,OP1,C2_WIFI_CARGA_MEDIA,N3
,0.545,0.335,0.241,1.0,,1787593190333.6436,13.435,-3.6,10.1,0.35,1787593190333.6436,False,,,2,OP1,C2_WIFI_CARGA_MEDIA,N3
,0.544,0.335,0.257,1.0,,1787593190356.849,13.995,-3.52,10.1,0.35,1787593190357.2356,False,,,2,OP1,C2_WIFI_CARGA_MEDIA,N3
,0.542,0.336,0.272,1.0,,1787593190400.985,14.52,-3.36,10.16,0.35,1787593190400.985,False,,,2,OP1,C2_WIFI_CARGA_MEDIA,N3
,0.542,0.337,0.28,1.0,,1787593190427.9812,14.8,-3.36,10.22,0.35,1787593190427.9812,False,,,2,OP1,C2_WIFI_CARGA_MEDIA,N3
,0.541,0.338,0.286,1.0,,1787593190456.0415,15.01,-3.28,10.28,0.35,1787593190458.161,False,,,2,OP1,C2_WIFI_CARGA_MEDIA,N3
,0.539,0.339,0.301,1.0,,1787593190497.6223,15.535,-3.12,10.34,0.35,1787593190497.6223,False,,,2,OP1,C2_WIFI_CARGA_MEDIA,N3
,0.536,0.341,0.313,1.0,,1787593190528.6794,15.955,-2.88,10.46,0.35,1787593190528.6794,False,,,2,OP1,C2_WIFI_CARGA_MEDIA,N3
,0.533,0.341,0.329,1.0,,1787593190554.813,16.515,-2.64,10.46,0.35,1787593190554.813,False,,,2,OP1,C2_WIFI_CARGA_MEDIA,N3
,0.529,0.342,0.349,1.0,,1787593190595.2698,17.215,-2.32,10.52,0.35,1787593190596.778,False,,,2,OP1,C2_WIFI_CARGA_MEDIA,N3
,0.522,0.343,0.37,1.0,,1787593190635.259,17.95,-1.76,10.58,0.35,1787593190636.1765,False,,,2,OP1,C2_WIFI_CARGA_MEDIA,N3
,0.516,0.341,0.388,1.0,,1787593190669.3462,18.58,-1.28,10.46,0.35,1787593190670.3665,False,,,2,OP1,C2_WIFI_CARGA_MEDIA,N3
,0.507,0.341,0.419,1.0,,1787593190699.4673,19.665,-0.56,10.46,0.35,1787593190699.4673,False,,,2,OP1,C2_WIFI_CARGA_MEDIA,N3
,0.502,0.339,0.425,1.0,,1787593190734.569,19.875,-0.16,10.34,0.35,1787593190734.569,False,,,2,OP1,C2_WIFI_CARGA_MEDIA,N3
,0.496,0.337,0.438,1.0,,1787593190758.9788,20.33,0.32,10.22,0.35,1787593190758.9788,False,,,2,OP1,C2_WIFI_CARGA_MEDIA,N3
,0.48,0.331,0.471,1.0,,1787593190804.9568,21.485,1.6,9.86,0.35,1787593190804.9568,False,,,2,OP1,C2_WIFI_CARGA_MEDIA,N3
,0.473,0.33,0.482,1.0,,1787593190835.131,21.87,2.16,9.8,0.35,1787593190835.131,False,,,2,OP1,C2_WIFI_CARGA_MEDIA,N3
,0.465,0.33,0.493,1.0,,1787593190859.535,22.255,2.8,9.8,0.35,1787593190860.63,False,,,2,OP1,C2_WIFI_CARGA_MEDIA,N3
,0.459,0.33,0.501,1.0,,1787593190901.1277,22.535,3.28,9.8,0.35,1787593190901.1277,False,,,2,OP1,C2_WIFI_CARGA_MEDIA,N3
,0.451,0.33,0.515,1.0,,1787593190947.9922,23.025,3.92,9.8,0.35,1787593190958.9387,False,,,2,OP1,C2_WIFI_CARGA_MEDIA,N3
,0.442,0.331,0.537,1.0,,1787593191000.285,23.795,4.64,9.86,0.35,1787593191000.285,False,,,2,OP1,C2_WIFI_CARGA_MEDIA,N3
,0.439,0.33,0.543,1.0,,1787593191039.3171,24.005,4.88,9.8,0.35,1787593191039.3171,False,,,2,OP1,C2_WIFI_CARGA_MEDIA,N3
,0.437,0.328,0.545,1.0,,1787593191063.838,24.075,5.04,9.68,0.35,1787593191063.838,False,,,2,OP1,C2_WIFI_CARGA_MEDIA,N3
,0.435,0.326,0.55,1.0,,1787593191094.2664,24.25,5.2,9.56,0.35,1787593191096.829,False,,,2,OP1,C2_WIFI_CARGA_MEDIA,N3
,0.431,0.319,0.559,1.0,,1787593191133.3145,24.565,5.52,9.14,0.35,1787593191133.3145,False,,,2,OP1,C2_WIFI_CARGA_MEDIA,N3
,0.428,0.315,0.562,1.0,,1787593191161.9937,24.67,5.76,8.9,0.35,1787593191165.9866,False,,,2,OP1,C2_WIFI_CARGA_MEDIA,N3
,0.425,0.313,0.568,1.0,,1787593191207.0518,24.88,6.0,8.78,0.35,1787593191208.3206,False,,,2,OP1,C2_WIFI_CARGA_MEDIA,N3
,0.42,0.311,0.576,1.0,,1787593191234.21,25.16,6.4,8.66,0.35,1787593191236.2378,False,,,2,OP1,C2_WIFI_CARGA_MEDIA,N3
,0.413,0.311,0.578,1.0,,1787593191263.5615,25.23,6.96,8.66,0.35,1787593191264.5603,False,,,2,OP1,C2_WIFI_CARGA_MEDIA,N3
,0.39,0.312,0.584,1.0,,1787593191307.4966,25.44,8.8,8.72,0.35,1787593191307.4966,False,,,2,OP1,C2_WIFI_CARGA_MEDIA,N3
,0.383,0.314,0.59,1.0,,1787593191339.234,25.65,9.36,8.84,0.35,1787593191339.234,False,,,2,OP1,C2_WIFI_CARGA_MEDIA,N3
,0.379,0.315,0.595,1.0,,1787593191363.6462,25.825,9.68,8.9,0.35,1787593191364.6482,False,,,2,OP1,C2_WIFI_CARGA_MEDIA,N3
,0.376,0.315,0.601,1.0,,1787593191402.8591,26.035,9.92,8.9,0.35,1787593191402.8591,False,,,2,OP1,C2_WIFI_CARGA_MEDIA,N3
,0.37,0.318,0.615,1.0,,1787593191442.532,26.525,10.4,9.08,0.35,1787593191442.532,False,,,2,OP1,C2_WIFI_CARGA_MEDIA,N3
,0.368,0.318,0.624,1.0,,1787593191473.9429,26.84,10.56,9.08,0.35,1787593191473.9429,False,,,2,OP1,C2_WIFI_CARGA_MEDIA,N3
,0.368,0.319,0.625,1.0,,1787593191509.4575,26.875,10.56,9.14,0.35,1787593191509.4575,False,,,2,OP1,C2_WIFI_CARGA_MEDIA,N3
,0.369,0.319,0.625,1.0,,1787593191541.4895,26.875,10.48,9.14,0.35,1787593191542.524,False,,,2,OP1,C2_WIFI_CARGA_MEDIA,N3
,0.369,0.319,0.623,1.0,,1787593191565.559,26.805,10.48,9.14,0.35,1787593191566.5588,False,,,2,OP1,C2_WIFI_CARGA_MEDIA,N3
,0.371,0.32,0.62,1.0,,1787593191597.1155,26.7,10.32,9.2,0.35,1787593191597.1155,False,,,2,OP1,C2_WIFI_CARGA_MEDIA,N3
,0.377,0.319,0.597,1.0,,1787593191643.709,25.895,9.84,9.14,0.35,1787593191643.709,False,,,2,OP1,C2_WIFI_CARGA_MEDIA,N3
,0.379,0.319,0.588,1.0,,1787593191666.353,25.58,9.68,9.14,0.35,1787593191666.353,False,,,2,OP1,C2_WIFI_CARGA_MEDIA,N3
,0.382,0.318,0.579,1.0,,1787593191708.6318,25.265,9.44,9.08,0.35,1787593191710.1384,False,,,2,OP1,C2_WIFI_CARGA_MEDIA,N3
,0.385,0.317,0.572,1.0,,1787593191735.2454,25.02,9.2,9.02,0.35,1787593191737.3408,False,,,2,OP1,C2_WIFI_CARGA_MEDIA,N3
,0.387,0.316,0.567,1.0,,1787593191762.7166,24.845,9.04,8.96,0.35,1787593191765.8306,False,,,2,OP1,C2_WIFI_CARGA_MEDIA,N3
,0.39,0.315,0.562,1.0,,1787593191813.8147,24.67,8.8,8.9,0.35,1787593191813.8147,False,,,2,OP1,C2_WIFI_CARGA_MEDIA,N3
,0.392,0.314,0.558,1.0,,1787593191846.158,24.53,8.64,8.84,0.35,1787593191846.6702,False,,,2,OP1,C2_WIFI_CARGA_MEDIA,N3
,0.394,0.313,0.553,1.0,,1787593191866.9946,24.355,8.48,8.78,0.35,1787593191868.5105,False,,,2,OP1,C2_WIFI_CARGA_MEDIA,N3
,0.398,0.312,0.553,1.0,,1787593191913.0698,24.355,8.16,8.72,0.35,1787593191915.7605,False,,,2,OP1,C2_WIFI_CARGA_MEDIA,N3
,0.399,0.312,0.553,1.0,,1787593191948.963,24.355,8.08,8.72,0.35,1787593191948.963,False,,,2,OP1,C2_WIFI_CARGA_MEDIA,N3
,0.403,0.311,0.554,1.0,,1787593191988.89,24.39,7.76,8.66,0.35,1787593191989.334,False,,,2,OP1,C2_WIFI_CARGA_MEDIA,N3
,0.407,0.311,0.558,1.0,,1787593192033.2043,24.53,7.44,8.66,0.35,1787593192033.2043,False,,,2,OP1,C2_WIFI_CARGA_MEDIA,N3
,0.408,0.311,0.557,1.0,,1787593192071.8115,24.495,7.36,8.66,0.35,1787593192073.057,False,,,2,OP1,C2_WIFI_CARGA_MEDIA,N3
,0.408,0.312,0.56,1.0,,1787593192123.1885,24.6,7.36,8.72,0.35,1787593192126.527,False,,,2,OP1,C2_WIFI_CARGA_MEDIA,N3
,0.407,0.313,0.561,1.0,,1787593192147.0383,24.635,7.44,8.78,0.35,1787593192147.0383,False,,,2,OP1,C2_WIFI_CARGA_MEDIA,N3
,0.406,0.313,0.563,1.0,,1787593192206.1606,24.705,7.52,8.78,0.35,1787593192206.1606,False,,,2,OP1,C2_WIFI_CARGA_MEDIA,N3
,0.406,0.315,0.569,1.0,,1787593192260.5967,24.915,7.52,8.9,0.35,1787593192261.7876,False,,,2,OP1,C2_WIFI_CARGA_MEDIA,N3
,0.407,0.316,0.579,1.0,,1787593192319.474,25.265,7.44,8.96,0.35,1787593192319.474,False,,,2,OP1,C2_WIFI_CARGA_MEDIA,N3
,0.411,0.317,0.6,1.0,,1787593192377.4338,26.0,7.12,9.02,0.35,1787593192379.443,False,,,2,OP1,C2_WIFI_CARGA_MEDIA,N3
,0.411,0.316,0.608,1.0,,1787593192405.1597,26.28,7.12,8.96,0.35,1787593192405.1597,False,,,2,OP1,C2_WIFI_CARGA_MEDIA,N3
,0.41,0.316,0.621,1.0,,1787593192443.8972,26.735,7.2,8.96,0.35,1787593192443.8972,False,,,2,OP1,C2_WIFI_CARGA_MEDIA,N3
,0.41,0.316,0.625,1.0,,1787593192487.4473,26.875,7.2,8.96,0.35,1787593192487.4473,False,,,2,OP1,C2_WIFI_CARGA_MEDIA,N3
,0.408,0.315,0.629,1.0,,1787593192520.292,27.015,7.36,8.9,0.35,1787593192522.2986,False,,,2,OP1,C2_WIFI_CARGA_MEDIA,N3
,0.406,0.313,0.635,1.0,,1787593192543.2744,27.225,7.52,8.78,0.35,1787593192543.2744,False,,,2,OP1,C2_WIFI_CARGA_MEDIA,N3
,0.403,0.312,0.64,1.0,,1787593192588.474,27.4,7.76,8.72,0.35,1787593192588.474,False,,,2,OP1,C2_WIFI_CARGA_MEDIA,N3
,0.398,0.312,0.649,1.0,,1787593192690.9392,27.715,8.16,8.72,0.35,1787593192690.9392,False,,,2,OP1,C2_WIFI_CARGA_MEDIA,N3
,0.395,0.314,0.664,1.0,,1787593192718.7898,28.24,8.4,8.84,0.35,1787593192718.7898,False,,,2,OP1,C2_WIFI_CARGA_MEDIA,N3
,0.394,0.315,0.669,1.0,,1787593192771.2026,28.415,8.48,8.9,0.35,1787593192772.2,False,,,2,OP1,C2_WIFI_CARGA_MEDIA,N3
,0.391,0.316,0.681,1.0,,1787593192819.6492,28.835,8.72,8.96,0.35,1787593192819.6492,False,,,2,OP1,C2_WIFI_CARGA_MEDIA,N3
,0.39,0.316,0.685,1.0,,1787593192843.276,28.975,8.8,8.96,0.35,1787593192844.518,False,,,2,OP1,C2_WIFI_CARGA_MEDIA,N3
,0.387,0.317,0.693,1.0,,1787593192882.0652,29.255,9.04,9.02,0.35,1787593192883.053,False,,,2,OP1,C2_WIFI_CARGA_MEDIA,N3
,0.383,0.316,0.704,1.0,,1787593192919.7498,29.64,9.36,8.96,0.35,1787593192919.7498,False,,,2,OP1,C2_WIFI_CARGA_MEDIA,N3
,0.382,0.316,0.707,1.0,,1787593192943.2578,29.745,9.44,8.96,0.35,1787593192945.2534,False,,,2,OP1,C2_WIFI_CARGA_MEDIA,N3
,0.381,0.316,0.711,1.0,,1787593192985.662,29.885,9.52,8.96,0.35,1787593192985.662,False,,,2,OP1,C2_WIFI_CARGA_MEDIA,N3
,0.38,0.317,0.721,1.0,,1787593193017.7874,30.235,9.6,9.02,0.35,1787593193017.7874,False,,,2,OP1,C2_WIFI_CARGA_MEDIA,N3
,0.379,0.317,0.733,1.0,,1787593193042.6023,30.655,9.68,9.02,0.35,1787593193043.911,False,,,2,OP1,C2_WIFI_CARGA_MEDIA,N3
,0.378,0.317,0.744,1.0,,1787593193075.8162,31.04,9.76,9.02,0.35,1787593193076.8284,False,,,2,OP1,C2_WIFI_CARGA_MEDIA,N3
,0.377,0.32,0.766,1.0,,1787593193121.3518,31.81,9.84,9.2,0.35,1787593193121.3518,False,,,2,OP1,C2_WIFI_CARGA_MEDIA,N3
,0.378,0.321,0.775,1.0,,1787593193143.9968,32.125,9.76,9.26,0.35,1787593193145.0957,False,,,2,OP1,C2_WIFI_CARGA_MEDIA,N3
,0.377,0.321,0.784,1.0,,1787593193188.1108,32.44,9.84,9.26,0.35,1787593193188.639,False,,,2,OP1,C2_WIFI_CARGA_MEDIA,N3
,0.377,0.321,0.794,1.0,,1787593193215.1992,32.79,9.84,9.26,0.35,1787593193217.2107,False,,,2,OP1,C2_WIFI_CARGA_MEDIA,N3
,0.374,0.321,0.811,1.0,,1787593193244.8652,33.385,10.08,9.26,0.35,1787593193245.878,False,,,2,OP1,C2_WIFI_CARGA_MEDIA,N3
,0.368,0.321,0.822,1.0,,1787593193408.364,33.77,10.56,9.26,0.35,1787593193411.2607,False,,,2,OP1,C2_WIFI_CARGA_MEDIA,N3
,0.339,0.311,0.847,1.0,,1787593193450.7498,34.645,12.88,8.66,0.35,1787593193451.7344,False,,,2,OP1,C2_WIFI_CARGA_MEDIA,N3
,0.333,0.31,0.846,1.0,,1787593193485.621,34.61,13.36,8.6,0.35,1787593193485.621,False,,,2,OP1,C2_WIFI_CARGA_MEDIA,N3
,0.321,0.308,0.844,1.0,,1787593193547.3271,34.54,14.32,8.48,0.35,1787593193548.346,False,,,2,OP1,C2_WIFI_CARGA_MEDIA,N3
,0.315,0.306,0.843,1.0,,1787593193572.6262,34.505,14.8,8.36,0.35,1787593193578.7158,False,,,2,OP1,C2_WIFI_CARGA_MEDIA,N3
,0.309,0.305,0.842,1.0,,1787593193595.6917,34.47,15.28,8.3,0.35,1787593193595.6917,False,,,2,OP1,C2_WIFI_CARGA_MEDIA,N3
,0.303,0.303,0.841,1.0,,1787593193620.1492,34.435,15.76,8.18,0.35,1787593193620.1492,False,,,2,OP1,C2_WIFI_CARGA_MEDIA,N3
,0.296,0.301,0.837,1.0,,1787593193648.0083,34.295,16.32,8.06,0.35,1787593193649.1182,False,,,2,OP1,C2_WIFI_CARGA_MEDIA,N3
,0.289,0.299,0.835,1.0,,1787593193687.9246,34.225,16.88,7.94,0.35,1787593193689.9326,False,,,2,OP1,C2_WIFI_CARGA_MEDIA,N3
,0.286,0.298,0.835,1.0,,1787593193716.3982,34.225,17.12,7.88,0.35,1787593193716.3982,False,,,2,OP1,C2_WIFI_CARGA_MEDIA,N3
,0.275,0.294,0.839,1.0,,1787593193746.6694,34.365,18.0,7.64,0.35,1787593193748.4285,False,,,2,OP1,C2_WIFI_CARGA_MEDIA,N3
,0.27,0.29,0.841,1.0,,1787593193846.8992,34.435,18.4,7.4,0.35,1787593193846.8992,False,,,2,OP1,C2_WIFI_CARGA_MEDIA,N3
,0.264,0.288,0.833,1.0,,1787593193867.6675,34.155,18.88,7.28,0.35,1787593193868.2273,False,,,2,OP1,C2_WIFI_CARGA_MEDIA,N3
,0.261,0.288,0.832,1.0,,1787593193894.7524,34.12,19.12,7.28,0.35,1787593193894.7524,False,,,2,OP1,C2_WIFI_CARGA_MEDIA,N3
,0.259,0.287,0.83,1.0,,1787593193934.8962,34.05,19.28,7.22,0.35,1787593193936.9087,False,,,2,OP1,C2_WIFI_CARGA_MEDIA,N3
,0.256,0.287,0.829,1.0,,1787593194186.816,34.015,19.52,7.22,0.35,1787593194188.808,False,,,2,OP1,C2_WIFI_CARGA_MEDIA,N3
,0.229,0.284,0.818,1.0,,1787593194228.462,33.63,21.68,7.04,0.35,1787593194228.462,False,,,2,OP1,C2_WIFI_CARGA_MEDIA,N3
,0.221,0.283,0.815,1.0,,1787593194256.751,33.525,22.32,6.98,0.35,1787593194256.751,False,,,2,OP1,C2_WIFI_CARGA_MEDIA,N3
,0.214,0.282,0.813,1.0,,1787593194299.152,33.455,22.88,6.92,0.35,1787593194299.152,False,,,2,OP1,C2_WIFI_CARGA_MEDIA,N3
,0.202,0.279,0.811,1.0,,1787593194353.7207,33.385,23.84,6.74,0.35,1787593194354.7222,False,,,2,OP1,C2_WIFI_CARGA_MEDIA,N3
,0.198,0.28,0.807,1.0,,1787593194408.8564,33.245,24.16,6.8,0.35,1787593194408.8564,False,,,2,OP1,C2_WIFI_CARGA_MEDIA,N3
,0.197,0.28,0.806,1.0,,1787593194437.7764,33.21,24.24,6.8,0.35,1787593194437.7764,False,,,2,OP1,C2_WIFI_CARGA_MEDIA,N3
,0.199,0.281,0.799,1.0,,1787593194470.235,32.965,24.08,6.86,0.35,1787593194470.235,False,,,2,OP1,C2_WIFI_CARGA_MEDIA,N3
,0.202,0.28,0.795,1.0,,1787593194521.0315,32.825,23.84,6.8,0.35,1787593194521.0315,False,,,2,OP1,C2_WIFI_CARGA_MEDIA,N3
,0.219,0.278,0.776,1.0,,1787593194558.3618,32.16,22.48,6.68,0.35,1787593194558.3618,False,,,2,OP1,C2_WIFI_CARGA_MEDIA,N3
,0.229,0.276,0.769,1.0,,1787593194596.933,31.915,21.68,6.56,0.35,1787593194596.933,False,,,2,OP1,C2_WIFI_CARGA_MEDIA,N3
,0.239,0.273,0.764,1.0,,1787593194724.3748,31.74,20.88,6.38,0.35,1787593194724.3748,False,,,2,OP1,C2_WIFI_CARGA_MEDIA,N3
,0.255,0.265,0.752,1.0,,1787593194766.62,31.32,19.6,5.9,0.35,1787593194766.62,False,,,2,OP1,C2_WIFI_CARGA_MEDIA,N3
,0.255,0.264,0.752,1.0,,1787593194796.6655,31.32,19.6,5.84,0.35,1787593194796.6655,False,,,2,OP1,C2_WIFI_CARGA_MEDIA,N3
,0.253,0.263,0.755,1.0,,1787593194823.2034,31.425,19.76,5.78,0.35,1787593194824.2205,False,,,2,OP1,C2_WIFI_CARGA_MEDIA,N3
,0.25,0.259,0.761,1.0,,1787593194856.7815,31.635,20.0,5.54,0.35,1787593194858.3535,False,,,2,OP1,C2_WIFI_CARGA_MEDIA,N3
,0.244,0.254,0.771,1.0,,1787593194994.3862,31.985,20.48,5.24,0.35,1787593194997.106,False,,,2,OP1,C2_WIFI_CARGA_MEDIA,N3
,0.214,0.238,0.802,1.0,,1787593195035.8022,33.07,22.88,4.28,0.35,1787593195035.8022,False,,,2,OP1,C2_WIFI_CARGA_MEDIA,N3
,0.214,0.237,0.8,1.0,,1787593195070.65,33.0,22.88,4.22,0.35,1787593195070.65,False,,,2,OP1,C2_WIFI_CARGA_MEDIA,N3
,0.217,0.236,0.797,1.0,,1787593195098.9976,32.895,22.64,4.16,0.35,1787593195098.9976,False,,,2,OP1,C2_WIFI_CARGA_MEDIA,N3
,0.22,0.235,0.792,1.0,,1787593195126.5854,32.72,22.4,4.1,0.35,1787593195127.0664,False,,,2,OP1,C2_WIFI_CARGA_MEDIA,N3
,0.225,0.235,0.785,1.0,,1787593195271.4456,32.475,22.0,4.1,0.35,1787593195271.4456,False,,,2,OP1,C2_WIFI_CARGA_MEDIA,N3
,0.238,0.235,0.77,1.0,,1787593195299.2617,31.95,20.96,4.1,0.35,1787593195299.2617,False,,,2,OP1,C2_WIFI_CARGA_MEDIA,N3
,0.239,0.235,0.769,1.0,,1787593195327.859,31.915,20.88,4.1,0.35,1787593195329.2322,False,,,2,OP1,C2_WIFI_CARGA_MEDIA,N3
,0.239,0.236,0.769,1.0,,1787593195355.545,31.915,20.88,4.16,0.35,1787593195355.545,False,,,2,OP1,C2_WIFI_CARGA_MEDIA,N3
,0.238,0.236,0.771,1.0,,1787593195410.0806,31.985,20.96,4.16,0.35,1787593195411.1165,False,,,2,OP1,C2_WIFI_CARGA_MEDIA,N3
,0.238,0.236,0.773,1.0,,1787593195466.4,32.055,20.96,4.16,0.35,1787593195468.4136,False,,,2,OP1,C2_WIFI_CARGA_MEDIA,N3
,0.239,0.236,0.776,1.0,,1787593195502.2554,32.16,20.88,4.16,0.35,1787593195502.2554,False,,,2,OP1,C2_WIFI_CARGA_MEDIA,N3
,0.239,0.237,0.777,1.0,,1787593195529.7244,32.195,20.88,4.22,0.35,1787593195530.9932,False,,,2,OP1,C2_WIFI_CARGA_MEDIA,N3
,0.24,0.237,0.778,1.0,,1787593195569.054,32.23,20.8,4.22,0.35,1787593195569.054,False,,,2,OP1,C2_WIFI_CARGA_MEDIA,N3
,0.245,0.241,0.783,1.0,,1787593195630.9473,32.405,20.4,4.46,0.35,1787593195630.9473,False,,,2,OP1,C2_WIFI_CARGA_MEDIA,N3
,0.248,0.24,0.786,1.0,,1787593195682.4792,32.51,20.16,4.4,0.35,1787593195682.4792,False,,,2,OP1,C2_WIFI_CARGA_MEDIA,N3
,0.25,0.24,0.786,1.0,,1787593195707.7866,32.51,20.0,4.4,0.35,1787593195707.7866,False,,,2,OP1,C2_WIFI_CARGA_MEDIA,N3
,0.252,0.238,0.79,1.0,,1787593195734.7646,32.65,19.84,4.28,0.35,1787593195734.7646,False,,,2,OP1,C2_WIFI_CARGA_MEDIA,N3
,0.253,0.237,0.791,1.0,,1787593195770.214,32.685,19.76,4.22,0.35,1787593195770.214,False,,,2,OP1,C2_WIFI_CARGA_MEDIA,N3
,0.254,0.236,0.792,1.0,,1787593195816.2795,32.72,19.68,4.16,0.35,1787593195831.4717,False,,,2,OP1,C2_WIFI_CARGA_MEDIA,N3
,0.256,0.234,0.792,1.0,,1787593195869.2617,32.72,19.52,4.04,0.35,1787593195869.2617,False,,,2,OP1,C2_WIFI_CARGA_MEDIA,N3
,0.257,0.233,0.791,1.0,,1787593195909.4966,32.685,19.44,3.98,0.35,1787593195909.4966,False,,,2,OP1,C2_WIFI_CARGA_MEDIA,N3
,0.258,0.232,0.791,1.0,,1787593195933.6465,32.685,19.36,3.92,0.35,1787593195937.6587,False,,,2,OP1,C2_WIFI_CARGA_MEDIA,N3
,0.259,0.231,0.791,1.0,,1787593196085.8604,32.685,19.28,3.86,0.35,1787593196085.8604,False,,,2,OP1,C2_WIFI_CARGA_MEDIA,N3
,0.265,0.222,0.792,1.0,,1787593196108.1714,32.72,18.8,3.32,0.35,1787593196108.1714,False,,,2,OP1,C2_WIFI_CARGA_MEDIA,N3
,0.267,0.219,0.792,1.0,,1787593196136.18,32.72,18.64,3.14,0.35,1787593196136.6294,False,,,2,OP1,C2_WIFI_CARGA_MEDIA,N3
,0.272,0.213,0.795,1.0,,1787593196174.3027,32.825,18.24,2.78,0.35,1787593196174.3027,False,,,2,OP1,C2_WIFI_CARGA_MEDIA,N3
,0.274,0.212,0.792,1.0,,1787593196217.8645,32.72,18.08,2.72,0.35,1787593196221.0845,False,,,2,OP1,C2_WIFI_CARGA_MEDIA,N3
,0.277,0.21,0.791,1.0,,1787593196268.611,32.685,17.84,2.6,0.35,1787593196268.611,False,,,2,OP1,C2_WIFI_CARGA_MEDIA,N3
,0.278,0.21,0.79,1.0,,1787593196304.496,32.65,17.76,2.6,0.35,1787593196304.9243,False,,,2,OP1,C2_WIFI_CARGA_MEDIA,N3
,0.279,0.209,0.791,1.0,,1787593196356.6404,32.685,17.68,2.54,0.35,1787593196358.714,False,,,2,OP1,C2_WIFI_CARGA_MEDIA,N3
,0.278,0.208,0.793,1.0,,1787593196414.6414,32.755,17.76,2.48,0.35,1787593196416.827,False,,,2,OP1,C2_WIFI_CARGA_MEDIA,N3
,0.274,0.208,0.794,1.0,,1787593196460.6946,32.79,18.08,2.48,0.35,1787593196460.6946,False,,,2,OP1,C2_WIFI_CARGA_MEDIA,N3
,0.273,0.208,0.796,1.0,,1787593196490.3862,32.86,18.16,2.48,0.35,1787593196493.845,False,,,2,OP1,C2_WIFI_CARGA_MEDIA,N3
,0.27,0.207,0.799,1.0,,1787593196516.2205,32.965,18.4,2.42,0.35,1787593196517.219,False,,,2,OP1,C2_WIFI_CARGA_MEDIA,N3
,0.266,0.205,0.805,1.0,,1787593196551.2627,33.175,18.72,2.3,0.35,1787593196551.2627,False,,,2,OP1,C2_WIFI_CARGA_MEDIA,N3
,0.262,0.203,0.806,1.0,,1787593196593.865,33.21,19.04,2.18,0.35,1787593196593.865,False,,,2,OP1,C2_WIFI_CARGA_MEDIA,N3
,0.26,0.202,0.809,1.0,,1787593196747.7024,33.315,19.2,2.12,0.35,1787593196750.026,False,,,2,OP1,C2_WIFI_CARGA_MEDIA,N3
,0.259,0.199,0.818,1.0,,1787593196769.463,33.63,19.28,1.94,0.35,1787593196769.463,False,,,2,OP1,C2_WIFI_CARGA_MEDIA,N3
,0.259,0.196,0.834,1.0,,1787593196812.3364,34.19,19.28,1.76,0.35,1787593196812.3364,False,,,2,OP1,C2_WIFI_CARGA_MEDIA,N3
,0.258,0.194,0.847,1.0,,1787593196839.381,34.645,19.36,1.64,0.35,1787593196840.4556,False,,,2,OP1,C2_WIFI_CARGA_MEDIA,N3
,0.256,0.192,0.857,1.0,,1787593196886.098,34.995,19.52,1.52,0.35,1787593196886.098,False,,,2,OP1,C2_WIFI_CARGA_MEDIA,N3
,0.253,0.19,0.863,1.0,,1787593196917.1416,35.205,19.76,1.4,0.35,1787593196917.1416,False,,,2,OP1,C2_WIFI_CARGA_MEDIA,N3
,0.249,0.186,0.873,1.0,,1787593196956.3591,35.555,20.08,1.16,0.35,1787593196956.3591,False,,,2,OP1,C2_WIFI_CARGA_MEDIA,N3
,0.247,0.185,0.876,1.0,,1787593196988.2646,35.66,20.24,1.1,0.35,1787593196988.2646,False,,,2,OP1,C2_WIFI_CARGA_MEDIA,N3
,0.243,0.184,0.881,1.0,,1787593197028.0269,35.835,20.56,1.04,0.35,1787593197029.0315,False,,,2,OP1,C2_WIFI_CARGA_MEDIA,N3
,0.237,0.183,0.888,1.0,,1787593197081.6936,36.08,21.04,0.98,0.35,1787593197084.071,False,,,2,OP1,C2_WIFI_CARGA_MEDIA,N3
,0.235,0.182,0.89,1.0,,1787593197137.4429,36.15,21.2,0.92,0.35,1787593197139.4504,False,,,2,OP1,C2_WIFI_CARGA_MEDIA,N3
,0.234,0.181,0.891,1.0,,1787593197165.031,36.185,21.28,0.86,0.35,1787593197167.4363,False,,,2,OP1,C2_WIFI_CARGA_MEDIA,N3
,0.233,0.181,0.891,1.0,,1787593197186.352,36.185,21.36,0.86,0.35,1787593197197.5454,False,,,2,OP1,C2_WIFI_CARGA_MEDIA,N3
,0.231,0.179,0.894,1.0,,1787593197248.7827,36.29,21.52,0.74,0.35,1787593197248.7827,False,,,2,OP1,C2_WIFI_CARGA_MEDIA,N3
,0.229,0.178,0.895,1.0,,1787593197290.266,36.325,21.68,0.68,0.35,1787593197291.309,False,,,2,OP1,C2_WIFI_CARGA_MEDIA,N3
,0.227,0.177,0.896,1.0,,1787593197349.2458,36.36,21.84,0.62,0.35,1787593197349.2458,False,,,2,OP1,C2_WIFI_CARGA_MEDIA,N3
,0.227,0.173,0.897,1.0,,1787593197518.218,36.395,21.84,0.38,0.35,1787593197520.2295,False,,,2,OP1,C2_WIFI_CARGA_MEDIA,N3
,0.23,0.167,0.897,1.0,,1787593197557.148,36.395,21.6,0.02,0.35,1787593197557.148,False,,,2,OP1,C2_WIFI_CARGA_MEDIA,N3
,0.233,0.165,0.898,1.0,,1787593197599.5876,36.43,21.36,-0.1,0.35,1787593197599.5876,False,,,2,OP1,C2_WIFI_CARGA_MEDIA,N3
,0.238,0.159,0.896,1.0,,1787593197660.3545,36.36,20.96,-0.46,0.35,1787593197660.3545,False,,,2,OP1,C2_WIFI_CARGA_MEDIA,N3
,0.242,0.155,0.895,1.0,,1787593197687.4187,36.325,20.64,-0.7,0.35,1787593197696.4285,False,,,2,OP1,C2_WIFI_CARGA_MEDIA,N3
,0.247,0.15,0.895,1.0,,1787593197747.1177,36.325,20.24,-1.0,0.35,1787593197747.1177,False,,,2,OP1,C2_WIFI_CARGA_MEDIA,N3
,0.248,0.148,0.891,1.0,,1787593197807.3438,36.185,20.16,-1.12,0.35,1787593197808.8855,False,,,2,OP1,C2_WIFI_CARGA_MEDIA,N3
,0.247,0.148,0.888,1.0,,1787593197862.742,36.08,20.24,-1.12,0.35,1787593197863.256,False,,,2,OP1,C2_WIFI_CARGA_MEDIA,N3
,0.247,0.147,0.886,1.0,,1787593197891.0757,36.01,20.24,-1.18,0.35,1787593197891.729,False,,,2,OP1,C2_WIFI_CARGA_MEDIA,N3
,0.246,0.147,0.884,1.0,,1787593197917.892,35.94,20.32,-1.18,0.35,1787593197917.892,False,,,2,OP1,C2_WIFI_CARGA_MEDIA,N3
,0.244,0.148,0.878,1.0,,1787593197966.155,35.73,20.48,-1.12,0.35,1787593197966.155,False,,,2,OP1,C2_WIFI_CARGA_MEDIA,N3
,0.244,0.148,0.877,1.0,,1787593197996.9717,35.695,20.48,-1.12,0.35,1787593197996.9717,False,,,2,OP1,C2_WIFI_CARGA_MEDIA,N3
,0.239,0.15,0.866,1.0,,1787593198058.1902,35.31,20.88,-1.0,0.35,1787593198060.2007,False,,,2,OP1,C2_WIFI_CARGA_MEDIA,N3
,0.232,0.155,0.853,1.0,,1787593198113.167,34.855,21.44,-0.7,0.35,1787593198113.167,False,,,2,OP1,C2_WIFI_CARGA_MEDIA,N3
,0.227,0.158,0.84,1.0,,1787593198157.8315,34.4,21.84,-0.52,0.35,1787593198157.8315,False,,,2,OP1,C2_WIFI_CARGA_MEDIA,N3
,0.225,0.159,0.836,1.0,,1787593198181.0984,34.26,22.0,-0.46,0.35,1787593198182.1245,False,,,2,OP1,C2_WIFI_CARGA_MEDIA,N3
,0.222,0.16,0.829,1.0,,1787593198331.252,34.015,22.24,-0.4,0.35,1787593198331.252,False,,,2,OP1,C2_WIFI_CARGA_MEDIA,N3
,0.218,0.163,0.807,1.0,,1787593198363.033,33.245,22.56,-0.22,0.35,1787593198363.033,False,,,2,OP1,C2_WIFI_CARGA_MEDIA,N3
,0.218,0.163,0.804,1.0,,1787593198386.4692,33.14,22.56,-0.22,0.35,1787593198386.4692,False,,,2,OP1,C2_WIFI_CARGA_MEDIA,N3
,0.215,0.165,0.79,1.0,,1787593198418.4478,32.65,22.8,-0.1,0.35,1787593198418.4478,False,,,2,OP1,C2_WIFI_CARGA_MEDIA,N3
,0.21,0.167,0.756,1.0,,1787593198466.3708,31.46,23.2,0.02,0.35,1787593198466.3708,False,,,2,OP1,C2_WIFI_CARGA_MEDIA,N3
,0.207,0.169,0.745,1.0,,1787593198491.041,31.075,23.44,0.14,0.35,1787593198491.041,False,,,2,OP1,C2_WIFI_CARGA_MEDIA,N3
,0.206,0.169,0.736,1.0,,1787593198528.3235,30.76,23.52,0.14,0.35,1787593198530.3325,False,,,2,OP1,C2_WIFI_CARGA_MEDIA,N3
,0.204,0.169,0.725,1.0,,1787593198571.716,30.375,23.68,0.14,0.35,1787593198571.716,False,,,2,OP1,C2_WIFI_CARGA_MEDIA,N3
,0.203,0.17,0.722,1.0,,1787593198613.95,30.27,23.76,0.2,0.35,1787593198614.95,False,,,2,OP1,C2_WIFI_CARGA_MEDIA,N3
,0.201,0.173,0.713,1.0,,1787593198668.1382,29.955,23.92,0.38,0.35,1787593198670.1462,False,,,2,OP1,C2_WIFI_CARGA_MEDIA,N3
,0.201,0.174,0.71,1.0,,1787593198693.9429,29.85,23.92,0.44,0.35,1787593198696.7144,False,,,2,OP1,C2_WIFI_CARGA_MEDIA,N3
,0.2,0.177,0.705,1.0,,1787593198744.817,29.675,24.0,0.62,0.35,1787593198744.817,False,,,2,OP1,C2_WIFI_CARGA_MEDIA,N3
,0.2,0.178,0.704,1.0,,1787593198780.2175,29.64,24.0,0.68,0.35,1787593198783.8464,False,,,2,OP1,C2_WIFI_CARGA_MEDIA,N3
,0.201,0.178,0.701,1.0,,1787593198825.2395,29.535,23.92,0.68,0.35,1787593198825.2395,False,,,2,OP1,C2_WIFI_CARGA_MEDIA,N3
,0.202,0.178,0.701,1.0,,1787593198853.5425,29.535,23.84,0.68,0.35,1787593198855.5596,False,,,2,OP1,C2_WIFI_CARGA_MEDIA,N3
,0.202,0.177,0.701,1.0,,1787593198893.1367,29.535,23.84,0.62,0.35,1787593198894.1316,False,,,2,OP1,C2_WIFI_CARGA_MEDIA,N3
,0.204,0.176,0.698,1.0,,1787593198938.0442,29.43,23.68,0.56,0.35,1787593198938.0442,False,,,2,OP1,C2_WIFI_CARGA_MEDIA,N3
,0.206,0.175,0.697,1.0,,1787593198959.9602,29.395,23.52,0.5,0.35,1787593198959.9602,False,,,2,OP1,C2_WIFI_CARGA_MEDIA,N3
,0.208,0.174,0.694,1.0,,1787593199002.6606,29.29,23.36,0.44,0.35,1787593199004.671,False,,,2,OP1,C2_WIFI_CARGA_MEDIA,N3
,0.215,0.172,0.686,1.0,,1787593199170.423,29.01,22.8,0.32,0.35,1787593199170.423,False,,,2,OP1,C2_WIFI_CARGA_MEDIA,N3
,0.247,0.174,0.683,1.0,,1787593199199.1128,28.905,20.24,0.44,0.35,1787593199199.1128,False,,,2,OP1,C2_WIFI_CARGA_MEDIA,N3
,0.261,0.176,0.686,1.0,,1787593199227.558,29.01,19.12,0.56,0.35,1787593199228.803,False,,,2,OP1,C2_WIFI_CARGA_MEDIA,N3
,0.277,0.18,0.681,1.0,,1787593199266.9294,28.835,17.84,0.8,0.35,1787593199266.9294,False,,,2,OP1,C2_WIFI_CARGA_MEDIA,N3
,0.283,0.184,0.676,1.0,,1787593199310.9883,28.66,17.36,1.04,0.35,1787593199311.739,False,,,2,OP1,C2_WIFI_CARGA_MEDIA,N3
,0.284,0.187,0.68,1.0,,1787593199364.8984,28.8,17.28,1.22,0.35,1787593199366.906,False,,,2,OP1,C2_WIFI_CARGA_MEDIA,N3
,0.283,0.188,0.68,1.0,,1787593199419.9468,28.8,17.36,1.28,0.35,1787593199419.9468,False,,,2,OP1,C2_WIFI_CARGA_MEDIA,N3
,0.282,0.188,0.679,1.0,,1787593199450.1648,28.765,17.44,1.28,0.35,1787593199451.7073,False,,,2,OP1,C2_WIFI_CARGA_MEDIA,N3
,0.28,0.187,0.678,1.0,,1787593199506.9578,28.73,17.6,1.22,0.35,1787593199506.9578,False,,,2,OP1,C2_WIFI_CARGA_MEDIA,N3
,0.278,0.186,0.678,1.0,,1787593199561.2395,28.73,17.76,1.16,0.35,1787593199561.2395,False,,,2,OP1,C2_WIFI_CARGA_MEDIA,N3
,0.278,0.184,0.68,1.0,,1787593199617.6946,28.8,17.76,1.04,0.35,1787593199617.6946,False,,,2,OP1,C2_WIFI_CARGA_MEDIA,N3
,0.279,0.185,0.682,1.0,,1787593199670.499,28.87,17.68,1.1,0.35,1787593199672.5017,False,,,2,OP1,C2_WIFI_CARGA_MEDIA,N3
,0.279,0.185,0.682,1.0,,1787593199697.181,28.87,17.68,1.1,0.35,1787593199697.181,False,,,2,OP1,C2_WIFI_CARGA_MEDIA,N3
,0.28,0.186,0.683,1.0,,1787593199727.086,28.905,17.6,1.16,0.35,1787593199728.5513,False,,,2,OP1,C2_WIFI_CARGA_MEDIA,N3
,0.281,0.187,0.684,1.0,,1787593199747.568,28.94,17.52,1.22,0.35,1787593199747.568,False,,,2,OP1,C2_WIFI_CARGA_MEDIA,N3
,0.281,0.188,0.685,1.0,,1787593199908.509,28.975,17.52,1.28,0.35,1787593199908.509,False,,,2,OP1,C2_WIFI_CARGA_MEDIA,N3
,0.281,0.194,0.702,1.0,,1787593199942.163,29.57,17.52,1.64,0.35,1787593199942.163,False,,,2,OP1,C2_WIFI_CARGA_MEDIA,N3
,0.28,0.197,0.718,1.0,,1787593199962.9456,30.13,17.6,1.82,0.35,1787593199962.9456,False,,,2,OP1,C2_WIFI_CARGA_MEDIA,N3
,0.279,0.2,0.733,1.0,,1787593200000.3708,30.655,17.68,2.0,0.35,1787593200002.3818,False,,,2,OP1,C2_WIFI_CARGA_MEDIA,N3
,0.277,0.204,0.747,1.0,,1787593200021.6816,31.145,17.84,2.24,0.35,1787593200021.6816,False,,,2,OP1,C2_WIFI_CARGA_MEDIA,N3
,0.274,0.205,0.762,1.0,,1787593200057.2898,31.67,18.08,2.3,0.35,1787593200062.6797,False,,,2,OP1,C2_WIFI_CARGA_MEDIA,N3
,0.264,0.205,0.791,1.0,,1787593200117.1772,32.685,18.88,2.3,0.35,1787593200117.1772,False,,,2,OP1,C2_WIFI_CARGA_MEDIA,N3
,0.259,0.203,0.798,1.0,,1787593200146.923,32.93,19.28,2.18,0.35,1787593200146.923,False,,,2,OP1,C2_WIFI_CARGA_MEDIA,N3
,0.255,0.202,0.805,1.0,,1787593200170.8796,33.175,19.6,2.12,0.35,1787593200176.6309,False,,,2,OP1,C2_WIFI_CARGA_MEDIA,N3
,0.252,0.202,0.811,1.0,,1787593200193.061,33.385,19.84,2.12,0.35,1787593200193.061,False,,,2,OP1,C2_WIFI_CARGA_MEDIA,N3
,0.249,0.203,0.816,1.0,,1787593200227.937,33.56,20.08,2.18,0.35,1787593200227.937,False,,,2,OP1,C2_WIFI_CARGA_MEDIA,N3
,0.249,0.204,0.818,1.0,,1787593200261.1797,33.63,20.08,2.24,0.35,1787593200261.1797,False,,,2,OP1,C2_WIFI_CARGA_MEDIA,N3
,0.25,0.205,0.817,1.0,,1787593200314.2185,33.595,20.0,2.3,0.35,1787593200314.2185,False,,,2,OP1,C2_WIFI_CARGA_MEDIA,N3
,0.254,0.205,0.816,1.0,,1787593200369.3567,33.56,19.68,2.3,0.35,1787593200369.3567,False,,,2,OP1,C2_WIFI_CARGA_MEDIA,N3
,0.261,0.208,0.813,1.0,,1787593200423.0364,33.455,19.12,2.48,0.35,1787593200425.0437,False,,,2,OP1,C2_WIFI_CARGA_MEDIA,N3
,0.269,0.21,0.812,1.0,,1787593200473.8728,33.42,18.48,2.6,0.35,1787593200473.8728,False,,,2,OP1,C2_WIFI_CARGA_MEDIA,N3
,0.273,0.212,0.816,1.0,,1787593200523.076,33.56,18.16,2.72,0.35,1787593200525.1304,False,,,2,OP1,C2_WIFI_CARGA_MEDIA,N3
,0.274,0.213,0.818,1.0,,1787593200562.1963,33.63,18.08,2.78,0.35,1787593200564.2112,False,,,2,OP1,C2_WIFI_CARGA_MEDIA,N3
,0.275,0.213,0.82,1.0,,1787593200618.0266,33.7,18.0,2.78,0.35,1787593200618.0266,False,,,2,OP1,C2_WIFI_CARGA_MEDIA,N3
,0.274,0.213,0.822,1.0,,1787593200787.1223,33.77,18.08,2.78,0.35,1787593200787.1223,False,,,2,OP1,C2_WIFI_CARGA_MEDIA,N3
,0.271,0.21,0.831,1.0,,1787593200851.6682,34.085,18.32,2.6,0.35,1787593200851.6682,False,,,2,OP1,C2_WIFI_CARGA_MEDIA,N3
,0.273,0.204,0.831,1.0,,1787593200896.963,34.085,18.16,2.24,0.35,1787593200896.963,False,,,2,OP1,C2_WIFI_CARGA_MEDIA,N3
,0.275,0.201,0.828,1.0,,1787593201078.8623,33.98,18.0,2.06,0.35,1787593201078.8623,False,,,2,OP1,C2_WIFI_CARGA_MEDIA,N3
,0.28,0.193,0.832,1.0,,1787593201106.5134,34.12,17.6,1.58,0.35,1787593201107.5947,False,,,2,OP1,C2_WIFI_CARGA_MEDIA,N3
,0.28,0.193,0.835,1.0,,1787593201146.7812,34.225,17.6,1.58,0.35,1787593201148.788,False,,,2,OP1,C2_WIFI_CARGA_MEDIA,N3
,0.279,0.192,0.839,1.0,,1787593201177.5403,34.365,17.68,1.52,0.35,1787593201177.5403,False,,,2,OP1,C2_WIFI_CARGA_MEDIA,N3
,0.278,0.189,0.849,1.0,,1787593201217.5994,34.715,17.76,1.34,0.35,1787593201217.5994,False,,,2,OP1,C2_WIFI_CARGA_MEDIA,N3
,0.276,0.188,0.853,1.0,,1787593201254.405,34.855,17.92,1.28,0.35,1787593201255.096,False,,,2,OP1,C2_WIFI_CARGA_MEDIA,N3
,0.274,0.187,0.857,1.0,,1787593201287.2742,34.995,18.08,1.22,0.35,1787593201287.2742,False,,,2,OP1,C2_WIFI_CARGA_MEDIA,N3
,0.271,0.186,0.862,1.0,,1787593201309.0688,35.17,18.32,1.16,0.35,1787593201309.389,False,,,2,OP1,C2_WIFI_CARGA_MEDIA,N3
,0.27,0.185,0.867,1.0,,1787593201342.6658,35.345,18.4,1.1,0.35,1787593201344.317,False,,,2,OP1,C2_WIFI_CARGA_MEDIA,N3
,0.269,0.182,0.872,1.0,,1787593201510.1333,35.52,18.48,0.92,0.35,1787593201511.1492,False,,,2,OP1,C2_WIFI_CARGA_MEDIA,N3
,0.261,0.179,0.89,1.0,,1787593201556.4695,36.15,19.12,0.74,0.35,1787593201556.4695,False,,,2,OP1,C2_WIFI_CARGA_MEDIA,N3
,0.26,0.179,0.893,1.0,,1787593201580.9126,36.255,19.2,0.74,0.35,1787593201580.9126,False,,,2,OP1,C2_WIFI_CARGA_MEDIA,N3
,0.259,0.179,0.898,1.0,,1787593201611.9158,36.43,19.28,0.74,0.35,1787593201614.1838,False,,,2,OP1,C2_WIFI_CARGA_MEDIA,N3
,0.257,0.178,0.902,1.0,,1787593201649.34,36.57,19.44,0.68,0.35,1787593201649.34,False,,,2,OP1,C2_WIFI_CARGA_MEDIA,N3
,0.254,0.176,0.912,1.0,,1787593201697.1416,36.92,19.68,0.56,0.35,1787593201697.1416,False,,,2,OP1,C2_WIFI_CARGA_MEDIA,N3
,0.251,0.174,0.919,1.0,,1787593201756.9373,37.165,19.92,0.44,0.35,1787593201756.9373,False,,,2,OP1,C2_WIFI_CARGA_MEDIA,N3
,0.249,0.174,0.923,1.0,,1787593201789.586,37.305,20.08,0.44,0.35,1787593201791.583,False,,,2,OP1,C2_WIFI_CARGA_MEDIA,N3
,0.245,0.173,0.929,1.0,,1787593201830.0771,37.515,20.4,0.38,0.35,1787593201845.733,False,,,2,OP1,C2_WIFI_CARGA_MEDIA,N3
,0.242,0.173,0.933,1.0,,1787593201883.8113,37.655,20.64,0.38,0.35,1787593201883.8113,False,,,2,OP1,C2_WIFI_CARGA_MEDIA,N3
,0.242,0.173,0.934,1.0,,1787593201926.4597,37.69,20.64,0.38,0.35,1787593201926.4597,False,,,2,OP1,C2_WIFI_CARGA_MEDIA,N3
,0.24,0.173,0.935,1.0,,1787593201947.4966,37.725,20.8,0.38,0.35,1787593201948.3228,False,,,2,OP1,C2_WIFI_CARGA_MEDIA,N3
,0.24,0.172,0.934,1.0,,1787593201972.1348,37.69,20.8,0.32,0.35,1787593201972.1348,False,,,2,OP1,C2_WIFI_CARGA_MEDIA,N3
,0.239,0.172,0.934,1.0,,1787593201996.8428,37.69,20.88,0.32,0.35,1787593201996.8428,False,,,2,OP1,C2_WIFI_CARGA_MEDIA,N3
,0.238,0.171,0.934,1.0,,1787593202027.3508,37.69,20.96,0.26,0.35,1787593202027.3508,False,,,2,OP1,C2_WIFI_CARGA_MEDIA,N3
,0.238,0.17,0.934,1.0,,1787593202049.179,37.69,20.96,0.2,0.35,1787593202049.179,False,,,2,OP1,C2_WIFI_CARGA_MEDIA,N3
,0.239,0.168,0.934,1.0,,1787593202094.4443,37.69,20.88,0.08,0.35,1787593202094.4443,False,,,2,OP1,C2_WIFI_CARGA_MEDIA,N3
,0.239,0.166,0.934,1.0,,1787593202123.1775,37.69,20.88,-0.04,0.35,1787593202123.1775,False,,,2,OP1,C2_WIFI_CARGA_MEDIA,N3
,0.239,0.165,0.934,1.0,,1787593202147.4736,37.69,20.88,-0.1,0.35,1787593202148.4893,False,,,2,OP1,C2_WIFI_CARGA_MEDIA,N3
,0.239,0.161,0.932,1.0,,1787593202193.1892,37.62,20.88,-0.34,0.35,1787593202193.1892,False,,,2,OP1,C2_WIFI_CARGA_MEDIA,N3
,0.238,0.16,0.932,1.0,,1787593202226.3047,37.62,20.96,-0.4,0.35,1787593202226.3047,False,,,2,OP1,C2_WIFI_CARGA_MEDIA,N3
,0.237,0.159,0.933,1.0,,1787593202249.593,37.655,21.04,-0.46,0.35,1787593202250.5918,False,,,2,OP1,C2_WIFI_CARGA_MEDIA,N3
,0.237,0.159,0.933,1.0,,1787593202288.0483,37.655,21.04,-0.46,0.35,1787593202290.0562,False,,,2,OP1,C2_WIFI_CARGA_MEDIA,N3
,0.236,0.158,0.933,1.0,,1787593202316.933,37.655,21.12,-0.52,0.35,1787593202318.9055,False,,,2,OP1,C2_WIFI_CARGA_MEDIA,N3
,0.232,0.155,0.929,1.0,,1787593202361.3416,37.515,21.44,-0.7,0.35,1787593202361.3416,False,,,2,OP1,C2_WIFI_CARGA_MEDIA,N3
,0.229,0.152,0.925,1.0,,1787593202396.7512,37.375,21.68,-0.88,0.35,1787593202396.7512,False,,,2,OP1,C2_WIFI_CARGA_MEDIA,N3
,0.228,0.15,0.921,1.0,,1787593202428.7185,37.235,21.76,-1.0,0.35,1787593202428.7185,False,,,2,OP1,C2_WIFI_CARGA_MEDIA,N3
,0.227,0.149,0.918,1.0,,1787593202449.923,37.13,21.84,-1.06,0.35,1787593202452.1377,False,,,2,OP1,C2_WIFI_CARGA_MEDIA,N3
,0.226,0.148,0.914,1.0,,1787593202484.826,36.99,21.92,-1.12,0.35,1787593202485.8242,False,,,2,OP1,C2_WIFI_CARGA_MEDIA,N3
,0.226,0.146,0.906,1.0,,1787593202522.982,36.71,21.92,-1.24,0.35,1787593202522.982,False,,,2,OP1,C2_WIFI_CARGA_MEDIA,N3
,0.225,0.146,0.902,1.0,,1787593202551.3235,36.57,22.0,-1.24,0.35,1787593202551.3235,False,,,2,OP1,C2_WIFI_CARGA_MEDIA,N3
,0.225,0.146,0.899,1.0,,1787593202594.1587,36.465,22.0,-1.24,0.35,1787593202596.1638,False,,,2,OP1,C2_WIFI_CARGA_MEDIA,N3
,0.224,0.147,0.891,1.0,,1787593202621.32,36.185,22.08,-1.18,0.35,1787593202624.092,False,,,2,OP1,C2_WIFI_CARGA_MEDIA,N3
,0.221,0.149,0.883,1.0,,1787593202651.3645,35.905,22.32,-1.06,0.35,1787593202652.7,False,,,2,OP1,C2_WIFI_CARGA_MEDIA,N3
,0.219,0.151,0.873,1.0,,1787593202696.8972,35.555,22.48,-0.94,0.35,1787593202696.8972,False,,,2,OP1,C2_WIFI_CARGA_MEDIA,N3
,0.218,0.151,0.87,1.0,,1787593202726.4253,35.45,22.56,-0.94,0.35,1787593202726.4253,False,,,2,OP1,C2_WIFI_CARGA_MEDIA,N3
,0.216,0.151,0.866,1.0,,1787593202754.142,35.31,22.72,-0.94,0.35,1787593202754.8809,False,,,2,OP1,C2_WIFI_CARGA_MEDIA,N3
,0.215,0.15,0.864,1.0,,1787593202790.7231,35.24,22.8,-1.0,0.35,1787593202791.267,False,,,2,OP1,C2_WIFI_CARGA_MEDIA,N3
,0.212,0.15,0.857,1.0,,1787593202831.087,34.995,23.04,-1.0,0.35,1787593202832.0117,False,,,2,OP1,C2_WIFI_CARGA_MEDIA,N3
,0.208,0.151,0.851,1.0,,1787593202859.4116,34.785,23.36,-0.94,0.35,1787593202860.0315,False,,,2,OP1,C2_WIFI_CARGA_MEDIA,N3
,0.206,0.151,0.844,1.0,,1787593202898.624,34.54,23.52,-0.94,0.35,1787593202898.624,False,,,2,OP1,C2_WIFI_CARGA_MEDIA,N3
,0.205,0.151,0.837,1.0,,1787593202930.3845,34.295,23.6,-0.94,0.35,1787593202930.3845,False,,,2,OP1,C2_WIFI_CARGA_MEDIA,N3
,0.204,0.152,0.83,1.0,,1787593202953.7769,34.05,23.68,-0.88,0.35,1787593202954.79,False,,,2,OP1,C2_WIFI_CARGA_MEDIA,N3
,0.204,0.153,0.827,1.0,,1787593202986.6418,33.945,23.68,-0.82,0.35,1787593202987.6565,False,,,2,OP1,C2_WIFI_CARGA_MEDIA,N3
,0.204,0.154,0.818,1.0,,1787593203033.614,33.63,23.68,-0.76,0.35,1787593203033.614,False,,,2,OP1,C2_WIFI_CARGA_MEDIA,N3
,0.204,0.154,0.807,1.0,,1787593203056.8132,33.245,23.68,-0.76,0.35,1787593203057.4854,False,,,2,OP1,C2_WIFI_CARGA_MEDIA,N3
,0.205,0.155,0.797,1.0,,1787593203097.334,32.895,23.6,-0.7,0.35,1787593203097.334,False,,,2,OP1,C2_WIFI_CARGA_MEDIA,N3
,0.206,0.155,0.777,1.0,,1787593203147.5942,32.195,23.52,-0.7,0.35,1787593203153.9805,False,,,2,OP1,C2_WIFI_CARGA_MEDIA,N3
,0.208,0.155,0.763,1.0,,1787593203168.6555,31.705,23.36,-0.7,0.35,1787593203168.6555,False,,,2,OP1,C2_WIFI_CARGA_MEDIA,N3
,0.21,0.154,0.75,1.0,,1787593203198.9111,31.25,23.2,-0.76,0.35,1787593203198.9111,False,,,2,OP1,C2_WIFI_CARGA_MEDIA,N3
,0.211,0.154,0.739,1.0,,1787593203235.5776,30.865,23.12,-0.76,0.35,1787593203235.5776,False,,,2,OP1,C2_WIFI_CARGA_MEDIA,N3
,0.213,0.153,0.732,1.0,,1787593203257.7437,30.62,22.96,-0.82,0.35,1787593203258.8198,False,,,2,OP1,C2_WIFI_CARGA_MEDIA,N3
,0.216,0.153,0.726,1.0,,1787593203292.81,30.41,22.72,-0.82,0.35,1787593203293.286,False,,,2,OP1,C2_WIFI_CARGA_MEDIA,N3
,0.221,0.155,0.719,1.0,,1787593203333.3516,30.165,22.32,-0.7,0.35,1787593203333.3516,False,,,2,OP1,C2_WIFI_CARGA_MEDIA,N3
,0.224,0.156,0.718,1.0,,1787593203384.098,30.13,22.08,-0.64,0.35,1787593203385.0962,False,,,2,OP1,C2_WIFI_CARGA_MEDIA,N3
,0.229,0.157,0.717,1.0,,1787593203426.3918,30.095,21.68,-0.58,0.35,1787593203426.3918,False,,,2,OP1,C2_WIFI_CARGA_MEDIA,N3
,0.231,0.157,0.716,1.0,,1787593203451.172,30.06,21.52,-0.58,0.35,1787593203451.172,False,,,2,OP1,C2_WIFI_CARGA_MEDIA,N3
,0.232,0.157,0.714,1.0,,1787593203474.242,29.99,21.44,-0.58,0.35,1787593203490.1416,False,,,2,OP1,C2_WIFI_CARGA_MEDIA,N3
,0.236,0.156,0.712,1.0,,1787593203538.1367,29.92,21.12,-0.64,0.35,1787593203538.1367,False,,,2,OP1,C2_WIFI_CARGA_MEDIA,N3
,0.239,0.155,0.71,1.0,,1787593203562.2488,29.85,20.88,-0.7,0.35,1787593203563.3494,False,,,2,OP1,C2_WIFI_CARGA_MEDIA,N3
,0.244,0.154,0.708,1.0,,1787593203598.2563,29.78,20.48,-0.76,0.35,1787593203599.2693,False,,,2,OP1,C2_WIFI_CARGA_MEDIA,N3
,0.255,0.157,0.703,1.0,,1787593203642.1167,29.605,19.6,-0.58,0.35,1787593203642.1167,False,,,2,OP1,C2_WIFI_CARGA_MEDIA,N3
,0.26,0.159,0.701,1.0,,1787593203668.2869,29.535,19.2,-0.46,0.35,1787593203668.2869,False,,,2,OP1,C2_WIFI_CARGA_MEDIA,N3
,0.263,0.16,0.7,1.0,,1787593203710.167,29.5,18.96,-0.4,0.35,1787593203711.7666,False,,,2,OP1,C2_WIFI_CARGA_MEDIA,N3
,0.27,0.163,0.704,1.0,,1787593203766.0571,29.64,18.4,-0.22,0.35,1787593203766.0571,False,,,2,OP1,C2_WIFI_CARGA_MEDIA,N3
,0.274,0.164,0.703,1.0,,1787593203809.1948,29.605,18.08,-0.16,0.35,1787593203810.3137,False,,,2,OP1,C2_WIFI_CARGA_MEDIA,N3
,0.276,0.164,0.704,1.0,,1787593203849.1973,29.64,17.92,-0.16,0.35,1787593203849.1973,False,,,2,OP1,C2_WIFI_CARGA_MEDIA,N3
,0.283,0.166,0.709,1.0,,1787593203884.65,29.815,17.36,-0.04,0.35,1787593203884.65,False,,,2,OP1,C2_WIFI_CARGA_MEDIA,N3
,0.285,0.167,0.711,1.0,,1787593203932.2007,29.885,17.2,0.02,0.35,1787593203932.2007,False,,,2,OP1,C2_WIFI_CARGA_MEDIA,N3
,0.286,0.168,0.714,1.0,,1787593203960.1191,29.99,17.12,0.08,0.35,1787593203962.135,False,,,2,OP1,C2_WIFI_CARGA_MEDIA,N3
,0.288,0.172,0.731,1.0,,1787593204010.2766,30.585,16.96,0.32,0.35,1787593204010.2766,False,,,2,OP1,C2_WIFI_CARGA_MEDIA,N3
,0.287,0.174,0.743,1.0,,1787593204043.7737,31.005,17.04,0.44,0.35,1787593204044.2993,False,,,2,OP1,C2_WIFI_CARGA_MEDIA,N3
,0.286,0.175,0.754,1.0,,1787593204067.481,31.39,17.12,0.5,0.35,1787593204068.434,False,,,2,OP1,C2_WIFI_CARGA_MEDIA,N3
,0.282,0.177,0.776,1.0,,1787593204115.3577,32.16,17.44,0.62,0.35,1787593204115.3577,False,,,2,OP1,C2_WIFI_CARGA_MEDIA,N3
,0.279,0.18,0.788,1.0,,1787593204154.416,32.58,17.68,0.8,0.35,1787593204156.9229,False,,,2,OP1,C2_WIFI_CARGA_MEDIA,N3
,0.28,0.182,0.811,1.0,,1787593204201.0713,33.385,17.6,0.92,0.35,1787593204203.077,False,,,2,OP1,C2_WIFI_CARGA_MEDIA,N3
,0.28,0.184,0.824,1.0,,1787593204222.344,33.84,17.6,1.04,0.35,1787593204222.344,False,,,2,OP1,C2_WIFI_CARGA_MEDIA,N3
,0.282,0.185,0.828,1.0,,1787593204268.012,33.98,17.44,1.1,0.35,1787593204268.012,False,,,2,OP1,C2_WIFI_CARGA_MEDIA,N3
,0.286,0.188,0.833,1.0,,1787593204324.8032,34.155,17.12,1.28,0.35,1787593204324.8032,False,,,2,OP1,C2_WIFI_CARGA_MEDIA,N3
,0.292,0.196,0.842,1.0,,1787593204379.0408,34.47,16.64,1.76,0.35,1787593204379.0408,False,,,2,OP1,C2_WIFI_CARGA_MEDIA,N3
,0.296,0.203,0.854,1.0,,1787593204421.2407,34.89,16.32,2.18,0.35,1787593204421.2407,False,,,2,OP1,C2_WIFI_CARGA_MEDIA,N3
,0.296,0.205,0.86,1.0,,1787593204462.5703,35.1,16.32,2.3,0.35,1787593204463.3762,False,,,2,OP1,C2_WIFI_CARGA_MEDIA,N3
,0.295,0.206,0.872,1.0,,1787593204515.7156,35.52,16.4,2.36,0.35,1787593204515.7156,False,,,2,OP1,C2_WIFI_CARGA_MEDIA,N3
,0.289,0.204,0.882,1.0,,1787593204547.824,35.87,16.88,2.24,0.35,1787593204547.824,False,,,2,OP1,C2_WIFI_CARGA_MEDIA,N3
,0.284,0.202,0.887,1.0,,1787593204586.4004,36.045,17.28,2.12,0.35,1787593204588.434,False,,,2,OP1,C2_WIFI_CARGA_MEDIA,N3
,0.278,0.2,0.892,1.0,,1787593204627.6987,36.22,17.76,2.0,0.35,1787593204630.4988,False,,,2,OP1,C2_WIFI_CARGA_MEDIA,N3
,0.267,0.198,0.897,1.0,,1787593204812.5342,36.395,18.64,1.88,0.35,1787593204812.5342,False,,,2,OP1,C2_WIFI_CARGA_MEDIA,N3
,0.246,0.191,0.901,1.0,,1787593204976.0293,36.535,20.32,1.46,0.35,1787593204976.0293,False,,,2,OP1,C2_WIFI_CARGA_MEDIA,N3
,0.239,0.185,0.901,1.0,,1787593205037.3774,36.535,20.88,1.1,0.35,1787593205038.3936,False,,,2,OP1,C2_WIFI_CARGA_MEDIA,N3
,0.237,0.183,0.902,1.0,,1787593205074.3452,36.57,21.04,0.98,0.35,1787593205076.3562,False,,,2,OP1,C2_WIFI_CARGA_MEDIA,N3
,0.236,0.18,0.902,1.0,,1787593205115.2832,36.57,21.12,0.8,0.35,1787593205115.2832,False,,,2,OP1,C2_WIFI_CARGA_MEDIA,N3
,0.235,0.178,0.902,1.0,,1787593205139.3142,36.57,21.2,0.68,0.35,1787593205139.3142,False,,,2,OP1,C2_WIFI_CARGA_MEDIA,N3
,0.235,0.176,0.902,1.0,,1787593205177.1506,36.57,21.2,0.56,0.35,1787593205177.1506,False,,,2,OP1,C2_WIFI_CARGA_MEDIA,N3
,0.235,0.169,0.903,1.0,,1787593205239.0212,36.605,21.2,0.14,0.35,1787593205241.0398,False,,,2,OP1,C2_WIFI_CARGA_MEDIA,N3
,0.235,0.166,0.902,1.0,,1787593205267.6875,36.57,21.2,-0.04,0.35,1787593205267.6875,False,,,2,OP1,C2_WIFI_CARGA_MEDIA,N3
,0.235,0.162,0.9,1.0,,1787593205316.413,36.5,21.2,-0.28,0.35,1787593205316.413,False,,,2,OP1,C2_WIFI_CARGA_MEDIA,N3
,0.235,0.16,0.9,1.0,,1787593205340.5337,36.5,21.2,-0.4,0.35,1787593205341.4966,False,,,2,OP1,C2_WIFI_CARGA_MEDIA,N3
,0.235,0.159,0.899,1.0,,1787593205379.9482,36.465,21.2,-0.46,0.35,1787593205381.9597,False,,,2,OP1,C2_WIFI_CARGA_MEDIA,N3
,0.235,0.158,0.898,1.0,,1787593205408.6394,36.43,21.2,-0.52,0.35,1787593205410.7412,False,,,2,OP1,C2_WIFI_CARGA_MEDIA,N3
,0.235,0.156,0.895,1.0,,1787593205441.489,36.325,21.2,-0.64,0.35,1787593205441.489,False,,,2,OP1,C2_WIFI_CARGA_MEDIA,N3
,0.235,0.155,0.893,1.0,,1787593205487.2185,36.255,21.2,-0.7,0.35,1787593205488.248,False,,,2,OP1,C2_WIFI_CARGA_MEDIA,N3
,0.235,0.154,0.893,1.0,,1787593205520.2092,36.255,21.2,-0.76,0.35,1787593205521.2068,False,,,2,OP1,C2_WIFI_CARGA_MEDIA,N3
,0.234,0.154,0.891,1.0,,1787593205652.993,36.185,21.28,-0.76,0.35,1787593205652.993,False,,,2,OP1,C2_WIFI_CARGA_MEDIA,N3
,0.233,0.153,0.855,1.0,,1787593205679.4055,34.925,21.36,-0.82,0.35,1787593205679.4055,False,,,2,OP1,C2_WIFI_CARGA_MEDIA,N3
,0.234,0.151,0.827,1.0,,1787593205742.5427,33.945,21.28,-0.94,0.35,1787593205743.5564,False,,,2,OP1,C2_WIFI_CARGA_MEDIA,N3
,0.237,0.152,0.81,1.0,,1787593205771.1208,33.35,21.04,-0.88,0.35,1787593205771.1208,False,,,2,OP1,C2_WIFI_CARGA_MEDIA,N3
,0.24,0.152,0.804,1.0,,1787593205921.6604,33.14,20.8,-0.88,0.35,1787593205921.6604,False,,,2,OP1,C2_WIFI_CARGA_MEDIA,N3
,0.249,0.156,0.789,1.0,,1787593205945.5112,32.615,20.08,-0.64,0.35,1787593205947.0146,False,,,2,OP1,C2_WIFI_CARGA_MEDIA,N3
,0.25,0.157,0.787,1.0,,1787593205987.854,32.545,20.0,-0.58,0.35,1787593205987.854,False,,,2,OP1,C2_WIFI_CARGA_MEDIA,N3
,0.25,0.158,0.787,1.0,,1787593206021.3777,32.545,20.0,-0.52,0.35,1787593206022.375,False,,,2,OP1,C2_WIFI_CARGA_MEDIA,N3
,0.251,0.159,0.786,1.0,,1787593206041.4814,32.51,19.92,-0.46,0.35,1787593206042.984,False,,,2,OP1,C2_WIFI_CARGA_MEDIA,N3
,0.251,0.159,0.784,1.0,,1787593206066.0278,32.44,19.92,-0.46,0.35,1787593206066.0278,False,,,2,OP1,C2_WIFI_CARGA_MEDIA,N3
,0.25,0.161,0.78,1.0,,1787593206124.2417,32.3,20.0,-0.34,0.35,1787593206124.2417,False,,,2,OP1,C2_WIFI_CARGA_MEDIA,N3
,0.249,0.164,0.776,1.0,,1787593206147.6477,32.16,20.08,-0.16,0.35,1787593206147.6477,False,,,2,OP1,C2_WIFI_CARGA_MEDIA,N3
,0.248,0.164,0.774,1.0,,1787593206187.9028,32.09,20.16,-0.16,0.35,1787593206187.9028,False,,,2,OP1,C2_WIFI_CARGA_MEDIA,N3
,0.248,0.165,0.774,1.0,,1787593206235.9585,32.09,20.16,-0.1,0.35,1787593206246.7522,False,,,2,OP1,C2_WIFI_CARGA_MEDIA,N3
,0.248,0.166,0.772,1.0,,1787593206285.2793,32.02,20.16,-0.04,0.35,1787593206285.2793,False,,,2,OP1,C2_WIFI_CARGA_MEDIA,N3
,0.247,0.166,0.771,1.0,,1787593206325.7595,31.985,20.24,-0.04,0.35,1787593206325.7595,False,,,2,OP1,C2_WIFI_CARGA_MEDIA,N3
,0.247,0.167,0.769,1.0,,1787593206347.7698,31.915,20.24,0.02,0.35,1787593206347.7698,False,,,2,OP1,C2_WIFI_CARGA_MEDIA,N3
,0.247,0.167,0.768,1.0,,1787593206382.8755,31.88,20.24,0.02,0.35,1787593206383.191,False,,,2,OP1,C2_WIFI_CARGA_MEDIA,N3
,0.248,0.168,0.764,1.0,,1787593206427.0403,31.74,20.16,0.08,0.35,1787593206427.0403,False,,,2,OP1,C2_WIFI_CARGA_MEDIA,N3
,0.248,0.168,0.762,1.0,,1787593206449.9963,31.67,20.16,0.08,0.35,1787593206450.9968,False,,,2,OP1,C2_WIFI_CARGA_MEDIA,N3
,0.248,0.168,0.76,1.0,,1787593206599.6362,31.6,20.16,0.08,0.35,1787593206599.6362,False,,,2,OP1,C2_WIFI_CARGA_MEDIA,N3
,0.252,0.168,0.76,1.0,,1787593206622.0276,31.6,19.84,0.08,0.35,1787593206622.0276,False,,,2,OP1,C2_WIFI_CARGA_MEDIA,N3
,0.252,0.169,0.761,1.0,,1787593206649.9912,31.635,19.84,0.14,0.35,1787593206649.9912,False,,,2,OP1,C2_WIFI_CARGA_MEDIA,N3
,0.252,0.17,0.763,1.0,,1787593206689.923,31.705,19.84,0.2,0.35,1787593206689.923,False,,,2,OP1,C2_WIFI_CARGA_MEDIA,N3
,0.252,0.172,0.769,1.0,,1787593206741.6135,31.915,19.84,0.32,0.35,1787593206741.6135,False,,,2,OP1,C2_WIFI_CARGA_MEDIA,N3
,0.252,0.174,0.773,1.0,,1787593206761.9011,32.055,19.84,0.44,0.35,1787593206761.9011,False,,,2,OP1,C2_WIFI_CARGA_MEDIA,N3
,0.252,0.175,0.776,1.0,,1787593206796.9106,32.16,19.84,0.5,0.35,1787593206796.9106,False,,,2,OP1,C2_WIFI_CARGA_MEDIA,N3
,0.252,0.175,0.779,1.0,,1787593206822.866,32.265,19.84,0.5,0.35,1787593206822.866,False,,,2,OP1,C2_WIFI_CARGA_MEDIA,N3
,0.253,0.174,0.782,1.0,,1787593206850.3745,32.37,19.76,0.44,0.35,1787593206850.3745,False,,,2,OP1,C2_WIFI_CARGA_MEDIA,N3
,0.253,0.174,0.785,1.0,,1787593206884.787,32.475,19.76,0.44,0.35,1787593206884.787,False,,,2,OP1,C2_WIFI_CARGA_MEDIA,N3
,0.254,0.175,0.792,1.0,,1787593206928.9888,32.72,19.68,0.5,0.35,1787593206928.9888,False,,,2,OP1,C2_WIFI_CARGA_MEDIA,N3
,0.254,0.175,0.794,1.0,,1787593206961.9453,32.79,19.68,0.5,0.35,1787593206963.4507,False,,,2,OP1,C2_WIFI_CARGA_MEDIA,N3
,0.253,0.176,0.796,1.0,,1787593206987.0696,32.86,19.76,0.56,0.35,1787593206988.339,False,,,2,OP1,C2_WIFI_CARGA_MEDIA,N3
,0.252,0.176,0.8,1.0,,1787593207023.7446,33.0,19.84,0.56,0.35,1787593207023.7446,False,,,2,OP1,C2_WIFI_CARGA_MEDIA,N3
,0.249,0.178,0.808,1.0,,1787593207066.099,33.28,20.08,0.68,0.35,1787593207067.0732,False,,,2,OP1,C2_WIFI_CARGA_MEDIA,N3
,0.248,0.179,0.812,1.0,,1787593207091.1,33.42,20.16,0.74,0.35,1787593207092.099,False,,,2,OP1,C2_WIFI_CARGA_MEDIA,N3
,0.247,0.18,0.815,1.0,,1787593207133.1597,33.525,20.24,0.8,0.35,1787593207133.1597,False,,,2,OP1,C2_WIFI_CARGA_MEDIA,N3
,0.248,0.18,0.817,1.0,,1787593207154.3557,33.595,20.16,0.8,0.35,1787593207156.156,False,,,2,OP1,C2_WIFI_CARGA_MEDIA,N3
,0.249,0.181,0.82,1.0,,1787593207186.0037,33.7,20.08,0.86,0.35,1787593207188.0225,False,,,2,OP1,C2_WIFI_CARGA_MEDIA,N3
,0.253,0.182,0.826,1.0,,1787593207232.4368,33.91,19.76,0.92,0.35,1787593207232.4368,False,,,2,OP1,C2_WIFI_CARGA_MEDIA,N3
,0.258,0.183,0.836,1.0,,1787593207266.256,34.26,19.36,0.98,0.35,1787593207266.256,False,,,2,OP1,C2_WIFI_CARGA_MEDIA,N3
,0.262,0.183,0.841,1.0,,1787593207289.9314,34.435,19.04,0.98,0.35,1787593207289.9314,False,,,2,OP1,C2_WIFI_CARGA_MEDIA,N3
,0.266,0.182,0.847,1.0,,1787593207330.1738,34.645,18.72,0.92,0.35,1787593207330.1738,False,,,2,OP1,C2_WIFI_CARGA_MEDIA,N3
,0.274,0.179,0.862,1.0,,1787593207386.8225,35.17,18.08,0.74,0.35,1787593207386.8225,False,,,2,OP1,C2_WIFI_CARGA_MEDIA,N3
,0.278,0.176,0.875,1.0,,1787593207427.8064,35.625,17.76,0.56,0.35,1787593207427.8064,False,,,2,OP1,C2_WIFI_CARGA_MEDIA,N3
,0.278,0.176,0.876,1.0,,1787593207467.2107,35.66,17.76,0.56,0.35,1787593207467.2107,False,,,2,OP1,C2_WIFI_CARGA_MEDIA,N3
,0.277,0.175,0.876,1.0,,1787593207490.7893,35.66,17.84,0.5,0.35,1787593207491.8037,False,,,2,OP1,C2_WIFI_CARGA_MEDIA,N3
,0.276,0.173,0.877,1.0,,1787593207524.587,35.695,17.92,0.38,0.35,1787593207526.673,False,,,2,OP1,C2_WIFI_CARGA_MEDIA,N3
,0.273,0.169,0.877,1.0,,1787593207692.4648,35.695,18.16,0.14,0.35,1787593207692.4648,False,,,2,OP1,C2_WIFI_CARGA_MEDIA,N3
,0.271,0.156,0.867,1.0,,1787593207719.3328,35.345,18.32,-0.64,0.35,1787593207721.3796,False,,,2,OP1,C2_WIFI_CARGA_MEDIA,N3
,0.272,0.155,0.867,1.0,,1787593207742.644,35.345,18.24,-0.7,0.35,1787593207742.644,False,,,2,OP1,C2_WIFI_CARGA_MEDIA,N3
,0.274,0.154,0.865,1.0,,1787593207769.212,35.275,18.08,-0.76,0.35,1787593207769.212,False,,,2,OP1,C2_WIFI_CARGA_MEDIA,N3
,0.275,0.153,0.862,1.0,,1787593207794.1338,35.17,18.0,-0.82,0.35,1787593207794.1338,False,,,2,OP1,C2_WIFI_CARGA_MEDIA,N3
,0.275,0.152,0.861,1.0,,1787593207829.9597,35.135,18.0,-0.88,0.35,1787593207831.9695,False,,,2,OP1,C2_WIFI_CARGA_MEDIA,N3
,0.276,0.152,0.859,1.0,,1787593207870.4663,35.065,17.92,-0.88,0.35,1787593207870.4663,False,,,2,OP1,C2_WIFI_CARGA_MEDIA,N3
,0.276,0.153,0.859,1.0,,1787593207894.5105,35.065,17.92,-0.82,0.35,1787593207895.5266,False,,,2,OP1,C2_WIFI_CARGA_MEDIA,N3
,0.276,0.153,0.859,1.0,,1787593207933.704,35.065,17.92,-0.82,0.35,1787593207933.704,False,,,2,OP1,C2_WIFI_CARGA_MEDIA,N3
,0.274,0.154,0.861,1.0,,1787593207994.216,35.135,18.08,-0.76,0.35,1787593207996.797,False,,,2,OP1,C2_WIFI_CARGA_MEDIA,N3
,0.272,0.154,0.864,1.0,,1787593208023.328,35.24,18.24,-0.76,0.35,1787593208023.328,False,,,2,OP1,C2_WIFI_CARGA_MEDIA,N3
,0.265,0.153,0.877,1.0,,1787593208071.974,35.695,18.8,-0.82,0.35,1787593208071.974,False,,,2,OP1,C2_WIFI_CARGA_MEDIA,N3
,0.26,0.153,0.884,1.0,,1787593208095.592,35.94,19.2,-0.82,0.35,1787593208097.212,False,,,2,OP1,C2_WIFI_CARGA_MEDIA,N3
,0.257,0.152,0.887,1.0,,1787593208137.7405,36.045,19.44,-0.88,0.35,1787593208138.738,False,,,2,OP1,C2_WIFI_CARGA_MEDIA,N3
,0.254,0.151,0.889,1.0,,1787593208163.9548,36.115,19.68,-0.94,0.35,1787593208163.9548,False,,,2,OP1,C2_WIFI_CARGA_MEDIA,N3
,0.25,0.15,0.89,1.0,,1787593208196.7349,36.15,20.0,-1.0,0.35,1787593208196.7349,False,,,2,OP1,C2_WIFI_CARGA_MEDIA,N3
,0.25,0.15,0.891,1.0,,1787593208369.151,36.185,20.0,-1.0,0.35,1787593208369.151,False,,,2,OP1,C2_WIFI_CARGA_MEDIA,N3
,0.258,0.15,0.921,1.0,,1787593208397.4534,37.235,19.36,-1.0,0.35,1787593208397.8867,False,,,2,OP1,C2_WIFI_CARGA_MEDIA,N3
,0.258,0.149,0.924,1.0,,1787593208548.0117,37.34,19.36,-1.06,0.35,1787593208548.0117,False,,,2,OP1,C2_WIFI_CARGA_MEDIA,N3
,0.253,0.147,0.926,1.0,,1787593208568.456,37.41,19.76,-1.18,0.35,1787593208570.474,False,,,2,OP1,C2_WIFI_CARGA_MEDIA,N3
,0.252,0.147,0.926,1.0,,1787593208598.9536,37.41,19.84,-1.18,0.35,1787593208598.9536,False,,,2,OP1,C2_WIFI_CARGA_MEDIA,N3
,0.252,0.146,0.926,1.0,,1787593208638.569,37.41,19.84,-1.24,0.35,1787593208638.569,False,,,2,OP1,C2_WIFI_CARGA_MEDIA,N3
,0.252,0.144,0.927,1.0,,1787593208676.2217,37.445,19.84,-1.36,0.35,1787593208676.2217,False,,,2,OP1,C2_WIFI_CARGA_MEDIA,N3
,0.252,0.143,0.927,1.0,,1787593208711.7563,37.445,19.84,-1.42,0.35,1787593208711.7563,False,,,2,OP1,C2_WIFI_CARGA_MEDIA,N3
,0.252,0.142,0.927,1.0,,1787593208744.256,37.445,19.84,-1.48,0.35,1787593208744.256,False,,,2,OP1,C2_WIFI_CARGA_MEDIA,N3
,0.253,0.141,0.927,1.0,,1787593208777.662,37.445,19.76,-1.54,0.35,1787593208777.662,False,,,2,OP1,C2_WIFI_CARGA_MEDIA,N3
,0.253,0.14,0.926,1.0,,1787593208799.8477,37.41,19.76,-1.6,0.35,1787593208801.853,False,,,2,OP1,C2_WIFI_CARGA_MEDIA,N3
,0.253,0.14,0.926,1.0,,1787593208832.9343,37.41,19.76,-1.6,0.35,1787593208833.4824,False,,,2,OP1,C2_WIFI_CARGA_MEDIA,N3
,0.254,0.139,0.924,1.0,,1787593208878.2776,37.34,19.68,-1.66,0.35,1787593208878.2776,False,,,2,OP1,C2_WIFI_CARGA_MEDIA,N3
,0.255,0.138,0.923,1.0,,1787593208903.192,37.305,19.6,-1.72,0.35,1787593208905.1863,False,,,2,OP1,C2_WIFI_CARGA_MEDIA,N3
,0.256,0.137,0.925,1.0,,1787593208941.5283,37.375,19.52,-1.78,0.35,1787593208941.5283,False,,,2,OP1,C2_WIFI_CARGA_MEDIA,N3
,0.258,0.135,0.926,1.0,,1787593208996.9722,37.41,19.36,-1.9,0.35,1787593209002.0684,False,,,2,OP1,C2_WIFI_CARGA_MEDIA,N3
,0.258,0.134,0.926,1.0,,1787593209017.718,37.41,19.36,-1.96,0.35,1787593209017.718,False,,,2,OP1,C2_WIFI_CARGA_MEDIA,N3
,0.258,0.134,0.926,1.0,,1787593209044.9556,37.41,19.36,-1.96,0.35,1787593209047.006,False,,,2,OP1,C2_WIFI_CARGA_MEDIA,N3
,0.258,0.134,0.928,1.0,,1787593209075.7854,37.48,19.36,-1.96,0.35,1787593209075.7854,False,,,2,OP1,C2_WIFI_CARGA_MEDIA,N3
,0.257,0.133,0.929,1.0,,1787593209104.0105,37.515,19.44,-2.02,0.35,1787593209105.1074,False,,,2,OP1,C2_WIFI_CARGA_MEDIA,N3
,0.257,0.133,0.931,1.0,,1787593209139.9363,37.585,19.44,-2.02,0.35,1787593209140.723,False,,,2,OP1,C2_WIFI_CARGA_MEDIA,N3
,0.257,0.131,0.933,1.0,,1787593209185.214,37.655,19.44,-2.14,0.35,1787593209186.215,False,,,2,OP1,C2_WIFI_CARGA_MEDIA,N3
,0.257,0.13,0.932,1.0,,1787593209209.923,37.62,19.44,-2.2,0.35,1787593209209.923,False,,,2,OP1,C2_WIFI_CARGA_MEDIA,N3
,0.257,0.13,0.932,1.0,,1787593209248.828,37.62,19.44,-2.2,0.35,1787593209248.828,False,,,2,OP1,C2_WIFI_CARGA_MEDIA,N3
,0.257,0.129,0.933,1.0,,1787593209278.1,37.655,19.44,-2.26,0.35,1787593209278.1,False,,,2,OP1,C2_WIFI_CARGA_MEDIA,N3
,0.257,0.129,0.933,1.0,,1787593209305.2383,37.655,19.44,-2.26,0.35,1787593209307.4453,False,,,2,OP1,C2_WIFI_CARGA_MEDIA,N3
,0.257,0.128,0.934,0.986,,1787593209335.9463,37.69,19.44,-2.32,0.3647,1787593209335.9463,False,,,2,OP1,C2_WIFI_CARGA_MEDIA,N3
,0.258,0.128,0.933,0.935,,1787593209377.2007,37.655,19.36,-2.32,0.4183,1787593209377.2007,False,,,2,OP1,C2_WIFI_CARGA_MEDIA,N3
,0.259,0.129,0.932,0.82,,1787593209406.7644,37.62,19.28,-2.26,0.539,1787593209407.9944,False,,,2,OP1,C2_WIFI_CARGA_MEDIA,N3
,0.259,0.131,0.931,0.663,,1787593209444.558,37.585,19.28,-2.14,0.7038,1787593209447.066,False,,,2,OP1,C2_WIFI_CARGA_MEDIA,N3
,0.259,0.136,0.927,0.248,,1787593209497.0725,37.445,19.28,-1.84,1.1396,1787593209497.0725,False,,,2,OP1,C2_WIFI_CARGA_MEDIA,N3
,0.257,0.143,0.923,0.0,,1787593209554.1794,37.305,19.44,-1.42,1.4,1787593209554.1794,False,,,2,OP1,C2_WIFI_CARGA_MEDIA,N3
,0.256,0.146,0.921,0.0,,1787593209584.454,37.235,19.52,-1.24,1.4,1787593209584.454,False,,,2,OP1,C2_WIFI_CARGA_MEDIA,N3
,0.256,0.149,0.919,0.0,,1787593209607.1123,37.165,19.52,-1.06,1.4,1787593209608.1133,False,,,2,OP1,C2_WIFI_CARGA_MEDIA,N3
,0.257,0.148,0.916,0.0,,1787593209657.4546,37.06,19.44,-1.12,1.4,1787593209658.2202,False,,,2,OP1,C2_WIFI_CARGA_MEDIA,N3
,0.257,0.148,0.915,0.0,,1787593209685.5437,37.025,19.44,-1.12,1.4,1787593209685.5437,False,,,2,OP1,C2_WIFI_CARGA_MEDIA,N3
,0.257,0.148,0.914,0.0,,1787593209712.0547,36.99,19.44,-1.12,1.4,1787593209712.0547,False,,,2,OP1,C2_WIFI_CARGA_MEDIA,N3
,0.257,0.148,0.913,0.0,,1787593209752.8635,36.955,19.44,-1.12,1.4,1787593209753.8645,False,,,2,OP1,C2_WIFI_CARGA_MEDIA,N3
,0.257,0.148,0.912,0.0,,1787593209779.344,36.92,19.44,-1.12,1.4,1787593209779.344,False,,,2,OP1,C2_WIFI_CARGA_MEDIA,N3
,0.258,0.148,0.912,0.0,,1787593209808.703,36.92,19.36,-1.12,1.4,1787593209809.9185,False,,,2,OP1,C2_WIFI_CARGA_MEDIA,N3
,0.257,0.148,0.91,0.0,,1787593209846.7104,36.85,19.44,-1.12,1.4,1787593209846.7104,False,,,2,OP1,C2_WIFI_CARGA_MEDIA,N3
,0.257,0.149,0.907,0.0,,1787593209879.957,36.745,19.44,-1.06,1.4,1787593209879.957,False,,,2,OP1,C2_WIFI_CARGA_MEDIA,N3
,0.256,0.151,0.903,0.0,,1787593209910.2598,36.605,19.52,-0.94,1.4,1787593209910.2598,False,,,2,OP1,C2_WIFI_CARGA_MEDIA,N3
,0.255,0.153,0.898,0.0,,1787593209946.18,36.43,19.6,-0.82,1.4,1787593209948.69,False,,,2,OP1,C2_WIFI_CARGA_MEDIA,N3
,0.254,0.153,0.893,0.0,,1787593209989.6128,36.255,19.68,-0.82,1.4,1787593209989.6128,False,,,2,OP1,C2_WIFI_CARGA_MEDIA,N3
,0.254,0.153,0.892,0.0,,1787593210010.0032,36.22,19.68,-0.82,1.4,1787593210011.1318,False,,,2,OP1,C2_WIFI_CARGA_MEDIA,N3
,0.254,0.153,0.891,0.0,,1787593210055.285,36.185,19.68,-0.82,1.4,1787593210055.285,False,,,2,OP1,C2_WIFI_CARGA_MEDIA,N3
,0.254,0.153,0.891,0.0,,1787593210086.8264,36.185,19.68,-0.82,1.4,1787593210087.8325,False,,,2,OP1,C2_WIFI_CARGA_MEDIA,N3
,0.255,0.153,0.892,0.0,,1787593210111.6853,36.22,19.6,-0.82,1.4,1787593210111.6853,False,,,2,OP1,C2_WIFI_CARGA_MEDIA,N3
,0.255,0.152,0.892,0.0,,1787593210139.1255,36.22,19.6,-0.88,1.4,1787593210143.6572,False,,,2,OP1,C2_WIFI_CARGA_MEDIA,N3
,0.255,0.152,0.892,0.0,,1787593210308.4194,36.22,19.6,-0.88,1.4,1787593210312.3682,False,,,2,OP1,C2_WIFI_CARGA_MEDIA,N3
,0.253,0.154,0.886,0.0,,1787593210333.6228,36.01,19.76,-0.76,1.4,1787593210333.6228,False,,,2,OP1,C2_WIFI_CARGA_MEDIA,N3
,0.253,0.154,0.886,0.0,,1787593210366.96,36.01,19.76,-0.76,1.4,1787593210366.96,False,,,2,OP1,C2_WIFI_CARGA_MEDIA,N3
,0.252,0.154,0.885,0.0,,1787593210415.599,35.975,19.84,-0.76,1.4,1787593210415.599,False,,,2,OP1,C2_WIFI_CARGA_MEDIA,N3
,0.252,0.154,0.884,0.0,,1787593210447.1653,35.94,19.84,-0.76,1.4,1787593210447.1653,False,,,2,OP1,C2_WIFI_CARGA_MEDIA,N3
,0.252,0.154,0.883,0.0,,1787593210472.2107,35.905,19.84,-0.76,1.4,1787593210472.679,False,,,2,OP1,C2_WIFI_CARGA_MEDIA,N3
,0.252,0.153,0.883,0.0,,1787593210505.671,35.905,19.84,-0.82,1.4,1787593210506.689,False,,,2,OP1,C2_WIFI_CARGA_MEDIA,N3
,0.252,0.153,0.882,0.0,,1787593210549.1182,35.87,19.84,-0.82,1.4,1787593210549.1182,False,,,2,OP1,C2_WIFI_CARGA_MEDIA,N3
,0.252,0.152,0.88,0.0,,1787593210575.152,35.8,19.84,-0.88,1.4,1787593210576.2678,False,,,2,OP1,C2_WIFI_CARGA_MEDIA,N3
,0.252,0.152,0.879,0.0,,1787593210597.972,35.765,19.84,-0.88,1.4,1787593210597.972,False,,,2,OP1,C2_WIFI_CARGA_MEDIA,N3
,0.253,0.152,0.878,0.0,,1787593210619.5198,35.73,19.76,-0.88,1.4,1787593210621.3608,False,,,2,OP1,C2_WIFI_CARGA_MEDIA,N3
,0.253,0.152,0.877,0.0,,1787593210666.1306,35.695,19.76,-0.88,1.4,1787593210666.1306,False,,,2,OP1,C2_WIFI_CARGA_MEDIA,N3
,0.253,0.152,0.877,0.0,,1787593210697.106,35.695,19.76,-0.88,1.4,1787593210697.106,False,,,2,OP1,C2_WIFI_CARGA_MEDIA,N3
,0.253,0.152,0.877,0.0,,1787593210839.9146,35.695,19.76,-0.88,1.4,1787593210839.9146,False,,,2,OP1,C2_WIFI_CARGA_MEDIA,N3
,0.254,0.153,0.877,0.0,,1787593210865.0088,35.695,19.68,-0.82,1.4,1787593210865.0088,False,,,2,OP1,C2_WIFI_CARGA_MEDIA,N3
,0.253,0.153,0.877,0.0,,1787593210913.2869,35.695,19.76,-0.82,1.4,1787593210913.2869,False,,,2,OP1,C2_WIFI_CARGA_MEDIA,N3
,0.253,0.154,0.878,0.0,,1787593210947.0242,35.73,19.76,-0.76,1.4,1787593210947.0242,False,,,2,OP1,C2_WIFI_CARGA_MEDIA,N3
,0.252,0.154,0.881,0.0,,1787593210996.865,35.835,19.84,-0.76,1.4,1787593210996.865,False,,,2,OP1,C2_WIFI_CARGA_MEDIA,N3
,0.252,0.154,0.882,0.0,,1787593211030.6191,35.87,19.84,-0.76,1.4,1787593211030.6191,False,,,2,OP1,C2_WIFI_CARGA_MEDIA,N3
,0.251,0.154,0.883,0.0,,1787593211055.6453,35.905,19.92,-0.76,1.4,1787593211055.6453,False,,,2,OP1,C2_WIFI_CARGA_MEDIA,N3
,0.252,0.154,0.884,0.0,,1787593211092.8125,35.94,19.84,-0.76,1.4,1787593211092.8125,False,,,2,OP1,C2_WIFI_CARGA_MEDIA,N3
,0.252,0.154,0.885,0.0,,1787593211140.9849,35.975,19.84,-0.76,1.4,1787593211140.9849,False,,,2,OP1,C2_WIFI_CARGA_MEDIA,N3
,0.252,0.154,0.885,0.0,,1787593211163.8103,35.975,19.84,-0.76,1.4,1787593211163.8103,False,,,2,OP1,C2_WIFI_CARGA_MEDIA,N3
,0.252,0.154,0.885,0.0,,1787593211199.594,35.975,19.84,-0.76,1.4,1787593211202.428,False,,,2,OP1,C2_WIFI_CARGA_MEDIA,N3
,0.252,0.155,0.884,0.003,,1787593211246.9375,35.94,19.84,-0.7,1.3968,1787593211246.9375,False,,,2,OP1,C2_WIFI_CARGA_MEDIA,N3
,0.251,0.155,0.884,0.004,,1787593211270.8894,35.94,19.92,-0.7,1.3958,1787593211271.348,False,,,2,OP1,C2_WIFI_CARGA_MEDIA,N3
,0.251,0.155,0.884,0.004,,1787593211311.045,35.94,19.92,-0.7,1.3958,1787593211312.381,False,,,2,OP1,C2_WIFI_CARGA_MEDIA,N3
,0.251,0.155,0.886,0.007,,1787593211358.5632,36.01,19.92,-0.7,1.3926,1787593211369.3516,False,,,2,OP1,C2_WIFI_CARGA_MEDIA,N3
,0.25,0.155,0.886,0.006,,1787593211416.4434,36.01,20.0,-0.7,1.3937,1787593211416.4434,False,,,2,OP1,C2_WIFI_CARGA_MEDIA,N3
,0.25,0.156,0.885,0.006,,1787593211452.5034,35.975,20.0,-0.64,1.3937,1787593211453.6428,False,,,2,OP1,C2_WIFI_CARGA_MEDIA,N3
,0.251,0.156,0.883,0.008,,1787593211505.5547,35.905,19.92,-0.64,1.3916,1787593211505.5547,False,,,2,OP1,C2_WIFI_CARGA_MEDIA,N3
,0.25,0.157,0.882,0.089,,1787593211560.8916,35.87,20.0,-0.58,1.3065,1787593211561.9006,False,,,2,OP1,C2_WIFI_CARGA_MEDIA,N3
,0.25,0.158,0.881,0.159,,1787593211726.8682,35.835,20.0,-0.52,1.233,1787593211729.491,False,,,2,OP1,C2_WIFI_CARGA_MEDIA,N3
,0.25,0.164,0.889,1.0,,1787593211768.7195,36.115,20.0,-0.16,0.35,1787593211768.7195,False,,,2,OP1,C2_WIFI_CARGA_MEDIA,N3
,0.251,0.163,0.889,1.0,,1787593211812.3984,36.115,19.92,-0.22,0.35,1787593211812.3984,False,,,2,OP1,C2_WIFI_CARGA_MEDIA,N3
,0.252,0.162,0.889,1.0,,1787593211947.796,36.115,19.84,-0.28,0.35,1787593211947.796,False,,,2,OP1,C2_WIFI_CARGA_MEDIA,N3
,0.251,0.166,0.879,1.0,,1787593211993.0576,35.765,19.92,-0.04,0.35,1787593211993.0576,False,,,2,OP1,C2_WIFI_CARGA_MEDIA,N3
,0.251,0.168,0.877,1.0,,1787593212034.967,35.695,19.92,0.08,0.35,1787593212036.974,False,,,2,OP1,C2_WIFI_CARGA_MEDIA,N3
,0.252,0.169,0.877,1.0,,1787593212063.2876,35.695,19.84,0.14,0.35,1787593212063.2876,False,,,2,OP1,C2_WIFI_CARGA_MEDIA,N3
,0.254,0.172,0.875,1.0,,1787593212093.7354,35.625,19.68,0.32,0.35,1787593212095.8494,False,,,2,OP1,C2_WIFI_CARGA_MEDIA,N3
,0.254,0.172,0.873,1.0,,1787593212139.8591,35.555,19.68,0.32,0.35,1787593212139.8591,False,,,2,OP1,C2_WIFI_CARGA_MEDIA,N3
,0.254,0.173,0.872,1.0,,1787593212172.0493,35.52,19.68,0.38,0.35,1787593212177.3962,False,,,2,OP1,C2_WIFI_CARGA_MEDIA,N3
,0.255,0.176,0.872,1.0,,1787593212227.1333,35.52,19.6,0.56,0.35,1787593212227.1333,False,,,2,OP1,C2_WIFI_CARGA_MEDIA,N3
,0.255,0.176,0.872,1.0,,1787593212248.6145,35.52,19.6,0.56,0.35,1787593212248.6145,False,,,2,OP1,C2_WIFI_CARGA_MEDIA,N3
,0.254,0.176,0.871,1.0,,1787593212301.0986,35.485,19.68,0.56,0.35,1787593212301.0986,False,,,2,OP1,C2_WIFI_CARGA_MEDIA,N3
,0.254,0.177,0.87,1.0,,1787593212332.3696,35.45,19.68,0.62,0.35,1787593212332.3696,False,,,2,OP1,C2_WIFI_CARGA_MEDIA,N3
,0.254,0.177,0.869,1.0,,1787593212356.9956,35.415,19.68,0.62,0.35,1787593212356.9956,False,,,2,OP1,C2_WIFI_CARGA_MEDIA,N3
,0.253,0.177,0.868,1.0,,1787593212398.7812,35.38,19.76,0.62,0.35,1787593212400.791,False,,,2,OP1,C2_WIFI_CARGA_MEDIA,N3
,0.253,0.178,0.865,1.0,,1787593212434.7893,35.275,19.76,0.68,0.35,1787593212434.7893,False,,,2,OP1,C2_WIFI_CARGA_MEDIA,N3
,0.253,0.178,0.864,1.0,,1787593212472.438,35.24,19.76,0.68,0.35,1787593212472.438,False,,,2,OP1,C2_WIFI_CARGA_MEDIA,N3
,0.253,0.178,0.864,1.0,,1787593212509.6082,35.24,19.76,0.68,0.35,1787593212510.1042,False,,,2,OP1,C2_WIFI_CARGA_MEDIA,N3
,0.252,0.178,0.864,1.0,,1787593212559.526,35.24,19.84,0.68,0.35,1787593212559.933,False,,,2,OP1,C2_WIFI_CARGA_MEDIA,N3
,0.252,0.177,0.865,1.0,,1787593212601.7473,35.275,19.84,0.62,0.35,1787593212601.7473,False,,,2,OP1,C2_WIFI_CARGA_MEDIA,N3
,0.252,0.177,0.865,1.0,,1787593212634.7874,35.275,19.84,0.62,0.35,1787593212635.3042,False,,,2,OP1,C2_WIFI_CARGA_MEDIA,N3
,0.251,0.176,0.866,1.0,,1787593212677.6765,35.31,19.92,0.56,0.35,1787593212677.6765,False,,,2,OP1,C2_WIFI_CARGA_MEDIA,N3
,0.25,0.175,0.866,1.0,,1787593212730.9973,35.31,20.0,0.5,0.35,1787593212733.0098,False,,,2,OP1,C2_WIFI_CARGA_MEDIA,N3
,0.249,0.174,0.867,1.0,,1787593212783.508,35.345,20.08,0.44,0.35,1787593212783.508,False,,,2,OP1,C2_WIFI_CARGA_MEDIA,N3
,0.248,0.173,0.868,1.0,,1787593212835.2207,35.38,20.16,0.38,0.35,1787593212835.2207,False,,,2,OP1,C2_WIFI_CARGA_MEDIA,N3
,0.247,0.172,0.869,1.0,,1787593212898.207,35.415,20.24,0.32,0.35,1787593212898.207,False,,,2,OP1,C2_WIFI_CARGA_MEDIA,N3
,0.247,0.171,0.869,1.0,,1787593212926.244,35.415,20.24,0.26,0.35,1787593212927.5151,False,,,2,OP1,C2_WIFI_CARGA_MEDIA,N3
,0.247,0.172,0.868,1.0,,1787593212982.0376,35.38,20.24,0.32,0.35,1787593212982.0376,False,,,2,OP1,C2_WIFI_CARGA_MEDIA,N3
,0.248,0.173,0.865,1.0,,1787593213009.7588,35.275,20.16,0.38,0.35,1787593213009.7588,False,,,2,OP1,C2_WIFI_CARGA_MEDIA,N3
,0.25,0.176,0.853,1.0,,1787593213052.2366,34.855,20.0,0.56,0.35,1787593213052.2366,False,,,2,OP1,C2_WIFI_CARGA_MEDIA,N3
,0.252,0.177,0.846,1.0,,1787593213093.3765,34.61,19.84,0.62,0.35,1787593213094.5393,False,,,2,OP1,C2_WIFI_CARGA_MEDIA,N3
,0.257,0.174,0.835,1.0,,1787593213136.3027,34.225,19.44,0.44,0.35,1787593213136.3027,False,,,2,OP1,C2_WIFI_CARGA_MEDIA,N3
,0.259,0.173,0.83,1.0,,1787593213172.6924,34.05,19.28,0.38,0.35,1787593213172.6924,False,,,2,OP1,C2_WIFI_CARGA_MEDIA,N3
,0.26,0.172,0.826,1.0,,1787593213199.141,33.91,19.2,0.32,0.35,1787593213199.141,False,,,2,OP1,C2_WIFI_CARGA_MEDIA,N3
,0.263,0.171,0.822,1.0,,1787593213246.3928,33.77,18.96,0.26,0.35,1787593213246.3928,False,,,2,OP1,C2_WIFI_CARGA_MEDIA,N3
,0.264,0.171,0.82,1.0,,1787593213287.9453,33.7,18.88,0.26,0.35,1787593213287.9453,False,,,2,OP1,C2_WIFI_CARGA_MEDIA,N3
,0.265,0.171,0.817,1.0,,1787593213324.7646,33.595,18.8,0.26,0.35,1787593213324.7646,False,,,2,OP1,C2_WIFI_CARGA_MEDIA,N3
,0.265,0.171,0.815,1.0,,1787593213359.0708,33.525,18.8,0.26,0.35,1787593213359.0708,False,,,2,OP1,C2_WIFI_CARGA_MEDIA,N3
,0.265,0.172,0.813,1.0,,1787593213384.611,33.455,18.8,0.32,0.35,1787593213384.611,False,,,2,OP1,C2_WIFI_CARGA_MEDIA,N3
,0.266,0.172,0.812,1.0,,1787593213425.5588,33.42,18.72,0.32,0.35,1787593213426.6675,False,,,2,OP1,C2_WIFI_CARGA_MEDIA,N3
,0.267,0.172,0.811,1.0,,1787593213454.705,33.385,18.64,0.32,0.35,1787593213455.7031,False,,,2,OP1,C2_WIFI_CARGA_MEDIA,N3
,0.268,0.172,0.809,1.0,,1787593213475.4785,33.315,18.56,0.32,0.35,1787593213475.4785,False,,,2,OP1,C2_WIFI_CARGA_MEDIA,N3
,0.268,0.172,0.806,1.0,,1787593213508.7068,33.21,18.56,0.32,0.35,1787593213508.7068,False,,,2,OP1,C2_WIFI_CARGA_MEDIA,N3
,0.269,0.172,0.805,1.0,,1787593213530.823,33.175,18.48,0.32,0.35,1787593213530.823,False,,,2,OP1,C2_WIFI_CARGA_MEDIA,N3
,0.269,0.172,0.803,1.0,,1787593213557.2627,33.105,18.48,0.32,0.35,1787593213557.2627,False,,,2,OP1,C2_WIFI_CARGA_MEDIA,N3
,0.27,0.172,0.801,1.0,,1787593213620.2654,33.035,18.4,0.32,0.35,1787593213620.2654,False,,,2,OP1,C2_WIFI_CARGA_MEDIA,N3
,0.271,0.171,0.8,1.0,,1787593213646.7854,33.0,18.32,0.26,0.35,1787593213646.7854,False,,,2,OP1,C2_WIFI_CARGA_MEDIA,N3
,0.271,0.171,0.797,1.0,,1787593213686.7969,32.895,18.32,0.26,0.35,1787593213687.2266,False,,,2,OP1,C2_WIFI_CARGA_MEDIA,N3
,0.271,0.173,0.794,1.0,,1787593213722.3845,32.79,18.32,0.38,0.35,1787593213722.3845,False,,,2,OP1,C2_WIFI_CARGA_MEDIA,N3
,0.27,0.184,0.771,1.0,,1787593213780.89,31.985,18.4,1.04,0.35,1787593213780.89,False,,,2,OP1,C2_WIFI_CARGA_MEDIA,N3
,0.267,0.192,0.758,1.0,,1787593213811.4346,31.53,18.64,1.52,0.35,1787593213811.4346,False,,,2,OP1,C2_WIFI_CARGA_MEDIA,N3
,0.265,0.198,0.747,1.0,,1787593213844.2815,31.145,18.8,1.88,0.35,1787593213844.2815,False,,,2,OP1,C2_WIFI_CARGA_MEDIA,N3
,0.264,0.204,0.736,1.0,,1787593213865.0427,30.76,18.88,2.24,0.35,1787593213865.0427,False,,,2,OP1,C2_WIFI_CARGA_MEDIA,N3
,0.263,0.213,0.723,1.0,,1787593213910.009,30.305,18.96,2.78,0.35,1787593213910.009,False,,,2,OP1,C2_WIFI_CARGA_MEDIA,N3
,0.262,0.219,0.715,1.0,,1787593213947.5354,30.025,19.04,3.14,0.35,1787593213947.5354,False,,,2,OP1,C2_WIFI_CARGA_MEDIA,N3
,0.262,0.224,0.702,1.0,,1787593213984.0574,29.57,19.04,3.44,0.35,1787593213984.0574,False,,,2,OP1,C2_WIFI_CARGA_MEDIA,N3
,0.261,0.231,0.688,1.0,,1787593214007.845,29.08,19.12,3.86,0.35,1787593214007.845,False,,,2,OP1,C2_WIFI_CARGA_MEDIA,N3
,0.256,0.247,0.657,1.0,,1787593214058.1711,27.995,19.52,4.82,0.35,1787593214060.6772,False,,,2,OP1,C2_WIFI_CARGA_MEDIA,N3
,0.254,0.255,0.647,1.0,,1787593214083.8882,27.645,19.68,5.3,0.35,1787593214083.8882,False,,,2,OP1,C2_WIFI_CARGA_MEDIA,N3
,0.248,0.268,0.631,1.0,,1787593214136.1426,27.085,20.16,6.08,0.35,1787593214136.1426,False,,,2,OP1,C2_WIFI_CARGA_MEDIA,N3
,0.242,0.275,0.615,1.0,,1787593214165.7107,26.525,20.64,6.5,0.35,1787593214166.5388,False,,,2,OP1,C2_WIFI_CARGA_MEDIA,N3
,0.238,0.281,0.603,1.0,,1787593214204.1704,26.105,20.96,6.86,0.35,1787593214204.1704,False,,,2,OP1,C2_WIFI_CARGA_MEDIA,N3
,0.233,0.286,0.59,1.0,,1787593214246.8103,25.65,21.36,7.16,0.35,1787593214246.8103,False,,,2,OP1,C2_WIFI_CARGA_MEDIA,N3
,0.232,0.286,0.588,1.0,,1787593214283.8762,25.58,21.44,7.16,0.35,1787593214283.8762,False,,,2,OP1,C2_WIFI_CARGA_MEDIA,N3
,0.231,0.287,0.587,1.0,,1787593214308.557,25.545,21.52,7.22,0.35,1787593214308.557,False,,,2,OP1,C2_WIFI_CARGA_MEDIA,N3
,0.231,0.286,0.587,1.0,,1787593214345.2388,25.545,21.52,7.16,0.35,1787593214345.2388,False,,,2,OP1,C2_WIFI_CARGA_MEDIA,N3
,0.231,0.285,0.584,1.0,,1787593214400.8794,25.44,21.52,7.1,0.35,1787593214400.8794,False,,,2,OP1,C2_WIFI_CARGA_MEDIA,N3
,0.231,0.284,0.58,1.0,,1787593214429.8826,25.3,21.52,7.04,0.35,1787593214429.8826,False,,,2,OP1,C2_WIFI_CARGA_MEDIA,N3
,0.231,0.283,0.576,1.0,,1787593214457.1133,25.16,21.52,6.98,0.35,1787593214457.1133,False,,,2,OP1,C2_WIFI_CARGA_MEDIA,N3
,0.233,0.281,0.563,1.0,,1787593214509.8867,24.705,21.36,6.86,0.35,1787593214509.8867,False,,,2,OP1,C2_WIFI_CARGA_MEDIA,N3
,0.236,0.282,0.547,1.0,,1787593214536.2087,24.145,21.12,6.92,0.35,1787593214536.2087,False,,,2,OP1,C2_WIFI_CARGA_MEDIA,N3
,0.248,0.281,0.514,1.0,,1787593214584.1682,22.99,20.16,6.86,0.35,1787593214584.1682,False,,,2,OP1,C2_WIFI_CARGA_MEDIA,N3
,0.254,0.284,0.504,1.0,,1787593214610.4814,22.64,19.68,7.04,0.35,1787593214611.3516,False,,,2,OP1,C2_WIFI_CARGA_MEDIA,N3
,0.259,0.286,0.498,1.0,,1787593214633.5354,22.43,19.28,7.16,0.35,1787593214636.2134,False,,,2,OP1,C2_WIFI_CARGA_MEDIA,N3
,0.268,0.286,0.494,1.0,,1787593214663.7075,22.29,18.56,7.16,0.35,1787593214663.7075,False,,,2,OP1,C2_WIFI_CARGA_MEDIA,N3
,0.277,0.286,0.49,1.0,,1787593214695.508,22.15,17.84,7.16,0.35,1787593214695.508,False,,,2,OP1,C2_WIFI_CARGA_MEDIA,N3
,0.303,0.283,0.489,1.0,,1787593214762.5647,22.115,15.76,6.98,0.35,1787593214764.5725,False,,,2,OP1,C2_WIFI_CARGA_MEDIA,N3
,0.327,0.277,0.472,1.0,,1787593214807.4666,21.52,13.84,6.62,0.35,1787593214807.4666,False,,,2,OP1,C2_WIFI_CARGA_MEDIA,N3
,0.34,0.269,0.462,1.0,,1787593214847.1082,21.17,12.8,6.14,0.35,1787593214849.5774,False,,,2,OP1,C2_WIFI_CARGA_MEDIA,N3
,0.36,0.252,0.444,1.0,,1787593214894.1792,20.54,11.2,5.12,0.35,1787593214894.1792,False,,,2,OP1,C2_WIFI_CARGA_MEDIA,N3
,0.364,0.247,0.437,1.0,,1787593214918.998,20.295,10.88,4.82,0.35,1787593214920.0496,False,,,2,OP1,C2_WIFI_CARGA_MEDIA,N3
,0.368,0.244,0.429,1.0,,1787593214956.506,20.015,10.56,4.64,0.35,1787593214956.506,False,,,2,OP1,C2_WIFI_CARGA_MEDIA,N3
,0.374,0.242,0.39,1.0,,1787593215016.2693,18.65,10.08,4.52,0.35,1787593215017.2664,False,,,2,OP1,C2_WIFI_CARGA_MEDIA,N3
,0.379,0.244,0.357,1.0,,1787593215067.234,17.495,9.68,4.64,0.35,1787593215071.3633,False,,,2,OP1,C2_WIFI_CARGA_MEDIA,N3
,0.381,0.249,0.344,1.0,,1787593215096.9812,17.04,9.52,4.94,0.35,1787593215096.9812,False,,,2,OP1,C2_WIFI_CARGA_MEDIA,N3
