t_unity_captura,norm_x,norm_y,norm_z,g,t_unity_envio,t_robot_recepcion,x_cm,y_cm,z_cm,t_rad,t_uart_escritura,clamp_activo,rtt_ms,perdida_pct,id_intento,id_operador,condicion_red,nivel_objeto
,0.319,0.377,0.521,1.0,,1787653635351.4194,23.235,14.48,12.62,0.35,1787653635351.4194,False,,,3,OP1,C3_WIFI_CARGA_ALTA,N3
,0.319,0.377,0.521,1.0,,1787653635535.1626,23.235,14.48,12.62,0.35,1787653635537.1775,False,,,3,OP1,C3_WIFI_CARGA_ALTA,N3
,0.319,0.376,0.522,1.0,,1787653635565.6077,23.27,14.48,12.56,0.35,1787653635566.218,False,,,3,OP1,C3_WIFI_CARGA_ALTA,N3
,0.319,0.376,0.522,1.0,,1787653635626.8755,23.27,14.48,12.56,0.35,1787653635627.7258,False,,,3,OP1,C3_WIFI_CARGA_ALTA,N3
,0.319,0.376,0.522,1.0,,1787653635664.0603,23.27,14.48,12.56,0.35,1787653635664.0603,False,,,3,OP1,C3_WIFI_CARGA_ALTA,N3
,0.319,0.375,0.522,1.0,,1787653635688.6665,23.27,14.48,12.5,0.35,1787653635688.6665,False,,,3,OP1,C3_WIFI_CARGA_ALTA,N3
,0.319,0.375,0.522,1.0,,1787653635751.48,23.27,14.48,12.5,0.35,1787653635751.48,False,,,3,OP1,C3_WIFI_CARGA_ALTA,N3
,0.319,0.374,0.522,1.0,,1787653635774.5305,23.27,14.48,12.44,0.35,1787653635774.5305,False,,,3,OP1,C3_WIFI_CARGA_ALTA,N3
,0.318,0.374,0.522,1.0,,1787653635940.9417,23.27,14.56,12.44,0.35,1787653635942.5232,False,,,3,OP1,C3_WIFI_CARGA_ALTA,N3
,0.318,0.374,0.522,1.0,,1787653635965.648,23.27,14.56,12.44,0.35,1787653635966.5425,False,,,3,OP1,C3_WIFI_CARGA_ALTA,N3
,0.319,0.374,0.522,1.0,,1787653636003.1147,23.27,14.48,12.44,0.35,1787653636003.1147,False,,,3,OP1,C3_WIFI_CARGA_ALTA,N3
,0.319,0.375,0.522,1.0,,1787653636034.8508,23.27,14.48,12.5,0.35,1787653636034.8508,False,,,3,OP1,C3_WIFI_CARGA_ALTA,N3
,0.318,0.376,0.523,1.0,,1787653636076.7046,23.305,14.56,12.56,0.35,1787653636077.3994,False,,,3,OP1,C3_WIFI_CARGA_ALTA,N3
,0.318,0.377,0.524,1.0,,1787653636108.261,23.34,14.56,12.62,0.35,1787653636108.261,False,,,3,OP1,C3_WIFI_CARGA_ALTA,N3
,0.318,0.378,0.528,1.0,,1787653636136.267,23.48,14.56,12.68,0.35,1787653636136.267,False,,,3,OP1,C3_WIFI_CARGA_ALTA,N3
,0.317,0.381,0.534,1.0,,1787653636173.3352,23.69,14.64,12.86,0.35,1787653636173.3352,False,,,3,OP1,C3_WIFI_CARGA_ALTA,N3
,0.315,0.385,0.541,1.0,,1787653636339.8982,23.935,14.8,13.1,0.35,1787653636339.8982,False,,,3,OP1,C3_WIFI_CARGA_ALTA,N3
,0.291,0.407,0.59,1.0,,1787653636368.309,25.65,16.72,14.42,0.35,1787653636370.3052,False,,,3,OP1,C3_WIFI_CARGA_ALTA,N3
,0.285,0.404,0.604,1.0,,1787653636396.0383,26.14,17.2,14.24,0.35,1787653636396.0383,False,,,3,OP1,C3_WIFI_CARGA_ALTA,N3
,0.275,0.401,0.622,1.0,,1787653636444.4805,26.77,18.0,14.06,0.35,1787653636444.4805,False,,,3,OP1,C3_WIFI_CARGA_ALTA,N3
,0.269,0.4,0.634,1.0,,1787653636468.9812,27.19,18.48,14.0,0.35,1787653636468.9812,False,,,3,OP1,C3_WIFI_CARGA_ALTA,N3
,0.262,0.399,0.652,1.0,,1787653636506.3137,27.82,19.04,13.94,0.35,1787653636508.323,False,,,3,OP1,C3_WIFI_CARGA_ALTA,N3
,0.258,0.397,0.662,1.0,,1787653636535.484,28.17,19.36,13.82,0.35,1787653636536.485,False,,,3,OP1,C3_WIFI_CARGA_ALTA,N3
,0.256,0.396,0.666,1.0,,1787653636804.267,28.31,19.52,13.76,0.35,1787653636804.8835,False,,,3,OP1,C3_WIFI_CARGA_ALTA,N3
,0.243,0.398,0.666,1.0,,1787653636843.73,28.31,20.56,13.88,0.35,1787653636843.73,False,,,3,OP1,C3_WIFI_CARGA_ALTA,N3
,0.243,0.398,0.666,1.0,,1787653636867.1868,28.31,20.56,13.88,0.35,1787653636870.6433,False,,,3,OP1,C3_WIFI_CARGA_ALTA,N3
,0.242,0.398,0.667,1.0,,1787653636913.9434,28.345,20.64,13.88,0.35,1787653636916.0232,False,,,3,OP1,C3_WIFI_CARGA_ALTA,N3
,0.243,0.398,0.669,1.0,,1787653636949.8955,28.415,20.56,13.88,0.35,1787653636951.524,False,,,3,OP1,C3_WIFI_CARGA_ALTA,N3
,0.243,0.398,0.671,1.0,,1787653636974.0398,28.485,20.56,13.88,0.35,1787653636974.4993,False,,,3,OP1,C3_WIFI_CARGA_ALTA,N3
,0.243,0.398,0.674,1.0,,1787653637008.9717,28.59,20.56,13.88,0.35,1787653637010.9836,False,,,3,OP1,C3_WIFI_CARGA_ALTA,N3
,0.247,0.394,0.68,1.0,,1787653637036.7258,28.8,20.24,13.64,0.35,1787653637036.7258,False,,,3,OP1,C3_WIFI_CARGA_ALTA,N3
,0.252,0.388,0.69,1.0,,1787653637087.365,29.15,19.84,13.28,0.35,1787653637091.2605,False,,,3,OP1,C3_WIFI_CARGA_ALTA,N3
,0.253,0.387,0.691,1.0,,1787653637120.1267,29.185,19.76,13.22,0.35,1787653637120.1267,False,,,3,OP1,C3_WIFI_CARGA_ALTA,N3
,0.256,0.382,0.697,1.0,,1787653637177.6843,29.395,19.52,12.92,0.35,1787653637179.6948,False,,,3,OP1,C3_WIFI_CARGA_ALTA,N3
,0.257,0.381,0.699,1.0,,1787653637202.975,29.465,19.44,12.86,0.35,1787653637204.745,False,,,3,OP1,C3_WIFI_CARGA_ALTA,N3
,0.261,0.38,0.703,1.0,,1787653637255.0422,29.605,19.12,12.8,0.35,1787653637255.905,False,,,3,OP1,C3_WIFI_CARGA_ALTA,N3
,0.263,0.38,0.703,1.0,,1787653637283.73,29.605,18.96,12.8,0.35,1787653637288.215,False,,,3,OP1,C3_WIFI_CARGA_ALTA,N3
,0.265,0.378,0.705,1.0,,1787653637470.854,29.675,18.8,12.68,0.35,1787653637472.8672,False,,,3,OP1,C3_WIFI_CARGA_ALTA,N3
,0.275,0.372,0.716,1.0,,1787653637509.9077,30.06,18.0,12.32,0.35,1787653637511.0044,False,,,3,OP1,C3_WIFI_CARGA_ALTA,N3
,0.275,0.371,0.718,1.0,,1787653637537.328,30.13,18.0,12.26,0.35,1787653637539.5378,False,,,3,OP1,C3_WIFI_CARGA_ALTA,N3
,0.275,0.369,0.72,1.0,,1787653637557.7969,30.2,18.0,12.14,0.35,1787653637558.871,False,,,3,OP1,C3_WIFI_CARGA_ALTA,N3
,0.276,0.366,0.724,1.0,,1787653637585.173,30.34,17.92,11.96,0.35,1787653637585.173,False,,,3,OP1,C3_WIFI_CARGA_ALTA,N3
,0.277,0.363,0.727,1.0,,1787653637619.786,30.445,17.84,11.78,0.35,1787653637619.786,False,,,3,OP1,C3_WIFI_CARGA_ALTA,N3
,0.278,0.362,0.729,1.0,,1787653637639.8171,30.515,17.76,11.72,0.35,1787653637639.8171,False,,,3,OP1,C3_WIFI_CARGA_ALTA,N3
,0.278,0.36,0.73,1.0,,1787653637677.6326,30.55,17.76,11.6,0.35,1787653637678.6548,False,,,3,OP1,C3_WIFI_CARGA_ALTA,N3
,0.279,0.359,0.731,1.0,,1787653637704.306,30.585,17.68,11.54,0.35,1787653637705.5718,False,,,3,OP1,C3_WIFI_CARGA_ALTA,N3
,0.279,0.357,0.731,1.0,,1787653637757.8289,30.585,17.68,11.42,0.35,1787653637760.016,False,,,3,OP1,C3_WIFI_CARGA_ALTA,N3
,0.278,0.356,0.731,1.0,,1787653637788.48,30.585,17.76,11.36,0.35,1787653637788.48,False,,,3,OP1,C3_WIFI_CARGA_ALTA,N3
,0.278,0.356,0.732,1.0,,1787653637811.391,30.62,17.76,11.36,0.35,1787653637812.4053,False,,,3,OP1,C3_WIFI_CARGA_ALTA,N3
,0.277,0.355,0.733,1.0,,1787653637845.1365,30.655,17.84,11.3,0.35,1787653637846.2085,False,,,3,OP1,C3_WIFI_CARGA_ALTA,N3
,0.277,0.354,0.733,1.0,,1787653637871.834,30.655,17.84,11.24,0.35,1787653637872.7185,False,,,3,OP1,C3_WIFI_CARGA_ALTA,N3
,0.276,0.354,0.737,1.0,,1787653637922.0432,30.795,17.92,11.24,0.35,1787653637926.194,False,,,3,OP1,C3_WIFI_CARGA_ALTA,N3
,0.275,0.354,0.738,1.0,,1787653637950.1963,30.83,18.0,11.24,0.35,1787653637950.1963,False,,,3,OP1,C3_WIFI_CARGA_ALTA,N3
,0.275,0.353,0.74,1.0,,1787653637981.405,30.9,18.0,11.18,0.35,1787653637981.942,False,,,3,OP1,C3_WIFI_CARGA_ALTA,N3
,0.274,0.351,0.744,1.0,,1787653638012.0708,31.04,18.08,11.06,0.35,1787653638012.0708,False,,,3,OP1,C3_WIFI_CARGA_ALTA,N3
,0.272,0.349,0.749,1.0,,1787653638038.423,31.215,18.24,10.94,0.35,1787653638040.9685,False,,,3,OP1,C3_WIFI_CARGA_ALTA,N3
,0.271,0.342,0.757,1.0,,1787653638092.3335,31.495,18.32,10.52,0.35,1787653638093.34,False,,,3,OP1,C3_WIFI_CARGA_ALTA,N3
,0.271,0.337,0.759,1.0,,1787653638121.6765,31.565,18.32,10.22,0.35,1787653638123.6843,False,,,3,OP1,C3_WIFI_CARGA_ALTA,N3
,0.27,0.335,0.76,1.0,,1787653638148.1956,31.6,18.4,10.1,0.35,1787653638148.7168,False,,,3,OP1,C3_WIFI_CARGA_ALTA,N3
,0.268,0.332,0.761,1.0,,1787653638177.448,31.635,18.56,9.92,0.35,1787653638179.5784,False,,,3,OP1,C3_WIFI_CARGA_ALTA,N3
,0.266,0.329,0.761,1.0,,1787653638226.5586,31.635,18.72,9.74,0.35,1787653638226.5586,False,,,3,OP1,C3_WIFI_CARGA_ALTA,N3
,0.266,0.328,0.761,1.0,,1787653638261.827,31.635,18.72,9.68,0.35,1787653638261.827,False,,,3,OP1,C3_WIFI_CARGA_ALTA,N3
,0.265,0.327,0.761,1.0,,1787653638286.3774,31.635,18.8,9.62,0.35,1787653638286.3774,False,,,3,OP1,C3_WIFI_CARGA_ALTA,N3
,0.264,0.326,0.763,1.0,,1787653638317.88,31.705,18.88,9.56,0.35,1787653638318.3477,False,,,3,OP1,C3_WIFI_CARGA_ALTA,N3
,0.262,0.323,0.766,1.0,,1787653638342.8855,31.81,19.04,9.38,0.35,1787653638346.066,False,,,3,OP1,C3_WIFI_CARGA_ALTA,N3
,0.258,0.32,0.774,1.0,,1787653638395.0798,32.09,19.36,9.2,0.35,1787653638396.8933,False,,,3,OP1,C3_WIFI_CARGA_ALTA,N3
,0.256,0.319,0.777,1.0,,1787653638428.1978,32.195,19.52,9.14,0.35,1787653638428.6729,False,,,3,OP1,C3_WIFI_CARGA_ALTA,N3
,0.254,0.317,0.782,1.0,,1787653638484.127,32.37,19.68,9.02,0.35,1787653638486.1367,False,,,3,OP1,C3_WIFI_CARGA_ALTA,N3
,0.252,0.316,0.782,1.0,,1787653638530.7192,32.37,19.84,8.96,0.35,1787653638531.2764,False,,,3,OP1,C3_WIFI_CARGA_ALTA,N3
,0.251,0.316,0.782,1.0,,1787653638563.2825,32.37,19.92,8.96,0.35,1787653638564.8906,False,,,3,OP1,C3_WIFI_CARGA_ALTA,N3
,0.251,0.316,0.782,1.0,,1787653638596.2417,32.37,19.92,8.96,0.35,1787653638596.2417,False,,,3,OP1,C3_WIFI_CARGA_ALTA,N3
,0.252,0.315,0.783,1.0,,1787653638651.4346,32.405,19.84,8.9,0.35,1787653638654.39,False,,,3,OP1,C3_WIFI_CARGA_ALTA,N3
,0.252,0.315,0.784,1.0,,1787653638679.6792,32.44,19.84,8.9,0.35,1787653638679.6792,False,,,3,OP1,C3_WIFI_CARGA_ALTA,N3
,0.254,0.313,0.788,1.0,,1787653638734.0369,32.58,19.68,8.78,0.35,1787653638736.177,False,,,3,OP1,C3_WIFI_CARGA_ALTA,N3
,0.256,0.312,0.793,1.0,,1787653638761.354,32.755,19.52,8.72,0.35,1787653638761.354,False,,,3,OP1,C3_WIFI_CARGA_ALTA,N3
,0.259,0.312,0.796,1.0,,1787653638913.824,32.86,19.28,8.72,0.35,1787653638918.8691,False,,,3,OP1,C3_WIFI_CARGA_ALTA,N3
,0.269,0.306,0.807,1.0,,1787653639035.0342,33.245,18.48,8.36,0.35,1787653639035.0342,False,,,3,OP1,C3_WIFI_CARGA_ALTA,N3
,0.271,0.304,0.809,1.0,,1787653639069.063,33.315,18.32,8.24,0.35,1787653639069.9473,False,,,3,OP1,C3_WIFI_CARGA_ALTA,N3
,0.276,0.299,0.818,1.0,,1787653639119.9824,33.63,17.92,7.94,0.35,1787653639119.9824,False,,,3,OP1,C3_WIFI_CARGA_ALTA,N3
,0.277,0.297,0.82,1.0,,1787653639151.554,33.7,17.84,7.82,0.35,1787653639153.4856,False,,,3,OP1,C3_WIFI_CARGA_ALTA,N3
,0.279,0.292,0.827,1.0,,1787653639199.2175,33.945,17.68,7.52,0.35,1787653639199.2175,False,,,3,OP1,C3_WIFI_CARGA_ALTA,N3
,0.28,0.289,0.83,1.0,,1787653639235.6875,34.05,17.6,7.34,0.35,1787653639237.0627,False,,,3,OP1,C3_WIFI_CARGA_ALTA,N3
,0.282,0.287,0.833,1.0,,1787653639263.214,34.155,17.44,7.22,0.35,1787653639263.214,False,,,3,OP1,C3_WIFI_CARGA_ALTA,N3
,0.283,0.285,0.835,1.0,,1787653639472.4983,34.225,17.36,7.1,0.35,1787653639474.7166,False,,,3,OP1,C3_WIFI_CARGA_ALTA,N3
,0.289,0.28,0.841,1.0,,1787653639540.74,34.435,16.88,6.8,0.35,1787653639540.74,False,,,3,OP1,C3_WIFI_CARGA_ALTA,N3
,0.293,0.274,0.856,1.0,,1787653639669.2107,34.96,16.56,6.44,0.35,1787653639671.2212,False,,,3,OP1,C3_WIFI_CARGA_ALTA,N3
,0.295,0.27,0.863,1.0,,1787653639790.639,35.205,16.4,6.2,0.35,1787653639790.639,False,,,3,OP1,C3_WIFI_CARGA_ALTA,N3
,0.296,0.266,0.864,1.0,,1787653639976.3008,35.24,16.32,5.96,0.35,1787653639978.323,False,,,3,OP1,C3_WIFI_CARGA_ALTA,N3
,0.293,0.26,0.867,1.0,,1787653640005.8174,35.345,16.56,5.6,0.35,1787653640005.8174,False,,,3,OP1,C3_WIFI_CARGA_ALTA,N3
,0.291,0.259,0.866,1.0,,1787653640043.0142,35.31,16.72,5.54,0.35,1787653640043.73,False,,,3,OP1,C3_WIFI_CARGA_ALTA,N3
,0.289,0.258,0.866,1.0,,1787653640070.7363,35.31,16.88,5.48,0.35,1787653640070.7363,False,,,3,OP1,C3_WIFI_CARGA_ALTA,N3
,0.285,0.257,0.864,1.0,,1787653640126.1533,35.24,17.2,5.42,0.35,1787653640130.5034,False,,,3,OP1,C3_WIFI_CARGA_ALTA,N3
,0.282,0.255,0.862,1.0,,1787653640175.8684,35.17,17.44,5.3,0.35,1787653640177.64,False,,,3,OP1,C3_WIFI_CARGA_ALTA,N3
,0.281,0.255,0.862,1.0,,1787653640211.7517,35.17,17.52,5.3,0.35,1787653640212.2678,False,,,3,OP1,C3_WIFI_CARGA_ALTA,N3
,0.281,0.254,0.863,1.0,,1787653640239.1685,35.205,17.52,5.24,0.35,1787653640239.1685,False,,,3,OP1,C3_WIFI_CARGA_ALTA,N3
,0.281,0.253,0.864,1.0,,1787653640259.818,35.24,17.52,5.18,0.35,1787653640264.3125,False,,,3,OP1,C3_WIFI_CARGA_ALTA,N3
,0.28,0.251,0.865,1.0,,1787653640294.578,35.275,17.6,5.06,0.35,1787653640294.578,False,,,3,OP1,C3_WIFI_CARGA_ALTA,N3
,0.28,0.248,0.866,1.0,,1787653640341.3472,35.31,17.6,4.88,0.35,1787653640341.3472,False,,,3,OP1,C3_WIFI_CARGA_ALTA,N3
,0.28,0.247,0.866,1.0,,1787653640376.781,35.31,17.6,4.82,0.35,1787653640378.9954,False,,,3,OP1,C3_WIFI_CARGA_ALTA,N3
,0.28,0.245,0.867,1.0,,1787653640543.9097,35.345,17.6,4.7,0.35,1787653640546.0652,False,,,3,OP1,C3_WIFI_CARGA_ALTA,N3
,0.272,0.229,0.869,1.0,,1787653640731.4146,35.415,18.24,3.74,0.35,1787653640733.4424,False,,,3,OP1,C3_WIFI_CARGA_ALTA,N3
,0.267,0.225,0.869,1.0,,1787653640849.6,35.415,18.64,3.5,0.35,1787653640849.6,False,,,3,OP1,C3_WIFI_CARGA_ALTA,N3
,0.265,0.224,0.866,1.0,,1787653640877.379,35.31,18.8,3.44,0.35,1787653640879.384,False,,,3,OP1,C3_WIFI_CARGA_ALTA,N3
,0.265,0.223,0.866,1.0,,1787653640901.495,35.31,18.8,3.38,0.35,1787653640903.5095,False,,,3,OP1,C3_WIFI_CARGA_ALTA,N3
,0.265,0.222,0.865,1.0,,1787653640933.975,35.275,18.8,3.32,0.35,1787653640933.975,False,,,3,OP1,C3_WIFI_CARGA_ALTA,N3
,0.266,0.221,0.866,1.0,,1787653640980.2915,35.31,18.72,3.26,0.35,1787653640980.2915,False,,,3,OP1,C3_WIFI_CARGA_ALTA,N3
,0.266,0.22,0.866,1.0,,1787653641015.4958,35.31,18.72,3.2,0.35,1787653641016.4775,False,,,3,OP1,C3_WIFI_CARGA_ALTA,N3
,0.267,0.219,0.866,1.0,,1787653641044.7131,35.31,18.64,3.14,0.35,1787653641046.72,False,,,3,OP1,C3_WIFI_CARGA_ALTA,N3
,0.267,0.218,0.867,1.0,,1787653641069.8032,35.345,18.64,3.08,0.35,1787653641070.8083,False,,,3,OP1,C3_WIFI_CARGA_ALTA,N3
,0.268,0.217,0.868,1.0,,1787653641099.009,35.38,18.56,3.02,0.35,1787653641101.6433,False,,,3,OP1,C3_WIFI_CARGA_ALTA,N3
,0.268,0.213,0.872,1.0,,1787653641147.2236,35.52,18.56,2.78,0.35,1787653641147.2236,False,,,3,OP1,C3_WIFI_CARGA_ALTA,N3
,0.268,0.211,0.873,1.0,,1787653641185.8403,35.555,18.56,2.66,0.35,1787653641186.1355,False,,,3,OP1,C3_WIFI_CARGA_ALTA,N3
,0.268,0.209,0.874,1.0,,1787653641212.2354,35.59,18.56,2.54,0.35,1787653641212.2354,False,,,3,OP1,C3_WIFI_CARGA_ALTA,N3
,0.268,0.206,0.875,1.0,,1787653641380.442,35.625,18.56,2.36,0.35,1787653641380.442,False,,,3,OP1,C3_WIFI_CARGA_ALTA,N3
,0.269,0.193,0.881,1.0,,1787653641405.8364,35.835,18.48,1.58,0.35,1787653641407.2546,False,,,3,OP1,C3_WIFI_CARGA_ALTA,N3
,0.269,0.192,0.881,1.0,,1787653641438.244,35.835,18.48,1.52,0.35,1787653641440.2578,False,,,3,OP1,C3_WIFI_CARGA_ALTA,N3
,0.269,0.191,0.881,1.0,,1787653641463.267,35.835,18.48,1.46,0.35,1787653641463.267,False,,,3,OP1,C3_WIFI_CARGA_ALTA,N3
,0.269,0.19,0.88,1.0,,1787653641485.9438,35.8,18.48,1.4,0.35,1787653641485.9438,False,,,3,OP1,C3_WIFI_CARGA_ALTA,N3
,0.268,0.189,0.88,1.0,,1787653641512.5005,35.8,18.56,1.34,0.35,1787653641512.5005,False,,,3,OP1,C3_WIFI_CARGA_ALTA,N3
,0.266,0.188,0.88,1.0,,1787653641546.6956,35.8,18.72,1.28,0.35,1787653641548.7092,False,,,3,OP1,C3_WIFI_CARGA_ALTA,N3
,0.264,0.186,0.88,1.0,,1787653641570.2424,35.8,18.88,1.16,0.35,1787653641570.2424,False,,,3,OP1,C3_WIFI_CARGA_ALTA,N3
,0.262,0.184,0.879,1.0,,1787653641602.96,35.765,19.04,1.04,0.35,1787653641603.998,False,,,3,OP1,C3_WIFI_CARGA_ALTA,N3
,0.26,0.181,0.877,1.0,,1787653641651.391,35.695,19.2,0.86,0.35,1787653641655.0095,False,,,3,OP1,C3_WIFI_CARGA_ALTA,N3
,0.26,0.181,0.876,1.0,,1787653641686.5444,35.66,19.2,0.86,0.35,1787653641688.5542,False,,,3,OP1,C3_WIFI_CARGA_ALTA,N3
,0.259,0.18,0.876,1.0,,1787653641713.234,35.66,19.28,0.8,0.35,1787653641713.234,False,,,3,OP1,C3_WIFI_CARGA_ALTA,N3
,0.259,0.179,0.876,1.0,,1787653641881.5117,35.66,19.28,0.74,0.35,1787653641883.2646,False,,,3,OP1,C3_WIFI_CARGA_ALTA,N3
,0.263,0.171,0.88,1.0,,1787653641906.2368,35.8,18.96,0.26,0.35,1787653641906.2368,False,,,3,OP1,C3_WIFI_CARGA_ALTA,N3
,0.264,0.171,0.881,1.0,,1787653641936.3113,35.835,18.88,0.26,0.35,1787653641938.4114,False,,,3,OP1,C3_WIFI_CARGA_ALTA,N3
,0.266,0.169,0.882,1.0,,1787653641986.8418,35.87,18.72,0.14,0.35,1787653641986.8418,False,,,3,OP1,C3_WIFI_CARGA_ALTA,N3
,0.267,0.168,0.884,1.0,,1787653642017.0378,35.94,18.64,0.08,0.35,1787653642021.478,False,,,3,OP1,C3_WIFI_CARGA_ALTA,N3
,0.268,0.167,0.886,1.0,,1787653642049.167,36.01,18.56,0.02,0.35,1787653642049.167,False,,,3,OP1,C3_WIFI_CARGA_ALTA,N3
,0.27,0.164,0.888,1.0,,1787653642071.6912,36.08,18.4,-0.16,0.35,1787653642074.9993,False,,,3,OP1,C3_WIFI_CARGA_ALTA,N3
,0.271,0.163,0.889,1.0,,1787653642284.4702,36.115,18.32,-0.22,0.35,1787653642284.4702,False,,,3,OP1,C3_WIFI_CARGA_ALTA,N3
,0.279,0.155,0.894,1.0,,1787653642323.498,36.29,17.68,-0.7,0.35,1787653642325.5044,False,,,3,OP1,C3_WIFI_CARGA_ALTA,N3
,0.28,0.152,0.896,1.0,,1787653642354.1182,36.36,17.6,-0.88,0.35,1787653642356.1926,False,,,3,OP1,C3_WIFI_CARGA_ALTA,N3
,0.281,0.15,0.896,1.0,,1787653642383.0637,36.36,17.52,-1.0,0.35,1787653642383.0637,False,,,3,OP1,C3_WIFI_CARGA_ALTA,N3
,0.282,0.149,0.897,1.0,,1787653642405.7007,36.395,17.44,-1.06,0.35,1787653642405.7007,False,,,3,OP1,C3_WIFI_CARGA_ALTA,N3
,0.282,0.148,0.898,1.0,,1787653642437.9497,36.43,17.44,-1.12,0.35,1787653642438.8489,False,,,3,OP1,C3_WIFI_CARGA_ALTA,N3
,0.283,0.147,0.898,1.0,,1787653642458.194,36.43,17.36,-1.18,0.35,1787653642458.8977,False,,,3,OP1,C3_WIFI_CARGA_ALTA,N3
,0.284,0.146,0.898,1.0,,1787653642487.6746,36.43,17.28,-1.24,0.35,1787653642489.684,False,,,3,OP1,C3_WIFI_CARGA_ALTA,N3
,0.284,0.146,0.899,1.0,,1787653642520.8406,36.465,17.28,-1.24,0.35,1787653642520.8406,False,,,3,OP1,C3_WIFI_CARGA_ALTA,N3
,0.285,0.145,0.899,1.0,,1787653642549.0137,36.465,17.2,-1.3,0.35,1787653642551.588,False,,,3,OP1,C3_WIFI_CARGA_ALTA,N3
,0.285,0.145,0.9,1.0,,1787653642570.5283,36.5,17.2,-1.3,0.35,1787653642570.5283,False,,,3,OP1,C3_WIFI_CARGA_ALTA,N3
,0.285,0.144,0.9,1.0,,1787653642593.9924,36.5,17.2,-1.36,0.35,1787653642593.9924,False,,,3,OP1,C3_WIFI_CARGA_ALTA,N3
,0.286,0.144,0.9,1.0,,1787653642625.958,36.5,17.12,-1.36,0.35,1787653642626.245,False,,,3,OP1,C3_WIFI_CARGA_ALTA,N3
,0.286,0.143,0.9,1.0,,1787653642655.7993,36.5,17.12,-1.42,0.35,1787653642657.811,False,,,3,OP1,C3_WIFI_CARGA_ALTA,N3
,0.287,0.143,0.9,1.0,,1787653642689.593,36.5,17.04,-1.42,0.35,1787653642689.593,False,,,3,OP1,C3_WIFI_CARGA_ALTA,N3
,0.287,0.142,0.901,1.0,,1787653642716.9983,36.535,17.04,-1.48,0.35,1787653642718.1074,False,,,3,OP1,C3_WIFI_CARGA_ALTA,N3
,0.288,0.142,0.901,1.0,,1787653642740.6917,36.535,16.96,-1.48,0.35,1787653642740.6917,False,,,3,OP1,C3_WIFI_CARGA_ALTA,N3
,0.289,0.141,0.902,1.0,,1787653642908.8242,36.57,16.88,-1.54,0.35,1787653642908.8242,False,,,3,OP1,C3_WIFI_CARGA_ALTA,N3
,0.29,0.138,0.906,1.0,,1787653643023.621,36.71,16.8,-1.72,0.35,1787653643025.3794,False,,,3,OP1,C3_WIFI_CARGA_ALTA,N3
,0.289,0.133,0.906,1.0,,1787653643049.1433,36.71,16.88,-2.02,0.35,1787653643051.7651,False,,,3,OP1,C3_WIFI_CARGA_ALTA,N3
,0.288,0.132,0.905,1.0,,1787653643074.1118,36.675,16.96,-2.08,0.35,1787653643074.1118,False,,,3,OP1,C3_WIFI_CARGA_ALTA,N3
,0.287,0.13,0.906,1.0,,1787653643096.164,36.71,17.04,-2.2,0.35,1787653643100.6165,False,,,3,OP1,C3_WIFI_CARGA_ALTA,N3
,0.287,0.127,0.906,1.0,,1787653643301.5012,36.71,17.04,-2.38,0.35,1787653643301.8118,False,,,3,OP1,C3_WIFI_CARGA_ALTA,N3
,0.283,0.118,0.909,1.0,,1787653643358.4614,36.815,17.36,-2.92,0.35,1787653643359.197,False,,,3,OP1,C3_WIFI_CARGA_ALTA,N3
,0.283,0.116,0.909,1.0,,1787653643384.8406,36.815,17.36,-3.04,0.35,1787653643386.6082,False,,,3,OP1,C3_WIFI_CARGA_ALTA,N3
,0.282,0.112,0.909,1.0,,1787653643436.5945,36.815,17.44,-3.28,0.35,1787653643436.5945,False,,,3,OP1,C3_WIFI_CARGA_ALTA,N3
,0.282,0.11,0.909,1.0,,1787653643466.9006,36.815,17.44,-3.4,0.35,1787653643468.9084,False,,,3,OP1,C3_WIFI_CARGA_ALTA,N3
,0.282,0.109,0.909,1.0,,1787653643487.8057,36.815,17.44,-3.46,0.35,1787653643489.824,False,,,3,OP1,C3_WIFI_CARGA_ALTA,N3
,0.282,0.107,0.909,1.0,,1787653643516.244,36.815,17.44,-3.58,0.35,1787653643516.244,False,,,3,OP1,C3_WIFI_CARGA_ALTA,N3
,0.282,0.106,0.909,1.0,,1787653643551.5012,36.815,17.44,-3.64,0.35,1787653643555.5212,False,,,3,OP1,C3_WIFI_CARGA_ALTA,N3
,0.281,0.104,0.91,1.0,,1787653643609.664,36.85,17.52,-3.76,0.35,1787653643609.664,False,,,3,OP1,C3_WIFI_CARGA_ALTA,N3
,0.281,0.101,0.909,1.0,,1787653643659.3933,36.815,17.52,-3.94,0.35,1787653643664.1667,False,,,3,OP1,C3_WIFI_CARGA_ALTA,N3
,0.281,0.099,0.909,1.0,,1787653643688.672,36.815,17.52,-4.06,0.35,1787653643693.0918,False,,,3,OP1,C3_WIFI_CARGA_ALTA,N3
,0.281,0.097,0.908,1.0,,1787653643709.181,36.78,17.52,-4.18,0.35,1787653643711.0918,False,,,3,OP1,C3_WIFI_CARGA_ALTA,N3
,0.281,0.095,0.907,1.0,,1787653643734.5764,36.745,17.52,-4.3,0.35,1787653643735.8196,False,,,3,OP1,C3_WIFI_CARGA_ALTA,N3
,0.28,0.094,0.906,1.0,,1787653643773.088,36.71,17.6,-4.36,0.35,1787653643777.2598,False,,,3,OP1,C3_WIFI_CARGA_ALTA,N3
,0.28,0.091,0.903,1.0,,1787653643819.927,36.605,17.6,-4.54,0.35,1787653643821.9404,False,,,3,OP1,C3_WIFI_CARGA_ALTA,N3
,0.28,0.089,0.901,1.0,,1787653643855.488,36.535,17.6,-4.66,0.35,1787653643860.277,False,,,3,OP1,C3_WIFI_CARGA_ALTA,N3
,0.281,0.086,0.898,1.0,,1787653643903.3467,36.43,17.52,-4.84,0.35,1787653643903.3467,False,,,3,OP1,C3_WIFI_CARGA_ALTA,N3
,0.281,0.085,0.898,1.0,,1787653643929.9253,36.43,17.52,-4.9,0.35,1787653643929.9253,False,,,3,OP1,C3_WIFI_CARGA_ALTA,N3
,0.282,0.084,0.898,1.0,,1787653643970.1367,36.43,17.44,-4.96,0.35,1787653643970.1367,False,,,3,OP1,C3_WIFI_CARGA_ALTA,N3
,0.283,0.082,0.896,1.0,,1787653644020.006,36.36,17.36,-5.08,0.35,1787653644021.742,False,,,3,OP1,C3_WIFI_CARGA_ALTA,N3
,0.283,0.081,0.896,1.0,,1787653644047.527,36.36,17.36,-5.14,0.35,1787653644048.7312,False,,,3,OP1,C3_WIFI_CARGA_ALTA,N3
,0.283,0.081,0.896,1.0,,1787653644073.2097,36.36,17.36,-5.14,0.35,1787653644073.2097,False,,,3,OP1,C3_WIFI_CARGA_ALTA,N3
,0.284,0.081,0.895,1.0,,1787653644242.2058,36.325,17.28,-5.14,0.35,1787653644242.2058,False,,,3,OP1,C3_WIFI_CARGA_ALTA,N3
,0.287,0.08,0.891,1.0,,1787653644405.3115,36.185,17.04,-5.2,0.35,1787653644407.8413,False,,,3,OP1,C3_WIFI_CARGA_ALTA,N3
,0.289,0.08,0.887,1.0,,1787653644443.879,36.045,16.88,-5.2,0.35,1787653644445.6853,False,,,3,OP1,C3_WIFI_CARGA_ALTA,N3
,0.29,0.08,0.886,1.0,,1787653644470.725,36.01,16.8,-5.2,0.35,1787653644471.6929,False,,,3,OP1,C3_WIFI_CARGA_ALTA,N3
,0.29,0.08,0.884,1.0,,1787653644492.2231,35.94,16.8,-5.2,0.35,1787653644492.2231,False,,,3,OP1,C3_WIFI_CARGA_ALTA,N3
,0.291,0.081,0.882,1.0,,1787653644526.9749,35.87,16.72,-5.14,0.35,1787653644526.9749,False,,,3,OP1,C3_WIFI_CARGA_ALTA,N3
,0.291,0.082,0.878,1.0,,1787653644574.0305,35.73,16.72,-5.08,0.35,1787653644574.64,False,,,3,OP1,C3_WIFI_CARGA_ALTA,N3
,0.292,0.082,0.877,1.0,,1787653644610.0923,35.695,16.64,-5.08,0.35,1787653644611.6433,False,,,3,OP1,C3_WIFI_CARGA_ALTA,N3
,0.292,0.083,0.874,1.0,,1787653644637.6665,35.59,16.64,-5.02,0.35,1787653644637.6665,False,,,3,OP1,C3_WIFI_CARGA_ALTA,N3
,0.292,0.083,0.873,1.0,,1787653644660.22,35.555,16.64,-5.02,0.35,1787653644660.22,False,,,3,OP1,C3_WIFI_CARGA_ALTA,N3
,0.292,0.084,0.871,1.0,,1787653644694.14,35.485,16.64,-4.96,0.35,1787653644694.14,False,,,3,OP1,C3_WIFI_CARGA_ALTA,N3
,0.292,0.086,0.867,1.0,,1787653644743.1462,35.345,16.64,-4.84,0.35,1787653644745.1577,False,,,3,OP1,C3_WIFI_CARGA_ALTA,N3
,0.292,0.088,0.863,1.0,,1787653644776.1042,35.205,16.64,-4.72,0.35,1787653644776.1042,False,,,3,OP1,C3_WIFI_CARGA_ALTA,N3
,0.293,0.09,0.859,1.0,,1787653644804.8914,35.065,16.56,-4.6,0.35,1787653644804.8914,False,,,3,OP1,C3_WIFI_CARGA_ALTA,N3
,0.295,0.093,0.854,1.0,,1787653644829.4475,34.89,16.4,-4.42,0.35,1787653644829.4475,False,,,3,OP1,C3_WIFI_CARGA_ALTA,N3
,0.297,0.096,0.851,1.0,,1787653644860.8218,34.785,16.24,-4.24,0.35,1787653644862.7695,False,,,3,OP1,C3_WIFI_CARGA_ALTA,N3
,0.3,0.101,0.846,1.0,,1787653644913.0037,34.61,16.0,-3.94,0.35,1787653644913.0037,False,,,3,OP1,C3_WIFI_CARGA_ALTA,N3
,0.3,0.104,0.842,1.0,,1787653644943.7104,34.47,16.0,-3.76,0.35,1787653644943.7104,False,,,3,OP1,C3_WIFI_CARGA_ALTA,N3
,0.3,0.108,0.836,1.0,,1787653645055.3518,34.26,16.0,-3.52,0.35,1787653645056.6016,False,,,3,OP1,C3_WIFI_CARGA_ALTA,N3
,0.303,0.122,0.807,1.0,,1787653645078.6624,33.245,15.76,-2.68,0.35,1787653645082.682,False,,,3,OP1,C3_WIFI_CARGA_ALTA,N3
,0.306,0.125,0.797,1.0,,1787653645109.485,32.895,15.52,-2.5,0.35,1787653645112.7112,False,,,3,OP1,C3_WIFI_CARGA_ALTA,N3
,0.308,0.127,0.789,1.0,,1787653645139.745,32.615,15.36,-2.38,0.35,1787653645139.745,False,,,3,OP1,C3_WIFI_CARGA_ALTA,N3
,0.308,0.128,0.783,1.0,,1787653645163.3762,32.405,15.36,-2.32,0.35,1787653645163.3762,False,,,3,OP1,C3_WIFI_CARGA_ALTA,N3
,0.31,0.133,0.766,1.0,,1787653645194.8374,31.81,15.2,-2.02,0.35,1787653645196.3047,False,,,3,OP1,C3_WIFI_CARGA_ALTA,N3
,0.312,0.143,0.738,1.0,,1787653645247.0557,30.83,15.04,-1.42,0.35,1787653645247.0557,False,,,3,OP1,C3_WIFI_CARGA_ALTA,N3
,0.312,0.147,0.733,1.0,,1787653645273.9717,30.655,15.04,-1.18,0.35,1787653645275.7295,False,,,3,OP1,C3_WIFI_CARGA_ALTA,N3
,0.311,0.155,0.719,1.0,,1787653645307.5276,30.165,15.12,-0.7,0.35,1787653645307.5276,False,,,3,OP1,C3_WIFI_CARGA_ALTA,N3
,0.31,0.159,0.713,1.0,,1787653645332.2446,29.955,15.2,-0.46,0.35,1787653645335.3003,False,,,3,OP1,C3_WIFI_CARGA_ALTA,N3
,0.309,0.16,0.712,1.0,,1787653645361.0818,29.92,15.28,-0.4,0.35,1787653645362.6597,False,,,3,OP1,C3_WIFI_CARGA_ALTA,N3
,0.308,0.161,0.712,1.0,,1787653645418.2722,29.92,15.36,-0.34,0.35,1787653645418.2722,False,,,3,OP1,C3_WIFI_CARGA_ALTA,N3
,0.307,0.162,0.711,1.0,,1787653645444.0945,29.885,15.44,-0.28,0.35,1787653645446.1042,False,,,3,OP1,C3_WIFI_CARGA_ALTA,N3
,0.307,0.163,0.711,1.0,,1787653645473.2122,29.885,15.44,-0.22,0.35,1787653645474.1875,False,,,3,OP1,C3_WIFI_CARGA_ALTA,N3
,0.306,0.165,0.711,1.0,,1787653645499.9902,29.885,15.52,-0.1,0.35,1787653645499.9902,False,,,3,OP1,C3_WIFI_CARGA_ALTA,N3
,0.303,0.171,0.71,1.0,,1787653645548.2349,29.85,15.76,0.26,0.35,1787653645548.8704,False,,,3,OP1,C3_WIFI_CARGA_ALTA,N3
,0.302,0.174,0.709,1.0,,1787653645582.6628,29.815,15.84,0.44,0.35,1787653645582.6628,False,,,3,OP1,C3_WIFI_CARGA_ALTA,N3
,0.301,0.176,0.708,1.0,,1787653645612.0315,29.78,15.92,0.56,0.35,1787653645612.0315,False,,,3,OP1,C3_WIFI_CARGA_ALTA,N3
,0.301,0.178,0.707,1.0,,1787653645639.652,29.745,15.92,0.68,0.35,1787653645640.6665,False,,,3,OP1,C3_WIFI_CARGA_ALTA,N3
,0.301,0.179,0.707,1.0,,1787653645665.75,29.745,15.92,0.74,0.35,1787653645665.75,False,,,3,OP1,C3_WIFI_CARGA_ALTA,N3
,0.301,0.18,0.706,1.0,,1787653645718.2974,29.71,15.92,0.8,0.35,1787653645719.8682,False,,,3,OP1,C3_WIFI_CARGA_ALTA,N3
,0.301,0.179,0.706,1.0,,1787653645750.13,29.71,15.92,0.74,0.35,1787653645751.639,False,,,3,OP1,C3_WIFI_CARGA_ALTA,N3
,0.3,0.18,0.705,1.0,,1787653645808.338,29.675,16.0,0.8,0.35,1787653645808.338,False,,,3,OP1,C3_WIFI_CARGA_ALTA,N3
,0.3,0.18,0.705,1.0,,1787653645833.2637,29.675,16.0,0.8,0.35,1787653645833.2637,False,,,3,OP1,C3_WIFI_CARGA_ALTA,N3
,0.3,0.181,0.704,1.0,,1787653645888.6604,29.64,16.0,0.86,0.35,1787653645888.9922,False,,,3,OP1,C3_WIFI_CARGA_ALTA,N3
,0.3,0.181,0.704,1.0,,1787653645915.9236,29.64,16.0,0.86,0.35,1787653645915.9236,False,,,3,OP1,C3_WIFI_CARGA_ALTA,N3
,0.3,0.181,0.704,1.0,,1787653645946.8557,29.64,16.0,0.86,0.35,1787653645946.8557,False,,,3,OP1,C3_WIFI_CARGA_ALTA,N3
,0.3,0.182,0.704,1.0,,1787653645973.9102,29.64,16.0,0.92,0.35,1787653645975.9246,False,,,3,OP1,C3_WIFI_CARGA_ALTA,N3
,0.299,0.184,0.704,1.0,,1787653646000.277,29.64,16.08,1.04,0.35,1787653646001.306,False,,,3,OP1,C3_WIFI_CARGA_ALTA,N3
,0.298,0.189,0.703,1.0,,1787653646057.917,29.605,16.16,1.34,0.35,1787653646058.2986,False,,,3,OP1,C3_WIFI_CARGA_ALTA,N3
,0.298,0.193,0.702,1.0,,1787653646084.5574,29.57,16.16,1.58,0.35,1787653646084.5574,False,,,3,OP1,C3_WIFI_CARGA_ALTA,N3
,0.3,0.198,0.7,1.0,,1787653646114.0469,29.5,16.0,1.88,0.35,1787653646114.0469,False,,,3,OP1,C3_WIFI_CARGA_ALTA,N3
,0.303,0.21,0.696,1.0,,1787653646167.2883,29.36,15.76,2.6,0.35,1787653646167.2883,False,,,3,OP1,C3_WIFI_CARGA_ALTA,N3
,0.306,0.216,0.699,1.0,,1787653646222.5967,29.465,15.52,2.96,0.35,1787653646224.0864,False,,,3,OP1,C3_WIFI_CARGA_ALTA,N3
,0.308,0.219,0.701,1.0,,1787653646253.392,29.535,15.36,3.14,0.35,1787653646253.392,False,,,3,OP1,C3_WIFI_CARGA_ALTA,N3
,0.31,0.223,0.702,1.0,,1787653646282.6765,29.57,15.2,3.38,0.35,1787653646282.6765,False,,,3,OP1,C3_WIFI_CARGA_ALTA,N3
,0.31,0.23,0.706,1.0,,1787653646336.412,29.71,15.2,3.8,0.35,1787653646336.412,False,,,3,OP1,C3_WIFI_CARGA_ALTA,N3
,0.31,0.234,0.705,1.0,,1787653646356.556,29.675,15.2,4.04,0.35,1787653646358.222,False,,,3,OP1,C3_WIFI_CARGA_ALTA,N3
,0.31,0.235,0.706,1.0,,1787653646384.9448,29.71,15.2,4.1,0.35,1787653646384.9448,False,,,3,OP1,C3_WIFI_CARGA_ALTA,N3
,0.311,0.236,0.706,1.0,,1787653646420.387,29.71,15.12,4.16,0.35,1787653646420.387,False,,,3,OP1,C3_WIFI_CARGA_ALTA,N3
,0.311,0.236,0.706,1.0,,1787653646449.022,29.71,15.12,4.16,0.35,1787653646449.4214,False,,,3,OP1,C3_WIFI_CARGA_ALTA,N3
,0.311,0.236,0.705,1.0,,1787653646469.4998,29.675,15.12,4.16,0.35,1787653646469.4998,False,,,3,OP1,C3_WIFI_CARGA_ALTA,N3
,0.312,0.235,0.705,1.0,,1787653646502.9238,29.675,15.04,4.1,0.35,1787653646502.9238,False,,,3,OP1,C3_WIFI_CARGA_ALTA,N3
,0.312,0.234,0.704,1.0,,1787653646525.406,29.64,15.04,4.04,0.35,1787653646525.406,False,,,3,OP1,C3_WIFI_CARGA_ALTA,N3
,0.313,0.232,0.704,1.0,,1787653646556.432,29.64,14.96,3.92,0.35,1787653646557.4795,False,,,3,OP1,C3_WIFI_CARGA_ALTA,N3
,0.313,0.23,0.704,1.0,,1787653646586.87,29.64,14.96,3.8,0.35,1787653646588.8806,False,,,3,OP1,C3_WIFI_CARGA_ALTA,N3
,0.314,0.228,0.704,1.0,,1787653646615.36,29.64,14.88,3.68,0.35,1787653646615.8833,False,,,3,OP1,C3_WIFI_CARGA_ALTA,N3
,0.315,0.226,0.704,1.0,,1787653646640.352,29.64,14.8,3.56,0.35,1787653646640.352,False,,,3,OP1,C3_WIFI_CARGA_ALTA,N3
,0.315,0.224,0.703,1.0,,1787653646695.204,29.605,14.8,3.44,0.35,1787653646695.204,False,,,3,OP1,C3_WIFI_CARGA_ALTA,N3
,0.316,0.223,0.703,1.0,,1787653646723.8357,29.605,14.72,3.38,0.35,1787653646724.843,False,,,3,OP1,C3_WIFI_CARGA_ALTA,N3
,0.316,0.223,0.705,1.0,,1787653646754.5386,29.675,14.72,3.38,0.35,1787653646754.5386,False,,,3,OP1,C3_WIFI_CARGA_ALTA,N3
,0.316,0.223,0.705,1.0,,1787653646781.99,29.675,14.72,3.38,0.35,1787653646782.8247,False,,,3,OP1,C3_WIFI_CARGA_ALTA,N3
,0.315,0.223,0.705,1.0,,1787653646810.0815,29.675,14.8,3.38,0.35,1787653646810.0815,False,,,3,OP1,C3_WIFI_CARGA_ALTA,N3
,0.315,0.224,0.705,1.0,,1787653646838.0654,29.675,14.8,3.44,0.35,1787653646838.0654,False,,,3,OP1,C3_WIFI_CARGA_ALTA,N3
,0.314,0.225,0.705,1.0,,1787653646862.656,29.675,14.88,3.5,0.35,1787653646862.656,False,,,3,OP1,C3_WIFI_CARGA_ALTA,N3
,0.313,0.226,0.704,1.0,,1787653646893.408,29.64,14.96,3.56,0.35,1787653646893.408,False,,,3,OP1,C3_WIFI_CARGA_ALTA,N3
,0.313,0.226,0.704,1.0,,1787653646920.8987,29.64,14.96,3.56,0.35,1787653646920.8987,False,,,3,OP1,C3_WIFI_CARGA_ALTA,N3
,0.312,0.226,0.703,1.0,,1787653646974.3154,29.605,15.04,3.56,0.35,1787653646975.1514,False,,,3,OP1,C3_WIFI_CARGA_ALTA,N3
,0.311,0.226,0.701,1.0,,1787653647017.7537,29.535,15.12,3.56,0.35,1787653647018.7556,False,,,3,OP1,C3_WIFI_CARGA_ALTA,N3
,0.311,0.226,0.7,1.0,,1787653647059.3672,29.5,15.12,3.56,0.35,1787653647059.3672,False,,,3,OP1,C3_WIFI_CARGA_ALTA,N3
,0.311,0.226,0.699,1.0,,1787653647089.1692,29.465,15.12,3.56,0.35,1787653647089.1692,False,,,3,OP1,C3_WIFI_CARGA_ALTA,N3
,0.311,0.226,0.699,1.0,,1787653647116.257,29.465,15.12,3.56,0.35,1787653647116.257,False,,,3,OP1,C3_WIFI_CARGA_ALTA,N3
,0.312,0.226,0.699,1.0,,1787653647163.4126,29.465,15.04,3.56,0.35,1787653647163.4126,False,,,3,OP1,C3_WIFI_CARGA_ALTA,N3
,0.312,0.225,0.698,1.0,,1787653647197.412,29.43,15.04,3.5,0.35,1787653647198.9246,False,,,3,OP1,C3_WIFI_CARGA_ALTA,N3
,0.312,0.224,0.699,1.0,,1787653647225.3403,29.465,15.04,3.44,0.35,1787653647225.3403,False,,,3,OP1,C3_WIFI_CARGA_ALTA,N3
,0.313,0.223,0.7,1.0,,1787653647256.1128,29.5,14.96,3.38,0.35,1787653647256.952,False,,,3,OP1,C3_WIFI_CARGA_ALTA,N3
,0.313,0.222,0.7,1.0,,1787653647281.5674,29.5,14.96,3.32,0.35,1787653647284.2266,False,,,3,OP1,C3_WIFI_CARGA_ALTA,N3
,0.312,0.22,0.701,1.0,,1787653647332.098,29.535,15.04,3.2,0.35,1787653647334.0686,False,,,3,OP1,C3_WIFI_CARGA_ALTA,N3
,0.312,0.219,0.702,1.0,,1787653647365.248,29.57,15.04,3.14,0.35,1787653647365.248,False,,,3,OP1,C3_WIFI_CARGA_ALTA,N3
,0.312,0.219,0.702,1.0,,1787653647393.431,29.57,15.04,3.14,0.35,1787653647395.4385,False,,,3,OP1,C3_WIFI_CARGA_ALTA,N3
,0.312,0.219,0.702,1.0,,1787653647422.76,29.57,15.04,3.14,0.35,1787653647423.1929,False,,,3,OP1,C3_WIFI_CARGA_ALTA,N3
,0.312,0.219,0.702,1.0,,1787653647451.2417,29.57,15.04,3.14,0.35,1787653647453.827,False,,,3,OP1,C3_WIFI_CARGA_ALTA,N3
,0.312,0.219,0.701,1.0,,1787653647499.729,29.535,15.04,3.14,0.35,1787653647499.729,False,,,3,OP1,C3_WIFI_CARGA_ALTA,N3
,0.311,0.219,0.7,1.0,,1787653647532.3413,29.5,15.12,3.14,0.35,1787653647534.35,False,,,3,OP1,C3_WIFI_CARGA_ALTA,N3
,0.312,0.219,0.699,1.0,,1787653647560.6172,29.465,15.04,3.14,0.35,1787653647561.6255,False,,,3,OP1,C3_WIFI_CARGA_ALTA,N3
,0.311,0.219,0.699,1.0,,1787653647590.8403,29.465,15.12,3.14,0.35,1787653647592.8682,False,,,3,OP1,C3_WIFI_CARGA_ALTA,N3
,0.311,0.218,0.698,1.0,,1787653647616.9949,29.43,15.12,3.08,0.35,1787653647616.9949,False,,,3,OP1,C3_WIFI_CARGA_ALTA,N3
,0.311,0.216,0.697,1.0,,1787653647665.568,29.395,15.12,2.96,0.35,1787653647665.568,False,,,3,OP1,C3_WIFI_CARGA_ALTA,N3
,0.31,0.216,0.696,1.0,,1787653647923.5813,29.36,15.2,2.96,0.35,1787653647925.6704,False,,,3,OP1,C3_WIFI_CARGA_ALTA,N3
,0.312,0.22,0.693,1.0,,1787653647951.5425,29.255,15.04,3.2,0.35,1787653647952.8477,False,,,3,OP1,C3_WIFI_CARGA_ALTA,N3
,0.312,0.221,0.694,1.0,,1787653647978.5464,29.29,15.04,3.26,0.35,1787653647979.9028,False,,,3,OP1,C3_WIFI_CARGA_ALTA,N3
,0.313,0.221,0.696,1.0,,1787653648001.5735,29.36,14.96,3.26,0.35,1787653648002.0017,False,,,3,OP1,C3_WIFI_CARGA_ALTA,N3
,0.314,0.221,0.698,1.0,,1787653648034.8315,29.43,14.88,3.26,0.35,1787653648034.8315,False,,,3,OP1,C3_WIFI_CARGA_ALTA,N3
,0.314,0.221,0.699,1.0,,1787653648061.6494,29.465,14.88,3.26,0.35,1787653648063.6606,False,,,3,OP1,C3_WIFI_CARGA_ALTA,N3
,0.314,0.221,0.7,1.0,,1787653648089.4412,29.5,14.88,3.26,0.35,1787653648091.4673,False,,,3,OP1,C3_WIFI_CARGA_ALTA,N3
,0.314,0.221,0.701,1.0,,1787653648138.32,29.535,14.88,3.26,0.35,1787653648139.716,False,,,3,OP1,C3_WIFI_CARGA_ALTA,N3
,0.315,0.221,0.701,1.0,,1787653648170.414,29.535,14.8,3.26,0.35,1787653648173.4592,False,,,3,OP1,C3_WIFI_CARGA_ALTA,N3
,0.315,0.222,0.701,1.0,,1787653648191.593,29.535,14.8,3.32,0.35,1787653648193.6047,False,,,3,OP1,C3_WIFI_CARGA_ALTA,N3
,0.315,0.222,0.701,1.0,,1787653648231.1094,29.535,14.8,3.32,0.35,1787653648231.1094,False,,,3,OP1,C3_WIFI_CARGA_ALTA,N3
,0.315,0.223,0.701,1.0,,1787653648256.8013,29.535,14.8,3.38,0.35,1787653648259.4805,False,,,3,OP1,C3_WIFI_CARGA_ALTA,N3
,0.315,0.225,0.7,1.0,,1787653648445.7456,29.5,14.8,3.5,0.35,1787653648445.7456,False,,,3,OP1,C3_WIFI_CARGA_ALTA,N3
,0.312,0.24,0.69,1.0,,1787653648479.5142,29.15,15.04,4.4,0.35,1787653648479.999,False,,,3,OP1,C3_WIFI_CARGA_ALTA,N3
,0.312,0.243,0.688,1.0,,1787653648505.9224,29.08,15.04,4.58,0.35,1787653648505.9224,False,,,3,OP1,C3_WIFI_CARGA_ALTA,N3
,0.313,0.244,0.686,1.0,,1787653648527.921,29.01,14.96,4.64,0.35,1787653648528.9294,False,,,3,OP1,C3_WIFI_CARGA_ALTA,N3
,0.313,0.245,0.686,1.0,,1787653648564.436,29.01,14.96,4.7,0.35,1787653648564.436,False,,,3,OP1,C3_WIFI_CARGA_ALTA,N3
,0.313,0.245,0.685,1.0,,1787653648591.824,28.975,14.96,4.7,0.35,1787653648594.612,False,,,3,OP1,C3_WIFI_CARGA_ALTA,N3
,0.313,0.247,0.684,1.0,,1787653648641.7788,28.94,14.96,4.82,0.35,1787653648643.8987,False,,,3,OP1,C3_WIFI_CARGA_ALTA,N3
,0.313,0.248,0.683,1.0,,1787653648673.317,28.905,14.96,4.88,0.35,1787653648677.4036,False,,,3,OP1,C3_WIFI_CARGA_ALTA,N3
,0.313,0.25,0.682,1.0,,1787653648697.629,28.87,14.96,5.0,0.35,1787653648697.629,False,,,3,OP1,C3_WIFI_CARGA_ALTA,N3
,0.313,0.25,0.681,1.0,,1787653648731.717,28.835,14.96,5.0,0.35,1787653648731.717,False,,,3,OP1,C3_WIFI_CARGA_ALTA,N3
,0.312,0.251,0.681,1.0,,1787653648865.6658,28.835,15.04,5.06,0.35,1787653648865.6658,False,,,3,OP1,C3_WIFI_CARGA_ALTA,N3
,0.311,0.253,0.678,1.0,,1787653648899.2192,28.73,15.12,5.18,0.35,1787653648901.7217,False,,,3,OP1,C3_WIFI_CARGA_ALTA,N3
,0.311,0.253,0.677,1.0,,1787653648927.2195,28.695,15.12,5.18,0.35,1787653648928.2542,False,,,3,OP1,C3_WIFI_CARGA_ALTA,N3
,0.311,0.254,0.676,1.0,,1787653648980.3987,28.66,15.12,5.24,0.35,1787653648980.7551,False,,,3,OP1,C3_WIFI_CARGA_ALTA,N3
,0.311,0.255,0.675,1.0,,1787653649010.0898,28.625,15.12,5.3,0.35,1787653649010.0898,False,,,3,OP1,C3_WIFI_CARGA_ALTA,N3
,0.311,0.256,0.674,1.0,,1787653649063.1448,28.59,15.12,5.36,0.35,1787653649066.9778,False,,,3,OP1,C3_WIFI_CARGA_ALTA,N3
,0.311,0.258,0.672,1.0,,1787653649111.194,28.52,15.12,5.48,0.35,1787653649115.6194,False,,,3,OP1,C3_WIFI_CARGA_ALTA,N3
,0.31,0.259,0.671,1.0,,1787653649144.3733,28.485,15.2,5.54,0.35,1787653649144.3733,False,,,3,OP1,C3_WIFI_CARGA_ALTA,N3
,0.31,0.26,0.67,1.0,,1787653649344.1184,28.45,15.2,5.6,0.35,1787653649345.15,False,,,3,OP1,C3_WIFI_CARGA_ALTA,N3
,0.309,0.26,0.664,1.0,,1787653649400.7686,28.24,15.28,5.6,0.35,1787653649403.0574,False,,,3,OP1,C3_WIFI_CARGA_ALTA,N3
,0.309,0.259,0.664,1.0,,1787653649446.6692,28.24,15.28,5.54,0.35,1787653649446.6692,False,,,3,OP1,C3_WIFI_CARGA_ALTA,N3
,0.309,0.259,0.665,1.0,,1787653649480.612,28.275,15.28,5.54,0.35,1787653649483.518,False,,,3,OP1,C3_WIFI_CARGA_ALTA,N3
,0.308,0.259,0.665,1.0,,1787653649511.441,28.275,15.36,5.54,0.35,1787653649511.441,False,,,3,OP1,C3_WIFI_CARGA_ALTA,N3
,0.308,0.258,0.665,1.0,,1787653649566.0872,28.275,15.36,5.48,0.35,1787653649567.2449,False,,,3,OP1,C3_WIFI_CARGA_ALTA,N3
,0.308,0.259,0.665,1.0,,1787653649594.1655,28.275,15.36,5.54,0.35,1787653649595.2866,False,,,3,OP1,C3_WIFI_CARGA_ALTA,N3
,0.308,0.259,0.666,1.0,,1787653649614.1914,28.31,15.36,5.54,0.35,1787653649614.1914,False,,,3,OP1,C3_WIFI_CARGA_ALTA,N3
,0.307,0.259,0.665,1.0,,1787653649650.1714,28.275,15.44,5.54,0.35,1787653649650.1714,False,,,3,OP1,C3_WIFI_CARGA_ALTA,N3
,0.307,0.259,0.665,1.0,,1787653649677.3933,28.275,15.44,5.54,0.35,1787653649679.243,False,,,3,OP1,C3_WIFI_CARGA_ALTA,N3
,0.307,0.26,0.666,1.0,,1787653649698.611,28.31,15.44,5.6,0.35,1787653649698.611,False,,,3,OP1,C3_WIFI_CARGA_ALTA,N3
,0.307,0.26,0.666,1.0,,1787653649733.3115,28.31,15.44,5.6,0.35,1787653649734.4954,False,,,3,OP1,C3_WIFI_CARGA_ALTA,N3
,0.307,0.261,0.666,1.0,,1787653649761.7034,28.31,15.44,5.66,0.35,1787653649763.0854,False,,,3,OP1,C3_WIFI_CARGA_ALTA,N3
,0.307,0.261,0.666,1.0,,1787653649783.2466,28.31,15.44,5.66,0.35,1787653649783.2466,False,,,3,OP1,C3_WIFI_CARGA_ALTA,N3
,0.307,0.261,0.667,1.0,,1787653649816.2686,28.345,15.44,5.66,0.35,1787653649816.2686,False,,,3,OP1,C3_WIFI_CARGA_ALTA,N3
,0.307,0.261,0.667,1.0,,1787653649846.004,28.345,15.44,5.66,0.35,1787653649846.004,False,,,3,OP1,C3_WIFI_CARGA_ALTA,N3
,0.307,0.261,0.666,1.0,,1787653649900.0327,28.31,15.44,5.66,0.35,1787653649901.1567,False,,,3,OP1,C3_WIFI_CARGA_ALTA,N3
,0.306,0.261,0.667,1.0,,1787653649950.751,28.345,15.52,5.66,0.35,1787653649951.3398,False,,,3,OP1,C3_WIFI_CARGA_ALTA,N3
,0.306,0.261,0.667,1.0,,1787653649978.464,28.345,15.52,5.66,0.35,1787653649980.474,False,,,3,OP1,C3_WIFI_CARGA_ALTA,N3
,0.307,0.26,0.667,1.0,,1787653650011.4756,28.345,15.44,5.6,0.35,1787653650013.4917,False,,,3,OP1,C3_WIFI_CARGA_ALTA,N3
,0.307,0.26,0.667,1.0,,1787653650034.4844,28.345,15.44,5.6,0.35,1787653650035.611,False,,,3,OP1,C3_WIFI_CARGA_ALTA,N3
,0.306,0.259,0.666,1.0,,1787653650067.2722,28.31,15.52,5.54,0.35,1787653650067.2722,False,,,3,OP1,C3_WIFI_CARGA_ALTA,N3
,0.306,0.258,0.666,1.0,,1787653650262.011,28.31,15.52,5.48,0.35,1787653650262.011,False,,,3,OP1,C3_WIFI_CARGA_ALTA,N3
,0.306,0.257,0.666,1.0,,1787653650316.2683,28.31,15.52,5.42,0.35,1787653650320.697,False,,,3,OP1,C3_WIFI_CARGA_ALTA,N3
,0.303,0.255,0.666,1.0,,1787653650346.2966,28.31,15.76,5.3,0.35,1787653650346.2966,False,,,3,OP1,C3_WIFI_CARGA_ALTA,N3
,0.303,0.255,0.666,1.0,,1787653650373.2148,28.31,15.76,5.3,0.35,1787653650375.2332,False,,,3,OP1,C3_WIFI_CARGA_ALTA,N3
,0.303,0.254,0.666,1.0,,1787653650418.0503,28.31,15.76,5.24,0.35,1787653650418.0503,False,,,3,OP1,C3_WIFI_CARGA_ALTA,N3
,0.303,0.254,0.667,1.0,,1787653650448.115,28.345,15.76,5.24,0.35,1787653650450.1292,False,,,3,OP1,C3_WIFI_CARGA_ALTA,N3
,0.303,0.253,0.668,1.0,,1787653650652.7874,28.38,15.76,5.18,0.35,1787653650652.7874,False,,,3,OP1,C3_WIFI_CARGA_ALTA,N3
,0.303,0.254,0.669,1.0,,1787653650707.9214,28.415,15.76,5.24,0.35,1787653650712.121,False,,,3,OP1,C3_WIFI_CARGA_ALTA,N3
,0.303,0.263,0.675,1.0,,1787653650762.0774,28.625,15.76,5.78,0.35,1787653650763.292,False,,,3,OP1,C3_WIFI_CARGA_ALTA,N3
,0.302,0.263,0.676,1.0,,1787653650790.6736,28.66,15.84,5.78,0.35,1787653650790.6736,False,,,3,OP1,C3_WIFI_CARGA_ALTA,N3
,0.301,0.264,0.677,1.0,,1787653650819.6824,28.695,15.92,5.84,0.35,1787653650819.6824,False,,,3,OP1,C3_WIFI_CARGA_ALTA,N3
,0.3,0.266,0.678,1.0,,1787653650847.163,28.73,16.0,5.96,0.35,1787653650849.182,False,,,3,OP1,C3_WIFI_CARGA_ALTA,N3
,0.297,0.267,0.679,1.0,,1787653650895.9666,28.765,16.24,6.02,0.35,1787653650898.3782,False,,,3,OP1,C3_WIFI_CARGA_ALTA,N3
,0.295,0.268,0.68,1.0,,1787653650929.4087,28.8,16.4,6.08,0.35,1787653650929.4087,False,,,3,OP1,C3_WIFI_CARGA_ALTA,N3
,0.294,0.27,0.68,1.0,,1787653650958.1023,28.8,16.48,6.2,0.35,1787653650958.1023,False,,,3,OP1,C3_WIFI_CARGA_ALTA,N3
,0.293,0.27,0.68,1.0,,1787653650979.8438,28.8,16.56,6.2,0.35,1787653650979.8438,False,,,3,OP1,C3_WIFI_CARGA_ALTA,N3
,0.292,0.271,0.68,1.0,,1787653651013.8474,28.8,16.64,6.26,0.35,1787653651013.8474,False,,,3,OP1,C3_WIFI_CARGA_ALTA,N3
,0.291,0.27,0.68,1.0,,1787653651059.4543,28.8,16.72,6.2,0.35,1787653651063.5046,False,,,3,OP1,C3_WIFI_CARGA_ALTA,N3
,0.29,0.269,0.681,1.0,,1787653651094.4707,28.835,16.8,6.14,0.35,1787653651094.4707,False,,,3,OP1,C3_WIFI_CARGA_ALTA,N3
,0.29,0.268,0.681,1.0,,1787653651125.956,28.835,16.8,6.08,0.35,1787653651125.956,False,,,3,OP1,C3_WIFI_CARGA_ALTA,N3
,0.29,0.267,0.681,1.0,,1787653651147.822,28.835,16.8,6.02,0.35,1787653651147.822,False,,,3,OP1,C3_WIFI_CARGA_ALTA,N3
,0.29,0.266,0.681,1.0,,1787653651181.5542,28.835,16.8,5.96,0.35,1787653651183.7432,False,,,3,OP1,C3_WIFI_CARGA_ALTA,N3
,0.29,0.265,0.681,1.0,,1787653651227.6233,28.835,16.8,5.9,0.35,1787653651227.6233,False,,,3,OP1,C3_WIFI_CARGA_ALTA,N3
,0.29,0.265,0.681,1.0,,1787653651261.738,28.835,16.8,5.9,0.35,1787653651262.8997,False,,,3,OP1,C3_WIFI_CARGA_ALTA,N3
,0.29,0.264,0.68,1.0,,1787653651316.5796,28.8,16.8,5.84,0.35,1787653651317.8262,False,,,3,OP1,C3_WIFI_CARGA_ALTA,N3
,0.29,0.263,0.68,1.0,,1787653651347.783,28.8,16.8,5.78,0.35,1787653651350.511,False,,,3,OP1,C3_WIFI_CARGA_ALTA,N3
,0.29,0.262,0.68,1.0,,1787653651399.663,28.8,16.8,5.72,0.35,1787653651399.663,False,,,3,OP1,C3_WIFI_CARGA_ALTA,N3
,0.29,0.262,0.681,1.0,,1787653651424.1587,28.835,16.8,5.72,0.35,1787653651426.1697,False,,,3,OP1,C3_WIFI_CARGA_ALTA,N3
,0.29,0.261,0.68,1.0,,1787653651460.2607,28.8,16.8,5.66,0.35,1787653651460.2607,False,,,3,OP1,C3_WIFI_CARGA_ALTA,N3
,0.29,0.26,0.68,1.0,,1787653651486.7393,28.8,16.8,5.6,0.35,1787653651488.0393,False,,,3,OP1,C3_WIFI_CARGA_ALTA,N3
,0.291,0.26,0.679,1.0,,1787653651515.433,28.765,16.72,5.6,0.35,1787653651515.433,False,,,3,OP1,C3_WIFI_CARGA_ALTA,N3
,0.291,0.258,0.679,1.0,,1787653651561.7764,28.765,16.72,5.48,0.35,1787653651561.7764,False,,,3,OP1,C3_WIFI_CARGA_ALTA,N3
,0.291,0.256,0.679,1.0,,1787653651596.4475,28.765,16.72,5.36,0.35,1787653651596.4475,False,,,3,OP1,C3_WIFI_CARGA_ALTA,N3
,0.292,0.254,0.679,1.0,,1787653651617.566,28.765,16.64,5.24,0.35,1787653651617.566,False,,,3,OP1,C3_WIFI_CARGA_ALTA,N3
,0.292,0.252,0.679,1.0,,1787653651655.3845,28.765,16.64,5.12,0.35,1787653651655.3845,False,,,3,OP1,C3_WIFI_CARGA_ALTA,N3
,0.292,0.25,0.679,1.0,,1787653651682.6824,28.765,16.64,5.0,0.35,1787653651683.3333,False,,,3,OP1,C3_WIFI_CARGA_ALTA,N3
,0.293,0.248,0.679,1.0,,1787653651733.8723,28.765,16.56,4.88,0.35,1787653651735.93,False,,,3,OP1,C3_WIFI_CARGA_ALTA,N3
,0.293,0.247,0.68,1.0,,1787653651765.42,28.8,16.56,4.82,0.35,1787653651767.4265,False,,,3,OP1,C3_WIFI_CARGA_ALTA,N3
,0.293,0.246,0.682,1.0,,1787653651821.7566,28.87,16.56,4.76,0.35,1787653651822.8247,False,,,3,OP1,C3_WIFI_CARGA_ALTA,N3
,0.292,0.246,0.682,1.0,,1787653651867.009,28.87,16.64,4.76,0.35,1787653651867.009,False,,,3,OP1,C3_WIFI_CARGA_ALTA,N3
,0.292,0.246,0.682,1.0,,1787653651900.9758,28.87,16.64,4.76,0.35,1787653651901.6716,False,,,3,OP1,C3_WIFI_CARGA_ALTA,N3
,0.292,0.246,0.682,1.0,,1787653651933.191,28.87,16.64,4.76,0.35,1787653651933.191,False,,,3,OP1,C3_WIFI_CARGA_ALTA,N3
,0.292,0.245,0.683,1.0,,1787653652071.7866,28.905,16.64,4.7,0.35,1787653652073.3306,False,,,3,OP1,C3_WIFI_CARGA_ALTA,N3
,0.292,0.247,0.683,1.0,,1787653652098.037,28.905,16.64,4.82,0.35,1787653652101.559,False,,,3,OP1,C3_WIFI_CARGA_ALTA,N3
,0.292,0.247,0.683,1.0,,1787653652119.4807,28.905,16.64,4.82,0.35,1787653652119.4807,False,,,3,OP1,C3_WIFI_CARGA_ALTA,N3
,0.292,0.247,0.683,1.0,,1787653652155.9023,28.905,16.64,4.82,0.35,1787653652158.681,False,,,3,OP1,C3_WIFI_CARGA_ALTA,N3
,0.293,0.247,0.682,1.0,,1787653652205.504,28.87,16.56,4.82,0.35,1787653652205.504,False,,,3,OP1,C3_WIFI_CARGA_ALTA,N3
,0.293,0.247,0.682,1.0,,1787653652235.8691,28.87,16.56,4.82,0.35,1787653652240.3704,False,,,3,OP1,C3_WIFI_CARGA_ALTA,N3
,0.292,0.247,0.682,1.0,,1787653652432.4058,28.87,16.64,4.82,0.35,1787653652432.4058,False,,,3,OP1,C3_WIFI_CARGA_ALTA,N3
,0.293,0.245,0.683,1.0,,1787653652455.2888,28.905,16.56,4.7,0.35,1787653652455.2888,False,,,3,OP1,C3_WIFI_CARGA_ALTA,N3
,0.293,0.245,0.683,1.0,,1787653652492.974,28.905,16.56,4.7,0.35,1787653652492.974,False,,,3,OP1,C3_WIFI_CARGA_ALTA,N3
,0.292,0.244,0.684,1.0,,1787653652538.2114,28.94,16.64,4.64,0.35,1787653652539.7217,False,,,3,OP1,C3_WIFI_CARGA_ALTA,N3
,0.292,0.244,0.684,1.0,,1787653652571.9248,28.94,16.64,4.64,0.35,1787653652571.9248,False,,,3,OP1,C3_WIFI_CARGA_ALTA,N3
,0.292,0.243,0.684,1.0,,1787653652601.2705,28.94,16.64,4.58,0.35,1787653652601.2705,False,,,3,OP1,C3_WIFI_CARGA_ALTA,N3
,0.292,0.243,0.684,1.0,,1787653652621.3125,28.94,16.64,4.58,0.35,1787653652621.3125,False,,,3,OP1,C3_WIFI_CARGA_ALTA,N3
,0.292,0.243,0.685,1.0,,1787653652655.8674,28.975,16.64,4.58,0.35,1787653652659.9172,False,,,3,OP1,C3_WIFI_CARGA_ALTA,N3
,0.291,0.243,0.685,1.0,,1787653652677.2483,28.975,16.72,4.58,0.35,1787653652677.2483,False,,,3,OP1,C3_WIFI_CARGA_ALTA,N3
,0.291,0.243,0.685,1.0,,1787653652843.85,28.975,16.72,4.58,0.35,1787653652843.85,False,,,3,OP1,C3_WIFI_CARGA_ALTA,N3
,0.288,0.244,0.685,1.0,,1787653653007.8125,28.975,16.96,4.64,0.35,1787653653011.508,False,,,3,OP1,C3_WIFI_CARGA_ALTA,N3
,0.288,0.244,0.685,1.0,,1787653653040.754,28.975,16.96,4.64,0.35,1787653653040.754,False,,,3,OP1,C3_WIFI_CARGA_ALTA,N3
,0.284,0.245,0.683,1.0,,1787653653074.4714,28.905,17.28,4.7,0.35,1787653653074.4714,False,,,3,OP1,C3_WIFI_CARGA_ALTA,N3
,0.283,0.245,0.683,1.0,,1787653653104.271,28.905,17.36,4.7,0.35,1787653653105.7874,False,,,3,OP1,C3_WIFI_CARGA_ALTA,N3
,0.283,0.245,0.683,1.0,,1787653653127.4275,28.905,17.36,4.7,0.35,1787653653127.4275,False,,,3,OP1,C3_WIFI_CARGA_ALTA,N3
,0.281,0.245,0.683,1.0,,1787653653175.2473,28.905,17.52,4.7,0.35,1787653653179.0742,False,,,3,OP1,C3_WIFI_CARGA_ALTA,N3
,0.281,0.245,0.683,1.0,,1787653653208.8484,28.905,17.52,4.7,0.35,1787653653208.8484,False,,,3,OP1,C3_WIFI_CARGA_ALTA,N3
,0.28,0.246,0.683,1.0,,1787653653241.527,28.905,17.6,4.76,0.35,1787653653241.527,False,,,3,OP1,C3_WIFI_CARGA_ALTA,N3
,0.279,0.248,0.684,1.0,,1787653653287.011,28.94,17.68,4.88,0.35,1787653653288.007,False,,,3,OP1,C3_WIFI_CARGA_ALTA,N3
,0.279,0.248,0.685,1.0,,1787653653313.6853,28.975,17.68,4.88,0.35,1787653653313.6853,False,,,3,OP1,C3_WIFI_CARGA_ALTA,N3
,0.278,0.249,0.685,1.0,,1787653653339.1587,28.975,17.76,4.94,0.35,1787653653339.1587,False,,,3,OP1,C3_WIFI_CARGA_ALTA,N3
,0.278,0.25,0.685,1.0,,1787653653378.7788,28.975,17.76,5.0,0.35,1787653653382.8027,False,,,3,OP1,C3_WIFI_CARGA_ALTA,N3
,0.278,0.251,0.685,1.0,,1787653653408.2686,28.975,17.76,5.06,0.35,1787653653408.2686,False,,,3,OP1,C3_WIFI_CARGA_ALTA,N3
,0.277,0.252,0.685,1.0,,1787653653462.9353,28.975,17.84,5.12,0.35,1787653653466.8984,False,,,3,OP1,C3_WIFI_CARGA_ALTA,N3
,0.277,0.252,0.685,1.0,,1787653653675.6038,28.975,17.84,5.12,0.35,1787653653675.6038,False,,,3,OP1,C3_WIFI_CARGA_ALTA,N3
,0.275,0.252,0.688,1.0,,1787653653713.2056,29.08,18.0,5.12,0.35,1787653653713.2056,False,,,3,OP1,C3_WIFI_CARGA_ALTA,N3
,0.269,0.254,0.698,1.0,,1787653653742.4297,29.43,18.48,5.24,0.35,1787653653742.4297,False,,,3,OP1,C3_WIFI_CARGA_ALTA,N3
,0.265,0.254,0.704,1.0,,1787653653796.2898,29.64,18.8,5.24,0.35,1787653653800.1196,False,,,3,OP1,C3_WIFI_CARGA_ALTA,N3
,0.262,0.255,0.706,1.0,,1787653653817.1458,29.71,19.04,5.3,0.35,1787653653817.1458,False,,,3,OP1,C3_WIFI_CARGA_ALTA,N3
,0.26,0.255,0.709,1.0,,1787653653847.1062,29.815,19.2,5.3,0.35,1787653653847.1062,False,,,3,OP1,C3_WIFI_CARGA_ALTA,N3
,0.257,0.256,0.712,1.0,,1787653653881.9084,29.92,19.44,5.36,0.35,1787653653883.4888,False,,,3,OP1,C3_WIFI_CARGA_ALTA,N3
,0.255,0.258,0.712,1.0,,1787653653908.4993,29.92,19.6,5.48,0.35,1787653653908.4993,False,,,3,OP1,C3_WIFI_CARGA_ALTA,N3
,0.253,0.261,0.713,1.0,,1787653653965.3325,29.955,19.76,5.66,0.35,1787653653966.6736,False,,,3,OP1,C3_WIFI_CARGA_ALTA,N3
,0.256,0.266,0.72,1.0,,1787653654011.64,30.2,19.52,5.96,0.35,1787653654013.6497,False,,,3,OP1,C3_WIFI_CARGA_ALTA,N3
,0.26,0.266,0.727,1.0,,1787653654049.172,30.445,19.2,5.96,0.35,1787653654049.172,False,,,3,OP1,C3_WIFI_CARGA_ALTA,N3
,0.263,0.265,0.735,1.0,,1787653654078.13,30.725,18.96,5.9,0.35,1787653654078.13,False,,,3,OP1,C3_WIFI_CARGA_ALTA,N3
,0.269,0.26,0.746,1.0,,1787653654118.3547,31.11,18.48,5.6,0.35,1787653654120.8484,False,,,3,OP1,C3_WIFI_CARGA_ALTA,N3
,0.271,0.257,0.75,1.0,,1787653654153.2466,31.25,18.32,5.42,0.35,1787653654153.85,False,,,3,OP1,C3_WIFI_CARGA_ALTA,N3
,0.272,0.256,0.754,1.0,,1787653654179.5183,31.39,18.24,5.36,0.35,1787653654179.5183,False,,,3,OP1,C3_WIFI_CARGA_ALTA,N3
,0.273,0.254,0.757,1.0,,1787653654216.052,31.495,18.16,5.24,0.35,1787653654217.802,False,,,3,OP1,C3_WIFI_CARGA_ALTA,N3
,0.272,0.25,0.76,1.0,,1787653654244.3218,31.6,18.24,5.0,0.35,1787653654245.3364,False,,,3,OP1,C3_WIFI_CARGA_ALTA,N3
,0.271,0.244,0.768,1.0,,1787653654266.3977,31.88,18.32,4.64,0.35,1787653654268.408,False,,,3,OP1,C3_WIFI_CARGA_ALTA,N3
,0.271,0.239,0.775,1.0,,1787653654299.7097,32.125,18.32,4.34,0.35,1787653654301.758,False,,,3,OP1,C3_WIFI_CARGA_ALTA,N3
,0.271,0.236,0.783,1.0,,1787653654349.2715,32.405,18.32,4.16,0.35,1787653654351.2808,False,,,3,OP1,C3_WIFI_CARGA_ALTA,N3
,0.27,0.234,0.789,1.0,,1787653654383.8352,32.615,18.4,4.04,0.35,1787653654383.8352,False,,,3,OP1,C3_WIFI_CARGA_ALTA,N3
,0.269,0.233,0.796,1.0,,1787653654412.8877,32.86,18.48,3.98,0.35,1787653654412.8877,False,,,3,OP1,C3_WIFI_CARGA_ALTA,N3
,0.269,0.233,0.802,1.0,,1787653654580.2195,33.07,18.48,3.98,0.35,1787653654580.2195,False,,,3,OP1,C3_WIFI_CARGA_ALTA,N3
,0.277,0.226,0.813,1.0,,1787653654602.7334,33.455,17.84,3.56,0.35,1787653654603.8271,False,,,3,OP1,C3_WIFI_CARGA_ALTA,N3
,0.28,0.225,0.817,1.0,,1787653654633.4067,33.595,17.6,3.5,0.35,1787653654634.7246,False,,,3,OP1,C3_WIFI_CARGA_ALTA,N3
,0.284,0.223,0.82,1.0,,1787653654655.8738,33.7,17.28,3.38,0.35,1787653654655.8738,False,,,3,OP1,C3_WIFI_CARGA_ALTA,N3
,0.288,0.221,0.824,1.0,,1787653654684.7256,33.84,16.96,3.26,0.35,1787653654686.7344,False,,,3,OP1,C3_WIFI_CARGA_ALTA,N3
,0.291,0.218,0.827,1.0,,1787653654716.9302,33.945,16.72,3.08,0.35,1787653654716.9302,False,,,3,OP1,C3_WIFI_CARGA_ALTA,N3
,0.293,0.215,0.833,1.0,,1787653654745.3494,34.155,16.56,2.9,0.35,1787653654745.3494,False,,,3,OP1,C3_WIFI_CARGA_ALTA,N3
,0.295,0.213,0.838,1.0,,1787653654765.7234,34.33,16.4,2.78,0.35,1787653654765.7234,False,,,3,OP1,C3_WIFI_CARGA_ALTA,N3
,0.296,0.211,0.842,1.0,,1787653654790.9866,34.47,16.32,2.66,0.35,1787653654791.532,False,,,3,OP1,C3_WIFI_CARGA_ALTA,N3
,0.296,0.209,0.845,1.0,,1787653654977.7412,34.575,16.32,2.54,0.35,1787653654980.6917,False,,,3,OP1,C3_WIFI_CARGA_ALTA,N3
,0.292,0.204,0.853,1.0,,1787653655020.475,34.855,16.64,2.24,0.35,1787653655020.475,False,,,3,OP1,C3_WIFI_CARGA_ALTA,N3
,0.283,0.199,0.853,1.0,,1787653655053.7146,34.855,17.36,1.94,0.35,1787653655053.7146,False,,,3,OP1,C3_WIFI_CARGA_ALTA,N3
,0.282,0.199,0.853,1.0,,1787653655077.1345,34.855,17.44,1.94,0.35,1787653655077.1345,False,,,3,OP1,C3_WIFI_CARGA_ALTA,N3
,0.281,0.196,0.854,1.0,,1787653655126.422,34.89,17.52,1.76,0.35,1787653655126.8794,False,,,3,OP1,C3_WIFI_CARGA_ALTA,N3
,0.281,0.196,0.855,1.0,,1787653655149.2837,34.925,17.52,1.76,0.35,1787653655150.2834,False,,,3,OP1,C3_WIFI_CARGA_ALTA,N3
,0.28,0.195,0.855,1.0,,1787653655189.2317,34.925,17.6,1.7,0.35,1787653655191.241,False,,,3,OP1,C3_WIFI_CARGA_ALTA,N3
,0.28,0.194,0.856,1.0,,1787653655219.6177,34.96,17.6,1.64,0.35,1787653655221.6367,False,,,3,OP1,C3_WIFI_CARGA_ALTA,N3
,0.28,0.193,0.858,1.0,,1787653655263.9517,35.03,17.6,1.58,0.35,1787653655264.5986,False,,,3,OP1,C3_WIFI_CARGA_ALTA,N3
,0.279,0.192,0.86,1.0,,1787653655293.89,35.1,17.68,1.52,0.35,1787653655294.4202,False,,,3,OP1,C3_WIFI_CARGA_ALTA,N3
,0.279,0.191,0.861,1.0,,1787653655318.517,35.135,17.68,1.46,0.35,1787653655321.0264,False,,,3,OP1,C3_WIFI_CARGA_ALTA,N3
,0.28,0.191,0.862,1.0,,1787653655355.6177,35.17,17.6,1.46,0.35,1787653655355.6177,False,,,3,OP1,C3_WIFI_CARGA_ALTA,N3
,0.28,0.19,0.864,1.0,,1787653655385.3413,35.24,17.6,1.4,0.35,1787653655385.3413,False,,,3,OP1,C3_WIFI_CARGA_ALTA,N3
,0.28,0.189,0.865,1.0,,1787653655412.3257,35.275,17.6,1.34,0.35,1787653655414.388,False,,,3,OP1,C3_WIFI_CARGA_ALTA,N3
,0.276,0.188,0.864,1.0,,1787653655462.369,35.24,17.92,1.28,0.35,1787653655464.267,False,,,3,OP1,C3_WIFI_CARGA_ALTA,N3
,0.274,0.187,0.863,1.0,,1787653655664.1829,35.205,18.08,1.22,0.35,1787653655664.1829,False,,,3,OP1,C3_WIFI_CARGA_ALTA,N3
,0.257,0.187,0.858,1.0,,1787653655691.9648,35.03,19.44,1.22,0.35,1787653655691.9648,False,,,3,OP1,C3_WIFI_CARGA_ALTA,N3
,0.255,0.188,0.856,1.0,,1787653655747.6643,34.96,19.6,1.28,0.35,1787653655747.6643,False,,,3,OP1,C3_WIFI_CARGA_ALTA,N3
,0.255,0.188,0.855,1.0,,1787653655768.161,34.925,19.6,1.28,0.35,1787653655768.161,False,,,3,OP1,C3_WIFI_CARGA_ALTA,N3
,0.254,0.188,0.855,1.0,,1787653655792.9587,34.925,19.68,1.28,0.35,1787653655794.871,False,,,3,OP1,C3_WIFI_CARGA_ALTA,N3
,0.254,0.188,0.855,1.0,,1787653655830.5056,34.925,19.68,1.28,0.35,1787653655830.5056,False,,,3,OP1,C3_WIFI_CARGA_ALTA,N3
,0.254,0.188,0.854,1.0,,1787653655859.4849,34.89,19.68,1.28,0.35,1787653655859.4849,False,,,3,OP1,C3_WIFI_CARGA_ALTA,N3
,0.253,0.187,0.854,1.0,,1787653656054.5938,34.89,19.76,1.22,0.35,1787653656056.3516,False,,,3,OP1,C3_WIFI_CARGA_ALTA,N3
,0.251,0.184,0.852,1.0,,1787653656102.8997,34.82,19.92,1.04,0.35,1787653656104.1958,False,,,3,OP1,C3_WIFI_CARGA_ALTA,N3
,0.251,0.184,0.852,1.0,,1787653656132.455,34.82,19.92,1.04,0.35,1787653656136.7292,False,,,3,OP1,C3_WIFI_CARGA_ALTA,N3
,0.25,0.184,0.852,1.0,,1787653656165.998,34.82,20.0,1.04,0.35,1787653656165.998,False,,,3,OP1,C3_WIFI_CARGA_ALTA,N3
,0.25,0.184,0.851,1.0,,1787653656194.6946,34.785,20.0,1.04,0.35,1787653656196.304,False,,,3,OP1,C3_WIFI_CARGA_ALTA,N3
,0.249,0.184,0.85,1.0,,1787653656248.736,34.75,20.08,1.04,0.35,1787653656248.736,False,,,3,OP1,C3_WIFI_CARGA_ALTA,N3
,0.249,0.183,0.849,1.0,,1787653656418.1885,34.715,20.08,0.98,0.35,1787653656420.3147,False,,,3,OP1,C3_WIFI_CARGA_ALTA,N3
,0.256,0.171,0.841,1.0,,1787653656467.002,34.435,19.52,0.26,0.35,1787653656469.074,False,,,3,OP1,C3_WIFI_CARGA_ALTA,N3
,0.259,0.17,0.84,1.0,,1787653656499.5813,34.4,19.28,0.2,0.35,1787653656502.4937,False,,,3,OP1,C3_WIFI_CARGA_ALTA,N3
,0.261,0.169,0.839,1.0,,1787653656527.6436,34.365,19.12,0.14,0.35,1787653656527.6436,False,,,3,OP1,C3_WIFI_CARGA_ALTA,N3
,0.265,0.168,0.84,1.0,,1787653656582.87,34.4,18.8,0.08,0.35,1787653656584.8855,False,,,3,OP1,C3_WIFI_CARGA_ALTA,N3
,0.266,0.168,0.841,1.0,,1787653656603.8257,34.435,18.72,0.08,0.35,1787653656603.8257,False,,,3,OP1,C3_WIFI_CARGA_ALTA,N3
,0.268,0.168,0.841,1.0,,1787653656631.1675,34.435,18.56,0.08,0.35,1787653656631.1675,False,,,3,OP1,C3_WIFI_CARGA_ALTA,N3
,0.269,0.167,0.842,1.0,,1787653656660.7244,34.47,18.48,0.02,0.35,1787653656661.9502,False,,,3,OP1,C3_WIFI_CARGA_ALTA,N3
,0.269,0.167,0.843,1.0,,1787653656694.2278,34.505,18.48,0.02,0.35,1787653656698.083,False,,,3,OP1,C3_WIFI_CARGA_ALTA,N3
,0.271,0.166,0.844,1.0,,1787653656882.9048,34.54,18.32,-0.04,0.35,1787653656882.9048,False,,,3,OP1,C3_WIFI_CARGA_ALTA,N3
,0.273,0.165,0.845,1.0,,1787653657001.791,34.575,18.16,-0.1,0.35,1787653657004.6392,False,,,3,OP1,C3_WIFI_CARGA_ALTA,N3
,0.273,0.161,0.842,1.0,,1787653657026.0168,34.47,18.16,-0.34,0.35,1787653657026.0168,False,,,3,OP1,C3_WIFI_CARGA_ALTA,N3
,0.271,0.157,0.84,1.0,,1787653657084.4966,34.4,18.32,-0.58,0.35,1787653657084.4966,False,,,3,OP1,C3_WIFI_CARGA_ALTA,N3
,0.27,0.154,0.836,1.0,,1787653657108.6963,34.26,18.4,-0.76,0.35,1787653657112.71,False,,,3,OP1,C3_WIFI_CARGA_ALTA,N3
,0.269,0.152,0.834,1.0,,1787653657267.2522,34.19,18.48,-0.88,0.35,1787653657268.4065,False,,,3,OP1,C3_WIFI_CARGA_ALTA,N3
,0.267,0.147,0.83,1.0,,1787653657302.3389,34.05,18.64,-1.18,0.35,1787653657303.2207,False,,,3,OP1,C3_WIFI_CARGA_ALTA,N3
,0.267,0.147,0.829,1.0,,1787653657333.2593,34.015,18.64,-1.18,0.35,1787653657337.413,False,,,3,OP1,C3_WIFI_CARGA_ALTA,N3
,0.266,0.147,0.828,1.0,,1787653657584.671,33.98,18.72,-1.18,0.35,1787653657584.671,False,,,3,OP1,C3_WIFI_CARGA_ALTA,N3
,0.264,0.148,0.817,1.0,,1787653657616.4531,33.595,18.88,-1.12,0.35,1787653657618.3528,False,,,3,OP1,C3_WIFI_CARGA_ALTA,N3
,0.265,0.147,0.81,1.0,,1787653657778.6572,33.35,18.8,-1.18,0.35,1787653657783.1892,False,,,3,OP1,C3_WIFI_CARGA_ALTA,N3
,0.27,0.144,0.806,1.0,,1787653657851.897,33.21,18.4,-1.36,0.35,1787653657851.897,False,,,3,OP1,C3_WIFI_CARGA_ALTA,N3
,0.272,0.142,0.803,1.0,,1787653657893.0464,33.105,18.24,-1.48,0.35,1787653657894.0662,False,,,3,OP1,C3_WIFI_CARGA_ALTA,N3
,0.272,0.142,0.803,1.0,,1787653657919.7017,33.105,18.24,-1.48,0.35,1787653657921.234,False,,,3,OP1,C3_WIFI_CARGA_ALTA,N3
,0.272,0.141,0.803,1.0,,1787653658086.3215,33.105,18.24,-1.54,0.35,1787653658088.3313,False,,,3,OP1,C3_WIFI_CARGA_ALTA,N3
,0.272,0.139,0.802,1.0,,1787653658114.983,33.07,18.24,-1.66,0.35,1787653658114.983,False,,,3,OP1,C3_WIFI_CARGA_ALTA,N3
,0.271,0.139,0.802,1.0,,1787653658168.167,33.07,18.32,-1.66,0.35,1787653658171.11,False,,,3,OP1,C3_WIFI_CARGA_ALTA,N3
,0.271,0.139,0.801,1.0,,1787653658197.5796,33.035,18.32,-1.66,0.35,1787653658197.5796,False,,,3,OP1,C3_WIFI_CARGA_ALTA,N3
,0.271,0.138,0.802,1.0,,1787653658251.8052,33.07,18.32,-1.72,0.35,1787653658254.5842,False,,,3,OP1,C3_WIFI_CARGA_ALTA,N3
,0.271,0.136,0.802,1.0,,1787653658307.855,33.07,18.32,-1.84,0.35,1787653658308.708,False,,,3,OP1,C3_WIFI_CARGA_ALTA,N3
,0.271,0.135,0.801,1.0,,1787653658336.1584,33.035,18.32,-1.9,0.35,1787653658336.1584,False,,,3,OP1,C3_WIFI_CARGA_ALTA,N3
,0.271,0.134,0.8,1.0,,1787653658383.92,33.0,18.32,-1.96,0.35,1787653658387.9316,False,,,3,OP1,C3_WIFI_CARGA_ALTA,N3
,0.271,0.134,0.8,1.0,,1787653658420.483,33.0,18.32,-1.96,0.35,1787653658420.483,False,,,3,OP1,C3_WIFI_CARGA_ALTA,N3
,0.27,0.135,0.8,1.0,,1787653658587.0852,33.0,18.4,-1.9,0.35,1787653658588.922,False,,,3,OP1,C3_WIFI_CARGA_ALTA,N3
,0.268,0.137,0.797,1.0,,1787653658614.5618,32.895,18.56,-1.78,0.35,1787653658616.5715,False,,,3,OP1,C3_WIFI_CARGA_ALTA,N3
,0.268,0.138,0.797,1.0,,1787653658641.8933,32.895,18.56,-1.72,0.35,1787653658642.8909,False,,,3,OP1,C3_WIFI_CARGA_ALTA,N3
,0.267,0.138,0.797,1.0,,1787653658672.8057,32.895,18.64,-1.72,0.35,1787653658672.8057,False,,,3,OP1,C3_WIFI_CARGA_ALTA,N3
,0.267,0.138,0.795,1.0,,1787653658721.4617,32.825,18.64,-1.72,0.35,1787653658723.4692,False,,,3,OP1,C3_WIFI_CARGA_ALTA,N3
,0.267,0.138,0.795,1.0,,1787653658752.316,32.825,18.64,-1.72,0.35,1787653658752.316,False,,,3,OP1,C3_WIFI_CARGA_ALTA,N3
,0.266,0.137,0.794,1.0,,1787653658782.582,32.79,18.72,-1.78,0.35,1787653658782.582,False,,,3,OP1,C3_WIFI_CARGA_ALTA,N3
,0.265,0.137,0.793,1.0,,1787653658809.5916,32.755,18.8,-1.78,0.35,1787653658810.6091,False,,,3,OP1,C3_WIFI_CARGA_ALTA,N3
,0.263,0.137,0.792,1.0,,1787653658837.2517,32.72,18.96,-1.78,0.35,1787653658839.8242,False,,,3,OP1,C3_WIFI_CARGA_ALTA,N3
,0.262,0.136,0.791,1.0,,1787653658866.6934,32.685,19.04,-1.84,0.35,1787653658867.7124,False,,,3,OP1,C3_WIFI_CARGA_ALTA,N3
,0.26,0.136,0.79,1.0,,1787653659088.507,32.65,19.2,-1.84,0.35,1787653659088.507,False,,,3,OP1,C3_WIFI_CARGA_ALTA,N3
,0.254,0.133,0.787,1.0,,1787653659140.7727,32.545,19.68,-2.02,0.35,1787653659142.209,False,,,3,OP1,C3_WIFI_CARGA_ALTA,N3
,0.254,0.133,0.787,1.0,,1787653659173.0884,32.545,19.68,-2.02,0.35,1787653659173.0884,False,,,3,OP1,C3_WIFI_CARGA_ALTA,N3
,0.254,0.133,0.786,1.0,,1787653659223.277,32.51,19.68,-2.02,0.35,1787653659223.277,False,,,3,OP1,C3_WIFI_CARGA_ALTA,N3
,0.254,0.132,0.786,1.0,,1787653659255.9463,32.51,19.68,-2.08,0.35,1787653659257.954,False,,,3,OP1,C3_WIFI_CARGA_ALTA,N3
,0.255,0.132,0.786,1.0,,1787653659285.385,32.51,19.6,-2.08,0.35,1787653659285.385,False,,,3,OP1,C3_WIFI_CARGA_ALTA,N3
,0.254,0.131,0.786,1.0,,1787653659311.105,32.51,19.68,-2.14,0.35,1787653659311.105,False,,,3,OP1,C3_WIFI_CARGA_ALTA,N3
,0.254,0.13,0.786,1.0,,1787653659339.4282,32.51,19.68,-2.2,0.35,1787653659339.4282,False,,,3,OP1,C3_WIFI_CARGA_ALTA,N3
,0.254,0.128,0.785,1.0,,1787653659521.5798,32.475,19.68,-2.32,0.35,1787653659523.588,False,,,3,OP1,C3_WIFI_CARGA_ALTA,N3
,0.256,0.122,0.783,1.0,,1787653659562.6448,32.405,19.52,-2.68,0.35,1787653659563.0017,False,,,3,OP1,C3_WIFI_CARGA_ALTA,N3
,0.256,0.122,0.782,1.0,,1787653659605.9734,32.37,19.52,-2.68,0.35,1787653659608.099,False,,,3,OP1,C3_WIFI_CARGA_ALTA,N3
,0.256,0.122,0.782,1.0,,1787653659646.442,32.37,19.52,-2.68,0.35,1787653659646.442,False,,,3,OP1,C3_WIFI_CARGA_ALTA,N3
,0.256,0.122,0.781,1.0,,1787653659673.5168,32.335,19.52,-2.68,0.35,1787653659674.7322,False,,,3,OP1,C3_WIFI_CARGA_ALTA,N3
,0.256,0.121,0.78,1.0,,1787653659728.4062,32.3,19.52,-2.74,0.35,1787653659728.4062,False,,,3,OP1,C3_WIFI_CARGA_ALTA,N3
,0.257,0.121,0.78,1.0,,1787653659757.0,32.3,19.44,-2.74,0.35,1787653659759.0134,False,,,3,OP1,C3_WIFI_CARGA_ALTA,N3
,0.257,0.119,0.778,1.0,,1787653659812.6687,32.23,19.44,-2.86,0.35,1787653659812.6687,False,,,3,OP1,C3_WIFI_CARGA_ALTA,N3
,0.258,0.118,0.777,1.0,,1787653659840.7136,32.195,19.36,-2.92,0.35,1787653659840.7136,False,,,3,OP1,C3_WIFI_CARGA_ALTA,N3
,0.259,0.116,0.774,1.0,,1787653660022.412,32.09,19.28,-3.04,0.35,1787653660022.412,False,,,3,OP1,C3_WIFI_CARGA_ALTA,N3
,0.264,0.109,0.768,1.0,,1787653660064.1543,31.88,18.88,-3.46,0.35,1787653660064.1543,False,,,3,OP1,C3_WIFI_CARGA_ALTA,N3
,0.264,0.108,0.768,1.0,,1787653660091.0183,31.88,18.88,-3.52,0.35,1787653660091.0183,False,,,3,OP1,C3_WIFI_CARGA_ALTA,N3
,0.263,0.108,0.768,1.0,,1787653660119.9473,31.88,18.96,-3.52,0.35,1787653660120.9607,False,,,3,OP1,C3_WIFI_CARGA_ALTA,N3
,0.264,0.107,0.769,1.0,,1787653660164.6003,31.915,18.88,-3.58,0.35,1787653660164.6003,False,,,3,OP1,C3_WIFI_CARGA_ALTA,N3
,0.264,0.106,0.769,1.0,,1787653660197.0007,31.915,18.88,-3.64,0.35,1787653660197.0007,False,,,3,OP1,C3_WIFI_CARGA_ALTA,N3
,0.265,0.106,0.769,1.0,,1787653660226.7852,31.915,18.8,-3.64,0.35,1787653660228.795,False,,,3,OP1,C3_WIFI_CARGA_ALTA,N3
,0.265,0.106,0.769,1.0,,1787653660259.7776,31.915,18.8,-3.64,0.35,1787653660259.7776,False,,,3,OP1,C3_WIFI_CARGA_ALTA,N3
,0.266,0.106,0.77,1.0,,1787653660286.9749,31.95,18.72,-3.64,0.35,1787653660286.9749,False,,,3,OP1,C3_WIFI_CARGA_ALTA,N3
,0.267,0.106,0.769,1.0,,1787653660337.1013,31.915,18.64,-3.64,0.35,1787653660337.9688,False,,,3,OP1,C3_WIFI_CARGA_ALTA,N3
,0.267,0.106,0.77,1.0,,1787653660365.7122,31.95,18.64,-3.64,0.35,1787653660365.7122,False,,,3,OP1,C3_WIFI_CARGA_ALTA,N3
,0.266,0.106,0.77,1.0,,1787653660392.587,31.95,18.72,-3.64,0.35,1787653660393.3298,False,,,3,OP1,C3_WIFI_CARGA_ALTA,N3
,0.266,0.106,0.77,1.0,,1787653660427.058,31.95,18.72,-3.64,0.35,1787653660427.058,False,,,3,OP1,C3_WIFI_CARGA_ALTA,N3
,0.266,0.105,0.77,1.0,,1787653660452.7798,31.95,18.72,-3.7,0.35,1787653660454.861,False,,,3,OP1,C3_WIFI_CARGA_ALTA,N3
,0.266,0.105,0.771,1.0,,1787653660507.4775,31.985,18.72,-3.7,0.35,1787653660509.3506,False,,,3,OP1,C3_WIFI_CARGA_ALTA,N3
,0.266,0.105,0.771,1.0,,1787653660535.5464,31.985,18.72,-3.7,0.35,1787653660539.5205,False,,,3,OP1,C3_WIFI_CARGA_ALTA,N3
,0.266,0.103,0.77,1.0,,1787653660590.6123,31.95,18.72,-3.82,0.35,1787653660590.6123,False,,,3,OP1,C3_WIFI_CARGA_ALTA,N3
,0.266,0.103,0.77,1.0,,1787653660620.1694,31.95,18.72,-3.82,0.35,1787653660622.1855,False,,,3,OP1,C3_WIFI_CARGA_ALTA,N3
,0.266,0.101,0.769,1.0,,1787653660672.5378,31.915,18.72,-3.94,0.35,1787653660672.5378,False,,,3,OP1,C3_WIFI_CARGA_ALTA,N3
,0.266,0.101,0.769,1.0,,1787653660703.4497,31.915,18.72,-3.94,0.35,1787653660705.4607,False,,,3,OP1,C3_WIFI_CARGA_ALTA,N3
,0.266,0.1,0.769,1.0,,1787653660725.9033,31.915,18.72,-4.0,0.35,1787653660725.9033,False,,,3,OP1,C3_WIFI_CARGA_ALTA,N3
,0.265,0.1,0.769,1.0,,1787653660756.9343,31.915,18.8,-4.0,0.35,1787653660758.9456,False,,,3,OP1,C3_WIFI_CARGA_ALTA,N3
,0.265,0.1,0.769,1.0,,1787653660787.9524,31.915,18.8,-4.0,0.35,1787653660789.411,False,,,3,OP1,C3_WIFI_CARGA_ALTA,N3
,0.265,0.1,0.769,1.0,,1787653660810.3486,31.915,18.8,-4.0,0.35,1787653660810.3486,False,,,3,OP1,C3_WIFI_CARGA_ALTA,N3
,0.264,0.1,0.768,1.0,,1787653660844.4363,31.88,18.88,-4.0,0.35,1787653660844.4363,False,,,3,OP1,C3_WIFI_CARGA_ALTA,N3
,0.264,0.101,0.768,1.0,,1787653661029.3855,31.88,18.88,-3.94,0.35,1787653661030.3958,False,,,3,OP1,C3_WIFI_CARGA_ALTA,N3
,0.263,0.102,0.768,1.0,,1787653661059.9033,31.88,18.96,-3.88,0.35,1787653661062.323,False,,,3,OP1,C3_WIFI_CARGA_ALTA,N3
,0.263,0.102,0.768,1.0,,1787653661259.267,31.88,18.96,-3.88,0.35,1787653661263.9792,False,,,3,OP1,C3_WIFI_CARGA_ALTA,N3
,0.263,0.1,0.768,1.0,,1787653661306.9534,31.88,18.96,-4.0,0.35,1787653661310.9707,False,,,3,OP1,C3_WIFI_CARGA_ALTA,N3
,0.263,0.097,0.769,1.0,,1787653661341.873,31.915,18.96,-4.18,0.35,1787653661341.873,False,,,3,OP1,C3_WIFI_CARGA_ALTA,N3
,0.263,0.096,0.77,1.0,,1787653661373.0503,31.95,18.96,-4.24,0.35,1787653661373.0503,False,,,3,OP1,C3_WIFI_CARGA_ALTA,N3
,0.263,0.096,0.77,1.0,,1787653661393.7437,31.95,18.96,-4.24,0.35,1787653661395.7646,False,,,3,OP1,C3_WIFI_CARGA_ALTA,N3
,0.263,0.095,0.771,1.0,,1787653661431.5884,31.985,18.96,-4.3,0.35,1787653661432.672,False,,,3,OP1,C3_WIFI_CARGA_ALTA,N3
,0.262,0.094,0.771,1.0,,1787653661455.4202,31.985,19.04,-4.36,0.35,1787653661458.6267,False,,,3,OP1,C3_WIFI_CARGA_ALTA,N3
,0.262,0.094,0.772,1.0,,1787653661477.631,32.02,19.04,-4.36,0.35,1787653661477.631,False,,,3,OP1,C3_WIFI_CARGA_ALTA,N3
,0.262,0.093,0.773,1.0,,1787653661512.0396,32.055,19.04,-4.42,0.35,1787653661512.0396,False,,,3,OP1,C3_WIFI_CARGA_ALTA,N3
,0.261,0.091,0.773,1.0,,1787653661566.942,32.055,19.12,-4.54,0.35,1787653661567.2598,False,,,3,OP1,C3_WIFI_CARGA_ALTA,N3
,0.26,0.091,0.774,1.0,,1787653661594.9187,32.09,19.2,-4.54,0.35,1787653661594.9187,False,,,3,OP1,C3_WIFI_CARGA_ALTA,N3
,0.26,0.091,0.774,1.0,,1787653661615.5613,32.09,19.2,-4.54,0.35,1787653661615.5613,False,,,3,OP1,C3_WIFI_CARGA_ALTA,N3
,0.26,0.09,0.774,1.0,,1787653661647.5288,32.09,19.2,-4.6,0.35,1787653661647.5288,False,,,3,OP1,C3_WIFI_CARGA_ALTA,N3
,0.259,0.09,0.775,1.0,,1787653661678.184,32.125,19.28,-4.6,0.35,1787653661678.184,False,,,3,OP1,C3_WIFI_CARGA_ALTA,N3
,0.259,0.09,0.775,1.0,,1787653661705.8396,32.125,19.28,-4.6,0.35,1787653661707.8508,False,,,3,OP1,C3_WIFI_CARGA_ALTA,N3
,0.26,0.09,0.775,1.0,,1787653661733.8027,32.125,19.2,-4.6,0.35,1787653661734.7532,False,,,3,OP1,C3_WIFI_CARGA_ALTA,N3
,0.26,0.09,0.776,1.0,,1787653661764.2107,32.16,19.2,-4.6,0.35,1787653661765.9834,False,,,3,OP1,C3_WIFI_CARGA_ALTA,N3
,0.261,0.09,0.778,0.897,,1787653661810.2202,32.23,19.12,-4.6,0.4582,1787653661810.2202,False,,,3,OP1,C3_WIFI_CARGA_ALTA,N3
,0.262,0.09,0.78,0.866,,1787653661844.1497,32.3,19.04,-4.6,0.4907,1787653661844.1497,False,,,3,OP1,C3_WIFI_CARGA_ALTA,N3
,0.262,0.089,0.782,0.87,,1787653661872.0503,32.37,19.04,-4.66,0.4865,1787653661874.0603,False,,,3,OP1,C3_WIFI_CARGA_ALTA,N3
,0.262,0.088,0.783,0.873,,1787653661895.8667,32.405,19.04,-4.72,0.4834,1787653661895.8667,False,,,3,OP1,C3_WIFI_CARGA_ALTA,N3
,0.262,0.087,0.784,0.881,,1787653661929.469,32.44,19.04,-4.78,0.475,1787653661929.469,False,,,3,OP1,C3_WIFI_CARGA_ALTA,N3
,0.262,0.087,0.784,0.866,,1787653661957.3933,32.44,19.04,-4.78,0.4907,1787653661958.9656,False,,,3,OP1,C3_WIFI_CARGA_ALTA,N3
,0.262,0.087,0.784,0.755,,1787653661980.6714,32.44,19.04,-4.78,0.6073,1787653661980.6714,False,,,3,OP1,C3_WIFI_CARGA_ALTA,N3
,0.262,0.088,0.785,0.527,,1787653662011.8967,32.475,19.04,-4.72,0.8467,1787653662013.902,False,,,3,OP1,C3_WIFI_CARGA_ALTA,N3
,0.262,0.088,0.785,0.363,,1787653662040.4355,32.475,19.04,-4.72,1.0189,1787653662040.4355,False,,,3,OP1,C3_WIFI_CARGA_ALTA,N3
,0.262,0.091,0.784,0.164,,1787653662060.8877,32.44,19.04,-4.54,1.2278,1787653662060.8877,False,,,3,OP1,C3_WIFI_CARGA_ALTA,N3
,0.261,0.095,0.782,0.078,,1787653662096.194,32.37,19.12,-4.3,1.3181,1787653662096.194,False,,,3,OP1,C3_WIFI_CARGA_ALTA,N3
,0.26,0.1,0.78,0.109,,1787653662116.4385,32.3,19.2,-4.0,1.2855,1787653662116.4385,False,,,3,OP1,C3_WIFI_CARGA_ALTA,N3
,0.259,0.103,0.777,0.123,,1787653662143.5537,32.195,19.28,-3.82,1.2708,1787653662143.5537,False,,,3,OP1,C3_WIFI_CARGA_ALTA,N3
,0.261,0.105,0.778,0.113,,1787653662179.1335,32.23,19.12,-3.7,1.2813,1787653662181.1406,False,,,3,OP1,C3_WIFI_CARGA_ALTA,N3
,0.262,0.105,0.78,0.088,,1787653662207.8845,32.3,19.04,-3.7,1.3076,1787653662207.8845,False,,,3,OP1,C3_WIFI_CARGA_ALTA,N3
,0.263,0.105,0.781,0.048,,1787653662263.538,32.335,18.96,-3.7,1.3496,1787653662263.538,False,,,3,OP1,C3_WIFI_CARGA_ALTA,N3
,0.264,0.105,0.78,0.012,,1787653662452.0403,32.3,18.88,-3.7,1.3874,1787653662452.6863,False,,,3,OP1,C3_WIFI_CARGA_ALTA,N3
,0.266,0.11,0.776,0.004,,1787653662482.9438,32.16,18.72,-3.4,1.3958,1787653662482.9438,False,,,3,OP1,C3_WIFI_CARGA_ALTA,N3
,0.265,0.112,0.774,0.005,,1787653662512.873,32.09,18.8,-3.28,1.3947,1787653662514.8823,False,,,3,OP1,C3_WIFI_CARGA_ALTA,N3
,0.265,0.113,0.773,0.007,,1787653662541.8127,32.055,18.8,-3.22,1.3926,1787653662543.8418,False,,,3,OP1,C3_WIFI_CARGA_ALTA,N3
,0.265,0.113,0.773,0.008,,1787653662569.4475,32.055,18.8,-3.22,1.3916,1787653662569.4475,False,,,3,OP1,C3_WIFI_CARGA_ALTA,N3
,0.266,0.114,0.773,0.009,,1787653662726.078,32.055,18.72,-3.16,1.3905,1787653662727.2957,False,,,3,OP1,C3_WIFI_CARGA_ALTA,N3
,0.266,0.117,0.767,0.013,,1787653662952.9912,31.845,18.72,-2.98,1.3863,1787653662957.223,False,,,3,OP1,C3_WIFI_CARGA_ALTA,N3
,0.265,0.116,0.768,0.007,,1787653663001.7966,31.88,18.8,-3.04,1.3926,1787653663006.01,False,,,3,OP1,C3_WIFI_CARGA_ALTA,N3
,0.263,0.116,0.768,0.003,,1787653663040.8125,31.88,18.96,-3.04,1.3968,1787653663044.8716,False,,,3,OP1,C3_WIFI_CARGA_ALTA,N3
,0.262,0.121,0.767,0.0,,1787653663210.816,31.845,19.04,-2.74,1.4,1787653663211.514,False,,,3,OP1,C3_WIFI_CARGA_ALTA,N3
,0.265,0.124,0.763,0.008,,1787653663260.673,31.705,18.8,-2.56,1.3916,1787653663260.673,False,,,3,OP1,C3_WIFI_CARGA_ALTA,N3
,0.266,0.124,0.763,0.009,,1787653663293.411,31.705,18.72,-2.56,1.3905,1787653663294.943,False,,,3,OP1,C3_WIFI_CARGA_ALTA,N3
,0.266,0.124,0.762,0.009,,1787653663318.3442,31.67,18.72,-2.56,1.3905,1787653663321.7969,False,,,3,OP1,C3_WIFI_CARGA_ALTA,N3
,0.266,0.124,0.762,0.008,,1787653663348.5896,31.67,18.72,-2.56,1.3916,1787653663350.598,False,,,3,OP1,C3_WIFI_CARGA_ALTA,N3
,0.266,0.123,0.762,0.008,,1787653663376.1145,31.67,18.72,-2.62,1.3916,1787653663376.1145,False,,,3,OP1,C3_WIFI_CARGA_ALTA,N3
,0.266,0.123,0.76,0.007,,1787653663426.5227,31.6,18.72,-2.62,1.3926,1787653663426.5227,False,,,3,OP1,C3_WIFI_CARGA_ALTA,N3
,0.265,0.123,0.759,0.006,,1787653663460.7578,31.565,18.8,-2.62,1.3937,1787653663460.7578,False,,,3,OP1,C3_WIFI_CARGA_ALTA,N3
,0.265,0.123,0.759,0.006,,1787653663486.751,31.565,18.8,-2.62,1.3937,1787653663486.751,False,,,3,OP1,C3_WIFI_CARGA_ALTA,N3
,0.265,0.123,0.759,0.006,,1787653663516.114,31.565,18.8,-2.62,1.3937,1787653663516.114,False,,,3,OP1,C3_WIFI_CARGA_ALTA,N3
,0.265,0.123,0.76,0.007,,1787653663545.001,31.6,18.8,-2.62,1.3926,1787653663545.001,False,,,3,OP1,C3_WIFI_CARGA_ALTA,N3
,0.265,0.123,0.761,0.009,,1787653663572.8684,31.635,18.8,-2.62,1.3905,1787653663572.8684,False,,,3,OP1,C3_WIFI_CARGA_ALTA,N3
,0.265,0.123,0.761,0.01,,1787653663625.6697,31.635,18.8,-2.62,1.3895,1787653663629.83,False,,,3,OP1,C3_WIFI_CARGA_ALTA,N3
,0.265,0.124,0.762,0.01,,1787653663656.11,31.67,18.8,-2.56,1.3895,1787653663656.11,False,,,3,OP1,C3_WIFI_CARGA_ALTA,N3
,0.265,0.124,0.763,0.01,,1787653663678.1997,31.705,18.8,-2.56,1.3895,1787653663680.223,False,,,3,OP1,C3_WIFI_CARGA_ALTA,N3
,0.266,0.125,0.763,0.01,,1787653663711.4888,31.705,18.72,-2.5,1.3895,1787653663713.5037,False,,,3,OP1,C3_WIFI_CARGA_ALTA,N3
,0.266,0.128,0.763,0.008,,1787653663763.99,31.705,18.72,-2.32,1.3916,1787653663765.2505,False,,,3,OP1,C3_WIFI_CARGA_ALTA,N3
,0.267,0.133,0.763,0.007,,1787653663795.3342,31.705,18.64,-2.02,1.3926,1787653663797.0544,False,,,3,OP1,C3_WIFI_CARGA_ALTA,N3
,0.268,0.138,0.764,0.006,,1787653663823.484,31.74,18.56,-1.72,1.3937,1787653663823.484,False,,,3,OP1,C3_WIFI_CARGA_ALTA,N3
,0.269,0.142,0.766,0.005,,1787653663847.0627,31.81,18.48,-1.48,1.3947,1787653663847.0627,False,,,3,OP1,C3_WIFI_CARGA_ALTA,N3
,0.27,0.146,0.767,0.005,,1787653663878.821,31.845,18.4,-1.24,1.3947,1787653663882.421,False,,,3,OP1,C3_WIFI_CARGA_ALTA,N3
,0.271,0.151,0.767,0.004,,1787653663930.2625,31.845,18.32,-0.94,1.3958,1787653663930.2625,False,,,3,OP1,C3_WIFI_CARGA_ALTA,N3
,0.271,0.154,0.766,0.004,,1787653663961.8064,31.81,18.32,-0.76,1.3958,1787653663961.8064,False,,,3,OP1,C3_WIFI_CARGA_ALTA,N3
,0.272,0.161,0.764,0.006,,1787653664016.677,31.74,18.24,-0.34,1.3937,1787653664017.9226,False,,,3,OP1,C3_WIFI_CARGA_ALTA,N3
,0.271,0.167,0.761,0.006,,1787653664043.8308,31.635,18.32,0.02,1.3937,1787653664047.9587,False,,,3,OP1,C3_WIFI_CARGA_ALTA,N3
,0.271,0.174,0.756,0.005,,1787653664064.9597,31.46,18.32,0.44,1.3947,1787653664064.9597,False,,,3,OP1,C3_WIFI_CARGA_ALTA,N3
,0.272,0.18,0.752,0.001,,1787653664099.6826,31.32,18.24,0.8,1.3989,1787653664099.6826,False,,,3,OP1,C3_WIFI_CARGA_ALTA,N3
,0.272,0.186,0.749,0.0,,1787653664124.6128,31.215,18.24,1.16,1.4,1787653664128.6333,False,,,3,OP1,C3_WIFI_CARGA_ALTA,N3
,0.272,0.193,0.745,0.0,,1787653664294.9255,31.075,18.24,1.58,1.4,1787653664296.9336,False,,,3,OP1,C3_WIFI_CARGA_ALTA,N3
,0.279,0.242,0.736,0.0,,1787653664323.1338,30.76,17.68,4.52,1.4,1787653664323.1338,False,,,3,OP1,C3_WIFI_CARGA_ALTA,N3
,0.284,0.257,0.724,0.0,,1787653664351.7607,30.34,17.28,5.42,1.4,1787653664353.963,False,,,3,OP1,C3_WIFI_CARGA_ALTA,N3
,0.288,0.269,0.714,0.0,,1787653664377.077,29.99,16.96,6.14,1.4,1787653664377.077,False,,,3,OP1,C3_WIFI_CARGA_ALTA,N3
,0.292,0.291,0.695,0.0,,1787653664436.4478,29.325,16.64,7.46,1.4,1787653664437.4563,False,,,3,OP1,C3_WIFI_CARGA_ALTA,N3
,0.294,0.302,0.681,0.0,,1787653664461.9475,28.835,16.48,8.12,1.4,1787653664463.2944,False,,,3,OP1,C3_WIFI_CARGA_ALTA,N3
,0.291,0.321,0.658,0.003,,1787653664518.2634,28.03,16.72,9.26,1.3968,1787653664520.3008,False,,,3,OP1,C3_WIFI_CARGA_ALTA,N3
,0.289,0.328,0.649,0.0,,1787653664542.9685,27.715,16.88,9.68,1.4,1787653664542.9685,False,,,3,OP1,C3_WIFI_CARGA_ALTA,N3
,0.286,0.335,0.638,0.0,,1787653664567.481,27.33,17.12,10.1,1.4,1787653664568.5647,False,,,3,OP1,C3_WIFI_CARGA_ALTA,N3
,0.284,0.342,0.625,0.071,,1787653664723.839,26.875,17.28,10.52,1.3255,1787653664723.839,False,,,3,OP1,C3_WIFI_CARGA_ALTA,N3
,0.275,0.317,0.603,1.0,,1787653664769.8484,26.105,18.0,9.02,0.35,1787653664771.8616,False,,,3,OP1,C3_WIFI_CARGA_ALTA,N3
,0.278,0.322,0.594,1.0,,1787653664796.071,25.79,17.76,9.32,0.35,1787653664796.071,False,,,3,OP1,C3_WIFI_CARGA_ALTA,N3
,0.279,0.326,0.584,1.0,,1787653664816.9175,25.44,17.68,9.56,0.35,1787653664817.7668,False,,,3,OP1,C3_WIFI_CARGA_ALTA,N3
,0.283,0.33,0.578,1.0,,1787653664851.5513,25.23,17.36,9.8,0.35,1787653664853.4878,False,,,3,OP1,C3_WIFI_CARGA_ALTA,N3
,0.287,0.333,0.574,1.0,,1787653664881.3206,25.09,17.04,9.98,0.35,1787653664885.3503,False,,,3,OP1,C3_WIFI_CARGA_ALTA,N3
,0.292,0.331,0.578,1.0,,1787653665047.8064,25.23,16.64,9.86,0.35,1787653665049.8145,False,,,3,OP1,C3_WIFI_CARGA_ALTA,N3
,0.308,0.35,0.543,1.0,,1787653665075.0498,24.005,15.36,11.0,0.35,1787653665077.2356,False,,,3,OP1,C3_WIFI_CARGA_ALTA,N3
,0.309,0.352,0.536,1.0,,1787653665101.6853,23.76,15.28,11.12,0.35,1787653665104.4102,False,,,3,OP1,C3_WIFI_CARGA_ALTA,N3
,0.31,0.353,0.531,1.0,,1787653665131.517,23.585,15.2,11.18,0.35,1787653665131.517,False,,,3,OP1,C3_WIFI_CARGA_ALTA,N3
,0.31,0.354,0.525,1.0,,1787653665159.837,23.375,15.2,11.24,0.35,1787653665160.965,False,,,3,OP1,C3_WIFI_CARGA_ALTA,N3
,0.311,0.354,0.523,1.0,,1787653665326.8877,23.305,15.12,11.24,0.35,1787653665326.8877,False,,,3,OP1,C3_WIFI_CARGA_ALTA,N3
,0.319,0.358,0.486,1.0,,1787653665351.2576,22.01,14.48,11.48,0.35,1787653665355.262,False,,,3,OP1,C3_WIFI_CARGA_ALTA,N3
,0.326,0.358,0.471,1.0,,1787653665399.172,21.485,13.92,11.48,0.35,1787653665401.1812,False,,,3,OP1,C3_WIFI_CARGA_ALTA,N3
,0.329,0.357,0.464,1.0,,1787653665437.7676,21.24,13.68,11.42,0.35,1787653665437.7676,False,,,3,OP1,C3_WIFI_CARGA_ALTA,N3
,0.331,0.356,0.461,1.0,,1787653665464.767,21.135,13.52,11.36,0.35,1787653665466.7766,False,,,3,OP1,C3_WIFI_CARGA_ALTA,N3
,0.336,0.352,0.457,1.0,,1787653665686.132,20.995,13.12,11.12,0.35,1787653665686.132,False,,,3,OP1,C3_WIFI_CARGA_ALTA,N3
,0.346,0.34,0.464,1.0,,1787653665801.5725,21.24,12.32,10.4,0.35,1787653665802.6897,False,,,3,OP1,C3_WIFI_CARGA_ALTA,N3
,0.351,0.337,0.463,1.0,,1787653665854.3616,21.205,11.92,10.22,0.35,1787653665855.4302,False,,,3,OP1,C3_WIFI_CARGA_ALTA,N3
,0.351,0.335,0.464,1.0,,1787653666049.9011,21.24,11.92,10.1,0.35,1787653666051.5403,False,,,3,OP1,C3_WIFI_CARGA_ALTA,N3
,0.351,0.329,0.468,1.0,,1787653666211.178,21.38,11.92,9.74,0.35,1787653666212.1653,False,,,3,OP1,C3_WIFI_CARGA_ALTA,N3
,0.354,0.324,0.474,1.0,,1787653666234.098,21.59,11.68,9.44,0.35,1787653666234.098,False,,,3,OP1,C3_WIFI_CARGA_ALTA,N3
,0.354,0.324,0.475,1.0,,1787653666275.0386,21.625,11.68,9.44,0.35,1787653666275.0386,False,,,3,OP1,C3_WIFI_CARGA_ALTA,N3
,0.354,0.324,0.477,1.0,,1787653666298.8164,21.695,11.68,9.44,0.35,1787653666303.2937,False,,,3,OP1,C3_WIFI_CARGA_ALTA,N3
,0.355,0.324,0.48,1.0,,1787653666569.4172,21.8,11.6,9.44,0.35,1787653666571.4387,False,,,3,OP1,C3_WIFI_CARGA_ALTA,N3
,0.353,0.323,0.484,1.0,,1787653666608.4785,21.94,11.76,9.38,0.35,1787653666610.4895,False,,,3,OP1,C3_WIFI_CARGA_ALTA,N3
,0.353,0.323,0.484,1.0,,1787653666634.913,21.94,11.76,9.38,0.35,1787653666636.682,False,,,3,OP1,C3_WIFI_CARGA_ALTA,N3
,0.352,0.322,0.484,1.0,,1787653666682.4763,21.94,11.84,9.32,0.35,1787653666686.5227,False,,,3,OP1,C3_WIFI_CARGA_ALTA,N3
,0.351,0.322,0.483,1.0,,1787653666715.2246,21.905,11.92,9.32,0.35,1787653666718.6333,False,,,3,OP1,C3_WIFI_CARGA_ALTA,N3
,0.351,0.322,0.482,1.0,,1787653666738.574,21.87,11.92,9.32,0.35,1787653666739.7349,False,,,3,OP1,C3_WIFI_CARGA_ALTA,N3
,0.35,0.322,0.481,1.0,,1787653666760.1982,21.835,12.0,9.32,0.35,1787653666761.6868,False,,,3,OP1,C3_WIFI_CARGA_ALTA,N3
,0.349,0.322,0.48,1.0,,1787653666801.8923,21.8,12.08,9.32,0.35,1787653666801.8923,False,,,3,OP1,C3_WIFI_CARGA_ALTA,N3
,0.346,0.322,0.478,1.0,,1787653666851.984,21.73,12.32,9.32,0.35,1787653666851.984,False,,,3,OP1,C3_WIFI_CARGA_ALTA,N3
,0.345,0.323,0.478,1.0,,1787653666883.2627,21.73,12.4,9.38,0.35,1787653666885.569,False,,,3,OP1,C3_WIFI_CARGA_ALTA,N3
,0.344,0.324,0.478,1.0,,1787653666909.787,21.73,12.48,9.44,0.35,1787653666910.4497,False,,,3,OP1,C3_WIFI_CARGA_ALTA,N3
,0.343,0.324,0.478,1.0,,1787653666943.173,21.73,12.56,9.44,0.35,1787653666943.173,False,,,3,OP1,C3_WIFI_CARGA_ALTA,N3
,0.343,0.325,0.478,1.0,,1787653666969.1235,21.73,12.56,9.5,0.35,1787653666970.8977,False,,,3,OP1,C3_WIFI_CARGA_ALTA,N3
,0.342,0.325,0.481,1.0,,1787653667017.628,21.835,12.64,9.5,0.35,1787653667022.1223,False,,,3,OP1,C3_WIFI_CARGA_ALTA,N3
,0.341,0.325,0.482,1.0,,1787653667051.3723,21.87,12.72,9.5,0.35,1787653667051.3723,False,,,3,OP1,C3_WIFI_CARGA_ALTA,N3
,0.341,0.325,0.483,1.0,,1787653667239.5498,21.905,12.72,9.5,0.35,1787653667241.5696,False,,,3,OP1,C3_WIFI_CARGA_ALTA,N3
,0.337,0.331,0.493,1.0,,1787653667384.1604,22.255,13.04,9.86,0.35,1787653667384.1604,False,,,3,OP1,C3_WIFI_CARGA_ALTA,N3
,0.337,0.331,0.497,1.0,,1787653667406.4807,22.395,13.04,9.86,0.35,1787653667406.4807,False,,,3,OP1,C3_WIFI_CARGA_ALTA,N3
,0.337,0.332,0.497,1.0,,1787653667441.1443,22.395,13.04,9.92,0.35,1787653667443.3923,False,,,3,OP1,C3_WIFI_CARGA_ALTA,N3
,0.336,0.333,0.497,1.0,,1787653667470.5164,22.395,13.12,9.98,0.35,1787653667473.8054,False,,,3,OP1,C3_WIFI_CARGA_ALTA,N3
,0.336,0.334,0.497,1.0,,1787653667526.4436,22.395,13.12,10.04,0.35,1787653667526.4436,False,,,3,OP1,C3_WIFI_CARGA_ALTA,N3
,0.336,0.334,0.497,1.0,,1787653667580.6611,22.395,13.12,10.04,0.35,1787653667581.892,False,,,3,OP1,C3_WIFI_CARGA_ALTA,N3
,0.336,0.335,0.497,1.0,,1787653667609.6453,22.395,13.12,10.1,0.35,1787653667609.6453,False,,,3,OP1,C3_WIFI_CARGA_ALTA,N3
,0.337,0.335,0.497,1.0,,1787653667662.522,22.395,13.04,10.1,0.35,1787653667664.6252,False,,,3,OP1,C3_WIFI_CARGA_ALTA,N3
,0.337,0.335,0.497,1.0,,1787653667692.3071,22.395,13.04,10.1,0.35,1787653667694.2734,False,,,3,OP1,C3_WIFI_CARGA_ALTA,N3
,0.338,0.336,0.497,1.0,,1787653667719.4878,22.395,12.96,10.16,0.35,1787653667719.4878,False,,,3,OP1,C3_WIFI_CARGA_ALTA,N3
,0.339,0.335,0.498,1.0,,1787653667749.0352,22.43,12.88,10.1,0.35,1787653667750.0364,False,,,3,OP1,C3_WIFI_CARGA_ALTA,N3
,0.34,0.335,0.498,1.0,,1787653667777.1982,22.43,12.8,10.1,0.35,1787653667779.0732,False,,,3,OP1,C3_WIFI_CARGA_ALTA,N3
,0.342,0.334,0.498,1.0,,1787653667830.3037,22.43,12.64,10.04,0.35,1787653667830.3037,False,,,3,OP1,C3_WIFI_CARGA_ALTA,N3
,0.343,0.332,0.498,1.0,,1787653668082.6543,22.43,12.56,9.92,0.35,1787653668083.7078,False,,,3,OP1,C3_WIFI_CARGA_ALTA,N3
,0.35,0.322,0.504,1.0,,1787653668192.398,22.64,12.0,9.32,0.35,1787653668194.4082,False,,,3,OP1,C3_WIFI_CARGA_ALTA,N3
,0.358,0.324,0.507,1.0,,1787653668221.3232,22.745,11.36,9.44,0.35,1787653668223.3328,False,,,3,OP1,C3_WIFI_CARGA_ALTA,N3
,0.361,0.325,0.507,1.0,,1787653668246.8489,22.745,11.12,9.5,0.35,1787653668246.8489,False,,,3,OP1,C3_WIFI_CARGA_ALTA,N3
,0.366,0.328,0.507,1.0,,1787653668300.0337,22.745,10.72,9.68,0.35,1787653668300.0337,False,,,3,OP1,C3_WIFI_CARGA_ALTA,N3
,0.369,0.33,0.507,1.0,,1787653668331.8503,22.745,10.48,9.8,0.35,1787653668331.8503,False,,,3,OP1,C3_WIFI_CARGA_ALTA,N3
,0.374,0.331,0.508,1.0,,1787653668359.152,22.78,10.08,9.86,0.35,1787653668362.171,False,,,3,OP1,C3_WIFI_CARGA_ALTA,N3
,0.379,0.331,0.512,1.0,,1787653668389.505,22.92,9.68,9.86,0.35,1787653668389.505,False,,,3,OP1,C3_WIFI_CARGA_ALTA,N3
,0.385,0.331,0.517,1.0,,1787653668414.9993,23.095,9.2,9.86,0.35,1787653668417.619,False,,,3,OP1,C3_WIFI_CARGA_ALTA,N3
,0.393,0.332,0.521,1.0,,1787653668583.4814,23.235,8.56,9.92,0.35,1787653668583.4814,False,,,3,OP1,C3_WIFI_CARGA_ALTA,N3
,0.436,0.345,0.536,1.0,,1787653668630.5264,23.76,5.12,10.7,0.35,1787653668630.5264,False,,,3,OP1,C3_WIFI_CARGA_ALTA,N3
,0.439,0.344,0.535,1.0,,1787653668797.4412,23.725,4.88,10.64,0.35,1787653668797.4412,False,,,3,OP1,C3_WIFI_CARGA_ALTA,N3
,0.464,0.335,0.528,1.0,,1787653668832.0845,23.48,2.88,10.1,0.35,1787653668832.0845,False,,,3,OP1,C3_WIFI_CARGA_ALTA,N3
,0.466,0.333,0.528,1.0,,1787653668987.562,23.48,2.72,9.98,0.35,1787653668987.562,False,,,3,OP1,C3_WIFI_CARGA_ALTA,N3
,0.477,0.331,0.518,1.0,,1787653669029.9392,23.13,1.84,9.86,0.35,1787653669029.9392,False,,,3,OP1,C3_WIFI_CARGA_ALTA,N3
,0.48,0.333,0.514,1.0,,1787653669082.7866,22.99,1.6,9.98,0.35,1787653669082.7866,False,,,3,OP1,C3_WIFI_CARGA_ALTA,N3
,0.483,0.333,0.511,1.0,,1787653669130.39,22.885,1.36,9.98,0.35,1787653669130.39,False,,,3,OP1,C3_WIFI_CARGA_ALTA,N3
,0.483,0.333,0.511,1.0,,1787653669166.1138,22.885,1.36,9.98,0.35,1787653669166.1138,False,,,3,OP1,C3_WIFI_CARGA_ALTA,N3
,0.485,0.333,0.508,1.0,,1787653669196.238,22.78,1.2,9.98,0.35,1787653669196.238,False,,,3,OP1,C3_WIFI_CARGA_ALTA,N3
,0.487,0.332,0.507,1.0,,1787653669219.2522,22.745,1.04,9.92,0.35,1787653669219.994,False,,,3,OP1,C3_WIFI_CARGA_ALTA,N3
,0.49,0.33,0.506,1.0,,1787653669253.1997,22.71,0.8,9.8,0.35,1787653669253.1997,False,,,3,OP1,C3_WIFI_CARGA_ALTA,N3
,0.498,0.325,0.507,1.0,,1787653669303.3396,22.745,0.16,9.5,0.35,1787653669303.3396,False,,,3,OP1,C3_WIFI_CARGA_ALTA,N3
,0.504,0.321,0.509,1.0,,1787653669337.0615,22.815,-0.32,9.26,0.35,1787653669337.0615,False,,,3,OP1,C3_WIFI_CARGA_ALTA,N3
,0.51,0.316,0.511,1.0,,1787653669364.1611,22.885,-0.8,8.96,0.35,1787653669364.1611,False,,,3,OP1,C3_WIFI_CARGA_ALTA,N3
,0.513,0.314,0.512,1.0,,1787653669405.483,22.92,-1.04,8.84,0.35,1787653669406.4382,False,,,3,OP1,C3_WIFI_CARGA_ALTA,N3
,0.515,0.312,0.511,1.0,,1787653669438.8254,22.885,-1.2,8.72,0.35,1787653669440.4385,False,,,3,OP1,C3_WIFI_CARGA_ALTA,N3
,0.52,0.308,0.513,1.0,,1787653669467.8137,22.955,-1.6,8.48,0.35,1787653669467.8137,False,,,3,OP1,C3_WIFI_CARGA_ALTA,N3
,0.522,0.305,0.514,1.0,,1787653669501.6028,22.99,-1.76,8.3,0.35,1787653669501.6028,False,,,3,OP1,C3_WIFI_CARGA_ALTA,N3
,0.522,0.305,0.514,1.0,,1787653669531.817,22.99,-1.76,8.3,0.35,1787653669531.817,False,,,3,OP1,C3_WIFI_CARGA_ALTA,N3
,0.52,0.302,0.514,1.0,,1787653669717.7856,22.99,-1.6,8.12,0.35,1787653669717.7856,False,,,3,OP1,C3_WIFI_CARGA_ALTA,N3
,0.509,0.295,0.504,1.0,,1787653669741.896,22.64,-0.72,7.7,0.35,1787653669743.009,False,,,3,OP1,C3_WIFI_CARGA_ALTA,N3
,0.508,0.295,0.504,1.0,,1787653669776.2063,22.64,-0.64,7.7,0.35,1787653669777.0764,False,,,3,OP1,C3_WIFI_CARGA_ALTA,N3
,0.508,0.295,0.504,1.0,,1787653669939.956,22.64,-0.64,7.7,0.35,1787653669941.7402,False,,,3,OP1,C3_WIFI_CARGA_ALTA,N3
,0.508,0.293,0.499,1.0,,1787653669967.0337,22.465,-0.64,7.58,0.35,1787653669967.47,False,,,3,OP1,C3_WIFI_CARGA_ALTA,N3
,0.507,0.293,0.497,1.0,,1787653670003.7864,22.395,-0.56,7.58,0.35,1787653670005.795,False,,,3,OP1,C3_WIFI_CARGA_ALTA,N3
,0.507,0.293,0.495,1.0,,1787653670031.027,22.325,-0.56,7.58,0.35,1787653670032.4485,False,,,3,OP1,C3_WIFI_CARGA_ALTA,N3
,0.509,0.291,0.491,1.0,,1787653670079.676,22.185,-0.72,7.46,0.35,1787653670080.2942,False,,,3,OP1,C3_WIFI_CARGA_ALTA,N3
,0.509,0.289,0.488,1.0,,1787653670113.6787,22.08,-0.72,7.34,0.35,1787653670113.6787,False,,,3,OP1,C3_WIFI_CARGA_ALTA,N3
,0.509,0.288,0.483,1.0,,1787653670170.1345,21.905,-0.72,7.28,0.35,1787653670172.1453,False,,,3,OP1,C3_WIFI_CARGA_ALTA,N3
,0.509,0.288,0.483,1.0,,1787653670196.167,21.905,-0.72,7.28,0.35,1787653670196.167,False,,,3,OP1,C3_WIFI_CARGA_ALTA,N3
,0.507,0.286,0.477,1.0,,1787653670245.4375,21.695,-0.56,7.16,0.35,1787653670246.548,False,,,3,OP1,C3_WIFI_CARGA_ALTA,N3
,0.506,0.285,0.474,1.0,,1787653670279.5054,21.59,-0.48,7.1,0.35,1787653670280.6697,False,,,3,OP1,C3_WIFI_CARGA_ALTA,N3
,0.504,0.283,0.472,1.0,,1787653670306.8206,21.52,-0.32,6.98,0.35,1787653670308.8347,False,,,3,OP1,C3_WIFI_CARGA_ALTA,N3
,0.503,0.282,0.469,1.0,,1787653670339.22,21.415,-0.24,6.92,0.35,1787653670341.239,False,,,3,OP1,C3_WIFI_CARGA_ALTA,N3
,0.502,0.281,0.466,1.0,,1787653670364.2937,21.31,-0.16,6.86,0.35,1787653670367.3582,False,,,3,OP1,C3_WIFI_CARGA_ALTA,N3
,0.502,0.28,0.465,1.0,,1787653670389.5127,21.275,-0.16,6.8,0.35,1787653670389.5127,False,,,3,OP1,C3_WIFI_CARGA_ALTA,N3
,0.502,0.28,0.463,1.0,,1787653670414.2732,21.205,-0.16,6.8,0.35,1787653670414.2732,False,,,3,OP1,C3_WIFI_CARGA_ALTA,N3
,0.502,0.28,0.46,1.0,,1787653670444.8806,21.1,-0.16,6.8,0.35,1787653670444.8806,False,,,3,OP1,C3_WIFI_CARGA_ALTA,N3
,0.502,0.28,0.456,1.0,,1787653670472.0854,20.96,-0.16,6.8,0.35,1787653670472.917,False,,,3,OP1,C3_WIFI_CARGA_ALTA,N3
,0.502,0.28,0.454,1.0,,1787653670505.3423,20.89,-0.16,6.8,0.35,1787653670506.3413,False,,,3,OP1,C3_WIFI_CARGA_ALTA,N3
,0.502,0.281,0.451,1.0,,1787653670531.516,20.785,-0.16,6.86,0.35,1787653670534.4348,False,,,3,OP1,C3_WIFI_CARGA_ALTA,N3
,0.502,0.287,0.439,1.0,,1787653670718.1975,20.365,-0.16,7.22,0.35,1787653670718.1975,False,,,3,OP1,C3_WIFI_CARGA_ALTA,N3
,0.504,0.315,0.382,1.0,,1787653670747.6365,18.37,-0.32,8.9,0.35,1787653670747.6365,False,,,3,OP1,C3_WIFI_CARGA_ALTA,N3
,0.505,0.319,0.369,1.0,,1787653670781.9634,17.915,-0.4,9.14,0.35,1787653670781.9634,False,,,3,OP1,C3_WIFI_CARGA_ALTA,N3
,0.507,0.323,0.353,1.0,,1787653670809.3923,17.355,-0.56,9.38,0.35,1787653670811.4038,False,,,3,OP1,C3_WIFI_CARGA_ALTA,N3
,0.507,0.335,0.331,1.0,,1787653670839.8057,16.585,-0.56,10.1,0.35,1787653670841.0432,False,,,3,OP1,C3_WIFI_CARGA_ALTA,N3
,0.505,0.344,0.308,1.0,,1787653670993.1797,15.78,-0.4,10.64,0.35,1787653670993.1797,False,,,3,OP1,C3_WIFI_CARGA_ALTA,N3
,0.5,0.383,0.22,1.0,,1787653671033.68,12.7,0.0,12.98,0.35,1787653671033.68,False,,,3,OP1,C3_WIFI_CARGA_ALTA,N3
,0.506,0.388,0.195,1.0,,1787653671084.733,11.825,-0.48,13.28,0.35,1787653671085.9731,False,,,3,OP1,C3_WIFI_CARGA_ALTA,N3
,0.509,0.39,0.181,1.0,,1787653671117.0393,11.335,-0.72,13.4,0.35,1787653671117.0393,False,,,3,OP1,C3_WIFI_CARGA_ALTA,N3
,0.512,0.391,0.177,1.0,,1787653671144.2646,11.195,-0.96,13.46,0.35,1787653671146.2795,False,,,3,OP1,C3_WIFI_CARGA_ALTA,N3
,0.515,0.393,0.171,1.0,,1787653671174.0625,10.985,-1.2,13.58,0.35,1787653671174.0625,False,,,3,OP1,C3_WIFI_CARGA_ALTA,N3
,0.52,0.397,0.165,1.0,,1787653671203.1,10.775,-1.6,13.82,0.35,1787653671205.6191,False,,,3,OP1,C3_WIFI_CARGA_ALTA,N3
,0.527,0.399,0.155,1.0,,1787653671251.9617,10.425,-2.16,13.94,0.35,1787653671255.4033,False,,,3,OP1,C3_WIFI_CARGA_ALTA,N3
,0.529,0.4,0.155,1.0,,1787653671284.3943,10.425,-2.32,14.0,0.35,1787653671284.3943,False,,,3,OP1,C3_WIFI_CARGA_ALTA,N3
,0.528,0.4,0.156,1.0,,1787653671311.0796,10.46,-2.24,14.0,0.35,1787653671311.0796,False,,,3,OP1,C3_WIFI_CARGA_ALTA,N3
,0.528,0.4,0.157,1.0,,1787653671341.9253,10.495,-2.24,14.0,0.35,1787653671342.501,False,,,3,OP1,C3_WIFI_CARGA_ALTA,N3
,0.528,0.399,0.158,1.0,,1787653671367.7983,10.53,-2.24,13.94,0.35,1787653671367.7983,False,,,3,OP1,C3_WIFI_CARGA_ALTA,N3
,0.527,0.396,0.158,1.0,,1787653671413.713,10.53,-2.16,13.76,0.35,1787653671415.662,False,,,3,OP1,C3_WIFI_CARGA_ALTA,N3
,0.526,0.396,0.157,1.0,,1787653671451.881,10.495,-2.08,13.76,0.35,1787653671451.881,False,,,3,OP1,C3_WIFI_CARGA_ALTA,N3
,0.526,0.395,0.156,1.0,,1787653671476.869,10.46,-2.08,13.7,0.35,1787653671478.8865,False,,,3,OP1,C3_WIFI_CARGA_ALTA,N3
,0.525,0.395,0.154,1.0,,1787653671509.5984,10.39,-2.0,13.7,0.35,1787653671510.611,False,,,3,OP1,C3_WIFI_CARGA_ALTA,N3
,0.524,0.395,0.152,1.0,,1787653671540.019,10.32,-1.92,13.7,0.35,1787653671540.019,False,,,3,OP1,C3_WIFI_CARGA_ALTA,N3
,0.523,0.395,0.147,1.0,,1787653671591.1636,10.145,-1.84,13.7,0.35,1787653671591.1636,False,,,3,OP1,C3_WIFI_CARGA_ALTA,N3
,0.523,0.393,0.147,1.0,,1787653671623.6794,10.145,-1.84,13.58,0.35,1787653671624.2683,False,,,3,OP1,C3_WIFI_CARGA_ALTA,N3
,0.523,0.392,0.146,1.0,,1787653671647.154,10.11,-1.84,13.52,0.35,1787653671647.154,False,,,3,OP1,C3_WIFI_CARGA_ALTA,N3
,0.523,0.391,0.145,1.0,,1787653671685.898,10.075,-1.84,13.46,0.35,1787653671687.9102,False,,,3,OP1,C3_WIFI_CARGA_ALTA,N3
,0.522,0.391,0.143,1.0,,1787653671827.635,10.005,-1.76,13.46,0.35,1787653671828.0852,False,,,3,OP1,C3_WIFI_CARGA_ALTA,N3
,0.525,0.391,0.132,1.0,,1787653671855.4722,9.62,-2.0,13.46,0.35,1787653671855.4722,False,,,3,OP1,C3_WIFI_CARGA_ALTA,N3
,0.527,0.391,0.13,1.0,,1787653671881.8562,9.55,-2.16,13.46,0.35,1787653671884.6384,False,,,3,OP1,C3_WIFI_CARGA_ALTA,N3
,0.529,0.392,0.127,1.0,,1787653672068.587,9.445,-2.32,13.52,0.35,1787653672068.587,False,,,3,OP1,C3_WIFI_CARGA_ALTA,N3
,0.53,0.393,0.125,1.0,,1787653672093.632,9.375,-2.4,13.58,0.35,1787653672094.1284,False,,,3,OP1,C3_WIFI_CARGA_ALTA,N3
,0.529,0.393,0.125,1.0,,1787653672128.2178,9.375,-2.32,13.58,0.35,1787653672129.374,False,,,3,OP1,C3_WIFI_CARGA_ALTA,N3
,0.528,0.392,0.125,1.0,,1787653672325.0637,9.375,-2.24,13.52,0.35,1787653672325.0637,False,,,3,OP1,C3_WIFI_CARGA_ALTA,N3
,0.516,0.385,0.135,1.0,,1787653672355.7258,9.725,-1.28,13.1,0.35,1787653672357.733,False,,,3,OP1,C3_WIFI_CARGA_ALTA,N3
,0.513,0.383,0.138,1.0,,1787653672383.8552,9.83,-1.04,12.98,0.35,1787653672383.8552,False,,,3,OP1,C3_WIFI_CARGA_ALTA,N3
,0.51,0.381,0.142,1.0,,1787653672408.6533,9.97,-0.8,12.86,0.35,1787653672408.6533,False,,,3,OP1,C3_WIFI_CARGA_ALTA,N3
,0.501,0.372,0.153,1.0,,1787653672459.5583,10.355,-0.08,12.32,0.35,1787653672459.5583,False,,,3,OP1,C3_WIFI_CARGA_ALTA,N3
,0.496,0.367,0.157,1.0,,1787653672492.82,10.495,0.32,12.02,0.35,1787653672494.8276,False,,,3,OP1,C3_WIFI_CARGA_ALTA,N3
,0.493,0.363,0.159,1.0,,1787653672523.9268,10.565,0.56,11.78,0.35,1787653672523.9268,False,,,3,OP1,C3_WIFI_CARGA_ALTA,N3
,0.488,0.358,0.164,1.0,,1787653672551.3052,10.74,0.96,11.48,0.35,1787653672553.1853,False,,,3,OP1,C3_WIFI_CARGA_ALTA,N3
,0.485,0.354,0.168,1.0,,1787653672577.5205,10.88,1.2,11.24,0.35,1787653672577.5205,False,,,3,OP1,C3_WIFI_CARGA_ALTA,N3
,0.483,0.351,0.173,1.0,,1787653672631.1514,11.055,1.36,11.06,0.35,1787653672631.1514,False,,,3,OP1,C3_WIFI_CARGA_ALTA,N3
,0.483,0.351,0.172,1.0,,1787653672660.7476,11.02,1.36,11.06,0.35,1787653672660.7476,False,,,3,OP1,C3_WIFI_CARGA_ALTA,N3
,0.483,0.35,0.172,1.0,,1787653672690.163,11.02,1.36,11.0,0.35,1787653672690.163,False,,,3,OP1,C3_WIFI_CARGA_ALTA,N3
,0.483,0.35,0.172,1.0,,1787653672718.226,11.02,1.36,11.0,0.35,1787653672718.226,False,,,3,OP1,C3_WIFI_CARGA_ALTA,N3
,0.482,0.35,0.172,1.0,,1787653672744.931,11.02,1.44,11.0,0.35,1787653672744.931,False,,,3,OP1,C3_WIFI_CARGA_ALTA,N3
,0.481,0.35,0.172,1.0,,1787653672790.7498,11.02,1.52,11.0,0.35,1787653672794.7632,False,,,3,OP1,C3_WIFI_CARGA_ALTA,N3
,0.48,0.349,0.171,1.0,,1787653672828.53,10.985,1.6,10.94,0.35,1787653672828.53,False,,,3,OP1,C3_WIFI_CARGA_ALTA,N3
,0.478,0.349,0.17,1.0,,1787653672857.742,10.95,1.76,10.94,0.35,1787653672857.742,False,,,3,OP1,C3_WIFI_CARGA_ALTA,N3
,0.475,0.348,0.169,1.0,,1787653672885.751,10.915,2.0,10.88,0.35,1787653672885.751,False,,,3,OP1,C3_WIFI_CARGA_ALTA,N3
,0.474,0.348,0.169,1.0,,1787653672913.0376,10.915,2.08,10.88,0.35,1787653672913.0376,False,,,3,OP1,C3_WIFI_CARGA_ALTA,N3
,0.473,0.347,0.169,1.0,,1787653672940.4597,10.915,2.16,10.82,0.35,1787653672940.4597,False,,,3,OP1,C3_WIFI_CARGA_ALTA,N3
,0.472,0.347,0.17,1.0,,1787653672963.726,10.95,2.24,10.82,0.35,1787653672963.726,False,,,3,OP1,C3_WIFI_CARGA_ALTA,N3
,0.472,0.346,0.171,1.0,,1787653672987.3025,10.985,2.24,10.76,0.35,1787653672987.3025,False,,,3,OP1,C3_WIFI_CARGA_ALTA,N3
,0.471,0.346,0.171,1.0,,1787653673022.184,10.985,2.32,10.76,0.35,1787653673022.184,False,,,3,OP1,C3_WIFI_CARGA_ALTA,N3
,0.471,0.344,0.176,1.0,,1787653673080.241,11.16,2.32,10.64,0.35,1787653673080.241,False,,,3,OP1,C3_WIFI_CARGA_ALTA,N3
,0.471,0.343,0.178,1.0,,1787653673131.673,11.23,2.32,10.58,0.35,1787653673131.673,False,,,3,OP1,C3_WIFI_CARGA_ALTA,N3
,0.471,0.342,0.18,1.0,,1787653673164.3003,11.3,2.32,10.52,0.35,1787653673164.3003,False,,,3,OP1,C3_WIFI_CARGA_ALTA,N3
,0.472,0.342,0.181,1.0,,1787653673190.2715,11.335,2.24,10.52,0.35,1787653673190.2715,False,,,3,OP1,C3_WIFI_CARGA_ALTA,N3
,0.474,0.342,0.184,1.0,,1787653673247.1345,11.44,2.08,10.52,0.35,1787653673247.1345,False,,,3,OP1,C3_WIFI_CARGA_ALTA,N3
,0.478,0.343,0.187,1.0,,1787653673291.9092,11.545,1.76,10.58,0.35,1787653673291.9092,False,,,3,OP1,C3_WIFI_CARGA_ALTA,N3
,0.48,0.343,0.188,1.0,,1787653673331.9563,11.58,1.6,10.58,0.35,1787653673333.4624,False,,,3,OP1,C3_WIFI_CARGA_ALTA,N3
,0.481,0.344,0.189,1.0,,1787653673358.0625,11.615,1.52,10.64,0.35,1787653673358.0625,False,,,3,OP1,C3_WIFI_CARGA_ALTA,N3
,0.482,0.345,0.189,1.0,,1787653673400.3982,11.615,1.44,10.7,0.35,1787653673402.4077,False,,,3,OP1,C3_WIFI_CARGA_ALTA,N3
,0.483,0.345,0.19,1.0,,1787653673432.9468,11.65,1.36,10.7,0.35,1787653673432.9468,False,,,3,OP1,C3_WIFI_CARGA_ALTA,N3
,0.484,0.345,0.191,1.0,,1787653673457.7087,11.685,1.28,10.7,0.35,1787653673457.7087,False,,,3,OP1,C3_WIFI_CARGA_ALTA,N3
,0.485,0.345,0.191,1.0,,1787653673498.3696,11.685,1.2,10.7,0.35,1787653673498.3696,False,,,3,OP1,C3_WIFI_CARGA_ALTA,N3
,0.486,0.346,0.192,1.0,,1787653673525.9524,11.72,1.12,10.76,0.35,1787653673525.9524,False,,,3,OP1,C3_WIFI_CARGA_ALTA,N3
,0.488,0.347,0.192,1.0,,1787653673582.0813,11.72,0.96,10.82,0.35,1787653673582.0813,False,,,3,OP1,C3_WIFI_CARGA_ALTA,N3
,0.49,0.348,0.193,1.0,,1787653673770.1052,11.755,0.8,10.88,0.35,1787653673770.1052,False,,,3,OP1,C3_WIFI_CARGA_ALTA,N3
,0.496,0.355,0.195,1.0,,1787653673836.3862,11.825,0.32,11.3,0.35,1787653673836.3862,False,,,3,OP1,C3_WIFI_CARGA_ALTA,N3
,0.499,0.358,0.196,1.0,,1787653673877.5295,11.86,0.08,11.48,0.35,1787653673877.5295,False,,,3,OP1,C3_WIFI_CARGA_ALTA,N3
,0.502,0.357,0.199,1.0,,1787653673903.9543,11.965,-0.16,11.42,0.35,1787653673903.9543,False,,,3,OP1,C3_WIFI_CARGA_ALTA,N3
,0.502,0.357,0.199,1.0,,1787653673932.9187,11.965,-0.16,11.42,0.35,1787653673937.2178,False,,,3,OP1,C3_WIFI_CARGA_ALTA,N3
,0.502,0.357,0.199,1.0,,1787653673961.2412,11.965,-0.16,11.42,0.35,1787653673962.2324,False,,,3,OP1,C3_WIFI_CARGA_ALTA,N3
,0.502,0.357,0.199,1.0,,1787653673987.2727,11.965,-0.16,11.42,0.35,1787653673987.2727,False,,,3,OP1,C3_WIFI_CARGA_ALTA,N3
,0.502,0.356,0.2,1.0,,1787653674027.587,12.0,-0.16,11.36,0.35,1787653674027.587,False,,,3,OP1,C3_WIFI_CARGA_ALTA,N3
,0.503,0.355,0.201,1.0,,1787653674083.692,12.035,-0.24,11.3,0.35,1787653674084.4778,False,,,3,OP1,C3_WIFI_CARGA_ALTA,N3
,0.502,0.355,0.201,1.0,,1787653674105.953,12.035,-0.16,11.3,0.35,1787653674105.953,False,,,3,OP1,C3_WIFI_CARGA_ALTA,N3
,0.502,0.354,0.201,1.0,,1787653674128.8057,12.035,-0.16,11.24,0.35,1787653674129.817,False,,,3,OP1,C3_WIFI_CARGA_ALTA,N3
,0.501,0.354,0.201,1.0,,1787653674170.7146,12.035,-0.08,11.24,0.35,1787653674170.7146,False,,,3,OP1,C3_WIFI_CARGA_ALTA,N3
,0.501,0.354,0.201,1.0,,1787653674206.1477,12.035,-0.08,11.24,0.35,1787653674206.1477,False,,,3,OP1,C3_WIFI_CARGA_ALTA,N3
,0.5,0.354,0.202,1.0,,1787653674235.5403,12.07,0.0,11.24,0.35,1787653674235.5403,False,,,3,OP1,C3_WIFI_CARGA_ALTA,N3
,0.5,0.354,0.202,1.0,,1787653674255.7395,12.07,0.0,11.24,0.35,1787653674255.7395,False,,,3,OP1,C3_WIFI_CARGA_ALTA,N3
,0.5,0.354,0.202,1.0,,1787653674290.2173,12.07,0.0,11.24,0.35,1787653674290.2173,False,,,3,OP1,C3_WIFI_CARGA_ALTA,N3
,0.5,0.355,0.202,1.0,,1787653674317.9053,12.07,0.0,11.3,0.35,1787653674320.5586,False,,,3,OP1,C3_WIFI_CARGA_ALTA,N3
,0.501,0.355,0.201,1.0,,1787653674339.9795,12.035,-0.08,11.3,0.35,1787653674339.9795,False,,,3,OP1,C3_WIFI_CARGA_ALTA,N3
,0.501,0.355,0.201,1.0,,1787653674374.2246,12.035,-0.08,11.3,0.35,1787653674374.2246,False,,,3,OP1,C3_WIFI_CARGA_ALTA,N3
,0.502,0.354,0.201,1.0,,1787653674541.981,12.035,-0.16,11.24,0.35,1787653674541.981,False,,,3,OP1,C3_WIFI_CARGA_ALTA,N3
,0.505,0.355,0.203,1.0,,1787653674568.7163,12.105,-0.4,11.3,0.35,1787653674570.9148,False,,,3,OP1,C3_WIFI_CARGA_ALTA,N3
,0.506,0.355,0.204,1.0,,1787653674591.7195,12.14,-0.48,11.3,0.35,1787653674591.7195,False,,,3,OP1,C3_WIFI_CARGA_ALTA,N3
,0.506,0.356,0.205,1.0,,1787653674627.2166,12.175,-0.48,11.36,0.35,1787653674627.2166,False,,,3,OP1,C3_WIFI_CARGA_ALTA,N3
,0.506,0.356,0.205,1.0,,1787653674652.3962,12.175,-0.48,11.36,0.35,1787653674652.3962,False,,,3,OP1,C3_WIFI_CARGA_ALTA,N3
,0.506,0.356,0.205,1.0,,1787653674673.1682,12.175,-0.48,11.36,0.35,1787653674673.1682,False,,,3,OP1,C3_WIFI_CARGA_ALTA,N3
,0.506,0.355,0.206,1.0,,1787653674707.9998,12.21,-0.48,11.3,0.35,1787653674710.016,False,,,3,OP1,C3_WIFI_CARGA_ALTA,N3
,0.506,0.354,0.206,1.0,,1787653674737.8894,12.21,-0.48,11.24,0.35,1787653674737.8894,False,,,3,OP1,C3_WIFI_CARGA_ALTA,N3
,0.506,0.354,0.206,1.0,,1787653674793.4822,12.21,-0.48,11.24,0.35,1787653674793.4822,False,,,3,OP1,C3_WIFI_CARGA_ALTA,N3
,0.505,0.354,0.206,1.0,,1787653674836.2527,12.21,-0.4,11.24,0.35,1787653674836.2527,False,,,3,OP1,C3_WIFI_CARGA_ALTA,N3
,0.505,0.354,0.205,1.0,,1787653674873.7002,12.175,-0.4,11.24,0.35,1787653674873.7002,False,,,3,OP1,C3_WIFI_CARGA_ALTA,N3
,0.505,0.354,0.205,1.0,,1787653674903.1409,12.175,-0.4,11.24,0.35,1787653674905.6614,False,,,3,OP1,C3_WIFI_CARGA_ALTA,N3
,0.504,0.354,0.205,1.0,,1787653674963.3157,12.175,-0.32,11.24,0.35,1787653674963.3157,False,,,3,OP1,C3_WIFI_CARGA_ALTA,N3
,0.505,0.354,0.205,1.0,,1787653675008.0164,12.175,-0.4,11.24,0.35,1787653675008.0164,False,,,3,OP1,C3_WIFI_CARGA_ALTA,N3
,0.505,0.354,0.206,1.0,,1787653675046.6594,12.21,-0.4,11.24,0.35,1787653675046.6594,False,,,3,OP1,C3_WIFI_CARGA_ALTA,N3
,0.505,0.354,0.206,1.0,,1787653675078.2258,12.21,-0.4,11.24,0.35,1787653675078.2258,False,,,3,OP1,C3_WIFI_CARGA_ALTA,N3
,0.505,0.354,0.206,1.0,,1787653675134.3855,12.21,-0.4,11.24,0.35,1787653675134.3855,False,,,3,OP1,C3_WIFI_CARGA_ALTA,N3
,0.506,0.354,0.206,1.0,,1787653675166.9102,12.21,-0.48,11.24,0.35,1787653675166.9102,False,,,3,OP1,C3_WIFI_CARGA_ALTA,N3
,0.506,0.354,0.206,1.0,,1787653675192.675,12.21,-0.48,11.24,0.35,1787653675192.675,False,,,3,OP1,C3_WIFI_CARGA_ALTA,N3
,0.506,0.354,0.206,1.0,,1787653675214.1597,12.21,-0.48,11.24,0.35,1787653675214.1597,False,,,3,OP1,C3_WIFI_CARGA_ALTA,N3
,0.506,0.354,0.206,1.0,,1787653675247.303,12.21,-0.48,11.24,0.35,1787653675251.4856,False,,,3,OP1,C3_WIFI_CARGA_ALTA,N3
,0.507,0.354,0.206,1.0,,1787653675278.262,12.21,-0.56,11.24,0.35,1787653675280.2957,False,,,3,OP1,C3_WIFI_CARGA_ALTA,N3
,0.507,0.354,0.206,1.0,,1787653675301.2568,12.21,-0.56,11.24,0.35,1787653675301.2568,False,,,3,OP1,C3_WIFI_CARGA_ALTA,N3
,0.507,0.354,0.206,1.0,,1787653675335.2795,12.21,-0.56,11.24,0.35,1787653675335.2795,False,,,3,OP1,C3_WIFI_CARGA_ALTA,N3
,0.507,0.354,0.207,1.0,,1787653675501.7163,12.245,-0.56,11.24,0.35,1787653675501.7163,False,,,3,OP1,C3_WIFI_CARGA_ALTA,N3
,0.508,0.353,0.209,1.0,,1787653675551.1453,12.315,-0.64,11.18,0.35,1787653675551.1453,False,,,3,OP1,C3_WIFI_CARGA_ALTA,N3
,0.508,0.353,0.209,1.0,,1787653675580.0918,12.315,-0.64,11.18,0.35,1787653675580.0918,False,,,3,OP1,C3_WIFI_CARGA_ALTA,N3
,0.507,0.352,0.209,1.0,,1787653675613.2742,12.315,-0.56,11.12,0.35,1787653675613.2742,False,,,3,OP1,C3_WIFI_CARGA_ALTA,N3
,0.507,0.352,0.209,1.0,,1787653675639.2993,12.315,-0.56,11.12,0.35,1787653675639.2993,False,,,3,OP1,C3_WIFI_CARGA_ALTA,N3
,0.508,0.352,0.209,1.0,,1787653675668.6296,12.315,-0.64,11.12,0.35,1787653675668.6296,False,,,3,OP1,C3_WIFI_CARGA_ALTA,N3
,0.508,0.352,0.21,1.0,,1787653675697.2136,12.35,-0.64,11.12,0.35,1787653675697.2136,False,,,3,OP1,C3_WIFI_CARGA_ALTA,N3
,0.509,0.352,0.211,1.0,,1787653675718.625,12.385,-0.72,11.12,0.35,1787653675718.625,False,,,3,OP1,C3_WIFI_CARGA_ALTA,N3
,0.509,0.353,0.211,1.0,,1787653675752.872,12.385,-0.72,11.18,0.35,1787653675752.872,False,,,3,OP1,C3_WIFI_CARGA_ALTA,N3
,0.509,0.353,0.21,1.0,,1787653675782.536,12.35,-0.72,11.18,0.35,1787653675782.536,False,,,3,OP1,C3_WIFI_CARGA_ALTA,N3
,0.509,0.354,0.21,1.0,,1787653675808.183,12.35,-0.72,11.24,0.35,1787653675808.7507,False,,,3,OP1,C3_WIFI_CARGA_ALTA,N3
,0.509,0.354,0.21,1.0,,1787653675836.672,12.35,-0.72,11.24,0.35,1787653675836.672,False,,,3,OP1,C3_WIFI_CARGA_ALTA,N3
,0.51,0.355,0.21,1.0,,1787653675886.673,12.35,-0.8,11.3,0.35,1787653675886.673,False,,,3,OP1,C3_WIFI_CARGA_ALTA,N3
,0.51,0.355,0.21,1.0,,1787653675921.3926,12.35,-0.8,11.3,0.35,1787653675921.3926,False,,,3,OP1,C3_WIFI_CARGA_ALTA,N3
,0.51,0.356,0.209,1.0,,1787653675974.768,12.315,-0.8,11.36,0.35,1787653675977.0232,False,,,3,OP1,C3_WIFI_CARGA_ALTA,N3
,0.51,0.356,0.209,1.0,,1787653676170.8108,12.315,-0.8,11.36,0.35,1787653676172.818,False,,,3,OP1,C3_WIFI_CARGA_ALTA,N3
,0.511,0.356,0.208,1.0,,1787653676217.8923,12.28,-0.88,11.36,0.35,1787653676217.8923,False,,,3,OP1,C3_WIFI_CARGA_ALTA,N3
,0.511,0.356,0.208,1.0,,1787653676251.5874,12.28,-0.88,11.36,0.35,1787653676251.5874,False,,,3,OP1,C3_WIFI_CARGA_ALTA,N3
,0.511,0.355,0.208,1.0,,1787653676272.2332,12.28,-0.88,11.3,0.35,1787653676272.2332,False,,,3,OP1,C3_WIFI_CARGA_ALTA,N3
,0.511,0.355,0.208,1.0,,1787653676309.9688,12.28,-0.88,11.3,0.35,1787653676309.9688,False,,,3,OP1,C3_WIFI_CARGA_ALTA,N3
,0.511,0.355,0.207,1.0,,1787653676335.9858,12.245,-0.88,11.3,0.35,1787653676335.9858,False,,,3,OP1,C3_WIFI_CARGA_ALTA,N3
,0.511,0.354,0.207,1.0,,1787653676356.3618,12.245,-0.88,11.24,0.35,1787653676356.9165,False,,,3,OP1,C3_WIFI_CARGA_ALTA,N3
,0.511,0.355,0.206,1.0,,1787653676387.2031,12.21,-0.88,11.3,0.35,1787653676387.2031,False,,,3,OP1,C3_WIFI_CARGA_ALTA,N3
,0.51,0.355,0.206,1.0,,1787653676419.1262,12.21,-0.8,11.3,0.35,1787653676419.1262,False,,,3,OP1,C3_WIFI_CARGA_ALTA,N3
,0.51,0.355,0.206,1.0,,1787653676440.0156,12.21,-0.8,11.3,0.35,1787653676440.0156,False,,,3,OP1,C3_WIFI_CARGA_ALTA,N3
,0.51,0.355,0.206,1.0,,1787653676477.4795,12.21,-0.8,11.3,0.35,1787653676477.4795,False,,,3,OP1,C3_WIFI_CARGA_ALTA,N3
,0.51,0.355,0.206,1.0,,1787653676503.798,12.21,-0.8,11.3,0.35,1787653676503.798,False,,,3,OP1,C3_WIFI_CARGA_ALTA,N3
,0.509,0.355,0.206,1.0,,1787653676554.2356,12.21,-0.72,11.3,0.35,1787653676557.8652,False,,,3,OP1,C3_WIFI_CARGA_ALTA,N3
,0.509,0.354,0.206,1.0,,1787653676589.3003,12.21,-0.72,11.24,0.35,1787653676589.3003,False,,,3,OP1,C3_WIFI_CARGA_ALTA,N3
,0.509,0.354,0.206,1.0,,1787653676645.7043,12.21,-0.72,11.24,0.35,1787653676645.7043,False,,,3,OP1,C3_WIFI_CARGA_ALTA,N3
,0.508,0.354,0.205,1.0,,1787653676692.287,12.175,-0.64,11.24,0.35,1787653676692.287,False,,,3,OP1,C3_WIFI_CARGA_ALTA,N3
,0.508,0.354,0.205,1.0,,1787653676717.5457,12.175,-0.64,11.24,0.35,1787653676719.6094,False,,,3,OP1,C3_WIFI_CARGA_ALTA,N3
,0.508,0.354,0.205,1.0,,1787653676754.983,12.175,-0.64,11.24,0.35,1787653676754.983,False,,,3,OP1,C3_WIFI_CARGA_ALTA,N3
,0.508,0.354,0.204,1.0,,1787653676775.3574,12.14,-0.64,11.24,0.35,1787653676775.3574,False,,,3,OP1,C3_WIFI_CARGA_ALTA,N3
,0.508,0.354,0.204,1.0,,1787653676810.0034,12.14,-0.64,11.24,0.35,1787653676810.0034,False,,,3,OP1,C3_WIFI_CARGA_ALTA,N3
,0.508,0.354,0.204,1.0,,1787653676839.0056,12.14,-0.64,11.24,0.35,1787653676839.0056,False,,,3,OP1,C3_WIFI_CARGA_ALTA,N3
,0.508,0.354,0.203,1.0,,1787653676890.045,12.105,-0.64,11.24,0.35,1787653676890.045,False,,,3,OP1,C3_WIFI_CARGA_ALTA,N3
,0.507,0.354,0.203,1.0,,1787653676922.8188,12.105,-0.56,11.24,0.35,1787653676923.8264,False,,,3,OP1,C3_WIFI_CARGA_ALTA,N3
,0.507,0.354,0.203,1.0,,1787653676977.4937,12.105,-0.56,11.24,0.35,1787653676977.4937,False,,,3,OP1,C3_WIFI_CARGA_ALTA,N3
,0.507,0.353,0.203,1.0,,1787653677003.4473,12.105,-0.56,11.18,0.35,1787653677007.8655,False,,,3,OP1,C3_WIFI_CARGA_ALTA,N3
,0.508,0.353,0.203,1.0,,1787653677061.2166,12.105,-0.64,11.18,0.35,1787653677061.2166,False,,,3,OP1,C3_WIFI_CARGA_ALTA,N3
,0.508,0.352,0.203,1.0,,1787653677088.4517,12.105,-0.64,11.12,0.35,1787653677088.4517,False,,,3,OP1,C3_WIFI_CARGA_ALTA,N3
,0.508,0.352,0.204,1.0,,1787653677142.1772,12.14,-0.64,11.12,0.35,1787653677146.2683,False,,,3,OP1,C3_WIFI_CARGA_ALTA,N3
,0.507,0.352,0.204,1.0,,1787653677293.3647,12.14,-0.56,11.12,0.35,1787653677297.4214,False,,,3,OP1,C3_WIFI_CARGA_ALTA,N3
,0.507,0.353,0.205,1.0,,1787653677328.0967,12.175,-0.56,11.18,0.35,1787653677328.0967,False,,,3,OP1,C3_WIFI_CARGA_ALTA,N3
,0.507,0.353,0.205,1.0,,1787653677363.593,12.175,-0.56,11.18,0.35,1787653677363.593,False,,,3,OP1,C3_WIFI_CARGA_ALTA,N3
,0.507,0.353,0.205,1.0,,1787653677394.1804,12.175,-0.56,11.18,0.35,1787653677394.1804,False,,,3,OP1,C3_WIFI_CARGA_ALTA,N3
,0.507,0.353,0.206,1.0,,1787653677421.4146,12.21,-0.56,11.18,0.35,1787653677421.4146,False,,,3,OP1,C3_WIFI_CARGA_ALTA,N3
,0.507,0.353,0.205,1.0,,1787653677471.2031,12.175,-0.56,11.18,0.35,1787653677471.2031,False,,,3,OP1,C3_WIFI_CARGA_ALTA,N3
,0.507,0.354,0.205,1.0,,1787653677508.053,12.175,-0.56,11.24,0.35,1787653677509.7896,False,,,3,OP1,C3_WIFI_CARGA_ALTA,N3
,0.507,0.354,0.205,1.0,,1787653677534.936,12.175,-0.56,11.24,0.35,1787653677534.936,False,,,3,OP1,C3_WIFI_CARGA_ALTA,N3
,0.507,0.353,0.205,1.0,,1787653677563.3691,12.175,-0.56,11.18,0.35,1787653677563.3691,False,,,3,OP1,C3_WIFI_CARGA_ALTA,N3
,0.507,0.354,0.204,1.0,,1787653677591.353,12.14,-0.56,11.24,0.35,1787653677591.353,False,,,3,OP1,C3_WIFI_CARGA_ALTA,N3
,0.507,0.353,0.205,1.0,,1787653677645.9568,12.175,-0.56,11.18,0.35,1787653677645.9568,False,,,3,OP1,C3_WIFI_CARGA_ALTA,N3
,0.507,0.353,0.204,1.0,,1787653677671.7085,12.14,-0.56,11.18,0.35,1787653677671.7085,False,,,3,OP1,C3_WIFI_CARGA_ALTA,N3
,0.508,0.353,0.204,1.0,,1787653677728.729,12.14,-0.64,11.18,0.35,1787653677728.729,False,,,3,OP1,C3_WIFI_CARGA_ALTA,N3
,0.508,0.353,0.204,1.0,,1787653677755.639,12.14,-0.64,11.18,0.35,1787653677755.639,False,,,3,OP1,C3_WIFI_CARGA_ALTA,N3
,0.508,0.353,0.204,1.0,,1787653677804.6606,12.14,-0.64,11.18,0.35,1787653677809.5232,False,,,3,OP1,C3_WIFI_CARGA_ALTA,N3
,0.508,0.353,0.204,1.0,,1787653677842.6091,12.14,-0.64,11.18,0.35,1787653677842.6091,False,,,3,OP1,C3_WIFI_CARGA_ALTA,N3
,0.508,0.353,0.204,1.0,,1787653677866.2307,12.14,-0.64,11.18,0.35,1787653677870.6282,False,,,3,OP1,C3_WIFI_CARGA_ALTA,N3
,0.507,0.353,0.204,1.0,,1787653677896.1675,12.14,-0.56,11.18,0.35,1787653677896.1675,False,,,3,OP1,C3_WIFI_CARGA_ALTA,N3
,0.507,0.353,0.203,1.0,,1787653678089.6416,12.105,-0.56,11.18,0.35,1787653678093.7563,False,,,3,OP1,C3_WIFI_CARGA_ALTA,N3
,0.507,0.353,0.202,1.0,,1787653678257.4585,12.07,-0.56,11.18,0.35,1787653678257.4585,False,,,3,OP1,C3_WIFI_CARGA_ALTA,N3
,0.507,0.353,0.203,1.0,,1787653678288.1853,12.105,-0.56,11.18,0.35,1787653678288.1853,False,,,3,OP1,C3_WIFI_CARGA_ALTA,N3
,0.507,0.352,0.203,1.0,,1787653678342.7808,12.105,-0.56,11.12,0.35,1787653678343.8015,False,,,3,OP1,C3_WIFI_CARGA_ALTA,N3
,0.507,0.352,0.203,1.0,,1787653678370.1565,12.105,-0.56,11.12,0.35,1787653678370.1565,False,,,3,OP1,C3_WIFI_CARGA_ALTA,N3
,0.507,0.352,0.203,1.0,,1787653678394.9294,12.105,-0.56,11.12,0.35,1787653678395.5974,False,,,3,OP1,C3_WIFI_CARGA_ALTA,N3
,0.507,0.352,0.203,1.0,,1787653678423.7751,12.105,-0.56,11.12,0.35,1787653678423.7751,False,,,3,OP1,C3_WIFI_CARGA_ALTA,N3
,0.507,0.352,0.203,1.0,,1787653678448.044,12.105,-0.56,11.12,0.35,1787653678448.044,False,,,3,OP1,C3_WIFI_CARGA_ALTA,N3
,0.507,0.352,0.203,1.0,,1787653678477.6829,12.105,-0.56,11.12,0.35,1787653678479.1123,False,,,3,OP1,C3_WIFI_CARGA_ALTA,N3
,0.507,0.352,0.203,1.0,,1787653678510.0183,12.105,-0.56,11.12,0.35,1787653678510.0183,False,,,3,OP1,C3_WIFI_CARGA_ALTA,N3
,0.507,0.352,0.203,1.0,,1787653678535.2495,12.105,-0.56,11.12,0.35,1787653678539.5752,False,,,3,OP1,C3_WIFI_CARGA_ALTA,N3
,0.507,0.352,0.203,1.0,,1787653678558.9404,12.105,-0.56,11.12,0.35,1787653678558.9404,False,,,3,OP1,C3_WIFI_CARGA_ALTA,N3
,0.506,0.351,0.203,1.0,,1787653678593.2632,12.105,-0.48,11.06,0.35,1787653678595.2754,False,,,3,OP1,C3_WIFI_CARGA_ALTA,N3
,0.506,0.352,0.203,1.0,,1787653678619.0645,12.105,-0.48,11.12,0.35,1787653678619.0645,False,,,3,OP1,C3_WIFI_CARGA_ALTA,N3
,0.506,0.352,0.203,1.0,,1787653678670.5095,12.105,-0.48,11.12,0.35,1787653678670.5095,False,,,3,OP1,C3_WIFI_CARGA_ALTA,N3
,0.506,0.352,0.204,1.0,,1787653678702.4834,12.14,-0.48,11.12,0.35,1787653678702.4834,False,,,3,OP1,C3_WIFI_CARGA_ALTA,N3
,0.505,0.352,0.204,1.0,,1787653678725.932,12.14,-0.4,11.12,0.35,1787653678725.932,False,,,3,OP1,C3_WIFI_CARGA_ALTA,N3
,0.505,0.351,0.204,1.0,,1787653678760.9954,12.14,-0.4,11.06,0.35,1787653678760.9954,False,,,3,OP1,C3_WIFI_CARGA_ALTA,N3
,0.505,0.351,0.204,1.0,,1787653678788.6653,12.14,-0.4,11.06,0.35,1787653678788.6653,False,,,3,OP1,C3_WIFI_CARGA_ALTA,N3
,0.505,0.351,0.204,1.0,,1787653678830.842,12.14,-0.4,11.06,0.35,1787653678830.842,False,,,3,OP1,C3_WIFI_CARGA_ALTA,N3
,0.505,0.35,0.204,1.0,,1787653678869.3972,12.14,-0.4,11.0,0.35,1787653678872.369,False,,,3,OP1,C3_WIFI_CARGA_ALTA,N3
,0.505,0.35,0.204,1.0,,1787653678892.175,12.14,-0.4,11.0,0.35,1787653678892.175,False,,,3,OP1,C3_WIFI_CARGA_ALTA,N3
,0.505,0.35,0.204,1.0,,1787653678928.344,12.14,-0.4,11.0,0.35,1787653678930.3667,False,,,3,OP1,C3_WIFI_CARGA_ALTA,N3
,0.505,0.35,0.204,1.0,,1787653678952.6611,12.14,-0.4,11.0,0.35,1787653678952.6611,False,,,3,OP1,C3_WIFI_CARGA_ALTA,N3
,0.505,0.351,0.204,1.0,,1787653678973.3052,12.14,-0.4,11.06,0.35,1787653678973.3052,False,,,3,OP1,C3_WIFI_CARGA_ALTA,N3
,0.505,0.351,0.204,1.0,,1787653679006.92,12.14,-0.4,11.06,0.35,1787653679006.92,False,,,3,OP1,C3_WIFI_CARGA_ALTA,N3
,0.505,0.351,0.204,1.0,,1787653679141.4758,12.14,-0.4,11.06,0.35,1787653679141.4758,False,,,3,OP1,C3_WIFI_CARGA_ALTA,N3
,0.505,0.35,0.204,1.0,,1787653679174.5537,12.14,-0.4,11.0,0.35,1787653679174.5537,False,,,3,OP1,C3_WIFI_CARGA_ALTA,N3
,0.505,0.35,0.204,1.0,,1787653679203.6277,12.14,-0.4,11.0,0.35,1787653679207.871,False,,,3,OP1,C3_WIFI_CARGA_ALTA,N3
,0.505,0.351,0.203,1.0,,1787653679373.2576,12.105,-0.4,11.06,0.35,1787653679373.2576,False,,,3,OP1,C3_WIFI_CARGA_ALTA,N3
,0.505,0.35,0.204,1.0,,1787653679394.0847,12.14,-0.4,11.0,0.35,1787653679394.0847,False,,,3,OP1,C3_WIFI_CARGA_ALTA,N3
,0.505,0.35,0.204,1.0,,1787653679426.2156,12.14,-0.4,11.0,0.35,1787653679426.2156,False,,,3,OP1,C3_WIFI_CARGA_ALTA,N3
,0.505,0.35,0.204,1.0,,1787653679478.0156,12.14,-0.4,11.0,0.35,1787653679478.0156,False,,,3,OP1,C3_WIFI_CARGA_ALTA,N3
,0.505,0.351,0.204,1.0,,1787653679510.5027,12.14,-0.4,11.06,0.35,1787653679510.5027,False,,,3,OP1,C3_WIFI_CARGA_ALTA,N3
,0.505,0.351,0.204,1.0,,1787653679539.6426,12.14,-0.4,11.06,0.35,1787653679539.6426,False,,,3,OP1,C3_WIFI_CARGA_ALTA,N3
,0.505,0.352,0.204,1.0,,1787653679560.786,12.14,-0.4,11.12,0.35,1787653679560.786,False,,,3,OP1,C3_WIFI_CARGA_ALTA,N3
,0.505,0.352,0.204,1.0,,1787653679594.7705,12.14,-0.4,11.12,0.35,1787653679594.7705,False,,,3,OP1,C3_WIFI_CARGA_ALTA,N3
,0.505,0.352,0.204,1.0,,1787653679745.5503,12.14,-0.4,11.12,0.35,1787653679745.5503,False,,,3,OP1,C3_WIFI_CARGA_ALTA,N3
,0.505,0.351,0.205,1.0,,1787653679779.3586,12.175,-0.4,11.06,0.35,1787653679779.3586,False,,,3,OP1,C3_WIFI_CARGA_ALTA,N3
,0.506,0.35,0.205,1.0,,1787653679811.642,12.175,-0.48,11.0,0.35,1787653679811.642,False,,,3,OP1,C3_WIFI_CARGA_ALTA,N3
,0.506,0.349,0.205,1.0,,1787653679842.0933,12.175,-0.48,10.94,0.35,1787653679842.0933,False,,,3,OP1,C3_WIFI_CARGA_ALTA,N3
,0.505,0.349,0.204,1.0,,1787653679875.8318,12.14,-0.4,10.94,0.35,1787653679875.8318,False,,,3,OP1,C3_WIFI_CARGA_ALTA,N3
,0.505,0.349,0.205,1.0,,1787653679896.9175,12.175,-0.4,10.94,0.35,1787653679896.9175,False,,,3,OP1,C3_WIFI_CARGA_ALTA,N3
,0.505,0.349,0.205,1.0,,1787653679930.156,12.175,-0.4,10.94,0.35,1787653679930.156,False,,,3,OP1,C3_WIFI_CARGA_ALTA,N3
,0.506,0.349,0.205,1.0,,1787653679978.9922,12.175,-0.48,10.94,0.35,1787653679980.9978,False,,,3,OP1,C3_WIFI_CARGA_ALTA,N3
,0.506,0.348,0.205,1.0,,1787653680167.8345,12.175,-0.48,10.88,0.35,1787653680167.8345,False,,,3,OP1,C3_WIFI_CARGA_ALTA,N3
,0.507,0.346,0.206,1.0,,1787653680208.007,12.21,-0.56,10.76,0.35,1787653680210.1606,False,,,3,OP1,C3_WIFI_CARGA_ALTA,N3
,0.507,0.346,0.206,1.0,,1787653680232.558,12.21,-0.56,10.76,0.35,1787653680232.558,False,,,3,OP1,C3_WIFI_CARGA_ALTA,N3
,0.507,0.346,0.207,1.0,,1787653680261.9893,12.245,-0.56,10.76,0.35,1787653680266.008,False,,,3,OP1,C3_WIFI_CARGA_ALTA,N3
,0.507,0.346,0.207,1.0,,1787653680282.0786,12.245,-0.56,10.76,0.35,1787653680282.0786,False,,,3,OP1,C3_WIFI_CARGA_ALTA,N3
,0.506,0.347,0.206,1.0,,1787653680316.1418,12.21,-0.48,10.82,0.35,1787653680316.1418,False,,,3,OP1,C3_WIFI_CARGA_ALTA,N3
,0.506,0.346,0.206,1.0,,1787653680348.614,12.21,-0.48,10.76,0.35,1787653680348.614,False,,,3,OP1,C3_WIFI_CARGA_ALTA,N3
,0.506,0.346,0.207,1.0,,1787653680375.658,12.245,-0.48,10.76,0.35,1787653680375.658,False,,,3,OP1,C3_WIFI_CARGA_ALTA,N3
,0.506,0.346,0.208,1.0,,1787653680398.7812,12.28,-0.48,10.76,0.35,1787653680398.7812,False,,,3,OP1,C3_WIFI_CARGA_ALTA,N3
,0.505,0.346,0.207,1.0,,1787653680431.3982,12.245,-0.4,10.76,0.35,1787653680431.3982,False,,,3,OP1,C3_WIFI_CARGA_ALTA,N3
,0.505,0.347,0.207,1.0,,1787653680589.2507,12.245,-0.4,10.82,0.35,1787653680589.2507,False,,,3,OP1,C3_WIFI_CARGA_ALTA,N3
,0.503,0.349,0.205,1.0,,1787653680710.1177,12.175,-0.24,10.94,0.35,1787653680711.5637,False,,,3,OP1,C3_WIFI_CARGA_ALTA,N3
,0.503,0.35,0.203,1.0,,1787653680791.525,12.105,-0.24,11.0,0.35,1787653680791.525,False,,,3,OP1,C3_WIFI_CARGA_ALTA,N3
,0.5,0.351,0.2,1.0,,1787653680814.6958,12.0,0.0,11.06,0.35,1787653680815.7097,False,,,3,OP1,C3_WIFI_CARGA_ALTA,N3
,0.5,0.351,0.199,1.0,,1787653680850.3474,11.965,0.0,11.06,0.35,1787653680850.3474,False,,,3,OP1,C3_WIFI_CARGA_ALTA,N3
,0.5,0.351,0.199,1.0,,1787653680875.0232,11.965,0.0,11.06,0.35,1787653680875.0232,False,,,3,OP1,C3_WIFI_CARGA_ALTA,N3
,0.5,0.351,0.199,1.0,,1787653680925.6672,11.965,0.0,11.06,0.35,1787653680926.0356,False,,,3,OP1,C3_WIFI_CARGA_ALTA,N3
,0.5,0.351,0.199,1.0,,1787653681089.6929,11.965,0.0,11.06,0.35,1787653681093.3994,False,,,3,OP1,C3_WIFI_CARGA_ALTA,N3
,0.5,0.35,0.199,1.0,,1787653681123.336,11.965,0.0,11.0,0.35,1787653681123.336,False,,,3,OP1,C3_WIFI_CARGA_ALTA,N3
,0.501,0.35,0.2,1.0,,1787653681148.6355,12.0,-0.08,11.0,0.35,1787653681148.6355,False,,,3,OP1,C3_WIFI_CARGA_ALTA,N3
,0.501,0.349,0.2,1.0,,1787653681182.5889,12.0,-0.08,10.94,0.35,1787653681182.5889,False,,,3,OP1,C3_WIFI_CARGA_ALTA,N3
,0.501,0.349,0.2,1.0,,1787653681332.9294,12.0,-0.08,10.94,0.35,1787653681337.0276,False,,,3,OP1,C3_WIFI_CARGA_ALTA,N3
,0.502,0.35,0.199,1.0,,1787653681376.447,11.965,-0.16,11.0,0.35,1787653681376.447,False,,,3,OP1,C3_WIFI_CARGA_ALTA,N3
,0.503,0.35,0.199,1.0,,1787653681542.1738,11.965,-0.24,11.0,0.35,1787653681546.3376,False,,,3,OP1,C3_WIFI_CARGA_ALTA,N3
,0.503,0.351,0.199,1.0,,1787653681564.0054,11.965,-0.24,11.06,0.35,1787653681564.0054,False,,,3,OP1,C3_WIFI_CARGA_ALTA,N3
,0.503,0.351,0.199,1.0,,1787653681594.0051,11.965,-0.24,11.06,0.35,1787653681598.3474,False,,,3,OP1,C3_WIFI_CARGA_ALTA,N3
,0.503,0.351,0.199,1.0,,1787653681625.7974,11.965,-0.24,11.06,0.35,1787653681629.861,False,,,3,OP1,C3_WIFI_CARGA_ALTA,N3
,0.503,0.351,0.199,1.0,,1787653681650.4502,11.965,-0.24,11.06,0.35,1787653681651.462,False,,,3,OP1,C3_WIFI_CARGA_ALTA,N3
,0.502,0.351,0.199,1.0,,1787653681684.9312,11.965,-0.16,11.06,0.35,1787653681684.9312,False,,,3,OP1,C3_WIFI_CARGA_ALTA,N3
,0.502,0.351,0.199,1.0,,1787653681710.9988,11.965,-0.16,11.06,0.35,1787653681710.9988,False,,,3,OP1,C3_WIFI_CARGA_ALTA,N3
,0.501,0.351,0.199,1.0,,1787653681762.6218,11.965,-0.08,11.06,0.35,1787653681762.6218,False,,,3,OP1,C3_WIFI_CARGA_ALTA,N3
,0.501,0.351,0.198,1.0,,1787653681793.552,11.93,-0.08,11.06,0.35,1787653681793.552,False,,,3,OP1,C3_WIFI_CARGA_ALTA,N3
,0.501,0.351,0.199,1.0,,1787653681822.0762,11.965,-0.08,11.06,0.35,1787653681822.0762,False,,,3,OP1,C3_WIFI_CARGA_ALTA,N3
,0.501,0.351,0.199,1.0,,1787653681851.2834,11.965,-0.08,11.06,0.35,1787653681853.2974,False,,,3,OP1,C3_WIFI_CARGA_ALTA,N3
,0.5,0.351,0.199,1.0,,1787653681873.688,11.965,0.0,11.06,0.35,1787653681873.688,False,,,3,OP1,C3_WIFI_CARGA_ALTA,N3
,0.5,0.352,0.198,1.0,,1787653681896.0898,11.93,0.0,11.12,0.35,1787653681896.0898,False,,,3,OP1,C3_WIFI_CARGA_ALTA,N3
,0.5,0.352,0.198,1.0,,1787653681929.4443,11.93,0.0,11.12,0.35,1787653681929.4443,False,,,3,OP1,C3_WIFI_CARGA_ALTA,N3
,0.5,0.352,0.198,1.0,,1787653681963.1655,11.93,0.0,11.12,0.35,1787653681963.1655,False,,,3,OP1,C3_WIFI_CARGA_ALTA,N3
,0.5,0.352,0.199,1.0,,1787653681991.3247,11.965,0.0,11.12,0.35,1787653681991.3247,False,,,3,OP1,C3_WIFI_CARGA_ALTA,N3
,0.501,0.352,0.2,1.0,,1787653682017.193,12.0,-0.08,11.12,0.35,1787653682017.193,False,,,3,OP1,C3_WIFI_CARGA_ALTA,N3
,0.5,0.351,0.202,1.0,,1787653682064.2488,12.07,0.0,11.06,0.35,1787653682064.2488,False,,,3,OP1,C3_WIFI_CARGA_ALTA,N3
,0.5,0.351,0.202,1.0,,1787653682101.183,12.07,0.0,11.06,0.35,1787653682101.183,False,,,3,OP1,C3_WIFI_CARGA_ALTA,N3
,0.5,0.35,0.202,1.0,,1787653682157.9976,12.07,0.0,11.0,0.35,1787653682157.9976,False,,,3,OP1,C3_WIFI_CARGA_ALTA,N3
,0.5,0.349,0.202,1.0,,1787653682185.2964,12.07,0.0,10.94,0.35,1787653682185.2964,False,,,3,OP1,C3_WIFI_CARGA_ALTA,N3
,0.5,0.349,0.202,1.0,,1787653682236.886,12.07,0.0,10.94,0.35,1787653682237.3428,False,,,3,OP1,C3_WIFI_CARGA_ALTA,N3
,0.5,0.349,0.202,1.0,,1787653682434.7693,12.07,0.0,10.94,0.35,1787653682434.7693,False,,,3,OP1,C3_WIFI_CARGA_ALTA,N3
,0.5,0.349,0.202,1.0,,1787653682492.7292,12.07,0.0,10.94,0.35,1787653682492.7292,False,,,3,OP1,C3_WIFI_CARGA_ALTA,N3
,0.5,0.349,0.202,1.0,,1787653682519.458,12.07,0.0,10.94,0.35,1787653682519.458,False,,,3,OP1,C3_WIFI_CARGA_ALTA,N3
,0.5,0.349,0.202,1.0,,1787653682546.7246,12.07,0.0,10.94,0.35,1787653682546.7246,False,,,3,OP1,C3_WIFI_CARGA_ALTA,N3
,0.5,0.348,0.202,1.0,,1787653682567.808,12.07,0.0,10.88,0.35,1787653682567.808,False,,,3,OP1,C3_WIFI_CARGA_ALTA,N3
,0.5,0.348,0.202,1.0,,1787653682601.9634,12.07,0.0,10.88,0.35,1787653682601.9634,False,,,3,OP1,C3_WIFI_CARGA_ALTA,N3
,0.5,0.349,0.202,1.0,,1787653682770.3113,12.07,0.0,10.94,0.35,1787653682771.4014,False,,,3,OP1,C3_WIFI_CARGA_ALTA,N3
,0.5,0.35,0.201,1.0,,1787653682903.6562,12.035,0.0,11.0,0.35,1787653682903.6562,False,,,3,OP1,C3_WIFI_CARGA_ALTA,N3
,0.499,0.351,0.201,1.0,,1787653682937.317,12.035,0.08,11.06,0.35,1787653682938.7822,False,,,3,OP1,C3_WIFI_CARGA_ALTA,N3
,0.499,0.352,0.2,1.0,,1787653682992.1775,12.0,0.08,11.12,0.35,1787653682992.1775,False,,,3,OP1,C3_WIFI_CARGA_ALTA,N3
,0.499,0.352,0.201,1.0,,1787653683020.9456,12.035,0.08,11.12,0.35,1787653683020.9456,False,,,3,OP1,C3_WIFI_CARGA_ALTA,N3
,0.499,0.352,0.201,1.0,,1787653683076.4028,12.035,0.08,11.12,0.35,1787653683076.4028,False,,,3,OP1,C3_WIFI_CARGA_ALTA,N3
,0.499,0.352,0.201,1.0,,1787653683105.1265,12.035,0.08,11.12,0.35,1787653683105.1265,False,,,3,OP1,C3_WIFI_CARGA_ALTA,N3
,0.499,0.352,0.201,1.0,,1787653683159.2434,12.035,0.08,11.12,0.35,1787653683159.2434,False,,,3,OP1,C3_WIFI_CARGA_ALTA,N3
,0.499,0.352,0.201,1.0,,1787653683185.7727,12.035,0.08,11.12,0.35,1787653683185.7727,False,,,3,OP1,C3_WIFI_CARGA_ALTA,N3
,0.498,0.351,0.201,1.0,,1787653683244.0645,12.035,0.16,11.06,0.35,1787653683244.0645,False,,,3,OP1,C3_WIFI_CARGA_ALTA,N3
,0.497,0.351,0.201,1.0,,1787653683270.6758,12.035,0.24,11.06,0.35,1787653683270.6758,False,,,3,OP1,C3_WIFI_CARGA_ALTA,N3
,0.496,0.351,0.202,1.0,,1787653683327.268,12.07,0.32,11.06,0.35,1787653683327.268,False,,,3,OP1,C3_WIFI_CARGA_ALTA,N3
,0.495,0.351,0.204,1.0,,1787653683374.6816,12.14,0.4,11.06,0.35,1787653683374.6816,False,,,3,OP1,C3_WIFI_CARGA_ALTA,N3
,0.495,0.351,0.204,1.0,,1787653683408.3228,12.14,0.4,11.06,0.35,1787653683408.3228,False,,,3,OP1,C3_WIFI_CARGA_ALTA,N3
,0.495,0.35,0.204,1.0,,1787653683438.0164,12.14,0.4,11.0,0.35,1787653683438.0164,False,,,3,OP1,C3_WIFI_CARGA_ALTA,N3
,0.495,0.347,0.206,1.0,,1787653683488.2231,12.21,0.4,10.82,0.35,1787653683488.2231,False,,,3,OP1,C3_WIFI_CARGA_ALTA,N3
,0.496,0.346,0.206,1.0,,1787653683512.9062,12.21,0.32,10.76,0.35,1787653683512.9062,False,,,3,OP1,C3_WIFI_CARGA_ALTA,N3
,0.496,0.346,0.206,1.0,,1787653683542.536,12.21,0.32,10.76,0.35,1787653683543.04,False,,,3,OP1,C3_WIFI_CARGA_ALTA,N3
,0.496,0.346,0.206,1.0,,1787653683575.7625,12.21,0.32,10.76,0.35,1787653683575.7625,False,,,3,OP1,C3_WIFI_CARGA_ALTA,N3
,0.496,0.346,0.206,1.0,,1787653683606.2395,12.21,0.32,10.76,0.35,1787653683606.2395,False,,,3,OP1,C3_WIFI_CARGA_ALTA,N3
,0.496,0.346,0.205,1.0,,1787653683773.1272,12.175,0.32,10.76,0.35,1787653683774.5496,False,,,3,OP1,C3_WIFI_CARGA_ALTA,N3
,0.497,0.349,0.205,1.0,,1787653683793.317,12.175,0.24,10.94,0.35,1787653683793.317,False,,,3,OP1,C3_WIFI_CARGA_ALTA,N3
,0.497,0.349,0.205,1.0,,1787653683827.4446,12.175,0.24,10.94,0.35,1787653683827.4446,False,,,3,OP1,C3_WIFI_CARGA_ALTA,N3
,0.497,0.35,0.205,1.0,,1787653683878.616,12.175,0.24,11.0,0.35,1787653683878.616,False,,,3,OP1,C3_WIFI_CARGA_ALTA,N3
,0.497,0.349,0.205,1.0,,1787653683911.7642,12.175,0.24,10.94,0.35,1787653683912.7373,False,,,3,OP1,C3_WIFI_CARGA_ALTA,N3
,0.497,0.348,0.205,1.0,,1787653683939.4026,12.175,0.24,10.88,0.35,1787653683939.4026,False,,,3,OP1,C3_WIFI_CARGA_ALTA,N3
,0.497,0.348,0.206,1.0,,1787653683962.3635,12.21,0.24,10.88,0.35,1787653683962.3635,False,,,3,OP1,C3_WIFI_CARGA_ALTA,N3
,0.497,0.348,0.205,1.0,,1787653683991.5686,12.175,0.24,10.88,0.35,1787653683995.8645,False,,,3,OP1,C3_WIFI_CARGA_ALTA,N3
,0.497,0.348,0.205,1.0,,1787653684013.921,12.175,0.24,10.88,0.35,1787653684013.921,False,,,3,OP1,C3_WIFI_CARGA_ALTA,N3
,0.497,0.348,0.205,1.0,,1787653684042.5627,12.175,0.24,10.88,0.35,1787653684042.5627,False,,,3,OP1,C3_WIFI_CARGA_ALTA,N3
,0.497,0.348,0.205,1.0,,1787653684078.765,12.175,0.24,10.88,0.35,1787653684080.7705,False,,,3,OP1,C3_WIFI_CARGA_ALTA,N3
,0.497,0.348,0.205,1.0,,1787653684103.2205,12.175,0.24,10.88,0.35,1787653684107.3965,False,,,3,OP1,C3_WIFI_CARGA_ALTA,N3
,0.497,0.348,0.205,1.0,,1787653684134.7131,12.175,0.24,10.88,0.35,1787653684134.7131,False,,,3,OP1,C3_WIFI_CARGA_ALTA,N3
,0.496,0.348,0.205,1.0,,1787653684175.5254,12.175,0.32,10.88,0.35,1787653684175.5254,False,,,3,OP1,C3_WIFI_CARGA_ALTA,N3
,0.496,0.348,0.205,1.0,,1787653684214.5732,12.175,0.32,10.88,0.35,1787653684218.3884,False,,,3,OP1,C3_WIFI_CARGA_ALTA,N3
,0.496,0.348,0.205,1.0,,1787653684247.5237,12.175,0.32,10.88,0.35,1787653684247.5237,False,,,3,OP1,C3_WIFI_CARGA_ALTA,N3
,0.495,0.348,0.205,1.0,,1787653684301.39,12.175,0.4,10.88,0.35,1787653684302.896,False,,,3,OP1,C3_WIFI_CARGA_ALTA,N3
,0.495,0.349,0.203,1.0,,1787653684351.2166,12.105,0.4,10.94,0.35,1787653684353.2886,False,,,3,OP1,C3_WIFI_CARGA_ALTA,N3
,0.495,0.349,0.203,1.0,,1787653684384.4329,12.105,0.4,10.94,0.35,1787653684386.4392,False,,,3,OP1,C3_WIFI_CARGA_ALTA,N3
,0.495,0.349,0.203,1.0,,1787653684412.7793,12.105,0.4,10.94,0.35,1787653684412.7793,False,,,3,OP1,C3_WIFI_CARGA_ALTA,N3
,0.495,0.348,0.202,1.0,,1787653684466.5312,12.07,0.4,10.88,0.35,1787653684466.5312,False,,,3,OP1,C3_WIFI_CARGA_ALTA,N3
,0.494,0.348,0.201,1.0,,1787653684511.5242,12.035,0.48,10.88,0.35,1787653684512.5227,False,,,3,OP1,C3_WIFI_CARGA_ALTA,N3
,0.494,0.348,0.202,1.0,,1787653684551.6094,12.07,0.48,10.88,0.35,1787653684554.3271,False,,,3,OP1,C3_WIFI_CARGA_ALTA,N3
,0.494,0.348,0.202,1.0,,1787653684579.8835,12.07,0.48,10.88,0.35,1787653684579.8835,False,,,3,OP1,C3_WIFI_CARGA_ALTA,N3
,0.494,0.348,0.202,1.0,,1787653684635.5195,12.07,0.48,10.88,0.35,1787653684635.5195,False,,,3,OP1,C3_WIFI_CARGA_ALTA,N3
,0.494,0.348,0.203,1.0,,1787653684678.5374,12.105,0.48,10.88,0.35,1787653684679.6248,False,,,3,OP1,C3_WIFI_CARGA_ALTA,N3
,0.493,0.348,0.203,1.0,,1787653684717.4517,12.105,0.56,10.88,0.35,1787653684717.4517,False,,,3,OP1,C3_WIFI_CARGA_ALTA,N3
,0.493,0.347,0.203,1.0,,1787653684747.4111,12.105,0.56,10.82,0.35,1787653684747.4111,False,,,3,OP1,C3_WIFI_CARGA_ALTA,N3
,0.493,0.347,0.203,1.0,,1787653684914.2866,12.105,0.56,10.82,0.35,1787653684914.8774,False,,,3,OP1,C3_WIFI_CARGA_ALTA,N3
,0.492,0.347,0.201,1.0,,1787653684958.137,12.035,0.64,10.82,0.35,1787653684958.137,False,,,3,OP1,C3_WIFI_CARGA_ALTA,N3
,0.494,0.347,0.199,1.0,,1787653685122.2542,11.965,0.48,10.82,0.35,1787653685125.7793,False,,,3,OP1,C3_WIFI_CARGA_ALTA,N3
,0.497,0.349,0.196,1.0,,1787653685246.9412,11.86,0.24,10.94,0.35,1787653685246.9412,False,,,3,OP1,C3_WIFI_CARGA_ALTA,N3
,0.498,0.35,0.197,1.0,,1787653685271.922,11.895,0.16,11.0,0.35,1787653685271.922,False,,,3,OP1,C3_WIFI_CARGA_ALTA,N3
,0.498,0.35,0.197,1.0,,1787653685301.7864,11.895,0.16,11.0,0.35,1787653685301.7864,False,,,3,OP1,C3_WIFI_CARGA_ALTA,N3
,0.498,0.35,0.197,1.0,,1787653685324.742,11.895,0.16,11.0,0.35,1787653685324.742,False,,,3,OP1,C3_WIFI_CARGA_ALTA,N3
,0.498,0.35,0.198,1.0,,1787653685357.6804,11.93,0.16,11.0,0.35,1787653685357.6804,False,,,3,OP1,C3_WIFI_CARGA_ALTA,N3
,0.498,0.349,0.198,1.0,,1787653685387.798,11.93,0.16,10.94,0.35,1787653685387.798,False,,,3,OP1,C3_WIFI_CARGA_ALTA,N3
,0.498,0.349,0.198,1.0,,1787653685412.9463,11.93,0.16,10.94,0.35,1787653685412.9463,False,,,3,OP1,C3_WIFI_CARGA_ALTA,N3
,0.499,0.349,0.199,1.0,,1787653685457.6755,11.965,0.08,10.94,0.35,1787653685457.6755,False,,,3,OP1,C3_WIFI_CARGA_ALTA,N3
,0.5,0.349,0.199,1.0,,1787653685491.2705,11.965,0.0,10.94,0.35,1787653685491.2705,False,,,3,OP1,C3_WIFI_CARGA_ALTA,N3
,0.5,0.349,0.2,1.0,,1787653685525.7092,12.0,0.0,10.94,0.35,1787653685525.7092,False,,,3,OP1,C3_WIFI_CARGA_ALTA,N3
,0.5,0.35,0.2,1.0,,1787653685554.6973,12.0,0.0,11.0,0.35,1787653685554.6973,False,,,3,OP1,C3_WIFI_CARGA_ALTA,N3
,0.501,0.35,0.2,1.0,,1787653685580.2002,12.0,-0.08,11.0,0.35,1787653685580.2002,False,,,3,OP1,C3_WIFI_CARGA_ALTA,N3
,0.501,0.351,0.2,1.0,,1787653685609.9473,12.0,-0.08,11.06,0.35,1787653685609.9473,False,,,3,OP1,C3_WIFI_CARGA_ALTA,N3
,0.502,0.352,0.2,1.0,,1787653685650.7612,12.0,-0.16,11.12,0.35,1787653685651.768,False,,,3,OP1,C3_WIFI_CARGA_ALTA,N3
,0.503,0.353,0.2,1.0,,1787653685692.449,12.0,-0.24,11.18,0.35,1787653685692.449,False,,,3,OP1,C3_WIFI_CARGA_ALTA,N3
,0.503,0.354,0.2,1.0,,1787653685722.115,12.0,-0.24,11.24,0.35,1787653685722.115,False,,,3,OP1,C3_WIFI_CARGA_ALTA,N3
,0.504,0.354,0.201,1.0,,1787653685746.807,12.035,-0.32,11.24,0.35,1787653685746.807,False,,,3,OP1,C3_WIFI_CARGA_ALTA,N3
,0.504,0.354,0.201,1.0,,1787653685777.079,12.035,-0.32,11.24,0.35,1787653685777.079,False,,,3,OP1,C3_WIFI_CARGA_ALTA,N3
,0.505,0.354,0.201,1.0,,1787653685799.1487,12.035,-0.4,11.24,0.35,1787653685799.1487,False,,,3,OP1,C3_WIFI_CARGA_ALTA,N3
,0.505,0.355,0.201,1.0,,1787653685830.3403,12.035,-0.4,11.3,0.35,1787653685830.3403,False,,,3,OP1,C3_WIFI_CARGA_ALTA,N3
,0.505,0.356,0.201,1.0,,1787653685860.689,12.035,-0.4,11.36,0.35,1787653685860.689,False,,,3,OP1,C3_WIFI_CARGA_ALTA,N3
,0.506,0.355,0.201,1.0,,1787653685887.0806,12.035,-0.48,11.3,0.35,1787653685887.0806,False,,,3,OP1,C3_WIFI_CARGA_ALTA,N3
,0.506,0.355,0.201,1.0,,1787653685916.1577,12.035,-0.48,11.3,0.35,1787653685916.1577,False,,,3,OP1,C3_WIFI_CARGA_ALTA,N3
,0.506,0.355,0.202,1.0,,1787653685944.5647,12.07,-0.48,11.3,0.35,1787653685944.5647,False,,,3,OP1,C3_WIFI_CARGA_ALTA,N3
,0.507,0.354,0.202,1.0,,1787653685998.5764,12.07,-0.56,11.24,0.35,1787653685998.5764,False,,,3,OP1,C3_WIFI_CARGA_ALTA,N3
,0.507,0.354,0.202,1.0,,1787653686027.433,12.07,-0.56,11.24,0.35,1787653686029.442,False,,,3,OP1,C3_WIFI_CARGA_ALTA,N3
,0.507,0.354,0.203,1.0,,1787653686056.355,12.105,-0.56,11.24,0.35,1787653686056.355,False,,,3,OP1,C3_WIFI_CARGA_ALTA,N3
,0.508,0.353,0.203,1.0,,1787653686083.612,12.105,-0.64,11.18,0.35,1787653686083.612,False,,,3,OP1,C3_WIFI_CARGA_ALTA,N3
,0.508,0.353,0.203,1.0,,1787653686110.084,12.105,-0.64,11.18,0.35,1787653686110.084,False,,,3,OP1,C3_WIFI_CARGA_ALTA,N3
,0.509,0.353,0.203,1.0,,1787653686162.589,12.105,-0.72,11.18,0.35,1787653686162.589,False,,,3,OP1,C3_WIFI_CARGA_ALTA,N3
,0.509,0.353,0.203,1.0,,1787653686194.336,12.105,-0.72,11.18,0.35,1787653686194.9192,False,,,3,OP1,C3_WIFI_CARGA_ALTA,N3
,0.509,0.353,0.203,1.0,,1787653686220.684,12.105,-0.72,11.18,0.35,1787653686224.0552,False,,,3,OP1,C3_WIFI_CARGA_ALTA,N3
,0.509,0.353,0.203,1.0,,1787653686247.3276,12.105,-0.72,11.18,0.35,1787653686247.3276,False,,,3,OP1,C3_WIFI_CARGA_ALTA,N3
,0.509,0.353,0.204,1.0,,1787653686301.3298,12.14,-0.72,11.18,0.35,1787653686302.6118,False,,,3,OP1,C3_WIFI_CARGA_ALTA,N3
,0.509,0.352,0.204,1.0,,1787653686333.1318,12.14,-0.72,11.12,0.35,1787653686333.1318,False,,,3,OP1,C3_WIFI_CARGA_ALTA,N3
,0.509,0.352,0.205,1.0,,1787653686359.2588,12.175,-0.72,11.12,0.35,1787653686360.2688,False,,,3,OP1,C3_WIFI_CARGA_ALTA,N3
,0.509,0.351,0.205,1.0,,1787653686389.8848,12.175,-0.72,11.06,0.35,1787653686389.8848,False,,,3,OP1,C3_WIFI_CARGA_ALTA,N3
,0.508,0.351,0.206,1.0,,1787653686414.0044,12.21,-0.64,11.06,0.35,1787653686418.4636,False,,,3,OP1,C3_WIFI_CARGA_ALTA,N3
,0.508,0.351,0.206,1.0,,1787653686465.1816,12.21,-0.64,11.06,0.35,1787653686465.1816,False,,,3,OP1,C3_WIFI_CARGA_ALTA,N3
,0.508,0.35,0.206,1.0,,1787653686501.622,12.21,-0.64,11.0,0.35,1787653686502.334,False,,,3,OP1,C3_WIFI_CARGA_ALTA,N3
,0.508,0.35,0.207,1.0,,1787653686524.5798,12.245,-0.64,11.0,0.35,1787653686524.5798,False,,,3,OP1,C3_WIFI_CARGA_ALTA,N3
,0.508,0.35,0.207,1.0,,1787653686557.7832,12.245,-0.64,11.0,0.35,1787653686557.7832,False,,,3,OP1,C3_WIFI_CARGA_ALTA,N3
,0.508,0.349,0.208,1.0,,1787653686601.4873,12.28,-0.64,10.94,0.35,1787653686601.4873,False,,,3,OP1,C3_WIFI_CARGA_ALTA,N3
,0.508,0.349,0.208,1.0,,1787653686636.2527,12.28,-0.64,10.94,0.35,1787653686636.7834,False,,,3,OP1,C3_WIFI_CARGA_ALTA,N3
,0.508,0.349,0.209,1.0,,1787653686666.1448,12.315,-0.64,10.94,0.35,1787653686666.1448,False,,,3,OP1,C3_WIFI_CARGA_ALTA,N3
,0.508,0.349,0.209,1.0,,1787653686689.2085,12.315,-0.64,10.94,0.35,1787653686689.2085,False,,,3,OP1,C3_WIFI_CARGA_ALTA,N3
,0.509,0.348,0.209,1.0,,1787653686725.1172,12.315,-0.72,10.88,0.35,1787653686725.1172,False,,,3,OP1,C3_WIFI_CARGA_ALTA,N3
,0.509,0.347,0.21,1.0,,1787653686768.3967,12.35,-0.72,10.82,0.35,1787653686768.3967,False,,,3,OP1,C3_WIFI_CARGA_ALTA,N3
,0.51,0.347,0.21,1.0,,1787653686935.9194,12.35,-0.8,10.82,0.35,1787653686935.9194,False,,,3,OP1,C3_WIFI_CARGA_ALTA,N3
,0.51,0.348,0.208,1.0,,1787653686971.7266,12.28,-0.8,10.88,0.35,1787653686971.7266,False,,,3,OP1,C3_WIFI_CARGA_ALTA,N3
,0.51,0.348,0.207,1.0,,1787653687001.6135,12.245,-0.8,10.88,0.35,1787653687003.119,False,,,3,OP1,C3_WIFI_CARGA_ALTA,N3
,0.509,0.348,0.206,1.0,,1787653687045.4055,12.21,-0.72,10.88,0.35,1787653687049.431,False,,,3,OP1,C3_WIFI_CARGA_ALTA,N3
,0.509,0.348,0.206,1.0,,1787653687074.9631,12.21,-0.72,10.88,0.35,1787653687074.9631,False,,,3,OP1,C3_WIFI_CARGA_ALTA,N3
,0.509,0.348,0.205,1.0,,1787653687102.8354,12.175,-0.72,10.88,0.35,1787653687102.8354,False,,,3,OP1,C3_WIFI_CARGA_ALTA,N3
,0.508,0.349,0.205,1.0,,1787653687138.5127,12.175,-0.64,10.94,0.35,1787653687138.5127,False,,,3,OP1,C3_WIFI_CARGA_ALTA,N3
,0.508,0.349,0.205,1.0,,1787653687170.3535,12.175,-0.64,10.94,0.35,1787653687170.3535,False,,,3,OP1,C3_WIFI_CARGA_ALTA,N3
,0.508,0.349,0.204,1.0,,1787653687223.0063,12.14,-0.64,10.94,0.35,1787653687223.0063,False,,,3,OP1,C3_WIFI_CARGA_ALTA,N3
,0.508,0.349,0.203,1.0,,1787653687272.2004,12.105,-0.64,10.94,0.35,1787653687272.2004,False,,,3,OP1,C3_WIFI_CARGA_ALTA,N3
,0.508,0.349,0.203,1.0,,1787653687306.6326,12.105,-0.64,10.94,0.35,1787653687306.6326,False,,,3,OP1,C3_WIFI_CARGA_ALTA,N3
,0.508,0.349,0.203,1.0,,1787653687334.7524,12.105,-0.64,10.94,0.35,1787653687334.7524,False,,,3,OP1,C3_WIFI_CARGA_ALTA,N3
,0.508,0.349,0.203,1.0,,1787653687355.6829,12.105,-0.64,10.94,0.35,1787653687356.4585,False,,,3,OP1,C3_WIFI_CARGA_ALTA,N3
,0.508,0.349,0.203,1.0,,1787653687389.5254,12.105,-0.64,10.94,0.35,1787653687389.5254,False,,,3,OP1,C3_WIFI_CARGA_ALTA,N3
,0.508,0.348,0.205,1.0,,1787653687435.4695,12.175,-0.64,10.88,0.35,1787653687435.4695,False,,,3,OP1,C3_WIFI_CARGA_ALTA,N3
,0.508,0.348,0.206,1.0,,1787653687474.8296,12.21,-0.64,10.88,0.35,1787653687474.8296,False,,,3,OP1,C3_WIFI_CARGA_ALTA,N3
,0.507,0.348,0.206,1.0,,1787653687502.767,12.21,-0.56,10.88,0.35,1787653687502.767,False,,,3,OP1,C3_WIFI_CARGA_ALTA,N3
,0.507,0.348,0.207,1.0,,1787653687527.683,12.245,-0.56,10.88,0.35,1787653687527.683,False,,,3,OP1,C3_WIFI_CARGA_ALTA,N3
,0.507,0.347,0.207,1.0,,1787653687574.495,12.245,-0.56,10.82,0.35,1787653687574.495,False,,,3,OP1,C3_WIFI_CARGA_ALTA,N3
,0.507,0.347,0.207,1.0,,1787653687607.1436,12.245,-0.56,10.82,0.35,1787653687607.1436,False,,,3,OP1,C3_WIFI_CARGA_ALTA,N3
,0.507,0.347,0.207,1.0,,1787653687640.9983,12.245,-0.56,10.82,0.35,1787653687640.9983,False,,,3,OP1,C3_WIFI_CARGA_ALTA,N3
,0.507,0.347,0.207,1.0,,1787653687668.897,12.245,-0.56,10.82,0.35,1787653687669.9033,False,,,3,OP1,C3_WIFI_CARGA_ALTA,N3
,0.507,0.347,0.206,1.0,,1787653687696.4087,12.21,-0.56,10.82,0.35,1787653687696.4087,False,,,3,OP1,C3_WIFI_CARGA_ALTA,N3
,0.507,0.346,0.205,1.0,,1787653687725.6802,12.175,-0.56,10.76,0.35,1787653687725.6802,False,,,3,OP1,C3_WIFI_CARGA_ALTA,N3
,0.508,0.347,0.205,1.0,,1787653687775.6968,12.175,-0.64,10.82,0.35,1787653687775.6968,False,,,3,OP1,C3_WIFI_CARGA_ALTA,N3
,0.508,0.346,0.205,1.0,,1787653687810.5093,12.175,-0.64,10.76,0.35,1787653687810.5093,False,,,3,OP1,C3_WIFI_CARGA_ALTA,N3
,0.508,0.346,0.206,1.0,,1787653687837.6587,12.21,-0.64,10.76,0.35,1787653687837.6587,False,,,3,OP1,C3_WIFI_CARGA_ALTA,N3
,0.509,0.345,0.207,1.0,,1787653687864.0288,12.245,-0.72,10.7,0.35,1787653687864.0288,False,,,3,OP1,C3_WIFI_CARGA_ALTA,N3
,0.509,0.343,0.208,1.0,,1787653687892.948,12.28,-0.72,10.58,0.35,1787653687892.948,False,,,3,OP1,C3_WIFI_CARGA_ALTA,N3
,0.509,0.341,0.21,1.0,,1787653687944.9382,12.35,-0.72,10.46,0.35,1787653687949.3806,False,,,3,OP1,C3_WIFI_CARGA_ALTA,N3
,0.508,0.341,0.21,1.0,,1787653687967.9631,12.35,-0.64,10.46,0.35,1787653687969.0396,False,,,3,OP1,C3_WIFI_CARGA_ALTA,N3
,0.508,0.34,0.21,1.0,,1787653687990.8882,12.35,-0.64,10.4,0.35,1787653687990.8882,False,,,3,OP1,C3_WIFI_CARGA_ALTA,N3
,0.508,0.34,0.211,1.0,,1787653688032.2185,12.385,-0.64,10.4,0.35,1787653688032.2185,False,,,3,OP1,C3_WIFI_CARGA_ALTA,N3
,0.508,0.34,0.211,1.0,,1787653688060.2075,12.385,-0.64,10.4,0.35,1787653688060.2075,False,,,3,OP1,C3_WIFI_CARGA_ALTA,N3
,0.507,0.341,0.211,1.0,,1787653688116.7087,12.385,-0.56,10.46,0.35,1787653688116.7087,False,,,3,OP1,C3_WIFI_CARGA_ALTA,N3
,0.507,0.341,0.211,1.0,,1787653688142.5735,12.385,-0.56,10.46,0.35,1787653688142.5735,False,,,3,OP1,C3_WIFI_CARGA_ALTA,N3
,0.507,0.341,0.212,1.0,,1787653688200.0942,12.42,-0.56,10.46,0.35,1787653688200.0942,False,,,3,OP1,C3_WIFI_CARGA_ALTA,N3
,0.506,0.341,0.213,1.0,,1787653688249.307,12.455,-0.48,10.46,0.35,1787653688249.307,False,,,3,OP1,C3_WIFI_CARGA_ALTA,N3
,0.506,0.341,0.213,1.0,,1787653688280.2795,12.455,-0.48,10.46,0.35,1787653688284.3003,False,,,3,OP1,C3_WIFI_CARGA_ALTA,N3
,0.506,0.341,0.212,1.0,,1787653688308.9893,12.42,-0.48,10.46,0.35,1787653688308.9893,False,,,3,OP1,C3_WIFI_CARGA_ALTA,N3
,0.506,0.342,0.211,1.0,,1787653688367.5105,12.385,-0.48,10.52,0.35,1787653688367.5105,False,,,3,OP1,C3_WIFI_CARGA_ALTA,N3
,0.506,0.341,0.211,1.0,,1787653688393.142,12.385,-0.48,10.46,0.35,1787653688393.142,False,,,3,OP1,C3_WIFI_CARGA_ALTA,N3
,0.506,0.341,0.211,1.0,,1787653688419.4863,12.385,-0.48,10.46,0.35,1787653688419.4863,False,,,3,OP1,C3_WIFI_CARGA_ALTA,N3
,0.506,0.341,0.211,1.0,,1787653688448.706,12.385,-0.48,10.46,0.35,1787653688448.706,False,,,3,OP1,C3_WIFI_CARGA_ALTA,N3
,0.507,0.341,0.211,1.0,,1787653688615.3503,12.385,-0.56,10.46,0.35,1787653688615.3503,False,,,3,OP1,C3_WIFI_CARGA_ALTA,N3
,0.507,0.34,0.211,1.0,,1787653688645.1616,12.385,-0.56,10.4,0.35,1787653688645.1616,False,,,3,OP1,C3_WIFI_CARGA_ALTA,N3
,0.507,0.34,0.212,1.0,,1787653688670.4668,12.42,-0.56,10.4,0.35,1787653688670.4668,False,,,3,OP1,C3_WIFI_CARGA_ALTA,N3
,0.507,0.34,0.212,1.0,,1787653688699.318,12.42,-0.56,10.4,0.35,1787653688699.318,False,,,3,OP1,C3_WIFI_CARGA_ALTA,N3
,0.507,0.34,0.212,1.0,,1787653688720.6436,12.42,-0.56,10.4,0.35,1787653688720.6436,False,,,3,OP1,C3_WIFI_CARGA_ALTA,N3
,0.507,0.34,0.212,1.0,,1787653688742.0923,12.42,-0.56,10.4,0.35,1787653688742.0923,False,,,3,OP1,C3_WIFI_CARGA_ALTA,N3
,0.507,0.34,0.212,1.0,,1787653688782.6035,12.42,-0.56,10.4,0.35,1787653688782.6035,False,,,3,OP1,C3_WIFI_CARGA_ALTA,N3
,0.507,0.34,0.213,1.0,,1787653688813.2598,12.455,-0.56,10.4,0.35,1787653688814.817,False,,,3,OP1,C3_WIFI_CARGA_ALTA,N3
,0.507,0.34,0.213,1.0,,1787653688840.418,12.455,-0.56,10.4,0.35,1787653688840.418,False,,,3,OP1,C3_WIFI_CARGA_ALTA,N3
,0.506,0.34,0.213,1.0,,1787653688867.0625,12.455,-0.48,10.4,0.35,1787653688867.0625,False,,,3,OP1,C3_WIFI_CARGA_ALTA,N3
,0.506,0.34,0.213,1.0,,1787653688887.914,12.455,-0.48,10.4,0.35,1787653688887.914,False,,,3,OP1,C3_WIFI_CARGA_ALTA,N3
,0.506,0.339,0.213,1.0,,1787653688908.9856,12.455,-0.48,10.34,0.35,1787653688908.9856,False,,,3,OP1,C3_WIFI_CARGA_ALTA,N3
,0.506,0.339,0.213,1.0,,1787653688950.2256,12.455,-0.48,10.34,0.35,1787653688951.4368,False,,,3,OP1,C3_WIFI_CARGA_ALTA,N3
,0.506,0.339,0.214,1.0,,1787653688980.1497,12.49,-0.48,10.34,0.35,1787653688981.1958,False,,,3,OP1,C3_WIFI_CARGA_ALTA,N3
,0.506,0.339,0.214,1.0,,1787653689031.4204,12.49,-0.48,10.34,0.35,1787653689035.557,False,,,3,OP1,C3_WIFI_CARGA_ALTA,N3
,0.505,0.34,0.213,1.0,,1787653689222.4165,12.455,-0.4,10.4,0.35,1787653689222.4165,False,,,3,OP1,C3_WIFI_CARGA_ALTA,N3
,0.505,0.342,0.21,1.0,,1787653689246.609,12.35,-0.4,10.52,0.35,1787653689246.609,False,,,3,OP1,C3_WIFI_CARGA_ALTA,N3
,0.505,0.343,0.21,1.0,,1787653689282.3774,12.35,-0.4,10.58,0.35,1787653689286.8271,False,,,3,OP1,C3_WIFI_CARGA_ALTA,N3
,0.505,0.343,0.209,1.0,,1787653689451.6917,12.315,-0.4,10.58,0.35,1787653689451.6917,False,,,3,OP1,C3_WIFI_CARGA_ALTA,N3
,0.505,0.342,0.211,1.0,,1787653689590.0815,12.385,-0.4,10.52,0.35,1787653689590.0815,False,,,3,OP1,C3_WIFI_CARGA_ALTA,N3
,0.504,0.341,0.215,1.0,,1787653689619.7405,12.525,-0.32,10.46,0.35,1787653689619.7405,False,,,3,OP1,C3_WIFI_CARGA_ALTA,N3
,0.504,0.341,0.215,1.0,,1787653689645.1506,12.525,-0.32,10.46,0.35,1787653689645.1506,False,,,3,OP1,C3_WIFI_CARGA_ALTA,N3
,0.504,0.34,0.215,1.0,,1787653689673.4873,12.525,-0.32,10.4,0.35,1787653689673.4873,False,,,3,OP1,C3_WIFI_CARGA_ALTA,N3
,0.505,0.34,0.215,1.0,,1787653689702.9956,12.525,-0.4,10.4,0.35,1787653689702.9956,False,,,3,OP1,C3_WIFI_CARGA_ALTA,N3
,0.505,0.34,0.216,1.0,,1787653689725.035,12.56,-0.4,10.4,0.35,1787653689725.035,False,,,3,OP1,C3_WIFI_CARGA_ALTA,N3
,0.505,0.34,0.216,1.0,,1787653689758.236,12.56,-0.4,10.4,0.35,1787653689758.236,False,,,3,OP1,C3_WIFI_CARGA_ALTA,N3
,0.505,0.34,0.217,1.0,,1787653689787.9722,12.595,-0.4,10.4,0.35,1787653689787.9722,False,,,3,OP1,C3_WIFI_CARGA_ALTA,N3
,0.505,0.34,0.218,1.0,,1787653689814.6587,12.63,-0.4,10.4,0.35,1787653689814.6587,False,,,3,OP1,C3_WIFI_CARGA_ALTA,N3
,0.505,0.339,0.219,1.0,,1787653689841.3877,12.665,-0.4,10.34,0.35,1787653689841.3877,False,,,3,OP1,C3_WIFI_CARGA_ALTA,N3
,0.505,0.339,0.219,1.0,,1787653689861.8823,12.665,-0.4,10.34,0.35,1787653689862.388,False,,,3,OP1,C3_WIFI_CARGA_ALTA,N3
,0.505,0.339,0.22,1.0,,1787653689883.4082,12.7,-0.4,10.34,0.35,1787653689883.4082,False,,,3,OP1,C3_WIFI_CARGA_ALTA,N3
,0.505,0.338,0.22,1.0,,1787653689925.2778,12.7,-0.4,10.28,0.35,1787653689925.2778,False,,,3,OP1,C3_WIFI_CARGA_ALTA,N3
,0.505,0.339,0.22,1.0,,1787653689953.808,12.7,-0.4,10.34,0.35,1787653689953.808,False,,,3,OP1,C3_WIFI_CARGA_ALTA,N3
,0.505,0.339,0.219,1.0,,1787653690007.37,12.665,-0.4,10.34,0.35,1787653690011.8325,False,,,3,OP1,C3_WIFI_CARGA_ALTA,N3
,0.505,0.34,0.218,1.0,,1787653690052.5876,12.63,-0.4,10.4,0.35,1787653690052.5876,False,,,3,OP1,C3_WIFI_CARGA_ALTA,N3
,0.505,0.34,0.218,1.0,,1787653690093.4995,12.63,-0.4,10.4,0.35,1787653690093.4995,False,,,3,OP1,C3_WIFI_CARGA_ALTA,N3
,0.505,0.34,0.218,1.0,,1787653690120.0747,12.63,-0.4,10.4,0.35,1787653690120.0747,False,,,3,OP1,C3_WIFI_CARGA_ALTA,N3
,0.505,0.34,0.217,1.0,,1787653690164.5713,12.595,-0.4,10.4,0.35,1787653690166.0913,False,,,3,OP1,C3_WIFI_CARGA_ALTA,N3
,0.505,0.34,0.216,1.0,,1787653690203.5813,12.56,-0.4,10.4,0.35,1787653690203.5813,False,,,3,OP1,C3_WIFI_CARGA_ALTA,N3
,0.505,0.34,0.216,1.0,,1787653690228.0305,12.56,-0.4,10.4,0.35,1787653690228.0305,False,,,3,OP1,C3_WIFI_CARGA_ALTA,N3
,0.505,0.341,0.216,1.0,,1787653690259.3823,12.56,-0.4,10.46,0.35,1787653690261.391,False,,,3,OP1,C3_WIFI_CARGA_ALTA,N3
,0.504,0.341,0.217,1.0,,1787653690286.4258,12.595,-0.32,10.46,0.35,1787653690289.6272,False,,,3,OP1,C3_WIFI_CARGA_ALTA,N3
,0.505,0.34,0.217,1.0,,1787653690316.83,12.595,-0.4,10.4,0.35,1787653690316.83,False,,,3,OP1,C3_WIFI_CARGA_ALTA,N3
,0.505,0.34,0.217,1.0,,1787653690341.3772,12.595,-0.4,10.4,0.35,1787653690346.1084,False,,,3,OP1,C3_WIFI_CARGA_ALTA,N3
,0.505,0.34,0.218,1.0,,1787653690365.5554,12.63,-0.4,10.4,0.35,1787653690365.5554,False,,,3,OP1,C3_WIFI_CARGA_ALTA,N3
,0.505,0.34,0.218,1.0,,1787653690386.152,12.63,-0.4,10.4,0.35,1787653690388.168,False,,,3,OP1,C3_WIFI_CARGA_ALTA,N3
,0.504,0.341,0.218,1.0,,1787653690427.317,12.63,-0.32,10.46,0.35,1787653690427.317,False,,,3,OP1,C3_WIFI_CARGA_ALTA,N3
,0.504,0.341,0.218,1.0,,1787653690455.129,12.63,-0.32,10.46,0.35,1787653690455.129,False,,,3,OP1,C3_WIFI_CARGA_ALTA,N3
,0.504,0.342,0.217,1.0,,1787653690501.5698,12.595,-0.32,10.52,0.35,1787653690501.5698,False,,,3,OP1,C3_WIFI_CARGA_ALTA,N3
,0.504,0.343,0.216,1.0,,1787653690532.972,12.56,-0.32,10.58,0.35,1787653690535.1794,False,,,3,OP1,C3_WIFI_CARGA_ALTA,N3
,0.505,0.343,0.215,1.0,,1787653690555.4216,12.525,-0.4,10.58,0.35,1787653690555.4216,False,,,3,OP1,C3_WIFI_CARGA_ALTA,N3
,0.505,0.343,0.215,1.0,,1787653690593.499,12.525,-0.4,10.58,0.35,1787653690593.499,False,,,3,OP1,C3_WIFI_CARGA_ALTA,N3
,0.505,0.343,0.214,1.0,,1787653690622.1738,12.49,-0.4,10.58,0.35,1787653690622.1738,False,,,3,OP1,C3_WIFI_CARGA_ALTA,N3
,0.505,0.343,0.213,1.0,,1787653690665.5425,12.455,-0.4,10.58,0.35,1787653690665.5425,False,,,3,OP1,C3_WIFI_CARGA_ALTA,N3
,0.505,0.343,0.213,1.0,,1787653690698.1384,12.455,-0.4,10.58,0.35,1787653690701.652,False,,,3,OP1,C3_WIFI_CARGA_ALTA,N3
,0.505,0.343,0.213,1.0,,1787653690928.4502,12.455,-0.4,10.58,0.35,1787653690929.4485,False,,,3,OP1,C3_WIFI_CARGA_ALTA,N3
,0.504,0.343,0.208,1.0,,1787653690954.6494,12.28,-0.32,10.58,0.35,1787653690954.6494,False,,,3,OP1,C3_WIFI_CARGA_ALTA,N3
,0.504,0.343,0.207,1.0,,1787653690980.407,12.245,-0.32,10.58,0.35,1787653690981.4106,False,,,3,OP1,C3_WIFI_CARGA_ALTA,N3
,0.503,0.344,0.205,1.0,,1787653691001.369,12.175,-0.24,10.64,0.35,1787653691001.369,False,,,3,OP1,C3_WIFI_CARGA_ALTA,N3
,0.502,0.345,0.204,1.0,,1787653691035.7893,12.14,-0.16,10.7,0.35,1787653691035.7893,False,,,3,OP1,C3_WIFI_CARGA_ALTA,N3
,0.5,0.347,0.201,1.0,,1787653691093.1345,12.035,0.0,10.82,0.35,1787653691096.3372,False,,,3,OP1,C3_WIFI_CARGA_ALTA,N3
,0.499,0.347,0.201,1.0,,1787653691261.9143,12.035,0.08,10.82,0.35,1787653691264.2107,False,,,3,OP1,C3_WIFI_CARGA_ALTA,N3
,0.497,0.35,0.196,1.0,,1787653691429.1372,11.86,0.24,11.0,0.35,1787653691429.1372,False,,,3,OP1,C3_WIFI_CARGA_ALTA,N3
,0.496,0.351,0.196,1.0,,1787653691531.171,11.86,0.32,11.06,0.35,1787653691532.3474,False,,,3,OP1,C3_WIFI_CARGA_ALTA,N3
,0.495,0.349,0.195,1.0,,1787653691660.0403,11.825,0.4,10.94,0.35,1787653691660.0403,False,,,3,OP1,C3_WIFI_CARGA_ALTA,N3
,0.497,0.351,0.194,1.0,,1787653691701.4424,11.79,0.24,11.06,0.35,1787653691703.199,False,,,3,OP1,C3_WIFI_CARGA_ALTA,N3
,0.497,0.351,0.193,1.0,,1787653691735.615,11.755,0.24,11.06,0.35,1787653691736.629,False,,,3,OP1,C3_WIFI_CARGA_ALTA,N3
,0.497,0.352,0.193,1.0,,1787653691761.374,11.755,0.24,11.12,0.35,1787653691765.1487,False,,,3,OP1,C3_WIFI_CARGA_ALTA,N3
,0.498,0.352,0.193,1.0,,1787653691785.5964,11.755,0.16,11.12,0.35,1787653691785.5964,False,,,3,OP1,C3_WIFI_CARGA_ALTA,N3
,0.498,0.353,0.193,1.0,,1787653691809.724,11.755,0.16,11.18,0.35,1787653691811.8938,False,,,3,OP1,C3_WIFI_CARGA_ALTA,N3
,0.498,0.353,0.193,1.0,,1787653691841.1702,11.755,0.16,11.18,0.35,1787653691841.1702,False,,,3,OP1,C3_WIFI_CARGA_ALTA,N3
,0.498,0.353,0.193,1.0,,1787653691868.8252,11.755,0.16,11.18,0.35,1787653691869.8333,False,,,3,OP1,C3_WIFI_CARGA_ALTA,N3
,0.498,0.353,0.193,1.0,,1787653691903.016,11.755,0.16,11.18,0.35,1787653691904.02,False,,,3,OP1,C3_WIFI_CARGA_ALTA,N3
,0.498,0.353,0.193,1.0,,1787653691930.713,11.755,0.16,11.18,0.35,1787653691932.7234,False,,,3,OP1,C3_WIFI_CARGA_ALTA,N3
,0.498,0.353,0.192,1.0,,1787653691976.104,11.72,0.16,11.18,0.35,1787653691976.104,False,,,3,OP1,C3_WIFI_CARGA_ALTA,N3
,0.498,0.354,0.192,1.0,,1787653692011.052,11.72,0.16,11.24,0.35,1787653692013.8728,False,,,3,OP1,C3_WIFI_CARGA_ALTA,N3
,0.498,0.355,0.192,1.0,,1787653692038.5864,11.72,0.16,11.3,0.35,1787653692038.5864,False,,,3,OP1,C3_WIFI_CARGA_ALTA,N3
,0.499,0.355,0.191,1.0,,1787653692070.35,11.685,0.08,11.3,0.35,1787653692071.3577,False,,,3,OP1,C3_WIFI_CARGA_ALTA,N3
,0.499,0.355,0.191,1.0,,1787653692097.2178,11.685,0.08,11.3,0.35,1787653692099.228,False,,,3,OP1,C3_WIFI_CARGA_ALTA,N3
,0.501,0.355,0.191,1.0,,1787653692148.1934,11.685,-0.08,11.3,0.35,1787653692148.1934,False,,,3,OP1,C3_WIFI_CARGA_ALTA,N3
,0.501,0.356,0.192,1.0,,1787653692180.7866,11.72,-0.08,11.36,0.35,1787653692180.7866,False,,,3,OP1,C3_WIFI_CARGA_ALTA,N3
,0.501,0.356,0.192,1.0,,1787653692206.68,11.72,-0.08,11.36,0.35,1787653692206.68,False,,,3,OP1,C3_WIFI_CARGA_ALTA,N3
,0.502,0.356,0.192,1.0,,1787653692236.0864,11.72,-0.16,11.36,0.35,1787653692236.0864,False,,,3,OP1,C3_WIFI_CARGA_ALTA,N3
,0.502,0.356,0.193,1.0,,1787653692263.4355,11.755,-0.16,11.36,0.35,1787653692266.0027,False,,,3,OP1,C3_WIFI_CARGA_ALTA,N3
,0.503,0.356,0.193,1.0,,1787653692315.8726,11.755,-0.24,11.36,0.35,1787653692315.8726,False,,,3,OP1,C3_WIFI_CARGA_ALTA,N3
,0.503,0.356,0.194,1.0,,1787653692348.4348,11.79,-0.24,11.36,0.35,1787653692348.4348,False,,,3,OP1,C3_WIFI_CARGA_ALTA,N3
,0.504,0.356,0.195,1.0,,1787653692373.8809,11.825,-0.32,11.36,0.35,1787653692374.8782,False,,,3,OP1,C3_WIFI_CARGA_ALTA,N3
,0.504,0.356,0.195,1.0,,1787653692404.1738,11.825,-0.32,11.36,0.35,1787653692406.08,False,,,3,OP1,C3_WIFI_CARGA_ALTA,N3
,0.505,0.356,0.195,1.0,,1787653692431.5847,11.825,-0.4,11.36,0.35,1787653692433.11,False,,,3,OP1,C3_WIFI_CARGA_ALTA,N3
,0.505,0.356,0.196,1.0,,1787653692458.1772,11.86,-0.4,11.36,0.35,1787653692458.1772,False,,,3,OP1,C3_WIFI_CARGA_ALTA,N3
,0.505,0.356,0.197,1.0,,1787653692483.9954,11.895,-0.4,11.36,0.35,1787653692483.9954,False,,,3,OP1,C3_WIFI_CARGA_ALTA,N3
,0.505,0.356,0.198,1.0,,1787653692514.8977,11.93,-0.4,11.36,0.35,1787653692516.9136,False,,,3,OP1,C3_WIFI_CARGA_ALTA,N3
,0.505,0.356,0.198,1.0,,1787653692540.0684,11.93,-0.4,11.36,0.35,1787653692540.0684,False,,,3,OP1,C3_WIFI_CARGA_ALTA,N3
,0.505,0.357,0.199,1.0,,1787653692571.9795,11.965,-0.4,11.42,0.35,1787653692573.8896,False,,,3,OP1,C3_WIFI_CARGA_ALTA,N3
,0.505,0.357,0.199,1.0,,1787653692599.4875,11.965,-0.4,11.42,0.35,1787653692599.4875,False,,,3,OP1,C3_WIFI_CARGA_ALTA,N3
,0.506,0.356,0.199,1.0,,1787653692651.229,11.965,-0.48,11.36,0.35,1787653692652.732,False,,,3,OP1,C3_WIFI_CARGA_ALTA,N3
,0.506,0.356,0.199,1.0,,1787653692838.2036,11.965,-0.48,11.36,0.35,1787653692838.2036,False,,,3,OP1,C3_WIFI_CARGA_ALTA,N3
,0.506,0.355,0.2,1.0,,1787653692878.0557,12.0,-0.48,11.3,0.35,1787653692879.2517,False,,,3,OP1,C3_WIFI_CARGA_ALTA,N3
,0.506,0.355,0.201,1.0,,1787653692905.2449,12.035,-0.48,11.3,0.35,1787653692905.2449,False,,,3,OP1,C3_WIFI_CARGA_ALTA,N3
,0.505,0.355,0.202,1.0,,1787653692932.0886,12.07,-0.4,11.3,0.35,1787653692932.0886,False,,,3,OP1,C3_WIFI_CARGA_ALTA,N3
,0.505,0.354,0.202,1.0,,1787653692954.3396,12.07,-0.4,11.24,0.35,1787653692954.3396,False,,,3,OP1,C3_WIFI_CARGA_ALTA,N3
,0.505,0.354,0.202,1.0,,1787653692983.434,12.07,-0.4,11.24,0.35,1787653692984.9685,False,,,3,OP1,C3_WIFI_CARGA_ALTA,N3
,0.505,0.354,0.202,1.0,,1787653693017.1355,12.07,-0.4,11.24,0.35,1787653693017.1355,False,,,3,OP1,C3_WIFI_CARGA_ALTA,N3
,0.505,0.354,0.202,1.0,,1787653693042.979,12.07,-0.4,11.24,0.35,1787653693044.1538,False,,,3,OP1,C3_WIFI_CARGA_ALTA,N3
,0.505,0.354,0.202,1.0,,1787653693070.765,12.07,-0.4,11.24,0.35,1787653693070.765,False,,,3,OP1,C3_WIFI_CARGA_ALTA,N3
,0.505,0.354,0.202,1.0,,1787653693117.71,12.07,-0.4,11.24,0.35,1787653693117.71,False,,,3,OP1,C3_WIFI_CARGA_ALTA,N3
,0.505,0.353,0.202,1.0,,1787653693151.835,12.07,-0.4,11.18,0.35,1787653693151.835,False,,,3,OP1,C3_WIFI_CARGA_ALTA,N3
,0.505,0.354,0.202,1.0,,1787653693180.9868,12.07,-0.4,11.24,0.35,1787653693184.807,False,,,3,OP1,C3_WIFI_CARGA_ALTA,N3
,0.505,0.354,0.203,1.0,,1787653693210.01,12.105,-0.4,11.24,0.35,1787653693210.01,False,,,3,OP1,C3_WIFI_CARGA_ALTA,N3
,0.505,0.354,0.202,1.0,,1787653693239.414,12.07,-0.4,11.24,0.35,1787653693239.414,False,,,3,OP1,C3_WIFI_CARGA_ALTA,N3
,0.505,0.354,0.203,1.0,,1787653693265.9402,12.105,-0.4,11.24,0.35,1787653693265.9402,False,,,3,OP1,C3_WIFI_CARGA_ALTA,N3
,0.505,0.354,0.203,1.0,,1787653693288.674,12.105,-0.4,11.24,0.35,1787653693288.674,False,,,3,OP1,C3_WIFI_CARGA_ALTA,N3
,0.506,0.354,0.202,1.0,,1787653693322.4963,12.07,-0.48,11.24,0.35,1787653693322.4963,False,,,3,OP1,C3_WIFI_CARGA_ALTA,N3
,0.506,0.354,0.203,1.0,,1787653693349.5513,12.105,-0.48,11.24,0.35,1787653693351.677,False,,,3,OP1,C3_WIFI_CARGA_ALTA,N3
,0.505,0.354,0.203,1.0,,1787653693378.0134,12.105,-0.4,11.24,0.35,1787653693378.0134,False,,,3,OP1,C3_WIFI_CARGA_ALTA,N3
,0.505,0.354,0.203,1.0,,1787653693407.2244,12.105,-0.4,11.24,0.35,1787653693407.2244,False,,,3,OP1,C3_WIFI_CARGA_ALTA,N3
,0.505,0.354,0.202,1.0,,1787653693453.832,12.07,-0.4,11.24,0.35,1787653693457.3435,False,,,3,OP1,C3_WIFI_CARGA_ALTA,N3
,0.505,0.355,0.202,1.0,,1787653693487.2102,12.07,-0.4,11.3,0.35,1787653693489.296,False,,,3,OP1,C3_WIFI_CARGA_ALTA,N3
,0.505,0.355,0.202,1.0,,1787653693517.058,12.07,-0.4,11.3,0.35,1787653693517.058,False,,,3,OP1,C3_WIFI_CARGA_ALTA,N3
,0.505,0.355,0.201,1.0,,1787653693542.616,12.035,-0.4,11.3,0.35,1787653693546.9158,False,,,3,OP1,C3_WIFI_CARGA_ALTA,N3
,0.505,0.355,0.201,1.0,,1787653693571.6772,12.035,-0.4,11.3,0.35,1787653693571.6772,False,,,3,OP1,C3_WIFI_CARGA_ALTA,N3
,0.504,0.355,0.2,1.0,,1787653693621.8826,12.0,-0.32,11.3,0.35,1787653693625.4636,False,,,3,OP1,C3_WIFI_CARGA_ALTA,N3
,0.504,0.355,0.2,1.0,,1787653693646.229,12.0,-0.32,11.3,0.35,1787653693648.3352,False,,,3,OP1,C3_WIFI_CARGA_ALTA,N3
,0.503,0.355,0.198,1.0,,1787653693677.6128,11.93,-0.24,11.3,0.35,1787653693677.6128,False,,,3,OP1,C3_WIFI_CARGA_ALTA,N3
,0.502,0.355,0.198,1.0,,1787653693709.9895,11.93,-0.16,11.3,0.35,1787653693714.0498,False,,,3,OP1,C3_WIFI_CARGA_ALTA,N3
,0.502,0.355,0.198,1.0,,1787653693740.5151,11.93,-0.16,11.3,0.35,1787653693742.5552,False,,,3,OP1,C3_WIFI_CARGA_ALTA,N3
,0.502,0.355,0.197,1.0,,1787653693763.6255,11.895,-0.16,11.3,0.35,1787653693763.6255,False,,,3,OP1,C3_WIFI_CARGA_ALTA,N3
,0.502,0.355,0.197,1.0,,1787653693789.5488,11.895,-0.16,11.3,0.35,1787653693792.1238,False,,,3,OP1,C3_WIFI_CARGA_ALTA,N3
,0.502,0.354,0.197,1.0,,1787653693823.3494,11.895,-0.16,11.24,0.35,1787653693823.3494,False,,,3,OP1,C3_WIFI_CARGA_ALTA,N3
,0.502,0.352,0.199,1.0,,1787653693846.7866,11.965,-0.16,11.12,0.35,1787653693846.7866,False,,,3,OP1,C3_WIFI_CARGA_ALTA,N3
,0.503,0.35,0.201,1.0,,1787653693880.9749,12.035,-0.24,11.0,0.35,1787653693880.9749,False,,,3,OP1,C3_WIFI_CARGA_ALTA,N3
,0.503,0.35,0.201,1.0,,1787653693906.5215,12.035,-0.24,11.0,0.35,1787653693906.5215,False,,,3,OP1,C3_WIFI_CARGA_ALTA,N3
,0.503,0.35,0.202,1.0,,1787653693928.3228,12.07,-0.24,11.0,0.35,1787653693928.3228,False,,,3,OP1,C3_WIFI_CARGA_ALTA,N3
,0.504,0.35,0.202,1.0,,1787653693959.019,12.07,-0.32,11.0,0.35,1787653693961.9243,False,,,3,OP1,C3_WIFI_CARGA_ALTA,N3
,0.504,0.35,0.203,1.0,,1787653693991.2075,12.105,-0.32,11.0,0.35,1787653693991.2075,False,,,3,OP1,C3_WIFI_CARGA_ALTA,N3
,0.505,0.349,0.203,1.0,,1787653694011.817,12.105,-0.4,10.94,0.35,1787653694011.817,False,,,3,OP1,C3_WIFI_CARGA_ALTA,N3
,0.505,0.35,0.203,1.0,,1787653694045.3088,12.105,-0.4,11.0,0.35,1787653694045.3088,False,,,3,OP1,C3_WIFI_CARGA_ALTA,N3
,0.505,0.35,0.203,1.0,,1787653694074.9998,12.105,-0.4,11.0,0.35,1787653694076.7793,False,,,3,OP1,C3_WIFI_CARGA_ALTA,N3
,0.505,0.35,0.202,1.0,,1787653694096.2627,12.07,-0.4,11.0,0.35,1787653694097.3086,False,,,3,OP1,C3_WIFI_CARGA_ALTA,N3
,0.505,0.35,0.202,1.0,,1787653694126.0825,12.07,-0.4,11.0,0.35,1787653694126.0825,False,,,3,OP1,C3_WIFI_CARGA_ALTA,N3
,0.505,0.35,0.202,1.0,,1787653694146.3423,12.07,-0.4,11.0,0.35,1787653694146.3423,False,,,3,OP1,C3_WIFI_CARGA_ALTA,N3
,0.505,0.35,0.202,1.0,,1787653694180.7654,12.07,-0.4,11.0,0.35,1787653694180.7654,False,,,3,OP1,C3_WIFI_CARGA_ALTA,N3
,0.505,0.35,0.202,1.0,,1787653694213.358,12.07,-0.4,11.0,0.35,1787653694215.3765,False,,,3,OP1,C3_WIFI_CARGA_ALTA,N3
,0.505,0.35,0.202,1.0,,1787653694239.3618,12.07,-0.4,11.0,0.35,1787653694243.6377,False,,,3,OP1,C3_WIFI_CARGA_ALTA,N3
,0.505,0.35,0.201,1.0,,1787653694261.1582,12.035,-0.4,11.0,0.35,1787653694262.2017,False,,,3,OP1,C3_WIFI_CARGA_ALTA,N3
,0.505,0.35,0.201,1.0,,1787653694293.3596,12.035,-0.4,11.0,0.35,1787653694297.4695,False,,,3,OP1,C3_WIFI_CARGA_ALTA,N3
,0.505,0.349,0.201,1.0,,1787653694326.309,12.035,-0.4,10.94,0.35,1787653694326.309,False,,,3,OP1,C3_WIFI_CARGA_ALTA,N3
,0.505,0.349,0.201,1.0,,1787653694348.1787,12.035,-0.4,10.94,0.35,1787653694348.1787,False,,,3,OP1,C3_WIFI_CARGA_ALTA,N3
,0.505,0.349,0.201,1.0,,1787653694371.047,12.035,-0.4,10.94,0.35,1787653694371.047,False,,,3,OP1,C3_WIFI_CARGA_ALTA,N3
,0.505,0.349,0.201,1.0,,1787653694398.9348,12.035,-0.4,10.94,0.35,1787653694401.3057,False,,,3,OP1,C3_WIFI_CARGA_ALTA,N3
,0.505,0.349,0.201,1.0,,1787653694434.069,12.035,-0.4,10.94,0.35,1787653694434.069,False,,,3,OP1,C3_WIFI_CARGA_ALTA,N3
,0.505,0.35,0.2,1.0,,1787653694464.1726,12.0,-0.4,11.0,0.35,1787653694464.1726,False,,,3,OP1,C3_WIFI_CARGA_ALTA,N3
,0.505,0.35,0.2,1.0,,1787653694493.7144,12.0,-0.4,11.0,0.35,1787653694493.7144,False,,,3,OP1,C3_WIFI_CARGA_ALTA,N3
,0.506,0.35,0.2,1.0,,1787653694518.8984,12.0,-0.48,11.0,0.35,1787653694518.8984,False,,,3,OP1,C3_WIFI_CARGA_ALTA,N3
,0.506,0.35,0.2,1.0,,1787653694546.8347,12.0,-0.48,11.0,0.35,1787653694546.8347,False,,,3,OP1,C3_WIFI_CARGA_ALTA,N3
,0.507,0.35,0.2,1.0,,1787653694600.3215,12.0,-0.56,11.0,0.35,1787653694601.335,False,,,3,OP1,C3_WIFI_CARGA_ALTA,N3
,0.507,0.351,0.2,1.0,,1787653694625.278,12.0,-0.56,11.06,0.35,1787653694625.278,False,,,3,OP1,C3_WIFI_CARGA_ALTA,N3
,0.507,0.351,0.199,1.0,,1787653694647.6318,11.965,-0.56,11.06,0.35,1787653694648.1377,False,,,3,OP1,C3_WIFI_CARGA_ALTA,N3
,0.507,0.351,0.199,1.0,,1787653694686.5215,11.965,-0.56,11.06,0.35,1787653694688.662,False,,,3,OP1,C3_WIFI_CARGA_ALTA,N3
,0.507,0.351,0.199,1.0,,1787653694714.035,11.965,-0.56,11.06,0.35,1787653694714.035,False,,,3,OP1,C3_WIFI_CARGA_ALTA,N3
,0.506,0.352,0.197,1.0,,1787653694766.3623,11.895,-0.48,11.12,0.35,1787653694768.516,False,,,3,OP1,C3_WIFI_CARGA_ALTA,N3
,0.506,0.353,0.197,1.0,,1787653694798.1848,11.895,-0.48,11.18,0.35,1787653694798.1848,False,,,3,OP1,C3_WIFI_CARGA_ALTA,N3
,0.505,0.354,0.196,1.0,,1787653694853.702,11.86,-0.4,11.24,0.35,1787653694853.702,False,,,3,OP1,C3_WIFI_CARGA_ALTA,N3
,0.505,0.354,0.196,1.0,,1787653694898.784,11.86,-0.4,11.24,0.35,1787653694898.784,False,,,3,OP1,C3_WIFI_CARGA_ALTA,N3
,0.506,0.354,0.196,1.0,,1787653694935.453,11.86,-0.48,11.24,0.35,1787653694935.453,False,,,3,OP1,C3_WIFI_CARGA_ALTA,N3
,0.506,0.354,0.196,1.0,,1787653694966.063,11.86,-0.48,11.24,0.35,1787653694967.9563,False,,,3,OP1,C3_WIFI_CARGA_ALTA,N3
,0.506,0.354,0.197,1.0,,1787653695019.5125,11.895,-0.48,11.24,0.35,1787653695022.6423,False,,,3,OP1,C3_WIFI_CARGA_ALTA,N3
,0.506,0.354,0.197,1.0,,1787653695049.5674,11.895,-0.48,11.24,0.35,1787653695049.5674,False,,,3,OP1,C3_WIFI_CARGA_ALTA,N3
,0.506,0.354,0.197,1.0,,1787653695101.266,11.895,-0.48,11.24,0.35,1787653695101.266,False,,,3,OP1,C3_WIFI_CARGA_ALTA,N3
,0.506,0.354,0.197,1.0,,1787653695133.307,11.895,-0.48,11.24,0.35,1787653695133.307,False,,,3,OP1,C3_WIFI_CARGA_ALTA,N3
,0.506,0.355,0.197,1.0,,1787653695154.1155,11.895,-0.48,11.3,0.35,1787653695154.1155,False,,,3,OP1,C3_WIFI_CARGA_ALTA,N3
,0.506,0.354,0.197,1.0,,1787653695187.9268,11.895,-0.48,11.24,0.35,1787653695189.6804,False,,,3,OP1,C3_WIFI_CARGA_ALTA,N3
,0.506,0.355,0.198,1.0,,1787653695217.4949,11.93,-0.48,11.3,0.35,1787653695217.4949,False,,,3,OP1,C3_WIFI_CARGA_ALTA,N3
,0.506,0.355,0.198,1.0,,1787653695272.069,11.93,-0.48,11.3,0.35,1787653695273.074,False,,,3,OP1,C3_WIFI_CARGA_ALTA,N3
,0.507,0.355,0.198,1.0,,1787653695297.516,11.93,-0.56,11.3,0.35,1787653695301.207,False,,,3,OP1,C3_WIFI_CARGA_ALTA,N3
,0.507,0.355,0.197,1.0,,1787653695321.291,11.895,-0.56,11.3,0.35,1787653695321.291,False,,,3,OP1,C3_WIFI_CARGA_ALTA,N3
,0.506,0.355,0.197,1.0,,1787653695354.9243,11.895,-0.48,11.3,0.35,1787653695354.9243,False,,,3,OP1,C3_WIFI_CARGA_ALTA,N3
,0.506,0.356,0.196,1.0,,1787653695503.0117,11.86,-0.48,11.36,0.35,1787653695505.191,False,,,3,OP1,C3_WIFI_CARGA_ALTA,N3
,0.506,0.355,0.196,1.0,,1787653695523.251,11.86,-0.48,11.3,0.35,1787653695523.251,False,,,3,OP1,C3_WIFI_CARGA_ALTA,N3
,0.506,0.355,0.196,1.0,,1787653695551.5662,11.86,-0.48,11.3,0.35,1787653695551.5662,False,,,3,OP1,C3_WIFI_CARGA_ALTA,N3
,0.506,0.355,0.196,1.0,,1787653695603.2798,11.86,-0.48,11.3,0.35,1787653695603.2798,False,,,3,OP1,C3_WIFI_CARGA_ALTA,N3
,0.506,0.354,0.195,1.0,,1787653695632.8567,11.825,-0.48,11.24,0.35,1787653695632.8567,False,,,3,OP1,C3_WIFI_CARGA_ALTA,N3
,0.506,0.354,0.196,1.0,,1787653695653.478,11.86,-0.48,11.24,0.35,1787653695653.478,False,,,3,OP1,C3_WIFI_CARGA_ALTA,N3
,0.506,0.354,0.196,1.0,,1787653695688.6958,11.86,-0.48,11.24,0.35,1787653695690.712,False,,,3,OP1,C3_WIFI_CARGA_ALTA,N3
,0.506,0.354,0.196,1.0,,1787653695718.288,11.86,-0.48,11.24,0.35,1787653695718.7263,False,,,3,OP1,C3_WIFI_CARGA_ALTA,N3
,0.506,0.354,0.195,1.0,,1787653695773.8572,11.825,-0.48,11.24,0.35,1787653695775.8962,False,,,3,OP1,C3_WIFI_CARGA_ALTA,N3
,0.506,0.354,0.195,1.0,,1787653695968.915,11.825,-0.48,11.24,0.35,1787653695969.887,False,,,3,OP1,C3_WIFI_CARGA_ALTA,N3
,0.506,0.354,0.195,1.0,,1787653696045.6868,11.825,-0.48,11.24,0.35,1787653696046.3867,False,,,3,OP1,C3_WIFI_CARGA_ALTA,N3
,0.506,0.35,0.2,1.0,,1787653696069.2295,12.0,-0.48,11.0,0.35,1787653696070.236,False,,,3,OP1,C3_WIFI_CARGA_ALTA,N3
,0.506,0.35,0.199,1.0,,1787653696105.4392,11.965,-0.48,11.0,0.35,1787653696105.4392,False,,,3,OP1,C3_WIFI_CARGA_ALTA,N3
,0.506,0.35,0.199,1.0,,1787653696136.157,11.965,-0.48,11.0,0.35,1787653696136.157,False,,,3,OP1,C3_WIFI_CARGA_ALTA,N3
,0.506,0.349,0.198,1.0,,1787653696190.297,11.93,-0.48,10.94,0.35,1787653696190.297,False,,,3,OP1,C3_WIFI_CARGA_ALTA,N3
,0.506,0.349,0.198,1.0,,1787653696234.9084,11.93,-0.48,10.94,0.35,1787653696236.0237,False,,,3,OP1,C3_WIFI_CARGA_ALTA,N3
,0.506,0.349,0.198,1.0,,1787653696274.2852,11.93,-0.48,10.94,0.35,1787653696276.292,False,,,3,OP1,C3_WIFI_CARGA_ALTA,N3
,0.506,0.349,0.198,1.0,,1787653696303.2004,11.93,-0.48,10.94,0.35,1787653696304.2144,False,,,3,OP1,C3_WIFI_CARGA_ALTA,N3
,0.506,0.349,0.198,1.0,,1787653696329.705,11.93,-0.48,10.94,0.35,1787653696329.705,False,,,3,OP1,C3_WIFI_CARGA_ALTA,N3
,0.506,0.349,0.198,1.0,,1787653696358.706,11.93,-0.48,10.94,0.35,1787653696358.706,False,,,3,OP1,C3_WIFI_CARGA_ALTA,N3
,0.506,0.349,0.199,1.0,,1787653696401.2695,11.965,-0.48,10.94,0.35,1787653696401.2695,False,,,3,OP1,C3_WIFI_CARGA_ALTA,N3
,0.506,0.349,0.199,1.0,,1787653696440.2827,11.965,-0.48,10.94,0.35,1787653696440.2827,False,,,3,OP1,C3_WIFI_CARGA_ALTA,N3
,0.506,0.349,0.2,1.0,,1787653696470.983,12.0,-0.48,10.94,0.35,1787653696470.983,False,,,3,OP1,C3_WIFI_CARGA_ALTA,N3
,0.505,0.349,0.201,1.0,,1787653696638.1516,12.035,-0.4,10.94,0.35,1787653696638.1516,False,,,3,OP1,C3_WIFI_CARGA_ALTA,N3
,0.5,0.347,0.223,1.0,,1787653696664.5918,12.805,0.0,10.82,0.35,1787653696666.712,False,,,3,OP1,C3_WIFI_CARGA_ALTA,N3
,0.501,0.345,0.224,1.0,,1787653696687.9775,12.84,-0.08,10.7,0.35,1787653696687.9775,False,,,3,OP1,C3_WIFI_CARGA_ALTA,N3
,0.501,0.344,0.225,1.0,,1787653696718.7815,12.875,-0.08,10.64,0.35,1787653696721.067,False,,,3,OP1,C3_WIFI_CARGA_ALTA,N3
,0.502,0.342,0.226,1.0,,1787653696748.827,12.91,-0.16,10.52,0.35,1787653696748.827,False,,,3,OP1,C3_WIFI_CARGA_ALTA,N3
,0.504,0.34,0.228,1.0,,1787653696806.437,12.98,-0.32,10.4,0.35,1787653696806.754,False,,,3,OP1,C3_WIFI_CARGA_ALTA,N3
,0.505,0.339,0.229,1.0,,1787653696829.5186,13.015,-0.4,10.34,0.35,1787653696833.5437,False,,,3,OP1,C3_WIFI_CARGA_ALTA,N3
,0.506,0.338,0.231,1.0,,1787653696851.8174,13.085,-0.48,10.28,0.35,1787653696851.8174,False,,,3,OP1,C3_WIFI_CARGA_ALTA,N3
,0.506,0.337,0.232,1.0,,1787653696888.4558,13.12,-0.48,10.22,0.35,1787653696888.4558,False,,,3,OP1,C3_WIFI_CARGA_ALTA,N3
,0.507,0.336,0.232,1.0,,1787653696915.6997,13.12,-0.56,10.16,0.35,1787653696915.6997,False,,,3,OP1,C3_WIFI_CARGA_ALTA,N3
,0.508,0.336,0.233,1.0,,1787653696936.9604,13.155,-0.64,10.16,0.35,1787653696936.9604,False,,,3,OP1,C3_WIFI_CARGA_ALTA,N3
,0.508,0.335,0.233,1.0,,1787653696971.498,13.155,-0.64,10.1,0.35,1787653696971.498,False,,,3,OP1,C3_WIFI_CARGA_ALTA,N3
,0.509,0.334,0.235,1.0,,1787653696998.86,13.225,-0.72,10.04,0.35,1787653696998.86,False,,,3,OP1,C3_WIFI_CARGA_ALTA,N3
,0.51,0.333,0.239,1.0,,1787653697051.285,13.365,-0.8,9.98,0.35,1787653697051.285,False,,,3,OP1,C3_WIFI_CARGA_ALTA,N3
,0.51,0.333,0.24,1.0,,1787653697082.2014,13.4,-0.8,9.98,0.35,1787653697082.2014,False,,,3,OP1,C3_WIFI_CARGA_ALTA,N3
,0.51,0.333,0.24,1.0,,1787653697106.934,13.4,-0.8,9.98,0.35,1787653697106.934,False,,,3,OP1,C3_WIFI_CARGA_ALTA,N3
,0.51,0.333,0.241,1.0,,1787653697136.8423,13.435,-0.8,9.98,0.35,1787653697136.8423,False,,,3,OP1,C3_WIFI_CARGA_ALTA,N3
,0.51,0.333,0.241,1.0,,1787653697166.0044,13.435,-0.8,9.98,0.35,1787653697166.0044,False,,,3,OP1,C3_WIFI_CARGA_ALTA,N3
,0.51,0.332,0.242,1.0,,1787653697216.5068,13.47,-0.8,9.92,0.35,1787653697220.9788,False,,,3,OP1,C3_WIFI_CARGA_ALTA,N3
,0.51,0.332,0.242,1.0,,1787653697249.0632,13.47,-0.8,9.92,0.35,1787653697251.5686,False,,,3,OP1,C3_WIFI_CARGA_ALTA,N3
,0.51,0.331,0.243,1.0,,1787653697275.629,13.505,-0.8,9.86,0.35,1787653697275.629,False,,,3,OP1,C3_WIFI_CARGA_ALTA,N3
,0.51,0.331,0.243,1.0,,1787653697304.626,13.505,-0.8,9.86,0.35,1787653697304.626,False,,,3,OP1,C3_WIFI_CARGA_ALTA,N3
,0.511,0.331,0.243,1.0,,1787653697354.9824,13.505,-0.88,9.86,0.35,1787653697354.9824,False,,,3,OP1,C3_WIFI_CARGA_ALTA,N3
,0.511,0.331,0.243,1.0,,1787653697388.2583,13.505,-0.88,9.86,0.35,1787653697388.2583,False,,,3,OP1,C3_WIFI_CARGA_ALTA,N3
,0.511,0.331,0.244,1.0,,1787653697415.7131,13.54,-0.88,9.86,0.35,1787653697415.7131,False,,,3,OP1,C3_WIFI_CARGA_ALTA,N3
,0.512,0.331,0.244,1.0,,1787653697443.0164,13.54,-0.96,9.86,0.35,1787653697443.0164,False,,,3,OP1,C3_WIFI_CARGA_ALTA,N3
,0.512,0.33,0.244,1.0,,1787653697471.7542,13.54,-0.96,9.8,0.35,1787653697471.7542,False,,,3,OP1,C3_WIFI_CARGA_ALTA,N3
,0.513,0.331,0.242,1.0,,1787653697499.7346,13.47,-1.04,9.86,0.35,1787653697501.2722,False,,,3,OP1,C3_WIFI_CARGA_ALTA,N3
,0.514,0.332,0.239,1.0,,1787653697522.885,13.365,-1.12,9.92,0.35,1787653697522.885,False,,,3,OP1,C3_WIFI_CARGA_ALTA,N3
,0.514,0.332,0.235,1.0,,1787653697556.0151,13.225,-1.12,9.92,0.35,1787653697556.0151,False,,,3,OP1,C3_WIFI_CARGA_ALTA,N3
,0.514,0.334,0.23,1.0,,1787653697611.1265,13.05,-1.12,10.04,0.35,1787653697611.1265,False,,,3,OP1,C3_WIFI_CARGA_ALTA,N3
,0.515,0.335,0.228,1.0,,1787653697638.4082,12.98,-1.2,10.1,0.35,1787653697638.4082,False,,,3,OP1,C3_WIFI_CARGA_ALTA,N3
,0.515,0.337,0.227,1.0,,1787653697688.9778,12.945,-1.2,10.22,0.35,1787653697688.9778,False,,,3,OP1,C3_WIFI_CARGA_ALTA,N3
,0.516,0.337,0.227,1.0,,1787653697723.4685,12.945,-1.28,10.22,0.35,1787653697723.4685,False,,,3,OP1,C3_WIFI_CARGA_ALTA,N3
,0.516,0.338,0.226,1.0,,1787653697917.9983,12.91,-1.28,10.28,0.35,1787653697917.9983,False,,,3,OP1,C3_WIFI_CARGA_ALTA,N3
,0.517,0.337,0.228,1.0,,1787653697941.8457,12.98,-1.36,10.22,0.35,1787653697941.8457,False,,,3,OP1,C3_WIFI_CARGA_ALTA,N3
,0.517,0.337,0.227,1.0,,1787653698109.8508,12.945,-1.36,10.22,0.35,1787653698109.8508,False,,,3,OP1,C3_WIFI_CARGA_ALTA,N3
,0.516,0.344,0.212,1.0,,1787653698156.9065,12.42,-1.28,10.64,0.35,1787653698156.9065,False,,,3,OP1,C3_WIFI_CARGA_ALTA,N3
,0.515,0.346,0.209,1.0,,1787653698193.6997,12.315,-1.2,10.76,0.35,1787653698193.6997,False,,,3,OP1,C3_WIFI_CARGA_ALTA,N3
,0.514,0.347,0.207,1.0,,1787653698221.3286,12.245,-1.12,10.82,0.35,1787653698225.648,False,,,3,OP1,C3_WIFI_CARGA_ALTA,N3
,0.514,0.348,0.205,1.0,,1787653698252.0647,12.175,-1.12,10.88,0.35,1787653698252.0647,False,,,3,OP1,C3_WIFI_CARGA_ALTA,N3
,0.514,0.349,0.205,1.0,,1787653698275.2734,12.175,-1.12,10.94,0.35,1787653698275.2734,False,,,3,OP1,C3_WIFI_CARGA_ALTA,N3
,0.514,0.349,0.204,1.0,,1787653698304.6636,12.14,-1.12,10.94,0.35,1787653698304.6636,False,,,3,OP1,C3_WIFI_CARGA_ALTA,N3
,0.514,0.349,0.204,1.0,,1787653698329.4702,12.14,-1.12,10.94,0.35,1787653698329.4702,False,,,3,OP1,C3_WIFI_CARGA_ALTA,N3
,0.514,0.349,0.203,1.0,,1787653698357.845,12.105,-1.12,10.94,0.35,1787653698357.845,False,,,3,OP1,C3_WIFI_CARGA_ALTA,N3
,0.515,0.35,0.203,1.0,,1787653698388.927,12.105,-1.2,11.0,0.35,1787653698390.072,False,,,3,OP1,C3_WIFI_CARGA_ALTA,N3
,0.515,0.351,0.203,1.0,,1787653698417.6714,12.105,-1.2,11.06,0.35,1787653698417.6714,False,,,3,OP1,C3_WIFI_CARGA_ALTA,N3
,0.515,0.351,0.203,1.0,,1787653698447.2566,12.105,-1.2,11.06,0.35,1787653698447.2566,False,,,3,OP1,C3_WIFI_CARGA_ALTA,N3
,0.514,0.351,0.202,1.0,,1787653698473.9202,12.07,-1.12,11.06,0.35,1787653698473.9202,False,,,3,OP1,C3_WIFI_CARGA_ALTA,N3
,0.514,0.352,0.202,1.0,,1787653698494.5862,12.07,-1.12,11.12,0.35,1787653698497.506,False,,,3,OP1,C3_WIFI_CARGA_ALTA,N3
,0.514,0.353,0.201,1.0,,1787653698526.2173,12.035,-1.12,11.18,0.35,1787653698526.2173,False,,,3,OP1,C3_WIFI_CARGA_ALTA,N3
,0.513,0.354,0.2,1.0,,1787653698556.8044,12.0,-1.04,11.24,0.35,1787653698559.9478,False,,,3,OP1,C3_WIFI_CARGA_ALTA,N3
,0.513,0.354,0.198,1.0,,1787653698602.6035,11.93,-1.04,11.24,0.35,1787653698602.6035,False,,,3,OP1,C3_WIFI_CARGA_ALTA,N3
,0.512,0.355,0.198,1.0,,1787653698641.1333,11.93,-0.96,11.3,0.35,1787653698641.1333,False,,,3,OP1,C3_WIFI_CARGA_ALTA,N3
,0.512,0.355,0.197,1.0,,1787653698697.1653,11.895,-0.96,11.3,0.35,1787653698698.057,False,,,3,OP1,C3_WIFI_CARGA_ALTA,N3
,0.512,0.355,0.197,1.0,,1787653698724.9094,11.895,-0.96,11.3,0.35,1787653698726.9175,False,,,3,OP1,C3_WIFI_CARGA_ALTA,N3
,0.512,0.355,0.197,1.0,,1787653698752.4165,11.895,-0.96,11.3,0.35,1787653698752.4165,False,,,3,OP1,C3_WIFI_CARGA_ALTA,N3
,0.511,0.356,0.197,1.0,,1787653698778.775,11.895,-0.88,11.36,0.35,1787653698778.775,False,,,3,OP1,C3_WIFI_CARGA_ALTA,N3
,0.511,0.356,0.196,1.0,,1787653698799.51,11.86,-0.88,11.36,0.35,1787653698799.51,False,,,3,OP1,C3_WIFI_CARGA_ALTA,N3
,0.51,0.356,0.196,1.0,,1787653698833.228,11.86,-0.8,11.36,0.35,1787653698833.228,False,,,3,OP1,C3_WIFI_CARGA_ALTA,N3
,0.51,0.356,0.196,1.0,,1787653698864.8716,11.86,-0.8,11.36,0.35,1787653698864.8716,False,,,3,OP1,C3_WIFI_CARGA_ALTA,N3
,0.51,0.356,0.195,1.0,,1787653699029.362,11.825,-0.8,11.36,0.35,1787653699029.362,False,,,3,OP1,C3_WIFI_CARGA_ALTA,N3
,0.507,0.355,0.195,1.0,,1787653699059.2258,11.825,-0.56,11.3,0.35,1787653699059.2258,False,,,3,OP1,C3_WIFI_CARGA_ALTA,N3
,0.507,0.356,0.196,1.0,,1787653699114.4016,11.86,-0.56,11.36,0.35,1787653699114.4016,False,,,3,OP1,C3_WIFI_CARGA_ALTA,N3
,0.508,0.355,0.196,1.0,,1787653699159.4048,11.86,-0.64,11.3,0.35,1787653699159.4048,False,,,3,OP1,C3_WIFI_CARGA_ALTA,N3
,0.508,0.356,0.197,1.0,,1787653699198.417,11.895,-0.64,11.36,0.35,1787653699198.417,False,,,3,OP1,C3_WIFI_CARGA_ALTA,N3
,0.508,0.356,0.197,1.0,,1787653699226.9077,11.895,-0.64,11.36,0.35,1787653699226.9077,False,,,3,OP1,C3_WIFI_CARGA_ALTA,N3
,0.509,0.356,0.197,1.0,,1787653699281.8667,11.895,-0.72,11.36,0.35,1787653699281.8667,False,,,3,OP1,C3_WIFI_CARGA_ALTA,N3
,0.509,0.357,0.197,1.0,,1787653699326.9014,11.895,-0.72,11.42,0.35,1787653699326.9014,False,,,3,OP1,C3_WIFI_CARGA_ALTA,N3
,0.509,0.358,0.197,1.0,,1787653699366.35,11.895,-0.72,11.48,0.35,1787653699366.35,False,,,3,OP1,C3_WIFI_CARGA_ALTA,N3
,0.508,0.358,0.197,1.0,,1787653699394.0989,11.895,-0.64,11.48,0.35,1787653699394.0989,False,,,3,OP1,C3_WIFI_CARGA_ALTA,N3
,0.507,0.358,0.198,1.0,,1787653699437.8376,11.93,-0.56,11.48,0.35,1787653699437.8376,False,,,3,OP1,C3_WIFI_CARGA_ALTA,N3
,0.507,0.357,0.198,1.0,,1787653699467.5847,11.93,-0.56,11.42,0.35,1787653699467.5847,False,,,3,OP1,C3_WIFI_CARGA_ALTA,N3
,0.507,0.357,0.198,1.0,,1787653699495.6704,11.93,-0.56,11.42,0.35,1787653699496.6592,False,,,3,OP1,C3_WIFI_CARGA_ALTA,N3
,0.507,0.357,0.198,1.0,,1787653699530.431,11.93,-0.56,11.42,0.35,1787653699530.431,False,,,3,OP1,C3_WIFI_CARGA_ALTA,N3
,0.507,0.356,0.198,1.0,,1787653699561.884,11.93,-0.56,11.36,0.35,1787653699562.9216,False,,,3,OP1,C3_WIFI_CARGA_ALTA,N3
,0.507,0.356,0.198,1.0,,1787653699605.75,11.93,-0.56,11.36,0.35,1787653699605.75,False,,,3,OP1,C3_WIFI_CARGA_ALTA,N3
,0.507,0.355,0.199,1.0,,1787653699637.717,11.965,-0.56,11.3,0.35,1787653699639.7307,False,,,3,OP1,C3_WIFI_CARGA_ALTA,N3
,0.507,0.355,0.198,1.0,,1787653699664.6282,11.93,-0.56,11.3,0.35,1787653699664.6282,False,,,3,OP1,C3_WIFI_CARGA_ALTA,N3
,0.507,0.354,0.199,1.0,,1787653699700.1455,11.965,-0.56,11.24,0.35,1787653699700.1455,False,,,3,OP1,C3_WIFI_CARGA_ALTA,N3
,0.507,0.354,0.199,1.0,,1787653699731.217,11.965,-0.56,11.24,0.35,1787653699731.217,False,,,3,OP1,C3_WIFI_CARGA_ALTA,N3
,0.508,0.353,0.2,1.0,,1787653699789.821,12.0,-0.64,11.18,0.35,1787653699789.821,False,,,3,OP1,C3_WIFI_CARGA_ALTA,N3
,0.508,0.353,0.2,1.0,,1787653699937.336,12.0,-0.64,11.18,0.35,1787653699937.336,False,,,3,OP1,C3_WIFI_CARGA_ALTA,N3
,0.508,0.348,0.204,1.0,,1787653699972.3118,12.14,-0.64,10.88,0.35,1787653699972.3118,False,,,3,OP1,C3_WIFI_CARGA_ALTA,N3
,0.508,0.347,0.205,1.0,,1787653700033.1577,12.175,-0.64,10.82,0.35,1787653700033.1577,False,,,3,OP1,C3_WIFI_CARGA_ALTA,N3
,0.508,0.347,0.206,1.0,,1787653700059.5642,12.21,-0.64,10.82,0.35,1787653700059.5642,False,,,3,OP1,C3_WIFI_CARGA_ALTA,N3
,0.508,0.346,0.21,1.0,,1787653700082.5657,12.35,-0.64,10.76,0.35,1787653700082.5657,False,,,3,OP1,C3_WIFI_CARGA_ALTA,N3
,0.508,0.344,0.213,1.0,,1787653700111.5264,12.455,-0.64,10.64,0.35,1787653700111.5264,False,,,3,OP1,C3_WIFI_CARGA_ALTA,N3
,0.508,0.343,0.215,1.0,,1787653700144.6392,12.525,-0.64,10.58,0.35,1787653700144.6392,False,,,3,OP1,C3_WIFI_CARGA_ALTA,N3
,0.508,0.343,0.215,1.0,,1787653700166.0466,12.525,-0.64,10.58,0.35,1787653700167.0105,False,,,3,OP1,C3_WIFI_CARGA_ALTA,N3
,0.508,0.342,0.216,1.0,,1787653700200.8762,12.56,-0.64,10.52,0.35,1787653700201.49,False,,,3,OP1,C3_WIFI_CARGA_ALTA,N3
,0.508,0.342,0.217,1.0,,1787653700228.692,12.595,-0.64,10.52,0.35,1787653700228.692,False,,,3,OP1,C3_WIFI_CARGA_ALTA,N3
,0.508,0.341,0.218,1.0,,1787653700277.3147,12.63,-0.64,10.46,0.35,1787653700277.3147,False,,,3,OP1,C3_WIFI_CARGA_ALTA,N3
,0.509,0.341,0.219,1.0,,1787653700311.2437,12.665,-0.72,10.46,0.35,1787653700313.259,False,,,3,OP1,C3_WIFI_CARGA_ALTA,N3
,0.509,0.34,0.219,1.0,,1787653700335.9785,12.665,-0.72,10.4,0.35,1787653700336.9832,False,,,3,OP1,C3_WIFI_CARGA_ALTA,N3
,0.509,0.339,0.22,1.0,,1787653700368.3594,12.7,-0.72,10.34,0.35,1787653700369.5854,False,,,3,OP1,C3_WIFI_CARGA_ALTA,N3
,0.509,0.339,0.221,1.0,,1787653700394.79,12.735,-0.72,10.34,0.35,1787653700394.79,False,,,3,OP1,C3_WIFI_CARGA_ALTA,N3
,0.509,0.338,0.222,1.0,,1787653700447.4785,12.77,-0.72,10.28,0.35,1787653700447.4785,False,,,3,OP1,C3_WIFI_CARGA_ALTA,N3
,0.509,0.337,0.224,1.0,,1787653700506.046,12.84,-0.72,10.22,0.35,1787653700506.046,False,,,3,OP1,C3_WIFI_CARGA_ALTA,N3
,0.509,0.336,0.225,1.0,,1787653700535.233,12.875,-0.72,10.16,0.35,1787653700535.233,False,,,3,OP1,C3_WIFI_CARGA_ALTA,N3
,0.51,0.336,0.225,1.0,,1787653700561.6506,12.875,-0.8,10.16,0.35,1787653700561.6506,False,,,3,OP1,C3_WIFI_CARGA_ALTA,N3
,0.51,0.336,0.226,1.0,,1787653700581.7312,12.91,-0.8,10.16,0.35,1787653700581.7312,False,,,3,OP1,C3_WIFI_CARGA_ALTA,N3
,0.51,0.335,0.227,1.0,,1787653700614.994,12.945,-0.8,10.1,0.35,1787653700614.994,False,,,3,OP1,C3_WIFI_CARGA_ALTA,N3
,0.51,0.335,0.228,1.0,,1787653700673.5771,12.98,-0.8,10.1,0.35,1787653700673.5771,False,,,3,OP1,C3_WIFI_CARGA_ALTA,N3
,0.51,0.334,0.229,1.0,,1787653700868.3794,13.015,-0.8,10.04,0.35,1787653700869.5425,False,,,3,OP1,C3_WIFI_CARGA_ALTA,N3
,0.51,0.333,0.23,1.0,,1787653701051.2732,13.05,-0.8,9.98,0.35,1787653701051.2732,False,,,3,OP1,C3_WIFI_CARGA_ALTA,N3
,0.509,0.336,0.227,1.0,,1787653701151.3784,12.945,-0.72,10.16,0.35,1787653701151.3784,False,,,3,OP1,C3_WIFI_CARGA_ALTA,N3
,0.509,0.34,0.218,1.0,,1787653701174.7285,12.63,-0.72,10.4,0.35,1787653701175.7363,False,,,3,OP1,C3_WIFI_CARGA_ALTA,N3
,0.509,0.34,0.217,1.0,,1787653701201.65,12.595,-0.72,10.4,0.35,1787653701201.65,False,,,3,OP1,C3_WIFI_CARGA_ALTA,N3
,0.509,0.34,0.216,1.0,,1787653701230.9094,12.56,-0.72,10.4,0.35,1787653701230.9094,False,,,3,OP1,C3_WIFI_CARGA_ALTA,N3
,0.508,0.341,0.214,1.0,,1787653701251.4165,12.49,-0.64,10.46,0.35,1787653701252.6404,False,,,3,OP1,C3_WIFI_CARGA_ALTA,N3
,0.508,0.342,0.212,1.0,,1787653701285.8188,12.42,-0.64,10.52,0.35,1787653701286.7212,False,,,3,OP1,C3_WIFI_CARGA_ALTA,N3
,0.508,0.343,0.211,1.0,,1787653701342.192,12.385,-0.64,10.58,0.35,1787653701343.2434,False,,,3,OP1,C3_WIFI_CARGA_ALTA,N3
,0.507,0.343,0.21,1.0,,1787653701370.0908,12.35,-0.56,10.58,0.35,1787653701372.1008,False,,,3,OP1,C3_WIFI_CARGA_ALTA,N3
,0.507,0.344,0.208,1.0,,1787653701420.6846,12.28,-0.56,10.64,0.35,1787653701420.6846,False,,,3,OP1,C3_WIFI_CARGA_ALTA,N3
,0.507,0.345,0.207,1.0,,1787653701590.3064,12.245,-0.56,10.7,0.35,1787653701591.756,False,,,3,OP1,C3_WIFI_CARGA_ALTA,N3
,0.506,0.348,0.205,1.0,,1787653701618.0427,12.175,-0.48,10.88,0.35,1787653701620.6003,False,,,3,OP1,C3_WIFI_CARGA_ALTA,N3
,0.506,0.348,0.205,1.0,,1787653701648.8433,12.175,-0.48,10.88,0.35,1787653701648.8433,False,,,3,OP1,C3_WIFI_CARGA_ALTA,N3
,0.506,0.348,0.204,1.0,,1787653701675.4404,12.14,-0.48,10.88,0.35,1787653701675.4404,False,,,3,OP1,C3_WIFI_CARGA_ALTA,N3
,0.506,0.349,0.203,1.0,,1787653701701.4304,12.105,-0.48,10.94,0.35,1787653701705.7627,False,,,3,OP1,C3_WIFI_CARGA_ALTA,N3
,0.506,0.349,0.202,1.0,,1787653701754.6816,12.07,-0.48,10.94,0.35,1787653701754.6816,False,,,3,OP1,C3_WIFI_CARGA_ALTA,N3
,0.506,0.349,0.201,1.0,,1787653701787.705,12.035,-0.48,10.94,0.35,1787653701789.714,False,,,3,OP1,C3_WIFI_CARGA_ALTA,N3
,0.506,0.349,0.201,1.0,,1787653701815.657,12.035,-0.48,10.94,0.35,1787653701815.657,False,,,3,OP1,C3_WIFI_CARGA_ALTA,N3
,0.506,0.349,0.202,1.0,,1787653701842.3276,12.07,-0.48,10.94,0.35,1787653701844.3445,False,,,3,OP1,C3_WIFI_CARGA_ALTA,N3
,0.505,0.35,0.203,1.0,,1787653701872.071,12.105,-0.4,11.0,0.35,1787653701872.071,False,,,3,OP1,C3_WIFI_CARGA_ALTA,N3
,0.492,0.365,0.222,1.0,,1787653701926.9072,12.77,0.64,11.9,0.35,1787653701928.9136,False,,,3,OP1,C3_WIFI_CARGA_ALTA,N3
,0.48,0.378,0.239,1.0,,1787653701953.4475,13.365,1.6,12.68,0.35,1787653701953.4475,False,,,3,OP1,C3_WIFI_CARGA_ALTA,N3
,0.44,0.415,0.319,1.0,,1787653702011.729,16.165,4.8,14.9,0.35,1787653702011.729,False,,,3,OP1,C3_WIFI_CARGA_ALTA,N3
,0.425,0.423,0.367,1.0,,1787653702037.944,17.845,6.0,15.38,0.35,1787653702037.944,False,,,3,OP1,C3_WIFI_CARGA_ALTA,N3
,0.378,0.446,0.443,1.0,,1787653702091.9402,20.505,9.76,16.76,0.35,1787653702092.4973,False,,,3,OP1,C3_WIFI_CARGA_ALTA,N3
,0.353,0.461,0.461,1.0,,1787653702123.1248,21.135,11.76,17.66,0.35,1787653702123.1248,False,,,3,OP1,C3_WIFI_CARGA_ALTA,N3
,0.312,0.515,0.461,1.0,,1787653702177.4563,21.135,15.04,20.9,0.35,1787653702179.4746,False,,,3,OP1,C3_WIFI_CARGA_ALTA,N3
,0.301,0.528,0.471,1.0,,1787653702206.5205,21.485,15.92,21.68,0.35,1787653702206.5205,False,,,3,OP1,C3_WIFI_CARGA_ALTA,N3
,0.281,0.547,0.484,1.0,,1787653702258.1433,21.94,17.52,22.82,0.35,1787653702260.504,False,,,3,OP1,C3_WIFI_CARGA_ALTA,N3
,0.269,0.553,0.491,1.0,,1787653702290.2922,22.185,18.48,23.18,0.35,1787653702290.2922,False,,,3,OP1,C3_WIFI_CARGA_ALTA,N3
,0.246,0.556,0.493,1.0,,1787653702344.6228,22.255,20.32,23.36,0.35,1787653702346.1372,False,,,3,OP1,C3_WIFI_CARGA_ALTA,N3
,0.234,0.558,0.485,1.0,,1787653702366.2869,21.975,21.28,23.48,0.35,1787653702366.2869,False,,,3,OP1,C3_WIFI_CARGA_ALTA,N3
,0.223,0.56,0.476,1.0,,1787653702391.0403,21.66,22.16,23.6,0.35,1787653702391.0403,False,,,3,OP1,C3_WIFI_CARGA_ALTA,N3
,0.213,0.562,0.461,1.0,,1787653702428.2234,21.135,22.96,23.72,0.35,1787653702430.2358,False,,,3,OP1,C3_WIFI_CARGA_ALTA,N3
,0.206,0.562,0.458,1.0,,1787653702456.3953,21.03,23.52,23.72,0.35,1787653702456.3953,False,,,3,OP1,C3_WIFI_CARGA_ALTA,N3
,0.19,0.562,0.47,1.0,,1787653702511.4065,21.45,24.8,23.72,0.35,1787653702511.4065,False,,,3,OP1,C3_WIFI_CARGA_ALTA,N3
,0.184,0.56,0.487,1.0,,1787653702558.5,22.045,25.28,23.6,0.35,1787653702558.5,False,,,3,OP1,C3_WIFI_CARGA_ALTA,N3
,0.181,0.56,0.494,1.0,,1787653702594.782,22.29,25.52,23.6,0.35,1787653702594.782,False,,,3,OP1,C3_WIFI_CARGA_ALTA,N3
,0.179,0.561,0.498,1.0,,1787653702622.8037,22.43,25.68,23.66,0.35,1787653702622.8037,False,,,3,OP1,C3_WIFI_CARGA_ALTA,N3
,0.178,0.561,0.5,1.0,,1787653702643.8745,22.5,25.76,23.66,0.35,1787653702643.8745,False,,,3,OP1,C3_WIFI_CARGA_ALTA,N3
,0.178,0.561,0.501,1.0,,1787653702676.2612,22.535,25.76,23.66,0.35,1787653702680.7617,False,,,3,OP1,C3_WIFI_CARGA_ALTA,N3
,0.181,0.561,0.502,1.0,,1787653702697.4773,22.57,25.52,23.66,0.35,1787653702697.4773,False,,,3,OP1,C3_WIFI_CARGA_ALTA,N3
,0.183,0.561,0.504,1.0,,1787653702867.5706,22.64,25.36,23.66,0.35,1787653702867.5706,False,,,3,OP1,C3_WIFI_CARGA_ALTA,N3
,0.195,0.558,0.517,1.0,,1787653702977.2502,23.095,24.4,23.48,0.35,1787653702977.2502,False,,,3,OP1,C3_WIFI_CARGA_ALTA,N3
,0.221,0.553,0.549,1.0,,1787653702999.3257,24.215,22.32,23.18,0.35,1787653703001.3362,False,,,3,OP1,C3_WIFI_CARGA_ALTA,N3
,0.228,0.553,0.557,1.0,,1787653703040.0427,24.495,21.76,23.18,0.35,1787653703040.0427,False,,,3,OP1,C3_WIFI_CARGA_ALTA,N3
,0.235,0.553,0.566,1.0,,1787653703183.501,24.81,21.2,23.18,0.35,1787653703185.517,False,,,3,OP1,C3_WIFI_CARGA_ALTA,N3
,0.247,0.553,0.589,1.0,,1787653703427.9275,25.615,20.24,23.18,0.35,1787653703427.9275,False,,,3,OP1,C3_WIFI_CARGA_ALTA,N3
,0.263,0.544,0.6,1.0,,1787653703457.281,26.0,18.96,22.64,0.35,1787653703460.4983,False,,,3,OP1,C3_WIFI_CARGA_ALTA,N3
,0.265,0.542,0.601,1.0,,1787653703512.3271,26.035,18.8,22.52,0.35,1787653703512.3271,False,,,3,OP1,C3_WIFI_CARGA_ALTA,N3
,0.266,0.542,0.602,1.0,,1787653703537.2466,26.07,18.72,22.52,0.35,1787653703537.2466,False,,,3,OP1,C3_WIFI_CARGA_ALTA,N3
,0.267,0.542,0.602,1.0,,1787653703558.1426,26.07,18.64,22.52,0.35,1787653703558.1426,False,,,3,OP1,C3_WIFI_CARGA_ALTA,N3
,0.269,0.541,0.603,1.0,,1787653703597.2969,26.105,18.48,22.46,0.35,1787653703597.2969,False,,,3,OP1,C3_WIFI_CARGA_ALTA,N3
,0.269,0.541,0.603,1.0,,1787653703625.3833,26.105,18.48,22.46,0.35,1787653703625.3833,False,,,3,OP1,C3_WIFI_CARGA_ALTA,N3
,0.269,0.54,0.605,1.0,,1787653703809.413,26.175,18.48,22.4,0.35,1787653703810.9197,False,,,3,OP1,C3_WIFI_CARGA_ALTA,N3
,0.263,0.522,0.612,1.0,,1787653703838.4949,26.42,18.96,21.32,0.35,1787653703840.8877,False,,,3,OP1,C3_WIFI_CARGA_ALTA,N3
,0.26,0.517,0.614,1.0,,1787653703871.8704,26.49,19.2,21.02,0.35,1787653703872.9993,False,,,3,OP1,C3_WIFI_CARGA_ALTA,N3
,0.258,0.511,0.618,1.0,,1787653703894.868,26.63,19.36,20.66,0.35,1787653703894.868,False,,,3,OP1,C3_WIFI_CARGA_ALTA,N3
,0.256,0.506,0.624,1.0,,1787653703930.8025,26.84,19.52,20.36,0.35,1787653703933.0383,False,,,3,OP1,C3_WIFI_CARGA_ALTA,N3
,0.252,0.5,0.631,1.0,,1787653703960.3618,27.085,19.84,20.0,0.35,1787653703960.3618,False,,,3,OP1,C3_WIFI_CARGA_ALTA,N3
,0.252,0.486,0.642,1.0,,1787653704009.7195,27.47,19.84,19.16,0.35,1787653704009.7195,False,,,3,OP1,C3_WIFI_CARGA_ALTA,N3
,0.252,0.477,0.645,1.0,,1787653704041.0618,27.575,19.84,18.62,0.35,1787653704041.0618,False,,,3,OP1,C3_WIFI_CARGA_ALTA,N3
,0.254,0.472,0.648,1.0,,1787653704061.3264,27.68,19.68,18.32,0.35,1787653704061.3264,False,,,3,OP1,C3_WIFI_CARGA_ALTA,N3
,0.256,0.469,0.646,1.0,,1787653704099.1067,27.61,19.52,18.14,0.35,1787653704100.1067,False,,,3,OP1,C3_WIFI_CARGA_ALTA,N3
,0.257,0.467,0.645,1.0,,1787653704126.8872,27.575,19.44,18.02,0.35,1787653704128.897,False,,,3,OP1,C3_WIFI_CARGA_ALTA,N3
,0.26,0.464,0.644,1.0,,1787653704341.1323,27.54,19.2,17.84,0.35,1787653704341.1323,False,,,3,OP1,C3_WIFI_CARGA_ALTA,N3
,0.256,0.444,0.667,1.0,,1787653704375.29,28.345,19.52,16.64,0.35,1787653704379.473,False,,,3,OP1,C3_WIFI_CARGA_ALTA,N3
,0.252,0.44,0.667,1.0,,1787653704397.1926,28.345,19.84,16.4,0.35,1787653704397.1926,False,,,3,OP1,C3_WIFI_CARGA_ALTA,N3
,0.249,0.437,0.665,1.0,,1787653704431.9978,28.275,20.08,16.22,0.35,1787653704434.8877,False,,,3,OP1,C3_WIFI_CARGA_ALTA,N3
,0.247,0.435,0.664,1.0,,1787653704460.7903,28.24,20.24,16.1,0.35,1787653704460.7903,False,,,3,OP1,C3_WIFI_CARGA_ALTA,N3
,0.242,0.43,0.662,1.0,,1787653704511.5708,28.17,20.64,15.8,0.35,1787653704511.5708,False,,,3,OP1,C3_WIFI_CARGA_ALTA,N3
,0.239,0.429,0.661,1.0,,1787653704545.0212,28.135,20.88,15.74,0.35,1787653704545.0212,False,,,3,OP1,C3_WIFI_CARGA_ALTA,N3
,0.238,0.428,0.66,1.0,,1787653704565.8452,28.1,20.96,15.68,0.35,1787653704565.8452,False,,,3,OP1,C3_WIFI_CARGA_ALTA,N3
,0.238,0.427,0.66,1.0,,1787653704767.4956,28.1,20.96,15.62,0.35,1787653704767.4956,False,,,3,OP1,C3_WIFI_CARGA_ALTA,N3
,0.244,0.412,0.687,1.0,,1787653704788.0735,29.045,20.48,14.72,0.35,1787653704788.0735,False,,,3,OP1,C3_WIFI_CARGA_ALTA,N3
,0.247,0.408,0.693,1.0,,1787653704813.8606,29.255,20.24,14.48,0.35,1787653704815.8682,False,,,3,OP1,C3_WIFI_CARGA_ALTA,N3
,0.248,0.405,0.699,1.0,,1787653704838.8518,29.465,20.16,14.3,0.35,1787653704838.8518,False,,,3,OP1,C3_WIFI_CARGA_ALTA,N3
,0.248,0.402,0.704,1.0,,1787653704868.5374,29.64,20.16,14.12,0.35,1787653704868.5374,False,,,3,OP1,C3_WIFI_CARGA_ALTA,N3
,0.249,0.399,0.711,1.0,,1787653704901.181,29.885,20.08,13.94,0.35,1787653704901.181,False,,,3,OP1,C3_WIFI_CARGA_ALTA,N3
,0.251,0.395,0.716,1.0,,1787653704934.8591,30.06,19.92,13.7,0.35,1787653704934.8591,False,,,3,OP1,C3_WIFI_CARGA_ALTA,N3
,0.253,0.387,0.724,1.0,,1787653704977.8074,30.34,19.76,13.22,0.35,1787653704979.8132,False,,,3,OP1,C3_WIFI_CARGA_ALTA,N3
,0.254,0.382,0.727,1.0,,1787653705144.8354,30.445,19.68,12.92,0.35,1787653705144.8354,False,,,3,OP1,C3_WIFI_CARGA_ALTA,N3
,0.259,0.36,0.728,1.0,,1787653705178.817,30.48,19.28,11.6,0.35,1787653705178.817,False,,,3,OP1,C3_WIFI_CARGA_ALTA,N3
,0.261,0.357,0.728,1.0,,1787653705212.4033,30.48,19.12,11.42,0.35,1787653705212.4033,False,,,3,OP1,C3_WIFI_CARGA_ALTA,N3
,0.262,0.355,0.729,1.0,,1787653705233.3655,30.515,19.04,11.3,0.35,1787653705233.3655,False,,,3,OP1,C3_WIFI_CARGA_ALTA,N3
,0.264,0.35,0.73,1.0,,1787653705268.0806,30.55,18.88,11.0,0.35,1787653705268.0806,False,,,3,OP1,C3_WIFI_CARGA_ALTA,N3
,0.266,0.346,0.732,1.0,,1787653705295.058,30.62,18.72,10.76,0.35,1787653705297.0798,False,,,3,OP1,C3_WIFI_CARGA_ALTA,N3
,0.268,0.343,0.734,1.0,,1787653705351.6328,30.69,18.56,10.58,0.35,1787653705351.6328,False,,,3,OP1,C3_WIFI_CARGA_ALTA,N3
,0.269,0.343,0.734,1.0,,1787653705380.2107,30.69,18.48,10.58,0.35,1787653705380.2107,False,,,3,OP1,C3_WIFI_CARGA_ALTA,N3
,0.27,0.342,0.733,1.0,,1787653705406.839,30.655,18.4,10.52,0.35,1787653705406.839,False,,,3,OP1,C3_WIFI_CARGA_ALTA,N3
,0.272,0.34,0.732,1.0,,1787653705572.6067,30.62,18.24,10.4,0.35,1787653705574.6216,False,,,3,OP1,C3_WIFI_CARGA_ALTA,N3
,0.28,0.333,0.716,1.0,,1787653705601.2224,30.06,17.6,9.98,0.35,1787653705601.2224,False,,,3,OP1,C3_WIFI_CARGA_ALTA,N3
,0.282,0.331,0.712,1.0,,1787653705654.652,29.92,17.44,9.86,0.35,1787653705658.3914,False,,,3,OP1,C3_WIFI_CARGA_ALTA,N3
,0.284,0.33,0.711,1.0,,1787653705684.802,29.885,17.28,9.8,0.35,1787653705684.802,False,,,3,OP1,C3_WIFI_CARGA_ALTA,N3
,0.286,0.329,0.711,1.0,,1787653705713.371,29.885,17.12,9.74,0.35,1787653705713.371,False,,,3,OP1,C3_WIFI_CARGA_ALTA,N3
,0.289,0.328,0.711,1.0,,1787653705739.8057,29.885,16.88,9.68,0.35,1787653705739.8057,False,,,3,OP1,C3_WIFI_CARGA_ALTA,N3
,0.291,0.328,0.711,1.0,,1787653705767.4707,29.885,16.72,9.68,0.35,1787653705771.508,False,,,3,OP1,C3_WIFI_CARGA_ALTA,N3
,0.294,0.326,0.71,1.0,,1787653705819.2146,29.85,16.48,9.56,0.35,1787653705819.2146,False,,,3,OP1,C3_WIFI_CARGA_ALTA,N3
,0.296,0.325,0.709,1.0,,1787653705851.493,29.815,16.32,9.5,0.35,1787653705853.506,False,,,3,OP1,C3_WIFI_CARGA_ALTA,N3
,0.298,0.322,0.709,1.0,,1787653705906.984,29.815,16.16,9.32,0.35,1787653705906.984,False,,,3,OP1,C3_WIFI_CARGA_ALTA,N3
,0.298,0.321,0.708,1.0,,1787653705934.9976,29.78,16.16,9.26,0.35,1787653705934.9976,False,,,3,OP1,C3_WIFI_CARGA_ALTA,N3
,0.299,0.318,0.705,1.0,,1787653706155.6348,29.675,16.08,9.08,0.35,1787653706155.6348,False,,,3,OP1,C3_WIFI_CARGA_ALTA,N3
,0.302,0.308,0.708,1.0,,1787653706187.724,29.78,15.84,8.48,0.35,1787653706187.724,False,,,3,OP1,C3_WIFI_CARGA_ALTA,N3
,0.3,0.304,0.712,1.0,,1787653706209.3428,29.92,16.0,8.24,0.35,1787653706209.3428,False,,,3,OP1,C3_WIFI_CARGA_ALTA,N3
,0.298,0.3,0.717,1.0,,1787653706241.231,30.095,16.16,8.0,0.35,1787653706245.2617,False,,,3,OP1,C3_WIFI_CARGA_ALTA,N3
,0.297,0.298,0.719,1.0,,1787653706270.479,30.165,16.24,7.88,0.35,1787653706270.479,False,,,3,OP1,C3_WIFI_CARGA_ALTA,N3
,0.296,0.296,0.721,1.0,,1787653706291.894,30.235,16.32,7.76,0.35,1787653706291.894,False,,,3,OP1,C3_WIFI_CARGA_ALTA,N3
,0.295,0.295,0.721,1.0,,1787653706326.4114,30.235,16.4,7.7,0.35,1787653706326.4114,False,,,3,OP1,C3_WIFI_CARGA_ALTA,N3
,0.294,0.295,0.721,1.0,,1787653706352.5566,30.235,16.48,7.7,0.35,1787653706352.5566,False,,,3,OP1,C3_WIFI_CARGA_ALTA,N3
,0.293,0.294,0.722,1.0,,1787653706376.3645,30.27,16.56,7.64,0.35,1787653706376.3645,False,,,3,OP1,C3_WIFI_CARGA_ALTA,N3
,0.292,0.293,0.723,1.0,,1787653706411.5537,30.305,16.64,7.58,0.35,1787653706411.5537,False,,,3,OP1,C3_WIFI_CARGA_ALTA,N3
,0.29,0.292,0.726,1.0,,1787653706437.5393,30.41,16.8,7.52,0.35,1787653706437.5393,False,,,3,OP1,C3_WIFI_CARGA_ALTA,N3
,0.286,0.292,0.729,1.0,,1787653706461.0054,30.515,17.12,7.52,0.35,1787653706461.0054,False,,,3,OP1,C3_WIFI_CARGA_ALTA,N3
,0.281,0.292,0.733,1.0,,1787653706490.082,30.655,17.52,7.52,0.35,1787653706490.082,False,,,3,OP1,C3_WIFI_CARGA_ALTA,N3
,0.276,0.293,0.738,1.0,,1787653706522.2688,30.83,17.92,7.58,0.35,1787653706522.2688,False,,,3,OP1,C3_WIFI_CARGA_ALTA,N3
,0.27,0.295,0.747,1.0,,1787653706577.723,31.145,18.4,7.7,0.35,1787653706577.723,False,,,3,OP1,C3_WIFI_CARGA_ALTA,N3
,0.263,0.297,0.754,1.0,,1787653706624.0134,31.39,18.96,7.82,0.35,1787653706624.0134,False,,,3,OP1,C3_WIFI_CARGA_ALTA,N3
,0.259,0.299,0.753,1.0,,1787653706661.319,31.355,19.28,7.94,0.35,1787653706661.319,False,,,3,OP1,C3_WIFI_CARGA_ALTA,N3
,0.255,0.301,0.751,1.0,,1787653706688.3225,31.285,19.6,8.06,0.35,1787653706688.3225,False,,,3,OP1,C3_WIFI_CARGA_ALTA,N3
,0.248,0.304,0.747,1.0,,1787653706744.073,31.145,20.16,8.24,0.35,1787653706744.073,False,,,3,OP1,C3_WIFI_CARGA_ALTA,N3
,0.24,0.305,0.742,1.0,,1787653706788.6614,30.97,20.8,8.3,0.35,1787653706788.6614,False,,,3,OP1,C3_WIFI_CARGA_ALTA,N3
,0.236,0.305,0.739,1.0,,1787653706824.8838,30.865,21.12,8.3,0.35,1787653706824.8838,False,,,3,OP1,C3_WIFI_CARGA_ALTA,N3
,0.233,0.305,0.736,1.0,,1787653706855.9575,30.76,21.36,8.3,0.35,1787653706856.9211,False,,,3,OP1,C3_WIFI_CARGA_ALTA,N3
,0.23,0.304,0.733,1.0,,1787653706911.5017,30.655,21.6,8.24,0.35,1787653706911.5017,False,,,3,OP1,C3_WIFI_CARGA_ALTA,N3
,0.229,0.303,0.733,1.0,,1787653707068.8218,30.655,21.68,8.18,0.35,1787653707072.9585,False,,,3,OP1,C3_WIFI_CARGA_ALTA,N3
,0.228,0.292,0.738,1.0,,1787653707104.046,30.83,21.76,7.52,0.35,1787653707104.046,False,,,3,OP1,C3_WIFI_CARGA_ALTA,N3
,0.229,0.289,0.74,1.0,,1787653707125.525,30.9,21.68,7.34,0.35,1787653707125.525,False,,,3,OP1,C3_WIFI_CARGA_ALTA,N3
,0.229,0.287,0.743,1.0,,1787653707162.7334,31.005,21.68,7.22,0.35,1787653707162.7334,False,,,3,OP1,C3_WIFI_CARGA_ALTA,N3
,0.23,0.286,0.745,1.0,,1787653707190.7527,31.075,21.6,7.16,0.35,1787653707190.7527,False,,,3,OP1,C3_WIFI_CARGA_ALTA,N3
,0.234,0.278,0.752,1.0,,1787653707379.7366,31.32,21.28,6.68,0.35,1787653707379.7366,False,,,3,OP1,C3_WIFI_CARGA_ALTA,N3
,0.242,0.267,0.762,1.0,,1787653707493.432,31.67,20.64,6.02,0.35,1787653707497.8037,False,,,3,OP1,C3_WIFI_CARGA_ALTA,N3
,0.252,0.239,0.781,1.0,,1787653707522.007,32.335,19.84,4.34,0.35,1787653707522.007,False,,,3,OP1,C3_WIFI_CARGA_ALTA,N3
,0.254,0.236,0.783,1.0,,1787653707546.1377,32.405,19.68,4.16,0.35,1787653707546.1377,False,,,3,OP1,C3_WIFI_CARGA_ALTA,N3
,0.255,0.235,0.784,1.0,,1787653707568.725,32.44,19.6,4.1,0.35,1787653707568.725,False,,,3,OP1,C3_WIFI_CARGA_ALTA,N3
,0.257,0.235,0.785,1.0,,1787653707598.0269,32.475,19.44,4.1,0.35,1787653707598.0269,False,,,3,OP1,C3_WIFI_CARGA_ALTA,N3
,0.259,0.235,0.785,1.0,,1787653707628.2908,32.475,19.28,4.1,0.35,1787653707628.2908,False,,,3,OP1,C3_WIFI_CARGA_ALTA,N3
,0.261,0.236,0.786,1.0,,1787653707662.0676,32.51,19.12,4.16,0.35,1787653707662.0676,False,,,3,OP1,C3_WIFI_CARGA_ALTA,N3
,0.263,0.237,0.788,1.0,,1787653707690.5815,32.58,18.96,4.22,0.35,1787653707690.5815,False,,,3,OP1,C3_WIFI_CARGA_ALTA,N3
,0.266,0.239,0.79,1.0,,1787653707711.054,32.65,18.72,4.34,0.35,1787653707711.054,False,,,3,OP1,C3_WIFI_CARGA_ALTA,N3
,0.269,0.241,0.793,1.0,,1787653707737.2993,32.755,18.48,4.46,0.35,1787653707737.2993,False,,,3,OP1,C3_WIFI_CARGA_ALTA,N3
,0.271,0.243,0.796,1.0,,1787653707903.7222,32.86,18.32,4.58,0.35,1787653707905.2295,False,,,3,OP1,C3_WIFI_CARGA_ALTA,N3
,0.276,0.246,0.805,1.0,,1787653707930.7036,33.175,17.92,4.76,0.35,1787653707930.7036,False,,,3,OP1,C3_WIFI_CARGA_ALTA,N3
,0.277,0.246,0.807,1.0,,1787653708210.1274,33.245,17.84,4.76,0.35,1787653708210.1274,False,,,3,OP1,C3_WIFI_CARGA_ALTA,N3
,0.284,0.239,0.824,1.0,,1787653708461.619,33.84,17.28,4.34,0.35,1787653708461.619,False,,,3,OP1,C3_WIFI_CARGA_ALTA,N3
,0.285,0.227,0.835,1.0,,1787653708498.7744,34.225,17.2,3.62,0.35,1787653708499.6072,False,,,3,OP1,C3_WIFI_CARGA_ALTA,N3
,0.284,0.226,0.835,1.0,,1787653708526.5493,34.225,17.28,3.56,0.35,1787653708526.5493,False,,,3,OP1,C3_WIFI_CARGA_ALTA,N3
,0.283,0.225,0.836,1.0,,1787653708575.6382,34.26,17.36,3.5,0.35,1787653708575.6382,False,,,3,OP1,C3_WIFI_CARGA_ALTA,N3
,0.283,0.224,0.836,1.0,,1787653708609.9788,34.26,17.36,3.44,0.35,1787653708609.9788,False,,,3,OP1,C3_WIFI_CARGA_ALTA,N3
,0.282,0.224,0.837,1.0,,1787653708630.7395,34.295,17.44,3.44,0.35,1787653708630.7395,False,,,3,OP1,C3_WIFI_CARGA_ALTA,N3
,0.282,0.223,0.836,1.0,,1787653708666.3098,34.26,17.44,3.38,0.35,1787653708666.3098,False,,,3,OP1,C3_WIFI_CARGA_ALTA,N3
,0.282,0.223,0.836,1.0,,1787653708690.535,34.26,17.44,3.38,0.35,1787653708694.8289,False,,,3,OP1,C3_WIFI_CARGA_ALTA,N3
,0.281,0.223,0.836,1.0,,1787653708710.6147,34.26,17.52,3.38,0.35,1787653708711.36,False,,,3,OP1,C3_WIFI_CARGA_ALTA,N3
,0.28,0.222,0.835,1.0,,1787653708745.3218,34.225,17.6,3.32,0.35,1787653708745.3218,False,,,3,OP1,C3_WIFI_CARGA_ALTA,N3
,0.278,0.222,0.833,1.0,,1787653708799.8408,34.155,17.76,3.32,0.35,1787653708801.3513,False,,,3,OP1,C3_WIFI_CARGA_ALTA,N3
,0.278,0.222,0.832,1.0,,1787653708833.5903,34.12,17.76,3.32,0.35,1787653708833.5903,False,,,3,OP1,C3_WIFI_CARGA_ALTA,N3
,0.277,0.222,0.831,1.0,,1787653709000.1077,34.085,17.84,3.32,0.35,1787653709000.1077,False,,,3,OP1,C3_WIFI_CARGA_ALTA,N3
,0.273,0.219,0.826,1.0,,1787653709026.0715,33.91,18.16,3.14,0.35,1787653709026.0715,False,,,3,OP1,C3_WIFI_CARGA_ALTA,N3
,0.272,0.219,0.825,1.0,,1787653709046.9229,33.875,18.24,3.14,0.35,1787653709046.9229,False,,,3,OP1,C3_WIFI_CARGA_ALTA,N3
,0.272,0.217,0.825,1.0,,1787653709076.667,33.875,18.24,3.02,0.35,1787653709076.667,False,,,3,OP1,C3_WIFI_CARGA_ALTA,N3
,0.272,0.216,0.825,1.0,,1787653709111.059,33.875,18.24,2.96,0.35,1787653709111.059,False,,,3,OP1,C3_WIFI_CARGA_ALTA,N3
,0.272,0.214,0.824,1.0,,1787653709136.1333,33.84,18.24,2.84,0.35,1787653709136.1333,False,,,3,OP1,C3_WIFI_CARGA_ALTA,N3
,0.272,0.211,0.824,1.0,,1787653709166.5903,33.84,18.24,2.66,0.35,1787653709166.5903,False,,,3,OP1,C3_WIFI_CARGA_ALTA,N3
,0.272,0.209,0.823,1.0,,1787653709194.36,33.805,18.24,2.54,0.35,1787653709194.36,False,,,3,OP1,C3_WIFI_CARGA_ALTA,N3
,0.272,0.207,0.822,1.0,,1787653709215.5845,33.77,18.24,2.42,0.35,1787653709215.5845,False,,,3,OP1,C3_WIFI_CARGA_ALTA,N3
,0.272,0.206,0.82,1.0,,1787653709249.068,33.7,18.24,2.36,0.35,1787653709249.068,False,,,3,OP1,C3_WIFI_CARGA_ALTA,N3
,0.271,0.205,0.818,1.0,,1787653709277.1504,33.63,18.32,2.3,0.35,1787653709277.1504,False,,,3,OP1,C3_WIFI_CARGA_ALTA,N3
,0.271,0.202,0.816,1.0,,1787653709305.8064,33.56,18.32,2.12,0.35,1787653709305.8064,False,,,3,OP1,C3_WIFI_CARGA_ALTA,N3
,0.27,0.2,0.815,1.0,,1787653709334.3635,33.525,18.4,2.0,0.35,1787653709334.3635,False,,,3,OP1,C3_WIFI_CARGA_ALTA,N3
,0.267,0.196,0.811,1.0,,1787653709381.5647,33.385,18.64,1.76,0.35,1787653709383.8684,False,,,3,OP1,C3_WIFI_CARGA_ALTA,N3
,0.266,0.195,0.81,1.0,,1787653709416.2007,33.35,18.72,1.7,0.35,1787653709416.2007,False,,,3,OP1,C3_WIFI_CARGA_ALTA,N3
,0.266,0.193,0.809,1.0,,1787653709473.709,33.315,18.72,1.58,0.35,1787653709474.7166,False,,,3,OP1,C3_WIFI_CARGA_ALTA,N3
,0.265,0.193,0.808,1.0,,1787653709501.6902,33.28,18.8,1.58,0.35,1787653709501.6902,False,,,3,OP1,C3_WIFI_CARGA_ALTA,N3
,0.264,0.192,0.807,1.0,,1787653709547.4863,33.245,18.88,1.52,0.35,1787653709547.4863,False,,,3,OP1,C3_WIFI_CARGA_ALTA,N3
,0.263,0.192,0.807,1.0,,1787653709580.3914,33.245,18.96,1.52,0.35,1787653709584.564,False,,,3,OP1,C3_WIFI_CARGA_ALTA,N3
,0.262,0.192,0.806,1.0,,1787653709638.8992,33.21,19.04,1.52,0.35,1787653709638.8992,False,,,3,OP1,C3_WIFI_CARGA_ALTA,N3
,0.261,0.192,0.807,1.0,,1787653709669.2332,33.245,19.12,1.52,0.35,1787653709669.2332,False,,,3,OP1,C3_WIFI_CARGA_ALTA,N3
,0.26,0.191,0.807,1.0,,1787653709720.4077,33.245,19.2,1.46,0.35,1787653709720.4077,False,,,3,OP1,C3_WIFI_CARGA_ALTA,N3
,0.26,0.191,0.808,1.0,,1787653709751.2778,33.28,19.2,1.46,0.35,1787653709751.2778,False,,,3,OP1,C3_WIFI_CARGA_ALTA,N3
,0.259,0.19,0.809,1.0,,1787653709779.075,33.315,19.28,1.4,0.35,1787653709780.8745,False,,,3,OP1,C3_WIFI_CARGA_ALTA,N3
,0.259,0.189,0.809,1.0,,1787653709803.113,33.315,19.28,1.34,0.35,1787653709803.113,False,,,3,OP1,C3_WIFI_CARGA_ALTA,N3
,0.259,0.189,0.81,1.0,,1787653709834.8923,33.35,19.28,1.34,0.35,1787653709836.9077,False,,,3,OP1,C3_WIFI_CARGA_ALTA,N3
,0.259,0.188,0.81,1.0,,1787653709878.6277,33.35,19.28,1.28,0.35,1787653709878.6277,False,,,3,OP1,C3_WIFI_CARGA_ALTA,N3
,0.258,0.188,0.81,1.0,,1787653709919.214,33.35,19.36,1.28,0.35,1787653709919.214,False,,,3,OP1,C3_WIFI_CARGA_ALTA,N3
,0.258,0.187,0.809,1.0,,1787653709945.8828,33.315,19.36,1.22,0.35,1787653709945.8828,False,,,3,OP1,C3_WIFI_CARGA_ALTA,N3
,0.258,0.186,0.808,1.0,,1787653709970.9387,33.28,19.36,1.16,0.35,1787653709970.9387,False,,,3,OP1,C3_WIFI_CARGA_ALTA,N3
,0.258,0.185,0.807,1.0,,1787653710185.4614,33.245,19.36,1.1,0.35,1787653710185.4614,False,,,3,OP1,C3_WIFI_CARGA_ALTA,N3
,0.257,0.177,0.8,1.0,,1787653710223.4983,33.0,19.44,0.62,0.35,1787653710223.4983,False,,,3,OP1,C3_WIFI_CARGA_ALTA,N3
,0.257,0.175,0.801,1.0,,1787653710251.4016,33.035,19.44,0.5,0.35,1787653710251.4016,False,,,3,OP1,C3_WIFI_CARGA_ALTA,N3
,0.257,0.172,0.801,1.0,,1787653710309.0125,33.035,19.44,0.32,0.35,1787653710309.0125,False,,,3,OP1,C3_WIFI_CARGA_ALTA,N3
,0.256,0.167,0.802,1.0,,1787653710353.5725,33.07,19.52,0.02,0.35,1787653710353.5725,False,,,3,OP1,C3_WIFI_CARGA_ALTA,N3
,0.256,0.164,0.805,1.0,,1787653710390.652,33.175,19.52,-0.16,0.35,1787653710390.652,False,,,3,OP1,C3_WIFI_CARGA_ALTA,N3
,0.256,0.161,0.806,1.0,,1787653710416.3606,33.21,19.52,-0.34,0.35,1787653710420.5984,False,,,3,OP1,C3_WIFI_CARGA_ALTA,N3
,0.256,0.159,0.808,1.0,,1787653710437.248,33.28,19.52,-0.46,0.35,1787653710437.248,False,,,3,OP1,C3_WIFI_CARGA_ALTA,N3
,0.256,0.158,0.81,1.0,,1787653710476.9788,33.35,19.52,-0.52,0.35,1787653710476.9788,False,,,3,OP1,C3_WIFI_CARGA_ALTA,N3
,0.258,0.156,0.814,1.0,,1787653710521.978,33.49,19.36,-0.64,0.35,1787653710521.978,False,,,3,OP1,C3_WIFI_CARGA_ALTA,N3
,0.259,0.156,0.816,1.0,,1787653710557.6074,33.56,19.28,-0.64,0.35,1787653710559.7493,False,,,3,OP1,C3_WIFI_CARGA_ALTA,N3
,0.259,0.156,0.817,1.0,,1787653710585.1194,33.595,19.28,-0.64,0.35,1787653710585.1194,False,,,3,OP1,C3_WIFI_CARGA_ALTA,N3
,0.26,0.155,0.818,1.0,,1787653710605.7185,33.63,19.2,-0.7,0.35,1787653710605.7185,False,,,3,OP1,C3_WIFI_CARGA_ALTA,N3
,0.26,0.155,0.819,1.0,,1787653710642.1775,33.665,19.2,-0.7,0.35,1787653710644.1912,False,,,3,OP1,C3_WIFI_CARGA_ALTA,N3
,0.26,0.154,0.82,1.0,,1787653710689.3708,33.7,19.2,-0.76,0.35,1787653710689.3708,False,,,3,OP1,C3_WIFI_CARGA_ALTA,N3
,0.261,0.153,0.821,1.0,,1787653710719.24,33.735,19.12,-0.82,0.35,1787653710721.6882,False,,,3,OP1,C3_WIFI_CARGA_ALTA,N3
,0.261,0.152,0.823,1.0,,1787653710753.4448,33.805,19.12,-0.88,0.35,1787653710753.4448,False,,,3,OP1,C3_WIFI_CARGA_ALTA,N3
,0.264,0.15,0.824,1.0,,1787653710806.679,33.84,18.88,-1.0,0.35,1787653710810.7046,False,,,3,OP1,C3_WIFI_CARGA_ALTA,N3
,0.264,0.149,0.825,1.0,,1787653710835.748,33.875,18.88,-1.06,0.35,1787653710838.4607,False,,,3,OP1,C3_WIFI_CARGA_ALTA,N3
,0.264,0.149,0.826,1.0,,1787653710857.4536,33.91,18.88,-1.06,0.35,1787653710857.4536,False,,,3,OP1,C3_WIFI_CARGA_ALTA,N3
,0.264,0.148,0.826,1.0,,1787653710892.4006,33.91,18.88,-1.12,0.35,1787653710892.4006,False,,,3,OP1,C3_WIFI_CARGA_ALTA,N3
,0.264,0.147,0.826,1.0,,1787653711059.3435,33.91,18.88,-1.18,0.35,1787653711061.3489,False,,,3,OP1,C3_WIFI_CARGA_ALTA,N3
,0.264,0.139,0.826,1.0,,1787653711088.1465,33.91,18.88,-1.66,0.35,1787653711088.1465,False,,,3,OP1,C3_WIFI_CARGA_ALTA,N3
,0.264,0.138,0.825,1.0,,1787653711112.965,33.875,18.88,-1.72,0.35,1787653711112.965,False,,,3,OP1,C3_WIFI_CARGA_ALTA,N3
,0.263,0.137,0.825,1.0,,1787653711134.7976,33.875,18.96,-1.78,0.35,1787653711134.7976,False,,,3,OP1,C3_WIFI_CARGA_ALTA,N3
,0.263,0.136,0.824,1.0,,1787653711162.6377,33.84,18.96,-1.84,0.35,1787653711164.3962,False,,,3,OP1,C3_WIFI_CARGA_ALTA,N3
,0.263,0.135,0.823,1.0,,1787653711196.5403,33.805,18.96,-1.9,0.35,1787653711197.587,False,,,3,OP1,C3_WIFI_CARGA_ALTA,N3
,0.263,0.134,0.823,1.0,,1787653711226.7007,33.805,18.96,-1.96,0.35,1787653711226.7007,False,,,3,OP1,C3_WIFI_CARGA_ALTA,N3
,0.263,0.132,0.823,1.0,,1787653711254.5408,33.805,18.96,-2.08,0.35,1787653711255.7097,False,,,3,OP1,C3_WIFI_CARGA_ALTA,N3
,0.263,0.131,0.822,1.0,,1787653711279.7715,33.77,18.96,-2.14,0.35,1787653711281.7893,False,,,3,OP1,C3_WIFI_CARGA_ALTA,N3
,0.263,0.13,0.821,1.0,,1787653711337.77,33.735,18.96,-2.2,0.35,1787653711339.784,False,,,3,OP1,C3_WIFI_CARGA_ALTA,N3
,0.263,0.13,0.82,1.0,,1787653711363.9956,33.7,18.96,-2.2,0.35,1787653711366.007,False,,,3,OP1,C3_WIFI_CARGA_ALTA,N3
,0.263,0.13,0.818,1.0,,1787653711394.9656,33.63,18.96,-2.2,0.35,1787653711394.9656,False,,,3,OP1,C3_WIFI_CARGA_ALTA,N3
,0.263,0.13,0.817,1.0,,1787653711422.9082,33.595,18.96,-2.2,0.35,1787653711422.9082,False,,,3,OP1,C3_WIFI_CARGA_ALTA,N3
,0.263,0.13,0.816,1.0,,1787653711447.192,33.56,18.96,-2.2,0.35,1787653711447.192,False,,,3,OP1,C3_WIFI_CARGA_ALTA,N3
,0.263,0.13,0.816,1.0,,1787653711467.9358,33.56,18.96,-2.2,0.35,1787653711469.943,False,,,3,OP1,C3_WIFI_CARGA_ALTA,N3
,0.264,0.13,0.815,1.0,,1787653711499.0537,33.525,18.88,-2.2,0.35,1787653711499.0537,False,,,3,OP1,C3_WIFI_CARGA_ALTA,N3
,0.264,0.129,0.815,1.0,,1787653711529.442,33.525,18.88,-2.26,0.35,1787653711531.4585,False,,,3,OP1,C3_WIFI_CARGA_ALTA,N3
,0.265,0.129,0.816,1.0,,1787653711558.6526,33.56,18.8,-2.26,0.35,1787653711558.6526,False,,,3,OP1,C3_WIFI_CARGA_ALTA,N3
,0.265,0.129,0.815,1.0,,1787653711587.8655,33.525,18.8,-2.26,0.35,1787653711587.8655,False,,,3,OP1,C3_WIFI_CARGA_ALTA,N3
,0.265,0.129,0.815,1.0,,1787653711613.4873,33.525,18.8,-2.26,0.35,1787653711613.4873,False,,,3,OP1,C3_WIFI_CARGA_ALTA,N3
,0.266,0.127,0.815,1.0,,1787653711667.7634,33.525,18.72,-2.38,0.35,1787653711668.665,False,,,3,OP1,C3_WIFI_CARGA_ALTA,N3
,0.267,0.125,0.815,1.0,,1787653711697.2922,33.525,18.64,-2.5,0.35,1787653711697.2922,False,,,3,OP1,C3_WIFI_CARGA_ALTA,N3
,0.268,0.124,0.814,1.0,,1787653711728.9824,33.49,18.56,-2.56,0.35,1787653711728.9824,False,,,3,OP1,C3_WIFI_CARGA_ALTA,N3
,0.269,0.122,0.815,1.0,,1787653711755.2202,33.525,18.48,-2.68,0.35,1787653711755.2202,False,,,3,OP1,C3_WIFI_CARGA_ALTA,N3
,0.269,0.121,0.814,1.0,,1787653711784.2188,33.49,18.48,-2.74,0.35,1787653711784.2188,False,,,3,OP1,C3_WIFI_CARGA_ALTA,N3
,0.272,0.118,0.813,1.0,,1787653711835.8777,33.455,18.24,-2.92,0.35,1787653711836.7102,False,,,3,OP1,C3_WIFI_CARGA_ALTA,N3
,0.272,0.117,0.812,1.0,,1787653711865.95,33.42,18.24,-2.98,0.35,1787653711865.95,False,,,3,OP1,C3_WIFI_CARGA_ALTA,N3
,0.272,0.116,0.812,1.0,,1787653711895.6133,33.42,18.24,-3.04,0.35,1787653711895.6133,False,,,3,OP1,C3_WIFI_CARGA_ALTA,N3
,0.273,0.116,0.811,1.0,,1787653711924.8225,33.385,18.16,-3.04,0.35,1787653711924.8225,False,,,3,OP1,C3_WIFI_CARGA_ALTA,N3
,0.273,0.115,0.81,1.0,,1787653711949.9617,33.35,18.16,-3.1,0.35,1787653711949.9617,False,,,3,OP1,C3_WIFI_CARGA_ALTA,N3
,0.274,0.113,0.81,1.0,,1787653712001.442,33.35,18.08,-3.22,0.35,1787653712003.457,False,,,3,OP1,C3_WIFI_CARGA_ALTA,N3
,0.275,0.112,0.81,1.0,,1787653712033.5784,33.35,18.0,-3.28,0.35,1787653712033.5784,False,,,3,OP1,C3_WIFI_CARGA_ALTA,N3
,0.276,0.111,0.809,1.0,,1787653712063.168,33.315,17.92,-3.34,0.35,1787653712063.168,False,,,3,OP1,C3_WIFI_CARGA_ALTA,N3
,0.278,0.11,0.808,1.0,,1787653712090.757,33.28,17.76,-3.4,0.35,1787653712090.757,False,,,3,OP1,C3_WIFI_CARGA_ALTA,N3
,0.279,0.11,0.808,1.0,,1787653712116.8635,33.28,17.68,-3.4,0.35,1787653712116.8635,False,,,3,OP1,C3_WIFI_CARGA_ALTA,N3
,0.281,0.11,0.807,1.0,,1787653712137.8948,33.245,17.52,-3.4,0.35,1787653712137.8948,False,,,3,OP1,C3_WIFI_CARGA_ALTA,N3
,0.282,0.11,0.806,1.0,,1787653712169.164,33.21,17.44,-3.4,0.35,1787653712169.164,False,,,3,OP1,C3_WIFI_CARGA_ALTA,N3
,0.282,0.11,0.806,1.0,,1787653712201.7305,33.21,17.44,-3.4,0.35,1787653712202.8835,False,,,3,OP1,C3_WIFI_CARGA_ALTA,N3
,0.283,0.109,0.806,1.0,,1787653712229.5706,33.21,17.36,-3.46,0.35,1787653712229.5706,False,,,3,OP1,C3_WIFI_CARGA_ALTA,N3
,0.283,0.108,0.806,1.0,,1787653712255.4648,33.21,17.36,-3.52,0.35,1787653712255.4648,False,,,3,OP1,C3_WIFI_CARGA_ALTA,N3
,0.284,0.108,0.807,1.0,,1787653712285.34,33.245,17.28,-3.52,0.35,1787653712285.34,False,,,3,OP1,C3_WIFI_CARGA_ALTA,N3
,0.284,0.109,0.808,1.0,,1787653712336.7405,33.28,17.28,-3.46,0.35,1787653712340.4614,False,,,3,OP1,C3_WIFI_CARGA_ALTA,N3
,0.284,0.109,0.808,1.0,,1787653712369.4836,33.28,17.28,-3.46,0.35,1787653712370.3545,False,,,3,OP1,C3_WIFI_CARGA_ALTA,N3
,0.284,0.109,0.81,1.0,,1787653712425.4268,33.35,17.28,-3.46,0.35,1787653712425.937,False,,,3,OP1,C3_WIFI_CARGA_ALTA,N3
,0.284,0.109,0.81,1.0,,1787653712451.655,33.35,17.28,-3.46,0.35,1787653712451.655,False,,,3,OP1,C3_WIFI_CARGA_ALTA,N3
,0.284,0.109,0.811,1.0,,1787653712474.046,33.385,17.28,-3.46,0.35,1787653712475.189,False,,,3,OP1,C3_WIFI_CARGA_ALTA,N3
,0.284,0.109,0.81,1.0,,1787653712504.996,33.35,17.28,-3.46,0.35,1787653712504.996,False,,,3,OP1,C3_WIFI_CARGA_ALTA,N3
,0.284,0.109,0.81,1.0,,1787653712533.9695,33.35,17.28,-3.46,0.35,1787653712533.9695,False,,,3,OP1,C3_WIFI_CARGA_ALTA,N3
,0.284,0.109,0.81,1.0,,1787653712562.9373,33.35,17.28,-3.46,0.35,1787653712565.209,False,,,3,OP1,C3_WIFI_CARGA_ALTA,N3
,0.283,0.111,0.811,1.0,,1787653712604.6414,33.385,17.36,-3.34,0.35,1787653712604.6414,False,,,3,OP1,C3_WIFI_CARGA_ALTA,N3
,0.282,0.111,0.811,1.0,,1787653712638.4668,33.385,17.44,-3.34,0.35,1787653712638.4668,False,,,3,OP1,C3_WIFI_CARGA_ALTA,N3
,0.282,0.112,0.811,1.0,,1787653712663.267,33.385,17.44,-3.28,0.35,1787653712663.267,False,,,3,OP1,C3_WIFI_CARGA_ALTA,N3
,0.282,0.112,0.812,1.0,,1787653712702.255,33.42,17.44,-3.28,0.35,1787653712704.7678,False,,,3,OP1,C3_WIFI_CARGA_ALTA,N3
,0.282,0.111,0.813,1.0,,1787653712731.5413,33.455,17.44,-3.34,0.35,1787653712731.5413,False,,,3,OP1,C3_WIFI_CARGA_ALTA,N3
,0.282,0.111,0.813,1.0,,1787653712759.2698,33.455,17.44,-3.34,0.35,1787653712759.2698,False,,,3,OP1,C3_WIFI_CARGA_ALTA,N3
,0.281,0.109,0.814,1.0,,1787653712807.4849,33.49,17.52,-3.46,0.35,1787653712808.7483,False,,,3,OP1,C3_WIFI_CARGA_ALTA,N3
,0.281,0.109,0.815,1.0,,1787653712839.4043,33.525,17.52,-3.46,0.35,1787653712841.3608,False,,,3,OP1,C3_WIFI_CARGA_ALTA,N3
,0.281,0.108,0.816,1.0,,1787653713008.794,33.56,17.52,-3.52,0.35,1787653713008.794,False,,,3,OP1,C3_WIFI_CARGA_ALTA,N3
,0.282,0.106,0.817,1.0,,1787653713035.0034,33.595,17.44,-3.64,0.35,1787653713036.0083,False,,,3,OP1,C3_WIFI_CARGA_ALTA,N3
,0.282,0.106,0.817,1.0,,1787653713063.1562,33.595,17.44,-3.64,0.35,1787653713063.1562,False,,,3,OP1,C3_WIFI_CARGA_ALTA,N3
,0.282,0.105,0.817,1.0,,1787653713093.926,33.595,17.44,-3.7,0.35,1787653713093.926,False,,,3,OP1,C3_WIFI_CARGA_ALTA,N3
,0.282,0.105,0.817,1.0,,1787653713280.453,33.595,17.44,-3.7,0.35,1787653713281.787,False,,,3,OP1,C3_WIFI_CARGA_ALTA,N3
,0.283,0.101,0.811,1.0,,1787653713310.833,33.385,17.36,-3.94,0.35,1787653713314.3088,False,,,3,OP1,C3_WIFI_CARGA_ALTA,N3
,0.283,0.099,0.81,1.0,,1787653713331.413,33.35,17.36,-4.06,0.35,1787653713331.413,False,,,3,OP1,C3_WIFI_CARGA_ALTA,N3
,0.283,0.096,0.808,1.0,,1787653713371.298,33.28,17.36,-4.24,0.35,1787653713373.3052,False,,,3,OP1,C3_WIFI_CARGA_ALTA,N3
,0.284,0.092,0.806,1.0,,1787653713400.4124,33.21,17.28,-4.48,0.35,1787653713400.4124,False,,,3,OP1,C3_WIFI_CARGA_ALTA,N3
,0.285,0.088,0.803,1.0,,1787653713445.5994,33.105,17.2,-4.72,0.35,1787653713450.1057,False,,,3,OP1,C3_WIFI_CARGA_ALTA,N3
,0.286,0.086,0.802,1.0,,1787653713481.3206,33.07,17.12,-4.84,0.35,1787653713483.3987,False,,,3,OP1,C3_WIFI_CARGA_ALTA,N3
,0.286,0.086,0.801,1.0,,1787653713508.438,33.035,17.12,-4.84,0.35,1787653713508.438,False,,,3,OP1,C3_WIFI_CARGA_ALTA,N3
,0.286,0.085,0.801,1.0,,1787653713538.4065,33.035,17.12,-4.9,0.35,1787653713538.4065,False,,,3,OP1,C3_WIFI_CARGA_ALTA,N3
,0.287,0.085,0.801,1.0,,1787653713566.8025,33.035,17.04,-4.9,0.35,1787653713566.8025,False,,,3,OP1,C3_WIFI_CARGA_ALTA,N3
,0.288,0.083,0.801,1.0,,1787653713618.018,33.035,16.96,-5.02,0.35,1787653713618.018,False,,,3,OP1,C3_WIFI_CARGA_ALTA,N3
,0.289,0.083,0.802,1.0,,1787653713649.06,33.07,16.88,-5.02,0.35,1787653713649.06,False,,,3,OP1,C3_WIFI_CARGA_ALTA,N3
,0.289,0.082,0.802,1.0,,1787653713677.4336,33.07,16.88,-5.08,0.35,1787653713677.4336,False,,,3,OP1,C3_WIFI_CARGA_ALTA,N3
,0.289,0.082,0.802,1.0,,1787653713702.3486,33.07,16.88,-5.08,0.35,1787653713707.3457,False,,,3,OP1,C3_WIFI_CARGA_ALTA,N3
,0.29,0.081,0.803,1.0,,1787653713734.3528,33.105,16.8,-5.14,0.35,1787653713734.3528,False,,,3,OP1,C3_WIFI_CARGA_ALTA,N3
,0.291,0.079,0.803,1.0,,1787653713781.3633,33.105,16.72,-5.26,0.35,1787653713781.3633,False,,,3,OP1,C3_WIFI_CARGA_ALTA,N3
,0.291,0.078,0.803,1.0,,1787653713982.3013,33.105,16.72,-5.32,0.35,1787653713984.7598,False,,,3,OP1,C3_WIFI_CARGA_ALTA,N3
,0.294,0.072,0.809,1.0,,1787653714028.8862,33.315,16.48,-5.68,0.35,1787653714030.1562,False,,,3,OP1,C3_WIFI_CARGA_ALTA,N3
,0.294,0.07,0.811,1.0,,1787653714053.1045,33.385,16.48,-5.8,0.35,1787653714053.1045,False,,,3,OP1,C3_WIFI_CARGA_ALTA,N3
,0.294,0.069,0.812,1.0,,1787653714082.8296,33.42,16.48,-5.86,0.35,1787653714082.8296,False,,,3,OP1,C3_WIFI_CARGA_ALTA,N3
,0.295,0.069,0.813,1.0,,1787653714118.4004,33.455,16.4,-5.86,0.35,1787653714119.63,False,,,3,OP1,C3_WIFI_CARGA_ALTA,N3
,0.295,0.069,0.813,1.0,,1787653714151.3584,33.455,16.4,-5.86,0.35,1787653714151.3584,False,,,3,OP1,C3_WIFI_CARGA_ALTA,N3
,0.296,0.069,0.813,1.0,,1787653714453.0298,33.455,16.32,-5.86,0.35,1787653714453.0298,False,,,3,OP1,C3_WIFI_CARGA_ALTA,N3
,0.302,0.065,0.819,1.0,,1787653714482.9138,33.665,15.84,-6.1,0.35,1787653714482.9138,False,,,3,OP1,C3_WIFI_CARGA_ALTA,N3
,0.302,0.063,0.82,1.0,,1787653714504.242,33.7,15.84,-6.22,0.35,1787653714504.242,False,,,3,OP1,C3_WIFI_CARGA_ALTA,N3
,0.302,0.062,0.822,1.0,,1787653714540.859,33.77,15.84,-6.28,0.35,1787653714541.5493,False,,,3,OP1,C3_WIFI_CARGA_ALTA,N3
,0.302,0.06,0.824,1.0,,1787653714565.8098,33.84,15.84,-6.4,0.35,1787653714569.8442,False,,,3,OP1,C3_WIFI_CARGA_ALTA,N3
,0.301,0.06,0.826,1.0,,1787653714586.611,33.91,15.92,-6.4,0.35,1787653714589.9167,False,,,3,OP1,C3_WIFI_CARGA_ALTA,N3
,0.301,0.059,0.827,1.0,,1787653714624.0005,33.945,15.92,-6.46,0.35,1787653714624.5366,False,,,3,OP1,C3_WIFI_CARGA_ALTA,N3
,0.301,0.058,0.828,1.0,,1787653714651.5415,33.98,15.92,-6.52,0.35,1787653714651.5415,False,,,3,OP1,C3_WIFI_CARGA_ALTA,N3
,0.301,0.058,0.828,1.0,,1787653714674.5845,33.98,15.92,-6.52,0.35,1787653714674.5845,False,,,3,OP1,C3_WIFI_CARGA_ALTA,N3
,0.301,0.058,0.829,1.0,,1787653714707.6223,34.015,15.92,-6.52,0.35,1787653714709.6348,False,,,3,OP1,C3_WIFI_CARGA_ALTA,N3
,0.299,0.063,0.827,0.778,,1787653714755.5876,33.945,16.08,-6.22,0.5831,1787653714755.5876,False,,,3,OP1,C3_WIFI_CARGA_ALTA,N3
,0.298,0.066,0.825,0.577,,1787653714790.9358,33.875,16.16,-6.04,0.7942,1787653714792.9475,False,,,3,OP1,C3_WIFI_CARGA_ALTA,N3
,0.298,0.068,0.825,0.223,,1787653714956.534,33.875,16.16,-5.92,1.1658,1787653714956.534,False,,,3,OP1,C3_WIFI_CARGA_ALTA,N3
,0.299,0.075,0.826,0.182,,1787653715112.464,33.91,16.08,-5.5,1.2089,1787653715112.464,False,,,3,OP1,C3_WIFI_CARGA_ALTA,N3
,0.297,0.089,0.814,0.033,,1787653715152.923,33.49,16.24,-4.66,1.3653,1787653715152.923,False,,,3,OP1,C3_WIFI_CARGA_ALTA,N3
,0.298,0.088,0.814,0.027,,1787653715208.9775,33.49,16.16,-4.72,1.3716,1787653715208.9775,False,,,3,OP1,C3_WIFI_CARGA_ALTA,N3
,0.298,0.089,0.813,0.024,,1787653715254.2732,33.455,16.16,-4.66,1.3748,1787653715254.2732,False,,,3,OP1,C3_WIFI_CARGA_ALTA,N3
,0.299,0.09,0.812,0.022,,1787653715292.2637,33.42,16.08,-4.6,1.3769,1787653715294.272,False,,,3,OP1,C3_WIFI_CARGA_ALTA,N3
,0.299,0.091,0.811,0.021,,1787653715320.696,33.385,16.08,-4.54,1.378,1787653715320.696,False,,,3,OP1,C3_WIFI_CARGA_ALTA,N3
,0.3,0.093,0.808,0.018,,1787653715375.5442,33.28,16.0,-4.42,1.3811,1787653715377.5576,False,,,3,OP1,C3_WIFI_CARGA_ALTA,N3
,0.299,0.095,0.806,0.017,,1787653715397.428,33.21,16.08,-4.3,1.3821,1787653715398.7173,False,,,3,OP1,C3_WIFI_CARGA_ALTA,N3
,0.299,0.096,0.804,0.016,,1787653715420.732,33.14,16.08,-4.24,1.3832,1787653715421.7405,False,,,3,OP1,C3_WIFI_CARGA_ALTA,N3
,0.299,0.097,0.802,0.015,,1787653715460.0732,33.07,16.08,-4.18,1.3842,1787653715460.0732,False,,,3,OP1,C3_WIFI_CARGA_ALTA,N3
,0.299,0.098,0.801,0.014,,1787653715487.6267,33.035,16.08,-4.12,1.3853,1787653715487.6267,False,,,3,OP1,C3_WIFI_CARGA_ALTA,N3
,0.298,0.101,0.799,0.012,,1787653715542.9004,32.965,16.16,-3.94,1.3874,1787653715544.9124,False,,,3,OP1,C3_WIFI_CARGA_ALTA,N3
,0.298,0.102,0.797,0.011,,1787653715566.6135,32.895,16.16,-3.88,1.3884,1787653715566.6135,False,,,3,OP1,C3_WIFI_CARGA_ALTA,N3
,0.298,0.103,0.796,0.008,,1787653715587.7007,32.86,16.16,-3.82,1.3916,1787653715587.7007,False,,,3,OP1,C3_WIFI_CARGA_ALTA,N3
,0.299,0.105,0.794,0.006,,1787653715625.4902,32.79,16.08,-3.7,1.3937,1787653715627.4966,False,,,3,OP1,C3_WIFI_CARGA_ALTA,N3
,0.299,0.106,0.793,0.004,,1787653715651.7942,32.755,16.08,-3.64,1.3958,1787653715651.7942,False,,,3,OP1,C3_WIFI_CARGA_ALTA,N3
,0.299,0.106,0.793,0.004,,1787653715675.2268,32.755,16.08,-3.64,1.3958,1787653715675.2268,False,,,3,OP1,C3_WIFI_CARGA_ALTA,N3
,0.299,0.106,0.792,0.001,,1787653715700.1404,32.72,16.08,-3.64,1.3989,1787653715701.6453,False,,,3,OP1,C3_WIFI_CARGA_ALTA,N3
,0.299,0.107,0.791,0.0,,1787653715728.8962,32.685,16.08,-3.58,1.4,1787653715728.8962,False,,,3,OP1,C3_WIFI_CARGA_ALTA,N3
,0.299,0.107,0.79,0.0,,1787653715758.3137,32.65,16.08,-3.58,1.4,1787653715759.7085,False,,,3,OP1,C3_WIFI_CARGA_ALTA,N3
,0.299,0.107,0.79,0.0,,1787653715790.9043,32.65,16.08,-3.58,1.4,1787653715795.093,False,,,3,OP1,C3_WIFI_CARGA_ALTA,N3
,0.299,0.107,0.789,0.0,,1787653715820.9392,32.615,16.08,-3.58,1.4,1787653715822.4443,False,,,3,OP1,C3_WIFI_CARGA_ALTA,N3
,0.299,0.108,0.789,0.0,,1787653715843.063,32.615,16.08,-3.52,1.4,1787653715843.063,False,,,3,OP1,C3_WIFI_CARGA_ALTA,N3
,0.298,0.109,0.789,0.0,,1787653715863.7612,32.615,16.16,-3.46,1.4,1787653715863.7612,False,,,3,OP1,C3_WIFI_CARGA_ALTA,N3
,0.298,0.109,0.788,0.0,,1787653715899.5425,32.58,16.16,-3.46,1.4,1787653715899.5425,False,,,3,OP1,C3_WIFI_CARGA_ALTA,N3
,0.297,0.11,0.788,0.0,,1787653715925.6873,32.58,16.24,-3.4,1.4,1787653715926.683,False,,,3,OP1,C3_WIFI_CARGA_ALTA,N3
,0.297,0.11,0.788,0.0,,1787653715961.1362,32.58,16.24,-3.4,1.4,1787653715962.182,False,,,3,OP1,C3_WIFI_CARGA_ALTA,N3
,0.297,0.111,0.788,0.0,,1787653716001.6138,32.58,16.24,-3.34,1.4,1787653716002.1233,False,,,3,OP1,C3_WIFI_CARGA_ALTA,N3
,0.297,0.111,0.788,0.0,,1787653716035.073,32.58,16.24,-3.34,1.4,1787653716035.073,False,,,3,OP1,C3_WIFI_CARGA_ALTA,N3
,0.297,0.112,0.788,0.0,,1787653716071.6,32.58,16.24,-3.28,1.4,1787653716071.6,False,,,3,OP1,C3_WIFI_CARGA_ALTA,N3
,0.297,0.112,0.786,0.0,,1787653716093.1448,32.51,16.24,-3.28,1.4,1787653716094.1514,False,,,3,OP1,C3_WIFI_CARGA_ALTA,N3
,0.297,0.113,0.785,0.0,,1787653716128.0376,32.475,16.24,-3.22,1.4,1787653716128.0376,False,,,3,OP1,C3_WIFI_CARGA_ALTA,N3
,0.297,0.114,0.784,0.0,,1787653716155.4204,32.44,16.24,-3.16,1.4,1787653716157.62,False,,,3,OP1,C3_WIFI_CARGA_ALTA,N3
,0.297,0.115,0.782,0.0,,1787653716178.569,32.37,16.24,-3.1,1.4,1787653716178.569,False,,,3,OP1,C3_WIFI_CARGA_ALTA,N3
,0.296,0.117,0.78,0.0,,1787653716201.3765,32.3,16.32,-2.98,1.4,1787653716201.3765,False,,,3,OP1,C3_WIFI_CARGA_ALTA,N3
,0.295,0.121,0.778,0.0,,1787653716236.7214,32.23,16.4,-2.74,1.4,1787653716236.7214,False,,,3,OP1,C3_WIFI_CARGA_ALTA,N3
,0.293,0.123,0.778,0.0,,1787653716261.887,32.23,16.56,-2.62,1.4,1787653716261.887,False,,,3,OP1,C3_WIFI_CARGA_ALTA,N3
,0.291,0.126,0.779,0.0,,1787653716294.7236,32.265,16.72,-2.44,1.4,1787653716295.7278,False,,,3,OP1,C3_WIFI_CARGA_ALTA,N3
,0.287,0.131,0.78,0.0,,1787653716322.7834,32.3,17.04,-2.14,1.4,1787653716324.17,False,,,3,OP1,C3_WIFI_CARGA_ALTA,N3
,0.284,0.136,0.781,0.0,,1787653716346.4604,32.335,17.28,-1.84,1.4,1787653716346.4604,False,,,3,OP1,C3_WIFI_CARGA_ALTA,N3
,0.281,0.145,0.779,0.0,,1787653716367.723,32.265,17.52,-1.3,1.4,1787653716367.723,False,,,3,OP1,C3_WIFI_CARGA_ALTA,N3
,0.278,0.156,0.775,0.0,,1787653716403.4482,32.125,17.76,-0.64,1.4,1787653716404.819,False,,,3,OP1,C3_WIFI_CARGA_ALTA,N3
,0.275,0.168,0.771,0.0,,1787653716430.4663,31.985,18.0,0.08,1.4,1787653716431.463,False,,,3,OP1,C3_WIFI_CARGA_ALTA,N3
,0.274,0.186,0.76,0.0,,1787653716461.8442,31.6,18.08,1.16,1.4,1787653716462.396,False,,,3,OP1,C3_WIFI_CARGA_ALTA,N3
,0.272,0.199,0.754,0.0,,1787653716489.966,31.39,18.24,1.94,1.4,1787653716489.966,False,,,3,OP1,C3_WIFI_CARGA_ALTA,N3
,0.271,0.226,0.737,0.0,,1787653716541.9126,30.795,18.32,3.56,1.4,1787653716544.0337,False,,,3,OP1,C3_WIFI_CARGA_ALTA,N3
,0.271,0.239,0.728,0.0,,1787653716571.1423,30.48,18.32,4.34,1.4,1787653716572.644,False,,,3,OP1,C3_WIFI_CARGA_ALTA,N3
,0.271,0.249,0.719,0.0,,1787653716737.4285,30.165,18.32,4.94,1.4,1787653716739.9363,False,,,3,OP1,C3_WIFI_CARGA_ALTA,N3
,0.265,0.282,0.651,0.538,,1787653716762.199,27.785,18.8,6.92,0.8351,1787653716762.199,False,,,3,OP1,C3_WIFI_CARGA_ALTA,N3
,0.265,0.281,0.643,0.814,,1787653716796.8088,27.505,18.8,6.86,0.5453,1787653716796.8088,False,,,3,OP1,C3_WIFI_CARGA_ALTA,N3
,0.262,0.285,0.646,1.0,,1787653716822.9902,27.61,19.04,7.1,0.35,1787653716825.032,False,,,3,OP1,C3_WIFI_CARGA_ALTA,N3
,0.256,0.294,0.656,1.0,,1787653716872.5125,27.96,19.52,7.64,0.35,1787653716876.61,False,,,3,OP1,C3_WIFI_CARGA_ALTA,N3
,0.255,0.297,0.654,1.0,,1787653716905.7737,27.89,19.6,7.82,0.35,1787653716908.7705,False,,,3,OP1,C3_WIFI_CARGA_ALTA,N3
,0.255,0.301,0.65,1.0,,1787653716930.6648,27.75,19.6,8.06,0.35,1787653716930.6648,False,,,3,OP1,C3_WIFI_CARGA_ALTA,N3
,0.255,0.307,0.645,1.0,,1787653716962.173,27.575,19.6,8.42,0.35,1787653716962.173,False,,,3,OP1,C3_WIFI_CARGA_ALTA,N3
,0.255,0.315,0.641,1.0,,1787653717138.9175,27.435,19.6,8.9,0.35,1787653717138.9175,False,,,3,OP1,C3_WIFI_CARGA_ALTA,N3
,0.251,0.346,0.626,1.0,,1787653717175.6023,26.91,19.92,10.76,0.35,1787653717175.6023,False,,,3,OP1,C3_WIFI_CARGA_ALTA,N3
,0.241,0.409,0.587,1.0,,1787653717206.9875,25.545,20.72,14.54,0.35,1787653717206.9875,False,,,3,OP1,C3_WIFI_CARGA_ALTA,N3
,0.241,0.414,0.58,1.0,,1787653717241.1602,25.3,20.72,14.84,0.35,1787653717241.1602,False,,,3,OP1,C3_WIFI_CARGA_ALTA,N3
,0.244,0.417,0.568,1.0,,1787653717264.144,24.88,20.48,15.02,0.35,1787653717264.144,False,,,3,OP1,C3_WIFI_CARGA_ALTA,N3
,0.246,0.421,0.556,1.0,,1787653717296.718,24.46,20.32,15.26,0.35,1787653717298.7322,False,,,3,OP1,C3_WIFI_CARGA_ALTA,N3
,0.25,0.425,0.534,1.0,,1787653717324.39,23.69,20.0,15.5,0.35,1787653717326.4038,False,,,3,OP1,C3_WIFI_CARGA_ALTA,N3
,0.253,0.431,0.511,1.0,,1787653717346.2983,22.885,19.76,15.86,0.35,1787653717346.2983,False,,,3,OP1,C3_WIFI_CARGA_ALTA,N3
,0.257,0.44,0.488,1.0,,1787653717367.4863,22.08,19.44,16.4,0.35,1787653717369.0637,False,,,3,OP1,C3_WIFI_CARGA_ALTA,N3
,0.259,0.448,0.475,1.0,,1787653717408.783,21.625,19.28,16.88,0.35,1787653717408.783,False,,,3,OP1,C3_WIFI_CARGA_ALTA,N3
,0.26,0.456,0.467,1.0,,1787653717429.473,21.345,19.2,17.36,0.35,1787653717429.473,False,,,3,OP1,C3_WIFI_CARGA_ALTA,N3
,0.263,0.459,0.47,1.0,,1787653717463.064,21.45,18.96,17.54,0.35,1787653717463.064,False,,,3,OP1,C3_WIFI_CARGA_ALTA,N3
,0.271,0.468,0.476,1.0,,1787653717711.6106,21.66,18.32,18.08,0.35,1787653717711.6106,False,,,3,OP1,C3_WIFI_CARGA_ALTA,N3
,0.332,0.487,0.487,1.0,,1787653717743.3235,22.045,13.44,19.22,0.35,1787653717743.9375,False,,,3,OP1,C3_WIFI_CARGA_ALTA,N3
,0.339,0.477,0.498,1.0,,1787653717799.128,22.43,12.88,18.62,0.35,1787653717799.128,False,,,3,OP1,C3_WIFI_CARGA_ALTA,N3
,0.343,0.468,0.501,1.0,,1787653717845.3218,22.535,12.56,18.08,0.35,1787653717845.3218,False,,,3,OP1,C3_WIFI_CARGA_ALTA,N3
,0.346,0.463,0.503,1.0,,1787653717879.9873,22.605,12.32,17.78,0.35,1787653717879.9873,False,,,3,OP1,C3_WIFI_CARGA_ALTA,N3
,0.347,0.458,0.51,1.0,,1787653717910.026,22.85,12.24,17.48,0.35,1787653717910.026,False,,,3,OP1,C3_WIFI_CARGA_ALTA,N3
,0.35,0.454,0.515,1.0,,1787653717933.7122,23.025,12.0,17.24,0.35,1787653717933.7122,False,,,3,OP1,C3_WIFI_CARGA_ALTA,N3
,0.355,0.447,0.521,1.0,,1787653717965.629,23.235,11.6,16.82,0.35,1787653717967.6765,False,,,3,OP1,C3_WIFI_CARGA_ALTA,N3
,0.361,0.438,0.529,1.0,,1787653717992.2551,23.515,11.12,16.28,0.35,1787653717994.268,False,,,3,OP1,C3_WIFI_CARGA_ALTA,N3
,0.37,0.429,0.537,1.0,,1787653718018.4988,23.795,10.4,15.74,0.35,1787653718018.4988,False,,,3,OP1,C3_WIFI_CARGA_ALTA,N3
,0.38,0.423,0.543,1.0,,1787653718048.3164,24.005,9.6,15.38,0.35,1787653718048.3164,False,,,3,OP1,C3_WIFI_CARGA_ALTA,N3
,0.391,0.419,0.548,1.0,,1787653718078.1262,24.18,8.72,15.14,0.35,1787653718078.1262,False,,,3,OP1,C3_WIFI_CARGA_ALTA,N3
,0.395,0.417,0.55,1.0,,1787653718102.6045,24.25,8.4,15.02,0.35,1787653718102.6045,False,,,3,OP1,C3_WIFI_CARGA_ALTA,N3
,0.4,0.418,0.548,1.0,,1787653718131.4788,24.18,8.0,15.08,0.35,1787653718131.4788,False,,,3,OP1,C3_WIFI_CARGA_ALTA,N3
,0.406,0.42,0.545,1.0,,1787653718151.8062,24.075,7.52,15.2,0.35,1787653718151.8062,False,,,3,OP1,C3_WIFI_CARGA_ALTA,N3
,0.412,0.425,0.538,1.0,,1787653718182.267,23.83,7.04,15.5,0.35,1787653718186.4038,False,,,3,OP1,C3_WIFI_CARGA_ALTA,N3
,0.416,0.428,0.535,1.0,,1787653718215.3328,23.725,6.72,15.68,0.35,1787653718215.3328,False,,,3,OP1,C3_WIFI_CARGA_ALTA,N3
,0.42,0.429,0.533,1.0,,1787653718244.3062,23.655,6.4,15.74,0.35,1787653718244.3062,False,,,3,OP1,C3_WIFI_CARGA_ALTA,N3
,0.429,0.433,0.533,1.0,,1787653718269.0637,23.655,5.68,15.98,0.35,1787653718269.0637,False,,,3,OP1,C3_WIFI_CARGA_ALTA,N3
,0.441,0.439,0.538,1.0,,1787653718434.992,23.83,4.72,16.34,0.35,1787653718434.992,False,,,3,OP1,C3_WIFI_CARGA_ALTA,N3
,0.485,0.492,0.519,1.0,,1787653718551.1587,23.165,1.2,19.52,0.35,1787653718551.1587,False,,,3,OP1,C3_WIFI_CARGA_ALTA,N3
,0.484,0.516,0.44,1.0,,1787653718575.7373,20.4,1.28,20.96,0.35,1787653718575.7373,False,,,3,OP1,C3_WIFI_CARGA_ALTA,N3
,0.484,0.514,0.438,1.0,,1787653718605.5625,20.33,1.28,20.84,0.35,1787653718605.5625,False,,,3,OP1,C3_WIFI_CARGA_ALTA,N3
,0.483,0.512,0.435,1.0,,1787653718633.547,20.225,1.36,20.72,0.35,1787653718634.5571,False,,,3,OP1,C3_WIFI_CARGA_ALTA,N3
,0.483,0.511,0.437,1.0,,1787653718656.6233,20.295,1.36,20.66,0.35,1787653718656.6233,False,,,3,OP1,C3_WIFI_CARGA_ALTA,N3
,0.482,0.511,0.438,1.0,,1787653718824.1052,20.33,1.44,20.66,0.35,1787653718825.5632,False,,,3,OP1,C3_WIFI_CARGA_ALTA,N3
,0.475,0.498,0.442,1.0,,1787653718853.924,20.47,2.0,19.88,0.35,1787653718858.0657,False,,,3,OP1,C3_WIFI_CARGA_ALTA,N3
,0.475,0.49,0.444,1.0,,1787653718884.8792,20.54,2.0,19.4,0.35,1787653718884.8792,False,,,3,OP1,C3_WIFI_CARGA_ALTA,N3
,0.476,0.477,0.448,1.0,,1787653718938.4717,20.68,1.92,18.62,0.35,1787653718938.4717,False,,,3,OP1,C3_WIFI_CARGA_ALTA,N3
,0.475,0.469,0.452,1.0,,1787653718982.735,20.82,2.0,18.14,0.35,1787653718983.7334,False,,,3,OP1,C3_WIFI_CARGA_ALTA,N3
,0.475,0.468,0.454,1.0,,1787653719023.5854,20.89,2.0,18.08,0.35,1787653719023.5854,False,,,3,OP1,C3_WIFI_CARGA_ALTA,N3
,0.475,0.467,0.455,1.0,,1787653719051.5852,20.925,2.0,18.02,0.35,1787653719051.5852,False,,,3,OP1,C3_WIFI_CARGA_ALTA,N3
,0.473,0.466,0.457,1.0,,1787653719108.4097,20.995,2.16,17.96,0.35,1787653719109.234,False,,,3,OP1,C3_WIFI_CARGA_ALTA,N3
,0.471,0.466,0.457,1.0,,1787653719290.5618,20.995,2.32,17.96,0.35,1787653719290.5618,False,,,3,OP1,C3_WIFI_CARGA_ALTA,N3
,0.464,0.466,0.452,1.0,,1787653719324.9902,20.82,2.88,17.96,0.35,1787653719324.9902,False,,,3,OP1,C3_WIFI_CARGA_ALTA,N3
,0.461,0.466,0.451,1.0,,1787653719601.4648,20.785,3.12,17.96,0.35,1787653719601.4648,False,,,3,OP1,C3_WIFI_CARGA_ALTA,N3
,0.458,0.471,0.448,1.0,,1787653719627.8103,20.68,3.36,18.26,0.35,1787653719627.8103,False,,,3,OP1,C3_WIFI_CARGA_ALTA,N3
,0.457,0.47,0.448,1.0,,1787653719663.1013,20.68,3.44,18.2,0.35,1787653719665.1067,False,,,3,OP1,C3_WIFI_CARGA_ALTA,N3
,0.457,0.47,0.448,1.0,,1787653719685.59,20.68,3.44,18.2,0.35,1787653719685.59,False,,,3,OP1,C3_WIFI_CARGA_ALTA,N3
,0.457,0.469,0.448,1.0,,1787653719720.681,20.68,3.44,18.14,0.35,1787653719721.2888,False,,,3,OP1,C3_WIFI_CARGA_ALTA,N3
,0.457,0.468,0.448,1.0,,1787653719744.437,20.68,3.44,18.08,0.35,1787653719748.4812,False,,,3,OP1,C3_WIFI_CARGA_ALTA,N3
,0.458,0.466,0.449,1.0,,1787653719803.6558,20.715,3.36,17.96,0.35,1787653719803.6558,False,,,3,OP1,C3_WIFI_CARGA_ALTA,N3
,0.459,0.466,0.449,1.0,,1787653719828.7034,20.715,3.28,17.96,0.35,1787653719828.7034,False,,,3,OP1,C3_WIFI_CARGA_ALTA,N3
,0.461,0.466,0.449,1.0,,1787653719855.9229,20.715,3.12,17.96,0.35,1787653719855.9229,False,,,3,OP1,C3_WIFI_CARGA_ALTA,N3
,0.465,0.466,0.449,1.0,,1787653719886.6592,20.715,2.8,17.96,0.35,1787653719886.6592,False,,,3,OP1,C3_WIFI_CARGA_ALTA,N3
,0.47,0.466,0.449,1.0,,1787653719915.2605,20.715,2.4,17.96,0.35,1787653719916.2688,False,,,3,OP1,C3_WIFI_CARGA_ALTA,N3
,0.479,0.469,0.452,1.0,,1787653719969.2036,20.82,1.68,18.14,0.35,1787653719970.2205,False,,,3,OP1,C3_WIFI_CARGA_ALTA,N3
,0.482,0.47,0.452,1.0,,1787653719999.0913,20.82,1.44,18.2,0.35,1787653719999.0913,False,,,3,OP1,C3_WIFI_CARGA_ALTA,N3
,0.485,0.472,0.453,1.0,,1787653720188.8503,20.855,1.2,18.32,0.35,1787653720188.8503,False,,,3,OP1,C3_WIFI_CARGA_ALTA,N3
,0.503,0.485,0.444,1.0,,1787653720221.7886,20.54,-0.24,19.1,0.35,1787653720221.7886,False,,,3,OP1,C3_WIFI_CARGA_ALTA,N3
,0.504,0.485,0.442,1.0,,1787653720247.4475,20.47,-0.32,19.1,0.35,1787653720247.4475,False,,,3,OP1,C3_WIFI_CARGA_ALTA,N3
,0.504,0.485,0.439,1.0,,1787653720303.2595,20.365,-0.32,19.1,0.35,1787653720303.2595,False,,,3,OP1,C3_WIFI_CARGA_ALTA,N3
,0.505,0.483,0.438,1.0,,1787653720332.7058,20.33,-0.4,18.98,0.35,1787653720332.7058,False,,,3,OP1,C3_WIFI_CARGA_ALTA,N3
,0.506,0.481,0.436,1.0,,1787653720357.8503,20.26,-0.48,18.86,0.35,1787653720357.8503,False,,,3,OP1,C3_WIFI_CARGA_ALTA,N3
,0.506,0.479,0.436,1.0,,1787653720523.8433,20.26,-0.48,18.74,0.35,1787653720523.8433,False,,,3,OP1,C3_WIFI_CARGA_ALTA,N3
,0.508,0.471,0.435,1.0,,1787653720555.1953,20.225,-0.64,18.26,0.35,1787653720557.204,False,,,3,OP1,C3_WIFI_CARGA_ALTA,N3
,0.509,0.468,0.434,1.0,,1787653720605.3003,20.19,-0.72,18.08,0.35,1787653720605.3003,False,,,3,OP1,C3_WIFI_CARGA_ALTA,N3
,0.509,0.467,0.434,1.0,,1787653720636.4424,20.19,-0.72,18.02,0.35,1787653720638.505,False,,,3,OP1,C3_WIFI_CARGA_ALTA,N3
,0.509,0.465,0.434,1.0,,1787653720667.3523,20.19,-0.72,17.9,0.35,1787653720667.3523,False,,,3,OP1,C3_WIFI_CARGA_ALTA,N3
,0.509,0.464,0.434,1.0,,1787653720692.183,20.19,-0.72,17.84,0.35,1787653720692.183,False,,,3,OP1,C3_WIFI_CARGA_ALTA,N3
,0.509,0.462,0.435,1.0,,1787653720722.2373,20.225,-0.72,17.72,0.35,1787653720724.2483,False,,,3,OP1,C3_WIFI_CARGA_ALTA,N3
,0.509,0.457,0.437,1.0,,1787653720772.8113,20.295,-0.72,17.42,0.35,1787653720775.859,False,,,3,OP1,C3_WIFI_CARGA_ALTA,N3
,0.509,0.454,0.438,1.0,,1787653720805.536,20.33,-0.72,17.24,0.35,1787653720807.5437,False,,,3,OP1,C3_WIFI_CARGA_ALTA,N3
,0.509,0.448,0.439,1.0,,1787653720859.2913,20.365,-0.72,16.88,0.35,1787653720861.3118,False,,,3,OP1,C3_WIFI_CARGA_ALTA,N3
,0.509,0.446,0.437,1.0,,1787653720889.9507,20.295,-0.72,16.76,0.35,1787653720891.9614,False,,,3,OP1,C3_WIFI_CARGA_ALTA,N3
,0.51,0.444,0.432,1.0,,1787653720941.4316,20.12,-0.8,16.64,0.35,1787653720941.4316,False,,,3,OP1,C3_WIFI_CARGA_ALTA,N3
,0.51,0.444,0.43,1.0,,1787653720972.7842,20.05,-0.8,16.64,0.35,1787653720972.7842,False,,,3,OP1,C3_WIFI_CARGA_ALTA,N3
,0.51,0.444,0.43,1.0,,1787653720999.493,20.05,-0.8,16.64,0.35,1787653721001.6226,False,,,3,OP1,C3_WIFI_CARGA_ALTA,N3
,0.51,0.442,0.431,1.0,,1787653721028.6155,20.085,-0.8,16.52,0.35,1787653721028.6155,False,,,3,OP1,C3_WIFI_CARGA_ALTA,N3
,0.508,0.439,0.432,1.0,,1787653721053.464,20.12,-0.64,16.34,0.35,1787653721053.464,False,,,3,OP1,C3_WIFI_CARGA_ALTA,N3
,0.506,0.435,0.433,1.0,,1787653721110.5547,20.155,-0.48,16.1,0.35,1787653721110.5547,False,,,3,OP1,C3_WIFI_CARGA_ALTA,N3
,0.504,0.432,0.434,1.0,,1787653721154.6091,20.19,-0.32,15.92,0.35,1787653721156.6277,False,,,3,OP1,C3_WIFI_CARGA_ALTA,N3
,0.503,0.431,0.434,1.0,,1787653721195.5542,20.19,-0.24,15.86,0.35,1787653721195.5542,False,,,3,OP1,C3_WIFI_CARGA_ALTA,N3
,0.499,0.43,0.433,1.0,,1787653721239.6636,20.155,0.08,15.8,0.35,1787653721241.6729,False,,,3,OP1,C3_WIFI_CARGA_ALTA,N3
,0.497,0.43,0.433,1.0,,1787653721272.9785,20.155,0.24,15.8,0.35,1787653721272.9785,False,,,3,OP1,C3_WIFI_CARGA_ALTA,N3
,0.495,0.43,0.433,1.0,,1787653721304.3513,20.155,0.4,15.8,0.35,1787653721308.8313,False,,,3,OP1,C3_WIFI_CARGA_ALTA,N3
,0.494,0.43,0.434,1.0,,1787653721359.9873,20.19,0.48,15.8,0.35,1787653721359.9873,False,,,3,OP1,C3_WIFI_CARGA_ALTA,N3
,0.494,0.43,0.435,1.0,,1787653721575.339,20.225,0.48,15.8,0.35,1787653721575.339,False,,,3,OP1,C3_WIFI_CARGA_ALTA,N3
,0.494,0.429,0.439,1.0,,1787653721612.6748,20.365,0.48,15.74,0.35,1787653721612.6748,False,,,3,OP1,C3_WIFI_CARGA_ALTA,N3
,0.493,0.43,0.44,1.0,,1787653721640.8552,20.4,0.56,15.8,0.35,1787653721642.5947,False,,,3,OP1,C3_WIFI_CARGA_ALTA,N3
,0.493,0.432,0.439,1.0,,1787653721696.111,20.365,0.56,15.92,0.35,1787653721698.126,False,,,3,OP1,C3_WIFI_CARGA_ALTA,N3
,0.492,0.433,0.438,1.0,,1787653721743.2046,20.33,0.64,15.98,0.35,1787653721745.2131,False,,,3,OP1,C3_WIFI_CARGA_ALTA,N3
,0.491,0.433,0.437,1.0,,1787653721779.3264,20.295,0.72,15.98,0.35,1787653721779.3264,False,,,3,OP1,C3_WIFI_CARGA_ALTA,N3
,0.491,0.434,0.437,1.0,,1787653721809.077,20.295,0.72,16.04,0.35,1787653721810.5835,False,,,3,OP1,C3_WIFI_CARGA_ALTA,N3
,0.491,0.433,0.437,1.0,,1787653721864.1462,20.295,0.72,15.98,0.35,1787653721864.1462,False,,,3,OP1,C3_WIFI_CARGA_ALTA,N3
,0.491,0.431,0.437,1.0,,1787653722115.267,20.295,0.72,15.86,0.35,1787653722115.267,False,,,3,OP1,C3_WIFI_CARGA_ALTA,N3
,0.489,0.429,0.433,1.0,,1787653722141.6404,20.155,0.88,15.74,0.35,1787653722141.6404,False,,,3,OP1,C3_WIFI_CARGA_ALTA,N3
,0.489,0.43,0.433,1.0,,1787653722169.3003,20.155,0.88,15.8,0.35,1787653722169.3003,False,,,3,OP1,C3_WIFI_CARGA_ALTA,N3
,0.489,0.43,0.432,1.0,,1787653722198.786,20.12,0.88,15.8,0.35,1787653722198.786,False,,,3,OP1,C3_WIFI_CARGA_ALTA,N3
,0.489,0.431,0.431,1.0,,1787653722251.3735,20.085,0.88,15.86,0.35,1787653722251.3735,False,,,3,OP1,C3_WIFI_CARGA_ALTA,N3
,0.489,0.432,0.43,1.0,,1787653722281.1118,20.05,0.88,15.92,0.35,1787653722281.1118,False,,,3,OP1,C3_WIFI_CARGA_ALTA,N3
,0.489,0.432,0.43,1.0,,1787653722310.2383,20.05,0.88,15.92,0.35,1787653722310.2383,False,,,3,OP1,C3_WIFI_CARGA_ALTA,N3
,0.49,0.432,0.43,1.0,,1787653722550.8708,20.05,0.8,15.92,0.35,1787653722550.8708,False,,,3,OP1,C3_WIFI_CARGA_ALTA,N3
,0.491,0.431,0.429,1.0,,1787653722672.139,20.015,0.72,15.86,0.35,1787653722672.139,False,,,3,OP1,C3_WIFI_CARGA_ALTA,N3
,0.491,0.431,0.428,1.0,,1787653722718.0425,19.98,0.72,15.86,0.35,1787653722718.0425,False,,,3,OP1,C3_WIFI_CARGA_ALTA,N3
,0.492,0.431,0.428,1.0,,1787653722753.668,19.98,0.64,15.86,0.35,1787653722755.4182,False,,,3,OP1,C3_WIFI_CARGA_ALTA,N3
,0.492,0.43,0.429,1.0,,1787653722782.965,20.015,0.64,15.8,0.35,1787653722782.965,False,,,3,OP1,C3_WIFI_CARGA_ALTA,N3
,0.492,0.429,0.429,1.0,,1787653722838.577,20.015,0.64,15.74,0.35,1787653722840.584,False,,,3,OP1,C3_WIFI_CARGA_ALTA,N3
,0.489,0.43,0.429,1.0,,1787653722885.3208,20.015,0.88,15.8,0.35,1787653722885.3208,False,,,3,OP1,C3_WIFI_CARGA_ALTA,N3
,0.486,0.43,0.428,1.0,,1787653722921.621,19.98,1.12,15.8,0.35,1787653722923.6296,False,,,3,OP1,C3_WIFI_CARGA_ALTA,N3
,0.478,0.432,0.425,1.0,,1787653722949.9272,19.875,1.76,15.92,0.35,1787653722950.4338,False,,,3,OP1,C3_WIFI_CARGA_ALTA,N3
,0.461,0.432,0.422,1.0,,1787653723001.2205,19.77,3.12,15.92,0.35,1787653723002.973,False,,,3,OP1,C3_WIFI_CARGA_ALTA,N3
,0.444,0.434,0.425,1.0,,1787653723025.4016,19.875,4.48,16.04,0.35,1787653723025.4016,False,,,3,OP1,C3_WIFI_CARGA_ALTA,N3
,0.432,0.434,0.436,1.0,,1787653723053.4426,20.26,5.44,16.04,0.35,1787653723054.1123,False,,,3,OP1,C3_WIFI_CARGA_ALTA,N3
,0.419,0.433,0.448,1.0,,1787653723089.4175,20.68,6.48,15.98,0.35,1787653723089.4175,False,,,3,OP1,C3_WIFI_CARGA_ALTA,N3
,0.407,0.432,0.46,1.0,,1787653723116.5747,21.1,7.44,15.92,0.35,1787653723116.5747,False,,,3,OP1,C3_WIFI_CARGA_ALTA,N3
,0.399,0.433,0.465,1.0,,1787653723255.9832,21.275,8.08,15.98,0.35,1787653723255.9832,False,,,3,OP1,C3_WIFI_CARGA_ALTA,N3
,0.344,0.453,0.468,1.0,,1787653723284.423,21.38,12.48,17.18,0.35,1787653723284.423,False,,,3,OP1,C3_WIFI_CARGA_ALTA,N3
,0.326,0.457,0.477,1.0,,1787653723305.76,21.695,13.92,17.42,0.35,1787653723305.76,False,,,3,OP1,C3_WIFI_CARGA_ALTA,N3
,0.312,0.456,0.484,1.0,,1787653723339.233,21.94,15.04,17.36,0.35,1787653723341.248,False,,,3,OP1,C3_WIFI_CARGA_ALTA,N3
,0.303,0.454,0.485,1.0,,1787653723359.337,21.975,15.76,17.24,0.35,1787653723359.8608,False,,,3,OP1,C3_WIFI_CARGA_ALTA,N3
,0.298,0.452,0.483,1.0,,1787653723389.0547,21.905,16.16,17.12,0.35,1787653723389.0547,False,,,3,OP1,C3_WIFI_CARGA_ALTA,N3
,0.291,0.451,0.478,1.0,,1787653723422.4731,21.73,16.72,17.06,0.35,1787653723424.4858,False,,,3,OP1,C3_WIFI_CARGA_ALTA,N3
,0.281,0.451,0.47,1.0,,1787653723450.4192,21.45,17.52,17.06,0.35,1787653723451.4268,False,,,3,OP1,C3_WIFI_CARGA_ALTA,N3
,0.268,0.453,0.46,1.0,,1787653723472.0615,21.1,18.56,17.18,0.35,1787653723472.0615,False,,,3,OP1,C3_WIFI_CARGA_ALTA,N3
,0.254,0.459,0.456,1.0,,1787653723503.182,20.96,19.68,17.54,0.35,1787653723507.2551,False,,,3,OP1,C3_WIFI_CARGA_ALTA,N3
,0.248,0.461,0.452,1.0,,1787653723525.912,20.82,20.16,17.66,0.35,1787653723527.925,False,,,3,OP1,C3_WIFI_CARGA_ALTA,N3
,0.247,0.461,0.451,1.0,,1787653723552.5134,20.785,20.24,17.66,0.35,1787653723552.5134,False,,,3,OP1,C3_WIFI_CARGA_ALTA,N3
,0.245,0.461,0.451,1.0,,1787653723589.9302,20.785,20.4,17.66,0.35,1787653723591.4426,False,,,3,OP1,C3_WIFI_CARGA_ALTA,N3
,0.245,0.46,0.454,1.0,,1787653723617.8438,20.89,20.4,17.6,0.35,1787653723618.5413,False,,,3,OP1,C3_WIFI_CARGA_ALTA,N3
,0.245,0.457,0.459,1.0,,1787653723638.4336,21.065,20.4,17.42,0.35,1787653723638.4336,False,,,3,OP1,C3_WIFI_CARGA_ALTA,N3
,0.246,0.452,0.467,1.0,,1787653723661.8103,21.345,20.32,17.12,0.35,1787653723662.495,False,,,3,OP1,C3_WIFI_CARGA_ALTA,N3
,0.247,0.447,0.476,1.0,,1787653723691.7336,21.66,20.24,16.82,0.35,1787653723691.7336,False,,,3,OP1,C3_WIFI_CARGA_ALTA,N3
,0.249,0.445,0.48,1.0,,1787653723725.418,21.8,20.08,16.7,0.35,1787653723725.418,False,,,3,OP1,C3_WIFI_CARGA_ALTA,N3
,0.252,0.443,0.483,1.0,,1787653723756.207,21.905,19.84,16.58,0.35,1787653723756.207,False,,,3,OP1,C3_WIFI_CARGA_ALTA,N3
,0.256,0.443,0.485,1.0,,1787653723785.248,21.975,19.52,16.58,0.35,1787653723785.248,False,,,3,OP1,C3_WIFI_CARGA_ALTA,N3
,0.262,0.443,0.488,1.0,,1787653723807.568,22.08,19.04,16.58,0.35,1787653723807.568,False,,,3,OP1,C3_WIFI_CARGA_ALTA,N3
,0.269,0.443,0.492,1.0,,1787653723830.1384,22.22,18.48,16.58,0.35,1787653723831.86,False,,,3,OP1,C3_WIFI_CARGA_ALTA,N3
,0.281,0.438,0.496,1.0,,1787653723859.2566,22.36,17.52,16.28,0.35,1787653723863.3577,False,,,3,OP1,C3_WIFI_CARGA_ALTA,N3
,0.288,0.435,0.499,1.0,,1787653723892.8655,22.465,16.96,16.1,0.35,1787653723892.8655,False,,,3,OP1,C3_WIFI_CARGA_ALTA,N3
,0.29,0.433,0.502,1.0,,1787653723924.212,22.57,16.8,15.98,0.35,1787653723924.212,False,,,3,OP1,C3_WIFI_CARGA_ALTA,N3
,0.292,0.431,0.504,1.0,,1787653723951.8318,22.64,16.64,15.86,0.35,1787653723951.8318,False,,,3,OP1,C3_WIFI_CARGA_ALTA,N3
,0.294,0.43,0.509,1.0,,1787653723977.4934,22.815,16.48,15.8,0.35,1787653723977.4934,False,,,3,OP1,C3_WIFI_CARGA_ALTA,N3
,0.298,0.427,0.514,1.0,,1787653724145.0137,22.99,16.16,15.62,0.35,1787653724146.3372,False,,,3,OP1,C3_WIFI_CARGA_ALTA,N3
,0.31,0.416,0.535,1.0,,1787653724258.6848,23.725,15.2,14.96,0.35,1787653724258.6848,False,,,3,OP1,C3_WIFI_CARGA_ALTA,N3
,0.321,0.399,0.565,1.0,,1787653724284.6562,24.775,14.32,13.94,0.35,1787653724288.0283,False,,,3,OP1,C3_WIFI_CARGA_ALTA,N3
,0.325,0.398,0.569,1.0,,1787653724314.0266,24.915,14.0,13.88,0.35,1787653724314.0266,False,,,3,OP1,C3_WIFI_CARGA_ALTA,N3
,0.329,0.398,0.575,1.0,,1787653724357.767,25.125,13.68,13.88,0.35,1787653724358.7808,False,,,3,OP1,C3_WIFI_CARGA_ALTA,N3
,0.331,0.4,0.578,1.0,,1787653724397.4626,25.23,13.52,14.0,0.35,1787653724397.4626,False,,,3,OP1,C3_WIFI_CARGA_ALTA,N3
,0.334,0.401,0.587,1.0,,1787653724426.0269,25.545,13.28,14.06,0.35,1787653724427.02,False,,,3,OP1,C3_WIFI_CARGA_ALTA,N3
,0.339,0.405,0.611,1.0,,1787653724480.7312,26.385,12.88,14.3,0.35,1787653724480.7312,False,,,3,OP1,C3_WIFI_CARGA_ALTA,N3
,0.344,0.405,0.657,1.0,,1787653724525.453,27.995,12.48,14.3,0.35,1787653724526.6106,False,,,3,OP1,C3_WIFI_CARGA_ALTA,N3
,0.341,0.404,0.691,1.0,,1787653724560.6091,29.185,12.72,14.24,0.35,1787653724560.6091,False,,,3,OP1,C3_WIFI_CARGA_ALTA,N3
,0.335,0.404,0.724,1.0,,1787653724592.8333,30.34,13.2,14.24,0.35,1787653724593.8413,False,,,3,OP1,C3_WIFI_CARGA_ALTA,N3
,0.337,0.392,0.745,1.0,,1787653724778.4822,31.075,13.04,13.52,0.35,1787653724778.4822,False,,,3,OP1,C3_WIFI_CARGA_ALTA,N3
,0.332,0.381,0.764,1.0,,1787653724820.6042,31.74,13.44,12.86,0.35,1787653724820.6042,False,,,3,OP1,C3_WIFI_CARGA_ALTA,N3
,0.294,0.38,0.738,1.0,,1787653724861.319,30.83,16.48,12.8,0.35,1787653724862.3303,False,,,3,OP1,C3_WIFI_CARGA_ALTA,N3
,0.281,0.374,0.738,1.0,,1787653724898.3157,30.83,17.52,12.44,0.35,1787653724898.3157,False,,,3,OP1,C3_WIFI_CARGA_ALTA,N3
,0.274,0.366,0.74,1.0,,1787653724924.0513,30.9,18.08,11.96,0.35,1787653724924.0513,False,,,3,OP1,C3_WIFI_CARGA_ALTA,N3
,0.269,0.355,0.745,1.0,,1787653724947.144,31.075,18.48,11.3,0.35,1787653724947.144,False,,,3,OP1,C3_WIFI_CARGA_ALTA,N3
,0.265,0.348,0.751,1.0,,1787653724968.6174,31.285,18.8,10.88,0.35,1787653724968.6174,False,,,3,OP1,C3_WIFI_CARGA_ALTA,N3
,0.26,0.344,0.757,1.0,,1787653725002.3516,31.495,19.2,10.64,0.35,1787653725006.5654,False,,,3,OP1,C3_WIFI_CARGA_ALTA,N3
,0.256,0.341,0.764,1.0,,1787653725030.7693,31.74,19.52,10.46,0.35,1787653725030.7693,False,,,3,OP1,C3_WIFI_CARGA_ALTA,N3
,0.253,0.341,0.765,1.0,,1787653725064.9644,31.775,19.76,10.46,0.35,1787653725064.9644,False,,,3,OP1,C3_WIFI_CARGA_ALTA,N3
,0.252,0.341,0.765,1.0,,1787653725094.5332,31.775,19.84,10.46,0.35,1787653725094.5332,False,,,3,OP1,C3_WIFI_CARGA_ALTA,N3
,0.251,0.342,0.766,1.0,,1787653725140.1829,31.81,19.92,10.52,0.35,1787653725141.04,False,,,3,OP1,C3_WIFI_CARGA_ALTA,N3
,0.25,0.342,0.766,1.0,,1787653725174.2664,31.81,20.0,10.52,0.35,1787653725174.2664,False,,,3,OP1,C3_WIFI_CARGA_ALTA,N3
,0.249,0.342,0.765,1.0,,1787653725197.9712,31.775,20.08,10.52,0.35,1787653725198.983,False,,,3,OP1,C3_WIFI_CARGA_ALTA,N3
,0.247,0.341,0.764,1.0,,1787653725341.3948,31.74,20.24,10.46,0.35,1787653725341.3948,False,,,3,OP1,C3_WIFI_CARGA_ALTA,N3
,0.243,0.341,0.76,1.0,,1787653725365.912,31.6,20.56,10.46,0.35,1787653725366.911,False,,,3,OP1,C3_WIFI_CARGA_ALTA,N3
,0.243,0.341,0.76,1.0,,1787653725399.5369,31.6,20.56,10.46,0.35,1787653725400.5374,False,,,3,OP1,C3_WIFI_CARGA_ALTA,N3
,0.242,0.341,0.759,1.0,,1787653725425.6409,31.565,20.64,10.46,0.35,1787653725425.6409,False,,,3,OP1,C3_WIFI_CARGA_ALTA,N3
,0.242,0.339,0.759,1.0,,1787653725473.048,31.565,20.64,10.34,0.35,1787653725473.048,False,,,3,OP1,C3_WIFI_CARGA_ALTA,N3
,0.242,0.338,0.759,1.0,,1787653725509.7952,31.565,20.64,10.28,0.35,1787653725509.7952,False,,,3,OP1,C3_WIFI_CARGA_ALTA,N3
,0.242,0.337,0.759,1.0,,1787653725533.2314,31.565,20.64,10.22,0.35,1787653725533.2314,False,,,3,OP1,C3_WIFI_CARGA_ALTA,N3
,0.243,0.335,0.761,1.0,,1787653725567.7026,31.635,20.56,10.1,0.35,1787653725568.7017,False,,,3,OP1,C3_WIFI_CARGA_ALTA,N3
,0.245,0.332,0.764,1.0,,1787653725593.1086,31.74,20.4,9.92,0.35,1787653725593.1086,False,,,3,OP1,C3_WIFI_CARGA_ALTA,N3
,0.245,0.331,0.764,1.0,,1787653725617.4055,31.74,20.4,9.86,0.35,1787653725617.4055,False,,,3,OP1,C3_WIFI_CARGA_ALTA,N3
,0.245,0.33,0.764,1.0,,1787653725643.615,31.74,20.4,9.8,0.35,1787653725643.615,False,,,3,OP1,C3_WIFI_CARGA_ALTA,N3
,0.245,0.328,0.764,1.0,,1787653725673.9272,31.74,20.4,9.68,0.35,1787653725673.9272,False,,,3,OP1,C3_WIFI_CARGA_ALTA,N3
,0.245,0.328,0.764,1.0,,1787653725698.587,31.74,20.4,9.68,0.35,1787653725698.587,False,,,3,OP1,C3_WIFI_CARGA_ALTA,N3
,0.245,0.328,0.764,1.0,,1787653725732.7656,31.74,20.4,9.68,0.35,1787653725734.9324,False,,,3,OP1,C3_WIFI_CARGA_ALTA,N3
,0.245,0.327,0.763,1.0,,1787653725762.027,31.705,20.4,9.62,0.35,1787653725762.027,False,,,3,OP1,C3_WIFI_CARGA_ALTA,N3
,0.247,0.324,0.764,1.0,,1787653725807.982,31.74,20.24,9.44,0.35,1787653725807.982,False,,,3,OP1,C3_WIFI_CARGA_ALTA,N3
,0.248,0.322,0.765,1.0,,1787653725845.2695,31.775,20.16,9.32,0.35,1787653725845.2695,False,,,3,OP1,C3_WIFI_CARGA_ALTA,N3
,0.25,0.319,0.767,1.0,,1787653725866.724,31.845,20.0,9.14,0.35,1787653725866.724,False,,,3,OP1,C3_WIFI_CARGA_ALTA,N3
,0.253,0.317,0.769,1.0,,1787653726034.6252,31.915,19.76,9.02,0.35,1787653726034.6252,False,,,3,OP1,C3_WIFI_CARGA_ALTA,N3
,0.272,0.307,0.782,1.0,,1787653726068.1274,32.37,18.24,8.42,0.35,1787653726068.1274,False,,,3,OP1,C3_WIFI_CARGA_ALTA,N3
,0.273,0.305,0.786,1.0,,1787653726095.941,32.51,18.16,8.3,0.35,1787653726095.941,False,,,3,OP1,C3_WIFI_CARGA_ALTA,N3
,0.274,0.303,0.788,1.0,,1787653726145.1382,32.58,18.08,8.18,0.35,1787653726145.1382,False,,,3,OP1,C3_WIFI_CARGA_ALTA,N3
,0.274,0.302,0.789,1.0,,1787653726178.433,32.615,18.08,8.12,0.35,1787653726178.433,False,,,3,OP1,C3_WIFI_CARGA_ALTA,N3
,0.273,0.3,0.79,1.0,,1787653726202.4375,32.65,18.16,8.0,0.35,1787653726202.98,False,,,3,OP1,C3_WIFI_CARGA_ALTA,N3
,0.272,0.298,0.792,1.0,,1787653726235.203,32.72,18.24,7.88,0.35,1787653726235.203,False,,,3,OP1,C3_WIFI_CARGA_ALTA,N3
,0.272,0.296,0.793,1.0,,1787653726263.7957,32.755,18.24,7.76,0.35,1787653726263.7957,False,,,3,OP1,C3_WIFI_CARGA_ALTA,N3
,0.269,0.292,0.794,1.0,,1787653726312.639,32.79,18.48,7.52,0.35,1787653726312.639,False,,,3,OP1,C3_WIFI_CARGA_ALTA,N3
,0.268,0.29,0.796,1.0,,1787653726346.5305,32.86,18.56,7.4,0.35,1787653726346.5305,False,,,3,OP1,C3_WIFI_CARGA_ALTA,N3
,0.267,0.288,0.797,1.0,,1787653726372.6514,32.895,18.64,7.28,0.35,1787653726372.6514,False,,,3,OP1,C3_WIFI_CARGA_ALTA,N3
,0.266,0.285,0.799,1.0,,1787653726401.6963,32.965,18.72,7.1,0.35,1787653726401.6963,False,,,3,OP1,C3_WIFI_CARGA_ALTA,N3
,0.264,0.281,0.802,1.0,,1787653726430.8438,33.07,18.88,6.86,0.35,1787653726430.8438,False,,,3,OP1,C3_WIFI_CARGA_ALTA,N3
,0.264,0.274,0.807,1.0,,1787653726485.446,33.245,18.88,6.44,0.35,1787653726485.446,False,,,3,OP1,C3_WIFI_CARGA_ALTA,N3
,0.263,0.273,0.807,1.0,,1787653726513.9548,33.245,18.96,6.38,0.35,1787653726513.9548,False,,,3,OP1,C3_WIFI_CARGA_ALTA,N3
,0.263,0.271,0.807,1.0,,1787653726538.7063,33.245,18.96,6.26,0.35,1787653726539.7156,False,,,3,OP1,C3_WIFI_CARGA_ALTA,N3
,0.263,0.27,0.806,1.0,,1787653726569.5947,33.21,18.96,6.2,0.35,1787653726569.5947,False,,,3,OP1,C3_WIFI_CARGA_ALTA,N3
,0.263,0.269,0.805,1.0,,1787653726596.752,33.175,18.96,6.14,0.35,1787653726598.7654,False,,,3,OP1,C3_WIFI_CARGA_ALTA,N3
,0.263,0.269,0.804,1.0,,1787653726753.0618,33.14,18.96,6.14,0.35,1787653726753.0618,False,,,3,OP1,C3_WIFI_CARGA_ALTA,N3
,0.266,0.26,0.807,1.0,,1787653726787.1494,33.245,18.72,5.6,0.35,1787653726788.2217,False,,,3,OP1,C3_WIFI_CARGA_ALTA,N3
,0.266,0.259,0.807,1.0,,1787653726810.058,33.245,18.72,5.54,0.35,1787653726810.058,False,,,3,OP1,C3_WIFI_CARGA_ALTA,N3
,0.267,0.258,0.807,1.0,,1787653727034.4956,33.245,18.64,5.48,0.35,1787653727034.4956,False,,,3,OP1,C3_WIFI_CARGA_ALTA,N3
,0.267,0.255,0.804,1.0,,1787653727076.1938,33.14,18.64,5.3,0.35,1787653727076.1938,False,,,3,OP1,C3_WIFI_CARGA_ALTA,N3
,0.263,0.247,0.801,1.0,,1787653727119.3796,33.035,18.96,4.82,0.35,1787653727120.2742,False,,,3,OP1,C3_WIFI_CARGA_ALTA,N3
,0.263,0.245,0.801,1.0,,1787653727154.2324,33.035,18.96,4.7,0.35,1787653727154.2324,False,,,3,OP1,C3_WIFI_CARGA_ALTA,N3
,0.264,0.24,0.802,1.0,,1787653727182.8225,33.07,18.88,4.4,0.35,1787653727182.8225,False,,,3,OP1,C3_WIFI_CARGA_ALTA,N3
,0.265,0.235,0.804,1.0,,1787653727236.8406,33.14,18.8,4.1,0.35,1787653727236.8406,False,,,3,OP1,C3_WIFI_CARGA_ALTA,N3
,0.266,0.233,0.805,1.0,,1787653727257.5312,33.175,18.72,3.98,0.35,1787653727257.5312,False,,,3,OP1,C3_WIFI_CARGA_ALTA,N3
,0.266,0.231,0.805,1.0,,1787653727284.5078,33.175,18.72,3.86,0.35,1787653727284.5078,False,,,3,OP1,C3_WIFI_CARGA_ALTA,N3
,0.267,0.23,0.805,1.0,,1787653727321.6604,33.175,18.64,3.8,0.35,1787653727321.6604,False,,,3,OP1,C3_WIFI_CARGA_ALTA,N3
,0.267,0.228,0.806,1.0,,1787653727349.462,33.21,18.64,3.68,0.35,1787653727349.462,False,,,3,OP1,C3_WIFI_CARGA_ALTA,N3
,0.268,0.227,0.807,1.0,,1787653727369.8298,33.245,18.56,3.62,0.35,1787653727369.8298,False,,,3,OP1,C3_WIFI_CARGA_ALTA,N3
,0.268,0.226,0.807,1.0,,1787653727405.6057,33.245,18.56,3.56,0.35,1787653727405.6057,False,,,3,OP1,C3_WIFI_CARGA_ALTA,N3
,0.269,0.225,0.808,1.0,,1787653727453.8474,33.28,18.48,3.5,0.35,1787653727453.8474,False,,,3,OP1,C3_WIFI_CARGA_ALTA,N3
,0.269,0.224,0.809,1.0,,1787653727487.3943,33.315,18.48,3.44,0.35,1787653727488.9006,False,,,3,OP1,C3_WIFI_CARGA_ALTA,N3
,0.269,0.222,0.81,1.0,,1787653727516.4795,33.35,18.48,3.32,0.35,1787653727517.993,False,,,3,OP1,C3_WIFI_CARGA_ALTA,N3
,0.269,0.221,0.81,1.0,,1787653727539.5388,33.35,18.48,3.26,0.35,1787653727540.2126,False,,,3,OP1,C3_WIFI_CARGA_ALTA,N3
,0.268,0.22,0.81,1.0,,1787653727572.6377,33.35,18.56,3.2,0.35,1787653727572.6377,False,,,3,OP1,C3_WIFI_CARGA_ALTA,N3
,0.268,0.215,0.811,1.0,,1787653727619.8242,33.385,18.56,2.9,0.35,1787653727619.8242,False,,,3,OP1,C3_WIFI_CARGA_ALTA,N3
,0.268,0.211,0.812,1.0,,1787653727653.3767,33.42,18.56,2.66,0.35,1787653727656.4883,False,,,3,OP1,C3_WIFI_CARGA_ALTA,N3
,0.268,0.205,0.813,1.0,,1787653727683.4712,33.455,18.56,2.3,0.35,1787653727683.4712,False,,,3,OP1,C3_WIFI_CARGA_ALTA,N3
,0.268,0.201,0.814,1.0,,1787653727710.116,33.49,18.56,2.06,0.35,1787653727710.116,False,,,3,OP1,C3_WIFI_CARGA_ALTA,N3
,0.269,0.198,0.815,1.0,,1787653727739.792,33.525,18.48,1.88,0.35,1787653727739.792,False,,,3,OP1,C3_WIFI_CARGA_ALTA,N3
,0.269,0.195,0.815,1.0,,1787653727762.266,33.525,18.48,1.7,0.35,1787653727764.275,False,,,3,OP1,C3_WIFI_CARGA_ALTA,N3
,0.269,0.192,0.816,1.0,,1787653727795.5403,33.56,18.48,1.52,0.35,1787653727795.5403,False,,,3,OP1,C3_WIFI_CARGA_ALTA,N3
,0.271,0.187,0.819,1.0,,1787653727821.5327,33.665,18.32,1.22,0.35,1787653727823.5393,False,,,3,OP1,C3_WIFI_CARGA_ALTA,N3
,0.272,0.182,0.821,1.0,,1787653728016.8438,33.735,18.24,0.92,0.35,1787653728016.8438,False,,,3,OP1,C3_WIFI_CARGA_ALTA,N3
,0.273,0.176,0.823,1.0,,1787653728042.927,33.805,18.16,0.56,0.35,1787653728042.927,False,,,3,OP1,C3_WIFI_CARGA_ALTA,N3
,0.277,0.161,0.831,1.0,,1787653728087.6453,34.085,17.84,-0.34,0.35,1787653728088.6426,False,,,3,OP1,C3_WIFI_CARGA_ALTA,N3
,0.278,0.16,0.832,1.0,,1787653728128.4875,34.12,17.76,-0.4,0.35,1787653728128.4875,False,,,3,OP1,C3_WIFI_CARGA_ALTA,N3
,0.279,0.159,0.833,1.0,,1787653728156.8662,34.155,17.68,-0.46,0.35,1787653728156.8662,False,,,3,OP1,C3_WIFI_CARGA_ALTA,N3
,0.282,0.155,0.836,1.0,,1787653728203.6008,34.26,17.44,-0.7,0.35,1787653728205.6074,False,,,3,OP1,C3_WIFI_CARGA_ALTA,N3
,0.283,0.154,0.838,1.0,,1787653728240.8706,34.33,17.36,-0.76,0.35,1787653728240.8706,False,,,3,OP1,C3_WIFI_CARGA_ALTA,N3
,0.285,0.152,0.839,1.0,,1787653728424.8157,34.365,17.2,-0.88,0.35,1787653728426.6758,False,,,3,OP1,C3_WIFI_CARGA_ALTA,N3
,0.285,0.15,0.843,0.994,,1787653728461.8958,34.505,17.2,-1.0,0.3563,1787653728461.8958,False,,,3,OP1,C3_WIFI_CARGA_ALTA,N3
,0.285,0.15,0.844,0.99,,1787653728490.381,34.54,17.2,-1.0,0.3605,1787653728490.381,False,,,3,OP1,C3_WIFI_CARGA_ALTA,N3
,0.285,0.149,0.846,0.989,,1787653728532.8655,34.61,17.2,-1.06,0.3616,1787653728532.8655,False,,,3,OP1,C3_WIFI_CARGA_ALTA,N3
,0.285,0.148,0.847,0.989,,1787653728572.816,34.645,17.2,-1.12,0.3616,1787653728572.816,False,,,3,OP1,C3_WIFI_CARGA_ALTA,N3
,0.286,0.148,0.85,0.988,,1787653728595.1335,34.75,17.12,-1.12,0.3626,1787653728595.1335,False,,,3,OP1,C3_WIFI_CARGA_ALTA,N3
,0.287,0.146,0.854,0.986,,1787653728622.311,34.89,17.04,-1.24,0.3647,1787653728622.311,False,,,3,OP1,C3_WIFI_CARGA_ALTA,N3
,0.289,0.145,0.857,0.984,,1787653728655.8096,34.995,16.88,-1.3,0.3668,1787653728655.8096,False,,,3,OP1,C3_WIFI_CARGA_ALTA,N3
,0.29,0.143,0.86,0.983,,1787653728682.621,35.1,16.8,-1.42,0.3679,1787653728682.621,False,,,3,OP1,C3_WIFI_CARGA_ALTA,N3
,0.292,0.142,0.862,0.983,,1787653728712.8345,35.17,16.64,-1.48,0.3679,1787653728712.8345,False,,,3,OP1,C3_WIFI_CARGA_ALTA,N3
,0.292,0.141,0.864,0.982,,1787653728738.286,35.24,16.64,-1.54,0.3689,1787653728742.592,False,,,3,OP1,C3_WIFI_CARGA_ALTA,N3
,0.293,0.141,0.865,0.98,,1787653728766.113,35.275,16.56,-1.54,0.371,1787653728766.113,False,,,3,OP1,C3_WIFI_CARGA_ALTA,N3
,0.293,0.14,0.866,0.978,,1787653728795.422,35.31,16.56,-1.6,0.3731,1787653728799.4795,False,,,3,OP1,C3_WIFI_CARGA_ALTA,N3
,0.293,0.14,0.867,0.976,,1787653728824.7612,35.345,16.56,-1.6,0.3752,1787653728824.7612,False,,,3,OP1,C3_WIFI_CARGA_ALTA,N3
,0.293,0.14,0.868,0.974,,1787653728849.1926,35.38,16.56,-1.6,0.3773,1787653728849.1926,False,,,3,OP1,C3_WIFI_CARGA_ALTA,N3
,0.293,0.139,0.869,0.97,,1787653728904.3997,35.415,16.56,-1.66,0.3815,1787653728904.3997,False,,,3,OP1,C3_WIFI_CARGA_ALTA,N3
,0.293,0.139,0.869,0.969,,1787653728934.718,35.415,16.56,-1.66,0.3826,1787653728934.718,False,,,3,OP1,C3_WIFI_CARGA_ALTA,N3
,0.293,0.139,0.869,0.967,,1787653728964.5476,35.415,16.56,-1.66,0.3847,1787653728964.5476,False,,,3,OP1,C3_WIFI_CARGA_ALTA,N3
,0.292,0.139,0.869,0.967,,1787653728992.0798,35.415,16.64,-1.66,0.3847,1787653728992.0798,False,,,3,OP1,C3_WIFI_CARGA_ALTA,N3
,0.292,0.138,0.869,0.967,,1787653729016.404,35.415,16.64,-1.72,0.3847,1787653729016.404,False,,,3,OP1,C3_WIFI_CARGA_ALTA,N3
,0.291,0.138,0.869,0.966,,1787653729038.9485,35.415,16.72,-1.72,0.3857,1787653729038.9485,False,,,3,OP1,C3_WIFI_CARGA_ALTA,N3
,0.288,0.139,0.867,0.965,,1787653729067.647,35.345,16.96,-1.66,0.3868,1787653729067.647,False,,,3,OP1,C3_WIFI_CARGA_ALTA,N3
,0.288,0.139,0.865,0.977,,1787653729098.1116,35.275,16.96,-1.66,0.3742,1787653729098.1116,False,,,3,OP1,C3_WIFI_CARGA_ALTA,N3
,0.288,0.137,0.865,0.996,,1787653729129.0828,35.275,16.96,-1.78,0.3542,1787653729130.0608,False,,,3,OP1,C3_WIFI_CARGA_ALTA,N3
,0.287,0.136,0.865,1.0,,1787653729158.4763,35.275,17.04,-1.84,0.35,1787653729158.4763,False,,,3,OP1,C3_WIFI_CARGA_ALTA,N3
,0.288,0.133,0.866,1.0,,1787653729183.5754,35.31,16.96,-2.02,0.35,1787653729183.5754,False,,,3,OP1,C3_WIFI_CARGA_ALTA,N3
,0.287,0.126,0.866,1.0,,1787653729240.5037,35.31,17.04,-2.44,0.35,1787653729240.5037,False,,,3,OP1,C3_WIFI_CARGA_ALTA,N3
,0.287,0.124,0.863,1.0,,1787653729269.2722,35.205,17.04,-2.56,0.35,1787653729269.2722,False,,,3,OP1,C3_WIFI_CARGA_ALTA,N3
,0.287,0.123,0.861,1.0,,1787653729298.0588,35.135,17.04,-2.62,0.35,1787653729298.0588,False,,,3,OP1,C3_WIFI_CARGA_ALTA,N3
,0.287,0.122,0.86,1.0,,1787653729325.4492,35.1,17.04,-2.68,0.35,1787653729325.4492,False,,,3,OP1,C3_WIFI_CARGA_ALTA,N3
,0.287,0.122,0.859,1.0,,1787653729351.4656,35.065,17.04,-2.68,0.35,1787653729351.4656,False,,,3,OP1,C3_WIFI_CARGA_ALTA,N3
,0.288,0.122,0.859,1.0,,1787653729373.708,35.065,16.96,-2.68,0.35,1787653729373.708,False,,,3,OP1,C3_WIFI_CARGA_ALTA,N3
,0.288,0.121,0.859,1.0,,1787653729407.4592,35.065,16.96,-2.74,0.35,1787653729409.466,False,,,3,OP1,C3_WIFI_CARGA_ALTA,N3
,0.289,0.12,0.861,1.0,,1787653729432.744,35.135,16.88,-2.8,0.35,1787653729433.6958,False,,,3,OP1,C3_WIFI_CARGA_ALTA,N3
,0.29,0.119,0.862,1.0,,1787653729465.4084,35.17,16.8,-2.86,0.35,1787653729466.4087,False,,,3,OP1,C3_WIFI_CARGA_ALTA,N3
,0.291,0.118,0.863,1.0,,1787653729508.3513,35.205,16.72,-2.92,0.35,1787653729508.3513,False,,,3,OP1,C3_WIFI_CARGA_ALTA,N3
,0.29,0.119,0.862,1.0,,1787653729542.9714,35.17,16.8,-2.86,0.35,1787653729542.9714,False,,,3,OP1,C3_WIFI_CARGA_ALTA,N3
,0.29,0.119,0.863,1.0,,1787653729575.2705,35.205,16.8,-2.86,0.35,1787653729575.2705,False,,,3,OP1,C3_WIFI_CARGA_ALTA,N3
,0.29,0.119,0.863,1.0,,1787653729598.5732,35.205,16.8,-2.86,0.35,1787653729599.7195,False,,,3,OP1,C3_WIFI_CARGA_ALTA,N3
,0.29,0.119,0.863,1.0,,1787653729632.1216,35.205,16.8,-2.86,0.35,1787653729632.1216,False,,,3,OP1,C3_WIFI_CARGA_ALTA,N3
,0.29,0.119,0.864,1.0,,1787653729660.645,35.24,16.8,-2.86,0.35,1787653729660.645,False,,,3,OP1,C3_WIFI_CARGA_ALTA,N3
,0.29,0.118,0.864,1.0,,1787653729683.4907,35.24,16.8,-2.92,0.35,1787653729683.4907,False,,,3,OP1,C3_WIFI_CARGA_ALTA,N3
,0.289,0.118,0.865,1.0,,1787653729708.4712,35.275,16.88,-2.92,0.35,1787653729708.4712,False,,,3,OP1,C3_WIFI_CARGA_ALTA,N3
,0.289,0.118,0.866,1.0,,1787653729742.6326,35.31,16.88,-2.92,0.35,1787653729742.6326,False,,,3,OP1,C3_WIFI_CARGA_ALTA,N3
,0.289,0.118,0.866,1.0,,1787653729767.9336,35.31,16.88,-2.92,0.35,1787653729768.7795,False,,,3,OP1,C3_WIFI_CARGA_ALTA,N3
,0.288,0.118,0.867,1.0,,1787653729798.1394,35.345,16.96,-2.92,0.35,1787653729800.377,False,,,3,OP1,C3_WIFI_CARGA_ALTA,N3
,0.288,0.117,0.867,1.0,,1787653729826.9492,35.345,16.96,-2.98,0.35,1787653729826.9492,False,,,3,OP1,C3_WIFI_CARGA_ALTA,N3
,0.288,0.117,0.868,1.0,,1787653729991.6904,35.38,16.96,-2.98,0.35,1787653729991.6904,False,,,3,OP1,C3_WIFI_CARGA_ALTA,N3
,0.288,0.115,0.868,1.0,,1787653730079.3804,35.38,16.96,-3.1,0.35,1787653730079.3804,False,,,3,OP1,C3_WIFI_CARGA_ALTA,N3
,0.29,0.114,0.869,1.0,,1787653730103.812,35.415,16.8,-3.16,0.35,1787653730104.6372,False,,,3,OP1,C3_WIFI_CARGA_ALTA,N3
,0.29,0.113,0.87,1.0,,1787653730272.87,35.45,16.8,-3.22,0.35,1787653730273.7358,False,,,3,OP1,C3_WIFI_CARGA_ALTA,N3
,0.289,0.112,0.869,1.0,,1787653730439.6672,35.415,16.88,-3.28,0.35,1787653730440.6692,False,,,3,OP1,C3_WIFI_CARGA_ALTA,N3
,0.29,0.111,0.867,1.0,,1787653730467.1372,35.345,16.8,-3.34,0.35,1787653730467.1372,False,,,3,OP1,C3_WIFI_CARGA_ALTA,N3
,0.29,0.11,0.865,1.0,,1787653730515.5305,35.275,16.8,-3.4,0.35,1787653730515.5305,False,,,3,OP1,C3_WIFI_CARGA_ALTA,N3
,0.291,0.11,0.864,1.0,,1787653730548.9297,35.24,16.72,-3.4,0.35,1787653730548.9297,False,,,3,OP1,C3_WIFI_CARGA_ALTA,N3
,0.291,0.109,0.863,1.0,,1787653730571.672,35.205,16.72,-3.46,0.35,1787653730571.672,False,,,3,OP1,C3_WIFI_CARGA_ALTA,N3
,0.291,0.109,0.86,1.0,,1787653730606.7273,35.1,16.72,-3.46,0.35,1787653730608.246,False,,,3,OP1,C3_WIFI_CARGA_ALTA,N3
,0.292,0.109,0.855,1.0,,1787653730628.7107,34.925,16.64,-3.46,0.35,1787653730628.7107,False,,,3,OP1,C3_WIFI_CARGA_ALTA,N3
,0.292,0.108,0.849,1.0,,1787653730651.4329,34.715,16.64,-3.52,0.35,1787653730652.6458,False,,,3,OP1,C3_WIFI_CARGA_ALTA,N3
,0.292,0.106,0.845,1.0,,1787653730687.1526,34.575,16.64,-3.64,0.35,1787653730687.1526,False,,,3,OP1,C3_WIFI_CARGA_ALTA,N3
,0.293,0.105,0.841,1.0,,1787653730718.122,34.435,16.56,-3.7,0.35,1787653730718.122,False,,,3,OP1,C3_WIFI_CARGA_ALTA,N3
,0.292,0.105,0.837,1.0,,1787653730979.404,34.295,16.64,-3.7,0.35,1787653730979.404,False,,,3,OP1,C3_WIFI_CARGA_ALTA,N3
,0.299,0.111,0.779,1.0,,1787653731019.0393,32.265,16.08,-3.34,0.35,1787653731020.0913,False,,,3,OP1,C3_WIFI_CARGA_ALTA,N3
,0.299,0.112,0.776,1.0,,1787653731053.1443,32.16,16.08,-3.28,0.35,1787653731053.1443,False,,,3,OP1,C3_WIFI_CARGA_ALTA,N3
,0.301,0.116,0.769,1.0,,1787653731109.6487,31.915,15.92,-3.04,0.35,1787653731109.6487,False,,,3,OP1,C3_WIFI_CARGA_ALTA,N3
,0.302,0.117,0.768,1.0,,1787653731134.5288,31.88,15.84,-2.98,0.35,1787653731134.5288,False,,,3,OP1,C3_WIFI_CARGA_ALTA,N3
,0.303,0.117,0.768,1.0,,1787653731180.879,31.88,15.76,-2.98,0.35,1787653731180.879,False,,,3,OP1,C3_WIFI_CARGA_ALTA,N3
,0.303,0.117,0.768,1.0,,1787653731217.0137,31.88,15.76,-2.98,0.35,1787653731217.0137,False,,,3,OP1,C3_WIFI_CARGA_ALTA,N3
,0.304,0.118,0.767,1.0,,1787653731238.3232,31.845,15.68,-2.92,0.35,1787653731238.3232,False,,,3,OP1,C3_WIFI_CARGA_ALTA,N3
,0.304,0.118,0.767,1.0,,1787653731275.196,31.845,15.68,-2.92,0.35,1787653731275.196,False,,,3,OP1,C3_WIFI_CARGA_ALTA,N3
,0.305,0.118,0.766,1.0,,1787653731302.296,31.81,15.6,-2.92,0.35,1787653731304.3286,False,,,3,OP1,C3_WIFI_CARGA_ALTA,N3
,0.307,0.119,0.76,1.0,,1787653731352.6528,31.6,15.44,-2.86,0.35,1787653731352.6528,False,,,3,OP1,C3_WIFI_CARGA_ALTA,N3
,0.309,0.12,0.756,1.0,,1787653731385.416,31.46,15.28,-2.8,0.35,1787653731387.1624,False,,,3,OP1,C3_WIFI_CARGA_ALTA,N3
,0.311,0.121,0.753,1.0,,1787653731405.85,31.355,15.12,-2.74,0.35,1787653731405.85,False,,,3,OP1,C3_WIFI_CARGA_ALTA,N3
,0.312,0.122,0.751,1.0,,1787653731439.309,31.285,15.04,-2.68,0.35,1787653731443.491,False,,,3,OP1,C3_WIFI_CARGA_ALTA,N3
,0.313,0.123,0.749,1.0,,1787653731469.7278,31.215,14.96,-2.62,0.35,1787653731469.7278,False,,,3,OP1,C3_WIFI_CARGA_ALTA,N3
,0.314,0.124,0.746,1.0,,1787653731521.937,31.11,14.88,-2.56,0.35,1787653731521.937,False,,,3,OP1,C3_WIFI_CARGA_ALTA,N3
,0.315,0.124,0.745,1.0,,1787653731553.6042,31.075,14.8,-2.56,0.35,1787653731553.6042,False,,,3,OP1,C3_WIFI_CARGA_ALTA,N3
,0.315,0.125,0.742,1.0,,1787653731608.6135,30.97,14.8,-2.5,0.35,1787653731612.826,False,,,3,OP1,C3_WIFI_CARGA_ALTA,N3
,0.316,0.126,0.74,1.0,,1787653731655.7957,30.9,14.72,-2.44,0.35,1787653731655.7957,False,,,3,OP1,C3_WIFI_CARGA_ALTA,N3
,0.316,0.127,0.74,1.0,,1787653731692.26,30.9,14.72,-2.38,0.35,1787653731692.26,False,,,3,OP1,C3_WIFI_CARGA_ALTA,N3
,0.316,0.127,0.74,1.0,,1787653731721.5828,30.9,14.72,-2.38,0.35,1787653731721.5828,False,,,3,OP1,C3_WIFI_CARGA_ALTA,N3
,0.316,0.128,0.739,1.0,,1787653731772.7822,30.865,14.72,-2.32,0.35,1787653731777.257,False,,,3,OP1,C3_WIFI_CARGA_ALTA,N3
,0.316,0.13,0.738,1.0,,1787653731822.5588,30.83,14.72,-2.2,0.35,1787653731822.5588,False,,,3,OP1,C3_WIFI_CARGA_ALTA,N3
,0.316,0.13,0.738,1.0,,1787653731855.7048,30.83,14.72,-2.2,0.35,1787653731855.7048,False,,,3,OP1,C3_WIFI_CARGA_ALTA,N3
,0.317,0.131,0.737,1.0,,1787653731885.6133,30.795,14.64,-2.14,0.35,1787653731885.6133,False,,,3,OP1,C3_WIFI_CARGA_ALTA,N3
,0.317,0.132,0.736,1.0,,1787653731906.6587,30.76,14.64,-2.08,0.35,1787653731906.6587,False,,,3,OP1,C3_WIFI_CARGA_ALTA,N3
,0.317,0.133,0.737,1.0,,1787653731942.0803,30.795,14.64,-2.02,0.35,1787653731942.0803,False,,,3,OP1,C3_WIFI_CARGA_ALTA,N3
,0.317,0.134,0.737,1.0,,1787653732110.7512,30.795,14.64,-1.96,0.35,1787653732112.7666,False,,,3,OP1,C3_WIFI_CARGA_ALTA,N3
,0.315,0.137,0.743,1.0,,1787653732271.8428,31.005,14.8,-1.78,0.35,1787653732271.8428,False,,,3,OP1,C3_WIFI_CARGA_ALTA,N3
,0.301,0.141,0.755,1.0,,1787653732296.732,31.425,15.92,-1.54,0.35,1787653732296.732,False,,,3,OP1,C3_WIFI_CARGA_ALTA,N3
,0.3,0.143,0.756,1.0,,1787653732330.3894,31.46,16.0,-1.42,0.35,1787653732330.3894,False,,,3,OP1,C3_WIFI_CARGA_ALTA,N3
,0.299,0.144,0.756,1.0,,1787653732362.2278,31.46,16.08,-1.36,0.35,1787653732362.2278,False,,,3,OP1,C3_WIFI_CARGA_ALTA,N3
,0.297,0.145,0.756,1.0,,1787653732388.848,31.46,16.24,-1.3,0.35,1787653732389.8457,False,,,3,OP1,C3_WIFI_CARGA_ALTA,N3
,0.296,0.147,0.756,1.0,,1787653732412.3684,31.46,16.32,-1.18,0.35,1787653732414.3845,False,,,3,OP1,C3_WIFI_CARGA_ALTA,N3
,0.296,0.147,0.757,1.0,,1787653732444.12,31.495,16.32,-1.18,0.35,1787653732444.12,False,,,3,OP1,C3_WIFI_CARGA_ALTA,N3
,0.295,0.148,0.759,1.0,,1787653732497.2017,31.565,16.4,-1.12,0.35,1787653732499.7405,False,,,3,OP1,C3_WIFI_CARGA_ALTA,N3
,0.295,0.148,0.76,1.0,,1787653732529.8423,31.6,16.4,-1.12,0.35,1787653732529.8423,False,,,3,OP1,C3_WIFI_CARGA_ALTA,N3
,0.295,0.149,0.761,1.0,,1787653732694.4385,31.635,16.4,-1.06,0.35,1787653732696.4517,False,,,3,OP1,C3_WIFI_CARGA_ALTA,N3
,0.294,0.151,0.77,1.0,,1787653732723.608,31.95,16.48,-0.94,0.35,1787653732723.608,False,,,3,OP1,C3_WIFI_CARGA_ALTA,N3
,0.294,0.151,0.772,1.0,,1787653732747.1448,32.02,16.48,-0.94,0.35,1787653732747.1448,False,,,3,OP1,C3_WIFI_CARGA_ALTA,N3
,0.292,0.151,0.781,1.0,,1787653732796.5386,32.335,16.64,-0.94,0.35,1787653732796.5386,False,,,3,OP1,C3_WIFI_CARGA_ALTA,N3
,0.291,0.151,0.786,1.0,,1787653732831.7412,32.51,16.72,-0.94,0.35,1787653732831.7412,False,,,3,OP1,C3_WIFI_CARGA_ALTA,N3
,0.291,0.15,0.787,1.0,,1787653732973.7346,32.545,16.72,-1.0,0.35,1787653732973.7346,False,,,3,OP1,C3_WIFI_CARGA_ALTA,N3
,0.289,0.149,0.792,1.0,,1787653732999.1018,32.72,16.88,-1.06,0.35,1787653732999.1018,False,,,3,OP1,C3_WIFI_CARGA_ALTA,N3
,0.289,0.149,0.794,1.0,,1787653733027.7505,32.79,16.88,-1.06,0.35,1787653733027.7505,False,,,3,OP1,C3_WIFI_CARGA_ALTA,N3
,0.288,0.149,0.795,1.0,,1787653733056.4763,32.825,16.96,-1.06,0.35,1787653733059.189,False,,,3,OP1,C3_WIFI_CARGA_ALTA,N3
,0.288,0.149,0.797,1.0,,1787653733082.4155,32.895,16.96,-1.06,0.35,1787653733082.4155,False,,,3,OP1,C3_WIFI_CARGA_ALTA,N3
,0.287,0.15,0.8,1.0,,1787653733103.3113,33.0,17.04,-1.0,0.35,1787653733103.3113,False,,,3,OP1,C3_WIFI_CARGA_ALTA,N3
,0.286,0.15,0.803,1.0,,1787653733140.4155,33.105,17.12,-1.0,0.35,1787653733140.4155,False,,,3,OP1,C3_WIFI_CARGA_ALTA,N3
,0.286,0.149,0.806,1.0,,1787653733166.1562,33.21,17.12,-1.06,0.35,1787653733167.162,False,,,3,OP1,C3_WIFI_CARGA_ALTA,N3
,0.286,0.148,0.807,1.0,,1787653733195.6765,33.245,17.12,-1.12,0.35,1787653733195.6765,False,,,3,OP1,C3_WIFI_CARGA_ALTA,N3
,0.287,0.147,0.809,1.0,,1787653733223.965,33.315,17.04,-1.18,0.35,1787653733225.975,False,,,3,OP1,C3_WIFI_CARGA_ALTA,N3
,0.287,0.145,0.812,1.0,,1787653733249.0537,33.42,17.04,-1.3,0.35,1787653733249.0537,False,,,3,OP1,C3_WIFI_CARGA_ALTA,N3
,0.287,0.144,0.814,1.0,,1787653733275.5615,33.49,17.04,-1.36,0.35,1787653733275.5615,False,,,3,OP1,C3_WIFI_CARGA_ALTA,N3
,0.288,0.142,0.816,1.0,,1787653733304.984,33.56,16.96,-1.48,0.35,1787653733304.984,False,,,3,OP1,C3_WIFI_CARGA_ALTA,N3
,0.289,0.14,0.817,1.0,,1787653733333.9507,33.595,16.88,-1.6,0.35,1787653733333.9507,False,,,3,OP1,C3_WIFI_CARGA_ALTA,N3
,0.289,0.139,0.817,1.0,,1787653733363.6982,33.595,16.88,-1.66,0.35,1787653733363.6982,False,,,3,OP1,C3_WIFI_CARGA_ALTA,N3
,0.289,0.139,0.817,1.0,,1787653733388.8347,33.595,16.88,-1.66,0.35,1787653733388.8347,False,,,3,OP1,C3_WIFI_CARGA_ALTA,N3
,0.29,0.137,0.818,1.0,,1787653733439.7185,33.63,16.8,-1.78,0.35,1787653733439.7185,False,,,3,OP1,C3_WIFI_CARGA_ALTA,N3
,0.291,0.135,0.818,1.0,,1787653733460.522,33.63,16.72,-1.9,0.35,1787653733462.0676,False,,,3,OP1,C3_WIFI_CARGA_ALTA,N3
,0.292,0.134,0.818,1.0,,1787653733501.552,33.63,16.64,-1.96,0.35,1787653733501.552,False,,,3,OP1,C3_WIFI_CARGA_ALTA,N3
,0.292,0.132,0.819,1.0,,1787653733530.9805,33.665,16.64,-2.08,0.35,1787653733532.0198,False,,,3,OP1,C3_WIFI_CARGA_ALTA,N3
,0.293,0.13,0.82,1.0,,1787653733558.9602,33.7,16.56,-2.2,0.35,1787653733558.9602,False,,,3,OP1,C3_WIFI_CARGA_ALTA,N3
,0.294,0.126,0.824,1.0,,1787653733606.61,33.84,16.48,-2.44,0.35,1787653733610.6746,False,,,3,OP1,C3_WIFI_CARGA_ALTA,N3
,0.294,0.124,0.826,1.0,,1787653733638.9773,33.91,16.48,-2.56,0.35,1787653733638.9773,False,,,3,OP1,C3_WIFI_CARGA_ALTA,N3
,0.294,0.123,0.827,1.0,,1787653733668.1697,33.945,16.48,-2.62,0.35,1787653733669.9104,False,,,3,OP1,C3_WIFI_CARGA_ALTA,N3
,0.294,0.122,0.827,1.0,,1787653733697.6875,33.945,16.48,-2.68,0.35,1787653733697.6875,False,,,3,OP1,C3_WIFI_CARGA_ALTA,N3
,0.295,0.118,0.829,1.0,,1787653733740.6145,34.015,16.4,-2.92,0.35,1787653733740.6145,False,,,3,OP1,C3_WIFI_CARGA_ALTA,N3
,0.295,0.116,0.83,1.0,,1787653733772.1987,34.05,16.4,-3.04,0.35,1787653733774.4048,False,,,3,OP1,C3_WIFI_CARGA_ALTA,N3
,0.295,0.115,0.831,1.0,,1787653733794.7224,34.085,16.4,-3.1,0.35,1787653733795.5432,False,,,3,OP1,C3_WIFI_CARGA_ALTA,N3
,0.295,0.114,0.831,1.0,,1787653733834.9353,34.085,16.4,-3.16,0.35,1787653733834.9353,False,,,3,OP1,C3_WIFI_CARGA_ALTA,N3
,0.294,0.113,0.832,1.0,,1787653733863.048,34.12,16.48,-3.22,0.35,1787653733865.6155,False,,,3,OP1,C3_WIFI_CARGA_ALTA,N3
,0.293,0.112,0.833,1.0,,1787653733905.6853,34.155,16.56,-3.28,0.35,1787653733908.3918,False,,,3,OP1,C3_WIFI_CARGA_ALTA,N3
,0.292,0.111,0.833,1.0,,1787653733938.34,34.155,16.64,-3.34,0.35,1787653733942.427,False,,,3,OP1,C3_WIFI_CARGA_ALTA,N3
,0.29,0.11,0.834,1.0,,1787653733963.554,34.19,16.8,-3.4,0.35,1787653733964.4,False,,,3,OP1,C3_WIFI_CARGA_ALTA,N3
,0.289,0.11,0.834,1.0,,1787653733992.4282,34.19,16.88,-3.4,0.35,1787653733992.4282,False,,,3,OP1,C3_WIFI_CARGA_ALTA,N3
,0.288,0.109,0.835,1.0,,1787653734030.7786,34.225,16.96,-3.46,0.35,1787653734030.7786,False,,,3,OP1,C3_WIFI_CARGA_ALTA,N3
,0.286,0.109,0.832,1.0,,1787653734244.124,34.12,17.12,-3.46,0.35,1787653734244.777,False,,,3,OP1,C3_WIFI_CARGA_ALTA,N3
,0.283,0.104,0.825,1.0,,1787653734275.0742,33.875,17.36,-3.76,0.35,1787653734275.0742,False,,,3,OP1,C3_WIFI_CARGA_ALTA,N3
,0.283,0.103,0.823,1.0,,1787653734298.8706,33.805,17.36,-3.82,0.35,1787653734298.8706,False,,,3,OP1,C3_WIFI_CARGA_ALTA,N3
,0.283,0.103,0.822,1.0,,1787653734338.191,33.77,17.36,-3.82,0.35,1787653734338.191,False,,,3,OP1,C3_WIFI_CARGA_ALTA,N3
,0.283,0.102,0.822,1.0,,1787653734365.674,33.77,17.36,-3.88,0.35,1787653734365.674,False,,,3,OP1,C3_WIFI_CARGA_ALTA,N3
,0.283,0.101,0.822,1.0,,1787653734408.9478,33.77,17.36,-3.94,0.35,1787653734408.9478,False,,,3,OP1,C3_WIFI_CARGA_ALTA,N3
,0.283,0.1,0.823,1.0,,1787653734446.1648,33.805,17.36,-4.0,0.35,1787653734446.1648,False,,,3,OP1,C3_WIFI_CARGA_ALTA,N3
,0.283,0.099,0.825,1.0,,1787653734466.7812,33.875,17.36,-4.06,0.35,1787653734466.7812,False,,,3,OP1,C3_WIFI_CARGA_ALTA,N3
,0.284,0.098,0.825,1.0,,1787653734505.4446,33.875,17.28,-4.12,0.35,1787653734505.4446,False,,,3,OP1,C3_WIFI_CARGA_ALTA,N3
,0.284,0.098,0.825,1.0,,1787653734530.4763,33.875,17.28,-4.12,0.35,1787653734530.4763,False,,,3,OP1,C3_WIFI_CARGA_ALTA,N3
,0.285,0.098,0.824,1.0,,1787653734581.4324,33.84,17.2,-4.12,0.35,1787653734581.4324,False,,,3,OP1,C3_WIFI_CARGA_ALTA,N3
,0.286,0.097,0.825,1.0,,1787653734611.88,33.875,17.12,-4.18,0.35,1787653734613.2466,False,,,3,OP1,C3_WIFI_CARGA_ALTA,N3
,0.287,0.097,0.825,1.0,,1787653734634.55,33.875,17.04,-4.18,0.35,1787653734634.55,False,,,3,OP1,C3_WIFI_CARGA_ALTA,N3
,0.288,0.096,0.824,1.0,,1787653734671.6665,33.84,16.96,-4.24,0.35,1787653734672.6782,False,,,3,OP1,C3_WIFI_CARGA_ALTA,N3
,0.289,0.094,0.824,1.0,,1787653734839.7126,33.84,16.88,-4.36,0.35,1787653734840.7231,False,,,3,OP1,C3_WIFI_CARGA_ALTA,N3
,0.291,0.087,0.821,1.0,,1787653734866.6455,33.735,16.72,-4.78,0.35,1787653734866.6455,False,,,3,OP1,C3_WIFI_CARGA_ALTA,N3
,0.292,0.084,0.82,1.0,,1787653734887.3325,33.7,16.64,-4.96,0.35,1787653734887.3325,False,,,3,OP1,C3_WIFI_CARGA_ALTA,N3
,0.292,0.082,0.818,1.0,,1787653734913.206,33.63,16.64,-5.08,0.35,1787653734915.444,False,,,3,OP1,C3_WIFI_CARGA_ALTA,N3
,0.293,0.08,0.818,1.0,,1787653734946.3865,33.63,16.56,-5.2,0.35,1787653734946.3865,False,,,3,OP1,C3_WIFI_CARGA_ALTA,N3
,0.293,0.079,0.817,1.0,,1787653734971.5542,33.595,16.56,-5.26,0.35,1787653734971.5542,False,,,3,OP1,C3_WIFI_CARGA_ALTA,N3
,0.294,0.078,0.816,1.0,,1787653735004.2815,33.56,16.48,-5.32,0.35,1787653735004.2815,False,,,3,OP1,C3_WIFI_CARGA_ALTA,N3
,0.295,0.077,0.814,1.0,,1787653735034.1555,33.49,16.4,-5.38,0.35,1787653735034.1555,False,,,3,OP1,C3_WIFI_CARGA_ALTA,N3
,0.297,0.071,0.815,1.0,,1787653735080.4297,33.525,16.24,-5.74,0.35,1787653735080.4297,False,,,3,OP1,C3_WIFI_CARGA_ALTA,N3
,0.298,0.067,0.816,1.0,,1787653735281.7808,33.56,16.16,-5.98,0.35,1787653735281.7808,False,,,3,OP1,C3_WIFI_CARGA_ALTA,N3
,0.299,0.059,0.822,1.0,,1787653735339.9497,33.77,16.08,-6.46,0.35,1787653735339.9497,False,,,3,OP1,C3_WIFI_CARGA_ALTA,N3
,0.304,0.047,0.817,1.0,,1787653735365.9758,33.595,15.68,-7.18,0.35,1787653735365.9758,False,,,3,OP1,C3_WIFI_CARGA_ALTA,N3
,0.306,0.044,0.815,1.0,,1787653735386.2004,33.525,15.52,-7.36,0.35,1787653735386.8108,False,,,3,OP1,C3_WIFI_CARGA_ALTA,N3
,0.306,0.042,0.814,1.0,,1787653735417.3533,33.49,15.52,-7.48,0.35,1787653735418.662,False,,,3,OP1,C3_WIFI_CARGA_ALTA,N3
,0.306,0.041,0.813,1.0,,1787653735452.1667,33.455,15.52,-7.54,0.35,1787653735452.1667,False,,,3,OP1,C3_WIFI_CARGA_ALTA,N3
,0.307,0.04,0.813,1.0,,1787653735477.89,33.455,15.44,-7.6,0.35,1787653735477.89,False,,,3,OP1,C3_WIFI_CARGA_ALTA,N3
,0.307,0.04,0.812,1.0,,1787653735505.1448,33.42,15.44,-7.6,0.35,1787653735505.1448,False,,,3,OP1,C3_WIFI_CARGA_ALTA,N3
,0.307,0.04,0.811,1.0,,1787653735555.479,33.385,15.44,-7.6,0.35,1787653735555.479,False,,,3,OP1,C3_WIFI_CARGA_ALTA,N3
,0.307,0.04,0.809,1.0,,1787653735585.8438,33.315,15.44,-7.6,0.35,1787653735589.8523,False,,,3,OP1,C3_WIFI_CARGA_ALTA,N3
,0.306,0.042,0.807,1.0,,1787653735609.913,33.245,15.52,-7.48,0.35,1787653735609.913,False,,,3,OP1,C3_WIFI_CARGA_ALTA,N3
,0.306,0.044,0.803,1.0,,1787653735647.2505,33.105,15.52,-7.36,0.35,1787653735647.2505,False,,,3,OP1,C3_WIFI_CARGA_ALTA,N3
,0.306,0.046,0.798,1.0,,1787653735672.9563,32.93,15.52,-7.24,0.35,1787653735672.9563,False,,,3,OP1,C3_WIFI_CARGA_ALTA,N3
,0.306,0.046,0.797,1.0,,1787653735694.031,32.895,15.52,-7.24,0.35,1787653735694.7998,False,,,3,OP1,C3_WIFI_CARGA_ALTA,N3
,0.306,0.046,0.797,1.0,,1787653735721.641,32.895,15.52,-7.24,0.35,1787653735721.641,False,,,3,OP1,C3_WIFI_CARGA_ALTA,N3
,0.306,0.046,0.796,1.0,,1787653735857.376,32.86,15.52,-7.24,0.35,1787653735857.376,False,,,3,OP1,C3_WIFI_CARGA_ALTA,N3
,0.307,0.047,0.793,1.0,,1787653735887.4526,32.755,15.44,-7.18,0.35,1787653735887.4526,False,,,3,OP1,C3_WIFI_CARGA_ALTA,N3
,0.306,0.046,0.793,1.0,,1787653735920.4756,32.755,15.52,-7.24,0.35,1787653735920.4756,False,,,3,OP1,C3_WIFI_CARGA_ALTA,N3
,0.306,0.046,0.792,1.0,,1787653735945.1138,32.72,15.52,-7.24,0.35,1787653735945.1138,False,,,3,OP1,C3_WIFI_CARGA_ALTA,N3
,0.306,0.046,0.791,1.0,,1787653735980.7458,32.685,15.52,-7.24,0.35,1787653735982.309,False,,,3,OP1,C3_WIFI_CARGA_ALTA,N3
,0.306,0.046,0.79,1.0,,1787653736008.7888,32.65,15.52,-7.24,0.35,1787653736008.7888,False,,,3,OP1,C3_WIFI_CARGA_ALTA,N3
,0.305,0.046,0.788,1.0,,1787653736029.6853,32.58,15.6,-7.24,0.35,1787653736029.6853,False,,,3,OP1,C3_WIFI_CARGA_ALTA,N3
,0.304,0.047,0.787,1.0,,1787653736057.7288,32.545,15.68,-7.18,0.35,1787653736057.7288,False,,,3,OP1,C3_WIFI_CARGA_ALTA,N3
,0.303,0.047,0.786,1.0,,1787653736088.8662,32.51,15.76,-7.18,0.35,1787653736092.9795,False,,,3,OP1,C3_WIFI_CARGA_ALTA,N3
,0.303,0.047,0.786,1.0,,1787653736282.8354,32.51,15.76,-7.18,0.35,1787653736282.8354,False,,,3,OP1,C3_WIFI_CARGA_ALTA,N3
,0.303,0.049,0.778,1.0,,1787653736315.5278,32.23,15.76,-7.06,0.35,1787653736316.4907,False,,,3,OP1,C3_WIFI_CARGA_ALTA,N3
,0.302,0.05,0.777,1.0,,1787653736342.8176,32.195,15.84,-7.0,0.35,1787653736342.8176,False,,,3,OP1,C3_WIFI_CARGA_ALTA,N3
,0.302,0.051,0.774,1.0,,1787653736364.9082,32.09,15.84,-6.94,0.35,1787653736365.6565,False,,,3,OP1,C3_WIFI_CARGA_ALTA,N3
,0.302,0.051,0.77,1.0,,1787653736391.5188,31.95,15.84,-6.94,0.35,1787653736391.5188,False,,,3,OP1,C3_WIFI_CARGA_ALTA,N3
,0.302,0.051,0.767,1.0,,1787653736427.7598,31.845,15.84,-6.94,0.35,1787653736429.5083,False,,,3,OP1,C3_WIFI_CARGA_ALTA,N3
,0.302,0.052,0.763,1.0,,1787653736449.9165,31.705,15.84,-6.88,0.35,1787653736449.9165,False,,,3,OP1,C3_WIFI_CARGA_ALTA,N3
,0.303,0.052,0.76,1.0,,1787653736480.9622,31.6,15.76,-6.88,0.35,1787653736482.972,False,,,3,OP1,C3_WIFI_CARGA_ALTA,N3
,0.303,0.051,0.756,1.0,,1787653736508.6846,31.46,15.76,-6.94,0.35,1787653736508.6846,False,,,3,OP1,C3_WIFI_CARGA_ALTA,N3
,0.303,0.053,0.75,1.0,,1787653736562.154,31.25,15.76,-6.82,0.35,1787653736562.154,False,,,3,OP1,C3_WIFI_CARGA_ALTA,N3
,0.303,0.054,0.748,1.0,,1787653736594.13,31.18,15.76,-6.76,0.35,1787653736594.13,False,,,3,OP1,C3_WIFI_CARGA_ALTA,N3
,0.303,0.054,0.747,1.0,,1787653736617.8274,31.145,15.76,-6.76,0.35,1787653736617.8274,False,,,3,OP1,C3_WIFI_CARGA_ALTA,N3
,0.303,0.054,0.747,1.0,,1787653736646.0776,31.145,15.76,-6.76,0.35,1787653736646.0776,False,,,3,OP1,C3_WIFI_CARGA_ALTA,N3
,0.302,0.054,0.746,1.0,,1787653736815.7852,31.11,15.84,-6.76,0.35,1787653736817.1592,False,,,3,OP1,C3_WIFI_CARGA_ALTA,N3
,0.299,0.058,0.734,1.0,,1787653736981.6643,30.69,16.08,-6.52,0.35,1787653736981.6643,False,,,3,OP1,C3_WIFI_CARGA_ALTA,N3
,0.3,0.057,0.722,1.0,,1787653737010.4402,30.27,16.0,-6.58,0.35,1787653737010.4402,False,,,3,OP1,C3_WIFI_CARGA_ALTA,N3
,0.3,0.055,0.72,1.0,,1787653737063.2354,30.2,16.0,-6.7,0.35,1787653737063.2354,False,,,3,OP1,C3_WIFI_CARGA_ALTA,N3
,0.3,0.055,0.719,1.0,,1787653737093.0193,30.165,16.0,-6.7,0.35,1787653737093.0193,False,,,3,OP1,C3_WIFI_CARGA_ALTA,N3
,0.301,0.055,0.718,1.0,,1787653737113.2114,30.13,15.92,-6.7,0.35,1787653737113.2114,False,,,3,OP1,C3_WIFI_CARGA_ALTA,N3
,0.301,0.055,0.719,1.0,,1787653737147.2563,30.165,15.92,-6.7,0.35,1787653737147.2563,False,,,3,OP1,C3_WIFI_CARGA_ALTA,N3
,0.302,0.055,0.719,1.0,,1787653737193.277,30.165,15.84,-6.7,0.35,1787653737193.277,False,,,3,OP1,C3_WIFI_CARGA_ALTA,N3
,0.302,0.055,0.719,1.0,,1787653737232.7043,30.165,15.84,-6.7,0.35,1787653737232.7043,False,,,3,OP1,C3_WIFI_CARGA_ALTA,N3
,0.302,0.054,0.72,1.0,,1787653737260.381,30.2,15.84,-6.76,0.35,1787653737260.381,False,,,3,OP1,C3_WIFI_CARGA_ALTA,N3
,0.302,0.055,0.721,1.0,,1787653737317.3918,30.235,15.84,-6.7,0.35,1787653737317.3918,False,,,3,OP1,C3_WIFI_CARGA_ALTA,N3
,0.302,0.055,0.723,1.0,,1787653737482.663,30.305,15.84,-6.7,0.35,1787653737482.663,False,,,3,OP1,C3_WIFI_CARGA_ALTA,N3
,0.302,0.057,0.727,1.0,,1787653737527.3767,30.445,15.84,-6.58,0.35,1787653737528.756,False,,,3,OP1,C3_WIFI_CARGA_ALTA,N3
,0.302,0.058,0.726,1.0,,1787653737567.0544,30.41,15.84,-6.52,0.35,1787653737567.0544,False,,,3,OP1,C3_WIFI_CARGA_ALTA,N3
,0.302,0.06,0.726,1.0,,1787653737594.8826,30.41,15.84,-6.4,0.35,1787653737596.338,False,,,3,OP1,C3_WIFI_CARGA_ALTA,N3
,0.302,0.063,0.722,1.0,,1787653737651.3047,30.27,15.84,-6.22,0.35,1787653737651.3047,False,,,3,OP1,C3_WIFI_CARGA_ALTA,N3
,0.303,0.064,0.723,1.0,,1787653737695.044,30.305,15.76,-6.16,0.35,1787653737695.044,False,,,3,OP1,C3_WIFI_CARGA_ALTA,N3
,0.303,0.065,0.722,1.0,,1787653737735.486,30.27,15.76,-6.1,0.35,1787653737735.486,False,,,3,OP1,C3_WIFI_CARGA_ALTA,N3
,0.302,0.065,0.723,0.921,,1787653737763.0298,30.305,15.84,-6.1,0.433,1787653737764.0413,False,,,3,OP1,C3_WIFI_CARGA_ALTA,N3
,0.302,0.065,0.723,0.817,,1787653737790.802,30.305,15.84,-6.1,0.5422,1787653737790.802,False,,,3,OP1,C3_WIFI_CARGA_ALTA,N3
,0.301,0.068,0.723,0.62,,1787653737817.719,30.305,15.92,-5.92,0.749,1787653737817.719,False,,,3,OP1,C3_WIFI_CARGA_ALTA,N3
,0.301,0.072,0.721,0.325,,1787653737868.9766,30.235,15.92,-5.68,1.0587,1787653737869.495,False,,,3,OP1,C3_WIFI_CARGA_ALTA,N3
,0.301,0.072,0.721,0.154,,1787653738041.7866,30.235,15.92,-5.68,1.2383,1787653738041.7866,False,,,3,OP1,C3_WIFI_CARGA_ALTA,N3
,0.304,0.088,0.711,0.095,,1787653738065.764,29.885,15.68,-4.72,1.3002,1787653738069.9834,False,,,3,OP1,C3_WIFI_CARGA_ALTA,N3
,0.305,0.088,0.712,0.073,,1787653738096.974,29.92,15.6,-4.72,1.3234,1787653738096.974,False,,,3,OP1,C3_WIFI_CARGA_ALTA,N3
,0.305,0.088,0.713,0.035,,1787653738152.1982,29.955,15.6,-4.72,1.3632,1787653738152.1982,False,,,3,OP1,C3_WIFI_CARGA_ALTA,N3
,0.305,0.089,0.714,0.029,,1787653738172.4736,29.99,15.6,-4.66,1.3695,1787653738172.4736,False,,,3,OP1,C3_WIFI_CARGA_ALTA,N3
,0.305,0.089,0.714,0.023,,1787653738197.132,29.99,15.6,-4.66,1.3759,1787653738198.1782,False,,,3,OP1,C3_WIFI_CARGA_ALTA,N3
,0.305,0.089,0.714,0.016,,1787653738235.068,29.99,15.6,-4.66,1.3832,1787653738237.2607,False,,,3,OP1,C3_WIFI_CARGA_ALTA,N3
,0.305,0.089,0.713,0.009,,1787653738263.7837,29.955,15.6,-4.66,1.3905,1787653738264.5474,False,,,3,OP1,C3_WIFI_CARGA_ALTA,N3
,0.306,0.09,0.712,0.003,,1787653738423.4111,29.92,15.52,-4.6,1.3968,1787653738423.4111,False,,,3,OP1,C3_WIFI_CARGA_ALTA,N3
,0.307,0.089,0.703,0.0,,1787653738447.413,29.605,15.44,-4.66,1.4,1787653738447.413,False,,,3,OP1,C3_WIFI_CARGA_ALTA,N3
,0.306,0.089,0.701,0.0,,1787653738474.272,29.535,15.52,-4.66,1.4,1787653738474.272,False,,,3,OP1,C3_WIFI_CARGA_ALTA,N3
,0.307,0.089,0.7,0.0,,1787653738507.7756,29.5,15.44,-4.66,1.4,1787653738509.8025,False,,,3,OP1,C3_WIFI_CARGA_ALTA,N3
,0.306,0.089,0.699,0.0,,1787653738528.9714,29.465,15.52,-4.66,1.4,1787653738528.9714,False,,,3,OP1,C3_WIFI_CARGA_ALTA,N3
,0.306,0.089,0.697,0.0,,1787653738570.278,29.395,15.52,-4.66,1.4,1787653738571.2712,False,,,3,OP1,C3_WIFI_CARGA_ALTA,N3
,0.306,0.088,0.696,0.0,,1787653738597.979,29.36,15.52,-4.72,1.4,1787653738597.979,False,,,3,OP1,C3_WIFI_CARGA_ALTA,N3
,0.306,0.088,0.694,0.0,,1787653738624.8154,29.29,15.52,-4.72,1.4,1787653738624.8154,False,,,3,OP1,C3_WIFI_CARGA_ALTA,N3
,0.306,0.087,0.693,0.0,,1787653738680.3076,29.255,15.52,-4.78,1.4,1787653738680.3076,False,,,3,OP1,C3_WIFI_CARGA_ALTA,N3
,0.306,0.087,0.692,0.0,,1787653738709.6912,29.22,15.52,-4.78,1.4,1787653738709.6912,False,,,3,OP1,C3_WIFI_CARGA_ALTA,N3
,0.306,0.087,0.692,0.0,,1787653738737.1038,29.22,15.52,-4.78,1.4,1787653738738.1106,False,,,3,OP1,C3_WIFI_CARGA_ALTA,N3
,0.306,0.086,0.692,0.009,,1787653738765.9033,29.22,15.52,-4.84,1.3905,1787653738766.4297,False,,,3,OP1,C3_WIFI_CARGA_ALTA,N3
,0.306,0.085,0.692,0.053,,1787653738904.817,29.22,15.52,-4.9,1.3443,1787653738904.817,False,,,3,OP1,C3_WIFI_CARGA_ALTA,N3
,0.305,0.085,0.691,0.068,,1787653738949.2583,29.185,15.6,-4.9,1.3286,1787653738949.7666,False,,,3,OP1,C3_WIFI_CARGA_ALTA,N3
,0.304,0.08,0.693,0.077,,1787653738978.7927,29.255,15.68,-5.2,1.3191,1787653738980.3018,False,,,3,OP1,C3_WIFI_CARGA_ALTA,N3
,0.304,0.079,0.695,0.07,,1787653739011.9758,29.325,15.68,-5.26,1.3265,1787653739011.9758,False,,,3,OP1,C3_WIFI_CARGA_ALTA,N3
,0.305,0.078,0.696,0.069,,1787653739070.4849,29.36,15.6,-5.32,1.3276,1787653739073.1897,False,,,3,OP1,C3_WIFI_CARGA_ALTA,N3
,0.305,0.077,0.696,0.097,,1787653739099.6687,29.36,15.6,-5.38,1.2981,1787653739099.6687,False,,,3,OP1,C3_WIFI_CARGA_ALTA,N3
,0.304,0.076,0.696,0.109,,1787653739239.067,29.36,15.68,-5.44,1.2855,1787653739239.067,False,,,3,OP1,C3_WIFI_CARGA_ALTA,N3
,0.303,0.073,0.698,0.097,,1787653739266.9038,29.43,15.76,-5.62,1.2981,1787653739266.9038,False,,,3,OP1,C3_WIFI_CARGA_ALTA,N3
,0.303,0.072,0.698,0.078,,1787653739315.287,29.43,15.76,-5.68,1.3181,1787653739318.241,False,,,3,OP1,C3_WIFI_CARGA_ALTA,N3
,0.303,0.072,0.698,0.06,,1787653739348.0933,29.43,15.76,-5.68,1.337,1787653739348.0933,False,,,3,OP1,C3_WIFI_CARGA_ALTA,N3
,0.303,0.072,0.697,0.04,,1787653739371.8848,29.395,15.76,-5.68,1.358,1787653739372.8748,False,,,3,OP1,C3_WIFI_CARGA_ALTA,N3
,0.303,0.072,0.697,0.031,,1787653739405.9702,29.395,15.76,-5.68,1.3674,1787653739405.9702,False,,,3,OP1,C3_WIFI_CARGA_ALTA,N3
,0.302,0.073,0.696,0.025,,1787653739449.0308,29.36,15.84,-5.62,1.3737,1787653739451.3398,False,,,3,OP1,C3_WIFI_CARGA_ALTA,N3
,0.302,0.074,0.695,0.025,,1787653739479.4705,29.325,15.84,-5.56,1.3737,1787653739480.0215,False,,,3,OP1,C3_WIFI_CARGA_ALTA,N3
,0.302,0.074,0.694,0.025,,1787653739515.7305,29.29,15.84,-5.56,1.3737,1787653739515.7305,False,,,3,OP1,C3_WIFI_CARGA_ALTA,N3
,0.302,0.074,0.694,0.026,,1787653739539.5986,29.29,15.84,-5.56,1.3727,1787653739539.5986,False,,,3,OP1,C3_WIFI_CARGA_ALTA,N3
,0.302,0.074,0.695,0.026,,1787653739572.1165,29.325,15.84,-5.56,1.3727,1787653739574.13,False,,,3,OP1,C3_WIFI_CARGA_ALTA,N3
,0.302,0.074,0.695,0.025,,1787653739601.379,29.325,15.84,-5.56,1.3737,1787653739601.379,False,,,3,OP1,C3_WIFI_CARGA_ALTA,N3
,0.302,0.073,0.695,0.024,,1787653739621.6787,29.325,15.84,-5.62,1.3748,1787653739621.6787,False,,,3,OP1,C3_WIFI_CARGA_ALTA,N3
,0.302,0.073,0.695,0.02,,1787653739654.4731,29.325,15.84,-5.62,1.379,1787653739654.4731,False,,,3,OP1,C3_WIFI_CARGA_ALTA,N3
,0.302,0.073,0.695,0.016,,1787653739684.13,29.325,15.84,-5.62,1.3832,1787653739684.13,False,,,3,OP1,C3_WIFI_CARGA_ALTA,N3
,0.302,0.073,0.695,0.013,,1787653739709.6443,29.325,15.84,-5.62,1.3863,1787653739709.6443,False,,,3,OP1,C3_WIFI_CARGA_ALTA,N3
,0.302,0.073,0.694,0.011,,1787653739738.5354,29.29,15.84,-5.62,1.3884,1787653739738.5354,False,,,3,OP1,C3_WIFI_CARGA_ALTA,N3
,0.302,0.073,0.694,0.009,,1787653739766.752,29.29,15.84,-5.62,1.3905,1787653739766.752,False,,,3,OP1,C3_WIFI_CARGA_ALTA,N3
,0.303,0.072,0.694,0.006,,1787653739818.3845,29.29,15.76,-5.68,1.3937,1787653739821.048,False,,,3,OP1,C3_WIFI_CARGA_ALTA,N3
,0.303,0.072,0.694,0.007,,1787653739851.4006,29.29,15.76,-5.68,1.3926,1787653739851.4006,False,,,3,OP1,C3_WIFI_CARGA_ALTA,N3
,0.303,0.072,0.693,0.014,,1787653739876.2473,29.255,15.76,-5.68,1.3853,1787653739876.2473,False,,,3,OP1,C3_WIFI_CARGA_ALTA,N3
,0.303,0.072,0.692,0.022,,1787653739905.6304,29.22,15.76,-5.68,1.3769,1787653739905.6304,False,,,3,OP1,C3_WIFI_CARGA_ALTA,N3
,0.304,0.072,0.691,0.042,,1787653739931.1792,29.185,15.68,-5.68,1.3559,1787653739935.231,False,,,3,OP1,C3_WIFI_CARGA_ALTA,N3
,0.304,0.072,0.691,0.058,,1787653739953.2842,29.185,15.68,-5.68,1.3391,1787653739953.2842,False,,,3,OP1,C3_WIFI_CARGA_ALTA,N3
,0.304,0.072,0.691,0.065,,1787653739985.9497,29.185,15.68,-5.68,1.3317,1787653739988.6533,False,,,3,OP1,C3_WIFI_CARGA_ALTA,N3
,0.304,0.071,0.691,0.073,,1787653740017.43,29.185,15.68,-5.74,1.3234,1787653740017.43,False,,,3,OP1,C3_WIFI_CARGA_ALTA,N3
,0.304,0.072,0.691,0.076,,1787653740043.4265,29.185,15.68,-5.68,1.3202,1787653740043.4265,False,,,3,OP1,C3_WIFI_CARGA_ALTA,N3
,0.303,0.072,0.691,0.074,,1787653740073.68,29.185,15.76,-5.68,1.3223,1787653740073.68,False,,,3,OP1,C3_WIFI_CARGA_ALTA,N3
,0.303,0.073,0.691,0.06,,1787653740122.2473,29.185,15.76,-5.62,1.337,1787653740122.2473,False,,,3,OP1,C3_WIFI_CARGA_ALTA,N3
,0.303,0.073,0.69,0.056,,1787653740157.8313,29.15,15.76,-5.62,1.3412,1787653740157.8313,False,,,3,OP1,C3_WIFI_CARGA_ALTA,N3
,0.303,0.073,0.69,0.051,,1787653740183.2664,29.15,15.76,-5.62,1.3464,1787653740183.2664,False,,,3,OP1,C3_WIFI_CARGA_ALTA,N3
,0.303,0.073,0.69,0.049,,1787653740211.7517,29.15,15.76,-5.62,1.3485,1787653740211.7517,False,,,3,OP1,C3_WIFI_CARGA_ALTA,N3
,0.303,0.073,0.69,0.048,,1787653740241.7495,29.15,15.76,-5.62,1.3496,1787653740243.2705,False,,,3,OP1,C3_WIFI_CARGA_ALTA,N3
,0.303,0.073,0.69,0.047,,1787653740409.063,29.15,15.76,-5.62,1.3506,1787653740409.063,False,,,3,OP1,C3_WIFI_CARGA_ALTA,N3
,0.305,0.073,0.693,0.061,,1787653740458.5342,29.255,15.6,-5.62,1.3359,1787653740458.5342,False,,,3,OP1,C3_WIFI_CARGA_ALTA,N3
,0.305,0.073,0.694,0.06,,1787653740492.1206,29.29,15.6,-5.62,1.337,1787653740492.1206,False,,,3,OP1,C3_WIFI_CARGA_ALTA,N3
,0.305,0.073,0.694,0.056,,1787653740518.8933,29.29,15.6,-5.62,1.3412,1787653740519.8926,False,,,3,OP1,C3_WIFI_CARGA_ALTA,N3
,0.304,0.073,0.694,0.034,,1787653740545.113,29.29,15.68,-5.62,1.3643,1787653740545.113,False,,,3,OP1,C3_WIFI_CARGA_ALTA,N3
,0.304,0.074,0.694,0.025,,1787653740568.7256,29.29,15.68,-5.56,1.3737,1787653740568.7256,False,,,3,OP1,C3_WIFI_CARGA_ALTA,N3
,0.304,0.074,0.694,0.022,,1787653740593.288,29.29,15.68,-5.56,1.3769,1787653740593.288,False,,,3,OP1,C3_WIFI_CARGA_ALTA,N3
,0.304,0.075,0.693,0.021,,1787653740626.9668,29.255,15.68,-5.5,1.378,1787653740626.9668,False,,,3,OP1,C3_WIFI_CARGA_ALTA,N3
,0.304,0.076,0.693,0.024,,1787653740658.385,29.255,15.68,-5.44,1.3748,1787653740658.385,False,,,3,OP1,C3_WIFI_CARGA_ALTA,N3
,0.304,0.076,0.692,0.03,,1787653740686.7473,29.22,15.68,-5.44,1.3685,1787653740687.741,False,,,3,OP1,C3_WIFI_CARGA_ALTA,N3
,0.304,0.077,0.692,0.042,,1787653740712.1506,29.22,15.68,-5.38,1.3559,1787653740712.1506,False,,,3,OP1,C3_WIFI_CARGA_ALTA,N3
,0.304,0.077,0.692,0.047,,1787653740763.552,29.22,15.68,-5.38,1.3506,1787653740763.552,False,,,3,OP1,C3_WIFI_CARGA_ALTA,N3
,0.304,0.077,0.692,0.048,,1787653740792.8445,29.22,15.68,-5.38,1.3496,1787653740796.9622,False,,,3,OP1,C3_WIFI_CARGA_ALTA,N3
,0.304,0.077,0.691,0.048,,1787653740826.3342,29.185,15.68,-5.38,1.3496,1787653740826.3342,False,,,3,OP1,C3_WIFI_CARGA_ALTA,N3
,0.303,0.077,0.69,0.062,,1787653740853.8662,29.15,15.76,-5.38,1.3349,1787653740853.8662,False,,,3,OP1,C3_WIFI_CARGA_ALTA,N3
,0.303,0.077,0.69,0.096,,1787653740881.298,29.15,15.76,-5.38,1.2992,1787653740881.298,False,,,3,OP1,C3_WIFI_CARGA_ALTA,N3
,0.299,0.071,0.686,1.0,,1787653740924.734,29.01,16.08,-5.74,0.35,1787653740924.734,False,,,3,OP1,C3_WIFI_CARGA_ALTA,N3
,0.295,0.068,0.685,1.0,,1787653740964.9949,28.975,16.4,-5.92,0.35,1787653740966.0112,False,,,3,OP1,C3_WIFI_CARGA_ALTA,N3
,0.291,0.072,0.687,1.0,,1787653740991.712,29.045,16.72,-5.68,0.35,1787653740991.712,False,,,3,OP1,C3_WIFI_CARGA_ALTA,N3
,0.287,0.096,0.693,1.0,,1787653741049.9175,29.255,17.04,-4.24,0.35,1787653741049.9175,False,,,3,OP1,C3_WIFI_CARGA_ALTA,N3
,0.295,0.154,0.678,1.0,,1787653741095.788,28.73,16.4,-0.76,0.35,1787653741095.788,False,,,3,OP1,C3_WIFI_CARGA_ALTA,N3
,0.3,0.188,0.659,1.0,,1787653741132.6824,28.065,16.0,1.28,0.35,1787653741132.6824,False,,,3,OP1,C3_WIFI_CARGA_ALTA,N3
,0.305,0.221,0.638,1.0,,1787653741158.3313,27.33,15.6,3.26,0.35,1787653741158.3313,False,,,3,OP1,C3_WIFI_CARGA_ALTA,N3
,0.323,0.261,0.59,1.0,,1787653741178.7505,25.65,14.16,5.66,0.35,1787653741178.7505,False,,,3,OP1,C3_WIFI_CARGA_ALTA,N3
,0.336,0.29,0.547,1.0,,1787653741346.1497,24.145,13.12,7.4,0.35,1787653741346.1497,False,,,3,OP1,C3_WIFI_CARGA_ALTA,N3
,0.347,0.358,0.411,1.0,,1787653741367.7925,19.385,12.24,11.48,0.35,1787653741367.7925,False,,,3,OP1,C3_WIFI_CARGA_ALTA,N3
,0.35,0.358,0.394,1.0,,1787653741399.9175,18.79,12.0,11.48,0.35,1787653741400.704,False,,,3,OP1,C3_WIFI_CARGA_ALTA,N3
,0.356,0.358,0.376,1.0,,1787653741431.1238,18.16,11.52,11.48,0.35,1787653741431.1238,False,,,3,OP1,C3_WIFI_CARGA_ALTA,N3
,0.358,0.357,0.368,1.0,,1787653741465.9475,17.88,11.36,11.42,0.35,1787653741465.9475,False,,,3,OP1,C3_WIFI_CARGA_ALTA,N3
,0.361,0.355,0.362,1.0,,1787653741493.1506,17.67,11.12,11.3,0.35,1787653741494.1536,False,,,3,OP1,C3_WIFI_CARGA_ALTA,N3
,0.364,0.354,0.36,1.0,,1787653741515.0393,17.6,10.88,11.24,0.35,1787653741515.0393,False,,,3,OP1,C3_WIFI_CARGA_ALTA,N3
,0.366,0.354,0.358,1.0,,1787653741547.9731,17.53,10.72,11.24,0.35,1787653741547.9731,False,,,3,OP1,C3_WIFI_CARGA_ALTA,N3
,0.368,0.353,0.359,1.0,,1787653741598.2063,17.565,10.56,11.18,0.35,1787653741599.2173,False,,,3,OP1,C3_WIFI_CARGA_ALTA,N3
,0.369,0.353,0.359,1.0,,1787653741632.5813,17.565,10.48,11.18,0.35,1787653741632.5813,False,,,3,OP1,C3_WIFI_CARGA_ALTA,N3
,0.37,0.352,0.361,1.0,,1787653741660.1602,17.635,10.4,11.12,0.35,1787653741661.173,False,,,3,OP1,C3_WIFI_CARGA_ALTA,N3
,0.371,0.35,0.364,1.0,,1787653741682.821,17.74,10.32,11.0,0.35,1787653741682.821,False,,,3,OP1,C3_WIFI_CARGA_ALTA,N3
,0.373,0.348,0.369,1.0,,1787653741713.016,17.915,10.16,10.88,0.35,1787653741717.11,False,,,3,OP1,C3_WIFI_CARGA_ALTA,N3
,0.374,0.347,0.372,1.0,,1787653741733.4148,18.02,10.08,10.82,0.35,1787653741735.629,False,,,3,OP1,C3_WIFI_CARGA_ALTA,N3
,0.375,0.347,0.375,1.0,,1787653741766.869,18.125,10.0,10.82,0.35,1787653741766.869,False,,,3,OP1,C3_WIFI_CARGA_ALTA,N3
,0.376,0.347,0.378,1.0,,1787653741797.059,18.23,9.92,10.82,0.35,1787653741797.059,False,,,3,OP1,C3_WIFI_CARGA_ALTA,N3
,0.378,0.346,0.382,1.0,,1787653741965.953,18.37,9.76,10.76,0.35,1787653741965.953,False,,,3,OP1,C3_WIFI_CARGA_ALTA,N3
,0.389,0.331,0.411,1.0,,1787653741992.7544,19.385,8.88,9.86,0.35,1787653741995.6067,False,,,3,OP1,C3_WIFI_CARGA_ALTA,N3
,0.389,0.33,0.413,1.0,,1787653742019.9722,19.455,8.88,9.8,0.35,1787653742019.9722,False,,,3,OP1,C3_WIFI_CARGA_ALTA,N3
,0.389,0.329,0.414,1.0,,1787653742048.494,19.49,8.88,9.74,0.35,1787653742051.3767,False,,,3,OP1,C3_WIFI_CARGA_ALTA,N3
,0.389,0.329,0.415,1.0,,1787653742073.6755,19.525,8.88,9.74,0.35,1787653742073.6755,False,,,3,OP1,C3_WIFI_CARGA_ALTA,N3
,0.389,0.33,0.416,1.0,,1787653742102.5332,19.56,8.88,9.8,0.35,1787653742103.705,False,,,3,OP1,C3_WIFI_CARGA_ALTA,N3
,0.389,0.331,0.416,1.0,,1787653742132.8374,19.56,8.88,9.86,0.35,1787653742132.8374,False,,,3,OP1,C3_WIFI_CARGA_ALTA,N3
,0.388,0.333,0.417,1.0,,1787653742301.5278,19.595,8.96,9.98,0.35,1787653742302.985,False,,,3,OP1,C3_WIFI_CARGA_ALTA,N3
,0.379,0.354,0.423,1.0,,1787653742467.9631,19.805,9.68,11.24,0.35,1787653742467.9631,False,,,3,OP1,C3_WIFI_CARGA_ALTA,N3
,0.376,0.358,0.431,1.0,,1787653742493.1973,20.085,9.92,11.48,0.35,1787653742497.363,False,,,3,OP1,C3_WIFI_CARGA_ALTA,N3
,0.375,0.358,0.431,1.0,,1787653742545.385,20.085,10.0,11.48,0.35,1787653742547.4006,False,,,3,OP1,C3_WIFI_CARGA_ALTA,N3
,0.375,0.358,0.431,1.0,,1787653742579.0908,20.085,10.0,11.48,0.35,1787653742579.0908,False,,,3,OP1,C3_WIFI_CARGA_ALTA,N3
,0.376,0.358,0.431,1.0,,1787653742636.1028,20.085,9.92,11.48,0.35,1787653742636.1028,False,,,3,OP1,C3_WIFI_CARGA_ALTA,N3
,0.376,0.358,0.431,1.0,,1787653742663.2507,20.085,9.92,11.48,0.35,1787653742663.2507,False,,,3,OP1,C3_WIFI_CARGA_ALTA,N3
,0.376,0.359,0.432,1.0,,1787653742683.4006,20.12,9.92,11.54,0.35,1787653742683.4006,False,,,3,OP1,C3_WIFI_CARGA_ALTA,N3
,0.375,0.359,0.432,1.0,,1787653742708.032,20.12,10.0,11.54,0.35,1787653742712.052,False,,,3,OP1,C3_WIFI_CARGA_ALTA,N3
,0.375,0.359,0.433,1.0,,1787653742747.0024,20.155,10.0,11.54,0.35,1787653742749.0276,False,,,3,OP1,C3_WIFI_CARGA_ALTA,N3
,0.375,0.359,0.435,1.0,,1787653742767.006,20.225,10.0,11.54,0.35,1787653742767.006,False,,,3,OP1,C3_WIFI_CARGA_ALTA,N3
,0.374,0.358,0.436,1.0,,1787653742802.8909,20.26,10.08,11.48,0.35,1787653742802.8909,False,,,3,OP1,C3_WIFI_CARGA_ALTA,N3
,0.373,0.358,0.437,1.0,,1787653742829.582,20.295,10.16,11.48,0.35,1787653742829.582,False,,,3,OP1,C3_WIFI_CARGA_ALTA,N3
,0.371,0.357,0.439,1.0,,1787653742850.425,20.365,10.32,11.42,0.35,1787653742850.425,False,,,3,OP1,C3_WIFI_CARGA_ALTA,N3
,0.37,0.357,0.441,1.0,,1787653742880.4175,20.435,10.4,11.42,0.35,1787653742880.4175,False,,,3,OP1,C3_WIFI_CARGA_ALTA,N3
,0.369,0.356,0.441,1.0,,1787653742913.4414,20.435,10.48,11.36,0.35,1787653742913.4414,False,,,3,OP1,C3_WIFI_CARGA_ALTA,N3
,0.368,0.356,0.442,1.0,,1787653742934.068,20.47,10.56,11.36,0.35,1787653742934.068,False,,,3,OP1,C3_WIFI_CARGA_ALTA,N3
,0.367,0.356,0.441,1.0,,1787653742968.0144,20.435,10.64,11.36,0.35,1787653742968.0144,False,,,3,OP1,C3_WIFI_CARGA_ALTA,N3
,0.366,0.356,0.441,1.0,,1787653742997.7495,20.435,10.72,11.36,0.35,1787653742997.7495,False,,,3,OP1,C3_WIFI_CARGA_ALTA,N3
,0.363,0.356,0.44,1.0,,1787653743161.7285,20.4,10.96,11.36,0.35,1787653743161.7285,False,,,3,OP1,C3_WIFI_CARGA_ALTA,N3
,0.357,0.359,0.449,1.0,,1787653743213.3433,20.715,11.44,11.54,0.35,1787653743215.256,False,,,3,OP1,C3_WIFI_CARGA_ALTA,N3
,0.355,0.359,0.456,1.0,,1787653743248.7605,20.96,11.6,11.54,0.35,1787653743248.7605,False,,,3,OP1,C3_WIFI_CARGA_ALTA,N3
,0.353,0.36,0.472,1.0,,1787653743301.184,21.52,11.76,11.6,0.35,1787653743305.327,False,,,3,OP1,C3_WIFI_CARGA_ALTA,N3
