t_unity_captura,norm_x,norm_y,norm_z,g,t_unity_envio,t_robot_recepcion,x_cm,y_cm,z_cm,t_rad,t_uart_escritura,clamp_activo,rtt_ms,perdida_pct,id_intento,id_operador,condicion_red,nivel_objeto
,0.268,0.13,0.816,0.0,,1787596250846.7952,33.56,18.56,-2.2,1.4,1787596250846.7952,False,,,4,OP1,C1_WIFI_SIN_CARGA,N3
,0.462,0.337,0.716,1.0,,1787596250890.0554,30.06,3.04,10.22,0.35,1787596250890.0554,False,,,4,OP1,C1_WIFI_SIN_CARGA,N3
,0.468,0.354,0.713,1.0,,1787596250915.7715,29.955,2.56,11.24,0.35,1787596250921.0637,False,,,4,OP1,C1_WIFI_SIN_CARGA,N3
,0.469,0.362,0.712,1.0,,1787596250947.2249,29.92,2.48,11.72,0.35,1787596250947.2249,False,,,4,OP1,C1_WIFI_SIN_CARGA,N3
,0.469,0.363,0.713,1.0,,1787596250972.4197,29.955,2.48,11.78,0.35,1787596250972.4197,False,,,4,OP1,C1_WIFI_SIN_CARGA,N3
,0.469,0.364,0.714,1.0,,1787596251004.4607,29.99,2.48,11.84,0.35,1787596251006.2756,False,,,4,OP1,C1_WIFI_SIN_CARGA,N3
,0.468,0.363,0.714,1.0,,1787596251026.3213,29.99,2.56,11.78,0.35,1787596251026.3213,False,,,4,OP1,C1_WIFI_SIN_CARGA,N3
,0.467,0.361,0.715,1.0,,1787596251056.2249,30.025,2.64,11.66,0.35,1787596251056.2249,False,,,4,OP1,C1_WIFI_SIN_CARGA,N3
,0.459,0.354,0.72,1.0,,1787596251105.819,30.2,3.28,11.24,0.35,1787596251115.5032,False,,,4,OP1,C1_WIFI_SIN_CARGA,N3
,0.454,0.349,0.724,1.0,,1787596251139.0784,30.34,3.68,10.94,0.35,1787596251139.0784,False,,,4,OP1,C1_WIFI_SIN_CARGA,N3
,0.449,0.345,0.728,1.0,,1787596251171.0762,30.48,4.08,10.7,0.35,1787596251171.0762,False,,,4,OP1,C1_WIFI_SIN_CARGA,N3
,0.446,0.342,0.73,1.0,,1787596251197.0222,30.55,4.32,10.52,0.35,1787596251197.0222,False,,,4,OP1,C1_WIFI_SIN_CARGA,N3
,0.444,0.339,0.733,1.0,,1787596251222.2185,30.655,4.48,10.34,0.35,1787596251222.2185,False,,,4,OP1,C1_WIFI_SIN_CARGA,N3
,0.443,0.335,0.735,1.0,,1787596251254.0498,30.725,4.56,10.1,0.35,1787596251255.535,False,,,4,OP1,C1_WIFI_SIN_CARGA,N3
,0.444,0.332,0.736,1.0,,1787596251306.2678,30.76,4.48,9.92,0.35,1787596251306.2678,False,,,4,OP1,C1_WIFI_SIN_CARGA,N3
,0.445,0.332,0.736,1.0,,1787596251337.856,30.76,4.4,9.92,0.35,1787596251338.862,False,,,4,OP1,C1_WIFI_SIN_CARGA,N3
,0.447,0.332,0.736,1.0,,1787596251365.5044,30.76,4.24,9.92,0.35,1787596251365.5044,False,,,4,OP1,C1_WIFI_SIN_CARGA,N3
,0.45,0.335,0.736,1.0,,1787596251389.0776,30.76,4.0,10.1,0.35,1787596251389.0776,False,,,4,OP1,C1_WIFI_SIN_CARGA,N3
,0.453,0.338,0.735,1.0,,1787596251421.7117,30.725,3.76,10.28,0.35,1787596251422.249,False,,,4,OP1,C1_WIFI_SIN_CARGA,N3
,0.456,0.341,0.733,1.0,,1787596251446.74,30.655,3.52,10.46,0.35,1787596251446.74,False,,,4,OP1,C1_WIFI_SIN_CARGA,N3
,0.456,0.344,0.732,1.0,,1787596251472.8213,30.62,3.52,10.64,0.35,1787596251472.8213,False,,,4,OP1,C1_WIFI_SIN_CARGA,N3
,0.456,0.347,0.731,1.0,,1787596251497.0222,30.585,3.52,10.82,0.35,1787596251504.2808,False,,,4,OP1,C1_WIFI_SIN_CARGA,N3
,0.454,0.352,0.728,1.0,,1787596251522.3213,30.48,3.68,11.12,0.35,1787596251522.3213,False,,,4,OP1,C1_WIFI_SIN_CARGA,N3
,0.451,0.359,0.725,1.0,,1787596251555.506,30.375,3.92,11.54,0.35,1787596251555.506,False,,,4,OP1,C1_WIFI_SIN_CARGA,N3
,0.449,0.363,0.724,1.0,,1787596251588.568,30.34,4.08,11.78,0.35,1787596251588.568,False,,,4,OP1,C1_WIFI_SIN_CARGA,N3
,0.448,0.364,0.724,1.0,,1787596251614.5144,30.34,4.16,11.84,0.35,1787596251614.5144,False,,,4,OP1,C1_WIFI_SIN_CARGA,N3
,0.448,0.364,0.723,1.0,,1787596251641.2534,30.305,4.16,11.84,0.35,1787596251641.2534,False,,,4,OP1,C1_WIFI_SIN_CARGA,N3
,0.446,0.367,0.724,1.0,,1787596251672.234,30.34,4.32,12.02,0.35,1787596251672.6716,False,,,4,OP1,C1_WIFI_SIN_CARGA,N3
,0.445,0.37,0.723,1.0,,1787596251698.8665,30.305,4.4,12.2,0.35,1787596251698.8665,False,,,4,OP1,C1_WIFI_SIN_CARGA,N3
,0.443,0.375,0.722,1.0,,1787596251724.4136,30.27,4.56,12.5,0.35,1787596251724.4136,False,,,4,OP1,C1_WIFI_SIN_CARGA,N3
,0.441,0.379,0.72,1.0,,1787596251755.1714,30.2,4.72,12.74,0.35,1787596251755.1714,False,,,4,OP1,C1_WIFI_SIN_CARGA,N3
,0.437,0.383,0.716,1.0,,1787596251775.4685,30.06,5.04,12.98,0.35,1787596251775.4685,False,,,4,OP1,C1_WIFI_SIN_CARGA,N3
,0.431,0.387,0.712,1.0,,1787596251809.634,29.92,5.52,13.22,0.35,1787596251809.634,False,,,4,OP1,C1_WIFI_SIN_CARGA,N3
,0.426,0.39,0.707,1.0,,1787596251839.088,29.745,5.92,13.4,0.35,1787596251840.9526,False,,,4,OP1,C1_WIFI_SIN_CARGA,N3
,0.422,0.391,0.704,1.0,,1787596251865.4373,29.64,6.24,13.46,0.35,1787596251865.4373,False,,,4,OP1,C1_WIFI_SIN_CARGA,N3
,0.421,0.392,0.702,1.0,,1787596251888.964,29.57,6.32,13.52,0.35,1787596251888.964,False,,,4,OP1,C1_WIFI_SIN_CARGA,N3
,0.42,0.392,0.698,1.0,,1787596251922.152,29.43,6.4,13.52,0.35,1787596251922.152,False,,,4,OP1,C1_WIFI_SIN_CARGA,N3
,0.418,0.393,0.695,1.0,,1787596251947.0366,29.325,6.56,13.58,0.35,1787596251947.0366,False,,,4,OP1,C1_WIFI_SIN_CARGA,N3
,0.417,0.394,0.691,1.0,,1787596251975.702,29.185,6.64,13.64,0.35,1787596251975.702,False,,,4,OP1,C1_WIFI_SIN_CARGA,N3
,0.415,0.395,0.688,1.0,,1787596252005.3003,29.08,6.8,13.7,0.35,1787596252005.3003,False,,,4,OP1,C1_WIFI_SIN_CARGA,N3
,0.417,0.393,0.681,1.0,,1787596252055.7263,28.835,6.64,13.58,0.35,1787596252055.7263,False,,,4,OP1,C1_WIFI_SIN_CARGA,N3
,0.419,0.389,0.674,1.0,,1787596252088.9375,28.59,6.48,13.34,0.35,1787596252088.9375,False,,,4,OP1,C1_WIFI_SIN_CARGA,N3
,0.43,0.383,0.661,1.0,,1787596252115.2407,28.135,5.6,12.98,0.35,1787596252115.2407,False,,,4,OP1,C1_WIFI_SIN_CARGA,N3
,0.435,0.38,0.648,1.0,,1787596252145.8457,27.68,5.2,12.8,0.35,1787596252146.7676,False,,,4,OP1,C1_WIFI_SIN_CARGA,N3
,0.438,0.38,0.635,1.0,,1787596252172.679,27.225,4.96,12.8,0.35,1787596252172.679,False,,,4,OP1,C1_WIFI_SIN_CARGA,N3
,0.44,0.381,0.622,1.0,,1787596252197.017,26.77,4.8,12.86,0.35,1787596252197.017,False,,,4,OP1,C1_WIFI_SIN_CARGA,N3
,0.441,0.382,0.606,1.0,,1787596252222.3118,26.21,4.72,12.92,0.35,1787596252222.3118,False,,,4,OP1,C1_WIFI_SIN_CARGA,N3
,0.441,0.382,0.594,1.0,,1787596252255.8225,25.79,4.72,12.92,0.35,1787596252255.8225,False,,,4,OP1,C1_WIFI_SIN_CARGA,N3
,0.44,0.381,0.586,1.0,,1787596252280.5747,25.51,4.8,12.86,0.35,1787596252280.5747,False,,,4,OP1,C1_WIFI_SIN_CARGA,N3
,0.44,0.382,0.585,1.0,,1787596252313.3623,25.475,4.8,12.92,0.35,1787596252313.3623,False,,,4,OP1,C1_WIFI_SIN_CARGA,N3
,0.44,0.382,0.584,1.0,,1787596252339.4773,25.44,4.8,12.92,0.35,1787596252339.4773,False,,,4,OP1,C1_WIFI_SIN_CARGA,N3
,0.439,0.383,0.583,1.0,,1787596252365.7856,25.405,4.88,12.98,0.35,1787596252365.7856,False,,,4,OP1,C1_WIFI_SIN_CARGA,N3
,0.438,0.383,0.583,1.0,,1787596252397.0938,25.405,4.96,12.98,0.35,1787596252397.0938,False,,,4,OP1,C1_WIFI_SIN_CARGA,N3
,0.438,0.383,0.583,1.0,,1787596252422.9712,25.405,4.96,12.98,0.35,1787596252422.9712,False,,,4,OP1,C1_WIFI_SIN_CARGA,N3
,0.437,0.383,0.583,1.0,,1787596252447.8953,25.405,5.04,12.98,0.35,1787596252447.8953,False,,,4,OP1,C1_WIFI_SIN_CARGA,N3
,0.437,0.382,0.583,1.0,,1787596252479.5818,25.405,5.04,12.92,0.35,1787596252480.671,False,,,4,OP1,C1_WIFI_SIN_CARGA,N3
,0.438,0.382,0.583,1.0,,1787596252505.8203,25.405,4.96,12.92,0.35,1787596252505.8203,False,,,4,OP1,C1_WIFI_SIN_CARGA,N3
,0.44,0.38,0.583,1.0,,1787596252555.7942,25.405,4.8,12.8,0.35,1787596252555.7942,False,,,4,OP1,C1_WIFI_SIN_CARGA,N3
,0.443,0.379,0.583,1.0,,1787596252589.202,25.405,4.56,12.74,0.35,1787596252589.202,False,,,4,OP1,C1_WIFI_SIN_CARGA,N3
,0.445,0.38,0.582,1.0,,1787596252615.968,25.37,4.4,12.8,0.35,1787596252619.1414,False,,,4,OP1,C1_WIFI_SIN_CARGA,N3
,0.448,0.38,0.581,1.0,,1787596252646.9412,25.335,4.16,12.8,0.35,1787596252646.9412,False,,,4,OP1,C1_WIFI_SIN_CARGA,N3
,0.449,0.38,0.581,1.0,,1787596252672.3982,25.335,4.08,12.8,0.35,1787596252672.3982,False,,,4,OP1,C1_WIFI_SIN_CARGA,N3
,0.45,0.38,0.581,1.0,,1787596252696.8513,25.335,4.0,12.8,0.35,1787596252696.8513,False,,,4,OP1,C1_WIFI_SIN_CARGA,N3
,0.451,0.379,0.58,1.0,,1787596252722.0957,25.3,3.92,12.74,0.35,1787596252722.0957,False,,,4,OP1,C1_WIFI_SIN_CARGA,N3
,0.451,0.379,0.579,1.0,,1787596252756.8535,25.265,3.92,12.74,0.35,1787596252757.8542,False,,,4,OP1,C1_WIFI_SIN_CARGA,N3
,0.451,0.378,0.579,1.0,,1787596252785.9822,25.265,3.92,12.68,0.35,1787596252786.9822,False,,,4,OP1,C1_WIFI_SIN_CARGA,N3
,0.451,0.377,0.579,1.0,,1787596252806.228,25.265,3.92,12.62,0.35,1787596252806.228,False,,,4,OP1,C1_WIFI_SIN_CARGA,N3
,0.451,0.376,0.579,1.0,,1787596252842.4243,25.265,3.92,12.56,0.35,1787596252842.4243,False,,,4,OP1,C1_WIFI_SIN_CARGA,N3
,0.45,0.375,0.579,1.0,,1787596252867.3767,25.265,4.0,12.5,0.35,1787596252867.3767,False,,,4,OP1,C1_WIFI_SIN_CARGA,N3
,0.449,0.375,0.58,1.0,,1787596252897.1433,25.3,4.08,12.5,0.35,1787596252897.1433,False,,,4,OP1,C1_WIFI_SIN_CARGA,N3
,0.447,0.374,0.581,1.0,,1787596252918.291,25.335,4.24,12.44,0.35,1787596252918.291,False,,,4,OP1,C1_WIFI_SIN_CARGA,N3
,0.445,0.374,0.581,1.0,,1787596252947.1035,25.335,4.4,12.44,0.35,1787596252947.1035,False,,,4,OP1,C1_WIFI_SIN_CARGA,N3
,0.443,0.373,0.581,1.0,,1787596252981.1228,25.335,4.56,12.38,0.35,1787596252981.1228,False,,,4,OP1,C1_WIFI_SIN_CARGA,N3
,0.443,0.373,0.581,1.0,,1787596253007.822,25.335,4.56,12.38,0.35,1787596253007.822,False,,,4,OP1,C1_WIFI_SIN_CARGA,N3
,0.442,0.372,0.581,1.0,,1787596253036.089,25.335,4.64,12.32,0.35,1787596253036.089,False,,,4,OP1,C1_WIFI_SIN_CARGA,N3
,0.442,0.371,0.581,1.0,,1787596253062.1897,25.335,4.64,12.26,0.35,1787596253062.1897,False,,,4,OP1,C1_WIFI_SIN_CARGA,N3
,0.442,0.37,0.581,1.0,,1787596253088.1782,25.335,4.64,12.2,0.35,1787596253088.1782,False,,,4,OP1,C1_WIFI_SIN_CARGA,N3
,0.441,0.37,0.581,1.0,,1787596253119.449,25.335,4.72,12.2,0.35,1787596253119.449,False,,,4,OP1,C1_WIFI_SIN_CARGA,N3
,0.441,0.369,0.581,1.0,,1787596253146.6472,25.335,4.72,12.14,0.35,1787596253146.6472,False,,,4,OP1,C1_WIFI_SIN_CARGA,N3
,0.44,0.367,0.579,1.0,,1787596253170.183,25.265,4.8,12.02,0.35,1787596253170.183,False,,,4,OP1,C1_WIFI_SIN_CARGA,N3
,0.439,0.366,0.579,1.0,,1787596253202.2937,25.265,4.88,11.96,0.35,1787596253202.2937,False,,,4,OP1,C1_WIFI_SIN_CARGA,N3
,0.438,0.366,0.579,1.0,,1787596253230.231,25.265,4.96,11.96,0.35,1787596253232.2437,False,,,4,OP1,C1_WIFI_SIN_CARGA,N3
,0.437,0.366,0.579,1.0,,1787596253253.8616,25.265,5.04,11.96,0.35,1787596253253.8616,False,,,4,OP1,C1_WIFI_SIN_CARGA,N3
,0.436,0.366,0.58,1.0,,1787596253286.176,25.3,5.12,11.96,0.35,1787596253287.1758,False,,,4,OP1,C1_WIFI_SIN_CARGA,N3
,0.436,0.366,0.582,1.0,,1787596253314.8062,25.37,5.12,11.96,0.35,1787596253314.8062,False,,,4,OP1,C1_WIFI_SIN_CARGA,N3
,0.435,0.366,0.584,1.0,,1787596253341.6665,25.44,5.2,11.96,0.35,1787596253341.6665,False,,,4,OP1,C1_WIFI_SIN_CARGA,N3
,0.434,0.367,0.585,1.0,,1787596253370.193,25.475,5.28,12.02,0.35,1787596253370.193,False,,,4,OP1,C1_WIFI_SIN_CARGA,N3
,0.433,0.368,0.586,1.0,,1787596253398.5366,25.51,5.36,12.08,0.35,1787596253398.5366,False,,,4,OP1,C1_WIFI_SIN_CARGA,N3
,0.433,0.369,0.587,1.0,,1787596253424.6238,25.545,5.36,12.14,0.35,1787596253424.6238,False,,,4,OP1,C1_WIFI_SIN_CARGA,N3
,0.433,0.369,0.587,1.0,,1787596253454.183,25.545,5.36,12.14,0.35,1787596253454.183,False,,,4,OP1,C1_WIFI_SIN_CARGA,N3
,0.433,0.369,0.587,1.0,,1787596253477.7534,25.545,5.36,12.14,0.35,1787596253482.5947,False,,,4,OP1,C1_WIFI_SIN_CARGA,N3
,0.433,0.369,0.587,1.0,,1787596253504.589,25.545,5.36,12.14,0.35,1787596253504.589,False,,,4,OP1,C1_WIFI_SIN_CARGA,N3
,0.433,0.369,0.586,1.0,,1787596253535.7942,25.51,5.36,12.14,0.35,1787596253535.7942,False,,,4,OP1,C1_WIFI_SIN_CARGA,N3
,0.433,0.369,0.586,1.0,,1787596253564.1682,25.51,5.36,12.14,0.35,1787596253564.1682,False,,,4,OP1,C1_WIFI_SIN_CARGA,N3
,0.433,0.368,0.586,1.0,,1787596253590.486,25.51,5.36,12.08,0.35,1787596253590.486,False,,,4,OP1,C1_WIFI_SIN_CARGA,N3
,0.432,0.368,0.586,1.0,,1787596253617.05,25.51,5.44,12.08,0.35,1787596253622.035,False,,,4,OP1,C1_WIFI_SIN_CARGA,N3
,0.433,0.367,0.586,1.0,,1787596253647.114,25.51,5.36,12.02,0.35,1787596253647.114,False,,,4,OP1,C1_WIFI_SIN_CARGA,N3
,0.433,0.367,0.585,1.0,,1787596253673.1392,25.475,5.36,12.02,0.35,1787596253673.1392,False,,,4,OP1,C1_WIFI_SIN_CARGA,N3
,0.433,0.366,0.585,1.0,,1787596253703.5527,25.475,5.36,11.96,0.35,1787596253703.5527,False,,,4,OP1,C1_WIFI_SIN_CARGA,N3
,0.434,0.365,0.584,1.0,,1787596253730.3972,25.44,5.28,11.9,0.35,1787596253730.3972,False,,,4,OP1,C1_WIFI_SIN_CARGA,N3
,0.434,0.365,0.584,1.0,,1787596253759.4766,25.44,5.28,11.9,0.35,1787596253759.4766,False,,,4,OP1,C1_WIFI_SIN_CARGA,N3
,0.435,0.364,0.583,1.0,,1787596253816.3567,25.405,5.2,11.84,0.35,1787596253816.3567,False,,,4,OP1,C1_WIFI_SIN_CARGA,N3
,0.434,0.364,0.582,1.0,,1787596253842.24,25.37,5.28,11.84,0.35,1787596253842.24,False,,,4,OP1,C1_WIFI_SIN_CARGA,N3
,0.435,0.364,0.582,1.0,,1787596253866.873,25.37,5.2,11.84,0.35,1787596253866.873,False,,,4,OP1,C1_WIFI_SIN_CARGA,N3
,0.435,0.364,0.582,1.0,,1787596253897.0618,25.37,5.2,11.84,0.35,1787596253897.0618,False,,,4,OP1,C1_WIFI_SIN_CARGA,N3
,0.435,0.364,0.582,1.0,,1787596253926.3726,25.37,5.2,11.84,0.35,1787596253926.3726,False,,,4,OP1,C1_WIFI_SIN_CARGA,N3
,0.435,0.364,0.582,1.0,,1787596253946.6704,25.37,5.2,11.84,0.35,1787596253946.6704,False,,,4,OP1,C1_WIFI_SIN_CARGA,N3
,0.436,0.364,0.582,1.0,,1787596253974.8022,25.37,5.12,11.84,0.35,1787596253974.8022,False,,,4,OP1,C1_WIFI_SIN_CARGA,N3
,0.436,0.364,0.582,1.0,,1787596254008.9187,25.37,5.12,11.84,0.35,1787596254008.9187,False,,,4,OP1,C1_WIFI_SIN_CARGA,N3
,0.436,0.365,0.583,1.0,,1787596254065.3047,25.405,5.12,11.9,0.35,1787596254065.3047,False,,,4,OP1,C1_WIFI_SIN_CARGA,N3
,0.436,0.365,0.584,1.0,,1787596254094.1824,25.44,5.12,11.9,0.35,1787596254094.1824,False,,,4,OP1,C1_WIFI_SIN_CARGA,N3
,0.436,0.364,0.585,1.0,,1787596254120.4126,25.475,5.12,11.84,0.35,1787596254120.4126,False,,,4,OP1,C1_WIFI_SIN_CARGA,N3
,0.436,0.363,0.585,1.0,,1787596254146.9795,25.475,5.12,11.78,0.35,1787596254146.9795,False,,,4,OP1,C1_WIFI_SIN_CARGA,N3
,0.436,0.362,0.586,1.0,,1787596254176.3552,25.51,5.12,11.72,0.35,1787596254176.3552,False,,,4,OP1,C1_WIFI_SIN_CARGA,N3
,0.436,0.361,0.586,1.0,,1787596254202.6604,25.51,5.12,11.66,0.35,1787596254202.6604,False,,,4,OP1,C1_WIFI_SIN_CARGA,N3
,0.436,0.36,0.586,1.0,,1787596254228.7554,25.51,5.12,11.6,0.35,1787596254228.7554,False,,,4,OP1,C1_WIFI_SIN_CARGA,N3
,0.437,0.359,0.587,1.0,,1787596254260.7493,25.545,5.04,11.54,0.35,1787596254261.7505,False,,,4,OP1,C1_WIFI_SIN_CARGA,N3
,0.437,0.358,0.587,1.0,,1787596254289.889,25.545,5.04,11.48,0.35,1787596254289.889,False,,,4,OP1,C1_WIFI_SIN_CARGA,N3
,0.437,0.356,0.588,1.0,,1787596254311.83,25.58,5.04,11.36,0.35,1787596254311.83,False,,,4,OP1,C1_WIFI_SIN_CARGA,N3
,0.437,0.354,0.589,1.0,,1787596254345.2644,25.615,5.04,11.24,0.35,1787596254345.2644,False,,,4,OP1,C1_WIFI_SIN_CARGA,N3
,0.437,0.352,0.59,1.0,,1787596254400.4976,25.65,5.04,11.12,0.35,1787596254400.4976,False,,,4,OP1,C1_WIFI_SIN_CARGA,N3
,0.438,0.351,0.591,1.0,,1787596254428.2952,25.685,4.96,11.06,0.35,1787596254428.2952,False,,,4,OP1,C1_WIFI_SIN_CARGA,N3
,0.438,0.351,0.591,1.0,,1787596254456.9604,25.685,4.96,11.06,0.35,1787596254456.9604,False,,,4,OP1,C1_WIFI_SIN_CARGA,N3
,0.438,0.351,0.591,1.0,,1787596254478.9385,25.685,4.96,11.06,0.35,1787596254478.9385,False,,,4,OP1,C1_WIFI_SIN_CARGA,N3
,0.438,0.35,0.592,1.0,,1787596254531.025,25.72,4.96,11.0,0.35,1787596254531.025,False,,,4,OP1,C1_WIFI_SIN_CARGA,N3
,0.438,0.35,0.592,1.0,,1787596254565.9614,25.72,4.96,11.0,0.35,1787596254565.9614,False,,,4,OP1,C1_WIFI_SIN_CARGA,N3
,0.438,0.351,0.593,1.0,,1787596254595.9448,25.755,4.96,11.06,0.35,1787596254595.9448,False,,,4,OP1,C1_WIFI_SIN_CARGA,N3
,0.438,0.351,0.593,1.0,,1787596254621.557,25.755,4.96,11.06,0.35,1787596254624.066,False,,,4,OP1,C1_WIFI_SIN_CARGA,N3
,0.437,0.351,0.594,1.0,,1787596254647.5076,25.79,5.04,11.06,0.35,1787596254647.5076,False,,,4,OP1,C1_WIFI_SIN_CARGA,N3
,0.437,0.351,0.593,1.0,,1787596254674.105,25.755,5.04,11.06,0.35,1787596254680.5898,False,,,4,OP1,C1_WIFI_SIN_CARGA,N3
,0.436,0.351,0.593,1.0,,1787596254707.3057,25.755,5.12,11.06,0.35,1787596254707.3057,False,,,4,OP1,C1_WIFI_SIN_CARGA,N3
,0.436,0.351,0.593,1.0,,1787596254735.2776,25.755,5.12,11.06,0.35,1787596254737.2832,False,,,4,OP1,C1_WIFI_SIN_CARGA,N3
,0.435,0.351,0.592,1.0,,1787596254758.1345,25.72,5.2,11.06,0.35,1787596254763.191,False,,,4,OP1,C1_WIFI_SIN_CARGA,N3
,0.435,0.35,0.592,1.0,,1787596254781.7532,25.72,5.2,11.0,0.35,1787596254781.7532,False,,,4,OP1,C1_WIFI_SIN_CARGA,N3
,0.434,0.35,0.591,1.0,,1787596254818.767,25.685,5.28,11.0,0.35,1787596254818.767,False,,,4,OP1,C1_WIFI_SIN_CARGA,N3
,0.434,0.35,0.59,1.0,,1787596254846.526,25.65,5.28,11.0,0.35,1787596254846.526,False,,,4,OP1,C1_WIFI_SIN_CARGA,N3
,0.434,0.351,0.59,1.0,,1787596254871.3218,25.65,5.28,11.06,0.35,1787596254871.3218,False,,,4,OP1,C1_WIFI_SIN_CARGA,N3
,0.434,0.351,0.589,1.0,,1787596254899.6433,25.615,5.28,11.06,0.35,1787596254899.6433,False,,,4,OP1,C1_WIFI_SIN_CARGA,N3
,0.434,0.353,0.588,1.0,,1787596254957.4417,25.58,5.28,11.18,0.35,1787596254957.4417,False,,,4,OP1,C1_WIFI_SIN_CARGA,N3
,0.435,0.354,0.588,1.0,,1787596254985.2944,25.58,5.2,11.24,0.35,1787596254985.2944,False,,,4,OP1,C1_WIFI_SIN_CARGA,N3
,0.435,0.355,0.587,1.0,,1787596255009.3228,25.545,5.2,11.3,0.35,1787596255009.3228,False,,,4,OP1,C1_WIFI_SIN_CARGA,N3
,0.435,0.356,0.587,1.0,,1787596255037.4812,25.545,5.2,11.36,0.35,1787596255037.4812,False,,,4,OP1,C1_WIFI_SIN_CARGA,N3
,0.435,0.359,0.585,1.0,,1787596255069.3296,25.475,5.2,11.54,0.35,1787596255069.8652,False,,,4,OP1,C1_WIFI_SIN_CARGA,N3
,0.436,0.362,0.584,1.0,,1787596255096.651,25.44,5.12,11.72,0.35,1787596255096.651,False,,,4,OP1,C1_WIFI_SIN_CARGA,N3
,0.436,0.364,0.583,1.0,,1787596255151.9026,25.405,5.12,11.84,0.35,1787596255151.9026,False,,,4,OP1,C1_WIFI_SIN_CARGA,N3
,0.435,0.364,0.582,1.0,,1787596255180.88,25.37,5.2,11.84,0.35,1787596255180.88,False,,,4,OP1,C1_WIFI_SIN_CARGA,N3
,0.435,0.364,0.582,1.0,,1787596255207.3616,25.37,5.2,11.84,0.35,1787596255207.3616,False,,,4,OP1,C1_WIFI_SIN_CARGA,N3
,0.435,0.364,0.582,1.0,,1787596255236.1028,25.37,5.2,11.84,0.35,1787596255236.1028,False,,,4,OP1,C1_WIFI_SIN_CARGA,N3
,0.435,0.364,0.581,1.0,,1787596255262.7666,25.335,5.2,11.84,0.35,1787596255262.7666,False,,,4,OP1,C1_WIFI_SIN_CARGA,N3
,0.435,0.364,0.581,1.0,,1787596255285.314,25.335,5.2,11.84,0.35,1787596255285.314,False,,,4,OP1,C1_WIFI_SIN_CARGA,N3
,0.435,0.363,0.581,1.0,,1787596255319.3018,25.335,5.2,11.78,0.35,1787596255319.3018,False,,,4,OP1,C1_WIFI_SIN_CARGA,N3
,0.435,0.363,0.581,1.0,,1787596255346.7026,25.335,5.2,11.78,0.35,1787596255346.7026,False,,,4,OP1,C1_WIFI_SIN_CARGA,N3
,0.435,0.363,0.581,1.0,,1787596255375.9302,25.335,5.2,11.78,0.35,1787596255375.9302,False,,,4,OP1,C1_WIFI_SIN_CARGA,N3
,0.435,0.363,0.581,1.0,,1787596255402.8604,25.335,5.2,11.78,0.35,1787596255402.8604,False,,,4,OP1,C1_WIFI_SIN_CARGA,N3
,0.435,0.363,0.581,1.0,,1787596255430.6372,25.335,5.2,11.78,0.35,1787596255430.6372,False,,,4,OP1,C1_WIFI_SIN_CARGA,N3
,0.435,0.362,0.581,1.0,,1787596255454.8467,25.335,5.2,11.72,0.35,1787596255454.8467,False,,,4,OP1,C1_WIFI_SIN_CARGA,N3
,0.435,0.362,0.582,1.0,,1787596255483.2683,25.37,5.2,11.72,0.35,1787596255486.9873,False,,,4,OP1,C1_WIFI_SIN_CARGA,N3
,0.436,0.362,0.583,1.0,,1787596255512.663,25.405,5.12,11.72,0.35,1787596255512.663,False,,,4,OP1,C1_WIFI_SIN_CARGA,N3
,0.436,0.361,0.583,1.0,,1787596255537.9531,25.405,5.12,11.66,0.35,1787596255537.9531,False,,,4,OP1,C1_WIFI_SIN_CARGA,N3
,0.436,0.361,0.584,1.0,,1787596255569.4846,25.44,5.12,11.66,0.35,1787596255570.7688,False,,,4,OP1,C1_WIFI_SIN_CARGA,N3
,0.436,0.361,0.585,1.0,,1787596255596.9795,25.475,5.12,11.66,0.35,1787596255596.9795,False,,,4,OP1,C1_WIFI_SIN_CARGA,N3
,0.437,0.361,0.585,1.0,,1787596255623.1355,25.475,5.04,11.66,0.35,1787596255623.1355,False,,,4,OP1,C1_WIFI_SIN_CARGA,N3
,0.437,0.36,0.586,1.0,,1787596255647.0725,25.51,5.04,11.6,0.35,1787596255647.0725,False,,,4,OP1,C1_WIFI_SIN_CARGA,N3
,0.437,0.36,0.585,1.0,,1787596255677.308,25.475,5.04,11.6,0.35,1787596255677.308,False,,,4,OP1,C1_WIFI_SIN_CARGA,N3
,0.437,0.36,0.585,1.0,,1787596255706.4475,25.475,5.04,11.6,0.35,1787596255706.4475,False,,,4,OP1,C1_WIFI_SIN_CARGA,N3
,0.436,0.359,0.586,1.0,,1787596255765.448,25.51,5.12,11.54,0.35,1787596255765.448,False,,,4,OP1,C1_WIFI_SIN_CARGA,N3
,0.436,0.359,0.586,1.0,,1787596255789.4707,25.51,5.12,11.54,0.35,1787596255789.4707,False,,,4,OP1,C1_WIFI_SIN_CARGA,N3
,0.436,0.358,0.587,1.0,,1787596255821.704,25.545,5.12,11.48,0.35,1787596255821.704,False,,,4,OP1,C1_WIFI_SIN_CARGA,N3
,0.435,0.358,0.588,1.0,,1787596255848.334,25.58,5.2,11.48,0.35,1787596255848.334,False,,,4,OP1,C1_WIFI_SIN_CARGA,N3
,0.435,0.358,0.589,1.0,,1787596255874.0654,25.615,5.2,11.48,0.35,1787596255877.1274,False,,,4,OP1,C1_WIFI_SIN_CARGA,N3
,0.435,0.358,0.591,1.0,,1787596255896.7668,25.685,5.2,11.48,0.35,1787596255896.7668,False,,,4,OP1,C1_WIFI_SIN_CARGA,N3
,0.435,0.358,0.593,1.0,,1787596255926.5984,25.755,5.2,11.48,0.35,1787596255926.5984,False,,,4,OP1,C1_WIFI_SIN_CARGA,N3
,0.434,0.358,0.594,1.0,,1787596255957.791,25.79,5.28,11.48,0.35,1787596255957.791,False,,,4,OP1,C1_WIFI_SIN_CARGA,N3
,0.434,0.359,0.596,1.0,,1787596255983.0698,25.86,5.28,11.54,0.35,1787596255983.0698,False,,,4,OP1,C1_WIFI_SIN_CARGA,N3
,0.433,0.359,0.596,1.0,,1787596256013.7644,25.86,5.36,11.54,0.35,1787596256013.7644,False,,,4,OP1,C1_WIFI_SIN_CARGA,N3
,0.433,0.358,0.596,1.0,,1787596256042.8816,25.86,5.36,11.48,0.35,1787596256043.8147,False,,,4,OP1,C1_WIFI_SIN_CARGA,N3
,0.433,0.358,0.596,1.0,,1787596256070.526,25.86,5.36,11.48,0.35,1787596256070.526,False,,,4,OP1,C1_WIFI_SIN_CARGA,N3
,0.433,0.358,0.596,1.0,,1787596256097.1826,25.86,5.36,11.48,0.35,1787596256097.1826,False,,,4,OP1,C1_WIFI_SIN_CARGA,N3
,0.433,0.358,0.596,1.0,,1787596256125.9863,25.86,5.36,11.48,0.35,1787596256126.6553,False,,,4,OP1,C1_WIFI_SIN_CARGA,N3
,0.433,0.357,0.596,1.0,,1787596256148.9487,25.86,5.36,11.42,0.35,1787596256148.9487,False,,,4,OP1,C1_WIFI_SIN_CARGA,N3
,0.433,0.357,0.597,1.0,,1787596256182.2305,25.895,5.36,11.42,0.35,1787596256182.2305,False,,,4,OP1,C1_WIFI_SIN_CARGA,N3
,0.433,0.356,0.597,1.0,,1787596256210.1797,25.895,5.36,11.36,0.35,1787596256210.1797,False,,,4,OP1,C1_WIFI_SIN_CARGA,N3
,0.434,0.355,0.597,1.0,,1787596256263.059,25.895,5.28,11.3,0.35,1787596256263.059,False,,,4,OP1,C1_WIFI_SIN_CARGA,N3
,0.434,0.354,0.597,1.0,,1787596256293.5964,25.895,5.28,11.24,0.35,1787596256293.5964,False,,,4,OP1,C1_WIFI_SIN_CARGA,N3
,0.434,0.354,0.597,1.0,,1787596256319.382,25.895,5.28,11.24,0.35,1787596256319.382,False,,,4,OP1,C1_WIFI_SIN_CARGA,N3
,0.433,0.353,0.596,1.0,,1787596256349.0227,25.86,5.36,11.18,0.35,1787596256349.0227,False,,,4,OP1,C1_WIFI_SIN_CARGA,N3
,0.433,0.352,0.596,1.0,,1787596256377.1665,25.86,5.36,11.12,0.35,1787596256378.1292,False,,,4,OP1,C1_WIFI_SIN_CARGA,N3
,0.432,0.352,0.594,1.0,,1787596256427.8076,25.79,5.44,11.12,0.35,1787596256427.8076,False,,,4,OP1,C1_WIFI_SIN_CARGA,N3
,0.432,0.351,0.593,1.0,,1787596256451.2295,25.755,5.44,11.06,0.35,1787596256451.2295,False,,,4,OP1,C1_WIFI_SIN_CARGA,N3
,0.431,0.35,0.593,1.0,,1787596256478.967,25.755,5.52,11.0,0.35,1787596256478.967,False,,,4,OP1,C1_WIFI_SIN_CARGA,N3
,0.431,0.35,0.592,1.0,,1787596256512.8716,25.72,5.52,11.0,0.35,1787596256512.8716,False,,,4,OP1,C1_WIFI_SIN_CARGA,N3
,0.431,0.349,0.591,1.0,,1787596256544.5647,25.685,5.52,10.94,0.35,1787596256544.5647,False,,,4,OP1,C1_WIFI_SIN_CARGA,N3
,0.431,0.349,0.589,1.0,,1787596256599.287,25.615,5.52,10.94,0.35,1787596256599.287,False,,,4,OP1,C1_WIFI_SIN_CARGA,N3
,0.431,0.349,0.589,1.0,,1787596256653.7874,25.615,5.52,10.94,0.35,1787596256653.7874,False,,,4,OP1,C1_WIFI_SIN_CARGA,N3
,0.431,0.349,0.589,1.0,,1787596256681.061,25.615,5.52,10.94,0.35,1787596256681.061,False,,,4,OP1,C1_WIFI_SIN_CARGA,N3
,0.431,0.349,0.589,1.0,,1787596256711.7903,25.615,5.52,10.94,0.35,1787596256712.7964,False,,,4,OP1,C1_WIFI_SIN_CARGA,N3
,0.431,0.349,0.589,1.0,,1787596256731.827,25.615,5.52,10.94,0.35,1787596256731.827,False,,,4,OP1,C1_WIFI_SIN_CARGA,N3
,0.432,0.348,0.589,1.0,,1787596256766.765,25.615,5.44,10.88,0.35,1787596256766.765,False,,,4,OP1,C1_WIFI_SIN_CARGA,N3
,0.432,0.347,0.589,1.0,,1787596256823.1724,25.615,5.44,10.82,0.35,1787596256824.5466,False,,,4,OP1,C1_WIFI_SIN_CARGA,N3
,0.432,0.346,0.59,1.0,,1787596256847.0872,25.65,5.44,10.76,0.35,1787596256851.7837,False,,,4,OP1,C1_WIFI_SIN_CARGA,N3
,0.432,0.345,0.59,1.0,,1787596256872.9585,25.65,5.44,10.7,0.35,1787596256872.9585,False,,,4,OP1,C1_WIFI_SIN_CARGA,N3
,0.432,0.344,0.59,1.0,,1787596256896.7964,25.65,5.44,10.64,0.35,1787596256896.7964,False,,,4,OP1,C1_WIFI_SIN_CARGA,N3
,0.432,0.344,0.59,1.0,,1787596256927.391,25.65,5.44,10.64,0.35,1787596256927.391,False,,,4,OP1,C1_WIFI_SIN_CARGA,N3
,0.432,0.343,0.59,1.0,,1787596256961.4966,25.65,5.44,10.58,0.35,1787596256961.4966,False,,,4,OP1,C1_WIFI_SIN_CARGA,N3
,0.431,0.343,0.59,1.0,,1787596257015.7876,25.65,5.52,10.58,0.35,1787596257015.7876,False,,,4,OP1,C1_WIFI_SIN_CARGA,N3
,0.43,0.343,0.59,1.0,,1787596257043.6167,25.65,5.6,10.58,0.35,1787596257047.3313,False,,,4,OP1,C1_WIFI_SIN_CARGA,N3
,0.43,0.343,0.59,1.0,,1787596257066.3762,25.65,5.6,10.58,0.35,1787596257066.3762,False,,,4,OP1,C1_WIFI_SIN_CARGA,N3
,0.429,0.343,0.59,1.0,,1787596257097.2078,25.65,5.68,10.58,0.35,1787596257097.2078,False,,,4,OP1,C1_WIFI_SIN_CARGA,N3
,0.429,0.344,0.59,1.0,,1787596257122.734,25.65,5.68,10.64,0.35,1787596257122.734,False,,,4,OP1,C1_WIFI_SIN_CARGA,N3
,0.429,0.345,0.59,1.0,,1787596257149.243,25.65,5.68,10.7,0.35,1787596257159.6577,False,,,4,OP1,C1_WIFI_SIN_CARGA,N3
,0.429,0.345,0.59,1.0,,1787596257178.579,25.65,5.68,10.7,0.35,1787596257178.579,False,,,4,OP1,C1_WIFI_SIN_CARGA,N3
,0.428,0.345,0.59,1.0,,1787596257203.724,25.65,5.76,10.7,0.35,1787596257214.1135,False,,,4,OP1,C1_WIFI_SIN_CARGA,N3
,0.428,0.346,0.59,1.0,,1787596257235.98,25.65,5.76,10.76,0.35,1787596257235.98,False,,,4,OP1,C1_WIFI_SIN_CARGA,N3
,0.428,0.346,0.591,1.0,,1787596257268.8208,25.685,5.76,10.76,0.35,1787596257268.8208,False,,,4,OP1,C1_WIFI_SIN_CARGA,N3
,0.428,0.346,0.59,1.0,,1787596257297.113,25.65,5.76,10.76,0.35,1787596257297.113,False,,,4,OP1,C1_WIFI_SIN_CARGA,N3
,0.428,0.347,0.59,1.0,,1787596257319.5962,25.65,5.76,10.82,0.35,1787596257319.5962,False,,,4,OP1,C1_WIFI_SIN_CARGA,N3
,0.428,0.346,0.59,1.0,,1787596257351.797,25.65,5.76,10.76,0.35,1787596257352.8015,False,,,4,OP1,C1_WIFI_SIN_CARGA,N3
,0.428,0.346,0.589,1.0,,1787596257407.4033,25.615,5.76,10.76,0.35,1787596257408.9966,False,,,4,OP1,C1_WIFI_SIN_CARGA,N3
,0.428,0.345,0.589,1.0,,1787596257437.0452,25.615,5.76,10.7,0.35,1787596257437.0452,False,,,4,OP1,C1_WIFI_SIN_CARGA,N3
,0.428,0.344,0.589,1.0,,1787596257462.7346,25.615,5.76,10.64,0.35,1787596257462.7346,False,,,4,OP1,C1_WIFI_SIN_CARGA,N3
,0.428,0.343,0.588,1.0,,1787596257487.2273,25.58,5.76,10.58,0.35,1787596257487.2273,False,,,4,OP1,C1_WIFI_SIN_CARGA,N3
,0.428,0.342,0.588,1.0,,1787596257518.8074,25.58,5.76,10.52,0.35,1787596257519.813,False,,,4,OP1,C1_WIFI_SIN_CARGA,N3
,0.428,0.341,0.587,1.0,,1787596257547.2522,25.545,5.76,10.46,0.35,1787596257547.2522,False,,,4,OP1,C1_WIFI_SIN_CARGA,N3
,0.428,0.34,0.587,1.0,,1787596257570.0154,25.545,5.76,10.4,0.35,1787596257570.0154,False,,,4,OP1,C1_WIFI_SIN_CARGA,N3
,0.428,0.339,0.587,1.0,,1787596257596.7742,25.545,5.76,10.34,0.35,1787596257603.3088,False,,,4,OP1,C1_WIFI_SIN_CARGA,N3
,0.428,0.338,0.587,1.0,,1787596257628.5935,25.545,5.76,10.28,0.35,1787596257628.5935,False,,,4,OP1,C1_WIFI_SIN_CARGA,N3
,0.429,0.337,0.587,1.0,,1787596257655.6902,25.545,5.68,10.22,0.35,1787596257655.6902,False,,,4,OP1,C1_WIFI_SIN_CARGA,N3
,0.429,0.335,0.588,1.0,,1787596257705.1765,25.58,5.68,10.1,0.35,1787596257705.1765,False,,,4,OP1,C1_WIFI_SIN_CARGA,N3
,0.429,0.334,0.588,1.0,,1787596257738.308,25.58,5.68,10.04,0.35,1787596257738.308,False,,,4,OP1,C1_WIFI_SIN_CARGA,N3
,0.429,0.334,0.587,1.0,,1787596257764.4756,25.545,5.68,10.04,0.35,1787596257764.4756,False,,,4,OP1,C1_WIFI_SIN_CARGA,N3
,0.43,0.333,0.587,1.0,,1787596257797.4004,25.545,5.6,9.98,0.35,1787596257797.4004,False,,,4,OP1,C1_WIFI_SIN_CARGA,N3
,0.43,0.333,0.587,1.0,,1787596257825.8982,25.545,5.6,9.98,0.35,1787596257825.8982,False,,,4,OP1,C1_WIFI_SIN_CARGA,N3
,0.43,0.333,0.588,1.0,,1787596257853.7007,25.58,5.6,9.98,0.35,1787596257853.7007,False,,,4,OP1,C1_WIFI_SIN_CARGA,N3
,0.43,0.334,0.588,1.0,,1787596257907.0808,25.58,5.6,10.04,0.35,1787596257907.0808,False,,,4,OP1,C1_WIFI_SIN_CARGA,N3
,0.43,0.335,0.589,1.0,,1787596257965.5452,25.615,5.6,10.1,0.35,1787596257965.5452,False,,,4,OP1,C1_WIFI_SIN_CARGA,N3
,0.43,0.336,0.59,1.0,,1787596257991.2302,25.65,5.6,10.16,0.35,1787596257994.352,False,,,4,OP1,C1_WIFI_SIN_CARGA,N3
,0.43,0.336,0.591,1.0,,1787596258017.112,25.685,5.6,10.16,0.35,1787596258017.112,False,,,4,OP1,C1_WIFI_SIN_CARGA,N3
,0.431,0.336,0.592,1.0,,1787596258046.9692,25.72,5.52,10.16,0.35,1787596258050.14,False,,,4,OP1,C1_WIFI_SIN_CARGA,N3
,0.431,0.336,0.592,1.0,,1787596258074.9795,25.72,5.52,10.16,0.35,1787596258074.9795,False,,,4,OP1,C1_WIFI_SIN_CARGA,N3
,0.43,0.337,0.593,1.0,,1787596258096.858,25.755,5.6,10.22,0.35,1787596258096.858,False,,,4,OP1,C1_WIFI_SIN_CARGA,N3
,0.43,0.337,0.594,1.0,,1787596258125.5977,25.79,5.6,10.22,0.35,1787596258125.5977,False,,,4,OP1,C1_WIFI_SIN_CARGA,N3
,0.43,0.337,0.594,1.0,,1787596258159.0815,25.79,5.6,10.22,0.35,1787596258160.2688,False,,,4,OP1,C1_WIFI_SIN_CARGA,N3
,0.429,0.336,0.594,1.0,,1787596258209.7175,25.79,5.68,10.16,0.35,1787596258209.7175,False,,,4,OP1,C1_WIFI_SIN_CARGA,N3
,0.428,0.336,0.594,1.0,,1787596258242.817,25.79,5.76,10.16,0.35,1787596258242.817,False,,,4,OP1,C1_WIFI_SIN_CARGA,N3
,0.428,0.336,0.593,1.0,,1787596258269.2163,25.755,5.76,10.16,0.35,1787596258269.2163,False,,,4,OP1,C1_WIFI_SIN_CARGA,N3
,0.427,0.336,0.593,1.0,,1787596258298.957,25.755,5.84,10.16,0.35,1787596258298.957,False,,,4,OP1,C1_WIFI_SIN_CARGA,N3
,0.427,0.335,0.592,1.0,,1787596258326.896,25.72,5.84,10.1,0.35,1787596258327.8936,False,,,4,OP1,C1_WIFI_SIN_CARGA,N3
,0.427,0.335,0.592,1.0,,1787596258350.9807,25.72,5.84,10.1,0.35,1787596258354.8296,False,,,4,OP1,C1_WIFI_SIN_CARGA,N3
,0.427,0.335,0.592,1.0,,1787596258376.946,25.72,5.84,10.1,0.35,1787596258376.946,False,,,4,OP1,C1_WIFI_SIN_CARGA,N3
,0.428,0.335,0.591,1.0,,1787596258409.7046,25.685,5.76,10.1,0.35,1787596258409.7046,False,,,4,OP1,C1_WIFI_SIN_CARGA,N3
,0.428,0.336,0.591,1.0,,1787596258434.958,25.685,5.76,10.16,0.35,1787596258434.958,False,,,4,OP1,C1_WIFI_SIN_CARGA,N3
,0.428,0.337,0.591,1.0,,1787596258465.5896,25.685,5.76,10.22,0.35,1787596258465.5896,False,,,4,OP1,C1_WIFI_SIN_CARGA,N3
,0.428,0.338,0.591,1.0,,1787596258495.234,25.685,5.76,10.28,0.35,1787596258495.5732,False,,,4,OP1,C1_WIFI_SIN_CARGA,N3
,0.43,0.343,0.591,1.0,,1787596258547.135,25.685,5.6,10.58,0.35,1787596258547.135,False,,,4,OP1,C1_WIFI_SIN_CARGA,N3
,0.431,0.346,0.591,1.0,,1787596258570.559,25.685,5.52,10.76,0.35,1787596258578.5864,False,,,4,OP1,C1_WIFI_SIN_CARGA,N3
,0.431,0.349,0.592,1.0,,1787596258603.2273,25.72,5.52,10.94,0.35,1787596258603.2273,False,,,4,OP1,C1_WIFI_SIN_CARGA,N3
,0.43,0.351,0.592,1.0,,1787596258628.389,25.72,5.6,11.06,0.35,1787596258628.389,False,,,4,OP1,C1_WIFI_SIN_CARGA,N3
,0.429,0.354,0.592,1.0,,1787596258660.2068,25.72,5.68,11.24,0.35,1787596258661.4636,False,,,4,OP1,C1_WIFI_SIN_CARGA,N3
,0.426,0.359,0.59,1.0,,1787596258712.3347,25.65,5.92,11.54,0.35,1787596258712.3347,False,,,4,OP1,C1_WIFI_SIN_CARGA,N3
,0.425,0.36,0.589,1.0,,1787596258740.3977,25.615,6.0,11.6,0.35,1787596258746.0132,False,,,4,OP1,C1_WIFI_SIN_CARGA,N3
,0.424,0.36,0.589,1.0,,1787596258772.724,25.615,6.08,11.6,0.35,1787596258772.724,False,,,4,OP1,C1_WIFI_SIN_CARGA,N3
,0.424,0.36,0.589,1.0,,1787596258799.8894,25.615,6.08,11.6,0.35,1787596258799.8894,False,,,4,OP1,C1_WIFI_SIN_CARGA,N3
,0.424,0.36,0.589,1.0,,1787596258823.38,25.615,6.08,11.6,0.35,1787596258828.8298,False,,,4,OP1,C1_WIFI_SIN_CARGA,N3
,0.424,0.36,0.589,1.0,,1787596258851.9124,25.615,6.08,11.6,0.35,1787596258851.9124,False,,,4,OP1,C1_WIFI_SIN_CARGA,N3
,0.424,0.359,0.589,1.0,,1787596258880.8723,25.615,6.08,11.54,0.35,1787596258880.8723,False,,,4,OP1,C1_WIFI_SIN_CARGA,N3
,0.424,0.36,0.588,1.0,,1787596258906.9138,25.58,6.08,11.6,0.35,1787596258906.9138,False,,,4,OP1,C1_WIFI_SIN_CARGA,N3
,0.424,0.36,0.587,1.0,,1787596258936.2292,25.545,6.08,11.6,0.35,1787596258936.2292,False,,,4,OP1,C1_WIFI_SIN_CARGA,N3
,0.423,0.36,0.586,1.0,,1787596258965.7656,25.51,6.16,11.6,0.35,1787596258965.7656,False,,,4,OP1,C1_WIFI_SIN_CARGA,N3
,0.423,0.361,0.585,1.0,,1787596259014.3474,25.475,6.16,11.66,0.35,1787596259014.3474,False,,,4,OP1,C1_WIFI_SIN_CARGA,N3
,0.423,0.361,0.584,1.0,,1787596259048.6167,25.44,6.16,11.66,0.35,1787596259048.6167,False,,,4,OP1,C1_WIFI_SIN_CARGA,N3
,0.424,0.361,0.585,1.0,,1787596259072.1145,25.475,6.08,11.66,0.35,1787596259072.1145,False,,,4,OP1,C1_WIFI_SIN_CARGA,N3
,0.424,0.361,0.585,1.0,,1787596259106.1746,25.475,6.08,11.66,0.35,1787596259106.1746,False,,,4,OP1,C1_WIFI_SIN_CARGA,N3
,0.425,0.361,0.585,1.0,,1787596259133.5388,25.475,6.0,11.66,0.35,1787596259133.5388,False,,,4,OP1,C1_WIFI_SIN_CARGA,N3
,0.425,0.362,0.584,1.0,,1787596259158.7258,25.44,6.0,11.72,0.35,1787596259158.7258,False,,,4,OP1,C1_WIFI_SIN_CARGA,N3
,0.425,0.362,0.584,1.0,,1787596259183.1565,25.44,6.0,11.72,0.35,1787596259183.1565,False,,,4,OP1,C1_WIFI_SIN_CARGA,N3
,0.425,0.363,0.583,1.0,,1787596259208.98,25.405,6.0,11.78,0.35,1787596259217.8018,False,,,4,OP1,C1_WIFI_SIN_CARGA,N3
,0.425,0.364,0.583,1.0,,1787596259246.9043,25.405,6.0,11.84,0.35,1787596259246.9043,False,,,4,OP1,C1_WIFI_SIN_CARGA,N3
,0.425,0.364,0.583,1.0,,1787596259273.3347,25.405,6.0,11.84,0.35,1787596259273.3347,False,,,4,OP1,C1_WIFI_SIN_CARGA,N3
,0.425,0.365,0.583,1.0,,1787596259301.5083,25.405,6.0,11.9,0.35,1787596259301.5083,False,,,4,OP1,C1_WIFI_SIN_CARGA,N3
,0.425,0.367,0.582,1.0,,1787596259355.5278,25.37,6.0,12.02,0.35,1787596259355.5278,False,,,4,OP1,C1_WIFI_SIN_CARGA,N3
,0.425,0.368,0.582,1.0,,1787596259413.2812,25.37,6.0,12.08,0.35,1787596259413.2812,False,,,4,OP1,C1_WIFI_SIN_CARGA,N3
,0.425,0.368,0.582,1.0,,1787596259435.1616,25.37,6.0,12.08,0.35,1787596259435.1616,False,,,4,OP1,C1_WIFI_SIN_CARGA,N3
,0.425,0.368,0.582,1.0,,1787596259467.1309,25.37,6.0,12.08,0.35,1787596259468.9343,False,,,4,OP1,C1_WIFI_SIN_CARGA,N3
,0.425,0.368,0.582,1.0,,1787596259520.3645,25.37,6.0,12.08,0.35,1787596259520.3645,False,,,4,OP1,C1_WIFI_SIN_CARGA,N3
,0.425,0.368,0.581,1.0,,1787596259546.7202,25.335,6.0,12.08,0.35,1787596259546.7202,False,,,4,OP1,C1_WIFI_SIN_CARGA,N3
,0.425,0.368,0.581,1.0,,1787596259577.1626,25.335,6.0,12.08,0.35,1787596259577.1626,False,,,4,OP1,C1_WIFI_SIN_CARGA,N3
,0.425,0.367,0.58,1.0,,1787596259605.6013,25.3,6.0,12.02,0.35,1787596259605.6013,False,,,4,OP1,C1_WIFI_SIN_CARGA,N3
,0.425,0.367,0.579,1.0,,1787596259635.411,25.265,6.0,12.02,0.35,1787596259635.411,False,,,4,OP1,C1_WIFI_SIN_CARGA,N3
,0.425,0.367,0.579,1.0,,1787596259663.9087,25.265,6.0,12.02,0.35,1787596259663.9087,False,,,4,OP1,C1_WIFI_SIN_CARGA,N3
,0.426,0.367,0.578,1.0,,1787596259687.0967,25.23,5.92,12.02,0.35,1787596259687.0967,False,,,4,OP1,C1_WIFI_SIN_CARGA,N3
,0.427,0.367,0.577,1.0,,1787596259713.1953,25.195,5.84,12.02,0.35,1787596259713.1953,False,,,4,OP1,C1_WIFI_SIN_CARGA,N3
,0.427,0.367,0.576,1.0,,1787596259746.71,25.16,5.84,12.02,0.35,1787596259746.71,False,,,4,OP1,C1_WIFI_SIN_CARGA,N3
,0.427,0.367,0.576,1.0,,1787596259774.162,25.16,5.84,12.02,0.35,1787596259776.1687,False,,,4,OP1,C1_WIFI_SIN_CARGA,N3
,0.427,0.368,0.576,1.0,,1787596259797.3845,25.16,5.84,12.08,0.35,1787596259802.7092,False,,,4,OP1,C1_WIFI_SIN_CARGA,N3
,0.428,0.368,0.576,1.0,,1787596259823.2317,25.16,5.76,12.08,0.35,1787596259823.2317,False,,,4,OP1,C1_WIFI_SIN_CARGA,N3
,0.429,0.368,0.576,1.0,,1787596259854.9326,25.16,5.68,12.08,0.35,1787596259854.9326,False,,,4,OP1,C1_WIFI_SIN_CARGA,N3
,0.43,0.369,0.577,1.0,,1787596259877.1882,25.195,5.6,12.14,0.35,1787596259877.1882,False,,,4,OP1,C1_WIFI_SIN_CARGA,N3
,0.432,0.369,0.577,1.0,,1787596259914.5437,25.195,5.44,12.14,0.35,1787596259914.5437,False,,,4,OP1,C1_WIFI_SIN_CARGA,N3
,0.433,0.369,0.576,1.0,,1787596259941.5906,25.16,5.36,12.14,0.35,1787596259941.5906,False,,,4,OP1,C1_WIFI_SIN_CARGA,N3
,0.434,0.37,0.576,1.0,,1787596259965.1145,25.16,5.28,12.2,0.35,1787596259965.1145,False,,,4,OP1,C1_WIFI_SIN_CARGA,N3
,0.434,0.37,0.575,1.0,,1787596259996.718,25.125,5.28,12.2,0.35,1787596259996.718,False,,,4,OP1,C1_WIFI_SIN_CARGA,N3
,0.434,0.37,0.575,1.0,,1787596260024.2324,25.125,5.28,12.2,0.35,1787596260024.2324,False,,,4,OP1,C1_WIFI_SIN_CARGA,N3
,0.434,0.369,0.575,1.0,,1787596260047.2576,25.125,5.28,12.14,0.35,1787596260047.2576,False,,,4,OP1,C1_WIFI_SIN_CARGA,N3
,0.433,0.369,0.575,1.0,,1787596260074.183,25.125,5.36,12.14,0.35,1787596260074.183,False,,,4,OP1,C1_WIFI_SIN_CARGA,N3
,0.432,0.368,0.575,1.0,,1787596260108.1184,25.125,5.44,12.08,0.35,1787596260108.1184,False,,,4,OP1,C1_WIFI_SIN_CARGA,N3
,0.43,0.366,0.575,1.0,,1787596260158.5515,25.125,5.6,11.96,0.35,1787596260166.1355,False,,,4,OP1,C1_WIFI_SIN_CARGA,N3
,0.43,0.364,0.575,1.0,,1787596260191.242,25.125,5.6,11.84,0.35,1787596260191.242,False,,,4,OP1,C1_WIFI_SIN_CARGA,N3
,0.429,0.362,0.575,1.0,,1787596260217.3855,25.125,5.68,11.72,0.35,1787596260217.3855,False,,,4,OP1,C1_WIFI_SIN_CARGA,N3
,0.429,0.362,0.575,1.0,,1787596260247.1802,25.125,5.68,11.72,0.35,1787596260247.1802,False,,,4,OP1,C1_WIFI_SIN_CARGA,N3
,0.427,0.361,0.575,1.0,,1787596260275.119,25.125,5.84,11.66,0.35,1787596260276.216,False,,,4,OP1,C1_WIFI_SIN_CARGA,N3
,0.425,0.36,0.575,1.0,,1787596260297.1626,25.125,6.0,11.6,0.35,1787596260297.1626,False,,,4,OP1,C1_WIFI_SIN_CARGA,N3
,0.425,0.36,0.575,1.0,,1787596260326.4983,25.125,6.0,11.6,0.35,1787596260326.4983,False,,,4,OP1,C1_WIFI_SIN_CARGA,N3
,0.423,0.359,0.575,1.0,,1787596260358.8647,25.125,6.16,11.54,0.35,1787596260358.8647,False,,,4,OP1,C1_WIFI_SIN_CARGA,N3
,0.419,0.359,0.575,1.0,,1787596260382.3413,25.125,6.48,11.54,0.35,1787596260382.3413,False,,,4,OP1,C1_WIFI_SIN_CARGA,N3
,0.414,0.358,0.577,1.0,,1787596260410.314,25.195,6.88,11.48,0.35,1787596260410.314,False,,,4,OP1,C1_WIFI_SIN_CARGA,N3
,0.409,0.357,0.578,1.0,,1787596260442.7893,25.23,7.28,11.42,0.35,1787596260443.817,False,,,4,OP1,C1_WIFI_SIN_CARGA,N3
,0.406,0.355,0.58,1.0,,1787596260470.4604,25.3,7.52,11.3,0.35,1787596260470.4604,False,,,4,OP1,C1_WIFI_SIN_CARGA,N3
,0.403,0.354,0.582,1.0,,1787596260496.8022,25.37,7.76,11.24,0.35,1787596260496.8022,False,,,4,OP1,C1_WIFI_SIN_CARGA,N3
,0.399,0.354,0.584,1.0,,1787596260522.8604,25.44,8.08,11.24,0.35,1787596260527.4814,False,,,4,OP1,C1_WIFI_SIN_CARGA,N3
,0.396,0.354,0.587,1.0,,1787596260553.5298,25.545,8.32,11.24,0.35,1787596260555.546,False,,,4,OP1,C1_WIFI_SIN_CARGA,N3
,0.392,0.354,0.589,1.0,,1787596260581.4954,25.615,8.64,11.24,0.35,1787596260581.4954,False,,,4,OP1,C1_WIFI_SIN_CARGA,N3
,0.378,0.354,0.596,1.0,,1787596260628.479,25.86,9.76,11.24,0.35,1787596260628.479,False,,,4,OP1,C1_WIFI_SIN_CARGA,N3
,0.366,0.353,0.6,1.0,,1787596260662.744,26.0,10.72,11.18,0.35,1787596260662.744,False,,,4,OP1,C1_WIFI_SIN_CARGA,N3
,0.341,0.349,0.615,1.0,,1787596260717.476,26.525,12.72,10.94,0.35,1787596260717.476,False,,,4,OP1,C1_WIFI_SIN_CARGA,N3
,0.326,0.352,0.621,1.0,,1787596260747.0972,26.735,13.92,11.12,0.35,1787596260747.0972,False,,,4,OP1,C1_WIFI_SIN_CARGA,N3
,0.316,0.356,0.626,1.0,,1787596260773.6687,26.91,14.72,11.36,0.35,1787596260773.6687,False,,,4,OP1,C1_WIFI_SIN_CARGA,N3
,0.308,0.359,0.631,1.0,,1787596260797.006,27.085,15.36,11.54,0.35,1787596260797.006,False,,,4,OP1,C1_WIFI_SIN_CARGA,N3
,0.296,0.363,0.645,1.0,,1787596260829.3467,27.575,16.32,11.78,0.35,1787596260829.3467,False,,,4,OP1,C1_WIFI_SIN_CARGA,N3
,0.288,0.365,0.658,1.0,,1787596260856.2017,28.03,16.96,11.9,0.35,1787596260856.2017,False,,,4,OP1,C1_WIFI_SIN_CARGA,N3
,0.283,0.366,0.67,1.0,,1787596260888.4873,28.45,17.36,11.96,0.35,1787596260888.4873,False,,,4,OP1,C1_WIFI_SIN_CARGA,N3
,0.277,0.365,0.676,1.0,,1787596260914.4778,28.66,17.84,11.9,0.35,1787596260914.4778,False,,,4,OP1,C1_WIFI_SIN_CARGA,N3
,0.267,0.364,0.689,1.0,,1787596260963.9128,29.115,18.64,11.84,0.35,1787596260963.9128,False,,,4,OP1,C1_WIFI_SIN_CARGA,N3
,0.264,0.363,0.692,1.0,,1787596260997.4082,29.22,18.88,11.78,0.35,1787596260997.4082,False,,,4,OP1,C1_WIFI_SIN_CARGA,N3
,0.259,0.363,0.699,1.0,,1787596261027.5574,29.465,19.28,11.78,0.35,1787596261027.5574,False,,,4,OP1,C1_WIFI_SIN_CARGA,N3
,0.254,0.363,0.707,1.0,,1787596261056.2683,29.745,19.68,11.78,0.35,1787596261056.2683,False,,,4,OP1,C1_WIFI_SIN_CARGA,N3
,0.248,0.363,0.715,1.0,,1787596261083.5344,30.025,20.16,11.78,0.35,1787596261084.6323,False,,,4,OP1,C1_WIFI_SIN_CARGA,N3
,0.241,0.358,0.738,1.0,,1787596261134.15,30.83,20.72,11.48,0.35,1787596261134.15,False,,,4,OP1,C1_WIFI_SIN_CARGA,N3
,0.239,0.355,0.746,1.0,,1787596261167.2373,31.11,20.88,11.3,0.35,1787596261168.368,False,,,4,OP1,C1_WIFI_SIN_CARGA,N3
,0.237,0.351,0.755,1.0,,1787596261213.5005,31.425,21.04,11.06,0.35,1787596261213.5005,False,,,4,OP1,C1_WIFI_SIN_CARGA,N3
,0.236,0.347,0.761,1.0,,1787596261247.2212,31.635,21.12,10.82,0.35,1787596261247.2212,False,,,4,OP1,C1_WIFI_SIN_CARGA,N3
,0.237,0.345,0.765,1.0,,1787596261269.707,31.775,21.04,10.7,0.35,1787596261269.707,False,,,4,OP1,C1_WIFI_SIN_CARGA,N3
,0.239,0.342,0.768,1.0,,1787596261301.0178,31.88,20.88,10.52,0.35,1787596261301.0178,False,,,4,OP1,C1_WIFI_SIN_CARGA,N3
,0.242,0.338,0.771,1.0,,1787596261333.2542,31.985,20.64,10.28,0.35,1787596261333.2542,False,,,4,OP1,C1_WIFI_SIN_CARGA,N3
,0.248,0.331,0.774,1.0,,1787596261359.4404,32.09,20.16,9.86,0.35,1787596261359.4404,False,,,4,OP1,C1_WIFI_SIN_CARGA,N3
,0.253,0.323,0.777,1.0,,1787596261390.386,32.195,19.76,9.38,0.35,1787596261390.386,False,,,4,OP1,C1_WIFI_SIN_CARGA,N3
,0.258,0.313,0.781,1.0,,1787596261417.4592,32.335,19.36,8.78,0.35,1787596261419.0496,False,,,4,OP1,C1_WIFI_SIN_CARGA,N3
,0.268,0.296,0.787,1.0,,1787596261467.8022,32.545,18.56,7.76,0.35,1787596261467.8022,False,,,4,OP1,C1_WIFI_SIN_CARGA,N3
,0.272,0.292,0.789,1.0,,1787596261497.418,32.615,18.24,7.52,0.35,1787596261497.418,False,,,4,OP1,C1_WIFI_SIN_CARGA,N3
,0.275,0.29,0.788,1.0,,1787596261528.8682,32.58,18.0,7.4,0.35,1787596261528.8682,False,,,4,OP1,C1_WIFI_SIN_CARGA,N3
,0.278,0.287,0.787,1.0,,1787596261557.121,32.545,17.76,7.22,0.35,1787596261557.121,False,,,4,OP1,C1_WIFI_SIN_CARGA,N3
,0.283,0.283,0.787,1.0,,1787596261604.9517,32.545,17.36,6.98,0.35,1787596261604.9517,False,,,4,OP1,C1_WIFI_SIN_CARGA,N3
,0.285,0.28,0.788,1.0,,1787596261636.2234,32.58,17.2,6.8,0.35,1787596261636.2234,False,,,4,OP1,C1_WIFI_SIN_CARGA,N3
,0.286,0.277,0.789,1.0,,1787596261662.933,32.615,17.12,6.62,0.35,1787596261662.933,False,,,4,OP1,C1_WIFI_SIN_CARGA,N3
,0.289,0.274,0.792,1.0,,1787596261695.267,32.72,16.88,6.44,0.35,1787596261695.267,False,,,4,OP1,C1_WIFI_SIN_CARGA,N3
,0.292,0.269,0.795,1.0,,1787596261723.8215,32.825,16.64,6.14,0.35,1787596261723.8215,False,,,4,OP1,C1_WIFI_SIN_CARGA,N3
,0.293,0.263,0.799,1.0,,1787596261747.078,32.965,16.56,5.78,0.35,1787596261747.078,False,,,4,OP1,C1_WIFI_SIN_CARGA,N3
,0.293,0.259,0.801,1.0,,1787596261773.243,33.035,16.56,5.54,0.35,1787596261773.243,False,,,4,OP1,C1_WIFI_SIN_CARGA,N3
,0.292,0.254,0.804,1.0,,1787596261805.386,33.14,16.64,5.24,0.35,1787596261805.386,False,,,4,OP1,C1_WIFI_SIN_CARGA,N3
,0.292,0.25,0.807,1.0,,1787596261830.0298,33.245,16.64,5.0,0.35,1787596261830.0298,False,,,4,OP1,C1_WIFI_SIN_CARGA,N3
,0.292,0.247,0.809,1.0,,1787596261861.9766,33.315,16.64,4.82,0.35,1787596261863.983,False,,,4,OP1,C1_WIFI_SIN_CARGA,N3
,0.292,0.244,0.809,1.0,,1787596261891.0752,33.315,16.64,4.64,0.35,1787596261891.0752,False,,,4,OP1,C1_WIFI_SIN_CARGA,N3
,0.291,0.24,0.812,1.0,,1787596261917.705,33.42,16.72,4.4,0.35,1787596261917.705,False,,,4,OP1,C1_WIFI_SIN_CARGA,N3
,0.291,0.236,0.814,1.0,,1787596261946.8328,33.49,16.72,4.16,0.35,1787596261946.8328,False,,,4,OP1,C1_WIFI_SIN_CARGA,N3
,0.291,0.232,0.815,1.0,,1787596261972.47,33.525,16.72,3.92,0.35,1787596261972.47,False,,,4,OP1,C1_WIFI_SIN_CARGA,N3
,0.291,0.228,0.816,1.0,,1787596261996.8962,33.56,16.72,3.68,0.35,1787596261996.8962,False,,,4,OP1,C1_WIFI_SIN_CARGA,N3
,0.29,0.224,0.817,1.0,,1787596262026.5708,33.595,16.8,3.44,0.35,1787596262026.5708,False,,,4,OP1,C1_WIFI_SIN_CARGA,N3
,0.29,0.22,0.818,1.0,,1787596262058.6929,33.63,16.8,3.2,0.35,1787596262058.6929,False,,,4,OP1,C1_WIFI_SIN_CARGA,N3
,0.288,0.214,0.816,1.0,,1787596262108.3066,33.56,16.96,2.84,0.35,1787596262115.573,False,,,4,OP1,C1_WIFI_SIN_CARGA,N3
,0.286,0.211,0.817,1.0,,1787596262140.0903,33.595,17.12,2.66,0.35,1787596262140.0903,False,,,4,OP1,C1_WIFI_SIN_CARGA,N3
,0.283,0.207,0.818,1.0,,1787596262166.7292,33.63,17.36,2.42,0.35,1787596262166.7292,False,,,4,OP1,C1_WIFI_SIN_CARGA,N3
,0.28,0.203,0.82,1.0,,1787596262197.2632,33.7,17.6,2.18,0.35,1787596262197.2632,False,,,4,OP1,C1_WIFI_SIN_CARGA,N3
,0.277,0.2,0.821,1.0,,1787596262225.5437,33.735,17.84,2.0,0.35,1787596262226.52,False,,,4,OP1,C1_WIFI_SIN_CARGA,N3
,0.273,0.197,0.823,1.0,,1787596262247.196,33.805,18.16,1.82,0.35,1787596262247.196,False,,,4,OP1,C1_WIFI_SIN_CARGA,N3
,0.268,0.195,0.822,1.0,,1787596262275.1,33.77,18.56,1.7,0.35,1787596262275.1,False,,,4,OP1,C1_WIFI_SIN_CARGA,N3
,0.263,0.194,0.822,1.0,,1787596262298.7646,33.77,18.96,1.64,0.35,1787596262309.2654,False,,,4,OP1,C1_WIFI_SIN_CARGA,N3
,0.259,0.193,0.822,1.0,,1787596262334.801,33.77,19.28,1.58,0.35,1787596262336.806,False,,,4,OP1,C1_WIFI_SIN_CARGA,N3
,0.256,0.193,0.823,1.0,,1787596262364.0977,33.805,19.52,1.58,0.35,1787596262364.0977,False,,,4,OP1,C1_WIFI_SIN_CARGA,N3
,0.255,0.193,0.824,1.0,,1787596262391.953,33.84,19.6,1.58,0.35,1787596262394.078,False,,,4,OP1,C1_WIFI_SIN_CARGA,N3
,0.253,0.193,0.825,1.0,,1787596262419.2932,33.875,19.76,1.58,0.35,1787596262419.2932,False,,,4,OP1,C1_WIFI_SIN_CARGA,N3
,0.253,0.192,0.826,1.0,,1787596262447.25,33.91,19.76,1.52,0.35,1787596262447.25,False,,,4,OP1,C1_WIFI_SIN_CARGA,N3
,0.252,0.192,0.828,1.0,,1787596262468.1897,33.98,19.84,1.52,0.35,1787596262468.1897,False,,,4,OP1,C1_WIFI_SIN_CARGA,N3
,0.252,0.191,0.829,1.0,,1787596262502.8994,34.015,19.84,1.46,0.35,1787596262502.8994,False,,,4,OP1,C1_WIFI_SIN_CARGA,N3
,0.252,0.191,0.829,1.0,,1787596262531.2708,34.015,19.84,1.46,0.35,1787596262531.2708,False,,,4,OP1,C1_WIFI_SIN_CARGA,N3
,0.252,0.189,0.83,1.0,,1787596262560.138,34.05,19.84,1.34,0.35,1787596262561.915,False,,,4,OP1,C1_WIFI_SIN_CARGA,N3
,0.252,0.185,0.832,1.0,,1787596262610.712,34.12,19.84,1.1,0.35,1787596262610.712,False,,,4,OP1,C1_WIFI_SIN_CARGA,N3
,0.252,0.184,0.833,1.0,,1787596262633.9072,34.155,19.84,1.04,0.35,1787596262633.9072,False,,,4,OP1,C1_WIFI_SIN_CARGA,N3
,0.252,0.183,0.834,1.0,,1787596262661.1606,34.19,19.84,0.98,0.35,1787596262670.278,False,,,4,OP1,C1_WIFI_SIN_CARGA,N3
,0.252,0.181,0.836,1.0,,1787596262698.6443,34.26,19.84,0.86,0.35,1787596262698.6443,False,,,4,OP1,C1_WIFI_SIN_CARGA,N3
,0.251,0.18,0.837,1.0,,1787596262722.4006,34.295,19.92,0.8,0.35,1787596262722.4006,False,,,4,OP1,C1_WIFI_SIN_CARGA,N3
,0.251,0.18,0.838,1.0,,1787596262746.8103,34.33,19.92,0.8,0.35,1787596262746.8103,False,,,4,OP1,C1_WIFI_SIN_CARGA,N3
,0.25,0.179,0.838,1.0,,1787596262778.1309,34.33,20.0,0.74,0.35,1787596262778.1309,False,,,4,OP1,C1_WIFI_SIN_CARGA,N3
,0.249,0.179,0.839,1.0,,1787596262811.0518,34.365,20.08,0.74,0.35,1787596262811.0518,False,,,4,OP1,C1_WIFI_SIN_CARGA,N3
,0.249,0.179,0.84,1.0,,1787596262836.8718,34.4,20.08,0.74,0.35,1787596262836.8718,False,,,4,OP1,C1_WIFI_SIN_CARGA,N3
,0.247,0.179,0.842,1.0,,1787596262864.558,34.47,20.24,0.74,0.35,1787596262868.0657,False,,,4,OP1,C1_WIFI_SIN_CARGA,N3
,0.245,0.179,0.847,1.0,,1787596262912.1714,34.645,20.4,0.74,0.35,1787596262912.1714,False,,,4,OP1,C1_WIFI_SIN_CARGA,N3
,0.245,0.178,0.849,1.0,,1787596262947.106,34.715,20.4,0.68,0.35,1787596262947.106,False,,,4,OP1,C1_WIFI_SIN_CARGA,N3
,0.246,0.177,0.851,1.0,,1787596262998.2898,34.785,20.32,0.62,0.35,1787596262998.2898,False,,,4,OP1,C1_WIFI_SIN_CARGA,N3
,0.247,0.176,0.852,1.0,,1787596263031.3064,34.82,20.24,0.56,0.35,1787596263031.3064,False,,,4,OP1,C1_WIFI_SIN_CARGA,N3
,0.249,0.174,0.852,1.0,,1787596263060.1033,34.82,20.08,0.44,0.35,1787596263060.1033,False,,,4,OP1,C1_WIFI_SIN_CARGA,N3
,0.251,0.173,0.852,1.0,,1787596263081.5356,34.82,19.92,0.38,0.35,1787596263081.5356,False,,,4,OP1,C1_WIFI_SIN_CARGA,N3
,0.253,0.172,0.852,1.0,,1787596263115.7224,34.82,19.76,0.32,0.35,1787596263115.7224,False,,,4,OP1,C1_WIFI_SIN_CARGA,N3
,0.257,0.169,0.852,1.0,,1787596263166.9604,34.82,19.44,0.14,0.35,1787596263166.9604,False,,,4,OP1,C1_WIFI_SIN_CARGA,N3
,0.258,0.167,0.852,1.0,,1787596263199.2375,34.82,19.36,0.02,0.35,1787596263200.599,False,,,4,OP1,C1_WIFI_SIN_CARGA,N3
,0.259,0.165,0.852,1.0,,1787596263254.7737,34.82,19.28,-0.1,0.35,1787596263256.5005,False,,,4,OP1,C1_WIFI_SIN_CARGA,N3
,0.259,0.164,0.852,1.0,,1787596263283.046,34.82,19.28,-0.16,0.35,1787596263283.046,False,,,4,OP1,C1_WIFI_SIN_CARGA,N3
,0.259,0.162,0.851,1.0,,1787596263333.7383,34.785,19.28,-0.28,0.35,1787596263333.7383,False,,,4,OP1,C1_WIFI_SIN_CARGA,N3
,0.259,0.161,0.85,1.0,,1787596263366.9958,34.75,19.28,-0.34,0.35,1787596263366.9958,False,,,4,OP1,C1_WIFI_SIN_CARGA,N3
,0.258,0.153,0.852,1.0,,1787596263417.284,34.82,19.36,-0.82,0.35,1787596263417.284,False,,,4,OP1,C1_WIFI_SIN_CARGA,N3
,0.258,0.15,0.851,1.0,,1787596263450.2488,34.785,19.36,-1.0,0.35,1787596263450.2488,False,,,4,OP1,C1_WIFI_SIN_CARGA,N3
,0.257,0.146,0.85,1.0,,1787596263471.738,34.75,19.44,-1.24,0.35,1787596263471.738,False,,,4,OP1,C1_WIFI_SIN_CARGA,N3
,0.256,0.14,0.85,1.0,,1787596263504.1584,34.75,19.52,-1.6,0.35,1787596263506.1658,False,,,4,OP1,C1_WIFI_SIN_CARGA,N3
,0.256,0.134,0.849,1.0,,1787596263533.7078,34.715,19.52,-1.96,0.35,1787596263533.7078,False,,,4,OP1,C1_WIFI_SIN_CARGA,N3
,0.256,0.131,0.848,1.0,,1787596263561.722,34.68,19.52,-2.14,0.35,1787596263561.722,False,,,4,OP1,C1_WIFI_SIN_CARGA,N3
,0.256,0.128,0.848,1.0,,1787596263585.0552,34.68,19.52,-2.32,0.35,1787596263585.0552,False,,,4,OP1,C1_WIFI_SIN_CARGA,N3
,0.256,0.126,0.847,1.0,,1787596263611.5542,34.645,19.52,-2.44,0.35,1787596263611.5542,False,,,4,OP1,C1_WIFI_SIN_CARGA,N3
,0.257,0.122,0.847,1.0,,1787596263644.2275,34.645,19.44,-2.68,0.35,1787596263644.2275,False,,,4,OP1,C1_WIFI_SIN_CARGA,N3
,0.257,0.119,0.847,1.0,,1787596263670.1726,34.645,19.44,-2.86,0.35,1787596263670.1726,False,,,4,OP1,C1_WIFI_SIN_CARGA,N3
,0.258,0.115,0.848,1.0,,1787596263696.875,34.68,19.36,-3.1,0.35,1787596263701.5007,False,,,4,OP1,C1_WIFI_SIN_CARGA,N3
,0.26,0.11,0.85,1.0,,1787596263720.157,34.75,19.2,-3.4,0.35,1787596263720.157,False,,,4,OP1,C1_WIFI_SIN_CARGA,N3
,0.26,0.106,0.849,1.0,,1787596263753.9548,34.715,19.2,-3.64,0.35,1787596263753.9548,False,,,4,OP1,C1_WIFI_SIN_CARGA,N3
,0.262,0.099,0.847,1.0,,1787596263805.1582,34.645,19.04,-4.06,0.35,1787596263805.1582,False,,,4,OP1,C1_WIFI_SIN_CARGA,N3
,0.263,0.098,0.847,1.0,,1787596263839.0051,34.645,18.96,-4.12,0.35,1787596263839.0051,False,,,4,OP1,C1_WIFI_SIN_CARGA,N3
,0.264,0.096,0.847,1.0,,1787596263865.2942,34.645,18.88,-4.24,0.35,1787596263865.2942,False,,,4,OP1,C1_WIFI_SIN_CARGA,N3
,0.265,0.094,0.846,1.0,,1787596263889.1067,34.61,18.8,-4.36,0.35,1787596263896.6973,False,,,4,OP1,C1_WIFI_SIN_CARGA,N3
,0.267,0.093,0.845,1.0,,1787596263922.3037,34.575,18.64,-4.42,0.35,1787596263922.3037,False,,,4,OP1,C1_WIFI_SIN_CARGA,N3
,0.268,0.092,0.843,1.0,,1787596263946.9158,34.505,18.56,-4.48,0.35,1787596263946.9158,False,,,4,OP1,C1_WIFI_SIN_CARGA,N3
,0.269,0.09,0.842,1.0,,1787596263975.934,34.47,18.48,-4.6,0.35,1787596263975.934,False,,,4,OP1,C1_WIFI_SIN_CARGA,N3
,0.27,0.089,0.842,1.0,,1787596264006.7954,34.47,18.4,-4.66,0.35,1787596264006.7954,False,,,4,OP1,C1_WIFI_SIN_CARGA,N3
,0.272,0.087,0.84,1.0,,1787596264062.8225,34.4,18.24,-4.78,0.35,1787596264062.8225,False,,,4,OP1,C1_WIFI_SIN_CARGA,N3
,0.273,0.085,0.839,1.0,,1787596264088.2983,34.365,18.16,-4.9,0.35,1787596264088.2983,False,,,4,OP1,C1_WIFI_SIN_CARGA,N3
,0.273,0.085,0.839,1.0,,1787596264115.4412,34.365,18.16,-4.9,0.35,1787596264115.4412,False,,,4,OP1,C1_WIFI_SIN_CARGA,N3
,0.274,0.083,0.838,1.0,,1787596264146.9744,34.33,18.08,-5.02,0.35,1787596264148.9128,False,,,4,OP1,C1_WIFI_SIN_CARGA,N3
,0.275,0.081,0.836,1.0,,1787596264173.551,34.26,18.0,-5.14,0.35,1787596264174.569,False,,,4,OP1,C1_WIFI_SIN_CARGA,N3
,0.275,0.081,0.835,1.0,,1787596264197.136,34.225,18.0,-5.14,0.35,1787596264197.136,False,,,4,OP1,C1_WIFI_SIN_CARGA,N3
,0.275,0.08,0.833,1.0,,1787596264223.3523,34.155,18.0,-5.2,0.35,1787596264223.3523,False,,,4,OP1,C1_WIFI_SIN_CARGA,N3
,0.275,0.078,0.829,1.0,,1787596264257.2903,34.015,18.0,-5.32,0.35,1787596264257.2903,False,,,4,OP1,C1_WIFI_SIN_CARGA,N3
,0.275,0.076,0.824,1.0,,1787596264284.0205,33.84,18.0,-5.44,0.35,1787596264284.0205,False,,,4,OP1,C1_WIFI_SIN_CARGA,N3
,0.275,0.073,0.822,1.0,,1787596264312.7407,33.77,18.0,-5.62,0.35,1787596264312.7407,False,,,4,OP1,C1_WIFI_SIN_CARGA,N3
,0.275,0.071,0.821,1.0,,1787596264340.8242,33.735,18.0,-5.74,0.35,1787596264340.8242,False,,,4,OP1,C1_WIFI_SIN_CARGA,N3
,0.276,0.068,0.82,1.0,,1787596264369.3848,33.7,17.92,-5.92,0.35,1787596264369.3848,False,,,4,OP1,C1_WIFI_SIN_CARGA,N3
,0.276,0.067,0.82,1.0,,1787596264397.119,33.7,17.92,-5.98,0.35,1787596264397.119,False,,,4,OP1,C1_WIFI_SIN_CARGA,N3
,0.276,0.067,0.819,1.0,,1787596264418.1162,33.665,17.92,-5.98,0.35,1787596264426.141,False,,,4,OP1,C1_WIFI_SIN_CARGA,N3
,0.276,0.066,0.819,1.0,,1787596264446.8955,33.665,17.92,-6.04,0.35,1787596264446.8955,False,,,4,OP1,C1_WIFI_SIN_CARGA,N3
,0.277,0.066,0.819,1.0,,1787596264479.7505,33.665,17.84,-6.04,0.35,1787596264481.6873,False,,,4,OP1,C1_WIFI_SIN_CARGA,N3
,0.277,0.066,0.819,1.0,,1787596264526.3914,33.665,17.84,-6.04,0.35,1787596264526.3914,False,,,4,OP1,C1_WIFI_SIN_CARGA,N3
,0.278,0.066,0.819,1.0,,1787596264564.8906,33.665,17.76,-6.04,0.35,1787596264564.8906,False,,,4,OP1,C1_WIFI_SIN_CARGA,N3
,0.278,0.066,0.82,1.0,,1787596264586.7556,33.7,17.76,-6.04,0.35,1787596264586.7556,False,,,4,OP1,C1_WIFI_SIN_CARGA,N3
,0.279,0.067,0.82,1.0,,1787596264611.9795,33.7,17.68,-5.98,0.35,1787596264611.9795,False,,,4,OP1,C1_WIFI_SIN_CARGA,N3
,0.28,0.068,0.82,1.0,,1787596264647.291,33.7,17.6,-5.92,0.35,1787596264647.291,False,,,4,OP1,C1_WIFI_SIN_CARGA,N3
,0.28,0.069,0.821,1.0,,1787596264671.854,33.735,17.6,-5.86,0.35,1787596264677.9446,False,,,4,OP1,C1_WIFI_SIN_CARGA,N3
,0.281,0.07,0.822,1.0,,1787596264697.9463,33.77,17.52,-5.8,0.35,1787596264697.9463,False,,,4,OP1,C1_WIFI_SIN_CARGA,N3
,0.282,0.07,0.823,1.0,,1787596264726.863,33.805,17.44,-5.8,0.35,1787596264726.863,False,,,4,OP1,C1_WIFI_SIN_CARGA,N3
,0.283,0.071,0.823,1.0,,1787596264757.762,33.805,17.36,-5.74,0.35,1787596264757.762,False,,,4,OP1,C1_WIFI_SIN_CARGA,N3
,0.284,0.071,0.823,1.0,,1787596264777.923,33.805,17.28,-5.74,0.35,1787596264777.923,False,,,4,OP1,C1_WIFI_SIN_CARGA,N3
,0.285,0.07,0.823,1.0,,1787596264811.512,33.805,17.2,-5.8,0.35,1787596264811.512,False,,,4,OP1,C1_WIFI_SIN_CARGA,N3
,0.285,0.07,0.824,1.0,,1787596264865.7664,33.84,17.2,-5.8,0.35,1787596264865.7664,False,,,4,OP1,C1_WIFI_SIN_CARGA,N3
,0.284,0.073,0.824,0.857,,1787596264897.667,33.84,17.28,-5.62,0.5002,1787596264897.667,False,,,4,OP1,C1_WIFI_SIN_CARGA,N3
,0.283,0.079,0.823,0.604,,1787596264919.4626,33.805,17.36,-5.26,0.7658,1787596264919.4626,False,,,4,OP1,C1_WIFI_SIN_CARGA,N3
,0.283,0.093,0.822,0.036,,1787596264952.517,33.77,17.36,-4.42,1.3622,1787596264952.517,False,,,4,OP1,C1_WIFI_SIN_CARGA,N3
,0.284,0.1,0.821,0.069,,1787596264981.6726,33.735,17.28,-4.0,1.3276,1787596264981.6726,False,,,4,OP1,C1_WIFI_SIN_CARGA,N3
,0.285,0.104,0.814,0.158,,1787596265028.5872,33.49,17.2,-3.76,1.2341,1787596265028.5872,False,,,4,OP1,C1_WIFI_SIN_CARGA,N3
,0.286,0.105,0.81,0.128,,1787596265065.9497,33.35,17.12,-3.7,1.2656,1787596265065.9497,False,,,4,OP1,C1_WIFI_SIN_CARGA,N3
,0.286,0.107,0.801,0.063,,1787596265115.4685,33.035,17.12,-3.58,1.3338,1787596265115.4685,False,,,4,OP1,C1_WIFI_SIN_CARGA,N3
,0.286,0.107,0.8,0.047,,1787596265147.6577,33.0,17.12,-3.58,1.3506,1787596265147.6577,False,,,4,OP1,C1_WIFI_SIN_CARGA,N3
,0.285,0.107,0.8,0.039,,1787596265174.1038,33.0,17.2,-3.58,1.359,1787596265174.1038,False,,,4,OP1,C1_WIFI_SIN_CARGA,N3
,0.284,0.107,0.801,0.034,,1787596265198.985,33.035,17.28,-3.58,1.3643,1787596265198.985,False,,,4,OP1,C1_WIFI_SIN_CARGA,N3
,0.285,0.106,0.801,0.031,,1787596265231.4846,33.035,17.2,-3.64,1.3674,1787596265231.4846,False,,,4,OP1,C1_WIFI_SIN_CARGA,N3
,0.285,0.106,0.801,0.028,,1787596265257.628,33.035,17.2,-3.64,1.3706,1787596265257.628,False,,,4,OP1,C1_WIFI_SIN_CARGA,N3
,0.285,0.106,0.801,0.026,,1787596265281.1787,33.035,17.2,-3.64,1.3727,1787596265281.1787,False,,,4,OP1,C1_WIFI_SIN_CARGA,N3
,0.285,0.107,0.801,0.024,,1787596265315.4202,33.035,17.2,-3.58,1.3748,1787596265315.4202,False,,,4,OP1,C1_WIFI_SIN_CARGA,N3
,0.285,0.107,0.801,0.023,,1787596265344.1738,33.035,17.2,-3.58,1.3759,1787596265344.1738,False,,,4,OP1,C1_WIFI_SIN_CARGA,N3
,0.285,0.106,0.801,0.023,,1787596265366.6792,33.035,17.2,-3.64,1.3759,1787596265366.6792,False,,,4,OP1,C1_WIFI_SIN_CARGA,N3
,0.285,0.106,0.801,0.022,,1787596265397.0598,33.035,17.2,-3.64,1.3769,1787596265400.0286,False,,,4,OP1,C1_WIFI_SIN_CARGA,N3
,0.285,0.106,0.801,0.022,,1787596265453.3943,33.035,17.2,-3.64,1.3769,1787596265453.3943,False,,,4,OP1,C1_WIFI_SIN_CARGA,N3
,0.285,0.107,0.801,0.021,,1787596265500.9358,33.035,17.2,-3.58,1.378,1787596265511.5544,False,,,4,OP1,C1_WIFI_SIN_CARGA,N3
,0.285,0.107,0.801,0.02,,1787596265537.073,33.035,17.2,-3.58,1.379,1787596265539.0825,False,,,4,OP1,C1_WIFI_SIN_CARGA,N3
,0.285,0.107,0.801,0.019,,1787596265561.1562,33.035,17.2,-3.58,1.38,1787596265566.9487,False,,,4,OP1,C1_WIFI_SIN_CARGA,N3
,0.285,0.108,0.8,0.019,,1787596265586.1516,33.0,17.2,-3.52,1.38,1787596265586.1516,False,,,4,OP1,C1_WIFI_SIN_CARGA,N3
,0.285,0.109,0.799,0.019,,1787596265619.9917,32.965,17.2,-3.46,1.38,1787596265619.9917,False,,,4,OP1,C1_WIFI_SIN_CARGA,N3
,0.285,0.111,0.798,0.019,,1787596265650.1487,32.93,17.2,-3.34,1.38,1787596265650.1487,False,,,4,OP1,C1_WIFI_SIN_CARGA,N3
,0.285,0.11,0.797,0.02,,1787596265670.6377,32.895,17.2,-3.4,1.379,1787596265670.6377,False,,,4,OP1,C1_WIFI_SIN_CARGA,N3
,0.285,0.11,0.797,0.021,,1787596265704.4734,32.895,17.2,-3.4,1.378,1787596265704.4734,False,,,4,OP1,C1_WIFI_SIN_CARGA,N3
,0.285,0.11,0.794,0.022,,1787596265761.1624,32.79,17.2,-3.4,1.3769,1787596265761.1624,False,,,4,OP1,C1_WIFI_SIN_CARGA,N3
,0.285,0.11,0.794,0.022,,1787596265787.3047,32.79,17.2,-3.4,1.3769,1787596265787.3047,False,,,4,OP1,C1_WIFI_SIN_CARGA,N3
,0.285,0.109,0.793,0.022,,1787596265814.027,32.755,17.2,-3.46,1.3769,1787596265814.027,False,,,4,OP1,C1_WIFI_SIN_CARGA,N3
,0.285,0.108,0.792,0.022,,1787596265836.5615,32.72,17.2,-3.52,1.3769,1787596265846.7449,False,,,4,OP1,C1_WIFI_SIN_CARGA,N3
,0.285,0.107,0.792,0.015,,1787596265870.9443,32.72,17.2,-3.58,1.3842,1787596265870.9443,False,,,4,OP1,C1_WIFI_SIN_CARGA,N3
,0.285,0.107,0.793,0.013,,1787596265896.8652,32.755,17.2,-3.58,1.3863,1787596265896.8652,False,,,4,OP1,C1_WIFI_SIN_CARGA,N3
,0.286,0.106,0.793,0.014,,1787596265921.4878,32.755,17.12,-3.64,1.3853,1787596265921.4878,False,,,4,OP1,C1_WIFI_SIN_CARGA,N3
,0.285,0.106,0.793,0.015,,1787596265956.3247,32.755,17.2,-3.64,1.3842,1787596265956.3247,False,,,4,OP1,C1_WIFI_SIN_CARGA,N3
,0.285,0.107,0.794,0.016,,1787596266007.1836,32.79,17.2,-3.58,1.3832,1787596266007.1836,False,,,4,OP1,C1_WIFI_SIN_CARGA,N3
,0.285,0.107,0.795,0.016,,1787596266037.5554,32.825,17.2,-3.58,1.3832,1787596266037.5554,False,,,4,OP1,C1_WIFI_SIN_CARGA,N3
,0.286,0.108,0.797,0.017,,1787596266064.0706,32.895,17.12,-3.52,1.3821,1787596266064.0706,False,,,4,OP1,C1_WIFI_SIN_CARGA,N3
,0.286,0.109,0.798,0.017,,1787596266094.869,32.93,17.12,-3.46,1.3821,1787596266096.8774,False,,,4,OP1,C1_WIFI_SIN_CARGA,N3
,0.287,0.111,0.799,0.018,,1787596266121.2825,32.965,17.04,-3.34,1.3811,1787596266121.2825,False,,,4,OP1,C1_WIFI_SIN_CARGA,N3
,0.287,0.113,0.8,0.019,,1787596266148.2783,33.0,17.04,-3.22,1.38,1787596266148.2783,False,,,4,OP1,C1_WIFI_SIN_CARGA,N3
,0.288,0.115,0.801,0.02,,1787596266172.0864,33.035,16.96,-3.1,1.379,1787596266172.0864,False,,,4,OP1,C1_WIFI_SIN_CARGA,N3
,0.288,0.116,0.801,0.021,,1787596266204.9185,33.035,16.96,-3.04,1.378,1787596266207.879,False,,,4,OP1,C1_WIFI_SIN_CARGA,N3
,0.289,0.118,0.802,0.021,,1787596266227.6184,33.07,16.88,-2.92,1.378,1787596266227.6184,False,,,4,OP1,C1_WIFI_SIN_CARGA,N3
,0.289,0.119,0.802,0.022,,1787596266260.981,33.07,16.88,-2.86,1.3769,1787596266260.981,False,,,4,OP1,C1_WIFI_SIN_CARGA,N3
,0.289,0.12,0.803,0.022,,1787596266289.892,33.105,16.88,-2.8,1.3769,1787596266289.892,False,,,4,OP1,C1_WIFI_SIN_CARGA,N3
,0.289,0.12,0.803,0.022,,1787596266316.724,33.105,16.88,-2.8,1.3769,1787596266316.724,False,,,4,OP1,C1_WIFI_SIN_CARGA,N3
,0.289,0.12,0.803,0.022,,1787596266344.4846,33.105,16.88,-2.8,1.3769,1787596266344.4846,False,,,4,OP1,C1_WIFI_SIN_CARGA,N3
,0.289,0.12,0.804,0.021,,1787596266373.316,33.14,16.88,-2.8,1.378,1787596266373.316,False,,,4,OP1,C1_WIFI_SIN_CARGA,N3
,0.289,0.12,0.803,0.022,,1787596266396.8333,33.105,16.88,-2.8,1.3769,1787596266396.8333,False,,,4,OP1,C1_WIFI_SIN_CARGA,N3
,0.288,0.12,0.802,0.022,,1787596266426.179,33.07,16.96,-2.8,1.3769,1787596266426.179,False,,,4,OP1,C1_WIFI_SIN_CARGA,N3
,0.288,0.12,0.802,0.022,,1787596266457.5366,33.07,16.96,-2.8,1.3769,1787596266457.5366,False,,,4,OP1,C1_WIFI_SIN_CARGA,N3
,0.288,0.121,0.801,0.025,,1787596266509.139,33.035,16.96,-2.74,1.3737,1787596266509.139,False,,,4,OP1,C1_WIFI_SIN_CARGA,N3
,0.288,0.123,0.801,0.028,,1787596266569.0396,33.035,16.96,-2.62,1.3706,1787596266569.0396,False,,,4,OP1,C1_WIFI_SIN_CARGA,N3
,0.289,0.126,0.801,0.029,,1787596266596.814,33.035,16.88,-2.44,1.3695,1787596266596.814,False,,,4,OP1,C1_WIFI_SIN_CARGA,N3
,0.29,0.132,0.8,0.03,,1787596266620.7205,33.0,16.8,-2.08,1.3685,1787596266620.7205,False,,,4,OP1,C1_WIFI_SIN_CARGA,N3
,0.291,0.141,0.799,0.03,,1787596266647.0603,32.965,16.72,-1.54,1.3685,1787596266647.0603,False,,,4,OP1,C1_WIFI_SIN_CARGA,N3
,0.295,0.157,0.796,0.032,,1787596266676.4297,32.86,16.4,-0.58,1.3664,1787596266676.4297,False,,,4,OP1,C1_WIFI_SIN_CARGA,N3
,0.297,0.173,0.796,0.034,,1787596266703.0388,32.86,16.24,0.38,1.3643,1787596266703.0388,False,,,4,OP1,C1_WIFI_SIN_CARGA,N3
,0.298,0.201,0.794,0.035,,1787596266731.074,32.79,16.16,2.06,1.3632,1787596266731.074,False,,,4,OP1,C1_WIFI_SIN_CARGA,N3
,0.3,0.229,0.791,0.034,,1787596266760.5144,32.685,16.0,3.74,1.3643,1787596266760.5144,False,,,4,OP1,C1_WIFI_SIN_CARGA,N3
,0.296,0.257,0.773,0.697,,1787596266812.9478,32.055,16.32,5.42,0.6682,1787596266812.9478,False,,,4,OP1,C1_WIFI_SIN_CARGA,N3
,0.294,0.26,0.766,1.0,,1787596266847.0845,31.81,16.48,5.6,0.35,1787596266847.0845,False,,,4,OP1,C1_WIFI_SIN_CARGA,N3
,0.292,0.257,0.767,1.0,,1787596266869.5942,31.845,16.64,5.42,0.35,1787596266869.5942,False,,,4,OP1,C1_WIFI_SIN_CARGA,N3
,0.29,0.257,0.767,1.0,,1787596266903.1487,31.845,16.8,5.42,0.35,1787596266903.1487,False,,,4,OP1,C1_WIFI_SIN_CARGA,N3
,0.289,0.26,0.769,1.0,,1787596266929.368,31.915,16.88,5.6,0.35,1787596266929.368,False,,,4,OP1,C1_WIFI_SIN_CARGA,N3
,0.293,0.271,0.757,1.0,,1787596266979.792,31.495,16.56,6.26,0.35,1787596266979.792,False,,,4,OP1,C1_WIFI_SIN_CARGA,N3
,0.294,0.291,0.741,1.0,,1787596267013.2588,30.935,16.48,7.46,0.35,1787596267013.2588,False,,,4,OP1,C1_WIFI_SIN_CARGA,N3
,0.294,0.329,0.715,1.0,,1787596267040.071,30.025,16.48,9.74,0.35,1787596267040.071,False,,,4,OP1,C1_WIFI_SIN_CARGA,N3
,0.294,0.358,0.692,1.0,,1787596267068.2893,29.22,16.48,11.48,0.35,1787596267070.2976,False,,,4,OP1,C1_WIFI_SIN_CARGA,N3
,0.294,0.384,0.675,1.0,,1787596267097.028,28.625,16.48,13.04,0.35,1787596267097.028,False,,,4,OP1,C1_WIFI_SIN_CARGA,N3
,0.293,0.409,0.659,1.0,,1787596267123.5786,28.065,16.56,14.54,0.35,1787596267123.5786,False,,,4,OP1,C1_WIFI_SIN_CARGA,N3
,0.297,0.425,0.647,1.0,,1787596267147.3833,27.645,16.24,15.5,0.35,1787596267147.3833,False,,,4,OP1,C1_WIFI_SIN_CARGA,N3
,0.3,0.438,0.635,1.0,,1787596267179.7988,27.225,16.0,16.28,0.35,1787596267179.7988,False,,,4,OP1,C1_WIFI_SIN_CARGA,N3
,0.304,0.45,0.621,1.0,,1787596267208.704,26.735,15.68,17.0,0.35,1787596267208.704,False,,,4,OP1,C1_WIFI_SIN_CARGA,N3
,0.309,0.449,0.618,1.0,,1787596267237.1458,26.63,15.28,16.94,0.35,1787596267237.1458,False,,,4,OP1,C1_WIFI_SIN_CARGA,N3
,0.315,0.448,0.615,1.0,,1787596267264.814,26.525,14.8,16.88,0.35,1787596267265.85,False,,,4,OP1,C1_WIFI_SIN_CARGA,N3
,0.327,0.447,0.612,1.0,,1787596267320.1948,26.42,13.84,16.82,0.35,1787596267320.1948,False,,,4,OP1,C1_WIFI_SIN_CARGA,N3
,0.331,0.446,0.614,1.0,,1787596267346.8645,26.49,13.52,16.76,0.35,1787596267346.8645,False,,,4,OP1,C1_WIFI_SIN_CARGA,N3
,0.333,0.446,0.614,1.0,,1787596267370.9614,26.49,13.36,16.76,0.35,1787596267370.9614,False,,,4,OP1,C1_WIFI_SIN_CARGA,N3
,0.333,0.448,0.611,1.0,,1787596267396.8774,26.385,13.36,16.88,0.35,1787596267396.8774,False,,,4,OP1,C1_WIFI_SIN_CARGA,N3
,0.333,0.458,0.596,1.0,,1787596267431.6863,25.86,13.36,17.48,0.35,1787596267431.6863,False,,,4,OP1,C1_WIFI_SIN_CARGA,N3
,0.334,0.467,0.584,1.0,,1787596267458.0332,25.44,13.28,18.02,0.35,1787596267458.0332,False,,,4,OP1,C1_WIFI_SIN_CARGA,N3
,0.335,0.475,0.575,1.0,,1787596267480.9858,25.125,13.2,18.5,0.35,1787596267480.9858,False,,,4,OP1,C1_WIFI_SIN_CARGA,N3
,0.336,0.482,0.565,1.0,,1787596267507.0627,24.775,13.12,18.92,0.35,1787596267507.0627,False,,,4,OP1,C1_WIFI_SIN_CARGA,N3
,0.338,0.488,0.559,1.0,,1787596267543.0774,24.565,12.96,19.28,0.35,1787596267543.0774,False,,,4,OP1,C1_WIFI_SIN_CARGA,N3
,0.341,0.494,0.553,1.0,,1787596267571.181,24.355,12.72,19.64,0.35,1787596267573.042,False,,,4,OP1,C1_WIFI_SIN_CARGA,N3
,0.35,0.501,0.538,1.0,,1787596267597.0432,23.83,12.0,20.06,0.35,1787596267597.0432,False,,,4,OP1,C1_WIFI_SIN_CARGA,N3
,0.358,0.508,0.521,1.0,,1787596267620.5747,23.235,11.36,20.48,0.35,1787596267620.5747,False,,,4,OP1,C1_WIFI_SIN_CARGA,N3
,0.366,0.514,0.506,1.0,,1787596267646.682,22.71,10.72,20.84,0.35,1787596267646.682,False,,,4,OP1,C1_WIFI_SIN_CARGA,N3
,0.374,0.523,0.477,1.0,,1787596267674.5027,21.695,10.08,21.38,0.35,1787596267674.5027,False,,,4,OP1,C1_WIFI_SIN_CARGA,N3
,0.384,0.526,0.45,1.0,,1787596267710.0657,20.75,9.28,21.56,0.35,1787596267710.6067,False,,,4,OP1,C1_WIFI_SIN_CARGA,N3
,0.388,0.53,0.419,1.0,,1787596267737.516,19.665,8.96,21.8,0.35,1787596267737.516,False,,,4,OP1,C1_WIFI_SIN_CARGA,N3
,0.396,0.536,0.371,1.0,,1787596267794.387,17.985,8.32,22.16,0.35,1787596267794.387,False,,,4,OP1,C1_WIFI_SIN_CARGA,N3
,0.404,0.533,0.359,1.0,,1787596267818.9326,17.565,7.68,21.98,0.35,1787596267824.0425,False,,,4,OP1,C1_WIFI_SIN_CARGA,N3
,0.413,0.529,0.346,1.0,,1787596267846.9077,17.11,6.96,21.74,0.35,1787596267846.9077,False,,,4,OP1,C1_WIFI_SIN_CARGA,N3
,0.419,0.523,0.348,1.0,,1787596267872.2073,17.18,6.48,21.38,0.35,1787596267872.2073,False,,,4,OP1,C1_WIFI_SIN_CARGA,N3
,0.424,0.517,0.338,1.0,,1787596267904.5757,16.83,6.08,21.02,0.35,1787596267904.5757,False,,,4,OP1,C1_WIFI_SIN_CARGA,N3
,0.429,0.511,0.32,1.0,,1787596267930.8816,16.2,5.68,20.66,0.35,1787596267930.8816,False,,,4,OP1,C1_WIFI_SIN_CARGA,N3
,0.423,0.513,0.298,1.0,,1787596267957.4873,15.43,6.16,20.78,0.35,1787596267957.4873,False,,,4,OP1,C1_WIFI_SIN_CARGA,N3
,0.423,0.513,0.298,1.0,,1787596267986.4402,15.43,6.16,20.78,0.35,1787596267986.4402,False,,,4,OP1,C1_WIFI_SIN_CARGA,N3
,0.424,0.513,0.296,1.0,,1787596268013.2812,15.36,6.08,20.78,0.35,1787596268013.2812,False,,,4,OP1,C1_WIFI_SIN_CARGA,N3
,0.435,0.508,0.306,1.0,,1787596268038.4688,15.71,5.2,20.48,0.35,1787596268038.4688,False,,,4,OP1,C1_WIFI_SIN_CARGA,N3
,0.444,0.497,0.314,1.0,,1787596268072.3547,15.99,4.48,19.82,0.35,1787596268072.3547,False,,,4,OP1,C1_WIFI_SIN_CARGA,N3
,0.451,0.485,0.319,1.0,,1787596268097.1365,16.165,3.92,19.1,0.35,1787596268097.1365,False,,,4,OP1,C1_WIFI_SIN_CARGA,N3
,0.457,0.476,0.323,1.0,,1787596268121.37,16.305,3.44,18.56,0.35,1787596268121.37,False,,,4,OP1,C1_WIFI_SIN_CARGA,N3
,0.459,0.475,0.32,1.0,,1787596268154.9526,16.2,3.28,18.5,0.35,1787596268154.9526,False,,,4,OP1,C1_WIFI_SIN_CARGA,N3
,0.46,0.475,0.316,1.0,,1787596268179.9868,16.06,3.2,18.5,0.35,1787596268179.9868,False,,,4,OP1,C1_WIFI_SIN_CARGA,N3
,0.461,0.476,0.311,1.0,,1787596268208.4067,15.885,3.12,18.56,0.35,1787596268208.4067,False,,,4,OP1,C1_WIFI_SIN_CARGA,N3
,0.46,0.474,0.308,1.0,,1787596268239.0586,15.78,3.2,18.44,0.35,1787596268239.0586,False,,,4,OP1,C1_WIFI_SIN_CARGA,N3
,0.459,0.472,0.305,1.0,,1787596268265.5454,15.675,3.28,18.32,0.35,1787596268265.5454,False,,,4,OP1,C1_WIFI_SIN_CARGA,N3
,0.458,0.47,0.301,1.0,,1787596268287.7937,15.535,3.36,18.2,0.35,1787596268287.7937,False,,,4,OP1,C1_WIFI_SIN_CARGA,N3
,0.458,0.469,0.297,1.0,,1787596268322.4536,15.395,3.36,18.14,0.35,1787596268322.4536,False,,,4,OP1,C1_WIFI_SIN_CARGA,N3
,0.459,0.47,0.294,1.0,,1787596268347.13,15.29,3.28,18.2,0.35,1787596268347.13,False,,,4,OP1,C1_WIFI_SIN_CARGA,N3
,0.461,0.47,0.29,1.0,,1787596268377.112,15.15,3.12,18.2,0.35,1787596268377.112,False,,,4,OP1,C1_WIFI_SIN_CARGA,N3
,0.465,0.469,0.285,1.0,,1787596268406.616,14.975,2.8,18.14,0.35,1787596268407.6992,False,,,4,OP1,C1_WIFI_SIN_CARGA,N3
,0.468,0.466,0.276,1.0,,1787596268458.837,14.66,2.56,17.96,0.35,1787596268458.837,False,,,4,OP1,C1_WIFI_SIN_CARGA,N3
,0.469,0.462,0.27,1.0,,1787596268518.4265,14.45,2.48,17.72,0.35,1787596268518.4265,False,,,4,OP1,C1_WIFI_SIN_CARGA,N3
,0.469,0.46,0.266,1.0,,1787596268541.631,14.31,2.48,17.6,0.35,1787596268541.631,False,,,4,OP1,C1_WIFI_SIN_CARGA,N3
,0.469,0.458,0.261,1.0,,1787596268573.4795,14.135,2.48,17.48,0.35,1787596268574.3914,False,,,4,OP1,C1_WIFI_SIN_CARGA,N3
,0.469,0.454,0.26,1.0,,1787596268596.9526,14.1,2.48,17.24,0.35,1787596268596.9526,False,,,4,OP1,C1_WIFI_SIN_CARGA,N3
,0.469,0.451,0.259,1.0,,1787596268623.3752,14.065,2.48,17.06,0.35,1787596268623.3752,False,,,4,OP1,C1_WIFI_SIN_CARGA,N3
,0.469,0.449,0.258,1.0,,1787596268657.7478,14.03,2.48,16.94,0.35,1787596268657.7478,False,,,4,OP1,C1_WIFI_SIN_CARGA,N3
,0.468,0.447,0.258,1.0,,1787596268681.2888,14.03,2.56,16.82,0.35,1787596268681.2888,False,,,4,OP1,C1_WIFI_SIN_CARGA,N3
,0.465,0.447,0.258,1.0,,1787596268713.7363,14.03,2.8,16.82,0.35,1787596268713.7363,False,,,4,OP1,C1_WIFI_SIN_CARGA,N3
,0.454,0.446,0.257,1.0,,1787596268761.5068,13.995,3.68,16.76,0.35,1787596268761.5068,False,,,4,OP1,C1_WIFI_SIN_CARGA,N3
,0.452,0.445,0.257,1.0,,1787596268797.0742,13.995,3.84,16.7,0.35,1787596268797.0742,False,,,4,OP1,C1_WIFI_SIN_CARGA,N3
,0.451,0.443,0.257,1.0,,1787596268823.8047,13.995,3.92,16.58,0.35,1787596268824.2583,False,,,4,OP1,C1_WIFI_SIN_CARGA,N3
,0.449,0.441,0.257,1.0,,1787596268850.9373,13.995,4.08,16.46,0.35,1787596268850.9373,False,,,4,OP1,C1_WIFI_SIN_CARGA,N3
,0.449,0.441,0.256,1.0,,1787596268879.7598,13.96,4.08,16.46,0.35,1787596268879.7598,False,,,4,OP1,C1_WIFI_SIN_CARGA,N3
,0.448,0.44,0.255,1.0,,1787596268907.0828,13.925,4.16,16.4,0.35,1787596268907.589,False,,,4,OP1,C1_WIFI_SIN_CARGA,N3
,0.45,0.438,0.253,1.0,,1787596268961.8977,13.855,4.0,16.28,0.35,1787596268961.8977,False,,,4,OP1,C1_WIFI_SIN_CARGA,N3
,0.452,0.436,0.251,1.0,,1787596268989.558,13.785,3.84,16.16,0.35,1787596268991.5652,False,,,4,OP1,C1_WIFI_SIN_CARGA,N3
,0.454,0.434,0.249,1.0,,1787596269018.6433,13.715,3.68,16.04,0.35,1787596269018.6433,False,,,4,OP1,C1_WIFI_SIN_CARGA,N3
,0.458,0.432,0.245,1.0,,1787596269047.069,13.575,3.36,15.92,0.35,1787596269047.069,False,,,4,OP1,C1_WIFI_SIN_CARGA,N3
,0.462,0.431,0.242,1.0,,1787596269075.2576,13.47,3.04,15.86,0.35,1787596269075.2576,False,,,4,OP1,C1_WIFI_SIN_CARGA,N3
,0.465,0.43,0.24,1.0,,1787596269096.8987,13.4,2.8,15.8,0.35,1787596269105.134,False,,,4,OP1,C1_WIFI_SIN_CARGA,N3
,0.468,0.43,0.238,1.0,,1787596269129.12,13.33,2.56,15.8,0.35,1787596269129.12,False,,,4,OP1,C1_WIFI_SIN_CARGA,N3
,0.471,0.425,0.238,1.0,,1787596269155.3328,13.33,2.32,15.5,0.35,1787596269155.3328,False,,,4,OP1,C1_WIFI_SIN_CARGA,N3
,0.474,0.421,0.236,1.0,,1787596269181.879,13.26,2.08,15.26,0.35,1787596269181.879,False,,,4,OP1,C1_WIFI_SIN_CARGA,N3
,0.476,0.417,0.234,1.0,,1787596269213.838,13.19,1.92,15.02,0.35,1787596269214.838,False,,,4,OP1,C1_WIFI_SIN_CARGA,N3
,0.481,0.409,0.231,1.0,,1787596269268.62,13.085,1.52,14.54,0.35,1787596269268.62,False,,,4,OP1,C1_WIFI_SIN_CARGA,N3
,0.483,0.407,0.231,1.0,,1787596269297.361,13.085,1.36,14.42,0.35,1787596269297.361,False,,,4,OP1,C1_WIFI_SIN_CARGA,N3
,0.487,0.404,0.23,1.0,,1787596269325.4622,13.05,1.04,14.24,0.35,1787596269325.4622,False,,,4,OP1,C1_WIFI_SIN_CARGA,N3
,0.49,0.402,0.229,1.0,,1787596269352.79,13.015,0.8,14.12,0.35,1787596269352.79,False,,,4,OP1,C1_WIFI_SIN_CARGA,N3
,0.493,0.4,0.229,1.0,,1787596269380.329,13.015,0.56,14.0,0.35,1787596269381.4834,False,,,4,OP1,C1_WIFI_SIN_CARGA,N3
,0.495,0.398,0.229,1.0,,1787596269408.5562,13.015,0.4,13.88,0.35,1787596269409.6274,False,,,4,OP1,C1_WIFI_SIN_CARGA,N3
,0.496,0.398,0.229,1.0,,1787596269432.6233,13.015,0.32,13.88,0.35,1787596269432.6233,False,,,4,OP1,C1_WIFI_SIN_CARGA,N3
,0.498,0.396,0.23,1.0,,1787596269464.9575,13.05,0.16,13.76,0.35,1787596269464.9575,False,,,4,OP1,C1_WIFI_SIN_CARGA,N3
,0.5,0.395,0.232,1.0,,1787596269485.9646,13.12,0.0,13.7,0.35,1787596269485.9646,False,,,4,OP1,C1_WIFI_SIN_CARGA,N3
,0.503,0.392,0.234,1.0,,1787596269519.291,13.19,-0.24,13.52,0.35,1787596269521.302,False,,,4,OP1,C1_WIFI_SIN_CARGA,N3
,0.505,0.39,0.235,1.0,,1787596269547.2778,13.225,-0.4,13.4,0.35,1787596269547.2778,False,,,4,OP1,C1_WIFI_SIN_CARGA,N3
,0.506,0.389,0.236,1.0,,1787596269576.8413,13.26,-0.48,13.34,0.35,1787596269579.184,False,,,4,OP1,C1_WIFI_SIN_CARGA,N3
,0.507,0.387,0.238,1.0,,1787596269597.1091,13.33,-0.56,13.22,0.35,1787596269597.1091,False,,,4,OP1,C1_WIFI_SIN_CARGA,N3
,0.509,0.386,0.24,1.0,,1787596269631.652,13.4,-0.72,13.16,0.35,1787596269631.9888,False,,,4,OP1,C1_WIFI_SIN_CARGA,N3
,0.51,0.385,0.241,1.0,,1787596269657.697,13.435,-0.8,13.1,0.35,1787596269657.697,False,,,4,OP1,C1_WIFI_SIN_CARGA,N3
,0.511,0.384,0.243,1.0,,1787596269680.2058,13.505,-0.88,13.04,0.35,1787596269680.2058,False,,,4,OP1,C1_WIFI_SIN_CARGA,N3
,0.511,0.383,0.245,1.0,,1787596269707.3064,13.575,-0.88,12.98,0.35,1787596269707.3064,False,,,4,OP1,C1_WIFI_SIN_CARGA,N3
,0.511,0.381,0.247,1.0,,1787596269740.872,13.645,-0.88,12.86,0.35,1787596269740.872,False,,,4,OP1,C1_WIFI_SIN_CARGA,N3
,0.51,0.379,0.251,1.0,,1787596269762.588,13.785,-0.8,12.74,0.35,1787596269762.588,False,,,4,OP1,C1_WIFI_SIN_CARGA,N3
,0.51,0.378,0.253,1.0,,1787596269797.28,13.855,-0.8,12.68,0.35,1787596269797.28,False,,,4,OP1,C1_WIFI_SIN_CARGA,N3
,0.51,0.377,0.255,1.0,,1787596269819.7715,13.925,-0.8,12.62,0.35,1787596269819.7715,False,,,4,OP1,C1_WIFI_SIN_CARGA,N3
,0.509,0.375,0.257,1.0,,1787596269876.9905,13.995,-0.72,12.5,0.35,1787596269878.936,False,,,4,OP1,C1_WIFI_SIN_CARGA,N3
,0.507,0.374,0.262,1.0,,1787596269907.2844,14.17,-0.56,12.44,0.35,1787596269907.2844,False,,,4,OP1,C1_WIFI_SIN_CARGA,N3
,0.507,0.373,0.263,1.0,,1787596269929.6064,14.205,-0.56,12.38,0.35,1787596269929.6064,False,,,4,OP1,C1_WIFI_SIN_CARGA,N3
,0.506,0.372,0.264,1.0,,1787596269957.6497,14.24,-0.48,12.32,0.35,1787596269957.6497,False,,,4,OP1,C1_WIFI_SIN_CARGA,N3
,0.505,0.372,0.265,1.0,,1787596269984.8513,14.275,-0.4,12.32,0.35,1787596269984.8513,False,,,4,OP1,C1_WIFI_SIN_CARGA,N3
,0.504,0.371,0.266,1.0,,1787596270020.475,14.31,-0.32,12.26,0.35,1787596270020.475,False,,,4,OP1,C1_WIFI_SIN_CARGA,N3
,0.503,0.37,0.267,1.0,,1787596270046.7722,14.345,-0.24,12.2,0.35,1787596270050.3574,False,,,4,OP1,C1_WIFI_SIN_CARGA,N3
,0.503,0.368,0.267,1.0,,1787596270076.6094,14.345,-0.24,12.08,0.35,1787596270076.6094,False,,,4,OP1,C1_WIFI_SIN_CARGA,N3
,0.502,0.367,0.266,1.0,,1787596270097.0088,14.31,-0.16,12.02,0.35,1787596270097.0088,False,,,4,OP1,C1_WIFI_SIN_CARGA,N3
,0.5,0.365,0.265,1.0,,1787596270124.0386,14.275,0.0,11.9,0.35,1787596270124.0386,False,,,4,OP1,C1_WIFI_SIN_CARGA,N3
,0.499,0.363,0.264,1.0,,1787596270160.3796,14.24,0.08,11.78,0.35,1787596270160.3796,False,,,4,OP1,C1_WIFI_SIN_CARGA,N3
,0.498,0.359,0.264,1.0,,1787596270181.7278,14.24,0.16,11.54,0.35,1787596270181.7278,False,,,4,OP1,C1_WIFI_SIN_CARGA,N3
,0.497,0.356,0.263,1.0,,1787596270207.0989,14.205,0.24,11.36,0.35,1787596270207.0989,False,,,4,OP1,C1_WIFI_SIN_CARGA,N3
,0.496,0.353,0.262,1.0,,1787596270236.7478,14.17,0.32,11.18,0.35,1787596270236.7478,False,,,4,OP1,C1_WIFI_SIN_CARGA,N3
,0.496,0.351,0.262,1.0,,1787596270271.2627,14.17,0.32,11.06,0.35,1787596270271.2627,False,,,4,OP1,C1_WIFI_SIN_CARGA,N3
,0.496,0.349,0.261,1.0,,1787596270299.0796,14.135,0.32,10.94,0.35,1787596270299.0796,False,,,4,OP1,C1_WIFI_SIN_CARGA,N3
,0.496,0.348,0.262,1.0,,1787596270327.8826,14.17,0.32,10.88,0.35,1787596270327.8826,False,,,4,OP1,C1_WIFI_SIN_CARGA,N3
,0.496,0.348,0.262,1.0,,1787596270355.0488,14.17,0.32,10.88,0.35,1787596270355.0488,False,,,4,OP1,C1_WIFI_SIN_CARGA,N3
,0.496,0.347,0.262,1.0,,1787596270378.148,14.17,0.32,10.82,0.35,1787596270378.148,False,,,4,OP1,C1_WIFI_SIN_CARGA,N3
,0.496,0.348,0.261,1.0,,1787596270410.1038,14.135,0.32,10.88,0.35,1787596270410.1038,False,,,4,OP1,C1_WIFI_SIN_CARGA,N3
,0.496,0.348,0.261,1.0,,1787596270438.2734,14.135,0.32,10.88,0.35,1787596270438.2734,False,,,4,OP1,C1_WIFI_SIN_CARGA,N3
,0.497,0.348,0.26,1.0,,1787596270463.9722,14.1,0.24,10.88,0.35,1787596270463.9722,False,,,4,OP1,C1_WIFI_SIN_CARGA,N3
,0.497,0.348,0.259,1.0,,1787596270492.6396,14.065,0.24,10.88,0.35,1787596270496.941,False,,,4,OP1,C1_WIFI_SIN_CARGA,N3
,0.498,0.348,0.258,1.0,,1787596270522.181,14.03,0.16,10.88,0.35,1787596270522.762,False,,,4,OP1,C1_WIFI_SIN_CARGA,N3
,0.499,0.348,0.255,1.0,,1787596270578.3142,13.925,0.08,10.88,0.35,1787596270578.3142,False,,,4,OP1,C1_WIFI_SIN_CARGA,N3
,0.5,0.347,0.252,1.0,,1787596270606.4766,13.82,0.0,10.82,0.35,1787596270606.4766,False,,,4,OP1,C1_WIFI_SIN_CARGA,N3
,0.501,0.347,0.25,1.0,,1787596270633.0967,13.75,-0.08,10.82,0.35,1787596270633.0967,False,,,4,OP1,C1_WIFI_SIN_CARGA,N3
,0.502,0.346,0.248,1.0,,1787596270659.772,13.68,-0.16,10.76,0.35,1787596270659.772,False,,,4,OP1,C1_WIFI_SIN_CARGA,N3
,0.504,0.345,0.246,1.0,,1787596270690.1724,13.61,-0.32,10.7,0.35,1787596270691.172,False,,,4,OP1,C1_WIFI_SIN_CARGA,N3
,0.504,0.345,0.245,1.0,,1787596270741.3938,13.575,-0.32,10.7,0.35,1787596270741.3938,False,,,4,OP1,C1_WIFI_SIN_CARGA,N3
,0.504,0.344,0.245,1.0,,1787596270766.5364,13.575,-0.32,10.64,0.35,1787596270766.5364,False,,,4,OP1,C1_WIFI_SIN_CARGA,N3
,0.504,0.343,0.245,1.0,,1787596270796.9692,13.575,-0.32,10.58,0.35,1787596270796.9692,False,,,4,OP1,C1_WIFI_SIN_CARGA,N3
,0.504,0.343,0.244,1.0,,1787596270829.0056,13.54,-0.32,10.58,0.35,1787596270829.0056,False,,,4,OP1,C1_WIFI_SIN_CARGA,N3
,0.504,0.341,0.244,1.0,,1787596270879.4763,13.54,-0.32,10.46,0.35,1787596270879.4763,False,,,4,OP1,C1_WIFI_SIN_CARGA,N3
,0.504,0.34,0.244,1.0,,1787596270909.1687,13.54,-0.32,10.4,0.35,1787596270909.1687,False,,,4,OP1,C1_WIFI_SIN_CARGA,N3
,0.504,0.339,0.243,1.0,,1787596270935.6853,13.505,-0.32,10.34,0.35,1787596270935.6853,False,,,4,OP1,C1_WIFI_SIN_CARGA,N3
,0.504,0.338,0.243,1.0,,1787596270967.4536,13.505,-0.32,10.28,0.35,1787596270967.4536,False,,,4,OP1,C1_WIFI_SIN_CARGA,N3
,0.504,0.338,0.242,1.0,,1787596270996.955,13.47,-0.32,10.28,0.35,1787596270996.955,False,,,4,OP1,C1_WIFI_SIN_CARGA,N3
,0.504,0.338,0.242,1.0,,1787596271021.048,13.47,-0.32,10.28,0.35,1787596271024.9731,False,,,4,OP1,C1_WIFI_SIN_CARGA,N3
,0.505,0.338,0.241,1.0,,1787596271048.475,13.435,-0.4,10.28,0.35,1787596271048.475,False,,,4,OP1,C1_WIFI_SIN_CARGA,N3
,0.505,0.338,0.24,1.0,,1787596271077.7178,13.4,-0.4,10.28,0.35,1787596271080.332,False,,,4,OP1,C1_WIFI_SIN_CARGA,N3
,0.506,0.337,0.239,1.0,,1787596271106.096,13.365,-0.48,10.22,0.35,1787596271106.096,False,,,4,OP1,C1_WIFI_SIN_CARGA,N3
,0.506,0.336,0.237,1.0,,1787596271134.8967,13.295,-0.48,10.16,0.35,1787596271134.8967,False,,,4,OP1,C1_WIFI_SIN_CARGA,N3
,0.506,0.335,0.237,1.0,,1787596271163.3943,13.295,-0.48,10.1,0.35,1787596271163.3943,False,,,4,OP1,C1_WIFI_SIN_CARGA,N3
,0.507,0.334,0.235,1.0,,1787596271212.314,13.225,-0.56,10.04,0.35,1787596271212.314,False,,,4,OP1,C1_WIFI_SIN_CARGA,N3
,0.509,0.332,0.233,1.0,,1787596271246.902,13.155,-0.72,9.92,0.35,1787596271247.5962,False,,,4,OP1,C1_WIFI_SIN_CARGA,N3
,0.509,0.331,0.231,1.0,,1787596271270.1577,13.085,-0.72,9.86,0.35,1787596271270.1577,False,,,4,OP1,C1_WIFI_SIN_CARGA,N3
,0.509,0.331,0.229,1.0,,1787596271301.832,13.015,-0.72,9.86,0.35,1787596271301.832,False,,,4,OP1,C1_WIFI_SIN_CARGA,N3
,0.509,0.331,0.227,1.0,,1787596271330.119,12.945,-0.72,9.86,0.35,1787596271331.1372,False,,,4,OP1,C1_WIFI_SIN_CARGA,N3
,0.51,0.331,0.223,1.0,,1787596271357.748,12.805,-0.8,9.86,0.35,1787596271357.748,False,,,4,OP1,C1_WIFI_SIN_CARGA,N3
,0.51,0.332,0.22,1.0,,1787596271380.704,12.7,-0.8,9.92,0.35,1787596271380.704,False,,,4,OP1,C1_WIFI_SIN_CARGA,N3
,0.51,0.332,0.219,1.0,,1787596271412.9895,12.665,-0.8,9.92,0.35,1787596271412.9895,False,,,4,OP1,C1_WIFI_SIN_CARGA,N3
,0.51,0.333,0.217,1.0,,1787596271468.232,12.595,-0.8,9.98,0.35,1787596271470.2444,False,,,4,OP1,C1_WIFI_SIN_CARGA,N3
,0.511,0.334,0.216,1.0,,1787596271496.1897,12.56,-0.88,10.04,0.35,1787596271497.1904,False,,,4,OP1,C1_WIFI_SIN_CARGA,N3
,0.512,0.334,0.215,1.0,,1787596271546.994,12.525,-0.96,10.04,0.35,1787596271546.994,False,,,4,OP1,C1_WIFI_SIN_CARGA,N3
,0.512,0.333,0.215,1.0,,1787596271580.9175,12.525,-0.96,9.98,0.35,1787596271580.9175,False,,,4,OP1,C1_WIFI_SIN_CARGA,N3
,0.512,0.333,0.214,1.0,,1787596271604.8374,12.49,-0.96,9.98,0.35,1787596271604.8374,False,,,4,OP1,C1_WIFI_SIN_CARGA,N3
,0.512,0.333,0.213,1.0,,1787596271635.7366,12.455,-0.96,9.98,0.35,1787596271635.7366,False,,,4,OP1,C1_WIFI_SIN_CARGA,N3
,0.512,0.333,0.213,1.0,,1787596271664.6426,12.455,-0.96,9.98,0.35,1787596271665.5205,False,,,4,OP1,C1_WIFI_SIN_CARGA,N3
,0.512,0.332,0.213,1.0,,1787596271716.837,12.455,-0.96,9.92,0.35,1787596271716.837,False,,,4,OP1,C1_WIFI_SIN_CARGA,N3
,0.511,0.332,0.213,1.0,,1787596271748.1956,12.455,-0.88,9.92,0.35,1787596271748.1956,False,,,4,OP1,C1_WIFI_SIN_CARGA,N3
,0.511,0.332,0.214,1.0,,1787596271775.6948,12.49,-0.88,9.92,0.35,1787596271775.6948,False,,,4,OP1,C1_WIFI_SIN_CARGA,N3
,0.511,0.331,0.214,1.0,,1787596271804.0952,12.49,-0.88,9.86,0.35,1787596271804.0952,False,,,4,OP1,C1_WIFI_SIN_CARGA,N3
,0.511,0.332,0.215,1.0,,1787596271853.8892,12.525,-0.88,9.92,0.35,1787596271853.8892,False,,,4,OP1,C1_WIFI_SIN_CARGA,N3
,0.511,0.332,0.215,1.0,,1787596271886.3435,12.525,-0.88,9.92,0.35,1787596271886.3435,False,,,4,OP1,C1_WIFI_SIN_CARGA,N3
,0.51,0.332,0.215,1.0,,1787596271911.3306,12.525,-0.8,9.92,0.35,1787596271911.3306,False,,,4,OP1,C1_WIFI_SIN_CARGA,N3
,0.51,0.332,0.215,1.0,,1787596271943.0637,12.525,-0.8,9.92,0.35,1787596271943.0637,False,,,4,OP1,C1_WIFI_SIN_CARGA,N3
,0.51,0.332,0.215,1.0,,1787596271970.551,12.525,-0.8,9.92,0.35,1787596271970.551,False,,,4,OP1,C1_WIFI_SIN_CARGA,N3
,0.509,0.331,0.215,1.0,,1787596271997.1138,12.525,-0.72,9.86,0.35,1787596272000.361,False,,,4,OP1,C1_WIFI_SIN_CARGA,N3
,0.509,0.331,0.215,1.0,,1787596272020.7405,12.525,-0.72,9.86,0.35,1787596272020.7405,False,,,4,OP1,C1_WIFI_SIN_CARGA,N3
,0.508,0.331,0.215,1.0,,1787596272051.5376,12.525,-0.64,9.86,0.35,1787596272051.5376,False,,,4,OP1,C1_WIFI_SIN_CARGA,N3
,0.507,0.33,0.214,1.0,,1787596272082.0889,12.49,-0.56,9.8,0.35,1787596272082.0889,False,,,4,OP1,C1_WIFI_SIN_CARGA,N3
,0.507,0.33,0.214,1.0,,1787596272108.7014,12.49,-0.56,9.8,0.35,1787596272111.0771,False,,,4,OP1,C1_WIFI_SIN_CARGA,N3
,0.506,0.33,0.214,1.0,,1787596272137.6665,12.49,-0.48,9.8,0.35,1787596272137.6665,False,,,4,OP1,C1_WIFI_SIN_CARGA,N3
,0.506,0.329,0.214,1.0,,1787596272164.678,12.49,-0.48,9.74,0.35,1787596272164.678,False,,,4,OP1,C1_WIFI_SIN_CARGA,N3
,0.506,0.33,0.214,1.0,,1787596272188.645,12.49,-0.48,9.8,0.35,1787596272188.645,False,,,4,OP1,C1_WIFI_SIN_CARGA,N3
,0.506,0.33,0.214,1.0,,1787596272218.901,12.49,-0.48,9.8,0.35,1787596272218.901,False,,,4,OP1,C1_WIFI_SIN_CARGA,N3
,0.506,0.329,0.213,1.0,,1787596272246.7097,12.455,-0.48,9.74,0.35,1787596272248.722,False,,,4,OP1,C1_WIFI_SIN_CARGA,N3
,0.506,0.33,0.212,1.0,,1787596272277.379,12.42,-0.48,9.8,0.35,1787596272277.379,False,,,4,OP1,C1_WIFI_SIN_CARGA,N3
,0.505,0.329,0.212,1.0,,1787596272304.8982,12.42,-0.4,9.74,0.35,1787596272304.8982,False,,,4,OP1,C1_WIFI_SIN_CARGA,N3
,0.505,0.329,0.212,1.0,,1787596272359.3977,12.42,-0.4,9.74,0.35,1787596272359.3977,False,,,4,OP1,C1_WIFI_SIN_CARGA,N3
,0.505,0.328,0.212,1.0,,1787596272387.3406,12.42,-0.4,9.68,0.35,1787596272387.3406,False,,,4,OP1,C1_WIFI_SIN_CARGA,N3
,0.505,0.328,0.212,1.0,,1787596272416.2598,12.42,-0.4,9.68,0.35,1787596272416.2598,False,,,4,OP1,C1_WIFI_SIN_CARGA,N3
,0.504,0.328,0.212,1.0,,1787596272445.017,12.42,-0.32,9.68,0.35,1787596272445.017,False,,,4,OP1,C1_WIFI_SIN_CARGA,N3
,0.504,0.327,0.212,1.0,,1787596272467.7896,12.42,-0.32,9.62,0.35,1787596272473.1165,False,,,4,OP1,C1_WIFI_SIN_CARGA,N3
,0.504,0.327,0.212,1.0,,1787596272497.2195,12.42,-0.32,9.62,0.35,1787596272497.2195,False,,,4,OP1,C1_WIFI_SIN_CARGA,N3
,0.504,0.327,0.212,1.0,,1787596272523.4932,12.42,-0.32,9.62,0.35,1787596272523.4932,False,,,4,OP1,C1_WIFI_SIN_CARGA,N3
,0.504,0.326,0.212,1.0,,1787596272550.8655,12.42,-0.32,9.56,0.35,1787596272550.8655,False,,,4,OP1,C1_WIFI_SIN_CARGA,N3
,0.504,0.326,0.212,1.0,,1787596272581.6453,12.42,-0.32,9.56,0.35,1787596272583.1516,False,,,4,OP1,C1_WIFI_SIN_CARGA,N3
,0.504,0.326,0.212,1.0,,1787596272610.421,12.42,-0.32,9.56,0.35,1787596272610.421,False,,,4,OP1,C1_WIFI_SIN_CARGA,N3
,0.504,0.326,0.212,1.0,,1787596272638.4268,12.42,-0.32,9.56,0.35,1787596272639.9448,False,,,4,OP1,C1_WIFI_SIN_CARGA,N3
,0.504,0.325,0.213,1.0,,1787596272666.5884,12.455,-0.32,9.5,0.35,1787596272666.5884,False,,,4,OP1,C1_WIFI_SIN_CARGA,N3
,0.504,0.325,0.213,1.0,,1787596272688.6794,12.455,-0.32,9.5,0.35,1787596272696.73,False,,,4,OP1,C1_WIFI_SIN_CARGA,N3
,0.504,0.325,0.213,1.0,,1787596272717.0852,12.455,-0.32,9.5,0.35,1787596272717.0852,False,,,4,OP1,C1_WIFI_SIN_CARGA,N3
,0.503,0.325,0.213,1.0,,1787596272747.7432,12.455,-0.24,9.5,0.35,1787596272747.7432,False,,,4,OP1,C1_WIFI_SIN_CARGA,N3
,0.503,0.325,0.214,1.0,,1787596272778.1506,12.49,-0.24,9.5,0.35,1787596272778.1506,False,,,4,OP1,C1_WIFI_SIN_CARGA,N3
,0.503,0.324,0.214,1.0,,1787596272825.14,12.49,-0.24,9.44,0.35,1787596272825.14,False,,,4,OP1,C1_WIFI_SIN_CARGA,N3
,0.503,0.324,0.214,1.0,,1787596272858.8008,12.49,-0.24,9.44,0.35,1787596272858.8008,False,,,4,OP1,C1_WIFI_SIN_CARGA,N3
,0.503,0.324,0.215,1.0,,1787596272883.7656,12.525,-0.24,9.44,0.35,1787596272883.7656,False,,,4,OP1,C1_WIFI_SIN_CARGA,N3
,0.504,0.324,0.214,1.0,,1787596272916.3208,12.49,-0.32,9.44,0.35,1787596272916.3208,False,,,4,OP1,C1_WIFI_SIN_CARGA,N3
,0.504,0.324,0.214,1.0,,1787596272944.8706,12.49,-0.32,9.44,0.35,1787596272947.2678,False,,,4,OP1,C1_WIFI_SIN_CARGA,N3
,0.503,0.324,0.213,1.0,,1787596272972.7017,12.455,-0.24,9.44,0.35,1787596272972.7017,False,,,4,OP1,C1_WIFI_SIN_CARGA,N3
,0.503,0.324,0.212,1.0,,1787596272997.0457,12.42,-0.24,9.44,0.35,1787596272997.0457,False,,,4,OP1,C1_WIFI_SIN_CARGA,N3
,0.503,0.324,0.212,1.0,,1787596273027.8987,12.42,-0.24,9.44,0.35,1787596273027.8987,False,,,4,OP1,C1_WIFI_SIN_CARGA,N3
,0.503,0.324,0.212,1.0,,1787596273055.0884,12.42,-0.24,9.44,0.35,1787596273055.0884,False,,,4,OP1,C1_WIFI_SIN_CARGA,N3
,0.503,0.324,0.212,1.0,,1787596273084.2068,12.42,-0.24,9.44,0.35,1787596273084.2068,False,,,4,OP1,C1_WIFI_SIN_CARGA,N3
,0.503,0.324,0.212,1.0,,1787596273112.4138,12.42,-0.24,9.44,0.35,1787596273113.0425,False,,,4,OP1,C1_WIFI_SIN_CARGA,N3
,0.503,0.324,0.214,1.0,,1787596273161.9922,12.49,-0.24,9.44,0.35,1787596273161.9922,False,,,4,OP1,C1_WIFI_SIN_CARGA,N3
,0.504,0.324,0.215,1.0,,1787596273195.2202,12.525,-0.32,9.44,0.35,1787596273196.8513,False,,,4,OP1,C1_WIFI_SIN_CARGA,N3
,0.504,0.323,0.216,1.0,,1787596273221.1309,12.56,-0.32,9.38,0.35,1787596273221.1309,False,,,4,OP1,C1_WIFI_SIN_CARGA,N3
,0.505,0.322,0.217,1.0,,1787596273249.479,12.595,-0.4,9.32,0.35,1787596273251.4875,False,,,4,OP1,C1_WIFI_SIN_CARGA,N3
,0.506,0.322,0.217,1.0,,1787596273279.7122,12.595,-0.48,9.32,0.35,1787596273279.7122,False,,,4,OP1,C1_WIFI_SIN_CARGA,N3
,0.506,0.322,0.218,1.0,,1787596273335.246,12.63,-0.48,9.32,0.35,1787596273336.5474,False,,,4,OP1,C1_WIFI_SIN_CARGA,N3
,0.506,0.322,0.218,1.0,,1787596273362.626,12.63,-0.48,9.32,0.35,1787596273362.626,False,,,4,OP1,C1_WIFI_SIN_CARGA,N3
,0.506,0.322,0.218,1.0,,1787596273384.3953,12.63,-0.48,9.32,0.35,1787596273384.3953,False,,,4,OP1,C1_WIFI_SIN_CARGA,N3
,0.506,0.322,0.218,1.0,,1787596273418.5757,12.63,-0.48,9.32,0.35,1787596273418.5757,False,,,4,OP1,C1_WIFI_SIN_CARGA,N3
,0.506,0.322,0.218,1.0,,1787596273446.6968,12.63,-0.48,9.32,0.35,1787596273448.0415,False,,,4,OP1,C1_WIFI_SIN_CARGA,N3
,0.505,0.323,0.219,1.0,,1787596273497.0828,12.665,-0.4,9.38,0.35,1787596273497.0828,False,,,4,OP1,C1_WIFI_SIN_CARGA,N3
,0.505,0.323,0.219,1.0,,1787596273529.7715,12.665,-0.4,9.38,0.35,1787596273529.7715,False,,,4,OP1,C1_WIFI_SIN_CARGA,N3
,0.505,0.323,0.22,1.0,,1787596273556.655,12.7,-0.4,9.38,0.35,1787596273556.655,False,,,4,OP1,C1_WIFI_SIN_CARGA,N3
,0.505,0.323,0.22,1.0,,1787596273584.5093,12.7,-0.4,9.38,0.35,1787596273586.5374,False,,,4,OP1,C1_WIFI_SIN_CARGA,N3
,0.505,0.323,0.221,1.0,,1787596273613.2375,12.735,-0.4,9.38,0.35,1787596273613.2375,False,,,4,OP1,C1_WIFI_SIN_CARGA,N3
,0.505,0.322,0.221,1.0,,1787596273666.1765,12.735,-0.4,9.32,0.35,1787596273666.1765,False,,,4,OP1,C1_WIFI_SIN_CARGA,N3
,0.505,0.322,0.221,1.0,,1787596273696.9026,12.735,-0.4,9.32,0.35,1787596273696.9026,False,,,4,OP1,C1_WIFI_SIN_CARGA,N3
,0.505,0.322,0.221,1.0,,1787596273723.0994,12.735,-0.4,9.32,0.35,1787596273725.1106,False,,,4,OP1,C1_WIFI_SIN_CARGA,N3
,0.505,0.322,0.22,1.0,,1787596273747.4824,12.7,-0.4,9.32,0.35,1787596273747.4824,False,,,4,OP1,C1_WIFI_SIN_CARGA,N3
,0.505,0.322,0.22,1.0,,1787596273779.4695,12.7,-0.4,9.32,0.35,1787596273781.493,False,,,4,OP1,C1_WIFI_SIN_CARGA,N3
,0.505,0.323,0.22,1.0,,1787596273807.1296,12.7,-0.4,9.38,0.35,1787596273807.1296,False,,,4,OP1,C1_WIFI_SIN_CARGA,N3
,0.505,0.324,0.22,1.0,,1787596273832.6255,12.7,-0.4,9.44,0.35,1787596273832.6255,False,,,4,OP1,C1_WIFI_SIN_CARGA,N3
,0.506,0.324,0.22,1.0,,1787596273864.7085,12.7,-0.48,9.44,0.35,1787596273864.7085,False,,,4,OP1,C1_WIFI_SIN_CARGA,N3
,0.506,0.324,0.22,1.0,,1787596273885.3918,12.7,-0.48,9.44,0.35,1787596273885.3918,False,,,4,OP1,C1_WIFI_SIN_CARGA,N3
,0.506,0.325,0.22,1.0,,1787596273911.3164,12.7,-0.48,9.5,0.35,1787596273911.3164,False,,,4,OP1,C1_WIFI_SIN_CARGA,N3
,0.506,0.325,0.219,1.0,,1787596273945.6118,12.665,-0.48,9.5,0.35,1787596273945.6118,False,,,4,OP1,C1_WIFI_SIN_CARGA,N3
,0.506,0.325,0.219,1.0,,1787596273966.1191,12.665,-0.48,9.5,0.35,1787596273976.7954,False,,,4,OP1,C1_WIFI_SIN_CARGA,N3
,0.506,0.325,0.218,1.0,,1787596274000.3867,12.63,-0.48,9.5,0.35,1787596274000.3867,False,,,4,OP1,C1_WIFI_SIN_CARGA,N3
,0.505,0.326,0.218,1.0,,1787596274059.36,12.63,-0.4,9.56,0.35,1787596274059.36,False,,,4,OP1,C1_WIFI_SIN_CARGA,N3
,0.505,0.326,0.217,1.0,,1787596274087.058,12.595,-0.4,9.56,0.35,1787596274087.5298,False,,,4,OP1,C1_WIFI_SIN_CARGA,N3
,0.505,0.326,0.218,1.0,,1787596274113.5518,12.63,-0.4,9.56,0.35,1787596274113.5518,False,,,4,OP1,C1_WIFI_SIN_CARGA,N3
,0.505,0.326,0.218,1.0,,1787596274134.618,12.63,-0.4,9.56,0.35,1787596274134.618,False,,,4,OP1,C1_WIFI_SIN_CARGA,N3
,0.505,0.326,0.218,1.0,,1787596274168.4949,12.63,-0.4,9.56,0.35,1787596274168.4949,False,,,4,OP1,C1_WIFI_SIN_CARGA,N3
,0.505,0.327,0.218,1.0,,1787596274197.0469,12.63,-0.4,9.62,0.35,1787596274197.0469,False,,,4,OP1,C1_WIFI_SIN_CARGA,N3
,0.504,0.327,0.218,1.0,,1787596274224.9434,12.63,-0.32,9.62,0.35,1787596274224.9434,False,,,4,OP1,C1_WIFI_SIN_CARGA,N3
,0.504,0.327,0.218,1.0,,1787596274253.947,12.63,-0.32,9.62,0.35,1787596274254.6626,False,,,4,OP1,C1_WIFI_SIN_CARGA,N3
,0.504,0.328,0.217,1.0,,1787596274304.9788,12.595,-0.32,9.68,0.35,1787596274304.9788,False,,,4,OP1,C1_WIFI_SIN_CARGA,N3
,0.503,0.328,0.217,1.0,,1787596274337.3362,12.595,-0.24,9.68,0.35,1787596274337.3362,False,,,4,OP1,C1_WIFI_SIN_CARGA,N3
,0.502,0.329,0.216,1.0,,1787596274363.8147,12.56,-0.16,9.74,0.35,1787596274363.8147,False,,,4,OP1,C1_WIFI_SIN_CARGA,N3
,0.501,0.329,0.216,1.0,,1787596274391.6934,12.56,-0.08,9.74,0.35,1787596274393.7031,False,,,4,OP1,C1_WIFI_SIN_CARGA,N3
,0.501,0.33,0.216,1.0,,1787596274420.9912,12.56,-0.08,9.8,0.35,1787596274421.706,False,,,4,OP1,C1_WIFI_SIN_CARGA,N3
,0.501,0.33,0.216,1.0,,1787596274447.1128,12.56,-0.08,9.8,0.35,1787596274447.1128,False,,,4,OP1,C1_WIFI_SIN_CARGA,N3
,0.499,0.332,0.218,1.0,,1787596274471.2026,12.63,0.08,9.92,0.35,1787596274471.2026,False,,,4,OP1,C1_WIFI_SIN_CARGA,N3
,0.498,0.335,0.219,1.0,,1787596274496.9736,12.665,0.16,10.1,0.35,1787596274496.9736,False,,,4,OP1,C1_WIFI_SIN_CARGA,N3
,0.498,0.338,0.22,1.0,,1787596274529.6543,12.7,0.16,10.28,0.35,1787596274529.6543,False,,,4,OP1,C1_WIFI_SIN_CARGA,N3
,0.498,0.339,0.222,1.0,,1787596274558.944,12.77,0.16,10.34,0.35,1787596274560.9536,False,,,4,OP1,C1_WIFI_SIN_CARGA,N3
,0.498,0.338,0.223,1.0,,1787596274588.0977,12.805,0.16,10.28,0.35,1787596274588.0977,False,,,4,OP1,C1_WIFI_SIN_CARGA,N3
,0.498,0.337,0.224,1.0,,1787596274615.8374,12.84,0.16,10.22,0.35,1787596274615.8374,False,,,4,OP1,C1_WIFI_SIN_CARGA,N3
,0.498,0.336,0.225,1.0,,1787596274639.1104,12.875,0.16,10.16,0.35,1787596274639.1104,False,,,4,OP1,C1_WIFI_SIN_CARGA,N3
,0.498,0.336,0.226,1.0,,1787596274668.5625,12.91,0.16,10.16,0.35,1787596274668.5625,False,,,4,OP1,C1_WIFI_SIN_CARGA,N3
,0.498,0.335,0.227,1.0,,1787596274698.9185,12.945,0.16,10.1,0.35,1787596274698.9185,False,,,4,OP1,C1_WIFI_SIN_CARGA,N3
,0.499,0.334,0.227,1.0,,1787596274726.3774,12.945,0.08,10.04,0.35,1787596274726.3774,False,,,4,OP1,C1_WIFI_SIN_CARGA,N3
,0.499,0.333,0.227,1.0,,1787596274747.1208,12.945,0.08,9.98,0.35,1787596274755.9153,False,,,4,OP1,C1_WIFI_SIN_CARGA,N3
,0.5,0.332,0.227,1.0,,1787596274776.6067,12.945,0.0,9.92,0.35,1787596274776.6067,False,,,4,OP1,C1_WIFI_SIN_CARGA,N3
,0.501,0.33,0.228,1.0,,1787596274806.4849,12.98,-0.08,9.8,0.35,1787596274806.4849,False,,,4,OP1,C1_WIFI_SIN_CARGA,N3
,0.501,0.328,0.228,1.0,,1787596274832.8147,12.98,-0.08,9.68,0.35,1787596274832.8147,False,,,4,OP1,C1_WIFI_SIN_CARGA,N3
,0.502,0.326,0.228,1.0,,1787596274866.6008,12.98,-0.16,9.56,0.35,1787596274866.6008,False,,,4,OP1,C1_WIFI_SIN_CARGA,N3
,0.502,0.325,0.228,1.0,,1787596274895.7207,12.98,-0.16,9.5,0.35,1787596274896.7346,False,,,4,OP1,C1_WIFI_SIN_CARGA,N3
,0.503,0.324,0.228,1.0,,1787596274920.7192,12.98,-0.24,9.44,0.35,1787596274923.3474,False,,,4,OP1,C1_WIFI_SIN_CARGA,N3
,0.503,0.324,0.229,1.0,,1787596274948.5757,13.015,-0.24,9.44,0.35,1787596274948.5757,False,,,4,OP1,C1_WIFI_SIN_CARGA,N3
,0.503,0.325,0.229,1.0,,1787596274975.5957,13.015,-0.24,9.5,0.35,1787596274975.5957,False,,,4,OP1,C1_WIFI_SIN_CARGA,N3
,0.503,0.325,0.231,1.0,,1787596275002.931,13.085,-0.24,9.5,0.35,1787596275002.931,False,,,4,OP1,C1_WIFI_SIN_CARGA,N3
,0.502,0.325,0.232,1.0,,1787596275032.3296,13.12,-0.16,9.5,0.35,1787596275032.3296,False,,,4,OP1,C1_WIFI_SIN_CARGA,N3
,0.502,0.325,0.233,1.0,,1787596275062.0498,13.155,-0.16,9.5,0.35,1787596275062.0498,False,,,4,OP1,C1_WIFI_SIN_CARGA,N3
,0.501,0.324,0.233,1.0,,1787596275088.5854,13.155,-0.08,9.44,0.35,1787596275088.5854,False,,,4,OP1,C1_WIFI_SIN_CARGA,N3
,0.501,0.324,0.234,1.0,,1787596275116.5696,13.19,-0.08,9.44,0.35,1787596275117.7837,False,,,4,OP1,C1_WIFI_SIN_CARGA,N3
,0.501,0.323,0.234,1.0,,1787596275141.6384,13.19,-0.08,9.38,0.35,1787596275141.6384,False,,,4,OP1,C1_WIFI_SIN_CARGA,N3
,0.501,0.323,0.234,1.0,,1787596275168.3745,13.19,-0.08,9.38,0.35,1787596275168.3745,False,,,4,OP1,C1_WIFI_SIN_CARGA,N3
,0.501,0.322,0.235,1.0,,1787596275199.2805,13.225,-0.08,9.32,0.35,1787596275199.2805,False,,,4,OP1,C1_WIFI_SIN_CARGA,N3
,0.502,0.322,0.235,1.0,,1787596275229.2715,13.225,-0.16,9.32,0.35,1787596275229.2715,False,,,4,OP1,C1_WIFI_SIN_CARGA,N3
,0.502,0.322,0.235,1.0,,1787596275276.5654,13.225,-0.16,9.32,0.35,1787596275276.5654,False,,,4,OP1,C1_WIFI_SIN_CARGA,N3
,0.502,0.322,0.235,1.0,,1787596275307.0833,13.225,-0.16,9.32,0.35,1787596275312.8755,False,,,4,OP1,C1_WIFI_SIN_CARGA,N3
,0.503,0.323,0.235,1.0,,1787596275339.4648,13.225,-0.24,9.38,0.35,1787596275339.4648,False,,,4,OP1,C1_WIFI_SIN_CARGA,N3
,0.503,0.323,0.235,1.0,,1787596275365.8962,13.225,-0.24,9.38,0.35,1787596275367.904,False,,,4,OP1,C1_WIFI_SIN_CARGA,N3
,0.503,0.323,0.235,1.0,,1787596275394.94,13.225,-0.24,9.38,0.35,1787596275397.0762,False,,,4,OP1,C1_WIFI_SIN_CARGA,N3
,0.502,0.323,0.235,1.0,,1787596275421.5396,13.225,-0.16,9.38,0.35,1787596275421.5396,False,,,4,OP1,C1_WIFI_SIN_CARGA,N3
,0.503,0.323,0.235,1.0,,1787596275447.7383,13.225,-0.24,9.38,0.35,1787596275447.7383,False,,,4,OP1,C1_WIFI_SIN_CARGA,N3
,0.503,0.323,0.235,1.0,,1787596275478.9758,13.225,-0.24,9.38,0.35,1787596275478.9758,False,,,4,OP1,C1_WIFI_SIN_CARGA,N3
,0.503,0.322,0.236,1.0,,1787596275505.6123,13.26,-0.24,9.32,0.35,1787596275505.6123,False,,,4,OP1,C1_WIFI_SIN_CARGA,N3
,0.503,0.322,0.236,1.0,,1787596275533.672,13.26,-0.24,9.32,0.35,1787596275535.684,False,,,4,OP1,C1_WIFI_SIN_CARGA,N3
,0.503,0.322,0.236,1.0,,1787596275563.276,13.26,-0.24,9.32,0.35,1787596275564.2715,False,,,4,OP1,C1_WIFI_SIN_CARGA,N3
,0.502,0.322,0.236,1.0,,1787596275590.286,13.26,-0.16,9.32,0.35,1787596275590.286,False,,,4,OP1,C1_WIFI_SIN_CARGA,N3
,0.502,0.322,0.236,1.0,,1787596275613.027,13.26,-0.16,9.32,0.35,1787596275613.027,False,,,4,OP1,C1_WIFI_SIN_CARGA,N3
,0.503,0.322,0.236,1.0,,1787596275645.3372,13.26,-0.24,9.32,0.35,1787596275646.8,False,,,4,OP1,C1_WIFI_SIN_CARGA,N3
,0.503,0.322,0.236,1.0,,1787596275669.4456,13.26,-0.24,9.32,0.35,1787596275669.4456,False,,,4,OP1,C1_WIFI_SIN_CARGA,N3
,0.503,0.322,0.236,1.0,,1787596275700.8342,13.26,-0.24,9.32,0.35,1787596275700.8342,False,,,4,OP1,C1_WIFI_SIN_CARGA,N3
,0.503,0.322,0.236,1.0,,1787596275728.9973,13.26,-0.24,9.32,0.35,1787596275728.9973,False,,,4,OP1,C1_WIFI_SIN_CARGA,N3
,0.504,0.321,0.237,1.0,,1787596275754.6855,13.295,-0.32,9.26,0.35,1787596275754.6855,False,,,4,OP1,C1_WIFI_SIN_CARGA,N3
,0.504,0.321,0.237,1.0,,1787596275781.579,13.295,-0.32,9.26,0.35,1787596275781.579,False,,,4,OP1,C1_WIFI_SIN_CARGA,N3
,0.504,0.321,0.238,1.0,,1787596275806.025,13.33,-0.32,9.26,0.35,1787596275813.9895,False,,,4,OP1,C1_WIFI_SIN_CARGA,N3
,0.504,0.321,0.238,1.0,,1787596275836.793,13.33,-0.32,9.26,0.35,1787596275836.793,False,,,4,OP1,C1_WIFI_SIN_CARGA,N3
,0.504,0.321,0.238,1.0,,1787596275867.2358,13.33,-0.32,9.26,0.35,1787596275867.2358,False,,,4,OP1,C1_WIFI_SIN_CARGA,N3
,0.503,0.321,0.238,1.0,,1787596275896.6206,13.33,-0.24,9.26,0.35,1787596275896.6206,False,,,4,OP1,C1_WIFI_SIN_CARGA,N3
,0.503,0.321,0.238,1.0,,1787596275916.804,13.33,-0.24,9.26,0.35,1787596275916.804,False,,,4,OP1,C1_WIFI_SIN_CARGA,N3
,0.503,0.322,0.238,1.0,,1787596275948.368,13.33,-0.24,9.32,0.35,1787596275948.368,False,,,4,OP1,C1_WIFI_SIN_CARGA,N3
,0.502,0.322,0.238,1.0,,1787596275974.0508,13.33,-0.16,9.32,0.35,1787596275974.0508,False,,,4,OP1,C1_WIFI_SIN_CARGA,N3
,0.502,0.323,0.238,1.0,,1787596276007.702,13.33,-0.16,9.38,0.35,1787596276007.702,False,,,4,OP1,C1_WIFI_SIN_CARGA,N3
,0.502,0.324,0.238,1.0,,1787596276035.1843,13.33,-0.16,9.44,0.35,1787596276037.1934,False,,,4,OP1,C1_WIFI_SIN_CARGA,N3
,0.501,0.324,0.238,1.0,,1787596276061.3706,13.33,-0.08,9.44,0.35,1787596276061.3706,False,,,4,OP1,C1_WIFI_SIN_CARGA,N3
,0.501,0.324,0.237,1.0,,1787596276091.8452,13.295,-0.08,9.44,0.35,1787596276091.8452,False,,,4,OP1,C1_WIFI_SIN_CARGA,N3
,0.501,0.325,0.237,1.0,,1787596276117.9773,13.295,-0.08,9.5,0.35,1787596276117.9773,False,,,4,OP1,C1_WIFI_SIN_CARGA,N3
,0.501,0.325,0.237,1.0,,1787596276148.2437,13.295,-0.08,9.5,0.35,1787596276148.2437,False,,,4,OP1,C1_WIFI_SIN_CARGA,N3
,0.5,0.324,0.238,1.0,,1787596276175.122,13.33,0.0,9.44,0.35,1787596276175.122,False,,,4,OP1,C1_WIFI_SIN_CARGA,N3
,0.5,0.323,0.238,1.0,,1787596276201.0066,13.33,0.0,9.38,0.35,1787596276203.168,False,,,4,OP1,C1_WIFI_SIN_CARGA,N3
,0.499,0.32,0.241,1.0,,1787596276255.0564,13.435,0.08,9.2,0.35,1787596276255.0564,False,,,4,OP1,C1_WIFI_SIN_CARGA,N3
,0.499,0.319,0.242,1.0,,1787596276284.0215,13.47,0.08,9.14,0.35,1787596276284.0215,False,,,4,OP1,C1_WIFI_SIN_CARGA,N3
,0.499,0.319,0.242,1.0,,1787596276310.1177,13.47,0.08,9.14,0.35,1787596276310.1177,False,,,4,OP1,C1_WIFI_SIN_CARGA,N3
,0.499,0.318,0.243,1.0,,1787596276335.4954,13.505,0.08,9.08,0.35,1787596276335.4954,False,,,4,OP1,C1_WIFI_SIN_CARGA,N3
,0.5,0.318,0.243,1.0,,1787596276369.1604,13.505,0.0,9.08,0.35,1787596276369.1604,False,,,4,OP1,C1_WIFI_SIN_CARGA,N3
,0.5,0.318,0.244,1.0,,1787596276397.0408,13.54,0.0,9.08,0.35,1787596276397.0408,False,,,4,OP1,C1_WIFI_SIN_CARGA,N3
,0.5,0.317,0.244,1.0,,1787596276420.942,13.54,0.0,9.02,0.35,1787596276420.942,False,,,4,OP1,C1_WIFI_SIN_CARGA,N3
,0.501,0.317,0.245,1.0,,1787596276447.1897,13.575,-0.08,9.02,0.35,1787596276454.4995,False,,,4,OP1,C1_WIFI_SIN_CARGA,N3
,0.501,0.316,0.247,1.0,,1787596276480.1362,13.645,-0.08,8.96,0.35,1787596276482.1455,False,,,4,OP1,C1_WIFI_SIN_CARGA,N3
,0.502,0.316,0.248,1.0,,1787596276509.9336,13.68,-0.16,8.96,0.35,1787596276509.9336,False,,,4,OP1,C1_WIFI_SIN_CARGA,N3
,0.503,0.315,0.249,1.0,,1787596276536.7869,13.715,-0.24,8.9,0.35,1787596276537.896,False,,,4,OP1,C1_WIFI_SIN_CARGA,N3
,0.504,0.315,0.251,1.0,,1787596276565.4314,13.785,-0.32,8.9,0.35,1787596276565.4314,False,,,4,OP1,C1_WIFI_SIN_CARGA,N3
,0.504,0.316,0.251,1.0,,1787596276592.496,13.785,-0.32,8.96,0.35,1787596276592.496,False,,,4,OP1,C1_WIFI_SIN_CARGA,N3
,0.504,0.318,0.251,1.0,,1787596276613.345,13.785,-0.32,9.08,0.35,1787596276621.6836,False,,,4,OP1,C1_WIFI_SIN_CARGA,N3
,0.504,0.32,0.251,1.0,,1787596276646.8477,13.785,-0.32,9.2,0.35,1787596276646.8477,False,,,4,OP1,C1_WIFI_SIN_CARGA,N3
,0.505,0.321,0.25,1.0,,1787596276676.1853,13.75,-0.4,9.26,0.35,1787596276677.2236,False,,,4,OP1,C1_WIFI_SIN_CARGA,N3
,0.505,0.321,0.249,1.0,,1787596276703.3174,13.715,-0.4,9.26,0.35,1787596276703.3174,False,,,4,OP1,C1_WIFI_SIN_CARGA,N3
,0.505,0.322,0.249,1.0,,1787596276759.6406,13.715,-0.4,9.32,0.35,1787596276759.6406,False,,,4,OP1,C1_WIFI_SIN_CARGA,N3
,0.506,0.321,0.249,1.0,,1787596276814.567,13.715,-0.48,9.26,0.35,1787596276814.567,False,,,4,OP1,C1_WIFI_SIN_CARGA,N3
,0.505,0.321,0.25,1.0,,1787596276842.6296,13.75,-0.4,9.26,0.35,1787596276842.6296,False,,,4,OP1,C1_WIFI_SIN_CARGA,N3
,0.505,0.321,0.251,1.0,,1787596276870.746,13.785,-0.4,9.26,0.35,1787596276870.746,False,,,4,OP1,C1_WIFI_SIN_CARGA,N3
,0.505,0.321,0.251,1.0,,1787596276892.8987,13.785,-0.4,9.26,0.35,1787596276892.8987,False,,,4,OP1,C1_WIFI_SIN_CARGA,N3
,0.504,0.321,0.252,1.0,,1787596276923.5789,13.82,-0.32,9.26,0.35,1787596276923.5789,False,,,4,OP1,C1_WIFI_SIN_CARGA,N3
,0.504,0.323,0.251,1.0,,1787596276951.4297,13.785,-0.32,9.38,0.35,1787596276955.7058,False,,,4,OP1,C1_WIFI_SIN_CARGA,N3
,0.503,0.324,0.25,1.0,,1787596276981.6724,13.75,-0.24,9.44,0.35,1787596276981.6724,False,,,4,OP1,C1_WIFI_SIN_CARGA,N3
,0.502,0.325,0.25,1.0,,1787596277011.232,13.75,-0.16,9.5,0.35,1787596277011.232,False,,,4,OP1,C1_WIFI_SIN_CARGA,N3
,0.499,0.329,0.248,1.0,,1787596277057.7295,13.68,0.08,9.74,0.35,1787596277057.7295,False,,,4,OP1,C1_WIFI_SIN_CARGA,N3
,0.497,0.33,0.248,1.0,,1787596277093.7532,13.68,0.24,9.8,0.35,1787596277093.7532,False,,,4,OP1,C1_WIFI_SIN_CARGA,N3
,0.496,0.331,0.248,1.0,,1787596277118.3772,13.68,0.32,9.86,0.35,1787596277118.3772,False,,,4,OP1,C1_WIFI_SIN_CARGA,N3
,0.495,0.332,0.248,1.0,,1787596277149.1008,13.68,0.4,9.92,0.35,1787596277151.1094,False,,,4,OP1,C1_WIFI_SIN_CARGA,N3
,0.494,0.332,0.248,1.0,,1787596277178.6406,13.68,0.48,9.92,0.35,1787596277178.6406,False,,,4,OP1,C1_WIFI_SIN_CARGA,N3
,0.494,0.333,0.247,1.0,,1787596277226.0393,13.645,0.48,9.98,0.35,1787596277226.0393,False,,,4,OP1,C1_WIFI_SIN_CARGA,N3
,0.494,0.333,0.247,1.0,,1787596277260.469,13.645,0.48,9.98,0.35,1787596277260.469,False,,,4,OP1,C1_WIFI_SIN_CARGA,N3
,0.494,0.333,0.246,1.0,,1787596277289.4043,13.61,0.48,9.98,0.35,1787596277289.4043,False,,,4,OP1,C1_WIFI_SIN_CARGA,N3
,0.495,0.333,0.245,1.0,,1787596277315.3335,13.575,0.4,9.98,0.35,1787596277317.3435,False,,,4,OP1,C1_WIFI_SIN_CARGA,N3
,0.495,0.334,0.245,1.0,,1787596277345.0625,13.575,0.4,10.04,0.35,1787596277347.026,False,,,4,OP1,C1_WIFI_SIN_CARGA,N3
,0.496,0.335,0.245,1.0,,1787596277372.0369,13.575,0.32,10.1,0.35,1787596277372.0369,False,,,4,OP1,C1_WIFI_SIN_CARGA,N3
,0.496,0.335,0.244,1.0,,1787596277397.1743,13.54,0.32,10.1,0.35,1787596277397.1743,False,,,4,OP1,C1_WIFI_SIN_CARGA,N3
,0.497,0.335,0.245,1.0,,1787596277427.724,13.575,0.24,10.1,0.35,1787596277427.724,False,,,4,OP1,C1_WIFI_SIN_CARGA,N3
,0.497,0.336,0.245,1.0,,1787596277455.0232,13.575,0.24,10.16,0.35,1787596277457.0315,False,,,4,OP1,C1_WIFI_SIN_CARGA,N3
,0.498,0.336,0.246,1.0,,1787596277482.9138,13.61,0.16,10.16,0.35,1787596277482.9138,False,,,4,OP1,C1_WIFI_SIN_CARGA,N3
,0.498,0.337,0.247,1.0,,1787596277511.982,13.645,0.16,10.22,0.35,1787596277512.9143,False,,,4,OP1,C1_WIFI_SIN_CARGA,N3
,0.498,0.339,0.249,1.0,,1787596277562.3284,13.715,0.16,10.34,0.35,1787596277562.3284,False,,,4,OP1,C1_WIFI_SIN_CARGA,N3
,0.498,0.34,0.251,1.0,,1787596277597.0208,13.785,0.16,10.4,0.35,1787596277597.0208,False,,,4,OP1,C1_WIFI_SIN_CARGA,N3
,0.5,0.34,0.252,1.0,,1787596277621.615,13.82,0.0,10.4,0.35,1787596277621.615,False,,,4,OP1,C1_WIFI_SIN_CARGA,N3
,0.502,0.339,0.254,1.0,,1787596277650.3206,13.89,-0.16,10.34,0.35,1787596277650.3206,False,,,4,OP1,C1_WIFI_SIN_CARGA,N3
,0.502,0.339,0.254,1.0,,1787596277679.4954,13.89,-0.16,10.34,0.35,1787596277680.5166,False,,,4,OP1,C1_WIFI_SIN_CARGA,N3
,0.503,0.338,0.254,1.0,,1787596277729.7998,13.89,-0.24,10.28,0.35,1787596277729.7998,False,,,4,OP1,C1_WIFI_SIN_CARGA,N3
,0.503,0.337,0.255,1.0,,1787596277752.3513,13.925,-0.24,10.22,0.35,1787596277752.3513,False,,,4,OP1,C1_WIFI_SIN_CARGA,N3
,0.504,0.336,0.255,1.0,,1787596277790.0234,13.925,-0.32,10.16,0.35,1787596277790.0234,False,,,4,OP1,C1_WIFI_SIN_CARGA,N3
,0.505,0.334,0.254,1.0,,1787596277817.1326,13.89,-0.4,10.04,0.35,1787596277817.1326,False,,,4,OP1,C1_WIFI_SIN_CARGA,N3
,0.506,0.334,0.254,1.0,,1787596277846.6453,13.89,-0.48,10.04,0.35,1787596277846.6453,False,,,4,OP1,C1_WIFI_SIN_CARGA,N3
,0.506,0.334,0.254,1.0,,1787596277868.1616,13.89,-0.48,10.04,0.35,1787596277868.1616,False,,,4,OP1,C1_WIFI_SIN_CARGA,N3
,0.507,0.334,0.253,1.0,,1787596277898.8496,13.855,-0.56,10.04,0.35,1787596277898.8496,False,,,4,OP1,C1_WIFI_SIN_CARGA,N3
,0.507,0.334,0.253,1.0,,1787596277929.2842,13.855,-0.56,10.04,0.35,1787596277929.2842,False,,,4,OP1,C1_WIFI_SIN_CARGA,N3
,0.508,0.332,0.252,1.0,,1787596277983.5588,13.82,-0.64,9.92,0.35,1787596277985.5676,False,,,4,OP1,C1_WIFI_SIN_CARGA,N3
,0.509,0.331,0.252,1.0,,1787596278007.3076,13.82,-0.72,9.86,0.35,1787596278013.1252,False,,,4,OP1,C1_WIFI_SIN_CARGA,N3
,0.509,0.33,0.252,1.0,,1787596278032.2295,13.82,-0.72,9.8,0.35,1787596278032.2295,False,,,4,OP1,C1_WIFI_SIN_CARGA,N3
,0.509,0.33,0.252,1.0,,1787596278064.3147,13.82,-0.72,9.8,0.35,1787596278064.3147,False,,,4,OP1,C1_WIFI_SIN_CARGA,N3
,0.509,0.329,0.253,1.0,,1787596278097.0083,13.855,-0.72,9.74,0.35,1787596278097.0083,False,,,4,OP1,C1_WIFI_SIN_CARGA,N3
,0.51,0.329,0.253,1.0,,1787596278126.3914,13.855,-0.8,9.74,0.35,1787596278127.4038,False,,,4,OP1,C1_WIFI_SIN_CARGA,N3
,0.51,0.329,0.253,1.0,,1787596278147.744,13.855,-0.8,9.74,0.35,1787596278147.744,False,,,4,OP1,C1_WIFI_SIN_CARGA,N3
,0.511,0.328,0.253,1.0,,1787596278202.904,13.855,-0.88,9.68,0.35,1787596278202.904,False,,,4,OP1,C1_WIFI_SIN_CARGA,N3
,0.512,0.328,0.253,1.0,,1787596278232.4836,13.855,-0.96,9.68,0.35,1787596278237.9214,False,,,4,OP1,C1_WIFI_SIN_CARGA,N3
,0.512,0.328,0.252,1.0,,1787596278257.3176,13.82,-0.96,9.68,0.35,1787596278257.3176,False,,,4,OP1,C1_WIFI_SIN_CARGA,N3
,0.512,0.329,0.252,1.0,,1787596278291.6528,13.82,-0.96,9.74,0.35,1787596278293.6467,False,,,4,OP1,C1_WIFI_SIN_CARGA,N3
,0.512,0.33,0.251,1.0,,1787596278316.4778,13.785,-0.96,9.8,0.35,1787596278316.4778,False,,,4,OP1,C1_WIFI_SIN_CARGA,N3
,0.512,0.33,0.251,1.0,,1787596278346.6804,13.785,-0.96,9.8,0.35,1787596278349.1602,False,,,4,OP1,C1_WIFI_SIN_CARGA,N3
,0.511,0.331,0.25,1.0,,1787596278366.7505,13.75,-0.88,9.86,0.35,1787596278366.7505,False,,,4,OP1,C1_WIFI_SIN_CARGA,N3
,0.511,0.332,0.25,1.0,,1787596278403.282,13.75,-0.88,9.92,0.35,1787596278403.282,False,,,4,OP1,C1_WIFI_SIN_CARGA,N3
,0.511,0.332,0.248,1.0,,1787596278427.931,13.68,-0.88,9.92,0.35,1787596278432.897,False,,,4,OP1,C1_WIFI_SIN_CARGA,N3
,0.511,0.332,0.247,1.0,,1787596278452.9453,13.645,-0.88,9.92,0.35,1787596278452.9453,False,,,4,OP1,C1_WIFI_SIN_CARGA,N3
,0.511,0.333,0.247,1.0,,1787596278484.675,13.645,-0.88,9.98,0.35,1787596278486.705,False,,,4,OP1,C1_WIFI_SIN_CARGA,N3
,0.511,0.333,0.245,1.0,,1787596278542.9363,13.575,-0.88,9.98,0.35,1787596278544.9475,False,,,4,OP1,C1_WIFI_SIN_CARGA,N3
,0.511,0.334,0.244,1.0,,1787596278569.2068,13.54,-0.88,10.04,0.35,1787596278569.2068,False,,,4,OP1,C1_WIFI_SIN_CARGA,N3
,0.511,0.334,0.243,1.0,,1787596278597.1765,13.505,-0.88,10.04,0.35,1787596278597.1765,False,,,4,OP1,C1_WIFI_SIN_CARGA,N3
,0.511,0.334,0.242,1.0,,1787596278625.4175,13.47,-0.88,10.04,0.35,1787596278626.751,False,,,4,OP1,C1_WIFI_SIN_CARGA,N3
,0.511,0.334,0.241,1.0,,1787596278652.5374,13.435,-0.88,10.04,0.35,1787596278652.5374,False,,,4,OP1,C1_WIFI_SIN_CARGA,N3
,0.512,0.334,0.241,1.0,,1787596278673.197,13.435,-0.96,10.04,0.35,1787596278673.197,False,,,4,OP1,C1_WIFI_SIN_CARGA,N3
,0.512,0.334,0.241,1.0,,1787596278707.4978,13.435,-0.96,10.04,0.35,1787596278707.4978,False,,,4,OP1,C1_WIFI_SIN_CARGA,N3
,0.513,0.334,0.242,1.0,,1787596278757.119,13.47,-1.04,10.04,0.35,1787596278757.119,False,,,4,OP1,C1_WIFI_SIN_CARGA,N3
,0.513,0.333,0.242,1.0,,1787596278792.2263,13.47,-1.04,9.98,0.35,1787596278793.345,False,,,4,OP1,C1_WIFI_SIN_CARGA,N3
,0.513,0.332,0.243,1.0,,1787596278847.2454,13.505,-1.04,9.92,0.35,1787596278847.2454,False,,,4,OP1,C1_WIFI_SIN_CARGA,N3
,0.512,0.332,0.243,1.0,,1787596278872.6497,13.505,-0.96,9.92,0.35,1787596278872.6497,False,,,4,OP1,C1_WIFI_SIN_CARGA,N3
,0.512,0.331,0.243,1.0,,1787596278904.558,13.505,-0.96,9.86,0.35,1787596278904.558,False,,,4,OP1,C1_WIFI_SIN_CARGA,N3
,0.511,0.328,0.245,1.0,,1787596278958.3652,13.575,-0.88,9.68,0.35,1787596278958.3652,False,,,4,OP1,C1_WIFI_SIN_CARGA,N3
,0.512,0.327,0.246,1.0,,1787596279008.7468,13.61,-0.96,9.62,0.35,1787596279008.7468,False,,,4,OP1,C1_WIFI_SIN_CARGA,N3
,0.512,0.327,0.246,1.0,,1787596279042.223,13.61,-0.96,9.62,0.35,1787596279044.2463,False,,,4,OP1,C1_WIFI_SIN_CARGA,N3
,0.512,0.327,0.246,1.0,,1787596279071.606,13.61,-0.96,9.62,0.35,1787596279071.606,False,,,4,OP1,C1_WIFI_SIN_CARGA,N3
,0.512,0.327,0.246,1.0,,1787596279099.2463,13.61,-0.96,9.62,0.35,1787596279099.2463,False,,,4,OP1,C1_WIFI_SIN_CARGA,N3
,0.512,0.327,0.247,1.0,,1787596279126.0415,13.645,-0.96,9.62,0.35,1787596279126.0415,False,,,4,OP1,C1_WIFI_SIN_CARGA,N3
,0.512,0.327,0.246,1.0,,1787596279146.609,13.61,-0.96,9.62,0.35,1787596279146.609,False,,,4,OP1,C1_WIFI_SIN_CARGA,N3
,0.512,0.327,0.246,1.0,,1787596279175.4736,13.61,-0.96,9.62,0.35,1787596279175.4736,False,,,4,OP1,C1_WIFI_SIN_CARGA,N3
,0.511,0.326,0.247,1.0,,1787596279209.504,13.645,-0.88,9.56,0.35,1787596279209.504,False,,,4,OP1,C1_WIFI_SIN_CARGA,N3
,0.512,0.326,0.246,1.0,,1787596279233.6042,13.61,-0.96,9.56,0.35,1787596279233.6042,False,,,4,OP1,C1_WIFI_SIN_CARGA,N3
,0.512,0.326,0.246,1.0,,1787596279259.8103,13.61,-0.96,9.56,0.35,1787596279259.8103,False,,,4,OP1,C1_WIFI_SIN_CARGA,N3
,0.512,0.326,0.246,1.0,,1787596279286.303,13.61,-0.96,9.56,0.35,1787596279286.303,False,,,4,OP1,C1_WIFI_SIN_CARGA,N3
,0.512,0.326,0.245,1.0,,1787596279314.507,13.575,-0.96,9.56,0.35,1787596279314.507,False,,,4,OP1,C1_WIFI_SIN_CARGA,N3
,0.512,0.326,0.245,1.0,,1787596279346.923,13.575,-0.96,9.56,0.35,1787596279346.923,False,,,4,OP1,C1_WIFI_SIN_CARGA,N3
,0.512,0.325,0.245,1.0,,1787596279368.5933,13.575,-0.96,9.5,0.35,1787596279368.5933,False,,,4,OP1,C1_WIFI_SIN_CARGA,N3
,0.513,0.325,0.245,1.0,,1787596279400.1555,13.575,-1.04,9.5,0.35,1787596279400.1555,False,,,4,OP1,C1_WIFI_SIN_CARGA,N3
,0.513,0.325,0.246,1.0,,1787596279425.5903,13.61,-1.04,9.5,0.35,1787596279425.5903,False,,,4,OP1,C1_WIFI_SIN_CARGA,N3
,0.512,0.325,0.246,1.0,,1787596279457.908,13.61,-0.96,9.5,0.35,1787596279457.908,False,,,4,OP1,C1_WIFI_SIN_CARGA,N3
,0.512,0.325,0.246,1.0,,1787596279487.2537,13.61,-0.96,9.5,0.35,1787596279488.3596,False,,,4,OP1,C1_WIFI_SIN_CARGA,N3
,0.512,0.325,0.246,1.0,,1787596279510.2424,13.61,-0.96,9.5,0.35,1787596279510.2424,False,,,4,OP1,C1_WIFI_SIN_CARGA,N3
,0.511,0.325,0.247,1.0,,1787596279564.0525,13.645,-0.88,9.5,0.35,1787596279572.3645,False,,,4,OP1,C1_WIFI_SIN_CARGA,N3
,0.511,0.325,0.248,1.0,,1787596279596.8845,13.68,-0.88,9.5,0.35,1787596279600.0251,False,,,4,OP1,C1_WIFI_SIN_CARGA,N3
,0.511,0.324,0.248,1.0,,1787596279622.9,13.68,-0.88,9.44,0.35,1787596279628.0515,False,,,4,OP1,C1_WIFI_SIN_CARGA,N3
,0.511,0.324,0.249,1.0,,1787596279648.0977,13.715,-0.88,9.44,0.35,1787596279648.0977,False,,,4,OP1,C1_WIFI_SIN_CARGA,N3
,0.511,0.323,0.249,1.0,,1787596279679.796,13.715,-0.88,9.38,0.35,1787596279679.796,False,,,4,OP1,C1_WIFI_SIN_CARGA,N3
,0.511,0.323,0.249,1.0,,1787596279700.2617,13.715,-0.88,9.38,0.35,1787596279700.2617,False,,,4,OP1,C1_WIFI_SIN_CARGA,N3
,0.51,0.323,0.249,1.0,,1787596279730.4006,13.715,-0.8,9.38,0.35,1787596279730.4006,False,,,4,OP1,C1_WIFI_SIN_CARGA,N3
,0.51,0.322,0.25,1.0,,1787596279763.9402,13.75,-0.8,9.32,0.35,1787596279763.9402,False,,,4,OP1,C1_WIFI_SIN_CARGA,N3
,0.509,0.322,0.25,1.0,,1787596279795.5688,13.75,-0.72,9.32,0.35,1787596279796.598,False,,,4,OP1,C1_WIFI_SIN_CARGA,N3
,0.509,0.322,0.25,1.0,,1787596279819.4468,13.75,-0.72,9.32,0.35,1787596279819.4468,False,,,4,OP1,C1_WIFI_SIN_CARGA,N3
,0.509,0.322,0.251,1.0,,1787596279846.68,13.785,-0.72,9.32,0.35,1787596279846.68,False,,,4,OP1,C1_WIFI_SIN_CARGA,N3
,0.508,0.322,0.251,1.0,,1787596279900.657,13.785,-0.64,9.32,0.35,1787596279900.657,False,,,4,OP1,C1_WIFI_SIN_CARGA,N3
,0.507,0.322,0.251,1.0,,1787596279932.2583,13.785,-0.56,9.32,0.35,1787596279932.2583,False,,,4,OP1,C1_WIFI_SIN_CARGA,N3
,0.506,0.322,0.252,1.0,,1787596279957.4482,13.82,-0.48,9.32,0.35,1787596279963.2908,False,,,4,OP1,C1_WIFI_SIN_CARGA,N3
,0.506,0.323,0.252,1.0,,1787596279980.35,13.82,-0.48,9.38,0.35,1787596279980.35,False,,,4,OP1,C1_WIFI_SIN_CARGA,N3
,0.505,0.324,0.253,1.0,,1787596280015.2532,13.855,-0.4,9.44,0.35,1787596280015.2532,False,,,4,OP1,C1_WIFI_SIN_CARGA,N3
,0.505,0.325,0.253,1.0,,1787596280043.0557,13.855,-0.4,9.5,0.35,1787596280047.738,False,,,4,OP1,C1_WIFI_SIN_CARGA,N3
,0.504,0.327,0.255,1.0,,1787596280072.7517,13.925,-0.32,9.62,0.35,1787596280074.7612,False,,,4,OP1,C1_WIFI_SIN_CARGA,N3
,0.504,0.329,0.257,1.0,,1787596280103.0947,13.995,-0.32,9.74,0.35,1787596280103.0947,False,,,4,OP1,C1_WIFI_SIN_CARGA,N3
,0.504,0.329,0.258,1.0,,1787596280116.3347,14.03,-0.32,9.74,0.35,1787596280131.0889,False,,,4,OP1,C1_WIFI_SIN_CARGA,N3
,0.504,0.33,0.259,1.0,,1787596280154.4106,14.065,-0.32,9.8,0.35,1787596280154.4106,False,,,4,OP1,C1_WIFI_SIN_CARGA,N3
,0.505,0.331,0.26,1.0,,1787596280183.1135,14.1,-0.4,9.86,0.35,1787596280183.1135,False,,,4,OP1,C1_WIFI_SIN_CARGA,N3
,0.504,0.331,0.261,1.0,,1787596280209.3345,14.135,-0.32,9.86,0.35,1787596280209.3345,False,,,4,OP1,C1_WIFI_SIN_CARGA,N3
,0.504,0.331,0.261,1.0,,1787596280238.6526,14.135,-0.32,9.86,0.35,1787596280240.6643,False,,,4,OP1,C1_WIFI_SIN_CARGA,N3
,0.503,0.332,0.262,1.0,,1787596280267.7837,14.17,-0.24,9.92,0.35,1787596280268.1787,False,,,4,OP1,C1_WIFI_SIN_CARGA,N3
,0.502,0.332,0.262,1.0,,1787596280324.381,14.17,-0.16,9.92,0.35,1787596280324.381,False,,,4,OP1,C1_WIFI_SIN_CARGA,N3
,0.502,0.332,0.261,1.0,,1787596280350.1848,14.135,-0.16,9.92,0.35,1787596280350.1848,False,,,4,OP1,C1_WIFI_SIN_CARGA,N3
,0.502,0.331,0.261,1.0,,1787596280386.3784,14.135,-0.16,9.86,0.35,1787596280386.3784,False,,,4,OP1,C1_WIFI_SIN_CARGA,N3
,0.501,0.331,0.26,1.0,,1787596280411.6138,14.1,-0.08,9.86,0.35,1787596280411.6138,False,,,4,OP1,C1_WIFI_SIN_CARGA,N3
,0.501,0.331,0.26,1.0,,1787596280442.498,14.1,-0.08,9.86,0.35,1787596280442.498,False,,,4,OP1,C1_WIFI_SIN_CARGA,N3
,0.5,0.331,0.258,1.0,,1787596280471.5515,14.03,0.0,9.86,0.35,1787596280473.5625,False,,,4,OP1,C1_WIFI_SIN_CARGA,N3
,0.5,0.331,0.257,1.0,,1787596280500.693,13.995,0.0,9.86,0.35,1787596280501.6836,False,,,4,OP1,C1_WIFI_SIN_CARGA,N3
,0.497,0.333,0.254,1.0,,1787596280552.5117,13.89,0.24,9.98,0.35,1787596280552.5117,False,,,4,OP1,C1_WIFI_SIN_CARGA,N3
,0.496,0.335,0.253,1.0,,1787596280584.875,13.855,0.32,10.1,0.35,1787596280584.875,False,,,4,OP1,C1_WIFI_SIN_CARGA,N3
,0.495,0.335,0.252,1.0,,1787596280611.0828,13.82,0.4,10.1,0.35,1787596280611.0828,False,,,4,OP1,C1_WIFI_SIN_CARGA,N3
,0.495,0.334,0.252,1.0,,1787596280641.619,13.82,0.4,10.04,0.35,1787596280643.6265,False,,,4,OP1,C1_WIFI_SIN_CARGA,N3
,0.495,0.334,0.252,1.0,,1787596280670.5488,13.82,0.4,10.04,0.35,1787596280672.546,False,,,4,OP1,C1_WIFI_SIN_CARGA,N3
,0.495,0.335,0.251,1.0,,1787596280697.1003,13.785,0.4,10.1,0.35,1787596280697.1003,False,,,4,OP1,C1_WIFI_SIN_CARGA,N3
,0.494,0.336,0.25,1.0,,1787596280721.8071,13.75,0.48,10.16,0.35,1787596280721.8071,False,,,4,OP1,C1_WIFI_SIN_CARGA,N3
,0.494,0.336,0.249,1.0,,1787596280755.2305,13.715,0.48,10.16,0.35,1787596280755.2305,False,,,4,OP1,C1_WIFI_SIN_CARGA,N3
,0.493,0.337,0.247,1.0,,1787596280780.5637,13.645,0.56,10.22,0.35,1787596280782.5754,False,,,4,OP1,C1_WIFI_SIN_CARGA,N3
,0.493,0.338,0.245,1.0,,1787596280809.4592,13.575,0.56,10.28,0.35,1787596280811.4685,False,,,4,OP1,C1_WIFI_SIN_CARGA,N3
,0.492,0.34,0.243,1.0,,1787596280838.1638,13.505,0.64,10.4,0.35,1787596280839.0293,False,,,4,OP1,C1_WIFI_SIN_CARGA,N3
,0.492,0.341,0.242,1.0,,1787596280865.8176,13.47,0.64,10.46,0.35,1787596280865.8176,False,,,4,OP1,C1_WIFI_SIN_CARGA,N3
,0.491,0.342,0.241,1.0,,1787596280887.7031,13.435,0.72,10.52,0.35,1787596280896.9165,False,,,4,OP1,C1_WIFI_SIN_CARGA,N3
,0.491,0.342,0.24,1.0,,1787596280921.8645,13.4,0.72,10.52,0.35,1787596280921.8645,False,,,4,OP1,C1_WIFI_SIN_CARGA,N3
,0.489,0.342,0.241,1.0,,1787596280949.0488,13.435,0.88,10.52,0.35,1787596280949.0488,False,,,4,OP1,C1_WIFI_SIN_CARGA,N3
,0.489,0.34,0.243,1.0,,1787596280976.662,13.505,0.88,10.4,0.35,1787596280976.662,False,,,4,OP1,C1_WIFI_SIN_CARGA,N3
,0.49,0.335,0.247,1.0,,1787596281002.2107,13.645,0.8,10.1,0.35,1787596281006.8877,False,,,4,OP1,C1_WIFI_SIN_CARGA,N3
,0.491,0.332,0.249,1.0,,1787596281023.8586,13.715,0.72,9.92,0.35,1787596281023.8586,False,,,4,OP1,C1_WIFI_SIN_CARGA,N3
,0.492,0.331,0.25,1.0,,1787596281055.7593,13.75,0.64,9.86,0.35,1787596281055.7593,False,,,4,OP1,C1_WIFI_SIN_CARGA,N3
,0.492,0.331,0.251,1.0,,1787596281089.7285,13.785,0.64,9.86,0.35,1787596281089.7285,False,,,4,OP1,C1_WIFI_SIN_CARGA,N3
,0.494,0.331,0.252,1.0,,1787596281116.328,13.82,0.48,9.86,0.35,1787596281116.328,False,,,4,OP1,C1_WIFI_SIN_CARGA,N3
,0.496,0.33,0.256,1.0,,1787596281145.1665,13.96,0.32,9.8,0.35,1787596281145.1665,False,,,4,OP1,C1_WIFI_SIN_CARGA,N3
,0.5,0.328,0.261,1.0,,1787596281173.376,14.135,0.0,9.68,0.35,1787596281174.0728,False,,,4,OP1,C1_WIFI_SIN_CARGA,N3
,0.501,0.327,0.264,1.0,,1787596281196.99,14.24,-0.08,9.62,0.35,1787596281196.99,False,,,4,OP1,C1_WIFI_SIN_CARGA,N3
,0.503,0.325,0.267,1.0,,1787596281223.7593,14.345,-0.24,9.5,0.35,1787596281223.7593,False,,,4,OP1,C1_WIFI_SIN_CARGA,N3
,0.504,0.323,0.27,1.0,,1787596281252.6052,14.45,-0.32,9.38,0.35,1787596281252.6052,False,,,4,OP1,C1_WIFI_SIN_CARGA,N3
,0.506,0.321,0.272,1.0,,1787596281282.3684,14.52,-0.48,9.26,0.35,1787596281284.3777,False,,,4,OP1,C1_WIFI_SIN_CARGA,N3
,0.507,0.32,0.273,1.0,,1787596281313.0469,14.555,-0.56,9.2,0.35,1787596281313.0469,False,,,4,OP1,C1_WIFI_SIN_CARGA,N3
,0.508,0.319,0.274,1.0,,1787596281361.0544,14.59,-0.64,9.14,0.35,1787596281361.0544,False,,,4,OP1,C1_WIFI_SIN_CARGA,N3
,0.508,0.321,0.273,1.0,,1787596281391.1858,14.555,-0.64,9.26,0.35,1787596281391.1858,False,,,4,OP1,C1_WIFI_SIN_CARGA,N3
,0.508,0.323,0.271,1.0,,1787596281417.7302,14.485,-0.64,9.38,0.35,1787596281425.4084,False,,,4,OP1,C1_WIFI_SIN_CARGA,N3
,0.507,0.323,0.269,1.0,,1787596281450.8242,14.415,-0.56,9.38,0.35,1787596281450.8242,False,,,4,OP1,C1_WIFI_SIN_CARGA,N3
,0.506,0.324,0.264,1.0,,1787596281479.5989,14.24,-0.48,9.44,0.35,1787596281479.5989,False,,,4,OP1,C1_WIFI_SIN_CARGA,N3
,0.507,0.326,0.26,1.0,,1787596281504.4082,14.1,-0.56,9.56,0.35,1787596281504.4082,False,,,4,OP1,C1_WIFI_SIN_CARGA,N3
,0.507,0.326,0.257,1.0,,1787596281527.6414,13.995,-0.56,9.56,0.35,1787596281527.6414,False,,,4,OP1,C1_WIFI_SIN_CARGA,N3
,0.508,0.325,0.255,1.0,,1787596281560.066,13.925,-0.64,9.5,0.35,1787596281560.066,False,,,4,OP1,C1_WIFI_SIN_CARGA,N3
,0.509,0.325,0.254,1.0,,1787596281581.99,13.89,-0.72,9.5,0.35,1787596281581.99,False,,,4,OP1,C1_WIFI_SIN_CARGA,N3
,0.51,0.325,0.253,1.0,,1787596281616.9875,13.855,-0.8,9.5,0.35,1787596281616.9875,False,,,4,OP1,C1_WIFI_SIN_CARGA,N3
,0.511,0.324,0.252,1.0,,1787596281644.1667,13.82,-0.88,9.44,0.35,1787596281646.817,False,,,4,OP1,C1_WIFI_SIN_CARGA,N3
,0.511,0.324,0.252,1.0,,1787596281671.1428,13.82,-0.88,9.44,0.35,1787596281671.1428,False,,,4,OP1,C1_WIFI_SIN_CARGA,N3
,0.511,0.325,0.252,1.0,,1787596281696.8303,13.82,-0.88,9.5,0.35,1787596281696.8303,False,,,4,OP1,C1_WIFI_SIN_CARGA,N3
,0.512,0.325,0.252,1.0,,1787596281728.031,13.82,-0.96,9.5,0.35,1787596281728.031,False,,,4,OP1,C1_WIFI_SIN_CARGA,N3
,0.512,0.325,0.252,1.0,,1787596281751.6858,13.82,-0.96,9.5,0.35,1787596281751.6858,False,,,4,OP1,C1_WIFI_SIN_CARGA,N3
,0.513,0.325,0.252,1.0,,1787596281783.751,13.82,-1.04,9.5,0.35,1787596281783.751,False,,,4,OP1,C1_WIFI_SIN_CARGA,N3
,0.513,0.324,0.251,1.0,,1787596281812.4631,13.785,-1.04,9.44,0.35,1787596281814.6338,False,,,4,OP1,C1_WIFI_SIN_CARGA,N3
,0.514,0.324,0.251,1.0,,1787596281863.057,13.785,-1.12,9.44,0.35,1787596281863.057,False,,,4,OP1,C1_WIFI_SIN_CARGA,N3
,0.514,0.324,0.251,1.0,,1787596281897.2212,13.785,-1.12,9.44,0.35,1787596281897.2212,False,,,4,OP1,C1_WIFI_SIN_CARGA,N3
,0.514,0.323,0.251,1.0,,1787596281923.5735,13.785,-1.12,9.38,0.35,1787596281923.5735,False,,,4,OP1,C1_WIFI_SIN_CARGA,N3
,0.514,0.324,0.251,1.0,,1787596281951.355,13.785,-1.12,9.44,0.35,1787596281951.355,False,,,4,OP1,C1_WIFI_SIN_CARGA,N3
,0.514,0.324,0.251,1.0,,1787596281979.449,13.785,-1.12,9.44,0.35,1787596281980.4128,False,,,4,OP1,C1_WIFI_SIN_CARGA,N3
,0.513,0.325,0.251,1.0,,1787596282007.441,13.785,-1.04,9.5,0.35,1787596282007.441,False,,,4,OP1,C1_WIFI_SIN_CARGA,N3
,0.513,0.325,0.251,1.0,,1787596282030.5752,13.785,-1.04,9.5,0.35,1787596282030.5752,False,,,4,OP1,C1_WIFI_SIN_CARGA,N3
,0.513,0.325,0.252,1.0,,1787596282052.4836,13.82,-1.04,9.5,0.35,1787596282064.1694,False,,,4,OP1,C1_WIFI_SIN_CARGA,N3
,0.513,0.325,0.252,1.0,,1787596282085.5024,13.82,-1.04,9.5,0.35,1787596282085.5024,False,,,4,OP1,C1_WIFI_SIN_CARGA,N3
,0.513,0.325,0.251,1.0,,1787596282119.7583,13.785,-1.04,9.5,0.35,1787596282119.7583,False,,,4,OP1,C1_WIFI_SIN_CARGA,N3
,0.513,0.325,0.252,1.0,,1787596282147.667,13.82,-1.04,9.5,0.35,1787596282147.667,False,,,4,OP1,C1_WIFI_SIN_CARGA,N3
,0.513,0.326,0.252,1.0,,1787596282168.0757,13.82,-1.04,9.56,0.35,1787596282168.0757,False,,,4,OP1,C1_WIFI_SIN_CARGA,N3
,0.513,0.326,0.252,1.0,,1787596282198.6704,13.82,-1.04,9.56,0.35,1787596282198.6704,False,,,4,OP1,C1_WIFI_SIN_CARGA,N3
,0.512,0.327,0.252,1.0,,1787596282230.3523,13.82,-0.96,9.62,0.35,1787596282230.3523,False,,,4,OP1,C1_WIFI_SIN_CARGA,N3
,0.512,0.327,0.252,1.0,,1787596282257.178,13.82,-0.96,9.62,0.35,1787596282257.178,False,,,4,OP1,C1_WIFI_SIN_CARGA,N3
,0.512,0.327,0.252,1.0,,1787596282286.8423,13.82,-0.96,9.62,0.35,1787596282286.8423,False,,,4,OP1,C1_WIFI_SIN_CARGA,N3
,0.512,0.327,0.253,1.0,,1787596282308.7388,13.855,-0.96,9.62,0.35,1787596282308.7388,False,,,4,OP1,C1_WIFI_SIN_CARGA,N3
,0.513,0.327,0.253,1.0,,1787596282333.3765,13.855,-1.04,9.62,0.35,1787596282344.188,False,,,4,OP1,C1_WIFI_SIN_CARGA,N3
,0.513,0.327,0.253,1.0,,1787596282365.1548,13.855,-1.04,9.62,0.35,1787596282365.1548,False,,,4,OP1,C1_WIFI_SIN_CARGA,N3
,0.513,0.327,0.253,1.0,,1787596282397.2468,13.855,-1.04,9.62,0.35,1787596282400.2805,False,,,4,OP1,C1_WIFI_SIN_CARGA,N3
,0.513,0.327,0.253,1.0,,1787596282425.3542,13.855,-1.04,9.62,0.35,1787596282425.3542,False,,,4,OP1,C1_WIFI_SIN_CARGA,N3
,0.513,0.328,0.253,1.0,,1787596282447.23,13.855,-1.04,9.68,0.35,1787596282447.23,False,,,4,OP1,C1_WIFI_SIN_CARGA,N3
,0.513,0.328,0.254,1.0,,1787596282474.075,13.89,-1.04,9.68,0.35,1787596282474.075,False,,,4,OP1,C1_WIFI_SIN_CARGA,N3
,0.513,0.328,0.254,1.0,,1787596282509.165,13.89,-1.04,9.68,0.35,1787596282509.165,False,,,4,OP1,C1_WIFI_SIN_CARGA,N3
,0.514,0.328,0.254,1.0,,1787596282538.8557,13.89,-1.12,9.68,0.35,1787596282538.8557,False,,,4,OP1,C1_WIFI_SIN_CARGA,N3
,0.514,0.328,0.254,1.0,,1787596282563.4033,13.89,-1.12,9.68,0.35,1787596282568.337,False,,,4,OP1,C1_WIFI_SIN_CARGA,N3
,0.513,0.328,0.254,1.0,,1787596282587.1724,13.89,-1.04,9.68,0.35,1787596282587.1724,False,,,4,OP1,C1_WIFI_SIN_CARGA,N3
,0.514,0.328,0.254,1.0,,1787596282619.381,13.89,-1.12,9.68,0.35,1787596282621.404,False,,,4,OP1,C1_WIFI_SIN_CARGA,N3
,0.514,0.328,0.254,1.0,,1787596282647.2605,13.89,-1.12,9.68,0.35,1787596282647.2605,False,,,4,OP1,C1_WIFI_SIN_CARGA,N3
,0.514,0.328,0.254,1.0,,1787596282668.6794,13.89,-1.12,9.68,0.35,1787596282668.6794,False,,,4,OP1,C1_WIFI_SIN_CARGA,N3
,0.515,0.328,0.254,1.0,,1787596282698.9236,13.89,-1.2,9.68,0.35,1787596282698.9236,False,,,4,OP1,C1_WIFI_SIN_CARGA,N3
,0.515,0.327,0.254,1.0,,1787596282723.7517,13.89,-1.2,9.62,0.35,1787596282723.7517,False,,,4,OP1,C1_WIFI_SIN_CARGA,N3
,0.515,0.327,0.253,1.0,,1787596282753.5256,13.855,-1.2,9.62,0.35,1787596282753.5256,False,,,4,OP1,C1_WIFI_SIN_CARGA,N3
,0.515,0.327,0.254,1.0,,1787596282787.0674,13.89,-1.2,9.62,0.35,1787596282788.048,False,,,4,OP1,C1_WIFI_SIN_CARGA,N3
,0.515,0.327,0.254,1.0,,1787596282814.337,13.89,-1.2,9.62,0.35,1787596282814.337,False,,,4,OP1,C1_WIFI_SIN_CARGA,N3
,0.515,0.327,0.254,1.0,,1787596282839.927,13.89,-1.2,9.62,0.35,1787596282839.927,False,,,4,OP1,C1_WIFI_SIN_CARGA,N3
,0.514,0.327,0.254,1.0,,1787596282863.3794,13.89,-1.12,9.62,0.35,1787596282863.3794,False,,,4,OP1,C1_WIFI_SIN_CARGA,N3
,0.514,0.327,0.253,1.0,,1787596282897.282,13.855,-1.12,9.62,0.35,1787596282897.282,False,,,4,OP1,C1_WIFI_SIN_CARGA,N3
,0.514,0.328,0.253,1.0,,1787596282920.63,13.855,-1.12,9.68,0.35,1787596282920.63,False,,,4,OP1,C1_WIFI_SIN_CARGA,N3
,0.513,0.328,0.252,1.0,,1787596282947.3206,13.82,-1.04,9.68,0.35,1787596282947.3206,False,,,4,OP1,C1_WIFI_SIN_CARGA,N3
,0.513,0.328,0.252,1.0,,1787596282975.2646,13.82,-1.04,9.68,0.35,1787596282975.2646,False,,,4,OP1,C1_WIFI_SIN_CARGA,N3
,0.513,0.328,0.251,1.0,,1787596283008.9536,13.785,-1.04,9.68,0.35,1787596283008.9536,False,,,4,OP1,C1_WIFI_SIN_CARGA,N3
,0.512,0.328,0.251,1.0,,1787596283038.0647,13.785,-0.96,9.68,0.35,1787596283038.0647,False,,,4,OP1,C1_WIFI_SIN_CARGA,N3
,0.512,0.327,0.251,1.0,,1787596283064.4795,13.785,-0.96,9.62,0.35,1787596283064.4795,False,,,4,OP1,C1_WIFI_SIN_CARGA,N3
,0.512,0.327,0.251,1.0,,1787596283093.0613,13.785,-0.96,9.62,0.35,1787596283093.0613,False,,,4,OP1,C1_WIFI_SIN_CARGA,N3
,0.512,0.326,0.252,1.0,,1787596283121.5842,13.82,-0.96,9.56,0.35,1787596283122.6018,False,,,4,OP1,C1_WIFI_SIN_CARGA,N3
,0.512,0.325,0.252,1.0,,1787596283147.1072,13.82,-0.96,9.5,0.35,1787596283147.1072,False,,,4,OP1,C1_WIFI_SIN_CARGA,N3
,0.512,0.325,0.252,1.0,,1787596283173.1448,13.82,-0.96,9.5,0.35,1787596283173.1448,False,,,4,OP1,C1_WIFI_SIN_CARGA,N3
,0.512,0.324,0.253,1.0,,1787596283197.08,13.855,-0.96,9.44,0.35,1787596283206.535,False,,,4,OP1,C1_WIFI_SIN_CARGA,N3
,0.512,0.324,0.253,1.0,,1787596283225.7249,13.855,-0.96,9.44,0.35,1787596283225.7249,False,,,4,OP1,C1_WIFI_SIN_CARGA,N3
,0.513,0.324,0.253,1.0,,1787596283260.871,13.855,-1.04,9.44,0.35,1787596283260.871,False,,,4,OP1,C1_WIFI_SIN_CARGA,N3
,0.512,0.323,0.253,1.0,,1787596283317.0889,13.855,-0.96,9.38,0.35,1787596283319.6184,False,,,4,OP1,C1_WIFI_SIN_CARGA,N3
,0.512,0.323,0.253,1.0,,1787596283344.034,13.855,-0.96,9.38,0.35,1787596283344.034,False,,,4,OP1,C1_WIFI_SIN_CARGA,N3
,0.512,0.323,0.253,1.0,,1787596283368.1765,13.855,-0.96,9.38,0.35,1787596283368.1765,False,,,4,OP1,C1_WIFI_SIN_CARGA,N3
,0.512,0.323,0.253,1.0,,1787596283396.9763,13.855,-0.96,9.38,0.35,1787596283396.9763,False,,,4,OP1,C1_WIFI_SIN_CARGA,N3
,0.513,0.323,0.253,1.0,,1787596283428.8147,13.855,-1.04,9.38,0.35,1787596283428.8147,False,,,4,OP1,C1_WIFI_SIN_CARGA,N3
,0.513,0.322,0.253,1.0,,1787596283474.016,13.855,-1.04,9.32,0.35,1787596283474.016,False,,,4,OP1,C1_WIFI_SIN_CARGA,N3
,0.513,0.322,0.253,1.0,,1787596283510.3987,13.855,-1.04,9.32,0.35,1787596283510.3987,False,,,4,OP1,C1_WIFI_SIN_CARGA,N3
,0.514,0.321,0.254,1.0,,1787596283530.9902,13.89,-1.12,9.26,0.35,1787596283530.9902,False,,,4,OP1,C1_WIFI_SIN_CARGA,N3
,0.514,0.32,0.254,1.0,,1787596283566.7202,13.89,-1.12,9.2,0.35,1787596283566.7202,False,,,4,OP1,C1_WIFI_SIN_CARGA,N3
,0.514,0.32,0.255,1.0,,1787596283595.9617,13.925,-1.12,9.2,0.35,1787596283595.9617,False,,,4,OP1,C1_WIFI_SIN_CARGA,N3
,0.514,0.319,0.255,1.0,,1787596283620.458,13.925,-1.12,9.14,0.35,1787596283620.458,False,,,4,OP1,C1_WIFI_SIN_CARGA,N3
,0.515,0.318,0.256,1.0,,1787596283647.6067,13.96,-1.2,9.08,0.35,1787596283647.6067,False,,,4,OP1,C1_WIFI_SIN_CARGA,N3
,0.515,0.318,0.256,1.0,,1787596283676.0425,13.96,-1.2,9.08,0.35,1787596283676.0425,False,,,4,OP1,C1_WIFI_SIN_CARGA,N3
,0.515,0.318,0.256,1.0,,1787596283705.9983,13.96,-1.2,9.08,0.35,1787596283705.9983,False,,,4,OP1,C1_WIFI_SIN_CARGA,N3
,0.515,0.318,0.256,1.0,,1787596283733.5862,13.96,-1.2,9.08,0.35,1787596283733.5862,False,,,4,OP1,C1_WIFI_SIN_CARGA,N3
,0.515,0.319,0.256,1.0,,1787596283762.756,13.96,-1.2,9.14,0.35,1787596283763.6536,False,,,4,OP1,C1_WIFI_SIN_CARGA,N3
,0.515,0.319,0.256,1.0,,1787596283810.8538,13.96,-1.2,9.14,0.35,1787596283810.8538,False,,,4,OP1,C1_WIFI_SIN_CARGA,N3
,0.515,0.32,0.255,1.0,,1787596283844.5984,13.925,-1.2,9.2,0.35,1787596283844.5984,False,,,4,OP1,C1_WIFI_SIN_CARGA,N3
,0.515,0.32,0.255,1.0,,1787596283871.1675,13.925,-1.2,9.2,0.35,1787596283871.1675,False,,,4,OP1,C1_WIFI_SIN_CARGA,N3
,0.515,0.32,0.255,1.0,,1787596283901.911,13.925,-1.2,9.2,0.35,1787596283901.911,False,,,4,OP1,C1_WIFI_SIN_CARGA,N3
,0.515,0.321,0.255,1.0,,1787596283929.2805,13.925,-1.2,9.26,0.35,1787596283931.0107,False,,,4,OP1,C1_WIFI_SIN_CARGA,N3
,0.514,0.321,0.254,1.0,,1787596283979.308,13.89,-1.12,9.26,0.35,1787596283979.308,False,,,4,OP1,C1_WIFI_SIN_CARGA,N3
,0.513,0.321,0.254,1.0,,1787596284011.895,13.89,-1.04,9.26,0.35,1787596284011.895,False,,,4,OP1,C1_WIFI_SIN_CARGA,N3
,0.513,0.322,0.254,1.0,,1787596284039.6956,13.89,-1.04,9.32,0.35,1787596284039.6956,False,,,4,OP1,C1_WIFI_SIN_CARGA,N3
,0.512,0.322,0.254,1.0,,1787596284067.256,13.89,-0.96,9.32,0.35,1787596284069.2678,False,,,4,OP1,C1_WIFI_SIN_CARGA,N3
,0.512,0.321,0.254,1.0,,1787596284096.9006,13.89,-0.96,9.26,0.35,1787596284097.5,False,,,4,OP1,C1_WIFI_SIN_CARGA,N3
,0.511,0.321,0.254,1.0,,1787596284147.0503,13.89,-0.88,9.26,0.35,1787596284147.0503,False,,,4,OP1,C1_WIFI_SIN_CARGA,N3
,0.511,0.321,0.254,1.0,,1787596284180.6768,13.89,-0.88,9.26,0.35,1787596284180.6768,False,,,4,OP1,C1_WIFI_SIN_CARGA,N3
,0.511,0.321,0.253,1.0,,1787596284207.2556,13.855,-0.88,9.26,0.35,1787596284207.2556,False,,,4,OP1,C1_WIFI_SIN_CARGA,N3
,0.511,0.321,0.254,1.0,,1787596284235.2502,13.89,-0.88,9.26,0.35,1787596284236.2854,False,,,4,OP1,C1_WIFI_SIN_CARGA,N3
,0.511,0.321,0.254,1.0,,1787596284257.3577,13.89,-0.88,9.26,0.35,1787596284264.212,False,,,4,OP1,C1_WIFI_SIN_CARGA,N3
,0.512,0.321,0.254,1.0,,1787596284284.4292,13.89,-0.96,9.26,0.35,1787596284284.4292,False,,,4,OP1,C1_WIFI_SIN_CARGA,N3
,0.512,0.32,0.254,1.0,,1787596284316.275,13.89,-0.96,9.2,0.35,1787596284316.275,False,,,4,OP1,C1_WIFI_SIN_CARGA,N3
,0.512,0.32,0.253,1.0,,1787596284345.552,13.855,-0.96,9.2,0.35,1787596284347.1023,False,,,4,OP1,C1_WIFI_SIN_CARGA,N3
,0.512,0.32,0.253,1.0,,1787596284373.807,13.855,-0.96,9.2,0.35,1787596284375.8162,False,,,4,OP1,C1_WIFI_SIN_CARGA,N3
,0.512,0.32,0.253,1.0,,1787596284403.46,13.855,-0.96,9.2,0.35,1787596284403.46,False,,,4,OP1,C1_WIFI_SIN_CARGA,N3
,0.513,0.319,0.253,1.0,,1787596284451.2148,13.855,-1.04,9.14,0.35,1787596284451.2148,False,,,4,OP1,C1_WIFI_SIN_CARGA,N3
,0.513,0.319,0.253,1.0,,1787596284481.9478,13.855,-1.04,9.14,0.35,1787596284481.9478,False,,,4,OP1,C1_WIFI_SIN_CARGA,N3
,0.513,0.32,0.252,1.0,,1787596284513.692,13.82,-1.04,9.2,0.35,1787596284513.692,False,,,4,OP1,C1_WIFI_SIN_CARGA,N3
,0.513,0.32,0.252,1.0,,1787596284536.1687,13.82,-1.04,9.2,0.35,1787596284536.1687,False,,,4,OP1,C1_WIFI_SIN_CARGA,N3
,0.513,0.321,0.252,1.0,,1787596284571.174,13.82,-1.04,9.26,0.35,1787596284571.174,False,,,4,OP1,C1_WIFI_SIN_CARGA,N3
,0.513,0.321,0.252,1.0,,1787596284596.992,13.82,-1.04,9.26,0.35,1787596284596.992,False,,,4,OP1,C1_WIFI_SIN_CARGA,N3
,0.512,0.321,0.252,1.0,,1787596284619.332,13.82,-0.96,9.26,0.35,1787596284619.332,False,,,4,OP1,C1_WIFI_SIN_CARGA,N3
,0.512,0.321,0.253,1.0,,1787596284650.3232,13.855,-0.96,9.26,0.35,1787596284650.3232,False,,,4,OP1,C1_WIFI_SIN_CARGA,N3
,0.512,0.321,0.253,1.0,,1787596284673.5603,13.855,-0.96,9.26,0.35,1787596284673.5603,False,,,4,OP1,C1_WIFI_SIN_CARGA,N3
,0.512,0.321,0.253,1.0,,1787596284705.206,13.855,-0.96,9.26,0.35,1787596284705.206,False,,,4,OP1,C1_WIFI_SIN_CARGA,N3
,0.512,0.321,0.253,1.0,,1787596284739.0212,13.855,-0.96,9.26,0.35,1787596284739.0212,False,,,4,OP1,C1_WIFI_SIN_CARGA,N3
,0.512,0.322,0.252,1.0,,1787596284763.3667,13.82,-0.96,9.32,0.35,1787596284763.3667,False,,,4,OP1,C1_WIFI_SIN_CARGA,N3
,0.512,0.323,0.251,1.0,,1787596284786.3008,13.785,-0.96,9.38,0.35,1787596284786.3008,False,,,4,OP1,C1_WIFI_SIN_CARGA,N3
,0.512,0.323,0.251,1.0,,1787596284819.9216,13.785,-0.96,9.38,0.35,1787596284819.9216,False,,,4,OP1,C1_WIFI_SIN_CARGA,N3
,0.512,0.324,0.251,1.0,,1787596284848.8623,13.785,-0.96,9.44,0.35,1787596284848.8623,False,,,4,OP1,C1_WIFI_SIN_CARGA,N3
,0.511,0.325,0.252,1.0,,1787596284872.5032,13.82,-0.88,9.5,0.35,1787596284872.5032,False,,,4,OP1,C1_WIFI_SIN_CARGA,N3
,0.51,0.326,0.254,1.0,,1787596284904.4092,13.89,-0.8,9.56,0.35,1787596284904.4092,False,,,4,OP1,C1_WIFI_SIN_CARGA,N3
,0.51,0.326,0.255,1.0,,1787596284955.1938,13.925,-0.8,9.56,0.35,1787596284955.1938,False,,,4,OP1,C1_WIFI_SIN_CARGA,N3
,0.51,0.327,0.255,1.0,,1787596284976.486,13.925,-0.8,9.62,0.35,1787596284988.3748,False,,,4,OP1,C1_WIFI_SIN_CARGA,N3
,0.509,0.328,0.254,1.0,,1787596285014.796,13.89,-0.72,9.68,0.35,1787596285014.796,False,,,4,OP1,C1_WIFI_SIN_CARGA,N3
,0.508,0.328,0.252,1.0,,1787596285043.041,13.82,-0.64,9.68,0.35,1787596285043.041,False,,,4,OP1,C1_WIFI_SIN_CARGA,N3
,0.506,0.328,0.252,1.0,,1787596285070.3953,13.82,-0.48,9.68,0.35,1787596285071.3865,False,,,4,OP1,C1_WIFI_SIN_CARGA,N3
,0.504,0.327,0.251,1.0,,1787596285097.3586,13.785,-0.32,9.62,0.35,1787596285097.3586,False,,,4,OP1,C1_WIFI_SIN_CARGA,N3
,0.501,0.327,0.25,1.0,,1787596285122.7466,13.75,-0.08,9.62,0.35,1787596285122.7466,False,,,4,OP1,C1_WIFI_SIN_CARGA,N3
,0.5,0.327,0.249,1.0,,1787596285154.6506,13.715,0.0,9.62,0.35,1787596285155.7246,False,,,4,OP1,C1_WIFI_SIN_CARGA,N3
,0.498,0.327,0.248,1.0,,1787596285175.2725,13.68,0.16,9.62,0.35,1787596285175.2725,False,,,4,OP1,C1_WIFI_SIN_CARGA,N3
,0.496,0.326,0.247,1.0,,1787596285208.963,13.645,0.32,9.56,0.35,1787596285208.963,False,,,4,OP1,C1_WIFI_SIN_CARGA,N3
,0.494,0.326,0.246,1.0,,1787596285237.7988,13.61,0.48,9.56,0.35,1787596285238.798,False,,,4,OP1,C1_WIFI_SIN_CARGA,N3
,0.493,0.327,0.246,1.0,,1787596285265.5725,13.61,0.56,9.62,0.35,1787596285268.8518,False,,,4,OP1,C1_WIFI_SIN_CARGA,N3
,0.493,0.327,0.246,1.0,,1787596285289.0378,13.61,0.56,9.62,0.35,1787596285289.0378,False,,,4,OP1,C1_WIFI_SIN_CARGA,N3
,0.494,0.326,0.247,1.0,,1787596285315.546,13.645,0.48,9.56,0.35,1787596285315.546,False,,,4,OP1,C1_WIFI_SIN_CARGA,N3
,0.494,0.326,0.247,1.0,,1787596285348.494,13.645,0.48,9.56,0.35,1787596285348.494,False,,,4,OP1,C1_WIFI_SIN_CARGA,N3
,0.495,0.326,0.247,1.0,,1787596285377.17,13.645,0.4,9.56,0.35,1787596285379.1792,False,,,4,OP1,C1_WIFI_SIN_CARGA,N3
,0.496,0.322,0.248,1.0,,1787596285425.5552,13.68,0.32,9.32,0.35,1787596285425.5552,False,,,4,OP1,C1_WIFI_SIN_CARGA,N3
,0.496,0.321,0.249,1.0,,1787596285458.7205,13.715,0.32,9.26,0.35,1787596285462.6155,False,,,4,OP1,C1_WIFI_SIN_CARGA,N3
,0.496,0.322,0.249,1.0,,1787596285484.8926,13.715,0.32,9.32,0.35,1787596285484.8926,False,,,4,OP1,C1_WIFI_SIN_CARGA,N3
,0.496,0.321,0.25,1.0,,1787596285515.6233,13.75,0.32,9.26,0.35,1787596285517.1611,False,,,4,OP1,C1_WIFI_SIN_CARGA,N3
,0.498,0.319,0.253,1.0,,1787596285544.6423,13.855,0.16,9.14,0.35,1787596285544.6423,False,,,4,OP1,C1_WIFI_SIN_CARGA,N3
,0.501,0.317,0.259,0.995,,1787596285569.498,14.065,-0.08,9.02,0.3553,1787596285574.2957,False,,,4,OP1,C1_WIFI_SIN_CARGA,N3
,0.503,0.315,0.263,0.992,,1787596285597.1135,14.205,-0.24,8.9,0.3584,1787596285597.1135,False,,,4,OP1,C1_WIFI_SIN_CARGA,N3
,0.504,0.315,0.263,0.994,,1787596285624.3926,14.205,-0.32,8.9,0.3563,1787596285624.3926,False,,,4,OP1,C1_WIFI_SIN_CARGA,N3
,0.504,0.315,0.263,1.0,,1787596285655.4712,14.205,-0.32,8.9,0.35,1787596285655.4712,False,,,4,OP1,C1_WIFI_SIN_CARGA,N3
,0.505,0.316,0.263,1.0,,1787596285683.2932,14.205,-0.4,8.96,0.35,1787596285683.2932,False,,,4,OP1,C1_WIFI_SIN_CARGA,N3
,0.504,0.317,0.262,1.0,,1787596285712.1638,14.17,-0.32,9.02,0.35,1787596285712.1638,False,,,4,OP1,C1_WIFI_SIN_CARGA,N3
,0.504,0.318,0.258,1.0,,1787596285762.002,14.03,-0.32,9.08,0.35,1787596285768.7644,False,,,4,OP1,C1_WIFI_SIN_CARGA,N3
,0.505,0.317,0.256,1.0,,1787596285795.3335,13.96,-0.4,9.02,0.35,1787596285796.3987,False,,,4,OP1,C1_WIFI_SIN_CARGA,N3
,0.506,0.315,0.255,1.0,,1787596285820.777,13.925,-0.48,8.9,0.35,1787596285820.777,False,,,4,OP1,C1_WIFI_SIN_CARGA,N3
,0.506,0.313,0.253,1.0,,1787596285849.114,13.855,-0.48,8.78,0.35,1787596285849.114,False,,,4,OP1,C1_WIFI_SIN_CARGA,N3
,0.508,0.311,0.253,1.0,,1787596285877.7695,13.855,-0.64,8.66,0.35,1787596285879.7825,False,,,4,OP1,C1_WIFI_SIN_CARGA,N3
,0.508,0.31,0.253,1.0,,1787596285928.2202,13.855,-0.64,8.6,0.35,1787596285928.2202,False,,,4,OP1,C1_WIFI_SIN_CARGA,N3
,0.508,0.309,0.252,1.0,,1787596285951.2522,13.82,-0.64,8.54,0.35,1787596285963.1167,False,,,4,OP1,C1_WIFI_SIN_CARGA,N3
,0.507,0.309,0.251,1.0,,1787596285988.664,13.785,-0.56,8.54,0.35,1787596285988.664,False,,,4,OP1,C1_WIFI_SIN_CARGA,N3
,0.506,0.309,0.25,1.0,,1787596286016.2292,13.75,-0.48,8.54,0.35,1787596286018.255,False,,,4,OP1,C1_WIFI_SIN_CARGA,N3
,0.504,0.308,0.249,1.0,,1787596286045.1848,13.715,-0.32,8.48,0.35,1787596286045.1848,False,,,4,OP1,C1_WIFI_SIN_CARGA,N3
,0.503,0.308,0.249,1.0,,1787596286072.925,13.715,-0.24,8.48,0.35,1787596286072.925,False,,,4,OP1,C1_WIFI_SIN_CARGA,N3
,0.503,0.307,0.249,1.0,,1787596286097.3228,13.715,-0.24,8.42,0.35,1787596286097.3228,False,,,4,OP1,C1_WIFI_SIN_CARGA,N3
,0.503,0.307,0.249,1.0,,1787596286124.131,13.715,-0.24,8.42,0.35,1787596286131.0083,False,,,4,OP1,C1_WIFI_SIN_CARGA,N3
,0.503,0.307,0.249,1.0,,1787596286155.9414,13.715,-0.24,8.42,0.35,1787596286155.9414,False,,,4,OP1,C1_WIFI_SIN_CARGA,N3
,0.504,0.307,0.25,1.0,,1787596286183.8357,13.75,-0.32,8.42,0.35,1787596286185.855,False,,,4,OP1,C1_WIFI_SIN_CARGA,N3
,0.505,0.307,0.25,1.0,,1787596286212.966,13.75,-0.4,8.42,0.35,1787596286212.966,False,,,4,OP1,C1_WIFI_SIN_CARGA,N3
,0.507,0.307,0.252,1.0,,1787596286264.443,13.82,-0.56,8.42,0.35,1787596286264.443,False,,,4,OP1,C1_WIFI_SIN_CARGA,N3
,0.508,0.308,0.254,1.0,,1787596286289.5735,13.89,-0.64,8.48,0.35,1787596286296.898,False,,,4,OP1,C1_WIFI_SIN_CARGA,N3
,0.51,0.308,0.255,1.0,,1787596286323.6567,13.925,-0.8,8.48,0.35,1787596286323.6567,False,,,4,OP1,C1_WIFI_SIN_CARGA,N3
,0.511,0.309,0.255,1.0,,1787596286351.8696,13.925,-0.88,8.54,0.35,1787596286351.8696,False,,,4,OP1,C1_WIFI_SIN_CARGA,N3
,0.513,0.31,0.256,1.0,,1787596286399.832,13.96,-1.04,8.6,0.35,1787596286408.7976,False,,,4,OP1,C1_WIFI_SIN_CARGA,N3
,0.514,0.311,0.257,1.0,,1787596286430.641,13.995,-1.12,8.66,0.35,1787596286430.641,False,,,4,OP1,C1_WIFI_SIN_CARGA,N3
,0.514,0.312,0.258,1.0,,1787596286460.8418,14.03,-1.12,8.72,0.35,1787596286464.7566,False,,,4,OP1,C1_WIFI_SIN_CARGA,N3
,0.515,0.314,0.259,1.0,,1787596286491.2932,14.065,-1.2,8.84,0.35,1787596286491.2932,False,,,4,OP1,C1_WIFI_SIN_CARGA,N3
,0.516,0.313,0.261,1.0,,1787596286516.878,14.135,-1.28,8.78,0.35,1787596286516.878,False,,,4,OP1,C1_WIFI_SIN_CARGA,N3
,0.516,0.313,0.262,1.0,,1787596286546.916,14.17,-1.28,8.78,0.35,1787596286546.916,False,,,4,OP1,C1_WIFI_SIN_CARGA,N3
,0.517,0.313,0.264,1.0,,1787596286567.5007,14.24,-1.36,8.78,0.35,1787596286567.5007,False,,,4,OP1,C1_WIFI_SIN_CARGA,N3
,0.518,0.312,0.267,1.0,,1787596286602.8274,14.345,-1.44,8.72,0.35,1787596286602.8274,False,,,4,OP1,C1_WIFI_SIN_CARGA,N3
,0.517,0.311,0.27,1.0,,1787596286630.3208,14.45,-1.36,8.66,0.35,1787596286631.3188,False,,,4,OP1,C1_WIFI_SIN_CARGA,N3
,0.517,0.31,0.273,1.0,,1787596286657.9058,14.555,-1.36,8.6,0.35,1787596286657.9058,False,,,4,OP1,C1_WIFI_SIN_CARGA,N3
,0.517,0.308,0.275,1.0,,1787596286687.641,14.625,-1.36,8.48,0.35,1787596286687.641,False,,,4,OP1,C1_WIFI_SIN_CARGA,N3
,0.516,0.306,0.281,1.0,,1787596286734.596,14.835,-1.28,8.36,0.35,1787596286734.596,False,,,4,OP1,C1_WIFI_SIN_CARGA,N3
,0.515,0.303,0.286,1.0,,1787596286768.1062,15.01,-1.2,8.18,0.35,1787596286768.1062,False,,,4,OP1,C1_WIFI_SIN_CARGA,N3
,0.515,0.301,0.29,1.0,,1787596286797.3074,15.15,-1.2,8.06,0.35,1787596286797.3074,False,,,4,OP1,C1_WIFI_SIN_CARGA,N3
,0.514,0.3,0.292,1.0,,1787596286825.2654,15.22,-1.12,8.0,0.35,1787596286825.2654,False,,,4,OP1,C1_WIFI_SIN_CARGA,N3
,0.514,0.3,0.292,1.0,,1787596286853.4087,15.22,-1.12,8.0,0.35,1787596286854.1675,False,,,4,OP1,C1_WIFI_SIN_CARGA,N3
,0.513,0.301,0.292,1.0,,1787596286903.4973,15.22,-1.04,8.06,0.35,1787596286903.4973,False,,,4,OP1,C1_WIFI_SIN_CARGA,N3
,0.512,0.302,0.293,1.0,,1787596286935.6514,15.255,-0.96,8.12,0.35,1787596286935.6514,False,,,4,OP1,C1_WIFI_SIN_CARGA,N3
,0.511,0.302,0.293,1.0,,1787596286963.7793,15.255,-0.88,8.12,0.35,1787596286963.7793,False,,,4,OP1,C1_WIFI_SIN_CARGA,N3
,0.51,0.303,0.293,1.0,,1787596286992.177,15.255,-0.8,8.18,0.35,1787596286992.177,False,,,4,OP1,C1_WIFI_SIN_CARGA,N3
,0.509,0.304,0.293,1.0,,1787596287019.8464,15.255,-0.72,8.24,0.35,1787596287021.8467,False,,,4,OP1,C1_WIFI_SIN_CARGA,N3
,0.508,0.304,0.293,1.0,,1787596287047.043,15.255,-0.64,8.24,0.35,1787596287047.043,False,,,4,OP1,C1_WIFI_SIN_CARGA,N3
,0.507,0.304,0.294,1.0,,1787596287068.252,15.29,-0.56,8.24,0.35,1787596287068.252,False,,,4,OP1,C1_WIFI_SIN_CARGA,N3
,0.506,0.304,0.294,1.0,,1787596287104.49,15.29,-0.48,8.24,0.35,1787596287104.49,False,,,4,OP1,C1_WIFI_SIN_CARGA,N3
,0.506,0.304,0.294,1.0,,1787596287129.8987,15.29,-0.48,8.24,0.35,1787596287129.8987,False,,,4,OP1,C1_WIFI_SIN_CARGA,N3
,0.505,0.304,0.294,1.0,,1787596287159.2563,15.29,-0.4,8.24,0.35,1787596287159.2563,False,,,4,OP1,C1_WIFI_SIN_CARGA,N3
,0.504,0.305,0.294,1.0,,1787596287215.4695,15.29,-0.32,8.3,0.35,1787596287218.0376,False,,,4,OP1,C1_WIFI_SIN_CARGA,N3
,0.503,0.305,0.294,1.0,,1787596287239.8132,15.29,-0.24,8.3,0.35,1787596287239.8132,False,,,4,OP1,C1_WIFI_SIN_CARGA,N3
,0.503,0.305,0.294,1.0,,1787596287271.1409,15.29,-0.24,8.3,0.35,1787596287271.1409,False,,,4,OP1,C1_WIFI_SIN_CARGA,N3
,0.502,0.305,0.295,1.0,,1787596287296.7312,15.325,-0.16,8.3,0.35,1787596287296.7312,False,,,4,OP1,C1_WIFI_SIN_CARGA,N3
,0.501,0.305,0.295,1.0,,1787596287325.4062,15.325,-0.08,8.3,0.35,1787596287327.4153,False,,,4,OP1,C1_WIFI_SIN_CARGA,N3
,0.501,0.306,0.296,1.0,,1787596287353.7231,15.36,-0.08,8.36,0.35,1787596287355.4114,False,,,4,OP1,C1_WIFI_SIN_CARGA,N3
,0.5,0.306,0.297,1.0,,1787596287375.1587,15.395,0.0,8.36,0.35,1787596287375.1587,False,,,4,OP1,C1_WIFI_SIN_CARGA,N3
,0.5,0.306,0.297,1.0,,1787596287410.994,15.395,0.0,8.36,0.35,1787596287410.994,False,,,4,OP1,C1_WIFI_SIN_CARGA,N3
,0.5,0.308,0.297,1.0,,1787596287432.354,15.395,0.0,8.48,0.35,1787596287432.354,False,,,4,OP1,C1_WIFI_SIN_CARGA,N3
,0.499,0.31,0.297,1.0,,1787596287465.3328,15.395,0.08,8.6,0.35,1787596287466.3396,False,,,4,OP1,C1_WIFI_SIN_CARGA,N3
,0.499,0.313,0.297,1.0,,1787596287494.644,15.395,0.08,8.78,0.35,1787596287494.644,False,,,4,OP1,C1_WIFI_SIN_CARGA,N3
,0.498,0.318,0.297,1.0,,1787596287521.8386,15.395,0.16,9.08,0.35,1787596287521.8386,False,,,4,OP1,C1_WIFI_SIN_CARGA,N3
,0.498,0.32,0.297,1.0,,1787596287547.1382,15.395,0.16,9.2,0.35,1787596287547.1382,False,,,4,OP1,C1_WIFI_SIN_CARGA,N3
,0.497,0.322,0.296,1.0,,1787596287575.037,15.36,0.24,9.32,0.35,1787596287575.037,False,,,4,OP1,C1_WIFI_SIN_CARGA,N3
,0.497,0.323,0.295,1.0,,1787596287597.6384,15.325,0.24,9.38,0.35,1787596287597.6384,False,,,4,OP1,C1_WIFI_SIN_CARGA,N3
,0.496,0.323,0.295,1.0,,1787596287631.4016,15.325,0.32,9.38,0.35,1787596287633.4084,False,,,4,OP1,C1_WIFI_SIN_CARGA,N3
,0.496,0.323,0.295,1.0,,1787596287661.7073,15.325,0.32,9.38,0.35,1787596287663.7188,False,,,4,OP1,C1_WIFI_SIN_CARGA,N3
,0.494,0.323,0.295,1.0,,1787596287708.9668,15.325,0.48,9.38,0.35,1787596287708.9668,False,,,4,OP1,C1_WIFI_SIN_CARGA,N3
,0.493,0.324,0.295,1.0,,1787596287740.809,15.325,0.56,9.44,0.35,1787596287740.809,False,,,4,OP1,C1_WIFI_SIN_CARGA,N3
,0.493,0.324,0.296,1.0,,1787596287768.018,15.36,0.56,9.44,0.35,1787596287768.018,False,,,4,OP1,C1_WIFI_SIN_CARGA,N3
,0.493,0.325,0.296,1.0,,1787596287798.9375,15.36,0.56,9.5,0.35,1787596287798.9375,False,,,4,OP1,C1_WIFI_SIN_CARGA,N3
,0.493,0.326,0.296,1.0,,1787596287828.551,15.36,0.56,9.56,0.35,1787596287828.551,False,,,4,OP1,C1_WIFI_SIN_CARGA,N3
,0.494,0.333,0.3,1.0,,1787596287877.8066,15.5,0.48,9.98,0.35,1787596287877.8066,False,,,4,OP1,C1_WIFI_SIN_CARGA,N3
,0.496,0.338,0.304,1.0,,1787596287909.4373,15.64,0.32,10.28,0.35,1787596287909.4373,False,,,4,OP1,C1_WIFI_SIN_CARGA,N3
,0.497,0.343,0.307,1.0,,1787596287935.1953,15.745,0.24,10.58,0.35,1787596287935.1953,False,,,4,OP1,C1_WIFI_SIN_CARGA,N3
,0.498,0.348,0.309,1.0,,1787596287966.4543,15.815,0.16,10.88,0.35,1787596287966.4543,False,,,4,OP1,C1_WIFI_SIN_CARGA,N3
,0.498,0.354,0.313,1.0,,1787596287994.1646,15.955,0.16,11.24,0.35,1787596287996.696,False,,,4,OP1,C1_WIFI_SIN_CARGA,N3
,0.497,0.358,0.317,1.0,,1787596288020.4932,16.095,0.24,11.48,0.35,1787596288020.4932,False,,,4,OP1,C1_WIFI_SIN_CARGA,N3
,0.496,0.36,0.319,1.0,,1787596288046.7903,16.165,0.32,11.6,0.35,1787596288046.7903,False,,,4,OP1,C1_WIFI_SIN_CARGA,N3
,0.495,0.363,0.321,1.0,,1787596288077.2832,16.235,0.4,11.78,0.35,1787596288077.2832,False,,,4,OP1,C1_WIFI_SIN_CARGA,N3
,0.493,0.365,0.324,1.0,,1787596288103.425,16.34,0.56,11.9,0.35,1787596288107.9868,False,,,4,OP1,C1_WIFI_SIN_CARGA,N3
,0.491,0.367,0.327,1.0,,1787596288133.203,16.445,0.72,12.02,0.35,1787596288133.203,False,,,4,OP1,C1_WIFI_SIN_CARGA,N3
,0.489,0.369,0.329,1.0,,1787596288161.6816,16.515,0.88,12.14,0.35,1787596288163.6938,False,,,4,OP1,C1_WIFI_SIN_CARGA,N3
,0.486,0.373,0.332,1.0,,1787596288212.9285,16.62,1.12,12.38,0.35,1787596288212.9285,False,,,4,OP1,C1_WIFI_SIN_CARGA,N3
,0.484,0.375,0.332,1.0,,1787596288246.142,16.62,1.28,12.5,0.35,1787596288247.1511,False,,,4,OP1,C1_WIFI_SIN_CARGA,N3
,0.483,0.378,0.333,1.0,,1787596288272.1716,16.655,1.36,12.68,0.35,1787596288272.1716,False,,,4,OP1,C1_WIFI_SIN_CARGA,N3
,0.482,0.381,0.334,1.0,,1787596288301.0776,16.69,1.44,12.86,0.35,1787596288301.0776,False,,,4,OP1,C1_WIFI_SIN_CARGA,N3
,0.481,0.384,0.334,1.0,,1787596288330.386,16.69,1.52,13.04,0.35,1787596288331.4043,False,,,4,OP1,C1_WIFI_SIN_CARGA,N3
,0.48,0.391,0.334,1.0,,1787596288357.7554,16.69,1.6,13.46,0.35,1787596288357.7554,False,,,4,OP1,C1_WIFI_SIN_CARGA,N3
,0.479,0.397,0.334,1.0,,1787596288381.0552,16.69,1.68,13.82,0.35,1787596288381.0552,False,,,4,OP1,C1_WIFI_SIN_CARGA,N3
,0.478,0.405,0.332,1.0,,1787596288408.664,16.62,1.76,14.3,0.35,1787596288408.664,False,,,4,OP1,C1_WIFI_SIN_CARGA,N3
,0.477,0.412,0.33,1.0,,1787596288433.5547,16.55,1.84,14.72,0.35,1787596288433.5547,False,,,4,OP1,C1_WIFI_SIN_CARGA,N3
,0.477,0.413,0.329,1.0,,1787596288467.3638,16.515,1.84,14.78,0.35,1787596288469.3706,False,,,4,OP1,C1_WIFI_SIN_CARGA,N3
,0.476,0.414,0.329,1.0,,1787596288496.5874,16.515,1.92,14.84,0.35,1787596288497.984,False,,,4,OP1,C1_WIFI_SIN_CARGA,N3
,0.476,0.415,0.328,1.0,,1787596288522.051,16.48,1.92,14.9,0.35,1787596288522.051,False,,,4,OP1,C1_WIFI_SIN_CARGA,N3
,0.476,0.414,0.327,1.0,,1787596288548.6746,16.445,1.92,14.84,0.35,1787596288548.6746,False,,,4,OP1,C1_WIFI_SIN_CARGA,N3
,0.476,0.414,0.326,1.0,,1787596288571.3157,16.41,1.92,14.84,0.35,1787596288571.3157,False,,,4,OP1,C1_WIFI_SIN_CARGA,N3
,0.476,0.414,0.325,1.0,,1787596288604.1145,16.375,1.92,14.84,0.35,1787596288604.1145,False,,,4,OP1,C1_WIFI_SIN_CARGA,N3
,0.476,0.413,0.323,1.0,,1787596288635.6516,16.305,1.92,14.78,0.35,1787596288635.6516,False,,,4,OP1,C1_WIFI_SIN_CARGA,N3
,0.477,0.411,0.321,1.0,,1787596288659.9854,16.235,1.84,14.66,0.35,1787596288659.9854,False,,,4,OP1,C1_WIFI_SIN_CARGA,N3
,0.478,0.409,0.319,1.0,,1787596288683.2744,16.165,1.76,14.54,0.35,1787596288683.2744,False,,,4,OP1,C1_WIFI_SIN_CARGA,N3
,0.479,0.408,0.317,1.0,,1787596288716.7034,16.095,1.68,14.48,0.35,1787596288716.7034,False,,,4,OP1,C1_WIFI_SIN_CARGA,N3
,0.48,0.408,0.315,1.0,,1787596288746.9626,16.025,1.6,14.48,0.35,1787596288746.9626,False,,,4,OP1,C1_WIFI_SIN_CARGA,N3
,0.48,0.408,0.313,1.0,,1787596288769.8184,15.955,1.6,14.48,0.35,1787596288769.8184,False,,,4,OP1,C1_WIFI_SIN_CARGA,N3
,0.481,0.407,0.312,1.0,,1787596288803.6235,15.92,1.52,14.42,0.35,1787596288803.6235,False,,,4,OP1,C1_WIFI_SIN_CARGA,N3
,0.482,0.406,0.309,1.0,,1787596288852.433,15.815,1.44,14.36,0.35,1787596288852.433,False,,,4,OP1,C1_WIFI_SIN_CARGA,N3
,0.482,0.405,0.307,1.0,,1787596288884.4949,15.745,1.44,14.3,0.35,1787596288886.251,False,,,4,OP1,C1_WIFI_SIN_CARGA,N3
,0.483,0.405,0.307,1.0,,1787596288910.8354,15.745,1.36,14.3,0.35,1787596288910.8354,False,,,4,OP1,C1_WIFI_SIN_CARGA,N3
,0.484,0.404,0.306,1.0,,1787596288941.212,15.71,1.28,14.24,0.35,1787596288941.212,False,,,4,OP1,C1_WIFI_SIN_CARGA,N3
,0.485,0.403,0.306,1.0,,1787596288969.7896,15.71,1.2,14.18,0.35,1787596288969.7896,False,,,4,OP1,C1_WIFI_SIN_CARGA,N3
,0.487,0.401,0.304,1.0,,1787596288997.1775,15.64,1.04,14.06,0.35,1787596289001.1367,False,,,4,OP1,C1_WIFI_SIN_CARGA,N3
,0.489,0.4,0.302,1.0,,1787596289023.205,15.57,0.88,14.0,0.35,1787596289023.205,False,,,4,OP1,C1_WIFI_SIN_CARGA,N3
,0.491,0.399,0.301,1.0,,1787596289052.9663,15.535,0.72,13.94,0.35,1787596289052.9663,False,,,4,OP1,C1_WIFI_SIN_CARGA,N3
,0.496,0.398,0.3,1.0,,1787596289108.886,15.5,0.32,13.88,0.35,1787596289108.886,False,,,4,OP1,C1_WIFI_SIN_CARGA,N3
,0.498,0.398,0.299,1.0,,1787596289136.6362,15.465,0.16,13.88,0.35,1787596289137.654,False,,,4,OP1,C1_WIFI_SIN_CARGA,N3
,0.5,0.398,0.299,1.0,,1787596289165.014,15.465,0.0,13.88,0.35,1787596289165.014,False,,,4,OP1,C1_WIFI_SIN_CARGA,N3
,0.502,0.399,0.298,1.0,,1787596289186.0415,15.43,-0.16,13.94,0.35,1787596289186.0415,False,,,4,OP1,C1_WIFI_SIN_CARGA,N3
,0.505,0.401,0.297,1.0,,1787596289212.6863,15.395,-0.4,14.06,0.35,1787596289221.004,False,,,4,OP1,C1_WIFI_SIN_CARGA,N3
,0.508,0.402,0.296,1.0,,1787596289246.9524,15.36,-0.64,14.12,0.35,1787596289246.9524,False,,,4,OP1,C1_WIFI_SIN_CARGA,N3
,0.509,0.403,0.294,1.0,,1787596289275.18,15.29,-0.72,14.18,0.35,1787596289275.18,False,,,4,OP1,C1_WIFI_SIN_CARGA,N3
,0.509,0.403,0.292,1.0,,1787596289302.8994,15.22,-0.72,14.18,0.35,1787596289304.6924,False,,,4,OP1,C1_WIFI_SIN_CARGA,N3
,0.51,0.403,0.291,1.0,,1787596289331.6533,15.185,-0.8,14.18,0.35,1787596289331.6533,False,,,4,OP1,C1_WIFI_SIN_CARGA,N3
,0.51,0.403,0.291,1.0,,1787596289359.8325,15.185,-0.8,14.18,0.35,1787596289359.8325,False,,,4,OP1,C1_WIFI_SIN_CARGA,N3
,0.511,0.403,0.292,1.0,,1787596289410.8413,15.22,-0.88,14.18,0.35,1787596289415.6897,False,,,4,OP1,C1_WIFI_SIN_CARGA,N3
,0.511,0.403,0.293,1.0,,1787596289443.4456,15.255,-0.88,14.18,0.35,1787596289443.4456,False,,,4,OP1,C1_WIFI_SIN_CARGA,N3
,0.51,0.402,0.293,1.0,,1787596289466.3298,15.255,-0.8,14.12,0.35,1787596289471.4585,False,,,4,OP1,C1_WIFI_SIN_CARGA,N3
,0.51,0.402,0.294,1.0,,1787596289497.202,15.29,-0.8,14.12,0.35,1787596289497.202,False,,,4,OP1,C1_WIFI_SIN_CARGA,N3
,0.508,0.401,0.296,1.0,,1787596289524.9663,15.36,-0.64,14.06,0.35,1787596289524.9663,False,,,4,OP1,C1_WIFI_SIN_CARGA,N3
,0.507,0.402,0.298,1.0,,1787596289552.8845,15.43,-0.56,14.12,0.35,1787596289552.8845,False,,,4,OP1,C1_WIFI_SIN_CARGA,N3
,0.506,0.402,0.3,1.0,,1787596289579.1516,15.5,-0.48,14.12,0.35,1787596289579.1516,False,,,4,OP1,C1_WIFI_SIN_CARGA,N3
,0.504,0.403,0.302,1.0,,1787596289611.1,15.57,-0.32,14.18,0.35,1787596289611.1,False,,,4,OP1,C1_WIFI_SIN_CARGA,N3
,0.503,0.406,0.306,1.0,,1787596289659.1814,15.71,-0.24,14.36,0.35,1787596289659.1814,False,,,4,OP1,C1_WIFI_SIN_CARGA,N3
,0.502,0.406,0.307,1.0,,1787596289691.3662,15.745,-0.16,14.36,0.35,1787596289691.3662,False,,,4,OP1,C1_WIFI_SIN_CARGA,N3
,0.501,0.407,0.307,1.0,,1787596289717.7827,15.745,-0.08,14.42,0.35,1787596289717.7827,False,,,4,OP1,C1_WIFI_SIN_CARGA,N3
,0.5,0.408,0.308,1.0,,1787596289747.2637,15.78,0.0,14.48,0.35,1787596289747.2637,False,,,4,OP1,C1_WIFI_SIN_CARGA,N3
,0.499,0.409,0.309,1.0,,1787596289778.516,15.815,0.08,14.54,0.35,1787596289779.526,False,,,4,OP1,C1_WIFI_SIN_CARGA,N3
,0.497,0.409,0.309,1.0,,1787596289803.235,15.815,0.24,14.54,0.35,1787596289803.235,False,,,4,OP1,C1_WIFI_SIN_CARGA,N3
,0.495,0.41,0.311,1.0,,1787596289827.3096,15.885,0.4,14.6,0.35,1787596289827.3096,False,,,4,OP1,C1_WIFI_SIN_CARGA,N3
,0.495,0.411,0.312,1.0,,1787596289859.9294,15.92,0.4,14.66,0.35,1787596289859.9294,False,,,4,OP1,C1_WIFI_SIN_CARGA,N3
,0.495,0.411,0.312,1.0,,1787596289882.0398,15.92,0.4,14.66,0.35,1787596289882.0398,False,,,4,OP1,C1_WIFI_SIN_CARGA,N3
,0.495,0.41,0.312,1.0,,1787596289914.391,15.92,0.4,14.6,0.35,1787596289916.3977,False,,,4,OP1,C1_WIFI_SIN_CARGA,N3
,0.496,0.409,0.311,1.0,,1787596289944.2188,15.885,0.32,14.54,0.35,1787596289944.2188,False,,,4,OP1,C1_WIFI_SIN_CARGA,N3
,0.496,0.409,0.311,1.0,,1787596289966.796,15.885,0.32,14.54,0.35,1787596289966.796,False,,,4,OP1,C1_WIFI_SIN_CARGA,N3
,0.497,0.409,0.31,1.0,,1787596289998.6697,15.85,0.24,14.54,0.35,1787596289998.6697,False,,,4,OP1,C1_WIFI_SIN_CARGA,N3
,0.498,0.408,0.309,1.0,,1787596290026.131,15.815,0.16,14.48,0.35,1787596290026.131,False,,,4,OP1,C1_WIFI_SIN_CARGA,N3
,0.5,0.408,0.307,1.0,,1787596290049.2744,15.745,0.0,14.48,0.35,1787596290049.2744,False,,,4,OP1,C1_WIFI_SIN_CARGA,N3
,0.501,0.407,0.306,1.0,,1787596290082.4004,15.71,-0.08,14.42,0.35,1787596290082.4004,False,,,4,OP1,C1_WIFI_SIN_CARGA,N3
,0.502,0.406,0.306,1.0,,1787596290111.8674,15.71,-0.16,14.36,0.35,1787596290111.8674,False,,,4,OP1,C1_WIFI_SIN_CARGA,N3
,0.503,0.405,0.306,1.0,,1787596290161.6655,15.71,-0.24,14.3,0.35,1787596290161.6655,False,,,4,OP1,C1_WIFI_SIN_CARGA,N3
,0.503,0.405,0.305,1.0,,1787596290194.7068,15.675,-0.24,14.3,0.35,1787596290194.7068,False,,,4,OP1,C1_WIFI_SIN_CARGA,N3
,0.503,0.404,0.305,1.0,,1787596290221.251,15.675,-0.24,14.24,0.35,1787596290221.251,False,,,4,OP1,C1_WIFI_SIN_CARGA,N3
,0.504,0.404,0.304,1.0,,1787596290249.2173,15.64,-0.32,14.24,0.35,1787596290249.2173,False,,,4,OP1,C1_WIFI_SIN_CARGA,N3
,0.505,0.404,0.303,1.0,,1787596290278.868,15.605,-0.4,14.24,0.35,1787596290279.853,False,,,4,OP1,C1_WIFI_SIN_CARGA,N3
,0.506,0.403,0.301,1.0,,1787596290329.2556,15.535,-0.48,14.18,0.35,1787596290329.2556,False,,,4,OP1,C1_WIFI_SIN_CARGA,N3
,0.508,0.402,0.301,1.0,,1787596290357.4712,15.535,-0.64,14.12,0.35,1787596290363.2368,False,,,4,OP1,C1_WIFI_SIN_CARGA,N3
,0.509,0.401,0.301,1.0,,1787596290389.6216,15.535,-0.72,14.06,0.35,1787596290389.6216,False,,,4,OP1,C1_WIFI_SIN_CARGA,N3
,0.51,0.4,0.301,1.0,,1787596290417.574,15.535,-0.8,14.0,0.35,1787596290419.5918,False,,,4,OP1,C1_WIFI_SIN_CARGA,N3
,0.511,0.4,0.301,1.0,,1787596290445.1582,15.535,-0.88,14.0,0.35,1787596290446.683,False,,,4,OP1,C1_WIFI_SIN_CARGA,N3
,0.511,0.4,0.301,1.0,,1787596290467.5813,15.535,-0.88,14.0,0.35,1787596290467.5813,False,,,4,OP1,C1_WIFI_SIN_CARGA,N3
,0.512,0.4,0.301,1.0,,1787596290500.064,15.535,-0.96,14.0,0.35,1787596290500.064,False,,,4,OP1,C1_WIFI_SIN_CARGA,N3
,0.513,0.4,0.302,1.0,,1787596290528.3452,15.57,-1.04,14.0,0.35,1787596290529.442,False,,,4,OP1,C1_WIFI_SIN_CARGA,N3
,0.514,0.4,0.302,1.0,,1787596290556.2214,15.57,-1.12,14.0,0.35,1787596290556.2214,False,,,4,OP1,C1_WIFI_SIN_CARGA,N3
,0.515,0.4,0.302,1.0,,1787596290583.9463,15.57,-1.2,14.0,0.35,1787596290583.9463,False,,,4,OP1,C1_WIFI_SIN_CARGA,N3
,0.515,0.4,0.303,1.0,,1787596290608.5215,15.605,-1.2,14.0,0.35,1787596290613.5562,False,,,4,OP1,C1_WIFI_SIN_CARGA,N3
,0.515,0.399,0.303,1.0,,1787596290633.7285,15.605,-1.2,13.94,0.35,1787596290633.7285,False,,,4,OP1,C1_WIFI_SIN_CARGA,N3
,0.514,0.399,0.304,1.0,,1787596290664.7612,15.64,-1.12,13.94,0.35,1787596290664.7612,False,,,4,OP1,C1_WIFI_SIN_CARGA,N3
,0.513,0.399,0.305,1.0,,1787596290693.161,15.675,-1.04,13.94,0.35,1787596290693.161,False,,,4,OP1,C1_WIFI_SIN_CARGA,N3
,0.513,0.398,0.306,1.0,,1787596290714.938,15.71,-1.04,13.88,0.35,1787596290714.938,False,,,4,OP1,C1_WIFI_SIN_CARGA,N3
,0.513,0.399,0.307,1.0,,1787596290746.626,15.745,-1.04,13.94,0.35,1787596290746.626,False,,,4,OP1,C1_WIFI_SIN_CARGA,N3
,0.513,0.399,0.308,1.0,,1787596290775.3174,15.78,-1.04,13.94,0.35,1787596290775.3174,False,,,4,OP1,C1_WIFI_SIN_CARGA,N3
,0.514,0.399,0.31,1.0,,1787596290807.5603,15.85,-1.12,13.94,0.35,1787596290807.5603,False,,,4,OP1,C1_WIFI_SIN_CARGA,N3
,0.514,0.399,0.31,1.0,,1787596290835.7876,15.85,-1.12,13.94,0.35,1787596290835.7876,False,,,4,OP1,C1_WIFI_SIN_CARGA,N3
,0.514,0.399,0.31,1.0,,1787596290862.88,15.85,-1.12,13.94,0.35,1787596290864.6326,False,,,4,OP1,C1_WIFI_SIN_CARGA,N3
,0.515,0.399,0.309,1.0,,1787596290889.006,15.815,-1.2,13.94,0.35,1787596290889.006,False,,,4,OP1,C1_WIFI_SIN_CARGA,N3
,0.516,0.399,0.309,1.0,,1787596290914.1052,15.815,-1.28,13.94,0.35,1787596290914.1052,False,,,4,OP1,C1_WIFI_SIN_CARGA,N3
,0.517,0.399,0.307,1.0,,1787596290947.126,15.745,-1.36,13.94,0.35,1787596290947.126,False,,,4,OP1,C1_WIFI_SIN_CARGA,N3
,0.517,0.399,0.306,1.0,,1787596290972.069,15.71,-1.36,13.94,0.35,1787596290972.069,False,,,4,OP1,C1_WIFI_SIN_CARGA,N3
,0.517,0.399,0.305,1.0,,1787596291001.6658,15.675,-1.36,13.94,0.35,1787596291001.6658,False,,,4,OP1,C1_WIFI_SIN_CARGA,N3
,0.517,0.398,0.304,1.0,,1787596291028.119,15.64,-1.36,13.88,0.35,1787596291028.119,False,,,4,OP1,C1_WIFI_SIN_CARGA,N3
,0.517,0.397,0.303,1.0,,1787596291051.9795,15.605,-1.36,13.82,0.35,1787596291051.9795,False,,,4,OP1,C1_WIFI_SIN_CARGA,N3
,0.516,0.396,0.303,1.0,,1787596291084.6384,15.605,-1.28,13.76,0.35,1787596291085.7532,False,,,4,OP1,C1_WIFI_SIN_CARGA,N3
,0.516,0.396,0.302,1.0,,1787596291112.339,15.57,-1.28,13.76,0.35,1787596291112.339,False,,,4,OP1,C1_WIFI_SIN_CARGA,N3
,0.515,0.396,0.301,1.0,,1787596291136.0923,15.535,-1.2,13.76,0.35,1787596291136.0923,False,,,4,OP1,C1_WIFI_SIN_CARGA,N3
,0.515,0.396,0.301,1.0,,1787596291168.4795,15.535,-1.2,13.76,0.35,1787596291168.4795,False,,,4,OP1,C1_WIFI_SIN_CARGA,N3
,0.515,0.395,0.301,1.0,,1787596291196.8667,15.535,-1.2,13.7,0.35,1787596291198.8782,False,,,4,OP1,C1_WIFI_SIN_CARGA,N3
,0.515,0.395,0.301,1.0,,1787596291222.2366,15.535,-1.2,13.7,0.35,1787596291222.2366,False,,,4,OP1,C1_WIFI_SIN_CARGA,N3
,0.514,0.394,0.301,1.0,,1787596291247.02,15.535,-1.12,13.64,0.35,1787596291247.02,False,,,4,OP1,C1_WIFI_SIN_CARGA,N3
,0.514,0.393,0.302,1.0,,1787596291272.5845,15.57,-1.12,13.58,0.35,1787596291272.5845,False,,,4,OP1,C1_WIFI_SIN_CARGA,N3
,0.513,0.392,0.302,1.0,,1787596291303.366,15.57,-1.04,13.52,0.35,1787596291303.366,False,,,4,OP1,C1_WIFI_SIN_CARGA,N3
,0.512,0.392,0.302,1.0,,1787596291333.2993,15.57,-0.96,13.52,0.35,1787596291336.877,False,,,4,OP1,C1_WIFI_SIN_CARGA,N3
,0.512,0.391,0.302,1.0,,1787596291363.183,15.57,-0.96,13.46,0.35,1787596291363.183,False,,,4,OP1,C1_WIFI_SIN_CARGA,N3
,0.511,0.39,0.303,1.0,,1787596291389.6416,15.605,-0.88,13.4,0.35,1787596291389.6416,False,,,4,OP1,C1_WIFI_SIN_CARGA,N3
,0.511,0.39,0.303,1.0,,1787596291420.387,15.605,-0.88,13.4,0.35,1787596291421.4023,False,,,4,OP1,C1_WIFI_SIN_CARGA,N3
,0.51,0.39,0.304,1.0,,1787596291447.354,15.64,-0.8,13.4,0.35,1787596291447.354,False,,,4,OP1,C1_WIFI_SIN_CARGA,N3
,0.51,0.39,0.305,1.0,,1787596291471.2332,15.675,-0.8,13.4,0.35,1787596291471.2332,False,,,4,OP1,C1_WIFI_SIN_CARGA,N3
,0.509,0.389,0.306,1.0,,1787596291497.376,15.71,-0.72,13.34,0.35,1787596291497.376,False,,,4,OP1,C1_WIFI_SIN_CARGA,N3
,0.51,0.388,0.307,1.0,,1787596291529.9175,15.745,-0.8,13.28,0.35,1787596291531.927,False,,,4,OP1,C1_WIFI_SIN_CARGA,N3
,0.51,0.387,0.307,1.0,,1787596291558.0557,15.745,-0.8,13.22,0.35,1787596291560.0652,False,,,4,OP1,C1_WIFI_SIN_CARGA,N3
,0.511,0.386,0.308,1.0,,1787596291606.3987,15.78,-0.88,13.16,0.35,1787596291616.9216,False,,,4,OP1,C1_WIFI_SIN_CARGA,N3
,0.511,0.385,0.309,1.0,,1787596291639.0342,15.815,-0.88,13.1,0.35,1787596291639.0342,False,,,4,OP1,C1_WIFI_SIN_CARGA,N3
,0.511,0.385,0.308,1.0,,1787596291665.661,15.78,-0.88,13.1,0.35,1787596291665.661,False,,,4,OP1,C1_WIFI_SIN_CARGA,N3
,0.51,0.384,0.308,1.0,,1787596291695.7668,15.78,-0.8,13.04,0.35,1787596291695.7668,False,,,4,OP1,C1_WIFI_SIN_CARGA,N3
,0.511,0.384,0.309,1.0,,1787596291725.5466,15.815,-0.88,13.04,0.35,1787596291725.5466,False,,,4,OP1,C1_WIFI_SIN_CARGA,N3
,0.511,0.383,0.308,1.0,,1787596291746.8474,15.78,-0.88,12.98,0.35,1787596291746.8474,False,,,4,OP1,C1_WIFI_SIN_CARGA,N3
,0.512,0.382,0.309,1.0,,1787596291775.7637,15.815,-0.96,12.92,0.35,1787596291775.7637,False,,,4,OP1,C1_WIFI_SIN_CARGA,N3
,0.512,0.381,0.309,1.0,,1787596291807.6472,15.815,-0.96,12.86,0.35,1787596291807.6472,False,,,4,OP1,C1_WIFI_SIN_CARGA,N3
,0.512,0.381,0.31,1.0,,1787596291830.1638,15.85,-0.96,12.86,0.35,1787596291830.1638,False,,,4,OP1,C1_WIFI_SIN_CARGA,N3
,0.512,0.38,0.31,1.0,,1787596291862.1912,15.85,-0.96,12.8,0.35,1787596291862.1912,False,,,4,OP1,C1_WIFI_SIN_CARGA,N3
,0.512,0.38,0.31,1.0,,1787596291892.881,15.85,-0.96,12.8,0.35,1787596291894.993,False,,,4,OP1,C1_WIFI_SIN_CARGA,N3
,0.512,0.38,0.31,1.0,,1787596291919.849,15.85,-0.96,12.8,0.35,1787596291919.849,False,,,4,OP1,C1_WIFI_SIN_CARGA,N3
,0.511,0.381,0.309,1.0,,1787596291947.0923,15.815,-0.88,12.86,0.35,1787596291947.0923,False,,,4,OP1,C1_WIFI_SIN_CARGA,N3
,0.511,0.381,0.309,1.0,,1787596291975.7576,15.815,-0.88,12.86,0.35,1787596291975.7576,False,,,4,OP1,C1_WIFI_SIN_CARGA,N3
,0.51,0.382,0.309,1.0,,1787596291997.009,15.815,-0.8,12.92,0.35,1787596291997.009,False,,,4,OP1,C1_WIFI_SIN_CARGA,N3
,0.51,0.382,0.309,1.0,,1787596292030.313,15.815,-0.8,12.92,0.35,1787596292030.313,False,,,4,OP1,C1_WIFI_SIN_CARGA,N3
,0.511,0.381,0.309,1.0,,1787596292059.8042,15.815,-0.88,12.86,0.35,1787596292059.8042,False,,,4,OP1,C1_WIFI_SIN_CARGA,N3
,0.51,0.383,0.31,1.0,,1787596292111.5164,15.85,-0.8,12.98,0.35,1787596292116.046,False,,,4,OP1,C1_WIFI_SIN_CARGA,N3
,0.51,0.383,0.31,1.0,,1787596292144.203,15.85,-0.8,12.98,0.35,1787596292144.203,False,,,4,OP1,C1_WIFI_SIN_CARGA,N3
,0.51,0.383,0.311,1.0,,1787596292169.8235,15.885,-0.8,12.98,0.35,1787596292169.8235,False,,,4,OP1,C1_WIFI_SIN_CARGA,N3
,0.511,0.383,0.311,1.0,,1787596292199.0974,15.885,-0.88,12.98,0.35,1787596292201.1072,False,,,4,OP1,C1_WIFI_SIN_CARGA,N3
,0.511,0.383,0.311,1.0,,1787596292226.7292,15.885,-0.88,12.98,0.35,1787596292227.7476,False,,,4,OP1,C1_WIFI_SIN_CARGA,N3
,0.511,0.382,0.311,1.0,,1787596292247.3618,15.885,-0.88,12.92,0.35,1787596292247.3618,False,,,4,OP1,C1_WIFI_SIN_CARGA,N3
,0.511,0.382,0.312,1.0,,1787596292277.7354,15.92,-0.88,12.92,0.35,1787596292277.7354,False,,,4,OP1,C1_WIFI_SIN_CARGA,N3
,0.511,0.382,0.312,1.0,,1787596292299.0374,15.92,-0.88,12.92,0.35,1787596292312.1748,False,,,4,OP1,C1_WIFI_SIN_CARGA,N3
,0.51,0.382,0.312,1.0,,1787596292333.0234,15.92,-0.8,12.92,0.35,1787596292333.0234,False,,,4,OP1,C1_WIFI_SIN_CARGA,N3
,0.51,0.382,0.312,1.0,,1787596292365.849,15.92,-0.8,12.92,0.35,1787596292367.8655,False,,,4,OP1,C1_WIFI_SIN_CARGA,N3
,0.51,0.381,0.311,1.0,,1787596292416.981,15.885,-0.8,12.86,0.35,1787596292416.981,False,,,4,OP1,C1_WIFI_SIN_CARGA,N3
,0.51,0.381,0.311,1.0,,1787596292446.941,15.885,-0.8,12.86,0.35,1787596292446.941,False,,,4,OP1,C1_WIFI_SIN_CARGA,N3
,0.509,0.381,0.311,1.0,,1787596292473.5383,15.885,-0.72,12.86,0.35,1787596292473.5383,False,,,4,OP1,C1_WIFI_SIN_CARGA,N3
,0.509,0.38,0.31,1.0,,1787596292504.437,15.85,-0.72,12.8,0.35,1787596292506.446,False,,,4,OP1,C1_WIFI_SIN_CARGA,N3
,0.508,0.38,0.31,1.0,,1787596292532.8438,15.85,-0.64,12.8,0.35,1787596292532.8438,False,,,4,OP1,C1_WIFI_SIN_CARGA,N3
,0.508,0.379,0.31,1.0,,1787596292561.9185,15.85,-0.64,12.74,0.35,1787596292564.0298,False,,,4,OP1,C1_WIFI_SIN_CARGA,N3
,0.507,0.379,0.309,1.0,,1787596292614.1206,15.815,-0.56,12.74,0.35,1787596292614.1206,False,,,4,OP1,C1_WIFI_SIN_CARGA,N3
,0.506,0.378,0.308,1.0,,1787596292666.7637,15.78,-0.48,12.68,0.35,1787596292666.7637,False,,,4,OP1,C1_WIFI_SIN_CARGA,N3
,0.506,0.378,0.307,1.0,,1787596292700.0898,15.745,-0.48,12.68,0.35,1787596292700.0898,False,,,4,OP1,C1_WIFI_SIN_CARGA,N3
,0.506,0.378,0.307,1.0,,1787596292723.551,15.745,-0.48,12.68,0.35,1787596292723.551,False,,,4,OP1,C1_WIFI_SIN_CARGA,N3
,0.506,0.378,0.307,1.0,,1787596292748.9475,15.745,-0.48,12.68,0.35,1787596292757.5178,False,,,4,OP1,C1_WIFI_SIN_CARGA,N3
,0.506,0.378,0.306,1.0,,1787596292780.95,15.71,-0.48,12.68,0.35,1787596292780.95,False,,,4,OP1,C1_WIFI_SIN_CARGA,N3
,0.506,0.377,0.306,1.0,,1787596292811.2483,15.71,-0.48,12.62,0.35,1787596292811.2483,False,,,4,OP1,C1_WIFI_SIN_CARGA,N3
,0.506,0.377,0.306,1.0,,1787596292840.1892,15.71,-0.48,12.62,0.35,1787596292840.1892,False,,,4,OP1,C1_WIFI_SIN_CARGA,N3
,0.507,0.376,0.306,1.0,,1787596292867.769,15.71,-0.56,12.56,0.35,1787596292867.769,False,,,4,OP1,C1_WIFI_SIN_CARGA,N3
,0.509,0.375,0.306,1.0,,1787596292918.6582,15.71,-0.72,12.5,0.35,1787596292918.6582,False,,,4,OP1,C1_WIFI_SIN_CARGA,N3
,0.509,0.375,0.306,1.0,,1787596292949.6096,15.71,-0.72,12.5,0.35,1787596292949.6096,False,,,4,OP1,C1_WIFI_SIN_CARGA,N3
,0.508,0.375,0.306,1.0,,1787596292972.6238,15.71,-0.64,12.5,0.35,1787596292972.6238,False,,,4,OP1,C1_WIFI_SIN_CARGA,N3
,0.508,0.375,0.307,1.0,,1787596293003.207,15.745,-0.64,12.5,0.35,1787596293003.207,False,,,4,OP1,C1_WIFI_SIN_CARGA,N3
,0.508,0.376,0.307,1.0,,1787596293034.5066,15.745,-0.64,12.56,0.35,1787596293035.507,False,,,4,OP1,C1_WIFI_SIN_CARGA,N3
,0.507,0.377,0.307,1.0,,1787596293062.4895,15.745,-0.56,12.62,0.35,1787596293062.4895,False,,,4,OP1,C1_WIFI_SIN_CARGA,N3
,0.507,0.377,0.307,1.0,,1787596293083.7476,15.745,-0.56,12.62,0.35,1787596293083.7476,False,,,4,OP1,C1_WIFI_SIN_CARGA,N3
,0.507,0.378,0.307,1.0,,1787596293116.7864,15.745,-0.56,12.68,0.35,1787596293116.7864,False,,,4,OP1,C1_WIFI_SIN_CARGA,N3
,0.507,0.378,0.307,1.0,,1787596293139.526,15.745,-0.56,12.68,0.35,1787596293139.526,False,,,4,OP1,C1_WIFI_SIN_CARGA,N3
,0.506,0.378,0.308,1.0,,1787596293171.8247,15.78,-0.48,12.68,0.35,1787596293173.8386,False,,,4,OP1,C1_WIFI_SIN_CARGA,N3
,0.506,0.378,0.308,1.0,,1787596293201.126,15.78,-0.48,12.68,0.35,1787596293203.139,False,,,4,OP1,C1_WIFI_SIN_CARGA,N3
,0.505,0.379,0.308,1.0,,1787596293252.7698,15.78,-0.4,12.74,0.35,1787596293252.7698,False,,,4,OP1,C1_WIFI_SIN_CARGA,N3
,0.505,0.38,0.309,1.0,,1787596293286.0527,15.815,-0.4,12.8,0.35,1787596293286.0527,False,,,4,OP1,C1_WIFI_SIN_CARGA,N3
,0.504,0.38,0.308,1.0,,1787596293312.5583,15.78,-0.32,12.8,0.35,1787596293312.5583,False,,,4,OP1,C1_WIFI_SIN_CARGA,N3
,0.504,0.381,0.308,1.0,,1787596293340.6028,15.78,-0.32,12.86,0.35,1787596293342.6155,False,,,4,OP1,C1_WIFI_SIN_CARGA,N3
,0.504,0.381,0.309,1.0,,1787596293366.34,15.815,-0.32,12.86,0.35,1787596293366.34,False,,,4,OP1,C1_WIFI_SIN_CARGA,N3
,0.504,0.382,0.309,1.0,,1787596293396.85,15.815,-0.32,12.92,0.35,1787596293396.85,False,,,4,OP1,C1_WIFI_SIN_CARGA,N3
,0.504,0.382,0.309,1.0,,1787596293423.65,15.815,-0.32,12.92,0.35,1787596293424.7373,False,,,4,OP1,C1_WIFI_SIN_CARGA,N3
,0.505,0.381,0.308,1.0,,1787596293446.8547,15.78,-0.4,12.86,0.35,1787596293453.3984,False,,,4,OP1,C1_WIFI_SIN_CARGA,N3
,0.505,0.381,0.308,1.0,,1787596293479.338,15.78,-0.4,12.86,0.35,1787596293479.338,False,,,4,OP1,C1_WIFI_SIN_CARGA,N3
,0.505,0.381,0.308,1.0,,1787596293509.795,15.78,-0.4,12.86,0.35,1787596293509.795,False,,,4,OP1,C1_WIFI_SIN_CARGA,N3
,0.505,0.381,0.308,1.0,,1787596293533.4028,15.78,-0.4,12.86,0.35,1787596293537.2793,False,,,4,OP1,C1_WIFI_SIN_CARGA,N3
,0.505,0.381,0.308,1.0,,1787596293556.484,15.78,-0.4,12.86,0.35,1787596293556.484,False,,,4,OP1,C1_WIFI_SIN_CARGA,N3
,0.505,0.381,0.309,1.0,,1787596293587.0913,15.815,-0.4,12.86,0.35,1787596293587.0913,False,,,4,OP1,C1_WIFI_SIN_CARGA,N3
,0.505,0.38,0.309,1.0,,1787596293613.9253,15.815,-0.4,12.8,0.35,1787596293613.9253,False,,,4,OP1,C1_WIFI_SIN_CARGA,N3
,0.505,0.38,0.309,1.0,,1787596293646.7336,15.815,-0.4,12.8,0.35,1787596293646.7336,False,,,4,OP1,C1_WIFI_SIN_CARGA,N3
,0.505,0.381,0.309,1.0,,1787596293675.5542,15.815,-0.4,12.86,0.35,1787596293676.1042,False,,,4,OP1,C1_WIFI_SIN_CARGA,N3
,0.504,0.381,0.309,1.0,,1787596293698.432,15.815,-0.32,12.86,0.35,1787596293698.432,False,,,4,OP1,C1_WIFI_SIN_CARGA,N3
,0.504,0.381,0.31,1.0,,1787596293723.9795,15.85,-0.32,12.86,0.35,1787596293723.9795,False,,,4,OP1,C1_WIFI_SIN_CARGA,N3
,0.504,0.381,0.31,1.0,,1787596293755.4531,15.85,-0.32,12.86,0.35,1787596293755.4531,False,,,4,OP1,C1_WIFI_SIN_CARGA,N3
,0.504,0.381,0.31,1.0,,1787596293780.6902,15.85,-0.32,12.86,0.35,1787596293780.6902,False,,,4,OP1,C1_WIFI_SIN_CARGA,N3
,0.504,0.381,0.31,1.0,,1787596293815.1956,15.85,-0.32,12.86,0.35,1787596293815.1956,False,,,4,OP1,C1_WIFI_SIN_CARGA,N3
,0.504,0.382,0.31,1.0,,1787596293843.7524,15.85,-0.32,12.92,0.35,1787596293843.7524,False,,,4,OP1,C1_WIFI_SIN_CARGA,N3
,0.504,0.382,0.31,1.0,,1787596293868.5862,15.85,-0.32,12.92,0.35,1787596293868.5862,False,,,4,OP1,C1_WIFI_SIN_CARGA,N3
,0.504,0.382,0.309,1.0,,1787596293897.1648,15.815,-0.32,12.92,0.35,1787596293897.1648,False,,,4,OP1,C1_WIFI_SIN_CARGA,N3
,0.504,0.382,0.309,1.0,,1787596293925.1206,15.815,-0.32,12.92,0.35,1787596293926.618,False,,,4,OP1,C1_WIFI_SIN_CARGA,N3
,0.504,0.381,0.308,1.0,,1787596293948.8325,15.78,-0.32,12.86,0.35,1787596293948.8325,False,,,4,OP1,C1_WIFI_SIN_CARGA,N3
,0.504,0.381,0.308,1.0,,1787596293980.6458,15.78,-0.32,12.86,0.35,1787596293980.6458,False,,,4,OP1,C1_WIFI_SIN_CARGA,N3
,0.505,0.381,0.308,1.0,,1787596294008.7705,15.78,-0.4,12.86,0.35,1787596294009.6533,False,,,4,OP1,C1_WIFI_SIN_CARGA,N3
,0.504,0.381,0.307,1.0,,1787596294034.5532,15.745,-0.32,12.86,0.35,1787596294034.5532,False,,,4,OP1,C1_WIFI_SIN_CARGA,N3
,0.504,0.381,0.307,1.0,,1787596294059.6504,15.745,-0.32,12.86,0.35,1787596294059.6504,False,,,4,OP1,C1_WIFI_SIN_CARGA,N3
,0.504,0.381,0.306,1.0,,1787596294092.104,15.71,-0.32,12.86,0.35,1787596294092.104,False,,,4,OP1,C1_WIFI_SIN_CARGA,N3
,0.504,0.382,0.306,1.0,,1787596294118.4485,15.71,-0.32,12.92,0.35,1787596294118.4485,False,,,4,OP1,C1_WIFI_SIN_CARGA,N3
,0.505,0.382,0.306,1.0,,1787596294147.7644,15.71,-0.4,12.92,0.35,1787596294149.7732,False,,,4,OP1,C1_WIFI_SIN_CARGA,N3
,0.505,0.382,0.306,1.0,,1787596294176.5754,15.71,-0.4,12.92,0.35,1787596294178.5728,False,,,4,OP1,C1_WIFI_SIN_CARGA,N3
,0.506,0.381,0.307,1.0,,1787596294197.1646,15.745,-0.48,12.86,0.35,1787596294197.1646,False,,,4,OP1,C1_WIFI_SIN_CARGA,N3
,0.505,0.381,0.307,1.0,,1787596294225.7737,15.745,-0.4,12.86,0.35,1787596294225.7737,False,,,4,OP1,C1_WIFI_SIN_CARGA,N3
,0.505,0.38,0.307,1.0,,1787596294259.288,15.745,-0.4,12.8,0.35,1787596294260.5183,False,,,4,OP1,C1_WIFI_SIN_CARGA,N3
,0.506,0.38,0.308,1.0,,1787596294286.0684,15.78,-0.48,12.8,0.35,1787596294286.0684,False,,,4,OP1,C1_WIFI_SIN_CARGA,N3
,0.506,0.38,0.308,1.0,,1787596294315.8271,15.78,-0.48,12.8,0.35,1787596294315.8271,False,,,4,OP1,C1_WIFI_SIN_CARGA,N3
,0.506,0.379,0.308,1.0,,1787596294342.0269,15.78,-0.48,12.74,0.35,1787596294344.811,False,,,4,OP1,C1_WIFI_SIN_CARGA,N3
,0.507,0.379,0.308,1.0,,1787596294365.6934,15.78,-0.56,12.74,0.35,1787596294365.6934,False,,,4,OP1,C1_WIFI_SIN_CARGA,N3
,0.507,0.378,0.308,1.0,,1787596294397.3467,15.78,-0.56,12.68,0.35,1787596294397.3467,False,,,4,OP1,C1_WIFI_SIN_CARGA,N3
,0.507,0.378,0.308,1.0,,1787596294428.067,15.78,-0.56,12.68,0.35,1787596294428.067,False,,,4,OP1,C1_WIFI_SIN_CARGA,N3
,0.507,0.377,0.308,1.0,,1787596294451.9,15.78,-0.56,12.62,0.35,1787596294451.9,False,,,4,OP1,C1_WIFI_SIN_CARGA,N3
,0.507,0.377,0.308,1.0,,1787596294482.8782,15.78,-0.56,12.62,0.35,1787596294482.8782,False,,,4,OP1,C1_WIFI_SIN_CARGA,N3
,0.507,0.376,0.309,1.0,,1787596294508.0156,15.815,-0.56,12.56,0.35,1787596294511.433,False,,,4,OP1,C1_WIFI_SIN_CARGA,N3
,0.507,0.375,0.309,1.0,,1787596294536.0212,15.815,-0.56,12.5,0.35,1787596294536.0212,False,,,4,OP1,C1_WIFI_SIN_CARGA,N3
,0.507,0.374,0.309,1.0,,1787596294564.884,15.815,-0.56,12.44,0.35,1787596294564.884,False,,,4,OP1,C1_WIFI_SIN_CARGA,N3
,0.507,0.374,0.309,1.0,,1787596294588.4802,15.815,-0.56,12.44,0.35,1787596294588.4802,False,,,4,OP1,C1_WIFI_SIN_CARGA,N3
,0.507,0.374,0.309,1.0,,1787596294619.9785,15.815,-0.56,12.44,0.35,1787596294619.9785,False,,,4,OP1,C1_WIFI_SIN_CARGA,N3
,0.506,0.374,0.309,1.0,,1787596294647.937,15.815,-0.48,12.44,0.35,1787596294650.724,False,,,4,OP1,C1_WIFI_SIN_CARGA,N3
,0.506,0.375,0.309,1.0,,1787596294698.1045,15.815,-0.48,12.5,0.35,1787596294698.1045,False,,,4,OP1,C1_WIFI_SIN_CARGA,N3
,0.506,0.375,0.309,1.0,,1787596294731.5012,15.815,-0.48,12.5,0.35,1787596294731.5012,False,,,4,OP1,C1_WIFI_SIN_CARGA,N3
,0.505,0.376,0.309,1.0,,1787596294758.0686,15.815,-0.4,12.56,0.35,1787596294758.0686,False,,,4,OP1,C1_WIFI_SIN_CARGA,N3
,0.505,0.376,0.309,1.0,,1787596294788.4878,15.815,-0.4,12.56,0.35,1787596294789.512,False,,,4,OP1,C1_WIFI_SIN_CARGA,N3
,0.505,0.376,0.308,1.0,,1787596294816.6067,15.78,-0.4,12.56,0.35,1787596294817.5747,False,,,4,OP1,C1_WIFI_SIN_CARGA,N3
,0.506,0.376,0.308,1.0,,1787596294837.1992,15.78,-0.48,12.56,0.35,1787596294837.1992,False,,,4,OP1,C1_WIFI_SIN_CARGA,N3
,0.505,0.377,0.307,1.0,,1787596294866.0886,15.745,-0.4,12.62,0.35,1787596294866.0886,False,,,4,OP1,C1_WIFI_SIN_CARGA,N3
,0.505,0.377,0.307,1.0,,1787596294898.861,15.745,-0.4,12.62,0.35,1787596294898.861,False,,,4,OP1,C1_WIFI_SIN_CARGA,N3
,0.505,0.377,0.307,1.0,,1787596294926.742,15.745,-0.4,12.62,0.35,1787596294928.3386,False,,,4,OP1,C1_WIFI_SIN_CARGA,N3
,0.505,0.377,0.306,1.0,,1787596294946.8435,15.71,-0.4,12.62,0.35,1787596294956.8203,False,,,4,OP1,C1_WIFI_SIN_CARGA,N3
,0.505,0.376,0.306,1.0,,1787596294978.8086,15.71,-0.4,12.56,0.35,1787596294978.8086,False,,,4,OP1,C1_WIFI_SIN_CARGA,N3
,0.505,0.375,0.306,1.0,,1787596295011.162,15.71,-0.4,12.5,0.35,1787596295011.162,False,,,4,OP1,C1_WIFI_SIN_CARGA,N3
,0.505,0.375,0.306,1.0,,1787596295037.7842,15.71,-0.4,12.5,0.35,1787596295037.7842,False,,,4,OP1,C1_WIFI_SIN_CARGA,N3
,0.506,0.375,0.306,1.0,,1787596295063.164,15.71,-0.48,12.5,0.35,1787596295063.164,False,,,4,OP1,C1_WIFI_SIN_CARGA,N3
,0.506,0.374,0.306,1.0,,1787596295087.8877,15.71,-0.48,12.44,0.35,1787596295087.8877,False,,,4,OP1,C1_WIFI_SIN_CARGA,N3
,0.506,0.374,0.306,1.0,,1787596295116.214,15.71,-0.48,12.44,0.35,1787596295116.214,False,,,4,OP1,C1_WIFI_SIN_CARGA,N3
,0.506,0.374,0.306,1.0,,1787596295147.0315,15.71,-0.48,12.44,0.35,1787596295147.0315,False,,,4,OP1,C1_WIFI_SIN_CARGA,N3
,0.505,0.374,0.305,1.0,,1787596295177.0054,15.675,-0.4,12.44,0.35,1787596295179.015,False,,,4,OP1,C1_WIFI_SIN_CARGA,N3
,0.505,0.374,0.305,1.0,,1787596295197.2588,15.675,-0.4,12.44,0.35,1787596295207.3953,False,,,4,OP1,C1_WIFI_SIN_CARGA,N3
,0.505,0.374,0.304,1.0,,1787596295227.041,15.64,-0.4,12.44,0.35,1787596295227.041,False,,,4,OP1,C1_WIFI_SIN_CARGA,N3
,0.505,0.374,0.304,1.0,,1787596295261.682,15.64,-0.4,12.44,0.35,1787596295262.7012,False,,,4,OP1,C1_WIFI_SIN_CARGA,N3
,0.504,0.374,0.304,1.0,,1787596295286.5286,15.64,-0.32,12.44,0.35,1787596295286.5286,False,,,4,OP1,C1_WIFI_SIN_CARGA,N3
,0.504,0.375,0.303,1.0,,1787596295310.464,15.605,-0.32,12.5,0.35,1787596295310.464,False,,,4,OP1,C1_WIFI_SIN_CARGA,N3
,0.504,0.376,0.303,1.0,,1787596295344.832,15.605,-0.32,12.56,0.35,1787596295346.8508,False,,,4,OP1,C1_WIFI_SIN_CARGA,N3
,0.505,0.377,0.303,1.0,,1787596295367.0383,15.605,-0.4,12.62,0.35,1787596295367.0383,False,,,4,OP1,C1_WIFI_SIN_CARGA,N3
,0.506,0.379,0.303,1.0,,1787596295413.7725,15.605,-0.48,12.74,0.35,1787596295413.7725,False,,,4,OP1,C1_WIFI_SIN_CARGA,N3
,0.508,0.384,0.304,1.0,,1787596295458.2288,15.64,-0.64,13.04,0.35,1787596295458.2288,False,,,4,OP1,C1_WIFI_SIN_CARGA,N3
,0.509,0.385,0.304,1.0,,1787596295519.4,15.64,-0.72,13.1,0.35,1787596295519.4,False,,,4,OP1,C1_WIFI_SIN_CARGA,N3
,0.51,0.387,0.304,1.0,,1787596295545.849,15.64,-0.8,13.22,0.35,1787596295546.8562,False,,,4,OP1,C1_WIFI_SIN_CARGA,N3
,0.51,0.387,0.304,1.0,,1787596295570.8728,15.64,-0.8,13.22,0.35,1787596295570.8728,False,,,4,OP1,C1_WIFI_SIN_CARGA,N3
,0.51,0.387,0.305,1.0,,1787596295597.4373,15.675,-0.8,13.22,0.35,1787596295597.4373,False,,,4,OP1,C1_WIFI_SIN_CARGA,N3
,0.51,0.386,0.305,1.0,,1787596295632.0818,15.675,-0.8,13.16,0.35,1787596295632.0818,False,,,4,OP1,C1_WIFI_SIN_CARGA,N3
,0.51,0.386,0.305,1.0,,1787596295661.93,15.675,-0.8,13.16,0.35,1787596295664.9631,False,,,4,OP1,C1_WIFI_SIN_CARGA,N3
,0.51,0.385,0.306,1.0,,1787596295719.486,15.71,-0.8,13.1,0.35,1787596295719.486,False,,,4,OP1,C1_WIFI_SIN_CARGA,N3
,0.51,0.384,0.306,1.0,,1787596295772.518,15.71,-0.8,13.04,0.35,1787596295774.863,False,,,4,OP1,C1_WIFI_SIN_CARGA,N3
,0.509,0.384,0.306,1.0,,1787596295800.6091,15.71,-0.72,13.04,0.35,1787596295800.6091,False,,,4,OP1,C1_WIFI_SIN_CARGA,N3
,0.509,0.384,0.305,1.0,,1787596295822.5715,15.675,-0.72,13.04,0.35,1787596295822.5715,False,,,4,OP1,C1_WIFI_SIN_CARGA,N3
,0.509,0.384,0.305,1.0,,1787596295857.5964,15.675,-0.72,13.04,0.35,1787596295857.5964,False,,,4,OP1,C1_WIFI_SIN_CARGA,N3
,0.508,0.383,0.305,1.0,,1787596295906.7334,15.675,-0.64,12.98,0.35,1787596295913.2876,False,,,4,OP1,C1_WIFI_SIN_CARGA,N3
,0.508,0.383,0.305,1.0,,1787596295940.2598,15.675,-0.64,12.98,0.35,1787596295940.2598,False,,,4,OP1,C1_WIFI_SIN_CARGA,N3
,0.508,0.382,0.304,1.0,,1787596295967.0923,15.64,-0.64,12.92,0.35,1787596295967.0923,False,,,4,OP1,C1_WIFI_SIN_CARGA,N3
,0.507,0.382,0.304,1.0,,1787596295997.173,15.64,-0.56,12.92,0.35,1787596295997.173,False,,,4,OP1,C1_WIFI_SIN_CARGA,N3
,0.507,0.381,0.304,1.0,,1787596296025.089,15.64,-0.56,12.86,0.35,1787596296027.335,False,,,4,OP1,C1_WIFI_SIN_CARGA,N3
,0.506,0.381,0.304,1.0,,1787596296047.1814,15.64,-0.48,12.86,0.35,1787596296047.1814,False,,,4,OP1,C1_WIFI_SIN_CARGA,N3
,0.505,0.381,0.304,1.0,,1787596296074.6953,15.64,-0.4,12.86,0.35,1787596296074.6953,False,,,4,OP1,C1_WIFI_SIN_CARGA,N3
,0.5,0.374,0.309,1.0,,1787596296471.182,15.815,0.0,12.44,0.35,1787596296471.182,False,,,4,OP1,C1_WIFI_SIN_CARGA,N3
,0.503,0.377,0.306,1.0,,1787596296499.046,15.71,-0.24,12.62,0.35,1787596296499.046,False,,,4,OP1,C1_WIFI_SIN_CARGA,N3
,0.503,0.377,0.306,1.0,,1787596296521.7852,15.71,-0.24,12.62,0.35,1787596296527.1743,False,,,4,OP1,C1_WIFI_SIN_CARGA,N3
,0.502,0.377,0.306,1.0,,1787596296547.1511,15.71,-0.16,12.62,0.35,1787596296547.1511,False,,,4,OP1,C1_WIFI_SIN_CARGA,N3
,0.502,0.376,0.307,1.0,,1787596296580.469,15.745,-0.16,12.56,0.35,1787596296580.469,False,,,4,OP1,C1_WIFI_SIN_CARGA,N3
,0.501,0.375,0.308,1.0,,1787596296603.3042,15.78,-0.08,12.5,0.35,1787596296612.3352,False,,,4,OP1,C1_WIFI_SIN_CARGA,N3
,0.501,0.375,0.308,1.0,,1787596296636.7102,15.78,-0.08,12.5,0.35,1787596296636.7102,False,,,4,OP1,C1_WIFI_SIN_CARGA,N3
,0.501,0.375,0.308,1.0,,1787596296666.7468,15.78,-0.08,12.5,0.35,1787596296667.258,False,,,4,OP1,C1_WIFI_SIN_CARGA,N3
,0.5,0.374,0.308,1.0,,1787596296687.7944,15.78,0.0,12.44,0.35,1787596296687.7944,False,,,4,OP1,C1_WIFI_SIN_CARGA,N3
,0.5,0.374,0.308,1.0,,1787596296713.2168,15.78,0.0,12.44,0.35,1787596296713.2168,False,,,4,OP1,C1_WIFI_SIN_CARGA,N3
,0.5,0.373,0.308,1.0,,1787596296746.6504,15.78,0.0,12.38,0.35,1787596296746.6504,False,,,4,OP1,C1_WIFI_SIN_CARGA,N3
,0.5,0.373,0.309,1.0,,1787596296776.1958,15.815,0.0,12.38,0.35,1787596296776.1958,False,,,4,OP1,C1_WIFI_SIN_CARGA,N3
,0.5,0.372,0.309,1.0,,1787596296805.3074,15.815,0.0,12.32,0.35,1787596296805.3074,False,,,4,OP1,C1_WIFI_SIN_CARGA,N3
,0.501,0.371,0.308,1.0,,1787596296833.4492,15.78,-0.08,12.26,0.35,1787596296833.4492,False,,,4,OP1,C1_WIFI_SIN_CARGA,N3
,0.501,0.371,0.308,1.0,,1787596296857.9275,15.78,-0.08,12.26,0.35,1787596296857.9275,False,,,4,OP1,C1_WIFI_SIN_CARGA,N3
,0.501,0.37,0.308,1.0,,1787596296881.7383,15.78,-0.08,12.2,0.35,1787596296881.7383,False,,,4,OP1,C1_WIFI_SIN_CARGA,N3
,0.501,0.37,0.308,1.0,,1787596296913.89,15.78,-0.08,12.2,0.35,1787596296913.89,False,,,4,OP1,C1_WIFI_SIN_CARGA,N3
,0.5,0.369,0.308,1.0,,1787596296942.3113,15.78,0.0,12.14,0.35,1787596296942.3113,False,,,4,OP1,C1_WIFI_SIN_CARGA,N3
,0.5,0.369,0.308,1.0,,1787596296972.1309,15.78,0.0,12.14,0.35,1787596296972.1309,False,,,4,OP1,C1_WIFI_SIN_CARGA,N3
,0.501,0.368,0.308,1.0,,1787596296999.008,15.78,-0.08,12.08,0.35,1787596297001.139,False,,,4,OP1,C1_WIFI_SIN_CARGA,N3
,0.501,0.367,0.308,1.0,,1787596297050.4363,15.78,-0.08,12.02,0.35,1787596297050.4363,False,,,4,OP1,C1_WIFI_SIN_CARGA,N3
,0.501,0.368,0.307,1.0,,1787596297081.6282,15.745,-0.08,12.08,0.35,1787596297081.6282,False,,,4,OP1,C1_WIFI_SIN_CARGA,N3
,0.501,0.368,0.307,1.0,,1787596297110.6638,15.745,-0.08,12.08,0.35,1787596297110.6638,False,,,4,OP1,C1_WIFI_SIN_CARGA,N3
,0.502,0.368,0.306,1.0,,1787596297138.2595,15.71,-0.16,12.08,0.35,1787596297140.4402,False,,,4,OP1,C1_WIFI_SIN_CARGA,N3
,0.502,0.369,0.306,1.0,,1787596297167.1587,15.71,-0.16,12.14,0.35,1787596297168.19,False,,,4,OP1,C1_WIFI_SIN_CARGA,N3
,0.504,0.37,0.303,1.0,,1787596297216.578,15.605,-0.32,12.2,0.35,1787596297216.578,False,,,4,OP1,C1_WIFI_SIN_CARGA,N3
,0.504,0.371,0.303,1.0,,1787596297250.9038,15.605,-0.32,12.26,0.35,1787596297250.9038,False,,,4,OP1,C1_WIFI_SIN_CARGA,N3
,0.505,0.371,0.303,1.0,,1787596297278.2336,15.605,-0.4,12.26,0.35,1787596297278.2336,False,,,4,OP1,C1_WIFI_SIN_CARGA,N3
,0.506,0.372,0.302,1.0,,1787596297306.3352,15.57,-0.48,12.32,0.35,1787596297306.3352,False,,,4,OP1,C1_WIFI_SIN_CARGA,N3
,0.508,0.372,0.301,1.0,,1787596297334.8171,15.535,-0.64,12.32,0.35,1787596297336.0571,False,,,4,OP1,C1_WIFI_SIN_CARGA,N3
,0.509,0.373,0.3,1.0,,1787596297362.7488,15.5,-0.72,12.38,0.35,1787596297362.7488,False,,,4,OP1,C1_WIFI_SIN_CARGA,N3
,0.509,0.373,0.299,1.0,,1787596297385.244,15.465,-0.72,12.38,0.35,1787596297385.244,False,,,4,OP1,C1_WIFI_SIN_CARGA,N3
,0.51,0.373,0.299,1.0,,1787596297418.4734,15.465,-0.8,12.38,0.35,1787596297418.4734,False,,,4,OP1,C1_WIFI_SIN_CARGA,N3
,0.51,0.374,0.298,1.0,,1787596297446.8003,15.43,-0.8,12.44,0.35,1787596297446.8003,False,,,4,OP1,C1_WIFI_SIN_CARGA,N3
,0.51,0.375,0.298,1.0,,1787596297474.5244,15.43,-0.8,12.5,0.35,1787596297474.5244,False,,,4,OP1,C1_WIFI_SIN_CARGA,N3
,0.51,0.376,0.298,1.0,,1787596297501.8794,15.43,-0.8,12.56,0.35,1787596297503.9487,False,,,4,OP1,C1_WIFI_SIN_CARGA,N3
,0.511,0.376,0.298,1.0,,1787596297527.8994,15.43,-0.88,12.56,0.35,1787596297527.8994,False,,,4,OP1,C1_WIFI_SIN_CARGA,N3
,0.511,0.376,0.297,1.0,,1787596297551.1013,15.395,-0.88,12.56,0.35,1787596297551.1013,False,,,4,OP1,C1_WIFI_SIN_CARGA,N3
,0.511,0.377,0.297,1.0,,1787596297575.2932,15.395,-0.88,12.62,0.35,1787596297586.849,False,,,4,OP1,C1_WIFI_SIN_CARGA,N3
,0.511,0.377,0.296,1.0,,1787596297613.2192,15.36,-0.88,12.62,0.35,1787596297613.2192,False,,,4,OP1,C1_WIFI_SIN_CARGA,N3
,0.511,0.376,0.296,1.0,,1787596297637.431,15.36,-0.88,12.56,0.35,1787596297637.431,False,,,4,OP1,C1_WIFI_SIN_CARGA,N3
,0.511,0.376,0.296,1.0,,1787596297661.5093,15.36,-0.88,12.56,0.35,1787596297661.5093,False,,,4,OP1,C1_WIFI_SIN_CARGA,N3
,0.511,0.376,0.296,1.0,,1787596297697.0422,15.36,-0.88,12.56,0.35,1787596297697.0422,False,,,4,OP1,C1_WIFI_SIN_CARGA,N3
,0.511,0.375,0.295,1.0,,1787596297720.5813,15.325,-0.88,12.5,0.35,1787596297720.5813,False,,,4,OP1,C1_WIFI_SIN_CARGA,N3
,0.511,0.374,0.295,1.0,,1787596297746.745,15.325,-0.88,12.44,0.35,1787596297753.818,False,,,4,OP1,C1_WIFI_SIN_CARGA,N3
,0.511,0.374,0.295,1.0,,1787596297780.0125,15.325,-0.88,12.44,0.35,1787596297780.0125,False,,,4,OP1,C1_WIFI_SIN_CARGA,N3
,0.51,0.374,0.295,1.0,,1787596297809.418,15.325,-0.8,12.44,0.35,1787596297809.418,False,,,4,OP1,C1_WIFI_SIN_CARGA,N3
,0.51,0.373,0.297,1.0,,1787596297856.1948,15.395,-0.8,12.38,0.35,1787596297866.4314,False,,,4,OP1,C1_WIFI_SIN_CARGA,N3
,0.511,0.373,0.298,1.0,,1787596297887.7148,15.43,-0.88,12.38,0.35,1787596297887.7148,False,,,4,OP1,C1_WIFI_SIN_CARGA,N3
,0.511,0.373,0.299,1.0,,1787596297914.2407,15.465,-0.88,12.38,0.35,1787596297921.4424,False,,,4,OP1,C1_WIFI_SIN_CARGA,N3
,0.511,0.373,0.298,1.0,,1787596297946.937,15.43,-0.88,12.38,0.35,1787596297946.937,False,,,4,OP1,C1_WIFI_SIN_CARGA,N3
,0.511,0.374,0.298,1.0,,1787596297976.7449,15.43,-0.88,12.44,0.35,1787596297976.7449,False,,,4,OP1,C1_WIFI_SIN_CARGA,N3
,0.511,0.374,0.298,1.0,,1787596297997.1887,15.43,-0.88,12.44,0.35,1787596298004.1077,False,,,4,OP1,C1_WIFI_SIN_CARGA,N3
,0.511,0.374,0.297,1.0,,1787596298024.412,15.395,-0.88,12.44,0.35,1787596298024.412,False,,,4,OP1,C1_WIFI_SIN_CARGA,N3
,0.511,0.374,0.297,1.0,,1787596298056.232,15.395,-0.88,12.44,0.35,1787596298056.232,False,,,4,OP1,C1_WIFI_SIN_CARGA,N3
,0.511,0.374,0.298,1.0,,1787596298085.1982,15.43,-0.88,12.44,0.35,1787596298085.1982,False,,,4,OP1,C1_WIFI_SIN_CARGA,N3
,0.512,0.374,0.297,1.0,,1787596298112.86,15.395,-0.96,12.44,0.35,1787596298115.416,False,,,4,OP1,C1_WIFI_SIN_CARGA,N3
,0.512,0.373,0.297,1.0,,1787596298141.1555,15.395,-0.96,12.38,0.35,1787596298143.9138,False,,,4,OP1,C1_WIFI_SIN_CARGA,N3
,0.513,0.373,0.298,1.0,,1787596298168.4216,15.43,-1.04,12.38,0.35,1787596298168.4216,False,,,4,OP1,C1_WIFI_SIN_CARGA,N3
,0.513,0.374,0.298,1.0,,1787596298197.0889,15.43,-1.04,12.44,0.35,1787596298197.0889,False,,,4,OP1,C1_WIFI_SIN_CARGA,N3
,0.513,0.374,0.297,1.0,,1787596298224.9246,15.395,-1.04,12.44,0.35,1787596298224.9246,False,,,4,OP1,C1_WIFI_SIN_CARGA,N3
,0.513,0.374,0.297,1.0,,1787596298251.1453,15.395,-1.04,12.44,0.35,1787596298251.1453,False,,,4,OP1,C1_WIFI_SIN_CARGA,N3
,0.514,0.374,0.297,1.0,,1787596298281.1245,15.395,-1.12,12.44,0.35,1787596298281.1245,False,,,4,OP1,C1_WIFI_SIN_CARGA,N3
,0.514,0.374,0.296,1.0,,1787596298310.0574,15.36,-1.12,12.44,0.35,1787596298310.907,False,,,4,OP1,C1_WIFI_SIN_CARGA,N3
,0.515,0.375,0.296,1.0,,1787596298358.832,15.36,-1.2,12.5,0.35,1787596298358.832,False,,,4,OP1,C1_WIFI_SIN_CARGA,N3
,0.515,0.374,0.297,1.0,,1787596298393.2605,15.395,-1.2,12.44,0.35,1787596298393.2605,False,,,4,OP1,C1_WIFI_SIN_CARGA,N3
,0.516,0.374,0.297,1.0,,1787596298418.953,15.395,-1.28,12.44,0.35,1787596298418.953,False,,,4,OP1,C1_WIFI_SIN_CARGA,N3
,0.516,0.374,0.297,1.0,,1787596298448.9744,15.395,-1.28,12.44,0.35,1787596298448.9744,False,,,4,OP1,C1_WIFI_SIN_CARGA,N3
,0.516,0.373,0.297,1.0,,1787596298477.2793,15.395,-1.28,12.38,0.35,1787596298478.1692,False,,,4,OP1,C1_WIFI_SIN_CARGA,N3
,0.517,0.373,0.297,1.0,,1787596298502.9714,15.395,-1.36,12.38,0.35,1787596298507.7668,False,,,4,OP1,C1_WIFI_SIN_CARGA,N3
,0.517,0.372,0.297,1.0,,1787596298529.5864,15.395,-1.36,12.32,0.35,1787596298529.5864,False,,,4,OP1,C1_WIFI_SIN_CARGA,N3
,0.518,0.371,0.297,1.0,,1787596298560.252,15.395,-1.44,12.26,0.35,1787596298560.252,False,,,4,OP1,C1_WIFI_SIN_CARGA,N3
,0.518,0.371,0.298,1.0,,1787596298583.8564,15.43,-1.44,12.26,0.35,1787596298583.8564,False,,,4,OP1,C1_WIFI_SIN_CARGA,N3
,0.518,0.37,0.298,1.0,,1787596298615.694,15.43,-1.44,12.2,0.35,1787596298617.704,False,,,4,OP1,C1_WIFI_SIN_CARGA,N3
,0.519,0.369,0.299,1.0,,1787596298645.8254,15.465,-1.52,12.14,0.35,1787596298646.3433,False,,,4,OP1,C1_WIFI_SIN_CARGA,N3
,0.52,0.367,0.299,1.0,,1787596298672.3428,15.465,-1.6,12.02,0.35,1787596298672.3428,False,,,4,OP1,C1_WIFI_SIN_CARGA,N3
,0.52,0.366,0.299,1.0,,1787596298697.3486,15.465,-1.6,11.96,0.35,1787596298697.3486,False,,,4,OP1,C1_WIFI_SIN_CARGA,N3
,0.521,0.366,0.3,1.0,,1787596298723.4624,15.5,-1.68,11.96,0.35,1787596298729.275,False,,,4,OP1,C1_WIFI_SIN_CARGA,N3
,0.52,0.366,0.3,1.0,,1787596298755.2305,15.5,-1.6,11.96,0.35,1787596298755.2305,False,,,4,OP1,C1_WIFI_SIN_CARGA,N3
,0.52,0.366,0.3,1.0,,1787596298784.2085,15.5,-1.6,11.96,0.35,1787596298784.2085,False,,,4,OP1,C1_WIFI_SIN_CARGA,N3
,0.52,0.366,0.3,1.0,,1787596298812.2185,15.5,-1.6,11.96,0.35,1787596298812.2185,False,,,4,OP1,C1_WIFI_SIN_CARGA,N3
,0.519,0.366,0.299,1.0,,1787596298867.0552,15.465,-1.52,11.96,0.35,1787596298868.132,False,,,4,OP1,C1_WIFI_SIN_CARGA,N3
,0.519,0.365,0.299,1.0,,1787596298889.4355,15.465,-1.52,11.9,0.35,1787596298889.4355,False,,,4,OP1,C1_WIFI_SIN_CARGA,N3
,0.519,0.365,0.3,1.0,,1787596298921.2322,15.5,-1.52,11.9,0.35,1787596298921.2322,False,,,4,OP1,C1_WIFI_SIN_CARGA,N3
,0.519,0.364,0.3,1.0,,1787596298950.2976,15.5,-1.52,11.84,0.35,1787596298950.2976,False,,,4,OP1,C1_WIFI_SIN_CARGA,N3
,0.519,0.362,0.301,1.0,,1787596299008.0198,15.535,-1.52,11.72,0.35,1787596299008.0198,False,,,4,OP1,C1_WIFI_SIN_CARGA,N3
,0.519,0.362,0.301,1.0,,1787596299030.9966,15.535,-1.52,11.72,0.35,1787596299030.9966,False,,,4,OP1,C1_WIFI_SIN_CARGA,N3
,0.519,0.361,0.302,1.0,,1787596299057.2417,15.57,-1.52,11.66,0.35,1787596299057.2417,False,,,4,OP1,C1_WIFI_SIN_CARGA,N3
,0.519,0.361,0.302,1.0,,1787596299089.3682,15.57,-1.52,11.66,0.35,1787596299089.3682,False,,,4,OP1,C1_WIFI_SIN_CARGA,N3
,0.518,0.361,0.303,1.0,,1787596299117.308,15.605,-1.44,11.66,0.35,1787596299119.3203,False,,,4,OP1,C1_WIFI_SIN_CARGA,N3
,0.518,0.361,0.303,1.0,,1787596299144.9314,15.605,-1.44,11.66,0.35,1787596299144.9314,False,,,4,OP1,C1_WIFI_SIN_CARGA,N3
,0.518,0.36,0.303,1.0,,1787596299171.8538,15.605,-1.44,11.6,0.35,1787596299171.8538,False,,,4,OP1,C1_WIFI_SIN_CARGA,N3
,0.517,0.36,0.304,1.0,,1787596299199.8665,15.64,-1.36,11.6,0.35,1787596299199.8665,False,,,4,OP1,C1_WIFI_SIN_CARGA,N3
,0.517,0.36,0.304,1.0,,1787596299229.8674,15.64,-1.36,11.6,0.35,1787596299231.8833,False,,,4,OP1,C1_WIFI_SIN_CARGA,N3
,0.516,0.359,0.304,1.0,,1787596299286.801,15.64,-1.28,11.54,0.35,1787596299286.801,False,,,4,OP1,C1_WIFI_SIN_CARGA,N3
,0.516,0.359,0.305,1.0,,1787596299307.5083,15.675,-1.28,11.54,0.35,1787596299314.2202,False,,,4,OP1,C1_WIFI_SIN_CARGA,N3
,0.516,0.359,0.304,1.0,,1787596299332.989,15.64,-1.28,11.54,0.35,1787596299332.989,False,,,4,OP1,C1_WIFI_SIN_CARGA,N3
,0.516,0.359,0.304,1.0,,1787596299369.3335,15.64,-1.28,11.54,0.35,1787596299369.3335,False,,,4,OP1,C1_WIFI_SIN_CARGA,N3
,0.516,0.358,0.304,1.0,,1787596299396.8835,15.64,-1.28,11.48,0.35,1787596299396.8835,False,,,4,OP1,C1_WIFI_SIN_CARGA,N3
,0.515,0.358,0.303,1.0,,1787596299417.6013,15.605,-1.2,11.48,0.35,1787596299417.6013,False,,,4,OP1,C1_WIFI_SIN_CARGA,N3
,0.515,0.359,0.303,1.0,,1787596299447.1794,15.605,-1.2,11.54,0.35,1787596299447.1794,False,,,4,OP1,C1_WIFI_SIN_CARGA,N3
,0.515,0.359,0.302,1.0,,1787596299471.6953,15.57,-1.2,11.54,0.35,1787596299481.7617,False,,,4,OP1,C1_WIFI_SIN_CARGA,N3
,0.515,0.359,0.302,1.0,,1787596299503.1729,15.57,-1.2,11.54,0.35,1787596299503.1729,False,,,4,OP1,C1_WIFI_SIN_CARGA,N3
,0.515,0.36,0.301,1.0,,1787596299535.2551,15.535,-1.2,11.6,0.35,1787596299538.1218,False,,,4,OP1,C1_WIFI_SIN_CARGA,N3
,0.514,0.36,0.301,1.0,,1787596299555.6672,15.535,-1.12,11.6,0.35,1787596299565.384,False,,,4,OP1,C1_WIFI_SIN_CARGA,N3
,0.514,0.36,0.3,1.0,,1787596299584.6816,15.5,-1.12,11.6,0.35,1787596299584.6816,False,,,4,OP1,C1_WIFI_SIN_CARGA,N3
,0.514,0.36,0.3,1.0,,1787596299620.5632,15.5,-1.12,11.6,0.35,1787596299620.5632,False,,,4,OP1,C1_WIFI_SIN_CARGA,N3
,0.514,0.359,0.301,1.0,,1787596299646.9685,15.535,-1.12,11.54,0.35,1787596299648.9832,False,,,4,OP1,C1_WIFI_SIN_CARGA,N3
,0.514,0.359,0.302,1.0,,1787596299670.36,15.57,-1.12,11.54,0.35,1787596299670.36,False,,,4,OP1,C1_WIFI_SIN_CARGA,N3
,0.514,0.359,0.302,1.0,,1787596299696.9438,15.57,-1.12,11.54,0.35,1787596299696.9438,False,,,4,OP1,C1_WIFI_SIN_CARGA,N3
,0.513,0.358,0.303,1.0,,1787596299726.6567,15.605,-1.04,11.48,0.35,1787596299726.6567,False,,,4,OP1,C1_WIFI_SIN_CARGA,N3
,0.513,0.358,0.302,1.0,,1787596299757.1592,15.57,-1.04,11.48,0.35,1787596299759.172,False,,,4,OP1,C1_WIFI_SIN_CARGA,N3
,0.514,0.357,0.302,1.0,,1787596299787.3677,15.57,-1.12,11.42,0.35,1787596299787.3677,False,,,4,OP1,C1_WIFI_SIN_CARGA,N3
,0.514,0.356,0.301,1.0,,1787596299837.3862,15.535,-1.12,11.36,0.35,1787596299837.3862,False,,,4,OP1,C1_WIFI_SIN_CARGA,N3
,0.513,0.356,0.301,1.0,,1787596299870.8037,15.535,-1.04,11.36,0.35,1787596299870.8037,False,,,4,OP1,C1_WIFI_SIN_CARGA,N3
,0.513,0.356,0.301,1.0,,1787596299896.6511,15.535,-1.04,11.36,0.35,1787596299898.6594,False,,,4,OP1,C1_WIFI_SIN_CARGA,N3
,0.514,0.356,0.302,1.0,,1787596299924.3315,15.57,-1.12,11.36,0.35,1787596299926.3418,False,,,4,OP1,C1_WIFI_SIN_CARGA,N3
,0.514,0.356,0.302,1.0,,1787596299947.578,15.57,-1.12,11.36,0.35,1787596299954.1426,False,,,4,OP1,C1_WIFI_SIN_CARGA,N3
,0.514,0.356,0.304,1.0,,1787596300006.5923,15.64,-1.12,11.36,0.35,1787596300006.5923,False,,,4,OP1,C1_WIFI_SIN_CARGA,N3
,0.514,0.357,0.304,1.0,,1787596300033.1436,15.64,-1.12,11.42,0.35,1787596300038.7625,False,,,4,OP1,C1_WIFI_SIN_CARGA,N3
,0.513,0.357,0.304,1.0,,1787596300065.333,15.64,-1.04,11.42,0.35,1787596300065.333,False,,,4,OP1,C1_WIFI_SIN_CARGA,N3
,0.513,0.357,0.303,1.0,,1787596300092.7734,15.605,-1.04,11.42,0.35,1787596300092.7734,False,,,4,OP1,C1_WIFI_SIN_CARGA,N3
,0.513,0.358,0.303,1.0,,1787596300117.2683,15.605,-1.04,11.48,0.35,1787596300117.2683,False,,,4,OP1,C1_WIFI_SIN_CARGA,N3
,0.513,0.357,0.303,1.0,,1787596300148.274,15.605,-1.04,11.42,0.35,1787596300148.274,False,,,4,OP1,C1_WIFI_SIN_CARGA,N3
,0.513,0.357,0.303,1.0,,1787596300173.067,15.605,-1.04,11.42,0.35,1787596300173.067,False,,,4,OP1,C1_WIFI_SIN_CARGA,N3
,0.513,0.357,0.303,1.0,,1787596300201.0269,15.605,-1.04,11.42,0.35,1787596300201.0269,False,,,4,OP1,C1_WIFI_SIN_CARGA,N3
,0.513,0.357,0.304,1.0,,1787596300232.2778,15.64,-1.04,11.42,0.35,1787596300232.2778,False,,,4,OP1,C1_WIFI_SIN_CARGA,N3
,0.513,0.357,0.304,1.0,,1787596300260.242,15.64,-1.04,11.42,0.35,1787596300262.3176,False,,,4,OP1,C1_WIFI_SIN_CARGA,N3
,0.513,0.358,0.304,1.0,,1787596300309.0715,15.64,-1.04,11.48,0.35,1787596300309.0715,False,,,4,OP1,C1_WIFI_SIN_CARGA,N3
,0.513,0.358,0.303,1.0,,1787596300341.4968,15.605,-1.04,11.48,0.35,1787596300344.102,False,,,4,OP1,C1_WIFI_SIN_CARGA,N3
,0.513,0.359,0.303,1.0,,1787596300369.5076,15.605,-1.04,11.54,0.35,1787596300369.5076,False,,,4,OP1,C1_WIFI_SIN_CARGA,N3
,0.513,0.359,0.302,1.0,,1787596300398.8413,15.57,-1.04,11.54,0.35,1787596300398.8413,False,,,4,OP1,C1_WIFI_SIN_CARGA,N3
,0.514,0.358,0.302,1.0,,1787596300425.9243,15.57,-1.12,11.48,0.35,1787596300425.9243,False,,,4,OP1,C1_WIFI_SIN_CARGA,N3
,0.514,0.358,0.302,1.0,,1787596300453.4773,15.57,-1.12,11.48,0.35,1787596300455.4824,False,,,4,OP1,C1_WIFI_SIN_CARGA,N3
,0.514,0.358,0.302,1.0,,1787596300480.8792,15.57,-1.12,11.48,0.35,1787596300482.8865,False,,,4,OP1,C1_WIFI_SIN_CARGA,N3
,0.514,0.359,0.302,1.0,,1787596300509.1455,15.57,-1.12,11.54,0.35,1787596300509.1455,False,,,4,OP1,C1_WIFI_SIN_CARGA,N3
,0.514,0.359,0.302,1.0,,1787596300532.9773,15.57,-1.12,11.54,0.35,1787596300532.9773,False,,,4,OP1,C1_WIFI_SIN_CARGA,N3
,0.513,0.36,0.302,1.0,,1787596300563.6748,15.57,-1.04,11.6,0.35,1787596300563.6748,False,,,4,OP1,C1_WIFI_SIN_CARGA,N3
,0.513,0.36,0.302,1.0,,1787596300593.9517,15.57,-1.04,11.6,0.35,1787596300593.9517,False,,,4,OP1,C1_WIFI_SIN_CARGA,N3
,0.513,0.36,0.302,1.0,,1787596300620.6047,15.57,-1.04,11.6,0.35,1787596300623.5674,False,,,4,OP1,C1_WIFI_SIN_CARGA,N3
,0.513,0.36,0.301,1.0,,1787596300649.6118,15.535,-1.04,11.6,0.35,1787596300649.6118,False,,,4,OP1,C1_WIFI_SIN_CARGA,N3
,0.513,0.36,0.301,1.0,,1787596300677.3389,15.535,-1.04,11.6,0.35,1787596300677.3389,False,,,4,OP1,C1_WIFI_SIN_CARGA,N3
,0.513,0.361,0.302,1.0,,1787596300703.788,15.57,-1.04,11.66,0.35,1787596300705.7986,False,,,4,OP1,C1_WIFI_SIN_CARGA,N3
,0.513,0.361,0.302,1.0,,1787596300732.1553,15.57,-1.04,11.66,0.35,1787596300734.172,False,,,4,OP1,C1_WIFI_SIN_CARGA,N3
,0.513,0.361,0.301,1.0,,1787596300761.6245,15.535,-1.04,11.66,0.35,1787596300762.6702,False,,,4,OP1,C1_WIFI_SIN_CARGA,N3
,0.513,0.361,0.301,1.0,,1787596300812.5198,15.535,-1.04,11.66,0.35,1787596300812.5198,False,,,4,OP1,C1_WIFI_SIN_CARGA,N3
,0.514,0.362,0.301,1.0,,1787596300844.5227,15.535,-1.12,11.72,0.35,1787596300844.5227,False,,,4,OP1,C1_WIFI_SIN_CARGA,N3
,0.514,0.362,0.3,1.0,,1787596300871.5403,15.5,-1.12,11.72,0.35,1787596300871.5403,False,,,4,OP1,C1_WIFI_SIN_CARGA,N3
,0.514,0.362,0.3,1.0,,1787596300899.9658,15.5,-1.12,11.72,0.35,1787596300899.9658,False,,,4,OP1,C1_WIFI_SIN_CARGA,N3
,0.514,0.362,0.3,1.0,,1787596300925.0176,15.5,-1.12,11.72,0.35,1787596300930.1326,False,,,4,OP1,C1_WIFI_SIN_CARGA,N3
,0.514,0.361,0.3,1.0,,1787596300951.179,15.5,-1.12,11.66,0.35,1787596300951.179,False,,,4,OP1,C1_WIFI_SIN_CARGA,N3
,0.514,0.361,0.3,1.0,,1787596300981.8647,15.5,-1.12,11.66,0.35,1787596300984.735,False,,,4,OP1,C1_WIFI_SIN_CARGA,N3
,0.514,0.361,0.3,1.0,,1787596301005.3389,15.5,-1.12,11.66,0.35,1787596301005.3389,False,,,4,OP1,C1_WIFI_SIN_CARGA,N3
,0.513,0.361,0.3,1.0,,1787596301038.9734,15.5,-1.04,11.66,0.35,1787596301038.9734,False,,,4,OP1,C1_WIFI_SIN_CARGA,N3
,0.513,0.361,0.299,1.0,,1787596301067.1946,15.465,-1.04,11.66,0.35,1787596301067.1946,False,,,4,OP1,C1_WIFI_SIN_CARGA,N3
,0.511,0.361,0.298,1.0,,1787596301117.024,15.43,-0.88,11.66,0.35,1787596301117.024,False,,,4,OP1,C1_WIFI_SIN_CARGA,N3
,0.511,0.361,0.298,1.0,,1787596301151.8972,15.43,-0.88,11.66,0.35,1787596301151.8972,False,,,4,OP1,C1_WIFI_SIN_CARGA,N3
,0.511,0.361,0.298,1.0,,1787596301176.0916,15.43,-0.88,11.66,0.35,1787596301176.0916,False,,,4,OP1,C1_WIFI_SIN_CARGA,N3
,0.511,0.361,0.299,1.0,,1787596301205.319,15.465,-0.88,11.66,0.35,1787596301205.319,False,,,4,OP1,C1_WIFI_SIN_CARGA,N3
,0.51,0.361,0.298,1.0,,1787596301233.1973,15.43,-0.8,11.66,0.35,1787596301235.3855,False,,,4,OP1,C1_WIFI_SIN_CARGA,N3
,0.51,0.362,0.298,1.0,,1787596301257.949,15.43,-0.8,11.72,0.35,1787596301257.949,False,,,4,OP1,C1_WIFI_SIN_CARGA,N3
,0.51,0.362,0.297,1.0,,1787596301282.8718,15.395,-0.8,11.72,0.35,1787596301282.8718,False,,,4,OP1,C1_WIFI_SIN_CARGA,N3
,0.509,0.363,0.296,1.0,,1787596301316.15,15.36,-0.72,11.78,0.35,1787596301316.15,False,,,4,OP1,C1_WIFI_SIN_CARGA,N3
,0.509,0.363,0.295,1.0,,1787596301344.025,15.325,-0.72,11.78,0.35,1787596301346.6912,False,,,4,OP1,C1_WIFI_SIN_CARGA,N3
,0.509,0.363,0.295,1.0,,1787596301370.853,15.325,-0.72,11.78,0.35,1787596301370.853,False,,,4,OP1,C1_WIFI_SIN_CARGA,N3
,0.508,0.364,0.294,1.0,,1787596301402.3303,15.29,-0.64,11.84,0.35,1787596301402.3303,False,,,4,OP1,C1_WIFI_SIN_CARGA,N3
,0.508,0.364,0.294,1.0,,1787596301457.8398,15.29,-0.64,11.84,0.35,1787596301457.8398,False,,,4,OP1,C1_WIFI_SIN_CARGA,N3
,0.507,0.365,0.294,1.0,,1787596301484.2903,15.29,-0.56,11.9,0.35,1787596301484.2903,False,,,4,OP1,C1_WIFI_SIN_CARGA,N3
,0.507,0.365,0.294,1.0,,1787596301511.9705,15.29,-0.56,11.9,0.35,1787596301511.9705,False,,,4,OP1,C1_WIFI_SIN_CARGA,N3
,0.507,0.366,0.294,1.0,,1787596301538.92,15.29,-0.56,11.96,0.35,1787596301540.9292,False,,,4,OP1,C1_WIFI_SIN_CARGA,N3
,0.507,0.366,0.294,1.0,,1787596301567.7144,15.29,-0.56,11.96,0.35,1787596301568.8145,False,,,4,OP1,C1_WIFI_SIN_CARGA,N3
,0.507,0.366,0.294,1.0,,1787596301596.183,15.29,-0.56,11.96,0.35,1787596301597.717,False,,,4,OP1,C1_WIFI_SIN_CARGA,N3
,0.507,0.366,0.294,1.0,,1787596301619.067,15.29,-0.56,11.96,0.35,1787596301619.067,False,,,4,OP1,C1_WIFI_SIN_CARGA,N3
,0.507,0.366,0.293,1.0,,1787596301649.205,15.255,-0.56,11.96,0.35,1787596301652.3286,False,,,4,OP1,C1_WIFI_SIN_CARGA,N3
,0.507,0.366,0.293,1.0,,1787596301679.2092,15.255,-0.56,11.96,0.35,1787596301679.2092,False,,,4,OP1,C1_WIFI_SIN_CARGA,N3
,0.507,0.367,0.294,1.0,,1787596301706.801,15.29,-0.56,12.02,0.35,1787596301708.8076,False,,,4,OP1,C1_WIFI_SIN_CARGA,N3
,0.508,0.366,0.294,1.0,,1787596301735.8257,15.29,-0.64,11.96,0.35,1787596301735.8257,False,,,4,OP1,C1_WIFI_SIN_CARGA,N3
,0.508,0.366,0.294,1.0,,1787596301788.0652,15.29,-0.64,11.96,0.35,1787596301788.0652,False,,,4,OP1,C1_WIFI_SIN_CARGA,N3
,0.508,0.365,0.294,1.0,,1787596301814.9202,15.29,-0.64,11.9,0.35,1787596301814.9202,False,,,4,OP1,C1_WIFI_SIN_CARGA,N3
,0.508,0.364,0.295,1.0,,1787596301847.162,15.325,-0.64,11.84,0.35,1787596301847.162,False,,,4,OP1,C1_WIFI_SIN_CARGA,N3
,0.508,0.364,0.295,1.0,,1787596301873.4287,15.325,-0.64,11.84,0.35,1787596301875.4387,False,,,4,OP1,C1_WIFI_SIN_CARGA,N3
,0.508,0.363,0.296,1.0,,1787596301903.1875,15.36,-0.64,11.78,0.35,1787596301904.9646,False,,,4,OP1,C1_WIFI_SIN_CARGA,N3
,0.508,0.363,0.296,1.0,,1787596301955.1296,15.36,-0.64,11.78,0.35,1787596301955.1296,False,,,4,OP1,C1_WIFI_SIN_CARGA,N3
,0.508,0.364,0.296,1.0,,1787596301982.24,15.36,-0.64,11.84,0.35,1787596301988.1238,False,,,4,OP1,C1_WIFI_SIN_CARGA,N3
,0.508,0.364,0.296,1.0,,1787596302006.7476,15.36,-0.64,11.84,0.35,1787596302006.7476,False,,,4,OP1,C1_WIFI_SIN_CARGA,N3
,0.508,0.364,0.296,1.0,,1787596302042.5269,15.36,-0.64,11.84,0.35,1787596302044.5403,False,,,4,OP1,C1_WIFI_SIN_CARGA,N3
,0.508,0.364,0.296,1.0,,1787596302097.1873,15.36,-0.64,11.84,0.35,1787596302097.1873,False,,,4,OP1,C1_WIFI_SIN_CARGA,N3
,0.509,0.364,0.296,1.0,,1787596302121.73,15.36,-0.72,11.84,0.35,1787596302121.73,False,,,4,OP1,C1_WIFI_SIN_CARGA,N3
,0.509,0.364,0.296,1.0,,1787596302148.7107,15.36,-0.72,11.84,0.35,1787596302148.7107,False,,,4,OP1,C1_WIFI_SIN_CARGA,N3
,0.509,0.364,0.296,1.0,,1787596302179.1765,15.36,-0.72,11.84,0.35,1787596302182.272,False,,,4,OP1,C1_WIFI_SIN_CARGA,N3
,0.509,0.364,0.297,1.0,,1787596302210.6177,15.395,-0.72,11.84,0.35,1787596302210.6177,False,,,4,OP1,C1_WIFI_SIN_CARGA,N3
,0.508,0.364,0.298,1.0,,1787596302258.6416,15.43,-0.64,11.84,0.35,1787596302258.6416,False,,,4,OP1,C1_WIFI_SIN_CARGA,N3
,0.508,0.364,0.298,1.0,,1787596302289.3972,15.43,-0.64,11.84,0.35,1787596302289.3972,False,,,4,OP1,C1_WIFI_SIN_CARGA,N3
,0.508,0.364,0.299,1.0,,1787596302320.1768,15.465,-0.64,11.84,0.35,1787596302320.1768,False,,,4,OP1,C1_WIFI_SIN_CARGA,N3
,0.508,0.363,0.299,1.0,,1787596302347.432,15.465,-0.64,11.78,0.35,1787596302347.432,False,,,4,OP1,C1_WIFI_SIN_CARGA,N3
,0.508,0.363,0.3,1.0,,1787596302375.9456,15.5,-0.64,11.78,0.35,1787596302378.0564,False,,,4,OP1,C1_WIFI_SIN_CARGA,N3
,0.508,0.363,0.299,1.0,,1787596302397.1758,15.465,-0.64,11.78,0.35,1787596302397.1758,False,,,4,OP1,C1_WIFI_SIN_CARGA,N3
,0.509,0.362,0.3,1.0,,1787596302425.5388,15.5,-0.72,11.72,0.35,1787596302425.5388,False,,,4,OP1,C1_WIFI_SIN_CARGA,N3
,0.509,0.362,0.301,1.0,,1787596302457.162,15.535,-0.72,11.72,0.35,1787596302457.162,False,,,4,OP1,C1_WIFI_SIN_CARGA,N3
,0.509,0.362,0.301,1.0,,1787596302487.814,15.535,-0.72,11.72,0.35,1787596302487.814,False,,,4,OP1,C1_WIFI_SIN_CARGA,N3
,0.51,0.361,0.302,1.0,,1787596302514.0957,15.57,-0.8,11.66,0.35,1787596302516.109,False,,,4,OP1,C1_WIFI_SIN_CARGA,N3
,0.51,0.36,0.302,1.0,,1787596302543.4792,15.57,-0.8,11.6,0.35,1787596302543.4792,False,,,4,OP1,C1_WIFI_SIN_CARGA,N3
,0.51,0.359,0.304,1.0,,1787596302597.1384,15.64,-0.8,11.54,0.35,1787596302597.1384,False,,,4,OP1,C1_WIFI_SIN_CARGA,N3
,0.511,0.358,0.304,1.0,,1787596302626.7463,15.64,-0.88,11.48,0.35,1787596302626.7463,False,,,4,OP1,C1_WIFI_SIN_CARGA,N3
,0.511,0.358,0.305,1.0,,1787596302654.2017,15.675,-0.88,11.48,0.35,1787596302654.2017,False,,,4,OP1,C1_WIFI_SIN_CARGA,N3
,0.511,0.358,0.305,1.0,,1787596302681.587,15.675,-0.88,11.48,0.35,1787596302681.587,False,,,4,OP1,C1_WIFI_SIN_CARGA,N3
,0.511,0.358,0.304,1.0,,1787596302710.3003,15.64,-0.88,11.48,0.35,1787596302710.3003,False,,,4,OP1,C1_WIFI_SIN_CARGA,N3
,0.511,0.358,0.304,1.0,,1787596302730.6309,15.64,-0.88,11.48,0.35,1787596302730.6309,False,,,4,OP1,C1_WIFI_SIN_CARGA,N3
,0.512,0.357,0.303,1.0,,1787596302761.9463,15.605,-0.96,11.42,0.35,1787596302761.9463,False,,,4,OP1,C1_WIFI_SIN_CARGA,N3
,0.512,0.357,0.303,1.0,,1787596302794.52,15.605,-0.96,11.42,0.35,1787596302794.52,False,,,4,OP1,C1_WIFI_SIN_CARGA,N3
,0.513,0.357,0.302,1.0,,1787596302819.8044,15.57,-1.04,11.42,0.35,1787596302819.8044,False,,,4,OP1,C1_WIFI_SIN_CARGA,N3
,0.513,0.358,0.301,1.0,,1787596302847.2651,15.535,-1.04,11.48,0.35,1787596302849.2812,False,,,4,OP1,C1_WIFI_SIN_CARGA,N3
,0.513,0.359,0.299,1.0,,1787596302878.0493,15.465,-1.04,11.54,0.35,1787596302878.0493,False,,,4,OP1,C1_WIFI_SIN_CARGA,N3
,0.513,0.36,0.298,1.0,,1787596302928.5713,15.43,-1.04,11.6,0.35,1787596302928.5713,False,,,4,OP1,C1_WIFI_SIN_CARGA,N3
,0.513,0.361,0.298,1.0,,1787596302961.814,15.43,-1.04,11.66,0.35,1787596302963.115,False,,,4,OP1,C1_WIFI_SIN_CARGA,N3
,0.513,0.362,0.298,1.0,,1787596302988.035,15.43,-1.04,11.72,0.35,1787596302988.035,False,,,4,OP1,C1_WIFI_SIN_CARGA,N3
,0.512,0.363,0.298,1.0,,1787596303015.2532,15.43,-0.96,11.78,0.35,1787596303015.2532,False,,,4,OP1,C1_WIFI_SIN_CARGA,N3
,0.512,0.364,0.297,1.0,,1787596303044.9116,15.395,-0.96,11.84,0.35,1787596303046.923,False,,,4,OP1,C1_WIFI_SIN_CARGA,N3
,0.511,0.364,0.297,1.0,,1787596303097.1956,15.395,-0.88,11.84,0.35,1787596303097.1956,False,,,4,OP1,C1_WIFI_SIN_CARGA,N3
,0.51,0.365,0.297,1.0,,1787596303124.7805,15.395,-0.8,11.9,0.35,1787596303130.327,False,,,4,OP1,C1_WIFI_SIN_CARGA,N3
,0.509,0.365,0.297,1.0,,1787596303155.1572,15.395,-0.72,11.9,0.35,1787596303155.1572,False,,,4,OP1,C1_WIFI_SIN_CARGA,N3
,0.508,0.366,0.297,1.0,,1787596303184.7366,15.395,-0.64,11.96,0.35,1787596303184.7366,False,,,4,OP1,C1_WIFI_SIN_CARGA,N3
,0.506,0.364,0.298,1.0,,1787596303230.9534,15.43,-0.48,11.84,0.35,1787596303230.9534,False,,,4,OP1,C1_WIFI_SIN_CARGA,N3
,0.505,0.363,0.298,1.0,,1787596303264.868,15.43,-0.4,11.78,0.35,1787596303264.868,False,,,4,OP1,C1_WIFI_SIN_CARGA,N3
,0.505,0.363,0.298,0.999,,1787596303286.458,15.43,-0.4,11.78,0.3511,1787596303286.458,False,,,4,OP1,C1_WIFI_SIN_CARGA,N3
,0.505,0.363,0.298,0.997,,1787596303319.0725,15.43,-0.4,11.78,0.3532,1787596303319.0725,False,,,4,OP1,C1_WIFI_SIN_CARGA,N3
,0.504,0.363,0.298,0.993,,1787596303351.7234,15.43,-0.32,11.78,0.3574,1787596303351.7234,False,,,4,OP1,C1_WIFI_SIN_CARGA,N3
,0.503,0.364,0.296,0.983,,1787596303399.0842,15.36,-0.24,11.84,0.3679,1787596303408.6428,False,,,4,OP1,C1_WIFI_SIN_CARGA,N3
,0.502,0.365,0.296,0.977,,1787596303432.2825,15.36,-0.16,11.9,0.3742,1787596303432.2825,False,,,4,OP1,C1_WIFI_SIN_CARGA,N3
,0.502,0.365,0.295,0.972,,1787596303459.2437,15.325,-0.16,11.9,0.3794,1787596303463.3132,False,,,4,OP1,C1_WIFI_SIN_CARGA,N3
,0.502,0.366,0.295,0.968,,1787596303489.0894,15.325,-0.16,11.96,0.3836,1787596303489.0894,False,,,4,OP1,C1_WIFI_SIN_CARGA,N3
,0.501,0.367,0.295,0.965,,1787596303516.9998,15.325,-0.08,12.02,0.3868,1787596303516.9998,False,,,4,OP1,C1_WIFI_SIN_CARGA,N3
,0.501,0.367,0.294,0.962,,1787596303538.8845,15.29,-0.08,12.02,0.3899,1787596303538.8845,False,,,4,OP1,C1_WIFI_SIN_CARGA,N3
,0.501,0.368,0.294,0.959,,1787596303567.0132,15.29,-0.08,12.08,0.3931,1787596303567.0132,False,,,4,OP1,C1_WIFI_SIN_CARGA,N3
,0.501,0.369,0.293,0.956,,1787596303601.0242,15.255,-0.08,12.14,0.3962,1787596303601.0242,False,,,4,OP1,C1_WIFI_SIN_CARGA,N3
,0.501,0.37,0.293,0.951,,1787596303654.8914,15.255,-0.08,12.2,0.4015,1787596303654.8914,False,,,4,OP1,C1_WIFI_SIN_CARGA,N3
,0.501,0.37,0.293,0.949,,1787596303684.623,15.255,-0.08,12.2,0.4036,1787596303685.7256,False,,,4,OP1,C1_WIFI_SIN_CARGA,N3
,0.501,0.37,0.292,0.946,,1787596303713.7634,15.22,-0.08,12.2,0.4067,1787596303715.7769,False,,,4,OP1,C1_WIFI_SIN_CARGA,N3
,0.501,0.371,0.291,0.944,,1787596303735.5637,15.185,-0.08,12.26,0.4088,1787596303735.5637,False,,,4,OP1,C1_WIFI_SIN_CARGA,N3
,0.501,0.371,0.291,0.943,,1787596303767.7798,15.185,-0.08,12.26,0.4099,1787596303767.7798,False,,,4,OP1,C1_WIFI_SIN_CARGA,N3
,0.501,0.371,0.291,0.942,,1787596303795.0242,15.185,-0.08,12.26,0.4109,1787596303797.035,False,,,4,OP1,C1_WIFI_SIN_CARGA,N3
,0.501,0.372,0.29,0.941,,1787596303822.5415,15.15,-0.08,12.32,0.412,1787596303824.558,False,,,4,OP1,C1_WIFI_SIN_CARGA,N3
,0.501,0.372,0.29,0.941,,1787596303852.1333,15.15,-0.08,12.32,0.412,1787596303852.1333,False,,,4,OP1,C1_WIFI_SIN_CARGA,N3
,0.5,0.373,0.289,0.942,,1787596303903.6145,15.115,0.0,12.38,0.4109,1787596303903.6145,False,,,4,OP1,C1_WIFI_SIN_CARGA,N3
,0.499,0.373,0.289,0.943,,1787596303931.1096,15.115,0.08,12.38,0.4099,1787596303936.928,False,,,4,OP1,C1_WIFI_SIN_CARGA,N3
,0.499,0.373,0.289,0.944,,1787596303961.9338,15.115,0.08,12.38,0.4088,1787596303963.942,False,,,4,OP1,C1_WIFI_SIN_CARGA,N3
,0.498,0.374,0.289,0.945,,1787596303990.3286,15.115,0.16,12.44,0.4078,1787596303990.3286,False,,,4,OP1,C1_WIFI_SIN_CARGA,N3
,0.497,0.374,0.289,0.945,,1787596304046.8433,15.115,0.24,12.44,0.4078,1787596304046.8433,False,,,4,OP1,C1_WIFI_SIN_CARGA,N3
,0.497,0.374,0.288,0.944,,1787596304069.489,15.08,0.24,12.44,0.4088,1787596304069.489,False,,,4,OP1,C1_WIFI_SIN_CARGA,N3
,0.497,0.373,0.288,0.943,,1787596304103.559,15.08,0.24,12.38,0.4099,1787596304104.0686,False,,,4,OP1,C1_WIFI_SIN_CARGA,N3
,0.497,0.373,0.289,0.943,,1787596304130.5725,15.115,0.24,12.38,0.4099,1787596304130.5725,False,,,4,OP1,C1_WIFI_SIN_CARGA,N3
,0.497,0.373,0.288,0.942,,1787596304158.2915,15.08,0.24,12.38,0.4109,1787596304159.804,False,,,4,OP1,C1_WIFI_SIN_CARGA,N3
,0.497,0.373,0.288,0.944,,1787596304208.0437,15.08,0.24,12.38,0.4088,1787596304208.0437,False,,,4,OP1,C1_WIFI_SIN_CARGA,N3
,0.497,0.373,0.288,0.945,,1787596304239.0674,15.08,0.24,12.38,0.4078,1787596304239.0674,False,,,4,OP1,C1_WIFI_SIN_CARGA,N3
,0.496,0.373,0.287,0.946,,1787596304266.506,15.045,0.32,12.38,0.4067,1787596304266.506,False,,,4,OP1,C1_WIFI_SIN_CARGA,N3
,0.497,0.374,0.287,0.947,,1787596304296.8218,15.045,0.24,12.44,0.4057,1787596304298.8289,False,,,4,OP1,C1_WIFI_SIN_CARGA,N3
,0.497,0.374,0.287,0.948,,1787596304324.4534,15.045,0.24,12.44,0.4046,1787596304324.4534,False,,,4,OP1,C1_WIFI_SIN_CARGA,N3
,0.497,0.373,0.288,0.95,,1787596304347.1724,15.08,0.24,12.38,0.4025,1787596304356.1624,False,,,4,OP1,C1_WIFI_SIN_CARGA,N3
,0.498,0.372,0.288,0.952,,1787596304377.9138,15.08,0.16,12.32,0.4004,1787596304377.9138,False,,,4,OP1,C1_WIFI_SIN_CARGA,N3
,0.498,0.371,0.288,0.954,,1787596304408.7546,15.08,0.16,12.26,0.3983,1787596304408.7546,False,,,4,OP1,C1_WIFI_SIN_CARGA,N3
,0.498,0.371,0.288,0.955,,1787596304436.355,15.08,0.16,12.26,0.3973,1787596304436.355,False,,,4,OP1,C1_WIFI_SIN_CARGA,N3
,0.498,0.371,0.288,0.955,,1787596304464.2705,15.08,0.16,12.26,0.3973,1787596304466.2786,False,,,4,OP1,C1_WIFI_SIN_CARGA,N3
,0.498,0.371,0.287,0.955,,1787596304493.5483,15.045,0.16,12.26,0.3973,1787596304493.5483,False,,,4,OP1,C1_WIFI_SIN_CARGA,N3
,0.498,0.372,0.287,0.954,,1787596304513.647,15.045,0.16,12.32,0.3983,1787596304522.3987,False,,,4,OP1,C1_WIFI_SIN_CARGA,N3
,0.499,0.371,0.288,0.955,,1787596304547.2322,15.08,0.08,12.26,0.3973,1787596304547.2322,False,,,4,OP1,C1_WIFI_SIN_CARGA,N3
,0.499,0.37,0.288,0.958,,1787596304573.215,15.08,0.08,12.2,0.3941,1787596304573.215,False,,,4,OP1,C1_WIFI_SIN_CARGA,N3
,0.499,0.37,0.288,0.961,,1787596304597.3054,15.08,0.08,12.2,0.391,1787596304597.3054,False,,,4,OP1,C1_WIFI_SIN_CARGA,N3
,0.499,0.369,0.289,0.971,,1787596304631.7527,15.115,0.08,12.14,0.3805,1787596304631.7527,False,,,4,OP1,C1_WIFI_SIN_CARGA,N3
,0.5,0.368,0.29,0.982,,1787596304659.5212,15.15,0.0,12.08,0.3689,1787596304660.3376,False,,,4,OP1,C1_WIFI_SIN_CARGA,N3
,0.5,0.363,0.294,1.0,,1787596304710.2593,15.29,0.0,11.78,0.35,1787596304710.2593,False,,,4,OP1,C1_WIFI_SIN_CARGA,N3
,0.5,0.362,0.297,1.0,,1787596304741.5063,15.395,0.0,11.72,0.35,1787596304741.5063,False,,,4,OP1,C1_WIFI_SIN_CARGA,N3
,0.499,0.362,0.298,1.0,,1787596304770.2068,15.43,0.08,11.72,0.35,1787596304770.2068,False,,,4,OP1,C1_WIFI_SIN_CARGA,N3
,0.499,0.361,0.298,1.0,,1787596304798.8477,15.43,0.08,11.66,0.35,1787596304798.8477,False,,,4,OP1,C1_WIFI_SIN_CARGA,N3
,0.499,0.36,0.299,1.0,,1787596304826.5112,15.465,0.08,11.6,0.35,1787596304827.5854,False,,,4,OP1,C1_WIFI_SIN_CARGA,N3
,0.498,0.359,0.299,1.0,,1787596304847.295,15.465,0.16,11.54,0.35,1787596304847.295,False,,,4,OP1,C1_WIFI_SIN_CARGA,N3
,0.498,0.357,0.3,1.0,,1787596304875.8196,15.5,0.16,11.42,0.35,1787596304875.8196,False,,,4,OP1,C1_WIFI_SIN_CARGA,N3
,0.498,0.358,0.3,1.0,,1787596304899.4902,15.5,0.16,11.48,0.35,1787596304910.8909,False,,,4,OP1,C1_WIFI_SIN_CARGA,N3
,0.499,0.357,0.3,1.0,,1787596304932.832,15.5,0.08,11.42,0.35,1787596304932.832,False,,,4,OP1,C1_WIFI_SIN_CARGA,N3
,0.499,0.357,0.3,1.0,,1787596304965.194,15.5,0.08,11.42,0.35,1787596304965.194,False,,,4,OP1,C1_WIFI_SIN_CARGA,N3
,0.499,0.357,0.3,1.0,,1787596305013.119,15.5,0.08,11.42,0.35,1787596305022.638,False,,,4,OP1,C1_WIFI_SIN_CARGA,N3
,0.5,0.357,0.301,1.0,,1787596305046.8325,15.535,0.0,11.42,0.35,1787596305046.8325,False,,,4,OP1,C1_WIFI_SIN_CARGA,N3
,0.5,0.356,0.301,1.0,,1787596305074.11,15.535,0.0,11.36,0.35,1787596305078.6887,False,,,4,OP1,C1_WIFI_SIN_CARGA,N3
,0.5,0.356,0.301,1.0,,1787596305103.4355,15.535,0.0,11.36,0.35,1787596305103.4355,False,,,4,OP1,C1_WIFI_SIN_CARGA,N3
,0.5,0.356,0.301,1.0,,1787596305131.856,15.535,0.0,11.36,0.35,1787596305133.87,False,,,4,OP1,C1_WIFI_SIN_CARGA,N3
,0.5,0.355,0.301,1.0,,1787596305181.21,15.535,0.0,11.3,0.35,1787596305181.21,False,,,4,OP1,C1_WIFI_SIN_CARGA,N3
,0.501,0.354,0.302,1.0,,1787596305212.8572,15.57,-0.08,11.24,0.35,1787596305212.8572,False,,,4,OP1,C1_WIFI_SIN_CARGA,N3
,0.501,0.354,0.302,1.0,,1787596305240.7744,15.57,-0.08,11.24,0.35,1787596305240.7744,False,,,4,OP1,C1_WIFI_SIN_CARGA,N3
,0.501,0.354,0.302,1.0,,1787596305270.973,15.57,-0.08,11.24,0.35,1787596305270.973,False,,,4,OP1,C1_WIFI_SIN_CARGA,N3
,0.501,0.354,0.303,1.0,,1787596305298.568,15.605,-0.08,11.24,0.35,1787596305300.5894,False,,,4,OP1,C1_WIFI_SIN_CARGA,N3
,0.502,0.352,0.305,1.0,,1787596305349.1013,15.675,-0.16,11.12,0.35,1787596305356.9578,False,,,4,OP1,C1_WIFI_SIN_CARGA,N3
,0.503,0.352,0.305,1.0,,1787596305381.3357,15.675,-0.24,11.12,0.35,1787596305381.3357,False,,,4,OP1,C1_WIFI_SIN_CARGA,N3
,0.503,0.352,0.305,1.0,,1787596305408.5056,15.675,-0.24,11.12,0.35,1787596305408.5056,False,,,4,OP1,C1_WIFI_SIN_CARGA,N3
,0.503,0.353,0.305,1.0,,1787596305437.4192,15.675,-0.24,11.18,0.35,1787596305437.4192,False,,,4,OP1,C1_WIFI_SIN_CARGA,N3
,0.503,0.353,0.305,1.0,,1787596305468.4194,15.675,-0.24,11.18,0.35,1787596305468.4194,False,,,4,OP1,C1_WIFI_SIN_CARGA,N3
,0.503,0.353,0.305,1.0,,1787596305520.5237,15.675,-0.24,11.18,0.35,1787596305520.5237,False,,,4,OP1,C1_WIFI_SIN_CARGA,N3
,0.504,0.353,0.305,1.0,,1787596305550.4294,15.675,-0.32,11.18,0.35,1787596305550.7854,False,,,4,OP1,C1_WIFI_SIN_CARGA,N3
,0.504,0.354,0.306,1.0,,1787596305576.9314,15.71,-0.32,11.24,0.35,1787596305576.9314,False,,,4,OP1,C1_WIFI_SIN_CARGA,N3
,0.504,0.354,0.306,1.0,,1787596305605.2468,15.71,-0.32,11.24,0.35,1787596305605.2468,False,,,4,OP1,C1_WIFI_SIN_CARGA,N3
,0.504,0.354,0.307,1.0,,1787596305635.3076,15.745,-0.32,11.24,0.35,1787596305635.3076,False,,,4,OP1,C1_WIFI_SIN_CARGA,N3
,0.504,0.354,0.307,1.0,,1787596305662.6145,15.745,-0.32,11.24,0.35,1787596305664.63,False,,,4,OP1,C1_WIFI_SIN_CARGA,N3
,0.505,0.354,0.307,1.0,,1787596305687.9688,15.745,-0.4,11.24,0.35,1787596305689.6658,False,,,4,OP1,C1_WIFI_SIN_CARGA,N3
,0.505,0.354,0.307,1.0,,1787596305716.6685,15.745,-0.4,11.24,0.35,1787596305718.1416,False,,,4,OP1,C1_WIFI_SIN_CARGA,N3
,0.505,0.353,0.308,1.0,,1787596305741.1946,15.78,-0.4,11.18,0.35,1787596305741.1946,False,,,4,OP1,C1_WIFI_SIN_CARGA,N3
,0.505,0.352,0.309,1.0,,1787596305772.36,15.815,-0.4,11.12,0.35,1787596305774.371,False,,,4,OP1,C1_WIFI_SIN_CARGA,N3
,0.504,0.351,0.309,1.0,,1787596305800.8103,15.815,-0.32,11.06,0.35,1787596305802.0051,False,,,4,OP1,C1_WIFI_SIN_CARGA,N3
,0.505,0.352,0.309,1.0,,1787596305853.4702,15.815,-0.4,11.12,0.35,1787596305853.4702,False,,,4,OP1,C1_WIFI_SIN_CARGA,N3
,0.506,0.352,0.31,1.0,,1787596305885.3042,15.85,-0.48,11.12,0.35,1787596305885.3042,False,,,4,OP1,C1_WIFI_SIN_CARGA,N3
,0.507,0.353,0.31,1.0,,1787596305910.9856,15.85,-0.56,11.18,0.35,1787596305913.6794,False,,,4,OP1,C1_WIFI_SIN_CARGA,N3
,0.509,0.355,0.31,1.0,,1787596305939.9338,15.85,-0.72,11.3,0.35,1787596305939.9338,False,,,4,OP1,C1_WIFI_SIN_CARGA,N3
,0.509,0.356,0.309,1.0,,1787596305964.7998,15.815,-0.72,11.36,0.35,1787596305969.3574,False,,,4,OP1,C1_WIFI_SIN_CARGA,N3
,0.51,0.356,0.309,1.0,,1787596305996.5952,15.815,-0.8,11.36,0.35,1787596305996.5952,False,,,4,OP1,C1_WIFI_SIN_CARGA,N3
,0.51,0.357,0.309,1.0,,1787596306020.181,15.815,-0.8,11.42,0.35,1787596306020.181,False,,,4,OP1,C1_WIFI_SIN_CARGA,N3
,0.51,0.357,0.308,1.0,,1787596306052.6511,15.78,-0.8,11.42,0.35,1787596306053.1804,False,,,4,OP1,C1_WIFI_SIN_CARGA,N3
,0.51,0.355,0.308,1.0,,1787596306079.3115,15.78,-0.8,11.3,0.35,1787596306079.3115,False,,,4,OP1,C1_WIFI_SIN_CARGA,N3
,0.51,0.356,0.307,1.0,,1787596306107.167,15.745,-0.8,11.36,0.35,1787596306107.167,False,,,4,OP1,C1_WIFI_SIN_CARGA,N3
,0.511,0.354,0.307,1.0,,1787596306154.9756,15.745,-0.88,11.24,0.35,1787596306164.551,False,,,4,OP1,C1_WIFI_SIN_CARGA,N3
,0.511,0.353,0.307,1.0,,1787596306185.7007,15.745,-0.88,11.18,0.35,1787596306185.7007,False,,,4,OP1,C1_WIFI_SIN_CARGA,N3
,0.512,0.352,0.306,1.0,,1787596306212.2207,15.71,-0.96,11.12,0.35,1787596306220.0513,False,,,4,OP1,C1_WIFI_SIN_CARGA,N3
,0.513,0.351,0.304,1.0,,1787596306246.9614,15.64,-1.04,11.06,0.35,1787596306246.9614,False,,,4,OP1,C1_WIFI_SIN_CARGA,N3
,0.513,0.351,0.302,1.0,,1787596306275.2966,15.57,-1.04,11.06,0.35,1787596306275.2966,False,,,4,OP1,C1_WIFI_SIN_CARGA,N3
,0.513,0.351,0.301,1.0,,1787596306298.4475,15.535,-1.04,11.06,0.35,1787596306298.4475,False,,,4,OP1,C1_WIFI_SIN_CARGA,N3
,0.513,0.352,0.299,1.0,,1787596306322.983,15.465,-1.04,11.12,0.35,1787596306322.983,False,,,4,OP1,C1_WIFI_SIN_CARGA,N3
,0.513,0.353,0.298,1.0,,1787596306354.3047,15.43,-1.04,11.18,0.35,1787596306354.3047,False,,,4,OP1,C1_WIFI_SIN_CARGA,N3
,0.513,0.352,0.298,1.0,,1787596306381.9592,15.43,-1.04,11.12,0.35,1787596306381.9592,False,,,4,OP1,C1_WIFI_SIN_CARGA,N3
,0.513,0.352,0.298,1.0,,1787596306413.6013,15.43,-1.04,11.12,0.35,1787596306413.6013,False,,,4,OP1,C1_WIFI_SIN_CARGA,N3
,0.513,0.352,0.298,1.0,,1787596306441.3928,15.43,-1.04,11.12,0.35,1787596306442.1772,False,,,4,OP1,C1_WIFI_SIN_CARGA,N3
,0.513,0.352,0.298,1.0,,1787596306468.0967,15.43,-1.04,11.12,0.35,1787596306468.0967,False,,,4,OP1,C1_WIFI_SIN_CARGA,N3
,0.513,0.352,0.298,1.0,,1787596306496.9507,15.43,-1.04,11.12,0.35,1787596306496.9507,False,,,4,OP1,C1_WIFI_SIN_CARGA,N3
,0.513,0.352,0.298,1.0,,1787596306522.1436,15.43,-1.04,11.12,0.35,1787596306522.1436,False,,,4,OP1,C1_WIFI_SIN_CARGA,N3
,0.512,0.352,0.298,1.0,,1787596306550.7678,15.43,-0.96,11.12,0.35,1787596306550.7678,False,,,4,OP1,C1_WIFI_SIN_CARGA,N3
,0.512,0.352,0.298,1.0,,1787596306578.6714,15.43,-0.96,11.12,0.35,1787596306580.683,False,,,4,OP1,C1_WIFI_SIN_CARGA,N3
,0.511,0.352,0.298,1.0,,1787596306608.4736,15.43,-0.88,11.12,0.35,1787596306610.6206,False,,,4,OP1,C1_WIFI_SIN_CARGA,N3
,0.511,0.352,0.298,1.0,,1787596306660.0664,15.43,-0.88,11.12,0.35,1787596306660.0664,False,,,4,OP1,C1_WIFI_SIN_CARGA,N3
,0.51,0.352,0.299,1.0,,1787596306691.8096,15.465,-0.8,11.12,0.35,1787596306691.8096,False,,,4,OP1,C1_WIFI_SIN_CARGA,N3
,0.51,0.352,0.299,1.0,,1787596306718.6875,15.465,-0.8,11.12,0.35,1787596306718.6875,False,,,4,OP1,C1_WIFI_SIN_CARGA,N3
,0.51,0.352,0.299,1.0,,1787596306747.0974,15.465,-0.8,11.12,0.35,1787596306749.6426,False,,,4,OP1,C1_WIFI_SIN_CARGA,N3
,0.51,0.352,0.3,1.0,,1787596306775.2185,15.5,-0.8,11.12,0.35,1787596306776.244,False,,,4,OP1,C1_WIFI_SIN_CARGA,N3
,0.51,0.352,0.299,1.0,,1787596306797.6978,15.465,-0.8,11.12,0.35,1787596306797.6978,False,,,4,OP1,C1_WIFI_SIN_CARGA,N3
,0.51,0.352,0.3,1.0,,1787596306826.4443,15.5,-0.8,11.12,0.35,1787596306826.4443,False,,,4,OP1,C1_WIFI_SIN_CARGA,N3
,0.51,0.351,0.3,1.0,,1787596306859.2356,15.5,-0.8,11.06,0.35,1787596306859.2356,False,,,4,OP1,C1_WIFI_SIN_CARGA,N3
,0.509,0.352,0.3,1.0,,1787596306885.1787,15.5,-0.72,11.12,0.35,1787596306885.1787,False,,,4,OP1,C1_WIFI_SIN_CARGA,N3
,0.509,0.351,0.3,1.0,,1787596306911.4636,15.5,-0.72,11.06,0.35,1787596306915.1477,False,,,4,OP1,C1_WIFI_SIN_CARGA,N3
,0.509,0.351,0.3,1.0,,1787596306940.709,15.5,-0.72,11.06,0.35,1787596306944.387,False,,,4,OP1,C1_WIFI_SIN_CARGA,N3
,0.508,0.351,0.3,1.0,,1787596306968.2476,15.5,-0.64,11.06,0.35,1787596306968.2476,False,,,4,OP1,C1_WIFI_SIN_CARGA,N3
,0.508,0.351,0.3,1.0,,1787596306997.5178,15.5,-0.64,11.06,0.35,1787596306997.5178,False,,,4,OP1,C1_WIFI_SIN_CARGA,N3
,0.508,0.351,0.3,1.0,,1787596307021.6255,15.5,-0.64,11.06,0.35,1787596307027.3518,False,,,4,OP1,C1_WIFI_SIN_CARGA,N3
,0.507,0.351,0.299,1.0,,1787596307053.0962,15.465,-0.56,11.06,0.35,1787596307053.0962,False,,,4,OP1,C1_WIFI_SIN_CARGA,N3
,0.508,0.35,0.3,1.0,,1787596307081.7,15.5,-0.64,11.0,0.35,1787596307081.7,False,,,4,OP1,C1_WIFI_SIN_CARGA,N3
,0.507,0.351,0.3,1.0,,1787596307109.8997,15.5,-0.56,11.06,0.35,1787596307109.8997,False,,,4,OP1,C1_WIFI_SIN_CARGA,N3
,0.507,0.351,0.3,1.0,,1787596307131.3066,15.5,-0.56,11.06,0.35,1787596307131.3066,False,,,4,OP1,C1_WIFI_SIN_CARGA,N3
,0.507,0.351,0.3,1.0,,1787596307161.7244,15.5,-0.56,11.06,0.35,1787596307161.7244,False,,,4,OP1,C1_WIFI_SIN_CARGA,N3
,0.507,0.351,0.3,1.0,,1787596307190.7686,15.5,-0.56,11.06,0.35,1787596307190.7686,False,,,4,OP1,C1_WIFI_SIN_CARGA,N3
,0.506,0.351,0.3,1.0,,1787596307220.0276,15.5,-0.48,11.06,0.35,1787596307220.0276,False,,,4,OP1,C1_WIFI_SIN_CARGA,N3
,0.506,0.352,0.3,1.0,,1787596307249.118,15.5,-0.48,11.12,0.35,1787596307249.118,False,,,4,OP1,C1_WIFI_SIN_CARGA,N3
,0.506,0.352,0.299,1.0,,1787596307273.9543,15.465,-0.48,11.12,0.35,1787596307278.426,False,,,4,OP1,C1_WIFI_SIN_CARGA,N3
,0.506,0.351,0.299,1.0,,1787596307297.3677,15.465,-0.48,11.06,0.35,1787596307307.376,False,,,4,OP1,C1_WIFI_SIN_CARGA,N3
,0.505,0.351,0.299,1.0,,1787596307329.842,15.465,-0.4,11.06,0.35,1787596307329.842,False,,,4,OP1,C1_WIFI_SIN_CARGA,N3
,0.505,0.351,0.3,1.0,,1787596307357.98,15.5,-0.4,11.06,0.35,1787596307357.98,False,,,4,OP1,C1_WIFI_SIN_CARGA,N3
,0.505,0.351,0.299,1.0,,1787596307387.4631,15.465,-0.4,11.06,0.35,1787596307387.4631,False,,,4,OP1,C1_WIFI_SIN_CARGA,N3
,0.505,0.352,0.299,1.0,,1787596307416.6978,15.465,-0.4,11.12,0.35,1787596307418.706,False,,,4,OP1,C1_WIFI_SIN_CARGA,N3
,0.504,0.353,0.298,1.0,,1787596307471.4392,15.43,-0.32,11.18,0.35,1787596307471.4392,False,,,4,OP1,C1_WIFI_SIN_CARGA,N3
,0.504,0.353,0.298,1.0,,1787596307496.7356,15.43,-0.32,11.18,0.35,1787596307496.7356,False,,,4,OP1,C1_WIFI_SIN_CARGA,N3
,0.503,0.354,0.298,1.0,,1787596307527.1514,15.43,-0.24,11.24,0.35,1787596307527.1514,False,,,4,OP1,C1_WIFI_SIN_CARGA,N3
,0.503,0.353,0.297,1.0,,1787596307554.8708,15.395,-0.24,11.18,0.35,1787596307554.8708,False,,,4,OP1,C1_WIFI_SIN_CARGA,N3
,0.503,0.353,0.297,1.0,,1787596307584.6567,15.395,-0.24,11.18,0.35,1787596307584.6567,False,,,4,OP1,C1_WIFI_SIN_CARGA,N3
,0.503,0.353,0.297,1.0,,1787596307607.7354,15.395,-0.24,11.18,0.35,1787596307607.7354,False,,,4,OP1,C1_WIFI_SIN_CARGA,N3
,0.503,0.353,0.297,1.0,,1787596307632.616,15.395,-0.24,11.18,0.35,1787596307632.616,False,,,4,OP1,C1_WIFI_SIN_CARGA,N3
,0.503,0.353,0.296,1.0,,1787596307660.2302,15.36,-0.24,11.18,0.35,1787596307668.2395,False,,,4,OP1,C1_WIFI_SIN_CARGA,N3
,0.503,0.353,0.295,1.0,,1787596307693.569,15.325,-0.24,11.18,0.35,1787596307693.569,False,,,4,OP1,C1_WIFI_SIN_CARGA,N3
,0.503,0.352,0.295,1.0,,1787596307721.9814,15.325,-0.24,11.12,0.35,1787596307721.9814,False,,,4,OP1,C1_WIFI_SIN_CARGA,N3
,0.503,0.353,0.294,1.0,,1787596307747.5066,15.29,-0.24,11.18,0.35,1787596307747.5066,False,,,4,OP1,C1_WIFI_SIN_CARGA,N3
,0.502,0.353,0.293,1.0,,1787596307769.3047,15.255,-0.16,11.18,0.35,1787596307779.5742,False,,,4,OP1,C1_WIFI_SIN_CARGA,N3
,0.502,0.352,0.292,1.0,,1787596307800.077,15.22,-0.16,11.12,0.35,1787596307800.077,False,,,4,OP1,C1_WIFI_SIN_CARGA,N3
,0.502,0.353,0.291,1.0,,1787596307832.1472,15.185,-0.16,11.18,0.35,1787596307834.5933,False,,,4,OP1,C1_WIFI_SIN_CARGA,N3
,0.502,0.353,0.29,1.0,,1787596307861.4248,15.15,-0.16,11.18,0.35,1787596307861.4248,False,,,4,OP1,C1_WIFI_SIN_CARGA,N3
,0.501,0.353,0.289,1.0,,1787596307917.3564,15.115,-0.08,11.18,0.35,1787596307917.3564,False,,,4,OP1,C1_WIFI_SIN_CARGA,N3
,0.501,0.353,0.288,1.0,,1787596307969.6226,15.08,-0.08,11.18,0.35,1787596307969.6226,False,,,4,OP1,C1_WIFI_SIN_CARGA,N3
,0.501,0.353,0.288,1.0,,1787596307999.3994,15.08,-0.08,11.18,0.35,1787596307999.3994,False,,,4,OP1,C1_WIFI_SIN_CARGA,N3
,0.501,0.353,0.289,1.0,,1787596308027.463,15.115,-0.08,11.18,0.35,1787596308029.266,False,,,4,OP1,C1_WIFI_SIN_CARGA,N3
,0.501,0.353,0.289,1.0,,1787596308057.1765,15.115,-0.08,11.18,0.35,1787596308057.1765,False,,,4,OP1,C1_WIFI_SIN_CARGA,N3
,0.502,0.353,0.289,1.0,,1787596308084.2869,15.115,-0.16,11.18,0.35,1787596308085.2998,False,,,4,OP1,C1_WIFI_SIN_CARGA,N3
,0.502,0.353,0.288,1.0,,1787596308107.8125,15.08,-0.16,11.18,0.35,1787596308107.8125,False,,,4,OP1,C1_WIFI_SIN_CARGA,N3
,0.502,0.352,0.288,1.0,,1787596308136.3872,15.08,-0.16,11.12,0.35,1787596308136.3872,False,,,4,OP1,C1_WIFI_SIN_CARGA,N3
,0.501,0.352,0.289,1.0,,1787596308163.046,15.115,-0.08,11.12,0.35,1787596308163.046,False,,,4,OP1,C1_WIFI_SIN_CARGA,N3
,0.502,0.351,0.289,1.0,,1787596308189.8513,15.115,-0.16,11.06,0.35,1787596308189.8513,False,,,4,OP1,C1_WIFI_SIN_CARGA,N3
,0.502,0.35,0.29,1.0,,1787596308223.3584,15.15,-0.16,11.0,0.35,1787596308225.3696,False,,,4,OP1,C1_WIFI_SIN_CARGA,N3
,0.503,0.349,0.291,1.0,,1787596308247.2666,15.185,-0.24,10.94,0.35,1787596308247.2666,False,,,4,OP1,C1_WIFI_SIN_CARGA,N3
,0.503,0.349,0.291,1.0,,1787596308270.61,15.185,-0.24,10.94,0.35,1787596308270.61,False,,,4,OP1,C1_WIFI_SIN_CARGA,N3
,0.503,0.348,0.291,1.0,,1787596308306.8042,15.185,-0.24,10.88,0.35,1787596308306.8042,False,,,4,OP1,C1_WIFI_SIN_CARGA,N3
,0.504,0.348,0.291,1.0,,1787596308362.0637,15.185,-0.32,10.88,0.35,1787596308362.0637,False,,,4,OP1,C1_WIFI_SIN_CARGA,N3
,0.504,0.349,0.29,1.0,,1787596308387.4749,15.15,-0.32,10.94,0.35,1787596308387.4749,False,,,4,OP1,C1_WIFI_SIN_CARGA,N3
,0.504,0.349,0.29,1.0,,1787596308419.0771,15.15,-0.32,10.94,0.35,1787596308419.8477,False,,,4,OP1,C1_WIFI_SIN_CARGA,N3
,0.504,0.349,0.29,1.0,,1787596308440.4043,15.15,-0.32,10.94,0.35,1787596308446.829,False,,,4,OP1,C1_WIFI_SIN_CARGA,N3
,0.504,0.35,0.29,1.0,,1787596308472.4124,15.15,-0.32,11.0,0.35,1787596308472.4124,False,,,4,OP1,C1_WIFI_SIN_CARGA,N3
,0.503,0.353,0.292,1.0,,1787596308499.0725,15.22,-0.24,11.18,0.35,1787596308499.0725,False,,,4,OP1,C1_WIFI_SIN_CARGA,N3
,0.5,0.358,0.297,1.0,,1787596308529.4912,15.395,0.0,11.48,0.35,1787596308529.4912,False,,,4,OP1,C1_WIFI_SIN_CARGA,N3
,0.495,0.366,0.315,1.0,,1787596308557.072,16.025,0.4,11.96,0.35,1787596308557.072,False,,,4,OP1,C1_WIFI_SIN_CARGA,N3
,0.478,0.396,0.411,1.0,,1787596308612.2727,19.385,1.76,13.76,0.35,1787596308614.009,False,,,4,OP1,C1_WIFI_SIN_CARGA,N3
,0.47,0.412,0.455,1.0,,1787596308638.5913,20.925,2.4,14.72,0.35,1787596308638.5913,False,,,4,OP1,C1_WIFI_SIN_CARGA,N3
,0.448,0.446,0.518,1.0,,1787596308665.1177,23.13,4.16,16.76,0.35,1787596308665.1177,False,,,4,OP1,C1_WIFI_SIN_CARGA,N3
,0.421,0.478,0.561,1.0,,1787596308695.4678,24.635,6.32,18.68,0.35,1787596308696.9814,False,,,4,OP1,C1_WIFI_SIN_CARGA,N3
,0.394,0.505,0.597,1.0,,1787596308725.491,25.895,8.48,20.3,0.35,1787596308726.4924,False,,,4,OP1,C1_WIFI_SIN_CARGA,N3
,0.363,0.518,0.618,1.0,,1787596308747.1948,26.63,10.96,21.08,0.35,1787596308747.1948,False,,,4,OP1,C1_WIFI_SIN_CARGA,N3
,0.336,0.525,0.635,1.0,,1787596308774.9731,27.225,13.12,21.5,0.35,1787596308774.9731,False,,,4,OP1,C1_WIFI_SIN_CARGA,N3
,0.311,0.531,0.65,1.0,,1787596308807.8948,27.75,15.12,21.86,0.35,1787596308808.2007,False,,,4,OP1,C1_WIFI_SIN_CARGA,N3
,0.295,0.532,0.671,1.0,,1787596308859.7107,28.485,16.4,21.92,0.35,1787596308859.7107,False,,,4,OP1,C1_WIFI_SIN_CARGA,N3
,0.287,0.53,0.682,1.0,,1787596308891.575,28.87,17.04,21.8,0.35,1787596308892.557,False,,,4,OP1,C1_WIFI_SIN_CARGA,N3
,0.275,0.531,0.694,1.0,,1787596308920.623,29.29,18.0,21.86,0.35,1787596308920.623,False,,,4,OP1,C1_WIFI_SIN_CARGA,N3
,0.266,0.529,0.696,1.0,,1787596308947.1084,29.36,18.72,21.74,0.35,1787596308947.1084,False,,,4,OP1,C1_WIFI_SIN_CARGA,N3
,0.259,0.527,0.696,1.0,,1787596308976.0012,29.36,19.28,21.62,0.35,1787596308976.0012,False,,,4,OP1,C1_WIFI_SIN_CARGA,N3
,0.256,0.523,0.694,1.0,,1787596308996.9011,29.29,19.52,21.38,0.35,1787596308996.9011,False,,,4,OP1,C1_WIFI_SIN_CARGA,N3
,0.256,0.517,0.691,1.0,,1787596309026.199,29.185,19.52,21.02,0.35,1787596309026.199,False,,,4,OP1,C1_WIFI_SIN_CARGA,N3
,0.255,0.513,0.686,1.0,,1787596309058.3308,29.01,19.6,20.78,0.35,1787596309058.3308,False,,,4,OP1,C1_WIFI_SIN_CARGA,N3
,0.251,0.506,0.678,1.0,,1787596309110.434,28.73,19.92,20.36,0.35,1787596309115.0618,False,,,4,OP1,C1_WIFI_SIN_CARGA,N3
,0.251,0.501,0.677,1.0,,1787596309170.134,28.695,19.92,20.06,0.35,1787596309170.134,False,,,4,OP1,C1_WIFI_SIN_CARGA,N3
,0.251,0.5,0.677,1.0,,1787596309197.0662,28.695,19.92,20.0,0.35,1787596309197.0662,False,,,4,OP1,C1_WIFI_SIN_CARGA,N3
,0.253,0.5,0.677,1.0,,1787596309221.7148,28.695,19.76,20.0,0.35,1787596309221.7148,False,,,4,OP1,C1_WIFI_SIN_CARGA,N3
,0.254,0.499,0.678,1.0,,1787596309246.7693,28.73,19.68,19.94,0.35,1787596309246.7693,False,,,4,OP1,C1_WIFI_SIN_CARGA,N3
,0.256,0.497,0.678,1.0,,1787596309277.3633,28.73,19.52,19.82,0.35,1787596309277.3633,False,,,4,OP1,C1_WIFI_SIN_CARGA,N3
,0.266,0.491,0.678,1.0,,1787596309329.9905,28.73,18.72,19.46,0.35,1787596309329.9905,False,,,4,OP1,C1_WIFI_SIN_CARGA,N3
,0.269,0.489,0.678,1.0,,1787596309362.3855,28.73,18.48,19.34,0.35,1787596309362.3855,False,,,4,OP1,C1_WIFI_SIN_CARGA,N3
,0.276,0.484,0.677,1.0,,1787596309420.431,28.695,17.92,19.04,0.35,1787596309420.431,False,,,4,OP1,C1_WIFI_SIN_CARGA,N3
,0.278,0.482,0.676,1.0,,1787596309448.3108,28.66,17.76,18.92,0.35,1787596309448.3108,False,,,4,OP1,C1_WIFI_SIN_CARGA,N3
,0.279,0.481,0.676,1.0,,1787596309473.5022,28.66,17.68,18.86,0.35,1787596309473.5022,False,,,4,OP1,C1_WIFI_SIN_CARGA,N3
,0.279,0.481,0.676,1.0,,1787596309500.5374,28.66,17.68,18.86,0.35,1787596309500.5374,False,,,4,OP1,C1_WIFI_SIN_CARGA,N3
,0.282,0.478,0.68,1.0,,1787596309532.0828,28.8,17.44,18.68,0.35,1787596309532.0828,False,,,4,OP1,C1_WIFI_SIN_CARGA,N3
,0.287,0.475,0.685,1.0,,1787596309558.7742,28.975,17.04,18.5,0.35,1787596309558.7742,False,,,4,OP1,C1_WIFI_SIN_CARGA,N3
,0.293,0.471,0.69,1.0,,1787596309582.2458,29.15,16.56,18.26,0.35,1787596309582.2458,False,,,4,OP1,C1_WIFI_SIN_CARGA,N3
,0.3,0.466,0.694,1.0,,1787596309613.983,29.29,16.0,17.96,0.35,1787596309613.983,False,,,4,OP1,C1_WIFI_SIN_CARGA,N3
,0.309,0.458,0.698,1.0,,1787596309666.7302,29.43,15.28,17.48,0.35,1787596309666.7302,False,,,4,OP1,C1_WIFI_SIN_CARGA,N3
,0.314,0.452,0.7,1.0,,1787596309698.5376,29.5,14.88,17.12,0.35,1787596309699.4746,False,,,4,OP1,C1_WIFI_SIN_CARGA,N3
,0.323,0.439,0.705,1.0,,1787596309720.7605,29.675,14.16,16.34,0.35,1787596309720.7605,False,,,4,OP1,C1_WIFI_SIN_CARGA,N3
,0.33,0.426,0.704,1.0,,1787596309750.749,29.64,13.6,15.56,0.35,1787596309750.749,False,,,4,OP1,C1_WIFI_SIN_CARGA,N3
,0.339,0.413,0.708,1.0,,1787596309779.8247,29.78,12.88,14.78,0.35,1787596309783.1724,False,,,4,OP1,C1_WIFI_SIN_CARGA,N3
,0.348,0.401,0.712,1.0,,1787596309809.06,29.92,12.16,14.06,0.35,1787596309809.06,False,,,4,OP1,C1_WIFI_SIN_CARGA,N3
,0.349,0.395,0.708,1.0,,1787596309834.639,29.78,12.08,13.7,0.35,1787596309834.639,False,,,4,OP1,C1_WIFI_SIN_CARGA,N3
,0.348,0.393,0.708,1.0,,1787596309866.287,29.78,12.16,13.58,0.35,1787596309867.1785,False,,,4,OP1,C1_WIFI_SIN_CARGA,N3
,0.343,0.39,0.708,1.0,,1787596309916.7825,29.78,12.56,13.4,0.35,1787596309916.7825,False,,,4,OP1,C1_WIFI_SIN_CARGA,N3
,0.335,0.388,0.706,1.0,,1787596309947.135,29.71,13.2,13.28,0.35,1787596309950.1448,False,,,4,OP1,C1_WIFI_SIN_CARGA,N3
,0.324,0.387,0.704,1.0,,1787596309974.2715,29.64,14.08,13.22,0.35,1787596309974.2715,False,,,4,OP1,C1_WIFI_SIN_CARGA,N3
,0.313,0.387,0.701,1.0,,1787596310003.3354,29.535,14.96,13.22,0.35,1787596310003.3354,False,,,4,OP1,C1_WIFI_SIN_CARGA,N3
,0.31,0.379,0.712,1.0,,1787596310053.4731,29.92,15.2,12.74,0.35,1787596310053.4731,False,,,4,OP1,C1_WIFI_SIN_CARGA,N3
,0.308,0.375,0.719,1.0,,1787596310083.8606,30.165,15.36,12.5,0.35,1787596310083.8606,False,,,4,OP1,C1_WIFI_SIN_CARGA,N3
,0.315,0.363,0.73,1.0,,1787596310116.086,30.55,14.8,11.78,0.35,1787596310116.8052,False,,,4,OP1,C1_WIFI_SIN_CARGA,N3
,0.313,0.351,0.734,1.0,,1787596310170.819,30.69,14.96,11.06,0.35,1787596310170.819,False,,,4,OP1,C1_WIFI_SIN_CARGA,N3
,0.318,0.337,0.744,1.0,,1787596310196.941,31.04,14.56,10.22,0.35,1787596310196.941,False,,,4,OP1,C1_WIFI_SIN_CARGA,N3
,0.317,0.329,0.743,1.0,,1787596310222.0305,31.005,14.64,9.74,0.35,1787596310222.0305,False,,,4,OP1,C1_WIFI_SIN_CARGA,N3
,0.316,0.323,0.744,1.0,,1787596310252.1628,31.04,14.72,9.38,0.35,1787596310252.1628,False,,,4,OP1,C1_WIFI_SIN_CARGA,N3
,0.316,0.319,0.745,1.0,,1787596310274.6091,31.075,14.72,9.14,0.35,1787596310274.6091,False,,,4,OP1,C1_WIFI_SIN_CARGA,N3
,0.315,0.316,0.744,1.0,,1787596310304.434,31.04,14.8,8.96,0.35,1787596310312.426,False,,,4,OP1,C1_WIFI_SIN_CARGA,N3
,0.312,0.313,0.742,1.0,,1787596310337.8452,30.97,15.04,8.78,0.35,1787596310337.8452,False,,,4,OP1,C1_WIFI_SIN_CARGA,N3
,0.308,0.31,0.741,1.0,,1787596310364.3977,30.935,15.36,8.6,0.35,1787596310364.3977,False,,,4,OP1,C1_WIFI_SIN_CARGA,N3
,0.303,0.309,0.735,1.0,,1787596310388.26,30.725,15.76,8.54,0.35,1787596310388.26,False,,,4,OP1,C1_WIFI_SIN_CARGA,N3
,0.297,0.308,0.729,1.0,,1787596310421.8853,30.515,16.24,8.48,0.35,1787596310421.8853,False,,,4,OP1,C1_WIFI_SIN_CARGA,N3
,0.293,0.308,0.725,1.0,,1787596310446.9102,30.375,16.56,8.48,0.35,1787596310446.9102,False,,,4,OP1,C1_WIFI_SIN_CARGA,N3
,0.29,0.309,0.723,1.0,,1787596310475.059,30.305,16.8,8.54,0.35,1787596310475.059,False,,,4,OP1,C1_WIFI_SIN_CARGA,N3
,0.289,0.309,0.722,1.0,,1787596310507.474,30.27,16.88,8.54,0.35,1787596310507.807,False,,,4,OP1,C1_WIFI_SIN_CARGA,N3
,0.288,0.309,0.721,1.0,,1787596310527.664,30.235,16.96,8.54,0.35,1787596310527.664,False,,,4,OP1,C1_WIFI_SIN_CARGA,N3
,0.287,0.31,0.72,1.0,,1787596310556.4958,30.2,17.04,8.6,0.35,1787596310556.4958,False,,,4,OP1,C1_WIFI_SIN_CARGA,N3
,0.286,0.31,0.72,1.0,,1787596310587.3347,30.2,17.12,8.6,0.35,1787596310587.3347,False,,,4,OP1,C1_WIFI_SIN_CARGA,N3
,0.286,0.311,0.719,1.0,,1787596310613.4229,30.165,17.12,8.66,0.35,1787596310613.4229,False,,,4,OP1,C1_WIFI_SIN_CARGA,N3
,0.284,0.312,0.719,1.0,,1787596310640.9087,30.165,17.28,8.72,0.35,1787596310646.9485,False,,,4,OP1,C1_WIFI_SIN_CARGA,N3
,0.283,0.315,0.717,1.0,,1787596310673.4912,30.095,17.36,8.9,0.35,1787596310673.4912,False,,,4,OP1,C1_WIFI_SIN_CARGA,N3
,0.281,0.317,0.717,1.0,,1787596310696.882,30.095,17.52,9.02,0.35,1787596310696.882,False,,,4,OP1,C1_WIFI_SIN_CARGA,N3
,0.281,0.317,0.717,1.0,,1787596310723.0945,30.095,17.52,9.02,0.35,1787596310723.0945,False,,,4,OP1,C1_WIFI_SIN_CARGA,N3
,0.281,0.318,0.717,1.0,,1787596310757.5442,30.095,17.52,9.08,0.35,1787596310757.5442,False,,,4,OP1,C1_WIFI_SIN_CARGA,N3
,0.282,0.318,0.719,1.0,,1787596310808.8704,30.165,17.44,9.08,0.35,1787596310808.8704,False,,,4,OP1,C1_WIFI_SIN_CARGA,N3
,0.281,0.318,0.721,1.0,,1787596310840.624,30.235,17.52,9.08,0.35,1787596310841.6226,False,,,4,OP1,C1_WIFI_SIN_CARGA,N3
,0.281,0.317,0.722,1.0,,1787596310870.336,30.27,17.52,9.02,0.35,1787596310870.336,False,,,4,OP1,C1_WIFI_SIN_CARGA,N3
,0.279,0.314,0.723,1.0,,1787596310896.9924,30.305,17.68,8.84,0.35,1787596310896.9924,False,,,4,OP1,C1_WIFI_SIN_CARGA,N3
,0.275,0.309,0.724,1.0,,1787596310924.9792,30.34,18.0,8.54,0.35,1787596310924.9792,False,,,4,OP1,C1_WIFI_SIN_CARGA,N3
,0.269,0.305,0.725,1.0,,1787596310946.8513,30.375,18.48,8.3,0.35,1787596310946.8513,False,,,4,OP1,C1_WIFI_SIN_CARGA,N3
,0.265,0.302,0.725,1.0,,1787596310977.2288,30.375,18.8,8.12,0.35,1787596310977.2288,False,,,4,OP1,C1_WIFI_SIN_CARGA,N3
,0.263,0.301,0.725,1.0,,1787596311026.7295,30.375,18.96,8.06,0.35,1787596311026.7295,False,,,4,OP1,C1_WIFI_SIN_CARGA,N3
,0.263,0.301,0.726,1.0,,1787596311061.6738,30.41,18.96,8.06,0.35,1787596311061.6738,False,,,4,OP1,C1_WIFI_SIN_CARGA,N3
,0.263,0.299,0.728,1.0,,1787596311119.5752,30.48,18.96,7.94,0.35,1787596311119.5752,False,,,4,OP1,C1_WIFI_SIN_CARGA,N3
,0.264,0.299,0.728,1.0,,1787596311147.0654,30.48,18.88,7.94,0.35,1787596311148.129,False,,,4,OP1,C1_WIFI_SIN_CARGA,N3
,0.265,0.298,0.729,1.0,,1787596311175.0874,30.515,18.8,7.88,0.35,1787596311177.6414,False,,,4,OP1,C1_WIFI_SIN_CARGA,N3
,0.266,0.297,0.73,1.0,,1787596311197.414,30.55,18.72,7.82,0.35,1787596311197.414,False,,,4,OP1,C1_WIFI_SIN_CARGA,N3
,0.267,0.297,0.732,1.0,,1787596311226.7957,30.62,18.64,7.82,0.35,1787596311226.7957,False,,,4,OP1,C1_WIFI_SIN_CARGA,N3
,0.267,0.297,0.733,1.0,,1787596311247.2349,30.655,18.64,7.82,0.35,1787596311247.2349,False,,,4,OP1,C1_WIFI_SIN_CARGA,N3
,0.267,0.298,0.733,1.0,,1787596311278.7634,30.655,18.64,7.88,0.35,1787596311278.7634,False,,,4,OP1,C1_WIFI_SIN_CARGA,N3
,0.266,0.299,0.734,1.0,,1787596311313.073,30.69,18.72,7.94,0.35,1787596311313.073,False,,,4,OP1,C1_WIFI_SIN_CARGA,N3
,0.263,0.305,0.737,1.0,,1787596311362.7922,30.795,18.96,8.3,0.35,1787596311362.7922,False,,,4,OP1,C1_WIFI_SIN_CARGA,N3
,0.261,0.307,0.739,1.0,,1787596311396.838,30.865,19.12,8.42,0.35,1787596311396.838,False,,,4,OP1,C1_WIFI_SIN_CARGA,N3
,0.26,0.308,0.742,1.0,,1787596311421.4329,30.97,19.2,8.48,0.35,1787596311421.4329,False,,,4,OP1,C1_WIFI_SIN_CARGA,N3
,0.259,0.309,0.744,1.0,,1787596311447.1533,31.04,19.28,8.54,0.35,1787596311447.1533,False,,,4,OP1,C1_WIFI_SIN_CARGA,N3
,0.258,0.309,0.745,1.0,,1787596311480.639,31.075,19.36,8.54,0.35,1787596311481.4888,False,,,4,OP1,C1_WIFI_SIN_CARGA,N3
,0.258,0.307,0.749,1.0,,1787596311507.9717,31.215,19.36,8.42,0.35,1787596311507.9717,False,,,4,OP1,C1_WIFI_SIN_CARGA,N3
,0.258,0.305,0.753,1.0,,1787596311531.3027,31.355,19.36,8.3,0.35,1787596311531.3027,False,,,4,OP1,C1_WIFI_SIN_CARGA,N3
,0.258,0.303,0.757,1.0,,1787596311561.75,31.495,19.36,8.18,0.35,1787596311561.75,False,,,4,OP1,C1_WIFI_SIN_CARGA,N3
,0.261,0.298,0.762,1.0,,1787596311613.4795,31.67,19.12,7.88,0.35,1787596311613.4795,False,,,4,OP1,C1_WIFI_SIN_CARGA,N3
,0.263,0.297,0.762,1.0,,1787596311647.8855,31.67,18.96,7.82,0.35,1787596311648.8652,False,,,4,OP1,C1_WIFI_SIN_CARGA,N3
,0.266,0.295,0.763,1.0,,1787596311674.8794,31.705,18.72,7.7,0.35,1787596311678.266,False,,,4,OP1,C1_WIFI_SIN_CARGA,N3
,0.267,0.294,0.764,1.0,,1787596311700.3333,31.74,18.64,7.64,0.35,1787596311700.3333,False,,,4,OP1,C1_WIFI_SIN_CARGA,N3
,0.269,0.292,0.764,1.0,,1787596311730.8628,31.74,18.48,7.52,0.35,1787596311730.8628,False,,,4,OP1,C1_WIFI_SIN_CARGA,N3
,0.272,0.291,0.766,1.0,,1787596311757.5256,31.81,18.24,7.46,0.35,1787596311757.5256,False,,,4,OP1,C1_WIFI_SIN_CARGA,N3
,0.274,0.29,0.768,1.0,,1787596311787.8389,31.88,18.08,7.4,0.35,1787596311788.901,False,,,4,OP1,C1_WIFI_SIN_CARGA,N3
,0.274,0.289,0.769,1.0,,1787596311814.176,31.915,18.08,7.34,0.35,1787596311814.176,False,,,4,OP1,C1_WIFI_SIN_CARGA,N3
,0.275,0.289,0.771,1.0,,1787596311867.381,31.985,18.0,7.34,0.35,1787596311867.381,False,,,4,OP1,C1_WIFI_SIN_CARGA,N3
,0.274,0.289,0.773,1.0,,1787596311897.8406,32.055,18.08,7.34,0.35,1787596311897.8406,False,,,4,OP1,C1_WIFI_SIN_CARGA,N3
,0.268,0.287,0.784,1.0,,1787596311949.256,32.44,18.56,7.22,0.35,1787596311957.431,False,,,4,OP1,C1_WIFI_SIN_CARGA,N3
,0.269,0.284,0.788,1.0,,1787596311978.8362,32.58,18.48,7.04,0.35,1787596311978.8362,False,,,4,OP1,C1_WIFI_SIN_CARGA,N3
,0.268,0.282,0.79,1.0,,1787596312008.1338,32.65,18.56,6.92,0.35,1787596312008.1338,False,,,4,OP1,C1_WIFI_SIN_CARGA,N3
,0.268,0.279,0.792,1.0,,1787596312035.026,32.72,18.56,6.74,0.35,1787596312035.026,False,,,4,OP1,C1_WIFI_SIN_CARGA,N3
,0.27,0.275,0.795,1.0,,1787596312066.1184,32.825,18.4,6.5,0.35,1787596312066.1184,False,,,4,OP1,C1_WIFI_SIN_CARGA,N3
,0.269,0.27,0.799,1.0,,1787596312118.734,32.965,18.48,6.2,0.35,1787596312118.734,False,,,4,OP1,C1_WIFI_SIN_CARGA,N3
,0.269,0.27,0.799,1.0,,1787596312149.9255,32.965,18.48,6.2,0.35,1787596312150.9175,False,,,4,OP1,C1_WIFI_SIN_CARGA,N3
,0.269,0.266,0.8,1.0,,1787596312202.9087,33.0,18.48,5.96,0.35,1787596312202.9087,False,,,4,OP1,C1_WIFI_SIN_CARGA,N3
,0.268,0.259,0.803,1.0,,1787596312253.0403,33.105,18.56,5.54,0.35,1787596312261.1636,False,,,4,OP1,C1_WIFI_SIN_CARGA,N3
,0.269,0.255,0.804,1.0,,1787596312286.9084,33.14,18.48,5.3,0.35,1787596312286.9084,False,,,4,OP1,C1_WIFI_SIN_CARGA,N3
,0.269,0.252,0.806,1.0,,1787596312313.6472,33.21,18.48,5.12,0.35,1787596312318.1223,False,,,4,OP1,C1_WIFI_SIN_CARGA,N3
,0.27,0.249,0.808,1.0,,1787596312344.912,33.28,18.4,4.94,0.35,1787596312344.912,False,,,4,OP1,C1_WIFI_SIN_CARGA,N3
,0.27,0.245,0.811,1.0,,1787596312368.4548,33.385,18.4,4.7,0.35,1787596312368.4548,False,,,4,OP1,C1_WIFI_SIN_CARGA,N3
,0.269,0.242,0.812,1.0,,1787596312397.0164,33.42,18.48,4.52,0.35,1787596312397.0164,False,,,4,OP1,C1_WIFI_SIN_CARGA,N3
,0.268,0.24,0.817,1.0,,1787596312420.9062,33.595,18.56,4.4,0.35,1787596312420.9062,False,,,4,OP1,C1_WIFI_SIN_CARGA,N3
,0.267,0.238,0.821,1.0,,1787596312454.3936,33.735,18.64,4.28,0.35,1787596312454.3936,False,,,4,OP1,C1_WIFI_SIN_CARGA,N3
,0.267,0.237,0.824,1.0,,1787596312480.6697,33.84,18.64,4.22,0.35,1787596312485.9792,False,,,4,OP1,C1_WIFI_SIN_CARGA,N3
,0.267,0.234,0.829,1.0,,1787596312503.2366,34.015,18.64,4.04,0.35,1787596312503.2366,False,,,4,OP1,C1_WIFI_SIN_CARGA,N3
,0.268,0.23,0.833,1.0,,1787596312538.724,34.155,18.56,3.8,0.35,1787596312538.724,False,,,4,OP1,C1_WIFI_SIN_CARGA,N3
,0.268,0.226,0.837,1.0,,1787596312564.7346,34.295,18.56,3.56,0.35,1787596312564.7346,False,,,4,OP1,C1_WIFI_SIN_CARGA,N3
,0.269,0.223,0.838,1.0,,1787596312588.6392,34.33,18.48,3.38,0.35,1787596312597.0332,False,,,4,OP1,C1_WIFI_SIN_CARGA,N3
,0.269,0.223,0.839,1.0,,1787596312622.764,34.365,18.48,3.38,0.35,1787596312622.764,False,,,4,OP1,C1_WIFI_SIN_CARGA,N3
,0.27,0.223,0.84,1.0,,1787596312646.928,34.4,18.4,3.38,0.35,1787596312646.928,False,,,4,OP1,C1_WIFI_SIN_CARGA,N3
,0.271,0.222,0.842,1.0,,1787596312671.5483,34.47,18.32,3.32,0.35,1787596312671.5483,False,,,4,OP1,C1_WIFI_SIN_CARGA,N3
,0.272,0.222,0.843,1.0,,1787596312704.9814,34.505,18.24,3.32,0.35,1787596312704.9814,False,,,4,OP1,C1_WIFI_SIN_CARGA,N3
,0.273,0.221,0.846,1.0,,1787596312760.8586,34.61,18.16,3.26,0.35,1787596312760.8586,False,,,4,OP1,C1_WIFI_SIN_CARGA,N3
,0.274,0.22,0.848,1.0,,1787596312790.0452,34.68,18.08,3.2,0.35,1787596312790.385,False,,,4,OP1,C1_WIFI_SIN_CARGA,N3
,0.275,0.219,0.85,1.0,,1787596312816.1284,34.75,18.0,3.14,0.35,1787596312816.1284,False,,,4,OP1,C1_WIFI_SIN_CARGA,N3
,0.276,0.218,0.853,1.0,,1787596312838.8188,34.855,17.92,3.08,0.35,1787596312847.0076,False,,,4,OP1,C1_WIFI_SIN_CARGA,N3
,0.277,0.216,0.855,1.0,,1787596312873.6392,34.925,17.84,2.96,0.35,1787596312873.6392,False,,,4,OP1,C1_WIFI_SIN_CARGA,N3
,0.278,0.214,0.858,1.0,,1787596312899.1274,35.03,17.76,2.84,0.35,1787596312899.1274,False,,,4,OP1,C1_WIFI_SIN_CARGA,N3
,0.28,0.211,0.861,1.0,,1787596312928.8794,35.135,17.6,2.66,0.35,1787596312928.8794,False,,,4,OP1,C1_WIFI_SIN_CARGA,N3
,0.281,0.209,0.863,1.0,,1787596312956.719,35.205,17.52,2.54,0.35,1787596312958.7893,False,,,4,OP1,C1_WIFI_SIN_CARGA,N3
,0.282,0.207,0.864,1.0,,1787596312982.6108,35.24,17.44,2.42,0.35,1787596312982.6108,False,,,4,OP1,C1_WIFI_SIN_CARGA,N3
,0.284,0.204,0.865,1.0,,1787596313007.775,35.275,17.28,2.24,0.35,1787596313007.775,False,,,4,OP1,C1_WIFI_SIN_CARGA,N3
,0.287,0.199,0.866,1.0,,1787596313033.104,35.31,17.04,1.94,0.35,1787596313040.9417,False,,,4,OP1,C1_WIFI_SIN_CARGA,N3
,0.289,0.195,0.867,1.0,,1787596313067.5112,35.345,16.88,1.7,0.35,1787596313067.5112,False,,,4,OP1,C1_WIFI_SIN_CARGA,N3
,0.291,0.19,0.868,1.0,,1787596313096.1772,35.38,16.72,1.4,0.35,1787596313096.1772,False,,,4,OP1,C1_WIFI_SIN_CARGA,N3
,0.293,0.185,0.869,1.0,,1787596313122.939,35.415,16.56,1.1,0.35,1787596313125.2532,False,,,4,OP1,C1_WIFI_SIN_CARGA,N3
,0.295,0.18,0.869,1.0,,1787596313148.3103,35.415,16.4,0.8,0.35,1787596313148.3103,False,,,4,OP1,C1_WIFI_SIN_CARGA,N3
,0.296,0.177,0.87,1.0,,1787596313174.454,35.45,16.32,0.62,0.35,1787596313174.454,False,,,4,OP1,C1_WIFI_SIN_CARGA,N3
,0.296,0.174,0.87,1.0,,1787596313203.0527,35.45,16.32,0.44,0.35,1787596313203.0527,False,,,4,OP1,C1_WIFI_SIN_CARGA,N3
,0.297,0.173,0.871,1.0,,1787596313234.588,35.485,16.24,0.38,0.35,1787596313234.588,False,,,4,OP1,C1_WIFI_SIN_CARGA,N3
,0.297,0.171,0.872,1.0,,1787596313259.8003,35.52,16.24,0.26,0.35,1787596313259.8003,False,,,4,OP1,C1_WIFI_SIN_CARGA,N3
,0.296,0.169,0.874,1.0,,1787596313290.4004,35.59,16.32,0.14,0.35,1787596313291.4507,False,,,4,OP1,C1_WIFI_SIN_CARGA,N3
,0.296,0.166,0.876,1.0,,1787596313311.105,35.66,16.32,-0.04,0.35,1787596313311.105,False,,,4,OP1,C1_WIFI_SIN_CARGA,N3
,0.296,0.161,0.878,1.0,,1787596313346.858,35.73,16.32,-0.34,0.35,1787596313346.858,False,,,4,OP1,C1_WIFI_SIN_CARGA,N3
,0.296,0.157,0.88,1.0,,1787596313369.4312,35.8,16.32,-0.58,0.35,1787596313369.4312,False,,,4,OP1,C1_WIFI_SIN_CARGA,N3
,0.295,0.153,0.884,1.0,,1787596313399.2195,35.94,16.4,-0.82,0.35,1787596313399.2195,False,,,4,OP1,C1_WIFI_SIN_CARGA,N3
,0.293,0.15,0.885,1.0,,1787596313429.7888,35.975,16.56,-1.0,0.35,1787596313429.7888,False,,,4,OP1,C1_WIFI_SIN_CARGA,N3
,0.29,0.146,0.888,1.0,,1787596313483.7207,36.08,16.8,-1.24,0.35,1787596313483.7207,False,,,4,OP1,C1_WIFI_SIN_CARGA,N3
,0.288,0.143,0.888,1.0,,1787596313512.8523,36.08,16.96,-1.42,0.35,1787596313512.8523,False,,,4,OP1,C1_WIFI_SIN_CARGA,N3
,0.287,0.14,0.888,1.0,,1787596313535.615,36.08,17.04,-1.6,0.35,1787596313535.615,False,,,4,OP1,C1_WIFI_SIN_CARGA,N3
,0.286,0.137,0.888,1.0,,1787596313563.818,36.08,17.12,-1.78,0.35,1787596313563.818,False,,,4,OP1,C1_WIFI_SIN_CARGA,N3
,0.283,0.133,0.89,1.0,,1787596313597.808,36.15,17.36,-2.02,0.35,1787596313599.8188,False,,,4,OP1,C1_WIFI_SIN_CARGA,N3
,0.28,0.129,0.894,1.0,,1787596313620.562,36.29,17.6,-2.26,0.35,1787596313620.562,False,,,4,OP1,C1_WIFI_SIN_CARGA,N3
,0.277,0.127,0.898,1.0,,1787596313647.3748,36.43,17.84,-2.38,0.35,1787596313647.3748,False,,,4,OP1,C1_WIFI_SIN_CARGA,N3
,0.276,0.127,0.901,1.0,,1787596313680.414,36.535,17.92,-2.38,0.35,1787596313680.414,False,,,4,OP1,C1_WIFI_SIN_CARGA,N3
,0.274,0.127,0.903,1.0,,1787596313702.408,36.605,18.08,-2.38,0.35,1787596313702.408,False,,,4,OP1,C1_WIFI_SIN_CARGA,N3
,0.271,0.127,0.905,1.0,,1787596313736.8655,36.675,18.32,-2.38,0.35,1787596313736.8655,False,,,4,OP1,C1_WIFI_SIN_CARGA,N3
,0.268,0.129,0.906,1.0,,1787596313763.7395,36.71,18.56,-2.26,0.35,1787596313764.7512,False,,,4,OP1,C1_WIFI_SIN_CARGA,N3
,0.266,0.13,0.906,1.0,,1787596313784.9316,36.71,18.72,-2.2,0.35,1787596313784.9316,False,,,4,OP1,C1_WIFI_SIN_CARGA,N3
,0.264,0.131,0.906,1.0,,1787596313814.4512,36.71,18.88,-2.14,0.35,1787596313814.4512,False,,,4,OP1,C1_WIFI_SIN_CARGA,N3
,0.263,0.132,0.905,1.0,,1787596313847.6987,36.675,18.96,-2.08,0.35,1787596313847.6987,False,,,4,OP1,C1_WIFI_SIN_CARGA,N3
,0.261,0.132,0.906,1.0,,1787596313874.5388,36.71,19.12,-2.08,0.35,1787596313874.5388,False,,,4,OP1,C1_WIFI_SIN_CARGA,N3
,0.261,0.132,0.906,1.0,,1787596313903.8125,36.71,19.12,-2.08,0.35,1787596313903.8125,False,,,4,OP1,C1_WIFI_SIN_CARGA,N3
,0.26,0.132,0.906,1.0,,1787596313931.1587,36.71,19.2,-2.08,0.35,1787596313933.1772,False,,,4,OP1,C1_WIFI_SIN_CARGA,N3
,0.26,0.132,0.906,1.0,,1787596313957.7383,36.71,19.2,-2.08,0.35,1787596313957.7383,False,,,4,OP1,C1_WIFI_SIN_CARGA,N3
,0.26,0.132,0.906,1.0,,1787596313985.8855,36.71,19.2,-2.08,0.35,1787596313985.8855,False,,,4,OP1,C1_WIFI_SIN_CARGA,N3
,0.26,0.132,0.906,1.0,,1787596314010.484,36.71,19.2,-2.08,0.35,1787596314016.0786,False,,,4,OP1,C1_WIFI_SIN_CARGA,N3
,0.26,0.132,0.905,1.0,,1787596314042.0742,36.675,19.2,-2.08,0.35,1787596314042.0742,False,,,4,OP1,C1_WIFI_SIN_CARGA,N3
,0.26,0.132,0.904,1.0,,1787596314070.692,36.64,19.2,-2.08,0.35,1787596314070.692,False,,,4,OP1,C1_WIFI_SIN_CARGA,N3
,0.26,0.132,0.904,1.0,,1787596314098.6626,36.64,19.2,-2.08,0.35,1787596314100.61,False,,,4,OP1,C1_WIFI_SIN_CARGA,N3
,0.261,0.131,0.903,1.0,,1787596314149.1873,36.605,19.12,-2.14,0.35,1787596314149.1873,False,,,4,OP1,C1_WIFI_SIN_CARGA,N3
,0.261,0.13,0.903,1.0,,1787596314178.5042,36.605,19.12,-2.2,0.35,1787596314178.5042,False,,,4,OP1,C1_WIFI_SIN_CARGA,N3
,0.262,0.13,0.902,1.0,,1787596314209.896,36.57,19.04,-2.2,0.35,1787596314209.896,False,,,4,OP1,C1_WIFI_SIN_CARGA,N3
,0.263,0.13,0.902,1.0,,1787596314236.5437,36.57,18.96,-2.2,0.35,1787596314238.557,False,,,4,OP1,C1_WIFI_SIN_CARGA,N3
,0.265,0.128,0.901,1.0,,1787596314262.0725,36.535,18.8,-2.32,0.35,1787596314265.9854,False,,,4,OP1,C1_WIFI_SIN_CARGA,N3
,0.266,0.128,0.901,1.0,,1787596314286.516,36.535,18.72,-2.32,0.35,1787596314286.516,False,,,4,OP1,C1_WIFI_SIN_CARGA,N3
,0.267,0.127,0.9,1.0,,1787596314318.6982,36.5,18.64,-2.38,0.35,1787596314318.6982,False,,,4,OP1,C1_WIFI_SIN_CARGA,N3
,0.268,0.127,0.9,1.0,,1787596314347.265,36.5,18.56,-2.38,0.35,1787596314347.265,False,,,4,OP1,C1_WIFI_SIN_CARGA,N3
,0.268,0.127,0.9,1.0,,1787596314377.2866,36.5,18.56,-2.38,0.35,1787596314377.2866,False,,,4,OP1,C1_WIFI_SIN_CARGA,N3
,0.269,0.127,0.9,1.0,,1787596314405.4172,36.5,18.48,-2.38,0.35,1787596314405.4172,False,,,4,OP1,C1_WIFI_SIN_CARGA,N3
,0.27,0.126,0.9,1.0,,1787596314453.8018,36.5,18.4,-2.44,0.35,1787596314453.8018,False,,,4,OP1,C1_WIFI_SIN_CARGA,N3
,0.271,0.126,0.9,1.0,,1787596314486.8137,36.5,18.32,-2.44,0.35,1787596314486.8137,False,,,4,OP1,C1_WIFI_SIN_CARGA,N3
,0.272,0.127,0.9,1.0,,1787596314511.2605,36.5,18.24,-2.38,0.35,1787596314511.2605,False,,,4,OP1,C1_WIFI_SIN_CARGA,N3
,0.273,0.127,0.9,1.0,,1787596314543.4668,36.5,18.16,-2.38,0.35,1787596314543.4668,False,,,4,OP1,C1_WIFI_SIN_CARGA,N3
,0.273,0.128,0.9,1.0,,1787596314571.734,36.5,18.16,-2.32,0.35,1787596314571.734,False,,,4,OP1,C1_WIFI_SIN_CARGA,N3
,0.274,0.128,0.9,1.0,,1787596314596.9382,36.5,18.08,-2.32,0.35,1787596314601.57,False,,,4,OP1,C1_WIFI_SIN_CARGA,N3
,0.275,0.128,0.9,1.0,,1787596314621.0896,36.5,18.0,-2.32,0.35,1787596314621.0896,False,,,4,OP1,C1_WIFI_SIN_CARGA,N3
,0.275,0.13,0.899,1.0,,1787596314654.6812,36.465,18.0,-2.2,0.35,1787596314654.6812,False,,,4,OP1,C1_WIFI_SIN_CARGA,N3
,0.277,0.133,0.897,1.0,,1787596314681.6863,36.395,17.84,-2.02,0.35,1787596314681.6863,False,,,4,OP1,C1_WIFI_SIN_CARGA,N3
,0.278,0.136,0.895,1.0,,1787596314710.3186,36.325,17.76,-1.84,0.35,1787596314710.3186,False,,,4,OP1,C1_WIFI_SIN_CARGA,N3
,0.28,0.14,0.891,1.0,,1787596314739.4614,36.185,17.6,-1.6,0.35,1787596314740.371,False,,,4,OP1,C1_WIFI_SIN_CARGA,N3
,0.281,0.145,0.887,1.0,,1787596314766.0598,36.045,17.52,-1.3,0.35,1787596314766.0598,False,,,4,OP1,C1_WIFI_SIN_CARGA,N3
,0.282,0.149,0.884,1.0,,1787596314788.8518,35.94,17.44,-1.06,0.35,1787596314788.8518,False,,,4,OP1,C1_WIFI_SIN_CARGA,N3
,0.283,0.154,0.879,1.0,,1787596314822.4558,35.765,17.36,-0.76,0.35,1787596314822.4558,False,,,4,OP1,C1_WIFI_SIN_CARGA,N3
,0.284,0.159,0.874,1.0,,1787596314848.6108,35.59,17.28,-0.46,0.35,1787596314848.6108,False,,,4,OP1,C1_WIFI_SIN_CARGA,N3
,0.283,0.164,0.871,1.0,,1787596314877.224,35.485,17.36,-0.16,0.35,1787596314879.2336,False,,,4,OP1,C1_WIFI_SIN_CARGA,N3
,0.282,0.169,0.868,1.0,,1787596314905.2034,35.38,17.44,0.14,0.35,1787596314905.2034,False,,,4,OP1,C1_WIFI_SIN_CARGA,N3
,0.282,0.174,0.862,1.0,,1787596314930.7705,35.17,17.44,0.44,0.35,1787596314933.9792,False,,,4,OP1,C1_WIFI_SIN_CARGA,N3
,0.283,0.181,0.853,1.0,,1787596314955.2505,34.855,17.36,0.86,0.35,1787596314955.2505,False,,,4,OP1,C1_WIFI_SIN_CARGA,N3
,0.282,0.182,0.85,1.0,,1787596314988.2031,34.75,17.44,0.92,0.35,1787596314988.2031,False,,,4,OP1,C1_WIFI_SIN_CARGA,N3
,0.281,0.184,0.846,1.0,,1787596315014.4946,34.61,17.52,1.04,0.35,1787596315014.4946,False,,,4,OP1,C1_WIFI_SIN_CARGA,N3
,0.282,0.186,0.841,1.0,,1787596315044.8838,34.435,17.44,1.16,0.35,1787596315044.8838,False,,,4,OP1,C1_WIFI_SIN_CARGA,N3
,0.282,0.186,0.838,1.0,,1787596315071.3042,34.33,17.44,1.16,0.35,1787596315073.9155,False,,,4,OP1,C1_WIFI_SIN_CARGA,N3
,0.283,0.188,0.835,1.0,,1787596315096.8826,34.225,17.36,1.28,0.35,1787596315096.8826,False,,,4,OP1,C1_WIFI_SIN_CARGA,N3
,0.283,0.189,0.832,1.0,,1787596315124.3433,34.12,17.36,1.34,0.35,1787596315124.3433,False,,,4,OP1,C1_WIFI_SIN_CARGA,N3
,0.283,0.19,0.83,1.0,,1787596315153.1858,34.05,17.36,1.4,0.35,1787596315153.1858,False,,,4,OP1,C1_WIFI_SIN_CARGA,N3
,0.283,0.19,0.83,1.0,,1787596315184.2007,34.05,17.36,1.4,0.35,1787596315184.2007,False,,,4,OP1,C1_WIFI_SIN_CARGA,N3
,0.283,0.19,0.829,1.0,,1787596315212.467,34.015,17.36,1.4,0.35,1787596315212.467,False,,,4,OP1,C1_WIFI_SIN_CARGA,N3
,0.283,0.191,0.828,1.0,,1787596315239.7832,33.98,17.36,1.46,0.35,1787596315239.7832,False,,,4,OP1,C1_WIFI_SIN_CARGA,N3
,0.284,0.191,0.827,1.0,,1787596315293.6316,33.945,17.28,1.46,0.35,1787596315293.6316,False,,,4,OP1,C1_WIFI_SIN_CARGA,N3
,0.284,0.191,0.826,1.0,,1787596315320.3845,33.91,17.28,1.46,0.35,1787596315320.3845,False,,,4,OP1,C1_WIFI_SIN_CARGA,N3
,0.284,0.191,0.825,1.0,,1787596315350.7336,33.875,17.28,1.46,0.35,1787596315350.7336,False,,,4,OP1,C1_WIFI_SIN_CARGA,N3
,0.284,0.192,0.824,1.0,,1787596315375.681,33.84,17.28,1.52,0.35,1787596315379.1987,False,,,4,OP1,C1_WIFI_SIN_CARGA,N3
,0.284,0.192,0.823,1.0,,1787596315407.2627,33.805,17.28,1.52,0.35,1787596315407.2627,False,,,4,OP1,C1_WIFI_SIN_CARGA,N3
,0.284,0.192,0.821,1.0,,1787596315461.8677,33.735,17.28,1.52,0.35,1787596315461.8677,False,,,4,OP1,C1_WIFI_SIN_CARGA,N3
,0.284,0.192,0.821,1.0,,1787596315489.4873,33.735,17.28,1.52,0.35,1787596315489.4873,False,,,4,OP1,C1_WIFI_SIN_CARGA,N3
,0.284,0.192,0.821,1.0,,1787596315515.3967,33.735,17.28,1.52,0.35,1787596315515.3967,False,,,4,OP1,C1_WIFI_SIN_CARGA,N3
,0.284,0.193,0.821,1.0,,1787596315545.9722,33.735,17.28,1.58,0.35,1787596315545.9722,False,,,4,OP1,C1_WIFI_SIN_CARGA,N3
,0.284,0.193,0.82,1.0,,1787596315570.5774,33.7,17.28,1.58,0.35,1787596315570.5774,False,,,4,OP1,C1_WIFI_SIN_CARGA,N3
,0.284,0.193,0.82,1.0,,1787596315598.164,33.7,17.28,1.58,0.35,1787596315598.164,False,,,4,OP1,C1_WIFI_SIN_CARGA,N3
,0.284,0.193,0.819,1.0,,1787596315625.6533,33.665,17.28,1.58,0.35,1787596315625.6533,False,,,4,OP1,C1_WIFI_SIN_CARGA,N3
,0.284,0.193,0.819,1.0,,1787596315650.615,33.665,17.28,1.58,0.35,1787596315650.615,False,,,4,OP1,C1_WIFI_SIN_CARGA,N3
,0.284,0.193,0.818,1.0,,1787596315684.413,33.63,17.28,1.58,0.35,1787596315684.413,False,,,4,OP1,C1_WIFI_SIN_CARGA,N3
,0.284,0.192,0.817,1.0,,1787596315711.6558,33.595,17.28,1.52,0.35,1787596315711.6558,False,,,4,OP1,C1_WIFI_SIN_CARGA,N3
,0.284,0.192,0.812,1.0,,1787596315763.1194,33.42,17.28,1.52,0.35,1787596315763.1194,False,,,4,OP1,C1_WIFI_SIN_CARGA,N3
,0.284,0.192,0.811,1.0,,1787596315797.3604,33.385,17.28,1.52,0.35,1787596315797.3604,False,,,4,OP1,C1_WIFI_SIN_CARGA,N3
,0.284,0.191,0.811,1.0,,1787596315818.5598,33.385,17.28,1.46,0.35,1787596315818.5598,False,,,4,OP1,C1_WIFI_SIN_CARGA,N3
,0.284,0.19,0.811,1.0,,1787596315852.1702,33.385,17.28,1.4,0.35,1787596315852.1702,False,,,4,OP1,C1_WIFI_SIN_CARGA,N3
,0.284,0.19,0.811,1.0,,1787596315879.741,33.385,17.28,1.4,0.35,1787596315881.7517,False,,,4,OP1,C1_WIFI_SIN_CARGA,N3
,0.284,0.189,0.811,1.0,,1787596315907.6687,33.385,17.28,1.34,0.35,1787596315907.6687,False,,,4,OP1,C1_WIFI_SIN_CARGA,N3
,0.284,0.188,0.811,1.0,,1787596315930.1096,33.385,17.28,1.28,0.35,1787596315930.1096,False,,,4,OP1,C1_WIFI_SIN_CARGA,N3
,0.284,0.187,0.811,1.0,,1787596315964.1448,33.385,17.28,1.22,0.35,1787596315964.8206,False,,,4,OP1,C1_WIFI_SIN_CARGA,N3
,0.284,0.187,0.811,1.0,,1787596315990.7986,33.385,17.28,1.22,0.35,1787596315990.7986,False,,,4,OP1,C1_WIFI_SIN_CARGA,N3
,0.284,0.186,0.812,1.0,,1787596316019.2627,33.42,17.28,1.16,0.35,1787596316021.275,False,,,4,OP1,C1_WIFI_SIN_CARGA,N3
,0.284,0.185,0.812,1.0,,1787596316047.7783,33.42,17.28,1.1,0.35,1787596316048.8403,False,,,4,OP1,C1_WIFI_SIN_CARGA,N3
,0.285,0.182,0.812,1.0,,1787596316100.892,33.42,17.2,0.92,0.35,1787596316104.0063,False,,,4,OP1,C1_WIFI_SIN_CARGA,N3
,0.285,0.18,0.812,1.0,,1787596316128.2666,33.42,17.2,0.8,0.35,1787596316128.2666,False,,,4,OP1,C1_WIFI_SIN_CARGA,N3
,0.285,0.179,0.812,1.0,,1787596316160.122,33.42,17.2,0.74,0.35,1787596316160.122,False,,,4,OP1,C1_WIFI_SIN_CARGA,N3
,0.284,0.171,0.812,1.0,,1787596316213.6292,33.42,17.28,0.26,0.35,1787596316213.6292,False,,,4,OP1,C1_WIFI_SIN_CARGA,N3
,0.283,0.167,0.812,1.0,,1787596316239.534,33.42,17.36,0.02,0.35,1787596316239.534,False,,,4,OP1,C1_WIFI_SIN_CARGA,N3
,0.282,0.164,0.811,1.0,,1787596316264.8943,33.385,17.44,-0.16,0.35,1787596316264.8943,False,,,4,OP1,C1_WIFI_SIN_CARGA,N3
,0.282,0.162,0.811,1.0,,1787596316297.1438,33.385,17.44,-0.28,0.35,1787596316297.1438,False,,,4,OP1,C1_WIFI_SIN_CARGA,N3
,0.281,0.16,0.81,1.0,,1787596316319.219,33.35,17.52,-0.4,0.35,1787596316319.219,False,,,4,OP1,C1_WIFI_SIN_CARGA,N3
,0.28,0.159,0.81,1.0,,1787596316353.6887,33.35,17.6,-0.46,0.35,1787596316354.534,False,,,4,OP1,C1_WIFI_SIN_CARGA,N3
,0.279,0.158,0.809,1.0,,1787596316409.2212,33.315,17.68,-0.52,0.35,1787596316409.2212,False,,,4,OP1,C1_WIFI_SIN_CARGA,N3
,0.275,0.157,0.806,1.0,,1787596316465.0403,33.21,18.0,-0.58,0.35,1787596316467.0518,False,,,4,OP1,C1_WIFI_SIN_CARGA,N3
,0.273,0.157,0.805,1.0,,1787596316491.752,33.175,18.16,-0.58,0.35,1787596316494.8416,False,,,4,OP1,C1_WIFI_SIN_CARGA,N3
,0.272,0.155,0.803,1.0,,1787596316516.0603,33.105,18.24,-0.7,0.35,1787596316516.0603,False,,,4,OP1,C1_WIFI_SIN_CARGA,N3
,0.27,0.155,0.801,1.0,,1787596316546.9497,33.035,18.4,-0.7,0.35,1787596316546.9497,False,,,4,OP1,C1_WIFI_SIN_CARGA,N3
,0.269,0.154,0.798,1.0,,1787596316567.912,32.93,18.48,-0.76,0.35,1787596316567.912,False,,,4,OP1,C1_WIFI_SIN_CARGA,N3
,0.268,0.154,0.795,1.0,,1787596316599.3418,32.825,18.56,-0.76,0.35,1787596316599.3418,False,,,4,OP1,C1_WIFI_SIN_CARGA,N3
,0.268,0.153,0.793,1.0,,1787596316633.202,32.755,18.56,-0.82,0.35,1787596316633.658,False,,,4,OP1,C1_WIFI_SIN_CARGA,N3
,0.267,0.153,0.789,1.0,,1787596316659.6682,32.615,18.64,-0.82,0.35,1787596316659.6682,False,,,4,OP1,C1_WIFI_SIN_CARGA,N3
,0.265,0.153,0.785,1.0,,1787596316680.6604,32.475,18.8,-0.82,0.35,1787596316680.6604,False,,,4,OP1,C1_WIFI_SIN_CARGA,N3
,0.263,0.155,0.776,1.0,,1787596316707.1934,32.16,18.96,-0.7,0.35,1787596316707.1934,False,,,4,OP1,C1_WIFI_SIN_CARGA,N3
,0.259,0.158,0.768,1.0,,1787596316743.1953,31.88,19.28,-0.52,0.35,1787596316745.2043,False,,,4,OP1,C1_WIFI_SIN_CARGA,N3
,0.255,0.162,0.759,1.0,,1787596316770.615,31.565,19.6,-0.28,0.35,1787596316770.615,False,,,4,OP1,C1_WIFI_SIN_CARGA,N3
,0.251,0.167,0.75,1.0,,1787596316798.86,31.25,19.92,0.02,0.35,1787596316799.7117,False,,,4,OP1,C1_WIFI_SIN_CARGA,N3
,0.249,0.168,0.748,1.0,,1787596316846.964,31.18,20.08,0.08,0.35,1787596316846.964,False,,,4,OP1,C1_WIFI_SIN_CARGA,N3
,0.247,0.169,0.748,1.0,,1787596316874.833,31.18,20.24,0.14,0.35,1787596316874.833,False,,,4,OP1,C1_WIFI_SIN_CARGA,N3
,0.246,0.17,0.747,1.0,,1787596316906.8845,31.145,20.32,0.2,0.35,1787596316906.8845,False,,,4,OP1,C1_WIFI_SIN_CARGA,N3
,0.245,0.171,0.746,1.0,,1787596316937.6724,31.11,20.4,0.26,0.35,1787596316939.686,False,,,4,OP1,C1_WIFI_SIN_CARGA,N3
,0.244,0.171,0.745,1.0,,1787596316967.293,31.075,20.48,0.26,0.35,1787596316967.293,False,,,4,OP1,C1_WIFI_SIN_CARGA,N3
,0.243,0.171,0.745,1.0,,1787596316992.3103,31.075,20.56,0.26,0.35,1787596316996.88,False,,,4,OP1,C1_WIFI_SIN_CARGA,N3
,0.243,0.171,0.745,1.0,,1787596317016.0496,31.075,20.56,0.26,0.35,1787596317016.0496,False,,,4,OP1,C1_WIFI_SIN_CARGA,N3
,0.242,0.171,0.744,1.0,,1787596317046.9846,31.04,20.64,0.26,0.35,1787596317046.9846,False,,,4,OP1,C1_WIFI_SIN_CARGA,N3
,0.242,0.171,0.743,1.0,,1787596317071.6526,31.005,20.64,0.26,0.35,1787596317071.6526,False,,,4,OP1,C1_WIFI_SIN_CARGA,N3
,0.241,0.171,0.742,1.0,,1787596317103.8025,30.97,20.72,0.26,0.35,1787596317105.8298,False,,,4,OP1,C1_WIFI_SIN_CARGA,N3
,0.24,0.172,0.739,1.0,,1787596317133.15,30.865,20.8,0.32,0.35,1787596317133.15,False,,,4,OP1,C1_WIFI_SIN_CARGA,N3
,0.237,0.174,0.735,1.0,,1787596317160.9268,30.725,21.04,0.44,0.35,1787596317160.9268,False,,,4,OP1,C1_WIFI_SIN_CARGA,N3
,0.237,0.175,0.733,1.0,,1787596317187.9438,30.655,21.04,0.5,0.35,1787596317187.9438,False,,,4,OP1,C1_WIFI_SIN_CARGA,N3
,0.237,0.175,0.731,1.0,,1787596317236.655,30.585,21.04,0.5,0.35,1787596317246.957,False,,,4,OP1,C1_WIFI_SIN_CARGA,N3
,0.238,0.175,0.729,1.0,,1787596317267.2322,30.515,20.96,0.5,0.35,1787596317267.2322,False,,,4,OP1,C1_WIFI_SIN_CARGA,N3
,0.24,0.174,0.726,1.0,,1787596317300.216,30.41,20.8,0.44,0.35,1787596317301.2363,False,,,4,OP1,C1_WIFI_SIN_CARGA,N3
,0.245,0.17,0.722,1.0,,1787596317356.3145,30.27,20.4,0.2,0.35,1787596317356.3145,False,,,4,OP1,C1_WIFI_SIN_CARGA,N3
,0.248,0.167,0.722,1.0,,1787596317382.5127,30.27,20.16,0.02,0.35,1787596317384.6743,False,,,4,OP1,C1_WIFI_SIN_CARGA,N3
,0.25,0.166,0.722,1.0,,1787596317409.5195,30.27,20.0,-0.04,0.35,1787596317414.427,False,,,4,OP1,C1_WIFI_SIN_CARGA,N3
,0.252,0.165,0.723,1.0,,1787596317438.6306,30.305,19.84,-0.1,0.35,1787596317440.6382,False,,,4,OP1,C1_WIFI_SIN_CARGA,N3
,0.253,0.164,0.723,1.0,,1787596317462.8423,30.305,19.76,-0.16,0.35,1787596317462.8423,False,,,4,OP1,C1_WIFI_SIN_CARGA,N3
,0.255,0.162,0.723,1.0,,1787596317493.7195,30.305,19.6,-0.28,0.35,1787596317493.7195,False,,,4,OP1,C1_WIFI_SIN_CARGA,N3
,0.259,0.159,0.723,1.0,,1787596317515.483,30.305,19.28,-0.46,0.35,1787596317515.483,False,,,4,OP1,C1_WIFI_SIN_CARGA,N3
,0.261,0.156,0.722,1.0,,1787596317550.874,30.27,19.12,-0.64,0.35,1787596317552.8958,False,,,4,OP1,C1_WIFI_SIN_CARGA,N3
,0.262,0.155,0.721,1.0,,1787596317577.1135,30.235,19.04,-0.7,0.35,1787596317577.1135,False,,,4,OP1,C1_WIFI_SIN_CARGA,N3
,0.263,0.154,0.72,1.0,,1787596317606.3027,30.2,18.96,-0.76,0.35,1787596317608.313,False,,,4,OP1,C1_WIFI_SIN_CARGA,N3
,0.265,0.151,0.721,1.0,,1787596317626.3823,30.235,18.8,-0.94,0.35,1787596317626.3823,False,,,4,OP1,C1_WIFI_SIN_CARGA,N3
,0.267,0.149,0.721,1.0,,1787596317655.1587,30.235,18.64,-1.06,0.35,1787596317655.1587,False,,,4,OP1,C1_WIFI_SIN_CARGA,N3
,0.268,0.146,0.722,1.0,,1787596317682.5393,30.27,18.56,-1.24,0.35,1787596317682.5393,False,,,4,OP1,C1_WIFI_SIN_CARGA,N3
,0.268,0.143,0.725,1.0,,1787596317711.4934,30.375,18.56,-1.42,0.35,1787596317711.4934,False,,,4,OP1,C1_WIFI_SIN_CARGA,N3
,0.269,0.142,0.726,1.0,,1787596317740.5388,30.41,18.48,-1.48,0.35,1787596317746.7634,False,,,4,OP1,C1_WIFI_SIN_CARGA,N3
,0.269,0.142,0.726,1.0,,1787596317769.7043,30.41,18.48,-1.48,0.35,1787596317769.7043,False,,,4,OP1,C1_WIFI_SIN_CARGA,N3
,0.269,0.142,0.727,1.0,,1787596317796.7754,30.445,18.48,-1.48,0.35,1787596317796.7754,False,,,4,OP1,C1_WIFI_SIN_CARGA,N3
,0.269,0.142,0.727,1.0,,1787596317830.474,30.445,18.48,-1.48,0.35,1787596317830.474,False,,,4,OP1,C1_WIFI_SIN_CARGA,N3
,0.269,0.144,0.727,1.0,,1787596317879.4116,30.445,18.48,-1.36,0.35,1787596317879.4116,False,,,4,OP1,C1_WIFI_SIN_CARGA,N3
,0.269,0.145,0.727,1.0,,1787596317912.8325,30.445,18.48,-1.3,0.35,1787596317913.371,False,,,4,OP1,C1_WIFI_SIN_CARGA,N3
,0.269,0.146,0.727,1.0,,1787596317940.7393,30.445,18.48,-1.24,0.35,1787596317940.7393,False,,,4,OP1,C1_WIFI_SIN_CARGA,N3
,0.269,0.147,0.728,1.0,,1787596317968.5193,30.48,18.48,-1.18,0.35,1787596317968.5193,False,,,4,OP1,C1_WIFI_SIN_CARGA,N3
,0.269,0.148,0.729,1.0,,1787596317997.1216,30.515,18.48,-1.12,0.35,1787596317997.1216,False,,,4,OP1,C1_WIFI_SIN_CARGA,N3
,0.269,0.152,0.733,1.0,,1787596318047.64,30.655,18.48,-0.88,0.35,1787596318047.64,False,,,4,OP1,C1_WIFI_SIN_CARGA,N3
,0.268,0.153,0.735,1.0,,1787596318079.5742,30.725,18.56,-0.82,0.35,1787596318079.5742,False,,,4,OP1,C1_WIFI_SIN_CARGA,N3
,0.266,0.156,0.738,1.0,,1787596318106.627,30.83,18.72,-0.64,0.35,1787596318108.6455,False,,,4,OP1,C1_WIFI_SIN_CARGA,N3
,0.265,0.158,0.741,1.0,,1787596318135.274,30.935,18.8,-0.52,0.35,1787596318135.274,False,,,4,OP1,C1_WIFI_SIN_CARGA,N3
,0.264,0.159,0.743,1.0,,1787596318163.2288,31.005,18.88,-0.46,0.35,1787596318164.205,False,,,4,OP1,C1_WIFI_SIN_CARGA,N3
,0.262,0.16,0.746,1.0,,1787596318215.2317,31.11,19.04,-0.4,0.35,1787596318215.2317,False,,,4,OP1,C1_WIFI_SIN_CARGA,N3
,0.262,0.16,0.746,1.0,,1787596318246.92,31.11,19.04,-0.4,0.35,1787596318246.92,False,,,4,OP1,C1_WIFI_SIN_CARGA,N3
,0.262,0.159,0.746,1.0,,1787596318272.7722,31.11,19.04,-0.46,0.35,1787596318272.7722,False,,,4,OP1,C1_WIFI_SIN_CARGA,N3
,0.262,0.158,0.746,1.0,,1787596318302.3562,31.11,19.04,-0.52,0.35,1787596318304.371,False,,,4,OP1,C1_WIFI_SIN_CARGA,N3
,0.262,0.157,0.746,1.0,,1787596318331.6685,31.11,19.04,-0.58,0.35,1787596318331.6685,False,,,4,OP1,C1_WIFI_SIN_CARGA,N3
,0.264,0.149,0.747,1.0,,1787596318384.098,31.145,18.88,-1.06,0.35,1787596318384.098,False,,,4,OP1,C1_WIFI_SIN_CARGA,N3
,0.265,0.143,0.749,1.0,,1787596318410.4878,31.215,18.8,-1.42,0.35,1787596318410.4878,False,,,4,OP1,C1_WIFI_SIN_CARGA,N3
,0.265,0.138,0.75,1.0,,1787596318441.1062,31.25,18.8,-1.72,0.35,1787596318441.1062,False,,,4,OP1,C1_WIFI_SIN_CARGA,N3
,0.266,0.128,0.751,1.0,,1787596318469.5571,31.285,18.72,-2.32,0.35,1787596318469.5571,False,,,4,OP1,C1_WIFI_SIN_CARGA,N3
,0.266,0.12,0.754,1.0,,1787596318496.7893,31.39,18.72,-2.8,0.35,1787596318498.8032,False,,,4,OP1,C1_WIFI_SIN_CARGA,N3
,0.266,0.115,0.756,1.0,,1787596318525.044,31.46,18.72,-3.1,0.35,1787596318525.044,False,,,4,OP1,C1_WIFI_SIN_CARGA,N3
,0.267,0.112,0.757,1.0,,1787596318550.9883,31.495,18.64,-3.28,0.35,1787596318550.9883,False,,,4,OP1,C1_WIFI_SIN_CARGA,N3
,0.268,0.11,0.757,1.0,,1787596318579.61,31.495,18.56,-3.4,0.35,1787596318579.61,False,,,4,OP1,C1_WIFI_SIN_CARGA,N3
,0.269,0.109,0.757,1.0,,1787596318607.2788,31.495,18.48,-3.46,0.35,1787596318609.2903,False,,,4,OP1,C1_WIFI_SIN_CARGA,N3
,0.27,0.107,0.758,1.0,,1787596318636.6494,31.53,18.4,-3.58,0.35,1787596318636.6494,False,,,4,OP1,C1_WIFI_SIN_CARGA,N3
,0.271,0.106,0.758,1.0,,1787596318663.245,31.53,18.32,-3.64,0.35,1787596318663.245,False,,,4,OP1,C1_WIFI_SIN_CARGA,N3
,0.271,0.106,0.758,1.0,,1787596318688.6267,31.53,18.32,-3.64,0.35,1787596318688.6267,False,,,4,OP1,C1_WIFI_SIN_CARGA,N3
,0.271,0.106,0.758,1.0,,1787596318719.921,31.53,18.32,-3.64,0.35,1787596318719.921,False,,,4,OP1,C1_WIFI_SIN_CARGA,N3
,0.271,0.105,0.759,1.0,,1787596318746.8376,31.565,18.32,-3.7,0.35,1787596318746.8376,False,,,4,OP1,C1_WIFI_SIN_CARGA,N3
,0.271,0.105,0.759,1.0,,1787596318775.1743,31.565,18.32,-3.7,0.35,1787596318777.1826,False,,,4,OP1,C1_WIFI_SIN_CARGA,N3
,0.271,0.105,0.759,1.0,,1787596318803.436,31.565,18.32,-3.7,0.35,1787596318805.5251,False,,,4,OP1,C1_WIFI_SIN_CARGA,N3
,0.271,0.108,0.759,1.0,,1787596318853.2793,31.565,18.32,-3.52,0.35,1787596318853.2793,False,,,4,OP1,C1_WIFI_SIN_CARGA,N3
,0.271,0.109,0.759,1.0,,1787596318887.4795,31.565,18.32,-3.46,0.35,1787596318887.4795,False,,,4,OP1,C1_WIFI_SIN_CARGA,N3
,0.272,0.11,0.758,1.0,,1787596318913.9167,31.53,18.24,-3.4,0.35,1787596318913.9167,False,,,4,OP1,C1_WIFI_SIN_CARGA,N3
,0.272,0.111,0.758,1.0,,1787596318942.3884,31.53,18.24,-3.34,0.35,1787596318942.3884,False,,,4,OP1,C1_WIFI_SIN_CARGA,N3
,0.273,0.111,0.758,1.0,,1787596318971.3445,31.53,18.16,-3.34,0.35,1787596318973.3403,False,,,4,OP1,C1_WIFI_SIN_CARGA,N3
,0.274,0.111,0.758,1.0,,1787596318997.167,31.53,18.08,-3.34,0.35,1787596318997.167,False,,,4,OP1,C1_WIFI_SIN_CARGA,N3
,0.274,0.111,0.758,1.0,,1787596319021.8276,31.53,18.08,-3.34,0.35,1787596319021.8276,False,,,4,OP1,C1_WIFI_SIN_CARGA,N3
,0.274,0.111,0.759,1.0,,1787596319055.5063,31.565,18.08,-3.34,0.35,1787596319055.5063,False,,,4,OP1,C1_WIFI_SIN_CARGA,N3
,0.274,0.112,0.76,1.0,,1787596319080.3926,31.6,18.08,-3.28,0.35,1787596319080.3926,False,,,4,OP1,C1_WIFI_SIN_CARGA,N3
,0.274,0.112,0.76,1.0,,1787596319108.8508,31.6,18.08,-3.28,0.35,1787596319108.8508,False,,,4,OP1,C1_WIFI_SIN_CARGA,N3
,0.274,0.112,0.761,1.0,,1787596319137.7715,31.635,18.08,-3.28,0.35,1787596319139.8833,False,,,4,OP1,C1_WIFI_SIN_CARGA,N3
,0.274,0.111,0.762,1.0,,1787596319190.165,31.67,18.08,-3.34,0.35,1787596319190.165,False,,,4,OP1,C1_WIFI_SIN_CARGA,N3
,0.275,0.11,0.762,1.0,,1787596319216.8064,31.67,18.0,-3.4,0.35,1787596319222.402,False,,,4,OP1,C1_WIFI_SIN_CARGA,N3
,0.275,0.109,0.762,1.0,,1787596319248.7422,31.67,18.0,-3.46,0.35,1787596319248.7422,False,,,4,OP1,C1_WIFI_SIN_CARGA,N3
,0.274,0.107,0.763,1.0,,1787596319277.863,31.705,18.08,-3.58,0.35,1787596319277.863,False,,,4,OP1,C1_WIFI_SIN_CARGA,N3
,0.274,0.105,0.763,1.0,,1787596319305.37,31.705,18.08,-3.7,0.35,1787596319306.5942,False,,,4,OP1,C1_WIFI_SIN_CARGA,N3
,0.274,0.103,0.762,1.0,,1787596319332.536,31.67,18.08,-3.82,0.35,1787596319334.1726,False,,,4,OP1,C1_WIFI_SIN_CARGA,N3
,0.273,0.103,0.762,1.0,,1787596319357.2605,31.67,18.16,-3.82,0.35,1787596319357.2605,False,,,4,OP1,C1_WIFI_SIN_CARGA,N3
,0.272,0.1,0.762,1.0,,1787596319386.6726,31.67,18.24,-4.0,0.35,1787596319386.6726,False,,,4,OP1,C1_WIFI_SIN_CARGA,N3
,0.272,0.098,0.762,1.0,,1787596319416.056,31.67,18.24,-4.12,0.35,1787596319416.056,False,,,4,OP1,C1_WIFI_SIN_CARGA,N3
,0.272,0.098,0.761,1.0,,1787596319445.3987,31.635,18.24,-4.12,0.35,1787596319446.9124,False,,,4,OP1,C1_WIFI_SIN_CARGA,N3
,0.272,0.096,0.761,1.0,,1787596319469.631,31.635,18.24,-4.24,0.35,1787596319469.631,False,,,4,OP1,C1_WIFI_SIN_CARGA,N3
,0.271,0.095,0.761,1.0,,1787596319499.3762,31.635,18.32,-4.3,0.35,1787596319499.3762,False,,,4,OP1,C1_WIFI_SIN_CARGA,N3
,0.271,0.095,0.761,1.0,,1787596319524.5244,31.635,18.32,-4.3,0.35,1787596319524.5244,False,,,4,OP1,C1_WIFI_SIN_CARGA,N3
,0.272,0.094,0.761,1.0,,1787596319549.5,31.635,18.24,-4.36,0.35,1787596319560.0547,False,,,4,OP1,C1_WIFI_SIN_CARGA,N3
,0.272,0.094,0.761,1.0,,1787596319586.8213,31.635,18.24,-4.36,0.35,1787596319586.8213,False,,,4,OP1,C1_WIFI_SIN_CARGA,N3
,0.271,0.094,0.761,1.0,,1787596319614.5645,31.635,18.32,-4.36,0.35,1787596319614.5645,False,,,4,OP1,C1_WIFI_SIN_CARGA,N3
,0.272,0.093,0.761,1.0,,1787596319642.768,31.635,18.24,-4.42,0.35,1787596319644.86,False,,,4,OP1,C1_WIFI_SIN_CARGA,N3
,0.272,0.092,0.761,1.0,,1787596319669.4675,31.635,18.24,-4.48,0.35,1787596319669.4675,False,,,4,OP1,C1_WIFI_SIN_CARGA,N3
,0.272,0.092,0.762,1.0,,1787596319697.0967,31.67,18.24,-4.48,0.35,1787596319699.816,False,,,4,OP1,C1_WIFI_SIN_CARGA,N3
,0.273,0.091,0.762,1.0,,1787596319726.766,31.67,18.16,-4.54,0.35,1787596319726.766,False,,,4,OP1,C1_WIFI_SIN_CARGA,N3
,0.273,0.09,0.763,1.0,,1787596319784.1558,31.705,18.16,-4.6,0.35,1787596319784.1558,False,,,4,OP1,C1_WIFI_SIN_CARGA,N3
,0.273,0.089,0.763,1.0,,1787596319804.5425,31.705,18.16,-4.66,0.35,1787596319804.5425,False,,,4,OP1,C1_WIFI_SIN_CARGA,N3
,0.273,0.089,0.763,1.0,,1787596319830.9558,31.705,18.16,-4.66,0.35,1787596319830.9558,False,,,4,OP1,C1_WIFI_SIN_CARGA,N3
,0.273,0.088,0.763,1.0,,1787596319860.834,31.705,18.16,-4.72,0.35,1787596319860.834,False,,,4,OP1,C1_WIFI_SIN_CARGA,N3
,0.273,0.087,0.763,1.0,,1787596319888.6943,31.705,18.16,-4.78,0.35,1787596319888.6943,False,,,4,OP1,C1_WIFI_SIN_CARGA,N3
,0.273,0.086,0.763,1.0,,1787596319917.9004,31.705,18.16,-4.84,0.35,1787596319917.9004,False,,,4,OP1,C1_WIFI_SIN_CARGA,N3
,0.273,0.084,0.763,1.0,,1787596319943.7158,31.705,18.16,-4.96,0.35,1787596319943.7158,False,,,4,OP1,C1_WIFI_SIN_CARGA,N3
,0.272,0.081,0.764,1.0,,1787596319964.818,31.74,18.24,-5.14,0.35,1787596319975.219,False,,,4,OP1,C1_WIFI_SIN_CARGA,N3
,0.272,0.078,0.764,1.0,,1787596320000.8433,31.74,18.24,-5.32,0.35,1787596320000.8433,False,,,4,OP1,C1_WIFI_SIN_CARGA,N3
,0.271,0.077,0.764,1.0,,1787596320028.9558,31.74,18.32,-5.38,0.35,1787596320028.9558,False,,,4,OP1,C1_WIFI_SIN_CARGA,N3
,0.271,0.076,0.764,1.0,,1787596320052.8125,31.74,18.32,-5.44,0.35,1787596320052.8125,False,,,4,OP1,C1_WIFI_SIN_CARGA,N3
,0.271,0.075,0.764,1.0,,1787596320085.1072,31.74,18.32,-5.5,0.35,1787596320085.1072,False,,,4,OP1,C1_WIFI_SIN_CARGA,N3
,0.271,0.075,0.764,1.0,,1787596320113.1614,31.74,18.32,-5.5,0.35,1787596320113.1614,False,,,4,OP1,C1_WIFI_SIN_CARGA,N3
,0.271,0.073,0.764,1.0,,1787596320163.3909,31.74,18.32,-5.62,0.35,1787596320163.3909,False,,,4,OP1,C1_WIFI_SIN_CARGA,N3
,0.271,0.073,0.764,1.0,,1787596320190.6057,31.74,18.32,-5.62,0.35,1787596320190.6057,False,,,4,OP1,C1_WIFI_SIN_CARGA,N3
,0.272,0.072,0.765,1.0,,1787596320222.8325,31.775,18.24,-5.68,0.35,1787596320224.839,False,,,4,OP1,C1_WIFI_SIN_CARGA,N3
,0.272,0.071,0.766,1.0,,1787596320252.294,31.81,18.24,-5.74,0.35,1787596320252.294,False,,,4,OP1,C1_WIFI_SIN_CARGA,N3
,0.274,0.07,0.767,1.0,,1787596320301.533,31.845,18.08,-5.8,0.35,1787596320309.5913,False,,,4,OP1,C1_WIFI_SIN_CARGA,N3
,0.276,0.069,0.768,1.0,,1787596320330.171,31.88,17.92,-5.86,0.35,1787596320330.171,False,,,4,OP1,C1_WIFI_SIN_CARGA,N3
,0.277,0.068,0.769,1.0,,1787596320358.4358,31.915,17.84,-5.92,0.35,1787596320364.8457,False,,,4,OP1,C1_WIFI_SIN_CARGA,N3
,0.278,0.068,0.769,1.0,,1787596320391.203,31.915,17.76,-5.92,0.35,1787596320391.203,False,,,4,OP1,C1_WIFI_SIN_CARGA,N3
,0.278,0.068,0.77,1.0,,1787596320417.6511,31.95,17.76,-5.92,0.35,1787596320419.6665,False,,,4,OP1,C1_WIFI_SIN_CARGA,N3
,0.279,0.068,0.771,1.0,,1787596320446.9878,31.985,17.68,-5.92,0.35,1787596320447.906,False,,,4,OP1,C1_WIFI_SIN_CARGA,N3
,0.28,0.067,0.772,1.0,,1787596320467.3354,32.02,17.6,-5.98,0.35,1787596320467.3354,False,,,4,OP1,C1_WIFI_SIN_CARGA,N3
,0.281,0.066,0.774,1.0,,1787596320502.032,32.09,17.52,-6.04,0.35,1787596320502.032,False,,,4,OP1,C1_WIFI_SIN_CARGA,N3
,0.283,0.065,0.776,1.0,,1787596320528.245,32.16,17.36,-6.1,0.35,1787596320528.245,False,,,4,OP1,C1_WIFI_SIN_CARGA,N3
,0.283,0.064,0.777,1.0,,1787596320555.2,32.195,17.36,-6.16,0.35,1787596320555.2,False,,,4,OP1,C1_WIFI_SIN_CARGA,N3
,0.284,0.064,0.778,1.0,,1787596320587.563,32.23,17.28,-6.16,0.35,1787596320587.563,False,,,4,OP1,C1_WIFI_SIN_CARGA,N3
,0.284,0.064,0.778,1.0,,1787596320607.9978,32.23,17.28,-6.16,0.35,1787596320607.9978,False,,,4,OP1,C1_WIFI_SIN_CARGA,N3
,0.285,0.064,0.778,1.0,,1787596320636.6611,32.23,17.2,-6.16,0.35,1787596320636.6611,False,,,4,OP1,C1_WIFI_SIN_CARGA,N3
,0.285,0.065,0.779,1.0,,1787596320669.444,32.265,17.2,-6.1,0.35,1787596320669.444,False,,,4,OP1,C1_WIFI_SIN_CARGA,N3
,0.286,0.065,0.78,1.0,,1787596320697.0994,32.3,17.12,-6.1,0.35,1787596320697.0994,False,,,4,OP1,C1_WIFI_SIN_CARGA,N3
,0.287,0.066,0.78,1.0,,1787596320722.59,32.3,17.04,-6.04,0.35,1787596320722.59,False,,,4,OP1,C1_WIFI_SIN_CARGA,N3
,0.288,0.067,0.78,1.0,,1787596320750.8728,32.3,16.96,-5.98,0.35,1787596320754.267,False,,,4,OP1,C1_WIFI_SIN_CARGA,N3
,0.288,0.068,0.78,1.0,,1787596320774.3115,32.3,16.96,-5.92,0.35,1787596320774.3115,False,,,4,OP1,C1_WIFI_SIN_CARGA,N3
,0.289,0.069,0.78,1.0,,1787596320803.0938,32.3,16.88,-5.86,0.35,1787596320803.0938,False,,,4,OP1,C1_WIFI_SIN_CARGA,N3
,0.29,0.069,0.779,1.0,,1787596320835.5168,32.265,16.8,-5.86,0.35,1787596320835.5168,False,,,4,OP1,C1_WIFI_SIN_CARGA,N3
,0.291,0.069,0.778,1.0,,1787596320861.7373,32.23,16.72,-5.86,0.35,1787596320861.7373,False,,,4,OP1,C1_WIFI_SIN_CARGA,N3
,0.292,0.068,0.778,1.0,,1787596320890.5369,32.23,16.64,-5.92,0.35,1787596320890.5369,False,,,4,OP1,C1_WIFI_SIN_CARGA,N3
,0.292,0.068,0.777,1.0,,1787596320920.2856,32.195,16.64,-5.92,0.35,1787596320920.2856,False,,,4,OP1,C1_WIFI_SIN_CARGA,N3
,0.293,0.067,0.776,1.0,,1787596320947.1274,32.16,16.56,-5.98,0.35,1787596320947.1274,False,,,4,OP1,C1_WIFI_SIN_CARGA,N3
,0.293,0.067,0.774,1.0,,1787596320970.8523,32.09,16.56,-5.98,0.35,1787596320970.8523,False,,,4,OP1,C1_WIFI_SIN_CARGA,N3
,0.294,0.067,0.774,1.0,,1787596321003.6797,32.09,16.48,-5.98,0.35,1787596321004.328,False,,,4,OP1,C1_WIFI_SIN_CARGA,N3
,0.295,0.066,0.773,1.0,,1787596321031.1533,32.055,16.4,-6.04,0.35,1787596321031.1533,False,,,4,OP1,C1_WIFI_SIN_CARGA,N3
,0.295,0.066,0.773,1.0,,1787596321058.958,32.055,16.4,-6.04,0.35,1787596321058.958,False,,,4,OP1,C1_WIFI_SIN_CARGA,N3
,0.295,0.067,0.773,1.0,,1787596321087.2007,32.055,16.4,-5.98,0.35,1787596321088.6304,False,,,4,OP1,C1_WIFI_SIN_CARGA,N3
,0.296,0.067,0.772,1.0,,1787596321115.2375,32.02,16.32,-5.98,0.35,1787596321115.2375,False,,,4,OP1,C1_WIFI_SIN_CARGA,N3
,0.296,0.067,0.772,1.0,,1787596321141.5403,32.02,16.32,-5.98,0.35,1787596321141.5403,False,,,4,OP1,C1_WIFI_SIN_CARGA,N3
,0.296,0.068,0.771,1.0,,1787596321171.2866,31.985,16.32,-5.92,0.35,1787596321171.2866,False,,,4,OP1,C1_WIFI_SIN_CARGA,N3
,0.296,0.068,0.771,1.0,,1787596321197.0596,31.985,16.32,-5.92,0.35,1787596321197.0596,False,,,4,OP1,C1_WIFI_SIN_CARGA,N3
,0.296,0.068,0.771,1.0,,1787596321226.6123,31.985,16.32,-5.92,0.35,1787596321226.6123,False,,,4,OP1,C1_WIFI_SIN_CARGA,N3
,0.296,0.069,0.77,1.0,,1787596321247.1067,31.95,16.32,-5.86,0.35,1787596321255.3674,False,,,4,OP1,C1_WIFI_SIN_CARGA,N3
,0.296,0.069,0.77,1.0,,1787596321275.708,31.95,16.32,-5.86,0.35,1787596321275.708,False,,,4,OP1,C1_WIFI_SIN_CARGA,N3
,0.296,0.07,0.77,1.0,,1787596321306.2793,31.95,16.32,-5.8,0.35,1787596321306.2793,False,,,4,OP1,C1_WIFI_SIN_CARGA,N3
,0.296,0.071,0.769,1.0,,1787596321331.517,31.915,16.32,-5.74,0.35,1787596321331.517,False,,,4,OP1,C1_WIFI_SIN_CARGA,N3
,0.295,0.072,0.769,1.0,,1787596321361.3762,31.915,16.4,-5.68,0.35,1787596321361.3762,False,,,4,OP1,C1_WIFI_SIN_CARGA,N3
,0.295,0.072,0.769,1.0,,1787596321392.7827,31.915,16.4,-5.68,0.35,1787596321392.7827,False,,,4,OP1,C1_WIFI_SIN_CARGA,N3
,0.295,0.072,0.769,1.0,,1787596321415.379,31.915,16.4,-5.68,0.35,1787596321422.0276,False,,,4,OP1,C1_WIFI_SIN_CARGA,N3
,0.295,0.073,0.769,1.0,,1787596321447.0884,31.915,16.4,-5.62,0.35,1787596321447.0884,False,,,4,OP1,C1_WIFI_SIN_CARGA,N3
,0.296,0.072,0.769,1.0,,1787596321474.0847,31.915,16.32,-5.68,0.35,1787596321474.0847,False,,,4,OP1,C1_WIFI_SIN_CARGA,N3
,0.295,0.072,0.769,1.0,,1787596321505.1316,31.915,16.4,-5.68,0.35,1787596321505.6104,False,,,4,OP1,C1_WIFI_SIN_CARGA,N3
,0.295,0.072,0.769,1.0,,1787596321531.8838,31.915,16.4,-5.68,0.35,1787596321531.8838,False,,,4,OP1,C1_WIFI_SIN_CARGA,N3
,0.295,0.073,0.769,1.0,,1787596321561.4314,31.915,16.4,-5.62,0.35,1787596321561.4314,False,,,4,OP1,C1_WIFI_SIN_CARGA,N3
,0.294,0.077,0.769,0.909,,1787596321609.6624,31.915,16.48,-5.38,0.4456,1787596321609.6624,False,,,4,OP1,C1_WIFI_SIN_CARGA,N3
,0.292,0.084,0.767,0.651,,1787596321642.6611,31.845,16.64,-4.96,0.7165,1787596321644.6775,False,,,4,OP1,C1_WIFI_SIN_CARGA,N3
,0.29,0.09,0.766,0.242,,1787596321668.493,31.81,16.8,-4.6,1.1459,1787596321668.493,False,,,4,OP1,C1_WIFI_SIN_CARGA,N3
,0.287,0.098,0.762,0.015,,1787596321699.3494,31.67,17.04,-4.12,1.3842,1787596321699.3494,False,,,4,OP1,C1_WIFI_SIN_CARGA,N3
,0.283,0.105,0.756,0.0,,1787596321727.9592,31.46,17.36,-3.7,1.4,1787596321728.5564,False,,,4,OP1,C1_WIFI_SIN_CARGA,N3
,0.284,0.108,0.757,0.134,,1787596321778.3245,31.495,17.28,-3.52,1.2593,1787596321778.3245,False,,,4,OP1,C1_WIFI_SIN_CARGA,N3
,0.284,0.107,0.758,0.095,,1787596321809.9973,31.53,17.28,-3.58,1.3002,1787596321809.9973,False,,,4,OP1,C1_WIFI_SIN_CARGA,N3
,0.285,0.104,0.758,0.071,,1787596321838.204,31.53,17.2,-3.76,1.3255,1787596321838.204,False,,,4,OP1,C1_WIFI_SIN_CARGA,N3
,0.287,0.099,0.76,0.035,,1787596321866.2078,31.6,17.04,-4.06,1.3632,1787596321868.2158,False,,,4,OP1,C1_WIFI_SIN_CARGA,N3
,0.287,0.097,0.76,0.0,,1787596321895.2468,31.6,17.04,-4.18,1.4,1787596321896.6104,False,,,4,OP1,C1_WIFI_SIN_CARGA,N3
,0.287,0.096,0.759,0.0,,1787596321922.0083,31.565,17.04,-4.24,1.4,1787596321922.0083,False,,,4,OP1,C1_WIFI_SIN_CARGA,N3
,0.287,0.096,0.759,0.0,,1787596321947.1045,31.565,17.04,-4.24,1.4,1787596321947.1045,False,,,4,OP1,C1_WIFI_SIN_CARGA,N3
,0.287,0.095,0.758,0.0,,1787596321971.3252,31.53,17.04,-4.3,1.4,1787596321978.9575,False,,,4,OP1,C1_WIFI_SIN_CARGA,N3
,0.287,0.095,0.758,0.0,,1787596322005.4478,31.53,17.04,-4.3,1.4,1787596322005.4478,False,,,4,OP1,C1_WIFI_SIN_CARGA,N3
,0.287,0.095,0.757,0.0,,1787596322034.1548,31.495,17.04,-4.3,1.4,1787596322034.1548,False,,,4,OP1,C1_WIFI_SIN_CARGA,N3
,0.287,0.095,0.756,0.0,,1787596322062.1875,31.46,17.04,-4.3,1.4,1787596322063.3782,False,,,4,OP1,C1_WIFI_SIN_CARGA,N3
,0.286,0.095,0.756,0.0,,1787596322087.4028,31.46,17.12,-4.3,1.4,1787596322087.4028,False,,,4,OP1,C1_WIFI_SIN_CARGA,N3
,0.287,0.095,0.754,0.0,,1787596322115.634,31.39,17.04,-4.3,1.4,1787596322115.634,False,,,4,OP1,C1_WIFI_SIN_CARGA,N3
,0.286,0.095,0.753,0.0,,1787596322146.7134,31.355,17.12,-4.3,1.4,1787596322147.9746,False,,,4,OP1,C1_WIFI_SIN_CARGA,N3
,0.286,0.095,0.753,0.0,,1787596322172.1729,31.355,17.12,-4.3,1.4,1787596322172.1729,False,,,4,OP1,C1_WIFI_SIN_CARGA,N3
,0.286,0.096,0.752,0.0,,1787596322199.9463,31.32,17.12,-4.24,1.4,1787596322201.9587,False,,,4,OP1,C1_WIFI_SIN_CARGA,N3
,0.286,0.096,0.751,0.0,,1787596322229.662,31.285,17.12,-4.24,1.4,1787596322229.662,False,,,4,OP1,C1_WIFI_SIN_CARGA,N3
,0.286,0.096,0.751,0.0,,1787596322256.819,31.285,17.12,-4.24,1.4,1787596322256.819,False,,,4,OP1,C1_WIFI_SIN_CARGA,N3
,0.286,0.095,0.751,0.0,,1787596322282.7678,31.285,17.12,-4.3,1.4,1787596322282.7678,False,,,4,OP1,C1_WIFI_SIN_CARGA,N3
,0.286,0.095,0.75,0.0,,1787596322305.966,31.25,17.12,-4.3,1.4,1787596322305.966,False,,,4,OP1,C1_WIFI_SIN_CARGA,N3
,0.286,0.094,0.75,0.0,,1787596322340.6562,31.25,17.12,-4.36,1.4,1787596322340.6562,False,,,4,OP1,C1_WIFI_SIN_CARGA,N3
,0.287,0.093,0.75,0.0,,1787596322367.8147,31.25,17.04,-4.42,1.4,1787596322369.8257,False,,,4,OP1,C1_WIFI_SIN_CARGA,N3
,0.286,0.093,0.749,0.0,,1787596322396.86,31.215,17.12,-4.42,1.4,1787596322397.4138,False,,,4,OP1,C1_WIFI_SIN_CARGA,N3
,0.287,0.093,0.748,0.0,,1787596322447.898,31.18,17.04,-4.42,1.4,1787596322447.898,False,,,4,OP1,C1_WIFI_SIN_CARGA,N3
,0.287,0.093,0.748,0.0,,1787596322473.6787,31.18,17.04,-4.42,1.4,1787596322473.6787,False,,,4,OP1,C1_WIFI_SIN_CARGA,N3
,0.287,0.093,0.747,0.0,,1787596322506.2769,31.145,17.04,-4.42,1.4,1787596322507.7998,False,,,4,OP1,C1_WIFI_SIN_CARGA,N3
,0.287,0.093,0.747,0.0,,1787596322535.493,31.145,17.04,-4.42,1.4,1787596322535.493,False,,,4,OP1,C1_WIFI_SIN_CARGA,N3
,0.287,0.093,0.746,0.0,,1787596322559.8638,31.11,17.04,-4.42,1.4,1787596322565.3445,False,,,4,OP1,C1_WIFI_SIN_CARGA,N3
,0.287,0.094,0.746,0.0,,1787596322587.5625,31.11,17.04,-4.36,1.4,1787596322587.5625,False,,,4,OP1,C1_WIFI_SIN_CARGA,N3
,0.287,0.094,0.746,0.0,,1787596322616.7583,31.11,17.04,-4.36,1.4,1787596322616.7583,False,,,4,OP1,C1_WIFI_SIN_CARGA,N3
,0.287,0.094,0.746,0.0,,1787596322643.6702,31.11,17.04,-4.36,1.4,1787596322646.8452,False,,,4,OP1,C1_WIFI_SIN_CARGA,N3
,0.288,0.094,0.746,0.0,,1787596322673.8884,31.11,16.96,-4.36,1.4,1787596322673.8884,False,,,4,OP1,C1_WIFI_SIN_CARGA,N3
,0.288,0.094,0.746,0.0,,1787596322701.0876,31.11,16.96,-4.36,1.4,1787596322703.2727,False,,,4,OP1,C1_WIFI_SIN_CARGA,N3
,0.288,0.094,0.745,0.0,,1787596322751.115,31.075,16.96,-4.36,1.4,1787596322751.115,False,,,4,OP1,C1_WIFI_SIN_CARGA,N3
,0.288,0.094,0.745,0.0,,1787596322783.9546,31.075,16.96,-4.36,1.4,1787596322783.9546,False,,,4,OP1,C1_WIFI_SIN_CARGA,N3
,0.288,0.094,0.745,0.0,,1787596322812.3289,31.075,16.96,-4.36,1.4,1787596322812.3289,False,,,4,OP1,C1_WIFI_SIN_CARGA,N3
,0.288,0.094,0.745,0.0,,1787596322839.6555,31.075,16.96,-4.36,1.4,1787596322839.6555,False,,,4,OP1,C1_WIFI_SIN_CARGA,N3
,0.288,0.094,0.745,0.0,,1787596322868.4238,31.075,16.96,-4.36,1.4,1787596322869.4,False,,,4,OP1,C1_WIFI_SIN_CARGA,N3
,0.288,0.094,0.745,0.0,,1787596322896.906,31.075,16.96,-4.36,1.4,1787596322896.906,False,,,4,OP1,C1_WIFI_SIN_CARGA,N3
,0.288,0.094,0.745,0.0,,1787596322920.817,31.075,16.96,-4.36,1.4,1787596322920.817,False,,,4,OP1,C1_WIFI_SIN_CARGA,N3
,0.287,0.094,0.744,0.0,,1787596322952.0442,31.04,17.04,-4.36,1.4,1787596322952.0442,False,,,4,OP1,C1_WIFI_SIN_CARGA,N3
,0.287,0.094,0.744,0.0,,1787596322980.6072,31.04,17.04,-4.36,1.4,1787596322980.6072,False,,,4,OP1,C1_WIFI_SIN_CARGA,N3
,0.287,0.093,0.744,0.0,,1787596323008.3774,31.04,17.04,-4.42,1.4,1787596323008.3774,False,,,4,OP1,C1_WIFI_SIN_CARGA,N3
,0.286,0.093,0.745,0.0,,1787596323036.6123,31.075,17.12,-4.42,1.4,1787596323036.6123,False,,,4,OP1,C1_WIFI_SIN_CARGA,N3
,0.286,0.093,0.745,0.0,,1787596323057.058,31.075,17.12,-4.42,1.4,1787596323057.058,False,,,4,OP1,C1_WIFI_SIN_CARGA,N3
,0.286,0.092,0.746,0.0,,1787596323087.569,31.11,17.12,-4.48,1.4,1787596323087.569,False,,,4,OP1,C1_WIFI_SIN_CARGA,N3
,0.286,0.092,0.746,0.0,,1787596323120.327,31.11,17.12,-4.48,1.4,1787596323120.7932,False,,,4,OP1,C1_WIFI_SIN_CARGA,N3
,0.286,0.092,0.747,0.0,,1787596323147.0627,31.145,17.12,-4.48,1.4,1787596323147.0627,False,,,4,OP1,C1_WIFI_SIN_CARGA,N3
,0.285,0.091,0.748,0.0,,1787596323175.702,31.18,17.2,-4.54,1.4,1787596323175.702,False,,,4,OP1,C1_WIFI_SIN_CARGA,N3
,0.285,0.091,0.748,0.0,,1787596323203.3865,31.18,17.2,-4.54,1.4,1787596323203.3865,False,,,4,OP1,C1_WIFI_SIN_CARGA,N3
,0.285,0.09,0.748,0.0,,1787596323224.751,31.18,17.2,-4.6,1.4,1787596323224.751,False,,,4,OP1,C1_WIFI_SIN_CARGA,N3
,0.285,0.09,0.748,0.0,,1787596323254.486,31.18,17.2,-4.6,1.4,1787596323254.486,False,,,4,OP1,C1_WIFI_SIN_CARGA,N3
,0.285,0.09,0.748,0.0,,1787596323280.557,31.18,17.2,-4.6,1.4,1787596323288.3967,False,,,4,OP1,C1_WIFI_SIN_CARGA,N3
,0.285,0.089,0.748,0.0,,1787596323314.2964,31.18,17.2,-4.66,1.4,1787596323314.2964,False,,,4,OP1,C1_WIFI_SIN_CARGA,N3
,0.285,0.089,0.747,0.0,,1787596323341.621,31.145,17.2,-4.66,1.4,1787596323344.1367,False,,,4,OP1,C1_WIFI_SIN_CARGA,N3
,0.285,0.089,0.747,0.0,,1787596323367.8938,31.145,17.2,-4.66,1.4,1787596323370.6902,False,,,4,OP1,C1_WIFI_SIN_CARGA,N3
,0.285,0.088,0.747,0.0,,1787596323396.9023,31.145,17.2,-4.72,1.4,1787596323396.9023,False,,,4,OP1,C1_WIFI_SIN_CARGA,N3
,0.284,0.088,0.747,0.0,,1787596323426.0652,31.145,17.28,-4.72,1.4,1787596323427.179,False,,,4,OP1,C1_WIFI_SIN_CARGA,N3
,0.284,0.088,0.747,0.0,,1787596323448.874,31.145,17.28,-4.72,1.4,1787596323448.874,False,,,4,OP1,C1_WIFI_SIN_CARGA,N3
,0.284,0.087,0.748,0.0,,1787596323481.8396,31.18,17.28,-4.78,1.4,1787596323481.8396,False,,,4,OP1,C1_WIFI_SIN_CARGA,N3
,0.284,0.087,0.747,0.0,,1787596323508.2754,31.145,17.28,-4.78,1.4,1787596323511.0488,False,,,4,OP1,C1_WIFI_SIN_CARGA,N3
,0.284,0.086,0.747,0.0,,1787596323558.08,31.145,17.28,-4.84,1.4,1787596323558.08,False,,,4,OP1,C1_WIFI_SIN_CARGA,N3
,0.284,0.086,0.747,0.0,,1787596323590.6938,31.145,17.28,-4.84,1.4,1787596323590.6938,False,,,4,OP1,C1_WIFI_SIN_CARGA,N3
,0.285,0.086,0.748,0.0,,1787596323619.0789,31.18,17.2,-4.84,1.4,1787596323619.0789,False,,,4,OP1,C1_WIFI_SIN_CARGA,N3
,0.285,0.086,0.748,0.0,,1787596323648.809,31.18,17.2,-4.84,1.4,1787596323648.809,False,,,4,OP1,C1_WIFI_SIN_CARGA,N3
,0.284,0.087,0.749,0.0,,1787596323676.3896,31.215,17.28,-4.78,1.4,1787596323678.4033,False,,,4,OP1,C1_WIFI_SIN_CARGA,N3
,0.285,0.087,0.748,0.0,,1787596323697.2517,31.18,17.2,-4.78,1.4,1787596323705.8325,False,,,4,OP1,C1_WIFI_SIN_CARGA,N3
,0.285,0.087,0.748,0.0,,1787596323731.0056,31.18,17.2,-4.78,1.4,1787596323732.7373,False,,,4,OP1,C1_WIFI_SIN_CARGA,N3
,0.284,0.088,0.748,0.0,,1787596323757.9243,31.18,17.28,-4.72,1.4,1787596323757.9243,False,,,4,OP1,C1_WIFI_SIN_CARGA,N3
,0.285,0.088,0.748,0.0,,1787596323788.2751,31.18,17.2,-4.72,1.4,1787596323788.2751,False,,,4,OP1,C1_WIFI_SIN_CARGA,N3
,0.285,0.089,0.747,0.0,,1787596323815.3413,31.145,17.2,-4.66,1.4,1787596323815.3413,False,,,4,OP1,C1_WIFI_SIN_CARGA,N3
,0.285,0.089,0.746,0.0,,1787596323843.5105,31.11,17.2,-4.66,1.4,1787596323845.6997,False,,,4,OP1,C1_WIFI_SIN_CARGA,N3
,0.285,0.09,0.746,0.0,,1787596323870.183,31.11,17.2,-4.6,1.4,1787596323870.183,False,,,4,OP1,C1_WIFI_SIN_CARGA,N3
,0.285,0.091,0.746,0.0,,1787596323897.0151,31.11,17.2,-4.54,1.4,1787596323897.0151,False,,,4,OP1,C1_WIFI_SIN_CARGA,N3
,0.286,0.091,0.747,0.0,,1787596323926.4043,31.145,17.12,-4.54,1.4,1787596323926.4043,False,,,4,OP1,C1_WIFI_SIN_CARGA,N3
,0.286,0.091,0.747,0.0,,1787596323955.2666,31.145,17.12,-4.54,1.4,1787596323955.2666,False,,,4,OP1,C1_WIFI_SIN_CARGA,N3
,0.287,0.089,0.748,0.56,,1787596323982.7996,31.18,17.04,-4.66,0.812,1787596323982.7996,False,,,4,OP1,C1_WIFI_SIN_CARGA,N3
,0.288,0.084,0.749,0.898,,1787596324012.1152,31.215,16.96,-4.96,0.4571,1787596324012.1152,False,,,4,OP1,C1_WIFI_SIN_CARGA,N3
,0.289,0.079,0.751,1.0,,1787596324060.7314,31.285,16.88,-5.26,0.35,1787596324060.7314,False,,,4,OP1,C1_WIFI_SIN_CARGA,N3
,0.289,0.083,0.756,1.0,,1787596324094.641,31.46,16.88,-5.02,0.35,1787596324094.641,False,,,4,OP1,C1_WIFI_SIN_CARGA,N3
,0.289,0.088,0.764,1.0,,1787596324120.988,31.74,16.88,-4.72,0.35,1787596324120.988,False,,,4,OP1,C1_WIFI_SIN_CARGA,N3
,0.289,0.095,0.767,1.0,,1787596324148.9165,31.845,16.88,-4.3,0.35,1787596324150.9294,False,,,4,OP1,C1_WIFI_SIN_CARGA,N3
,0.289,0.104,0.765,1.0,,1787596324177.3315,31.775,16.88,-3.76,0.35,1787596324178.3667,False,,,4,OP1,C1_WIFI_SIN_CARGA,N3
,0.289,0.117,0.76,1.0,,1787596324197.4832,31.6,16.88,-2.98,0.35,1787596324197.4832,False,,,4,OP1,C1_WIFI_SIN_CARGA,N3
,0.291,0.122,0.76,1.0,,1787596324228.9028,31.6,16.72,-2.68,0.35,1787596324228.9028,False,,,4,OP1,C1_WIFI_SIN_CARGA,N3
,0.293,0.129,0.757,1.0,,1787596324257.524,31.495,16.56,-2.26,0.35,1787596324263.345,False,,,4,OP1,C1_WIFI_SIN_CARGA,N3
,0.296,0.14,0.751,1.0,,1787596324287.7234,31.285,16.32,-1.6,0.35,1787596324287.7234,False,,,4,OP1,C1_WIFI_SIN_CARGA,N3
,0.297,0.151,0.745,1.0,,1787596324316.3213,31.075,16.24,-0.94,0.35,1787596324318.3335,False,,,4,OP1,C1_WIFI_SIN_CARGA,N3
,0.298,0.155,0.743,1.0,,1787596324344.1147,31.005,16.16,-0.7,0.35,1787596324345.8984,False,,,4,OP1,C1_WIFI_SIN_CARGA,N3
,0.298,0.161,0.741,1.0,,1787596324396.8274,30.935,16.16,-0.34,0.35,1787596324396.8274,False,,,4,OP1,C1_WIFI_SIN_CARGA,N3
,0.298,0.162,0.741,1.0,,1787596324422.4248,30.935,16.16,-0.28,0.35,1787596324422.4248,False,,,4,OP1,C1_WIFI_SIN_CARGA,N3
,0.299,0.165,0.74,1.0,,1787596324453.9214,30.9,16.08,-0.1,0.35,1787596324457.9868,False,,,4,OP1,C1_WIFI_SIN_CARGA,N3
,0.299,0.169,0.739,1.0,,1787596324482.954,30.865,16.08,0.14,0.35,1787596324482.954,False,,,4,OP1,C1_WIFI_SIN_CARGA,N3
,0.302,0.176,0.729,1.0,,1787596324510.4255,30.515,15.84,0.56,0.35,1787596324513.6987,False,,,4,OP1,C1_WIFI_SIN_CARGA,N3
,0.305,0.184,0.721,1.0,,1787596324532.1406,30.235,15.6,1.04,0.35,1787596324532.1406,False,,,4,OP1,C1_WIFI_SIN_CARGA,N3
,0.306,0.192,0.715,1.0,,1787596324565.026,30.025,15.52,1.52,0.35,1787596324565.026,False,,,4,OP1,C1_WIFI_SIN_CARGA,N3
,0.308,0.204,0.709,1.0,,1787596324592.6704,29.815,15.36,2.24,0.35,1787596324592.6704,False,,,4,OP1,C1_WIFI_SIN_CARGA,N3
,0.311,0.225,0.691,1.0,,1787596324622.4229,29.185,15.12,3.5,0.35,1787596324622.4229,False,,,4,OP1,C1_WIFI_SIN_CARGA,N3
,0.312,0.247,0.668,1.0,,1787596324647.0425,28.38,15.04,4.82,0.35,1787596324647.0425,False,,,4,OP1,C1_WIFI_SIN_CARGA,N3
,0.313,0.267,0.645,1.0,,1787596324678.1772,27.575,14.96,6.02,0.35,1787596324681.0466,False,,,4,OP1,C1_WIFI_SIN_CARGA,N3
,0.311,0.291,0.619,1.0,,1787596324706.3691,26.665,15.12,7.46,0.35,1787596324706.3691,False,,,4,OP1,C1_WIFI_SIN_CARGA,N3
,0.312,0.318,0.583,1.0,,1787596324762.7993,25.405,15.04,9.08,0.35,1787596324762.7993,False,,,4,OP1,C1_WIFI_SIN_CARGA,N3
,0.314,0.331,0.567,1.0,,1787596324789.21,24.845,14.88,9.86,0.35,1787596324789.21,False,,,4,OP1,C1_WIFI_SIN_CARGA,N3
,0.316,0.34,0.557,1.0,,1787596324817.9197,24.495,14.72,10.4,0.35,1787596324819.03,False,,,4,OP1,C1_WIFI_SIN_CARGA,N3
,0.32,0.345,0.553,1.0,,1787596324846.62,24.355,14.4,10.7,0.35,1787596324846.62,False,,,4,OP1,C1_WIFI_SIN_CARGA,N3
,0.322,0.349,0.546,1.0,,1787596324872.1086,24.11,14.24,10.94,0.35,1787596324872.1086,False,,,4,OP1,C1_WIFI_SIN_CARGA,N3
,0.324,0.354,0.538,1.0,,1787596324901.3594,23.83,14.08,11.24,0.35,1787596324901.3594,False,,,4,OP1,C1_WIFI_SIN_CARGA,N3
,0.325,0.357,0.532,1.0,,1787596324929.4355,23.62,14.0,11.42,0.35,1787596324929.4355,False,,,4,OP1,C1_WIFI_SIN_CARGA,N3
,0.326,0.358,0.528,1.0,,1787596324956.9065,23.48,13.92,11.48,0.35,1787596324956.9065,False,,,4,OP1,C1_WIFI_SIN_CARGA,N3
,0.33,0.356,0.527,1.0,,1787596324985.4104,23.445,13.6,11.36,0.35,1787596324986.4097,False,,,4,OP1,C1_WIFI_SIN_CARGA,N3
,0.336,0.349,0.529,1.0,,1787596325013.8645,23.515,13.12,10.94,0.35,1787596325013.8645,False,,,4,OP1,C1_WIFI_SIN_CARGA,N3
,0.344,0.341,0.531,1.0,,1787596325037.6235,23.585,12.48,10.46,0.35,1787596325037.6235,False,,,4,OP1,C1_WIFI_SIN_CARGA,N3
,0.352,0.333,0.528,1.0,,1787596325069.3076,23.48,11.84,9.98,0.35,1787596325069.3076,False,,,4,OP1,C1_WIFI_SIN_CARGA,N3
,0.357,0.329,0.523,1.0,,1787596325097.3755,23.305,11.44,9.74,0.35,1787596325097.3755,False,,,4,OP1,C1_WIFI_SIN_CARGA,N3
,0.36,0.327,0.519,1.0,,1787596325124.0042,23.165,11.2,9.62,0.35,1787596325124.0042,False,,,4,OP1,C1_WIFI_SIN_CARGA,N3
,0.361,0.325,0.518,1.0,,1787596325151.9949,23.13,11.12,9.5,0.35,1787596325154.0972,False,,,4,OP1,C1_WIFI_SIN_CARGA,N3
,0.362,0.325,0.517,1.0,,1787596325172.8276,23.095,11.04,9.5,0.35,1787596325172.8276,False,,,4,OP1,C1_WIFI_SIN_CARGA,N3
,0.362,0.325,0.516,1.0,,1787596325203.2285,23.06,11.04,9.5,0.35,1787596325203.2285,False,,,4,OP1,C1_WIFI_SIN_CARGA,N3
,0.363,0.326,0.516,1.0,,1787596325237.0583,23.06,10.96,9.56,0.35,1787596325237.0583,False,,,4,OP1,C1_WIFI_SIN_CARGA,N3
,0.362,0.326,0.516,1.0,,1787596325263.5227,23.06,11.04,9.56,0.35,1787596325263.5227,False,,,4,OP1,C1_WIFI_SIN_CARGA,N3
,0.362,0.327,0.517,1.0,,1787596325291.6003,23.095,11.04,9.62,0.35,1787596325292.609,False,,,4,OP1,C1_WIFI_SIN_CARGA,N3
,0.361,0.329,0.518,1.0,,1787596325319.3804,23.13,11.12,9.74,0.35,1787596325319.3804,False,,,4,OP1,C1_WIFI_SIN_CARGA,N3
,0.36,0.333,0.521,1.0,,1787596325347.2993,23.235,11.2,9.98,0.35,1787596325347.2993,False,,,4,OP1,C1_WIFI_SIN_CARGA,N3
,0.359,0.336,0.524,1.0,,1787596325371.6836,23.34,11.28,10.16,0.35,1787596325371.6836,False,,,4,OP1,C1_WIFI_SIN_CARGA,N3
,0.357,0.339,0.527,1.0,,1787596325399.0464,23.445,11.44,10.34,0.35,1787596325399.0464,False,,,4,OP1,C1_WIFI_SIN_CARGA,N3
,0.356,0.34,0.53,1.0,,1787596325426.1443,23.55,11.52,10.4,0.35,1787596325426.1443,False,,,4,OP1,C1_WIFI_SIN_CARGA,N3
,0.355,0.34,0.532,1.0,,1787596325458.458,23.62,11.6,10.4,0.35,1787596325459.4731,False,,,4,OP1,C1_WIFI_SIN_CARGA,N3
,0.354,0.339,0.533,1.0,,1787596325514.1013,23.655,11.68,10.34,0.35,1787596325514.1013,False,,,4,OP1,C1_WIFI_SIN_CARGA,N3
,0.354,0.338,0.534,1.0,,1787596325541.405,23.69,11.68,10.28,0.35,1787596325541.405,False,,,4,OP1,C1_WIFI_SIN_CARGA,N3
,0.354,0.337,0.534,1.0,,1787596325566.9077,23.69,11.68,10.22,0.35,1787596325566.9077,False,,,4,OP1,C1_WIFI_SIN_CARGA,N3
,0.354,0.335,0.535,1.0,,1787596325596.975,23.725,11.68,10.1,0.35,1787596325596.975,False,,,4,OP1,C1_WIFI_SIN_CARGA,N3
,0.353,0.332,0.536,1.0,,1787596325624.6926,23.76,11.76,9.92,0.35,1787596325626.876,False,,,4,OP1,C1_WIFI_SIN_CARGA,N3
,0.353,0.329,0.537,1.0,,1787596325646.9255,23.795,11.76,9.74,0.35,1787596325654.4944,False,,,4,OP1,C1_WIFI_SIN_CARGA,N3
,0.352,0.328,0.538,1.0,,1787596325676.6667,23.83,11.84,9.68,0.35,1787596325676.6667,False,,,4,OP1,C1_WIFI_SIN_CARGA,N3
,0.352,0.326,0.538,1.0,,1787596325707.6067,23.83,11.84,9.56,0.35,1787596325707.6067,False,,,4,OP1,C1_WIFI_SIN_CARGA,N3
,0.35,0.324,0.541,1.0,,1787596325763.964,23.935,12.0,9.44,0.35,1787596325763.964,False,,,4,OP1,C1_WIFI_SIN_CARGA,N3
,0.35,0.322,0.542,1.0,,1787596325792.2532,23.97,12.0,9.32,0.35,1787596325793.2583,False,,,4,OP1,C1_WIFI_SIN_CARGA,N3
,0.349,0.322,0.543,1.0,,1787596325820.1875,24.005,12.08,9.32,0.35,1787596325820.1875,False,,,4,OP1,C1_WIFI_SIN_CARGA,N3
,0.348,0.321,0.543,1.0,,1787596325847.5637,24.005,12.16,9.26,0.35,1787596325847.5637,False,,,4,OP1,C1_WIFI_SIN_CARGA,N3
,0.346,0.32,0.545,1.0,,1787596325875.7708,24.075,12.32,9.2,0.35,1787596325877.7769,False,,,4,OP1,C1_WIFI_SIN_CARGA,N3
,0.344,0.319,0.547,1.0,,1787596325896.7554,24.145,12.48,9.14,0.35,1787596325896.7554,False,,,4,OP1,C1_WIFI_SIN_CARGA,N3
,0.342,0.319,0.55,1.0,,1787596325929.3662,24.25,12.64,9.14,0.35,1787596325929.3662,False,,,4,OP1,C1_WIFI_SIN_CARGA,N3
,0.341,0.318,0.552,1.0,,1787596325959.3972,24.32,12.72,9.08,0.35,1787596325960.3977,False,,,4,OP1,C1_WIFI_SIN_CARGA,N3
,0.34,0.316,0.554,1.0,,1787596326015.6426,24.39,12.8,8.96,0.35,1787596326015.6426,False,,,4,OP1,C1_WIFI_SIN_CARGA,N3
,0.339,0.315,0.555,1.0,,1787596326043.2903,24.425,12.88,8.9,0.35,1787596326043.2903,False,,,4,OP1,C1_WIFI_SIN_CARGA,N3
,0.339,0.315,0.555,1.0,,1787596326069.4453,24.425,12.88,8.9,0.35,1787596326069.4453,False,,,4,OP1,C1_WIFI_SIN_CARGA,N3
,0.339,0.315,0.556,1.0,,1787596326099.0251,24.46,12.88,8.9,0.35,1787596326099.0251,False,,,4,OP1,C1_WIFI_SIN_CARGA,N3
,0.339,0.316,0.556,1.0,,1787596326127.438,24.46,12.88,8.96,0.35,1787596326128.5615,False,,,4,OP1,C1_WIFI_SIN_CARGA,N3
,0.339,0.315,0.558,1.0,,1787596326179.2063,24.53,12.88,8.9,0.35,1787596326179.2063,False,,,4,OP1,C1_WIFI_SIN_CARGA,N3
,0.339,0.313,0.561,1.0,,1787596326199.4138,24.635,12.88,8.78,0.35,1787596326199.4138,False,,,4,OP1,C1_WIFI_SIN_CARGA,N3
,0.338,0.309,0.565,1.0,,1787596326233.5237,24.775,12.96,8.54,0.35,1787596326233.5237,False,,,4,OP1,C1_WIFI_SIN_CARGA,N3
,0.338,0.304,0.568,1.0,,1787596326265.568,24.88,12.96,8.24,0.35,1787596326265.568,False,,,4,OP1,C1_WIFI_SIN_CARGA,N3
,0.337,0.299,0.569,1.0,,1787596326316.1167,24.915,13.04,7.94,0.35,1787596326316.1167,False,,,4,OP1,C1_WIFI_SIN_CARGA,N3
,0.337,0.298,0.569,1.0,,1787596326347.1064,24.915,13.04,7.88,0.35,1787596326347.1064,False,,,4,OP1,C1_WIFI_SIN_CARGA,N3
,0.336,0.297,0.568,1.0,,1787596326405.7075,24.88,13.12,7.82,0.35,1787596326405.7075,False,,,4,OP1,C1_WIFI_SIN_CARGA,N3
,0.336,0.297,0.567,1.0,,1787596326432.0151,24.845,13.12,7.82,0.35,1787596326432.0151,False,,,4,OP1,C1_WIFI_SIN_CARGA,N3
,0.336,0.297,0.567,1.0,,1787596326461.8728,24.845,13.12,7.82,0.35,1787596326461.8728,False,,,4,OP1,C1_WIFI_SIN_CARGA,N3
,0.337,0.298,0.568,1.0,,1787596326516.658,24.88,13.04,7.88,0.35,1787596326516.658,False,,,4,OP1,C1_WIFI_SIN_CARGA,N3
,0.337,0.298,0.568,1.0,,1787596326542.3423,24.88,13.04,7.88,0.35,1787596326542.3423,False,,,4,OP1,C1_WIFI_SIN_CARGA,N3
,0.337,0.298,0.568,1.0,,1787596326571.2466,24.88,13.04,7.88,0.35,1787596326573.2556,False,,,4,OP1,C1_WIFI_SIN_CARGA,N3
,0.337,0.297,0.569,1.0,,1787596326602.0757,24.915,13.04,7.82,0.35,1787596326602.0757,False,,,4,OP1,C1_WIFI_SIN_CARGA,N3
,0.337,0.296,0.571,1.0,,1787596326649.5051,24.985,13.04,7.76,0.35,1787596326657.8271,False,,,4,OP1,C1_WIFI_SIN_CARGA,N3
,0.337,0.296,0.572,1.0,,1787596326681.776,25.02,13.04,7.76,0.35,1787596326681.776,False,,,4,OP1,C1_WIFI_SIN_CARGA,N3
,0.337,0.295,0.572,1.0,,1787596326708.1326,25.02,13.04,7.7,0.35,1787596326708.1326,False,,,4,OP1,C1_WIFI_SIN_CARGA,N3
,0.338,0.295,0.573,1.0,,1787596326738.3914,25.055,12.96,7.7,0.35,1787596326738.3914,False,,,4,OP1,C1_WIFI_SIN_CARGA,N3
,0.338,0.295,0.573,1.0,,1787596326769.045,25.055,12.96,7.7,0.35,1787596326769.045,False,,,4,OP1,C1_WIFI_SIN_CARGA,N3
,0.339,0.295,0.573,1.0,,1787596326817.587,25.055,12.88,7.7,0.35,1787596326817.587,False,,,4,OP1,C1_WIFI_SIN_CARGA,N3
,0.34,0.295,0.573,1.0,,1787596326849.4946,25.055,12.8,7.7,0.35,1787596326849.4946,False,,,4,OP1,C1_WIFI_SIN_CARGA,N3
,0.34,0.295,0.573,1.0,,1787596326871.119,25.055,12.8,7.7,0.35,1787596326871.119,False,,,4,OP1,C1_WIFI_SIN_CARGA,N3
,0.341,0.295,0.573,1.0,,1787596326903.434,25.055,12.72,7.7,0.35,1787596326903.434,False,,,4,OP1,C1_WIFI_SIN_CARGA,N3
,0.341,0.295,0.573,1.0,,1787596326935.1487,25.055,12.72,7.7,0.35,1787596326935.1487,False,,,4,OP1,C1_WIFI_SIN_CARGA,N3
,0.341,0.295,0.573,1.0,,1787596326961.4946,25.055,12.72,7.7,0.35,1787596326961.4946,False,,,4,OP1,C1_WIFI_SIN_CARGA,N3
,0.341,0.294,0.573,1.0,,1787596326984.4731,25.055,12.72,7.64,0.35,1787596326984.4731,False,,,4,OP1,C1_WIFI_SIN_CARGA,N3
,0.341,0.294,0.573,1.0,,1787596327017.4968,25.055,12.72,7.64,0.35,1787596327017.4968,False,,,4,OP1,C1_WIFI_SIN_CARGA,N3
,0.341,0.294,0.572,1.0,,1787596327046.4043,25.02,12.72,7.64,0.35,1787596327046.4043,False,,,4,OP1,C1_WIFI_SIN_CARGA,N3
,0.341,0.293,0.572,1.0,,1787596327073.4053,25.02,12.72,7.58,0.35,1787596327073.4053,False,,,4,OP1,C1_WIFI_SIN_CARGA,N3
,0.342,0.292,0.572,1.0,,1787596327101.8313,25.02,12.64,7.52,0.35,1787596327102.8132,False,,,4,OP1,C1_WIFI_SIN_CARGA,N3
,0.342,0.292,0.572,1.0,,1787596327152.557,25.02,12.64,7.52,0.35,1787596327152.557,False,,,4,OP1,C1_WIFI_SIN_CARGA,N3
,0.342,0.292,0.572,1.0,,1787596327185.7158,25.02,12.64,7.52,0.35,1787596327185.7158,False,,,4,OP1,C1_WIFI_SIN_CARGA,N3
,0.342,0.293,0.573,1.0,,1787596327212.1016,25.055,12.64,7.58,0.35,1787596327212.1016,False,,,4,OP1,C1_WIFI_SIN_CARGA,N3
,0.342,0.292,0.574,1.0,,1787596327239.202,25.09,12.64,7.52,0.35,1787596327239.202,False,,,4,OP1,C1_WIFI_SIN_CARGA,N3
,0.343,0.292,0.574,1.0,,1787596327268.562,25.09,12.56,7.52,0.35,1787596327270.6729,False,,,4,OP1,C1_WIFI_SIN_CARGA,N3
,0.343,0.292,0.575,1.0,,1787596327296.705,25.125,12.56,7.52,0.35,1787596327296.705,False,,,4,OP1,C1_WIFI_SIN_CARGA,N3
,0.342,0.292,0.576,1.0,,1787596327320.089,25.16,12.64,7.52,0.35,1787596327320.089,False,,,4,OP1,C1_WIFI_SIN_CARGA,N3
,0.342,0.291,0.576,1.0,,1787596327348.989,25.16,12.64,7.46,0.35,1787596327348.989,False,,,4,OP1,C1_WIFI_SIN_CARGA,N3
,0.342,0.291,0.576,1.0,,1787596327375.173,25.16,12.64,7.46,0.35,1787596327375.173,False,,,4,OP1,C1_WIFI_SIN_CARGA,N3
,0.342,0.291,0.576,1.0,,1787596327405.9932,25.16,12.64,7.46,0.35,1787596327408.6875,False,,,4,OP1,C1_WIFI_SIN_CARGA,N3
,0.342,0.291,0.576,1.0,,1787596327454.318,25.16,12.64,7.46,0.35,1787596327464.9624,False,,,4,OP1,C1_WIFI_SIN_CARGA,N3
,0.342,0.291,0.576,1.0,,1787596327487.871,25.16,12.64,7.46,0.35,1787596327487.871,False,,,4,OP1,C1_WIFI_SIN_CARGA,N3
,0.343,0.29,0.577,1.0,,1787596327519.9707,25.195,12.56,7.4,0.35,1787596327521.071,False,,,4,OP1,C1_WIFI_SIN_CARGA,N3
,0.342,0.29,0.577,1.0,,1787596327546.884,25.195,12.64,7.4,0.35,1787596327546.884,False,,,4,OP1,C1_WIFI_SIN_CARGA,N3
,0.342,0.289,0.577,1.0,,1787596327576.933,25.195,12.64,7.34,0.35,1787596327576.933,False,,,4,OP1,C1_WIFI_SIN_CARGA,N3
,0.342,0.289,0.578,1.0,,1787596327603.1533,25.23,12.64,7.34,0.35,1787596327603.1533,False,,,4,OP1,C1_WIFI_SIN_CARGA,N3
,0.342,0.289,0.578,1.0,,1787596327627.8242,25.23,12.64,7.34,0.35,1787596327627.8242,False,,,4,OP1,C1_WIFI_SIN_CARGA,N3
,0.342,0.289,0.578,1.0,,1787596327655.8271,25.23,12.64,7.34,0.35,1787596327655.8271,False,,,4,OP1,C1_WIFI_SIN_CARGA,N3
,0.342,0.289,0.578,1.0,,1787596327684.0752,25.23,12.64,7.34,0.35,1787596327684.0752,False,,,4,OP1,C1_WIFI_SIN_CARGA,N3
,0.341,0.289,0.578,1.0,,1787596327713.7246,25.23,12.72,7.34,0.35,1787596327713.7246,False,,,4,OP1,C1_WIFI_SIN_CARGA,N3
,0.341,0.289,0.578,1.0,,1787596327741.8506,25.23,12.72,7.34,0.35,1787596327741.8506,False,,,4,OP1,C1_WIFI_SIN_CARGA,N3
,0.341,0.289,0.578,1.0,,1787596327768.3982,25.23,12.72,7.34,0.35,1787596327768.3982,False,,,4,OP1,C1_WIFI_SIN_CARGA,N3
,0.34,0.289,0.578,1.0,,1787596327796.8252,25.23,12.8,7.34,0.35,1787596327796.8252,False,,,4,OP1,C1_WIFI_SIN_CARGA,N3
,0.34,0.289,0.578,1.0,,1787596327823.9182,25.23,12.8,7.34,0.35,1787596327823.9182,False,,,4,OP1,C1_WIFI_SIN_CARGA,N3
,0.339,0.289,0.577,1.0,,1787596327850.9631,25.195,12.88,7.34,0.35,1787596327850.9631,False,,,4,OP1,C1_WIFI_SIN_CARGA,N3
,0.339,0.289,0.576,1.0,,1787596327880.8057,25.16,12.88,7.34,0.35,1787596327880.8057,False,,,4,OP1,C1_WIFI_SIN_CARGA,N3
,0.339,0.289,0.576,1.0,,1787596327908.381,25.16,12.88,7.34,0.35,1787596327910.586,False,,,4,OP1,C1_WIFI_SIN_CARGA,N3
,0.339,0.289,0.576,1.0,,1787596327958.5195,25.16,12.88,7.34,0.35,1787596327958.5195,False,,,4,OP1,C1_WIFI_SIN_CARGA,N3
,0.338,0.288,0.576,1.0,,1787596327991.3303,25.16,12.96,7.28,0.35,1787596327991.3303,False,,,4,OP1,C1_WIFI_SIN_CARGA,N3
,0.338,0.288,0.576,1.0,,1787596328018.026,25.16,12.96,7.28,0.35,1787596328018.026,False,,,4,OP1,C1_WIFI_SIN_CARGA,N3
,0.338,0.288,0.576,1.0,,1787596328046.795,25.16,12.96,7.28,0.35,1787596328048.8027,False,,,4,OP1,C1_WIFI_SIN_CARGA,N3
,0.338,0.288,0.576,1.0,,1787596328076.6338,25.16,12.96,7.28,0.35,1787596328077.6318,False,,,4,OP1,C1_WIFI_SIN_CARGA,N3
,0.338,0.287,0.576,1.0,,1787596328096.965,25.16,12.96,7.22,0.35,1787596328096.965,False,,,4,OP1,C1_WIFI_SIN_CARGA,N3
,0.338,0.287,0.576,1.0,,1787596328127.1655,25.16,12.96,7.22,0.35,1787596328127.1655,False,,,4,OP1,C1_WIFI_SIN_CARGA,N3
,0.338,0.287,0.576,1.0,,1787596328157.8623,25.16,12.96,7.22,0.35,1787596328157.8623,False,,,4,OP1,C1_WIFI_SIN_CARGA,N3
,0.338,0.287,0.576,1.0,,1787596328186.3447,25.16,12.96,7.22,0.35,1787596328186.3447,False,,,4,OP1,C1_WIFI_SIN_CARGA,N3
,0.338,0.287,0.577,1.0,,1787596328215.3127,25.195,12.96,7.22,0.35,1787596328215.3127,False,,,4,OP1,C1_WIFI_SIN_CARGA,N3
,0.338,0.287,0.578,1.0,,1787596328243.3098,25.23,12.96,7.22,0.35,1787596328243.3098,False,,,4,OP1,C1_WIFI_SIN_CARGA,N3
,0.338,0.287,0.579,1.0,,1787596328270.5818,25.265,12.96,7.22,0.35,1787596328270.5818,False,,,4,OP1,C1_WIFI_SIN_CARGA,N3
,0.338,0.287,0.58,1.0,,1787596328296.7544,25.3,12.96,7.22,0.35,1787596328296.7544,False,,,4,OP1,C1_WIFI_SIN_CARGA,N3
,0.338,0.287,0.58,1.0,,1787596328321.7925,25.3,12.96,7.22,0.35,1787596328328.3484,False,,,4,OP1,C1_WIFI_SIN_CARGA,N3
,0.338,0.287,0.581,1.0,,1787596328354.15,25.335,12.96,7.22,0.35,1787596328354.15,False,,,4,OP1,C1_WIFI_SIN_CARGA,N3
,0.338,0.287,0.581,1.0,,1787596328381.9934,25.335,12.96,7.22,0.35,1787596328384.005,False,,,4,OP1,C1_WIFI_SIN_CARGA,N3
,0.338,0.287,0.581,1.0,,1787596328408.6875,25.335,12.96,7.22,0.35,1787596328411.3606,False,,,4,OP1,C1_WIFI_SIN_CARGA,N3
,0.338,0.287,0.582,1.0,,1787596328431.7893,25.37,12.96,7.22,0.35,1787596328431.7893,False,,,4,OP1,C1_WIFI_SIN_CARGA,N3
,0.338,0.287,0.582,1.0,,1787596328462.725,25.37,12.96,7.22,0.35,1787596328462.725,False,,,4,OP1,C1_WIFI_SIN_CARGA,N3
,0.338,0.287,0.583,1.0,,1787596328489.587,25.405,12.96,7.22,0.35,1787596328495.3618,False,,,4,OP1,C1_WIFI_SIN_CARGA,N3
,0.338,0.287,0.584,1.0,,1787596328518.5012,25.44,12.96,7.22,0.35,1787596328521.9463,False,,,4,OP1,C1_WIFI_SIN_CARGA,N3
,0.338,0.287,0.584,1.0,,1787596328550.587,25.44,12.96,7.22,0.35,1787596328550.587,False,,,4,OP1,C1_WIFI_SIN_CARGA,N3
,0.338,0.288,0.584,1.0,,1787596328575.205,25.44,12.96,7.28,0.35,1787596328577.5354,False,,,4,OP1,C1_WIFI_SIN_CARGA,N3
,0.338,0.288,0.584,1.0,,1787596328598.5696,25.44,12.96,7.28,0.35,1787596328607.7546,False,,,4,OP1,C1_WIFI_SIN_CARGA,N3
,0.338,0.288,0.584,1.0,,1787596328629.932,25.44,12.96,7.28,0.35,1787596328629.932,False,,,4,OP1,C1_WIFI_SIN_CARGA,N3
,0.338,0.288,0.584,1.0,,1787596328659.8,25.44,12.96,7.28,0.35,1787596328659.8,False,,,4,OP1,C1_WIFI_SIN_CARGA,N3
,0.338,0.288,0.584,1.0,,1787596328686.795,25.44,12.96,7.28,0.35,1787596328686.795,False,,,4,OP1,C1_WIFI_SIN_CARGA,N3
,0.338,0.288,0.584,1.0,,1787596328714.848,25.44,12.96,7.28,0.35,1787596328717.052,False,,,4,OP1,C1_WIFI_SIN_CARGA,N3
,0.338,0.287,0.584,1.0,,1787596328741.42,25.44,12.96,7.22,0.35,1787596328745.33,False,,,4,OP1,C1_WIFI_SIN_CARGA,N3
,0.337,0.287,0.583,1.0,,1787596328765.5984,25.405,13.04,7.22,0.35,1787596328765.5984,False,,,4,OP1,C1_WIFI_SIN_CARGA,N3
,0.337,0.287,0.583,1.0,,1787596328797.7842,25.405,13.04,7.22,0.35,1787596328797.7842,False,,,4,OP1,C1_WIFI_SIN_CARGA,N3
,0.337,0.286,0.583,1.0,,1787596328828.1946,25.405,13.04,7.16,0.35,1787596328828.1946,False,,,4,OP1,C1_WIFI_SIN_CARGA,N3
,0.337,0.286,0.582,1.0,,1787596328855.4182,25.37,13.04,7.16,0.35,1787596328855.4182,False,,,4,OP1,C1_WIFI_SIN_CARGA,N3
,0.337,0.286,0.582,1.0,,1787596328883.3755,25.37,13.04,7.16,0.35,1787596328884.3767,False,,,4,OP1,C1_WIFI_SIN_CARGA,N3
,0.337,0.285,0.582,1.0,,1787596328907.882,25.37,13.04,7.1,0.35,1787596328907.882,False,,,4,OP1,C1_WIFI_SIN_CARGA,N3
,0.337,0.285,0.582,1.0,,1787596328938.0383,25.37,13.04,7.1,0.35,1787596328938.0383,False,,,4,OP1,C1_WIFI_SIN_CARGA,N3
,0.337,0.285,0.582,1.0,,1787596328967.054,25.37,13.04,7.1,0.35,1787596328967.054,False,,,4,OP1,C1_WIFI_SIN_CARGA,N3
,0.337,0.285,0.582,1.0,,1787596329018.2583,25.37,13.04,7.1,0.35,1787596329022.9084,False,,,4,OP1,C1_WIFI_SIN_CARGA,N3
,0.337,0.285,0.581,1.0,,1787596329050.912,25.335,13.04,7.1,0.35,1787596329050.912,False,,,4,OP1,C1_WIFI_SIN_CARGA,N3
,0.337,0.285,0.581,1.0,,1787596329101.1943,25.335,13.04,7.1,0.35,1787596329101.1943,False,,,4,OP1,C1_WIFI_SIN_CARGA,N3
,0.337,0.284,0.581,1.0,,1787596329133.9387,25.335,13.04,7.04,0.35,1787596329133.9387,False,,,4,OP1,C1_WIFI_SIN_CARGA,N3
,0.337,0.284,0.581,1.0,,1787596329160.1873,25.335,13.04,7.04,0.35,1787596329160.1873,False,,,4,OP1,C1_WIFI_SIN_CARGA,N3
,0.337,0.283,0.58,1.0,,1787596329189.2205,25.3,13.04,6.98,0.35,1787596329189.2205,False,,,4,OP1,C1_WIFI_SIN_CARGA,N3
,0.337,0.283,0.58,1.0,,1787596329217.0747,25.3,13.04,6.98,0.35,1787596329219.0933,False,,,4,OP1,C1_WIFI_SIN_CARGA,N3
,0.336,0.283,0.58,1.0,,1787596329269.3672,25.3,13.12,6.98,0.35,1787596329269.3672,False,,,4,OP1,C1_WIFI_SIN_CARGA,N3
,0.336,0.282,0.579,1.0,,1787596329300.8833,25.265,13.12,6.92,0.35,1787596329301.3152,False,,,4,OP1,C1_WIFI_SIN_CARGA,N3
,0.336,0.283,0.579,1.0,,1787596329323.1262,25.265,13.12,6.98,0.35,1787596329323.1262,False,,,4,OP1,C1_WIFI_SIN_CARGA,N3
,0.335,0.283,0.578,1.0,,1787596329355.972,25.23,13.2,6.98,0.35,1787596329357.9849,False,,,4,OP1,C1_WIFI_SIN_CARGA,N3
,0.335,0.283,0.578,1.0,,1787596329385.1643,25.23,13.2,6.98,0.35,1787596329385.1643,False,,,4,OP1,C1_WIFI_SIN_CARGA,N3
,0.335,0.283,0.577,1.0,,1787596329408.7524,25.195,13.2,6.98,0.35,1787596329408.7524,False,,,4,OP1,C1_WIFI_SIN_CARGA,N3
,0.335,0.283,0.577,1.0,,1787596329436.2554,25.195,13.2,6.98,0.35,1787596329436.2554,False,,,4,OP1,C1_WIFI_SIN_CARGA,N3
,0.335,0.283,0.577,1.0,,1787596329463.7578,25.195,13.2,6.98,0.35,1787596329463.7578,False,,,4,OP1,C1_WIFI_SIN_CARGA,N3
,0.335,0.283,0.577,1.0,,1787596329494.6108,25.195,13.2,6.98,0.35,1787596329494.6108,False,,,4,OP1,C1_WIFI_SIN_CARGA,N3
,0.335,0.283,0.577,1.0,,1787596329523.0454,25.195,13.2,6.98,0.35,1787596329525.6235,False,,,4,OP1,C1_WIFI_SIN_CARGA,N3
,0.334,0.283,0.578,1.0,,1787596329551.7273,25.23,13.28,6.98,0.35,1787596329551.7273,False,,,4,OP1,C1_WIFI_SIN_CARGA,N3
,0.334,0.283,0.579,1.0,,1787596329572.6245,25.265,13.28,6.98,0.35,1787596329572.6245,False,,,4,OP1,C1_WIFI_SIN_CARGA,N3
,0.333,0.283,0.579,1.0,,1787596329604.83,25.265,13.36,6.98,0.35,1787596329604.83,False,,,4,OP1,C1_WIFI_SIN_CARGA,N3
,0.333,0.283,0.58,1.0,,1787596329631.433,25.3,13.36,6.98,0.35,1787596329631.433,False,,,4,OP1,C1_WIFI_SIN_CARGA,N3
,0.332,0.284,0.581,1.0,,1787596329662.434,25.335,13.44,7.04,0.35,1787596329662.434,False,,,4,OP1,C1_WIFI_SIN_CARGA,N3
,0.331,0.286,0.583,1.0,,1787596329691.114,25.405,13.52,7.16,0.35,1787596329691.114,False,,,4,OP1,C1_WIFI_SIN_CARGA,N3
,0.329,0.289,0.588,1.0,,1787596329716.0735,25.58,13.68,7.34,0.35,1787596329716.0735,False,,,4,OP1,C1_WIFI_SIN_CARGA,N3
,0.327,0.294,0.594,1.0,,1787596329746.8318,25.79,13.84,7.64,0.35,1787596329746.8318,False,,,4,OP1,C1_WIFI_SIN_CARGA,N3
,0.325,0.299,0.6,1.0,,1787596329773.4185,26.0,14.0,7.94,0.35,1787596329773.4185,False,,,4,OP1,C1_WIFI_SIN_CARGA,N3
,0.322,0.303,0.607,1.0,,1787596329797.9102,26.245,14.24,8.18,0.35,1787596329797.9102,False,,,4,OP1,C1_WIFI_SIN_CARGA,N3
,0.319,0.311,0.618,1.0,,1787596329831.1067,26.63,14.48,8.66,0.35,1787596329831.1067,False,,,4,OP1,C1_WIFI_SIN_CARGA,N3
,0.316,0.318,0.626,1.0,,1787596329859.6328,26.91,14.72,9.08,0.35,1787596329859.6328,False,,,4,OP1,C1_WIFI_SIN_CARGA,N3
,0.312,0.328,0.632,1.0,,1787596329907.8992,27.12,15.04,9.68,0.35,1787596329907.8992,False,,,4,OP1,C1_WIFI_SIN_CARGA,N3
,0.31,0.331,0.633,1.0,,1787596329940.3777,27.155,15.2,9.86,0.35,1787596329940.3777,False,,,4,OP1,C1_WIFI_SIN_CARGA,N3
,0.308,0.333,0.635,1.0,,1787596329966.6177,27.225,15.36,9.98,0.35,1787596329966.6177,False,,,4,OP1,C1_WIFI_SIN_CARGA,N3
,0.306,0.333,0.641,1.0,,1787596329996.9575,27.435,15.52,9.98,0.35,1787596329996.9575,False,,,4,OP1,C1_WIFI_SIN_CARGA,N3
,0.305,0.332,0.644,1.0,,1787596330025.6514,27.54,15.6,9.92,0.35,1787596330025.6514,False,,,4,OP1,C1_WIFI_SIN_CARGA,N3
,0.305,0.332,0.645,1.0,,1787596330046.9983,27.575,15.6,9.92,0.35,1787596330046.9983,False,,,4,OP1,C1_WIFI_SIN_CARGA,N3
,0.303,0.333,0.647,1.0,,1787596330075.548,27.645,15.76,9.98,0.35,1787596330075.548,False,,,4,OP1,C1_WIFI_SIN_CARGA,N3
,0.303,0.332,0.654,1.0,,1787596330109.348,27.89,15.76,9.92,0.35,1787596330109.348,False,,,4,OP1,C1_WIFI_SIN_CARGA,N3
,0.304,0.329,0.663,1.0,,1787596330136.0923,28.205,15.68,9.74,0.35,1787596330136.0923,False,,,4,OP1,C1_WIFI_SIN_CARGA,N3
,0.306,0.326,0.672,1.0,,1787596330162.988,28.52,15.52,9.56,0.35,1787596330164.999,False,,,4,OP1,C1_WIFI_SIN_CARGA,N3
,0.307,0.323,0.675,1.0,,1787596330192.837,28.625,15.44,9.38,0.35,1787596330192.837,False,,,4,OP1,C1_WIFI_SIN_CARGA,N3
,0.307,0.321,0.677,1.0,,1787596330212.8914,28.695,15.44,9.26,0.35,1787596330221.2026,False,,,4,OP1,C1_WIFI_SIN_CARGA,N3
,0.306,0.319,0.68,1.0,,1787596330249.0806,28.8,15.52,9.14,0.35,1787596330249.0806,False,,,4,OP1,C1_WIFI_SIN_CARGA,N3
,0.307,0.315,0.682,1.0,,1787596330269.694,28.87,15.44,8.9,0.35,1787596330276.9592,False,,,4,OP1,C1_WIFI_SIN_CARGA,N3
,0.307,0.309,0.686,1.0,,1787596330302.8342,29.01,15.44,8.54,0.35,1787596330302.8342,False,,,4,OP1,C1_WIFI_SIN_CARGA,N3
,0.307,0.302,0.69,1.0,,1787596330331.6882,29.15,15.44,8.12,0.35,1787596330331.6882,False,,,4,OP1,C1_WIFI_SIN_CARGA,N3
,0.309,0.296,0.693,1.0,,1787596330355.0168,29.255,15.28,7.76,0.35,1787596330355.0168,False,,,4,OP1,C1_WIFI_SIN_CARGA,N3
,0.309,0.292,0.694,1.0,,1787596330378.3882,29.29,15.28,7.52,0.35,1787596330378.3882,False,,,4,OP1,C1_WIFI_SIN_CARGA,N3
,0.309,0.289,0.695,1.0,,1787596330411.9944,29.325,15.28,7.34,0.35,1787596330411.9944,False,,,4,OP1,C1_WIFI_SIN_CARGA,N3
,0.309,0.288,0.696,1.0,,1787596330439.505,29.36,15.28,7.28,0.35,1787596330443.775,False,,,4,OP1,C1_WIFI_SIN_CARGA,N3
,0.308,0.286,0.698,1.0,,1787596330470.9116,29.43,15.36,7.16,0.35,1787596330470.9116,False,,,4,OP1,C1_WIFI_SIN_CARGA,N3
,0.307,0.284,0.701,1.0,,1787596330499.543,29.535,15.44,7.04,0.35,1787596330499.543,False,,,4,OP1,C1_WIFI_SIN_CARGA,N3
,0.307,0.283,0.702,1.0,,1787596330525.2378,29.57,15.44,6.98,0.35,1787596330527.9136,False,,,4,OP1,C1_WIFI_SIN_CARGA,N3
,0.309,0.281,0.704,1.0,,1787596330550.5095,29.64,15.28,6.86,0.35,1787596330550.5095,False,,,4,OP1,C1_WIFI_SIN_CARGA,N3
,0.309,0.279,0.706,1.0,,1787596330578.137,29.71,15.28,6.74,0.35,1787596330578.137,False,,,4,OP1,C1_WIFI_SIN_CARGA,N3
,0.31,0.277,0.71,1.0,,1787596330601.2395,29.85,15.2,6.62,0.35,1787596330601.2395,False,,,4,OP1,C1_WIFI_SIN_CARGA,N3
,0.31,0.275,0.713,1.0,,1787596330634.9563,29.955,15.2,6.5,0.35,1787596330634.9563,False,,,4,OP1,C1_WIFI_SIN_CARGA,N3
,0.311,0.275,0.717,1.0,,1787596330666.8254,30.095,15.12,6.5,0.35,1787596330668.8352,False,,,4,OP1,C1_WIFI_SIN_CARGA,N3
,0.312,0.274,0.724,1.0,,1787596330713.9717,30.34,15.04,6.44,0.35,1787596330713.9717,False,,,4,OP1,C1_WIFI_SIN_CARGA,N3
,0.312,0.275,0.726,1.0,,1787596330747.4343,30.41,15.04,6.5,0.35,1787596330747.4343,False,,,4,OP1,C1_WIFI_SIN_CARGA,N3
,0.311,0.275,0.729,1.0,,1787596330768.1716,30.515,15.12,6.5,0.35,1787596330768.1716,False,,,4,OP1,C1_WIFI_SIN_CARGA,N3
,0.309,0.276,0.733,1.0,,1787596330803.37,30.655,15.28,6.56,0.35,1787596330803.37,False,,,4,OP1,C1_WIFI_SIN_CARGA,N3
,0.305,0.274,0.739,1.0,,1787596330832.7305,30.865,15.6,6.44,0.35,1787596330833.4795,False,,,4,OP1,C1_WIFI_SIN_CARGA,N3
,0.303,0.271,0.746,1.0,,1787596330857.5156,31.11,15.76,6.26,0.35,1787596330857.5156,False,,,4,OP1,C1_WIFI_SIN_CARGA,N3
,0.301,0.268,0.751,1.0,,1787596330882.4036,31.285,15.92,6.08,0.35,1787596330882.4036,False,,,4,OP1,C1_WIFI_SIN_CARGA,N3
,0.298,0.264,0.755,1.0,,1787596330915.5305,31.425,16.16,5.84,0.35,1787596330915.5305,False,,,4,OP1,C1_WIFI_SIN_CARGA,N3
,0.296,0.261,0.76,1.0,,1787596330937.1753,31.6,16.32,5.66,0.35,1787596330937.1753,False,,,4,OP1,C1_WIFI_SIN_CARGA,N3
,0.295,0.258,0.763,1.0,,1787596330968.7332,31.705,16.4,5.48,0.35,1787596330968.7332,False,,,4,OP1,C1_WIFI_SIN_CARGA,N3
,0.296,0.255,0.765,1.0,,1787596330999.5618,31.775,16.32,5.3,0.35,1787596330999.5618,False,,,4,OP1,C1_WIFI_SIN_CARGA,N3
,0.295,0.255,0.766,1.0,,1787596331026.39,31.81,16.4,5.3,0.35,1787596331029.9192,False,,,4,OP1,C1_WIFI_SIN_CARGA,N3
,0.295,0.255,0.767,1.0,,1787596331049.3533,31.845,16.4,5.3,0.35,1787596331049.3533,False,,,4,OP1,C1_WIFI_SIN_CARGA,N3
,0.295,0.254,0.768,1.0,,1787596331083.1174,31.88,16.4,5.24,0.35,1787596331083.1174,False,,,4,OP1,C1_WIFI_SIN_CARGA,N3
,0.295,0.255,0.769,1.0,,1787596331109.5132,31.915,16.4,5.3,0.35,1787596331109.5132,False,,,4,OP1,C1_WIFI_SIN_CARGA,N3
,0.295,0.256,0.771,1.0,,1787596331138.965,31.985,16.4,5.36,0.35,1787596331138.965,False,,,4,OP1,C1_WIFI_SIN_CARGA,N3
,0.295,0.257,0.772,1.0,,1787596331166.141,32.02,16.4,5.42,0.35,1787596331167.457,False,,,4,OP1,C1_WIFI_SIN_CARGA,N3
,0.295,0.256,0.774,1.0,,1787596331220.5212,32.09,16.4,5.36,0.35,1787596331220.5212,False,,,4,OP1,C1_WIFI_SIN_CARGA,N3
,0.295,0.256,0.775,1.0,,1787596331250.606,32.125,16.4,5.36,0.35,1787596331251.0947,False,,,4,OP1,C1_WIFI_SIN_CARGA,N3
,0.294,0.254,0.775,1.0,,1787596331278.098,32.125,16.48,5.24,0.35,1787596331278.098,False,,,4,OP1,C1_WIFI_SIN_CARGA,N3
,0.293,0.251,0.777,1.0,,1787596331305.89,32.195,16.56,5.06,0.35,1787596331305.89,False,,,4,OP1,C1_WIFI_SIN_CARGA,N3
,0.292,0.248,0.779,1.0,,1787596331333.1272,32.265,16.64,4.88,0.35,1787596331335.1497,False,,,4,OP1,C1_WIFI_SIN_CARGA,N3
,0.29,0.245,0.781,1.0,,1787596331359.6443,32.335,16.8,4.7,0.35,1787596331359.6443,False,,,4,OP1,C1_WIFI_SIN_CARGA,N3
,0.288,0.244,0.782,1.0,,1787596331385.942,32.37,16.96,4.64,0.35,1787596331385.942,False,,,4,OP1,C1_WIFI_SIN_CARGA,N3
,0.287,0.241,0.784,1.0,,1787596331412.474,32.44,17.04,4.46,0.35,1787596331412.474,False,,,4,OP1,C1_WIFI_SIN_CARGA,N3
,0.286,0.239,0.785,1.0,,1787596331441.556,32.475,17.12,4.34,0.35,1787596331441.556,False,,,4,OP1,C1_WIFI_SIN_CARGA,N3
,0.285,0.238,0.785,1.0,,1787596331472.9412,32.475,17.2,4.28,0.35,1787596331472.9412,False,,,4,OP1,C1_WIFI_SIN_CARGA,N3
,0.285,0.238,0.785,1.0,,1787596331496.9685,32.475,17.2,4.28,0.35,1787596331501.6711,False,,,4,OP1,C1_WIFI_SIN_CARGA,N3
,0.285,0.237,0.784,1.0,,1787596331527.613,32.44,17.2,4.22,0.35,1787596331527.613,False,,,4,OP1,C1_WIFI_SIN_CARGA,N3
,0.284,0.236,0.785,1.0,,1787596331553.4597,32.475,17.28,4.16,0.35,1787596331553.4597,False,,,4,OP1,C1_WIFI_SIN_CARGA,N3
,0.284,0.236,0.785,1.0,,1787596331573.6433,32.475,17.28,4.16,0.35,1787596331573.6433,False,,,4,OP1,C1_WIFI_SIN_CARGA,N3
,0.284,0.236,0.786,1.0,,1787596331611.7544,32.51,17.28,4.16,0.35,1787596331613.3684,False,,,4,OP1,C1_WIFI_SIN_CARGA,N3
,0.283,0.236,0.788,1.0,,1787596331641.5144,32.58,17.36,4.16,0.35,1787596331641.5144,False,,,4,OP1,C1_WIFI_SIN_CARGA,N3
,0.282,0.235,0.791,1.0,,1787596331666.0864,32.685,17.44,4.1,0.35,1787596331666.0864,False,,,4,OP1,C1_WIFI_SIN_CARGA,N3
,0.28,0.234,0.795,1.0,,1787596331689.6008,32.825,17.6,4.04,0.35,1787596331696.7876,False,,,4,OP1,C1_WIFI_SIN_CARGA,N3
,0.277,0.232,0.8,1.0,,1787596331720.984,33.0,17.84,3.92,0.35,1787596331720.984,False,,,4,OP1,C1_WIFI_SIN_CARGA,N3
,0.276,0.232,0.804,1.0,,1787596331747.1306,33.14,17.92,3.92,0.35,1787596331747.1306,False,,,4,OP1,C1_WIFI_SIN_CARGA,N3
,0.275,0.231,0.807,1.0,,1787596331778.884,33.245,18.0,3.86,0.35,1787596331778.884,False,,,4,OP1,C1_WIFI_SIN_CARGA,N3
,0.274,0.23,0.809,1.0,,1787596331807.916,33.315,18.08,3.8,0.35,1787596331807.916,False,,,4,OP1,C1_WIFI_SIN_CARGA,N3
,0.274,0.231,0.809,1.0,,1787596331828.14,33.315,18.08,3.86,0.35,1787596331836.7522,False,,,4,OP1,C1_WIFI_SIN_CARGA,N3
,0.273,0.231,0.809,1.0,,1787596331860.5952,33.315,18.16,3.86,0.35,1787596331860.5952,False,,,4,OP1,C1_WIFI_SIN_CARGA,N3
,0.273,0.231,0.809,1.0,,1787596331888.8354,33.315,18.16,3.86,0.35,1787596331888.8354,False,,,4,OP1,C1_WIFI_SIN_CARGA,N3
,0.273,0.23,0.809,1.0,,1787596331915.2693,33.315,18.16,3.8,0.35,1787596331915.2693,False,,,4,OP1,C1_WIFI_SIN_CARGA,N3
,0.273,0.229,0.809,1.0,,1787596331942.526,33.315,18.16,3.74,0.35,1787596331946.941,False,,,4,OP1,C1_WIFI_SIN_CARGA,N3
,0.273,0.228,0.809,1.0,,1787596331975.8833,33.315,18.16,3.68,0.35,1787596331975.8833,False,,,4,OP1,C1_WIFI_SIN_CARGA,N3
,0.273,0.228,0.808,1.0,,1787596331997.3828,33.28,18.16,3.68,0.35,1787596331997.3828,False,,,4,OP1,C1_WIFI_SIN_CARGA,N3
,0.274,0.227,0.808,1.0,,1787596332028.7627,33.28,18.08,3.62,0.35,1787596332028.7627,False,,,4,OP1,C1_WIFI_SIN_CARGA,N3
