t_unity_captura,norm_x,norm_y,norm_z,g,t_unity_envio,t_robot_recepcion,x_cm,y_cm,z_cm,t_rad,t_uart_escritura,clamp_activo,rtt_ms,perdida_pct,id_intento,id_operador,condicion_red,nivel_objeto
,0.351,0.365,0.486,1.0,,1787653743471.9146,22.01,11.92,11.9,0.35,1787653743471.9146,False,,,4,OP1,C3_WIFI_CARGA_ALTA,N3
,0.325,0.396,0.545,1.0,,1787653743597.6548,24.075,14.0,13.76,0.35,1787653743597.6548,False,,,4,OP1,C3_WIFI_CARGA_ALTA,N3
,0.29,0.401,0.668,1.0,,1787653743635.4648,28.38,16.8,14.06,0.35,1787653743635.4648,False,,,4,OP1,C3_WIFI_CARGA_ALTA,N3
,0.279,0.395,0.7,1.0,,1787653743682.3142,29.5,17.68,13.7,0.35,1787653743684.2944,False,,,4,OP1,C3_WIFI_CARGA_ALTA,N3
,0.277,0.396,0.703,1.0,,1787653743716.3816,29.605,17.84,13.76,0.35,1787653743719.8428,False,,,4,OP1,C3_WIFI_CARGA_ALTA,N3
,0.278,0.397,0.701,1.0,,1787653743747.3738,29.535,17.76,13.82,0.35,1787653743749.9617,False,,,4,OP1,C3_WIFI_CARGA_ALTA,N3
,0.281,0.396,0.699,1.0,,1787653743803.4746,29.465,17.52,13.76,0.35,1787653743803.4746,False,,,4,OP1,C3_WIFI_CARGA_ALTA,N3
,0.283,0.393,0.701,1.0,,1787653743828.722,29.535,17.36,13.58,0.35,1787653743828.722,False,,,4,OP1,C3_WIFI_CARGA_ALTA,N3
,0.284,0.391,0.703,1.0,,1787653743974.9456,29.605,17.28,13.46,0.35,1787653743974.9456,False,,,4,OP1,C3_WIFI_CARGA_ALTA,N3
,0.289,0.381,0.712,1.0,,1787653744101.411,29.92,16.88,12.86,0.35,1787653744101.411,False,,,4,OP1,C3_WIFI_CARGA_ALTA,N3
,0.292,0.365,0.712,1.0,,1787653744127.045,29.92,16.64,11.9,0.35,1787653744130.576,False,,,4,OP1,C3_WIFI_CARGA_ALTA,N3
,0.291,0.363,0.713,1.0,,1787653744157.508,29.955,16.72,11.78,0.35,1787653744157.508,False,,,4,OP1,C3_WIFI_CARGA_ALTA,N3
,0.29,0.36,0.717,1.0,,1787653744186.0637,30.095,16.8,11.6,0.35,1787653744186.0637,False,,,4,OP1,C3_WIFI_CARGA_ALTA,N3
,0.289,0.358,0.719,1.0,,1787653744221.8335,30.165,16.88,11.48,0.35,1787653744223.9358,False,,,4,OP1,C3_WIFI_CARGA_ALTA,N3
,0.288,0.356,0.723,1.0,,1787653744250.4275,30.305,16.96,11.36,0.35,1787653744250.4275,False,,,4,OP1,C3_WIFI_CARGA_ALTA,N3
,0.287,0.355,0.728,1.0,,1787653744306.037,30.48,17.04,11.3,0.35,1787653744307.1091,False,,,4,OP1,C3_WIFI_CARGA_ALTA,N3
,0.288,0.353,0.729,1.0,,1787653744351.5327,30.515,16.96,11.18,0.35,1787653744351.5327,False,,,4,OP1,C3_WIFI_CARGA_ALTA,N3
,0.289,0.352,0.731,1.0,,1787653744389.8816,30.585,16.88,11.12,0.35,1787653744391.6318,False,,,4,OP1,C3_WIFI_CARGA_ALTA,N3
,0.291,0.351,0.736,1.0,,1787653744417.251,30.76,16.72,11.06,0.35,1787653744417.251,False,,,4,OP1,C3_WIFI_CARGA_ALTA,N3
,0.293,0.349,0.742,1.0,,1787653744444.9768,30.97,16.56,10.94,0.35,1787653744445.8604,False,,,4,OP1,C3_WIFI_CARGA_ALTA,N3
,0.295,0.347,0.749,1.0,,1787653744470.9268,31.215,16.4,10.82,0.35,1787653744470.9268,False,,,4,OP1,C3_WIFI_CARGA_ALTA,N3
,0.295,0.339,0.766,1.0,,1787653744515.673,31.81,16.4,10.34,0.35,1787653744516.6875,False,,,4,OP1,C3_WIFI_CARGA_ALTA,N3
,0.295,0.334,0.774,1.0,,1787653744549.4944,32.09,16.4,10.04,0.35,1787653744549.4944,False,,,4,OP1,C3_WIFI_CARGA_ALTA,N3
,0.295,0.33,0.778,1.0,,1787653744584.836,32.23,16.4,9.8,0.35,1787653744584.836,False,,,4,OP1,C3_WIFI_CARGA_ALTA,N3
,0.294,0.327,0.781,1.0,,1787653744609.6653,32.335,16.48,9.62,0.35,1787653744609.6653,False,,,4,OP1,C3_WIFI_CARGA_ALTA,N3
,0.294,0.325,0.782,1.0,,1787653744638.964,32.37,16.48,9.5,0.35,1787653744638.964,False,,,4,OP1,C3_WIFI_CARGA_ALTA,N3
,0.293,0.319,0.784,1.0,,1787653744807.2388,32.44,16.56,9.14,0.35,1787653744807.2388,False,,,4,OP1,C3_WIFI_CARGA_ALTA,N3
,0.294,0.312,0.785,1.0,,1787653744918.5088,32.475,16.48,8.72,0.35,1787653744918.5088,False,,,4,OP1,C3_WIFI_CARGA_ALTA,N3
,0.305,0.283,0.796,1.0,,1787653744970.8428,32.86,15.6,6.98,0.35,1787653744974.9573,False,,,4,OP1,C3_WIFI_CARGA_ALTA,N3
,0.307,0.28,0.8,1.0,,1787653744992.7712,33.0,15.44,6.8,0.35,1787653744996.304,False,,,4,OP1,C3_WIFI_CARGA_ALTA,N3
,0.308,0.277,0.805,1.0,,1787653745026.3806,33.175,15.36,6.62,0.35,1787653745026.3806,False,,,4,OP1,C3_WIFI_CARGA_ALTA,N3
,0.309,0.276,0.809,1.0,,1787653745058.4114,33.315,15.28,6.56,0.35,1787653745058.4114,False,,,4,OP1,C3_WIFI_CARGA_ALTA,N3
,0.309,0.275,0.812,1.0,,1787653745082.8533,33.42,15.28,6.5,0.35,1787653745082.8533,False,,,4,OP1,C3_WIFI_CARGA_ALTA,N3
,0.308,0.271,0.82,1.0,,1787653745138.856,33.7,15.36,6.26,0.35,1787653745138.856,False,,,4,OP1,C3_WIFI_CARGA_ALTA,N3
,0.306,0.27,0.823,1.0,,1787653745162.8457,33.805,15.52,6.2,0.35,1787653745162.8457,False,,,4,OP1,C3_WIFI_CARGA_ALTA,N3
,0.304,0.268,0.826,1.0,,1787653745185.3494,33.91,15.68,6.08,0.35,1787653745185.3494,False,,,4,OP1,C3_WIFI_CARGA_ALTA,N3
,0.302,0.265,0.829,1.0,,1787653745225.4946,34.015,15.84,5.9,0.35,1787653745225.4946,False,,,4,OP1,C3_WIFI_CARGA_ALTA,N3
,0.3,0.262,0.832,1.0,,1787653745278.6628,34.12,16.0,5.72,0.35,1787653745278.6628,False,,,4,OP1,C3_WIFI_CARGA_ALTA,N3
,0.298,0.26,0.833,1.0,,1787653745334.1006,34.155,16.16,5.6,0.35,1787653745334.1006,False,,,4,OP1,C3_WIFI_CARGA_ALTA,N3
,0.298,0.257,0.834,1.0,,1787653745391.9443,34.19,16.16,5.42,0.35,1787653745392.9468,False,,,4,OP1,C3_WIFI_CARGA_ALTA,N3
,0.297,0.252,0.836,1.0,,1787653745417.3042,34.26,16.24,5.12,0.35,1787653745420.5127,False,,,4,OP1,C3_WIFI_CARGA_ALTA,N3
,0.295,0.243,0.84,1.0,,1787653745463.138,34.4,16.4,4.58,0.35,1787653745463.138,False,,,4,OP1,C3_WIFI_CARGA_ALTA,N3
,0.295,0.24,0.841,1.0,,1787653745495.9695,34.435,16.4,4.4,0.35,1787653745495.9695,False,,,4,OP1,C3_WIFI_CARGA_ALTA,N3
,0.295,0.237,0.842,1.0,,1787653745529.3872,34.47,16.4,4.22,0.35,1787653745532.026,False,,,4,OP1,C3_WIFI_CARGA_ALTA,N3
,0.294,0.234,0.843,1.0,,1787653745557.4338,34.505,16.48,4.04,0.35,1787653745557.4338,False,,,4,OP1,C3_WIFI_CARGA_ALTA,N3
,0.293,0.233,0.843,1.0,,1787653745587.9456,34.505,16.56,3.98,0.35,1787653745587.9456,False,,,4,OP1,C3_WIFI_CARGA_ALTA,N3
,0.293,0.231,0.845,1.0,,1787653745613.587,34.575,16.56,3.86,0.35,1787653745613.587,False,,,4,OP1,C3_WIFI_CARGA_ALTA,N3
,0.292,0.229,0.845,1.0,,1787653745665.6953,34.575,16.64,3.74,0.35,1787653745665.6953,False,,,4,OP1,C3_WIFI_CARGA_ALTA,N3
,0.291,0.227,0.846,1.0,,1787653745696.8823,34.61,16.72,3.62,0.35,1787653745696.8823,False,,,4,OP1,C3_WIFI_CARGA_ALTA,N3
,0.29,0.225,0.846,1.0,,1787653745722.767,34.61,16.8,3.5,0.35,1787653745722.767,False,,,4,OP1,C3_WIFI_CARGA_ALTA,N3
,0.289,0.225,0.846,1.0,,1787653745751.4656,34.61,16.88,3.5,0.35,1787653745751.4656,False,,,4,OP1,C3_WIFI_CARGA_ALTA,N3
,0.288,0.223,0.846,1.0,,1787653745781.1824,34.61,16.96,3.38,0.35,1787653745783.1902,False,,,4,OP1,C3_WIFI_CARGA_ALTA,N3
,0.286,0.221,0.847,1.0,,1787653745802.3225,34.645,17.12,3.26,0.35,1787653745802.3225,False,,,4,OP1,C3_WIFI_CARGA_ALTA,N3
,0.284,0.219,0.849,1.0,,1787653745832.705,34.715,17.28,3.14,0.35,1787653745832.705,False,,,4,OP1,C3_WIFI_CARGA_ALTA,N3
,0.282,0.217,0.85,1.0,,1787653745863.9614,34.75,17.44,3.02,0.35,1787653745865.9675,False,,,4,OP1,C3_WIFI_CARGA_ALTA,N3
,0.28,0.216,0.853,1.0,,1787653745890.7258,34.855,17.6,2.96,0.35,1787653745890.7258,False,,,4,OP1,C3_WIFI_CARGA_ALTA,N3
,0.277,0.213,0.858,1.0,,1787653745919.7976,35.03,17.84,2.78,0.35,1787653745919.7976,False,,,4,OP1,C3_WIFI_CARGA_ALTA,N3
,0.275,0.21,0.862,1.0,,1787653745945.5725,35.17,18.0,2.6,0.35,1787653745949.829,False,,,4,OP1,C3_WIFI_CARGA_ALTA,N3
,0.276,0.21,0.862,1.0,,1787653745966.532,35.17,17.92,2.6,0.35,1787653745966.532,False,,,4,OP1,C3_WIFI_CARGA_ALTA,N3
,0.276,0.209,0.863,1.0,,1787653746001.2527,35.205,17.92,2.54,0.35,1787653746004.1787,False,,,4,OP1,C3_WIFI_CARGA_ALTA,N3
,0.276,0.209,0.864,1.0,,1787653746029.7527,35.24,17.92,2.54,0.35,1787653746029.7527,False,,,4,OP1,C3_WIFI_CARGA_ALTA,N3
,0.276,0.209,0.865,1.0,,1787653746058.4744,35.275,17.92,2.54,0.35,1787653746058.4744,False,,,4,OP1,C3_WIFI_CARGA_ALTA,N3
,0.277,0.209,0.866,1.0,,1787653746088.748,35.31,17.84,2.54,0.35,1787653746088.748,False,,,4,OP1,C3_WIFI_CARGA_ALTA,N3
,0.277,0.209,0.866,1.0,,1787653746114.8445,35.31,17.84,2.54,0.35,1787653746116.8564,False,,,4,OP1,C3_WIFI_CARGA_ALTA,N3
,0.278,0.21,0.866,1.0,,1787653746172.2898,35.31,17.76,2.6,0.35,1787653746172.2898,False,,,4,OP1,C3_WIFI_CARGA_ALTA,N3
,0.279,0.211,0.866,1.0,,1787653746352.8213,35.31,17.68,2.66,0.35,1787653746352.8213,False,,,4,OP1,C3_WIFI_CARGA_ALTA,N3
,0.281,0.208,0.872,1.0,,1787653746394.145,35.52,17.52,2.48,0.35,1787653746395.1553,False,,,4,OP1,C3_WIFI_CARGA_ALTA,N3
,0.281,0.208,0.872,1.0,,1787653746419.7993,35.52,17.52,2.48,0.35,1787653746419.7993,False,,,4,OP1,C3_WIFI_CARGA_ALTA,N3
,0.282,0.207,0.874,1.0,,1787653746470.2864,35.59,17.44,2.42,0.35,1787653746470.2864,False,,,4,OP1,C3_WIFI_CARGA_ALTA,N3
,0.283,0.206,0.875,1.0,,1787653746506.7388,35.625,17.36,2.36,0.35,1787653746506.7388,False,,,4,OP1,C3_WIFI_CARGA_ALTA,N3
,0.283,0.205,0.876,1.0,,1787653746533.1174,35.66,17.36,2.3,0.35,1787653746533.1174,False,,,4,OP1,C3_WIFI_CARGA_ALTA,N3
,0.283,0.205,0.876,1.0,,1787653746558.2532,35.66,17.36,2.3,0.35,1787653746562.402,False,,,4,OP1,C3_WIFI_CARGA_ALTA,N3
,0.283,0.205,0.878,1.0,,1787653746605.82,35.73,17.36,2.3,0.35,1787653746605.82,False,,,4,OP1,C3_WIFI_CARGA_ALTA,N3
,0.283,0.205,0.879,1.0,,1787653746642.3838,35.765,17.36,2.3,0.35,1787653746642.3838,False,,,4,OP1,C3_WIFI_CARGA_ALTA,N3
,0.282,0.205,0.88,1.0,,1787653746673.7625,35.8,17.44,2.3,0.35,1787653746673.7625,False,,,4,OP1,C3_WIFI_CARGA_ALTA,N3
,0.281,0.204,0.885,1.0,,1787653746727.6265,35.975,17.52,2.24,0.35,1787653746729.8457,False,,,4,OP1,C3_WIFI_CARGA_ALTA,N3
,0.281,0.203,0.888,1.0,,1787653746755.5469,36.08,17.52,2.18,0.35,1787653746755.5469,False,,,4,OP1,C3_WIFI_CARGA_ALTA,N3
,0.279,0.197,0.895,1.0,,1787653746802.6208,36.325,17.68,1.82,0.35,1787653746802.6208,False,,,4,OP1,C3_WIFI_CARGA_ALTA,N3
,0.279,0.195,0.896,1.0,,1787653746840.359,36.36,17.68,1.7,0.35,1787653746840.359,False,,,4,OP1,C3_WIFI_CARGA_ALTA,N3
,0.28,0.193,0.897,1.0,,1787653746894.954,36.395,17.6,1.58,0.35,1787653746894.954,False,,,4,OP1,C3_WIFI_CARGA_ALTA,N3
,0.283,0.19,0.898,1.0,,1787653746941.1477,36.43,17.36,1.4,0.35,1787653746941.1477,False,,,4,OP1,C3_WIFI_CARGA_ALTA,N3
,0.284,0.188,0.898,1.0,,1787653747108.875,36.43,17.28,1.28,0.35,1787653747108.875,False,,,4,OP1,C3_WIFI_CARGA_ALTA,N3
,0.288,0.18,0.9,1.0,,1787653747142.4712,36.5,16.96,0.8,0.35,1787653747142.4712,False,,,4,OP1,C3_WIFI_CARGA_ALTA,N3
,0.289,0.177,0.902,1.0,,1787653747172.9907,36.57,16.88,0.62,0.35,1787653747172.9907,False,,,4,OP1,C3_WIFI_CARGA_ALTA,N3
,0.289,0.173,0.905,1.0,,1787653747359.975,36.675,16.88,0.38,0.35,1787653747359.975,False,,,4,OP1,C3_WIFI_CARGA_ALTA,N3
,0.291,0.17,0.908,1.0,,1787653747396.5278,36.78,16.72,0.2,0.35,1787653747398.5422,False,,,4,OP1,C3_WIFI_CARGA_ALTA,N3
,0.292,0.169,0.909,1.0,,1787653747422.6562,36.815,16.64,0.14,0.35,1787653747422.6562,False,,,4,OP1,C3_WIFI_CARGA_ALTA,N3
,0.292,0.168,0.909,1.0,,1787653747605.3884,36.815,16.64,0.08,0.35,1787653747605.3884,False,,,4,OP1,C3_WIFI_CARGA_ALTA,N3
,0.298,0.166,0.91,1.0,,1787653747646.2712,36.85,16.16,-0.04,0.35,1787653747646.2712,False,,,4,OP1,C3_WIFI_CARGA_ALTA,N3
,0.299,0.165,0.911,1.0,,1787653747674.949,36.885,16.08,-0.1,0.35,1787653747675.9507,False,,,4,OP1,C3_WIFI_CARGA_ALTA,N3
,0.299,0.165,0.912,1.0,,1787653747702.7314,36.92,16.08,-0.1,0.35,1787653747702.7314,False,,,4,OP1,C3_WIFI_CARGA_ALTA,N3
,0.3,0.164,0.912,1.0,,1787653747730.2263,36.92,16.0,-0.16,0.35,1787653747730.2263,False,,,4,OP1,C3_WIFI_CARGA_ALTA,N3
,0.3,0.164,0.912,1.0,,1787653747771.953,36.92,16.0,-0.16,0.35,1787653747771.953,False,,,4,OP1,C3_WIFI_CARGA_ALTA,N3
,0.3,0.164,0.912,1.0,,1787653747814.6016,36.92,16.0,-0.16,0.35,1787653747814.6016,False,,,4,OP1,C3_WIFI_CARGA_ALTA,N3
,0.3,0.163,0.913,1.0,,1787653747842.5344,36.955,16.0,-0.22,0.35,1787653747843.5452,False,,,4,OP1,C3_WIFI_CARGA_ALTA,N3
,0.3,0.162,0.914,1.0,,1787653747869.32,36.99,16.0,-0.28,0.35,1787653747869.32,False,,,4,OP1,C3_WIFI_CARGA_ALTA,N3
,0.301,0.159,0.916,1.0,,1787653747894.1404,37.06,15.92,-0.46,0.35,1787653747898.202,False,,,4,OP1,C3_WIFI_CARGA_ALTA,N3
,0.301,0.157,0.917,1.0,,1787653747916.4626,37.095,15.92,-0.58,0.35,1787653747918.429,False,,,4,OP1,C3_WIFI_CARGA_ALTA,N3
,0.301,0.156,0.918,1.0,,1787653747939.9873,37.13,15.92,-0.64,0.35,1787653747940.7244,False,,,4,OP1,C3_WIFI_CARGA_ALTA,N3
,0.302,0.155,0.918,1.0,,1787653747969.6892,37.13,15.84,-0.7,0.35,1787653747969.6892,False,,,4,OP1,C3_WIFI_CARGA_ALTA,N3
,0.302,0.155,0.918,1.0,,1787653748006.982,37.13,15.84,-0.7,0.35,1787653748010.397,False,,,4,OP1,C3_WIFI_CARGA_ALTA,N3
,0.302,0.155,0.918,1.0,,1787653748052.8406,37.13,15.84,-0.7,0.35,1787653748053.2507,False,,,4,OP1,C3_WIFI_CARGA_ALTA,N3
,0.302,0.154,0.918,1.0,,1787653748083.206,37.13,15.84,-0.76,0.35,1787653748083.206,False,,,4,OP1,C3_WIFI_CARGA_ALTA,N3
,0.302,0.153,0.919,1.0,,1787653748117.0068,37.165,15.84,-0.82,0.35,1787653748117.0068,False,,,4,OP1,C3_WIFI_CARGA_ALTA,N3
,0.302,0.152,0.919,1.0,,1787653748146.6426,37.165,15.84,-0.88,0.35,1787653748146.6426,False,,,4,OP1,C3_WIFI_CARGA_ALTA,N3
,0.303,0.151,0.919,1.0,,1787653748175.7,37.165,15.76,-0.94,0.35,1787653748175.7,False,,,4,OP1,C3_WIFI_CARGA_ALTA,N3
,0.303,0.15,0.919,1.0,,1787653748219.7324,37.165,15.76,-1.0,0.35,1787653748219.7324,False,,,4,OP1,C3_WIFI_CARGA_ALTA,N3
,0.304,0.15,0.918,1.0,,1787653748252.077,37.13,15.68,-1.0,0.35,1787653748253.849,False,,,4,OP1,C3_WIFI_CARGA_ALTA,N3
,0.304,0.149,0.918,1.0,,1787653748276.236,37.13,15.68,-1.06,0.35,1787653748276.236,False,,,4,OP1,C3_WIFI_CARGA_ALTA,N3
,0.304,0.149,0.918,1.0,,1787653748309.766,37.13,15.68,-1.06,0.35,1787653748309.766,False,,,4,OP1,C3_WIFI_CARGA_ALTA,N3
,0.304,0.148,0.919,1.0,,1787653748343.2527,37.165,15.68,-1.12,0.35,1787653748343.2527,False,,,4,OP1,C3_WIFI_CARGA_ALTA,N3
,0.304,0.147,0.919,1.0,,1787653748387.4895,37.165,15.68,-1.18,0.35,1787653748387.4895,False,,,4,OP1,C3_WIFI_CARGA_ALTA,N3
,0.305,0.146,0.919,1.0,,1787653748420.1992,37.165,15.6,-1.24,0.35,1787653748420.1992,False,,,4,OP1,C3_WIFI_CARGA_ALTA,N3
,0.305,0.146,0.919,1.0,,1787653748444.5842,37.165,15.6,-1.24,0.35,1787653748444.5842,False,,,4,OP1,C3_WIFI_CARGA_ALTA,N3
,0.305,0.145,0.92,1.0,,1787653748482.046,37.2,15.6,-1.3,0.35,1787653748484.082,False,,,4,OP1,C3_WIFI_CARGA_ALTA,N3
,0.305,0.144,0.92,1.0,,1787653748650.3052,37.2,15.6,-1.36,0.35,1787653748650.3052,False,,,4,OP1,C3_WIFI_CARGA_ALTA,N3
,0.303,0.14,0.92,1.0,,1787653748677.1848,37.2,15.76,-1.6,0.35,1787653748678.088,False,,,4,OP1,C3_WIFI_CARGA_ALTA,N3
,0.3,0.139,0.922,1.0,,1787653748724.934,37.27,16.0,-1.66,0.35,1787653748725.4412,False,,,4,OP1,C3_WIFI_CARGA_ALTA,N3
,0.299,0.139,0.922,1.0,,1787653748755.6843,37.27,16.08,-1.66,0.35,1787653748759.7993,False,,,4,OP1,C3_WIFI_CARGA_ALTA,N3
,0.298,0.139,0.923,1.0,,1787653748780.6638,37.305,16.16,-1.66,0.35,1787653748780.6638,False,,,4,OP1,C3_WIFI_CARGA_ALTA,N3
,0.297,0.139,0.923,0.997,,1787653748816.481,37.305,16.24,-1.66,0.3532,1787653748816.481,False,,,4,OP1,C3_WIFI_CARGA_ALTA,N3
,0.297,0.139,0.924,0.993,,1787653748845.3774,37.34,16.24,-1.66,0.3574,1787653748845.3774,False,,,4,OP1,C3_WIFI_CARGA_ALTA,N3
,0.297,0.138,0.925,1.0,,1787653748889.8909,37.375,16.24,-1.72,0.35,1787653748889.8909,False,,,4,OP1,C3_WIFI_CARGA_ALTA,N3
,0.297,0.138,0.925,1.0,,1787653748923.094,37.375,16.24,-1.72,0.35,1787653748927.1174,False,,,4,OP1,C3_WIFI_CARGA_ALTA,N3
,0.297,0.137,0.925,1.0,,1787653748947.9958,37.375,16.24,-1.78,0.35,1787653748947.9958,False,,,4,OP1,C3_WIFI_CARGA_ALTA,N3
,0.297,0.136,0.926,1.0,,1787653748972.9211,37.41,16.24,-1.84,0.35,1787653748972.9211,False,,,4,OP1,C3_WIFI_CARGA_ALTA,N3
,0.297,0.136,0.926,1.0,,1787653749011.205,37.41,16.24,-1.84,0.35,1787653749011.205,False,,,4,OP1,C3_WIFI_CARGA_ALTA,N3
,0.296,0.135,0.926,1.0,,1787653749032.2017,37.41,16.32,-1.9,0.35,1787653749032.2017,False,,,4,OP1,C3_WIFI_CARGA_ALTA,N3
,0.296,0.135,0.927,1.0,,1787653749053.5222,37.445,16.32,-1.9,0.35,1787653749053.5222,False,,,4,OP1,C3_WIFI_CARGA_ALTA,N3
,0.297,0.134,0.927,1.0,,1787653749094.516,37.445,16.24,-1.96,0.35,1787653749096.2715,False,,,4,OP1,C3_WIFI_CARGA_ALTA,N3
,0.297,0.134,0.927,1.0,,1787653749116.654,37.445,16.24,-1.96,0.35,1787653749116.654,False,,,4,OP1,C3_WIFI_CARGA_ALTA,N3
,0.297,0.134,0.927,1.0,,1787653749151.3462,37.445,16.24,-1.96,0.35,1787653749151.3462,False,,,4,OP1,C3_WIFI_CARGA_ALTA,N3
,0.297,0.133,0.928,1.0,,1787653749175.2307,37.48,16.24,-2.02,0.35,1787653749179.2417,False,,,4,OP1,C3_WIFI_CARGA_ALTA,N3
,0.298,0.133,0.929,1.0,,1787653749226.1917,37.515,16.16,-2.02,0.35,1787653749229.8745,False,,,4,OP1,C3_WIFI_CARGA_ALTA,N3
,0.298,0.133,0.928,1.0,,1787653749261.912,37.48,16.16,-2.02,0.35,1787653749261.912,False,,,4,OP1,C3_WIFI_CARGA_ALTA,N3
,0.299,0.134,0.928,1.0,,1787653749283.6316,37.48,16.08,-1.96,0.35,1787653749283.6316,False,,,4,OP1,C3_WIFI_CARGA_ALTA,N3
,0.299,0.134,0.928,1.0,,1787653749316.871,37.48,16.08,-1.96,0.35,1787653749316.871,False,,,4,OP1,C3_WIFI_CARGA_ALTA,N3
,0.299,0.134,0.928,1.0,,1787653749346.0562,37.48,16.08,-1.96,0.35,1787653749347.0884,False,,,4,OP1,C3_WIFI_CARGA_ALTA,N3
,0.299,0.134,0.928,1.0,,1787653749398.2224,37.48,16.08,-1.96,0.35,1787653749398.2224,False,,,4,OP1,C3_WIFI_CARGA_ALTA,N3
,0.299,0.134,0.929,1.0,,1787653749429.9424,37.515,16.08,-1.96,0.35,1787653749429.9424,False,,,4,OP1,C3_WIFI_CARGA_ALTA,N3
,0.299,0.133,0.93,1.0,,1787653749452.4314,37.55,16.08,-2.02,0.35,1787653749453.2805,False,,,4,OP1,C3_WIFI_CARGA_ALTA,N3
,0.298,0.133,0.93,1.0,,1787653749485.3445,37.55,16.16,-2.02,0.35,1787653749485.3445,False,,,4,OP1,C3_WIFI_CARGA_ALTA,N3
,0.298,0.132,0.931,1.0,,1787653749510.568,37.585,16.16,-2.08,0.35,1787653749510.568,False,,,4,OP1,C3_WIFI_CARGA_ALTA,N3
,0.297,0.131,0.931,1.0,,1787653749559.1284,37.585,16.24,-2.14,0.35,1787653749559.1284,False,,,4,OP1,C3_WIFI_CARGA_ALTA,N3
,0.297,0.13,0.932,1.0,,1787653749595.577,37.62,16.24,-2.2,0.35,1787653749595.577,False,,,4,OP1,C3_WIFI_CARGA_ALTA,N3
,0.297,0.129,0.932,1.0,,1787653749617.41,37.62,16.24,-2.26,0.35,1787653749617.41,False,,,4,OP1,C3_WIFI_CARGA_ALTA,N3
,0.297,0.127,0.933,1.0,,1787653749651.2725,37.655,16.24,-2.38,0.35,1787653749651.2725,False,,,4,OP1,C3_WIFI_CARGA_ALTA,N3
,0.296,0.126,0.933,0.999,,1787653749680.2163,37.655,16.32,-2.44,0.3511,1787653749680.2163,False,,,4,OP1,C3_WIFI_CARGA_ALTA,N3
,0.295,0.126,0.932,0.986,,1787653749729.723,37.62,16.4,-2.44,0.3647,1787653749729.723,False,,,4,OP1,C3_WIFI_CARGA_ALTA,N3
,0.294,0.126,0.932,0.983,,1787653749763.4272,37.62,16.48,-2.44,0.3679,1787653749763.4272,False,,,4,OP1,C3_WIFI_CARGA_ALTA,N3
,0.294,0.125,0.932,0.981,,1787653749783.941,37.62,16.48,-2.5,0.37,1787653749783.941,False,,,4,OP1,C3_WIFI_CARGA_ALTA,N3
,0.293,0.125,0.932,0.979,,1787653749817.8933,37.62,16.56,-2.5,0.3721,1787653749817.8933,False,,,4,OP1,C3_WIFI_CARGA_ALTA,N3
,0.293,0.124,0.931,0.97,,1787653749863.7405,37.585,16.56,-2.56,0.3815,1787653749863.7405,False,,,4,OP1,C3_WIFI_CARGA_ALTA,N3
,0.292,0.123,0.931,0.972,,1787653749897.5269,37.585,16.64,-2.62,0.3794,1787653749897.5269,False,,,4,OP1,C3_WIFI_CARGA_ALTA,N3
,0.292,0.121,0.931,0.974,,1787653749927.3398,37.585,16.64,-2.74,0.3773,1787653749927.3398,False,,,4,OP1,C3_WIFI_CARGA_ALTA,N3
,0.292,0.12,0.931,0.978,,1787653749952.5444,37.585,16.64,-2.8,0.3731,1787653749952.5444,False,,,4,OP1,C3_WIFI_CARGA_ALTA,N3
,0.292,0.12,0.93,0.986,,1787653749985.2983,37.55,16.64,-2.8,0.3647,1787653749985.2983,False,,,4,OP1,C3_WIFI_CARGA_ALTA,N3
,0.292,0.118,0.931,1.0,,1787653750012.6345,37.585,16.64,-2.92,0.35,1787653750012.6345,False,,,4,OP1,C3_WIFI_CARGA_ALTA,N3
,0.293,0.115,0.932,1.0,,1787653750033.5918,37.62,16.56,-3.1,0.35,1787653750033.5918,False,,,4,OP1,C3_WIFI_CARGA_ALTA,N3
,0.293,0.111,0.935,1.0,,1787653750065.9,37.725,16.56,-3.34,0.35,1787653750065.9,False,,,4,OP1,C3_WIFI_CARGA_ALTA,N3
,0.291,0.109,0.936,1.0,,1787653750283.6868,37.76,16.72,-3.46,0.35,1787653750283.6868,False,,,4,OP1,C3_WIFI_CARGA_ALTA,N3
,0.288,0.103,0.932,1.0,,1787653750321.0862,37.62,16.96,-3.82,0.35,1787653750321.0862,False,,,4,OP1,C3_WIFI_CARGA_ALTA,N3
,0.287,0.093,0.932,1.0,,1787653750368.6626,37.62,17.04,-4.42,0.35,1787653750368.6626,False,,,4,OP1,C3_WIFI_CARGA_ALTA,N3
,0.287,0.092,0.934,1.0,,1787653750403.2668,37.69,17.04,-4.48,0.35,1787653750404.2786,False,,,4,OP1,C3_WIFI_CARGA_ALTA,N3
,0.287,0.09,0.936,1.0,,1787653750432.5117,37.76,17.04,-4.6,0.35,1787653750432.5117,False,,,4,OP1,C3_WIFI_CARGA_ALTA,N3
,0.288,0.087,0.939,1.0,,1787653750486.78,37.865,16.96,-4.78,0.35,1787653750486.78,False,,,4,OP1,C3_WIFI_CARGA_ALTA,N3
,0.289,0.085,0.941,1.0,,1787653750531.7014,37.935,16.88,-4.9,0.35,1787653750531.7014,False,,,4,OP1,C3_WIFI_CARGA_ALTA,N3
,0.289,0.085,0.941,1.0,,1787653750569.426,37.935,16.88,-4.9,0.35,1787653750572.0457,False,,,4,OP1,C3_WIFI_CARGA_ALTA,N3
,0.289,0.085,0.941,0.964,,1787653750599.6538,37.935,16.88,-4.9,0.3878,1787653750599.6538,False,,,4,OP1,C3_WIFI_CARGA_ALTA,N3
,0.289,0.087,0.94,0.604,,1787653750623.281,37.9,16.88,-4.78,0.7658,1787653750627.4265,False,,,4,OP1,C3_WIFI_CARGA_ALTA,N3
,0.29,0.094,0.935,0.045,,1787653750654.9678,37.725,16.8,-4.36,1.3527,1787653750654.9678,False,,,4,OP1,C3_WIFI_CARGA_ALTA,N3
,0.296,0.128,0.9,0.209,,1787653750695.9434,36.5,16.32,-2.32,1.1805,1787653750697.6338,False,,,4,OP1,C3_WIFI_CARGA_ALTA,N3
,0.297,0.128,0.901,0.181,,1787653750737.6047,36.535,16.24,-2.32,1.2099,1787653750737.6047,False,,,4,OP1,C3_WIFI_CARGA_ALTA,N3
,0.298,0.129,0.903,0.148,,1787653750766.389,36.605,16.16,-2.26,1.2446,1787653750766.389,False,,,4,OP1,C3_WIFI_CARGA_ALTA,N3
,0.298,0.129,0.906,0.123,,1787653750791.3096,36.71,16.16,-2.26,1.2708,1787653750791.3096,False,,,4,OP1,C3_WIFI_CARGA_ALTA,N3
,0.298,0.128,0.91,0.1,,1787653750822.2786,36.85,16.16,-2.32,1.295,1787653750822.2786,False,,,4,OP1,C3_WIFI_CARGA_ALTA,N3
,0.297,0.129,0.915,0.069,,1787653750863.4138,37.025,16.24,-2.26,1.3276,1787653750863.4138,False,,,4,OP1,C3_WIFI_CARGA_ALTA,N3
,0.295,0.132,0.914,0.056,,1787653750902.4954,36.99,16.4,-2.08,1.3412,1787653750905.9243,False,,,4,OP1,C3_WIFI_CARGA_ALTA,N3
,0.294,0.136,0.913,0.046,,1787653750932.913,36.955,16.48,-1.84,1.3517,1787653750933.2258,False,,,4,OP1,C3_WIFI_CARGA_ALTA,N3
,0.292,0.141,0.909,0.034,,1787653750989.0034,36.815,16.64,-1.54,1.3643,1787653750990.136,False,,,4,OP1,C3_WIFI_CARGA_ALTA,N3
,0.291,0.145,0.905,0.03,,1787653751031.3518,36.675,16.72,-1.3,1.3685,1787653751031.3518,False,,,4,OP1,C3_WIFI_CARGA_ALTA,N3
,0.291,0.146,0.903,0.029,,1787653751070.5151,36.605,16.72,-1.24,1.3695,1787653751073.157,False,,,4,OP1,C3_WIFI_CARGA_ALTA,N3
,0.29,0.146,0.901,0.027,,1787653751097.925,36.535,16.8,-1.24,1.3716,1787653751097.925,False,,,4,OP1,C3_WIFI_CARGA_ALTA,N3
,0.29,0.147,0.9,0.025,,1787653751155.3376,36.5,16.8,-1.18,1.3737,1787653751155.3376,False,,,4,OP1,C3_WIFI_CARGA_ALTA,N3
,0.289,0.149,0.895,0.025,,1787653751198.411,36.325,16.88,-1.06,1.3737,1787653751198.411,False,,,4,OP1,C3_WIFI_CARGA_ALTA,N3
,0.289,0.148,0.892,0.026,,1787653751240.006,36.22,16.88,-1.12,1.3727,1787653751240.837,False,,,4,OP1,C3_WIFI_CARGA_ALTA,N3
,0.29,0.148,0.893,0.026,,1787653751268.0154,36.255,16.8,-1.12,1.3727,1787653751268.0154,False,,,4,OP1,C3_WIFI_CARGA_ALTA,N3
,0.289,0.146,0.889,0.026,,1787653751308.9426,36.115,16.88,-1.24,1.3727,1787653751311.5083,False,,,4,OP1,C3_WIFI_CARGA_ALTA,N3
,0.289,0.144,0.888,0.027,,1787653751344.8274,36.08,16.88,-1.36,1.3716,1787653751344.8274,False,,,4,OP1,C3_WIFI_CARGA_ALTA,N3
,0.288,0.144,0.888,0.028,,1787653751366.8877,36.08,16.96,-1.36,1.3706,1787653751366.8877,False,,,4,OP1,C3_WIFI_CARGA_ALTA,N3
,0.288,0.143,0.887,0.029,,1787653751404.8652,36.045,16.96,-1.42,1.3695,1787653751404.8652,False,,,4,OP1,C3_WIFI_CARGA_ALTA,N3
,0.288,0.143,0.886,0.031,,1787653751434.233,36.01,16.96,-1.42,1.3674,1787653751434.233,False,,,4,OP1,C3_WIFI_CARGA_ALTA,N3
,0.288,0.142,0.883,0.033,,1787653751476.3914,35.905,16.96,-1.48,1.3653,1787653751476.3914,False,,,4,OP1,C3_WIFI_CARGA_ALTA,N3
,0.287,0.142,0.882,0.033,,1787653751514.3376,35.87,17.04,-1.48,1.3653,1787653751514.3376,False,,,4,OP1,C3_WIFI_CARGA_ALTA,N3
,0.287,0.142,0.881,0.033,,1787653751534.61,35.835,17.04,-1.48,1.3653,1787653751534.61,False,,,4,OP1,C3_WIFI_CARGA_ALTA,N3
,0.286,0.142,0.878,0.033,,1787653751573.3958,35.73,17.12,-1.48,1.3653,1787653751573.3958,False,,,4,OP1,C3_WIFI_CARGA_ALTA,N3
,0.285,0.141,0.875,0.033,,1787653751602.5376,35.625,17.2,-1.54,1.3653,1787653751602.5376,False,,,4,OP1,C3_WIFI_CARGA_ALTA,N3
,0.284,0.142,0.874,0.033,,1787653751644.7256,35.59,17.28,-1.48,1.3653,1787653751648.85,False,,,4,OP1,C3_WIFI_CARGA_ALTA,N3
,0.284,0.142,0.873,0.033,,1787653751679.5298,35.555,17.28,-1.48,1.3653,1787653751681.7087,False,,,4,OP1,C3_WIFI_CARGA_ALTA,N3
,0.283,0.141,0.873,0.034,,1787653751701.2097,35.555,17.36,-1.54,1.3643,1787653751701.2097,False,,,4,OP1,C3_WIFI_CARGA_ALTA,N3
,0.283,0.141,0.872,0.034,,1787653751741.594,35.52,17.36,-1.54,1.3643,1787653751741.594,False,,,4,OP1,C3_WIFI_CARGA_ALTA,N3
,0.282,0.141,0.871,0.035,,1787653751766.9983,35.485,17.44,-1.54,1.3632,1787653751766.9983,False,,,4,OP1,C3_WIFI_CARGA_ALTA,N3
,0.282,0.141,0.869,0.037,,1787653751813.098,35.415,17.44,-1.54,1.3611,1787653751813.098,False,,,4,OP1,C3_WIFI_CARGA_ALTA,N3
,0.283,0.14,0.869,0.037,,1787653751846.1829,35.415,17.36,-1.6,1.3611,1787653751850.4187,False,,,4,OP1,C3_WIFI_CARGA_ALTA,N3
,0.284,0.14,0.869,0.038,,1787653751870.7993,35.415,17.28,-1.6,1.3601,1787653751870.7993,False,,,4,OP1,C3_WIFI_CARGA_ALTA,N3
,0.284,0.14,0.868,0.04,,1787653751908.53,35.38,17.28,-1.6,1.358,1787653751909.5251,False,,,4,OP1,C3_WIFI_CARGA_ALTA,N3
,0.284,0.141,0.867,0.042,,1787653751934.3086,35.345,17.28,-1.54,1.3559,1787653751934.3086,False,,,4,OP1,C3_WIFI_CARGA_ALTA,N3
,0.284,0.142,0.866,0.044,,1787653751955.4695,35.31,17.28,-1.48,1.3538,1787653751955.4695,False,,,4,OP1,C3_WIFI_CARGA_ALTA,N3
,0.284,0.145,0.864,0.046,,1787653751980.8557,35.24,17.28,-1.3,1.3517,1787653751980.8557,False,,,4,OP1,C3_WIFI_CARGA_ALTA,N3
,0.284,0.148,0.864,0.047,,1787653752013.8225,35.24,17.28,-1.12,1.3506,1787653752013.8225,False,,,4,OP1,C3_WIFI_CARGA_ALTA,N3
,0.284,0.15,0.864,0.048,,1787653752039.141,35.24,17.28,-1.0,1.3496,1787653752039.141,False,,,4,OP1,C3_WIFI_CARGA_ALTA,N3
,0.283,0.151,0.865,0.049,,1787653752074.869,35.275,17.36,-0.94,1.3485,1787653752075.4822,False,,,4,OP1,C3_WIFI_CARGA_ALTA,N3
,0.282,0.155,0.864,0.049,,1787653752101.568,35.24,17.44,-0.7,1.3485,1787653752101.568,False,,,4,OP1,C3_WIFI_CARGA_ALTA,N3
,0.28,0.158,0.864,0.05,,1787653752123.486,35.24,17.6,-0.52,1.3475,1787653752123.486,False,,,4,OP1,C3_WIFI_CARGA_ALTA,N3
,0.279,0.159,0.864,0.051,,1787653752151.3218,35.24,17.68,-0.46,1.3464,1787653752151.3218,False,,,4,OP1,C3_WIFI_CARGA_ALTA,N3
,0.278,0.16,0.862,0.051,,1787653752182.465,35.17,17.76,-0.4,1.3464,1787653752182.465,False,,,4,OP1,C3_WIFI_CARGA_ALTA,N3
,0.277,0.161,0.862,0.052,,1787653752207.4685,35.17,17.84,-0.34,1.3454,1787653752207.4685,False,,,4,OP1,C3_WIFI_CARGA_ALTA,N3
,0.277,0.164,0.858,0.054,,1787653752242.8872,35.03,17.84,-0.16,1.3433,1787653752243.518,False,,,4,OP1,C3_WIFI_CARGA_ALTA,N3
,0.277,0.17,0.85,0.056,,1787653752268.578,34.75,17.84,0.2,1.3412,1787653752268.578,False,,,4,OP1,C3_WIFI_CARGA_ALTA,N3
,0.279,0.176,0.842,0.058,,1787653752291.174,34.47,17.68,0.56,1.3391,1787653752291.174,False,,,4,OP1,C3_WIFI_CARGA_ALTA,N3
,0.281,0.183,0.834,0.058,,1787653752317.3674,34.19,17.52,0.98,1.3391,1787653752318.5618,False,,,4,OP1,C3_WIFI_CARGA_ALTA,N3
,0.282,0.189,0.825,0.053,,1787653752351.613,33.875,17.44,1.34,1.3443,1787653752351.613,False,,,4,OP1,C3_WIFI_CARGA_ALTA,N3
,0.284,0.193,0.82,0.042,,1787653752376.103,33.7,17.28,1.58,1.3559,1787653752376.103,False,,,4,OP1,C3_WIFI_CARGA_ALTA,N3
,0.285,0.202,0.814,0.032,,1787653752408.9324,33.49,17.2,2.12,1.3664,1787653752408.9324,False,,,4,OP1,C3_WIFI_CARGA_ALTA,N3
,0.285,0.213,0.805,0.056,,1787653752434.068,33.175,17.2,2.78,1.3412,1787653752434.068,False,,,4,OP1,C3_WIFI_CARGA_ALTA,N3
,0.288,0.224,0.796,0.779,,1787653752601.9426,32.86,16.96,3.44,0.5821,1787653752601.9426,False,,,4,OP1,C3_WIFI_CARGA_ALTA,N3
,0.329,0.309,0.602,1.0,,1787653752652.8542,26.07,13.68,8.54,0.35,1787653752652.8542,False,,,4,OP1,C3_WIFI_CARGA_ALTA,N3
,0.334,0.31,0.586,1.0,,1787653752686.1216,25.51,13.28,8.6,0.35,1787653752686.1216,False,,,4,OP1,C3_WIFI_CARGA_ALTA,N3
,0.339,0.313,0.566,0.998,,1787653752710.5374,24.81,12.88,8.78,0.3521,1787653752710.5374,False,,,4,OP1,C3_WIFI_CARGA_ALTA,N3
,0.342,0.313,0.544,1.0,,1787653752741.0583,24.04,12.64,8.78,0.35,1787653752744.641,False,,,4,OP1,C3_WIFI_CARGA_ALTA,N3
,0.347,0.314,0.522,1.0,,1787653752769.9666,23.27,12.24,8.84,0.35,1787653752769.9666,False,,,4,OP1,C3_WIFI_CARGA_ALTA,N3
,0.355,0.312,0.496,1.0,,1787653752822.304,22.36,11.6,8.72,0.35,1787653752822.8877,False,,,4,OP1,C3_WIFI_CARGA_ALTA,N3
,0.358,0.311,0.487,0.982,,1787653752982.276,22.045,11.36,8.66,0.3689,1787653752982.276,False,,,4,OP1,C3_WIFI_CARGA_ALTA,N3
,0.379,0.294,0.49,0.946,,1787653753018.1924,22.15,9.68,7.64,0.4067,1787653753022.3604,False,,,4,OP1,C3_WIFI_CARGA_ALTA,N3
,0.384,0.29,0.491,0.953,,1787653753186.2937,22.185,9.28,7.4,0.3994,1787653753190.386,False,,,4,OP1,C3_WIFI_CARGA_ALTA,N3
,0.406,0.289,0.451,0.985,,1787653753211.1506,20.785,7.52,7.34,0.3658,1787653753211.1506,False,,,4,OP1,C3_WIFI_CARGA_ALTA,N3
,0.408,0.291,0.445,0.984,,1787653753378.6448,20.575,7.36,7.46,0.3668,1787653753378.6448,False,,,4,OP1,C3_WIFI_CARGA_ALTA,N3
,0.428,0.306,0.423,0.981,,1787653753411.7915,19.805,5.76,8.36,0.37,1787653753411.7915,False,,,4,OP1,C3_WIFI_CARGA_ALTA,N3
,0.433,0.307,0.421,0.994,,1787653753460.0989,19.735,5.36,8.42,0.3563,1787653753460.0989,False,,,4,OP1,C3_WIFI_CARGA_ALTA,N3
,0.434,0.306,0.421,0.999,,1787653753492.6506,19.735,5.28,8.36,0.3511,1787653753492.6506,False,,,4,OP1,C3_WIFI_CARGA_ALTA,N3
,0.435,0.305,0.42,1.0,,1787653753522.5432,19.7,5.2,8.3,0.35,1787653753522.5432,False,,,4,OP1,C3_WIFI_CARGA_ALTA,N3
,0.437,0.305,0.42,1.0,,1787653753543.7693,19.7,5.04,8.3,0.35,1787653753546.1145,False,,,4,OP1,C3_WIFI_CARGA_ALTA,N3
,0.439,0.304,0.419,1.0,,1787653753575.9744,19.665,4.88,8.24,0.35,1787653753575.9744,False,,,4,OP1,C3_WIFI_CARGA_ALTA,N3
,0.442,0.305,0.418,0.999,,1787653753597.0596,19.63,4.64,8.3,0.3511,1787653753597.0596,False,,,4,OP1,C3_WIFI_CARGA_ALTA,N3
,0.444,0.305,0.416,0.996,,1787653753628.1477,19.56,4.48,8.3,0.3542,1787653753628.1477,False,,,4,OP1,C3_WIFI_CARGA_ALTA,N3
,0.446,0.303,0.412,0.988,,1787653753660.657,19.42,4.32,8.18,0.3626,1787653753660.657,False,,,4,OP1,C3_WIFI_CARGA_ALTA,N3
,0.447,0.303,0.41,0.972,,1787653753688.1655,19.35,4.24,8.18,0.3794,1787653753688.1655,False,,,4,OP1,C3_WIFI_CARGA_ALTA,N3
,0.448,0.303,0.41,0.95,,1787653753714.167,19.35,4.16,8.18,0.4025,1787653753714.167,False,,,4,OP1,C3_WIFI_CARGA_ALTA,N3
,0.449,0.302,0.411,0.924,,1787653753744.9265,19.385,4.08,8.12,0.4298,1787653753744.9265,False,,,4,OP1,C3_WIFI_CARGA_ALTA,N3
,0.453,0.301,0.412,0.895,,1787653753797.3047,19.42,3.76,8.06,0.4603,1787653753799.3176,False,,,4,OP1,C3_WIFI_CARGA_ALTA,N3
,0.456,0.302,0.414,0.887,,1787653753827.7686,19.49,3.52,8.12,0.4687,1787653753827.7686,False,,,4,OP1,C3_WIFI_CARGA_ALTA,N3
,0.46,0.304,0.414,0.881,,1787653753853.0315,19.49,3.2,8.24,0.475,1787653753857.3855,False,,,4,OP1,C3_WIFI_CARGA_ALTA,N3
,0.464,0.305,0.416,0.877,,1787653753880.975,19.56,2.88,8.3,0.4792,1787653753880.975,False,,,4,OP1,C3_WIFI_CARGA_ALTA,N3
,0.469,0.305,0.418,0.876,,1787653753901.4255,19.63,2.48,8.3,0.4802,1787653753901.4255,False,,,4,OP1,C3_WIFI_CARGA_ALTA,N3
,0.473,0.306,0.419,0.877,,1787653753929.5078,19.665,2.16,8.36,0.4792,1787653753929.5078,False,,,4,OP1,C3_WIFI_CARGA_ALTA,N3
,0.477,0.308,0.42,0.879,,1787653754189.0588,19.7,1.84,8.48,0.4771,1787653754189.0588,False,,,4,OP1,C3_WIFI_CARGA_ALTA,N3
,0.487,0.321,0.405,0.889,,1787653754301.5034,19.175,1.04,9.26,0.4666,1787653754301.5034,False,,,4,OP1,C3_WIFI_CARGA_ALTA,N3
,0.499,0.373,0.295,0.864,,1787653754328.2063,15.325,0.08,12.38,0.4928,1787653754328.2063,False,,,4,OP1,C3_WIFI_CARGA_ALTA,N3
,0.501,0.378,0.286,0.86,,1787653754496.6716,15.01,-0.08,12.68,0.497,1787653754496.6716,False,,,4,OP1,C3_WIFI_CARGA_ALTA,N3
,0.511,0.393,0.279,0.862,,1787653754524.239,14.765,-0.88,13.58,0.4949,1787653754524.239,False,,,4,OP1,C3_WIFI_CARGA_ALTA,N3
,0.512,0.392,0.281,0.868,,1787653754551.3691,14.835,-0.96,13.52,0.4886,1787653754551.3691,False,,,4,OP1,C3_WIFI_CARGA_ALTA,N3
,0.513,0.392,0.281,0.871,,1787653754572.0825,14.835,-1.04,13.52,0.4855,1787653754574.088,False,,,4,OP1,C3_WIFI_CARGA_ALTA,N3
,0.513,0.392,0.281,0.873,,1787653754601.415,14.835,-1.04,13.52,0.4834,1787653754603.4282,False,,,4,OP1,C3_WIFI_CARGA_ALTA,N3
,0.513,0.392,0.281,0.875,,1787653754636.5645,14.835,-1.04,13.52,0.4813,1787653754636.5645,False,,,4,OP1,C3_WIFI_CARGA_ALTA,N3
,0.513,0.391,0.281,0.876,,1787653754664.3933,14.835,-1.04,13.46,0.4802,1787653754664.3933,False,,,4,OP1,C3_WIFI_CARGA_ALTA,N3
,0.512,0.39,0.281,0.876,,1787653754693.5898,14.835,-0.96,13.4,0.4802,1787653754693.5898,False,,,4,OP1,C3_WIFI_CARGA_ALTA,N3
,0.512,0.389,0.281,0.876,,1787653754718.2517,14.835,-0.96,13.34,0.4802,1787653754718.2517,False,,,4,OP1,C3_WIFI_CARGA_ALTA,N3
,0.51,0.389,0.28,0.876,,1787653754760.5862,14.8,-0.8,13.34,0.4802,1787653754760.5862,False,,,4,OP1,C3_WIFI_CARGA_ALTA,N3
,0.51,0.389,0.279,0.878,,1787653754803.0032,14.765,-0.8,13.34,0.4781,1787653754803.0032,False,,,4,OP1,C3_WIFI_CARGA_ALTA,N3
,0.51,0.39,0.278,0.88,,1787653754830.7756,14.73,-0.8,13.4,0.476,1787653754831.7834,False,,,4,OP1,C3_WIFI_CARGA_ALTA,N3
,0.511,0.391,0.276,0.882,,1787653754857.2627,14.66,-0.88,13.46,0.4739,1787653754857.2627,False,,,4,OP1,C3_WIFI_CARGA_ALTA,N3
,0.513,0.394,0.27,0.885,,1787653755038.1436,14.45,-1.04,13.64,0.4708,1787653755038.1436,False,,,4,OP1,C3_WIFI_CARGA_ALTA,N3
,0.511,0.403,0.237,0.868,,1787653755073.0627,13.295,-0.88,14.18,0.4886,1787653755073.0627,False,,,4,OP1,C3_WIFI_CARGA_ALTA,N3
,0.509,0.405,0.233,0.865,,1787653755105.684,13.155,-0.72,14.3,0.4918,1787653755105.684,False,,,4,OP1,C3_WIFI_CARGA_ALTA,N3
,0.509,0.405,0.232,0.863,,1787653755136.0715,13.12,-0.72,14.3,0.4939,1787653755138.0825,False,,,4,OP1,C3_WIFI_CARGA_ALTA,N3
,0.508,0.405,0.23,0.863,,1787653755163.6338,13.05,-0.64,14.3,0.4939,1787653755163.6338,False,,,4,OP1,C3_WIFI_CARGA_ALTA,N3
,0.508,0.405,0.229,0.862,,1787653755193.026,13.015,-0.64,14.3,0.4949,1787653755193.026,False,,,4,OP1,C3_WIFI_CARGA_ALTA,N3
,0.507,0.405,0.228,0.862,,1787653755218.792,12.98,-0.56,14.3,0.4949,1787653755218.792,False,,,4,OP1,C3_WIFI_CARGA_ALTA,N3
,0.505,0.405,0.227,0.862,,1787653755243.769,12.945,-0.4,14.3,0.4949,1787653755243.769,False,,,4,OP1,C3_WIFI_CARGA_ALTA,N3
,0.503,0.404,0.226,0.863,,1787653755264.4866,12.91,-0.24,14.24,0.4939,1787653755264.4866,False,,,4,OP1,C3_WIFI_CARGA_ALTA,N3
,0.5,0.403,0.225,0.86,,1787653755302.8218,12.875,0.0,14.18,0.497,1787653755302.8218,False,,,4,OP1,C3_WIFI_CARGA_ALTA,N3
,0.499,0.402,0.225,0.859,,1787653755331.662,12.875,0.08,14.12,0.4981,1787653755331.662,False,,,4,OP1,C3_WIFI_CARGA_ALTA,N3
,0.497,0.401,0.226,0.856,,1787653755373.889,12.91,0.24,14.06,0.5012,1787653755377.9456,False,,,4,OP1,C3_WIFI_CARGA_ALTA,N3
,0.497,0.401,0.227,0.855,,1787653755407.4375,12.945,0.24,14.06,0.5023,1787653755409.6775,False,,,4,OP1,C3_WIFI_CARGA_ALTA,N3
,0.497,0.401,0.228,0.854,,1787653755432.4053,12.98,0.24,14.06,0.5033,1787653755432.4053,False,,,4,OP1,C3_WIFI_CARGA_ALTA,N3
,0.497,0.401,0.229,0.853,,1787653755470.9138,13.015,0.24,14.06,0.5044,1787653755470.9138,False,,,4,OP1,C3_WIFI_CARGA_ALTA,N3
,0.498,0.4,0.23,0.852,,1787653755499.9355,13.05,0.16,14.0,0.5054,1787653755499.9355,False,,,4,OP1,C3_WIFI_CARGA_ALTA,N3
,0.499,0.4,0.231,0.85,,1787653755547.0183,13.085,0.08,14.0,0.5075,1787653755547.0183,False,,,4,OP1,C3_WIFI_CARGA_ALTA,N3
,0.499,0.4,0.231,0.85,,1787653755578.999,13.085,0.08,14.0,0.5075,1787653755578.999,False,,,4,OP1,C3_WIFI_CARGA_ALTA,N3
,0.5,0.4,0.232,0.85,,1787653755601.4497,13.12,0.0,14.0,0.5075,1787653755602.495,False,,,4,OP1,C3_WIFI_CARGA_ALTA,N3
,0.5,0.4,0.232,0.849,,1787653755638.7595,13.12,0.0,14.0,0.5086,1787653755639.7495,False,,,4,OP1,C3_WIFI_CARGA_ALTA,N3
,0.5,0.4,0.232,0.849,,1787653755663.859,13.12,0.0,14.0,0.5086,1787653755663.859,False,,,4,OP1,C3_WIFI_CARGA_ALTA,N3
,0.501,0.4,0.233,0.851,,1787653755684.512,13.155,-0.08,14.0,0.5065,1787653755684.512,False,,,4,OP1,C3_WIFI_CARGA_ALTA,N3
,0.501,0.4,0.233,0.852,,1787653755711.744,13.155,-0.08,14.0,0.5054,1787653755712.7595,False,,,4,OP1,C3_WIFI_CARGA_ALTA,N3
,0.501,0.4,0.233,0.854,,1787653755744.1167,13.155,-0.08,14.0,0.5033,1787653755744.1167,False,,,4,OP1,C3_WIFI_CARGA_ALTA,N3
,0.501,0.4,0.234,0.855,,1787653755767.2617,13.19,-0.08,14.0,0.5023,1787653755767.2617,False,,,4,OP1,C3_WIFI_CARGA_ALTA,N3
,0.501,0.4,0.234,0.855,,1787653755936.681,13.19,-0.08,14.0,0.5023,1787653755936.681,False,,,4,OP1,C3_WIFI_CARGA_ALTA,N3
,0.502,0.399,0.236,0.857,,1787653755972.826,13.26,-0.16,13.94,0.5002,1787653755973.834,False,,,4,OP1,C3_WIFI_CARGA_ALTA,N3
,0.502,0.399,0.235,0.857,,1787653756001.375,13.225,-0.16,13.94,0.5002,1787653756001.375,False,,,4,OP1,C3_WIFI_CARGA_ALTA,N3
,0.502,0.399,0.236,0.853,,1787653756045.9512,13.26,-0.16,13.94,0.5044,1787653756045.9512,False,,,4,OP1,C3_WIFI_CARGA_ALTA,N3
,0.503,0.399,0.237,0.85,,1787653756079.2368,13.295,-0.24,13.94,0.5075,1787653756079.2368,False,,,4,OP1,C3_WIFI_CARGA_ALTA,N3
,0.503,0.399,0.237,0.848,,1787653756103.301,13.295,-0.24,13.94,0.5096,1787653756105.3147,False,,,4,OP1,C3_WIFI_CARGA_ALTA,N3
,0.503,0.399,0.237,0.846,,1787653756138.9312,13.295,-0.24,13.94,0.5117,1787653756138.9312,False,,,4,OP1,C3_WIFI_CARGA_ALTA,N3
,0.504,0.4,0.237,0.844,,1787653756167.9006,13.295,-0.32,14.0,0.5138,1787653756168.492,False,,,4,OP1,C3_WIFI_CARGA_ALTA,N3
,0.504,0.4,0.238,0.841,,1787653756216.3564,13.33,-0.32,14.0,0.517,1787653756216.3564,False,,,4,OP1,C3_WIFI_CARGA_ALTA,N3
,0.505,0.4,0.238,0.841,,1787653756251.48,13.33,-0.4,14.0,0.517,1787653756251.48,False,,,4,OP1,C3_WIFI_CARGA_ALTA,N3
,0.505,0.4,0.239,0.842,,1787653756272.207,13.365,-0.4,14.0,0.5159,1787653756272.207,False,,,4,OP1,C3_WIFI_CARGA_ALTA,N3
,0.505,0.399,0.24,0.845,,1787653756307.5874,13.4,-0.4,13.94,0.5128,1787653756308.8098,False,,,4,OP1,C3_WIFI_CARGA_ALTA,N3
,0.505,0.399,0.24,0.849,,1787653756333.61,13.4,-0.4,13.94,0.5086,1787653756335.621,False,,,4,OP1,C3_WIFI_CARGA_ALTA,N3
,0.505,0.399,0.241,0.855,,1787653756384.0454,13.435,-0.4,13.94,0.5023,1787653756386.0588,False,,,4,OP1,C3_WIFI_CARGA_ALTA,N3
,0.505,0.398,0.241,0.857,,1787653756417.955,13.435,-0.4,13.88,0.5002,1787653756417.955,False,,,4,OP1,C3_WIFI_CARGA_ALTA,N3
,0.505,0.398,0.242,0.858,,1787653756438.6665,13.47,-0.4,13.88,0.4991,1787653756438.6665,False,,,4,OP1,C3_WIFI_CARGA_ALTA,N3
,0.505,0.398,0.242,0.859,,1787653756607.9976,13.47,-0.4,13.88,0.4981,1787653756607.9976,False,,,4,OP1,C3_WIFI_CARGA_ALTA,N3
,0.504,0.399,0.241,0.864,,1787653756822.6062,13.435,-0.32,13.94,0.4928,1787653756822.6062,False,,,4,OP1,C3_WIFI_CARGA_ALTA,N3
,0.505,0.398,0.245,0.867,,1787653756855.0127,13.575,-0.4,13.88,0.4897,1787653756855.0127,False,,,4,OP1,C3_WIFI_CARGA_ALTA,N3
,0.505,0.398,0.246,0.867,,1787653756885.9717,13.61,-0.4,13.88,0.4897,1787653756885.9717,False,,,4,OP1,C3_WIFI_CARGA_ALTA,N3
,0.506,0.397,0.248,0.868,,1787653756919.8816,13.68,-0.48,13.82,0.4886,1787653756920.385,False,,,4,OP1,C3_WIFI_CARGA_ALTA,N3
,0.506,0.397,0.249,0.867,,1787653756940.5469,13.715,-0.48,13.82,0.4897,1787653756940.5469,False,,,4,OP1,C3_WIFI_CARGA_ALTA,N3
,0.506,0.396,0.25,0.866,,1787653756973.3943,13.75,-0.48,13.76,0.4907,1787653756973.3943,False,,,4,OP1,C3_WIFI_CARGA_ALTA,N3
,0.506,0.396,0.251,0.865,,1787653757003.0234,13.785,-0.48,13.76,0.4918,1787653757003.0234,False,,,4,OP1,C3_WIFI_CARGA_ALTA,N3
,0.506,0.395,0.253,0.863,,1787653757055.9504,13.855,-0.48,13.7,0.4939,1787653757055.9504,False,,,4,OP1,C3_WIFI_CARGA_ALTA,N3
,0.507,0.394,0.254,0.863,,1787653757087.3508,13.89,-0.56,13.64,0.4939,1787653757088.4702,False,,,4,OP1,C3_WIFI_CARGA_ALTA,N3
,0.507,0.393,0.255,0.862,,1787653757155.518,13.925,-0.56,13.58,0.4949,1787653757158.2576,False,,,4,OP1,C3_WIFI_CARGA_ALTA,N3
,0.506,0.393,0.255,0.863,,1787653757188.2007,13.925,-0.48,13.58,0.4939,1787653757188.2007,False,,,4,OP1,C3_WIFI_CARGA_ALTA,N3
,0.506,0.394,0.255,0.863,,1787653757222.8462,13.925,-0.48,13.64,0.4939,1787653757222.8462,False,,,4,OP1,C3_WIFI_CARGA_ALTA,N3
,0.506,0.395,0.254,0.865,,1787653757271.1018,13.89,-0.48,13.7,0.4918,1787653757271.1018,False,,,4,OP1,C3_WIFI_CARGA_ALTA,N3
,0.506,0.397,0.254,0.868,,1787653757312.0515,13.89,-0.48,13.82,0.4886,1787653757313.3103,False,,,4,OP1,C3_WIFI_CARGA_ALTA,N3
,0.507,0.4,0.253,0.876,,1787653757351.694,13.855,-0.56,14.0,0.4802,1787653757351.694,False,,,4,OP1,C3_WIFI_CARGA_ALTA,N3
,0.508,0.401,0.251,0.88,,1787653757376.9363,13.785,-0.64,14.06,0.476,1787653757376.9363,False,,,4,OP1,C3_WIFI_CARGA_ALTA,N3
,0.508,0.401,0.251,0.883,,1787653757398.103,13.785,-0.64,14.06,0.4729,1787653757398.661,False,,,4,OP1,C3_WIFI_CARGA_ALTA,N3
,0.509,0.401,0.251,0.885,,1787653757423.8315,13.785,-0.72,14.06,0.4708,1787653757425.4316,False,,,4,OP1,C3_WIFI_CARGA_ALTA,N3
,0.509,0.401,0.251,0.887,,1787653757457.74,13.785,-0.72,14.06,0.4687,1787653757457.74,False,,,4,OP1,C3_WIFI_CARGA_ALTA,N3
,0.509,0.4,0.252,0.888,,1787653757481.3184,13.82,-0.72,14.0,0.4676,1787653757481.3184,False,,,4,OP1,C3_WIFI_CARGA_ALTA,N3
,0.51,0.399,0.252,0.888,,1787653757515.508,13.82,-0.8,13.94,0.4676,1787653757515.508,False,,,4,OP1,C3_WIFI_CARGA_ALTA,N3
,0.51,0.399,0.253,0.888,,1787653757545.372,13.855,-0.8,13.94,0.4676,1787653757545.372,False,,,4,OP1,C3_WIFI_CARGA_ALTA,N3
,0.51,0.399,0.253,0.888,,1787653757566.5544,13.855,-0.8,13.94,0.4676,1787653757566.5544,False,,,4,OP1,C3_WIFI_CARGA_ALTA,N3
,0.511,0.4,0.253,0.888,,1787653757589.16,13.855,-0.88,14.0,0.4676,1787653757589.16,False,,,4,OP1,C3_WIFI_CARGA_ALTA,N3
,0.511,0.399,0.254,0.89,,1787653757625.2349,13.89,-0.88,13.94,0.4655,1787653757629.2744,False,,,4,OP1,C3_WIFI_CARGA_ALTA,N3
,0.512,0.398,0.256,0.891,,1787653758068.324,13.96,-0.96,13.88,0.4645,1787653758069.5796,False,,,4,OP1,C3_WIFI_CARGA_ALTA,N3
,0.515,0.393,0.264,0.875,,1787653758101.5127,14.24,-1.2,13.58,0.4813,1787653758101.5127,False,,,4,OP1,C3_WIFI_CARGA_ALTA,N3
,0.515,0.393,0.264,0.873,,1787653758132.1042,14.24,-1.2,13.58,0.4834,1787653758132.1042,False,,,4,OP1,C3_WIFI_CARGA_ALTA,N3
,0.514,0.393,0.263,0.871,,1787653758152.3386,14.205,-1.12,13.58,0.4855,1787653758152.3386,False,,,4,OP1,C3_WIFI_CARGA_ALTA,N3
,0.514,0.392,0.263,0.869,,1787653758183.5188,14.205,-1.12,13.52,0.4876,1787653758183.5188,False,,,4,OP1,C3_WIFI_CARGA_ALTA,N3
,0.514,0.391,0.263,0.867,,1787653758214.0725,14.205,-1.12,13.46,0.4897,1787653758214.0725,False,,,4,OP1,C3_WIFI_CARGA_ALTA,N3
,0.514,0.39,0.263,0.861,,1787653758265.0547,14.205,-1.12,13.4,0.496,1787653758265.0547,False,,,4,OP1,C3_WIFI_CARGA_ALTA,N3
,0.514,0.389,0.263,0.858,,1787653758297.469,14.205,-1.12,13.34,0.4991,1787653758297.469,False,,,4,OP1,C3_WIFI_CARGA_ALTA,N3
,0.514,0.389,0.263,0.855,,1787653758324.7744,14.205,-1.12,13.34,0.5023,1787653758324.7744,False,,,4,OP1,C3_WIFI_CARGA_ALTA,N3
,0.514,0.389,0.264,0.851,,1787653758352.286,14.24,-1.12,13.34,0.5065,1787653758352.286,False,,,4,OP1,C3_WIFI_CARGA_ALTA,N3
,0.514,0.388,0.264,0.849,,1787653758380.3765,14.24,-1.12,13.28,0.5086,1787653758380.3765,False,,,4,OP1,C3_WIFI_CARGA_ALTA,N3
,0.513,0.389,0.264,0.844,,1787653758431.1228,14.24,-1.04,13.34,0.5138,1787653758431.1228,False,,,4,OP1,C3_WIFI_CARGA_ALTA,N3
,0.513,0.389,0.264,0.843,,1787653758451.387,14.24,-1.04,13.34,0.5149,1787653758451.387,False,,,4,OP1,C3_WIFI_CARGA_ALTA,N3
,0.512,0.388,0.265,0.842,,1787653758493.0806,14.275,-0.96,13.28,0.5159,1787653758493.0806,False,,,4,OP1,C3_WIFI_CARGA_ALTA,N3
,0.512,0.388,0.265,0.842,,1787653758520.9072,14.275,-0.96,13.28,0.5159,1787653758520.9072,False,,,4,OP1,C3_WIFI_CARGA_ALTA,N3
,0.512,0.388,0.265,0.842,,1787653758767.6814,14.275,-0.96,13.28,0.5159,1787653758767.6814,False,,,4,OP1,C3_WIFI_CARGA_ALTA,N3
,0.511,0.387,0.266,0.846,,1787653758824.5393,14.31,-0.88,13.22,0.5117,1787653758824.5393,False,,,4,OP1,C3_WIFI_CARGA_ALTA,N3
,0.511,0.387,0.266,0.849,,1787653758854.8982,14.31,-0.88,13.22,0.5086,1787653758854.8982,False,,,4,OP1,C3_WIFI_CARGA_ALTA,N3
,0.511,0.387,0.266,0.853,,1787653759070.0652,14.31,-0.88,13.22,0.5044,1787653759070.0652,False,,,4,OP1,C3_WIFI_CARGA_ALTA,N3
,0.511,0.387,0.266,0.856,,1787653759119.744,14.31,-0.88,13.22,0.5012,1787653759119.744,False,,,4,OP1,C3_WIFI_CARGA_ALTA,N3
,0.511,0.386,0.266,0.854,,1787653759161.931,14.31,-0.88,13.16,0.5033,1787653759161.931,False,,,4,OP1,C3_WIFI_CARGA_ALTA,N3
,0.511,0.385,0.267,0.852,,1787653759186.5786,14.345,-0.88,13.1,0.5054,1787653759186.5786,False,,,4,OP1,C3_WIFI_CARGA_ALTA,N3
,0.511,0.385,0.267,0.848,,1787653759238.92,14.345,-0.88,13.1,0.5096,1787653759238.92,False,,,4,OP1,C3_WIFI_CARGA_ALTA,N3
,0.511,0.385,0.267,0.847,,1787653759271.14,14.345,-0.88,13.1,0.5107,1787653759271.14,False,,,4,OP1,C3_WIFI_CARGA_ALTA,N3
,0.511,0.386,0.266,0.849,,1787653759325.757,14.31,-0.88,13.16,0.5086,1787653759325.757,False,,,4,OP1,C3_WIFI_CARGA_ALTA,N3
,0.51,0.386,0.266,0.85,,1787653759622.6775,14.31,-0.8,13.16,0.5075,1787653759622.6775,False,,,4,OP1,C3_WIFI_CARGA_ALTA,N3
,0.508,0.386,0.266,0.848,,1787653759661.4563,14.31,-0.64,13.16,0.5096,1787653759661.4563,False,,,4,OP1,C3_WIFI_CARGA_ALTA,N3
,0.508,0.386,0.266,0.849,,1787653759689.8958,14.31,-0.64,13.16,0.5086,1787653759689.8958,False,,,4,OP1,C3_WIFI_CARGA_ALTA,N3
,0.508,0.386,0.266,0.851,,1787653759741.8586,14.31,-0.64,13.16,0.5065,1787653759741.8586,False,,,4,OP1,C3_WIFI_CARGA_ALTA,N3
,0.508,0.386,0.266,0.852,,1787653759774.7417,14.31,-0.64,13.16,0.5054,1787653759774.7417,False,,,4,OP1,C3_WIFI_CARGA_ALTA,N3
,0.508,0.386,0.265,0.854,,1787653759825.7346,14.275,-0.64,13.16,0.5033,1787653759830.3423,False,,,4,OP1,C3_WIFI_CARGA_ALTA,N3
,0.508,0.386,0.265,0.852,,1787653759875.9668,14.275,-0.64,13.16,0.5054,1787653759875.9668,False,,,4,OP1,C3_WIFI_CARGA_ALTA,N3
,0.508,0.386,0.265,0.851,,1787653759910.2852,14.275,-0.64,13.16,0.5065,1787653759910.2852,False,,,4,OP1,C3_WIFI_CARGA_ALTA,N3
,0.508,0.386,0.265,0.85,,1787653759939.9443,14.275,-0.64,13.16,0.5075,1787653759939.9443,False,,,4,OP1,C3_WIFI_CARGA_ALTA,N3
,0.507,0.385,0.265,0.852,,1787653759993.646,14.275,-0.56,13.1,0.5054,1787653759993.646,False,,,4,OP1,C3_WIFI_CARGA_ALTA,N3
,0.507,0.385,0.265,0.956,,1787653760038.813,14.275,-0.56,13.1,0.3962,1787653760038.813,False,,,4,OP1,C3_WIFI_CARGA_ALTA,N3
,0.507,0.382,0.266,1.0,,1787653760077.8547,14.31,-0.56,12.92,0.35,1787653760077.8547,False,,,4,OP1,C3_WIFI_CARGA_ALTA,N3
,0.508,0.378,0.27,1.0,,1787653760128.3567,14.45,-0.64,12.68,0.35,1787653760128.3567,False,,,4,OP1,C3_WIFI_CARGA_ALTA,N3
,0.508,0.378,0.27,1.0,,1787653760160.652,14.45,-0.64,12.68,0.35,1787653760160.652,False,,,4,OP1,C3_WIFI_CARGA_ALTA,N3
,0.507,0.378,0.27,1.0,,1787653760212.2576,14.45,-0.56,12.68,0.35,1787653760212.2576,False,,,4,OP1,C3_WIFI_CARGA_ALTA,N3
,0.507,0.379,0.269,1.0,,1787653760245.934,14.415,-0.56,12.74,0.35,1787653760245.934,False,,,4,OP1,C3_WIFI_CARGA_ALTA,N3
,0.507,0.379,0.269,1.0,,1787653760274.647,14.415,-0.56,12.74,0.35,1787653760274.647,False,,,4,OP1,C3_WIFI_CARGA_ALTA,N3
,0.507,0.379,0.268,1.0,,1787653760442.0486,14.38,-0.56,12.74,0.35,1787653760443.0454,False,,,4,OP1,C3_WIFI_CARGA_ALTA,N3
,0.505,0.377,0.268,1.0,,1787653760548.3235,14.38,-0.4,12.62,0.35,1787653760548.3235,False,,,4,OP1,C3_WIFI_CARGA_ALTA,N3
,0.504,0.375,0.27,1.0,,1787653760570.8894,14.45,-0.32,12.5,0.35,1787653760570.8894,False,,,4,OP1,C3_WIFI_CARGA_ALTA,N3
,0.504,0.375,0.27,1.0,,1787653760609.715,14.45,-0.32,12.5,0.35,1787653760610.723,False,,,4,OP1,C3_WIFI_CARGA_ALTA,N3
,0.504,0.375,0.27,1.0,,1787653760630.1533,14.45,-0.32,12.5,0.35,1787653760630.1533,False,,,4,OP1,C3_WIFI_CARGA_ALTA,N3
,0.504,0.374,0.27,1.0,,1787653760653.3003,14.45,-0.32,12.44,0.35,1787653760653.3003,False,,,4,OP1,C3_WIFI_CARGA_ALTA,N3
,0.504,0.374,0.27,1.0,,1787653760686.8435,14.45,-0.32,12.44,0.35,1787653760686.8435,False,,,4,OP1,C3_WIFI_CARGA_ALTA,N3
,0.503,0.374,0.269,1.0,,1787653760716.0256,14.415,-0.24,12.44,0.35,1787653760716.0256,False,,,4,OP1,C3_WIFI_CARGA_ALTA,N3
,0.503,0.374,0.269,1.0,,1787653760745.585,14.415,-0.24,12.44,0.35,1787653760745.585,False,,,4,OP1,C3_WIFI_CARGA_ALTA,N3
,0.503,0.374,0.27,1.0,,1787653760775.9563,14.45,-0.24,12.44,0.35,1787653760775.9563,False,,,4,OP1,C3_WIFI_CARGA_ALTA,N3
,0.503,0.374,0.27,1.0,,1787653760798.0522,14.45,-0.24,12.44,0.35,1787653760798.0522,False,,,4,OP1,C3_WIFI_CARGA_ALTA,N3
,0.503,0.374,0.269,1.0,,1787653760820.8108,14.415,-0.24,12.44,0.35,1787653760820.8108,False,,,4,OP1,C3_WIFI_CARGA_ALTA,N3
,0.502,0.374,0.269,1.0,,1787653760854.921,14.415,-0.16,12.44,0.35,1787653760854.921,False,,,4,OP1,C3_WIFI_CARGA_ALTA,N3
,0.502,0.374,0.269,1.0,,1787653760884.286,14.415,-0.16,12.44,0.35,1787653760884.286,False,,,4,OP1,C3_WIFI_CARGA_ALTA,N3
,0.502,0.374,0.269,1.0,,1787653760916.072,14.415,-0.16,12.44,0.35,1787653760916.072,False,,,4,OP1,C3_WIFI_CARGA_ALTA,N3
,0.502,0.374,0.269,1.0,,1787653760943.2014,14.415,-0.16,12.44,0.35,1787653760943.2014,False,,,4,OP1,C3_WIFI_CARGA_ALTA,N3
,0.502,0.374,0.27,1.0,,1787653760965.3406,14.45,-0.16,12.44,0.35,1787653760965.3406,False,,,4,OP1,C3_WIFI_CARGA_ALTA,N3
,0.502,0.374,0.27,1.0,,1787653760989.0393,14.45,-0.16,12.44,0.35,1787653760989.0393,False,,,4,OP1,C3_WIFI_CARGA_ALTA,N3
,0.502,0.374,0.271,1.0,,1787653761020.8047,14.485,-0.16,12.44,0.35,1787653761020.8047,False,,,4,OP1,C3_WIFI_CARGA_ALTA,N3
,0.502,0.373,0.271,1.0,,1787653761051.1929,14.485,-0.16,12.38,0.35,1787653761051.1929,False,,,4,OP1,C3_WIFI_CARGA_ALTA,N3
,0.502,0.373,0.271,1.0,,1787653761082.088,14.485,-0.16,12.38,0.35,1787653761082.088,False,,,4,OP1,C3_WIFI_CARGA_ALTA,N3
,0.501,0.373,0.271,1.0,,1787653761102.498,14.485,-0.08,12.38,0.35,1787653761102.498,False,,,4,OP1,C3_WIFI_CARGA_ALTA,N3
,0.501,0.372,0.271,1.0,,1787653761133.5315,14.485,-0.08,12.32,0.35,1787653761133.5315,False,,,4,OP1,C3_WIFI_CARGA_ALTA,N3
,0.501,0.372,0.271,1.0,,1787653761157.188,14.485,-0.08,12.32,0.35,1787653761161.4478,False,,,4,OP1,C3_WIFI_CARGA_ALTA,N3
,0.5,0.372,0.272,1.0,,1787653761185.9573,14.52,0.0,12.32,0.35,1787653761185.9573,False,,,4,OP1,C3_WIFI_CARGA_ALTA,N3
,0.5,0.372,0.272,1.0,,1787653761219.369,14.52,0.0,12.32,0.35,1787653761219.369,False,,,4,OP1,C3_WIFI_CARGA_ALTA,N3
,0.499,0.372,0.272,1.0,,1787653761248.9358,14.52,0.08,12.32,0.35,1787653761249.9385,False,,,4,OP1,C3_WIFI_CARGA_ALTA,N3
,0.499,0.371,0.272,1.0,,1787653761274.1548,14.52,0.08,12.26,0.35,1787653761278.606,False,,,4,OP1,C3_WIFI_CARGA_ALTA,N3
,0.499,0.371,0.272,1.0,,1787653761488.0576,14.52,0.08,12.26,0.35,1787653761488.0576,False,,,4,OP1,C3_WIFI_CARGA_ALTA,N3
,0.501,0.371,0.272,1.0,,1787653761513.1487,14.52,-0.08,12.26,0.35,1787653761513.1487,False,,,4,OP1,C3_WIFI_CARGA_ALTA,N3
,0.502,0.371,0.272,1.0,,1787653761555.8462,14.52,-0.16,12.26,0.35,1787653761556.4224,False,,,4,OP1,C3_WIFI_CARGA_ALTA,N3
,0.501,0.372,0.272,1.0,,1787653761583.0044,14.52,-0.08,12.32,0.35,1787653761583.0044,False,,,4,OP1,C3_WIFI_CARGA_ALTA,N3
,0.501,0.372,0.272,1.0,,1787653761609.4807,14.52,-0.08,12.32,0.35,1787653761609.4807,False,,,4,OP1,C3_WIFI_CARGA_ALTA,N3
,0.501,0.373,0.272,1.0,,1787653761639.4165,14.52,-0.08,12.38,0.35,1787653761639.4165,False,,,4,OP1,C3_WIFI_CARGA_ALTA,N3
,0.501,0.373,0.272,1.0,,1787653761660.4343,14.52,-0.08,12.38,0.35,1787653761660.4343,False,,,4,OP1,C3_WIFI_CARGA_ALTA,N3
,0.501,0.373,0.272,1.0,,1787653761680.7302,14.52,-0.08,12.38,0.35,1787653761680.7302,False,,,4,OP1,C3_WIFI_CARGA_ALTA,N3
,0.501,0.373,0.272,1.0,,1787653761719.8606,14.52,-0.08,12.38,0.35,1787653761719.8606,False,,,4,OP1,C3_WIFI_CARGA_ALTA,N3
,0.502,0.372,0.273,1.0,,1787653761744.9124,14.555,-0.16,12.32,0.35,1787653761746.054,False,,,4,OP1,C3_WIFI_CARGA_ALTA,N3
,0.502,0.372,0.274,1.0,,1787653761765.4336,14.59,-0.16,12.32,0.35,1787653761765.4336,False,,,4,OP1,C3_WIFI_CARGA_ALTA,N3
,0.502,0.372,0.274,1.0,,1787653761804.381,14.59,-0.16,12.32,0.35,1787653761804.381,False,,,4,OP1,C3_WIFI_CARGA_ALTA,N3
,0.502,0.371,0.275,1.0,,1787653761824.44,14.625,-0.16,12.26,0.35,1787653761824.44,False,,,4,OP1,C3_WIFI_CARGA_ALTA,N3
,0.502,0.371,0.275,1.0,,1787653761860.1123,14.625,-0.16,12.26,0.35,1787653761862.4626,False,,,4,OP1,C3_WIFI_CARGA_ALTA,N3
,0.502,0.371,0.276,1.0,,1787653761889.9587,14.66,-0.16,12.26,0.35,1787653761889.9587,False,,,4,OP1,C3_WIFI_CARGA_ALTA,N3
,0.503,0.371,0.276,1.0,,1787653761916.8877,14.66,-0.24,12.26,0.35,1787653761916.8877,False,,,4,OP1,C3_WIFI_CARGA_ALTA,N3
,0.502,0.371,0.276,1.0,,1787653761958.2876,14.66,-0.16,12.26,0.35,1787653761958.2876,False,,,4,OP1,C3_WIFI_CARGA_ALTA,N3
,0.502,0.371,0.276,1.0,,1787653761992.8074,14.66,-0.16,12.26,0.35,1787653761992.8074,False,,,4,OP1,C3_WIFI_CARGA_ALTA,N3
,0.502,0.371,0.276,1.0,,1787653762018.3289,14.66,-0.16,12.26,0.35,1787653762018.3289,False,,,4,OP1,C3_WIFI_CARGA_ALTA,N3
,0.502,0.371,0.275,1.0,,1787653762056.3032,14.625,-0.16,12.26,0.35,1787653762056.3032,False,,,4,OP1,C3_WIFI_CARGA_ALTA,N3
,0.502,0.371,0.275,1.0,,1787653762084.812,14.625,-0.16,12.26,0.35,1787653762084.812,False,,,4,OP1,C3_WIFI_CARGA_ALTA,N3
,0.502,0.372,0.274,1.0,,1787653762139.6118,14.59,-0.16,12.32,0.35,1787653762139.6118,False,,,4,OP1,C3_WIFI_CARGA_ALTA,N3
,0.502,0.372,0.273,1.0,,1787653762160.9116,14.555,-0.16,12.32,0.35,1787653762162.627,False,,,4,OP1,C3_WIFI_CARGA_ALTA,N3
,0.501,0.373,0.272,1.0,,1787653762186.2185,14.52,-0.08,12.38,0.35,1787653762186.2185,False,,,4,OP1,C3_WIFI_CARGA_ALTA,N3
,0.501,0.373,0.271,1.0,,1787653762222.2852,14.485,-0.08,12.38,0.35,1787653762224.7715,False,,,4,OP1,C3_WIFI_CARGA_ALTA,N3
,0.501,0.374,0.271,1.0,,1787653762252.0374,14.485,-0.08,12.44,0.35,1787653762252.543,False,,,4,OP1,C3_WIFI_CARGA_ALTA,N3
,0.501,0.373,0.271,1.0,,1787653762304.5195,14.485,-0.08,12.38,0.35,1787653762304.5195,False,,,4,OP1,C3_WIFI_CARGA_ALTA,N3
,0.501,0.373,0.271,1.0,,1787653762333.308,14.485,-0.08,12.38,0.35,1787653762333.308,False,,,4,OP1,C3_WIFI_CARGA_ALTA,N3
,0.501,0.373,0.271,1.0,,1787653762389.8738,14.485,-0.08,12.38,0.35,1787653762389.8738,False,,,4,OP1,C3_WIFI_CARGA_ALTA,N3
,0.501,0.373,0.271,1.0,,1787653762419.123,14.485,-0.08,12.38,0.35,1787653762419.123,False,,,4,OP1,C3_WIFI_CARGA_ALTA,N3
,0.502,0.373,0.271,1.0,,1787653762445.5474,14.485,-0.16,12.38,0.35,1787653762445.5474,False,,,4,OP1,C3_WIFI_CARGA_ALTA,N3
,0.501,0.373,0.272,1.0,,1787653762496.379,14.52,-0.08,12.38,0.35,1787653762496.379,False,,,4,OP1,C3_WIFI_CARGA_ALTA,N3
,0.502,0.373,0.271,1.0,,1787653762517.285,14.485,-0.16,12.38,0.35,1787653762518.3098,False,,,4,OP1,C3_WIFI_CARGA_ALTA,N3
,0.502,0.373,0.271,1.0,,1787653762558.587,14.485,-0.16,12.38,0.35,1787653762560.0657,False,,,4,OP1,C3_WIFI_CARGA_ALTA,N3
,0.502,0.373,0.271,1.0,,1787653762585.2056,14.485,-0.16,12.38,0.35,1787653762585.2056,False,,,4,OP1,C3_WIFI_CARGA_ALTA,N3
,0.502,0.373,0.272,1.0,,1787653762630.9397,14.52,-0.16,12.38,0.35,1787653762630.9397,False,,,4,OP1,C3_WIFI_CARGA_ALTA,N3
,0.503,0.373,0.271,1.0,,1787653762665.663,14.485,-0.24,12.38,0.35,1787653762665.663,False,,,4,OP1,C3_WIFI_CARGA_ALTA,N3
,0.503,0.373,0.271,1.0,,1787653762693.7815,14.485,-0.24,12.38,0.35,1787653762698.2476,False,,,4,OP1,C3_WIFI_CARGA_ALTA,N3
,0.502,0.373,0.271,1.0,,1787653762725.7363,14.485,-0.16,12.38,0.35,1787653762725.7363,False,,,4,OP1,C3_WIFI_CARGA_ALTA,N3
,0.502,0.373,0.27,1.0,,1787653762752.4932,14.45,-0.16,12.38,0.35,1787653762752.4932,False,,,4,OP1,C3_WIFI_CARGA_ALTA,N3
,0.502,0.373,0.27,1.0,,1787653762801.5884,14.45,-0.16,12.38,0.35,1787653762801.5884,False,,,4,OP1,C3_WIFI_CARGA_ALTA,N3
,0.502,0.373,0.271,1.0,,1787653762832.5586,14.485,-0.16,12.38,0.35,1787653762837.0305,False,,,4,OP1,C3_WIFI_CARGA_ALTA,N3
,0.502,0.373,0.271,1.0,,1787653762890.7114,14.485,-0.16,12.38,0.35,1787653762890.7114,False,,,4,OP1,C3_WIFI_CARGA_ALTA,N3
,0.503,0.373,0.27,1.0,,1787653762920.6816,14.45,-0.24,12.38,0.35,1787653762920.6816,False,,,4,OP1,C3_WIFI_CARGA_ALTA,N3
,0.503,0.373,0.269,1.0,,1787653762966.9795,14.415,-0.24,12.38,0.35,1787653762970.2876,False,,,4,OP1,C3_WIFI_CARGA_ALTA,N3
,0.504,0.374,0.268,1.0,,1787653763001.4873,14.38,-0.32,12.44,0.35,1787653763002.327,False,,,4,OP1,C3_WIFI_CARGA_ALTA,N3
,0.504,0.374,0.268,1.0,,1787653763058.9978,14.38,-0.32,12.44,0.35,1787653763058.9978,False,,,4,OP1,C3_WIFI_CARGA_ALTA,N3
,0.503,0.374,0.268,1.0,,1787653763086.1318,14.38,-0.24,12.44,0.35,1787653763088.1384,False,,,4,OP1,C3_WIFI_CARGA_ALTA,N3
,0.503,0.375,0.268,1.0,,1787653763136.2168,14.38,-0.24,12.5,0.35,1787653763136.2168,False,,,4,OP1,C3_WIFI_CARGA_ALTA,N3
,0.502,0.375,0.268,1.0,,1787653763168.9724,14.38,-0.16,12.5,0.35,1787653763170.2954,False,,,4,OP1,C3_WIFI_CARGA_ALTA,N3
,0.502,0.375,0.268,1.0,,1787653763189.4792,14.38,-0.16,12.5,0.35,1787653763189.4792,False,,,4,OP1,C3_WIFI_CARGA_ALTA,N3
,0.502,0.376,0.267,1.0,,1787653763223.631,14.345,-0.16,12.56,0.35,1787653763227.6628,False,,,4,OP1,C3_WIFI_CARGA_ALTA,N3
,0.502,0.376,0.267,1.0,,1787653763252.532,14.345,-0.16,12.56,0.35,1787653763252.532,False,,,4,OP1,C3_WIFI_CARGA_ALTA,N3
,0.502,0.376,0.267,1.0,,1787653763307.8164,14.345,-0.16,12.56,0.35,1787653763311.5566,False,,,4,OP1,C3_WIFI_CARGA_ALTA,N3
,0.503,0.376,0.267,1.0,,1787653763330.4275,14.345,-0.24,12.56,0.35,1787653763331.467,False,,,4,OP1,C3_WIFI_CARGA_ALTA,N3
,0.503,0.376,0.267,1.0,,1787653763574.243,14.345,-0.24,12.56,0.35,1787653763576.6748,False,,,4,OP1,C3_WIFI_CARGA_ALTA,N3
,0.504,0.376,0.268,1.0,,1787653763605.8604,14.38,-0.32,12.56,0.35,1787653763605.8604,False,,,4,OP1,C3_WIFI_CARGA_ALTA,N3
,0.504,0.376,0.267,1.0,,1787653763638.771,14.345,-0.32,12.56,0.35,1787653763638.771,False,,,4,OP1,C3_WIFI_CARGA_ALTA,N3
,0.504,0.376,0.267,1.0,,1787653763668.1846,14.345,-0.32,12.56,0.35,1787653763668.1846,False,,,4,OP1,C3_WIFI_CARGA_ALTA,N3
,0.504,0.376,0.267,1.0,,1787653763697.1255,14.345,-0.32,12.56,0.35,1787653763697.1255,False,,,4,OP1,C3_WIFI_CARGA_ALTA,N3
,0.504,0.376,0.266,1.0,,1787653763725.5652,14.31,-0.32,12.56,0.35,1787653763725.5652,False,,,4,OP1,C3_WIFI_CARGA_ALTA,N3
,0.504,0.376,0.266,1.0,,1787653763773.6953,14.31,-0.32,12.56,0.35,1787653763773.6953,False,,,4,OP1,C3_WIFI_CARGA_ALTA,N3
,0.503,0.376,0.266,1.0,,1787653763806.4973,14.31,-0.24,12.56,0.35,1787653763807.835,False,,,4,OP1,C3_WIFI_CARGA_ALTA,N3
,0.503,0.375,0.266,1.0,,1787653763836.526,14.31,-0.24,12.5,0.35,1787653763836.526,False,,,4,OP1,C3_WIFI_CARGA_ALTA,N3
,0.503,0.375,0.266,1.0,,1787653763865.5789,14.31,-0.24,12.5,0.35,1787653763865.5789,False,,,4,OP1,C3_WIFI_CARGA_ALTA,N3
,0.503,0.375,0.266,1.0,,1787653763894.223,14.31,-0.24,12.5,0.35,1787653763894.223,False,,,4,OP1,C3_WIFI_CARGA_ALTA,N3
,0.503,0.375,0.267,1.0,,1787653763920.0413,14.345,-0.24,12.5,0.35,1787653763920.0413,False,,,4,OP1,C3_WIFI_CARGA_ALTA,N3
,0.502,0.375,0.266,1.0,,1787653763941.2512,14.31,-0.16,12.5,0.35,1787653763941.2512,False,,,4,OP1,C3_WIFI_CARGA_ALTA,N3
,0.502,0.374,0.266,1.0,,1787653763970.7234,14.31,-0.16,12.44,0.35,1787653763970.7234,False,,,4,OP1,C3_WIFI_CARGA_ALTA,N3
,0.502,0.374,0.266,1.0,,1787653763991.1338,14.31,-0.16,12.44,0.35,1787653763991.1338,False,,,4,OP1,C3_WIFI_CARGA_ALTA,N3
,0.502,0.374,0.266,1.0,,1787653764032.1746,14.31,-0.16,12.44,0.35,1787653764032.1746,False,,,4,OP1,C3_WIFI_CARGA_ALTA,N3
,0.502,0.374,0.266,1.0,,1787653764227.327,14.31,-0.16,12.44,0.35,1787653764227.327,False,,,4,OP1,C3_WIFI_CARGA_ALTA,N3
,0.502,0.373,0.267,1.0,,1787653764247.544,14.345,-0.16,12.38,0.35,1787653764248.4802,False,,,4,OP1,C3_WIFI_CARGA_ALTA,N3
,0.502,0.373,0.267,1.0,,1787653764277.4346,14.345,-0.16,12.38,0.35,1787653764279.2844,False,,,4,OP1,C3_WIFI_CARGA_ALTA,N3
,0.502,0.373,0.267,1.0,,1787653764313.0027,14.345,-0.16,12.38,0.35,1787653764313.0027,False,,,4,OP1,C3_WIFI_CARGA_ALTA,N3
,0.502,0.373,0.267,1.0,,1787653764366.8518,14.345,-0.16,12.38,0.35,1787653764368.9326,False,,,4,OP1,C3_WIFI_CARGA_ALTA,N3
,0.502,0.373,0.267,1.0,,1787653764394.411,14.345,-0.16,12.38,0.35,1787653764394.411,False,,,4,OP1,C3_WIFI_CARGA_ALTA,N3
,0.502,0.373,0.267,1.0,,1787653764416.6646,14.345,-0.16,12.38,0.35,1787653764416.6646,False,,,4,OP1,C3_WIFI_CARGA_ALTA,N3
,0.502,0.373,0.267,1.0,,1787653764449.0903,14.345,-0.16,12.38,0.35,1787653764449.0903,False,,,4,OP1,C3_WIFI_CARGA_ALTA,N3
,0.502,0.373,0.267,1.0,,1787653764479.0647,14.345,-0.16,12.38,0.35,1787653764479.0647,False,,,4,OP1,C3_WIFI_CARGA_ALTA,N3
,0.501,0.373,0.267,1.0,,1787653764532.9343,14.345,-0.08,12.38,0.35,1787653764532.9343,False,,,4,OP1,C3_WIFI_CARGA_ALTA,N3
,0.501,0.373,0.267,1.0,,1787653764579.755,14.345,-0.08,12.38,0.35,1787653764579.755,False,,,4,OP1,C3_WIFI_CARGA_ALTA,N3
,0.502,0.372,0.268,1.0,,1787653764830.5813,14.38,-0.16,12.32,0.35,1787653764830.5813,False,,,4,OP1,C3_WIFI_CARGA_ALTA,N3
,0.502,0.37,0.272,1.0,,1787653764998.9922,14.52,-0.16,12.2,0.35,1787653764998.9922,False,,,4,OP1,C3_WIFI_CARGA_ALTA,N3
,0.502,0.37,0.274,1.0,,1787653765033.666,14.59,-0.16,12.2,0.35,1787653765033.666,False,,,4,OP1,C3_WIFI_CARGA_ALTA,N3
,0.503,0.369,0.275,1.0,,1787653765084.1934,14.625,-0.24,12.14,0.35,1787653765084.1934,False,,,4,OP1,C3_WIFI_CARGA_ALTA,N3
,0.502,0.369,0.275,1.0,,1787653765117.3306,14.625,-0.16,12.14,0.35,1787653765117.3306,False,,,4,OP1,C3_WIFI_CARGA_ALTA,N3
,0.502,0.369,0.275,1.0,,1787653765148.2473,14.625,-0.16,12.14,0.35,1787653765148.2473,False,,,4,OP1,C3_WIFI_CARGA_ALTA,N3
,0.502,0.369,0.275,1.0,,1787653765201.9043,14.625,-0.16,12.14,0.35,1787653765203.9143,False,,,4,OP1,C3_WIFI_CARGA_ALTA,N3
,0.502,0.369,0.275,1.0,,1787653765251.7534,14.625,-0.16,12.14,0.35,1787653765252.6736,False,,,4,OP1,C3_WIFI_CARGA_ALTA,N3
,0.502,0.369,0.276,1.0,,1787653765285.3765,14.66,-0.16,12.14,0.35,1787653765285.3765,False,,,4,OP1,C3_WIFI_CARGA_ALTA,N3
,0.502,0.368,0.276,1.0,,1787653765314.3862,14.66,-0.16,12.08,0.35,1787653765314.3862,False,,,4,OP1,C3_WIFI_CARGA_ALTA,N3
,0.502,0.368,0.276,1.0,,1787653765334.8574,14.66,-0.16,12.08,0.35,1787653765334.8574,False,,,4,OP1,C3_WIFI_CARGA_ALTA,N3
,0.502,0.368,0.276,1.0,,1787653765368.619,14.66,-0.16,12.08,0.35,1787653765368.619,False,,,4,OP1,C3_WIFI_CARGA_ALTA,N3
,0.502,0.369,0.276,1.0,,1787653765419.4722,14.66,-0.16,12.14,0.35,1787653765419.4722,False,,,4,OP1,C3_WIFI_CARGA_ALTA,N3
,0.502,0.369,0.276,1.0,,1787653765453.3047,14.66,-0.16,12.14,0.35,1787653765453.3047,False,,,4,OP1,C3_WIFI_CARGA_ALTA,N3
,0.502,0.369,0.276,1.0,,1787653765481.4731,14.66,-0.16,12.14,0.35,1787653765481.4731,False,,,4,OP1,C3_WIFI_CARGA_ALTA,N3
,0.502,0.369,0.276,1.0,,1787653765502.2632,14.66,-0.16,12.14,0.35,1787653765502.2632,False,,,4,OP1,C3_WIFI_CARGA_ALTA,N3
,0.502,0.368,0.276,1.0,,1787653765536.6016,14.66,-0.16,12.08,0.35,1787653765536.6016,False,,,4,OP1,C3_WIFI_CARGA_ALTA,N3
,0.502,0.368,0.276,1.0,,1787653765557.7249,14.66,-0.16,12.08,0.35,1787653765557.7249,False,,,4,OP1,C3_WIFI_CARGA_ALTA,N3
,0.502,0.368,0.276,1.0,,1787653765587.472,14.66,-0.16,12.08,0.35,1787653765587.472,False,,,4,OP1,C3_WIFI_CARGA_ALTA,N3
,0.502,0.368,0.276,1.0,,1787653765621.181,14.66,-0.16,12.08,0.35,1787653765621.181,False,,,4,OP1,C3_WIFI_CARGA_ALTA,N3
,0.502,0.368,0.276,1.0,,1787653765648.6572,14.66,-0.16,12.08,0.35,1787653765648.6572,False,,,4,OP1,C3_WIFI_CARGA_ALTA,N3
,0.503,0.368,0.276,1.0,,1787653765669.6853,14.66,-0.24,12.08,0.35,1787653765669.6853,False,,,4,OP1,C3_WIFI_CARGA_ALTA,N3
,0.502,0.369,0.276,1.0,,1787653765704.506,14.66,-0.16,12.14,0.35,1787653765704.506,False,,,4,OP1,C3_WIFI_CARGA_ALTA,N3
,0.502,0.369,0.276,1.0,,1787653765755.3667,14.66,-0.16,12.14,0.35,1787653765755.3667,False,,,4,OP1,C3_WIFI_CARGA_ALTA,N3
,0.502,0.369,0.276,1.0,,1787653765785.2908,14.66,-0.16,12.14,0.35,1787653765789.3413,False,,,4,OP1,C3_WIFI_CARGA_ALTA,N3
,0.502,0.369,0.276,1.0,,1787653765815.755,14.66,-0.16,12.14,0.35,1787653765816.5583,False,,,4,OP1,C3_WIFI_CARGA_ALTA,N3
,0.502,0.37,0.276,1.0,,1787653765839.298,14.66,-0.16,12.2,0.35,1787653765839.298,False,,,4,OP1,C3_WIFI_CARGA_ALTA,N3
,0.502,0.369,0.276,1.0,,1787653765872.35,14.66,-0.16,12.14,0.35,1787653765872.35,False,,,4,OP1,C3_WIFI_CARGA_ALTA,N3
,0.502,0.369,0.275,1.0,,1787653765923.6016,14.625,-0.16,12.14,0.35,1787653765923.6016,False,,,4,OP1,C3_WIFI_CARGA_ALTA,N3
,0.502,0.369,0.275,1.0,,1787653765955.534,14.625,-0.16,12.14,0.35,1787653765955.534,False,,,4,OP1,C3_WIFI_CARGA_ALTA,N3
,0.502,0.369,0.275,1.0,,1787653765982.0078,14.625,-0.16,12.14,0.35,1787653765982.0078,False,,,4,OP1,C3_WIFI_CARGA_ALTA,N3
,0.502,0.369,0.275,1.0,,1787653766007.3115,14.625,-0.16,12.14,0.35,1787653766007.3115,False,,,4,OP1,C3_WIFI_CARGA_ALTA,N3
,0.502,0.369,0.275,1.0,,1787653766028.3186,14.625,-0.16,12.14,0.35,1787653766028.3186,False,,,4,OP1,C3_WIFI_CARGA_ALTA,N3
,0.502,0.369,0.275,1.0,,1787653766057.9983,14.625,-0.16,12.14,0.35,1787653766062.1687,False,,,4,OP1,C3_WIFI_CARGA_ALTA,N3
,0.502,0.369,0.275,1.0,,1787653766091.8047,14.625,-0.16,12.14,0.35,1787653766091.8047,False,,,4,OP1,C3_WIFI_CARGA_ALTA,N3
,0.502,0.369,0.275,1.0,,1787653766121.1897,14.625,-0.16,12.14,0.35,1787653766121.1897,False,,,4,OP1,C3_WIFI_CARGA_ALTA,N3
,0.502,0.369,0.275,1.0,,1787653766149.4175,14.625,-0.16,12.14,0.35,1787653766149.4175,False,,,4,OP1,C3_WIFI_CARGA_ALTA,N3
,0.502,0.37,0.274,1.0,,1787653766174.1135,14.59,-0.16,12.2,0.35,1787653766174.1135,False,,,4,OP1,C3_WIFI_CARGA_ALTA,N3
,0.502,0.37,0.274,1.0,,1787653766225.8464,14.59,-0.16,12.2,0.35,1787653766225.8464,False,,,4,OP1,C3_WIFI_CARGA_ALTA,N3
,0.502,0.371,0.273,1.0,,1787653766260.1038,14.555,-0.16,12.26,0.35,1787653766260.1038,False,,,4,OP1,C3_WIFI_CARGA_ALTA,N3
,0.502,0.371,0.273,1.0,,1787653766289.0286,14.555,-0.16,12.26,0.35,1787653766289.0286,False,,,4,OP1,C3_WIFI_CARGA_ALTA,N3
,0.501,0.37,0.273,1.0,,1787653766316.6023,14.555,-0.08,12.2,0.35,1787653766316.6023,False,,,4,OP1,C3_WIFI_CARGA_ALTA,N3
,0.501,0.371,0.272,1.0,,1787653766342.95,14.52,-0.08,12.26,0.35,1787653766342.95,False,,,4,OP1,C3_WIFI_CARGA_ALTA,N3
,0.501,0.371,0.272,1.0,,1787653766397.095,14.52,-0.08,12.26,0.35,1787653766401.4878,False,,,4,OP1,C3_WIFI_CARGA_ALTA,N3
,0.501,0.371,0.272,1.0,,1787653766425.4182,14.52,-0.08,12.26,0.35,1787653766425.4182,False,,,4,OP1,C3_WIFI_CARGA_ALTA,N3
,0.501,0.372,0.271,1.0,,1787653766457.1487,14.485,-0.08,12.32,0.35,1787653766458.1602,False,,,4,OP1,C3_WIFI_CARGA_ALTA,N3
,0.501,0.372,0.271,1.0,,1787653766480.934,14.485,-0.08,12.32,0.35,1787653766480.934,False,,,4,OP1,C3_WIFI_CARGA_ALTA,N3
,0.502,0.372,0.271,1.0,,1787653766511.6765,14.485,-0.16,12.32,0.35,1787653766511.6765,False,,,4,OP1,C3_WIFI_CARGA_ALTA,N3
,0.502,0.372,0.271,1.0,,1787653766562.91,14.485,-0.16,12.32,0.35,1787653766562.91,False,,,4,OP1,C3_WIFI_CARGA_ALTA,N3
,0.502,0.372,0.271,1.0,,1787653766594.2598,14.485,-0.16,12.32,0.35,1787653766594.2598,False,,,4,OP1,C3_WIFI_CARGA_ALTA,N3
,0.502,0.372,0.271,1.0,,1787653766622.7266,14.485,-0.16,12.32,0.35,1787653766622.7266,False,,,4,OP1,C3_WIFI_CARGA_ALTA,N3
,0.502,0.372,0.271,1.0,,1787653766651.309,14.485,-0.16,12.32,0.35,1787653766651.309,False,,,4,OP1,C3_WIFI_CARGA_ALTA,N3
,0.502,0.373,0.271,1.0,,1787653766678.501,14.485,-0.16,12.38,0.35,1787653766678.501,False,,,4,OP1,C3_WIFI_CARGA_ALTA,N3
,0.502,0.373,0.27,1.0,,1787653766720.767,14.45,-0.16,12.38,0.35,1787653766721.57,False,,,4,OP1,C3_WIFI_CARGA_ALTA,N3
,0.502,0.373,0.27,1.0,,1787653766762.804,14.45,-0.16,12.38,0.35,1787653766763.8142,False,,,4,OP1,C3_WIFI_CARGA_ALTA,N3
,0.502,0.373,0.269,1.0,,1787653766790.4336,14.415,-0.16,12.38,0.35,1787653766791.162,False,,,4,OP1,C3_WIFI_CARGA_ALTA,N3
,0.502,0.372,0.269,1.0,,1787653766847.0898,14.415,-0.16,12.32,0.35,1787653766847.0898,False,,,4,OP1,C3_WIFI_CARGA_ALTA,N3
,0.502,0.372,0.268,1.0,,1787653766888.7336,14.38,-0.16,12.32,0.35,1787653766888.7336,False,,,4,OP1,C3_WIFI_CARGA_ALTA,N3
,0.502,0.372,0.268,1.0,,1787653766927.6338,14.38,-0.16,12.32,0.35,1787653766927.6338,False,,,4,OP1,C3_WIFI_CARGA_ALTA,N3
,0.502,0.372,0.268,1.0,,1787653766955.6875,14.38,-0.16,12.32,0.35,1787653766955.6875,False,,,4,OP1,C3_WIFI_CARGA_ALTA,N3
,0.502,0.372,0.268,1.0,,1787653767001.282,14.38,-0.16,12.32,0.35,1787653767001.282,False,,,4,OP1,C3_WIFI_CARGA_ALTA,N3
,0.502,0.372,0.268,1.0,,1787653767033.8918,14.38,-0.16,12.32,0.35,1787653767033.8918,False,,,4,OP1,C3_WIFI_CARGA_ALTA,N3
,0.502,0.372,0.268,1.0,,1787653767057.364,14.38,-0.16,12.32,0.35,1787653767057.364,False,,,4,OP1,C3_WIFI_CARGA_ALTA,N3
,0.502,0.372,0.269,1.0,,1787653767095.696,14.415,-0.16,12.32,0.35,1787653767095.696,False,,,4,OP1,C3_WIFI_CARGA_ALTA,N3
,0.502,0.372,0.27,1.0,,1787653767124.3508,14.45,-0.16,12.32,0.35,1787653767124.3508,False,,,4,OP1,C3_WIFI_CARGA_ALTA,N3
,0.502,0.372,0.269,1.0,,1787653767167.3716,14.415,-0.16,12.32,0.35,1787653767167.3716,False,,,4,OP1,C3_WIFI_CARGA_ALTA,N3
,0.502,0.372,0.269,1.0,,1787653767201.4397,14.415,-0.16,12.32,0.35,1787653767201.4397,False,,,4,OP1,C3_WIFI_CARGA_ALTA,N3
,0.502,0.372,0.268,1.0,,1787653767225.1882,14.38,-0.16,12.32,0.35,1787653767226.1963,False,,,4,OP1,C3_WIFI_CARGA_ALTA,N3
,0.502,0.372,0.268,1.0,,1787653767263.7412,14.38,-0.16,12.32,0.35,1787653767263.7412,False,,,4,OP1,C3_WIFI_CARGA_ALTA,N3
,0.502,0.372,0.269,1.0,,1787653767289.3623,14.415,-0.16,12.32,0.35,1787653767289.3623,False,,,4,OP1,C3_WIFI_CARGA_ALTA,N3
,0.502,0.372,0.268,1.0,,1787653767335.0354,14.38,-0.16,12.32,0.35,1787653767337.3662,False,,,4,OP1,C3_WIFI_CARGA_ALTA,N3
,0.502,0.372,0.269,1.0,,1787653767368.986,14.415,-0.16,12.32,0.35,1787653767368.986,False,,,4,OP1,C3_WIFI_CARGA_ALTA,N3
,0.502,0.371,0.269,1.0,,1787653767393.9695,14.415,-0.16,12.26,0.35,1787653767393.9695,False,,,4,OP1,C3_WIFI_CARGA_ALTA,N3
,0.502,0.371,0.269,1.0,,1787653767432.1155,14.415,-0.16,12.26,0.35,1787653767432.1155,False,,,4,OP1,C3_WIFI_CARGA_ALTA,N3
,0.502,0.371,0.27,1.0,,1787653767459.6348,14.45,-0.16,12.26,0.35,1787653767459.6348,False,,,4,OP1,C3_WIFI_CARGA_ALTA,N3
,0.502,0.371,0.27,1.0,,1787653767502.818,14.45,-0.16,12.26,0.35,1787653767505.6433,False,,,4,OP1,C3_WIFI_CARGA_ALTA,N3
,0.502,0.371,0.27,1.0,,1787653767536.6887,14.45,-0.16,12.26,0.35,1787653767536.6887,False,,,4,OP1,C3_WIFI_CARGA_ALTA,N3
,0.502,0.371,0.27,1.0,,1787653767561.4397,14.45,-0.16,12.26,0.35,1787653767561.4397,False,,,4,OP1,C3_WIFI_CARGA_ALTA,N3
,0.503,0.37,0.27,1.0,,1787653767597.1624,14.45,-0.24,12.2,0.35,1787653767597.1624,False,,,4,OP1,C3_WIFI_CARGA_ALTA,N3
,0.503,0.37,0.27,1.0,,1787653767623.6587,14.45,-0.24,12.2,0.35,1787653767623.6587,False,,,4,OP1,C3_WIFI_CARGA_ALTA,N3
,0.503,0.37,0.27,1.0,,1787653767645.4124,14.45,-0.24,12.2,0.35,1787653767645.9429,False,,,4,OP1,C3_WIFI_CARGA_ALTA,N3
,0.502,0.37,0.271,1.0,,1787653767670.4348,14.485,-0.16,12.2,0.35,1787653767670.4348,False,,,4,OP1,C3_WIFI_CARGA_ALTA,N3
,0.502,0.37,0.271,1.0,,1787653767704.0396,14.485,-0.16,12.2,0.35,1787653767704.0396,False,,,4,OP1,C3_WIFI_CARGA_ALTA,N3
,0.502,0.371,0.27,1.0,,1787653767855.975,14.45,-0.16,12.26,0.35,1787653767855.975,False,,,4,OP1,C3_WIFI_CARGA_ALTA,N3
,0.501,0.371,0.269,1.0,,1787653768022.822,14.415,-0.08,12.26,0.35,1787653768022.822,False,,,4,OP1,C3_WIFI_CARGA_ALTA,N3
,0.502,0.372,0.27,1.0,,1787653768065.2207,14.45,-0.16,12.32,0.35,1787653768065.2207,False,,,4,OP1,C3_WIFI_CARGA_ALTA,N3
,0.502,0.372,0.27,1.0,,1787653768097.9966,14.45,-0.16,12.32,0.35,1787653768097.9966,False,,,4,OP1,C3_WIFI_CARGA_ALTA,N3
,0.501,0.372,0.27,1.0,,1787653768126.4504,14.45,-0.08,12.32,0.35,1787653768126.4504,False,,,4,OP1,C3_WIFI_CARGA_ALTA,N3
,0.501,0.372,0.27,1.0,,1787653768147.352,14.45,-0.08,12.32,0.35,1787653768147.352,False,,,4,OP1,C3_WIFI_CARGA_ALTA,N3
,0.501,0.371,0.271,1.0,,1787653768175.2644,14.485,-0.08,12.26,0.35,1787653768175.2644,False,,,4,OP1,C3_WIFI_CARGA_ALTA,N3
,0.5,0.371,0.271,1.0,,1787653768208.5037,14.485,0.0,12.26,0.35,1787653768208.5037,False,,,4,OP1,C3_WIFI_CARGA_ALTA,N3
,0.5,0.371,0.271,1.0,,1787653768229.6335,14.485,0.0,12.26,0.35,1787653768229.6335,False,,,4,OP1,C3_WIFI_CARGA_ALTA,N3
,0.5,0.371,0.271,1.0,,1787653768265.8462,14.485,0.0,12.26,0.35,1787653768265.8462,False,,,4,OP1,C3_WIFI_CARGA_ALTA,N3
,0.5,0.37,0.272,1.0,,1787653768293.8037,14.52,0.0,12.2,0.35,1787653768293.8037,False,,,4,OP1,C3_WIFI_CARGA_ALTA,N3
,0.5,0.37,0.271,1.0,,1787653768342.8992,14.485,0.0,12.2,0.35,1787653768342.8992,False,,,4,OP1,C3_WIFI_CARGA_ALTA,N3
,0.5,0.37,0.271,1.0,,1787653768377.1648,14.485,0.0,12.2,0.35,1787653768379.1729,False,,,4,OP1,C3_WIFI_CARGA_ALTA,N3
,0.5,0.37,0.271,1.0,,1787653768398.2454,14.485,0.0,12.2,0.35,1787653768398.2454,False,,,4,OP1,C3_WIFI_CARGA_ALTA,N3
,0.5,0.37,0.271,1.0,,1787653768432.6912,14.485,0.0,12.2,0.35,1787653768432.6912,False,,,4,OP1,C3_WIFI_CARGA_ALTA,N3
,0.5,0.37,0.271,1.0,,1787653768459.7688,14.485,0.0,12.2,0.35,1787653768459.7688,False,,,4,OP1,C3_WIFI_CARGA_ALTA,N3
,0.499,0.37,0.271,1.0,,1787653768509.7727,14.485,0.08,12.2,0.35,1787653768509.7727,False,,,4,OP1,C3_WIFI_CARGA_ALTA,N3
,0.499,0.369,0.27,1.0,,1787653768708.174,14.45,0.08,12.14,0.35,1787653768708.174,False,,,4,OP1,C3_WIFI_CARGA_ALTA,N3
,0.499,0.37,0.269,1.0,,1787653768748.131,14.415,0.08,12.2,0.35,1787653768748.131,False,,,4,OP1,C3_WIFI_CARGA_ALTA,N3
,0.498,0.37,0.267,1.0,,1787653768768.807,14.345,0.16,12.2,0.35,1787653768768.807,False,,,4,OP1,C3_WIFI_CARGA_ALTA,N3
,0.498,0.37,0.266,1.0,,1787653768791.787,14.31,0.16,12.2,0.35,1787653768791.787,False,,,4,OP1,C3_WIFI_CARGA_ALTA,N3
,0.498,0.37,0.266,1.0,,1787653768848.2693,14.31,0.16,12.2,0.35,1787653768848.2693,False,,,4,OP1,C3_WIFI_CARGA_ALTA,N3
,0.498,0.37,0.266,1.0,,1787653768876.1409,14.31,0.16,12.2,0.35,1787653768880.224,False,,,4,OP1,C3_WIFI_CARGA_ALTA,N3
,0.498,0.371,0.266,1.0,,1787653768896.39,14.31,0.16,12.26,0.35,1787653768896.39,False,,,4,OP1,C3_WIFI_CARGA_ALTA,N3
,0.499,0.371,0.266,1.0,,1787653768933.9355,14.31,0.08,12.26,0.35,1787653768933.9355,False,,,4,OP1,C3_WIFI_CARGA_ALTA,N3
,0.499,0.371,0.265,1.0,,1787653768981.3784,14.275,0.08,12.26,0.35,1787653768981.3784,False,,,4,OP1,C3_WIFI_CARGA_ALTA,N3
,0.499,0.371,0.265,1.0,,1787653769017.7532,14.275,0.08,12.26,0.35,1787653769017.7532,False,,,4,OP1,C3_WIFI_CARGA_ALTA,N3
,0.5,0.371,0.266,1.0,,1787653769044.942,14.31,0.0,12.26,0.35,1787653769044.942,False,,,4,OP1,C3_WIFI_CARGA_ALTA,N3
,0.5,0.371,0.266,1.0,,1787653769098.3042,14.31,0.0,12.26,0.35,1787653769101.4597,False,,,4,OP1,C3_WIFI_CARGA_ALTA,N3
,0.499,0.371,0.265,1.0,,1787653769149.307,14.275,0.08,12.26,0.35,1787653769149.307,False,,,4,OP1,C3_WIFI_CARGA_ALTA,N3
,0.499,0.371,0.265,1.0,,1787653769182.526,14.275,0.08,12.26,0.35,1787653769182.526,False,,,4,OP1,C3_WIFI_CARGA_ALTA,N3
,0.499,0.371,0.264,1.0,,1787653769212.063,14.24,0.08,12.26,0.35,1787653769212.063,False,,,4,OP1,C3_WIFI_CARGA_ALTA,N3
,0.499,0.371,0.264,1.0,,1787653769232.4954,14.24,0.08,12.26,0.35,1787653769232.4954,False,,,4,OP1,C3_WIFI_CARGA_ALTA,N3
,0.499,0.371,0.264,1.0,,1787653769265.9146,14.24,0.08,12.26,0.35,1787653769265.9146,False,,,4,OP1,C3_WIFI_CARGA_ALTA,N3
,0.499,0.371,0.265,1.0,,1787653769316.6538,14.275,0.08,12.26,0.35,1787653769318.163,False,,,4,OP1,C3_WIFI_CARGA_ALTA,N3
,0.499,0.371,0.266,1.0,,1787653769351.6553,14.31,0.08,12.26,0.35,1787653769352.7126,False,,,4,OP1,C3_WIFI_CARGA_ALTA,N3
,0.498,0.371,0.266,1.0,,1787653769380.0134,14.31,0.16,12.26,0.35,1787653769380.0134,False,,,4,OP1,C3_WIFI_CARGA_ALTA,N3
,0.498,0.371,0.266,1.0,,1787653769400.4836,14.31,0.16,12.26,0.35,1787653769400.4836,False,,,4,OP1,C3_WIFI_CARGA_ALTA,N3
,0.498,0.371,0.267,1.0,,1787653769434.533,14.345,0.16,12.26,0.35,1787653769434.533,False,,,4,OP1,C3_WIFI_CARGA_ALTA,N3
,0.498,0.37,0.267,1.0,,1787653769485.0078,14.345,0.16,12.2,0.35,1787653769485.0078,False,,,4,OP1,C3_WIFI_CARGA_ALTA,N3
,0.498,0.37,0.267,1.0,,1787653769518.5242,14.345,0.16,12.2,0.35,1787653769518.5242,False,,,4,OP1,C3_WIFI_CARGA_ALTA,N3
,0.498,0.37,0.267,1.0,,1787653769545.8447,14.345,0.16,12.2,0.35,1787653769545.8447,False,,,4,OP1,C3_WIFI_CARGA_ALTA,N3
,0.498,0.37,0.266,1.0,,1787653769567.69,14.31,0.16,12.2,0.35,1787653769568.8347,False,,,4,OP1,C3_WIFI_CARGA_ALTA,N3
,0.498,0.37,0.266,1.0,,1787653769601.6458,14.31,0.16,12.2,0.35,1787653769601.6458,False,,,4,OP1,C3_WIFI_CARGA_ALTA,N3
,0.498,0.37,0.265,1.0,,1787653769622.0515,14.275,0.16,12.2,0.35,1787653769622.3572,False,,,4,OP1,C3_WIFI_CARGA_ALTA,N3
,0.498,0.37,0.264,1.0,,1787653769654.8203,14.24,0.16,12.2,0.35,1787653769654.8203,False,,,4,OP1,C3_WIFI_CARGA_ALTA,N3
,0.498,0.37,0.264,1.0,,1787653769683.551,14.24,0.16,12.2,0.35,1787653769687.318,False,,,4,OP1,C3_WIFI_CARGA_ALTA,N3
,0.498,0.37,0.263,1.0,,1787653769712.5627,14.205,0.16,12.2,0.35,1787653769714.1245,False,,,4,OP1,C3_WIFI_CARGA_ALTA,N3
,0.498,0.37,0.263,1.0,,1787653769735.7104,14.205,0.16,12.2,0.35,1787653769735.7104,False,,,4,OP1,C3_WIFI_CARGA_ALTA,N3
,0.499,0.37,0.264,1.0,,1787653769768.1924,14.24,0.08,12.2,0.35,1787653769769.9434,False,,,4,OP1,C3_WIFI_CARGA_ALTA,N3
,0.499,0.37,0.264,1.0,,1787653769820.2168,14.24,0.08,12.2,0.35,1787653769820.2168,False,,,4,OP1,C3_WIFI_CARGA_ALTA,N3
,0.5,0.37,0.265,1.0,,1787653769851.4385,14.275,0.0,12.2,0.35,1787653769851.4385,False,,,4,OP1,C3_WIFI_CARGA_ALTA,N3
,0.5,0.371,0.266,1.0,,1787653769879.1006,14.31,0.0,12.26,0.35,1787653769879.1006,False,,,4,OP1,C3_WIFI_CARGA_ALTA,N3
,0.5,0.371,0.267,1.0,,1787653769905.5295,14.345,0.0,12.26,0.35,1787653769905.5295,False,,,4,OP1,C3_WIFI_CARGA_ALTA,N3
,0.499,0.371,0.267,1.0,,1787653769955.6392,14.345,0.08,12.26,0.35,1787653769958.5637,False,,,4,OP1,C3_WIFI_CARGA_ALTA,N3
,0.499,0.37,0.267,1.0,,1787653769989.1082,14.345,0.08,12.2,0.35,1787653769989.1082,False,,,4,OP1,C3_WIFI_CARGA_ALTA,N3
,0.499,0.37,0.267,1.0,,1787653770018.7598,14.345,0.08,12.2,0.35,1787653770018.7598,False,,,4,OP1,C3_WIFI_CARGA_ALTA,N3
,0.499,0.37,0.267,1.0,,1787653770047.2893,14.345,0.08,12.2,0.35,1787653770047.2893,False,,,4,OP1,C3_WIFI_CARGA_ALTA,N3
,0.499,0.37,0.267,1.0,,1787653770071.5188,14.345,0.08,12.2,0.35,1787653770071.5188,False,,,4,OP1,C3_WIFI_CARGA_ALTA,N3
,0.499,0.37,0.267,1.0,,1787653770101.4275,14.345,0.08,12.2,0.35,1787653770101.4275,False,,,4,OP1,C3_WIFI_CARGA_ALTA,N3
,0.499,0.37,0.267,1.0,,1787653770123.974,14.345,0.08,12.2,0.35,1787653770125.3313,False,,,4,OP1,C3_WIFI_CARGA_ALTA,N3
,0.499,0.371,0.267,1.0,,1787653770157.2434,14.345,0.08,12.26,0.35,1787653770157.2434,False,,,4,OP1,C3_WIFI_CARGA_ALTA,N3
,0.499,0.37,0.267,1.0,,1787653770186.309,14.345,0.08,12.2,0.35,1787653770186.309,False,,,4,OP1,C3_WIFI_CARGA_ALTA,N3
,0.498,0.37,0.267,1.0,,1787653770214.515,14.345,0.16,12.2,0.35,1787653770214.515,False,,,4,OP1,C3_WIFI_CARGA_ALTA,N3
,0.498,0.37,0.267,1.0,,1787653770240.8674,14.345,0.16,12.2,0.35,1787653770240.8674,False,,,4,OP1,C3_WIFI_CARGA_ALTA,N3
,0.499,0.369,0.267,1.0,,1787653770424.6694,14.345,0.08,12.14,0.35,1787653770426.4,False,,,4,OP1,C3_WIFI_CARGA_ALTA,N3
,0.499,0.369,0.267,1.0,,1787653770459.866,14.345,0.08,12.14,0.35,1787653770459.866,False,,,4,OP1,C3_WIFI_CARGA_ALTA,N3
,0.499,0.369,0.267,1.0,,1787653770488.7017,14.345,0.08,12.14,0.35,1787653770488.7017,False,,,4,OP1,C3_WIFI_CARGA_ALTA,N3
,0.499,0.37,0.267,1.0,,1787653770522.1042,14.345,0.08,12.2,0.35,1787653770522.1042,False,,,4,OP1,C3_WIFI_CARGA_ALTA,N3
,0.499,0.37,0.267,1.0,,1787653770546.9473,14.345,0.08,12.2,0.35,1787653770546.9473,False,,,4,OP1,C3_WIFI_CARGA_ALTA,N3
,0.499,0.371,0.267,1.0,,1787653770576.3958,14.345,0.08,12.26,0.35,1787653770576.3958,False,,,4,OP1,C3_WIFI_CARGA_ALTA,N3
,0.499,0.371,0.267,1.0,,1787653770598.1526,14.345,0.08,12.26,0.35,1787653770598.1526,False,,,4,OP1,C3_WIFI_CARGA_ALTA,N3
,0.499,0.371,0.266,1.0,,1787653770626.032,14.31,0.08,12.26,0.35,1787653770626.032,False,,,4,OP1,C3_WIFI_CARGA_ALTA,N3
,0.499,0.371,0.266,1.0,,1787653770660.9883,14.31,0.08,12.26,0.35,1787653770660.9883,False,,,4,OP1,C3_WIFI_CARGA_ALTA,N3
,0.499,0.371,0.266,1.0,,1787653770685.3938,14.31,0.08,12.26,0.35,1787653770689.115,False,,,4,OP1,C3_WIFI_CARGA_ALTA,N3
,0.499,0.372,0.265,1.0,,1787653770744.4343,14.275,0.08,12.32,0.35,1787653770744.4343,False,,,4,OP1,C3_WIFI_CARGA_ALTA,N3
,0.499,0.372,0.266,1.0,,1787653770786.0005,14.31,0.08,12.32,0.35,1787653770786.0005,False,,,4,OP1,C3_WIFI_CARGA_ALTA,N3
,0.499,0.372,0.266,1.0,,1787653770826.3413,14.31,0.08,12.32,0.35,1787653770826.3413,False,,,4,OP1,C3_WIFI_CARGA_ALTA,N3
,0.499,0.372,0.266,1.0,,1787653770853.5532,14.31,0.08,12.32,0.35,1787653770853.5532,False,,,4,OP1,C3_WIFI_CARGA_ALTA,N3
,0.499,0.372,0.266,1.0,,1787653770896.6372,14.31,0.08,12.32,0.35,1787653770896.6372,False,,,4,OP1,C3_WIFI_CARGA_ALTA,N3
,0.5,0.372,0.266,1.0,,1787653771189.82,14.31,0.0,12.32,0.35,1787653771189.82,False,,,4,OP1,C3_WIFI_CARGA_ALTA,N3
,0.501,0.372,0.267,1.0,,1787653771357.437,14.345,-0.08,12.32,0.35,1787653771357.437,False,,,4,OP1,C3_WIFI_CARGA_ALTA,N3
,0.501,0.371,0.269,1.0,,1787653771401.7158,14.415,-0.08,12.26,0.35,1787653771401.7158,False,,,4,OP1,C3_WIFI_CARGA_ALTA,N3
,0.501,0.371,0.269,1.0,,1787653771433.3154,14.415,-0.08,12.26,0.35,1787653771433.3154,False,,,4,OP1,C3_WIFI_CARGA_ALTA,N3
,0.5,0.371,0.268,1.0,,1787653771601.76,14.38,0.0,12.26,0.35,1787653771603.1836,False,,,4,OP1,C3_WIFI_CARGA_ALTA,N3
,0.5,0.374,0.266,1.0,,1787653771622.3638,14.31,0.0,12.44,0.35,1787653771622.3638,False,,,4,OP1,C3_WIFI_CARGA_ALTA,N3
,0.5,0.374,0.267,1.0,,1787653771662.635,14.345,0.0,12.44,0.35,1787653771664.043,False,,,4,OP1,C3_WIFI_CARGA_ALTA,N3
,0.5,0.374,0.267,1.0,,1787653771690.9412,14.345,0.0,12.44,0.35,1787653771690.9412,False,,,4,OP1,C3_WIFI_CARGA_ALTA,N3
,0.5,0.374,0.267,1.0,,1787653771735.9556,14.345,0.0,12.44,0.35,1787653771735.9556,False,,,4,OP1,C3_WIFI_CARGA_ALTA,N3
,0.5,0.374,0.267,1.0,,1787653771769.7388,14.345,0.0,12.44,0.35,1787653771769.7388,False,,,4,OP1,C3_WIFI_CARGA_ALTA,N3
,0.5,0.374,0.267,1.0,,1787653771790.2974,14.345,0.0,12.44,0.35,1787653771791.249,False,,,4,OP1,C3_WIFI_CARGA_ALTA,N3
,0.5,0.374,0.267,1.0,,1787653771830.2024,14.345,0.0,12.44,0.35,1787653771830.2024,False,,,4,OP1,C3_WIFI_CARGA_ALTA,N3
,0.5,0.374,0.267,1.0,,1787653771857.286,14.345,0.0,12.44,0.35,1787653771857.286,False,,,4,OP1,C3_WIFI_CARGA_ALTA,N3
,0.5,0.375,0.267,1.0,,1787653772051.439,14.345,0.0,12.5,0.35,1787653772051.439,False,,,4,OP1,C3_WIFI_CARGA_ALTA,N3
,0.499,0.374,0.265,1.0,,1787653772162.973,14.275,0.08,12.44,0.35,1787653772163.541,False,,,4,OP1,C3_WIFI_CARGA_ALTA,N3
,0.499,0.376,0.264,1.0,,1787653772192.1152,14.24,0.08,12.56,0.35,1787653772192.1152,False,,,4,OP1,C3_WIFI_CARGA_ALTA,N3
,0.499,0.377,0.263,1.0,,1787653772220.1338,14.205,0.08,12.62,0.35,1787653772220.1338,False,,,4,OP1,C3_WIFI_CARGA_ALTA,N3
,0.499,0.377,0.263,1.0,,1787653772242.3557,14.205,0.08,12.62,0.35,1787653772242.3557,False,,,4,OP1,C3_WIFI_CARGA_ALTA,N3
,0.499,0.377,0.263,1.0,,1787653772273.698,14.205,0.08,12.62,0.35,1787653772273.698,False,,,4,OP1,C3_WIFI_CARGA_ALTA,N3
,0.499,0.378,0.263,1.0,,1787653772302.8987,14.205,0.08,12.68,0.35,1787653772302.8987,False,,,4,OP1,C3_WIFI_CARGA_ALTA,N3
,0.499,0.378,0.263,1.0,,1787653772330.0212,14.205,0.08,12.68,0.35,1787653772332.1013,False,,,4,OP1,C3_WIFI_CARGA_ALTA,N3
,0.499,0.378,0.263,1.0,,1787653772359.7903,14.205,0.08,12.68,0.35,1787653772359.7903,False,,,4,OP1,C3_WIFI_CARGA_ALTA,N3
,0.499,0.378,0.263,1.0,,1787653772409.723,14.205,0.08,12.68,0.35,1787653772409.723,False,,,4,OP1,C3_WIFI_CARGA_ALTA,N3
,0.499,0.378,0.263,1.0,,1787653772442.582,14.205,0.08,12.68,0.35,1787653772442.582,False,,,4,OP1,C3_WIFI_CARGA_ALTA,N3
,0.499,0.378,0.262,1.0,,1787653772498.8142,14.17,0.08,12.68,0.35,1787653772498.8142,False,,,4,OP1,C3_WIFI_CARGA_ALTA,N3
,0.499,0.377,0.262,1.0,,1787653772525.8955,14.17,0.08,12.62,0.35,1787653772525.8955,False,,,4,OP1,C3_WIFI_CARGA_ALTA,N3
,0.5,0.377,0.263,1.0,,1787653772579.8037,14.205,0.0,12.62,0.35,1787653772581.106,False,,,4,OP1,C3_WIFI_CARGA_ALTA,N3
,0.5,0.377,0.262,1.0,,1787653772610.4954,14.17,0.0,12.62,0.35,1787653772610.4954,False,,,4,OP1,C3_WIFI_CARGA_ALTA,N3
,0.502,0.377,0.262,1.0,,1787653772663.8718,14.17,-0.16,12.62,0.35,1787653772663.8718,False,,,4,OP1,C3_WIFI_CARGA_ALTA,N3
,0.502,0.377,0.262,1.0,,1787653772690.1458,14.17,-0.16,12.62,0.35,1787653772690.1458,False,,,4,OP1,C3_WIFI_CARGA_ALTA,N3
,0.502,0.377,0.262,1.0,,1787653772710.506,14.17,-0.16,12.62,0.35,1787653772710.506,False,,,4,OP1,C3_WIFI_CARGA_ALTA,N3
,0.503,0.376,0.262,1.0,,1787653772744.0078,14.17,-0.24,12.56,0.35,1787653772744.0078,False,,,4,OP1,C3_WIFI_CARGA_ALTA,N3
,0.503,0.377,0.262,1.0,,1787653772775.177,14.17,-0.24,12.62,0.35,1787653772775.177,False,,,4,OP1,C3_WIFI_CARGA_ALTA,N3
,0.503,0.376,0.262,1.0,,1787653772830.542,14.17,-0.24,12.56,0.35,1787653772830.542,False,,,4,OP1,C3_WIFI_CARGA_ALTA,N3
,0.503,0.377,0.263,1.0,,1787653772851.4805,14.205,-0.24,12.62,0.35,1787653772853.234,False,,,4,OP1,C3_WIFI_CARGA_ALTA,N3
,0.503,0.377,0.264,1.0,,1787653772878.093,14.24,-0.24,12.62,0.35,1787653772878.093,False,,,4,OP1,C3_WIFI_CARGA_ALTA,N3
,0.503,0.377,0.265,1.0,,1787653772914.1074,14.275,-0.24,12.62,0.35,1787653772914.1074,False,,,4,OP1,C3_WIFI_CARGA_ALTA,N3
,0.503,0.376,0.266,1.0,,1787653772941.8396,14.31,-0.24,12.56,0.35,1787653772941.8396,False,,,4,OP1,C3_WIFI_CARGA_ALTA,N3
,0.503,0.376,0.266,1.0,,1787653772962.5332,14.31,-0.24,12.56,0.35,1787653772962.5332,False,,,4,OP1,C3_WIFI_CARGA_ALTA,N3
,0.503,0.376,0.266,1.0,,1787653772991.3303,14.31,-0.24,12.56,0.35,1787653772991.3303,False,,,4,OP1,C3_WIFI_CARGA_ALTA,N3
,0.503,0.375,0.266,1.0,,1787653773015.6875,14.31,-0.24,12.5,0.35,1787653773016.6643,False,,,4,OP1,C3_WIFI_CARGA_ALTA,N3
,0.503,0.375,0.266,1.0,,1787653773046.2073,14.31,-0.24,12.5,0.35,1787653773046.2073,False,,,4,OP1,C3_WIFI_CARGA_ALTA,N3
,0.503,0.375,0.266,1.0,,1787653773214.2534,14.31,-0.24,12.5,0.35,1787653773214.2534,False,,,4,OP1,C3_WIFI_CARGA_ALTA,N3
,0.501,0.375,0.264,1.0,,1787653773247.9973,14.24,-0.08,12.5,0.35,1787653773247.9973,False,,,4,OP1,C3_WIFI_CARGA_ALTA,N3
,0.5,0.375,0.263,1.0,,1787653773278.2637,14.205,0.0,12.5,0.35,1787653773278.2637,False,,,4,OP1,C3_WIFI_CARGA_ALTA,N3
,0.499,0.375,0.263,1.0,,1787653773331.2383,14.205,0.08,12.5,0.35,1787653773331.2383,False,,,4,OP1,C3_WIFI_CARGA_ALTA,N3
,0.498,0.375,0.264,1.0,,1787653773382.2026,14.24,0.16,12.5,0.35,1787653773382.2026,False,,,4,OP1,C3_WIFI_CARGA_ALTA,N3
,0.498,0.375,0.263,1.0,,1787653773550.6482,14.205,0.16,12.5,0.35,1787653773551.168,False,,,4,OP1,C3_WIFI_CARGA_ALTA,N3
,0.498,0.376,0.263,1.0,,1787653773584.3806,14.205,0.16,12.56,0.35,1787653773584.3806,False,,,4,OP1,C3_WIFI_CARGA_ALTA,N3
,0.498,0.376,0.263,1.0,,1787653773612.4067,14.205,0.16,12.56,0.35,1787653773612.4067,False,,,4,OP1,C3_WIFI_CARGA_ALTA,N3
,0.498,0.376,0.263,1.0,,1787653773634.4363,14.205,0.16,12.56,0.35,1787653773634.4363,False,,,4,OP1,C3_WIFI_CARGA_ALTA,N3
,0.498,0.376,0.263,1.0,,1787653773668.0293,14.205,0.16,12.56,0.35,1787653773668.0293,False,,,4,OP1,C3_WIFI_CARGA_ALTA,N3
,0.499,0.377,0.262,1.0,,1787653773718.3618,14.17,0.08,12.62,0.35,1787653773719.871,False,,,4,OP1,C3_WIFI_CARGA_ALTA,N3
,0.499,0.377,0.261,1.0,,1787653774054.8655,14.135,0.08,12.62,0.35,1787653774055.587,False,,,4,OP1,C3_WIFI_CARGA_ALTA,N3
,0.503,0.375,0.267,1.0,,1787653774084.6953,14.345,-0.24,12.5,0.35,1787653774084.6953,False,,,4,OP1,C3_WIFI_CARGA_ALTA,N3
,0.503,0.375,0.267,1.0,,1787653774112.4817,14.345,-0.24,12.5,0.35,1787653774112.4817,False,,,4,OP1,C3_WIFI_CARGA_ALTA,N3
,0.503,0.375,0.267,1.0,,1787653774137.534,14.345,-0.24,12.5,0.35,1787653774137.534,False,,,4,OP1,C3_WIFI_CARGA_ALTA,N3
,0.503,0.375,0.268,1.0,,1787653774324.0193,14.38,-0.24,12.5,0.35,1787653774324.0193,False,,,4,OP1,C3_WIFI_CARGA_ALTA,N3
,0.503,0.375,0.268,1.0,,1787653774347.7224,14.38,-0.24,12.5,0.35,1787653774347.7224,False,,,4,OP1,C3_WIFI_CARGA_ALTA,N3
,0.503,0.375,0.268,1.0,,1787653774390.1245,14.38,-0.24,12.5,0.35,1787653774390.1245,False,,,4,OP1,C3_WIFI_CARGA_ALTA,N3
,0.504,0.375,0.269,1.0,,1787653774418.9548,14.415,-0.32,12.5,0.35,1787653774419.9492,False,,,4,OP1,C3_WIFI_CARGA_ALTA,N3
,0.504,0.375,0.269,1.0,,1787653774447.879,14.415,-0.32,12.5,0.35,1787653774447.879,False,,,4,OP1,C3_WIFI_CARGA_ALTA,N3
,0.505,0.374,0.271,1.0,,1787653774495.5237,14.485,-0.4,12.44,0.35,1787653774495.5237,False,,,4,OP1,C3_WIFI_CARGA_ALTA,N3
,0.505,0.374,0.272,1.0,,1787653774523.8403,14.52,-0.4,12.44,0.35,1787653774525.1711,False,,,4,OP1,C3_WIFI_CARGA_ALTA,N3
,0.505,0.374,0.273,1.0,,1787653774683.2102,14.555,-0.4,12.44,0.35,1787653774683.2102,False,,,4,OP1,C3_WIFI_CARGA_ALTA,N3
,0.504,0.372,0.275,1.0,,1787653774726.9,14.625,-0.32,12.32,0.35,1787653774726.9,False,,,4,OP1,C3_WIFI_CARGA_ALTA,N3
,0.504,0.372,0.275,1.0,,1787653774754.0083,14.625,-0.32,12.32,0.35,1787653774754.0083,False,,,4,OP1,C3_WIFI_CARGA_ALTA,N3
,0.504,0.372,0.275,1.0,,1787653774802.7375,14.625,-0.32,12.32,0.35,1787653774802.7375,False,,,4,OP1,C3_WIFI_CARGA_ALTA,N3
,0.504,0.372,0.276,1.0,,1787653774835.5706,14.66,-0.32,12.32,0.35,1787653774835.5706,False,,,4,OP1,C3_WIFI_CARGA_ALTA,N3
,0.504,0.373,0.277,1.0,,1787653774892.031,14.695,-0.32,12.38,0.35,1787653774893.9253,False,,,4,OP1,C3_WIFI_CARGA_ALTA,N3
,0.504,0.373,0.277,1.0,,1787653774919.9626,14.695,-0.32,12.38,0.35,1787653774919.9626,False,,,4,OP1,C3_WIFI_CARGA_ALTA,N3
,0.503,0.373,0.278,1.0,,1787653774972.9346,14.73,-0.24,12.38,0.35,1787653774977.2026,False,,,4,OP1,C3_WIFI_CARGA_ALTA,N3
,0.503,0.373,0.278,1.0,,1787653775001.4453,14.73,-0.24,12.38,0.35,1787653775005.6057,False,,,4,OP1,C3_WIFI_CARGA_ALTA,N3
,0.503,0.373,0.278,1.0,,1787653775199.1018,14.73,-0.24,12.38,0.35,1787653775199.1018,False,,,4,OP1,C3_WIFI_CARGA_ALTA,N3
,0.503,0.374,0.275,1.0,,1787653775227.9695,14.625,-0.24,12.44,0.35,1787653775228.9785,False,,,4,OP1,C3_WIFI_CARGA_ALTA,N3
,0.504,0.374,0.274,1.0,,1787653775254.67,14.59,-0.32,12.44,0.35,1787653775254.67,False,,,4,OP1,C3_WIFI_CARGA_ALTA,N3
,0.504,0.373,0.274,1.0,,1787653775281.8704,14.59,-0.32,12.38,0.35,1787653775281.8704,False,,,4,OP1,C3_WIFI_CARGA_ALTA,N3
,0.504,0.373,0.275,1.0,,1787653775331.0857,14.625,-0.32,12.38,0.35,1787653775331.0857,False,,,4,OP1,C3_WIFI_CARGA_ALTA,N3
,0.504,0.372,0.276,1.0,,1787653775365.7268,14.66,-0.32,12.32,0.35,1787653775367.08,False,,,4,OP1,C3_WIFI_CARGA_ALTA,N3
,0.504,0.372,0.276,1.0,,1787653775393.0703,14.66,-0.32,12.32,0.35,1787653775393.0703,False,,,4,OP1,C3_WIFI_CARGA_ALTA,N3
,0.504,0.372,0.277,1.0,,1787653775560.933,14.695,-0.32,12.32,0.35,1787653775560.933,False,,,4,OP1,C3_WIFI_CARGA_ALTA,N3
,0.503,0.369,0.279,1.0,,1787653775589.7285,14.765,-0.24,12.14,0.35,1787653775590.3982,False,,,4,OP1,C3_WIFI_CARGA_ALTA,N3
,0.503,0.369,0.279,1.0,,1787653775616.0515,14.765,-0.24,12.14,0.35,1787653775616.0515,False,,,4,OP1,C3_WIFI_CARGA_ALTA,N3
,0.501,0.369,0.278,1.0,,1787653775667.9387,14.73,-0.08,12.14,0.35,1787653775667.9387,False,,,4,OP1,C3_WIFI_CARGA_ALTA,N3
,0.5,0.37,0.277,1.0,,1787653775700.246,14.695,0.0,12.2,0.35,1787653775700.246,False,,,4,OP1,C3_WIFI_CARGA_ALTA,N3
,0.5,0.37,0.276,1.0,,1787653775727.9067,14.66,0.0,12.2,0.35,1787653775727.9067,False,,,4,OP1,C3_WIFI_CARGA_ALTA,N3
,0.499,0.371,0.275,1.0,,1787653775754.1138,14.625,0.08,12.26,0.35,1787653775754.1138,False,,,4,OP1,C3_WIFI_CARGA_ALTA,N3
,0.499,0.371,0.275,1.0,,1787653775801.3523,14.625,0.08,12.26,0.35,1787653775803.1155,False,,,4,OP1,C3_WIFI_CARGA_ALTA,N3
,0.499,0.371,0.275,1.0,,1787653775834.9316,14.625,0.08,12.26,0.35,1787653775834.9316,False,,,4,OP1,C3_WIFI_CARGA_ALTA,N3
,0.499,0.372,0.275,1.0,,1787653775855.4143,14.625,0.08,12.32,0.35,1787653775855.4143,False,,,4,OP1,C3_WIFI_CARGA_ALTA,N3
,0.499,0.371,0.275,1.0,,1787653775892.9866,14.625,0.08,12.26,0.35,1787653775892.9866,False,,,4,OP1,C3_WIFI_CARGA_ALTA,N3
,0.499,0.371,0.275,1.0,,1787653775922.1252,14.625,0.08,12.26,0.35,1787653775924.1377,False,,,4,OP1,C3_WIFI_CARGA_ALTA,N3
,0.499,0.371,0.275,1.0,,1787653775965.5632,14.625,0.08,12.26,0.35,1787653775965.5632,False,,,4,OP1,C3_WIFI_CARGA_ALTA,N3
,0.499,0.372,0.274,1.0,,1787653776003.4668,14.59,0.08,12.32,0.35,1787653776006.5012,False,,,4,OP1,C3_WIFI_CARGA_ALTA,N3
,0.499,0.372,0.274,1.0,,1787653776024.268,14.59,0.08,12.32,0.35,1787653776025.371,False,,,4,OP1,C3_WIFI_CARGA_ALTA,N3
,0.499,0.373,0.272,1.0,,1787653776061.9863,14.52,0.08,12.38,0.35,1787653776061.9863,False,,,4,OP1,C3_WIFI_CARGA_ALTA,N3
,0.499,0.373,0.271,1.0,,1787653776086.7869,14.485,0.08,12.38,0.35,1787653776091.207,False,,,4,OP1,C3_WIFI_CARGA_ALTA,N3
,0.499,0.374,0.27,1.0,,1787653776137.5908,14.45,0.08,12.44,0.35,1787653776137.5908,False,,,4,OP1,C3_WIFI_CARGA_ALTA,N3
,0.499,0.374,0.27,1.0,,1787653776172.1147,14.45,0.08,12.44,0.35,1787653776172.8884,False,,,4,OP1,C3_WIFI_CARGA_ALTA,N3
,0.5,0.374,0.269,1.0,,1787653776339.0664,14.415,0.0,12.44,0.35,1787653776339.0664,False,,,4,OP1,C3_WIFI_CARGA_ALTA,N3
,0.501,0.376,0.268,1.0,,1787653776395.7368,14.38,-0.08,12.56,0.35,1787653776397.293,False,,,4,OP1,C3_WIFI_CARGA_ALTA,N3
,0.5,0.376,0.267,1.0,,1787653776424.0896,14.345,0.0,12.56,0.35,1787653776424.0896,False,,,4,OP1,C3_WIFI_CARGA_ALTA,N3
,0.5,0.376,0.267,1.0,,1787653776472.974,14.345,0.0,12.56,0.35,1787653776472.974,False,,,4,OP1,C3_WIFI_CARGA_ALTA,N3
,0.501,0.376,0.266,1.0,,1787653776508.784,14.31,-0.08,12.56,0.35,1787653776508.784,False,,,4,OP1,C3_WIFI_CARGA_ALTA,N3
,0.501,0.376,0.266,1.0,,1787653776535.881,14.31,-0.08,12.56,0.35,1787653776535.881,False,,,4,OP1,C3_WIFI_CARGA_ALTA,N3
,0.501,0.376,0.266,1.0,,1787653776561.8213,14.31,-0.08,12.56,0.35,1787653776561.8213,False,,,4,OP1,C3_WIFI_CARGA_ALTA,N3
,0.501,0.376,0.266,1.0,,1787653776590.1292,14.31,-0.08,12.56,0.35,1787653776592.6902,False,,,4,OP1,C3_WIFI_CARGA_ALTA,N3
,0.501,0.376,0.266,1.0,,1787653776641.5022,14.31,-0.08,12.56,0.35,1787653776641.5022,False,,,4,OP1,C3_WIFI_CARGA_ALTA,N3
,0.501,0.376,0.266,1.0,,1787653776809.3225,14.31,-0.08,12.56,0.35,1787653776809.3225,False,,,4,OP1,C3_WIFI_CARGA_ALTA,N3
,0.501,0.375,0.267,1.0,,1787653776832.24,14.345,-0.08,12.5,0.35,1787653776832.24,False,,,4,OP1,C3_WIFI_CARGA_ALTA,N3
,0.501,0.374,0.266,1.0,,1787653776870.4973,14.31,-0.08,12.44,0.35,1787653776870.4973,False,,,4,OP1,C3_WIFI_CARGA_ALTA,N3
,0.5,0.374,0.267,1.0,,1787653776896.2046,14.345,0.0,12.44,0.35,1787653776896.2046,False,,,4,OP1,C3_WIFI_CARGA_ALTA,N3
,0.5,0.374,0.267,1.0,,1787653776924.7664,14.345,0.0,12.44,0.35,1787653776926.626,False,,,4,OP1,C3_WIFI_CARGA_ALTA,N3
,0.501,0.374,0.266,1.0,,1787653776975.433,14.31,-0.08,12.44,0.35,1787653776975.433,False,,,4,OP1,C3_WIFI_CARGA_ALTA,N3
,0.501,0.374,0.266,1.0,,1787653777009.224,14.31,-0.08,12.44,0.35,1787653777010.5896,False,,,4,OP1,C3_WIFI_CARGA_ALTA,N3
,0.501,0.374,0.265,1.0,,1787653777037.699,14.275,-0.08,12.44,0.35,1787653777037.699,False,,,4,OP1,C3_WIFI_CARGA_ALTA,N3
,0.501,0.374,0.265,1.0,,1787653777061.8313,14.275,-0.08,12.44,0.35,1787653777062.6533,False,,,4,OP1,C3_WIFI_CARGA_ALTA,N3
,0.501,0.375,0.263,1.0,,1787653777111.9722,14.205,-0.08,12.5,0.35,1787653777111.9722,False,,,4,OP1,C3_WIFI_CARGA_ALTA,N3
,0.501,0.376,0.262,1.0,,1787653777145.079,14.17,-0.08,12.56,0.35,1787653777145.079,False,,,4,OP1,C3_WIFI_CARGA_ALTA,N3
,0.501,0.376,0.262,1.0,,1787653777174.7646,14.17,-0.08,12.56,0.35,1787653777174.7646,False,,,4,OP1,C3_WIFI_CARGA_ALTA,N3
,0.501,0.376,0.262,1.0,,1787653777204.9507,14.17,-0.08,12.56,0.35,1787653777205.5771,False,,,4,OP1,C3_WIFI_CARGA_ALTA,N3
,0.501,0.376,0.262,1.0,,1787653777231.15,14.17,-0.08,12.56,0.35,1787653777231.15,False,,,4,OP1,C3_WIFI_CARGA_ALTA,N3
,0.501,0.376,0.262,1.0,,1787653777279.3162,14.17,-0.08,12.56,0.35,1787653777279.3162,False,,,4,OP1,C3_WIFI_CARGA_ALTA,N3
,0.5,0.376,0.261,1.0,,1787653777313.4058,14.135,0.0,12.56,0.35,1787653777313.4058,False,,,4,OP1,C3_WIFI_CARGA_ALTA,N3
,0.5,0.376,0.261,1.0,,1787653777481.476,14.135,0.0,12.56,0.35,1787653777481.476,False,,,4,OP1,C3_WIFI_CARGA_ALTA,N3
,0.5,0.376,0.262,1.0,,1787653777510.3206,14.17,0.0,12.56,0.35,1787653777510.3206,False,,,4,OP1,C3_WIFI_CARGA_ALTA,N3
,0.501,0.375,0.262,1.0,,1787653777564.4998,14.17,-0.08,12.5,0.35,1787653777567.0105,False,,,4,OP1,C3_WIFI_CARGA_ALTA,N3
,0.501,0.374,0.263,1.0,,1787653777609.5469,14.205,-0.08,12.44,0.35,1787653777609.5469,False,,,4,OP1,C3_WIFI_CARGA_ALTA,N3
,0.501,0.374,0.263,1.0,,1787653777649.4766,14.205,-0.08,12.44,0.35,1787653777650.5642,False,,,4,OP1,C3_WIFI_CARGA_ALTA,N3
,0.501,0.374,0.263,1.0,,1787653777676.8545,14.205,-0.08,12.44,0.35,1787653777676.8545,False,,,4,OP1,C3_WIFI_CARGA_ALTA,N3
,0.501,0.374,0.264,1.0,,1787653777732.8403,14.24,-0.08,12.44,0.35,1787653777732.8403,False,,,4,OP1,C3_WIFI_CARGA_ALTA,N3
,0.501,0.374,0.264,1.0,,1787653777777.418,14.24,-0.08,12.44,0.35,1787653777777.418,False,,,4,OP1,C3_WIFI_CARGA_ALTA,N3
,0.501,0.374,0.264,1.0,,1787653777814.1106,14.24,-0.08,12.44,0.35,1787653777817.479,False,,,4,OP1,C3_WIFI_CARGA_ALTA,N3
,0.501,0.374,0.265,1.0,,1787653777844.6724,14.275,-0.08,12.44,0.35,1787653777844.6724,False,,,4,OP1,C3_WIFI_CARGA_ALTA,N3
,0.5,0.373,0.265,1.0,,1787653777898.3738,14.275,0.0,12.38,0.35,1787653777898.3738,False,,,4,OP1,C3_WIFI_CARGA_ALTA,N3
,0.5,0.372,0.266,1.0,,1787653777945.612,14.31,0.0,12.32,0.35,1787653777945.612,False,,,4,OP1,C3_WIFI_CARGA_ALTA,N3
,0.5,0.373,0.266,1.0,,1787653777981.2708,14.31,0.0,12.38,0.35,1787653777981.2708,False,,,4,OP1,C3_WIFI_CARGA_ALTA,N3
,0.501,0.373,0.265,1.0,,1787653778011.4387,14.275,-0.08,12.38,0.35,1787653778011.4387,False,,,4,OP1,C3_WIFI_CARGA_ALTA,N3
,0.501,0.374,0.265,1.0,,1787653778052.5315,14.275,-0.08,12.44,0.35,1787653778056.629,False,,,4,OP1,C3_WIFI_CARGA_ALTA,N3
,0.501,0.374,0.265,1.0,,1787653778090.866,14.275,-0.08,12.44,0.35,1787653778090.866,False,,,4,OP1,C3_WIFI_CARGA_ALTA,N3
,0.501,0.374,0.265,1.0,,1787653778114.261,14.275,-0.08,12.44,0.35,1787653778114.261,False,,,4,OP1,C3_WIFI_CARGA_ALTA,N3
,0.502,0.374,0.265,1.0,,1787653778151.3386,14.275,-0.16,12.44,0.35,1787653778151.3386,False,,,4,OP1,C3_WIFI_CARGA_ALTA,N3
,0.502,0.375,0.265,1.0,,1787653778177.9265,14.275,-0.16,12.5,0.35,1787653778177.9265,False,,,4,OP1,C3_WIFI_CARGA_ALTA,N3
,0.503,0.375,0.265,1.0,,1787653778362.8806,14.275,-0.24,12.5,0.35,1787653778362.8806,False,,,4,OP1,C3_WIFI_CARGA_ALTA,N3
,0.505,0.376,0.266,1.0,,1787653778405.6267,14.31,-0.4,12.56,0.35,1787653778405.6267,False,,,4,OP1,C3_WIFI_CARGA_ALTA,N3
,0.508,0.376,0.267,1.0,,1787653778447.2078,14.345,-0.64,12.56,0.35,1787653778447.8916,False,,,4,OP1,C3_WIFI_CARGA_ALTA,N3
,0.508,0.376,0.267,1.0,,1787653778484.8667,14.345,-0.64,12.56,0.35,1787653778484.8667,False,,,4,OP1,C3_WIFI_CARGA_ALTA,N3
,0.508,0.376,0.266,1.0,,1787653778512.6956,14.31,-0.64,12.56,0.35,1787653778513.266,False,,,4,OP1,C3_WIFI_CARGA_ALTA,N3
,0.509,0.377,0.266,1.0,,1787653778555.4658,14.31,-0.72,12.62,0.35,1787653778558.2996,False,,,4,OP1,C3_WIFI_CARGA_ALTA,N3
,0.509,0.377,0.265,1.0,,1787653778819.9229,14.275,-0.72,12.62,0.35,1787653778819.9229,False,,,4,OP1,C3_WIFI_CARGA_ALTA,N3
,0.507,0.38,0.262,1.0,,1787653778847.7922,14.17,-0.56,12.8,0.35,1787653778849.8047,False,,,4,OP1,C3_WIFI_CARGA_ALTA,N3
,0.506,0.38,0.261,1.0,,1787653779064.7388,14.135,-0.48,12.8,0.35,1787653779064.7388,False,,,4,OP1,C3_WIFI_CARGA_ALTA,N3
,0.508,0.378,0.263,1.0,,1787653779090.8184,14.205,-0.64,12.68,0.35,1787653779090.8184,False,,,4,OP1,C3_WIFI_CARGA_ALTA,N3
,0.507,0.377,0.263,1.0,,1787653779115.5037,14.205,-0.56,12.62,0.35,1787653779115.5037,False,,,4,OP1,C3_WIFI_CARGA_ALTA,N3
,0.507,0.377,0.264,1.0,,1787653779153.6875,14.24,-0.56,12.62,0.35,1787653779153.6875,False,,,4,OP1,C3_WIFI_CARGA_ALTA,N3
,0.507,0.377,0.264,1.0,,1787653779178.0684,14.24,-0.56,12.62,0.35,1787653779178.0684,False,,,4,OP1,C3_WIFI_CARGA_ALTA,N3
,0.507,0.376,0.263,1.0,,1787653779235.7617,14.205,-0.56,12.56,0.35,1787653779237.7715,False,,,4,OP1,C3_WIFI_CARGA_ALTA,N3
,0.507,0.376,0.263,1.0,,1787653779263.5532,14.205,-0.56,12.56,0.35,1787653779265.5625,False,,,4,OP1,C3_WIFI_CARGA_ALTA,N3
,0.506,0.376,0.264,1.0,,1787653779321.3467,14.24,-0.48,12.56,0.35,1787653779321.3467,False,,,4,OP1,C3_WIFI_CARGA_ALTA,N3
,0.506,0.376,0.264,1.0,,1787653779348.1096,14.24,-0.48,12.56,0.35,1787653779348.1096,False,,,4,OP1,C3_WIFI_CARGA_ALTA,N3
,0.505,0.376,0.264,1.0,,1787653779401.464,14.24,-0.4,12.56,0.35,1787653779401.464,False,,,4,OP1,C3_WIFI_CARGA_ALTA,N3
,0.505,0.376,0.264,1.0,,1787653779432.2107,14.24,-0.4,12.56,0.35,1787653779432.2107,False,,,4,OP1,C3_WIFI_CARGA_ALTA,N3
,0.504,0.376,0.264,1.0,,1787653779488.5708,14.24,-0.32,12.56,0.35,1787653779488.5708,False,,,4,OP1,C3_WIFI_CARGA_ALTA,N3
,0.504,0.375,0.264,1.0,,1787653779515.1418,14.24,-0.32,12.5,0.35,1787653779515.1418,False,,,4,OP1,C3_WIFI_CARGA_ALTA,N3
,0.504,0.374,0.265,1.0,,1787653779563.301,14.275,-0.32,12.44,0.35,1787653779564.7473,False,,,4,OP1,C3_WIFI_CARGA_ALTA,N3
,0.503,0.373,0.267,1.0,,1787653779598.897,14.345,-0.24,12.38,0.35,1787653779598.897,False,,,4,OP1,C3_WIFI_CARGA_ALTA,N3
,0.503,0.373,0.266,1.0,,1787653779651.355,14.31,-0.24,12.38,0.35,1787653779655.4507,False,,,4,OP1,C3_WIFI_CARGA_ALTA,N3
,0.503,0.373,0.266,1.0,,1787653779681.3262,14.31,-0.24,12.38,0.35,1787653779681.3262,False,,,4,OP1,C3_WIFI_CARGA_ALTA,N3
,0.503,0.373,0.265,1.0,,1787653779849.8733,14.275,-0.24,12.38,0.35,1787653779849.8733,False,,,4,OP1,C3_WIFI_CARGA_ALTA,N3
,0.503,0.374,0.263,1.0,,1787653779988.086,14.205,-0.24,12.44,0.35,1787653779990.1038,False,,,4,OP1,C3_WIFI_CARGA_ALTA,N3
,0.502,0.373,0.267,1.0,,1787653780015.6982,14.345,-0.16,12.38,0.35,1787653780015.6982,False,,,4,OP1,C3_WIFI_CARGA_ALTA,N3
,0.502,0.373,0.267,1.0,,1787653780038.5625,14.345,-0.16,12.38,0.35,1787653780038.5625,False,,,4,OP1,C3_WIFI_CARGA_ALTA,N3
,0.503,0.373,0.268,1.0,,1787653780068.297,14.38,-0.24,12.38,0.35,1787653780068.297,False,,,4,OP1,C3_WIFI_CARGA_ALTA,N3
,0.503,0.373,0.268,1.0,,1787653780097.9092,14.38,-0.24,12.38,0.35,1787653780097.9092,False,,,4,OP1,C3_WIFI_CARGA_ALTA,N3
,0.503,0.373,0.269,1.0,,1787653780370.527,14.415,-0.24,12.38,0.35,1787653780370.527,False,,,4,OP1,C3_WIFI_CARGA_ALTA,N3
,0.505,0.373,0.271,1.0,,1787653780403.8792,14.485,-0.4,12.38,0.35,1787653780403.8792,False,,,4,OP1,C3_WIFI_CARGA_ALTA,N3
,0.505,0.373,0.271,1.0,,1787653780572.4304,14.485,-0.4,12.38,0.35,1787653780572.4304,False,,,4,OP1,C3_WIFI_CARGA_ALTA,N3
,0.507,0.377,0.266,1.0,,1787653780601.4072,14.31,-0.56,12.62,0.35,1787653780601.4072,False,,,4,OP1,C3_WIFI_CARGA_ALTA,N3
,0.507,0.378,0.265,1.0,,1787653780626.186,14.275,-0.56,12.68,0.35,1787653780626.186,False,,,4,OP1,C3_WIFI_CARGA_ALTA,N3
,0.507,0.38,0.263,1.0,,1787653780655.1482,14.205,-0.56,12.8,0.35,1787653780655.1482,False,,,4,OP1,C3_WIFI_CARGA_ALTA,N3
,0.508,0.385,0.259,1.0,,1787653780706.151,14.065,-0.64,13.1,0.35,1787653780706.151,False,,,4,OP1,C3_WIFI_CARGA_ALTA,N3
,0.507,0.388,0.255,1.0,,1787653780740.4038,13.925,-0.56,13.28,0.35,1787653780740.4038,False,,,4,OP1,C3_WIFI_CARGA_ALTA,N3
,0.507,0.398,0.245,1.0,,1787653780793.5918,13.575,-0.56,13.88,0.35,1787653780793.5918,False,,,4,OP1,C3_WIFI_CARGA_ALTA,N3
,0.506,0.402,0.237,1.0,,1787653780823.4463,13.295,-0.48,14.12,0.35,1787653780823.4463,False,,,4,OP1,C3_WIFI_CARGA_ALTA,N3
,0.507,0.408,0.228,1.0,,1787653780875.9854,12.98,-0.56,14.48,0.35,1787653780875.9854,False,,,4,OP1,C3_WIFI_CARGA_ALTA,N3
,0.507,0.411,0.225,1.0,,1787653780908.1433,12.875,-0.56,14.66,0.35,1787653780908.5168,False,,,4,OP1,C3_WIFI_CARGA_ALTA,N3
,0.508,0.419,0.217,1.0,,1787653780962.2434,12.595,-0.64,15.14,0.35,1787653780962.7512,False,,,4,OP1,C3_WIFI_CARGA_ALTA,N3
,0.508,0.422,0.213,1.0,,1787653780989.517,12.455,-0.64,15.32,0.35,1787653780991.5237,False,,,4,OP1,C3_WIFI_CARGA_ALTA,N3
,0.508,0.424,0.208,1.0,,1787653781045.8948,12.28,-0.64,15.44,0.35,1787653781045.8948,False,,,4,OP1,C3_WIFI_CARGA_ALTA,N3
,0.509,0.426,0.206,1.0,,1787653781072.9067,12.21,-0.72,15.56,0.35,1787653781074.9143,False,,,4,OP1,C3_WIFI_CARGA_ALTA,N3
,0.509,0.427,0.201,1.0,,1787653781101.596,12.035,-0.72,15.62,0.35,1787653781101.596,False,,,4,OP1,C3_WIFI_CARGA_ALTA,N3
,0.509,0.429,0.195,1.0,,1787653781126.8364,11.825,-0.72,15.74,0.35,1787653781126.8364,False,,,4,OP1,C3_WIFI_CARGA_ALTA,N3
,0.509,0.431,0.189,1.0,,1787653781293.2698,11.615,-0.72,15.86,0.35,1787653781297.3154,False,,,4,OP1,C3_WIFI_CARGA_ALTA,N3
,0.514,0.441,0.176,1.0,,1787653781346.4514,11.16,-1.12,16.46,0.35,1787653781347.8064,False,,,4,OP1,C3_WIFI_CARGA_ALTA,N3
,0.514,0.442,0.173,1.0,,1787653781378.648,11.055,-1.12,16.52,0.35,1787653781378.648,False,,,4,OP1,C3_WIFI_CARGA_ALTA,N3
,0.514,0.444,0.169,1.0,,1787653781407.338,10.915,-1.12,16.64,0.35,1787653781408.7507,False,,,4,OP1,C3_WIFI_CARGA_ALTA,N3
,0.514,0.448,0.162,1.0,,1787653781592.608,10.67,-1.12,16.88,0.35,1787653781593.79,False,,,4,OP1,C3_WIFI_CARGA_ALTA,N3
,0.513,0.449,0.152,1.0,,1787653781630.152,10.32,-1.04,16.94,0.35,1787653781630.152,False,,,4,OP1,C3_WIFI_CARGA_ALTA,N3
,0.513,0.45,0.15,1.0,,1787653781674.242,10.25,-1.04,17.0,0.35,1787653781675.1104,False,,,4,OP1,C3_WIFI_CARGA_ALTA,N3
,0.514,0.451,0.149,1.0,,1787653781714.0127,10.215,-1.12,17.06,0.35,1787653781714.0127,False,,,4,OP1,C3_WIFI_CARGA_ALTA,N3
,0.513,0.452,0.147,1.0,,1787653781741.9832,10.145,-1.04,17.12,0.35,1787653781743.441,False,,,4,OP1,C3_WIFI_CARGA_ALTA,N3
,0.513,0.453,0.143,1.0,,1787653781798.1855,10.005,-1.04,17.18,0.35,1787653781798.1855,False,,,4,OP1,C3_WIFI_CARGA_ALTA,N3
,0.512,0.454,0.141,1.0,,1787653781842.974,9.935,-0.96,17.24,0.35,1787653781842.974,False,,,4,OP1,C3_WIFI_CARGA_ALTA,N3
,0.512,0.454,0.139,1.0,,1787653781878.2754,9.865,-0.96,17.24,0.35,1787653781882.7383,False,,,4,OP1,C3_WIFI_CARGA_ALTA,N3
,0.512,0.454,0.138,1.0,,1787653781910.0752,9.83,-0.96,17.24,0.35,1787653781910.0752,False,,,4,OP1,C3_WIFI_CARGA_ALTA,N3
,0.511,0.455,0.136,1.0,,1787653781962.0442,9.76,-0.88,17.3,0.35,1787653781962.0442,False,,,4,OP1,C3_WIFI_CARGA_ALTA,N3
,0.51,0.455,0.134,1.0,,1787653781982.4744,9.69,-0.8,17.3,0.35,1787653781982.4744,False,,,4,OP1,C3_WIFI_CARGA_ALTA,N3
,0.51,0.455,0.134,1.0,,1787653782013.2522,9.69,-0.8,17.3,0.35,1787653782013.2522,False,,,4,OP1,C3_WIFI_CARGA_ALTA,N3
,0.509,0.455,0.133,1.0,,1787653782046.5164,9.655,-0.72,17.3,0.35,1787653782046.5164,False,,,4,OP1,C3_WIFI_CARGA_ALTA,N3
,0.508,0.455,0.132,1.0,,1787653782075.4607,9.62,-0.64,17.3,0.35,1787653782075.4607,False,,,4,OP1,C3_WIFI_CARGA_ALTA,N3
,0.507,0.455,0.131,1.0,,1787653782096.9368,9.585,-0.56,17.3,0.35,1787653782096.9368,False,,,4,OP1,C3_WIFI_CARGA_ALTA,N3
,0.507,0.455,0.13,1.0,,1787653782122.164,9.55,-0.56,17.3,0.35,1787653782122.164,False,,,4,OP1,C3_WIFI_CARGA_ALTA,N3
,0.506,0.455,0.129,1.0,,1787653782302.892,9.515,-0.48,17.3,0.35,1787653782302.892,False,,,4,OP1,C3_WIFI_CARGA_ALTA,N3
,0.5,0.455,0.126,1.0,,1787653782345.057,9.41,0.0,17.3,0.35,1787653782345.057,False,,,4,OP1,C3_WIFI_CARGA_ALTA,N3
,0.5,0.454,0.127,1.0,,1787653782382.2175,9.445,0.0,17.24,0.35,1787653782382.2175,False,,,4,OP1,C3_WIFI_CARGA_ALTA,N3
,0.499,0.454,0.128,1.0,,1787653782549.3372,9.48,0.08,17.24,0.35,1787653782549.3372,False,,,4,OP1,C3_WIFI_CARGA_ALTA,N3
,0.499,0.452,0.131,1.0,,1787653782576.5386,9.585,0.08,17.12,0.35,1787653782576.5386,False,,,4,OP1,C3_WIFI_CARGA_ALTA,N3
,0.499,0.452,0.132,1.0,,1787653782622.0645,9.62,0.08,17.12,0.35,1787653782622.0645,False,,,4,OP1,C3_WIFI_CARGA_ALTA,N3
,0.499,0.45,0.134,1.0,,1787653782655.9353,9.69,0.08,17.0,0.35,1787653782657.6377,False,,,4,OP1,C3_WIFI_CARGA_ALTA,N3
,0.5,0.449,0.136,1.0,,1787653782680.644,9.76,0.0,16.94,0.35,1787653782680.644,False,,,4,OP1,C3_WIFI_CARGA_ALTA,N3
,0.5,0.449,0.137,1.0,,1787653782823.2825,9.795,0.0,16.94,0.35,1787653782823.2825,False,,,4,OP1,C3_WIFI_CARGA_ALTA,N3
,0.497,0.441,0.145,1.0,,1787653782847.982,10.075,0.24,16.46,0.35,1787653782847.982,False,,,4,OP1,C3_WIFI_CARGA_ALTA,N3
,0.496,0.438,0.149,1.0,,1787653782884.5588,10.215,0.32,16.28,0.35,1787653782884.5588,False,,,4,OP1,C3_WIFI_CARGA_ALTA,N3
,0.495,0.435,0.155,1.0,,1787653782911.9026,10.425,0.4,16.1,0.35,1787653782911.9026,False,,,4,OP1,C3_WIFI_CARGA_ALTA,N3
,0.489,0.425,0.183,1.0,,1787653782957.859,11.405,0.88,15.5,0.35,1787653782959.6738,False,,,4,OP1,C3_WIFI_CARGA_ALTA,N3
,0.486,0.416,0.201,1.0,,1787653782987.0964,12.035,1.12,14.96,0.35,1787653782991.1875,False,,,4,OP1,C3_WIFI_CARGA_ALTA,N3
,0.484,0.406,0.224,1.0,,1787653783016.5151,12.84,1.28,14.36,0.35,1787653783016.5151,False,,,4,OP1,C3_WIFI_CARGA_ALTA,N3
,0.482,0.402,0.235,1.0,,1787653783051.4832,13.225,1.44,14.12,0.35,1787653783051.4832,False,,,4,OP1,C3_WIFI_CARGA_ALTA,N3
,0.482,0.401,0.241,1.0,,1787653783078.8457,13.435,1.44,14.06,0.35,1787653783079.66,False,,,4,OP1,C3_WIFI_CARGA_ALTA,N3
,0.482,0.399,0.242,1.0,,1787653783100.34,13.47,1.44,13.94,0.35,1787653783100.34,False,,,4,OP1,C3_WIFI_CARGA_ALTA,N3
,0.482,0.398,0.243,1.0,,1787653783125.6533,13.505,1.44,13.88,0.35,1787653783128.5762,False,,,4,OP1,C3_WIFI_CARGA_ALTA,N3
,0.482,0.396,0.245,1.0,,1787653783160.022,13.575,1.44,13.76,0.35,1787653783160.022,False,,,4,OP1,C3_WIFI_CARGA_ALTA,N3
,0.483,0.394,0.248,1.0,,1787653783184.1914,13.68,1.36,13.64,0.35,1787653783184.1914,False,,,4,OP1,C3_WIFI_CARGA_ALTA,N3
,0.484,0.393,0.251,1.0,,1787653783381.8752,13.785,1.28,13.58,0.35,1787653783385.6912,False,,,4,OP1,C3_WIFI_CARGA_ALTA,N3
,0.486,0.389,0.261,1.0,,1787653783428.2136,14.135,1.12,13.34,0.35,1787653783428.2136,False,,,4,OP1,C3_WIFI_CARGA_ALTA,N3
,0.488,0.385,0.273,1.0,,1787653783460.861,14.555,0.96,13.1,0.35,1787653783460.861,False,,,4,OP1,C3_WIFI_CARGA_ALTA,N3
,0.489,0.384,0.274,1.0,,1787653783496.4863,14.59,0.88,13.04,0.35,1787653783496.4863,False,,,4,OP1,C3_WIFI_CARGA_ALTA,N3
,0.489,0.383,0.275,1.0,,1787653783518.9744,14.625,0.88,12.98,0.35,1787653783519.5503,False,,,4,OP1,C3_WIFI_CARGA_ALTA,N3
,0.489,0.383,0.276,1.0,,1787653783551.7324,14.66,0.88,12.98,0.35,1787653783551.7324,False,,,4,OP1,C3_WIFI_CARGA_ALTA,N3
,0.489,0.382,0.277,1.0,,1787653783579.0898,14.695,0.88,12.92,0.35,1787653783580.4397,False,,,4,OP1,C3_WIFI_CARGA_ALTA,N3
,0.487,0.379,0.28,1.0,,1787653783629.391,14.8,1.04,12.74,0.35,1787653783629.391,False,,,4,OP1,C3_WIFI_CARGA_ALTA,N3
,0.487,0.378,0.281,1.0,,1787653783663.8318,14.835,1.04,12.68,0.35,1787653783663.8318,False,,,4,OP1,C3_WIFI_CARGA_ALTA,N3
,0.486,0.377,0.282,1.0,,1787653783688.391,14.87,1.12,12.62,0.35,1787653783688.391,False,,,4,OP1,C3_WIFI_CARGA_ALTA,N3
,0.484,0.375,0.286,1.0,,1787653783718.349,15.01,1.28,12.5,0.35,1787653783718.349,False,,,4,OP1,C3_WIFI_CARGA_ALTA,N3
,0.483,0.373,0.291,1.0,,1787653783745.651,15.185,1.36,12.38,0.35,1787653783745.651,False,,,4,OP1,C3_WIFI_CARGA_ALTA,N3
,0.481,0.368,0.295,1.0,,1787653783797.213,15.325,1.52,12.08,0.35,1787653783797.213,False,,,4,OP1,C3_WIFI_CARGA_ALTA,N3
,0.481,0.365,0.298,1.0,,1787653783827.3506,15.43,1.52,11.9,0.35,1787653783827.3506,False,,,4,OP1,C3_WIFI_CARGA_ALTA,N3
,0.48,0.364,0.3,1.0,,1787653783994.985,15.5,1.6,11.84,0.35,1787653783994.985,False,,,4,OP1,C3_WIFI_CARGA_ALTA,N3
,0.479,0.361,0.307,1.0,,1787653784024.548,15.745,1.68,11.66,0.35,1787653784024.548,False,,,4,OP1,C3_WIFI_CARGA_ALTA,N3
,0.479,0.362,0.307,1.0,,1787653784049.5437,15.745,1.68,11.72,0.35,1787653784049.5437,False,,,4,OP1,C3_WIFI_CARGA_ALTA,N3
,0.479,0.362,0.306,1.0,,1787653784078.3408,15.71,1.68,11.72,0.35,1787653784078.3408,False,,,4,OP1,C3_WIFI_CARGA_ALTA,N3
,0.478,0.361,0.306,1.0,,1787653784101.5703,15.71,1.76,11.66,0.35,1787653784101.5703,False,,,4,OP1,C3_WIFI_CARGA_ALTA,N3
,0.478,0.361,0.306,1.0,,1787653784133.4436,15.71,1.76,11.66,0.35,1787653784133.4436,False,,,4,OP1,C3_WIFI_CARGA_ALTA,N3
,0.478,0.362,0.305,1.0,,1787653784191.8538,15.675,1.76,11.72,0.35,1787653784191.8538,False,,,4,OP1,C3_WIFI_CARGA_ALTA,N3
,0.479,0.362,0.304,1.0,,1787653784220.929,15.64,1.68,11.72,0.35,1787653784220.929,False,,,4,OP1,C3_WIFI_CARGA_ALTA,N3
,0.479,0.362,0.304,1.0,,1787653784401.7166,15.64,1.68,11.72,0.35,1787653784401.7166,False,,,4,OP1,C3_WIFI_CARGA_ALTA,N3
,0.483,0.362,0.302,1.0,,1787653784436.1047,15.57,1.36,11.72,0.35,1787653784436.1047,False,,,4,OP1,C3_WIFI_CARGA_ALTA,N3
,0.483,0.362,0.303,1.0,,1787653784471.832,15.605,1.36,11.72,0.35,1787653784471.832,False,,,4,OP1,C3_WIFI_CARGA_ALTA,N3
,0.484,0.362,0.303,1.0,,1787653784526.2014,15.605,1.28,11.72,0.35,1787653784526.2014,False,,,4,OP1,C3_WIFI_CARGA_ALTA,N3
,0.484,0.363,0.304,1.0,,1787653784552.902,15.64,1.28,11.78,0.35,1787653784552.902,False,,,4,OP1,C3_WIFI_CARGA_ALTA,N3
,0.485,0.364,0.304,1.0,,1787653784805.6,15.64,1.2,11.84,0.35,1787653784805.6,False,,,4,OP1,C3_WIFI_CARGA_ALTA,N3
,0.492,0.366,0.312,1.0,,1787653784859.171,15.92,0.64,11.96,0.35,1787653784859.171,False,,,4,OP1,C3_WIFI_CARGA_ALTA,N3
,0.494,0.366,0.312,1.0,,1787653784889.3271,15.92,0.48,11.96,0.35,1787653784889.3271,False,,,4,OP1,C3_WIFI_CARGA_ALTA,N3
,0.494,0.366,0.313,1.0,,1787653785027.3845,15.955,0.48,11.96,0.35,1787653785027.3845,False,,,4,OP1,C3_WIFI_CARGA_ALTA,N3
,0.497,0.367,0.313,1.0,,1787653785053.317,15.955,0.24,12.02,0.35,1787653785053.317,False,,,4,OP1,C3_WIFI_CARGA_ALTA,N3
,0.497,0.367,0.314,1.0,,1787653785074.5974,15.99,0.24,12.02,0.35,1787653785074.5974,False,,,4,OP1,C3_WIFI_CARGA_ALTA,N3
,0.497,0.367,0.314,1.0,,1787653785108.0166,15.99,0.24,12.02,0.35,1787653785108.0166,False,,,4,OP1,C3_WIFI_CARGA_ALTA,N3
,0.497,0.367,0.314,1.0,,1787653785138.4526,15.99,0.24,12.02,0.35,1787653785138.4526,False,,,4,OP1,C3_WIFI_CARGA_ALTA,N3
,0.497,0.367,0.314,1.0,,1787653785326.21,15.99,0.24,12.02,0.35,1787653785326.21,False,,,4,OP1,C3_WIFI_CARGA_ALTA,N3
,0.496,0.366,0.314,1.0,,1787653785362.4563,15.99,0.32,11.96,0.35,1787653785362.4563,False,,,4,OP1,C3_WIFI_CARGA_ALTA,N3
,0.496,0.366,0.315,1.0,,1787653785410.507,16.025,0.32,11.96,0.35,1787653785410.507,False,,,4,OP1,C3_WIFI_CARGA_ALTA,N3
,0.496,0.366,0.315,1.0,,1787653785443.8062,16.025,0.32,11.96,0.35,1787653785443.8062,False,,,4,OP1,C3_WIFI_CARGA_ALTA,N3
,0.496,0.365,0.315,1.0,,1787653785640.2715,16.025,0.32,11.9,0.35,1787653785641.2722,False,,,4,OP1,C3_WIFI_CARGA_ALTA,N3
,0.496,0.365,0.315,1.0,,1787653785679.3098,16.025,0.32,11.9,0.35,1787653785679.3098,False,,,4,OP1,C3_WIFI_CARGA_ALTA,N3
,0.495,0.365,0.315,1.0,,1787653785712.8535,16.025,0.4,11.9,0.35,1787653785712.8535,False,,,4,OP1,C3_WIFI_CARGA_ALTA,N3
,0.495,0.365,0.315,1.0,,1787653785742.3755,16.025,0.4,11.9,0.35,1787653785743.4348,False,,,4,OP1,C3_WIFI_CARGA_ALTA,N3
,0.495,0.364,0.315,1.0,,1787653785778.8638,16.025,0.4,11.84,0.35,1787653785780.369,False,,,4,OP1,C3_WIFI_CARGA_ALTA,N3
,0.496,0.364,0.316,1.0,,1787653785807.19,16.06,0.32,11.84,0.35,1787653785807.19,False,,,4,OP1,C3_WIFI_CARGA_ALTA,N3
,0.496,0.364,0.316,1.0,,1787653785828.3564,16.06,0.32,11.84,0.35,1787653785828.3564,False,,,4,OP1,C3_WIFI_CARGA_ALTA,N3
,0.496,0.364,0.316,1.0,,1787653785861.9773,16.06,0.32,11.84,0.35,1787653785861.9773,False,,,4,OP1,C3_WIFI_CARGA_ALTA,N3
,0.496,0.364,0.316,1.0,,1787653785914.2725,16.06,0.32,11.84,0.35,1787653785914.2725,False,,,4,OP1,C3_WIFI_CARGA_ALTA,N3
,0.497,0.363,0.317,1.0,,1787653785946.7148,16.095,0.24,11.78,0.35,1787653785946.7148,False,,,4,OP1,C3_WIFI_CARGA_ALTA,N3
,0.497,0.363,0.317,1.0,,1787653785975.412,16.095,0.24,11.78,0.35,1787653785975.7144,False,,,4,OP1,C3_WIFI_CARGA_ALTA,N3
,0.497,0.362,0.317,1.0,,1787653785998.478,16.095,0.24,11.72,0.35,1787653785998.9934,False,,,4,OP1,C3_WIFI_CARGA_ALTA,N3
,0.497,0.362,0.318,1.0,,1787653786027.5093,16.13,0.24,11.72,0.35,1787653786027.5093,False,,,4,OP1,C3_WIFI_CARGA_ALTA,N3
,0.497,0.362,0.317,1.0,,1787653786050.255,16.095,0.24,11.72,0.35,1787653786050.255,False,,,4,OP1,C3_WIFI_CARGA_ALTA,N3
,0.496,0.362,0.317,1.0,,1787653786082.1826,16.095,0.32,11.72,0.35,1787653786082.1826,False,,,4,OP1,C3_WIFI_CARGA_ALTA,N3
,0.496,0.362,0.317,1.0,,1787653786112.004,16.095,0.32,11.72,0.35,1787653786112.004,False,,,4,OP1,C3_WIFI_CARGA_ALTA,N3
,0.496,0.362,0.318,1.0,,1787653786279.5798,16.13,0.32,11.72,0.35,1787653786281.6824,False,,,4,OP1,C3_WIFI_CARGA_ALTA,N3
,0.496,0.361,0.32,1.0,,1787653786392.1868,16.2,0.32,11.66,0.35,1787653786392.1868,False,,,4,OP1,C3_WIFI_CARGA_ALTA,N3
,0.497,0.361,0.321,1.0,,1787653786417.092,16.235,0.24,11.66,0.35,1787653786417.699,False,,,4,OP1,C3_WIFI_CARGA_ALTA,N3
,0.497,0.361,0.322,1.0,,1787653786447.666,16.27,0.24,11.66,0.35,1787653786447.666,False,,,4,OP1,C3_WIFI_CARGA_ALTA,N3
,0.498,0.36,0.322,1.0,,1787653786475.5254,16.27,0.16,11.6,0.35,1787653786475.5254,False,,,4,OP1,C3_WIFI_CARGA_ALTA,N3
,0.498,0.36,0.323,1.0,,1787653786499.9644,16.305,0.16,11.6,0.35,1787653786499.9644,False,,,4,OP1,C3_WIFI_CARGA_ALTA,N3
,0.499,0.359,0.323,1.0,,1787653786552.5515,16.305,0.08,11.54,0.35,1787653786554.5613,False,,,4,OP1,C3_WIFI_CARGA_ALTA,N3
,0.499,0.359,0.323,1.0,,1787653786583.4873,16.305,0.08,11.54,0.35,1787653786583.4873,False,,,4,OP1,C3_WIFI_CARGA_ALTA,N3
,0.499,0.359,0.323,1.0,,1787653786614.6758,16.305,0.08,11.54,0.35,1787653786615.7383,False,,,4,OP1,C3_WIFI_CARGA_ALTA,N3
,0.498,0.359,0.323,1.0,,1787653786642.756,16.305,0.16,11.54,0.35,1787653786642.756,False,,,4,OP1,C3_WIFI_CARGA_ALTA,N3
,0.498,0.359,0.324,1.0,,1787653786669.8677,16.34,0.16,11.54,0.35,1787653786670.7236,False,,,4,OP1,C3_WIFI_CARGA_ALTA,N3
,0.498,0.359,0.324,1.0,,1787653786854.4397,16.34,0.16,11.54,0.35,1787653786854.4397,False,,,4,OP1,C3_WIFI_CARGA_ALTA,N3
,0.437,0.403,0.39,1.0,,1787653786888.0393,18.65,5.04,14.18,0.35,1787653786889.7305,False,,,4,OP1,C3_WIFI_CARGA_ALTA,N3
,0.424,0.414,0.421,1.0,,1787653786922.2195,19.735,6.08,14.84,0.35,1787653786922.2195,False,,,4,OP1,C3_WIFI_CARGA_ALTA,N3
,0.413,0.423,0.452,1.0,,1787653786948.9578,20.82,6.96,15.38,0.35,1787653786949.9656,False,,,4,OP1,C3_WIFI_CARGA_ALTA,N3
,0.394,0.443,0.478,1.0,,1787653786975.4346,21.73,8.48,16.58,0.35,1787653786977.4453,False,,,4,OP1,C3_WIFI_CARGA_ALTA,N3
,0.374,0.464,0.49,1.0,,1787653787142.891,22.15,10.08,17.84,0.35,1787653787144.9,False,,,4,OP1,C3_WIFI_CARGA_ALTA,N3
,0.259,0.516,0.536,0.99,,1787653787337.4973,23.76,19.28,20.96,0.3605,1787653787337.4973,False,,,4,OP1,C3_WIFI_CARGA_ALTA,N3
,0.223,0.539,0.452,0.955,,1787653787379.308,20.82,22.16,22.34,0.3973,1787653787380.622,False,,,4,OP1,C3_WIFI_CARGA_ALTA,N3
,0.157,0.541,0.446,0.928,,1787653787420.0215,20.61,27.44,22.46,0.4256,1787653787420.0215,False,,,4,OP1,C3_WIFI_CARGA_ALTA,N3
,0.15,0.54,0.448,0.926,,1787653787449.922,20.68,28.0,22.4,0.4277,1787653787450.7495,False,,,4,OP1,C3_WIFI_CARGA_ALTA,N3
,0.148,0.539,0.449,0.924,,1787653787477.6587,20.715,28.16,22.34,0.4298,1787653787478.389,False,,,4,OP1,C3_WIFI_CARGA_ALTA,N3
,0.146,0.537,0.458,0.924,,1787653787532.6223,21.03,28.32,22.22,0.4298,1787653787534.632,False,,,4,OP1,C3_WIFI_CARGA_ALTA,N3
,0.144,0.535,0.464,0.926,,1787653787561.3213,21.24,28.48,22.1,0.4277,1787653787561.3213,False,,,4,OP1,C3_WIFI_CARGA_ALTA,N3
,0.143,0.533,0.468,0.929,,1787653787586.905,21.38,28.56,21.98,0.4245,1787653787586.905,False,,,4,OP1,C3_WIFI_CARGA_ALTA,N3
,0.144,0.532,0.469,0.93,,1787653787617.9175,21.415,28.48,21.92,0.4235,1787653787617.9175,False,,,4,OP1,C3_WIFI_CARGA_ALTA,N3
,0.144,0.531,0.47,0.932,,1787653787644.3762,21.45,28.48,21.86,0.4214,1787653787644.3762,False,,,4,OP1,C3_WIFI_CARGA_ALTA,N3
,0.144,0.529,0.471,0.931,,1787653787698.8057,21.485,28.48,21.74,0.4224,1787653787698.8057,False,,,4,OP1,C3_WIFI_CARGA_ALTA,N3
,0.144,0.528,0.474,0.931,,1787653787728.1543,21.59,28.48,21.68,0.4224,1787653787729.993,False,,,4,OP1,C3_WIFI_CARGA_ALTA,N3
,0.144,0.526,0.478,0.932,,1787653787751.7437,21.73,28.48,21.56,0.4214,1787653787751.7437,False,,,4,OP1,C3_WIFI_CARGA_ALTA,N3
,0.144,0.523,0.482,0.932,,1787653787918.0586,21.87,28.48,21.38,0.4214,1787653787918.0586,False,,,4,OP1,C3_WIFI_CARGA_ALTA,N3
,0.153,0.5,0.502,0.929,,1787653788085.4958,22.57,27.76,20.0,0.4245,1787653788085.4958,False,,,4,OP1,C3_WIFI_CARGA_ALTA,N3
,0.159,0.49,0.513,0.926,,1787653788118.229,22.955,27.28,19.4,0.4277,1787653788119.7275,False,,,4,OP1,C3_WIFI_CARGA_ALTA,N3
,0.159,0.489,0.516,0.921,,1787653788144.8723,23.06,27.28,19.34,0.433,1787653788144.8723,False,,,4,OP1,C3_WIFI_CARGA_ALTA,N3
,0.161,0.487,0.518,0.914,,1787653788164.9053,23.13,27.12,19.22,0.4403,1787653788166.6455,False,,,4,OP1,C3_WIFI_CARGA_ALTA,N3
,0.164,0.484,0.521,0.906,,1787653788199.3726,23.235,26.88,19.04,0.4487,1787653788201.3794,False,,,4,OP1,C3_WIFI_CARGA_ALTA,N3
,0.168,0.478,0.528,0.897,,1787653788228.4343,23.48,26.56,18.68,0.4582,1787653788228.4343,False,,,4,OP1,C3_WIFI_CARGA_ALTA,N3
,0.174,0.47,0.539,0.891,,1787653788249.131,23.865,26.08,18.2,0.4645,1787653788249.131,False,,,4,OP1,C3_WIFI_CARGA_ALTA,N3
,0.18,0.462,0.55,0.885,,1787653788286.118,24.25,25.6,17.72,0.4708,1787653788286.118,False,,,4,OP1,C3_WIFI_CARGA_ALTA,N3
,0.188,0.451,0.569,0.878,,1787653788333.8433,24.915,24.96,17.06,0.4781,1787653788333.8433,False,,,4,OP1,C3_WIFI_CARGA_ALTA,N3
,0.192,0.448,0.576,0.876,,1787653788368.3655,25.16,24.64,16.88,0.4802,1787653788368.3655,False,,,4,OP1,C3_WIFI_CARGA_ALTA,N3
,0.195,0.447,0.58,0.875,,1787653788396.408,25.3,24.4,16.82,0.4813,1787653788396.408,False,,,4,OP1,C3_WIFI_CARGA_ALTA,N3
,0.197,0.447,0.581,0.875,,1787653788417.486,25.335,24.24,16.82,0.4813,1787653788417.486,False,,,4,OP1,C3_WIFI_CARGA_ALTA,N3
,0.199,0.447,0.585,0.875,,1787653788451.6265,25.475,24.08,16.82,0.4813,1787653788451.6265,False,,,4,OP1,C3_WIFI_CARGA_ALTA,N3
,0.202,0.446,0.59,0.879,,1787653788501.65,25.65,23.84,16.76,0.4771,1787653788501.65,False,,,4,OP1,C3_WIFI_CARGA_ALTA,N3
,0.202,0.446,0.592,0.882,,1787653788535.3772,25.72,23.84,16.76,0.4739,1787653788535.3772,False,,,4,OP1,C3_WIFI_CARGA_ALTA,N3
,0.203,0.446,0.594,0.886,,1787653788564.219,25.79,23.76,16.76,0.4697,1787653788564.219,False,,,4,OP1,C3_WIFI_CARGA_ALTA,N3
,0.204,0.445,0.594,0.89,,1787653788584.9485,25.79,23.68,16.7,0.4655,1787653788584.9485,False,,,4,OP1,C3_WIFI_CARGA_ALTA,N3
,0.204,0.444,0.594,0.893,,1787653788617.772,25.79,23.68,16.64,0.4624,1787653788617.772,False,,,4,OP1,C3_WIFI_CARGA_ALTA,N3
,0.205,0.441,0.595,0.897,,1787653788669.7834,25.825,23.6,16.46,0.4582,1787653788669.7834,False,,,4,OP1,C3_WIFI_CARGA_ALTA,N3
,0.205,0.439,0.596,0.897,,1787653788702.9053,25.86,23.6,16.34,0.4582,1787653788702.9053,False,,,4,OP1,C3_WIFI_CARGA_ALTA,N3
,0.203,0.434,0.599,0.897,,1787653788730.6272,25.965,23.76,16.04,0.4582,1787653788730.6272,False,,,4,OP1,C3_WIFI_CARGA_ALTA,N3
,0.2,0.428,0.605,0.896,,1787653788751.4788,26.175,24.0,15.68,0.4592,1787653788751.4788,False,,,4,OP1,C3_WIFI_CARGA_ALTA,N3
,0.197,0.422,0.61,0.896,,1787653788786.6443,26.35,24.24,15.32,0.4592,1787653788786.6443,False,,,4,OP1,C3_WIFI_CARGA_ALTA,N3
,0.189,0.413,0.612,0.899,,1787653788831.14,26.42,24.88,14.78,0.4561,1787653788832.6265,False,,,4,OP1,C3_WIFI_CARGA_ALTA,N3
,0.185,0.408,0.615,0.9,,1787653788866.974,26.525,25.2,14.48,0.455,1787653788866.974,False,,,4,OP1,C3_WIFI_CARGA_ALTA,N3
,0.182,0.403,0.618,0.901,,1787653788897.369,26.63,25.44,14.18,0.454,1787653788898.7898,False,,,4,OP1,C3_WIFI_CARGA_ALTA,N3
,0.179,0.398,0.622,0.903,,1787653788919.6228,26.77,25.68,13.88,0.4519,1787653788919.6228,False,,,4,OP1,C3_WIFI_CARGA_ALTA,N3
,0.177,0.392,0.627,0.903,,1787653788954.3828,26.945,25.84,13.52,0.4519,1787653788954.3828,False,,,4,OP1,C3_WIFI_CARGA_ALTA,N3
,0.174,0.381,0.641,0.907,,1787653788995.9563,27.435,26.08,12.86,0.4476,1787653788995.9563,False,,,4,OP1,C3_WIFI_CARGA_ALTA,N3
,0.175,0.379,0.642,0.91,,1787653789037.8171,27.47,26.0,12.74,0.4445,1787653789037.8171,False,,,4,OP1,C3_WIFI_CARGA_ALTA,N3
,0.175,0.378,0.643,0.914,,1787653789064.4636,27.505,26.0,12.68,0.4403,1787653789064.4636,False,,,4,OP1,C3_WIFI_CARGA_ALTA,N3
,0.177,0.376,0.644,0.918,,1787653789089.0613,27.54,25.84,12.56,0.4361,1787653789089.0613,False,,,4,OP1,C3_WIFI_CARGA_ALTA,N3
,0.179,0.371,0.646,0.93,,1787653789140.286,27.61,25.68,12.26,0.4235,1787653789142.3022,False,,,4,OP1,C3_WIFI_CARGA_ALTA,N3
,0.18,0.369,0.646,0.932,,1787653789173.5398,27.61,25.6,12.14,0.4214,1787653789173.5398,False,,,4,OP1,C3_WIFI_CARGA_ALTA,N3
,0.181,0.367,0.645,0.933,,1787653789205.0671,27.575,25.52,12.02,0.4204,1787653789205.0671,False,,,4,OP1,C3_WIFI_CARGA_ALTA,N3
,0.182,0.364,0.645,0.934,,1787653789231.4612,27.575,25.44,11.84,0.4193,1787653789231.4612,False,,,4,OP1,C3_WIFI_CARGA_ALTA,N3
,0.182,0.36,0.646,0.932,,1787653789424.671,27.61,25.44,11.6,0.4214,1787653789424.671,False,,,4,OP1,C3_WIFI_CARGA_ALTA,N3
,0.174,0.343,0.653,0.911,,1787653789476.2175,27.855,26.08,10.58,0.4435,1787653789478.335,False,,,4,OP1,C3_WIFI_CARGA_ALTA,N3
,0.174,0.342,0.652,0.904,,1787653789509.6914,27.82,26.08,10.52,0.4508,1787653789509.6914,False,,,4,OP1,C3_WIFI_CARGA_ALTA,N3
,0.174,0.341,0.652,0.899,,1787653789539.5854,27.82,26.08,10.46,0.4561,1787653789539.5854,False,,,4,OP1,C3_WIFI_CARGA_ALTA,N3
,0.174,0.34,0.651,0.893,,1787653789566.3403,27.785,26.08,10.4,0.4624,1787653789567.0266,False,,,4,OP1,C3_WIFI_CARGA_ALTA,N3
,0.174,0.34,0.65,0.889,,1787653789592.949,27.75,26.08,10.4,0.4666,1787653789592.949,False,,,4,OP1,C3_WIFI_CARGA_ALTA,N3
,0.176,0.336,0.652,0.885,,1787653789634.874,27.82,25.92,10.16,0.4708,1787653789635.682,False,,,4,OP1,C3_WIFI_CARGA_ALTA,N3
,0.178,0.333,0.654,0.884,,1787653789677.2827,27.89,25.76,9.98,0.4718,1787653789677.2827,False,,,4,OP1,C3_WIFI_CARGA_ALTA,N3
,0.18,0.33,0.657,0.884,,1787653789705.7383,27.995,25.6,9.8,0.4718,1787653789705.7383,False,,,4,OP1,C3_WIFI_CARGA_ALTA,N3
,0.182,0.328,0.659,0.886,,1787653789732.7422,28.065,25.44,9.68,0.4697,1787653789732.7422,False,,,4,OP1,C3_WIFI_CARGA_ALTA,N3
,0.185,0.326,0.661,0.889,,1787653789760.3403,28.135,25.2,9.56,0.4666,1787653789760.3403,False,,,4,OP1,C3_WIFI_CARGA_ALTA,N3
,0.187,0.322,0.663,0.917,,1787653789811.476,28.205,25.04,9.32,0.4372,1787653789811.476,False,,,4,OP1,C3_WIFI_CARGA_ALTA,N3
,0.188,0.318,0.666,0.961,,1787653789946.1794,28.31,24.96,9.08,0.391,1787653789946.1794,False,,,4,OP1,C3_WIFI_CARGA_ALTA,N3
,0.195,0.304,0.669,1.0,,1787653789970.1042,28.415,24.4,8.24,0.35,1787653789970.1042,False,,,4,OP1,C3_WIFI_CARGA_ALTA,N3
,0.198,0.302,0.669,1.0,,1787653790009.209,28.415,24.16,8.12,0.35,1787653790009.209,False,,,4,OP1,C3_WIFI_CARGA_ALTA,N3
,0.201,0.3,0.671,1.0,,1787653790040.37,28.485,23.92,8.0,0.35,1787653790040.9902,False,,,4,OP1,C3_WIFI_CARGA_ALTA,N3
,0.202,0.297,0.673,1.0,,1787653790067.172,28.555,23.84,7.82,0.35,1787653790067.172,False,,,4,OP1,C3_WIFI_CARGA_ALTA,N3
,0.204,0.298,0.674,1.0,,1787653790092.8809,28.59,23.68,7.88,0.35,1787653790092.8809,False,,,4,OP1,C3_WIFI_CARGA_ALTA,N3
,0.206,0.298,0.674,1.0,,1787653790118.76,28.59,23.52,7.88,0.35,1787653790118.76,False,,,4,OP1,C3_WIFI_CARGA_ALTA,N3
,0.209,0.298,0.675,1.0,,1787653790139.64,28.625,23.28,7.88,0.35,1787653790139.64,False,,,4,OP1,C3_WIFI_CARGA_ALTA,N3
,0.212,0.298,0.678,1.0,,1787653790176.817,28.73,23.04,7.88,0.35,1787653790176.817,False,,,4,OP1,C3_WIFI_CARGA_ALTA,N3
,0.214,0.297,0.681,1.0,,1787653790370.2087,28.835,22.88,7.82,0.35,1787653790374.6926,False,,,4,OP1,C3_WIFI_CARGA_ALTA,N3
,0.232,0.283,0.692,1.0,,1787653790390.5913,29.22,21.44,6.98,0.35,1787653790390.5913,False,,,4,OP1,C3_WIFI_CARGA_ALTA,N3
,0.233,0.281,0.693,1.0,,1787653790428.983,29.255,21.36,6.86,0.35,1787653790428.983,False,,,4,OP1,C3_WIFI_CARGA_ALTA,N3
,0.234,0.28,0.693,1.0,,1787653790451.44,29.255,21.28,6.8,0.35,1787653790451.44,False,,,4,OP1,C3_WIFI_CARGA_ALTA,N3
,0.235,0.28,0.693,1.0,,1787653790474.5864,29.255,21.2,6.8,0.35,1787653790475.42,False,,,4,OP1,C3_WIFI_CARGA_ALTA,N3
,0.235,0.28,0.692,1.0,,1787653790512.8066,29.22,21.2,6.8,0.35,1787653790512.8066,False,,,4,OP1,C3_WIFI_CARGA_ALTA,N3
,0.236,0.28,0.692,1.0,,1787653790540.61,29.22,21.12,6.8,0.35,1787653790540.61,False,,,4,OP1,C3_WIFI_CARGA_ALTA,N3
,0.236,0.279,0.693,1.0,,1787653790584.787,29.255,21.12,6.74,0.35,1787653790584.787,False,,,4,OP1,C3_WIFI_CARGA_ALTA,N3
,0.237,0.279,0.693,1.0,,1787653790618.0327,29.255,21.04,6.74,0.35,1787653790618.0327,False,,,4,OP1,C3_WIFI_CARGA_ALTA,N3
,0.237,0.278,0.693,1.0,,1787653790642.7712,29.255,21.04,6.68,0.35,1787653790642.7712,False,,,4,OP1,C3_WIFI_CARGA_ALTA,N3
,0.237,0.278,0.694,1.0,,1787653790680.0215,29.29,21.04,6.68,0.35,1787653790681.2366,False,,,4,OP1,C3_WIFI_CARGA_ALTA,N3
,0.238,0.277,0.696,1.0,,1787653790708.4707,29.36,20.96,6.62,0.35,1787653790708.4707,False,,,4,OP1,C3_WIFI_CARGA_ALTA,N3
,0.239,0.274,0.701,1.0,,1787653790752.61,29.535,20.88,6.44,0.35,1787653790752.61,False,,,4,OP1,C3_WIFI_CARGA_ALTA,N3
,0.239,0.274,0.701,1.0,,1787653790786.423,29.535,20.88,6.44,0.35,1787653790788.0994,False,,,4,OP1,C3_WIFI_CARGA_ALTA,N3
,0.239,0.273,0.702,1.0,,1787653790811.812,29.57,20.88,6.38,0.35,1787653790811.812,False,,,4,OP1,C3_WIFI_CARGA_ALTA,N3
,0.238,0.273,0.703,1.0,,1787653790848.0183,29.605,20.96,6.38,0.35,1787653790848.0183,False,,,4,OP1,C3_WIFI_CARGA_ALTA,N3
,0.238,0.273,0.703,1.0,,1787653790874.089,29.605,20.96,6.38,0.35,1787653790874.089,False,,,4,OP1,C3_WIFI_CARGA_ALTA,N3
,0.237,0.273,0.704,1.0,,1787653790895.3398,29.64,21.04,6.38,0.35,1787653790895.3398,False,,,4,OP1,C3_WIFI_CARGA_ALTA,N3
,0.236,0.273,0.704,1.0,,1787653790921.5225,29.64,21.12,6.38,0.35,1787653790921.5225,False,,,4,OP1,C3_WIFI_CARGA_ALTA,N3
,0.234,0.272,0.705,1.0,,1787653790954.705,29.675,21.28,6.32,0.35,1787653790954.705,False,,,4,OP1,C3_WIFI_CARGA_ALTA,N3
,0.233,0.269,0.707,1.0,,1787653790979.3872,29.745,21.36,6.14,0.35,1787653790979.3872,False,,,4,OP1,C3_WIFI_CARGA_ALTA,N3
,0.232,0.267,0.707,1.0,,1787653791012.9114,29.745,21.44,6.02,0.35,1787653791012.9114,False,,,4,OP1,C3_WIFI_CARGA_ALTA,N3
,0.231,0.266,0.706,1.0,,1787653791042.506,29.71,21.52,5.96,0.35,1787653791042.506,False,,,4,OP1,C3_WIFI_CARGA_ALTA,N3
,0.231,0.264,0.706,1.0,,1787653791063.1665,29.71,21.52,5.84,0.35,1787653791063.1665,False,,,4,OP1,C3_WIFI_CARGA_ALTA,N3
,0.231,0.261,0.707,1.0,,1787653791273.4805,29.745,21.52,5.66,0.35,1787653791273.4805,False,,,4,OP1,C3_WIFI_CARGA_ALTA,N3
,0.234,0.252,0.72,1.0,,1787653791315.4326,30.2,21.28,5.12,0.35,1787653791315.4326,False,,,4,OP1,C3_WIFI_CARGA_ALTA,N3
,0.234,0.252,0.723,1.0,,1787653791346.0603,30.305,21.28,5.12,0.35,1787653791346.0603,False,,,4,OP1,C3_WIFI_CARGA_ALTA,N3
,0.234,0.252,0.73,1.0,,1787653791373.4973,30.55,21.28,5.12,0.35,1787653791373.4973,False,,,4,OP1,C3_WIFI_CARGA_ALTA,N3
,0.234,0.252,0.745,1.0,,1787653791424.76,31.075,21.28,5.12,0.35,1787653791424.76,False,,,4,OP1,C3_WIFI_CARGA_ALTA,N3
,0.235,0.252,0.751,1.0,,1787653791458.1487,31.285,21.2,5.12,0.35,1787653791458.1487,False,,,4,OP1,C3_WIFI_CARGA_ALTA,N3
,0.236,0.252,0.755,1.0,,1787653791482.2004,31.425,21.12,5.12,0.35,1787653791482.8542,False,,,4,OP1,C3_WIFI_CARGA_ALTA,N3
,0.236,0.252,0.76,1.0,,1787653791514.2932,31.6,21.12,5.12,0.35,1787653791514.2932,False,,,4,OP1,C3_WIFI_CARGA_ALTA,N3
,0.237,0.253,0.772,1.0,,1787653791560.3484,32.02,21.04,5.18,0.35,1787653791560.859,False,,,4,OP1,C3_WIFI_CARGA_ALTA,N3
,0.238,0.253,0.777,1.0,,1787653791594.739,32.195,20.96,5.18,0.35,1787653791595.7896,False,,,4,OP1,C3_WIFI_CARGA_ALTA,N3
,0.238,0.253,0.78,1.0,,1787653791760.6082,32.3,20.96,5.18,0.35,1787653791762.1033,False,,,4,OP1,C3_WIFI_CARGA_ALTA,N3
,0.243,0.239,0.799,1.0,,1787653791791.9426,32.965,20.56,4.34,0.35,1787653791791.9426,False,,,4,OP1,C3_WIFI_CARGA_ALTA,N3
,0.246,0.236,0.804,1.0,,1787653791849.7583,33.14,20.32,4.16,0.35,1787653791851.2686,False,,,4,OP1,C3_WIFI_CARGA_ALTA,N3
,0.247,0.232,0.808,1.0,,1787653791877.2507,33.28,20.24,3.92,0.35,1787653791877.2507,False,,,4,OP1,C3_WIFI_CARGA_ALTA,N3
,0.25,0.223,0.817,1.0,,1787653791931.2605,33.595,20.0,3.38,0.35,1787653791931.2605,False,,,4,OP1,C3_WIFI_CARGA_ALTA,N3
,0.252,0.219,0.822,1.0,,1787653791959.946,33.77,19.84,3.14,0.35,1787653791959.946,False,,,4,OP1,C3_WIFI_CARGA_ALTA,N3
,0.254,0.216,0.826,1.0,,1787653791981.2273,33.91,19.68,2.96,0.35,1787653791981.2273,False,,,4,OP1,C3_WIFI_CARGA_ALTA,N3
,0.255,0.215,0.828,1.0,,1787653792016.7495,33.98,19.6,2.9,0.35,1787653792016.7495,False,,,4,OP1,C3_WIFI_CARGA_ALTA,N3
,0.256,0.214,0.829,1.0,,1787653792041.7793,34.015,19.52,2.84,0.35,1787653792041.7793,False,,,4,OP1,C3_WIFI_CARGA_ALTA,N3
,0.257,0.215,0.829,1.0,,1787653792062.65,34.015,19.44,2.9,0.35,1787653792062.65,False,,,4,OP1,C3_WIFI_CARGA_ALTA,N3
,0.258,0.214,0.83,1.0,,1787653792096.3228,34.05,19.36,2.84,0.35,1787653792096.3228,False,,,4,OP1,C3_WIFI_CARGA_ALTA,N3
,0.26,0.214,0.832,1.0,,1787653792127.0903,34.12,19.2,2.84,0.35,1787653792127.0903,False,,,4,OP1,C3_WIFI_CARGA_ALTA,N3
,0.261,0.214,0.833,1.0,,1787653792151.58,34.155,19.12,2.84,0.35,1787653792151.58,False,,,4,OP1,C3_WIFI_CARGA_ALTA,N3
,0.263,0.213,0.835,1.0,,1787653792184.4,34.225,18.96,2.78,0.35,1787653792184.4,False,,,4,OP1,C3_WIFI_CARGA_ALTA,N3
,0.264,0.213,0.837,1.0,,1787653792232.9148,34.295,18.88,2.78,0.35,1787653792232.9148,False,,,4,OP1,C3_WIFI_CARGA_ALTA,N3
,0.265,0.214,0.838,1.0,,1787653792264.6943,34.33,18.8,2.84,0.35,1787653792264.6943,False,,,4,OP1,C3_WIFI_CARGA_ALTA,N3
,0.265,0.213,0.839,1.0,,1787653792294.732,34.365,18.8,2.78,0.35,1787653792294.732,False,,,4,OP1,C3_WIFI_CARGA_ALTA,N3
,0.265,0.213,0.842,1.0,,1787653792321.4824,34.47,18.8,2.78,0.35,1787653792321.4824,False,,,4,OP1,C3_WIFI_CARGA_ALTA,N3
,0.265,0.213,0.844,1.0,,1787653792351.4297,34.54,18.8,2.78,0.35,1787653792351.4297,False,,,4,OP1,C3_WIFI_CARGA_ALTA,N3
,0.263,0.212,0.847,1.0,,1787653792401.2483,34.645,18.96,2.72,0.35,1787653792401.2483,False,,,4,OP1,C3_WIFI_CARGA_ALTA,N3
,0.263,0.211,0.848,1.0,,1787653792432.7224,34.68,18.96,2.66,0.35,1787653792434.7322,False,,,4,OP1,C3_WIFI_CARGA_ALTA,N3
,0.262,0.21,0.849,1.0,,1787653792463.4724,34.715,19.04,2.6,0.35,1787653792463.4724,False,,,4,OP1,C3_WIFI_CARGA_ALTA,N3
,0.261,0.209,0.85,1.0,,1787653792491.0615,34.75,19.12,2.54,0.35,1787653792491.0615,False,,,4,OP1,C3_WIFI_CARGA_ALTA,N3
,0.261,0.208,0.85,1.0,,1787653792515.5728,34.75,19.12,2.48,0.35,1787653792519.7312,False,,,4,OP1,C3_WIFI_CARGA_ALTA,N3
,0.26,0.205,0.849,1.0,,1787653792569.1082,34.715,19.2,2.3,0.35,1787653792571.1174,False,,,4,OP1,C3_WIFI_CARGA_ALTA,N3
,0.259,0.204,0.848,1.0,,1787653792601.2,34.68,19.28,2.24,0.35,1787653792601.2,False,,,4,OP1,C3_WIFI_CARGA_ALTA,N3
,0.259,0.202,0.847,1.0,,1787653792629.4487,34.645,19.28,2.12,0.35,1787653792630.4504,False,,,4,OP1,C3_WIFI_CARGA_ALTA,N3
,0.259,0.201,0.846,1.0,,1787653792657.333,34.61,19.28,2.06,0.35,1787653792657.333,False,,,4,OP1,C3_WIFI_CARGA_ALTA,N3
,0.259,0.2,0.846,1.0,,1787653792683.9192,34.61,19.28,2.0,0.35,1787653792683.9192,False,,,4,OP1,C3_WIFI_CARGA_ALTA,N3
,0.259,0.198,0.846,1.0,,1787653792739.4185,34.61,19.28,1.88,0.35,1787653792739.4185,False,,,4,OP1,C3_WIFI_CARGA_ALTA,N3
,0.259,0.198,0.846,1.0,,1787653792768.438,34.61,19.28,1.88,0.35,1787653792770.4463,False,,,4,OP1,C3_WIFI_CARGA_ALTA,N3
,0.259,0.197,0.846,1.0,,1787653792797.2778,34.61,19.28,1.82,0.35,1787653792797.2778,False,,,4,OP1,C3_WIFI_CARGA_ALTA,N3
,0.258,0.196,0.846,1.0,,1787653792825.4685,34.61,19.36,1.76,0.35,1787653792825.4685,False,,,4,OP1,C3_WIFI_CARGA_ALTA,N3
,0.258,0.196,0.846,1.0,,1787653792851.531,34.61,19.36,1.76,0.35,1787653792851.531,False,,,4,OP1,C3_WIFI_CARGA_ALTA,N3
,0.258,0.194,0.847,1.0,,1787653792907.3723,34.645,19.36,1.64,0.35,1787653792907.3723,False,,,4,OP1,C3_WIFI_CARGA_ALTA,N3
,0.257,0.194,0.847,1.0,,1787653793074.6675,34.645,19.44,1.64,0.35,1787653793074.6675,False,,,4,OP1,C3_WIFI_CARGA_ALTA,N3
,0.254,0.19,0.84,1.0,,1787653793102.188,34.4,19.68,1.4,0.35,1787653793104.1987,False,,,4,OP1,C3_WIFI_CARGA_ALTA,N3
,0.253,0.19,0.839,1.0,,1787653793268.9873,34.365,19.76,1.4,0.35,1787653793268.9873,False,,,4,OP1,C3_WIFI_CARGA_ALTA,N3
,0.254,0.183,0.834,1.0,,1787653793325.873,34.19,19.68,0.98,0.35,1787653793326.494,False,,,4,OP1,C3_WIFI_CARGA_ALTA,N3
,0.257,0.178,0.832,1.0,,1787653793373.0063,34.12,19.44,0.68,0.35,1787653793373.0063,False,,,4,OP1,C3_WIFI_CARGA_ALTA,N3
,0.259,0.177,0.831,1.0,,1787653793406.538,34.085,19.28,0.62,0.35,1787653793406.538,False,,,4,OP1,C3_WIFI_CARGA_ALTA,N3
,0.261,0.175,0.83,1.0,,1787653793436.072,34.05,19.12,0.5,0.35,1787653793436.072,False,,,4,OP1,C3_WIFI_CARGA_ALTA,N3
,0.263,0.175,0.828,1.0,,1787653793493.147,33.98,18.96,0.5,0.35,1787653793493.147,False,,,4,OP1,C3_WIFI_CARGA_ALTA,N3
,0.264,0.174,0.827,1.0,,1787653793539.8987,33.945,18.88,0.44,0.35,1787653793540.621,False,,,4,OP1,C3_WIFI_CARGA_ALTA,N3
,0.265,0.174,0.826,1.0,,1787653793574.7075,33.91,18.8,0.44,0.35,1787653793578.7302,False,,,4,OP1,C3_WIFI_CARGA_ALTA,N3
,0.266,0.173,0.825,1.0,,1787653793603.0425,33.875,18.72,0.38,0.35,1787653793603.0425,False,,,4,OP1,C3_WIFI_CARGA_ALTA,N3
,0.267,0.172,0.825,1.0,,1787653793623.757,33.875,18.64,0.32,0.35,1787653793623.757,False,,,4,OP1,C3_WIFI_CARGA_ALTA,N3
,0.267,0.171,0.825,1.0,,1787653793659.3494,33.875,18.64,0.26,0.35,1787653793659.3494,False,,,4,OP1,C3_WIFI_CARGA_ALTA,N3
,0.268,0.171,0.824,1.0,,1787653793680.3428,33.84,18.56,0.26,0.35,1787653793680.6013,False,,,4,OP1,C3_WIFI_CARGA_ALTA,N3
,0.268,0.171,0.822,1.0,,1787653793709.0095,33.77,18.56,0.26,0.35,1787653793709.0095,False,,,4,OP1,C3_WIFI_CARGA_ALTA,N3
,0.268,0.17,0.819,1.0,,1787653793742.5215,33.665,18.56,0.2,0.35,1787653793742.5215,False,,,4,OP1,C3_WIFI_CARGA_ALTA,N3
,0.268,0.17,0.818,1.0,,1787653793910.6443,33.63,18.56,0.2,0.35,1787653793911.1348,False,,,4,OP1,C3_WIFI_CARGA_ALTA,N3
,0.27,0.166,0.809,1.0,,1787653793938.0852,33.315,18.4,-0.04,0.35,1787653793939.486,False,,,4,OP1,C3_WIFI_CARGA_ALTA,N3
,0.271,0.164,0.808,1.0,,1787653793960.645,33.28,18.32,-0.16,0.35,1787653793960.645,False,,,4,OP1,C3_WIFI_CARGA_ALTA,N3
,0.271,0.162,0.807,1.0,,1787653793982.1023,33.245,18.32,-0.28,0.35,1787653793986.1643,False,,,4,OP1,C3_WIFI_CARGA_ALTA,N3
,0.271,0.16,0.805,1.0,,1787653794010.025,33.175,18.32,-0.4,0.35,1787653794011.6855,False,,,4,OP1,C3_WIFI_CARGA_ALTA,N3
,0.271,0.157,0.804,1.0,,1787653794165.9358,33.14,18.32,-0.58,0.35,1787653794165.9358,False,,,4,OP1,C3_WIFI_CARGA_ALTA,N3
,0.273,0.145,0.8,1.0,,1787653794191.592,33.0,18.16,-1.3,0.35,1787653794191.592,False,,,4,OP1,C3_WIFI_CARGA_ALTA,N3
,0.273,0.143,0.8,1.0,,1787653794213.4482,33.0,18.16,-1.42,0.35,1787653794214.1128,False,,,4,OP1,C3_WIFI_CARGA_ALTA,N3
,0.273,0.137,0.802,1.0,,1787653794250.3284,33.07,18.16,-1.78,0.35,1787653794250.3284,False,,,4,OP1,C3_WIFI_CARGA_ALTA,N3
,0.273,0.13,0.804,1.0,,1787653794297.4194,33.14,18.16,-2.2,0.35,1787653794297.4194,False,,,4,OP1,C3_WIFI_CARGA_ALTA,N3
,0.273,0.126,0.804,1.0,,1787653794337.9385,33.14,18.16,-2.44,0.35,1787653794337.9385,False,,,4,OP1,C3_WIFI_CARGA_ALTA,N3
,0.273,0.122,0.803,1.0,,1787653794380.0913,33.105,18.16,-2.68,0.35,1787653794381.0977,False,,,4,OP1,C3_WIFI_CARGA_ALTA,N3
,0.273,0.122,0.804,1.0,,1787653794413.9043,33.14,18.16,-2.68,0.35,1787653794414.509,False,,,4,OP1,C3_WIFI_CARGA_ALTA,N3
,0.273,0.121,0.804,1.0,,1787653794450.043,33.14,18.16,-2.74,0.35,1787653794451.0366,False,,,4,OP1,C3_WIFI_CARGA_ALTA,N3
,0.273,0.12,0.805,1.0,,1787653794492.15,33.175,18.16,-2.8,0.35,1787653794492.7834,False,,,4,OP1,C3_WIFI_CARGA_ALTA,N3
,0.274,0.118,0.807,1.0,,1787653794535.2805,33.245,18.08,-2.92,0.35,1787653794537.332,False,,,4,OP1,C3_WIFI_CARGA_ALTA,N3
,0.275,0.117,0.808,1.0,,1787653794563.4788,33.28,18.0,-2.98,0.35,1787653794563.4788,False,,,4,OP1,C3_WIFI_CARGA_ALTA,N3
,0.276,0.115,0.809,1.0,,1787653794583.776,33.315,17.92,-3.1,0.35,1787653794584.3354,False,,,4,OP1,C3_WIFI_CARGA_ALTA,N3
,0.277,0.114,0.809,1.0,,1787653794616.7812,33.315,17.84,-3.16,0.35,1787653794616.7812,False,,,4,OP1,C3_WIFI_CARGA_ALTA,N3
,0.277,0.113,0.81,1.0,,1787653794648.5554,33.35,17.84,-3.22,0.35,1787653794648.5554,False,,,4,OP1,C3_WIFI_CARGA_ALTA,N3
,0.279,0.109,0.812,1.0,,1787653794703.3445,33.42,17.68,-3.46,0.35,1787653794704.4695,False,,,4,OP1,C3_WIFI_CARGA_ALTA,N3
,0.279,0.109,0.812,1.0,,1787653794730.3704,33.42,17.68,-3.46,0.35,1787653794732.3794,False,,,4,OP1,C3_WIFI_CARGA_ALTA,N3
,0.279,0.108,0.812,1.0,,1787653794750.422,33.42,17.68,-3.52,0.35,1787653794750.422,False,,,4,OP1,C3_WIFI_CARGA_ALTA,N3
,0.28,0.106,0.813,1.0,,1787653794784.1704,33.455,17.6,-3.64,0.35,1787653794786.3428,False,,,4,OP1,C3_WIFI_CARGA_ALTA,N3
,0.28,0.105,0.813,1.0,,1787653794814.9832,33.455,17.6,-3.7,0.35,1787653794814.9832,False,,,4,OP1,C3_WIFI_CARGA_ALTA,N3
,0.28,0.103,0.812,1.0,,1787653794870.8164,33.42,17.6,-3.82,0.35,1787653794870.8164,False,,,4,OP1,C3_WIFI_CARGA_ALTA,N3
,0.28,0.102,0.812,1.0,,1787653794897.456,33.42,17.6,-3.88,0.35,1787653794897.456,False,,,4,OP1,C3_WIFI_CARGA_ALTA,N3
,0.279,0.101,0.812,1.0,,1787653794918.585,33.42,17.68,-3.94,0.35,1787653794918.585,False,,,4,OP1,C3_WIFI_CARGA_ALTA,N3
,0.279,0.101,0.812,1.0,,1787653794952.8828,33.42,17.68,-3.94,0.35,1787653794955.1902,False,,,4,OP1,C3_WIFI_CARGA_ALTA,N3
,0.279,0.1,0.813,1.0,,1787653794981.7231,33.455,17.68,-4.0,0.35,1787653794981.7231,False,,,4,OP1,C3_WIFI_CARGA_ALTA,N3
,0.279,0.099,0.814,1.0,,1787653795028.2156,33.49,17.68,-4.06,0.35,1787653795028.2156,False,,,4,OP1,C3_WIFI_CARGA_ALTA,N3
,0.278,0.098,0.814,1.0,,1787653795052.72,33.49,17.76,-4.12,0.35,1787653795057.0127,False,,,4,OP1,C3_WIFI_CARGA_ALTA,N3
,0.278,0.098,0.814,1.0,,1787653795086.5415,33.49,17.76,-4.12,0.35,1787653795086.5415,False,,,4,OP1,C3_WIFI_CARGA_ALTA,N3
,0.279,0.097,0.814,1.0,,1787653795120.764,33.49,17.68,-4.18,0.35,1787653795120.764,False,,,4,OP1,C3_WIFI_CARGA_ALTA,N3
,0.279,0.097,0.815,1.0,,1787653795149.361,33.525,17.68,-4.18,0.35,1787653795149.361,False,,,4,OP1,C3_WIFI_CARGA_ALTA,N3
,0.279,0.098,0.815,1.0,,1787653795344.028,33.525,17.68,-4.12,0.35,1787653795346.0334,False,,,4,OP1,C3_WIFI_CARGA_ALTA,N3
,0.278,0.096,0.818,1.0,,1787653795393.9048,33.63,17.76,-4.24,0.35,1787653795393.9048,False,,,4,OP1,C3_WIFI_CARGA_ALTA,N3
,0.278,0.096,0.819,1.0,,1787653795422.3271,33.665,17.76,-4.24,0.35,1787653795422.3271,False,,,4,OP1,C3_WIFI_CARGA_ALTA,N3
,0.278,0.094,0.82,1.0,,1787653795455.9773,33.7,17.76,-4.36,0.35,1787653795455.9773,False,,,4,OP1,C3_WIFI_CARGA_ALTA,N3
,0.278,0.092,0.821,1.0,,1787653795483.572,33.735,17.76,-4.48,0.35,1787653795484.582,False,,,4,OP1,C3_WIFI_CARGA_ALTA,N3
,0.278,0.089,0.822,1.0,,1787653795540.183,33.77,17.76,-4.66,0.35,1787653795540.183,False,,,4,OP1,C3_WIFI_CARGA_ALTA,N3
,0.279,0.086,0.822,1.0,,1787653795594.7812,33.77,17.68,-4.84,0.35,1787653795594.7812,False,,,4,OP1,C3_WIFI_CARGA_ALTA,N3
,0.279,0.086,0.822,1.0,,1787653795622.167,33.77,17.68,-4.84,0.35,1787653795622.167,False,,,4,OP1,C3_WIFI_CARGA_ALTA,N3
,0.28,0.085,0.821,1.0,,1787653795649.462,33.735,17.6,-4.9,0.35,1787653795651.8245,False,,,4,OP1,C3_WIFI_CARGA_ALTA,N3
,0.28,0.084,0.82,1.0,,1787653795703.536,33.7,17.6,-4.96,0.35,1787653795703.536,False,,,4,OP1,C3_WIFI_CARGA_ALTA,N3
,0.281,0.083,0.82,1.0,,1787653795724.0862,33.7,17.52,-5.02,0.35,1787653795724.0862,False,,,4,OP1,C3_WIFI_CARGA_ALTA,N3
,0.281,0.083,0.82,1.0,,1787653795758.575,33.7,17.52,-5.02,0.35,1787653795758.575,False,,,4,OP1,C3_WIFI_CARGA_ALTA,N3
,0.281,0.082,0.819,1.0,,1787653795787.775,33.665,17.52,-5.08,0.35,1787653795787.775,False,,,4,OP1,C3_WIFI_CARGA_ALTA,N3
,0.281,0.081,0.819,1.0,,1787653795817.242,33.665,17.52,-5.14,0.35,1787653795817.242,False,,,4,OP1,C3_WIFI_CARGA_ALTA,N3
,0.281,0.081,0.819,1.0,,1787653795872.8708,33.665,17.52,-5.14,0.35,1787653795872.8708,False,,,4,OP1,C3_WIFI_CARGA_ALTA,N3
,0.281,0.081,0.819,1.0,,1787653795893.0427,33.665,17.52,-5.14,0.35,1787653795895.483,False,,,4,OP1,C3_WIFI_CARGA_ALTA,N3
,0.281,0.081,0.82,1.0,,1787653795918.9531,33.7,17.52,-5.14,0.35,1787653795918.9531,False,,,4,OP1,C3_WIFI_CARGA_ALTA,N3
,0.28,0.081,0.82,1.0,,1787653795957.665,33.7,17.6,-5.14,0.35,1787653795957.665,False,,,4,OP1,C3_WIFI_CARGA_ALTA,N3
,0.28,0.081,0.82,1.0,,1787653795984.9412,33.7,17.6,-5.14,0.35,1787653795984.9412,False,,,4,OP1,C3_WIFI_CARGA_ALTA,N3
,0.28,0.08,0.819,1.0,,1787653796039.3118,33.665,17.6,-5.2,0.35,1787653796039.3118,False,,,4,OP1,C3_WIFI_CARGA_ALTA,N3
,0.28,0.08,0.819,1.0,,1787653796061.3542,33.665,17.6,-5.2,0.35,1787653796061.3542,False,,,4,OP1,C3_WIFI_CARGA_ALTA,N3
,0.28,0.079,0.819,1.0,,1787653796083.2078,33.665,17.6,-5.26,0.35,1787653796083.2078,False,,,4,OP1,C3_WIFI_CARGA_ALTA,N3
,0.28,0.079,0.819,1.0,,1787653796119.1726,33.665,17.6,-5.26,0.35,1787653796121.3645,False,,,4,OP1,C3_WIFI_CARGA_ALTA,N3
,0.28,0.078,0.818,1.0,,1787653796152.584,33.63,17.6,-5.32,0.35,1787653796152.584,False,,,4,OP1,C3_WIFI_CARGA_ALTA,N3
,0.279,0.078,0.819,1.0,,1787653796208.3809,33.665,17.68,-5.32,0.35,1787653796208.3809,False,,,4,OP1,C3_WIFI_CARGA_ALTA,N3
,0.279,0.078,0.82,1.0,,1787653796485.077,33.7,17.68,-5.32,0.35,1787653796485.077,False,,,4,OP1,C3_WIFI_CARGA_ALTA,N3
,0.279,0.078,0.822,1.0,,1787653796530.843,33.77,17.68,-5.32,0.35,1787653796533.004,False,,,4,OP1,C3_WIFI_CARGA_ALTA,N3
,0.279,0.078,0.824,1.0,,1787653796593.9568,33.84,17.68,-5.32,0.35,1787653796598.415,False,,,4,OP1,C3_WIFI_CARGA_ALTA,N3
,0.279,0.077,0.822,1.0,,1787653796625.4592,33.77,17.68,-5.38,0.35,1787653796626.208,False,,,4,OP1,C3_WIFI_CARGA_ALTA,N3
,0.279,0.077,0.822,1.0,,1787653796652.8977,33.77,17.68,-5.38,0.35,1787653796652.8977,False,,,4,OP1,C3_WIFI_CARGA_ALTA,N3
,0.279,0.076,0.822,1.0,,1787653796678.0576,33.77,17.68,-5.44,0.35,1787653796678.0576,False,,,4,OP1,C3_WIFI_CARGA_ALTA,N3
,0.278,0.076,0.822,1.0,,1787653796699.2175,33.77,17.76,-5.44,0.35,1787653796701.3538,False,,,4,OP1,C3_WIFI_CARGA_ALTA,N3
,0.279,0.074,0.823,1.0,,1787653796733.754,33.805,17.68,-5.56,0.35,1787653796734.361,False,,,4,OP1,C3_WIFI_CARGA_ALTA,N3
,0.28,0.069,0.826,1.0,,1787653796791.0657,33.91,17.6,-5.86,0.35,1787653796791.0657,False,,,4,OP1,C3_WIFI_CARGA_ALTA,N3
,0.28,0.067,0.827,1.0,,1787653796848.9297,33.945,17.6,-5.98,0.35,1787653796848.9297,False,,,4,OP1,C3_WIFI_CARGA_ALTA,N3
,0.28,0.064,0.829,1.0,,1787653796891.6804,34.015,17.6,-6.16,0.35,1787653796892.4707,False,,,4,OP1,C3_WIFI_CARGA_ALTA,N3
,0.28,0.063,0.829,1.0,,1787653797089.0278,34.015,17.6,-6.22,0.35,1787653797093.4463,False,,,4,OP1,C3_WIFI_CARGA_ALTA,N3
,0.278,0.063,0.83,1.0,,1787653797126.65,34.05,17.76,-6.22,0.35,1787653797126.65,False,,,4,OP1,C3_WIFI_CARGA_ALTA,N3
,0.276,0.066,0.831,1.0,,1787653797170.02,34.085,17.92,-6.04,0.35,1787653797171.4656,False,,,4,OP1,C3_WIFI_CARGA_ALTA,N3
,0.275,0.073,0.828,0.714,,1787653797203.3345,33.98,18.0,-5.62,0.6503,1787653797203.3345,False,,,4,OP1,C3_WIFI_CARGA_ALTA,N3
,0.277,0.083,0.826,0.417,,1787653797354.4585,33.91,17.84,-5.02,0.9622,1787653797354.4585,False,,,4,OP1,C3_WIFI_CARGA_ALTA,N3
,0.286,0.098,0.824,0.093,,1787653797395.5369,33.84,17.12,-4.12,1.3023,1787653797395.5369,False,,,4,OP1,C3_WIFI_CARGA_ALTA,N3
,0.287,0.1,0.822,0.084,,1787653797431.9954,33.77,17.04,-4.0,1.3118,1787653797433.3428,False,,,4,OP1,C3_WIFI_CARGA_ALTA,N3
,0.286,0.101,0.82,0.073,,1787653797457.9722,33.7,17.12,-3.94,1.3234,1787653797457.9722,False,,,4,OP1,C3_WIFI_CARGA_ALTA,N3
,0.285,0.101,0.82,0.064,,1787653797479.9214,33.7,17.2,-3.94,1.3328,1787653797479.9214,False,,,4,OP1,C3_WIFI_CARGA_ALTA,N3
,0.286,0.101,0.82,0.055,,1787653797504.6858,33.7,17.12,-3.94,1.3422,1787653797504.6858,False,,,4,OP1,C3_WIFI_CARGA_ALTA,N3
,0.286,0.102,0.82,0.048,,1787653797539.5083,33.7,17.12,-3.88,1.3496,1787653797540.6848,False,,,4,OP1,C3_WIFI_CARGA_ALTA,N3
,0.286,0.102,0.82,0.043,,1787653797564.0984,33.7,17.12,-3.88,1.3548,1787653797564.0984,False,,,4,OP1,C3_WIFI_CARGA_ALTA,N3
,0.286,0.102,0.819,0.04,,1787653797599.8186,33.665,17.12,-3.88,1.358,1787653797600.455,False,,,4,OP1,C3_WIFI_CARGA_ALTA,N3
,0.287,0.103,0.819,0.038,,1787653797627.2185,33.665,17.04,-3.82,1.3601,1787653797627.2185,False,,,4,OP1,C3_WIFI_CARGA_ALTA,N3
,0.287,0.103,0.818,0.037,,1787653797648.6772,33.63,17.04,-3.82,1.3611,1787653797648.6772,False,,,4,OP1,C3_WIFI_CARGA_ALTA,N3
,0.287,0.102,0.818,0.035,,1787653797672.4558,33.63,17.04,-3.88,1.3632,1787653797672.4558,False,,,4,OP1,C3_WIFI_CARGA_ALTA,N3
,0.287,0.102,0.817,0.034,,1787653797707.0486,33.595,17.04,-3.88,1.3643,1787653797707.0486,False,,,4,OP1,C3_WIFI_CARGA_ALTA,N3
,0.287,0.102,0.817,0.033,,1787653797734.4873,33.595,17.04,-3.88,1.3653,1787653797734.4873,False,,,4,OP1,C3_WIFI_CARGA_ALTA,N3
,0.287,0.103,0.815,0.032,,1787653797765.7205,33.525,17.04,-3.82,1.3664,1787653797765.7205,False,,,4,OP1,C3_WIFI_CARGA_ALTA,N3
,0.287,0.103,0.812,0.032,,1787653797791.69,33.42,17.04,-3.82,1.3664,1787653797791.69,False,,,4,OP1,C3_WIFI_CARGA_ALTA,N3
,0.287,0.105,0.807,0.032,,1787653797840.2983,33.245,17.04,-3.7,1.3664,1787653797840.2983,False,,,4,OP1,C3_WIFI_CARGA_ALTA,N3
,0.287,0.106,0.806,0.033,,1787653797874.3538,33.21,17.04,-3.64,1.3653,1787653797874.3538,False,,,4,OP1,C3_WIFI_CARGA_ALTA,N3
,0.287,0.106,0.805,0.033,,1787653797897.795,33.175,17.04,-3.64,1.3653,1787653797897.795,False,,,4,OP1,C3_WIFI_CARGA_ALTA,N3
,0.287,0.106,0.803,0.032,,1787653797933.207,33.105,17.04,-3.64,1.3664,1787653797933.207,False,,,4,OP1,C3_WIFI_CARGA_ALTA,N3
,0.287,0.107,0.802,0.029,,1787653797975.8665,33.07,17.04,-3.58,1.3695,1787653797975.8665,False,,,4,OP1,C3_WIFI_CARGA_ALTA,N3
,0.286,0.107,0.801,0.027,,1787653798008.414,33.035,17.12,-3.58,1.3716,1787653798009.4187,False,,,4,OP1,C3_WIFI_CARGA_ALTA,N3
,0.286,0.107,0.8,0.024,,1787653798043.5786,33.0,17.12,-3.58,1.3748,1787653798043.5786,False,,,4,OP1,C3_WIFI_CARGA_ALTA,N3
,0.286,0.107,0.8,0.022,,1787653798066.3042,33.0,17.12,-3.58,1.3769,1787653798066.3042,False,,,4,OP1,C3_WIFI_CARGA_ALTA,N3
,0.285,0.107,0.8,0.019,,1787653798101.5051,33.0,17.2,-3.58,1.38,1787653798101.5051,False,,,4,OP1,C3_WIFI_CARGA_ALTA,N3
,0.285,0.108,0.799,0.017,,1787653798126.5652,32.965,17.2,-3.52,1.3821,1787653798126.5652,False,,,4,OP1,C3_WIFI_CARGA_ALTA,N3
,0.285,0.108,0.798,0.016,,1787653798177.4558,32.93,17.2,-3.52,1.3832,1787653798177.4558,False,,,4,OP1,C3_WIFI_CARGA_ALTA,N3
,0.284,0.108,0.798,0.015,,1787653798211.5537,32.93,17.28,-3.52,1.3842,1787653798211.5537,False,,,4,OP1,C3_WIFI_CARGA_ALTA,N3
,0.284,0.107,0.798,0.013,,1787653798378.917,32.93,17.28,-3.58,1.3863,1787653798378.917,False,,,4,OP1,C3_WIFI_CARGA_ALTA,N3
,0.283,0.107,0.795,0.006,,1787653798513.2893,32.825,17.36,-3.58,1.3937,1787653798513.2893,False,,,4,OP1,C3_WIFI_CARGA_ALTA,N3
,0.282,0.106,0.796,0.007,,1787653798542.7954,32.86,17.44,-3.64,1.3926,1787653798547.2026,False,,,4,OP1,C3_WIFI_CARGA_ALTA,N3
,0.282,0.107,0.796,0.007,,1787653798571.9253,32.86,17.44,-3.58,1.3926,1787653798571.9253,False,,,4,OP1,C3_WIFI_CARGA_ALTA,N3
,0.282,0.107,0.795,0.006,,1787653798601.6692,32.825,17.44,-3.58,1.3937,1787653798602.9568,False,,,4,OP1,C3_WIFI_CARGA_ALTA,N3
,0.282,0.107,0.794,0.005,,1787653798630.284,32.79,17.44,-3.58,1.3947,1787653798630.284,False,,,4,OP1,C3_WIFI_CARGA_ALTA,N3
,0.282,0.107,0.794,0.004,,1787653798797.048,32.79,17.44,-3.58,1.3958,1787653798798.1462,False,,,4,OP1,C3_WIFI_CARGA_ALTA,N3
,0.28,0.108,0.787,0.005,,1787653798851.6812,32.545,17.6,-3.52,1.3947,1787653798852.786,False,,,4,OP1,C3_WIFI_CARGA_ALTA,N3
,0.28,0.108,0.787,0.006,,1787653798881.568,32.545,17.6,-3.52,1.3937,1787653798882.1123,False,,,4,OP1,C3_WIFI_CARGA_ALTA,N3
,0.28,0.108,0.786,0.008,,1787653798905.9758,32.51,17.6,-3.52,1.3916,1787653798905.9758,False,,,4,OP1,C3_WIFI_CARGA_ALTA,N3
,0.28,0.109,0.786,0.009,,1787653798935.768,32.51,17.6,-3.46,1.3905,1787653798937.219,False,,,4,OP1,C3_WIFI_CARGA_ALTA,N3
,0.28,0.109,0.786,0.01,,1787653799130.5305,32.51,17.6,-3.46,1.3895,1787653799130.5305,False,,,4,OP1,C3_WIFI_CARGA_ALTA,N3
,0.279,0.109,0.785,0.012,,1787653799184.7893,32.475,17.68,-3.46,1.3874,1787653799186.2393,False,,,4,OP1,C3_WIFI_CARGA_ALTA,N3
,0.279,0.11,0.782,0.005,,1787653799214.8303,32.37,17.68,-3.4,1.3947,1787653799214.8303,False,,,4,OP1,C3_WIFI_CARGA_ALTA,N3
,0.279,0.11,0.782,0.003,,1787653799239.0637,32.37,17.68,-3.4,1.3968,1787653799239.8125,False,,,4,OP1,C3_WIFI_CARGA_ALTA,N3
,0.279,0.11,0.783,0.001,,1787653799269.4155,32.405,17.68,-3.4,1.3989,1787653799269.4155,False,,,4,OP1,C3_WIFI_CARGA_ALTA,N3
,0.278,0.11,0.783,0.0,,1787653799319.255,32.405,17.76,-3.4,1.4,1787653799319.255,False,,,4,OP1,C3_WIFI_CARGA_ALTA,N3
,0.278,0.11,0.783,0.0,,1787653799353.5427,32.405,17.76,-3.4,1.4,1787653799353.5427,False,,,4,OP1,C3_WIFI_CARGA_ALTA,N3
,0.278,0.11,0.782,0.0,,1787653799381.183,32.37,17.76,-3.4,1.4,1787653799382.651,False,,,4,OP1,C3_WIFI_CARGA_ALTA,N3
,0.277,0.111,0.781,0.0,,1787653799407.385,32.335,17.84,-3.34,1.4,1787653799407.385,False,,,4,OP1,C3_WIFI_CARGA_ALTA,N3
,0.277,0.111,0.781,0.0,,1787653799436.8508,32.335,17.84,-3.34,1.4,1787653799436.8508,False,,,4,OP1,C3_WIFI_CARGA_ALTA,N3
,0.278,0.11,0.781,0.0,,1787653799488.078,32.335,17.76,-3.4,1.4,1787653799488.078,False,,,4,OP1,C3_WIFI_CARGA_ALTA,N3
,0.278,0.11,0.781,0.0,,1787653799521.5208,32.335,17.76,-3.4,1.4,1787653799521.5208,False,,,4,OP1,C3_WIFI_CARGA_ALTA,N3
,0.277,0.11,0.782,0.0,,1787653799548.651,32.37,17.84,-3.4,1.4,1787653799548.651,False,,,4,OP1,C3_WIFI_CARGA_ALTA,N3
,0.277,0.109,0.783,0.001,,1787653799575.7612,32.405,17.84,-3.46,1.3989,1787653799575.7612,False,,,4,OP1,C3_WIFI_CARGA_ALTA,N3
,0.277,0.108,0.784,0.001,,1787653799771.1587,32.44,17.84,-3.52,1.3989,1787653799771.1587,False,,,4,OP1,C3_WIFI_CARGA_ALTA,N3
,0.278,0.11,0.78,0.0,,1787653799791.434,32.3,17.76,-3.4,1.4,1787653799791.434,False,,,4,OP1,C3_WIFI_CARGA_ALTA,N3
,0.278,0.11,0.779,0.0,,1787653799824.6172,32.265,17.76,-3.4,1.4,1787653799826.9668,False,,,4,OP1,C3_WIFI_CARGA_ALTA,N3
,0.278,0.11,0.779,0.0,,1787653799855.215,32.265,17.76,-3.4,1.4,1787653799855.215,False,,,4,OP1,C3_WIFI_CARGA_ALTA,N3
,0.279,0.11,0.78,0.0,,1787653800021.4795,32.3,17.68,-3.4,1.4,1787653800021.4795,False,,,4,OP1,C3_WIFI_CARGA_ALTA,N3
,0.278,0.111,0.779,0.0,,1787653800077.1565,32.265,17.76,-3.34,1.4,1787653800077.1565,False,,,4,OP1,C3_WIFI_CARGA_ALTA,N3
,0.278,0.112,0.779,0.0,,1787653800121.148,32.265,17.76,-3.28,1.4,1787653800121.148,False,,,4,OP1,C3_WIFI_CARGA_ALTA,N3
,0.278,0.112,0.778,0.0,,1787653800152.704,32.23,17.76,-3.28,1.4,1787653800152.704,False,,,4,OP1,C3_WIFI_CARGA_ALTA,N3
,0.277,0.112,0.778,0.0,,1787653800189.366,32.23,17.84,-3.28,1.4,1787653800189.366,False,,,4,OP1,C3_WIFI_CARGA_ALTA,N3
,0.277,0.112,0.777,0.0,,1787653800242.464,32.195,17.84,-3.28,1.4,1787653800246.4705,False,,,4,OP1,C3_WIFI_CARGA_ALTA,N3
,0.276,0.112,0.776,0.0,,1787653800288.8025,32.16,17.92,-3.28,1.4,1787653800288.8025,False,,,4,OP1,C3_WIFI_CARGA_ALTA,N3
,0.276,0.113,0.775,0.0,,1787653800325.5647,32.125,17.92,-3.22,1.4,1787653800329.5735,False,,,4,OP1,C3_WIFI_CARGA_ALTA,N3
,0.275,0.114,0.775,0.0,,1787653800356.6233,32.125,18.0,-3.16,1.4,1787653800356.6233,False,,,4,OP1,C3_WIFI_CARGA_ALTA,N3
,0.274,0.115,0.777,0.0,,1787653800411.328,32.195,18.08,-3.1,1.4,1787653800411.328,False,,,4,OP1,C3_WIFI_CARGA_ALTA,N3
,0.273,0.116,0.781,0.0,,1787653800456.2017,32.335,18.16,-3.04,1.4,1787653800456.2017,False,,,4,OP1,C3_WIFI_CARGA_ALTA,N3
,0.272,0.119,0.784,0.0,,1787653800494.8416,32.44,18.24,-2.86,1.4,1787653800496.4795,False,,,4,OP1,C3_WIFI_CARGA_ALTA,N3
,0.271,0.122,0.785,0.0,,1787653800523.385,32.475,18.32,-2.68,1.4,1787653800523.385,False,,,4,OP1,C3_WIFI_CARGA_ALTA,N3
,0.27,0.128,0.786,0.0,,1787653800579.0183,32.51,18.4,-2.32,1.4,1787653800579.0183,False,,,4,OP1,C3_WIFI_CARGA_ALTA,N3
,0.269,0.133,0.793,0.0,,1787653800627.9146,32.755,18.48,-2.02,1.4,1787653800630.5835,False,,,4,OP1,C3_WIFI_CARGA_ALTA,N3
,0.268,0.134,0.795,0.0,,1787653800662.29,32.825,18.56,-1.96,1.4,1787653800662.29,False,,,4,OP1,C3_WIFI_CARGA_ALTA,N3
,0.267,0.135,0.797,0.0,,1787653800688.3809,32.895,18.64,-1.9,1.4,1787653800688.3809,False,,,4,OP1,C3_WIFI_CARGA_ALTA,N3
,0.265,0.137,0.798,0.0,,1787653800731.5483,32.93,18.8,-1.78,1.4,1787653800731.5483,False,,,4,OP1,C3_WIFI_CARGA_ALTA,N3
,0.264,0.137,0.797,0.0,,1787653800763.359,32.895,18.88,-1.78,1.4,1787653800763.359,False,,,4,OP1,C3_WIFI_CARGA_ALTA,N3
,0.264,0.136,0.797,0.0,,1787653800787.9487,32.895,18.88,-1.84,1.4,1787653800787.9487,False,,,4,OP1,C3_WIFI_CARGA_ALTA,N3
,0.264,0.136,0.796,0.0,,1787653800827.4155,32.86,18.88,-1.84,1.4,1787653800827.4155,False,,,4,OP1,C3_WIFI_CARGA_ALTA,N3
,0.264,0.135,0.796,0.0,,1787653800856.8037,32.86,18.88,-1.9,1.4,1787653800856.8037,False,,,4,OP1,C3_WIFI_CARGA_ALTA,N3
,0.264,0.135,0.795,0.0,,1787653800898.7693,32.825,18.88,-1.9,1.4,1787653800901.3137,False,,,4,OP1,C3_WIFI_CARGA_ALTA,N3
,0.264,0.134,0.794,0.0,,1787653800932.4788,32.79,18.88,-1.96,1.4,1787653800932.4788,False,,,4,OP1,C3_WIFI_CARGA_ALTA,N3
,0.264,0.133,0.794,0.0,,1787653800966.434,32.79,18.88,-2.02,1.4,1787653800966.6685,False,,,4,OP1,C3_WIFI_CARGA_ALTA,N3
,0.264,0.132,0.794,0.0,,1787653800997.5454,32.79,18.88,-2.08,1.4,1787653800997.5454,False,,,4,OP1,C3_WIFI_CARGA_ALTA,N3
,0.263,0.131,0.794,0.0,,1787653801024.979,32.79,18.96,-2.14,1.4,1787653801024.979,False,,,4,OP1,C3_WIFI_CARGA_ALTA,N3
,0.263,0.131,0.793,0.0,,1787653801079.4785,32.755,18.96,-2.14,1.4,1787653801079.4785,False,,,4,OP1,C3_WIFI_CARGA_ALTA,N3
,0.263,0.131,0.793,0.0,,1787653801229.629,32.755,18.96,-2.14,1.4,1787653801230.629,False,,,4,OP1,C3_WIFI_CARGA_ALTA,N3
,0.262,0.15,0.804,1.0,,1787653801270.3848,33.14,19.04,-1.0,0.35,1787653801271.025,False,,,4,OP1,C3_WIFI_CARGA_ALTA,N3
,0.262,0.153,0.804,1.0,,1787653801293.724,33.14,19.04,-0.82,0.35,1787653801293.724,False,,,4,OP1,C3_WIFI_CARGA_ALTA,N3
,0.263,0.157,0.802,1.0,,1787653801330.459,33.07,18.96,-0.58,0.35,1787653801331.9512,False,,,4,OP1,C3_WIFI_CARGA_ALTA,N3
,0.263,0.164,0.799,1.0,,1787653801491.1208,32.965,18.96,-0.16,0.35,1787653801491.1208,False,,,4,OP1,C3_WIFI_CARGA_ALTA,N3
,0.272,0.239,0.733,1.0,,1787653801516.3992,30.655,18.24,4.34,0.35,1787653801516.3992,False,,,4,OP1,C3_WIFI_CARGA_ALTA,N3
,0.279,0.258,0.707,1.0,,1787653801549.342,29.745,17.68,5.48,0.35,1787653801549.342,False,,,4,OP1,C3_WIFI_CARGA_ALTA,N3
,0.292,0.285,0.65,1.0,,1787653801571.048,27.75,16.64,7.1,0.35,1787653801571.048,False,,,4,OP1,C3_WIFI_CARGA_ALTA,N3
,0.304,0.308,0.597,1.0,,1787653801604.705,25.895,15.68,8.48,0.35,1787653801604.705,False,,,4,OP1,C3_WIFI_CARGA_ALTA,N3
,0.313,0.323,0.549,1.0,,1787653801631.854,24.215,14.96,9.38,0.35,1787653801631.854,False,,,4,OP1,C3_WIFI_CARGA_ALTA,N3
,0.319,0.334,0.511,1.0,,1787653801662.8633,22.885,14.48,10.04,0.35,1787653801665.681,False,,,4,OP1,C3_WIFI_CARGA_ALTA,N3
,0.319,0.334,0.509,1.0,,1787653801691.9766,22.815,14.48,10.04,0.35,1787653801691.9766,False,,,4,OP1,C3_WIFI_CARGA_ALTA,N3
,0.32,0.335,0.507,1.0,,1787653801716.0498,22.745,14.4,10.1,0.35,1787653801716.0498,False,,,4,OP1,C3_WIFI_CARGA_ALTA,N3
,0.32,0.335,0.513,1.0,,1787653801739.202,22.955,14.4,10.1,0.35,1787653801741.7417,False,,,4,OP1,C3_WIFI_CARGA_ALTA,N3
,0.323,0.335,0.516,1.0,,1787653801772.6338,23.06,14.16,10.1,0.35,1787653801772.6338,False,,,4,OP1,C3_WIFI_CARGA_ALTA,N3
,0.326,0.339,0.514,1.0,,1787653801799.8408,22.99,13.92,10.34,0.35,1787653801799.8408,False,,,4,OP1,C3_WIFI_CARGA_ALTA,N3
,0.344,0.359,0.479,1.0,,1787653801859.726,21.765,12.48,11.54,0.35,1787653801859.726,False,,,4,OP1,C3_WIFI_CARGA_ALTA,N3
,0.351,0.365,0.46,1.0,,1787653801885.7983,21.1,11.92,11.9,0.35,1787653801885.7983,False,,,4,OP1,C3_WIFI_CARGA_ALTA,N3
,0.356,0.364,0.443,1.0,,1787653801907.031,20.505,11.52,11.84,0.35,1787653801907.031,False,,,4,OP1,C3_WIFI_CARGA_ALTA,N3
,0.362,0.363,0.424,1.0,,1787653801940.9011,19.84,11.04,11.78,0.35,1787653801943.3667,False,,,4,OP1,C3_WIFI_CARGA_ALTA,N3
,0.364,0.363,0.406,1.0,,1787653801963.85,19.21,10.88,11.78,0.35,1787653801963.85,False,,,4,OP1,C3_WIFI_CARGA_ALTA,N3
,0.366,0.363,0.395,1.0,,1787653802107.726,18.825,10.72,11.78,0.35,1787653802107.726,False,,,4,OP1,C3_WIFI_CARGA_ALTA,N3
,0.368,0.357,0.392,1.0,,1787653802132.6582,18.72,10.56,11.42,0.35,1787653802132.6582,False,,,4,OP1,C3_WIFI_CARGA_ALTA,N3
,0.37,0.355,0.391,1.0,,1787653802163.1702,18.685,10.4,11.3,0.35,1787653802167.1726,False,,,4,OP1,C3_WIFI_CARGA_ALTA,N3
,0.374,0.352,0.389,1.0,,1787653802192.2163,18.615,10.08,11.12,0.35,1787653802192.2163,False,,,4,OP1,C3_WIFI_CARGA_ALTA,N3
,0.384,0.351,0.364,1.0,,1787653802242.7927,17.74,9.28,11.06,0.35,1787653802242.7927,False,,,4,OP1,C3_WIFI_CARGA_ALTA,N3
,0.384,0.351,0.363,1.0,,1787653802275.9524,17.705,9.28,11.06,0.35,1787653802276.8992,False,,,4,OP1,C3_WIFI_CARGA_ALTA,N3
,0.385,0.35,0.363,1.0,,1787653802299.9111,17.705,9.2,11.0,0.35,1787653802299.9111,False,,,4,OP1,C3_WIFI_CARGA_ALTA,N3
,0.385,0.347,0.363,1.0,,1787653802498.469,17.705,9.2,10.82,0.35,1787653802498.469,False,,,4,OP1,C3_WIFI_CARGA_ALTA,N3
,0.387,0.336,0.381,1.0,,1787653802528.379,18.335,9.04,10.16,0.35,1787653802528.379,False,,,4,OP1,C3_WIFI_CARGA_ALTA,N3
,0.383,0.341,0.392,1.0,,1787653802578.9932,18.72,9.36,10.46,0.35,1787653802580.5913,False,,,4,OP1,C3_WIFI_CARGA_ALTA,N3
,0.379,0.345,0.399,1.0,,1787653802612.3044,18.965,9.68,10.7,0.35,1787653802612.9194,False,,,4,OP1,C3_WIFI_CARGA_ALTA,N3
,0.375,0.348,0.404,1.0,,1787653802636.6638,19.14,10.0,10.88,0.35,1787653802636.6638,False,,,4,OP1,C3_WIFI_CARGA_ALTA,N3
,0.373,0.35,0.407,1.0,,1787653802666.4822,19.245,10.16,11.0,0.35,1787653802667.9714,False,,,4,OP1,C3_WIFI_CARGA_ALTA,N3
,0.369,0.352,0.414,1.0,,1787653802692.378,19.49,10.48,11.12,0.35,1787653802692.378,False,,,4,OP1,C3_WIFI_CARGA_ALTA,N3
,0.366,0.355,0.418,1.0,,1787653802713.398,19.63,10.72,11.3,0.35,1787653802713.398,False,,,4,OP1,C3_WIFI_CARGA_ALTA,N3
,0.363,0.357,0.42,1.0,,1787653802746.1047,19.7,10.96,11.42,0.35,1787653802746.1047,False,,,4,OP1,C3_WIFI_CARGA_ALTA,N3
,0.362,0.357,0.421,1.0,,1787653802775.9436,19.735,11.04,11.42,0.35,1787653802780.3335,False,,,4,OP1,C3_WIFI_CARGA_ALTA,N3
,0.361,0.358,0.421,1.0,,1787653802805.7224,19.735,11.12,11.48,0.35,1787653802805.7224,False,,,4,OP1,C3_WIFI_CARGA_ALTA,N3
,0.361,0.358,0.422,1.0,,1787653802834.733,19.77,11.12,11.48,0.35,1787653802835.3047,False,,,4,OP1,C3_WIFI_CARGA_ALTA,N3
,0.359,0.358,0.423,1.0,,1787653802880.6477,19.805,11.28,11.48,0.35,1787653802880.6477,False,,,4,OP1,C3_WIFI_CARGA_ALTA,N3
,0.359,0.358,0.424,1.0,,1787653802914.0244,19.84,11.28,11.48,0.35,1787653802915.744,False,,,4,OP1,C3_WIFI_CARGA_ALTA,N3
,0.358,0.358,0.424,1.0,,1787653802944.0957,19.84,11.36,11.48,0.35,1787653802944.0957,False,,,4,OP1,C3_WIFI_CARGA_ALTA,N3
,0.357,0.358,0.424,1.0,,1787653802972.7993,19.84,11.44,11.48,0.35,1787653802973.3047,False,,,4,OP1,C3_WIFI_CARGA_ALTA,N3
,0.356,0.359,0.424,1.0,,1787653803001.326,19.84,11.52,11.54,0.35,1787653803001.326,False,,,4,OP1,C3_WIFI_CARGA_ALTA,N3
,0.354,0.359,0.423,1.0,,1787653803027.7534,19.805,11.68,11.54,0.35,1787653803027.7534,False,,,4,OP1,C3_WIFI_CARGA_ALTA,N3
,0.353,0.359,0.423,1.0,,1787653803049.3816,19.805,11.76,11.54,0.35,1787653803049.3816,False,,,4,OP1,C3_WIFI_CARGA_ALTA,N3
,0.352,0.359,0.422,1.0,,1787653803082.3958,19.77,11.84,11.54,0.35,1787653803085.5293,False,,,4,OP1,C3_WIFI_CARGA_ALTA,N3
,0.351,0.36,0.422,1.0,,1787653803251.5806,19.77,11.92,11.6,0.35,1787653803251.5806,False,,,4,OP1,C3_WIFI_CARGA_ALTA,N3
,0.346,0.36,0.425,1.0,,1787653803279.158,19.875,12.32,11.6,0.35,1787653803279.158,False,,,4,OP1,C3_WIFI_CARGA_ALTA,N3
,0.345,0.36,0.426,1.0,,1787653803307.345,19.91,12.4,11.6,0.35,1787653803307.345,False,,,4,OP1,C3_WIFI_CARGA_ALTA,N3
,0.345,0.36,0.426,1.0,,1787653803334.398,19.91,12.4,11.6,0.35,1787653803336.4146,False,,,4,OP1,C3_WIFI_CARGA_ALTA,N3
,0.344,0.36,0.427,1.0,,1787653803385.7642,19.945,12.48,11.6,0.35,1787653803385.7642,False,,,4,OP1,C3_WIFI_CARGA_ALTA,N3
,0.343,0.359,0.429,1.0,,1787653803584.283,20.015,12.56,11.54,0.35,1787653803587.4453,False,,,4,OP1,C3_WIFI_CARGA_ALTA,N3
,0.342,0.359,0.429,1.0,,1787653803641.132,20.015,12.64,11.54,0.35,1787653803641.132,False,,,4,OP1,C3_WIFI_CARGA_ALTA,N3
,0.337,0.364,0.434,1.0,,1787653803788.382,20.19,13.04,11.84,0.35,1787653803788.382,False,,,4,OP1,C3_WIFI_CARGA_ALTA,N3
,0.336,0.371,0.445,1.0,,1787653803809.0564,20.575,13.12,12.26,0.35,1787653803809.0564,False,,,4,OP1,C3_WIFI_CARGA_ALTA,N3
,0.336,0.374,0.448,1.0,,1787653803834.6643,20.68,13.12,12.44,0.35,1787653803834.6643,False,,,4,OP1,C3_WIFI_CARGA_ALTA,N3
,0.336,0.377,0.451,1.0,,1787653803855.858,20.785,13.12,12.62,0.35,1787653803855.858,False,,,4,OP1,C3_WIFI_CARGA_ALTA,N3
,0.334,0.38,0.457,1.0,,1787653803890.6064,20.995,13.28,12.8,0.35,1787653803891.5876,False,,,4,OP1,C3_WIFI_CARGA_ALTA,N3
,0.334,0.383,0.463,1.0,,1787653803919.6008,21.205,13.28,12.98,0.35,1787653803919.6008,False,,,4,OP1,C3_WIFI_CARGA_ALTA,N3
,0.331,0.39,0.478,1.0,,1787653803976.465,21.73,13.52,13.4,0.35,1787653803977.224,False,,,4,OP1,C3_WIFI_CARGA_ALTA,N3
,0.328,0.395,0.487,1.0,,1787653804003.8774,22.045,13.76,13.7,0.35,1787653804003.8774,False,,,4,OP1,C3_WIFI_CARGA_ALTA,N3
,0.325,0.401,0.512,1.0,,1787653804059.2043,22.92,14.0,14.06,0.35,1787653804059.2043,False,,,4,OP1,C3_WIFI_CARGA_ALTA,N3
,0.324,0.4,0.52,1.0,,1787653804086.4585,23.2,14.08,14.0,0.35,1787653804088.4568,False,,,4,OP1,C3_WIFI_CARGA_ALTA,N3
,0.323,0.399,0.525,1.0,,1787653804107.212,23.375,14.16,13.94,0.35,1787653804107.212,False,,,4,OP1,C3_WIFI_CARGA_ALTA,N3
,0.323,0.396,0.538,1.0,,1787653804140.5156,23.83,14.16,13.76,0.35,1787653804140.5156,False,,,4,OP1,C3_WIFI_CARGA_ALTA,N3
,0.32,0.39,0.558,1.0,,1787653804316.988,24.53,14.4,13.4,0.35,1787653804316.988,False,,,4,OP1,C3_WIFI_CARGA_ALTA,N3
,0.316,0.392,0.561,1.0,,1787653804358.161,24.635,14.72,13.52,0.35,1787653804358.161,False,,,4,OP1,C3_WIFI_CARGA_ALTA,N3
,0.313,0.394,0.56,1.0,,1787653804393.7727,24.6,14.96,13.64,0.35,1787653804395.0774,False,,,4,OP1,C3_WIFI_CARGA_ALTA,N3
,0.31,0.395,0.56,1.0,,1787653804421.6846,24.6,15.2,13.7,0.35,1787653804421.6846,False,,,4,OP1,C3_WIFI_CARGA_ALTA,N3
,0.307,0.396,0.561,1.0,,1787653804443.371,24.635,15.44,13.76,0.35,1787653804443.371,False,,,4,OP1,C3_WIFI_CARGA_ALTA,N3
,0.307,0.396,0.561,1.0,,1787653804464.3315,24.635,15.44,13.76,0.35,1787653804464.3315,False,,,4,OP1,C3_WIFI_CARGA_ALTA,N3
,0.306,0.396,0.562,1.0,,1787653804505.2693,24.67,15.52,13.76,0.35,1787653804506.272,False,,,4,OP1,C3_WIFI_CARGA_ALTA,N3
,0.305,0.397,0.563,1.0,,1787653804526.8894,24.705,15.6,13.82,0.35,1787653804526.8894,False,,,4,OP1,C3_WIFI_CARGA_ALTA,N3
,0.304,0.397,0.564,1.0,,1787653804560.7273,24.74,15.68,13.82,0.35,1787653804560.7273,False,,,4,OP1,C3_WIFI_CARGA_ALTA,N3
,0.304,0.397,0.565,1.0,,1787653804589.4006,24.775,15.68,13.82,0.35,1787653804589.4006,False,,,4,OP1,C3_WIFI_CARGA_ALTA,N3
,0.304,0.397,0.566,1.0,,1787653804609.567,24.81,15.68,13.82,0.35,1787653804609.567,False,,,4,OP1,C3_WIFI_CARGA_ALTA,N3
,0.303,0.395,0.57,1.0,,1787653804642.533,24.95,15.76,13.7,0.35,1787653804642.533,False,,,4,OP1,C3_WIFI_CARGA_ALTA,N3
,0.303,0.393,0.576,1.0,,1787653804669.3062,25.16,15.76,13.58,0.35,1787653804673.7185,False,,,4,OP1,C3_WIFI_CARGA_ALTA,N3
,0.303,0.391,0.584,1.0,,1787653804693.7031,25.44,15.76,13.46,0.35,1787653804693.7031,False,,,4,OP1,C3_WIFI_CARGA_ALTA,N3
,0.304,0.39,0.59,1.0,,1787653804725.84,25.65,15.68,13.4,0.35,1787653804725.84,False,,,4,OP1,C3_WIFI_CARGA_ALTA,N3
,0.305,0.389,0.594,1.0,,1787653804752.862,25.79,15.6,13.34,0.35,1787653804752.862,False,,,4,OP1,C3_WIFI_CARGA_ALTA,N3
,0.306,0.387,0.598,1.0,,1787653804778.1438,25.93,15.52,13.22,0.35,1787653804778.1438,False,,,4,OP1,C3_WIFI_CARGA_ALTA,N3
,0.306,0.386,0.602,1.0,,1787653804808.4043,26.07,15.52,13.16,0.35,1787653804812.4731,False,,,4,OP1,C3_WIFI_CARGA_ALTA,N3
,0.307,0.385,0.605,1.0,,1787653804832.2388,26.175,15.44,13.1,0.35,1787653804832.2388,False,,,4,OP1,C3_WIFI_CARGA_ALTA,N3
,0.307,0.384,0.606,1.0,,1787653804862.924,26.21,15.44,13.04,0.35,1787653804862.924,False,,,4,OP1,C3_WIFI_CARGA_ALTA,N3
,0.307,0.379,0.612,1.0,,1787653804894.112,26.42,15.44,12.74,0.35,1787653804894.112,False,,,4,OP1,C3_WIFI_CARGA_ALTA,N3
,0.307,0.375,0.618,1.0,,1787653804921.7695,26.63,15.44,12.5,0.35,1787653804921.7695,False,,,4,OP1,C3_WIFI_CARGA_ALTA,N3
,0.306,0.372,0.622,1.0,,1787653804946.896,26.77,15.52,12.32,0.35,1787653804946.896,False,,,4,OP1,C3_WIFI_CARGA_ALTA,N3
,0.306,0.37,0.625,1.0,,1787653804970.3428,26.875,15.52,12.2,0.35,1787653804970.3428,False,,,4,OP1,C3_WIFI_CARGA_ALTA,N3
,0.306,0.369,0.627,1.0,,1787653805001.492,26.945,15.52,12.14,0.35,1787653805001.492,False,,,4,OP1,C3_WIFI_CARGA_ALTA,N3
,0.307,0.369,0.628,1.0,,1787653805032.1147,26.98,15.44,12.14,0.35,1787653805032.1147,False,,,4,OP1,C3_WIFI_CARGA_ALTA,N3
,0.307,0.368,0.629,1.0,,1787653805062.808,27.015,15.44,12.08,0.35,1787653805062.808,False,,,4,OP1,C3_WIFI_CARGA_ALTA,N3
,0.308,0.368,0.634,1.0,,1787653805089.6165,27.19,15.36,12.08,0.35,1787653805089.6165,False,,,4,OP1,C3_WIFI_CARGA_ALTA,N3
,0.31,0.366,0.641,1.0,,1787653805114.9822,27.435,15.2,11.96,0.35,1787653805114.9822,False,,,4,OP1,C3_WIFI_CARGA_ALTA,N3
,0.313,0.362,0.65,1.0,,1787653805282.73,27.75,14.96,11.72,0.35,1787653805282.73,False,,,4,OP1,C3_WIFI_CARGA_ALTA,N3
,0.316,0.353,0.662,1.0,,1787653805325.1162,28.17,14.72,11.18,0.35,1787653805325.1162,False,,,4,OP1,C3_WIFI_CARGA_ALTA,N3
,0.315,0.352,0.664,1.0,,1787653805368.1682,28.24,14.8,11.12,0.35,1787653805368.952,False,,,4,OP1,C3_WIFI_CARGA_ALTA,N3
,0.315,0.351,0.665,1.0,,1787653805395.9534,28.275,14.8,11.06,0.35,1787653805397.3228,False,,,4,OP1,C3_WIFI_CARGA_ALTA,N3
,0.315,0.35,0.666,1.0,,1787653805422.35,28.31,14.8,11.0,0.35,1787653805422.35,False,,,4,OP1,C3_WIFI_CARGA_ALTA,N3
,0.315,0.349,0.667,1.0,,1787653805451.655,28.345,14.8,10.94,0.35,1787653805452.524,False,,,4,OP1,C3_WIFI_CARGA_ALTA,N3
,0.315,0.348,0.668,1.0,,1787653805476.3047,28.38,14.8,10.88,0.35,1787653805476.3047,False,,,4,OP1,C3_WIFI_CARGA_ALTA,N3
,0.314,0.347,0.672,1.0,,1787653805535.6152,28.52,14.88,10.82,0.35,1787653805535.6152,False,,,4,OP1,C3_WIFI_CARGA_ALTA,N3
,0.314,0.346,0.675,1.0,,1787653805562.8972,28.625,14.88,10.76,0.35,1787653805564.402,False,,,4,OP1,C3_WIFI_CARGA_ALTA,N3
,0.313,0.346,0.678,1.0,,1787653805591.3645,28.73,14.96,10.76,0.35,1787653805591.9006,False,,,4,OP1,C3_WIFI_CARGA_ALTA,N3
,0.313,0.345,0.68,1.0,,1787653805619.387,28.8,14.96,10.7,0.35,1787653805619.387,False,,,4,OP1,C3_WIFI_CARGA_ALTA,N3
,0.313,0.344,0.681,1.0,,1787653805661.5186,28.835,14.96,10.64,0.35,1787653805661.5186,False,,,4,OP1,C3_WIFI_CARGA_ALTA,N3
,0.312,0.343,0.681,1.0,,1787653805702.8828,28.835,15.04,10.58,0.35,1787653805702.8828,False,,,4,OP1,C3_WIFI_CARGA_ALTA,N3
,0.312,0.343,0.681,1.0,,1787653805727.5637,28.835,15.04,10.58,0.35,1787653805727.5637,False,,,4,OP1,C3_WIFI_CARGA_ALTA,N3
,0.31,0.34,0.682,1.0,,1787653805770.7349,28.87,15.2,10.4,0.35,1787653805770.7349,False,,,4,OP1,C3_WIFI_CARGA_ALTA,N3
,0.309,0.34,0.682,1.0,,1787653805804.355,28.87,15.28,10.4,0.35,1787653805804.355,False,,,4,OP1,C3_WIFI_CARGA_ALTA,N3
,0.308,0.338,0.685,1.0,,1787653805831.3386,28.975,15.36,10.28,0.35,1787653805831.3386,False,,,4,OP1,C3_WIFI_CARGA_ALTA,N3
,0.305,0.335,0.69,1.0,,1787653805867.2246,29.15,15.6,10.1,0.35,1787653805867.2246,False,,,4,OP1,C3_WIFI_CARGA_ALTA,N3
,0.303,0.333,0.694,1.0,,1787653805887.808,29.29,15.76,9.98,0.35,1787653805887.808,False,,,4,OP1,C3_WIFI_CARGA_ALTA,N3
,0.301,0.331,0.696,1.0,,1787653805912.3638,29.36,15.92,9.86,0.35,1787653805912.3638,False,,,4,OP1,C3_WIFI_CARGA_ALTA,N3
,0.3,0.329,0.698,1.0,,1787653805953.8103,29.43,16.0,9.74,0.35,1787653805953.8103,False,,,4,OP1,C3_WIFI_CARGA_ALTA,N3
,0.298,0.325,0.7,1.0,,1787653805996.06,29.5,16.16,9.5,0.35,1787653805996.06,False,,,4,OP1,C3_WIFI_CARGA_ALTA,N3
,0.298,0.324,0.7,1.0,,1787653806037.8157,29.5,16.16,9.44,0.35,1787653806037.8157,False,,,4,OP1,C3_WIFI_CARGA_ALTA,N3
,0.297,0.322,0.7,1.0,,1787653806064.2131,29.5,16.24,9.32,0.35,1787653806065.7954,False,,,4,OP1,C3_WIFI_CARGA_ALTA,N3
,0.294,0.316,0.705,1.0,,1787653806111.5176,29.675,16.48,8.96,0.35,1787653806111.5176,False,,,4,OP1,C3_WIFI_CARGA_ALTA,N3
,0.293,0.313,0.707,1.0,,1787653806136.439,29.745,16.56,8.78,0.35,1787653806136.439,False,,,4,OP1,C3_WIFI_CARGA_ALTA,N3
,0.292,0.311,0.709,1.0,,1787653806165.3794,29.815,16.64,8.66,0.35,1787653806165.3794,False,,,4,OP1,C3_WIFI_CARGA_ALTA,N3
,0.292,0.309,0.71,1.0,,1787653806203.626,29.85,16.64,8.54,0.35,1787653806205.103,False,,,4,OP1,C3_WIFI_CARGA_ALTA,N3
,0.292,0.308,0.711,1.0,,1787653806231.892,29.885,16.64,8.48,0.35,1787653806231.892,False,,,4,OP1,C3_WIFI_CARGA_ALTA,N3
,0.291,0.308,0.72,1.0,,1787653806275.21,30.2,16.72,8.48,0.35,1787653806275.21,False,,,4,OP1,C3_WIFI_CARGA_ALTA,N3
,0.291,0.309,0.725,1.0,,1787653806308.2756,30.375,16.72,8.54,0.35,1787653806308.2756,False,,,4,OP1,C3_WIFI_CARGA_ALTA,N3
,0.291,0.309,0.73,1.0,,1787653806332.68,30.55,16.72,8.54,0.35,1787653806332.68,False,,,4,OP1,C3_WIFI_CARGA_ALTA,N3
,0.29,0.309,0.737,1.0,,1787653806371.2998,30.795,16.8,8.54,0.35,1787653806371.2998,False,,,4,OP1,C3_WIFI_CARGA_ALTA,N3
,0.29,0.308,0.743,1.0,,1787653806397.25,31.005,16.8,8.48,0.35,1787653806399.6487,False,,,4,OP1,C3_WIFI_CARGA_ALTA,N3
,0.292,0.303,0.753,1.0,,1787653806442.452,31.355,16.64,8.18,0.35,1787653806442.452,False,,,4,OP1,C3_WIFI_CARGA_ALTA,N3
,0.292,0.3,0.757,1.0,,1787653806479.475,31.495,16.64,8.0,0.35,1787653806480.4858,False,,,4,OP1,C3_WIFI_CARGA_ALTA,N3
,0.293,0.294,0.763,1.0,,1787653806501.602,31.705,16.56,7.64,0.35,1787653806501.602,False,,,4,OP1,C3_WIFI_CARGA_ALTA,N3
,0.294,0.289,0.767,1.0,,1787653806526.6394,31.845,16.48,7.34,0.35,1787653806526.6394,False,,,4,OP1,C3_WIFI_CARGA_ALTA,N3
,0.294,0.286,0.769,1.0,,1787653806565.7114,31.915,16.48,7.16,0.35,1787653806566.4016,False,,,4,OP1,C3_WIFI_CARGA_ALTA,N3
,0.295,0.284,0.771,1.0,,1787653806589.3142,31.985,16.4,7.04,0.35,1787653806589.3142,False,,,4,OP1,C3_WIFI_CARGA_ALTA,N3
,0.294,0.281,0.774,1.0,,1787653806757.4,32.09,16.48,6.86,0.35,1787653806757.4,False,,,4,OP1,C3_WIFI_CARGA_ALTA,N3
,0.298,0.262,0.78,1.0,,1787653806782.3438,32.3,16.16,5.72,0.35,1787653806782.3438,False,,,4,OP1,C3_WIFI_CARGA_ALTA,N3
,0.301,0.258,0.784,1.0,,1787653806808.9724,32.44,15.92,5.48,0.35,1787653806808.9724,False,,,4,OP1,C3_WIFI_CARGA_ALTA,N3
,0.304,0.254,0.787,1.0,,1787653806841.9692,32.545,15.68,5.24,0.35,1787653806841.9692,False,,,4,OP1,C3_WIFI_CARGA_ALTA,N3
,0.307,0.25,0.79,1.0,,1787653806873.52,32.65,15.44,5.0,0.35,1787653806873.52,False,,,4,OP1,C3_WIFI_CARGA_ALTA,N3
,0.309,0.244,0.793,1.0,,1787653806899.9412,32.755,15.28,4.64,0.35,1787653806899.9412,False,,,4,OP1,C3_WIFI_CARGA_ALTA,N3
,0.312,0.238,0.799,1.0,,1787653807117.249,32.965,15.04,4.28,0.35,1787653807117.249,False,,,4,OP1,C3_WIFI_CARGA_ALTA,N3
,0.31,0.225,0.809,1.0,,1787653807151.131,33.315,15.2,3.5,0.35,1787653807151.131,False,,,4,OP1,C3_WIFI_CARGA_ALTA,N3
,0.309,0.224,0.809,1.0,,1787653807344.1792,33.315,15.28,3.44,0.35,1787653807345.189,False,,,4,OP1,C3_WIFI_CARGA_ALTA,N3
,0.308,0.22,0.812,1.0,,1787653807373.7473,33.42,15.36,3.2,0.35,1787653807373.7473,False,,,4,OP1,C3_WIFI_CARGA_ALTA,N3
,0.306,0.213,0.816,1.0,,1787653807471.4712,33.56,15.52,2.78,0.35,1787653807471.4712,False,,,4,OP1,C3_WIFI_CARGA_ALTA,N3
,0.304,0.21,0.817,1.0,,1787653807511.8984,33.595,15.68,2.6,0.35,1787653807512.907,False,,,4,OP1,C3_WIFI_CARGA_ALTA,N3
,0.303,0.209,0.817,1.0,,1787653807539.7085,33.595,15.76,2.54,0.35,1787653807539.7085,False,,,4,OP1,C3_WIFI_CARGA_ALTA,N3
,0.302,0.208,0.815,1.0,,1787653807588.312,33.525,15.84,2.48,0.35,1787653807589.163,False,,,4,OP1,C3_WIFI_CARGA_ALTA,N3
,0.3,0.208,0.811,1.0,,1787653807618.798,33.385,16.0,2.48,0.35,1787653807618.798,False,,,4,OP1,C3_WIFI_CARGA_ALTA,N3
,0.298,0.208,0.807,1.0,,1787653807788.803,33.245,16.16,2.48,0.35,1787653807790.8127,False,,,4,OP1,C3_WIFI_CARGA_ALTA,N3
,0.291,0.205,0.802,1.0,,1787653807847.317,33.07,16.72,2.3,0.35,1787653807848.4336,False,,,4,OP1,C3_WIFI_CARGA_ALTA,N3
,0.291,0.205,0.803,1.0,,1787653807874.1355,33.105,16.72,2.3,0.35,1787653807874.1355,False,,,4,OP1,C3_WIFI_CARGA_ALTA,N3
,0.291,0.205,0.804,1.0,,1787653807925.0916,33.14,16.72,2.3,0.35,1787653807925.0916,False,,,4,OP1,C3_WIFI_CARGA_ALTA,N3
,0.291,0.205,0.805,1.0,,1787653807952.3914,33.175,16.72,2.3,0.35,1787653807952.3914,False,,,4,OP1,C3_WIFI_CARGA_ALTA,N3
,0.29,0.205,0.805,1.0,,1787653807985.808,33.175,16.8,2.3,0.35,1787653807985.808,False,,,4,OP1,C3_WIFI_CARGA_ALTA,N3
,0.29,0.206,0.806,1.0,,1787653808012.172,33.21,16.8,2.36,0.35,1787653808012.172,False,,,4,OP1,C3_WIFI_CARGA_ALTA,N3
,0.289,0.207,0.807,1.0,,1787653808180.589,33.245,16.88,2.42,0.35,1787653808180.589,False,,,4,OP1,C3_WIFI_CARGA_ALTA,N3
,0.285,0.208,0.814,1.0,,1787653808208.5544,33.49,17.2,2.48,0.35,1787653808208.5544,False,,,4,OP1,C3_WIFI_CARGA_ALTA,N3
,0.284,0.208,0.816,1.0,,1787653808260.744,33.56,17.28,2.48,0.35,1787653808260.744,False,,,4,OP1,C3_WIFI_CARGA_ALTA,N3
,0.283,0.207,0.816,1.0,,1787653808290.6042,33.56,17.36,2.42,0.35,1787653808290.6042,False,,,4,OP1,C3_WIFI_CARGA_ALTA,N3
,0.283,0.206,0.817,1.0,,1787653808348.349,33.595,17.36,2.36,0.35,1787653808348.349,False,,,4,OP1,C3_WIFI_CARGA_ALTA,N3
,0.282,0.205,0.816,1.0,,1787653808373.4026,33.56,17.44,2.3,0.35,1787653808373.4026,False,,,4,OP1,C3_WIFI_CARGA_ALTA,N3
,0.282,0.203,0.816,1.0,,1787653808424.5603,33.56,17.44,2.18,0.35,1787653808424.5603,False,,,4,OP1,C3_WIFI_CARGA_ALTA,N3
,0.281,0.202,0.817,1.0,,1787653808459.6787,33.595,17.52,2.12,0.35,1787653808459.6787,False,,,4,OP1,C3_WIFI_CARGA_ALTA,N3
,0.28,0.197,0.82,1.0,,1787653808513.8057,33.7,17.6,1.82,0.35,1787653808513.8057,False,,,4,OP1,C3_WIFI_CARGA_ALTA,N3
,0.279,0.194,0.822,1.0,,1787653808558.1968,33.77,17.68,1.64,0.35,1787653808558.1968,False,,,4,OP1,C3_WIFI_CARGA_ALTA,N3
,0.279,0.194,0.822,1.0,,1787653808588.672,33.77,17.68,1.64,0.35,1787653808588.672,False,,,4,OP1,C3_WIFI_CARGA_ALTA,N3
,0.279,0.194,0.822,1.0,,1787653808625.0903,33.77,17.68,1.64,0.35,1787653808627.1006,False,,,4,OP1,C3_WIFI_CARGA_ALTA,N3
,0.278,0.193,0.824,1.0,,1787653808809.7085,33.84,17.76,1.58,0.35,1787653808809.7085,False,,,4,OP1,C3_WIFI_CARGA_ALTA,N3
,0.279,0.18,0.838,1.0,,1787653808848.5532,34.33,17.68,0.8,0.35,1787653808848.5532,False,,,4,OP1,C3_WIFI_CARGA_ALTA,N3
,0.28,0.178,0.839,1.0,,1787653808874.3347,34.365,17.6,0.68,0.35,1787653808874.3347,False,,,4,OP1,C3_WIFI_CARGA_ALTA,N3
,0.28,0.176,0.84,1.0,,1787653808931.225,34.4,17.6,0.56,0.35,1787653808931.225,False,,,4,OP1,C3_WIFI_CARGA_ALTA,N3
,0.28,0.175,0.84,1.0,,1787653808960.4192,34.4,17.6,0.5,0.35,1787653808960.4192,False,,,4,OP1,C3_WIFI_CARGA_ALTA,N3
,0.281,0.174,0.84,1.0,,1787653809126.257,34.4,17.52,0.44,0.35,1787653809128.115,False,,,4,OP1,C3_WIFI_CARGA_ALTA,N3
,0.283,0.172,0.836,1.0,,1787653809265.5413,34.26,17.36,0.32,0.35,1787653809265.5413,False,,,4,OP1,C3_WIFI_CARGA_ALTA,N3
,0.286,0.164,0.838,1.0,,1787653809294.2378,34.33,17.12,-0.16,0.35,1787653809294.2378,False,,,4,OP1,C3_WIFI_CARGA_ALTA,N3
,0.287,0.162,0.84,1.0,,1787653809314.6614,34.4,17.04,-0.28,0.35,1787653809314.6614,False,,,4,OP1,C3_WIFI_CARGA_ALTA,N3
,0.288,0.16,0.842,1.0,,1787653809348.007,34.47,16.96,-0.4,0.35,1787653809348.007,False,,,4,OP1,C3_WIFI_CARGA_ALTA,N3
,0.291,0.155,0.844,1.0,,1787653809398.3506,34.54,16.72,-0.7,0.35,1787653809398.3506,False,,,4,OP1,C3_WIFI_CARGA_ALTA,N3
,0.291,0.154,0.845,1.0,,1787653809432.4087,34.575,16.72,-0.76,0.35,1787653809432.4087,False,,,4,OP1,C3_WIFI_CARGA_ALTA,N3
,0.292,0.152,0.846,1.0,,1787653809461.025,34.61,16.64,-0.88,0.35,1787653809462.0227,False,,,4,OP1,C3_WIFI_CARGA_ALTA,N3
,0.292,0.151,0.847,1.0,,1787653809483.02,34.645,16.64,-0.94,0.35,1787653809483.02,False,,,4,OP1,C3_WIFI_CARGA_ALTA,N3
,0.292,0.15,0.848,1.0,,1787653809516.3003,34.68,16.64,-1.0,0.35,1787653809518.306,False,,,4,OP1,C3_WIFI_CARGA_ALTA,N3
,0.292,0.147,0.85,1.0,,1787653809565.37,34.75,16.64,-1.18,0.35,1787653809565.37,False,,,4,OP1,C3_WIFI_CARGA_ALTA,N3
,0.292,0.146,0.85,1.0,,1787653809600.6218,34.75,16.64,-1.24,0.35,1787653809601.6294,False,,,4,OP1,C3_WIFI_CARGA_ALTA,N3
,0.291,0.145,0.851,1.0,,1787653809628.4443,34.785,16.72,-1.3,0.35,1787653809630.4502,False,,,4,OP1,C3_WIFI_CARGA_ALTA,N3
,0.291,0.145,0.851,1.0,,1787653809835.7834,34.785,16.72,-1.3,0.35,1787653809835.7834,False,,,4,OP1,C3_WIFI_CARGA_ALTA,N3
,0.294,0.129,0.849,1.0,,1787653809868.6873,34.715,16.48,-2.26,0.35,1787653809868.6873,False,,,4,OP1,C3_WIFI_CARGA_ALTA,N3
,0.295,0.128,0.849,1.0,,1787653809902.2026,34.715,16.4,-2.32,0.35,1787653809902.2026,False,,,4,OP1,C3_WIFI_CARGA_ALTA,N3
,0.295,0.127,0.848,1.0,,1787653809932.6365,34.68,16.4,-2.38,0.35,1787653809932.6365,False,,,4,OP1,C3_WIFI_CARGA_ALTA,N3
,0.295,0.127,0.848,1.0,,1787653809962.026,34.68,16.4,-2.38,0.35,1787653809962.026,False,,,4,OP1,C3_WIFI_CARGA_ALTA,N3
,0.295,0.127,0.848,1.0,,1787653809986.673,34.68,16.4,-2.38,0.35,1787653809986.673,False,,,4,OP1,C3_WIFI_CARGA_ALTA,N3
,0.295,0.126,0.848,1.0,,1787653810016.4128,34.68,16.4,-2.44,0.35,1787653810016.4128,False,,,4,OP1,C3_WIFI_CARGA_ALTA,N3
,0.295,0.125,0.848,1.0,,1787653810038.4976,34.68,16.4,-2.5,0.35,1787653810038.4976,False,,,4,OP1,C3_WIFI_CARGA_ALTA,N3
,0.295,0.124,0.849,1.0,,1787653810071.0117,34.715,16.4,-2.56,0.35,1787653810071.0117,False,,,4,OP1,C3_WIFI_CARGA_ALTA,N3
,0.295,0.123,0.849,1.0,,1787653810101.8618,34.715,16.4,-2.62,0.35,1787653810101.8618,False,,,4,OP1,C3_WIFI_CARGA_ALTA,N3
,0.295,0.121,0.848,1.0,,1787653810128.7478,34.68,16.4,-2.74,0.35,1787653810128.7478,False,,,4,OP1,C3_WIFI_CARGA_ALTA,N3
,0.296,0.119,0.848,1.0,,1787653810154.58,34.68,16.32,-2.86,0.35,1787653810154.58,False,,,4,OP1,C3_WIFI_CARGA_ALTA,N3
,0.297,0.114,0.848,1.0,,1787653810339.618,34.68,16.24,-3.16,0.35,1787653810339.618,False,,,4,OP1,C3_WIFI_CARGA_ALTA,N3
,0.298,0.106,0.852,1.0,,1787653810373.9087,34.82,16.16,-3.64,0.35,1787653810373.9087,False,,,4,OP1,C3_WIFI_CARGA_ALTA,N3
,0.298,0.104,0.853,1.0,,1787653810406.934,34.855,16.16,-3.76,0.35,1787653810406.934,False,,,4,OP1,C3_WIFI_CARGA_ALTA,N3
,0.298,0.102,0.854,1.0,,1787653810436.7014,34.89,16.16,-3.88,0.35,1787653810436.7014,False,,,4,OP1,C3_WIFI_CARGA_ALTA,N3
,0.299,0.1,0.854,1.0,,1787653810462.6296,34.89,16.08,-4.0,0.35,1787653810462.6296,False,,,4,OP1,C3_WIFI_CARGA_ALTA,N3
,0.299,0.098,0.855,1.0,,1787653810489.587,34.925,16.08,-4.12,0.35,1787653810493.6335,False,,,4,OP1,C3_WIFI_CARGA_ALTA,N3
,0.3,0.093,0.857,1.0,,1787653810535.283,34.995,16.0,-4.42,0.35,1787653810535.283,False,,,4,OP1,C3_WIFI_CARGA_ALTA,N3
,0.3,0.091,0.859,1.0,,1787653810574.65,35.065,16.0,-4.54,0.35,1787653810574.65,False,,,4,OP1,C3_WIFI_CARGA_ALTA,N3
,0.3,0.089,0.86,1.0,,1787653810603.605,35.1,16.0,-4.66,0.35,1787653810603.605,False,,,4,OP1,C3_WIFI_CARGA_ALTA,N3
,0.3,0.085,0.864,1.0,,1787653810659.5938,35.24,16.0,-4.9,0.35,1787653810659.5938,False,,,4,OP1,C3_WIFI_CARGA_ALTA,N3
,0.303,0.082,0.867,1.0,,1787653810701.7505,35.345,15.76,-5.08,0.35,1787653810701.7505,False,,,4,OP1,C3_WIFI_CARGA_ALTA,N3
,0.303,0.081,0.868,1.0,,1787653810869.9597,35.38,15.76,-5.14,0.35,1787653810869.9597,False,,,4,OP1,C3_WIFI_CARGA_ALTA,N3
,0.309,0.079,0.869,1.0,,1787653811012.0034,35.415,15.28,-5.26,0.35,1787653811012.0034,False,,,4,OP1,C3_WIFI_CARGA_ALTA,N3
,0.312,0.077,0.867,1.0,,1787653811036.9373,35.345,15.04,-5.38,0.35,1787653811036.9373,False,,,4,OP1,C3_WIFI_CARGA_ALTA,N3
,0.312,0.076,0.866,1.0,,1787653811074.861,35.31,15.04,-5.44,0.35,1787653811074.861,False,,,4,OP1,C3_WIFI_CARGA_ALTA,N3
,0.313,0.076,0.866,1.0,,1787653811103.6477,35.31,14.96,-5.44,0.35,1787653811103.6477,False,,,4,OP1,C3_WIFI_CARGA_ALTA,N3
,0.314,0.074,0.865,1.0,,1787653811146.3567,35.275,14.88,-5.56,0.35,1787653811147.0537,False,,,4,OP1,C3_WIFI_CARGA_ALTA,N3
,0.314,0.075,0.864,1.0,,1787653811180.0598,35.24,14.88,-5.5,0.35,1787653811180.0598,False,,,4,OP1,C3_WIFI_CARGA_ALTA,N3
,0.314,0.075,0.864,1.0,,1787653811204.1658,35.24,14.88,-5.5,0.35,1787653811204.9993,False,,,4,OP1,C3_WIFI_CARGA_ALTA,N3
,0.314,0.075,0.864,1.0,,1787653811243.0476,35.24,14.88,-5.5,0.35,1787653811243.0476,False,,,4,OP1,C3_WIFI_CARGA_ALTA,N3
,0.314,0.076,0.864,1.0,,1787653811270.7324,35.24,14.88,-5.44,0.35,1787653811270.7324,False,,,4,OP1,C3_WIFI_CARGA_ALTA,N3
,0.315,0.076,0.864,1.0,,1787653811315.865,35.24,14.8,-5.44,0.35,1787653811315.865,False,,,4,OP1,C3_WIFI_CARGA_ALTA,N3
,0.315,0.075,0.864,1.0,,1787653811347.9622,35.24,14.8,-5.5,0.35,1787653811347.9622,False,,,4,OP1,C3_WIFI_CARGA_ALTA,N3
,0.316,0.075,0.864,1.0,,1787653811372.7815,35.24,14.72,-5.5,0.35,1787653811372.7815,False,,,4,OP1,C3_WIFI_CARGA_ALTA,N3
,0.317,0.075,0.864,1.0,,1787653811411.1235,35.24,14.64,-5.5,0.35,1787653811411.1235,False,,,4,OP1,C3_WIFI_CARGA_ALTA,N3
,0.317,0.075,0.863,1.0,,1787653811438.9314,35.205,14.64,-5.5,0.35,1787653811438.9314,False,,,4,OP1,C3_WIFI_CARGA_ALTA,N3
,0.318,0.073,0.863,1.0,,1787653811481.5012,35.205,14.56,-5.62,0.35,1787653811484.438,False,,,4,OP1,C3_WIFI_CARGA_ALTA,N3
,0.319,0.073,0.863,1.0,,1787653811515.6675,35.205,14.48,-5.62,0.35,1787653811515.6675,False,,,4,OP1,C3_WIFI_CARGA_ALTA,N3
,0.319,0.072,0.863,1.0,,1787653811540.2854,35.205,14.48,-5.68,0.35,1787653811540.2854,False,,,4,OP1,C3_WIFI_CARGA_ALTA,N3
,0.32,0.072,0.864,1.0,,1787653811577.5525,35.24,14.4,-5.68,0.35,1787653811577.5525,False,,,4,OP1,C3_WIFI_CARGA_ALTA,N3
,0.321,0.071,0.866,1.0,,1787653811603.053,35.31,14.32,-5.74,0.35,1787653811603.053,False,,,4,OP1,C3_WIFI_CARGA_ALTA,N3
,0.322,0.069,0.871,1.0,,1787653811651.5886,35.485,14.24,-5.86,0.35,1787653811651.5886,False,,,4,OP1,C3_WIFI_CARGA_ALTA,N3
,0.323,0.069,0.872,1.0,,1787653811684.2966,35.52,14.16,-5.86,0.35,1787653811684.2966,False,,,4,OP1,C3_WIFI_CARGA_ALTA,N3
,0.323,0.069,0.872,1.0,,1787653811708.887,35.52,14.16,-5.86,0.35,1787653811708.887,False,,,4,OP1,C3_WIFI_CARGA_ALTA,N3
,0.323,0.07,0.872,1.0,,1787653811741.2244,35.52,14.16,-5.8,0.35,1787653811745.4216,False,,,4,OP1,C3_WIFI_CARGA_ALTA,N3
,0.323,0.071,0.872,1.0,,1787653811772.1082,35.52,14.16,-5.74,0.35,1787653811772.1082,False,,,4,OP1,C3_WIFI_CARGA_ALTA,N3
,0.323,0.072,0.871,1.0,,1787653811818.4023,35.485,14.16,-5.68,0.35,1787653811820.875,False,,,4,OP1,C3_WIFI_CARGA_ALTA,N3
,0.323,0.072,0.871,1.0,,1787653811855.632,35.485,14.16,-5.68,0.35,1787653811855.632,False,,,4,OP1,C3_WIFI_CARGA_ALTA,N3
,0.322,0.073,0.87,1.0,,1787653812020.2812,35.45,14.24,-5.62,0.35,1787653812022.5498,False,,,4,OP1,C3_WIFI_CARGA_ALTA,N3
,0.321,0.075,0.869,1.0,,1787653812044.5342,35.415,14.32,-5.5,0.35,1787653812045.5784,False,,,4,OP1,C3_WIFI_CARGA_ALTA,N3
,0.321,0.076,0.869,1.0,,1787653812078.5715,35.415,14.32,-5.44,0.35,1787653812078.5715,False,,,4,OP1,C3_WIFI_CARGA_ALTA,N3
,0.321,0.076,0.87,1.0,,1787653812103.3567,35.45,14.32,-5.44,0.35,1787653812107.8474,False,,,4,OP1,C3_WIFI_CARGA_ALTA,N3
,0.321,0.076,0.87,1.0,,1787653812125.9766,35.45,14.32,-5.44,0.35,1787653812125.9766,False,,,4,OP1,C3_WIFI_CARGA_ALTA,N3
,0.32,0.077,0.87,1.0,,1787653812154.308,35.45,14.4,-5.38,0.35,1787653812154.308,False,,,4,OP1,C3_WIFI_CARGA_ALTA,N3
,0.32,0.077,0.87,1.0,,1787653812187.63,35.45,14.4,-5.38,0.35,1787653812189.5833,False,,,4,OP1,C3_WIFI_CARGA_ALTA,N3
,0.32,0.077,0.87,1.0,,1787653812212.4917,35.45,14.4,-5.38,0.35,1787653812212.4917,False,,,4,OP1,C3_WIFI_CARGA_ALTA,N3
,0.32,0.077,0.871,1.0,,1787653812245.6377,35.485,14.4,-5.38,0.35,1787653812245.6377,False,,,4,OP1,C3_WIFI_CARGA_ALTA,N3
,0.32,0.078,0.871,1.0,,1787653812272.1697,35.485,14.4,-5.32,0.35,1787653812272.1697,False,,,4,OP1,C3_WIFI_CARGA_ALTA,N3
,0.319,0.078,0.87,1.0,,1787653812322.502,35.45,14.48,-5.32,0.35,1787653812322.502,False,,,4,OP1,C3_WIFI_CARGA_ALTA,N3
,0.319,0.079,0.87,1.0,,1787653812355.9165,35.45,14.48,-5.26,0.35,1787653812355.9165,False,,,4,OP1,C3_WIFI_CARGA_ALTA,N3
,0.318,0.078,0.869,1.0,,1787653812523.9246,35.415,14.56,-5.32,0.35,1787653812523.9246,False,,,4,OP1,C3_WIFI_CARGA_ALTA,N3
,0.315,0.08,0.867,1.0,,1787653812548.9873,35.345,14.8,-5.2,0.35,1787653812548.9873,False,,,4,OP1,C3_WIFI_CARGA_ALTA,N3
,0.315,0.08,0.868,1.0,,1787653812576.923,35.38,14.8,-5.2,0.35,1787653812576.923,False,,,4,OP1,C3_WIFI_CARGA_ALTA,N3
,0.315,0.08,0.867,1.0,,1787653812607.6863,35.345,14.8,-5.2,0.35,1787653812607.6863,False,,,4,OP1,C3_WIFI_CARGA_ALTA,N3
,0.315,0.081,0.867,1.0,,1787653812657.414,35.345,14.8,-5.14,0.35,1787653812657.414,False,,,4,OP1,C3_WIFI_CARGA_ALTA,N3
,0.314,0.081,0.866,1.0,,1787653812691.48,35.31,14.88,-5.14,0.35,1787653812692.224,False,,,4,OP1,C3_WIFI_CARGA_ALTA,N3
,0.314,0.081,0.866,1.0,,1787653812716.4172,35.31,14.88,-5.14,0.35,1787653812716.4172,False,,,4,OP1,C3_WIFI_CARGA_ALTA,N3
,0.314,0.082,0.865,1.0,,1787653812746.2493,35.275,14.88,-5.08,0.35,1787653812748.2778,False,,,4,OP1,C3_WIFI_CARGA_ALTA,N3
,0.315,0.082,0.865,1.0,,1787653812775.3662,35.275,14.8,-5.08,0.35,1787653812775.3662,False,,,4,OP1,C3_WIFI_CARGA_ALTA,N3
,0.314,0.082,0.865,1.0,,1787653812925.6797,35.275,14.88,-5.08,0.35,1787653812925.6797,False,,,4,OP1,C3_WIFI_CARGA_ALTA,N3
,0.313,0.081,0.864,1.0,,1787653812961.0137,35.24,14.96,-5.14,0.35,1787653812961.0137,False,,,4,OP1,C3_WIFI_CARGA_ALTA,N3
,0.313,0.081,0.863,1.0,,1787653812989.9546,35.205,14.96,-5.14,0.35,1787653812992.8418,False,,,4,OP1,C3_WIFI_CARGA_ALTA,N3
,0.313,0.081,0.862,1.0,,1787653813012.171,35.17,14.96,-5.14,0.35,1787653813012.171,False,,,4,OP1,C3_WIFI_CARGA_ALTA,N3
,0.314,0.081,0.862,1.0,,1787653813052.3774,35.17,14.88,-5.14,0.35,1787653813052.3774,False,,,4,OP1,C3_WIFI_CARGA_ALTA,N3
,0.314,0.081,0.862,1.0,,1787653813079.975,35.17,14.88,-5.14,0.35,1787653813079.975,False,,,4,OP1,C3_WIFI_CARGA_ALTA,N3
,0.315,0.081,0.862,1.0,,1787653813128.2815,35.17,14.8,-5.14,0.35,1787653813128.2815,False,,,4,OP1,C3_WIFI_CARGA_ALTA,N3
,0.315,0.081,0.862,1.0,,1787653813161.8977,35.17,14.8,-5.14,0.35,1787653813165.9087,False,,,4,OP1,C3_WIFI_CARGA_ALTA,N3
,0.315,0.081,0.862,1.0,,1787653813332.0984,35.17,14.8,-5.14,0.35,1787653813332.0984,False,,,4,OP1,C3_WIFI_CARGA_ALTA,N3
,0.315,0.082,0.859,1.0,,1787653813452.421,35.065,14.8,-5.08,0.35,1787653813452.421,False,,,4,OP1,C3_WIFI_CARGA_ALTA,N3
,0.315,0.081,0.857,1.0,,1787653813554.5923,34.995,14.8,-5.14,0.35,1787653813555.8762,False,,,4,OP1,C3_WIFI_CARGA_ALTA,N3
,0.317,0.077,0.858,1.0,,1787653813581.527,35.03,14.64,-5.38,0.35,1787653813581.527,False,,,4,OP1,C3_WIFI_CARGA_ALTA,N3
,0.318,0.075,0.856,1.0,,1787653813633.8965,34.96,14.56,-5.5,0.35,1787653813633.8965,False,,,4,OP1,C3_WIFI_CARGA_ALTA,N3
,0.319,0.074,0.855,1.0,,1787653813666.538,34.925,14.48,-5.56,0.35,1787653813666.538,False,,,4,OP1,C3_WIFI_CARGA_ALTA,N3
,0.32,0.071,0.855,1.0,,1787653813721.944,34.925,14.4,-5.74,0.35,1787653813721.944,False,,,4,OP1,C3_WIFI_CARGA_ALTA,N3
,0.32,0.07,0.856,1.0,,1787653813749.67,34.96,14.4,-5.8,0.35,1787653813749.67,False,,,4,OP1,C3_WIFI_CARGA_ALTA,N3
,0.323,0.068,0.859,1.0,,1787653813801.8755,35.065,14.16,-5.92,0.35,1787653813803.606,False,,,4,OP1,C3_WIFI_CARGA_ALTA,N3
,0.324,0.068,0.859,1.0,,1787653813969.946,35.065,14.08,-5.92,0.35,1787653813970.9497,False,,,4,OP1,C3_WIFI_CARGA_ALTA,N3
,0.325,0.07,0.861,1.0,,1787653814017.8833,35.135,14.0,-5.8,0.35,1787653814017.8833,False,,,4,OP1,C3_WIFI_CARGA_ALTA,N3
,0.327,0.076,0.868,1.0,,1787653814055.521,35.38,13.84,-5.44,0.35,1787653814055.521,False,,,4,OP1,C3_WIFI_CARGA_ALTA,N3
,0.325,0.079,0.867,1.0,,1787653814081.6052,35.345,14.0,-5.26,0.35,1787653814085.611,False,,,4,OP1,C3_WIFI_CARGA_ALTA,N3
,0.324,0.082,0.866,1.0,,1787653814103.0835,35.31,14.08,-5.08,0.35,1787653814103.0835,False,,,4,OP1,C3_WIFI_CARGA_ALTA,N3
,0.323,0.083,0.865,1.0,,1787653814131.1648,35.275,14.16,-5.02,0.35,1787653814132.1582,False,,,4,OP1,C3_WIFI_CARGA_ALTA,N3
,0.323,0.085,0.863,1.0,,1787653814166.98,35.205,14.16,-4.9,0.35,1787653814166.98,False,,,4,OP1,C3_WIFI_CARGA_ALTA,N3
,0.322,0.086,0.862,1.0,,1787653814220.808,35.17,14.24,-4.84,0.35,1787653814220.808,False,,,4,OP1,C3_WIFI_CARGA_ALTA,N3
,0.321,0.087,0.859,1.0,,1787653814501.3752,35.065,14.32,-4.78,0.35,1787653814501.3752,False,,,4,OP1,C3_WIFI_CARGA_ALTA,N3
,0.317,0.105,0.848,1.0,,1787653814521.9788,34.68,14.64,-3.7,0.35,1787653814521.9788,False,,,4,OP1,C3_WIFI_CARGA_ALTA,N3
,0.316,0.111,0.847,1.0,,1787653814555.5322,34.645,14.72,-3.34,0.35,1787653814555.5322,False,,,4,OP1,C3_WIFI_CARGA_ALTA,N3
,0.316,0.119,0.849,1.0,,1787653814606.5872,34.715,14.72,-2.86,0.35,1787653814606.5872,False,,,4,OP1,C3_WIFI_CARGA_ALTA,N3
,0.316,0.123,0.85,1.0,,1787653814773.6155,34.75,14.72,-2.62,0.35,1787653814773.6155,False,,,4,OP1,C3_WIFI_CARGA_ALTA,N3
,0.317,0.145,0.857,1.0,,1787653814808.3623,34.995,14.64,-1.3,0.35,1787653814808.9475,False,,,4,OP1,C3_WIFI_CARGA_ALTA,N3
,0.317,0.149,0.858,1.0,,1787653814835.483,35.03,14.64,-1.06,0.35,1787653814835.483,False,,,4,OP1,C3_WIFI_CARGA_ALTA,N3
,0.32,0.155,0.86,1.0,,1787653814858.5627,35.1,14.4,-0.7,0.35,1787653814858.5627,False,,,4,OP1,C3_WIFI_CARGA_ALTA,N3
,0.322,0.161,0.862,1.0,,1787653814891.083,35.17,14.24,-0.34,0.35,1787653814891.083,False,,,4,OP1,C3_WIFI_CARGA_ALTA,N3
,0.324,0.166,0.864,1.0,,1787653814912.6963,35.24,14.08,-0.04,0.35,1787653814914.536,False,,,4,OP1,C3_WIFI_CARGA_ALTA,N3
,0.327,0.169,0.866,1.0,,1787653814942.4453,35.31,13.84,0.14,0.35,1787653814942.4453,False,,,4,OP1,C3_WIFI_CARGA_ALTA,N3
,0.33,0.172,0.869,1.0,,1787653814972.13,35.415,13.6,0.32,0.35,1787653814972.13,False,,,4,OP1,C3_WIFI_CARGA_ALTA,N3
,0.334,0.175,0.872,1.0,,1787653815001.6138,35.52,13.28,0.5,0.35,1787653815001.6138,False,,,4,OP1,C3_WIFI_CARGA_ALTA,N3
,0.339,0.178,0.876,1.0,,1787653815025.1958,35.66,12.88,0.68,0.35,1787653815025.1958,False,,,4,OP1,C3_WIFI_CARGA_ALTA,N3
,0.342,0.181,0.883,1.0,,1787653815212.1624,35.905,12.64,0.86,0.35,1787653815212.1624,False,,,4,OP1,C3_WIFI_CARGA_ALTA,N3
,0.349,0.19,0.9,1.0,,1787653815319.5266,36.5,12.08,1.4,0.35,1787653815319.5266,False,,,4,OP1,C3_WIFI_CARGA_ALTA,N3
,0.348,0.217,0.901,1.0,,1787653815362.2964,36.535,12.16,3.02,0.35,1787653815362.2964,False,,,4,OP1,C3_WIFI_CARGA_ALTA,N3
,0.347,0.224,0.903,1.0,,1787653815413.5872,36.605,12.24,3.44,0.35,1787653815413.5872,False,,,4,OP1,C3_WIFI_CARGA_ALTA,N3
,0.348,0.227,0.905,1.0,,1787653815548.4412,36.675,12.16,3.62,0.35,1787653815548.4412,False,,,4,OP1,C3_WIFI_CARGA_ALTA,N3
,0.356,0.235,0.912,1.0,,1787653815571.866,36.92,11.52,4.1,0.35,1787653815571.866,False,,,4,OP1,C3_WIFI_CARGA_ALTA,N3
,0.357,0.235,0.913,1.0,,1787653815614.9607,36.955,11.44,4.1,0.35,1787653815614.9607,False,,,4,OP1,C3_WIFI_CARGA_ALTA,N3
,0.359,0.236,0.914,1.0,,1787653815643.1956,36.99,11.28,4.16,0.35,1787653815643.1956,False,,,4,OP1,C3_WIFI_CARGA_ALTA,N3
,0.359,0.236,0.915,1.0,,1787653815825.325,37.025,11.28,4.16,0.35,1787653815825.325,False,,,4,OP1,C3_WIFI_CARGA_ALTA,N3
,0.356,0.244,0.93,1.0,,1787653815862.1946,37.55,11.52,4.64,0.35,1787653815862.1946,False,,,4,OP1,C3_WIFI_CARGA_ALTA,N3
,0.355,0.247,0.933,1.0,,1787653815883.439,37.655,11.6,4.82,0.35,1787653815883.439,False,,,4,OP1,C3_WIFI_CARGA_ALTA,N3
,0.354,0.25,0.935,1.0,,1787653815917.2258,37.725,11.68,5.0,0.35,1787653815917.2258,False,,,4,OP1,C3_WIFI_CARGA_ALTA,N3
,0.352,0.254,0.936,1.0,,1787653815948.682,37.76,11.84,5.24,0.35,1787653815948.682,False,,,4,OP1,C3_WIFI_CARGA_ALTA,N3
,0.352,0.26,0.936,1.0,,1787653815976.318,37.76,11.84,5.6,0.35,1787653815976.318,False,,,4,OP1,C3_WIFI_CARGA_ALTA,N3
,0.352,0.266,0.938,1.0,,1787653816005.8115,37.83,11.84,5.96,0.35,1787653816005.8115,False,,,4,OP1,C3_WIFI_CARGA_ALTA,N3
,0.352,0.273,0.943,1.0,,1787653816056.582,38.005,11.84,6.38,0.35,1787653816057.9456,False,,,4,OP1,C3_WIFI_CARGA_ALTA,N3
,0.352,0.274,0.946,1.0,,1787653816085.0671,38.11,11.84,6.44,0.35,1787653816085.0671,False,,,4,OP1,C3_WIFI_CARGA_ALTA,N3
,0.352,0.275,0.95,1.0,,1787653816113.5803,38.25,11.84,6.5,0.35,1787653816114.5798,False,,,4,OP1,C3_WIFI_CARGA_ALTA,N3
,0.351,0.275,0.954,1.0,,1787653816143.9006,38.39,11.92,6.5,0.35,1787653816143.9006,False,,,4,OP1,C3_WIFI_CARGA_ALTA,N3
,0.348,0.276,0.956,1.0,,1787653816171.537,38.46,12.16,6.56,0.35,1787653816171.537,False,,,4,OP1,C3_WIFI_CARGA_ALTA,N3
,0.346,0.277,0.959,1.0,,1787653816336.6,38.565,12.32,6.62,0.35,1787653816336.6,False,,,4,OP1,C3_WIFI_CARGA_ALTA,N3
,0.33,0.285,0.963,1.0,,1787653816476.9292,38.705,13.6,7.1,0.35,1787653816478.939,False,,,4,OP1,C3_WIFI_CARGA_ALTA,N3
,0.314,0.293,0.963,1.0,,1787653816522.0293,38.705,14.88,7.58,0.35,1787653816522.0293,False,,,4,OP1,C3_WIFI_CARGA_ALTA,N3
,0.314,0.293,0.963,1.0,,1787653816546.4485,38.705,14.88,7.58,0.35,1787653816546.4485,False,,,4,OP1,C3_WIFI_CARGA_ALTA,N3
,0.314,0.293,0.964,1.0,,1787653816576.3203,38.74,14.88,7.58,0.35,1787653816576.3203,False,,,4,OP1,C3_WIFI_CARGA_ALTA,N3
,0.315,0.294,0.965,1.0,,1787653816617.1853,38.775,14.8,7.64,0.35,1787653816617.1853,False,,,4,OP1,C3_WIFI_CARGA_ALTA,N3
,0.317,0.295,0.968,1.0,,1787653816643.0415,38.88,14.64,7.7,0.35,1787653816643.0415,False,,,4,OP1,C3_WIFI_CARGA_ALTA,N3
,0.322,0.298,0.976,1.0,,1787653816689.9773,39.16,14.24,7.88,0.35,1787653816692.085,False,,,4,OP1,C3_WIFI_CARGA_ALTA,N3
,0.325,0.301,0.981,1.0,,1787653816723.4077,39.335,14.0,8.06,0.35,1787653816723.4077,False,,,4,OP1,C3_WIFI_CARGA_ALTA,N3
,0.328,0.304,0.986,1.0,,1787653816744.2295,39.51,13.76,8.24,0.35,1787653816744.2295,False,,,4,OP1,C3_WIFI_CARGA_ALTA,N3
,0.33,0.307,0.99,1.0,,1787653816784.392,39.65,13.6,8.42,0.35,1787653816784.392,False,,,4,OP1,C3_WIFI_CARGA_ALTA,N3
,0.331,0.309,0.995,1.0,,1787653816810.6052,39.825,13.52,8.54,0.35,1787653816810.6052,False,,,4,OP1,C3_WIFI_CARGA_ALTA,N3
,0.331,0.31,1.0,1.0,,1787653816951.7097,40.0,13.52,8.6,0.35,1787653816952.4126,False,,,4,OP1,C3_WIFI_CARGA_ALTA,N3
,0.331,0.31,1.0,1.0,,1787653816979.9822,40.0,13.52,8.6,0.35,1787653816980.308,False,,,4,OP1,C3_WIFI_CARGA_ALTA,N3
,0.33,0.313,1.0,1.0,,1787653817025.663,40.0,13.6,8.78,0.35,1787653817025.663,False,,,4,OP1,C3_WIFI_CARGA_ALTA,N3
,0.33,0.315,1.0,1.0,,1787653817059.1577,40.0,13.6,8.9,0.35,1787653817059.1577,False,,,4,OP1,C3_WIFI_CARGA_ALTA,N3
,0.33,0.315,1.0,1.0,,1787653817079.7063,40.0,13.6,8.9,0.35,1787653817080.507,False,,,4,OP1,C3_WIFI_CARGA_ALTA,N3
,0.33,0.316,1.0,1.0,,1787653817118.0908,40.0,13.6,8.96,0.35,1787653817120.9258,False,,,4,OP1,C3_WIFI_CARGA_ALTA,N3
,0.329,0.317,1.0,1.0,,1787653817143.7527,40.0,13.68,9.02,0.35,1787653817143.7527,False,,,4,OP1,C3_WIFI_CARGA_ALTA,N3
,0.331,0.316,1.0,1.0,,1787653817196.2542,40.0,13.52,8.96,0.35,1787653817196.2542,False,,,4,OP1,C3_WIFI_CARGA_ALTA,N3
,0.331,0.316,1.0,1.0,,1787653817231.1797,40.0,13.52,8.96,0.35,1787653817231.1797,False,,,4,OP1,C3_WIFI_CARGA_ALTA,N3
,0.333,0.312,1.0,1.0,,1787653817285.4294,40.0,13.36,8.72,0.35,1787653817285.4294,False,,,4,OP1,C3_WIFI_CARGA_ALTA,N3
,0.335,0.31,1.0,1.0,,1787653817311.2207,40.0,13.2,8.6,0.35,1787653817311.2207,False,,,4,OP1,C3_WIFI_CARGA_ALTA,N3
,0.337,0.307,1.0,1.0,,1787653817362.972,40.0,13.04,8.42,0.35,1787653817362.972,False,,,4,OP1,C3_WIFI_CARGA_ALTA,N3
,0.338,0.306,1.0,1.0,,1787653817393.2124,40.0,12.96,8.36,0.35,1787653817397.6714,False,,,4,OP1,C3_WIFI_CARGA_ALTA,N3
,0.339,0.305,1.0,1.0,,1787653817414.4531,40.0,12.88,8.3,0.35,1787653817414.4531,False,,,4,OP1,C3_WIFI_CARGA_ALTA,N3
,0.339,0.304,1.0,1.0,,1787653817452.061,40.0,12.88,8.24,0.35,1787653817452.061,False,,,4,OP1,C3_WIFI_CARGA_ALTA,N3
,0.338,0.303,1.0,1.0,,1787653817478.954,40.0,12.96,8.18,0.35,1787653817478.954,False,,,4,OP1,C3_WIFI_CARGA_ALTA,N3
,0.338,0.298,1.0,1.0,,1787653817532.01,40.0,12.96,7.88,0.35,1787653817532.01,False,,,4,OP1,C3_WIFI_CARGA_ALTA,N3
,0.337,0.294,1.0,1.0,,1787653817562.6838,40.0,13.04,7.64,0.35,1787653817562.6838,False,,,4,OP1,C3_WIFI_CARGA_ALTA,N3
,0.336,0.292,1.0,1.0,,1787653817587.6174,40.0,13.12,7.52,0.35,1787653817588.0225,False,,,4,OP1,C3_WIFI_CARGA_ALTA,N3
,0.335,0.291,1.0,1.0,,1787653817618.6885,40.0,13.2,7.46,0.35,1787653817618.6885,False,,,4,OP1,C3_WIFI_CARGA_ALTA,N3
,0.334,0.29,1.0,1.0,,1787653817670.4624,40.0,13.28,7.4,0.35,1787653817673.0598,False,,,4,OP1,C3_WIFI_CARGA_ALTA,N3
,0.334,0.289,1.0,1.0,,1787653817703.6238,40.0,13.28,7.34,0.35,1787653817703.6238,False,,,4,OP1,C3_WIFI_CARGA_ALTA,N3
,0.333,0.289,1.0,1.0,,1787653817728.2957,40.0,13.36,7.34,0.35,1787653817728.2957,False,,,4,OP1,C3_WIFI_CARGA_ALTA,N3
,0.332,0.288,1.0,1.0,,1787653817758.3018,40.0,13.44,7.28,0.35,1787653817759.6365,False,,,4,OP1,C3_WIFI_CARGA_ALTA,N3
,0.33,0.286,1.0,1.0,,1787653817924.6982,40.0,13.6,7.16,0.35,1787653817924.6982,False,,,4,OP1,C3_WIFI_CARGA_ALTA,N3
,0.323,0.27,1.0,1.0,,1787653818092.574,40.0,14.16,6.2,0.35,1787653818092.574,False,,,4,OP1,C3_WIFI_CARGA_ALTA,N3
,0.309,0.243,1.0,1.0,,1787653818121.723,40.0,15.28,4.58,0.35,1787653818121.723,False,,,4,OP1,C3_WIFI_CARGA_ALTA,N3
,0.304,0.239,1.0,1.0,,1787653818168.046,40.0,15.68,4.34,0.35,1787653818170.455,False,,,4,OP1,C3_WIFI_CARGA_ALTA,N3
,0.303,0.239,1.0,1.0,,1787653818201.5725,40.0,15.76,4.34,0.35,1787653818201.5725,False,,,4,OP1,C3_WIFI_CARGA_ALTA,N3
,0.301,0.238,1.0,1.0,,1787653818260.0,40.0,15.92,4.28,0.35,1787653818260.0,False,,,4,OP1,C3_WIFI_CARGA_ALTA,N3
,0.3,0.236,1.0,1.0,,1787653818285.9707,40.0,16.0,4.16,0.35,1787653818285.9707,False,,,4,OP1,C3_WIFI_CARGA_ALTA,N3
,0.3,0.231,1.0,1.0,,1787653818336.302,40.0,16.0,3.86,0.35,1787653818339.4695,False,,,4,OP1,C3_WIFI_CARGA_ALTA,N3
,0.3,0.23,1.0,1.0,,1787653818371.0498,40.0,16.0,3.8,0.35,1787653818371.0498,False,,,4,OP1,C3_WIFI_CARGA_ALTA,N3
,0.299,0.229,1.0,1.0,,1787653818399.2344,40.0,16.08,3.74,0.35,1787653818401.3286,False,,,4,OP1,C3_WIFI_CARGA_ALTA,N3
,0.299,0.226,1.0,1.0,,1787653818424.3474,40.0,16.08,3.56,0.35,1787653818424.3474,False,,,4,OP1,C3_WIFI_CARGA_ALTA,N3
,0.299,0.225,1.0,1.0,,1787653818453.2898,40.0,16.08,3.5,0.35,1787653818453.2898,False,,,4,OP1,C3_WIFI_CARGA_ALTA,N3
,0.3,0.223,1.0,1.0,,1787653818504.2007,40.0,16.0,3.38,0.35,1787653818504.2007,False,,,4,OP1,C3_WIFI_CARGA_ALTA,N3
,0.3,0.222,1.0,1.0,,1787653818539.836,40.0,16.0,3.32,0.35,1787653818539.836,False,,,4,OP1,C3_WIFI_CARGA_ALTA,N3
,0.301,0.221,1.0,1.0,,1787653818721.8577,40.0,15.92,3.26,0.35,1787653818721.8577,False,,,4,OP1,C3_WIFI_CARGA_ALTA,N3
,0.305,0.221,1.0,1.0,,1787653818760.422,40.0,15.6,3.26,0.35,1787653818760.422,False,,,4,OP1,C3_WIFI_CARGA_ALTA,N3
,0.306,0.221,1.0,1.0,,1787653818788.374,40.0,15.52,3.26,0.35,1787653818788.374,False,,,4,OP1,C3_WIFI_CARGA_ALTA,N3
,0.309,0.221,1.0,1.0,,1787653818840.3655,40.0,15.28,3.26,0.35,1787653818840.3655,False,,,4,OP1,C3_WIFI_CARGA_ALTA,N3
,0.311,0.221,1.0,1.0,,1787653819008.0398,40.0,15.12,3.26,0.35,1787653819008.0398,False,,,4,OP1,C3_WIFI_CARGA_ALTA,N3
,0.317,0.225,1.0,1.0,,1787653819037.4834,40.0,14.64,3.5,0.35,1787653819037.4834,False,,,4,OP1,C3_WIFI_CARGA_ALTA,N3
,0.318,0.227,1.0,1.0,,1787653819058.113,40.0,14.56,3.62,0.35,1787653819058.113,False,,,4,OP1,C3_WIFI_CARGA_ALTA,N3
,0.318,0.227,1.0,1.0,,1787653819095.2192,40.0,14.56,3.62,0.35,1787653819095.2192,False,,,4,OP1,C3_WIFI_CARGA_ALTA,N3
,0.319,0.227,1.0,1.0,,1787653819121.5376,40.0,14.48,3.62,0.35,1787653819121.5376,False,,,4,OP1,C3_WIFI_CARGA_ALTA,N3
,0.321,0.226,1.0,1.0,,1787653819142.6145,40.0,14.32,3.56,0.35,1787653819142.6145,False,,,4,OP1,C3_WIFI_CARGA_ALTA,N3
,0.322,0.226,1.0,1.0,,1787653819176.167,40.0,14.24,3.56,0.35,1787653819176.167,False,,,4,OP1,C3_WIFI_CARGA_ALTA,N3
,0.322,0.226,1.0,1.0,,1787653819204.4868,40.0,14.24,3.56,0.35,1787653819208.9895,False,,,4,OP1,C3_WIFI_CARGA_ALTA,N3
,0.323,0.226,1.0,1.0,,1787653819225.5098,40.0,14.16,3.56,0.35,1787653819225.5098,False,,,4,OP1,C3_WIFI_CARGA_ALTA,N3
,0.324,0.226,1.0,1.0,,1787653819261.9573,40.0,14.08,3.56,0.35,1787653819261.9573,False,,,4,OP1,C3_WIFI_CARGA_ALTA,N3
,0.325,0.226,1.0,1.0,,1787653819289.4917,40.0,14.0,3.56,0.35,1787653819289.4917,False,,,4,OP1,C3_WIFI_CARGA_ALTA,N3
,0.326,0.226,1.0,1.0,,1787653819427.952,40.0,13.92,3.56,0.35,1787653819427.952,False,,,4,OP1,C3_WIFI_CARGA_ALTA,N3
,0.336,0.23,1.0,1.0,,1787653819478.431,40.0,13.12,3.8,0.35,1787653819478.431,False,,,4,OP1,C3_WIFI_CARGA_ALTA,N3
,0.336,0.23,1.0,1.0,,1787653819623.904,40.0,13.12,3.8,0.35,1787653819625.6577,False,,,4,OP1,C3_WIFI_CARGA_ALTA,N3
,0.335,0.23,1.0,1.0,,1787653819646.4429,40.0,13.2,3.8,0.35,1787653819646.4429,False,,,4,OP1,C3_WIFI_CARGA_ALTA,N3
,0.335,0.23,1.0,1.0,,1787653819679.4832,40.0,13.2,3.8,0.35,1787653819679.4832,False,,,4,OP1,C3_WIFI_CARGA_ALTA,N3
,0.334,0.23,1.0,1.0,,1787653819707.84,40.0,13.28,3.8,0.35,1787653819708.8474,False,,,4,OP1,C3_WIFI_CARGA_ALTA,N3
,0.334,0.23,1.0,1.0,,1787653819730.3374,40.0,13.28,3.8,0.35,1787653819730.3374,False,,,4,OP1,C3_WIFI_CARGA_ALTA,N3
,0.334,0.231,1.0,1.0,,1787653819763.5125,40.0,13.28,3.86,0.35,1787653819763.5125,False,,,4,OP1,C3_WIFI_CARGA_ALTA,N3
,0.334,0.232,1.0,1.0,,1787653819814.4033,40.0,13.28,3.92,0.35,1787653819814.4033,False,,,4,OP1,C3_WIFI_CARGA_ALTA,N3
,0.334,0.233,1.0,1.0,,1787653819847.9673,40.0,13.28,3.98,0.35,1787653819847.9673,False,,,4,OP1,C3_WIFI_CARGA_ALTA,N3
,0.335,0.234,1.0,1.0,,1787653820012.575,40.0,13.2,4.04,0.35,1787653820012.575,False,,,4,OP1,C3_WIFI_CARGA_ALTA,N3
,0.334,0.238,1.0,1.0,,1787653820065.9155,40.0,13.28,4.28,0.35,1787653820065.9155,False,,,4,OP1,C3_WIFI_CARGA_ALTA,N3
,0.334,0.249,1.0,1.0,,1787653820097.0125,40.0,13.28,4.94,0.35,1787653820097.0125,False,,,4,OP1,C3_WIFI_CARGA_ALTA,N3
,0.334,0.251,1.0,1.0,,1787653820125.1252,40.0,13.28,5.06,0.35,1787653820125.1252,False,,,4,OP1,C3_WIFI_CARGA_ALTA,N3
,0.334,0.253,1.0,1.0,,1787653820150.215,40.0,13.28,5.18,0.35,1787653820150.215,False,,,4,OP1,C3_WIFI_CARGA_ALTA,N3
,0.333,0.256,1.0,1.0,,1787653820180.3933,40.0,13.36,5.36,0.35,1787653820180.3933,False,,,4,OP1,C3_WIFI_CARGA_ALTA,N3
,0.332,0.258,1.0,1.0,,1787653820208.7412,40.0,13.44,5.48,0.35,1787653820208.7412,False,,,4,OP1,C3_WIFI_CARGA_ALTA,N3
,0.331,0.259,1.0,1.0,,1787653820234.0225,40.0,13.52,5.54,0.35,1787653820234.0225,False,,,4,OP1,C3_WIFI_CARGA_ALTA,N3
,0.33,0.26,1.0,1.0,,1787653820284.6162,40.0,13.6,5.6,0.35,1787653820284.6162,False,,,4,OP1,C3_WIFI_CARGA_ALTA,N3
,0.329,0.261,1.0,1.0,,1787653820318.2542,40.0,13.68,5.66,0.35,1787653820318.2542,False,,,4,OP1,C3_WIFI_CARGA_ALTA,N3
,0.329,0.26,1.0,1.0,,1787653820349.1274,40.0,13.68,5.6,0.35,1787653820349.1274,False,,,4,OP1,C3_WIFI_CARGA_ALTA,N3
,0.328,0.261,1.0,1.0,,1787653820374.482,40.0,13.76,5.66,0.35,1787653820374.482,False,,,4,OP1,C3_WIFI_CARGA_ALTA,N3
,0.328,0.261,1.0,1.0,,1787653820401.5735,40.0,13.76,5.66,0.35,1787653820401.5735,False,,,4,OP1,C3_WIFI_CARGA_ALTA,N3
,0.325,0.26,1.0,1.0,,1787653820456.594,40.0,14.0,5.6,0.35,1787653820456.594,False,,,4,OP1,C3_WIFI_CARGA_ALTA,N3
,0.324,0.26,1.0,1.0,,1787653820486.463,40.0,14.08,5.6,0.35,1787653820486.463,False,,,4,OP1,C3_WIFI_CARGA_ALTA,N3
,0.325,0.259,1.0,1.0,,1787653820515.0305,40.0,14.0,5.54,0.35,1787653820515.0305,False,,,4,OP1,C3_WIFI_CARGA_ALTA,N3
,0.325,0.258,1.0,1.0,,1787653820541.3706,40.0,14.0,5.48,0.35,1787653820541.3706,False,,,4,OP1,C3_WIFI_CARGA_ALTA,N3
,0.325,0.256,1.0,1.0,,1787653820570.493,40.0,14.0,5.36,0.35,1787653820570.493,False,,,4,OP1,C3_WIFI_CARGA_ALTA,N3
,0.325,0.255,1.0,1.0,,1787653820611.8645,40.0,14.0,5.3,0.35,1787653820611.8645,False,,,4,OP1,C3_WIFI_CARGA_ALTA,N3
,0.324,0.254,1.0,1.0,,1787653820654.4026,40.0,14.08,5.24,0.35,1787653820654.4026,False,,,4,OP1,C3_WIFI_CARGA_ALTA,N3
,0.324,0.252,1.0,1.0,,1787653820682.1614,40.0,14.08,5.12,0.35,1787653820683.5137,False,,,4,OP1,C3_WIFI_CARGA_ALTA,N3
,0.324,0.251,1.0,1.0,,1787653820709.2307,40.0,14.08,5.06,0.35,1787653820709.2307,False,,,4,OP1,C3_WIFI_CARGA_ALTA,N3
,0.322,0.249,1.0,1.0,,1787653820737.964,40.0,14.24,4.94,0.35,1787653820737.964,False,,,4,OP1,C3_WIFI_CARGA_ALTA,N3
,0.32,0.248,1.0,1.0,,1787653820780.34,40.0,14.4,4.88,0.35,1787653820780.34,False,,,4,OP1,C3_WIFI_CARGA_ALTA,N3
,0.319,0.248,1.0,1.0,,1787653820975.974,40.0,14.48,4.88,0.35,1787653820975.974,False,,,4,OP1,C3_WIFI_CARGA_ALTA,N3
,0.316,0.241,1.0,1.0,,1787653821017.464,40.0,14.72,4.46,0.35,1787653821017.464,False,,,4,OP1,C3_WIFI_CARGA_ALTA,N3
,0.319,0.238,1.0,1.0,,1787653821058.0205,40.0,14.48,4.28,0.35,1787653821060.3638,False,,,4,OP1,C3_WIFI_CARGA_ALTA,N3
,0.321,0.236,1.0,1.0,,1787653821092.3,40.0,14.32,4.16,0.35,1787653821092.3,False,,,4,OP1,C3_WIFI_CARGA_ALTA,N3
,0.325,0.234,1.0,1.0,,1787653821124.5493,40.0,14.0,4.04,0.35,1787653821124.5493,False,,,4,OP1,C3_WIFI_CARGA_ALTA,N3
,0.327,0.234,1.0,1.0,,1787653821154.3416,40.0,13.84,4.04,0.35,1787653821154.3416,False,,,4,OP1,C3_WIFI_CARGA_ALTA,N3
,0.327,0.234,1.0,1.0,,1787653821183.514,40.0,13.84,4.04,0.35,1787653821183.514,False,,,4,OP1,C3_WIFI_CARGA_ALTA,N3
,0.328,0.235,1.0,1.0,,1787653821225.7524,40.0,13.76,4.1,0.35,1787653821225.7524,False,,,4,OP1,C3_WIFI_CARGA_ALTA,N3
,0.328,0.235,1.0,1.0,,1787653821261.8308,40.0,13.76,4.1,0.35,1787653821261.8308,False,,,4,OP1,C3_WIFI_CARGA_ALTA,N3
,0.328,0.234,1.0,1.0,,1787653821283.6116,40.0,13.76,4.04,0.35,1787653821284.5237,False,,,4,OP1,C3_WIFI_CARGA_ALTA,N3
,0.328,0.234,1.0,1.0,,1787653821313.692,40.0,13.76,4.04,0.35,1787653821313.692,False,,,4,OP1,C3_WIFI_CARGA_ALTA,N3
,0.328,0.233,1.0,1.0,,1787653821352.6853,40.0,13.76,3.98,0.35,1787653821352.6853,False,,,4,OP1,C3_WIFI_CARGA_ALTA,N3
,0.328,0.232,1.0,1.0,,1787653821395.9387,40.0,13.76,3.92,0.35,1787653821395.9387,False,,,4,OP1,C3_WIFI_CARGA_ALTA,N3
,0.329,0.231,1.0,1.0,,1787653821434.709,40.0,13.68,3.86,0.35,1787653821434.709,False,,,4,OP1,C3_WIFI_CARGA_ALTA,N3
,0.33,0.229,1.0,1.0,,1787653821489.692,40.0,13.6,3.74,0.35,1787653821489.692,False,,,4,OP1,C3_WIFI_CARGA_ALTA,N3
,0.332,0.229,1.0,1.0,,1787653821515.0686,40.0,13.44,3.74,0.35,1787653821515.0686,False,,,4,OP1,C3_WIFI_CARGA_ALTA,N3
,0.332,0.228,1.0,1.0,,1787653821535.7085,40.0,13.44,3.68,0.35,1787653821535.7085,False,,,4,OP1,C3_WIFI_CARGA_ALTA,N3
,0.332,0.228,1.0,1.0,,1787653821564.286,40.0,13.44,3.68,0.35,1787653821564.286,False,,,4,OP1,C3_WIFI_CARGA_ALTA,N3
,0.333,0.227,1.0,1.0,,1787653821595.255,40.0,13.36,3.62,0.35,1787653821599.342,False,,,4,OP1,C3_WIFI_CARGA_ALTA,N3
,0.333,0.227,1.0,1.0,,1787653821620.5884,40.0,13.36,3.62,0.35,1787653821620.5884,False,,,4,OP1,C3_WIFI_CARGA_ALTA,N3
,0.333,0.227,1.0,1.0,,1787653821657.177,40.0,13.36,3.62,0.35,1787653821658.5525,False,,,4,OP1,C3_WIFI_CARGA_ALTA,N3
,0.333,0.227,1.0,1.0,,1787653821685.4502,40.0,13.36,3.62,0.35,1787653821685.4502,False,,,4,OP1,C3_WIFI_CARGA_ALTA,N3
,0.332,0.226,1.0,1.0,,1787653821731.8684,40.0,13.44,3.56,0.35,1787653821733.9666,False,,,4,OP1,C3_WIFI_CARGA_ALTA,N3
,0.332,0.225,1.0,1.0,,1787653821763.13,40.0,13.44,3.5,0.35,1787653821763.13,False,,,4,OP1,C3_WIFI_CARGA_ALTA,N3
,0.332,0.225,1.0,1.0,,1787653821787.5195,40.0,13.44,3.5,0.35,1787653821787.5195,False,,,4,OP1,C3_WIFI_CARGA_ALTA,N3
,0.331,0.225,1.0,1.0,,1787653821825.3188,40.0,13.52,3.5,0.35,1787653821825.3188,False,,,4,OP1,C3_WIFI_CARGA_ALTA,N3
,0.331,0.224,1.0,1.0,,1787653821851.6077,40.0,13.52,3.44,0.35,1787653821852.593,False,,,4,OP1,C3_WIFI_CARGA_ALTA,N3
,0.331,0.224,1.0,1.0,,1787653821871.8022,40.0,13.52,3.44,0.35,1787653821872.6013,False,,,4,OP1,C3_WIFI_CARGA_ALTA,N3
,0.33,0.225,1.0,1.0,,1787653821898.829,40.0,13.6,3.5,0.35,1787653821898.829,False,,,4,OP1,C3_WIFI_CARGA_ALTA,N3
,0.33,0.226,1.0,1.0,,1787653821931.5078,40.0,13.6,3.56,0.35,1787653821931.5078,False,,,4,OP1,C3_WIFI_CARGA_ALTA,N3
,0.329,0.227,1.0,1.0,,1787653821955.4167,40.0,13.68,3.62,0.35,1787653821956.207,False,,,4,OP1,C3_WIFI_CARGA_ALTA,N3
,0.328,0.23,1.0,1.0,,1787653821975.7827,40.0,13.76,3.8,0.35,1787653821975.7827,False,,,4,OP1,C3_WIFI_CARGA_ALTA,N3
,0.326,0.233,1.0,1.0,,1787653822018.8403,40.0,13.92,3.98,0.35,1787653822018.8403,False,,,4,OP1,C3_WIFI_CARGA_ALTA,N3
,0.325,0.235,1.0,1.0,,1787653822040.0522,40.0,14.0,4.1,0.35,1787653822040.0522,False,,,4,OP1,C3_WIFI_CARGA_ALTA,N3
,0.325,0.234,1.0,1.0,,1787653822065.8242,40.0,14.0,4.04,0.35,1787653822065.8242,False,,,4,OP1,C3_WIFI_CARGA_ALTA,N3
,0.324,0.233,1.0,1.0,,1787653822099.1487,40.0,14.08,3.98,0.35,1787653822099.1487,False,,,4,OP1,C3_WIFI_CARGA_ALTA,N3
,0.324,0.23,1.0,1.0,,1787653822123.509,40.0,14.08,3.8,0.35,1787653822124.328,False,,,4,OP1,C3_WIFI_CARGA_ALTA,N3
,0.325,0.225,1.0,1.0,,1787653822159.423,40.0,14.0,3.5,0.35,1787653822159.423,False,,,4,OP1,C3_WIFI_CARGA_ALTA,N3
,0.327,0.22,1.0,1.0,,1787653822183.4458,40.0,13.84,3.2,0.35,1787653822183.4458,False,,,4,OP1,C3_WIFI_CARGA_ALTA,N3
,0.329,0.216,1.0,1.0,,1787653822228.578,40.0,13.68,2.96,0.35,1787653822228.578,False,,,4,OP1,C3_WIFI_CARGA_ALTA,N3
,0.329,0.215,1.0,1.0,,1787653822267.1853,40.0,13.68,2.9,0.35,1787653822267.1853,False,,,4,OP1,C3_WIFI_CARGA_ALTA,N3
,0.33,0.215,1.0,1.0,,1787653822292.011,40.0,13.6,2.9,0.35,1787653822292.8608,False,,,4,OP1,C3_WIFI_CARGA_ALTA,N3
,0.331,0.216,1.0,1.0,,1787653822324.804,40.0,13.52,2.96,0.35,1787653822324.804,False,,,4,OP1,C3_WIFI_CARGA_ALTA,N3
,0.331,0.216,1.0,1.0,,1787653822351.7957,40.0,13.52,2.96,0.35,1787653822351.7957,False,,,4,OP1,C3_WIFI_CARGA_ALTA,N3
,0.332,0.219,1.0,1.0,,1787653822517.7827,40.0,13.44,3.14,0.35,1787653822521.9053,False,,,4,OP1,C3_WIFI_CARGA_ALTA,N3
,0.329,0.267,1.0,1.0,,1787653822575.1133,40.0,13.68,6.02,0.35,1787653822575.1133,False,,,4,OP1,C3_WIFI_CARGA_ALTA,N3
,0.329,0.27,1.0,1.0,,1787653822603.446,40.0,13.68,6.2,0.35,1787653822603.446,False,,,4,OP1,C3_WIFI_CARGA_ALTA,N3
,0.33,0.273,1.0,1.0,,1787653822628.119,40.0,13.6,6.38,0.35,1787653822628.119,False,,,4,OP1,C3_WIFI_CARGA_ALTA,N3
,0.327,0.29,1.0,1.0,,1787653822656.0645,40.0,13.84,7.4,0.35,1787653822660.559,False,,,4,OP1,C3_WIFI_CARGA_ALTA,N3
,0.327,0.306,1.0,1.0,,1787653822686.5083,40.0,13.84,8.36,0.35,1787653822686.5083,False,,,4,OP1,C3_WIFI_CARGA_ALTA,N3
,0.342,0.329,1.0,1.0,,1787653822737.3433,40.0,12.64,9.74,0.35,1787653822737.3433,False,,,4,OP1,C3_WIFI_CARGA_ALTA,N3
,0.353,0.345,0.964,1.0,,1787653822771.1792,38.74,11.76,10.7,0.35,1787653822771.1792,False,,,4,OP1,C3_WIFI_CARGA_ALTA,N3
,0.363,0.359,0.909,1.0,,1787653822794.916,36.815,10.96,11.54,0.35,1787653822795.838,False,,,4,OP1,C3_WIFI_CARGA_ALTA,N3
,0.371,0.371,0.859,1.0,,1787653822825.75,35.065,10.32,12.26,0.35,1787653822827.295,False,,,4,OP1,C3_WIFI_CARGA_ALTA,N3
,0.37,0.382,0.833,1.0,,1787653822938.65,34.155,10.4,12.92,0.35,1787653822938.65,False,,,4,OP1,C3_WIFI_CARGA_ALTA,N3
,0.38,0.412,0.752,1.0,,1787653823090.282,31.32,9.6,14.72,0.35,1787653823090.282,False,,,4,OP1,C3_WIFI_CARGA_ALTA,N3
,0.383,0.378,0.8,1.0,,1787653823131.2698,33.0,9.36,12.68,0.35,1787653823131.2698,False,,,4,OP1,C3_WIFI_CARGA_ALTA,N3
,0.384,0.375,0.801,1.0,,1787653823161.1377,33.035,9.28,12.5,0.35,1787653823161.1377,False,,,4,OP1,C3_WIFI_CARGA_ALTA,N3
,0.387,0.373,0.8,1.0,,1787653823186.0857,33.0,9.04,12.38,0.35,1787653823186.0857,False,,,4,OP1,C3_WIFI_CARGA_ALTA,N3
,0.388,0.371,0.792,1.0,,1787653823207.8745,32.72,8.96,12.26,0.35,1787653823207.8745,False,,,4,OP1,C3_WIFI_CARGA_ALTA,N3
,0.39,0.37,0.78,1.0,,1787653823241.4272,32.3,8.8,12.2,0.35,1787653823243.8132,False,,,4,OP1,C3_WIFI_CARGA_ALTA,N3
,0.393,0.37,0.767,1.0,,1787653823270.714,31.845,8.56,12.2,0.35,1787653823270.714,False,,,4,OP1,C3_WIFI_CARGA_ALTA,N3
,0.394,0.373,0.736,1.0,,1787653823299.4182,30.76,8.48,12.38,0.35,1787653823299.4182,False,,,4,OP1,C3_WIFI_CARGA_ALTA,N3
,0.394,0.374,0.727,1.0,,1787653823324.4282,30.445,8.48,12.44,0.35,1787653823324.4282,False,,,4,OP1,C3_WIFI_CARGA_ALTA,N3
,0.397,0.371,0.708,1.0,,1787653823512.2124,29.78,8.24,12.26,0.35,1787653823512.2124,False,,,4,OP1,C3_WIFI_CARGA_ALTA,N3
,0.415,0.353,0.605,1.0,,1787653823544.234,26.175,6.8,11.18,0.35,1787653823544.234,False,,,4,OP1,C3_WIFI_CARGA_ALTA,N3
,0.412,0.348,0.605,1.0,,1787653823578.5278,26.175,7.04,10.88,0.35,1787653823580.026,False,,,4,OP1,C3_WIFI_CARGA_ALTA,N3
,0.406,0.34,0.605,1.0,,1787653823606.2864,26.175,7.52,10.4,0.35,1787653823606.2864,False,,,4,OP1,C3_WIFI_CARGA_ALTA,N3
,0.399,0.331,0.602,1.0,,1787653823631.8096,26.07,8.08,9.86,0.35,1787653823631.8096,False,,,4,OP1,C3_WIFI_CARGA_ALTA,N3
,0.397,0.324,0.597,1.0,,1787653823661.183,25.895,8.24,9.44,0.35,1787653823661.183,False,,,4,OP1,C3_WIFI_CARGA_ALTA,N3
,0.394,0.314,0.59,1.0,,1787653823712.714,25.65,8.48,8.84,0.35,1787653823712.714,False,,,4,OP1,C3_WIFI_CARGA_ALTA,N3
,0.392,0.308,0.586,1.0,,1787653823745.6873,25.51,8.64,8.48,0.35,1787653823745.6873,False,,,4,OP1,C3_WIFI_CARGA_ALTA,N3
,0.391,0.3,0.576,1.0,,1787653823801.6897,25.16,8.72,8.0,0.35,1787653823802.407,False,,,4,OP1,C3_WIFI_CARGA_ALTA,N3
,0.391,0.298,0.577,1.0,,1787653823828.3665,25.195,8.72,7.88,0.35,1787653823828.3665,False,,,4,OP1,C3_WIFI_CARGA_ALTA,N3
,0.391,0.289,0.589,1.0,,1787653823879.9807,25.615,8.72,7.34,0.35,1787653823879.9807,False,,,4,OP1,C3_WIFI_CARGA_ALTA,N3
,0.389,0.285,0.597,1.0,,1787653823910.5122,25.895,8.88,7.1,0.35,1787653823913.609,False,,,4,OP1,C3_WIFI_CARGA_ALTA,N3
,0.385,0.281,0.605,1.0,,1787653823967.469,26.175,9.2,6.86,0.35,1787653823967.469,False,,,4,OP1,C3_WIFI_CARGA_ALTA,N3
,0.379,0.283,0.606,1.0,,1787653824014.592,26.21,9.68,6.98,0.35,1787653824014.592,False,,,4,OP1,C3_WIFI_CARGA_ALTA,N3
,0.376,0.287,0.604,1.0,,1787653824048.7876,26.14,9.92,7.22,0.35,1787653824050.0503,False,,,4,OP1,C3_WIFI_CARGA_ALTA,N3
,0.373,0.29,0.603,1.0,,1787653824078.1997,26.105,10.16,7.4,0.35,1787653824078.1997,False,,,4,OP1,C3_WIFI_CARGA_ALTA,N3
,0.37,0.296,0.601,1.0,,1787653824134.8032,26.035,10.4,7.76,0.35,1787653824134.8032,False,,,4,OP1,C3_WIFI_CARGA_ALTA,N3
,0.37,0.297,0.6,1.0,,1787653824160.6392,26.0,10.4,7.82,0.35,1787653824160.6392,False,,,4,OP1,C3_WIFI_CARGA_ALTA,N3
,0.37,0.298,0.6,1.0,,1787653824182.1873,26.0,10.4,7.88,0.35,1787653824182.1873,False,,,4,OP1,C3_WIFI_CARGA_ALTA,N3
,0.37,0.297,0.6,1.0,,1787653824215.843,26.0,10.4,7.82,0.35,1787653824215.843,False,,,4,OP1,C3_WIFI_CARGA_ALTA,N3
,0.37,0.297,0.6,1.0,,1787653824244.8457,26.0,10.4,7.82,0.35,1787653824244.8457,False,,,4,OP1,C3_WIFI_CARGA_ALTA,N3
,0.37,0.297,0.601,1.0,,1787653824265.1956,26.035,10.4,7.82,0.35,1787653824265.1956,False,,,4,OP1,C3_WIFI_CARGA_ALTA,N3
,0.369,0.297,0.601,1.0,,1787653824302.8137,26.035,10.48,7.82,0.35,1787653824302.8137,False,,,4,OP1,C3_WIFI_CARGA_ALTA,N3
,0.367,0.297,0.601,1.0,,1787653824350.8198,26.035,10.64,7.82,0.35,1787653824350.8198,False,,,4,OP1,C3_WIFI_CARGA_ALTA,N3
,0.366,0.297,0.601,1.0,,1787653824383.408,26.035,10.72,7.82,0.35,1787653824383.408,False,,,4,OP1,C3_WIFI_CARGA_ALTA,N3
,0.363,0.298,0.602,1.0,,1787653824414.1802,26.07,10.96,7.88,0.35,1787653824414.1802,False,,,4,OP1,C3_WIFI_CARGA_ALTA,N3
,0.356,0.299,0.603,1.0,,1787653824467.6753,26.105,11.52,7.94,0.35,1787653824467.6753,False,,,4,OP1,C3_WIFI_CARGA_ALTA,N3
,0.348,0.301,0.607,1.0,,1787653824513.9072,26.245,12.16,8.06,0.35,1787653824513.9072,False,,,4,OP1,C3_WIFI_CARGA_ALTA,N3
,0.344,0.301,0.611,1.0,,1787653824552.3364,26.385,12.48,8.06,0.35,1787653824552.3364,False,,,4,OP1,C3_WIFI_CARGA_ALTA,N3
,0.341,0.302,0.613,1.0,,1787653824580.121,26.455,12.72,8.12,0.35,1787653824580.121,False,,,4,OP1,C3_WIFI_CARGA_ALTA,N3
,0.339,0.305,0.614,1.0,,1787653824601.4695,26.49,12.88,8.3,0.35,1787653824601.4695,False,,,4,OP1,C3_WIFI_CARGA_ALTA,N3
,0.335,0.308,0.615,1.0,,1787653824635.2302,26.525,13.2,8.48,0.35,1787653824635.2302,False,,,4,OP1,C3_WIFI_CARGA_ALTA,N3
,0.325,0.316,0.621,1.0,,1787653824853.2422,26.735,14.0,8.96,0.35,1787653824853.2422,False,,,4,OP1,C3_WIFI_CARGA_ALTA,N3
,0.286,0.359,0.652,1.0,,1787653824887.4265,27.82,17.12,11.54,0.35,1787653824887.4265,False,,,4,OP1,C3_WIFI_CARGA_ALTA,N3
,0.283,0.363,0.66,1.0,,1787653824915.2349,28.1,17.36,11.78,0.35,1787653824916.2446,False,,,4,OP1,C3_WIFI_CARGA_ALTA,N3
,0.281,0.367,0.671,1.0,,1787653824937.5845,28.485,17.52,12.02,0.35,1787653824937.5845,False,,,4,OP1,C3_WIFI_CARGA_ALTA,N3
,0.278,0.364,0.687,1.0,,1787653824970.5168,29.045,17.76,11.84,0.35,1787653824970.5168,False,,,4,OP1,C3_WIFI_CARGA_ALTA,N3
,0.276,0.362,0.693,1.0,,1787653825122.974,29.255,17.92,11.72,0.35,1787653825122.974,False,,,4,OP1,C3_WIFI_CARGA_ALTA,N3
,0.272,0.355,0.691,1.0,,1787653825155.2476,29.185,18.24,11.3,0.35,1787653825155.2476,False,,,4,OP1,C3_WIFI_CARGA_ALTA,N3
,0.271,0.355,0.691,1.0,,1787653825189.7288,29.185,18.32,11.3,0.35,1787653825190.3472,False,,,4,OP1,C3_WIFI_CARGA_ALTA,N3
,0.27,0.354,0.692,1.0,,1787653825220.9878,29.22,18.4,11.24,0.35,1787653825220.9878,False,,,4,OP1,C3_WIFI_CARGA_ALTA,N3
,0.269,0.351,0.694,1.0,,1787653825248.846,29.29,18.48,11.06,0.35,1787653825248.846,False,,,4,OP1,C3_WIFI_CARGA_ALTA,N3
,0.268,0.348,0.697,1.0,,1787653825273.795,29.395,18.56,10.88,0.35,1787653825273.795,False,,,4,OP1,C3_WIFI_CARGA_ALTA,N3
,0.268,0.344,0.701,1.0,,1787653825324.433,29.535,18.56,10.64,0.35,1787653825326.0588,False,,,4,OP1,C3_WIFI_CARGA_ALTA,N3
,0.267,0.342,0.705,1.0,,1787653825581.3547,29.675,18.64,10.52,0.35,1787653825581.3547,False,,,4,OP1,C3_WIFI_CARGA_ALTA,N3
,0.266,0.318,0.737,1.0,,1787653825630.954,30.795,18.72,9.08,0.35,1787653825632.15,False,,,4,OP1,C3_WIFI_CARGA_ALTA,N3
,0.268,0.304,0.741,1.0,,1787653825861.9504,30.935,18.56,8.24,0.35,1787653825861.9504,False,,,4,OP1,C3_WIFI_CARGA_ALTA,N3
,0.267,0.306,0.742,1.0,,1787653825889.3906,30.97,18.64,8.36,0.35,1787653825890.3967,False,,,4,OP1,C3_WIFI_CARGA_ALTA,N3
,0.265,0.312,0.752,1.0,,1787653825915.386,31.32,18.8,8.72,0.35,1787653825915.386,False,,,4,OP1,C3_WIFI_CARGA_ALTA,N3
,0.269,0.304,0.771,1.0,,1787653825941.5415,31.985,18.48,8.24,0.35,1787653825945.603,False,,,4,OP1,C3_WIFI_CARGA_ALTA,N3
,0.27,0.299,0.777,1.0,,1787653825962.696,32.195,18.4,7.94,0.35,1787653825962.696,False,,,4,OP1,C3_WIFI_CARGA_ALTA,N3
,0.27,0.295,0.782,1.0,,1787653825996.2788,32.37,18.4,7.7,0.35,1787653825997.8948,False,,,4,OP1,C3_WIFI_CARGA_ALTA,N3
,0.271,0.292,0.786,1.0,,1787653826027.1309,32.51,18.32,7.52,0.35,1787653826027.1309,False,,,4,OP1,C3_WIFI_CARGA_ALTA,N3
,0.27,0.29,0.789,1.0,,1787653826054.5144,32.615,18.4,7.4,0.35,1787653826054.5144,False,,,4,OP1,C3_WIFI_CARGA_ALTA,N3
,0.269,0.286,0.795,1.0,,1787653826097.7903,32.825,18.48,7.16,0.35,1787653826097.7903,False,,,4,OP1,C3_WIFI_CARGA_ALTA,N3
,0.268,0.283,0.797,1.0,,1787653826130.672,32.895,18.56,6.98,0.35,1787653826130.672,False,,,4,OP1,C3_WIFI_CARGA_ALTA,N3
,0.266,0.279,0.801,1.0,,1787653826155.4382,33.035,18.72,6.74,0.35,1787653826155.4382,False,,,4,OP1,C3_WIFI_CARGA_ALTA,N3
,0.265,0.276,0.803,1.0,,1787653826194.0889,33.105,18.8,6.56,0.35,1787653826194.0889,False,,,4,OP1,C3_WIFI_CARGA_ALTA,N3
,0.264,0.275,0.804,1.0,,1787653826223.3838,33.14,18.88,6.5,0.35,1787653826223.3838,False,,,4,OP1,C3_WIFI_CARGA_ALTA,N3
,0.262,0.271,0.806,1.0,,1787653826279.6072,33.21,19.04,6.26,0.35,1787653826279.6072,False,,,4,OP1,C3_WIFI_CARGA_ALTA,N3
,0.261,0.269,0.807,1.0,,1787653826299.6672,33.245,19.12,6.14,0.35,1787653826301.1658,False,,,4,OP1,C3_WIFI_CARGA_ALTA,N3
,0.26,0.269,0.806,1.0,,1787653826323.2144,33.21,19.2,6.14,0.35,1787653826323.2144,False,,,4,OP1,C3_WIFI_CARGA_ALTA,N3
,0.259,0.268,0.806,1.0,,1787653826362.2058,33.21,19.28,6.08,0.35,1787653826362.2058,False,,,4,OP1,C3_WIFI_CARGA_ALTA,N3
,0.258,0.268,0.807,1.0,,1787653826391.193,33.245,19.36,6.08,0.35,1787653826391.193,False,,,4,OP1,C3_WIFI_CARGA_ALTA,N3
,0.255,0.269,0.808,1.0,,1787653826419.4016,33.28,19.6,6.14,0.35,1787653826419.4016,False,,,4,OP1,C3_WIFI_CARGA_ALTA,N3
,0.249,0.275,0.812,1.0,,1787653826470.7793,33.42,20.08,6.5,0.35,1787653826470.7793,False,,,4,OP1,C3_WIFI_CARGA_ALTA,N3
,0.242,0.289,0.821,1.0,,1787653826529.7925,33.735,20.64,7.34,0.35,1787653826529.7925,False,,,4,OP1,C3_WIFI_CARGA_ALTA,N3
,0.241,0.293,0.823,1.0,,1787653826558.0889,33.805,20.72,7.58,0.35,1787653826558.0889,False,,,4,OP1,C3_WIFI_CARGA_ALTA,N3
,0.237,0.3,0.829,1.0,,1787653826601.2854,34.015,21.04,8.0,0.35,1787653826601.2854,False,,,4,OP1,C3_WIFI_CARGA_ALTA,N3
,0.235,0.304,0.832,1.0,,1787653826806.44,34.12,21.2,8.24,0.35,1787653826806.44,False,,,4,OP1,C3_WIFI_CARGA_ALTA,N3
,0.228,0.308,0.837,1.0,,1787653826863.6228,34.295,21.76,8.48,0.35,1787653826865.0852,False,,,4,OP1,C3_WIFI_CARGA_ALTA,N3
,0.217,0.295,0.853,1.0,,1787653826891.8025,34.855,22.64,7.7,0.35,1787653826891.8025,False,,,4,OP1,C3_WIFI_CARGA_ALTA,N3
,0.215,0.291,0.854,1.0,,1787653826941.6882,34.89,22.8,7.46,0.35,1787653826941.6882,False,,,4,OP1,C3_WIFI_CARGA_ALTA,N3
,0.214,0.289,0.854,1.0,,1787653826973.326,34.89,22.88,7.34,0.35,1787653826973.326,False,,,4,OP1,C3_WIFI_CARGA_ALTA,N3
,0.214,0.288,0.854,1.0,,1787653826996.061,34.89,22.88,7.28,0.35,1787653826996.061,False,,,4,OP1,C3_WIFI_CARGA_ALTA,N3
,0.214,0.286,0.853,1.0,,1787653827031.6155,34.855,22.88,7.16,0.35,1787653827031.6155,False,,,4,OP1,C3_WIFI_CARGA_ALTA,N3
,0.214,0.284,0.854,1.0,,1787653827197.5198,34.89,22.88,7.04,0.35,1787653827197.5198,False,,,4,OP1,C3_WIFI_CARGA_ALTA,N3
,0.217,0.257,0.861,1.0,,1787653827222.439,35.135,22.64,5.42,0.35,1787653827226.4983,False,,,4,OP1,C3_WIFI_CARGA_ALTA,N3
,0.218,0.249,0.863,1.0,,1787653827273.3389,35.205,22.56,4.94,0.35,1787653827273.3389,False,,,4,OP1,C3_WIFI_CARGA_ALTA,N3
,0.219,0.241,0.865,1.0,,1787653827306.6138,35.275,22.48,4.46,0.35,1787653827306.6138,False,,,4,OP1,C3_WIFI_CARGA_ALTA,N3
,0.219,0.239,0.866,1.0,,1787653827331.7732,35.31,22.48,4.34,0.35,1787653827331.7732,False,,,4,OP1,C3_WIFI_CARGA_ALTA,N3
,0.219,0.237,0.867,1.0,,1787653827365.0957,35.345,22.48,4.22,0.35,1787653827365.0957,False,,,4,OP1,C3_WIFI_CARGA_ALTA,N3
,0.219,0.235,0.866,1.0,,1787653827407.5378,35.31,22.48,4.1,0.35,1787653827407.5378,False,,,4,OP1,C3_WIFI_CARGA_ALTA,N3
,0.219,0.233,0.865,1.0,,1787653827440.797,35.275,22.48,3.98,0.35,1787653827440.797,False,,,4,OP1,C3_WIFI_CARGA_ALTA,N3
,0.218,0.231,0.864,1.0,,1787653827474.8845,35.24,22.56,3.86,0.35,1787653827474.8845,False,,,4,OP1,C3_WIFI_CARGA_ALTA,N3
,0.217,0.223,0.862,1.0,,1787653827531.4265,35.17,22.64,3.38,0.35,1787653827532.9324,False,,,4,OP1,C3_WIFI_CARGA_ALTA,N3
,0.216,0.22,0.861,1.0,,1787653827559.7012,35.135,22.72,3.2,0.35,1787653827559.7012,False,,,4,OP1,C3_WIFI_CARGA_ALTA,N3
,0.215,0.216,0.861,1.0,,1787653827726.1658,35.135,22.8,2.96,0.35,1787653827726.1658,False,,,4,OP1,C3_WIFI_CARGA_ALTA,N3
,0.22,0.205,0.864,1.0,,1787653827777.6216,35.24,22.4,2.3,0.35,1787653827780.1853,False,,,4,OP1,C3_WIFI_CARGA_ALTA,N3
,0.223,0.203,0.866,1.0,,1787653827810.5742,35.31,22.16,2.18,0.35,1787653827810.5742,False,,,4,OP1,C3_WIFI_CARGA_ALTA,N3
,0.226,0.202,0.867,1.0,,1787653827832.6196,35.345,21.92,2.12,0.35,1787653827832.6196,False,,,4,OP1,C3_WIFI_CARGA_ALTA,N3
,0.229,0.201,0.868,1.0,,1787653827864.018,35.38,21.68,2.06,0.35,1787653827864.018,False,,,4,OP1,C3_WIFI_CARGA_ALTA,N3
,0.232,0.2,0.869,1.0,,1787653827894.8457,35.415,21.44,2.0,0.35,1787653827895.3564,False,,,4,OP1,C3_WIFI_CARGA_ALTA,N3
,0.236,0.198,0.869,1.0,,1787653827945.4312,35.415,21.12,1.88,0.35,1787653827945.4312,False,,,4,OP1,C3_WIFI_CARGA_ALTA,N3
,0.237,0.197,0.868,1.0,,1787653827974.4146,35.38,21.04,1.82,0.35,1787653827978.8994,False,,,4,OP1,C3_WIFI_CARGA_ALTA,N3
,0.239,0.196,0.867,1.0,,1787653827999.8506,35.345,20.88,1.76,0.35,1787653827999.8506,False,,,4,OP1,C3_WIFI_CARGA_ALTA,N3
,0.239,0.196,0.865,1.0,,1787653828031.957,35.275,20.88,1.76,0.35,1787653828031.957,False,,,4,OP1,C3_WIFI_CARGA_ALTA,N3
,0.239,0.195,0.864,1.0,,1787653828060.1843,35.24,20.88,1.7,0.35,1787653828060.1843,False,,,4,OP1,C3_WIFI_CARGA_ALTA,N3
,0.24,0.194,0.862,1.0,,1787653828082.2456,35.17,20.8,1.64,0.35,1787653828082.2456,False,,,4,OP1,C3_WIFI_CARGA_ALTA,N3
,0.24,0.192,0.86,1.0,,1787653828247.8186,35.1,20.8,1.52,0.35,1787653828247.8186,False,,,4,OP1,C3_WIFI_CARGA_ALTA,N3
,0.239,0.187,0.847,1.0,,1787653828394.7725,34.645,20.88,1.22,0.35,1787653828394.7725,False,,,4,OP1,C3_WIFI_CARGA_ALTA,N3
,0.238,0.185,0.843,1.0,,1787653828415.8132,34.505,20.96,1.1,0.35,1787653828415.8132,False,,,4,OP1,C3_WIFI_CARGA_ALTA,N3
,0.239,0.185,0.842,1.0,,1787653828451.592,34.47,20.88,1.1,0.35,1787653828451.592,False,,,4,OP1,C3_WIFI_CARGA_ALTA,N3
,0.239,0.184,0.841,1.0,,1787653828478.52,34.435,20.88,1.04,0.35,1787653828478.52,False,,,4,OP1,C3_WIFI_CARGA_ALTA,N3
,0.24,0.184,0.84,1.0,,1787653828503.1978,34.4,20.8,1.04,0.35,1787653828503.8396,False,,,4,OP1,C3_WIFI_CARGA_ALTA,N3
,0.24,0.183,0.84,1.0,,1787653828785.015,34.4,20.8,0.98,0.35,1787653828785.015,False,,,4,OP1,C3_WIFI_CARGA_ALTA,N3
,0.237,0.173,0.829,1.0,,1787653828813.4875,34.015,21.04,0.38,0.35,1787653828814.4888,False,,,4,OP1,C3_WIFI_CARGA_ALTA,N3
,0.237,0.172,0.827,1.0,,1787653828839.274,33.945,21.04,0.32,0.35,1787653828839.274,False,,,4,OP1,C3_WIFI_CARGA_ALTA,N3
,0.237,0.171,0.825,1.0,,1787653829032.5107,33.875,21.04,0.26,0.35,1787653829036.65,False,,,4,OP1,C3_WIFI_CARGA_ALTA,N3
,0.236,0.167,0.815,1.0,,1787653829083.775,33.525,21.12,0.02,0.35,1787653829083.775,False,,,4,OP1,C3_WIFI_CARGA_ALTA,N3
,0.236,0.167,0.813,1.0,,1787653829117.7605,33.455,21.12,0.02,0.35,1787653829117.7605,False,,,4,OP1,C3_WIFI_CARGA_ALTA,N3
,0.237,0.167,0.809,1.0,,1787653829175.0027,33.315,21.04,0.02,0.35,1787653829175.7144,False,,,4,OP1,C3_WIFI_CARGA_ALTA,N3
,0.237,0.168,0.808,1.0,,1787653829372.3184,33.28,21.04,0.08,0.35,1787653829372.3184,False,,,4,OP1,C3_WIFI_CARGA_ALTA,N3
,0.24,0.168,0.808,1.0,,1787653829423.0234,33.28,20.8,0.08,0.35,1787653829423.0234,False,,,4,OP1,C3_WIFI_CARGA_ALTA,N3
,0.24,0.167,0.808,1.0,,1787653829453.3936,33.28,20.8,0.02,0.35,1787653829453.3936,False,,,4,OP1,C3_WIFI_CARGA_ALTA,N3
,0.241,0.167,0.809,1.0,,1787653829481.4717,33.315,20.72,0.02,0.35,1787653829482.4768,False,,,4,OP1,C3_WIFI_CARGA_ALTA,N3
,0.24,0.166,0.811,1.0,,1787653829507.395,33.385,20.8,-0.04,0.35,1787653829507.395,False,,,4,OP1,C3_WIFI_CARGA_ALTA,N3
,0.24,0.164,0.813,1.0,,1787653829552.9824,33.455,20.8,-0.16,0.35,1787653829552.9824,False,,,4,OP1,C3_WIFI_CARGA_ALTA,N3
,0.24,0.163,0.815,1.0,,1787653829591.1038,33.525,20.8,-0.22,0.35,1787653829591.1038,False,,,4,OP1,C3_WIFI_CARGA_ALTA,N3
,0.24,0.163,0.816,1.0,,1787653829788.4312,33.56,20.8,-0.22,0.35,1787653829788.4312,False,,,4,OP1,C3_WIFI_CARGA_ALTA,N3
,0.234,0.141,0.822,1.0,,1787653829842.6812,33.77,21.28,-1.54,0.35,1787653829842.6812,False,,,4,OP1,C3_WIFI_CARGA_ALTA,N3
,0.234,0.136,0.82,1.0,,1787653829887.999,33.7,21.28,-1.84,0.35,1787653829887.999,False,,,4,OP1,C3_WIFI_CARGA_ALTA,N3
,0.234,0.134,0.82,1.0,,1787653830058.214,33.7,21.28,-1.96,0.35,1787653830058.214,False,,,4,OP1,C3_WIFI_CARGA_ALTA,N3
,0.238,0.126,0.824,1.0,,1787653830092.2104,33.84,20.96,-2.44,0.35,1787653830092.2104,False,,,4,OP1,C3_WIFI_CARGA_ALTA,N3
,0.239,0.125,0.825,1.0,,1787653830122.4902,33.875,20.88,-2.5,0.35,1787653830122.4902,False,,,4,OP1,C3_WIFI_CARGA_ALTA,N3
,0.24,0.123,0.827,1.0,,1787653830177.04,33.945,20.8,-2.62,0.35,1787653830177.04,False,,,4,OP1,C3_WIFI_CARGA_ALTA,N3
,0.24,0.122,0.828,1.0,,1787653830205.986,33.98,20.8,-2.68,0.35,1787653830205.986,False,,,4,OP1,C3_WIFI_CARGA_ALTA,N3
,0.24,0.118,0.832,1.0,,1787653830261.4033,34.12,20.8,-2.92,0.35,1787653830261.4033,False,,,4,OP1,C3_WIFI_CARGA_ALTA,N3
,0.24,0.116,0.834,1.0,,1787653830424.527,34.19,20.8,-3.04,0.35,1787653830428.888,False,,,4,OP1,C3_WIFI_CARGA_ALTA,N3
,0.238,0.109,0.838,1.0,,1787653830455.4644,34.33,20.96,-3.46,0.35,1787653830455.4644,False,,,4,OP1,C3_WIFI_CARGA_ALTA,N3
,0.239,0.108,0.838,1.0,,1787653830481.1072,34.33,20.88,-3.52,0.35,1787653830481.1072,False,,,4,OP1,C3_WIFI_CARGA_ALTA,N3
,0.238,0.107,0.838,1.0,,1787653830510.6826,34.33,20.96,-3.58,0.35,1787653830510.6826,False,,,4,OP1,C3_WIFI_CARGA_ALTA,N3
,0.239,0.107,0.839,1.0,,1787653830531.4275,34.365,20.88,-3.58,0.35,1787653830531.4275,False,,,4,OP1,C3_WIFI_CARGA_ALTA,N3
,0.239,0.106,0.839,1.0,,1787653830565.8008,34.365,20.88,-3.64,0.35,1787653830565.8008,False,,,4,OP1,C3_WIFI_CARGA_ALTA,N3
,0.239,0.105,0.839,1.0,,1787653830595.37,34.365,20.88,-3.7,0.35,1787653830595.37,False,,,4,OP1,C3_WIFI_CARGA_ALTA,N3
,0.239,0.105,0.839,1.0,,1787653830621.9817,34.365,20.88,-3.7,0.35,1787653830623.9922,False,,,4,OP1,C3_WIFI_CARGA_ALTA,N3
,0.24,0.104,0.84,1.0,,1787653830648.6792,34.4,20.8,-3.76,0.35,1787653830648.6792,False,,,4,OP1,C3_WIFI_CARGA_ALTA,N3
,0.241,0.103,0.842,1.0,,1787653830691.5254,34.47,20.72,-3.82,0.35,1787653830691.5254,False,,,4,OP1,C3_WIFI_CARGA_ALTA,N3
,0.241,0.102,0.842,1.0,,1787653830734.0906,34.47,20.72,-3.88,0.35,1787653830734.0906,False,,,4,OP1,C3_WIFI_CARGA_ALTA,N3
,0.242,0.101,0.843,1.0,,1787653830763.3962,34.505,20.64,-3.94,0.35,1787653830763.3962,False,,,4,OP1,C3_WIFI_CARGA_ALTA,N3
,0.242,0.101,0.843,1.0,,1787653830788.3765,34.505,20.64,-3.94,0.35,1787653830791.6829,False,,,4,OP1,C3_WIFI_CARGA_ALTA,N3
,0.242,0.1,0.844,1.0,,1787653830817.4402,34.54,20.64,-4.0,0.35,1787653830817.4402,False,,,4,OP1,C3_WIFI_CARGA_ALTA,N3
,0.242,0.099,0.844,1.0,,1787653830838.7231,34.54,20.64,-4.06,0.35,1787653830838.7231,False,,,4,OP1,C3_WIFI_CARGA_ALTA,N3
,0.242,0.099,0.844,1.0,,1787653830871.257,34.54,20.64,-4.06,0.35,1787653830872.172,False,,,4,OP1,C3_WIFI_CARGA_ALTA,N3
,0.243,0.098,0.843,1.0,,1787653831026.9648,34.505,20.56,-4.12,0.35,1787653831027.7805,False,,,4,OP1,C3_WIFI_CARGA_ALTA,N3
,0.244,0.094,0.842,1.0,,1787653831065.3047,34.47,20.48,-4.36,0.35,1787653831069.733,False,,,4,OP1,C3_WIFI_CARGA_ALTA,N3
,0.244,0.093,0.84,1.0,,1787653831095.096,34.4,20.48,-4.42,0.35,1787653831095.096,False,,,4,OP1,C3_WIFI_CARGA_ALTA,N3
,0.245,0.092,0.838,1.0,,1787653831140.7222,34.33,20.4,-4.48,0.35,1787653831141.6963,False,,,4,OP1,C3_WIFI_CARGA_ALTA,N3
,0.245,0.091,0.838,1.0,,1787653831170.433,34.33,20.4,-4.54,0.35,1787653831174.5168,False,,,4,OP1,C3_WIFI_CARGA_ALTA,N3
,0.245,0.091,0.838,1.0,,1787653831194.7837,34.33,20.4,-4.54,0.35,1787653831195.8738,False,,,4,OP1,C3_WIFI_CARGA_ALTA,N3
,0.245,0.09,0.837,1.0,,1787653831234.2383,34.295,20.4,-4.6,0.35,1787653831234.2383,False,,,4,OP1,C3_WIFI_CARGA_ALTA,N3
,0.246,0.089,0.838,1.0,,1787653831263.7195,34.33,20.32,-4.66,0.35,1787653831263.7195,False,,,4,OP1,C3_WIFI_CARGA_ALTA,N3
,0.246,0.089,0.836,1.0,,1787653831304.6406,34.26,20.32,-4.66,0.35,1787653831304.6406,False,,,4,OP1,C3_WIFI_CARGA_ALTA,N3
,0.246,0.089,0.836,1.0,,1787653831339.0796,34.26,20.32,-4.66,0.35,1787653831339.0796,False,,,4,OP1,C3_WIFI_CARGA_ALTA,N3
,0.246,0.089,0.835,1.0,,1787653831361.7178,34.225,20.32,-4.66,0.35,1787653831362.4731,False,,,4,OP1,C3_WIFI_CARGA_ALTA,N3
,0.246,0.09,0.834,1.0,,1787653831389.5967,34.19,20.32,-4.6,0.35,1787653831389.5967,False,,,4,OP1,C3_WIFI_CARGA_ALTA,N3
,0.246,0.091,0.834,1.0,,1787653831429.6863,34.19,20.32,-4.54,0.35,1787653831429.6863,False,,,4,OP1,C3_WIFI_CARGA_ALTA,N3
,0.246,0.093,0.834,1.0,,1787653831473.7766,34.19,20.32,-4.42,0.35,1787653831474.8042,False,,,4,OP1,C3_WIFI_CARGA_ALTA,N3
,0.245,0.096,0.835,0.874,,1787653831506.3533,34.225,20.4,-4.24,0.4823,1787653831506.3533,False,,,4,OP1,C3_WIFI_CARGA_ALTA,N3
,0.244,0.102,0.835,0.697,,1787653831531.197,34.225,20.48,-3.88,0.6682,1787653831531.197,False,,,4,OP1,C3_WIFI_CARGA_ALTA,N3
,0.244,0.108,0.837,0.392,,1787653831569.5056,34.295,20.48,-3.52,0.9884,1787653831569.5056,False,,,4,OP1,C3_WIFI_CARGA_ALTA,N3
,0.245,0.114,0.84,0.023,,1787653831594.972,34.4,20.4,-3.16,1.3759,1787653831594.972,False,,,4,OP1,C3_WIFI_CARGA_ALTA,N3
,0.244,0.122,0.84,0.081,,1787653831615.278,34.4,20.48,-2.68,1.3149,1787653831615.278,False,,,4,OP1,C3_WIFI_CARGA_ALTA,N3
,0.247,0.13,0.833,0.139,,1787653831640.8389,34.155,20.24,-2.2,1.254,1787653831640.8389,False,,,4,OP1,C3_WIFI_CARGA_ALTA,N3
,0.251,0.139,0.823,0.162,,1787653831674.531,33.805,19.92,-1.66,1.2299,1787653831678.6716,False,,,4,OP1,C3_WIFI_CARGA_ALTA,N3
,0.255,0.146,0.813,0.16,,1787653831699.1064,33.455,19.6,-1.24,1.232,1787653831699.1064,False,,,4,OP1,C3_WIFI_CARGA_ALTA,N3
,0.256,0.148,0.81,0.131,,1787653831736.5222,33.35,19.52,-1.12,1.2624,1787653831737.8726,False,,,4,OP1,C3_WIFI_CARGA_ALTA,N3
,0.257,0.148,0.809,0.108,,1787653831763.4238,33.315,19.44,-1.12,1.2866,1787653831763.4238,False,,,4,OP1,C3_WIFI_CARGA_ALTA,N3
,0.257,0.147,0.809,0.088,,1787653831784.8154,33.315,19.44,-1.18,1.3076,1787653831784.8154,False,,,4,OP1,C3_WIFI_CARGA_ALTA,N3
,0.258,0.147,0.814,0.058,,1787653831844.8845,33.49,19.36,-1.18,1.3391,1787653831845.486,False,,,4,OP1,C3_WIFI_CARGA_ALTA,N3
,0.258,0.146,0.815,0.049,,1787653831868.148,33.525,19.36,-1.24,1.3485,1787653831868.148,False,,,4,OP1,C3_WIFI_CARGA_ALTA,N3
,0.258,0.146,0.815,0.041,,1787653831904.2952,33.525,19.36,-1.24,1.3569,1787653831904.2952,False,,,4,OP1,C3_WIFI_CARGA_ALTA,N3
,0.258,0.146,0.815,0.035,,1787653831929.9536,33.525,19.36,-1.24,1.3632,1787653831929.9536,False,,,4,OP1,C3_WIFI_CARGA_ALTA,N3
,0.257,0.146,0.815,0.03,,1787653831951.7976,33.525,19.44,-1.24,1.3685,1787653831951.7976,False,,,4,OP1,C3_WIFI_CARGA_ALTA,N3
,0.257,0.147,0.814,0.024,,1787653831977.3923,33.49,19.44,-1.18,1.3748,1787653831977.3923,False,,,4,OP1,C3_WIFI_CARGA_ALTA,N3
,0.257,0.147,0.814,0.019,,1787653832011.795,33.49,19.44,-1.18,1.38,1787653832013.7063,False,,,4,OP1,C3_WIFI_CARGA_ALTA,N3
,0.256,0.148,0.813,0.013,,1787653832035.1455,33.455,19.52,-1.12,1.3863,1787653832036.0066,False,,,4,OP1,C3_WIFI_CARGA_ALTA,N3
,0.256,0.148,0.812,0.009,,1787653832071.5518,33.42,19.52,-1.12,1.3905,1787653832071.5518,False,,,4,OP1,C3_WIFI_CARGA_ALTA,N3
,0.256,0.149,0.81,0.005,,1787653832098.6497,33.35,19.52,-1.06,1.3947,1787653832098.6497,False,,,4,OP1,C3_WIFI_CARGA_ALTA,N3
,0.255,0.15,0.808,0.001,,1787653832119.9463,33.28,19.6,-1.0,1.3989,1787653832119.9463,False,,,4,OP1,C3_WIFI_CARGA_ALTA,N3
,0.255,0.15,0.806,0.0,,1787653832144.8862,33.21,19.6,-1.0,1.4,1787653832147.0625,False,,,4,OP1,C3_WIFI_CARGA_ALTA,N3
,0.255,0.15,0.804,0.0,,1787653832177.2878,33.14,19.6,-1.0,1.4,1787653832177.2878,False,,,4,OP1,C3_WIFI_CARGA_ALTA,N3
,0.255,0.149,0.803,0.0,,1787653832205.777,33.105,19.6,-1.06,1.4,1787653832206.7888,False,,,4,OP1,C3_WIFI_CARGA_ALTA,N3
,0.255,0.148,0.802,0.0,,1787653832405.4907,33.07,19.6,-1.12,1.4,1787653832405.4907,False,,,4,OP1,C3_WIFI_CARGA_ALTA,N3
,0.256,0.142,0.8,0.0,,1787653832430.4275,33.0,19.52,-1.48,1.4,1787653832430.4275,False,,,4,OP1,C3_WIFI_CARGA_ALTA,N3
,0.256,0.141,0.8,0.0,,1787653832481.267,33.0,19.52,-1.54,1.4,1787653832481.267,False,,,4,OP1,C3_WIFI_CARGA_ALTA,N3
,0.256,0.14,0.8,0.0,,1787653832515.7563,33.0,19.52,-1.6,1.4,1787653832516.5747,False,,,4,OP1,C3_WIFI_CARGA_ALTA,N3
,0.256,0.139,0.799,0.0,,1787653832542.6863,32.965,19.52,-1.66,1.4,1787653832542.6863,False,,,4,OP1,C3_WIFI_CARGA_ALTA,N3
,0.257,0.138,0.799,0.0,,1787653832572.629,32.965,19.44,-1.72,1.4,1787653832572.629,False,,,4,OP1,C3_WIFI_CARGA_ALTA,N3
,0.257,0.137,0.798,0.0,,1787653832597.283,32.93,19.44,-1.78,1.4,1787653832597.283,False,,,4,OP1,C3_WIFI_CARGA_ALTA,N3
,0.257,0.136,0.798,0.0,,1787653832651.329,32.93,19.44,-1.84,1.4,1787653832651.329,False,,,4,OP1,C3_WIFI_CARGA_ALTA,N3
,0.258,0.135,0.799,0.001,,1787653832709.735,32.965,19.36,-1.9,1.3989,1787653832709.735,False,,,4,OP1,C3_WIFI_CARGA_ALTA,N3
,0.259,0.134,0.8,0.001,,1787653832736.3577,33.0,19.28,-1.96,1.3989,1787653832740.278,False,,,4,OP1,C3_WIFI_CARGA_ALTA,N3
,0.259,0.132,0.801,0.001,,1787653832921.9458,33.035,19.28,-2.08,1.3989,1787653832922.7043,False,,,4,OP1,C3_WIFI_CARGA_ALTA,N3
,0.259,0.131,0.798,0.0,,1787653832951.1433,32.93,19.28,-2.14,1.4,1787653832951.1433,False,,,4,OP1,C3_WIFI_CARGA_ALTA,N3
,0.259,0.131,0.798,0.0,,1787653833120.871,32.93,19.28,-2.14,1.4,1787653833120.871,False,,,4,OP1,C3_WIFI_CARGA_ALTA,N3
,0.258,0.128,0.801,0.0,,1787653833153.0398,33.035,19.36,-2.32,1.4,1787653833153.0398,False,,,4,OP1,C3_WIFI_CARGA_ALTA,N3
,0.259,0.128,0.801,0.0,,1787653833174.1074,33.035,19.28,-2.32,1.4,1787653833174.1074,False,,,4,OP1,C3_WIFI_CARGA_ALTA,N3
,0.259,0.127,0.8,0.0,,1787653833212.016,33.0,19.28,-2.38,1.4,1787653833212.016,False,,,4,OP1,C3_WIFI_CARGA_ALTA,N3
,0.259,0.127,0.799,0.0,,1787653833237.7322,32.965,19.28,-2.38,1.4,1787653833237.7322,False,,,4,OP1,C3_WIFI_CARGA_ALTA,N3
,0.26,0.126,0.799,0.0,,1787653833286.9067,32.965,19.2,-2.44,1.4,1787653833286.9067,False,,,4,OP1,C3_WIFI_CARGA_ALTA,N3
,0.26,0.125,0.798,0.0,,1787653833321.1008,32.93,19.2,-2.5,1.4,1787653833321.1008,False,,,4,OP1,C3_WIFI_CARGA_ALTA,N3
,0.26,0.126,0.798,0.0,,1787653833341.3157,32.93,19.2,-2.44,1.4,1787653833341.3157,False,,,4,OP1,C3_WIFI_CARGA_ALTA,N3
,0.26,0.126,0.798,0.0,,1787653833377.596,32.93,19.2,-2.44,1.4,1787653833377.596,False,,,4,OP1,C3_WIFI_CARGA_ALTA,N3
,0.261,0.126,0.797,0.0,,1787653833407.4358,32.895,19.12,-2.44,1.4,1787653833407.4358,False,,,4,OP1,C3_WIFI_CARGA_ALTA,N3
,0.261,0.127,0.795,0.0,,1787653833455.1973,32.825,19.12,-2.38,1.4,1787653833455.1973,False,,,4,OP1,C3_WIFI_CARGA_ALTA,N3
,0.261,0.127,0.794,0.0,,1787653833488.895,32.79,19.12,-2.38,1.4,1787653833490.394,False,,,4,OP1,C3_WIFI_CARGA_ALTA,N3
,0.261,0.127,0.794,0.0,,1787653833510.2114,32.79,19.12,-2.38,1.4,1787653833510.724,False,,,4,OP1,C3_WIFI_CARGA_ALTA,N3
,0.261,0.128,0.793,0.0,,1787653833547.0127,32.755,19.12,-2.32,1.4,1787653833547.0127,False,,,4,OP1,C3_WIFI_CARGA_ALTA,N3
,0.261,0.128,0.792,0.0,,1787653833574.982,32.72,19.12,-2.32,1.4,1787653833574.982,False,,,4,OP1,C3_WIFI_CARGA_ALTA,N3
,0.261,0.129,0.791,0.0,,1787653833623.4082,32.685,19.12,-2.26,1.4,1787653833623.4082,False,,,4,OP1,C3_WIFI_CARGA_ALTA,N3
,0.261,0.13,0.79,0.0,,1787653833652.489,32.65,19.12,-2.2,1.4,1787653833652.489,False,,,4,OP1,C3_WIFI_CARGA_ALTA,N3
,0.261,0.13,0.789,0.0,,1787653833676.9717,32.615,19.12,-2.2,1.4,1787653833676.9717,False,,,4,OP1,C3_WIFI_CARGA_ALTA,N3
,0.26,0.13,0.789,0.0,,1787653833710.4895,32.615,19.2,-2.2,1.4,1787653833710.4895,False,,,4,OP1,C3_WIFI_CARGA_ALTA,N3
,0.26,0.13,0.789,0.0,,1787653833741.6743,32.615,19.2,-2.2,1.4,1787653833743.0144,False,,,4,OP1,C3_WIFI_CARGA_ALTA,N3
,0.26,0.13,0.79,0.0,,1787653833791.2822,32.65,19.2,-2.2,1.4,1787653833791.2822,False,,,4,OP1,C3_WIFI_CARGA_ALTA,N3
,0.26,0.129,0.79,0.0,,1787653833825.204,32.65,19.2,-2.26,1.4,1787653833825.204,False,,,4,OP1,C3_WIFI_CARGA_ALTA,N3
,0.259,0.129,0.789,0.0,,1787653833879.82,32.615,19.28,-2.26,1.4,1787653833879.82,False,,,4,OP1,C3_WIFI_CARGA_ALTA,N3
,0.259,0.129,0.789,0.0,,1787653833907.767,32.615,19.28,-2.26,1.4,1787653833909.7876,False,,,4,OP1,C3_WIFI_CARGA_ALTA,N3
,0.259,0.129,0.787,0.0,,1787653833960.008,32.545,19.28,-2.26,1.4,1787653833962.1191,False,,,4,OP1,C3_WIFI_CARGA_ALTA,N3
,0.259,0.13,0.786,0.0,,1787653833992.7944,32.51,19.28,-2.2,1.4,1787653833992.7944,False,,,4,OP1,C3_WIFI_CARGA_ALTA,N3
,0.26,0.13,0.785,0.0,,1787653834045.8386,32.475,19.2,-2.2,1.4,1787653834045.8386,False,,,4,OP1,C3_WIFI_CARGA_ALTA,N3
,0.259,0.132,0.785,0.0,,1787653834076.0735,32.475,19.28,-2.08,1.4,1787653834076.0735,False,,,4,OP1,C3_WIFI_CARGA_ALTA,N3
,0.258,0.134,0.784,0.0,,1787653834130.3435,32.44,19.36,-1.96,1.4,1787653834130.3435,False,,,4,OP1,C3_WIFI_CARGA_ALTA,N3
,0.258,0.135,0.784,0.0,,1787653834159.786,32.44,19.36,-1.9,1.4,1787653834159.786,False,,,4,OP1,C3_WIFI_CARGA_ALTA,N3
,0.257,0.138,0.785,0.0,,1787653834214.9949,32.475,19.44,-1.72,1.4,1787653834214.9949,False,,,4,OP1,C3_WIFI_CARGA_ALTA,N3
,0.257,0.139,0.785,0.0,,1787653834242.9375,32.475,19.44,-1.66,1.4,1787653834243.559,False,,,4,OP1,C3_WIFI_CARGA_ALTA,N3
,0.257,0.14,0.785,0.0,,1787653834262.9722,32.475,19.44,-1.6,1.4,1787653834262.9722,False,,,4,OP1,C3_WIFI_CARGA_ALTA,N3
,0.256,0.141,0.785,0.0,,1787653834290.5637,32.475,19.52,-1.54,1.4,1787653834290.5637,False,,,4,OP1,C3_WIFI_CARGA_ALTA,N3
,0.256,0.142,0.785,0.0,,1787653834680.662,32.475,19.52,-1.48,1.4,1787653834680.662,False,,,4,OP1,C3_WIFI_CARGA_ALTA,N3
,0.258,0.131,0.793,0.0,,1787653834715.1013,32.755,19.36,-2.14,1.4,1787653834715.1013,False,,,4,OP1,C3_WIFI_CARGA_ALTA,N3
,0.257,0.131,0.794,0.0,,1787653834765.0886,32.79,19.44,-2.14,1.4,1787653834765.0886,False,,,4,OP1,C3_WIFI_CARGA_ALTA,N3
,0.257,0.131,0.794,0.0,,1787653834799.0508,32.79,19.44,-2.14,1.4,1787653834801.1414,False,,,4,OP1,C3_WIFI_CARGA_ALTA,N3
,0.256,0.131,0.794,0.0,,1787653834827.3235,32.79,19.52,-2.14,1.4,1787653834827.3235,False,,,4,OP1,C3_WIFI_CARGA_ALTA,N3
,0.255,0.132,0.793,0.0,,1787653834848.384,32.755,19.6,-2.08,1.4,1787653834848.384,False,,,4,OP1,C3_WIFI_CARGA_ALTA,N3
,0.254,0.134,0.791,0.484,,1787653834868.3977,32.685,19.68,-1.96,0.8918,1787653834868.3977,False,,,4,OP1,C3_WIFI_CARGA_ALTA,N3
,0.253,0.135,0.792,0.768,,1787653834901.2546,32.72,19.76,-1.9,0.5936,1787653834903.754,False,,,4,OP1,C3_WIFI_CARGA_ALTA,N3
,0.251,0.131,0.792,1.0,,1787653834933.5967,32.72,19.92,-2.14,0.35,1787653834933.5967,False,,,4,OP1,C3_WIFI_CARGA_ALTA,N3
,0.248,0.126,0.792,1.0,,1787653834967.408,32.72,20.16,-2.44,0.35,1787653834968.491,False,,,4,OP1,C3_WIFI_CARGA_ALTA,N3
,0.244,0.123,0.793,1.0,,1787653834994.3628,32.755,20.48,-2.62,0.35,1787653834994.3628,False,,,4,OP1,C3_WIFI_CARGA_ALTA,N3
,0.241,0.122,0.797,1.0,,1787653835016.5183,32.895,20.72,-2.68,0.35,1787653835017.116,False,,,4,OP1,C3_WIFI_CARGA_ALTA,N3
,0.24,0.122,0.796,1.0,,1787653835047.2388,32.86,20.8,-2.68,0.35,1787653835047.2388,False,,,4,OP1,C3_WIFI_CARGA_ALTA,N3
,0.24,0.123,0.797,1.0,,1787653835068.0735,32.895,20.8,-2.62,0.35,1787653835068.0735,False,,,4,OP1,C3_WIFI_CARGA_ALTA,N3
,0.24,0.124,0.797,1.0,,1787653835097.391,32.895,20.8,-2.56,0.35,1787653835097.391,False,,,4,OP1,C3_WIFI_CARGA_ALTA,N3
,0.24,0.124,0.797,1.0,,1787653835131.1912,32.895,20.8,-2.56,0.35,1787653835131.1912,False,,,4,OP1,C3_WIFI_CARGA_ALTA,N3
,0.239,0.124,0.797,1.0,,1787653835301.4702,32.895,20.88,-2.56,0.35,1787653835301.4702,False,,,4,OP1,C3_WIFI_CARGA_ALTA,N3
,0.232,0.129,0.788,1.0,,1787653835327.4666,32.58,21.44,-2.26,0.35,1787653835327.4666,False,,,4,OP1,C3_WIFI_CARGA_ALTA,N3
