t_unity_captura,norm_x,norm_y,norm_z,g,t_unity_envio,t_robot_recepcion,x_cm,y_cm,z_cm,t_rad,t_uart_escritura,clamp_activo,rtt_ms,perdida_pct,id_intento,id_operador,condicion_red,nivel_objeto
,0.566,0.306,0.311,0.927,,1787653425332.4531,15.885,-5.28,8.36,0.4266,1787653425354.9478,False,,,1,OP1,C3_WIFI_CARGA_ALTA,N3
,0.566,0.307,0.312,0.924,,1787653425363.2102,15.92,-5.28,8.42,0.4298,1787653425365.276,False,,,1,OP1,C3_WIFI_CARGA_ALTA,N3
,0.566,0.306,0.312,0.92,,1787653425391.407,15.92,-5.28,8.36,0.434,1787653425394.3955,False,,,1,OP1,C3_WIFI_CARGA_ALTA,N3
,0.565,0.307,0.312,0.916,,1787653425418.1758,15.92,-5.2,8.42,0.4382,1787653425418.1758,False,,,1,OP1,C3_WIFI_CARGA_ALTA,N3
,0.565,0.307,0.311,0.913,,1787653425439.788,15.885,-5.2,8.42,0.4414,1787653425450.1814,False,,,1,OP1,C3_WIFI_CARGA_ALTA,N3
,0.564,0.308,0.311,0.909,,1787653425469.191,15.885,-5.12,8.48,0.4456,1787653425469.191,False,,,1,OP1,C3_WIFI_CARGA_ALTA,N3
,0.564,0.308,0.31,0.908,,1787653425502.1636,15.85,-5.12,8.48,0.4466,1787653425504.7483,False,,,1,OP1,C3_WIFI_CARGA_ALTA,N3
,0.564,0.308,0.31,0.906,,1787653425526.9746,15.85,-5.12,8.48,0.4487,1787653425526.9746,False,,,1,OP1,C3_WIFI_CARGA_ALTA,N3
,0.564,0.308,0.31,0.905,,1787653425552.8274,15.85,-5.12,8.48,0.4498,1787653425561.7625,False,,,1,OP1,C3_WIFI_CARGA_ALTA,N3
,0.564,0.308,0.31,0.904,,1787653425580.7468,15.85,-5.12,8.48,0.4508,1787653425580.7468,False,,,1,OP1,C3_WIFI_CARGA_ALTA,N3
,0.564,0.308,0.31,0.904,,1787653425613.973,15.85,-5.12,8.48,0.4508,1787653425616.3494,False,,,1,OP1,C3_WIFI_CARGA_ALTA,N3
,0.564,0.307,0.31,0.904,,1787653425661.806,15.85,-5.12,8.42,0.4508,1787653425661.806,False,,,1,OP1,C3_WIFI_CARGA_ALTA,N3
,0.563,0.307,0.309,0.903,,1787653425694.2063,15.815,-5.04,8.42,0.4519,1787653425694.2063,False,,,1,OP1,C3_WIFI_CARGA_ALTA,N3
,0.563,0.307,0.309,0.902,,1787653425719.9575,15.815,-5.04,8.42,0.4529,1787653425719.9575,False,,,1,OP1,C3_WIFI_CARGA_ALTA,N3
,0.563,0.307,0.309,0.902,,1787653425751.552,15.815,-5.04,8.42,0.4529,1787653425751.552,False,,,1,OP1,C3_WIFI_CARGA_ALTA,N3
,0.563,0.307,0.309,0.9,,1787653425780.3457,15.815,-5.04,8.42,0.455,1787653425780.3457,False,,,1,OP1,C3_WIFI_CARGA_ALTA,N3
,0.563,0.307,0.31,0.898,,1787653425805.3257,15.85,-5.04,8.42,0.4571,1787653425810.2134,False,,,1,OP1,C3_WIFI_CARGA_ALTA,N3
,0.563,0.307,0.31,0.897,,1787653425827.5083,15.85,-5.04,8.42,0.4582,1787653425827.5083,False,,,1,OP1,C3_WIFI_CARGA_ALTA,N3
,0.563,0.307,0.31,0.896,,1787653425864.9026,15.85,-5.04,8.42,0.4592,1787653425864.9026,False,,,1,OP1,C3_WIFI_CARGA_ALTA,N3
,0.563,0.306,0.31,0.896,,1787653425888.3745,15.85,-5.04,8.36,0.4592,1787653425888.3745,False,,,1,OP1,C3_WIFI_CARGA_ALTA,N3
,0.563,0.306,0.31,0.898,,1787653425920.425,15.85,-5.04,8.36,0.4571,1787653425920.425,False,,,1,OP1,C3_WIFI_CARGA_ALTA,N3
,0.563,0.306,0.309,0.9,,1787653425947.95,15.815,-5.04,8.36,0.455,1787653425947.95,False,,,1,OP1,C3_WIFI_CARGA_ALTA,N3
,0.563,0.306,0.31,0.901,,1787653425972.5754,15.85,-5.04,8.36,0.454,1787653425978.6506,False,,,1,OP1,C3_WIFI_CARGA_ALTA,N3
,0.563,0.306,0.31,0.903,,1787653426001.7473,15.85,-5.04,8.36,0.4519,1787653426001.7473,False,,,1,OP1,C3_WIFI_CARGA_ALTA,N3
,0.562,0.306,0.311,0.905,,1787653426029.2534,15.885,-4.96,8.36,0.4498,1787653426029.2534,False,,,1,OP1,C3_WIFI_CARGA_ALTA,N3
,0.561,0.306,0.311,0.904,,1787653426053.4568,15.885,-4.88,8.36,0.4508,1787653426053.4568,False,,,1,OP1,C3_WIFI_CARGA_ALTA,N3
,0.56,0.307,0.311,0.901,,1787653426086.196,15.885,-4.8,8.42,0.454,1787653426086.196,False,,,1,OP1,C3_WIFI_CARGA_ALTA,N3
,0.557,0.309,0.31,0.896,,1787653426116.6038,15.85,-4.56,8.54,0.4592,1787653426116.6038,False,,,1,OP1,C3_WIFI_CARGA_ALTA,N3
,0.544,0.316,0.311,0.886,,1787653426164.631,15.885,-3.52,8.96,0.4697,1787653426164.631,False,,,1,OP1,C3_WIFI_CARGA_ALTA,N3
,0.537,0.32,0.313,0.881,,1787653426196.4746,15.955,-2.96,9.2,0.475,1787653426196.4746,False,,,1,OP1,C3_WIFI_CARGA_ALTA,N3
,0.513,0.326,0.324,0.877,,1787653426223.292,16.34,-1.04,9.56,0.4792,1787653426228.9094,False,,,1,OP1,C3_WIFI_CARGA_ALTA,N3
,0.484,0.33,0.327,0.875,,1787653426254.4353,16.445,1.28,9.8,0.4813,1787653426254.4353,False,,,1,OP1,C3_WIFI_CARGA_ALTA,N3
,0.457,0.338,0.322,0.872,,1787653426282.6863,16.27,3.44,10.28,0.4844,1787653426283.6843,False,,,1,OP1,C3_WIFI_CARGA_ALTA,N3
,0.428,0.351,0.313,0.866,,1787653426332.4607,15.955,5.76,11.06,0.4907,1787653426332.4607,False,,,1,OP1,C3_WIFI_CARGA_ALTA,N3
,0.427,0.353,0.313,0.864,,1787653426365.2236,15.955,5.84,11.18,0.4928,1787653426365.2236,False,,,1,OP1,C3_WIFI_CARGA_ALTA,N3
,0.433,0.355,0.316,0.862,,1787653426390.3936,16.06,5.36,11.3,0.4949,1787653426390.3936,False,,,1,OP1,C3_WIFI_CARGA_ALTA,N3
,0.446,0.362,0.326,0.86,,1787653426422.0798,16.41,4.32,11.72,0.497,1787653426422.0798,False,,,1,OP1,C3_WIFI_CARGA_ALTA,N3
,0.458,0.365,0.334,0.86,,1787653426449.775,16.69,3.36,11.9,0.497,1787653426450.4246,False,,,1,OP1,C3_WIFI_CARGA_ALTA,N3
,0.468,0.367,0.341,0.86,,1787653426476.278,16.935,2.56,12.02,0.497,1787653426476.278,False,,,1,OP1,C3_WIFI_CARGA_ALTA,N3
,0.476,0.369,0.34,0.854,,1787653426502.2842,16.9,1.92,12.14,0.5033,1787653426502.2842,False,,,1,OP1,C3_WIFI_CARGA_ALTA,N3
,0.484,0.368,0.342,0.849,,1787653426531.508,16.97,1.28,12.08,0.5086,1787653426531.508,False,,,1,OP1,C3_WIFI_CARGA_ALTA,N3
,0.49,0.366,0.347,0.845,,1787653426558.423,17.145,0.8,11.96,0.5128,1787653426558.423,False,,,1,OP1,C3_WIFI_CARGA_ALTA,N3
,0.496,0.362,0.354,0.843,,1787653426587.6584,17.39,0.32,11.72,0.5149,1787653426589.6682,False,,,1,OP1,C3_WIFI_CARGA_ALTA,N3
,0.498,0.359,0.357,0.843,,1787653426616.8215,17.495,0.16,11.54,0.5149,1787653426616.8215,False,,,1,OP1,C3_WIFI_CARGA_ALTA,N3
,0.503,0.356,0.363,0.842,,1787653426667.3652,17.705,-0.24,11.36,0.5159,1787653426667.3652,False,,,1,OP1,C3_WIFI_CARGA_ALTA,N3
,0.503,0.357,0.365,0.844,,1787653426693.1272,17.775,-0.24,11.42,0.5138,1787653426700.6594,False,,,1,OP1,C3_WIFI_CARGA_ALTA,N3
,0.503,0.36,0.368,0.846,,1787653426726.8584,17.88,-0.24,11.6,0.5117,1787653426726.8584,False,,,1,OP1,C3_WIFI_CARGA_ALTA,N3
,0.503,0.366,0.372,0.849,,1787653426755.85,18.02,-0.24,11.96,0.5086,1787653426755.85,False,,,1,OP1,C3_WIFI_CARGA_ALTA,N3
,0.503,0.379,0.38,0.854,,1787653426783.666,18.3,-0.24,12.74,0.5033,1787653426785.6897,False,,,1,OP1,C3_WIFI_CARGA_ALTA,N3
,0.502,0.389,0.39,0.857,,1787653426812.8948,18.65,-0.16,13.34,0.5002,1787653426812.8948,False,,,1,OP1,C3_WIFI_CARGA_ALTA,N3
,0.5,0.397,0.402,0.859,,1787653426835.7952,19.07,0.0,13.82,0.4981,1787653426835.7952,False,,,1,OP1,C3_WIFI_CARGA_ALTA,N3
,0.495,0.41,0.408,0.859,,1787653426862.1003,19.28,0.4,14.6,0.4981,1787653426868.2117,False,,,1,OP1,C3_WIFI_CARGA_ALTA,N3
,0.493,0.418,0.412,0.86,,1787653426895.7075,19.42,0.56,15.08,0.497,1787653426896.2188,False,,,1,OP1,C3_WIFI_CARGA_ALTA,N3
,0.492,0.425,0.412,0.86,,1787653426923.1956,19.42,0.64,15.5,0.497,1787653426923.1956,False,,,1,OP1,C3_WIFI_CARGA_ALTA,N3
,0.491,0.435,0.412,0.86,,1787653426949.9128,19.42,0.72,16.1,0.497,1787653426952.6836,False,,,1,OP1,C3_WIFI_CARGA_ALTA,N3
,0.499,0.448,0.426,0.866,,1787653427002.5764,19.91,0.08,16.88,0.4907,1787653427002.5764,False,,,1,OP1,C3_WIFI_CARGA_ALTA,N3
,0.503,0.451,0.434,0.869,,1787653427030.4526,20.19,-0.24,17.06,0.4876,1787653427030.4526,False,,,1,OP1,C3_WIFI_CARGA_ALTA,N3
,0.508,0.449,0.451,0.871,,1787653427061.9448,20.785,-0.64,16.94,0.4855,1787653427063.454,False,,,1,OP1,C3_WIFI_CARGA_ALTA,N3
,0.513,0.45,0.457,0.875,,1787653427090.548,20.995,-1.04,17.0,0.4813,1787653427092.563,False,,,1,OP1,C3_WIFI_CARGA_ALTA,N3
,0.518,0.453,0.456,0.878,,1787653427114.782,20.96,-1.44,17.18,0.4781,1787653427114.782,False,,,1,OP1,C3_WIFI_CARGA_ALTA,N3
,0.525,0.455,0.454,0.879,,1787653427138.1177,20.89,-2.0,17.3,0.4771,1787653427138.1177,False,,,1,OP1,C3_WIFI_CARGA_ALTA,N3
,0.53,0.458,0.456,0.879,,1787653427171.6914,20.96,-2.4,17.48,0.4771,1787653427171.6914,False,,,1,OP1,C3_WIFI_CARGA_ALTA,N3
,0.533,0.461,0.458,0.879,,1787653427201.459,21.03,-2.64,17.66,0.4771,1787653427201.459,False,,,1,OP1,C3_WIFI_CARGA_ALTA,N3
,0.534,0.464,0.46,0.878,,1787653427230.547,21.1,-2.72,17.84,0.4781,1787653427230.547,False,,,1,OP1,C3_WIFI_CARGA_ALTA,N3
,0.536,0.464,0.462,0.877,,1787653427257.0208,21.17,-2.88,17.84,0.4792,1787653427259.0322,False,,,1,OP1,C3_WIFI_CARGA_ALTA,N3
,0.538,0.465,0.47,0.879,,1787653427312.416,21.45,-3.04,17.9,0.4771,1787653427312.416,False,,,1,OP1,C3_WIFI_CARGA_ALTA,N3
,0.538,0.466,0.472,0.882,,1787653427339.2007,21.52,-3.04,17.96,0.4739,1787653427339.2007,False,,,1,OP1,C3_WIFI_CARGA_ALTA,N3
,0.538,0.468,0.474,0.885,,1787653427365.2888,21.59,-3.04,18.08,0.4708,1787653427365.2888,False,,,1,OP1,C3_WIFI_CARGA_ALTA,N3
,0.537,0.47,0.477,0.888,,1787653427396.0996,21.695,-2.96,18.2,0.4676,1787653427399.1108,False,,,1,OP1,C3_WIFI_CARGA_ALTA,N3
,0.537,0.471,0.478,0.891,,1787653427424.4346,21.73,-2.96,18.26,0.4645,1787653427424.7683,False,,,1,OP1,C3_WIFI_CARGA_ALTA,N3
,0.536,0.472,0.479,0.892,,1787653427451.7556,21.765,-2.88,18.32,0.4634,1787653427451.7556,False,,,1,OP1,C3_WIFI_CARGA_ALTA,N3
,0.533,0.472,0.482,0.893,,1787653427473.3496,21.87,-2.64,18.32,0.4624,1787653427473.3496,False,,,1,OP1,C3_WIFI_CARGA_ALTA,N3
,0.53,0.47,0.489,0.892,,1787653427506.8696,22.115,-2.4,18.2,0.4634,1787653427506.8696,False,,,1,OP1,C3_WIFI_CARGA_ALTA,N3
,0.529,0.464,0.507,0.891,,1787653427533.7778,22.745,-2.32,17.84,0.4645,1787653427533.7778,False,,,1,OP1,C3_WIFI_CARGA_ALTA,N3
,0.527,0.462,0.515,0.89,,1787653427560.876,23.025,-2.16,17.72,0.4655,1787653427564.5315,False,,,1,OP1,C3_WIFI_CARGA_ALTA,N3
,0.527,0.461,0.516,0.889,,1787653427588.3184,23.06,-2.16,17.66,0.4666,1787653427588.3184,False,,,1,OP1,C3_WIFI_CARGA_ALTA,N3
,0.526,0.461,0.516,0.886,,1787653427611.2883,23.06,-2.08,17.66,0.4697,1787653427611.2883,False,,,1,OP1,C3_WIFI_CARGA_ALTA,N3
,0.525,0.46,0.517,0.884,,1787653427640.7205,23.095,-2.0,17.6,0.4718,1787653427640.7205,False,,,1,OP1,C3_WIFI_CARGA_ALTA,N3
,0.525,0.46,0.517,0.883,,1787653427675.0947,23.095,-2.0,17.6,0.4729,1787653427677.0906,False,,,1,OP1,C3_WIFI_CARGA_ALTA,N3
,0.524,0.461,0.516,0.874,,1787653427701.7988,23.06,-1.92,17.66,0.4823,1787653427701.7988,False,,,1,OP1,C3_WIFI_CARGA_ALTA,N3
,0.524,0.461,0.516,0.871,,1787653427732.1472,23.06,-1.92,17.66,0.4855,1787653427732.1472,False,,,1,OP1,C3_WIFI_CARGA_ALTA,N3
,0.523,0.46,0.516,0.871,,1787653427756.3118,23.06,-1.84,17.6,0.4855,1787653427756.3118,False,,,1,OP1,C3_WIFI_CARGA_ALTA,N3
,0.52,0.459,0.518,0.872,,1787653427779.4656,23.13,-1.6,17.54,0.4844,1787653427779.4656,False,,,1,OP1,C3_WIFI_CARGA_ALTA,N3
,0.519,0.458,0.519,0.872,,1787653427809.5786,23.165,-1.52,17.48,0.4844,1787653427809.5786,False,,,1,OP1,C3_WIFI_CARGA_ALTA,N3
,0.518,0.456,0.522,0.872,,1787653427835.6665,23.27,-1.44,17.36,0.4844,1787653427842.9324,False,,,1,OP1,C3_WIFI_CARGA_ALTA,N3
,0.516,0.454,0.527,0.871,,1787653427868.8103,23.445,-1.28,17.24,0.4855,1787653427868.8103,False,,,1,OP1,C3_WIFI_CARGA_ALTA,N3
,0.517,0.452,0.532,0.87,,1787653427897.4397,23.62,-1.36,17.12,0.4865,1787653427899.4626,False,,,1,OP1,C3_WIFI_CARGA_ALTA,N3
,0.519,0.45,0.536,0.869,,1787653427925.12,23.76,-1.52,17.0,0.4876,1787653427925.12,False,,,1,OP1,C3_WIFI_CARGA_ALTA,N3
,0.521,0.45,0.541,0.867,,1787653427951.6309,23.935,-1.68,17.0,0.4897,1787653427951.6309,False,,,1,OP1,C3_WIFI_CARGA_ALTA,N3
,0.523,0.45,0.544,0.867,,1787653427977.017,24.04,-1.84,17.0,0.4897,1787653427977.017,False,,,1,OP1,C3_WIFI_CARGA_ALTA,N3
,0.525,0.449,0.547,0.868,,1787653428003.7444,24.145,-2.0,16.94,0.4886,1787653428010.7927,False,,,1,OP1,C3_WIFI_CARGA_ALTA,N3
,0.527,0.447,0.551,0.869,,1787653428036.0906,24.285,-2.16,16.82,0.4876,1787653428036.0906,False,,,1,OP1,C3_WIFI_CARGA_ALTA,N3
,0.529,0.444,0.554,0.873,,1787653428064.4607,24.39,-2.32,16.64,0.4834,1787653428066.4714,False,,,1,OP1,C3_WIFI_CARGA_ALTA,N3
,0.53,0.444,0.556,0.877,,1787653428092.691,24.46,-2.4,16.64,0.4792,1787653428092.691,False,,,1,OP1,C3_WIFI_CARGA_ALTA,N3
,0.531,0.444,0.56,0.879,,1787653428113.1594,24.6,-2.48,16.64,0.4771,1787653428113.1594,False,,,1,OP1,C3_WIFI_CARGA_ALTA,N3
,0.531,0.444,0.564,0.879,,1787653428144.9773,24.74,-2.48,16.64,0.4771,1787653428144.9773,False,,,1,OP1,C3_WIFI_CARGA_ALTA,N3
,0.53,0.442,0.567,0.881,,1787653428171.3777,24.845,-2.4,16.52,0.475,1787653428177.882,False,,,1,OP1,C3_WIFI_CARGA_ALTA,N3
,0.529,0.441,0.573,0.882,,1787653428203.2527,25.055,-2.32,16.46,0.4739,1787653428203.2527,False,,,1,OP1,C3_WIFI_CARGA_ALTA,N3
,0.527,0.439,0.581,0.882,,1787653428231.9172,25.335,-2.16,16.34,0.4739,1787653428233.9324,False,,,1,OP1,C3_WIFI_CARGA_ALTA,N3
,0.524,0.437,0.586,0.888,,1787653428281.0798,25.51,-1.92,16.22,0.4676,1787653428281.0798,False,,,1,OP1,C3_WIFI_CARGA_ALTA,N3
,0.524,0.436,0.588,0.888,,1787653428313.8765,25.58,-1.92,16.16,0.4676,1787653428313.8765,False,,,1,OP1,C3_WIFI_CARGA_ALTA,N3
,0.522,0.436,0.591,0.888,,1787653428342.4492,25.685,-1.76,16.16,0.4676,1787653428342.4492,False,,,1,OP1,C3_WIFI_CARGA_ALTA,N3
,0.52,0.435,0.593,0.887,,1787653428371.2212,25.755,-1.6,16.1,0.4687,1787653428371.2212,False,,,1,OP1,C3_WIFI_CARGA_ALTA,N3
,0.519,0.435,0.594,0.887,,1787653428399.6072,25.79,-1.52,16.1,0.4687,1787653428399.6072,False,,,1,OP1,C3_WIFI_CARGA_ALTA,N3
,0.518,0.435,0.596,0.887,,1787653428424.1802,25.86,-1.44,16.1,0.4687,1787653428429.0762,False,,,1,OP1,C3_WIFI_CARGA_ALTA,N3
,0.518,0.434,0.597,0.887,,1787653428451.881,25.895,-1.44,16.04,0.4687,1787653428451.881,False,,,1,OP1,C3_WIFI_CARGA_ALTA,N3
,0.517,0.433,0.599,0.886,,1787653428482.4343,25.965,-1.36,15.98,0.4697,1787653428482.4343,False,,,1,OP1,C3_WIFI_CARGA_ALTA,N3
,0.517,0.431,0.601,0.886,,1787653428510.249,26.035,-1.36,15.86,0.4697,1787653428510.249,False,,,1,OP1,C3_WIFI_CARGA_ALTA,N3
,0.518,0.429,0.604,0.886,,1787653428534.9902,26.14,-1.44,15.74,0.4697,1787653428540.0212,False,,,1,OP1,C3_WIFI_CARGA_ALTA,N3
,0.519,0.426,0.607,0.886,,1787653428565.1875,26.245,-1.52,15.56,0.4697,1787653428566.2908,False,,,1,OP1,C3_WIFI_CARGA_ALTA,N3
,0.52,0.423,0.613,0.886,,1787653428617.7656,26.455,-1.6,15.38,0.4697,1787653428617.7656,False,,,1,OP1,C3_WIFI_CARGA_ALTA,N3
,0.522,0.422,0.615,0.886,,1787653428649.3755,26.525,-1.76,15.32,0.4697,1787653428649.3755,False,,,1,OP1,C3_WIFI_CARGA_ALTA,N3
,0.524,0.422,0.619,0.887,,1787653428675.74,26.665,-1.92,15.32,0.4687,1787653428675.74,False,,,1,OP1,C3_WIFI_CARGA_ALTA,N3
,0.525,0.423,0.619,0.887,,1787653428703.7869,26.665,-2.0,15.38,0.4687,1787653428703.7869,False,,,1,OP1,C3_WIFI_CARGA_ALTA,N3
,0.526,0.423,0.619,0.888,,1787653428732.4302,26.665,-2.08,15.38,0.4676,1787653428734.455,False,,,1,OP1,C3_WIFI_CARGA_ALTA,N3
,0.527,0.423,0.62,0.89,,1787653428762.8667,26.7,-2.16,15.38,0.4655,1787653428762.8667,False,,,1,OP1,C3_WIFI_CARGA_ALTA,N3
,0.527,0.424,0.62,0.892,,1787653428785.526,26.7,-2.16,15.44,0.4634,1787653428785.526,False,,,1,OP1,C3_WIFI_CARGA_ALTA,N3
,0.526,0.424,0.621,0.893,,1787653428812.245,26.735,-2.08,15.44,0.4624,1787653428817.7349,False,,,1,OP1,C3_WIFI_CARGA_ALTA,N3
,0.526,0.424,0.621,0.895,,1787653428843.7544,26.735,-2.08,15.44,0.4603,1787653428843.7544,False,,,1,OP1,C3_WIFI_CARGA_ALTA,N3
,0.526,0.424,0.621,0.896,,1787653428869.524,26.735,-2.08,15.44,0.4592,1787653428869.524,False,,,1,OP1,C3_WIFI_CARGA_ALTA,N3
,0.526,0.424,0.621,0.896,,1787653428899.1829,26.735,-2.08,15.44,0.4592,1787653428901.6946,False,,,1,OP1,C3_WIFI_CARGA_ALTA,N3
,0.525,0.423,0.622,0.894,,1787653428951.8386,26.77,-2.0,15.38,0.4613,1787653428951.8386,False,,,1,OP1,C3_WIFI_CARGA_ALTA,N3
,0.523,0.421,0.625,0.89,,1787653429011.6929,26.875,-1.84,15.26,0.4655,1787653429011.6929,False,,,1,OP1,C3_WIFI_CARGA_ALTA,N3
,0.522,0.421,0.625,0.889,,1787653429038.4617,26.875,-1.76,15.26,0.4666,1787653429038.4617,False,,,1,OP1,C3_WIFI_CARGA_ALTA,N3
,0.522,0.421,0.626,0.889,,1787653429062.2249,26.91,-1.76,15.26,0.4666,1787653429068.3108,False,,,1,OP1,C3_WIFI_CARGA_ALTA,N3
,0.522,0.421,0.626,0.888,,1787653429087.9033,26.91,-1.76,15.26,0.4676,1787653429087.9033,False,,,1,OP1,C3_WIFI_CARGA_ALTA,N3
,0.522,0.421,0.626,0.888,,1787653429119.7527,26.91,-1.76,15.26,0.4676,1787653429119.7527,False,,,1,OP1,C3_WIFI_CARGA_ALTA,N3
,0.522,0.421,0.626,0.888,,1787653429151.4146,26.91,-1.76,15.26,0.4676,1787653429151.9314,False,,,1,OP1,C3_WIFI_CARGA_ALTA,N3
,0.522,0.422,0.626,0.888,,1787653429177.86,26.91,-1.76,15.32,0.4676,1787653429179.8684,False,,,1,OP1,C3_WIFI_CARGA_ALTA,N3
,0.523,0.422,0.626,0.889,,1787653429207.1355,26.91,-1.84,15.32,0.4666,1787653429207.1355,False,,,1,OP1,C3_WIFI_CARGA_ALTA,N3
,0.523,0.423,0.626,0.888,,1787653429233.9905,26.91,-1.84,15.38,0.4676,1787653429236.3274,False,,,1,OP1,C3_WIFI_CARGA_ALTA,N3
,0.523,0.423,0.626,0.888,,1787653429262.3296,26.91,-1.84,15.38,0.4676,1787653429262.3296,False,,,1,OP1,C3_WIFI_CARGA_ALTA,N3
,0.523,0.423,0.627,0.888,,1787653429288.2275,26.945,-1.84,15.38,0.4676,1787653429288.2275,False,,,1,OP1,C3_WIFI_CARGA_ALTA,N3
,0.523,0.423,0.627,0.888,,1787653429313.8462,26.945,-1.84,15.38,0.4676,1787653429313.8462,False,,,1,OP1,C3_WIFI_CARGA_ALTA,N3
,0.523,0.423,0.628,0.888,,1787653429345.8826,26.98,-1.84,15.38,0.4676,1787653429346.4136,False,,,1,OP1,C3_WIFI_CARGA_ALTA,N3
,0.523,0.423,0.628,0.889,,1787653429373.267,26.98,-1.84,15.38,0.4666,1787653429373.267,False,,,1,OP1,C3_WIFI_CARGA_ALTA,N3
,0.523,0.422,0.628,0.888,,1787653429401.34,26.98,-1.84,15.32,0.4676,1787653429401.34,False,,,1,OP1,C3_WIFI_CARGA_ALTA,N3
,0.524,0.422,0.629,0.888,,1787653429456.4944,27.015,-1.92,15.32,0.4676,1787653429457.1057,False,,,1,OP1,C3_WIFI_CARGA_ALTA,N3
,0.524,0.422,0.63,0.888,,1787653429476.5952,27.05,-1.92,15.32,0.4676,1787653429476.5952,False,,,1,OP1,C3_WIFI_CARGA_ALTA,N3
,0.525,0.422,0.631,0.889,,1787653429509.587,27.085,-2.0,15.32,0.4666,1787653429509.587,False,,,1,OP1,C3_WIFI_CARGA_ALTA,N3
,0.525,0.422,0.63,0.889,,1787653429540.9868,27.05,-2.0,15.32,0.4666,1787653429541.292,False,,,1,OP1,C3_WIFI_CARGA_ALTA,N3
,0.526,0.422,0.631,0.89,,1787653429567.9429,27.085,-2.08,15.32,0.4655,1787653429567.9429,False,,,1,OP1,C3_WIFI_CARGA_ALTA,N3
,0.526,0.422,0.631,0.89,,1787653429591.8994,27.085,-2.08,15.32,0.4655,1787653429591.8994,False,,,1,OP1,C3_WIFI_CARGA_ALTA,N3
,0.526,0.423,0.632,0.891,,1787653429622.8704,27.12,-2.08,15.38,0.4645,1787653429622.8704,False,,,1,OP1,C3_WIFI_CARGA_ALTA,N3
,0.527,0.423,0.632,0.893,,1787653429651.5515,27.12,-2.16,15.38,0.4624,1787653429651.5515,False,,,1,OP1,C3_WIFI_CARGA_ALTA,N3
,0.527,0.423,0.633,0.894,,1787653429679.2117,27.155,-2.16,15.38,0.4613,1787653429679.2117,False,,,1,OP1,C3_WIFI_CARGA_ALTA,N3
,0.527,0.423,0.634,0.895,,1787653429706.819,27.19,-2.16,15.38,0.4603,1787653429708.8113,False,,,1,OP1,C3_WIFI_CARGA_ALTA,N3
,0.527,0.423,0.634,0.895,,1787653429735.172,27.19,-2.16,15.38,0.4603,1787653429737.1875,False,,,1,OP1,C3_WIFI_CARGA_ALTA,N3
,0.527,0.423,0.634,0.896,,1787653429759.638,27.19,-2.16,15.38,0.4592,1787653429764.6863,False,,,1,OP1,C3_WIFI_CARGA_ALTA,N3
,0.527,0.423,0.635,0.897,,1787653429980.6104,27.225,-2.16,15.38,0.4582,1787653429980.6104,False,,,1,OP1,C3_WIFI_CARGA_ALTA,N3
,0.527,0.422,0.639,0.894,,1787653430014.8245,27.365,-2.16,15.32,0.4613,1787653430014.8245,False,,,1,OP1,C3_WIFI_CARGA_ALTA,N3
,0.527,0.422,0.64,0.892,,1787653430069.682,27.4,-2.16,15.32,0.4634,1787653430069.682,False,,,1,OP1,C3_WIFI_CARGA_ALTA,N3
,0.528,0.423,0.641,0.892,,1787653430119.9014,27.435,-2.24,15.38,0.4634,1787653430119.9014,False,,,1,OP1,C3_WIFI_CARGA_ALTA,N3
,0.528,0.423,0.641,0.893,,1787653430153.568,27.435,-2.24,15.38,0.4624,1787653430154.578,False,,,1,OP1,C3_WIFI_CARGA_ALTA,N3
,0.528,0.423,0.642,0.894,,1787653430181.941,27.47,-2.24,15.38,0.4613,1787653430181.941,False,,,1,OP1,C3_WIFI_CARGA_ALTA,N3
,0.529,0.422,0.642,0.895,,1787653430236.719,27.47,-2.32,15.32,0.4603,1787653430236.719,False,,,1,OP1,C3_WIFI_CARGA_ALTA,N3
,0.529,0.421,0.642,0.892,,1787653430288.767,27.47,-2.32,15.26,0.4634,1787653430288.767,False,,,1,OP1,C3_WIFI_CARGA_ALTA,N3
,0.53,0.421,0.643,0.89,,1787653430448.4773,27.505,-2.4,15.26,0.4655,1787653430448.4773,False,,,1,OP1,C3_WIFI_CARGA_ALTA,N3
,0.531,0.421,0.644,0.889,,1787653430488.2322,27.54,-2.48,15.26,0.4666,1787653430488.2322,False,,,1,OP1,C3_WIFI_CARGA_ALTA,N3
,0.535,0.426,0.649,0.889,,1787653430515.7358,27.715,-2.8,15.56,0.4666,1787653430515.7358,False,,,1,OP1,C3_WIFI_CARGA_ALTA,N3
,0.536,0.426,0.652,0.89,,1787653430565.184,27.82,-2.88,15.56,0.4655,1787653430566.232,False,,,1,OP1,C3_WIFI_CARGA_ALTA,N3
,0.536,0.426,0.653,0.89,,1787653430599.8828,27.855,-2.88,15.56,0.4655,1787653430599.8828,False,,,1,OP1,C3_WIFI_CARGA_ALTA,N3
,0.536,0.426,0.654,0.89,,1787653430627.6606,27.89,-2.88,15.56,0.4655,1787653430628.7185,False,,,1,OP1,C3_WIFI_CARGA_ALTA,N3
,0.536,0.426,0.655,0.89,,1787653430654.121,27.925,-2.88,15.56,0.4655,1787653430654.121,False,,,1,OP1,C3_WIFI_CARGA_ALTA,N3
,0.536,0.426,0.655,0.889,,1787653430682.0762,27.925,-2.88,15.56,0.4666,1787653430682.0762,False,,,1,OP1,C3_WIFI_CARGA_ALTA,N3
,0.535,0.425,0.655,0.888,,1787653430707.015,27.925,-2.8,15.5,0.4676,1787653430711.4905,False,,,1,OP1,C3_WIFI_CARGA_ALTA,N3
,0.534,0.425,0.655,0.885,,1787653430761.7505,27.925,-2.72,15.5,0.4708,1787653430761.7505,False,,,1,OP1,C3_WIFI_CARGA_ALTA,N3
,0.534,0.424,0.655,0.882,,1787653430823.4546,27.925,-2.72,15.44,0.4739,1787653430823.4546,False,,,1,OP1,C3_WIFI_CARGA_ALTA,N3
,0.534,0.425,0.655,0.883,,1787653430846.889,27.925,-2.72,15.5,0.4729,1787653430846.889,False,,,1,OP1,C3_WIFI_CARGA_ALTA,N3
,0.536,0.425,0.655,0.886,,1787653430891.077,27.925,-2.88,15.5,0.4697,1787653430891.077,False,,,1,OP1,C3_WIFI_CARGA_ALTA,N3
,0.536,0.425,0.655,0.888,,1787653430924.8872,27.925,-2.88,15.5,0.4676,1787653430926.3977,False,,,1,OP1,C3_WIFI_CARGA_ALTA,N3
,0.537,0.425,0.655,0.89,,1787653430949.7834,27.925,-2.96,15.5,0.4655,1787653430949.7834,False,,,1,OP1,C3_WIFI_CARGA_ALTA,N3
,0.538,0.426,0.656,0.892,,1787653430988.829,27.96,-3.04,15.56,0.4634,1787653430990.8445,False,,,1,OP1,C3_WIFI_CARGA_ALTA,N3
,0.538,0.426,0.656,0.893,,1787653431017.2256,27.96,-3.04,15.56,0.4624,1787653431017.2256,False,,,1,OP1,C3_WIFI_CARGA_ALTA,N3
,0.538,0.426,0.657,0.896,,1787653431060.764,27.995,-3.04,15.56,0.4592,1787653431062.4795,False,,,1,OP1,C3_WIFI_CARGA_ALTA,N3
,0.538,0.427,0.656,0.897,,1787653431401.5796,27.96,-3.04,15.62,0.4582,1787653431402.3528,False,,,1,OP1,C3_WIFI_CARGA_ALTA,N3
,0.538,0.424,0.66,0.894,,1787653431431.3655,28.1,-3.04,15.44,0.4613,1787653431432.5735,False,,,1,OP1,C3_WIFI_CARGA_ALTA,N3
,0.538,0.424,0.66,0.893,,1787653431456.3416,28.1,-3.04,15.44,0.4624,1787653431456.3416,False,,,1,OP1,C3_WIFI_CARGA_ALTA,N3
,0.538,0.424,0.66,0.894,,1787653431489.0393,28.1,-3.04,15.44,0.4613,1787653431489.754,False,,,1,OP1,C3_WIFI_CARGA_ALTA,N3
,0.538,0.424,0.66,0.895,,1787653431516.902,28.1,-3.04,15.44,0.4603,1787653431516.902,False,,,1,OP1,C3_WIFI_CARGA_ALTA,N3
,0.537,0.423,0.661,0.897,,1787653431563.5876,28.135,-2.96,15.38,0.4582,1787653431564.2966,False,,,1,OP1,C3_WIFI_CARGA_ALTA,N3
,0.537,0.423,0.661,0.897,,1787653431601.59,28.135,-2.96,15.38,0.4582,1787653431601.59,False,,,1,OP1,C3_WIFI_CARGA_ALTA,N3
,0.537,0.422,0.661,0.897,,1787653431627.5637,28.135,-2.96,15.32,0.4582,1787653431627.5637,False,,,1,OP1,C3_WIFI_CARGA_ALTA,N3
,0.537,0.422,0.661,0.895,,1787653431654.7856,28.135,-2.96,15.32,0.4603,1787653431655.923,False,,,1,OP1,C3_WIFI_CARGA_ALTA,N3
,0.536,0.422,0.661,0.893,,1787653431684.5752,28.135,-2.88,15.32,0.4624,1787653431689.718,False,,,1,OP1,C3_WIFI_CARGA_ALTA,N3
,0.536,0.421,0.661,0.892,,1787653431708.613,28.135,-2.88,15.26,0.4634,1787653431708.613,False,,,1,OP1,C3_WIFI_CARGA_ALTA,N3
,0.536,0.421,0.662,0.892,,1787653431900.2046,28.17,-2.88,15.26,0.4634,1787653431900.2046,False,,,1,OP1,C3_WIFI_CARGA_ALTA,N3
,0.537,0.419,0.666,0.89,,1787653431928.3162,28.31,-2.96,15.14,0.4655,1787653431928.3162,False,,,1,OP1,C3_WIFI_CARGA_ALTA,N3
,0.537,0.419,0.666,0.891,,1787653431958.6775,28.31,-2.96,15.14,0.4645,1787653431960.6848,False,,,1,OP1,C3_WIFI_CARGA_ALTA,N3
,0.537,0.419,0.666,0.892,,1787653431991.157,28.31,-2.96,15.14,0.4634,1787653431991.157,False,,,1,OP1,C3_WIFI_CARGA_ALTA,N3
,0.537,0.418,0.666,0.892,,1787653432016.3567,28.31,-2.96,15.08,0.4634,1787653432020.2505,False,,,1,OP1,C3_WIFI_CARGA_ALTA,N3
,0.536,0.418,0.667,0.892,,1787653432047.9805,28.345,-2.88,15.08,0.4634,1787653432047.9805,False,,,1,OP1,C3_WIFI_CARGA_ALTA,N3
,0.535,0.418,0.667,0.89,,1787653432101.64,28.345,-2.8,15.08,0.4655,1787653432103.5608,False,,,1,OP1,C3_WIFI_CARGA_ALTA,N3
,0.535,0.418,0.667,0.89,,1787653432130.878,28.345,-2.8,15.08,0.4655,1787653432130.878,False,,,1,OP1,C3_WIFI_CARGA_ALTA,N3
,0.534,0.418,0.667,0.888,,1787653432154.632,28.345,-2.72,15.08,0.4676,1787653432154.632,False,,,1,OP1,C3_WIFI_CARGA_ALTA,N3
,0.534,0.417,0.667,0.886,,1787653432368.1047,28.345,-2.72,15.02,0.4697,1787653432368.1047,False,,,1,OP1,C3_WIFI_CARGA_ALTA,N3
,0.534,0.415,0.67,0.879,,1787653432404.455,28.45,-2.72,14.9,0.4771,1787653432408.4817,False,,,1,OP1,C3_WIFI_CARGA_ALTA,N3
,0.534,0.415,0.67,0.88,,1787653432437.0083,28.45,-2.72,14.9,0.476,1787653432437.0083,False,,,1,OP1,C3_WIFI_CARGA_ALTA,N3
,0.533,0.417,0.664,0.879,,1787653432491.6917,28.24,-2.64,15.02,0.4771,1787653432494.0676,False,,,1,OP1,C3_WIFI_CARGA_ALTA,N3
,0.531,0.419,0.655,0.876,,1787653432538.139,27.925,-2.48,15.14,0.4802,1787653432538.139,False,,,1,OP1,C3_WIFI_CARGA_ALTA,N3
,0.53,0.42,0.652,0.876,,1787653432573.3467,27.82,-2.4,15.2,0.4802,1787653432573.3467,False,,,1,OP1,C3_WIFI_CARGA_ALTA,N3
,0.53,0.42,0.649,0.879,,1787653432603.519,27.715,-2.4,15.2,0.4771,1787653432603.519,False,,,1,OP1,C3_WIFI_CARGA_ALTA,N3
,0.53,0.421,0.648,0.88,,1787653432624.1711,27.68,-2.4,15.26,0.476,1787653432624.1711,False,,,1,OP1,C3_WIFI_CARGA_ALTA,N3
,0.529,0.421,0.647,0.881,,1787653432661.8591,27.645,-2.32,15.26,0.475,1787653432661.8591,False,,,1,OP1,C3_WIFI_CARGA_ALTA,N3
,0.529,0.421,0.647,0.88,,1787653432686.99,27.645,-2.32,15.26,0.476,1787653432690.4023,False,,,1,OP1,C3_WIFI_CARGA_ALTA,N3
,0.529,0.421,0.646,0.877,,1787653432742.4895,27.61,-2.32,15.26,0.4792,1787653432742.4895,False,,,1,OP1,C3_WIFI_CARGA_ALTA,N3
,0.529,0.421,0.646,0.874,,1787653432769.1792,27.61,-2.32,15.26,0.4823,1787653432771.1863,False,,,1,OP1,C3_WIFI_CARGA_ALTA,N3
,0.529,0.421,0.646,0.872,,1787653432937.9382,27.61,-2.32,15.26,0.4844,1787653432937.9382,False,,,1,OP1,C3_WIFI_CARGA_ALTA,N3
,0.525,0.423,0.651,0.858,,1787653432980.9866,27.785,-2.0,15.38,0.4991,1787653432983.2449,False,,,1,OP1,C3_WIFI_CARGA_ALTA,N3
,0.524,0.424,0.652,0.856,,1787653433009.9731,27.82,-1.92,15.44,0.5012,1787653433014.47,False,,,1,OP1,C3_WIFI_CARGA_ALTA,N3
,0.523,0.425,0.653,0.852,,1787653433043.5598,27.855,-1.84,15.5,0.5054,1787653433043.5598,False,,,1,OP1,C3_WIFI_CARGA_ALTA,N3
,0.521,0.426,0.654,0.842,,1787653433076.2322,27.89,-1.68,15.56,0.5159,1787653433078.914,False,,,1,OP1,C3_WIFI_CARGA_ALTA,N3
,0.518,0.427,0.656,0.832,,1787653433104.0266,27.96,-1.44,15.62,0.5264,1787653433105.7776,False,,,1,OP1,C3_WIFI_CARGA_ALTA,N3
,0.516,0.429,0.657,0.827,,1787653433129.4182,27.995,-1.28,15.74,0.5317,1787653433129.4182,False,,,1,OP1,C3_WIFI_CARGA_ALTA,N3
,0.514,0.431,0.658,0.825,,1787653433161.314,28.03,-1.12,15.86,0.5338,1787653433164.1245,False,,,1,OP1,C3_WIFI_CARGA_ALTA,N3
,0.513,0.432,0.659,0.826,,1787653433188.681,28.065,-1.04,15.92,0.5327,1787653433190.719,False,,,1,OP1,C3_WIFI_CARGA_ALTA,N3
,0.511,0.434,0.66,0.83,,1787653433211.0913,28.1,-0.88,16.04,0.5285,1787653433215.1206,False,,,1,OP1,C3_WIFI_CARGA_ALTA,N3
,0.508,0.44,0.662,0.831,,1787653433241.7212,28.17,-0.64,16.4,0.5275,1787653433246.2212,False,,,1,OP1,C3_WIFI_CARGA_ALTA,N3
,0.504,0.448,0.665,0.834,,1787653433272.3413,28.275,-0.32,16.88,0.5243,1787653433273.8518,False,,,1,OP1,C3_WIFI_CARGA_ALTA,N3
,0.501,0.456,0.667,0.837,,1787653433295.619,28.345,-0.08,17.36,0.5212,1787653433295.619,False,,,1,OP1,C3_WIFI_CARGA_ALTA,N3
,0.491,0.475,0.683,0.84,,1787653433478.2898,28.905,0.72,18.5,0.518,1787653433482.3057,False,,,1,OP1,C3_WIFI_CARGA_ALTA,N3
,0.47,0.504,0.711,0.852,,1787653433512.595,29.885,2.4,20.24,0.5054,1787653433514.1362,False,,,1,OP1,C3_WIFI_CARGA_ALTA,N3
,0.465,0.509,0.708,0.856,,1787653433546.0564,29.78,2.8,20.54,0.5012,1787653433548.071,False,,,1,OP1,C3_WIFI_CARGA_ALTA,N3
,0.459,0.513,0.705,0.86,,1787653433578.29,29.675,3.28,20.78,0.497,1787653433578.29,False,,,1,OP1,C3_WIFI_CARGA_ALTA,N3
,0.454,0.514,0.704,0.862,,1787653433606.7795,29.64,3.68,20.84,0.4949,1787653433606.7795,False,,,1,OP1,C3_WIFI_CARGA_ALTA,N3
,0.45,0.514,0.703,0.865,,1787653433634.6335,29.605,4.0,20.84,0.4918,1787653433634.6335,False,,,1,OP1,C3_WIFI_CARGA_ALTA,N3
,0.446,0.514,0.702,0.874,,1787653433677.2876,29.57,4.32,20.84,0.4823,1787653433677.2876,False,,,1,OP1,C3_WIFI_CARGA_ALTA,N3
,0.444,0.515,0.702,0.881,,1787653433715.6963,29.57,4.48,20.9,0.475,1787653433715.6963,False,,,1,OP1,C3_WIFI_CARGA_ALTA,N3
,0.44,0.517,0.701,0.89,,1787653433745.8,29.535,4.8,21.02,0.4655,1787653433747.8088,False,,,1,OP1,C3_WIFI_CARGA_ALTA,N3
,0.439,0.518,0.701,0.905,,1787653433801.6836,29.535,4.88,21.08,0.4498,1787653433801.6836,False,,,1,OP1,C3_WIFI_CARGA_ALTA,N3
,0.44,0.518,0.702,0.909,,1787653433828.9836,29.57,4.8,21.08,0.4456,1787653433831.9,False,,,1,OP1,C3_WIFI_CARGA_ALTA,N3
,0.443,0.519,0.703,0.913,,1787653433878.4646,29.605,4.56,21.14,0.4414,1787653433880.4763,False,,,1,OP1,C3_WIFI_CARGA_ALTA,N3
,0.446,0.521,0.703,0.912,,1787653433911.6416,29.605,4.32,21.26,0.4424,1787653433911.6416,False,,,1,OP1,C3_WIFI_CARGA_ALTA,N3
,0.455,0.526,0.702,0.894,,1787653433955.9775,29.57,3.6,21.56,0.4613,1787653433955.9775,False,,,1,OP1,C3_WIFI_CARGA_ALTA,N3
,0.459,0.528,0.702,0.881,,1787653433983.6843,29.57,3.28,21.68,0.475,1787653433985.8467,False,,,1,OP1,C3_WIFI_CARGA_ALTA,N3
,0.461,0.529,0.702,0.868,,1787653434016.9329,29.57,3.12,21.74,0.4886,1787653434018.593,False,,,1,OP1,C3_WIFI_CARGA_ALTA,N3
,0.464,0.53,0.701,0.865,,1787653434048.7058,29.535,2.88,21.8,0.4918,1787653434048.7058,False,,,1,OP1,C3_WIFI_CARGA_ALTA,N3
,0.466,0.53,0.701,0.862,,1787653434081.5122,29.535,2.72,21.8,0.4949,1787653434081.5122,False,,,1,OP1,C3_WIFI_CARGA_ALTA,N3
,0.468,0.531,0.7,0.86,,1787653434102.4917,29.5,2.56,21.86,0.497,1787653434103.093,False,,,1,OP1,C3_WIFI_CARGA_ALTA,N3
,0.469,0.531,0.699,0.859,,1787653434135.5193,29.465,2.48,21.86,0.4981,1787653434135.5193,False,,,1,OP1,C3_WIFI_CARGA_ALTA,N3
,0.475,0.532,0.694,0.863,,1787653434187.265,29.29,2.0,21.92,0.4939,1787653434187.265,False,,,1,OP1,C3_WIFI_CARGA_ALTA,N3
,0.478,0.532,0.691,0.867,,1787653434219.3174,29.185,1.76,21.92,0.4897,1787653434219.3174,False,,,1,OP1,C3_WIFI_CARGA_ALTA,N3
,0.481,0.534,0.687,0.871,,1787653434246.8289,29.045,1.52,22.04,0.4855,1787653434248.843,False,,,1,OP1,C3_WIFI_CARGA_ALTA,N3
,0.484,0.537,0.682,0.875,,1787653434272.504,28.87,1.28,22.22,0.4813,1787653434272.504,False,,,1,OP1,C3_WIFI_CARGA_ALTA,N3
,0.492,0.541,0.668,0.884,,1787653434322.5625,28.38,0.64,22.46,0.4718,1787653434326.1729,False,,,1,OP1,C3_WIFI_CARGA_ALTA,N3
,0.496,0.541,0.663,0.887,,1787653434355.1184,28.205,0.32,22.46,0.4687,1787653434355.1184,False,,,1,OP1,C3_WIFI_CARGA_ALTA,N3
,0.5,0.541,0.66,0.889,,1787653434385.13,28.1,0.0,22.46,0.4666,1787653434387.1416,False,,,1,OP1,C3_WIFI_CARGA_ALTA,N3
,0.512,0.536,0.657,0.9,,1787653434440.625,27.995,-0.96,22.16,0.455,1787653434440.625,False,,,1,OP1,C3_WIFI_CARGA_ALTA,N3
,0.52,0.529,0.652,0.912,,1787653434488.1003,27.82,-1.6,21.74,0.4424,1787653434488.1003,False,,,1,OP1,C3_WIFI_CARGA_ALTA,N3
,0.522,0.525,0.648,0.917,,1787653434520.0503,27.68,-1.76,21.5,0.4372,1787653434520.0503,False,,,1,OP1,C3_WIFI_CARGA_ALTA,N3
,0.524,0.521,0.645,0.922,,1787653434553.81,27.575,-1.92,21.26,0.4319,1787653434554.6765,False,,,1,OP1,C3_WIFI_CARGA_ALTA,N3
,0.527,0.512,0.631,0.942,,1787653434608.0242,27.085,-2.16,20.72,0.4109,1787653434608.0242,False,,,1,OP1,C3_WIFI_CARGA_ALTA,N3
,0.527,0.508,0.624,0.949,,1787653434633.5164,26.84,-2.16,20.48,0.4036,1787653434637.777,False,,,1,OP1,C3_WIFI_CARGA_ALTA,N3
,0.526,0.506,0.611,0.951,,1787653434688.9658,26.385,-2.08,20.36,0.4015,1787653434688.9658,False,,,1,OP1,C3_WIFI_CARGA_ALTA,N3
,0.524,0.505,0.604,0.948,,1787653434719.1638,26.14,-1.92,20.3,0.4046,1787653434721.1785,False,,,1,OP1,C3_WIFI_CARGA_ALTA,N3
,0.515,0.506,0.578,0.937,,1787653434775.7925,25.23,-1.2,20.36,0.4162,1787653434775.7925,False,,,1,OP1,C3_WIFI_CARGA_ALTA,N3
,0.504,0.512,0.542,0.923,,1787653434821.8457,23.97,-0.32,20.72,0.4309,1787653434823.8574,False,,,1,OP1,C3_WIFI_CARGA_ALTA,N3
,0.498,0.515,0.522,0.914,,1787653434857.871,23.27,0.16,20.9,0.4403,1787653434857.871,False,,,1,OP1,C3_WIFI_CARGA_ALTA,N3
,0.489,0.519,0.511,0.905,,1787653434886.9312,22.885,0.88,21.14,0.4498,1787653434886.9312,False,,,1,OP1,C3_WIFI_CARGA_ALTA,N3
,0.478,0.525,0.506,0.898,,1787653434940.7822,22.71,1.76,21.5,0.4571,1787653434943.5386,False,,,1,OP1,C3_WIFI_CARGA_ALTA,N3
,0.47,0.532,0.493,0.907,,1787653434991.5005,22.255,2.4,21.92,0.4476,1787653434991.5005,False,,,1,OP1,C3_WIFI_CARGA_ALTA,N3
,0.472,0.53,0.49,0.911,,1787653435026.5298,22.15,2.24,21.8,0.4435,1787653435028.164,False,,,1,OP1,C3_WIFI_CARGA_ALTA,N3
,0.475,0.525,0.486,0.913,,1787653435053.86,22.01,2.0,21.5,0.4414,1787653435053.86,False,,,1,OP1,C3_WIFI_CARGA_ALTA,N3
,0.484,0.515,0.469,0.91,,1787653435094.577,21.415,1.28,20.9,0.4445,1787653435096.432,False,,,1,OP1,C3_WIFI_CARGA_ALTA,N3
,0.487,0.512,0.459,0.905,,1787653435127.9585,21.065,1.04,20.72,0.4498,1787653435129.1587,False,,,1,OP1,C3_WIFI_CARGA_ALTA,N3
,0.487,0.508,0.437,0.901,,1787653435284.5264,20.295,1.04,20.48,0.454,1787653435284.5264,False,,,1,OP1,C3_WIFI_CARGA_ALTA,N3
,0.49,0.457,0.364,0.881,,1787653435326.5244,17.74,0.8,17.42,0.475,1787653435328.3677,False,,,1,OP1,C3_WIFI_CARGA_ALTA,N3
,0.491,0.447,0.361,0.877,,1787653435360.4192,17.635,0.72,16.82,0.4792,1787653435360.4192,False,,,1,OP1,C3_WIFI_CARGA_ALTA,N3
,0.492,0.441,0.359,0.875,,1787653435389.7458,17.565,0.64,16.46,0.4813,1787653435389.7458,False,,,1,OP1,C3_WIFI_CARGA_ALTA,N3
,0.492,0.437,0.358,0.869,,1787653435435.0493,17.53,0.64,16.22,0.4876,1787653435436.0847,False,,,1,OP1,C3_WIFI_CARGA_ALTA,N3
,0.491,0.437,0.358,0.867,,1787653435461.3408,17.53,0.72,16.22,0.4897,1787653435461.3408,False,,,1,OP1,C3_WIFI_CARGA_ALTA,N3
,0.491,0.438,0.358,0.866,,1787653435491.6511,17.53,0.72,16.28,0.4907,1787653435491.6511,False,,,1,OP1,C3_WIFI_CARGA_ALTA,N3
,0.488,0.444,0.355,0.866,,1787653435526.4954,17.425,0.96,16.64,0.4907,1787653435528.5044,False,,,1,OP1,C3_WIFI_CARGA_ALTA,N3
,0.485,0.451,0.354,0.865,,1787653435695.0935,17.39,1.2,17.06,0.4918,1787653435695.0935,False,,,1,OP1,C3_WIFI_CARGA_ALTA,N3
,0.486,0.468,0.348,0.856,,1787653435722.678,17.18,1.12,18.08,0.5012,1787653435723.6785,False,,,1,OP1,C3_WIFI_CARGA_ALTA,N3
,0.497,0.466,0.345,0.854,,1787653435765.58,17.075,0.24,17.96,0.5033,1787653435768.1064,False,,,1,OP1,C3_WIFI_CARGA_ALTA,N3
,0.501,0.465,0.342,0.854,,1787653435799.8948,16.97,-0.08,17.9,0.5033,1787653435801.4597,False,,,1,OP1,C3_WIFI_CARGA_ALTA,N3
,0.505,0.464,0.34,0.855,,1787653435953.8755,16.9,-0.4,17.84,0.5023,1787653435953.8755,False,,,1,OP1,C3_WIFI_CARGA_ALTA,N3
,0.516,0.459,0.338,0.861,,1787653435994.5938,16.83,-1.28,17.54,0.496,1787653435994.5938,False,,,1,OP1,C3_WIFI_CARGA_ALTA,N3
,0.516,0.46,0.338,0.863,,1787653436027.2893,16.83,-1.28,17.6,0.4939,1787653436031.0356,False,,,1,OP1,C3_WIFI_CARGA_ALTA,N3
,0.516,0.461,0.338,0.872,,1787653436075.472,16.83,-1.28,17.66,0.4844,1787653436075.472,False,,,1,OP1,C3_WIFI_CARGA_ALTA,N3
,0.515,0.462,0.337,0.876,,1787653436103.788,16.795,-1.2,17.72,0.4802,1787653436104.6013,False,,,1,OP1,C3_WIFI_CARGA_ALTA,N3
,0.513,0.466,0.336,0.88,,1787653436136.922,16.76,-1.04,17.96,0.476,1787653436138.1318,False,,,1,OP1,C3_WIFI_CARGA_ALTA,N3
,0.511,0.469,0.337,0.882,,1787653436159.317,16.795,-0.88,18.14,0.4739,1787653436159.317,False,,,1,OP1,C3_WIFI_CARGA_ALTA,N3
,0.51,0.471,0.337,0.882,,1787653436195.4624,16.795,-0.8,18.26,0.4739,1787653436197.4744,False,,,1,OP1,C3_WIFI_CARGA_ALTA,N3
,0.508,0.473,0.335,0.879,,1787653436223.9814,16.725,-0.64,18.38,0.4771,1787653436223.9814,False,,,1,OP1,C3_WIFI_CARGA_ALTA,N3
,0.507,0.474,0.337,0.869,,1787653436268.465,16.795,-0.56,18.44,0.4876,1787653436272.605,False,,,1,OP1,C3_WIFI_CARGA_ALTA,N3
,0.507,0.474,0.337,0.868,,1787653436306.276,16.795,-0.56,18.44,0.4886,1787653436306.9048,False,,,1,OP1,C3_WIFI_CARGA_ALTA,N3
,0.506,0.475,0.337,0.866,,1787653436331.5833,16.795,-0.48,18.5,0.4907,1787653436331.5833,False,,,1,OP1,C3_WIFI_CARGA_ALTA,N3
,0.506,0.475,0.338,0.864,,1787653436364.3003,16.83,-0.48,18.5,0.4928,1787653436364.3003,False,,,1,OP1,C3_WIFI_CARGA_ALTA,N3
,0.506,0.476,0.338,0.864,,1787653436485.2502,16.83,-0.48,18.56,0.4928,1787653436489.2395,False,,,1,OP1,C3_WIFI_CARGA_ALTA,N3
,0.506,0.479,0.34,0.857,,1787653436626.1853,16.9,-0.48,18.74,0.5002,1787653436626.1853,False,,,1,OP1,C3_WIFI_CARGA_ALTA,N3
,0.51,0.478,0.343,0.877,,1787653436666.982,17.005,-0.8,18.68,0.4792,1787653436668.9973,False,,,1,OP1,C3_WIFI_CARGA_ALTA,N3
,0.51,0.477,0.343,0.88,,1787653436699.5652,17.005,-0.8,18.62,0.476,1787653436699.5652,False,,,1,OP1,C3_WIFI_CARGA_ALTA,N3
,0.508,0.476,0.343,0.883,,1787653436723.0266,17.005,-0.64,18.56,0.4729,1787653436727.1938,False,,,1,OP1,C3_WIFI_CARGA_ALTA,N3
,0.504,0.474,0.34,0.884,,1787653436774.9429,16.9,-0.32,18.44,0.4718,1787653436776.5476,False,,,1,OP1,C3_WIFI_CARGA_ALTA,N3
,0.501,0.474,0.338,0.882,,1787653436806.8289,16.83,-0.08,18.44,0.4739,1787653436806.8289,False,,,1,OP1,C3_WIFI_CARGA_ALTA,N3
,0.499,0.473,0.337,0.878,,1787653436836.3184,16.795,0.08,18.38,0.4781,1787653436836.3184,False,,,1,OP1,C3_WIFI_CARGA_ALTA,N3
,0.497,0.472,0.337,0.872,,1787653436864.1814,16.795,0.24,18.32,0.4844,1787653436864.1814,False,,,1,OP1,C3_WIFI_CARGA_ALTA,N3
,0.496,0.471,0.337,0.865,,1787653436892.7512,16.795,0.32,18.26,0.4918,1787653436892.7512,False,,,1,OP1,C3_WIFI_CARGA_ALTA,N3
,0.494,0.469,0.339,0.857,,1787653436941.5498,16.865,0.48,18.14,0.5002,1787653436945.9724,False,,,1,OP1,C3_WIFI_CARGA_ALTA,N3
,0.494,0.468,0.34,0.856,,1787653436975.1533,16.9,0.48,18.08,0.5012,1787653436975.1533,False,,,1,OP1,C3_WIFI_CARGA_ALTA,N3
,0.494,0.468,0.341,0.854,,1787653437001.8645,16.935,0.48,18.08,0.5033,1787653437002.5747,False,,,1,OP1,C3_WIFI_CARGA_ALTA,N3
,0.493,0.467,0.341,0.853,,1787653437031.4536,16.935,0.56,18.02,0.5044,1787653437032.469,False,,,1,OP1,C3_WIFI_CARGA_ALTA,N3
,0.493,0.467,0.341,0.851,,1787653437078.4128,16.935,0.56,18.02,0.5065,1787653437079.328,False,,,1,OP1,C3_WIFI_CARGA_ALTA,N3
,0.493,0.468,0.341,0.851,,1787653437113.783,16.935,0.56,18.08,0.5065,1787653437114.1497,False,,,1,OP1,C3_WIFI_CARGA_ALTA,N3
,0.493,0.468,0.34,0.851,,1787653437142.465,16.9,0.56,18.08,0.5065,1787653437142.465,False,,,1,OP1,C3_WIFI_CARGA_ALTA,N3
,0.495,0.468,0.339,0.85,,1787653437169.7231,16.865,0.4,18.08,0.5075,1787653437169.7231,False,,,1,OP1,C3_WIFI_CARGA_ALTA,N3
,0.499,0.469,0.339,0.849,,1787653437195.5386,16.865,0.08,18.14,0.5086,1787653437201.1704,False,,,1,OP1,C3_WIFI_CARGA_ALTA,N3
,0.504,0.47,0.34,0.846,,1787653437244.84,16.9,-0.32,18.2,0.5117,1787653437245.395,False,,,1,OP1,C3_WIFI_CARGA_ALTA,N3
,0.505,0.471,0.34,0.847,,1787653437276.5356,16.9,-0.4,18.26,0.5107,1787653437276.5356,False,,,1,OP1,C3_WIFI_CARGA_ALTA,N3
,0.506,0.473,0.339,0.849,,1787653437297.6067,16.865,-0.48,18.38,0.5086,1787653437297.6067,False,,,1,OP1,C3_WIFI_CARGA_ALTA,N3
,0.507,0.476,0.337,0.853,,1787653437336.9028,16.795,-0.56,18.56,0.5044,1787653437338.9185,False,,,1,OP1,C3_WIFI_CARGA_ALTA,N3
,0.507,0.477,0.335,0.856,,1787653437363.8638,16.725,-0.56,18.62,0.5012,1787653437363.8638,False,,,1,OP1,C3_WIFI_CARGA_ALTA,N3
,0.507,0.478,0.333,0.861,,1787653437410.8577,16.655,-0.56,18.68,0.496,1787653437410.8577,False,,,1,OP1,C3_WIFI_CARGA_ALTA,N3
,0.506,0.478,0.332,0.862,,1787653437448.3735,16.62,-0.48,18.68,0.4949,1787653437448.3735,False,,,1,OP1,C3_WIFI_CARGA_ALTA,N3
,0.506,0.478,0.332,0.862,,1787653437476.4707,16.62,-0.48,18.68,0.4949,1787653437476.4707,False,,,1,OP1,C3_WIFI_CARGA_ALTA,N3
,0.506,0.479,0.331,0.862,,1787653437506.4636,16.585,-0.48,18.74,0.4949,1787653437506.4636,False,,,1,OP1,C3_WIFI_CARGA_ALTA,N3
,0.506,0.478,0.331,0.863,,1787653437531.4976,16.585,-0.48,18.68,0.4939,1787653437536.2988,False,,,1,OP1,C3_WIFI_CARGA_ALTA,N3
,0.505,0.478,0.331,0.863,,1787653437551.648,16.585,-0.4,18.68,0.4939,1787653437552.4685,False,,,1,OP1,C3_WIFI_CARGA_ALTA,N3
,0.505,0.477,0.331,0.864,,1787653437578.981,16.585,-0.4,18.62,0.4928,1787653437583.078,False,,,1,OP1,C3_WIFI_CARGA_ALTA,N3
,0.504,0.476,0.331,0.865,,1787653437613.6226,16.585,-0.32,18.56,0.4918,1787653437613.6226,False,,,1,OP1,C3_WIFI_CARGA_ALTA,N3
,0.504,0.476,0.331,0.865,,1787653437634.7202,16.585,-0.32,18.56,0.4918,1787653437637.683,False,,,1,OP1,C3_WIFI_CARGA_ALTA,N3
,0.503,0.476,0.332,0.866,,1787653437672.1936,16.62,-0.24,18.56,0.4907,1787653437672.1936,False,,,1,OP1,C3_WIFI_CARGA_ALTA,N3
,0.503,0.475,0.333,0.867,,1787653437700.0088,16.655,-0.24,18.5,0.4897,1787653437701.527,False,,,1,OP1,C3_WIFI_CARGA_ALTA,N3
,0.503,0.475,0.333,0.868,,1787653437867.1753,16.655,-0.24,18.5,0.4886,1787653437867.1753,False,,,1,OP1,C3_WIFI_CARGA_ALTA,N3
,0.506,0.474,0.336,0.872,,1787653437894.3804,16.76,-0.48,18.44,0.4844,1787653437897.8496,False,,,1,OP1,C3_WIFI_CARGA_ALTA,N3
,0.506,0.475,0.336,0.871,,1787653437914.691,16.76,-0.48,18.5,0.4855,1787653437914.691,False,,,1,OP1,C3_WIFI_CARGA_ALTA,N3
,0.507,0.475,0.337,0.871,,1787653437943.378,16.795,-0.56,18.5,0.4855,1787653437944.3904,False,,,1,OP1,C3_WIFI_CARGA_ALTA,N3
,0.508,0.474,0.337,0.871,,1787653437964.1997,16.795,-0.64,18.44,0.4855,1787653437964.1997,False,,,1,OP1,C3_WIFI_CARGA_ALTA,N3
,0.509,0.474,0.338,0.871,,1787653438006.6802,16.83,-0.72,18.44,0.4855,1787653438007.7002,False,,,1,OP1,C3_WIFI_CARGA_ALTA,N3
,0.51,0.475,0.338,0.87,,1787653438033.394,16.83,-0.8,18.5,0.4865,1787653438033.394,False,,,1,OP1,C3_WIFI_CARGA_ALTA,N3
,0.513,0.475,0.338,0.867,,1787653438084.4272,16.83,-1.04,18.5,0.4897,1787653438084.4272,False,,,1,OP1,C3_WIFI_CARGA_ALTA,N3
,0.514,0.474,0.338,0.865,,1787653438116.8804,16.83,-1.12,18.44,0.4918,1787653438116.8804,False,,,1,OP1,C3_WIFI_CARGA_ALTA,N3
,0.515,0.474,0.337,0.863,,1787653438172.8694,16.795,-1.2,18.44,0.4939,1787653438173.7578,False,,,1,OP1,C3_WIFI_CARGA_ALTA,N3
,0.515,0.474,0.337,0.863,,1787653438219.0786,16.795,-1.2,18.44,0.4939,1787653438219.8027,False,,,1,OP1,C3_WIFI_CARGA_ALTA,N3
,0.515,0.474,0.336,0.862,,1787653438389.2102,16.76,-1.2,18.44,0.4949,1787653438389.2102,False,,,1,OP1,C3_WIFI_CARGA_ALTA,N3
,0.514,0.473,0.338,0.86,,1787653438549.6233,16.83,-1.12,18.38,0.497,1787653438549.6233,False,,,1,OP1,C3_WIFI_CARGA_ALTA,N3
,0.513,0.47,0.34,0.87,,1787653438585.6829,16.9,-1.04,18.2,0.4865,1787653438585.6829,False,,,1,OP1,C3_WIFI_CARGA_ALTA,N3
,0.513,0.47,0.34,0.873,,1787653438617.6355,16.9,-1.04,18.2,0.4834,1787653438617.6355,False,,,1,OP1,C3_WIFI_CARGA_ALTA,N3
,0.514,0.469,0.34,0.874,,1787653438674.4475,16.9,-1.12,18.14,0.4823,1787653438674.4475,False,,,1,OP1,C3_WIFI_CARGA_ALTA,N3
,0.514,0.469,0.34,0.874,,1787653438839.8342,16.9,-1.12,18.14,0.4823,1787653438839.8342,False,,,1,OP1,C3_WIFI_CARGA_ALTA,N3
,0.511,0.467,0.34,0.872,,1787653438892.1746,16.9,-0.88,18.02,0.4844,1787653438893.6023,False,,,1,OP1,C3_WIFI_CARGA_ALTA,N3
,0.511,0.466,0.341,0.875,,1787653438922.5437,16.935,-0.88,17.96,0.4813,1787653438922.5437,False,,,1,OP1,C3_WIFI_CARGA_ALTA,N3
,0.511,0.466,0.341,0.876,,1787653438951.535,16.935,-0.88,17.96,0.4802,1787653438953.547,False,,,1,OP1,C3_WIFI_CARGA_ALTA,N3
,0.51,0.466,0.341,0.878,,1787653438980.7676,16.935,-0.8,17.96,0.4781,1787653438981.7664,False,,,1,OP1,C3_WIFI_CARGA_ALTA,N3
,0.51,0.466,0.341,0.878,,1787653439008.5168,16.935,-0.8,17.96,0.4781,1787653439011.6226,False,,,1,OP1,C3_WIFI_CARGA_ALTA,N3
,0.511,0.466,0.341,0.876,,1787653439057.7148,16.935,-0.88,17.96,0.4802,1787653439059.9998,False,,,1,OP1,C3_WIFI_CARGA_ALTA,N3
,0.511,0.465,0.342,0.874,,1787653439090.7856,16.97,-0.88,17.9,0.4823,1787653439090.7856,False,,,1,OP1,C3_WIFI_CARGA_ALTA,N3
,0.512,0.465,0.342,0.873,,1787653439119.136,16.97,-0.96,17.9,0.4834,1787653439119.136,False,,,1,OP1,C3_WIFI_CARGA_ALTA,N3
,0.512,0.465,0.343,0.871,,1787653439147.6018,17.005,-0.96,17.9,0.4855,1787653439149.615,False,,,1,OP1,C3_WIFI_CARGA_ALTA,N3
,0.512,0.465,0.343,0.872,,1787653439191.0957,17.005,-0.96,17.9,0.4844,1787653439191.0957,False,,,1,OP1,C3_WIFI_CARGA_ALTA,N3
,0.512,0.465,0.344,0.874,,1787653439226.3457,17.04,-0.96,17.9,0.4823,1787653439230.625,False,,,1,OP1,C3_WIFI_CARGA_ALTA,N3
,0.512,0.466,0.344,0.876,,1787653439258.6924,17.04,-0.96,17.96,0.4802,1787653439258.6924,False,,,1,OP1,C3_WIFI_CARGA_ALTA,N3
,0.512,0.466,0.344,0.878,,1787653439285.3726,17.04,-0.96,17.96,0.4781,1787653439287.3845,False,,,1,OP1,C3_WIFI_CARGA_ALTA,N3
,0.512,0.467,0.344,0.879,,1787653439313.036,17.04,-0.96,18.02,0.4771,1787653439313.036,False,,,1,OP1,C3_WIFI_CARGA_ALTA,N3
,0.512,0.467,0.345,0.88,,1787653439340.5193,17.075,-0.96,18.02,0.476,1787653439340.5193,False,,,1,OP1,C3_WIFI_CARGA_ALTA,N3
,0.511,0.468,0.344,0.88,,1787653439362.7778,17.04,-0.88,18.08,0.476,1787653439364.535,False,,,1,OP1,C3_WIFI_CARGA_ALTA,N3
,0.511,0.469,0.344,0.879,,1787653439394.6897,17.04,-0.88,18.14,0.4771,1787653439399.179,False,,,1,OP1,C3_WIFI_CARGA_ALTA,N3
,0.51,0.469,0.343,0.878,,1787653439424.1912,17.005,-0.8,18.14,0.4781,1787653439424.1912,False,,,1,OP1,C3_WIFI_CARGA_ALTA,N3
,0.51,0.47,0.343,0.876,,1787653439455.6228,17.005,-0.8,18.2,0.4802,1787653439457.1353,False,,,1,OP1,C3_WIFI_CARGA_ALTA,N3
,0.51,0.47,0.343,0.876,,1787653439481.8098,17.005,-0.8,18.2,0.4802,1787653439481.8098,False,,,1,OP1,C3_WIFI_CARGA_ALTA,N3
,0.51,0.469,0.344,0.875,,1787653439506.1643,17.04,-0.8,18.14,0.4813,1787653439509.4172,False,,,1,OP1,C3_WIFI_CARGA_ALTA,N3
,0.51,0.469,0.344,0.875,,1787653439527.6816,17.04,-0.8,18.14,0.4813,1787653439529.3438,False,,,1,OP1,C3_WIFI_CARGA_ALTA,N3
,0.509,0.47,0.344,0.874,,1787653439560.2898,17.04,-0.72,18.2,0.4823,1787653439561.3015,False,,,1,OP1,C3_WIFI_CARGA_ALTA,N3
,0.509,0.47,0.343,0.874,,1787653439591.1692,17.005,-0.72,18.2,0.4823,1787653439591.1692,False,,,1,OP1,C3_WIFI_CARGA_ALTA,N3
,0.509,0.47,0.344,0.874,,1787653439622.2437,17.04,-0.72,18.2,0.4823,1787653439622.2437,False,,,1,OP1,C3_WIFI_CARGA_ALTA,N3
,0.508,0.47,0.343,0.873,,1787653439648.168,17.005,-0.64,18.2,0.4834,1787653439649.939,False,,,1,OP1,C3_WIFI_CARGA_ALTA,N3
,0.508,0.471,0.343,0.873,,1787653439676.3254,17.005,-0.64,18.26,0.4834,1787653439677.4272,False,,,1,OP1,C3_WIFI_CARGA_ALTA,N3
,0.508,0.471,0.342,0.874,,1787653439719.5803,16.97,-0.64,18.26,0.4823,1787653439719.5803,False,,,1,OP1,C3_WIFI_CARGA_ALTA,N3
,0.508,0.471,0.342,0.873,,1787653439758.548,16.97,-0.64,18.26,0.4834,1787653439758.548,False,,,1,OP1,C3_WIFI_CARGA_ALTA,N3
,0.508,0.471,0.341,0.874,,1787653439954.7874,16.935,-0.64,18.26,0.4823,1787653439954.7874,False,,,1,OP1,C3_WIFI_CARGA_ALTA,N3
,0.508,0.473,0.34,0.867,,1787653439998.1252,16.9,-0.64,18.38,0.4897,1787653440001.2349,False,,,1,OP1,C3_WIFI_CARGA_ALTA,N3
,0.508,0.473,0.34,0.867,,1787653440037.782,16.9,-0.64,18.38,0.4897,1787653440039.1904,False,,,1,OP1,C3_WIFI_CARGA_ALTA,N3
,0.509,0.473,0.34,0.867,,1787653440093.0935,16.9,-0.72,18.38,0.4897,1787653440094.8457,False,,,1,OP1,C3_WIFI_CARGA_ALTA,N3
,0.509,0.473,0.34,0.866,,1787653440122.0913,16.9,-0.72,18.38,0.4907,1787653440122.0913,False,,,1,OP1,C3_WIFI_CARGA_ALTA,N3
,0.509,0.472,0.34,0.865,,1787653440167.0012,16.9,-0.72,18.32,0.4918,1787653440167.0012,False,,,1,OP1,C3_WIFI_CARGA_ALTA,N3
,0.509,0.472,0.341,0.864,,1787653440201.22,16.935,-0.72,18.32,0.4928,1787653440201.22,False,,,1,OP1,C3_WIFI_CARGA_ALTA,N3
,0.508,0.472,0.341,0.868,,1787653440226.7344,16.935,-0.64,18.32,0.4886,1787653440231.0227,False,,,1,OP1,C3_WIFI_CARGA_ALTA,N3
,0.508,0.473,0.341,0.879,,1787653440260.7493,16.935,-0.64,18.38,0.4771,1787653440260.7493,False,,,1,OP1,C3_WIFI_CARGA_ALTA,N3
,0.508,0.473,0.341,0.965,,1787653440286.518,16.935,-0.64,18.38,0.3868,1787653440290.096,False,,,1,OP1,C3_WIFI_CARGA_ALTA,N3
,0.508,0.474,0.342,1.0,,1787653440310.1345,16.97,-0.64,18.44,0.35,1787653440310.1345,False,,,1,OP1,C3_WIFI_CARGA_ALTA,N3
,0.506,0.475,0.342,1.0,,1787653440332.4692,16.97,-0.48,18.5,0.35,1787653440332.4692,False,,,1,OP1,C3_WIFI_CARGA_ALTA,N3
,0.506,0.475,0.342,1.0,,1787653440368.2468,16.97,-0.48,18.5,0.35,1787653440370.2473,False,,,1,OP1,C3_WIFI_CARGA_ALTA,N3
,0.505,0.475,0.34,1.0,,1787653440396.787,16.9,-0.4,18.5,0.35,1787653440396.787,False,,,1,OP1,C3_WIFI_CARGA_ALTA,N3
,0.505,0.475,0.339,1.0,,1787653440428.4558,16.865,-0.4,18.5,0.35,1787653440428.4558,False,,,1,OP1,C3_WIFI_CARGA_ALTA,N3
,0.504,0.476,0.338,1.0,,1787653440454.4968,16.83,-0.32,18.56,0.35,1787653440454.4968,False,,,1,OP1,C3_WIFI_CARGA_ALTA,N3
,0.503,0.477,0.336,1.0,,1787653440481.0806,16.76,-0.24,18.62,0.35,1787653440481.0806,False,,,1,OP1,C3_WIFI_CARGA_ALTA,N3
,0.503,0.477,0.336,1.0,,1787653440501.6477,16.76,-0.24,18.62,0.35,1787653440505.3552,False,,,1,OP1,C3_WIFI_CARGA_ALTA,N3
,0.503,0.477,0.335,1.0,,1787653440537.968,16.725,-0.24,18.62,0.35,1787653440539.9785,False,,,1,OP1,C3_WIFI_CARGA_ALTA,N3
,0.503,0.477,0.335,1.0,,1787653440565.7131,16.725,-0.24,18.62,0.35,1787653440565.7131,False,,,1,OP1,C3_WIFI_CARGA_ALTA,N3
,0.503,0.477,0.334,1.0,,1787653440595.7195,16.69,-0.24,18.62,0.35,1787653440595.7195,False,,,1,OP1,C3_WIFI_CARGA_ALTA,N3
,0.503,0.476,0.334,1.0,,1787653440650.5552,16.69,-0.24,18.56,0.35,1787653440651.705,False,,,1,OP1,C3_WIFI_CARGA_ALTA,N3
,0.503,0.475,0.334,1.0,,1787653440692.5315,16.69,-0.24,18.5,0.35,1787653440693.6353,False,,,1,OP1,C3_WIFI_CARGA_ALTA,N3
,0.503,0.475,0.334,1.0,,1787653440733.4238,16.69,-0.24,18.5,0.35,1787653440735.4387,False,,,1,OP1,C3_WIFI_CARGA_ALTA,N3
,0.503,0.474,0.334,1.0,,1787653440762.1045,16.69,-0.24,18.44,0.35,1787653440763.102,False,,,1,OP1,C3_WIFI_CARGA_ALTA,N3
,0.502,0.474,0.334,1.0,,1787653440791.4573,16.69,-0.16,18.44,0.35,1787653440793.4736,False,,,1,OP1,C3_WIFI_CARGA_ALTA,N3
,0.502,0.475,0.332,1.0,,1787653440844.131,16.62,-0.16,18.5,0.35,1787653440844.131,False,,,1,OP1,C3_WIFI_CARGA_ALTA,N3
,0.501,0.475,0.332,1.0,,1787653440866.3477,16.62,-0.08,18.5,0.35,1787653440866.3477,False,,,1,OP1,C3_WIFI_CARGA_ALTA,N3
,0.501,0.475,0.332,1.0,,1787653440899.9917,16.62,-0.08,18.5,0.35,1787653440899.9917,False,,,1,OP1,C3_WIFI_CARGA_ALTA,N3
,0.501,0.476,0.332,1.0,,1787653440928.9468,16.62,-0.08,18.56,0.35,1787653440931.0503,False,,,1,OP1,C3_WIFI_CARGA_ALTA,N3
,0.501,0.476,0.332,1.0,,1787653440955.1775,16.62,-0.08,18.56,0.35,1787653440955.1775,False,,,1,OP1,C3_WIFI_CARGA_ALTA,N3
,0.501,0.476,0.333,1.0,,1787653441005.5825,16.655,-0.08,18.56,0.35,1787653441005.5825,False,,,1,OP1,C3_WIFI_CARGA_ALTA,N3
,0.501,0.475,0.333,1.0,,1787653441036.82,16.655,-0.08,18.5,0.35,1787653441039.0237,False,,,1,OP1,C3_WIFI_CARGA_ALTA,N3
,0.5,0.475,0.333,1.0,,1787653441064.8877,16.655,0.0,18.5,0.35,1787653441064.8877,False,,,1,OP1,C3_WIFI_CARGA_ALTA,N3
,0.5,0.475,0.332,1.0,,1787653441096.8557,16.62,0.0,18.5,0.35,1787653441096.8557,False,,,1,OP1,C3_WIFI_CARGA_ALTA,N3
,0.5,0.475,0.331,1.0,,1787653441263.182,16.585,0.0,18.5,0.35,1787653441265.208,False,,,1,OP1,C3_WIFI_CARGA_ALTA,N3
,0.5,0.475,0.328,1.0,,1787653441448.6345,16.48,0.0,18.5,0.35,1787653441448.6345,False,,,1,OP1,C3_WIFI_CARGA_ALTA,N3
,0.499,0.473,0.327,1.0,,1787653441476.0674,16.445,0.08,18.38,0.35,1787653441476.0674,False,,,1,OP1,C3_WIFI_CARGA_ALTA,N3
,0.5,0.469,0.326,1.0,,1787653441510.162,16.41,0.0,18.14,0.35,1787653441510.162,False,,,1,OP1,C3_WIFI_CARGA_ALTA,N3
,0.5,0.468,0.327,1.0,,1787653441533.2375,16.445,0.0,18.08,0.35,1787653441535.337,False,,,1,OP1,C3_WIFI_CARGA_ALTA,N3
,0.501,0.467,0.327,1.0,,1787653441677.5557,16.445,-0.08,18.02,0.35,1787653441677.5557,False,,,1,OP1,C3_WIFI_CARGA_ALTA,N3
,0.505,0.465,0.328,1.0,,1787653441702.5547,16.48,-0.4,17.9,0.35,1787653441703.687,False,,,1,OP1,C3_WIFI_CARGA_ALTA,N3
,0.505,0.465,0.328,1.0,,1787653441737.0664,16.48,-0.4,17.9,0.35,1787653441738.0208,False,,,1,OP1,C3_WIFI_CARGA_ALTA,N3
,0.505,0.465,0.329,1.0,,1787653441758.5442,16.515,-0.4,17.9,0.35,1787653441761.14,False,,,1,OP1,C3_WIFI_CARGA_ALTA,N3
,0.506,0.465,0.329,1.0,,1787653441785.8403,16.515,-0.48,17.9,0.35,1787653441785.8403,False,,,1,OP1,C3_WIFI_CARGA_ALTA,N3
,0.506,0.465,0.33,1.0,,1787653441812.3264,16.55,-0.48,17.9,0.35,1787653441813.4004,False,,,1,OP1,C3_WIFI_CARGA_ALTA,N3
,0.506,0.465,0.33,1.0,,1787653441845.714,16.55,-0.48,17.9,0.35,1787653441845.714,False,,,1,OP1,C3_WIFI_CARGA_ALTA,N3
,0.506,0.465,0.33,1.0,,1787653441871.0784,16.55,-0.48,17.9,0.35,1787653441871.7605,False,,,1,OP1,C3_WIFI_CARGA_ALTA,N3
,0.505,0.464,0.33,1.0,,1787653441903.8943,16.55,-0.4,17.84,0.35,1787653441904.8962,False,,,1,OP1,C3_WIFI_CARGA_ALTA,N3
,0.506,0.463,0.331,1.0,,1787653441929.6897,16.585,-0.48,17.78,0.35,1787653441933.483,False,,,1,OP1,C3_WIFI_CARGA_ALTA,N3
,0.506,0.461,0.334,1.0,,1787653441979.3398,16.69,-0.48,17.66,0.35,1787653441979.3398,False,,,1,OP1,C3_WIFI_CARGA_ALTA,N3
,0.506,0.461,0.335,1.0,,1787653442010.654,16.725,-0.48,17.66,0.35,1787653442015.1653,False,,,1,OP1,C3_WIFI_CARGA_ALTA,N3
,0.507,0.461,0.336,1.0,,1787653442041.7695,16.76,-0.56,17.66,0.35,1787653442041.7695,False,,,1,OP1,C3_WIFI_CARGA_ALTA,N3
,0.507,0.46,0.337,1.0,,1787653442069.3403,16.795,-0.56,17.6,0.35,1787653442071.3552,False,,,1,OP1,C3_WIFI_CARGA_ALTA,N3
,0.507,0.46,0.338,1.0,,1787653442098.3313,16.83,-0.56,17.6,0.35,1787653442099.4502,False,,,1,OP1,C3_WIFI_CARGA_ALTA,N3
,0.507,0.46,0.339,1.0,,1787653442127.5425,16.865,-0.56,17.6,0.35,1787653442128.094,False,,,1,OP1,C3_WIFI_CARGA_ALTA,N3
,0.508,0.459,0.339,1.0,,1787653442283.1794,16.865,-0.64,17.54,0.35,1787653442285.0894,False,,,1,OP1,C3_WIFI_CARGA_ALTA,N3
,0.507,0.459,0.34,1.0,,1787653442316.4436,16.9,-0.56,17.54,0.35,1787653442316.4436,False,,,1,OP1,C3_WIFI_CARGA_ALTA,N3
,0.507,0.459,0.34,1.0,,1787653442340.3877,16.9,-0.56,17.54,0.35,1787653442341.0752,False,,,1,OP1,C3_WIFI_CARGA_ALTA,N3
,0.507,0.459,0.34,1.0,,1787653442377.0166,16.9,-0.56,17.54,0.35,1787653442379.0293,False,,,1,OP1,C3_WIFI_CARGA_ALTA,N3
,0.507,0.459,0.339,1.0,,1787653442403.1826,16.865,-0.56,17.54,0.35,1787653442405.5696,False,,,1,OP1,C3_WIFI_CARGA_ALTA,N3
,0.507,0.458,0.339,1.0,,1787653442451.6987,16.865,-0.56,17.48,0.35,1787653442452.561,False,,,1,OP1,C3_WIFI_CARGA_ALTA,N3
,0.508,0.458,0.34,1.0,,1787653442483.3208,16.9,-0.64,17.48,0.35,1787653442483.3208,False,,,1,OP1,C3_WIFI_CARGA_ALTA,N3
,0.508,0.457,0.34,1.0,,1787653442509.7056,16.9,-0.64,17.42,0.35,1787653442510.2285,False,,,1,OP1,C3_WIFI_CARGA_ALTA,N3
,0.509,0.457,0.341,1.0,,1787653442543.932,16.935,-0.72,17.42,0.35,1787653442543.932,False,,,1,OP1,C3_WIFI_CARGA_ALTA,N3
,0.509,0.457,0.341,1.0,,1787653442570.9446,16.935,-0.72,17.42,0.35,1787653442572.9624,False,,,1,OP1,C3_WIFI_CARGA_ALTA,N3
,0.509,0.456,0.341,1.0,,1787653442620.8074,16.935,-0.72,17.36,0.35,1787653442622.2224,False,,,1,OP1,C3_WIFI_CARGA_ALTA,N3
,0.509,0.456,0.341,1.0,,1787653442653.6064,16.935,-0.72,17.36,0.35,1787653442653.6064,False,,,1,OP1,C3_WIFI_CARGA_ALTA,N3
,0.51,0.456,0.341,1.0,,1787653442678.059,16.935,-0.8,17.36,0.35,1787653442678.059,False,,,1,OP1,C3_WIFI_CARGA_ALTA,N3
,0.51,0.456,0.341,1.0,,1787653442711.6873,16.935,-0.8,17.36,0.35,1787653442711.6873,False,,,1,OP1,C3_WIFI_CARGA_ALTA,N3
,0.51,0.456,0.342,1.0,,1787653442739.339,16.97,-0.8,17.36,0.35,1787653442739.339,False,,,1,OP1,C3_WIFI_CARGA_ALTA,N3
,0.51,0.457,0.342,1.0,,1787653442787.018,16.97,-0.8,17.42,0.35,1787653442787.018,False,,,1,OP1,C3_WIFI_CARGA_ALTA,N3
,0.51,0.457,0.341,1.0,,1787653442822.1794,16.935,-0.8,17.42,0.35,1787653442822.1794,False,,,1,OP1,C3_WIFI_CARGA_ALTA,N3
,0.511,0.457,0.341,1.0,,1787653442843.3552,16.935,-0.88,17.42,0.35,1787653442845.4695,False,,,1,OP1,C3_WIFI_CARGA_ALTA,N3
,0.511,0.458,0.34,1.0,,1787653442879.2502,16.9,-0.88,17.48,0.35,1787653442879.713,False,,,1,OP1,C3_WIFI_CARGA_ALTA,N3
,0.511,0.457,0.339,1.0,,1787653442904.6782,16.865,-0.88,17.42,0.35,1787653442908.7388,False,,,1,OP1,C3_WIFI_CARGA_ALTA,N3
,0.511,0.458,0.339,1.0,,1787653442955.2751,16.865,-0.88,17.48,0.35,1787653442955.2751,False,,,1,OP1,C3_WIFI_CARGA_ALTA,N3
,0.511,0.458,0.339,1.0,,1787653442987.6694,16.865,-0.88,17.48,0.35,1787653442989.8066,False,,,1,OP1,C3_WIFI_CARGA_ALTA,N3
,0.511,0.458,0.339,1.0,,1787653443017.6272,16.865,-0.88,17.48,0.35,1787653443017.6272,False,,,1,OP1,C3_WIFI_CARGA_ALTA,N3
,0.512,0.46,0.338,1.0,,1787653443213.825,16.83,-0.96,17.6,0.35,1787653443216.5178,False,,,1,OP1,C3_WIFI_CARGA_ALTA,N3
,0.513,0.463,0.334,1.0,,1787653443259.39,16.69,-1.04,17.78,0.35,1787653443259.39,False,,,1,OP1,C3_WIFI_CARGA_ALTA,N3
,0.513,0.463,0.333,1.0,,1787653443290.554,16.655,-1.04,17.78,0.35,1787653443290.554,False,,,1,OP1,C3_WIFI_CARGA_ALTA,N3
,0.513,0.463,0.333,1.0,,1787653443313.2212,16.655,-1.04,17.78,0.35,1787653443314.2317,False,,,1,OP1,C3_WIFI_CARGA_ALTA,N3
,0.513,0.463,0.333,1.0,,1787653443351.7258,16.655,-1.04,17.78,0.35,1787653443353.736,False,,,1,OP1,C3_WIFI_CARGA_ALTA,N3
,0.512,0.462,0.333,1.0,,1787653443379.186,16.655,-0.96,17.72,0.35,1787653443380.9226,False,,,1,OP1,C3_WIFI_CARGA_ALTA,N3
,0.512,0.461,0.332,1.0,,1787653443564.7983,16.62,-0.96,17.66,0.35,1787653443565.676,False,,,1,OP1,C3_WIFI_CARGA_ALTA,N3
,0.511,0.46,0.332,1.0,,1787653443685.9087,16.62,-0.88,17.6,0.35,1787653443686.9182,False,,,1,OP1,C3_WIFI_CARGA_ALTA,N3
,0.511,0.458,0.332,1.0,,1787653443714.5208,16.62,-0.88,17.48,0.35,1787653443714.5208,False,,,1,OP1,C3_WIFI_CARGA_ALTA,N3
,0.512,0.458,0.331,1.0,,1787653443741.2383,16.585,-0.96,17.48,0.35,1787653443741.2383,False,,,1,OP1,C3_WIFI_CARGA_ALTA,N3
,0.511,0.457,0.332,1.0,,1787653443787.7107,16.62,-0.88,17.42,0.35,1787653443789.7249,False,,,1,OP1,C3_WIFI_CARGA_ALTA,N3
,0.511,0.457,0.331,1.0,,1787653443825.566,16.585,-0.88,17.42,0.35,1787653443825.566,False,,,1,OP1,C3_WIFI_CARGA_ALTA,N3
,0.511,0.457,0.332,1.0,,1787653443851.6943,16.62,-0.88,17.42,0.35,1787653443853.8083,False,,,1,OP1,C3_WIFI_CARGA_ALTA,N3
,0.511,0.457,0.332,1.0,,1787653443881.6118,16.62,-0.88,17.42,0.35,1787653443881.6118,False,,,1,OP1,C3_WIFI_CARGA_ALTA,N3
,0.511,0.457,0.333,1.0,,1787653443908.595,16.655,-0.88,17.42,0.35,1787653443910.172,False,,,1,OP1,C3_WIFI_CARGA_ALTA,N3
,0.511,0.458,0.333,1.0,,1787653443961.626,16.655,-0.88,17.48,0.35,1787653443961.626,False,,,1,OP1,C3_WIFI_CARGA_ALTA,N3
,0.51,0.458,0.333,1.0,,1787653444020.63,16.655,-0.8,17.48,0.35,1787653444022.624,False,,,1,OP1,C3_WIFI_CARGA_ALTA,N3
,0.51,0.458,0.333,1.0,,1787653444048.0725,16.655,-0.8,17.48,0.35,1787653444049.085,False,,,1,OP1,C3_WIFI_CARGA_ALTA,N3
,0.509,0.457,0.334,1.0,,1787653444092.6453,16.69,-0.72,17.42,0.35,1787653444092.6453,False,,,1,OP1,C3_WIFI_CARGA_ALTA,N3
,0.509,0.456,0.335,1.0,,1787653444131.0503,16.725,-0.72,17.36,0.35,1787653444132.1597,False,,,1,OP1,C3_WIFI_CARGA_ALTA,N3
,0.509,0.456,0.335,1.0,,1787653444159.6587,16.725,-0.72,17.36,0.35,1787653444161.42,False,,,1,OP1,C3_WIFI_CARGA_ALTA,N3
,0.509,0.456,0.335,1.0,,1787653444213.0686,16.725,-0.72,17.36,0.35,1787653444213.0686,False,,,1,OP1,C3_WIFI_CARGA_ALTA,N3
,0.509,0.456,0.335,1.0,,1787653444242.342,16.725,-0.72,17.36,0.35,1787653444243.3296,False,,,1,OP1,C3_WIFI_CARGA_ALTA,N3
,0.509,0.456,0.335,1.0,,1787653444298.8474,16.725,-0.72,17.36,0.35,1787653444298.8474,False,,,1,OP1,C3_WIFI_CARGA_ALTA,N3
,0.509,0.456,0.335,1.0,,1787653444465.2007,16.725,-0.72,17.36,0.35,1787653444466.9548,False,,,1,OP1,C3_WIFI_CARGA_ALTA,N3
,0.509,0.457,0.333,1.0,,1787653444493.7664,16.655,-0.72,17.42,0.35,1787653444493.7664,False,,,1,OP1,C3_WIFI_CARGA_ALTA,N3
,0.51,0.458,0.332,1.0,,1787653444685.7727,16.62,-0.8,17.48,0.35,1787653444685.7727,False,,,1,OP1,C3_WIFI_CARGA_ALTA,N3
,0.511,0.46,0.332,1.0,,1787653444717.1982,16.62,-0.88,17.6,0.35,1787653444717.1982,False,,,1,OP1,C3_WIFI_CARGA_ALTA,N3
,0.511,0.46,0.332,1.0,,1787653444743.7502,16.62,-0.88,17.6,0.35,1787653444744.6094,False,,,1,OP1,C3_WIFI_CARGA_ALTA,N3
,0.511,0.459,0.331,1.0,,1787653444801.4111,16.585,-0.88,17.54,0.35,1787653444802.2258,False,,,1,OP1,C3_WIFI_CARGA_ALTA,N3
,0.511,0.459,0.33,1.0,,1787653444826.3706,16.55,-0.88,17.54,0.35,1787653444826.3706,False,,,1,OP1,C3_WIFI_CARGA_ALTA,N3
,0.512,0.457,0.329,1.0,,1787653444871.215,16.515,-0.96,17.42,0.35,1787653444871.215,False,,,1,OP1,C3_WIFI_CARGA_ALTA,N3
,0.512,0.457,0.329,1.0,,1787653444904.594,16.515,-0.96,17.42,0.35,1787653444906.6843,False,,,1,OP1,C3_WIFI_CARGA_ALTA,N3
,0.512,0.457,0.329,1.0,,1787653444926.3716,16.515,-0.96,17.42,0.35,1787653444928.4517,False,,,1,OP1,C3_WIFI_CARGA_ALTA,N3
,0.512,0.456,0.329,1.0,,1787653444967.2395,16.515,-0.96,17.36,0.35,1787653444969.586,False,,,1,OP1,C3_WIFI_CARGA_ALTA,N3
,0.513,0.456,0.329,1.0,,1787653444994.2625,16.515,-1.04,17.36,0.35,1787653444994.2625,False,,,1,OP1,C3_WIFI_CARGA_ALTA,N3
,0.513,0.456,0.327,1.0,,1787653445049.137,16.445,-1.04,17.36,0.35,1787653445051.7256,False,,,1,OP1,C3_WIFI_CARGA_ALTA,N3
,0.513,0.456,0.326,1.0,,1787653445079.0427,16.41,-1.04,17.36,0.35,1787653445079.0427,False,,,1,OP1,C3_WIFI_CARGA_ALTA,N3
,0.513,0.456,0.325,1.0,,1787653445132.014,16.375,-1.04,17.36,0.35,1787653445132.014,False,,,1,OP1,C3_WIFI_CARGA_ALTA,N3
,0.513,0.456,0.323,1.0,,1787653445160.372,16.305,-1.04,17.36,0.35,1787653445162.4067,False,,,1,OP1,C3_WIFI_CARGA_ALTA,N3
,0.513,0.456,0.322,1.0,,1787653445206.5342,16.27,-1.04,17.36,0.35,1787653445208.5212,False,,,1,OP1,C3_WIFI_CARGA_ALTA,N3
,0.513,0.457,0.321,1.0,,1787653445238.9368,16.235,-1.04,17.42,0.35,1787653445240.7993,False,,,1,OP1,C3_WIFI_CARGA_ALTA,N3
,0.513,0.457,0.32,1.0,,1787653445261.6685,16.2,-1.04,17.42,0.35,1787653445263.493,False,,,1,OP1,C3_WIFI_CARGA_ALTA,N3
,0.513,0.458,0.319,1.0,,1787653445299.7607,16.165,-1.04,17.48,0.35,1787653445301.77,False,,,1,OP1,C3_WIFI_CARGA_ALTA,N3
,0.513,0.458,0.318,1.0,,1787653445328.5398,16.13,-1.04,17.48,0.35,1787653445330.5493,False,,,1,OP1,C3_WIFI_CARGA_ALTA,N3
,0.513,0.46,0.317,1.0,,1787653445373.5332,16.095,-1.04,17.6,0.35,1787653445374.5408,False,,,1,OP1,C3_WIFI_CARGA_ALTA,N3
,0.513,0.46,0.317,1.0,,1787653445410.058,16.095,-1.04,17.6,0.35,1787653445410.058,False,,,1,OP1,C3_WIFI_CARGA_ALTA,N3
,0.513,0.46,0.317,1.0,,1787653445440.4028,16.095,-1.04,17.6,0.35,1787653445441.102,False,,,1,OP1,C3_WIFI_CARGA_ALTA,N3
,0.513,0.46,0.317,1.0,,1787653445465.7534,16.095,-1.04,17.6,0.35,1787653445467.922,False,,,1,OP1,C3_WIFI_CARGA_ALTA,N3
,0.512,0.46,0.316,1.0,,1787653445495.9536,16.06,-0.96,17.6,0.35,1787653445495.9536,False,,,1,OP1,C3_WIFI_CARGA_ALTA,N3
,0.512,0.46,0.316,1.0,,1787653445516.492,16.06,-0.96,17.6,0.35,1787653445516.492,False,,,1,OP1,C3_WIFI_CARGA_ALTA,N3
,0.512,0.46,0.316,1.0,,1787653445541.7783,16.06,-0.96,17.6,0.35,1787653445544.2007,False,,,1,OP1,C3_WIFI_CARGA_ALTA,N3
,0.512,0.459,0.317,1.0,,1787653445577.3418,16.095,-0.96,17.54,0.35,1787653445578.2568,False,,,1,OP1,C3_WIFI_CARGA_ALTA,N3
,0.512,0.458,0.317,1.0,,1787653445603.932,16.095,-0.96,17.48,0.35,1787653445605.5864,False,,,1,OP1,C3_WIFI_CARGA_ALTA,N3
,0.512,0.458,0.317,1.0,,1787653445634.723,16.095,-0.96,17.48,0.35,1787653445635.2358,False,,,1,OP1,C3_WIFI_CARGA_ALTA,N3
,0.512,0.457,0.318,1.0,,1787653445661.705,16.13,-0.96,17.42,0.35,1787653445664.9224,False,,,1,OP1,C3_WIFI_CARGA_ALTA,N3
,0.512,0.456,0.319,1.0,,1787653445710.182,16.165,-0.96,17.36,0.35,1787653445711.6787,False,,,1,OP1,C3_WIFI_CARGA_ALTA,N3
,0.512,0.455,0.319,1.0,,1787653445745.8535,16.165,-0.96,17.3,0.35,1787653445745.8535,False,,,1,OP1,C3_WIFI_CARGA_ALTA,N3
,0.512,0.455,0.32,1.0,,1787653445773.6506,16.2,-0.96,17.3,0.35,1787653445773.6506,False,,,1,OP1,C3_WIFI_CARGA_ALTA,N3
,0.512,0.455,0.321,1.0,,1787653445801.3997,16.235,-0.96,17.3,0.35,1787653445802.0688,False,,,1,OP1,C3_WIFI_CARGA_ALTA,N3
,0.511,0.455,0.322,1.0,,1787653445830.086,16.27,-0.88,17.3,0.35,1787653445832.8655,False,,,1,OP1,C3_WIFI_CARGA_ALTA,N3
,0.511,0.455,0.323,1.0,,1787653445855.3486,16.305,-0.88,17.3,0.35,1787653445855.3486,False,,,1,OP1,C3_WIFI_CARGA_ALTA,N3
,0.511,0.455,0.324,1.0,,1787653446095.705,16.34,-0.88,17.3,0.35,1787653446095.705,False,,,1,OP1,C3_WIFI_CARGA_ALTA,N3
,0.512,0.459,0.323,1.0,,1787653446135.425,16.305,-0.96,17.54,0.35,1787653446135.425,False,,,1,OP1,C3_WIFI_CARGA_ALTA,N3
,0.512,0.459,0.324,1.0,,1787653446164.0063,16.34,-0.96,17.54,0.35,1787653446165.5222,False,,,1,OP1,C3_WIFI_CARGA_ALTA,N3
,0.512,0.46,0.324,1.0,,1787653446212.5703,16.34,-0.96,17.6,0.35,1787653446212.5703,False,,,1,OP1,C3_WIFI_CARGA_ALTA,N3
,0.512,0.46,0.324,1.0,,1787653446248.391,16.34,-0.96,17.6,0.35,1787653446249.4236,False,,,1,OP1,C3_WIFI_CARGA_ALTA,N3
,0.512,0.46,0.322,1.0,,1787653446301.1392,16.27,-0.96,17.6,0.35,1787653446304.31,False,,,1,OP1,C3_WIFI_CARGA_ALTA,N3
,0.511,0.46,0.322,1.0,,1787653446467.6936,16.27,-0.88,17.6,0.35,1787653446470.7554,False,,,1,OP1,C3_WIFI_CARGA_ALTA,N3
,0.509,0.463,0.316,1.0,,1787653446608.7532,16.06,-0.72,17.78,0.35,1787653446610.761,False,,,1,OP1,C3_WIFI_CARGA_ALTA,N3
,0.51,0.463,0.314,1.0,,1787653446634.809,15.99,-0.8,17.78,0.35,1787653446637.9834,False,,,1,OP1,C3_WIFI_CARGA_ALTA,N3
,0.51,0.464,0.313,1.0,,1787653446655.7866,15.955,-0.8,17.84,0.35,1787653446659.9255,False,,,1,OP1,C3_WIFI_CARGA_ALTA,N3
,0.51,0.464,0.313,1.0,,1787653446691.6875,15.955,-0.8,17.84,0.35,1787653446691.6875,False,,,1,OP1,C3_WIFI_CARGA_ALTA,N3
,0.51,0.464,0.313,1.0,,1787653446717.6116,15.955,-0.8,17.84,0.35,1787653446717.6116,False,,,1,OP1,C3_WIFI_CARGA_ALTA,N3
,0.51,0.464,0.313,1.0,,1787653446749.2063,15.955,-0.8,17.84,0.35,1787653446749.2063,False,,,1,OP1,C3_WIFI_CARGA_ALTA,N3
,0.51,0.464,0.313,1.0,,1787653446943.889,15.955,-0.8,17.84,0.35,1787653446944.931,False,,,1,OP1,C3_WIFI_CARGA_ALTA,N3
,0.509,0.465,0.318,1.0,,1787653446999.1226,16.13,-0.72,17.9,0.35,1787653447001.2236,False,,,1,OP1,C3_WIFI_CARGA_ALTA,N3
,0.507,0.467,0.318,1.0,,1787653447055.2876,16.13,-0.56,18.02,0.35,1787653447055.2876,False,,,1,OP1,C3_WIFI_CARGA_ALTA,N3
,0.507,0.467,0.318,1.0,,1787653447082.6584,16.13,-0.56,18.02,0.35,1787653447082.6584,False,,,1,OP1,C3_WIFI_CARGA_ALTA,N3
,0.507,0.468,0.318,1.0,,1787653447104.1018,16.13,-0.56,18.08,0.35,1787653447104.1018,False,,,1,OP1,C3_WIFI_CARGA_ALTA,N3
,0.507,0.469,0.317,1.0,,1787653447138.6345,16.095,-0.56,18.14,0.35,1787653447140.0833,False,,,1,OP1,C3_WIFI_CARGA_ALTA,N3
,0.507,0.469,0.318,1.0,,1787653447166.059,16.13,-0.56,18.14,0.35,1787653447167.3914,False,,,1,OP1,C3_WIFI_CARGA_ALTA,N3
,0.507,0.47,0.318,1.0,,1787653447186.3635,16.13,-0.56,18.2,0.35,1787653447187.6384,False,,,1,OP1,C3_WIFI_CARGA_ALTA,N3
,0.507,0.47,0.318,1.0,,1787653447221.738,16.13,-0.56,18.2,0.35,1787653447221.738,False,,,1,OP1,C3_WIFI_CARGA_ALTA,N3
,0.507,0.47,0.318,1.0,,1787653447248.7275,16.13,-0.56,18.2,0.35,1787653447251.249,False,,,1,OP1,C3_WIFI_CARGA_ALTA,N3
,0.507,0.47,0.318,1.0,,1787653447271.1443,16.13,-0.56,18.2,0.35,1787653447271.1443,False,,,1,OP1,C3_WIFI_CARGA_ALTA,N3
,0.507,0.471,0.318,1.0,,1787653447438.8096,16.13,-0.56,18.26,0.35,1787653447440.525,False,,,1,OP1,C3_WIFI_CARGA_ALTA,N3
,0.506,0.47,0.317,1.0,,1787653447473.8943,16.095,-0.48,18.2,0.35,1787653447473.8943,False,,,1,OP1,C3_WIFI_CARGA_ALTA,N3
,0.506,0.47,0.317,1.0,,1787653447500.587,16.095,-0.48,18.2,0.35,1787653447501.614,False,,,1,OP1,C3_WIFI_CARGA_ALTA,N3
,0.506,0.47,0.318,1.0,,1787653447523.446,16.13,-0.48,18.2,0.35,1787653447523.446,False,,,1,OP1,C3_WIFI_CARGA_ALTA,N3
,0.506,0.47,0.318,1.0,,1787653447548.3586,16.13,-0.48,18.2,0.35,1787653447549.354,False,,,1,OP1,C3_WIFI_CARGA_ALTA,N3
,0.506,0.469,0.319,1.0,,1787653447584.9944,16.165,-0.48,18.14,0.35,1787653447584.9944,False,,,1,OP1,C3_WIFI_CARGA_ALTA,N3
,0.506,0.469,0.319,1.0,,1787653447606.3633,16.165,-0.48,18.14,0.35,1787653447608.05,False,,,1,OP1,C3_WIFI_CARGA_ALTA,N3
,0.506,0.469,0.318,1.0,,1787653447639.35,16.13,-0.48,18.14,0.35,1787653447639.35,False,,,1,OP1,C3_WIFI_CARGA_ALTA,N3
,0.506,0.47,0.318,1.0,,1787653447659.947,16.13,-0.48,18.2,0.35,1787653447662.1792,False,,,1,OP1,C3_WIFI_CARGA_ALTA,N3
,0.506,0.47,0.318,1.0,,1787653447688.2595,16.13,-0.48,18.2,0.35,1787653447688.2595,False,,,1,OP1,C3_WIFI_CARGA_ALTA,N3
,0.506,0.47,0.318,1.0,,1787653447723.7087,16.13,-0.48,18.2,0.35,1787653447723.7087,False,,,1,OP1,C3_WIFI_CARGA_ALTA,N3
,0.506,0.47,0.318,1.0,,1787653447749.586,16.13,-0.48,18.2,0.35,1787653447751.8235,False,,,1,OP1,C3_WIFI_CARGA_ALTA,N3
,0.506,0.47,0.318,1.0,,1787653447770.111,16.13,-0.48,18.2,0.35,1787653447771.9795,False,,,1,OP1,C3_WIFI_CARGA_ALTA,N3
,0.506,0.47,0.318,1.0,,1787653447805.9114,16.13,-0.48,18.2,0.35,1787653447805.9114,False,,,1,OP1,C3_WIFI_CARGA_ALTA,N3
,0.505,0.47,0.318,1.0,,1787653447826.7627,16.13,-0.4,18.2,0.35,1787653447828.7312,False,,,1,OP1,C3_WIFI_CARGA_ALTA,N3
,0.506,0.47,0.318,1.0,,1787653447855.8833,16.13,-0.48,18.2,0.35,1787653447855.8833,False,,,1,OP1,C3_WIFI_CARGA_ALTA,N3
,0.506,0.47,0.318,1.0,,1787653447890.983,16.13,-0.48,18.2,0.35,1787653447890.983,False,,,1,OP1,C3_WIFI_CARGA_ALTA,N3
,0.506,0.469,0.318,1.0,,1787653447917.17,16.13,-0.48,18.14,0.35,1787653447918.7793,False,,,1,OP1,C3_WIFI_CARGA_ALTA,N3
,0.506,0.469,0.319,1.0,,1787653447943.3708,16.165,-0.48,18.14,0.35,1787653447943.3708,False,,,1,OP1,C3_WIFI_CARGA_ALTA,N3
,0.506,0.469,0.319,1.0,,1787653447966.775,16.165,-0.48,18.14,0.35,1787653447966.775,False,,,1,OP1,C3_WIFI_CARGA_ALTA,N3
,0.506,0.469,0.319,1.0,,1787653447994.554,16.165,-0.48,18.14,0.35,1787653447996.9229,False,,,1,OP1,C3_WIFI_CARGA_ALTA,N3
,0.506,0.469,0.319,1.0,,1787653448028.4275,16.165,-0.48,18.14,0.35,1787653448028.4275,False,,,1,OP1,C3_WIFI_CARGA_ALTA,N3
,0.506,0.469,0.319,1.0,,1787653448058.516,16.165,-0.48,18.14,0.35,1787653448058.516,False,,,1,OP1,C3_WIFI_CARGA_ALTA,N3
,0.506,0.47,0.318,1.0,,1787653448085.2751,16.13,-0.48,18.2,0.35,1787653448085.2751,False,,,1,OP1,C3_WIFI_CARGA_ALTA,N3
,0.506,0.47,0.318,1.0,,1787653448110.1577,16.13,-0.48,18.2,0.35,1787653448111.9158,False,,,1,OP1,C3_WIFI_CARGA_ALTA,N3
,0.507,0.47,0.317,1.0,,1787653448140.7725,16.095,-0.56,18.2,0.35,1787653448143.3853,False,,,1,OP1,C3_WIFI_CARGA_ALTA,N3
,0.507,0.47,0.317,1.0,,1787653448314.9302,16.095,-0.56,18.2,0.35,1787653448316.9448,False,,,1,OP1,C3_WIFI_CARGA_ALTA,N3
,0.508,0.469,0.313,1.0,,1787653448357.9265,15.955,-0.64,18.14,0.35,1787653448357.9265,False,,,1,OP1,C3_WIFI_CARGA_ALTA,N3
,0.508,0.469,0.312,1.0,,1787653448391.8894,15.92,-0.64,18.14,0.35,1787653448393.6484,False,,,1,OP1,C3_WIFI_CARGA_ALTA,N3
,0.508,0.469,0.311,1.0,,1787653448417.1868,15.885,-0.64,18.14,0.35,1787653448420.768,False,,,1,OP1,C3_WIFI_CARGA_ALTA,N3
,0.508,0.47,0.307,1.0,,1787653448439.2983,15.745,-0.64,18.2,0.35,1787653448441.32,False,,,1,OP1,C3_WIFI_CARGA_ALTA,N3
,0.507,0.471,0.304,1.0,,1787653448465.344,15.64,-0.56,18.26,0.35,1787653448466.3818,False,,,1,OP1,C3_WIFI_CARGA_ALTA,N3
,0.507,0.472,0.303,1.0,,1787653448498.0618,15.605,-0.56,18.32,0.35,1787653448499.0903,False,,,1,OP1,C3_WIFI_CARGA_ALTA,N3
,0.507,0.473,0.302,1.0,,1787653448526.3774,15.57,-0.56,18.38,0.35,1787653448526.3774,False,,,1,OP1,C3_WIFI_CARGA_ALTA,N3
,0.506,0.474,0.301,1.0,,1787653448557.6772,15.535,-0.48,18.44,0.35,1787653448558.1016,False,,,1,OP1,C3_WIFI_CARGA_ALTA,N3
,0.506,0.474,0.302,1.0,,1787653448585.1658,15.57,-0.48,18.44,0.35,1787653448585.1658,False,,,1,OP1,C3_WIFI_CARGA_ALTA,N3
,0.506,0.473,0.304,1.0,,1787653448634.4678,15.64,-0.48,18.38,0.35,1787653448634.4678,False,,,1,OP1,C3_WIFI_CARGA_ALTA,N3
,0.506,0.472,0.306,1.0,,1787653448670.9463,15.71,-0.48,18.32,0.35,1787653448670.9463,False,,,1,OP1,C3_WIFI_CARGA_ALTA,N3
,0.506,0.468,0.311,1.0,,1787653448725.592,15.885,-0.48,18.08,0.35,1787653448726.897,False,,,1,OP1,C3_WIFI_CARGA_ALTA,N3
,0.506,0.468,0.312,1.0,,1787653448752.058,15.92,-0.48,18.08,0.35,1787653448752.058,False,,,1,OP1,C3_WIFI_CARGA_ALTA,N3
,0.505,0.467,0.313,1.0,,1787653448918.7622,15.955,-0.4,18.02,0.35,1787653448918.7622,False,,,1,OP1,C3_WIFI_CARGA_ALTA,N3
,0.506,0.465,0.314,1.0,,1787653449059.6208,15.99,-0.48,17.9,0.35,1787653449060.9592,False,,,1,OP1,C3_WIFI_CARGA_ALTA,N3
,0.506,0.465,0.316,1.0,,1787653449087.3335,16.06,-0.48,17.9,0.35,1787653449088.5898,False,,,1,OP1,C3_WIFI_CARGA_ALTA,N3
,0.506,0.466,0.316,1.0,,1787653449108.9617,16.06,-0.48,17.96,0.35,1787653449110.321,False,,,1,OP1,C3_WIFI_CARGA_ALTA,N3
,0.506,0.466,0.316,1.0,,1787653449144.865,16.06,-0.48,17.96,0.35,1787653449144.865,False,,,1,OP1,C3_WIFI_CARGA_ALTA,N3
,0.506,0.466,0.317,1.0,,1787653449170.8628,16.095,-0.48,17.96,0.35,1787653449173.3948,False,,,1,OP1,C3_WIFI_CARGA_ALTA,N3
,0.507,0.466,0.317,1.0,,1787653449228.2136,16.095,-0.56,17.96,0.35,1787653449228.2136,False,,,1,OP1,C3_WIFI_CARGA_ALTA,N3
,0.507,0.465,0.317,1.0,,1787653449255.215,16.095,-0.56,17.9,0.35,1787653449255.215,False,,,1,OP1,C3_WIFI_CARGA_ALTA,N3
,0.507,0.465,0.317,1.0,,1787653449276.8088,16.095,-0.56,17.9,0.35,1787653449279.7263,False,,,1,OP1,C3_WIFI_CARGA_ALTA,N3
,0.507,0.465,0.316,1.0,,1787653449440.6643,16.06,-0.56,17.9,0.35,1787653449440.6643,False,,,1,OP1,C3_WIFI_CARGA_ALTA,N3
,0.507,0.468,0.309,1.0,,1787653449479.191,15.815,-0.56,18.08,0.35,1787653449479.191,False,,,1,OP1,C3_WIFI_CARGA_ALTA,N3
,0.507,0.468,0.309,1.0,,1787653449628.1414,15.815,-0.56,18.08,0.35,1787653449629.1934,False,,,1,OP1,C3_WIFI_CARGA_ALTA,N3
,0.504,0.473,0.31,1.0,,1787653449670.9995,15.85,-0.32,18.38,0.35,1787653449674.8704,False,,,1,OP1,C3_WIFI_CARGA_ALTA,N3
,0.504,0.474,0.309,1.0,,1787653449725.9453,15.815,-0.32,18.44,0.35,1787653449725.9453,False,,,1,OP1,C3_WIFI_CARGA_ALTA,N3
,0.503,0.474,0.309,1.0,,1787653449756.5522,15.815,-0.24,18.44,0.35,1787653449761.4668,False,,,1,OP1,C3_WIFI_CARGA_ALTA,N3
,0.503,0.475,0.309,1.0,,1787653449812.8423,15.815,-0.24,18.5,0.35,1787653449812.8423,False,,,1,OP1,C3_WIFI_CARGA_ALTA,N3
,0.502,0.476,0.309,1.0,,1787653449857.0369,15.815,-0.16,18.56,0.35,1787653449857.0369,False,,,1,OP1,C3_WIFI_CARGA_ALTA,N3
,0.502,0.477,0.308,1.0,,1787653449896.2366,15.78,-0.16,18.62,0.35,1787653449896.2366,False,,,1,OP1,C3_WIFI_CARGA_ALTA,N3
,0.502,0.478,0.308,1.0,,1787653450060.3984,15.78,-0.16,18.68,0.35,1787653450064.454,False,,,1,OP1,C3_WIFI_CARGA_ALTA,N3
,0.504,0.483,0.312,1.0,,1787653450107.06,15.92,-0.32,18.98,0.35,1787653450108.08,False,,,1,OP1,C3_WIFI_CARGA_ALTA,N3
,0.504,0.483,0.315,1.0,,1787653450145.177,16.025,-0.32,18.98,0.35,1787653450145.177,False,,,1,OP1,C3_WIFI_CARGA_ALTA,N3
,0.504,0.482,0.318,1.0,,1787653450165.8882,16.13,-0.32,18.92,0.35,1787653450165.8882,False,,,1,OP1,C3_WIFI_CARGA_ALTA,N3
,0.504,0.482,0.319,1.0,,1787653450190.9722,16.165,-0.32,18.92,0.35,1787653450194.2124,False,,,1,OP1,C3_WIFI_CARGA_ALTA,N3
,0.504,0.481,0.321,1.0,,1787653450229.2524,16.235,-0.32,18.86,0.35,1787653450229.2524,False,,,1,OP1,C3_WIFI_CARGA_ALTA,N3
,0.504,0.481,0.322,1.0,,1787653450257.81,16.27,-0.32,18.86,0.35,1787653450257.81,False,,,1,OP1,C3_WIFI_CARGA_ALTA,N3
,0.505,0.48,0.323,1.0,,1787653450314.1206,16.305,-0.4,18.8,0.35,1787653450314.1206,False,,,1,OP1,C3_WIFI_CARGA_ALTA,N3
,0.505,0.479,0.323,1.0,,1787653450356.0378,16.305,-0.4,18.74,0.35,1787653450356.0378,False,,,1,OP1,C3_WIFI_CARGA_ALTA,N3
,0.505,0.479,0.324,1.0,,1787653450587.6206,16.34,-0.4,18.74,0.35,1787653450587.6206,False,,,1,OP1,C3_WIFI_CARGA_ALTA,N3
,0.506,0.475,0.329,1.0,,1787653450645.56,16.515,-0.48,18.5,0.35,1787653450645.56,False,,,1,OP1,C3_WIFI_CARGA_ALTA,N3
,0.506,0.475,0.33,1.0,,1787653450666.4768,16.55,-0.48,18.5,0.35,1787653450666.4768,False,,,1,OP1,C3_WIFI_CARGA_ALTA,N3
,0.506,0.474,0.33,1.0,,1787653450701.505,16.55,-0.48,18.44,0.35,1787653450701.505,False,,,1,OP1,C3_WIFI_CARGA_ALTA,N3
,0.506,0.474,0.331,1.0,,1787653450745.7017,16.585,-0.48,18.44,0.35,1787653450747.9463,False,,,1,OP1,C3_WIFI_CARGA_ALTA,N3
,0.506,0.474,0.331,1.0,,1787653450775.8054,16.585,-0.48,18.44,0.35,1787653450776.9182,False,,,1,OP1,C3_WIFI_CARGA_ALTA,N3
,0.506,0.474,0.331,1.0,,1787653450814.573,16.585,-0.48,18.44,0.35,1787653450816.0864,False,,,1,OP1,C3_WIFI_CARGA_ALTA,N3
,0.506,0.474,0.332,1.0,,1787653450839.689,16.62,-0.48,18.44,0.35,1787653450841.4456,False,,,1,OP1,C3_WIFI_CARGA_ALTA,N3
,0.506,0.473,0.333,1.0,,1787653450896.691,16.655,-0.48,18.38,0.35,1787653450896.691,False,,,1,OP1,C3_WIFI_CARGA_ALTA,N3
,0.505,0.473,0.333,1.0,,1787653451028.4917,16.655,-0.4,18.38,0.35,1787653451028.4917,False,,,1,OP1,C3_WIFI_CARGA_ALTA,N3
,0.504,0.479,0.316,1.0,,1787653451052.1772,16.06,-0.32,18.74,0.35,1787653451052.49,False,,,1,OP1,C3_WIFI_CARGA_ALTA,N3
,0.504,0.479,0.316,1.0,,1787653451084.5774,16.06,-0.32,18.74,0.35,1787653451086.6184,False,,,1,OP1,C3_WIFI_CARGA_ALTA,N3
,0.503,0.48,0.316,1.0,,1787653451114.6943,16.06,-0.24,18.8,0.35,1787653451114.6943,False,,,1,OP1,C3_WIFI_CARGA_ALTA,N3
,0.502,0.48,0.316,1.0,,1787653451148.3271,16.06,-0.16,18.8,0.35,1787653451150.337,False,,,1,OP1,C3_WIFI_CARGA_ALTA,N3
,0.502,0.48,0.317,1.0,,1787653451176.0508,16.095,-0.16,18.8,0.35,1787653451176.0508,False,,,1,OP1,C3_WIFI_CARGA_ALTA,N3
,0.502,0.48,0.319,1.0,,1787653451197.2363,16.165,-0.16,18.8,0.35,1787653451197.2363,False,,,1,OP1,C3_WIFI_CARGA_ALTA,N3
,0.502,0.48,0.32,1.0,,1787653451220.0515,16.2,-0.16,18.8,0.35,1787653451221.8318,False,,,1,OP1,C3_WIFI_CARGA_ALTA,N3
,0.502,0.48,0.321,1.0,,1787653451252.3762,16.235,-0.16,18.8,0.35,1787653451253.563,False,,,1,OP1,C3_WIFI_CARGA_ALTA,N3
,0.502,0.479,0.323,1.0,,1787653451279.1326,16.305,-0.16,18.74,0.35,1787653451279.1326,False,,,1,OP1,C3_WIFI_CARGA_ALTA,N3
,0.503,0.478,0.324,1.0,,1787653451315.3552,16.34,-0.24,18.68,0.35,1787653451317.3677,False,,,1,OP1,C3_WIFI_CARGA_ALTA,N3
,0.503,0.478,0.323,1.0,,1787653451340.187,16.305,-0.24,18.68,0.35,1787653451343.8203,False,,,1,OP1,C3_WIFI_CARGA_ALTA,N3
,0.503,0.478,0.323,1.0,,1787653451363.205,16.305,-0.24,18.68,0.35,1787653451364.141,False,,,1,OP1,C3_WIFI_CARGA_ALTA,N3
,0.503,0.478,0.323,1.0,,1787653451387.1057,16.305,-0.24,18.68,0.35,1787653451388.0889,False,,,1,OP1,C3_WIFI_CARGA_ALTA,N3
,0.504,0.477,0.322,1.0,,1787653451422.3918,16.27,-0.32,18.62,0.35,1787653451422.3918,False,,,1,OP1,C3_WIFI_CARGA_ALTA,N3
,0.504,0.477,0.322,1.0,,1787653451449.5256,16.27,-0.32,18.62,0.35,1787653451449.5256,False,,,1,OP1,C3_WIFI_CARGA_ALTA,N3
,0.504,0.477,0.321,1.0,,1787653451481.6013,16.235,-0.32,18.62,0.35,1787653451483.3545,False,,,1,OP1,C3_WIFI_CARGA_ALTA,N3
,0.504,0.477,0.32,1.0,,1787653451509.3484,16.2,-0.32,18.62,0.35,1787653451509.3484,False,,,1,OP1,C3_WIFI_CARGA_ALTA,N3
,0.505,0.477,0.319,1.0,,1787653451532.193,16.165,-0.4,18.62,0.35,1787653451532.193,False,,,1,OP1,C3_WIFI_CARGA_ALTA,N3
,0.505,0.477,0.318,1.0,,1787653451556.5266,16.13,-0.4,18.62,0.35,1787653451556.5266,False,,,1,OP1,C3_WIFI_CARGA_ALTA,N3
,0.505,0.477,0.317,1.0,,1787653451590.3403,16.095,-0.4,18.62,0.35,1787653451594.7102,False,,,1,OP1,C3_WIFI_CARGA_ALTA,N3
,0.506,0.477,0.316,1.0,,1787653451618.109,16.06,-0.48,18.62,0.35,1787653451618.109,False,,,1,OP1,C3_WIFI_CARGA_ALTA,N3
,0.506,0.477,0.316,1.0,,1787653451651.7,16.06,-0.48,18.62,0.35,1787653451652.7058,False,,,1,OP1,C3_WIFI_CARGA_ALTA,N3
,0.506,0.477,0.316,1.0,,1787653451671.835,16.06,-0.48,18.62,0.35,1787653451673.5046,False,,,1,OP1,C3_WIFI_CARGA_ALTA,N3
,0.506,0.475,0.316,1.0,,1787653451861.3086,16.06,-0.48,18.5,0.35,1787653451863.528,False,,,1,OP1,C3_WIFI_CARGA_ALTA,N3
,0.506,0.472,0.314,1.0,,1787653451891.0422,15.99,-0.48,18.32,0.35,1787653451892.7805,False,,,1,OP1,C3_WIFI_CARGA_ALTA,N3
,0.506,0.471,0.314,1.0,,1787653451925.8103,15.99,-0.48,18.26,0.35,1787653451927.1482,False,,,1,OP1,C3_WIFI_CARGA_ALTA,N3
,0.506,0.47,0.315,1.0,,1787653451954.1775,16.025,-0.48,18.2,0.35,1787653451954.1775,False,,,1,OP1,C3_WIFI_CARGA_ALTA,N3
,0.506,0.47,0.315,1.0,,1787653451984.5193,16.025,-0.48,18.2,0.35,1787653451985.1514,False,,,1,OP1,C3_WIFI_CARGA_ALTA,N3
,0.507,0.469,0.316,1.0,,1787653452011.317,16.06,-0.56,18.14,0.35,1787653452011.317,False,,,1,OP1,C3_WIFI_CARGA_ALTA,N3
,0.507,0.468,0.317,1.0,,1787653452037.2568,16.095,-0.56,18.08,0.35,1787653452037.2568,False,,,1,OP1,C3_WIFI_CARGA_ALTA,N3
,0.507,0.468,0.317,1.0,,1787653452059.872,16.095,-0.56,18.08,0.35,1787653452059.872,False,,,1,OP1,C3_WIFI_CARGA_ALTA,N3
,0.507,0.468,0.317,1.0,,1787653452091.534,16.095,-0.56,18.08,0.35,1787653452091.534,False,,,1,OP1,C3_WIFI_CARGA_ALTA,N3
,0.507,0.467,0.318,1.0,,1787653452122.0208,16.13,-0.56,18.02,0.35,1787653452122.0208,False,,,1,OP1,C3_WIFI_CARGA_ALTA,N3
,0.507,0.467,0.318,1.0,,1787653452151.7278,16.13,-0.56,18.02,0.35,1787653452152.0476,False,,,1,OP1,C3_WIFI_CARGA_ALTA,N3
,0.507,0.468,0.317,1.0,,1787653452178.3276,16.095,-0.56,18.08,0.35,1787653452180.064,False,,,1,OP1,C3_WIFI_CARGA_ALTA,N3
,0.507,0.468,0.316,1.0,,1787653452206.319,16.06,-0.56,18.08,0.35,1787653452206.319,False,,,1,OP1,C3_WIFI_CARGA_ALTA,N3
,0.507,0.468,0.316,1.0,,1787653452227.4822,16.06,-0.56,18.08,0.35,1787653452227.4822,False,,,1,OP1,C3_WIFI_CARGA_ALTA,N3
,0.507,0.468,0.316,1.0,,1787653452251.5242,16.06,-0.56,18.08,0.35,1787653452254.0984,False,,,1,OP1,C3_WIFI_CARGA_ALTA,N3
,0.506,0.469,0.315,1.0,,1787653452288.7214,16.025,-0.48,18.14,0.35,1787653452288.7214,False,,,1,OP1,C3_WIFI_CARGA_ALTA,N3
,0.506,0.469,0.315,1.0,,1787653452317.1794,16.025,-0.48,18.14,0.35,1787653452318.63,False,,,1,OP1,C3_WIFI_CARGA_ALTA,N3
,0.505,0.47,0.314,1.0,,1787653452373.1824,15.99,-0.4,18.2,0.35,1787653452373.1824,False,,,1,OP1,C3_WIFI_CARGA_ALTA,N3
,0.505,0.47,0.314,1.0,,1787653452395.0637,15.99,-0.4,18.2,0.35,1787653452395.5957,False,,,1,OP1,C3_WIFI_CARGA_ALTA,N3
,0.504,0.47,0.313,1.0,,1787653452424.999,15.955,-0.32,18.2,0.35,1787653452424.999,False,,,1,OP1,C3_WIFI_CARGA_ALTA,N3
,0.504,0.47,0.312,1.0,,1787653452651.292,15.92,-0.32,18.2,0.35,1787653452653.3074,False,,,1,OP1,C3_WIFI_CARGA_ALTA,N3
,0.502,0.469,0.312,1.0,,1787653452699.8755,15.92,-0.16,18.14,0.35,1787653452700.3,False,,,1,OP1,C3_WIFI_CARGA_ALTA,N3
,0.503,0.469,0.312,1.0,,1787653452730.5454,15.92,-0.24,18.14,0.35,1787653452730.5454,False,,,1,OP1,C3_WIFI_CARGA_ALTA,N3
,0.503,0.469,0.312,1.0,,1787653452757.6123,15.92,-0.24,18.14,0.35,1787653452758.2517,False,,,1,OP1,C3_WIFI_CARGA_ALTA,N3
,0.503,0.468,0.312,1.0,,1787653452792.6096,15.92,-0.24,18.08,0.35,1787653452794.625,False,,,1,OP1,C3_WIFI_CARGA_ALTA,N3
,0.503,0.468,0.313,1.0,,1787653452818.9858,15.955,-0.24,18.08,0.35,1787653452818.9858,False,,,1,OP1,C3_WIFI_CARGA_ALTA,N3
,0.503,0.468,0.313,1.0,,1787653452861.5037,15.955,-0.24,18.08,0.35,1787653452863.5127,False,,,1,OP1,C3_WIFI_CARGA_ALTA,N3
,0.503,0.468,0.313,1.0,,1787653452895.3833,15.955,-0.24,18.08,0.35,1787653452897.308,False,,,1,OP1,C3_WIFI_CARGA_ALTA,N3
,0.503,0.468,0.313,1.0,,1787653452925.1362,15.955,-0.24,18.08,0.35,1787653452925.1362,False,,,1,OP1,C3_WIFI_CARGA_ALTA,N3
,0.503,0.468,0.313,1.0,,1787653452955.321,15.955,-0.24,18.08,0.35,1787653452955.321,False,,,1,OP1,C3_WIFI_CARGA_ALTA,N3
,0.503,0.468,0.313,1.0,,1787653453008.558,15.955,-0.24,18.08,0.35,1787653453012.4795,False,,,1,OP1,C3_WIFI_CARGA_ALTA,N3
,0.503,0.467,0.314,1.0,,1787653453040.486,15.99,-0.24,18.02,0.35,1787653453042.5,False,,,1,OP1,C3_WIFI_CARGA_ALTA,N3
,0.503,0.467,0.315,1.0,,1787653453231.328,16.025,-0.24,18.02,0.35,1787653453233.3357,False,,,1,OP1,C3_WIFI_CARGA_ALTA,N3
,0.504,0.465,0.316,1.0,,1787653453264.0288,16.06,-0.32,17.9,0.35,1787653453264.0288,False,,,1,OP1,C3_WIFI_CARGA_ALTA,N3
,0.503,0.465,0.316,1.0,,1787653453288.871,16.06,-0.24,17.9,0.35,1787653453293.2517,False,,,1,OP1,C3_WIFI_CARGA_ALTA,N3
,0.504,0.465,0.316,1.0,,1787653453348.3076,16.06,-0.32,17.9,0.35,1787653453348.3076,False,,,1,OP1,C3_WIFI_CARGA_ALTA,N3
,0.504,0.465,0.316,1.0,,1787653453375.8047,16.06,-0.32,17.9,0.35,1787653453377.823,False,,,1,OP1,C3_WIFI_CARGA_ALTA,N3
,0.504,0.466,0.316,1.0,,1787653453430.4082,16.06,-0.32,17.96,0.35,1787653453432.42,False,,,1,OP1,C3_WIFI_CARGA_ALTA,N3
,0.505,0.466,0.316,1.0,,1787653453455.9385,16.06,-0.4,17.96,0.35,1787653453460.213,False,,,1,OP1,C3_WIFI_CARGA_ALTA,N3
,0.505,0.466,0.316,1.0,,1787653453514.5437,16.06,-0.4,17.96,0.35,1787653453514.5437,False,,,1,OP1,C3_WIFI_CARGA_ALTA,N3
,0.505,0.466,0.316,1.0,,1787653453542.307,16.06,-0.4,17.96,0.35,1787653453543.9902,False,,,1,OP1,C3_WIFI_CARGA_ALTA,N3
,0.504,0.466,0.315,1.0,,1787653453597.3918,16.025,-0.32,17.96,0.35,1787653453599.4038,False,,,1,OP1,C3_WIFI_CARGA_ALTA,N3
,0.504,0.466,0.314,1.0,,1787653453654.0703,15.99,-0.32,17.96,0.35,1787653453655.826,False,,,1,OP1,C3_WIFI_CARGA_ALTA,N3
,0.504,0.466,0.314,1.0,,1787653453696.9866,15.99,-0.32,17.96,0.35,1787653453698.096,False,,,1,OP1,C3_WIFI_CARGA_ALTA,N3
,0.504,0.466,0.314,1.0,,1787653453724.8772,15.99,-0.32,17.96,0.35,1787653453724.8772,False,,,1,OP1,C3_WIFI_CARGA_ALTA,N3
,0.504,0.466,0.314,1.0,,1787653453765.2788,15.99,-0.32,17.96,0.35,1787653453765.2788,False,,,1,OP1,C3_WIFI_CARGA_ALTA,N3
,0.504,0.466,0.314,1.0,,1787653453792.9617,15.99,-0.32,17.96,0.35,1787653453792.9617,False,,,1,OP1,C3_WIFI_CARGA_ALTA,N3
,0.504,0.466,0.314,1.0,,1787653453820.6838,15.99,-0.32,17.96,0.35,1787653453822.7544,False,,,1,OP1,C3_WIFI_CARGA_ALTA,N3
,0.505,0.466,0.314,1.0,,1787653453867.057,15.99,-0.4,17.96,0.35,1787653453869.0757,False,,,1,OP1,C3_WIFI_CARGA_ALTA,N3
,0.505,0.466,0.314,1.0,,1787653454042.313,15.99,-0.4,17.96,0.35,1787653454045.515,False,,,1,OP1,C3_WIFI_CARGA_ALTA,N3
,0.504,0.466,0.316,1.0,,1787653454265.9026,16.06,-0.32,17.96,0.35,1787653454269.8047,False,,,1,OP1,C3_WIFI_CARGA_ALTA,N3
,0.505,0.466,0.314,1.0,,1787653454294.035,15.99,-0.4,17.96,0.35,1787653454294.035,False,,,1,OP1,C3_WIFI_CARGA_ALTA,N3
,0.506,0.466,0.314,1.0,,1787653454347.19,15.99,-0.48,17.96,0.35,1787653454351.8948,False,,,1,OP1,C3_WIFI_CARGA_ALTA,N3
,0.506,0.466,0.314,1.0,,1787653454374.4678,15.99,-0.48,17.96,0.35,1787653454378.844,False,,,1,OP1,C3_WIFI_CARGA_ALTA,N3
,0.506,0.466,0.314,1.0,,1787653454395.3354,15.99,-0.48,17.96,0.35,1787653454398.6792,False,,,1,OP1,C3_WIFI_CARGA_ALTA,N3
,0.506,0.466,0.315,1.0,,1787653454434.1123,16.025,-0.48,17.96,0.35,1787653454434.1123,False,,,1,OP1,C3_WIFI_CARGA_ALTA,N3
,0.506,0.465,0.316,1.0,,1787653454454.619,16.06,-0.48,17.9,0.35,1787653454454.619,False,,,1,OP1,C3_WIFI_CARGA_ALTA,N3
,0.506,0.465,0.316,1.0,,1787653454477.839,16.06,-0.48,17.9,0.35,1787653454477.839,False,,,1,OP1,C3_WIFI_CARGA_ALTA,N3
,0.506,0.466,0.316,1.0,,1787653454515.595,16.06,-0.48,17.96,0.35,1787653454517.6062,False,,,1,OP1,C3_WIFI_CARGA_ALTA,N3
,0.506,0.466,0.316,1.0,,1787653454681.696,16.06,-0.48,17.96,0.35,1787653454681.696,False,,,1,OP1,C3_WIFI_CARGA_ALTA,N3
,0.506,0.466,0.315,1.0,,1787653454710.946,16.025,-0.48,17.96,0.35,1787653454713.596,False,,,1,OP1,C3_WIFI_CARGA_ALTA,N3
,0.506,0.466,0.315,1.0,,1787653454737.302,16.025,-0.48,17.96,0.35,1787653454738.427,False,,,1,OP1,C3_WIFI_CARGA_ALTA,N3
,0.506,0.466,0.316,1.0,,1787653454766.6233,16.06,-0.48,17.96,0.35,1787653454770.609,False,,,1,OP1,C3_WIFI_CARGA_ALTA,N3
,0.506,0.465,0.316,1.0,,1787653454934.4165,16.06,-0.48,17.9,0.35,1787653454934.4165,False,,,1,OP1,C3_WIFI_CARGA_ALTA,N3
,0.506,0.465,0.315,1.0,,1787653454962.926,16.025,-0.48,17.9,0.35,1787653454964.4998,False,,,1,OP1,C3_WIFI_CARGA_ALTA,N3
,0.507,0.465,0.315,1.0,,1787653455018.95,16.025,-0.56,17.9,0.35,1787653455018.95,False,,,1,OP1,C3_WIFI_CARGA_ALTA,N3
,0.507,0.464,0.316,1.0,,1787653455075.1987,16.06,-0.56,17.84,0.35,1787653455075.1987,False,,,1,OP1,C3_WIFI_CARGA_ALTA,N3
,0.507,0.464,0.316,1.0,,1787653455101.3977,16.06,-0.56,17.84,0.35,1787653455101.3977,False,,,1,OP1,C3_WIFI_CARGA_ALTA,N3
,0.507,0.464,0.316,1.0,,1787653455293.5908,16.06,-0.56,17.84,0.35,1787653455293.5908,False,,,1,OP1,C3_WIFI_CARGA_ALTA,N3
,0.508,0.46,0.318,1.0,,1787653455454.1724,16.13,-0.64,17.6,0.35,1787653455455.6887,False,,,1,OP1,C3_WIFI_CARGA_ALTA,N3
,0.507,0.457,0.319,1.0,,1787653455486.1355,16.165,-0.56,17.42,0.35,1787653455486.1355,False,,,1,OP1,C3_WIFI_CARGA_ALTA,N3
,0.507,0.457,0.319,1.0,,1787653455510.914,16.165,-0.56,17.42,0.35,1787653455511.862,False,,,1,OP1,C3_WIFI_CARGA_ALTA,N3
,0.508,0.456,0.32,1.0,,1787653455547.8245,16.2,-0.64,17.36,0.35,1787653455549.8372,False,,,1,OP1,C3_WIFI_CARGA_ALTA,N3
,0.508,0.456,0.32,1.0,,1787653455575.259,16.2,-0.64,17.36,0.35,1787653455575.259,False,,,1,OP1,C3_WIFI_CARGA_ALTA,N3
,0.508,0.456,0.32,1.0,,1787653455795.6826,16.2,-0.64,17.36,0.35,1787653455797.572,False,,,1,OP1,C3_WIFI_CARGA_ALTA,N3
,0.507,0.454,0.322,1.0,,1787653455822.787,16.27,-0.56,17.24,0.35,1787653455822.787,False,,,1,OP1,C3_WIFI_CARGA_ALTA,N3
,0.507,0.454,0.323,1.0,,1787653455843.9958,16.305,-0.56,17.24,0.35,1787653455846.3076,False,,,1,OP1,C3_WIFI_CARGA_ALTA,N3
,0.507,0.454,0.322,1.0,,1787653455883.5574,16.27,-0.56,17.24,0.35,1787653455883.5574,False,,,1,OP1,C3_WIFI_CARGA_ALTA,N3
,0.507,0.454,0.322,1.0,,1787653455909.311,16.27,-0.56,17.24,0.35,1787653455912.09,False,,,1,OP1,C3_WIFI_CARGA_ALTA,N3
,0.507,0.454,0.322,1.0,,1787653456078.8582,16.27,-0.56,17.24,0.35,1787653456078.8582,False,,,1,OP1,C3_WIFI_CARGA_ALTA,N3
,0.507,0.455,0.321,1.0,,1787653456125.9778,16.235,-0.56,17.3,0.35,1787653456127.639,False,,,1,OP1,C3_WIFI_CARGA_ALTA,N3
,0.507,0.455,0.321,1.0,,1787653456287.145,16.235,-0.56,17.3,0.35,1787653456287.145,False,,,1,OP1,C3_WIFI_CARGA_ALTA,N3
,0.506,0.458,0.32,1.0,,1787653456326.7107,16.2,-0.48,17.48,0.35,1787653456328.7922,False,,,1,OP1,C3_WIFI_CARGA_ALTA,N3
,0.506,0.458,0.318,1.0,,1787653456381.6987,16.13,-0.48,17.48,0.35,1787653456381.6987,False,,,1,OP1,C3_WIFI_CARGA_ALTA,N3
,0.506,0.458,0.318,1.0,,1787653456410.1714,16.13,-0.48,17.48,0.35,1787653456411.5774,False,,,1,OP1,C3_WIFI_CARGA_ALTA,N3
,0.506,0.458,0.318,1.0,,1787653456555.7024,16.13,-0.48,17.48,0.35,1787653456555.7024,False,,,1,OP1,C3_WIFI_CARGA_ALTA,N3
,0.506,0.458,0.319,1.0,,1787653456715.8325,16.165,-0.48,17.48,0.35,1787653456717.8513,False,,,1,OP1,C3_WIFI_CARGA_ALTA,N3
,0.506,0.459,0.319,1.0,,1787653456744.991,16.165,-0.48,17.54,0.35,1787653456746.6194,False,,,1,OP1,C3_WIFI_CARGA_ALTA,N3
,0.506,0.459,0.317,1.0,,1787653456796.9834,16.095,-0.48,17.54,0.35,1787653456796.9834,False,,,1,OP1,C3_WIFI_CARGA_ALTA,N3
,0.506,0.46,0.316,1.0,,1787653456827.2583,16.06,-0.48,17.6,0.35,1787653456829.2695,False,,,1,OP1,C3_WIFI_CARGA_ALTA,N3
,0.506,0.461,0.316,1.0,,1787653456847.3809,16.06,-0.48,17.66,0.35,1787653456847.3809,False,,,1,OP1,C3_WIFI_CARGA_ALTA,N3
,0.506,0.461,0.316,1.0,,1787653456883.8142,16.06,-0.48,17.66,0.35,1787653456885.5796,False,,,1,OP1,C3_WIFI_CARGA_ALTA,N3
,0.506,0.462,0.316,1.0,,1787653456911.9065,16.06,-0.48,17.72,0.35,1787653456914.2507,False,,,1,OP1,C3_WIFI_CARGA_ALTA,N3
,0.506,0.463,0.316,1.0,,1787653456959.2715,16.06,-0.48,17.78,0.35,1787653456960.783,False,,,1,OP1,C3_WIFI_CARGA_ALTA,N3
,0.506,0.463,0.316,1.0,,1787653457163.4644,16.06,-0.48,17.78,0.35,1787653457165.4749,False,,,1,OP1,C3_WIFI_CARGA_ALTA,N3
,0.507,0.465,0.315,1.0,,1787653457207.7432,16.025,-0.56,17.9,0.35,1787653457209.4707,False,,,1,OP1,C3_WIFI_CARGA_ALTA,N3
,0.507,0.465,0.315,1.0,,1787653457233.7185,16.025,-0.56,17.9,0.35,1787653457235.0847,False,,,1,OP1,C3_WIFI_CARGA_ALTA,N3
,0.506,0.465,0.315,1.0,,1787653457263.2764,16.025,-0.48,17.9,0.35,1787653457263.2764,False,,,1,OP1,C3_WIFI_CARGA_ALTA,N3
,0.506,0.465,0.315,1.0,,1787653457301.5227,16.025,-0.48,17.9,0.35,1787653457302.0356,False,,,1,OP1,C3_WIFI_CARGA_ALTA,N3
,0.506,0.466,0.315,1.0,,1787653457334.7805,16.025,-0.48,17.96,0.35,1787653457336.1768,False,,,1,OP1,C3_WIFI_CARGA_ALTA,N3
,0.506,0.466,0.315,1.0,,1787653457366.9592,16.025,-0.48,17.96,0.35,1787653457366.9592,False,,,1,OP1,C3_WIFI_CARGA_ALTA,N3
,0.506,0.466,0.314,1.0,,1787653457402.931,15.99,-0.48,17.96,0.35,1787653457404.8464,False,,,1,OP1,C3_WIFI_CARGA_ALTA,N3
,0.506,0.467,0.313,1.0,,1787653457431.7764,15.955,-0.48,18.02,0.35,1787653457431.7764,False,,,1,OP1,C3_WIFI_CARGA_ALTA,N3
,0.506,0.468,0.313,1.0,,1787653457472.3906,15.955,-0.48,18.08,0.35,1787653457472.3906,False,,,1,OP1,C3_WIFI_CARGA_ALTA,N3
,0.507,0.468,0.312,1.0,,1787653457527.2368,15.92,-0.56,18.08,0.35,1787653457529.2317,False,,,1,OP1,C3_WIFI_CARGA_ALTA,N3
,0.507,0.468,0.312,1.0,,1787653457555.7668,15.92,-0.56,18.08,0.35,1787653457555.7668,False,,,1,OP1,C3_WIFI_CARGA_ALTA,N3
,0.507,0.467,0.311,1.0,,1787653457598.882,15.885,-0.56,18.02,0.35,1787653457598.882,False,,,1,OP1,C3_WIFI_CARGA_ALTA,N3
,0.506,0.467,0.303,1.0,,1787653457976.8735,15.605,-0.48,18.02,0.35,1787653457976.8735,False,,,1,OP1,C3_WIFI_CARGA_ALTA,N3
,0.505,0.467,0.304,1.0,,1787653458004.75,15.64,-0.4,18.02,0.35,1787653458004.75,False,,,1,OP1,C3_WIFI_CARGA_ALTA,N3
,0.505,0.467,0.304,1.0,,1787653458038.6377,15.64,-0.4,18.02,0.35,1787653458038.6377,False,,,1,OP1,C3_WIFI_CARGA_ALTA,N3
,0.505,0.467,0.303,1.0,,1787653458093.465,15.605,-0.4,18.02,0.35,1787653458095.7454,False,,,1,OP1,C3_WIFI_CARGA_ALTA,N3
,0.505,0.467,0.302,1.0,,1787653458140.7126,15.57,-0.4,18.02,0.35,1787653458140.7126,False,,,1,OP1,C3_WIFI_CARGA_ALTA,N3
,0.505,0.467,0.301,1.0,,1787653458173.7136,15.535,-0.4,18.02,0.35,1787653458174.758,False,,,1,OP1,C3_WIFI_CARGA_ALTA,N3
,0.504,0.467,0.301,1.0,,1787653458207.0063,15.535,-0.32,18.02,0.35,1787653458207.0063,False,,,1,OP1,C3_WIFI_CARGA_ALTA,N3
,0.504,0.467,0.3,1.0,,1787653458263.879,15.5,-0.32,18.02,0.35,1787653458265.64,False,,,1,OP1,C3_WIFI_CARGA_ALTA,N3
,0.503,0.468,0.301,1.0,,1787653458306.1067,15.535,-0.24,18.08,0.35,1787653458306.1067,False,,,1,OP1,C3_WIFI_CARGA_ALTA,N3
,0.503,0.468,0.301,1.0,,1787653458346.2686,15.535,-0.24,18.08,0.35,1787653458346.2686,False,,,1,OP1,C3_WIFI_CARGA_ALTA,N3
,0.503,0.468,0.301,1.0,,1787653458371.8132,15.535,-0.24,18.08,0.35,1787653458371.8132,False,,,1,OP1,C3_WIFI_CARGA_ALTA,N3
,0.503,0.468,0.301,1.0,,1787653458394.3523,15.535,-0.24,18.08,0.35,1787653458396.898,False,,,1,OP1,C3_WIFI_CARGA_ALTA,N3
,0.503,0.467,0.301,1.0,,1787653458430.7104,15.535,-0.24,18.02,0.35,1787653458430.7104,False,,,1,OP1,C3_WIFI_CARGA_ALTA,N3
,0.504,0.467,0.301,1.0,,1787653458457.5034,15.535,-0.32,18.02,0.35,1787653458457.5034,False,,,1,OP1,C3_WIFI_CARGA_ALTA,N3
,0.504,0.467,0.302,1.0,,1787653458512.819,15.57,-0.32,18.02,0.35,1787653458513.974,False,,,1,OP1,C3_WIFI_CARGA_ALTA,N3
,0.504,0.467,0.301,1.0,,1787653458539.818,15.535,-0.32,18.02,0.35,1787653458541.8538,False,,,1,OP1,C3_WIFI_CARGA_ALTA,N3
,0.503,0.466,0.302,1.0,,1787653458564.745,15.57,-0.24,17.96,0.35,1787653458564.745,False,,,1,OP1,C3_WIFI_CARGA_ALTA,N3
,0.504,0.465,0.303,1.0,,1787653458623.5034,15.605,-0.32,17.9,0.35,1787653458624.8384,False,,,1,OP1,C3_WIFI_CARGA_ALTA,N3
,0.504,0.465,0.303,1.0,,1787653458643.8062,15.605,-0.32,17.9,0.35,1787653458643.8062,False,,,1,OP1,C3_WIFI_CARGA_ALTA,N3
,0.504,0.465,0.303,1.0,,1787653458680.1023,15.605,-0.32,17.9,0.35,1787653458680.1023,False,,,1,OP1,C3_WIFI_CARGA_ALTA,N3
,0.504,0.464,0.303,1.0,,1787653458706.8442,15.605,-0.32,17.84,0.35,1787653458706.8442,False,,,1,OP1,C3_WIFI_CARGA_ALTA,N3
,0.504,0.464,0.304,1.0,,1787653458728.5637,15.64,-0.32,17.84,0.35,1787653458730.6172,False,,,1,OP1,C3_WIFI_CARGA_ALTA,N3
,0.504,0.464,0.304,1.0,,1787653458763.2107,15.64,-0.32,17.84,0.35,1787653458765.113,False,,,1,OP1,C3_WIFI_CARGA_ALTA,N3
,0.504,0.463,0.305,1.0,,1787653458812.4973,15.675,-0.32,17.78,0.35,1787653458814.5095,False,,,1,OP1,C3_WIFI_CARGA_ALTA,N3
,0.505,0.463,0.306,1.0,,1787653458840.697,15.71,-0.4,17.78,0.35,1787653458840.697,False,,,1,OP1,C3_WIFI_CARGA_ALTA,N3
,0.505,0.462,0.306,1.0,,1787653458874.6765,15.71,-0.4,17.72,0.35,1787653458876.6897,False,,,1,OP1,C3_WIFI_CARGA_ALTA,N3
,0.504,0.461,0.307,1.0,,1787653458896.9487,15.745,-0.32,17.66,0.35,1787653458896.9487,False,,,1,OP1,C3_WIFI_CARGA_ALTA,N3
,0.505,0.461,0.308,1.0,,1787653459208.8506,15.78,-0.4,17.66,0.35,1787653459217.8867,False,,,1,OP1,C3_WIFI_CARGA_ALTA,N3
,0.505,0.459,0.308,1.0,,1787653459264.9204,15.78,-0.4,17.54,0.35,1787653459266.0645,False,,,1,OP1,C3_WIFI_CARGA_ALTA,N3
,0.506,0.46,0.307,1.0,,1787653459316.1682,15.745,-0.48,17.6,0.35,1787653459316.923,False,,,1,OP1,C3_WIFI_CARGA_ALTA,N3
,0.506,0.46,0.307,1.0,,1787653459346.5632,15.745,-0.48,17.6,0.35,1787653459348.5945,False,,,1,OP1,C3_WIFI_CARGA_ALTA,N3
,0.505,0.46,0.307,1.0,,1787653459375.7444,15.745,-0.4,17.6,0.35,1787653459377.7527,False,,,1,OP1,C3_WIFI_CARGA_ALTA,N3
,0.505,0.459,0.307,1.0,,1787653459400.551,15.745,-0.4,17.54,0.35,1787653459401.5762,False,,,1,OP1,C3_WIFI_CARGA_ALTA,N3
,0.505,0.459,0.307,1.0,,1787653459567.3853,15.745,-0.4,17.54,0.35,1787653459569.6436,False,,,1,OP1,C3_WIFI_CARGA_ALTA,N3
,0.504,0.458,0.307,1.0,,1787653459619.4353,15.745,-0.32,17.48,0.35,1787653459620.7969,False,,,1,OP1,C3_WIFI_CARGA_ALTA,N3
,0.504,0.458,0.307,1.0,,1787653459653.4436,15.745,-0.32,17.48,0.35,1787653459653.4436,False,,,1,OP1,C3_WIFI_CARGA_ALTA,N3
,0.504,0.458,0.306,1.0,,1787653459681.3396,15.71,-0.32,17.48,0.35,1787653459681.3396,False,,,1,OP1,C3_WIFI_CARGA_ALTA,N3
,0.504,0.458,0.305,1.0,,1787653459736.3083,15.675,-0.32,17.48,0.35,1787653459736.3083,False,,,1,OP1,C3_WIFI_CARGA_ALTA,N3
,0.504,0.458,0.305,1.0,,1787653459763.6382,15.675,-0.32,17.48,0.35,1787653459763.6382,False,,,1,OP1,C3_WIFI_CARGA_ALTA,N3
,0.504,0.458,0.305,1.0,,1787653459887.6746,15.675,-0.32,17.48,0.35,1787653459889.3203,False,,,1,OP1,C3_WIFI_CARGA_ALTA,N3
,0.504,0.458,0.304,1.0,,1787653459921.7102,15.64,-0.32,17.48,0.35,1787653459924.287,False,,,1,OP1,C3_WIFI_CARGA_ALTA,N3
,0.504,0.458,0.304,1.0,,1787653459951.4294,15.64,-0.32,17.48,0.35,1787653459953.4392,False,,,1,OP1,C3_WIFI_CARGA_ALTA,N3
,0.504,0.458,0.304,1.0,,1787653459987.158,15.64,-0.32,17.48,0.35,1787653459988.422,False,,,1,OP1,C3_WIFI_CARGA_ALTA,N3
,0.504,0.458,0.304,1.0,,1787653460015.557,15.64,-0.32,17.48,0.35,1787653460017.31,False,,,1,OP1,C3_WIFI_CARGA_ALTA,N3
,0.504,0.458,0.304,1.0,,1787653460035.9446,15.64,-0.32,17.48,0.35,1787653460037.318,False,,,1,OP1,C3_WIFI_CARGA_ALTA,N3
,0.504,0.458,0.304,1.0,,1787653460071.6768,15.64,-0.32,17.48,0.35,1787653460073.058,False,,,1,OP1,C3_WIFI_CARGA_ALTA,N3
,0.503,0.459,0.304,1.0,,1787653460122.7063,15.64,-0.24,17.54,0.35,1787653460122.7063,False,,,1,OP1,C3_WIFI_CARGA_ALTA,N3
,0.503,0.459,0.304,1.0,,1787653460155.8503,15.64,-0.24,17.54,0.35,1787653460156.861,False,,,1,OP1,C3_WIFI_CARGA_ALTA,N3
,0.503,0.459,0.304,1.0,,1787653460183.0112,15.64,-0.24,17.54,0.35,1787653460183.0112,False,,,1,OP1,C3_WIFI_CARGA_ALTA,N3
,0.503,0.459,0.303,1.0,,1787653460204.0996,15.605,-0.24,17.54,0.35,1787653460204.0996,False,,,1,OP1,C3_WIFI_CARGA_ALTA,N3
,0.503,0.459,0.303,1.0,,1787653460238.5671,15.605,-0.24,17.54,0.35,1787653460240.3152,False,,,1,OP1,C3_WIFI_CARGA_ALTA,N3
,0.503,0.459,0.304,1.0,,1787653460290.6523,15.64,-0.24,17.54,0.35,1787653460290.6523,False,,,1,OP1,C3_WIFI_CARGA_ALTA,N3
,0.503,0.459,0.304,1.0,,1787653460322.4077,15.64,-0.24,17.54,0.35,1787653460322.4077,False,,,1,OP1,C3_WIFI_CARGA_ALTA,N3
,0.502,0.46,0.304,1.0,,1787653460349.8594,15.64,-0.16,17.6,0.35,1787653460352.2336,False,,,1,OP1,C3_WIFI_CARGA_ALTA,N3
,0.502,0.46,0.304,1.0,,1787653460540.074,15.64,-0.16,17.6,0.35,1787653460540.6812,False,,,1,OP1,C3_WIFI_CARGA_ALTA,N3
,0.502,0.46,0.304,1.0,,1787653460572.8274,15.64,-0.16,17.6,0.35,1787653460574.931,False,,,1,OP1,C3_WIFI_CARGA_ALTA,N3
,0.502,0.46,0.305,1.0,,1787653460594.5415,15.675,-0.16,17.6,0.35,1787653460594.5415,False,,,1,OP1,C3_WIFI_CARGA_ALTA,N3
,0.502,0.46,0.305,1.0,,1787653460621.0012,15.675,-0.16,17.6,0.35,1787653460621.0012,False,,,1,OP1,C3_WIFI_CARGA_ALTA,N3
,0.502,0.46,0.305,1.0,,1787653460657.0637,15.675,-0.16,17.6,0.35,1787653460657.0637,False,,,1,OP1,C3_WIFI_CARGA_ALTA,N3
,0.502,0.46,0.305,1.0,,1787653460684.7715,15.675,-0.16,17.6,0.35,1787653460684.7715,False,,,1,OP1,C3_WIFI_CARGA_ALTA,N3
,0.502,0.459,0.305,1.0,,1787653460710.3413,15.675,-0.16,17.54,0.35,1787653460712.105,False,,,1,OP1,C3_WIFI_CARGA_ALTA,N3
,0.502,0.459,0.305,1.0,,1787653460740.061,15.675,-0.16,17.54,0.35,1787653460744.2307,False,,,1,OP1,C3_WIFI_CARGA_ALTA,N3
,0.502,0.459,0.305,1.0,,1787653460795.116,15.675,-0.16,17.54,0.35,1787653460795.116,False,,,1,OP1,C3_WIFI_CARGA_ALTA,N3
,0.502,0.459,0.306,1.0,,1787653460823.7363,15.71,-0.16,17.54,0.35,1787653460825.7512,False,,,1,OP1,C3_WIFI_CARGA_ALTA,N3
,0.502,0.458,0.308,1.0,,1787653460878.4883,15.78,-0.16,17.48,0.35,1787653460878.4883,False,,,1,OP1,C3_WIFI_CARGA_ALTA,N3
,0.502,0.458,0.308,1.0,,1787653460923.1145,15.78,-0.16,17.48,0.35,1787653460924.4375,False,,,1,OP1,C3_WIFI_CARGA_ALTA,N3
,0.502,0.458,0.308,1.0,,1787653460950.3044,15.78,-0.16,17.48,0.35,1787653460950.3044,False,,,1,OP1,C3_WIFI_CARGA_ALTA,N3
,0.502,0.458,0.308,1.0,,1787653460991.0842,15.78,-0.16,17.48,0.35,1787653460993.0957,False,,,1,OP1,C3_WIFI_CARGA_ALTA,N3
,0.502,0.458,0.307,1.0,,1787653461046.881,15.745,-0.16,17.48,0.35,1787653461046.881,False,,,1,OP1,C3_WIFI_CARGA_ALTA,N3
,0.502,0.457,0.307,1.0,,1787653461093.5342,15.745,-0.16,17.42,0.35,1787653461095.5444,False,,,1,OP1,C3_WIFI_CARGA_ALTA,N3
,0.502,0.457,0.307,1.0,,1787653461130.508,15.745,-0.16,17.42,0.35,1787653461131.324,False,,,1,OP1,C3_WIFI_CARGA_ALTA,N3
,0.502,0.457,0.307,1.0,,1787653461157.5771,15.745,-0.16,17.42,0.35,1787653461158.595,False,,,1,OP1,C3_WIFI_CARGA_ALTA,N3
,0.502,0.458,0.306,1.0,,1787653461210.629,15.71,-0.16,17.48,0.35,1787653461215.0957,False,,,1,OP1,C3_WIFI_CARGA_ALTA,N3
,0.502,0.458,0.306,1.0,,1787653461233.691,15.71,-0.16,17.48,0.35,1787653461234.3489,False,,,1,OP1,C3_WIFI_CARGA_ALTA,N3
,0.502,0.458,0.306,1.0,,1787653461258.5254,15.71,-0.16,17.48,0.35,1787653461258.5254,False,,,1,OP1,C3_WIFI_CARGA_ALTA,N3
,0.502,0.458,0.305,1.0,,1787653461294.89,15.675,-0.16,17.48,0.35,1787653461298.9875,False,,,1,OP1,C3_WIFI_CARGA_ALTA,N3
,0.502,0.458,0.305,1.0,,1787653461326.639,15.675,-0.16,17.48,0.35,1787653461326.639,False,,,1,OP1,C3_WIFI_CARGA_ALTA,N3
,0.502,0.458,0.304,1.0,,1787653461352.34,15.64,-0.16,17.48,0.35,1787653461355.8298,False,,,1,OP1,C3_WIFI_CARGA_ALTA,N3
,0.502,0.459,0.304,1.0,,1787653461403.958,15.64,-0.16,17.54,0.35,1787653461403.958,False,,,1,OP1,C3_WIFI_CARGA_ALTA,N3
,0.502,0.459,0.304,1.0,,1787653461424.2686,15.64,-0.16,17.54,0.35,1787653461426.2693,False,,,1,OP1,C3_WIFI_CARGA_ALTA,N3
,0.503,0.459,0.304,1.0,,1787653461460.017,15.64,-0.24,17.54,0.35,1787653461460.017,False,,,1,OP1,C3_WIFI_CARGA_ALTA,N3
,0.502,0.458,0.304,1.0,,1787653461489.9187,15.64,-0.16,17.48,0.35,1787653461489.9187,False,,,1,OP1,C3_WIFI_CARGA_ALTA,N3
,0.503,0.458,0.304,1.0,,1787653461510.4058,15.64,-0.24,17.48,0.35,1787653461512.0706,False,,,1,OP1,C3_WIFI_CARGA_ALTA,N3
,0.503,0.458,0.304,1.0,,1787653461687.09,15.64,-0.24,17.48,0.35,1787653461689.9917,False,,,1,OP1,C3_WIFI_CARGA_ALTA,N3
,0.503,0.456,0.306,1.0,,1787653461743.637,15.71,-0.24,17.36,0.35,1787653461743.637,False,,,1,OP1,C3_WIFI_CARGA_ALTA,N3
,0.502,0.456,0.307,1.0,,1787653461799.139,15.745,-0.16,17.36,0.35,1787653461802.3862,False,,,1,OP1,C3_WIFI_CARGA_ALTA,N3
,0.502,0.456,0.307,1.0,,1787653461819.193,15.745,-0.16,17.36,0.35,1787653461819.7212,False,,,1,OP1,C3_WIFI_CARGA_ALTA,N3
,0.502,0.456,0.307,1.0,,1787653461843.2668,15.745,-0.16,17.36,0.35,1787653461843.2668,False,,,1,OP1,C3_WIFI_CARGA_ALTA,N3
,0.502,0.457,0.307,1.0,,1787653461881.6638,15.745,-0.16,17.42,0.35,1787653461881.6638,False,,,1,OP1,C3_WIFI_CARGA_ALTA,N3
,0.502,0.457,0.307,1.0,,1787653461909.5771,15.745,-0.16,17.42,0.35,1787653461909.5771,False,,,1,OP1,C3_WIFI_CARGA_ALTA,N3
,0.503,0.456,0.307,1.0,,1787653461965.2815,15.745,-0.24,17.36,0.35,1787653461965.2815,False,,,1,OP1,C3_WIFI_CARGA_ALTA,N3
,0.503,0.456,0.307,1.0,,1787653461994.6602,15.745,-0.24,17.36,0.35,1787653461994.6602,False,,,1,OP1,C3_WIFI_CARGA_ALTA,N3
,0.503,0.457,0.307,1.0,,1787653462039.8115,15.745,-0.24,17.42,0.35,1787653462039.8115,False,,,1,OP1,C3_WIFI_CARGA_ALTA,N3
,0.503,0.458,0.307,1.0,,1787653462077.3618,15.745,-0.24,17.48,0.35,1787653462079.3755,False,,,1,OP1,C3_WIFI_CARGA_ALTA,N3
,0.503,0.459,0.307,1.0,,1787653462127.192,15.745,-0.24,17.54,0.35,1787653462129.2014,False,,,1,OP1,C3_WIFI_CARGA_ALTA,N3
,0.503,0.46,0.307,1.0,,1787653462160.4956,15.745,-0.24,17.6,0.35,1787653462162.5051,False,,,1,OP1,C3_WIFI_CARGA_ALTA,N3
,0.503,0.461,0.307,1.0,,1787653462215.826,15.745,-0.24,17.66,0.35,1787653462215.826,False,,,1,OP1,C3_WIFI_CARGA_ALTA,N3
,0.503,0.46,0.307,1.0,,1787653462242.928,15.745,-0.24,17.6,0.35,1787653462242.928,False,,,1,OP1,C3_WIFI_CARGA_ALTA,N3
,0.503,0.46,0.308,1.0,,1787653462439.8428,15.78,-0.24,17.6,0.35,1787653462440.316,False,,,1,OP1,C3_WIFI_CARGA_ALTA,N3
,0.5,0.459,0.321,1.0,,1787653462465.4363,16.235,0.0,17.54,0.35,1787653462465.4363,False,,,1,OP1,C3_WIFI_CARGA_ALTA,N3
,0.5,0.459,0.322,1.0,,1787653462495.132,16.27,0.0,17.54,0.35,1787653462495.132,False,,,1,OP1,C3_WIFI_CARGA_ALTA,N3
,0.501,0.459,0.324,1.0,,1787653462665.5117,16.34,-0.08,17.54,0.35,1787653462667.5403,False,,,1,OP1,C3_WIFI_CARGA_ALTA,N3
,0.5,0.458,0.329,1.0,,1787653462713.1638,16.515,0.0,17.48,0.35,1787653462715.1978,False,,,1,OP1,C3_WIFI_CARGA_ALTA,N3
,0.501,0.458,0.329,1.0,,1787653462745.0598,16.515,-0.08,17.48,0.35,1787653462748.5283,False,,,1,OP1,C3_WIFI_CARGA_ALTA,N3
,0.5,0.457,0.332,1.0,,1787653462795.295,16.62,0.0,17.42,0.35,1787653462795.295,False,,,1,OP1,C3_WIFI_CARGA_ALTA,N3
,0.5,0.457,0.333,1.0,,1787653462830.5671,16.655,0.0,17.42,0.35,1787653462832.8667,False,,,1,OP1,C3_WIFI_CARGA_ALTA,N3
,0.501,0.456,0.333,1.0,,1787653462879.898,16.655,-0.08,17.36,0.35,1787653462879.898,False,,,1,OP1,C3_WIFI_CARGA_ALTA,N3
,0.501,0.456,0.333,1.0,,1787653462910.5454,16.655,-0.08,17.36,0.35,1787653462915.0522,False,,,1,OP1,C3_WIFI_CARGA_ALTA,N3
,0.501,0.456,0.333,1.0,,1787653462931.3013,16.655,-0.08,17.36,0.35,1787653462931.3013,False,,,1,OP1,C3_WIFI_CARGA_ALTA,N3
,0.502,0.456,0.333,1.0,,1787653462962.824,16.655,-0.16,17.36,0.35,1787653462964.5654,False,,,1,OP1,C3_WIFI_CARGA_ALTA,N3
,0.502,0.456,0.334,1.0,,1787653463016.3235,16.69,-0.16,17.36,0.35,1787653463018.3784,False,,,1,OP1,C3_WIFI_CARGA_ALTA,N3
,0.503,0.456,0.334,1.0,,1787653463046.3982,16.69,-0.24,17.36,0.35,1787653463046.3982,False,,,1,OP1,C3_WIFI_CARGA_ALTA,N3
,0.503,0.456,0.335,1.0,,1787653463078.2473,16.725,-0.24,17.36,0.35,1787653463081.3008,False,,,1,OP1,C3_WIFI_CARGA_ALTA,N3
,0.503,0.456,0.336,1.0,,1787653463106.4478,16.76,-0.24,17.36,0.35,1787653463108.4573,False,,,1,OP1,C3_WIFI_CARGA_ALTA,N3
,0.503,0.455,0.337,1.0,,1787653463129.535,16.795,-0.24,17.3,0.35,1787653463129.535,False,,,1,OP1,C3_WIFI_CARGA_ALTA,N3
,0.503,0.456,0.338,1.0,,1787653463163.1328,16.83,-0.24,17.36,0.35,1787653463166.8066,False,,,1,OP1,C3_WIFI_CARGA_ALTA,N3
,0.502,0.456,0.338,1.0,,1787653463214.163,16.83,-0.16,17.36,0.35,1787653463214.673,False,,,1,OP1,C3_WIFI_CARGA_ALTA,N3
,0.502,0.455,0.339,1.0,,1787653463245.8938,16.865,-0.16,17.3,0.35,1787653463247.9026,False,,,1,OP1,C3_WIFI_CARGA_ALTA,N3
,0.502,0.455,0.341,1.0,,1787653463275.2136,16.935,-0.16,17.3,0.35,1787653463275.2136,False,,,1,OP1,C3_WIFI_CARGA_ALTA,N3
,0.501,0.456,0.343,1.0,,1787653463299.0542,17.005,-0.08,17.36,0.35,1787653463301.514,False,,,1,OP1,C3_WIFI_CARGA_ALTA,N3
,0.501,0.456,0.344,1.0,,1787653463319.8955,17.04,-0.08,17.36,0.35,1787653463321.395,False,,,1,OP1,C3_WIFI_CARGA_ALTA,N3
,0.501,0.456,0.344,1.0,,1787653463352.1123,17.04,-0.08,17.36,0.35,1787653463354.89,False,,,1,OP1,C3_WIFI_CARGA_ALTA,N3
,0.5,0.456,0.344,1.0,,1787653463381.8752,17.04,0.0,17.36,0.35,1787653463381.8752,False,,,1,OP1,C3_WIFI_CARGA_ALTA,N3
,0.5,0.456,0.345,1.0,,1787653463524.6504,17.075,0.0,17.36,0.35,1787653463525.5508,False,,,1,OP1,C3_WIFI_CARGA_ALTA,N3
,0.498,0.456,0.343,1.0,,1787653463548.7925,17.005,0.16,17.36,0.35,1787653463549.3523,False,,,1,OP1,C3_WIFI_CARGA_ALTA,N3
,0.498,0.456,0.343,1.0,,1787653463579.9338,17.005,0.16,17.36,0.35,1787653463579.9338,False,,,1,OP1,C3_WIFI_CARGA_ALTA,N3
,0.498,0.456,0.343,1.0,,1787653463608.9402,17.005,0.16,17.36,0.35,1787653463608.9402,False,,,1,OP1,C3_WIFI_CARGA_ALTA,N3
,0.498,0.456,0.343,1.0,,1787653463635.4773,17.005,0.16,17.36,0.35,1787653463638.0735,False,,,1,OP1,C3_WIFI_CARGA_ALTA,N3
,0.498,0.456,0.344,1.0,,1787653463680.243,17.04,0.16,17.36,0.35,1787653463680.243,False,,,1,OP1,C3_WIFI_CARGA_ALTA,N3
,0.497,0.457,0.344,1.0,,1787653463718.1875,17.04,0.24,17.42,0.35,1787653463718.1875,False,,,1,OP1,C3_WIFI_CARGA_ALTA,N3
,0.498,0.457,0.344,1.0,,1787653463741.6724,17.04,0.16,17.42,0.35,1787653463742.6863,False,,,1,OP1,C3_WIFI_CARGA_ALTA,N3
,0.498,0.456,0.344,1.0,,1787653463775.0178,17.04,0.16,17.36,0.35,1787653463776.0835,False,,,1,OP1,C3_WIFI_CARGA_ALTA,N3
,0.498,0.456,0.344,1.0,,1787653463801.6523,17.04,0.16,17.36,0.35,1787653463801.6523,False,,,1,OP1,C3_WIFI_CARGA_ALTA,N3
,0.497,0.456,0.344,1.0,,1787653463823.0962,17.04,0.24,17.36,0.35,1787653463824.933,False,,,1,OP1,C3_WIFI_CARGA_ALTA,N3
,0.497,0.456,0.344,1.0,,1787653463848.58,17.04,0.24,17.36,0.35,1787653463848.58,False,,,1,OP1,C3_WIFI_CARGA_ALTA,N3
,0.497,0.456,0.344,1.0,,1787653464125.5952,17.04,0.24,17.36,0.35,1787653464125.5952,False,,,1,OP1,C3_WIFI_CARGA_ALTA,N3
,0.501,0.452,0.348,1.0,,1787653464157.9888,17.18,-0.08,17.12,0.35,1787653464157.9888,False,,,1,OP1,C3_WIFI_CARGA_ALTA,N3
,0.501,0.451,0.348,1.0,,1787653464187.2656,17.18,-0.08,17.06,0.35,1787653464189.2737,False,,,1,OP1,C3_WIFI_CARGA_ALTA,N3
,0.501,0.451,0.348,1.0,,1787653464220.8303,17.18,-0.08,17.06,0.35,1787653464220.8303,False,,,1,OP1,C3_WIFI_CARGA_ALTA,N3
,0.501,0.451,0.348,1.0,,1787653464250.707,17.18,-0.08,17.06,0.35,1787653464251.7202,False,,,1,OP1,C3_WIFI_CARGA_ALTA,N3
,0.501,0.45,0.349,1.0,,1787653464272.6924,17.215,-0.08,17.0,0.35,1787653464272.6924,False,,,1,OP1,C3_WIFI_CARGA_ALTA,N3
,0.501,0.45,0.35,1.0,,1787653464329.827,17.25,-0.08,17.0,0.35,1787653464330.5005,False,,,1,OP1,C3_WIFI_CARGA_ALTA,N3
,0.501,0.449,0.35,1.0,,1787653464356.992,17.25,-0.08,16.94,0.35,1787653464356.992,False,,,1,OP1,C3_WIFI_CARGA_ALTA,N3
,0.501,0.449,0.35,1.0,,1787653464387.6838,17.25,-0.08,16.94,0.35,1787653464389.6912,False,,,1,OP1,C3_WIFI_CARGA_ALTA,N3
,0.501,0.449,0.35,1.0,,1787653464417.0828,17.25,-0.08,16.94,0.35,1787653464417.0828,False,,,1,OP1,C3_WIFI_CARGA_ALTA,N3
,0.501,0.449,0.35,1.0,,1787653464437.1797,17.25,-0.08,16.94,0.35,1787653464437.1797,False,,,1,OP1,C3_WIFI_CARGA_ALTA,N3
,0.501,0.449,0.349,1.0,,1787653464471.8557,17.215,-0.08,16.94,0.35,1787653464472.7957,False,,,1,OP1,C3_WIFI_CARGA_ALTA,N3
,0.501,0.45,0.349,1.0,,1787653464521.1182,17.215,-0.08,17.0,0.35,1787653464523.129,False,,,1,OP1,C3_WIFI_CARGA_ALTA,N3
,0.501,0.45,0.348,1.0,,1787653464554.6848,17.18,-0.08,17.0,0.35,1787653464554.6848,False,,,1,OP1,C3_WIFI_CARGA_ALTA,N3
,0.501,0.45,0.348,1.0,,1787653464582.9087,17.18,-0.08,17.0,0.35,1787653464583.673,False,,,1,OP1,C3_WIFI_CARGA_ALTA,N3
,0.501,0.45,0.348,1.0,,1787653464606.0872,17.18,-0.08,17.0,0.35,1787653464606.0872,False,,,1,OP1,C3_WIFI_CARGA_ALTA,N3
,0.501,0.45,0.348,1.0,,1787653464638.035,17.18,-0.08,17.0,0.35,1787653464639.189,False,,,1,OP1,C3_WIFI_CARGA_ALTA,N3
,0.501,0.45,0.348,1.0,,1787653464658.172,17.18,-0.08,17.0,0.35,1787653464658.172,False,,,1,OP1,C3_WIFI_CARGA_ALTA,N3
,0.501,0.45,0.348,1.0,,1787653464689.8596,17.18,-0.08,17.0,0.35,1787653464691.8708,False,,,1,OP1,C3_WIFI_CARGA_ALTA,N3
,0.501,0.45,0.348,1.0,,1787653464721.6953,17.18,-0.08,17.0,0.35,1787653464721.6953,False,,,1,OP1,C3_WIFI_CARGA_ALTA,N3
,0.501,0.45,0.347,1.0,,1787653464749.9426,17.145,-0.08,17.0,0.35,1787653464751.5613,False,,,1,OP1,C3_WIFI_CARGA_ALTA,N3
,0.501,0.451,0.347,1.0,,1787653464775.8027,17.145,-0.08,17.06,0.35,1787653464775.8027,False,,,1,OP1,C3_WIFI_CARGA_ALTA,N3
,0.501,0.451,0.347,1.0,,1787653464825.1045,17.145,-0.08,17.06,0.35,1787653464825.1045,False,,,1,OP1,C3_WIFI_CARGA_ALTA,N3
,0.501,0.451,0.347,1.0,,1787653464858.9924,17.145,-0.08,17.06,0.35,1787653464858.9924,False,,,1,OP1,C3_WIFI_CARGA_ALTA,N3
,0.501,0.451,0.347,1.0,,1787653464887.538,17.145,-0.08,17.06,0.35,1787653464889.55,False,,,1,OP1,C3_WIFI_CARGA_ALTA,N3
,0.501,0.451,0.347,1.0,,1787653464915.0771,17.145,-0.08,17.06,0.35,1787653464915.0771,False,,,1,OP1,C3_WIFI_CARGA_ALTA,N3
,0.501,0.451,0.345,1.0,,1787653464943.5393,17.075,-0.08,17.06,0.35,1787653464943.5393,False,,,1,OP1,C3_WIFI_CARGA_ALTA,N3
,0.5,0.451,0.341,1.0,,1787653465099.4153,16.935,0.0,17.06,0.35,1787653465099.4153,False,,,1,OP1,C3_WIFI_CARGA_ALTA,N3
,0.499,0.452,0.334,1.0,,1787653465127.5757,16.69,0.08,17.12,0.35,1787653465131.954,False,,,1,OP1,C3_WIFI_CARGA_ALTA,N3
,0.498,0.454,0.333,1.0,,1787653465163.0706,16.655,0.16,17.24,0.35,1787653465164.7825,False,,,1,OP1,C3_WIFI_CARGA_ALTA,N3
,0.498,0.455,0.331,1.0,,1787653465196.609,16.585,0.16,17.3,0.35,1787653465196.609,False,,,1,OP1,C3_WIFI_CARGA_ALTA,N3
,0.498,0.456,0.328,1.0,,1787653465224.7222,16.48,0.16,17.36,0.35,1787653465224.7222,False,,,1,OP1,C3_WIFI_CARGA_ALTA,N3
,0.497,0.46,0.323,1.0,,1787653465278.5142,16.305,0.24,17.6,0.35,1787653465280.5332,False,,,1,OP1,C3_WIFI_CARGA_ALTA,N3
,0.496,0.464,0.316,1.0,,1787653465326.76,16.06,0.32,17.84,0.35,1787653465327.774,False,,,1,OP1,C3_WIFI_CARGA_ALTA,N3
,0.496,0.465,0.312,1.0,,1787653465360.5923,15.92,0.32,17.9,0.35,1787653465364.6794,False,,,1,OP1,C3_WIFI_CARGA_ALTA,N3
,0.495,0.466,0.309,1.0,,1787653465390.6038,15.815,0.4,17.96,0.35,1787653465391.1648,False,,,1,OP1,C3_WIFI_CARGA_ALTA,N3
,0.495,0.466,0.309,1.0,,1787653465412.0403,15.815,0.4,17.96,0.35,1787653465412.0403,False,,,1,OP1,C3_WIFI_CARGA_ALTA,N3
,0.495,0.466,0.308,1.0,,1787653465435.257,15.78,0.4,17.96,0.35,1787653465436.0078,False,,,1,OP1,C3_WIFI_CARGA_ALTA,N3
,0.495,0.466,0.307,1.0,,1787653465468.87,15.745,0.4,17.96,0.35,1787653465468.87,False,,,1,OP1,C3_WIFI_CARGA_ALTA,N3
,0.495,0.466,0.306,1.0,,1787653465494.3835,15.71,0.4,17.96,0.35,1787653465494.3835,False,,,1,OP1,C3_WIFI_CARGA_ALTA,N3
,0.495,0.466,0.306,1.0,,1787653465530.4722,15.71,0.4,17.96,0.35,1787653465532.4824,False,,,1,OP1,C3_WIFI_CARGA_ALTA,N3
,0.495,0.467,0.305,1.0,,1787653465557.0422,15.675,0.4,18.02,0.35,1787653465558.1104,False,,,1,OP1,C3_WIFI_CARGA_ALTA,N3
,0.495,0.467,0.305,1.0,,1787653465766.5637,15.675,0.4,18.02,0.35,1787653465771.0376,False,,,1,OP1,C3_WIFI_CARGA_ALTA,N3
,0.495,0.469,0.304,1.0,,1787653465807.8628,15.64,0.4,18.14,0.35,1787653465809.8162,False,,,1,OP1,C3_WIFI_CARGA_ALTA,N3
,0.495,0.47,0.303,1.0,,1787653465863.793,15.605,0.4,18.2,0.35,1787653465865.8003,False,,,1,OP1,C3_WIFI_CARGA_ALTA,N3
,0.496,0.47,0.303,1.0,,1787653465890.4854,15.605,0.32,18.2,0.35,1787653465890.4854,False,,,1,OP1,C3_WIFI_CARGA_ALTA,N3
,0.495,0.47,0.303,1.0,,1787653466082.334,15.605,0.4,18.2,0.35,1787653466082.334,False,,,1,OP1,C3_WIFI_CARGA_ALTA,N3
,0.497,0.47,0.304,1.0,,1787653466103.3333,15.64,0.24,18.2,0.35,1787653466105.5122,False,,,1,OP1,C3_WIFI_CARGA_ALTA,N3
,0.498,0.469,0.305,1.0,,1787653466281.7505,15.675,0.16,18.14,0.35,1787653466283.7844,False,,,1,OP1,C3_WIFI_CARGA_ALTA,N3
,0.5,0.464,0.309,1.0,,1787653466333.8213,15.815,0.0,17.84,0.35,1787653466333.8213,False,,,1,OP1,C3_WIFI_CARGA_ALTA,N3
,0.501,0.463,0.308,1.0,,1787653466363.063,15.78,-0.08,17.78,0.35,1787653466364.4067,False,,,1,OP1,C3_WIFI_CARGA_ALTA,N3
,0.502,0.463,0.307,1.0,,1787653466393.005,15.745,-0.16,17.78,0.35,1787653466393.005,False,,,1,OP1,C3_WIFI_CARGA_ALTA,N3
,0.502,0.462,0.308,1.0,,1787653466420.9404,15.78,-0.16,17.72,0.35,1787653466422.251,False,,,1,OP1,C3_WIFI_CARGA_ALTA,N3
,0.502,0.462,0.307,1.0,,1787653466447.932,15.745,-0.16,17.72,0.35,1787653466447.932,False,,,1,OP1,C3_WIFI_CARGA_ALTA,N3
,0.503,0.462,0.307,1.0,,1787653466476.458,15.745,-0.24,17.72,0.35,1787653466479.0242,False,,,1,OP1,C3_WIFI_CARGA_ALTA,N3
,0.503,0.462,0.309,1.0,,1787653466531.9353,15.815,-0.24,17.72,0.35,1787653466531.9353,False,,,1,OP1,C3_WIFI_CARGA_ALTA,N3
,0.503,0.462,0.309,1.0,,1787653466559.9314,15.815,-0.24,17.72,0.35,1787653466561.6328,False,,,1,OP1,C3_WIFI_CARGA_ALTA,N3
,0.503,0.462,0.309,1.0,,1787653466587.0215,15.815,-0.24,17.72,0.35,1787653466587.0215,False,,,1,OP1,C3_WIFI_CARGA_ALTA,N3
,0.504,0.462,0.309,1.0,,1787653466610.0454,15.815,-0.32,17.72,0.35,1787653466610.4187,False,,,1,OP1,C3_WIFI_CARGA_ALTA,N3
,0.504,0.462,0.309,1.0,,1787653466776.428,15.815,-0.32,17.72,0.35,1787653466776.428,False,,,1,OP1,C3_WIFI_CARGA_ALTA,N3
,0.504,0.46,0.311,1.0,,1787653466947.5898,15.885,-0.32,17.6,0.35,1787653466947.5898,False,,,1,OP1,C3_WIFI_CARGA_ALTA,N3
,0.479,0.472,0.335,1.0,,1787653467081.9795,16.725,1.68,18.32,0.35,1787653467082.6943,False,,,1,OP1,C3_WIFI_CARGA_ALTA,N3
,0.409,0.465,0.473,1.0,,1787653467218.6904,21.555,7.28,17.9,0.35,1787653467219.5923,False,,,1,OP1,C3_WIFI_CARGA_ALTA,N3
,0.288,0.49,0.458,1.0,,1787653467244.7156,21.03,16.96,19.4,0.35,1787653467245.4814,False,,,1,OP1,C3_WIFI_CARGA_ALTA,N3
,0.274,0.488,0.448,1.0,,1787653467281.2295,20.68,18.08,19.28,0.35,1787653467283.2363,False,,,1,OP1,C3_WIFI_CARGA_ALTA,N3
,0.259,0.488,0.44,1.0,,1787653467310.346,20.4,19.28,19.28,0.35,1787653467312.3523,False,,,1,OP1,C3_WIFI_CARGA_ALTA,N3
,0.244,0.49,0.434,1.0,,1787653467339.652,20.19,20.48,19.4,0.35,1787653467339.652,False,,,1,OP1,C3_WIFI_CARGA_ALTA,N3
,0.225,0.495,0.43,1.0,,1787653467365.1975,20.05,22.0,19.7,0.35,1787653467365.1975,False,,,1,OP1,C3_WIFI_CARGA_ALTA,N3
,0.208,0.499,0.435,1.0,,1787653467395.111,20.225,23.36,19.94,0.35,1787653467396.6338,False,,,1,OP1,C3_WIFI_CARGA_ALTA,N3
,0.194,0.494,0.476,1.0,,1787653467448.151,21.66,24.48,19.64,0.35,1787653467448.151,False,,,1,OP1,C3_WIFI_CARGA_ALTA,N3
,0.19,0.487,0.503,1.0,,1787653467477.525,22.605,24.8,19.22,0.35,1787653467479.531,False,,,1,OP1,C3_WIFI_CARGA_ALTA,N3
,0.185,0.486,0.513,1.0,,1787653467505.8782,22.955,25.2,19.16,0.35,1787653467508.069,False,,,1,OP1,C3_WIFI_CARGA_ALTA,N3
,0.181,0.488,0.511,1.0,,1787653467756.749,22.885,25.52,19.28,0.35,1787653467758.819,False,,,1,OP1,C3_WIFI_CARGA_ALTA,N3
,0.137,0.505,0.434,1.0,,1787653467784.1802,20.19,29.04,20.3,0.35,1787653467784.1802,False,,,1,OP1,C3_WIFI_CARGA_ALTA,N3
,0.133,0.505,0.436,1.0,,1787653467812.37,20.26,29.36,20.3,0.35,1787653467813.8767,False,,,1,OP1,C3_WIFI_CARGA_ALTA,N3
,0.132,0.505,0.435,1.0,,1787653467841.0774,20.225,29.44,20.3,0.35,1787653467842.015,False,,,1,OP1,C3_WIFI_CARGA_ALTA,N3
,0.131,0.504,0.435,1.0,,1787653467866.9973,20.225,29.52,20.24,0.35,1787653467869.8428,False,,,1,OP1,C3_WIFI_CARGA_ALTA,N3
,0.128,0.503,0.436,1.0,,1787653468051.6992,20.26,29.76,20.18,0.35,1787653468051.6992,False,,,1,OP1,C3_WIFI_CARGA_ALTA,N3
,0.126,0.503,0.435,1.0,,1787653468115.123,20.225,29.92,20.18,0.35,1787653468117.3416,False,,,1,OP1,C3_WIFI_CARGA_ALTA,N3
,0.138,0.499,0.448,1.0,,1787653468146.6528,20.68,28.96,19.94,0.35,1787653468146.6528,False,,,1,OP1,C3_WIFI_CARGA_ALTA,N3
,0.149,0.491,0.46,1.0,,1787653468201.8833,21.1,28.08,19.46,0.35,1787653468201.8833,False,,,1,OP1,C3_WIFI_CARGA_ALTA,N3
,0.163,0.482,0.47,1.0,,1787653468247.9062,21.45,26.96,18.92,0.35,1787653468247.9062,False,,,1,OP1,C3_WIFI_CARGA_ALTA,N3
,0.172,0.476,0.474,1.0,,1787653468283.2188,21.59,26.24,18.56,0.35,1787653468285.2266,False,,,1,OP1,C3_WIFI_CARGA_ALTA,N3
,0.179,0.469,0.478,1.0,,1787653468313.0032,21.73,25.68,18.14,0.35,1787653468315.0078,False,,,1,OP1,C3_WIFI_CARGA_ALTA,N3
,0.192,0.454,0.486,1.0,,1787653468369.821,22.01,24.64,17.24,0.35,1787653468369.821,False,,,1,OP1,C3_WIFI_CARGA_ALTA,N3
,0.201,0.444,0.493,1.0,,1787653468412.6692,22.255,23.92,16.64,0.35,1787653468414.8274,False,,,1,OP1,C3_WIFI_CARGA_ALTA,N3
,0.205,0.442,0.496,1.0,,1787653468453.4692,22.36,23.6,16.52,0.35,1787653468454.474,False,,,1,OP1,C3_WIFI_CARGA_ALTA,N3
,0.207,0.442,0.497,1.0,,1787653468480.8655,22.395,23.44,16.52,0.35,1787653468480.8655,False,,,1,OP1,C3_WIFI_CARGA_ALTA,N3
,0.21,0.441,0.499,1.0,,1787653468533.8872,22.465,23.2,16.46,0.35,1787653468533.8872,False,,,1,OP1,C3_WIFI_CARGA_ALTA,N3
,0.212,0.441,0.501,1.0,,1787653468583.0964,22.535,23.04,16.46,0.35,1787653468583.0964,False,,,1,OP1,C3_WIFI_CARGA_ALTA,N3
,0.213,0.441,0.502,1.0,,1787653468619.6123,22.57,22.96,16.46,0.35,1787653468621.6638,False,,,1,OP1,C3_WIFI_CARGA_ALTA,N3
,0.214,0.44,0.504,1.0,,1787653468645.7954,22.64,22.88,16.4,0.35,1787653468645.7954,False,,,1,OP1,C3_WIFI_CARGA_ALTA,N3
,0.216,0.439,0.506,1.0,,1787653468831.349,22.71,22.72,16.34,0.35,1787653468831.349,False,,,1,OP1,C3_WIFI_CARGA_ALTA,N3
,0.233,0.394,0.545,1.0,,1787653468855.4155,24.075,21.36,13.64,0.35,1787653468855.4155,False,,,1,OP1,C3_WIFI_CARGA_ALTA,N3
,0.235,0.391,0.548,1.0,,1787653468891.204,24.18,21.2,13.46,0.35,1787653468891.204,False,,,1,OP1,C3_WIFI_CARGA_ALTA,N3
,0.237,0.389,0.548,1.0,,1787653468913.491,24.18,21.04,13.34,0.35,1787653468913.491,False,,,1,OP1,C3_WIFI_CARGA_ALTA,N3
,0.239,0.388,0.548,1.0,,1787653468955.5164,24.18,20.88,13.28,0.35,1787653468955.5164,False,,,1,OP1,C3_WIFI_CARGA_ALTA,N3
,0.24,0.388,0.549,1.0,,1787653468982.3987,24.215,20.8,13.28,0.35,1787653468982.98,False,,,1,OP1,C3_WIFI_CARGA_ALTA,N3
,0.241,0.387,0.551,1.0,,1787653469037.178,24.285,20.72,13.22,0.35,1787653469037.178,False,,,1,OP1,C3_WIFI_CARGA_ALTA,N3
,0.241,0.387,0.552,1.0,,1787653469059.4822,24.32,20.72,13.22,0.35,1787653469059.4822,False,,,1,OP1,C3_WIFI_CARGA_ALTA,N3
,0.241,0.387,0.552,1.0,,1787653469082.6135,24.32,20.72,13.22,0.35,1787653469083.612,False,,,1,OP1,C3_WIFI_CARGA_ALTA,N3
,0.239,0.386,0.554,1.0,,1787653469119.441,24.39,20.88,13.16,0.35,1787653469122.2192,False,,,1,OP1,C3_WIFI_CARGA_ALTA,N3
,0.237,0.385,0.556,1.0,,1787653469148.808,24.46,21.04,13.1,0.35,1787653469149.8137,False,,,1,OP1,C3_WIFI_CARGA_ALTA,N3
,0.233,0.382,0.557,1.0,,1787653469193.709,24.495,21.36,12.92,0.35,1787653469193.709,False,,,1,OP1,C3_WIFI_CARGA_ALTA,N3
,0.231,0.381,0.557,1.0,,1787653469359.1548,24.495,21.52,12.86,0.35,1787653469359.1548,False,,,1,OP1,C3_WIFI_CARGA_ALTA,N3
,0.228,0.377,0.557,1.0,,1787653469479.7107,24.495,21.76,12.62,0.35,1787653469483.952,False,,,1,OP1,C3_WIFI_CARGA_ALTA,N3
,0.24,0.356,0.584,1.0,,1787653469602.9158,25.44,20.8,11.36,0.35,1787653469603.8088,False,,,1,OP1,C3_WIFI_CARGA_ALTA,N3
,0.25,0.334,0.6,1.0,,1787653469653.043,26.0,20.0,10.04,0.35,1787653469653.043,False,,,1,OP1,C3_WIFI_CARGA_ALTA,N3
,0.25,0.333,0.601,1.0,,1787653469696.8943,26.035,20.0,9.98,0.35,1787653469696.8943,False,,,1,OP1,C3_WIFI_CARGA_ALTA,N3
,0.249,0.332,0.602,1.0,,1787653469731.66,26.07,20.08,9.92,0.35,1787653469731.66,False,,,1,OP1,C3_WIFI_CARGA_ALTA,N3
,0.248,0.331,0.604,1.0,,1787653469757.4688,26.14,20.16,9.86,0.35,1787653469757.4688,False,,,1,OP1,C3_WIFI_CARGA_ALTA,N3
,0.247,0.33,0.607,1.0,,1787653469791.3228,26.245,20.24,9.8,0.35,1787653469791.3228,False,,,1,OP1,C3_WIFI_CARGA_ALTA,N3
,0.245,0.329,0.611,1.0,,1787653469817.152,26.385,20.4,9.74,0.35,1787653469819.3884,False,,,1,OP1,C3_WIFI_CARGA_ALTA,N3
,0.243,0.326,0.615,1.0,,1787653469871.119,26.525,20.56,9.56,0.35,1787653469871.119,False,,,1,OP1,C3_WIFI_CARGA_ALTA,N3
,0.242,0.324,0.617,1.0,,1787653469901.7693,26.595,20.64,9.44,0.35,1787653469901.7693,False,,,1,OP1,C3_WIFI_CARGA_ALTA,N3
,0.242,0.323,0.621,1.0,,1787653470067.6584,26.735,20.64,9.38,0.35,1787653470069.3328,False,,,1,OP1,C3_WIFI_CARGA_ALTA,N3
,0.244,0.321,0.639,1.0,,1787653470091.9905,27.365,20.48,9.26,0.35,1787653470092.9548,False,,,1,OP1,C3_WIFI_CARGA_ALTA,N3
,0.242,0.321,0.645,1.0,,1787653470121.7478,27.575,20.64,9.26,0.35,1787653470125.2798,False,,,1,OP1,C3_WIFI_CARGA_ALTA,N3
,0.241,0.32,0.652,1.0,,1787653470151.6038,27.82,20.72,9.2,0.35,1787653470153.6177,False,,,1,OP1,C3_WIFI_CARGA_ALTA,N3
,0.237,0.316,0.666,1.0,,1787653470207.1013,28.31,21.04,8.96,0.35,1787653470207.1013,False,,,1,OP1,C3_WIFI_CARGA_ALTA,N3
,0.231,0.309,0.686,1.0,,1787653470263.7346,29.01,21.52,8.54,0.35,1787653470265.4893,False,,,1,OP1,C3_WIFI_CARGA_ALTA,N3
,0.231,0.308,0.687,1.0,,1787653470289.334,29.045,21.52,8.48,0.35,1787653470289.334,False,,,1,OP1,C3_WIFI_CARGA_ALTA,N3
,0.233,0.3,0.691,1.0,,1787653470340.9385,29.185,21.36,8.0,0.35,1787653470343.47,False,,,1,OP1,C3_WIFI_CARGA_ALTA,N3
,0.236,0.293,0.695,1.0,,1787653470372.43,29.325,21.12,7.58,0.35,1787653470372.43,False,,,1,OP1,C3_WIFI_CARGA_ALTA,N3
,0.239,0.287,0.697,1.0,,1787653470401.4375,29.395,20.88,7.22,0.35,1787653470404.0037,False,,,1,OP1,C3_WIFI_CARGA_ALTA,N3
,0.242,0.283,0.7,1.0,,1787653470429.5515,29.5,20.64,6.98,0.35,1787653470431.559,False,,,1,OP1,C3_WIFI_CARGA_ALTA,N3
,0.244,0.281,0.703,1.0,,1787653470457.8542,29.605,20.48,6.86,0.35,1787653470457.8542,False,,,1,OP1,C3_WIFI_CARGA_ALTA,N3
,0.246,0.279,0.708,1.0,,1787653470507.4585,29.78,20.32,6.74,0.35,1787653470507.666,False,,,1,OP1,C3_WIFI_CARGA_ALTA,N3
,0.247,0.278,0.71,1.0,,1787653470541.6523,29.85,20.24,6.68,0.35,1787653470542.7554,False,,,1,OP1,C3_WIFI_CARGA_ALTA,N3
,0.247,0.278,0.72,1.0,,1787653470598.5322,30.2,20.24,6.68,0.35,1787653470598.5322,False,,,1,OP1,C3_WIFI_CARGA_ALTA,N3
,0.246,0.279,0.726,1.0,,1787653470625.3892,30.41,20.32,6.74,0.35,1787653470625.3892,False,,,1,OP1,C3_WIFI_CARGA_ALTA,N3
,0.243,0.281,0.734,1.0,,1787653470875.8574,30.69,20.56,6.86,0.35,1787653470875.8574,False,,,1,OP1,C3_WIFI_CARGA_ALTA,N3
,0.24,0.279,0.745,1.0,,1787653470931.344,31.075,20.8,6.74,0.35,1787653470933.7058,False,,,1,OP1,C3_WIFI_CARGA_ALTA,N3
,0.243,0.273,0.759,1.0,,1787653470979.7317,31.565,20.56,6.38,0.35,1787653470979.7317,False,,,1,OP1,C3_WIFI_CARGA_ALTA,N3
,0.243,0.272,0.761,1.0,,1787653471012.8586,31.635,20.56,6.32,0.35,1787653471014.4688,False,,,1,OP1,C3_WIFI_CARGA_ALTA,N3
,0.243,0.271,0.765,1.0,,1787653471181.598,31.775,20.56,6.26,0.35,1787653471182.3274,False,,,1,OP1,C3_WIFI_CARGA_ALTA,N3
,0.249,0.26,0.784,1.0,,1787653471369.6785,32.44,20.08,5.6,0.35,1787653471371.0208,False,,,1,OP1,C3_WIFI_CARGA_ALTA,N3
,0.254,0.237,0.797,1.0,,1787653471404.6787,32.895,19.68,4.22,0.35,1787653471404.6787,False,,,1,OP1,C3_WIFI_CARGA_ALTA,N3
,0.254,0.235,0.798,1.0,,1787653471431.7815,32.93,19.68,4.1,0.35,1787653471433.55,False,,,1,OP1,C3_WIFI_CARGA_ALTA,N3
,0.255,0.232,0.798,1.0,,1787653471452.527,32.93,19.6,3.92,0.35,1787653471453.5295,False,,,1,OP1,C3_WIFI_CARGA_ALTA,N3
,0.254,0.23,0.798,1.0,,1787653471481.062,32.93,19.68,3.8,0.35,1787653471481.062,False,,,1,OP1,C3_WIFI_CARGA_ALTA,N3
,0.254,0.228,0.798,1.0,,1787653471512.533,32.93,19.68,3.68,0.35,1787653471514.7754,False,,,1,OP1,C3_WIFI_CARGA_ALTA,N3
,0.253,0.227,0.798,1.0,,1787653471540.3645,32.93,19.76,3.62,0.35,1787653471540.3645,False,,,1,OP1,C3_WIFI_CARGA_ALTA,N3
,0.253,0.225,0.8,1.0,,1787653471707.7322,33.0,19.76,3.5,0.35,1787653471707.7322,False,,,1,OP1,C3_WIFI_CARGA_ALTA,N3
,0.253,0.221,0.806,1.0,,1787653471737.822,33.21,19.76,3.26,0.35,1787653471737.822,False,,,1,OP1,C3_WIFI_CARGA_ALTA,N3
,0.253,0.22,0.806,1.0,,1787653471766.5764,33.21,19.76,3.2,0.35,1787653471766.5764,False,,,1,OP1,C3_WIFI_CARGA_ALTA,N3
,0.254,0.217,0.805,1.0,,1787653471792.8083,33.175,19.68,3.02,0.35,1787653471792.8083,False,,,1,OP1,C3_WIFI_CARGA_ALTA,N3
,0.254,0.208,0.801,1.0,,1787653471841.5288,33.035,19.68,2.48,0.35,1787653471845.6018,False,,,1,OP1,C3_WIFI_CARGA_ALTA,N3
,0.254,0.206,0.8,1.0,,1787653471876.4336,33.0,19.68,2.36,0.35,1787653471876.4336,False,,,1,OP1,C3_WIFI_CARGA_ALTA,N3
,0.255,0.204,0.798,1.0,,1787653471906.2126,32.93,19.6,2.24,0.35,1787653471906.2126,False,,,1,OP1,C3_WIFI_CARGA_ALTA,N3
,0.255,0.201,0.795,1.0,,1787653471931.33,32.825,19.6,2.06,0.35,1787653471935.4648,False,,,1,OP1,C3_WIFI_CARGA_ALTA,N3
,0.255,0.199,0.793,1.0,,1787653471960.0105,32.755,19.6,1.94,0.35,1787653471960.0105,False,,,1,OP1,C3_WIFI_CARGA_ALTA,N3
,0.256,0.197,0.791,1.0,,1787653471981.162,32.685,19.52,1.82,0.35,1787653471981.162,False,,,1,OP1,C3_WIFI_CARGA_ALTA,N3
,0.256,0.195,0.79,1.0,,1787653472002.3562,32.65,19.52,1.7,0.35,1787653472002.3562,False,,,1,OP1,C3_WIFI_CARGA_ALTA,N3
,0.257,0.191,0.788,1.0,,1787653472043.7156,32.58,19.44,1.46,0.35,1787653472043.7156,False,,,1,OP1,C3_WIFI_CARGA_ALTA,N3
,0.258,0.186,0.787,1.0,,1787653472073.474,32.545,19.36,1.16,0.35,1787653472073.8894,False,,,1,OP1,C3_WIFI_CARGA_ALTA,N3
,0.258,0.181,0.784,1.0,,1787653472098.1926,32.44,19.36,0.86,0.35,1787653472101.3872,False,,,1,OP1,C3_WIFI_CARGA_ALTA,N3
,0.259,0.175,0.782,1.0,,1787653472128.0093,32.37,19.28,0.5,0.35,1787653472128.0093,False,,,1,OP1,C3_WIFI_CARGA_ALTA,N3
,0.258,0.165,0.778,1.0,,1787653472169.3125,32.23,19.36,-0.1,0.35,1787653472169.3125,False,,,1,OP1,C3_WIFI_CARGA_ALTA,N3
,0.258,0.159,0.774,1.0,,1787653472211.5083,32.09,19.36,-0.46,0.35,1787653472212.0066,False,,,1,OP1,C3_WIFI_CARGA_ALTA,N3
,0.257,0.156,0.77,1.0,,1787653472239.1396,31.95,19.44,-0.64,0.35,1787653472241.1584,False,,,1,OP1,C3_WIFI_CARGA_ALTA,N3
,0.256,0.153,0.767,1.0,,1787653472267.734,31.845,19.52,-0.82,0.35,1787653472268.4707,False,,,1,OP1,C3_WIFI_CARGA_ALTA,N3
,0.254,0.152,0.758,1.0,,1787653472319.4836,31.53,19.68,-0.88,0.35,1787653472324.0051,False,,,1,OP1,C3_WIFI_CARGA_ALTA,N3
,0.253,0.152,0.751,1.0,,1787653472351.4736,31.285,19.76,-0.88,0.35,1787653472351.4736,False,,,1,OP1,C3_WIFI_CARGA_ALTA,N3
,0.251,0.153,0.742,1.0,,1787653472377.4387,30.97,19.92,-0.82,0.35,1787653472378.1172,False,,,1,OP1,C3_WIFI_CARGA_ALTA,N3
,0.25,0.153,0.739,1.0,,1787653472407.249,30.865,20.0,-0.82,0.35,1787653472407.249,False,,,1,OP1,C3_WIFI_CARGA_ALTA,N3
,0.247,0.152,0.733,1.0,,1787653472457.5415,30.655,20.24,-0.88,0.35,1787653472458.146,False,,,1,OP1,C3_WIFI_CARGA_ALTA,N3
,0.246,0.151,0.732,1.0,,1787653472489.7737,30.62,20.32,-0.94,0.35,1787653472491.5996,False,,,1,OP1,C3_WIFI_CARGA_ALTA,N3
,0.243,0.149,0.727,1.0,,1787653472548.4707,30.445,20.56,-1.06,0.35,1787653472548.4707,False,,,1,OP1,C3_WIFI_CARGA_ALTA,N3
,0.241,0.148,0.723,1.0,,1787653472574.1624,30.305,20.72,-1.12,0.35,1787653472575.9253,False,,,1,OP1,C3_WIFI_CARGA_ALTA,N3
,0.239,0.147,0.721,1.0,,1787653472743.353,30.235,20.88,-1.18,0.35,1787653472743.353,False,,,1,OP1,C3_WIFI_CARGA_ALTA,N3
,0.237,0.141,0.707,1.0,,1787653472790.346,29.745,21.04,-1.54,0.35,1787653472790.346,False,,,1,OP1,C3_WIFI_CARGA_ALTA,N3
,0.238,0.138,0.707,1.0,,1787653472822.037,29.745,20.96,-1.72,0.35,1787653472822.037,False,,,1,OP1,C3_WIFI_CARGA_ALTA,N3
,0.238,0.136,0.705,1.0,,1787653472843.1626,29.675,20.96,-1.84,0.35,1787653472845.1743,False,,,1,OP1,C3_WIFI_CARGA_ALTA,N3
,0.239,0.133,0.704,1.0,,1787653472880.8186,29.64,20.88,-2.02,0.35,1787653472881.8188,False,,,1,OP1,C3_WIFI_CARGA_ALTA,N3
,0.239,0.13,0.703,1.0,,1787653472909.0166,29.605,20.88,-2.2,0.35,1787653472909.0166,False,,,1,OP1,C3_WIFI_CARGA_ALTA,N3
,0.24,0.128,0.698,1.0,,1787653472960.94,29.43,20.8,-2.32,0.35,1787653472960.94,False,,,1,OP1,C3_WIFI_CARGA_ALTA,N3
,0.241,0.127,0.697,1.0,,1787653472992.0571,29.395,20.72,-2.38,0.35,1787653472992.0571,False,,,1,OP1,C3_WIFI_CARGA_ALTA,N3
,0.244,0.126,0.695,1.0,,1787653473048.36,29.325,20.48,-2.44,0.35,1787653473048.36,False,,,1,OP1,C3_WIFI_CARGA_ALTA,N3
,0.247,0.126,0.695,1.0,,1787653473093.9175,29.325,20.24,-2.44,0.35,1787653473093.9175,False,,,1,OP1,C3_WIFI_CARGA_ALTA,N3
,0.25,0.127,0.695,1.0,,1787653473292.3784,29.325,20.0,-2.38,0.35,1787653473292.3784,False,,,1,OP1,C3_WIFI_CARGA_ALTA,N3
,0.259,0.141,0.706,1.0,,1787653473327.5835,29.71,19.28,-1.54,0.35,1787653473327.5835,False,,,1,OP1,C3_WIFI_CARGA_ALTA,N3
,0.258,0.147,0.706,1.0,,1787653473381.902,29.71,19.36,-1.18,0.35,1787653473383.9167,False,,,1,OP1,C3_WIFI_CARGA_ALTA,N3
,0.256,0.151,0.706,1.0,,1787653473428.037,29.71,19.52,-0.94,0.35,1787653473428.037,False,,,1,OP1,C3_WIFI_CARGA_ALTA,N3
,0.255,0.152,0.706,1.0,,1787653473465.8943,29.71,19.6,-0.88,0.35,1787653473465.8943,False,,,1,OP1,C3_WIFI_CARGA_ALTA,N3
,0.256,0.152,0.707,1.0,,1787653473491.1858,29.745,19.52,-0.88,0.35,1787653473491.1858,False,,,1,OP1,C3_WIFI_CARGA_ALTA,N3
,0.256,0.151,0.708,1.0,,1787653473511.4106,29.78,19.52,-0.94,0.35,1787653473512.2744,False,,,1,OP1,C3_WIFI_CARGA_ALTA,N3
,0.257,0.15,0.708,1.0,,1787653473548.2754,29.78,19.44,-1.0,0.35,1787653473550.0483,False,,,1,OP1,C3_WIFI_CARGA_ALTA,N3
,0.258,0.149,0.71,1.0,,1787653473576.2407,29.85,19.36,-1.06,0.35,1787653473579.7786,False,,,1,OP1,C3_WIFI_CARGA_ALTA,N3
,0.259,0.147,0.711,1.0,,1787653473721.1191,29.885,19.28,-1.18,0.35,1787653473722.138,False,,,1,OP1,C3_WIFI_CARGA_ALTA,N3
,0.264,0.142,0.715,1.0,,1787653473910.9956,30.025,18.88,-1.48,0.35,1787653473910.9956,False,,,1,OP1,C3_WIFI_CARGA_ALTA,N3
,0.265,0.14,0.717,1.0,,1787653473965.9094,30.095,18.8,-1.6,0.35,1787653473965.9094,False,,,1,OP1,C3_WIFI_CARGA_ALTA,N3
,0.268,0.131,0.729,1.0,,1787653473992.927,30.515,18.56,-2.14,0.35,1787653473994.9358,False,,,1,OP1,C3_WIFI_CARGA_ALTA,N3
,0.268,0.131,0.731,1.0,,1787653474015.297,30.585,18.56,-2.14,0.35,1787653474016.3896,False,,,1,OP1,C3_WIFI_CARGA_ALTA,N3
,0.268,0.129,0.734,1.0,,1787653474049.6868,30.69,18.56,-2.26,0.35,1787653474051.714,False,,,1,OP1,C3_WIFI_CARGA_ALTA,N3
,0.27,0.126,0.742,1.0,,1787653474099.4492,30.97,18.4,-2.44,0.35,1787653474099.4492,False,,,1,OP1,C3_WIFI_CARGA_ALTA,N3
,0.27,0.125,0.744,1.0,,1787653474133.2244,31.04,18.4,-2.5,0.35,1787653474137.4087,False,,,1,OP1,C3_WIFI_CARGA_ALTA,N3
,0.271,0.124,0.744,1.0,,1787653474159.875,31.04,18.32,-2.56,0.35,1787653474161.887,False,,,1,OP1,C3_WIFI_CARGA_ALTA,N3
,0.271,0.124,0.746,1.0,,1787653474216.2236,31.11,18.32,-2.56,0.35,1787653474218.234,False,,,1,OP1,C3_WIFI_CARGA_ALTA,N3
,0.271,0.124,0.748,1.0,,1787653474238.8645,31.18,18.32,-2.56,0.35,1787653474240.4658,False,,,1,OP1,C3_WIFI_CARGA_ALTA,N3
,0.27,0.124,0.749,1.0,,1787653474266.6145,31.215,18.4,-2.56,0.35,1787653474268.6233,False,,,1,OP1,C3_WIFI_CARGA_ALTA,N3
,0.27,0.125,0.75,1.0,,1787653474297.259,31.25,18.4,-2.5,0.35,1787653474301.0608,False,,,1,OP1,C3_WIFI_CARGA_ALTA,N3
,0.27,0.127,0.752,1.0,,1787653474328.9907,31.32,18.4,-2.38,0.35,1787653474328.9907,False,,,1,OP1,C3_WIFI_CARGA_ALTA,N3
,0.27,0.133,0.757,1.0,,1787653474518.1277,31.495,18.4,-2.02,0.35,1787653474519.9487,False,,,1,OP1,C3_WIFI_CARGA_ALTA,N3
,0.269,0.136,0.763,1.0,,1787653474548.507,31.705,18.48,-1.84,0.35,1787653474553.0269,False,,,1,OP1,C3_WIFI_CARGA_ALTA,N3
,0.269,0.136,0.765,1.0,,1787653474569.6133,31.775,18.48,-1.84,0.35,1787653474571.3408,False,,,1,OP1,C3_WIFI_CARGA_ALTA,N3
,0.268,0.136,0.768,1.0,,1787653474600.0564,31.88,18.56,-1.84,0.35,1787653474601.5652,False,,,1,OP1,C3_WIFI_CARGA_ALTA,N3
,0.266,0.136,0.771,1.0,,1787653474632.3542,31.985,18.72,-1.84,0.35,1787653474632.3542,False,,,1,OP1,C3_WIFI_CARGA_ALTA,N3
,0.265,0.135,0.775,1.0,,1787653474662.5813,32.125,18.8,-1.9,0.35,1787653474664.8188,False,,,1,OP1,C3_WIFI_CARGA_ALTA,N3
,0.262,0.134,0.782,1.0,,1787653474708.6116,32.37,19.04,-1.96,0.35,1787653474709.5884,False,,,1,OP1,C3_WIFI_CARGA_ALTA,N3
,0.261,0.134,0.786,1.0,,1787653474742.828,32.51,19.12,-1.96,0.35,1787653474743.874,False,,,1,OP1,C3_WIFI_CARGA_ALTA,N3
,0.259,0.134,0.788,1.0,,1787653474766.1084,32.58,19.28,-1.96,0.35,1787653474766.1084,False,,,1,OP1,C3_WIFI_CARGA_ALTA,N3
,0.258,0.134,0.79,1.0,,1787653474801.5552,32.65,19.36,-1.96,0.35,1787653474803.5652,False,,,1,OP1,C3_WIFI_CARGA_ALTA,N3
,0.258,0.134,0.792,1.0,,1787653474830.4285,32.72,19.36,-1.96,0.35,1787653474830.8083,False,,,1,OP1,C3_WIFI_CARGA_ALTA,N3
,0.256,0.134,0.795,1.0,,1787653474873.0537,32.825,19.52,-1.96,0.35,1787653474876.1873,False,,,1,OP1,C3_WIFI_CARGA_ALTA,N3
,0.255,0.133,0.796,1.0,,1787653474905.8315,32.86,19.6,-2.02,0.35,1787653474909.8538,False,,,1,OP1,C3_WIFI_CARGA_ALTA,N3
,0.255,0.133,0.797,1.0,,1787653474934.0574,32.895,19.6,-2.02,0.35,1787653474936.0708,False,,,1,OP1,C3_WIFI_CARGA_ALTA,N3
,0.255,0.133,0.798,1.0,,1787653474968.3396,32.93,19.6,-2.02,0.35,1787653474968.3396,False,,,1,OP1,C3_WIFI_CARGA_ALTA,N3
,0.255,0.133,0.799,1.0,,1787653474996.0469,32.965,19.6,-2.02,0.35,1787653474999.083,False,,,1,OP1,C3_WIFI_CARGA_ALTA,N3
,0.255,0.133,0.8,1.0,,1787653475021.1458,33.0,19.6,-2.02,0.35,1787653475021.1458,False,,,1,OP1,C3_WIFI_CARGA_ALTA,N3
,0.256,0.133,0.801,1.0,,1787653475041.8816,33.035,19.52,-2.02,0.35,1787653475043.704,False,,,1,OP1,C3_WIFI_CARGA_ALTA,N3
,0.256,0.133,0.802,1.0,,1787653475072.4265,33.07,19.52,-2.02,0.35,1787653475074.3748,False,,,1,OP1,C3_WIFI_CARGA_ALTA,N3
,0.256,0.133,0.803,1.0,,1787653475107.502,33.105,19.52,-2.02,0.35,1787653475107.502,False,,,1,OP1,C3_WIFI_CARGA_ALTA,N3
,0.256,0.133,0.804,1.0,,1787653475134.9265,33.14,19.52,-2.02,0.35,1787653475134.9265,False,,,1,OP1,C3_WIFI_CARGA_ALTA,N3
,0.255,0.133,0.804,1.0,,1787653475161.7727,33.14,19.6,-2.02,0.35,1787653475164.9236,False,,,1,OP1,C3_WIFI_CARGA_ALTA,N3
,0.254,0.133,0.805,1.0,,1787653475188.2524,33.175,19.68,-2.02,0.35,1787653475189.2744,False,,,1,OP1,C3_WIFI_CARGA_ALTA,N3
,0.252,0.134,0.806,1.0,,1787653475242.5872,33.21,19.84,-1.96,0.35,1787653475243.224,False,,,1,OP1,C3_WIFI_CARGA_ALTA,N3
,0.251,0.134,0.807,1.0,,1787653475271.998,33.245,19.92,-1.96,0.35,1787653475271.998,False,,,1,OP1,C3_WIFI_CARGA_ALTA,N3
,0.25,0.135,0.807,1.0,,1787653475461.467,33.245,20.0,-1.9,0.35,1787653475462.6504,False,,,1,OP1,C3_WIFI_CARGA_ALTA,N3
,0.248,0.131,0.811,1.0,,1787653475497.517,33.385,20.16,-2.14,0.35,1787653475497.517,False,,,1,OP1,C3_WIFI_CARGA_ALTA,N3
,0.253,0.125,0.812,1.0,,1787653475548.027,33.42,19.76,-2.5,0.35,1787653475548.3374,False,,,1,OP1,C3_WIFI_CARGA_ALTA,N3
,0.256,0.121,0.813,1.0,,1787653475578.1326,33.455,19.52,-2.74,0.35,1787653475579.9934,False,,,1,OP1,C3_WIFI_CARGA_ALTA,N3
,0.26,0.117,0.816,1.0,,1787653475607.4854,33.56,19.2,-2.98,0.35,1787653475609.496,False,,,1,OP1,C3_WIFI_CARGA_ALTA,N3
,0.264,0.115,0.818,1.0,,1787653475637.0256,33.63,18.88,-3.1,0.35,1787653475637.9863,False,,,1,OP1,C3_WIFI_CARGA_ALTA,N3
,0.266,0.114,0.819,1.0,,1787653475664.9622,33.665,18.72,-3.16,0.35,1787653475666.9573,False,,,1,OP1,C3_WIFI_CARGA_ALTA,N3
,0.27,0.113,0.826,1.0,,1787653475710.9958,33.91,18.4,-3.22,0.35,1787653475712.2231,False,,,1,OP1,C3_WIFI_CARGA_ALTA,N3
,0.273,0.113,0.83,1.0,,1787653475736.1008,34.05,18.16,-3.22,0.35,1787653475736.7993,False,,,1,OP1,C3_WIFI_CARGA_ALTA,N3
,0.274,0.112,0.832,1.0,,1787653475773.5132,34.12,18.08,-3.28,0.35,1787653475777.9238,False,,,1,OP1,C3_WIFI_CARGA_ALTA,N3
,0.275,0.111,0.833,1.0,,1787653475804.6484,34.155,18.0,-3.34,0.35,1787653475805.131,False,,,1,OP1,C3_WIFI_CARGA_ALTA,N3
,0.276,0.11,0.835,1.0,,1787653475832.223,34.225,17.92,-3.4,0.35,1787653475832.223,False,,,1,OP1,C3_WIFI_CARGA_ALTA,N3
,0.277,0.108,0.838,1.0,,1787653475860.2036,34.33,17.84,-3.52,0.35,1787653475862.2156,False,,,1,OP1,C3_WIFI_CARGA_ALTA,N3
,0.278,0.104,0.842,1.0,,1787653475881.5889,34.47,17.76,-3.76,0.35,1787653475881.974,False,,,1,OP1,C3_WIFI_CARGA_ALTA,N3
,0.279,0.102,0.844,1.0,,1787653475903.2266,34.54,17.68,-3.88,0.35,1787653475904.774,False,,,1,OP1,C3_WIFI_CARGA_ALTA,N3
,0.28,0.102,0.844,1.0,,1787653475943.2708,34.54,17.6,-3.88,0.35,1787653475943.2708,False,,,1,OP1,C3_WIFI_CARGA_ALTA,N3
,0.281,0.101,0.845,1.0,,1787653475972.57,34.575,17.52,-3.94,0.35,1787653475972.57,False,,,1,OP1,C3_WIFI_CARGA_ALTA,N3
,0.282,0.1,0.846,1.0,,1787653476017.9404,34.61,17.44,-4.0,0.35,1787653476018.6582,False,,,1,OP1,C3_WIFI_CARGA_ALTA,N3
,0.283,0.099,0.848,1.0,,1787653476051.5637,34.68,17.36,-4.06,0.35,1787653476051.5637,False,,,1,OP1,C3_WIFI_CARGA_ALTA,N3
,0.283,0.096,0.852,1.0,,1787653476109.7412,34.82,17.36,-4.24,0.35,1787653476109.7412,False,,,1,OP1,C3_WIFI_CARGA_ALTA,N3
,0.283,0.093,0.855,1.0,,1787653476137.1165,34.925,17.36,-4.42,0.35,1787653476139.8289,False,,,1,OP1,C3_WIFI_CARGA_ALTA,N3
,0.283,0.092,0.855,1.0,,1787653476183.8542,34.925,17.36,-4.48,0.35,1787653476183.8542,False,,,1,OP1,C3_WIFI_CARGA_ALTA,N3
,0.283,0.092,0.855,1.0,,1787653476216.5476,34.925,17.36,-4.48,0.35,1787653476216.5476,False,,,1,OP1,C3_WIFI_CARGA_ALTA,N3
,0.283,0.092,0.855,1.0,,1787653476238.656,34.925,17.36,-4.48,0.35,1787653476240.6736,False,,,1,OP1,C3_WIFI_CARGA_ALTA,N3
,0.284,0.091,0.855,1.0,,1787653476278.8066,34.925,17.28,-4.54,0.35,1787653476280.8184,False,,,1,OP1,C3_WIFI_CARGA_ALTA,N3
,0.284,0.09,0.856,1.0,,1787653476305.6104,34.96,17.28,-4.6,0.35,1787653476305.6104,False,,,1,OP1,C3_WIFI_CARGA_ALTA,N3
,0.284,0.089,0.856,1.0,,1787653476556.4006,34.96,17.28,-4.66,0.35,1787653476557.0037,False,,,1,OP1,C3_WIFI_CARGA_ALTA,N3
,0.275,0.086,0.846,1.0,,1787653476690.4187,34.61,18.0,-4.84,0.35,1787653476691.2502,False,,,1,OP1,C3_WIFI_CARGA_ALTA,N3
,0.274,0.084,0.85,1.0,,1787653476720.7732,34.75,18.08,-4.96,0.35,1787653476720.7732,False,,,1,OP1,C3_WIFI_CARGA_ALTA,N3
,0.275,0.084,0.851,1.0,,1787653476741.558,34.785,18.0,-4.96,0.35,1787653476741.558,False,,,1,OP1,C3_WIFI_CARGA_ALTA,N3
,0.275,0.084,0.852,1.0,,1787653476907.5557,34.82,18.0,-4.96,0.35,1787653476910.6885,False,,,1,OP1,C3_WIFI_CARGA_ALTA,N3
,0.277,0.085,0.851,1.0,,1787653477084.655,34.785,17.84,-4.9,0.35,1787653477084.655,False,,,1,OP1,C3_WIFI_CARGA_ALTA,N3
,0.277,0.087,0.85,0.874,,1787653477112.4556,34.75,17.84,-4.78,0.4823,1787653477114.8228,False,,,1,OP1,C3_WIFI_CARGA_ALTA,N3
,0.278,0.091,0.848,0.678,,1787653477140.3914,34.68,17.76,-4.54,0.6881,1787653477141.4666,False,,,1,OP1,C3_WIFI_CARGA_ALTA,N3
,0.279,0.094,0.851,0.264,,1787653477168.2102,34.785,17.68,-4.36,1.1228,1787653477169.5696,False,,,1,OP1,C3_WIFI_CARGA_ALTA,N3
,0.28,0.098,0.853,0.0,,1787653477324.3997,34.855,17.6,-4.12,1.4,1787653477324.3997,False,,,1,OP1,C3_WIFI_CARGA_ALTA,N3
,0.278,0.117,0.849,0.028,,1787653477361.0288,34.715,17.76,-2.98,1.3706,1787653477361.0288,False,,,1,OP1,C3_WIFI_CARGA_ALTA,N3
,0.278,0.118,0.847,0.01,,1787653477391.0813,34.645,17.76,-2.92,1.3895,1787653477391.0813,False,,,1,OP1,C3_WIFI_CARGA_ALTA,N3
,0.277,0.12,0.845,0.0,,1787653477445.7097,34.575,17.84,-2.8,1.4,1787653477448.255,False,,,1,OP1,C3_WIFI_CARGA_ALTA,N3
,0.276,0.119,0.843,0.0,,1787653477491.6238,34.505,17.92,-2.86,1.4,1787653477491.6238,False,,,1,OP1,C3_WIFI_CARGA_ALTA,N3
,0.276,0.118,0.844,0.0,,1787653477526.6147,34.54,17.92,-2.92,1.4,1787653477530.6855,False,,,1,OP1,C3_WIFI_CARGA_ALTA,N3
,0.276,0.118,0.844,0.0,,1787653477557.6584,34.54,17.92,-2.92,1.4,1787653477557.6584,False,,,1,OP1,C3_WIFI_CARGA_ALTA,N3
,0.276,0.118,0.842,0.0,,1787653477614.194,34.47,17.92,-2.92,1.4,1787653477618.229,False,,,1,OP1,C3_WIFI_CARGA_ALTA,N3
,0.275,0.118,0.842,0.0,,1787653477636.994,34.47,18.0,-2.92,1.4,1787653477636.994,False,,,1,OP1,C3_WIFI_CARGA_ALTA,N3
,0.275,0.118,0.841,0.0,,1787653477660.1714,34.435,18.0,-2.92,1.4,1787653477660.1714,False,,,1,OP1,C3_WIFI_CARGA_ALTA,N3
,0.275,0.117,0.84,0.0,,1787653477697.6272,34.4,18.0,-2.98,1.4,1787653477697.6272,False,,,1,OP1,C3_WIFI_CARGA_ALTA,N3
,0.275,0.117,0.84,0.0,,1787653477722.7224,34.4,18.0,-2.98,1.4,1787653477724.4822,False,,,1,OP1,C3_WIFI_CARGA_ALTA,N3
,0.275,0.116,0.84,0.0,,1787653477746.9023,34.4,18.0,-3.04,1.4,1787653477748.6604,False,,,1,OP1,C3_WIFI_CARGA_ALTA,N3
,0.275,0.116,0.84,0.0,,1787653477778.0632,34.4,18.0,-3.04,1.4,1787653477782.5276,False,,,1,OP1,C3_WIFI_CARGA_ALTA,N3
,0.275,0.116,0.839,0.0,,1787653477832.6116,34.365,18.0,-3.04,1.4,1787653477833.4648,False,,,1,OP1,C3_WIFI_CARGA_ALTA,N3
,0.274,0.116,0.839,0.0,,1787653477864.2708,34.365,18.08,-3.04,1.4,1787653477864.2708,False,,,1,OP1,C3_WIFI_CARGA_ALTA,N3
,0.274,0.116,0.838,0.0,,1787653477892.1753,34.33,18.08,-3.04,1.4,1787653477892.1753,False,,,1,OP1,C3_WIFI_CARGA_ALTA,N3
,0.274,0.116,0.838,0.0,,1787653477913.4229,34.33,18.08,-3.04,1.4,1787653477915.448,False,,,1,OP1,C3_WIFI_CARGA_ALTA,N3
,0.274,0.115,0.838,0.0,,1787653478114.384,34.33,18.08,-3.1,1.4,1787653478114.384,False,,,1,OP1,C3_WIFI_CARGA_ALTA,N3
,0.274,0.115,0.837,0.0,,1787653478143.0789,34.295,18.08,-3.1,1.4,1787653478143.0789,False,,,1,OP1,C3_WIFI_CARGA_ALTA,N3
,0.275,0.117,0.836,0.0,,1787653478164.1484,34.26,18.0,-2.98,1.4,1787653478167.8784,False,,,1,OP1,C3_WIFI_CARGA_ALTA,N3
,0.275,0.117,0.835,0.0,,1787653478332.5522,34.225,18.0,-2.98,1.4,1787653478332.5522,False,,,1,OP1,C3_WIFI_CARGA_ALTA,N3
,0.274,0.12,0.83,0.0,,1787653478367.1753,34.05,18.08,-2.8,1.4,1787653478367.1753,False,,,1,OP1,C3_WIFI_CARGA_ALTA,N3
,0.274,0.121,0.83,0.0,,1787653478394.7136,34.05,18.08,-2.74,1.4,1787653478395.3462,False,,,1,OP1,C3_WIFI_CARGA_ALTA,N3
,0.274,0.121,0.83,0.0,,1787653478418.0647,34.05,18.08,-2.74,1.4,1787653478418.0647,False,,,1,OP1,C3_WIFI_CARGA_ALTA,N3
,0.275,0.122,0.829,0.0,,1787653478462.007,34.015,18.0,-2.68,1.4,1787653478464.958,False,,,1,OP1,C3_WIFI_CARGA_ALTA,N3
,0.274,0.123,0.828,0.0,,1787653478504.134,33.98,18.08,-2.62,1.4,1787653478504.7974,False,,,1,OP1,C3_WIFI_CARGA_ALTA,N3
,0.274,0.124,0.827,0.0,,1787653478535.2195,33.945,18.08,-2.56,1.4,1787653478536.432,False,,,1,OP1,C3_WIFI_CARGA_ALTA,N3
,0.274,0.13,0.826,0.0,,1787653478716.3765,33.91,18.08,-2.2,1.4,1787653478716.3765,False,,,1,OP1,C3_WIFI_CARGA_ALTA,N3
,0.273,0.169,0.827,0.0,,1787653478818.7446,33.945,18.16,0.14,1.4,1787653478818.7446,False,,,1,OP1,C3_WIFI_CARGA_ALTA,N3
,0.285,0.269,0.801,0.0,,1787653478867.245,33.035,17.2,6.14,1.4,1787653478867.245,False,,,1,OP1,C3_WIFI_CARGA_ALTA,N3
,0.29,0.321,0.761,0.0,,1787653478923.09,31.635,16.8,9.26,1.4,1787653478923.09,False,,,1,OP1,C3_WIFI_CARGA_ALTA,N3
,0.296,0.362,0.716,0.0,,1787653478967.9736,30.06,16.32,11.72,1.4,1787653478967.9736,False,,,1,OP1,C3_WIFI_CARGA_ALTA,N3
,0.293,0.371,0.709,0.0,,1787653479217.205,29.815,16.56,12.26,1.4,1787653479217.205,False,,,1,OP1,C3_WIFI_CARGA_ALTA,N3
,0.303,0.454,0.726,0.0,,1787653479383.2207,30.41,15.76,17.24,1.4,1787653479384.4473,False,,,1,OP1,C3_WIFI_CARGA_ALTA,N3
,0.319,0.511,0.714,0.0,,1787653479424.276,29.99,14.48,20.66,1.4,1787653479425.3013,False,,,1,OP1,C3_WIFI_CARGA_ALTA,N3
,0.32,0.512,0.714,0.0,,1787653479451.7422,29.99,14.4,20.72,1.4,1787653479453.232,False,,,1,OP1,C3_WIFI_CARGA_ALTA,N3
,0.32,0.513,0.716,0.0,,1787653479477.1433,30.06,14.4,20.78,1.4,1787653479481.2786,False,,,1,OP1,C3_WIFI_CARGA_ALTA,N3
,0.32,0.515,0.716,0.0,,1787653479497.6943,30.06,14.4,20.9,1.4,1787653479497.6943,False,,,1,OP1,C3_WIFI_CARGA_ALTA,N3
,0.319,0.517,0.714,0.0,,1787653479535.44,29.99,14.48,21.02,1.4,1787653479535.44,False,,,1,OP1,C3_WIFI_CARGA_ALTA,N3
,0.319,0.52,0.712,0.0,,1787653479718.3196,29.92,14.48,21.2,1.4,1787653479719.138,False,,,1,OP1,C3_WIFI_CARGA_ALTA,N3
,0.321,0.531,0.706,0.0,,1787653479840.297,29.71,14.32,21.86,1.4,1787653479842.3066,False,,,1,OP1,C3_WIFI_CARGA_ALTA,N3
,0.344,0.565,0.641,0.0,,1787653479868.8892,27.435,12.48,23.9,1.4,1787653479870.4033,False,,,1,OP1,C3_WIFI_CARGA_ALTA,N3
,0.345,0.565,0.64,0.0,,1787653479925.1084,27.4,12.4,23.9,1.4,1787653479925.1084,False,,,1,OP1,C3_WIFI_CARGA_ALTA,N3
,0.348,0.565,0.639,0.0,,1787653479953.0784,27.365,12.16,23.9,1.4,1787653479954.7156,False,,,1,OP1,C3_WIFI_CARGA_ALTA,N3
,0.355,0.565,0.634,0.0,,1787653480005.0762,27.19,11.6,23.9,1.4,1787653480005.0762,False,,,1,OP1,C3_WIFI_CARGA_ALTA,N3
,0.359,0.564,0.63,0.0,,1787653480035.9883,27.05,11.28,23.84,1.4,1787653480035.9883,False,,,1,OP1,C3_WIFI_CARGA_ALTA,N3
,0.363,0.563,0.625,0.0,,1787653480056.098,26.875,10.96,23.78,1.4,1787653480056.098,False,,,1,OP1,C3_WIFI_CARGA_ALTA,N3
,0.367,0.562,0.614,0.0,,1787653480090.2922,26.49,10.64,23.72,1.4,1787653480091.3203,False,,,1,OP1,C3_WIFI_CARGA_ALTA,N3
,0.374,0.561,0.599,0.0,,1787653480116.9297,25.965,10.08,23.66,1.4,1787653480119.1611,False,,,1,OP1,C3_WIFI_CARGA_ALTA,N3
,0.383,0.559,0.579,0.0,,1787653480297.2632,25.265,9.36,23.54,1.4,1787653480298.9187,False,,,1,OP1,C3_WIFI_CARGA_ALTA,N3
,0.395,0.558,0.52,0.0,,1787653480387.9224,23.2,8.4,23.48,1.4,1787653480391.9412,False,,,1,OP1,C3_WIFI_CARGA_ALTA,N3
,0.394,0.558,0.486,0.0,,1787653480414.0642,22.01,8.48,23.48,1.4,1787653480414.0642,False,,,1,OP1,C3_WIFI_CARGA_ALTA,N3
,0.392,0.537,0.493,0.0,,1787653480565.1042,22.255,8.64,22.22,1.4,1787653480568.1396,False,,,1,OP1,C3_WIFI_CARGA_ALTA,N3
,0.387,0.52,0.495,0.0,,1787653480620.257,22.325,9.04,21.2,1.4,1787653480620.257,False,,,1,OP1,C3_WIFI_CARGA_ALTA,N3
,0.384,0.515,0.488,0.0,,1787653480648.3965,22.08,9.28,20.9,1.4,1787653480648.3965,False,,,1,OP1,C3_WIFI_CARGA_ALTA,N3
,0.383,0.511,0.481,0.0,,1787653480670.9424,21.835,9.36,20.66,1.4,1787653480670.9424,False,,,1,OP1,C3_WIFI_CARGA_ALTA,N3
,0.383,0.506,0.474,0.0,,1787653480701.49,21.59,9.36,20.36,1.4,1787653480705.5227,False,,,1,OP1,C3_WIFI_CARGA_ALTA,N3
,0.384,0.499,0.464,0.0,,1787653480755.6333,21.24,9.28,19.94,1.4,1787653480756.2417,False,,,1,OP1,C3_WIFI_CARGA_ALTA,N3
,0.384,0.496,0.463,0.0,,1787653480786.9417,21.205,9.28,19.76,1.4,1787653480788.952,False,,,1,OP1,C3_WIFI_CARGA_ALTA,N3
,0.384,0.491,0.461,0.0,,1787653480814.6035,21.135,9.28,19.46,1.4,1787653480816.6191,False,,,1,OP1,C3_WIFI_CARGA_ALTA,N3
,0.384,0.484,0.461,0.0,,1787653480843.1477,21.135,9.28,19.04,1.4,1787653480844.148,False,,,1,OP1,C3_WIFI_CARGA_ALTA,N3
,0.384,0.478,0.461,0.0,,1787653480871.604,21.135,9.28,18.68,1.4,1787653480873.5706,False,,,1,OP1,C3_WIFI_CARGA_ALTA,N3
,0.383,0.47,0.457,0.0,,1787653480921.5117,20.995,9.36,18.2,1.4,1787653480923.4712,False,,,1,OP1,C3_WIFI_CARGA_ALTA,N3
,0.383,0.466,0.455,0.103,,1787653480953.172,20.925,9.36,17.96,1.2918,1787653480956.7993,False,,,1,OP1,C3_WIFI_CARGA_ALTA,N3
,0.382,0.463,0.453,0.344,,1787653480973.4497,20.855,9.44,17.78,1.0388,1787653480975.629,False,,,1,OP1,C3_WIFI_CARGA_ALTA,N3
,0.381,0.462,0.451,0.523,,1787653481140.0266,20.785,9.52,17.72,0.8508,1787653481140.9282,False,,,1,OP1,C3_WIFI_CARGA_ALTA,N3
,0.377,0.45,0.425,1.0,,1787653481308.7856,19.875,9.84,17.0,0.35,1787653481310.521,False,,,1,OP1,C3_WIFI_CARGA_ALTA,N3
,0.38,0.429,0.425,1.0,,1787653481343.1584,19.875,9.6,15.74,0.35,1787653481347.0947,False,,,1,OP1,C3_WIFI_CARGA_ALTA,N3
,0.381,0.429,0.425,1.0,,1787653481364.2952,19.875,9.52,15.74,0.35,1787653481364.2952,False,,,1,OP1,C3_WIFI_CARGA_ALTA,N3
,0.384,0.429,0.425,1.0,,1787653481391.163,19.875,9.28,15.74,0.35,1787653481391.163,False,,,1,OP1,C3_WIFI_CARGA_ALTA,N3
,0.386,0.428,0.426,1.0,,1787653481429.006,19.91,9.12,15.68,0.35,1787653481429.006,False,,,1,OP1,C3_WIFI_CARGA_ALTA,N3
,0.388,0.427,0.428,1.0,,1787653481456.0063,19.98,8.96,15.62,0.35,1787653481456.0063,False,,,1,OP1,C3_WIFI_CARGA_ALTA,N3
,0.389,0.427,0.427,1.0,,1787653481511.0452,19.945,8.88,15.62,0.35,1787653481514.952,False,,,1,OP1,C3_WIFI_CARGA_ALTA,N3
,0.39,0.426,0.426,1.0,,1787653481557.1138,19.91,8.8,15.56,0.35,1787653481557.1138,False,,,1,OP1,C3_WIFI_CARGA_ALTA,N3
,0.391,0.426,0.427,1.0,,1787653481593.6028,19.945,8.72,15.56,0.35,1787653481597.6472,False,,,1,OP1,C3_WIFI_CARGA_ALTA,N3
,0.391,0.425,0.428,1.0,,1787653481621.688,19.98,8.72,15.5,0.35,1787653481621.688,False,,,1,OP1,C3_WIFI_CARGA_ALTA,N3
,0.393,0.424,0.43,1.0,,1787653481679.1272,20.05,8.56,15.44,0.35,1787653481681.2126,False,,,1,OP1,C3_WIFI_CARGA_ALTA,N3
,0.393,0.424,0.431,1.0,,1787653481700.9385,20.085,8.56,15.44,0.35,1787653481701.946,False,,,1,OP1,C3_WIFI_CARGA_ALTA,N3
,0.393,0.423,0.432,1.0,,1787653481726.1487,20.12,8.56,15.38,0.35,1787653481726.1487,False,,,1,OP1,C3_WIFI_CARGA_ALTA,N3
,0.393,0.422,0.433,1.0,,1787653481762.2537,20.155,8.56,15.32,0.35,1787653481762.2537,False,,,1,OP1,C3_WIFI_CARGA_ALTA,N3
,0.394,0.421,0.434,1.0,,1787653481790.274,20.19,8.48,15.26,0.35,1787653481790.274,False,,,1,OP1,C3_WIFI_CARGA_ALTA,N3
,0.394,0.419,0.437,1.0,,1787653481812.7754,20.295,8.48,15.14,0.35,1787653481812.7754,False,,,1,OP1,C3_WIFI_CARGA_ALTA,N3
,0.394,0.416,0.439,1.0,,1787653481847.8943,20.365,8.48,14.96,0.35,1787653481847.8943,False,,,1,OP1,C3_WIFI_CARGA_ALTA,N3
,0.395,0.414,0.441,1.0,,1787653481874.2383,20.435,8.4,14.84,0.35,1787653481874.2383,False,,,1,OP1,C3_WIFI_CARGA_ALTA,N3
,0.395,0.412,0.441,1.0,,1787653481898.1377,20.435,8.4,14.72,0.35,1787653481898.1377,False,,,1,OP1,C3_WIFI_CARGA_ALTA,N3
,0.396,0.411,0.441,1.0,,1787653482062.3374,20.435,8.32,14.66,0.35,1787653482062.3374,False,,,1,OP1,C3_WIFI_CARGA_ALTA,N3
,0.396,0.409,0.442,1.0,,1787653482207.8806,20.47,8.32,14.54,0.35,1787653482209.87,False,,,1,OP1,C3_WIFI_CARGA_ALTA,N3
,0.398,0.41,0.441,1.0,,1787653482292.111,20.435,8.16,14.6,0.35,1787653482292.111,False,,,1,OP1,C3_WIFI_CARGA_ALTA,N3
,0.398,0.416,0.443,1.0,,1787653482334.7551,20.505,8.16,14.96,0.35,1787653482336.766,False,,,1,OP1,C3_WIFI_CARGA_ALTA,N3
,0.398,0.417,0.443,1.0,,1787653482368.3955,20.505,8.16,15.02,0.35,1787653482369.4607,False,,,1,OP1,C3_WIFI_CARGA_ALTA,N3
,0.398,0.417,0.443,1.0,,1787653482389.0195,20.505,8.16,15.02,0.35,1787653482390.073,False,,,1,OP1,C3_WIFI_CARGA_ALTA,N3
,0.397,0.417,0.442,1.0,,1787653482427.7646,20.47,8.24,15.02,0.35,1787653482432.3113,False,,,1,OP1,C3_WIFI_CARGA_ALTA,N3
,0.397,0.418,0.442,1.0,,1787653482458.2356,20.47,8.24,15.08,0.35,1787653482458.2356,False,,,1,OP1,C3_WIFI_CARGA_ALTA,N3
,0.396,0.418,0.442,1.0,,1787653482485.662,20.47,8.32,15.08,0.35,1787653482485.662,False,,,1,OP1,C3_WIFI_CARGA_ALTA,N3
,0.394,0.418,0.442,1.0,,1787653482533.2007,20.47,8.48,15.08,0.35,1787653482535.3884,False,,,1,OP1,C3_WIFI_CARGA_ALTA,N3
,0.394,0.418,0.442,1.0,,1787653482558.318,20.47,8.48,15.08,0.35,1787653482558.318,False,,,1,OP1,C3_WIFI_CARGA_ALTA,N3
,0.393,0.418,0.442,1.0,,1787653482593.154,20.47,8.56,15.08,0.35,1787653482595.163,False,,,1,OP1,C3_WIFI_CARGA_ALTA,N3
,0.392,0.417,0.443,1.0,,1787653482626.7205,20.505,8.64,15.02,0.35,1787653482626.7205,False,,,1,OP1,C3_WIFI_CARGA_ALTA,N3
,0.391,0.416,0.444,1.0,,1787653482872.6323,20.54,8.72,14.96,0.35,1787653482872.6323,False,,,1,OP1,C3_WIFI_CARGA_ALTA,N3
,0.387,0.413,0.448,1.0,,1787653482892.913,20.68,9.04,14.78,0.35,1787653482893.9214,False,,,1,OP1,C3_WIFI_CARGA_ALTA,N3
,0.386,0.413,0.449,1.0,,1787653482932.3806,20.715,9.12,14.78,0.35,1787653482932.3806,False,,,1,OP1,C3_WIFI_CARGA_ALTA,N3
,0.386,0.413,0.449,1.0,,1787653482958.118,20.715,9.12,14.78,0.35,1787653482959.129,False,,,1,OP1,C3_WIFI_CARGA_ALTA,N3
,0.384,0.413,0.449,1.0,,1787653483007.1272,20.715,9.28,14.78,0.35,1787653483008.3176,False,,,1,OP1,C3_WIFI_CARGA_ALTA,N3
,0.383,0.413,0.449,1.0,,1787653483030.7546,20.715,9.36,14.78,0.35,1787653483030.7546,False,,,1,OP1,C3_WIFI_CARGA_ALTA,N3
,0.382,0.413,0.45,1.0,,1787653483062.5586,20.75,9.44,14.78,0.35,1787653483064.568,False,,,1,OP1,C3_WIFI_CARGA_ALTA,N3
,0.381,0.413,0.451,1.0,,1787653483098.474,20.785,9.52,14.78,0.35,1787653483098.474,False,,,1,OP1,C3_WIFI_CARGA_ALTA,N3
,0.38,0.413,0.452,1.0,,1787653483123.6736,20.82,9.6,14.78,0.35,1787653483129.1829,False,,,1,OP1,C3_WIFI_CARGA_ALTA,N3
,0.375,0.414,0.454,1.0,,1787653483176.0923,20.89,10.0,14.84,0.35,1787653483176.0923,False,,,1,OP1,C3_WIFI_CARGA_ALTA,N3
,0.372,0.415,0.454,1.0,,1787653483204.414,20.89,10.24,14.9,0.35,1787653483208.7002,False,,,1,OP1,C3_WIFI_CARGA_ALTA,N3
,0.368,0.417,0.454,1.0,,1787653483230.012,20.89,10.56,15.02,0.35,1787653483230.012,False,,,1,OP1,C3_WIFI_CARGA_ALTA,N3
,0.364,0.419,0.455,1.0,,1787653483266.0813,20.925,10.88,15.14,0.35,1787653483267.093,False,,,1,OP1,C3_WIFI_CARGA_ALTA,N3
,0.361,0.42,0.455,1.0,,1787653483291.6824,20.925,11.12,15.2,0.35,1787653483291.6824,False,,,1,OP1,C3_WIFI_CARGA_ALTA,N3
,0.359,0.422,0.456,1.0,,1787653483313.095,20.96,11.28,15.32,0.35,1787653483313.095,False,,,1,OP1,C3_WIFI_CARGA_ALTA,N3
,0.357,0.425,0.458,1.0,,1787653483343.2373,21.03,11.44,15.5,0.35,1787653483343.2373,False,,,1,OP1,C3_WIFI_CARGA_ALTA,N3
,0.354,0.428,0.46,1.0,,1787653483377.4844,21.1,11.68,15.68,0.35,1787653483377.4844,False,,,1,OP1,C3_WIFI_CARGA_ALTA,N3
,0.348,0.433,0.464,1.0,,1787653483433.0298,21.24,12.16,15.98,0.35,1787653483433.0298,False,,,1,OP1,C3_WIFI_CARGA_ALTA,N3
,0.344,0.436,0.463,1.0,,1787653483460.0378,21.205,12.48,16.16,0.35,1787653483463.355,False,,,1,OP1,C3_WIFI_CARGA_ALTA,N3
,0.335,0.438,0.464,1.0,,1787653483511.1057,21.24,13.2,16.28,0.35,1787653483511.7483,False,,,1,OP1,C3_WIFI_CARGA_ALTA,N3
,0.333,0.439,0.465,1.0,,1787653483543.5408,21.275,13.36,16.34,0.35,1787653483544.712,False,,,1,OP1,C3_WIFI_CARGA_ALTA,N3
,0.331,0.439,0.465,1.0,,1787653483566.006,21.275,13.52,16.34,0.35,1787653483566.006,False,,,1,OP1,C3_WIFI_CARGA_ALTA,N3
,0.327,0.44,0.469,1.0,,1787653483601.8564,21.415,13.84,16.4,0.35,1787653483603.868,False,,,1,OP1,C3_WIFI_CARGA_ALTA,N3
,0.324,0.44,0.476,1.0,,1787653483622.1853,21.66,14.08,16.4,0.35,1787653483622.1853,False,,,1,OP1,C3_WIFI_CARGA_ALTA,N3
,0.321,0.44,0.483,1.0,,1787653483649.0388,21.905,14.32,16.4,0.35,1787653483649.0388,False,,,1,OP1,C3_WIFI_CARGA_ALTA,N3
,0.318,0.44,0.491,1.0,,1787653483679.135,22.185,14.56,16.4,0.35,1787653483679.9817,False,,,1,OP1,C3_WIFI_CARGA_ALTA,N3
,0.316,0.44,0.496,1.0,,1787653483701.5674,22.36,14.72,16.4,0.35,1787653483703.574,False,,,1,OP1,C3_WIFI_CARGA_ALTA,N3
,0.316,0.439,0.498,1.0,,1787653483735.6804,22.43,14.72,16.34,0.35,1787653483735.6804,False,,,1,OP1,C3_WIFI_CARGA_ALTA,N3
,0.316,0.436,0.502,1.0,,1787653483767.187,22.57,14.72,16.16,0.35,1787653483767.187,False,,,1,OP1,C3_WIFI_CARGA_ALTA,N3
,0.316,0.432,0.506,1.0,,1787653483795.6362,22.71,14.72,15.92,0.35,1787653483795.6362,False,,,1,OP1,C3_WIFI_CARGA_ALTA,N3
,0.316,0.426,0.51,1.0,,1787653483818.6794,22.85,14.72,15.56,0.35,1787653483820.2966,False,,,1,OP1,C3_WIFI_CARGA_ALTA,N3
,0.317,0.421,0.514,1.0,,1787653483842.3567,22.99,14.64,15.26,0.35,1787653483842.3567,False,,,1,OP1,C3_WIFI_CARGA_ALTA,N3
,0.317,0.419,0.515,1.0,,1787653483878.1174,23.025,14.64,15.14,0.35,1787653483878.1174,False,,,1,OP1,C3_WIFI_CARGA_ALTA,N3
,0.317,0.419,0.516,1.0,,1787653483901.5244,23.06,14.64,15.14,0.35,1787653483901.5244,False,,,1,OP1,C3_WIFI_CARGA_ALTA,N3
,0.317,0.419,0.516,1.0,,1787653483935.5938,23.06,14.64,15.14,0.35,1787653483937.8196,False,,,1,OP1,C3_WIFI_CARGA_ALTA,N3
,0.317,0.418,0.516,1.0,,1787653483962.8853,23.06,14.64,15.08,0.35,1787653483962.8853,False,,,1,OP1,C3_WIFI_CARGA_ALTA,N3
,0.316,0.419,0.518,1.0,,1787653484017.1355,23.13,14.72,15.14,0.35,1787653484017.1355,False,,,1,OP1,C3_WIFI_CARGA_ALTA,N3
,0.316,0.419,0.52,1.0,,1787653484043.4165,23.2,14.72,15.14,0.35,1787653484043.4165,False,,,1,OP1,C3_WIFI_CARGA_ALTA,N3
,0.315,0.419,0.524,1.0,,1787653484066.7212,23.34,14.8,15.14,0.35,1787653484068.7449,False,,,1,OP1,C3_WIFI_CARGA_ALTA,N3
,0.315,0.421,0.532,1.0,,1787653484102.5913,23.62,14.8,15.26,0.35,1787653484102.9688,False,,,1,OP1,C3_WIFI_CARGA_ALTA,N3
,0.315,0.422,0.545,1.0,,1787653484129.7046,24.075,14.8,15.32,0.35,1787653484130.9714,False,,,1,OP1,C3_WIFI_CARGA_ALTA,N3
,0.317,0.419,0.572,1.0,,1787653484181.554,25.02,14.64,15.14,0.35,1787653484182.8496,False,,,1,OP1,C3_WIFI_CARGA_ALTA,N3
,0.316,0.417,0.589,1.0,,1787653484212.8013,25.615,14.72,15.02,0.35,1787653484214.306,False,,,1,OP1,C3_WIFI_CARGA_ALTA,N3
,0.314,0.409,0.616,1.0,,1787653484235.406,26.56,14.88,14.54,0.35,1787653484235.406,False,,,1,OP1,C3_WIFI_CARGA_ALTA,N3
,0.314,0.401,0.642,1.0,,1787653484269.5862,27.47,14.88,14.06,0.35,1787653484271.6006,False,,,1,OP1,C3_WIFI_CARGA_ALTA,N3
,0.315,0.39,0.675,1.0,,1787653484315.7144,28.625,14.8,13.4,0.35,1787653484315.7144,False,,,1,OP1,C3_WIFI_CARGA_ALTA,N3
,0.314,0.389,0.68,1.0,,1787653484348.9175,28.8,14.88,13.34,0.35,1787653484351.15,False,,,1,OP1,C3_WIFI_CARGA_ALTA,N3
,0.313,0.39,0.682,1.0,,1787653484376.842,28.87,14.96,13.4,0.35,1787653484376.842,False,,,1,OP1,C3_WIFI_CARGA_ALTA,N3
,0.312,0.392,0.683,1.0,,1787653484398.9429,28.905,15.04,13.52,0.35,1787653484401.483,False,,,1,OP1,C3_WIFI_CARGA_ALTA,N3
,0.31,0.396,0.683,1.0,,1787653484563.6416,28.905,15.2,13.76,0.35,1787653484563.6416,False,,,1,OP1,C3_WIFI_CARGA_ALTA,N3
,0.292,0.388,0.72,1.0,,1787653484601.9373,30.2,16.64,13.28,0.35,1787653484604.361,False,,,1,OP1,C3_WIFI_CARGA_ALTA,N3
,0.287,0.377,0.724,1.0,,1787653484647.0312,30.34,17.04,12.62,0.35,1787653484647.0312,False,,,1,OP1,C3_WIFI_CARGA_ALTA,N3
,0.285,0.374,0.722,1.0,,1787653484687.2144,30.27,17.2,12.44,0.35,1787653484687.2144,False,,,1,OP1,C3_WIFI_CARGA_ALTA,N3
,0.284,0.373,0.721,1.0,,1787653484714.4685,30.235,17.28,12.38,0.35,1787653484714.4685,False,,,1,OP1,C3_WIFI_CARGA_ALTA,N3
,0.282,0.372,0.719,1.0,,1787653484767.6953,30.165,17.44,12.32,0.35,1787653484771.87,False,,,1,OP1,C3_WIFI_CARGA_ALTA,N3
,0.281,0.37,0.72,1.0,,1787653484816.4067,30.2,17.52,12.2,0.35,1787653484816.4067,False,,,1,OP1,C3_WIFI_CARGA_ALTA,N3
,0.281,0.37,0.721,1.0,,1787653484985.1804,30.235,17.52,12.2,0.35,1787653484985.1804,False,,,1,OP1,C3_WIFI_CARGA_ALTA,N3
,0.277,0.365,0.735,1.0,,1787653485020.2412,30.725,17.84,11.9,0.35,1787653485020.2412,False,,,1,OP1,C3_WIFI_CARGA_ALTA,N3
,0.273,0.362,0.739,1.0,,1787653485048.061,30.865,18.16,11.72,0.35,1787653485048.061,False,,,1,OP1,C3_WIFI_CARGA_ALTA,N3
,0.265,0.36,0.741,1.0,,1787653485258.381,30.935,18.8,11.6,0.35,1787653485259.1016,False,,,1,OP1,C3_WIFI_CARGA_ALTA,N3
,0.238,0.359,0.751,1.0,,1787653485289.413,31.285,20.96,11.54,0.35,1787653485292.0134,False,,,1,OP1,C3_WIFI_CARGA_ALTA,N3
,0.236,0.358,0.752,1.0,,1787653485326.3206,31.32,21.12,11.48,0.35,1787653485327.4668,False,,,1,OP1,C3_WIFI_CARGA_ALTA,N3
,0.234,0.357,0.753,1.0,,1787653485350.7715,31.355,21.28,11.42,0.35,1787653485351.869,False,,,1,OP1,C3_WIFI_CARGA_ALTA,N3
,0.231,0.356,0.754,1.0,,1787653485382.6812,31.39,21.52,11.36,0.35,1787653485382.6812,False,,,1,OP1,C3_WIFI_CARGA_ALTA,N3
,0.23,0.355,0.753,1.0,,1787653485408.3374,31.355,21.6,11.3,0.35,1787653485412.2007,False,,,1,OP1,C3_WIFI_CARGA_ALTA,N3
,0.229,0.353,0.752,1.0,,1787653485436.678,31.32,21.68,11.18,0.35,1787653485436.678,False,,,1,OP1,C3_WIFI_CARGA_ALTA,N3
,0.228,0.351,0.751,1.0,,1787653485457.9348,31.285,21.76,11.06,0.35,1787653485459.1028,False,,,1,OP1,C3_WIFI_CARGA_ALTA,N3
,0.228,0.35,0.749,1.0,,1787653485488.502,31.215,21.76,11.0,0.35,1787653485489.9785,False,,,1,OP1,C3_WIFI_CARGA_ALTA,N3
,0.229,0.349,0.747,1.0,,1787653485518.0286,31.145,21.68,10.94,0.35,1787653485522.444,False,,,1,OP1,C3_WIFI_CARGA_ALTA,N3
,0.23,0.348,0.746,1.0,,1787653485548.8965,31.11,21.6,10.88,0.35,1787653485548.8965,False,,,1,OP1,C3_WIFI_CARGA_ALTA,N3
,0.231,0.347,0.747,1.0,,1787653485594.5908,31.145,21.52,10.82,0.35,1787653485594.5908,False,,,1,OP1,C3_WIFI_CARGA_ALTA,N3
,0.231,0.346,0.748,1.0,,1787653485628.316,31.18,21.52,10.76,0.35,1787653485630.827,False,,,1,OP1,C3_WIFI_CARGA_ALTA,N3
,0.232,0.346,0.75,1.0,,1787653485657.2527,31.25,21.44,10.76,0.35,1787653485659.0215,False,,,1,OP1,C3_WIFI_CARGA_ALTA,N3
,0.233,0.345,0.752,1.0,,1787653485687.432,31.32,21.36,10.7,0.35,1787653485689.4417,False,,,1,OP1,C3_WIFI_CARGA_ALTA,N3
,0.233,0.342,0.754,1.0,,1787653485716.8315,31.39,21.36,10.52,0.35,1787653485717.286,False,,,1,OP1,C3_WIFI_CARGA_ALTA,N3
,0.234,0.337,0.76,1.0,,1787653485772.5835,31.6,21.28,10.22,0.35,1787653485772.5835,False,,,1,OP1,C3_WIFI_CARGA_ALTA,N3
,0.234,0.336,0.761,1.0,,1787653485793.3926,31.635,21.28,10.16,0.35,1787653485794.62,False,,,1,OP1,C3_WIFI_CARGA_ALTA,N3
,0.235,0.334,0.762,1.0,,1787653485816.6543,31.67,21.2,10.04,0.35,1787653485817.4104,False,,,1,OP1,C3_WIFI_CARGA_ALTA,N3
,0.236,0.332,0.763,1.0,,1787653485856.7478,31.705,21.12,9.92,0.35,1787653485856.7478,False,,,1,OP1,C3_WIFI_CARGA_ALTA,N3
,0.236,0.33,0.764,1.0,,1787653485883.9548,31.74,21.12,9.8,0.35,1787653485884.3054,False,,,1,OP1,C3_WIFI_CARGA_ALTA,N3
,0.237,0.324,0.767,1.0,,1787653485926.24,31.845,21.04,9.44,0.35,1787653485926.24,False,,,1,OP1,C3_WIFI_CARGA_ALTA,N3
,0.237,0.318,0.772,1.0,,1787653485960.5676,32.02,21.04,9.08,0.35,1787653485962.4165,False,,,1,OP1,C3_WIFI_CARGA_ALTA,N3
,0.237,0.313,0.776,1.0,,1787653485989.2754,32.16,21.04,8.78,0.35,1787653485990.2854,False,,,1,OP1,C3_WIFI_CARGA_ALTA,N3
,0.238,0.31,0.78,1.0,,1787653486023.2844,32.3,20.96,8.6,0.35,1787653486023.2844,False,,,1,OP1,C3_WIFI_CARGA_ALTA,N3
,0.238,0.309,0.78,1.0,,1787653486050.1514,32.3,20.96,8.54,0.35,1787653486052.5125,False,,,1,OP1,C3_WIFI_CARGA_ALTA,N3
,0.239,0.309,0.78,1.0,,1787653486074.691,32.3,20.88,8.54,0.35,1787653486075.7007,False,,,1,OP1,C3_WIFI_CARGA_ALTA,N3
,0.242,0.308,0.784,1.0,,1787653486129.7505,32.44,20.64,8.48,0.35,1787653486131.3362,False,,,1,OP1,C3_WIFI_CARGA_ALTA,N3
,0.247,0.307,0.788,1.0,,1787653486161.1248,32.58,20.24,8.42,0.35,1787653486161.1248,False,,,1,OP1,C3_WIFI_CARGA_ALTA,N3
,0.251,0.305,0.793,1.0,,1787653486189.2734,32.755,19.92,8.3,0.35,1787653486191.027,False,,,1,OP1,C3_WIFI_CARGA_ALTA,N3
,0.254,0.303,0.799,1.0,,1787653486218.3228,32.965,19.68,8.18,0.35,1787653486218.3228,False,,,1,OP1,C3_WIFI_CARGA_ALTA,N3
,0.258,0.301,0.801,1.0,,1787653486245.621,33.035,19.36,8.06,0.35,1787653486245.621,False,,,1,OP1,C3_WIFI_CARGA_ALTA,N3
,0.263,0.298,0.806,1.0,,1787653486290.686,33.21,18.96,7.88,0.35,1787653486290.686,False,,,1,OP1,C3_WIFI_CARGA_ALTA,N3
,0.264,0.295,0.81,1.0,,1787653486329.54,33.35,18.88,7.7,0.35,1787653486329.54,False,,,1,OP1,C3_WIFI_CARGA_ALTA,N3
,0.265,0.293,0.812,1.0,,1787653486356.9087,33.42,18.8,7.58,0.35,1787653486356.9087,False,,,1,OP1,C3_WIFI_CARGA_ALTA,N3
,0.267,0.29,0.818,1.0,,1787653486412.0176,33.63,18.64,7.4,0.35,1787653486414.046,False,,,1,OP1,C3_WIFI_CARGA_ALTA,N3
,0.269,0.285,0.826,1.0,,1787653486468.356,33.91,18.48,7.1,0.35,1787653486468.889,False,,,1,OP1,C3_WIFI_CARGA_ALTA,N3
,0.27,0.282,0.828,1.0,,1787653486496.5647,33.98,18.4,6.92,0.35,1787653486496.5647,False,,,1,OP1,C3_WIFI_CARGA_ALTA,N3
,0.27,0.281,0.828,1.0,,1787653486523.205,33.98,18.4,6.86,0.35,1787653486525.37,False,,,1,OP1,C3_WIFI_CARGA_ALTA,N3
,0.271,0.28,0.829,1.0,,1787653486552.1106,34.015,18.32,6.8,0.35,1787653486552.1106,False,,,1,OP1,C3_WIFI_CARGA_ALTA,N3
,0.271,0.279,0.83,1.0,,1787653486578.9424,34.05,18.32,6.74,0.35,1787653486578.9424,False,,,1,OP1,C3_WIFI_CARGA_ALTA,N3
,0.272,0.278,0.83,1.0,,1787653486760.1145,34.05,18.24,6.68,0.35,1787653486762.1228,False,,,1,OP1,C3_WIFI_CARGA_ALTA,N3
,0.272,0.277,0.83,1.0,,1787653486807.639,34.05,18.24,6.62,0.35,1787653486808.5708,False,,,1,OP1,C3_WIFI_CARGA_ALTA,N3
,0.268,0.273,0.835,1.0,,1787653486898.4,34.225,18.56,6.38,0.35,1787653486898.4,False,,,1,OP1,C3_WIFI_CARGA_ALTA,N3
,0.264,0.268,0.84,1.0,,1787653486940.333,34.4,18.88,6.08,0.35,1787653486942.3435,False,,,1,OP1,C3_WIFI_CARGA_ALTA,N3
,0.263,0.266,0.841,1.0,,1787653486967.4988,34.435,18.96,5.96,0.35,1787653486971.9768,False,,,1,OP1,C3_WIFI_CARGA_ALTA,N3
,0.26,0.262,0.842,1.0,,1787653487026.7444,34.47,19.2,5.72,0.35,1787653487026.7444,False,,,1,OP1,C3_WIFI_CARGA_ALTA,N3
,0.259,0.26,0.842,1.0,,1787653487220.4622,34.47,19.28,5.6,0.35,1787653487220.4622,False,,,1,OP1,C3_WIFI_CARGA_ALTA,N3
,0.255,0.256,0.842,1.0,,1787653487244.4758,34.47,19.6,5.36,0.35,1787653487245.82,False,,,1,OP1,C3_WIFI_CARGA_ALTA,N3
,0.247,0.257,0.842,1.0,,1787653487274.411,34.47,20.24,5.42,0.35,1787653487274.411,False,,,1,OP1,C3_WIFI_CARGA_ALTA,N3
,0.247,0.257,0.843,1.0,,1787653487324.7524,34.505,20.24,5.42,0.35,1787653487325.7734,False,,,1,OP1,C3_WIFI_CARGA_ALTA,N3
,0.246,0.256,0.843,1.0,,1787653487360.3877,34.505,20.32,5.36,0.35,1787653487360.3877,False,,,1,OP1,C3_WIFI_CARGA_ALTA,N3
,0.247,0.256,0.842,1.0,,1787653487406.7534,34.47,20.24,5.36,0.35,1787653487407.7698,False,,,1,OP1,C3_WIFI_CARGA_ALTA,N3
,0.246,0.256,0.842,1.0,,1787653487444.758,34.47,20.32,5.36,0.35,1787653487445.1453,False,,,1,OP1,C3_WIFI_CARGA_ALTA,N3
,0.246,0.256,0.841,1.0,,1787653487469.3574,34.435,20.32,5.36,0.35,1787653487469.9092,False,,,1,OP1,C3_WIFI_CARGA_ALTA,N3
,0.246,0.256,0.841,1.0,,1787653487490.214,34.435,20.32,5.36,0.35,1787653487493.7007,False,,,1,OP1,C3_WIFI_CARGA_ALTA,N3
,0.246,0.256,0.841,1.0,,1787653487517.0127,34.435,20.32,5.36,0.35,1787653487517.93,False,,,1,OP1,C3_WIFI_CARGA_ALTA,N3
,0.246,0.256,0.841,1.0,,1787653487555.354,34.435,20.32,5.36,0.35,1787653487555.8796,False,,,1,OP1,C3_WIFI_CARGA_ALTA,N3
,0.245,0.255,0.841,1.0,,1787653487738.605,34.435,20.4,5.3,0.35,1787653487738.605,False,,,1,OP1,C3_WIFI_CARGA_ALTA,N3
,0.24,0.255,0.842,1.0,,1787653487857.4492,34.47,20.8,5.3,0.35,1787653487859.3206,False,,,1,OP1,C3_WIFI_CARGA_ALTA,N3
,0.238,0.256,0.837,1.0,,1787653487888.9597,34.295,20.96,5.36,0.35,1787653487889.9592,False,,,1,OP1,C3_WIFI_CARGA_ALTA,N3
,0.237,0.256,0.835,1.0,,1787653487943.173,34.225,21.04,5.36,0.35,1787653487946.8298,False,,,1,OP1,C3_WIFI_CARGA_ALTA,N3
,0.237,0.255,0.835,1.0,,1787653487970.854,34.225,21.04,5.3,0.35,1787653487972.996,False,,,1,OP1,C3_WIFI_CARGA_ALTA,N3
,0.237,0.254,0.833,1.0,,1787653488025.658,34.155,21.04,5.24,0.35,1787653488027.527,False,,,1,OP1,C3_WIFI_CARGA_ALTA,N3
,0.237,0.254,0.833,1.0,,1787653488056.6436,34.155,21.04,5.24,0.35,1787653488057.3977,False,,,1,OP1,C3_WIFI_CARGA_ALTA,N3
,0.236,0.254,0.83,1.0,,1787653488110.6963,34.05,21.12,5.24,0.35,1787653488112.7036,False,,,1,OP1,C3_WIFI_CARGA_ALTA,N3
,0.235,0.253,0.83,1.0,,1787653488138.8474,34.05,21.2,5.18,0.35,1787653488138.8474,False,,,1,OP1,C3_WIFI_CARGA_ALTA,N3
,0.234,0.254,0.829,1.0,,1787653488192.662,34.015,21.28,5.24,0.35,1787653488192.662,False,,,1,OP1,C3_WIFI_CARGA_ALTA,N3
,0.235,0.254,0.829,1.0,,1787653488362.8096,34.015,21.2,5.24,0.35,1787653488363.7256,False,,,1,OP1,C3_WIFI_CARGA_ALTA,N3
,0.235,0.253,0.828,1.0,,1787653488408.1484,33.98,21.2,5.18,0.35,1787653488408.1484,False,,,1,OP1,C3_WIFI_CARGA_ALTA,N3
,0.234,0.25,0.824,1.0,,1787653488445.462,33.84,21.28,5.0,0.35,1787653488445.462,False,,,1,OP1,C3_WIFI_CARGA_ALTA,N3
,0.233,0.249,0.822,1.0,,1787653488472.7112,33.77,21.36,4.94,0.35,1787653488472.7112,False,,,1,OP1,C3_WIFI_CARGA_ALTA,N3
,0.232,0.246,0.819,1.0,,1787653488528.1963,33.665,21.44,4.76,0.35,1787653488528.1963,False,,,1,OP1,C3_WIFI_CARGA_ALTA,N3
,0.231,0.245,0.817,1.0,,1787653488556.5754,33.595,21.52,4.7,0.35,1787653488556.5754,False,,,1,OP1,C3_WIFI_CARGA_ALTA,N3
,0.231,0.245,0.816,1.0,,1787653488584.66,33.56,21.52,4.7,0.35,1787653488586.743,False,,,1,OP1,C3_WIFI_CARGA_ALTA,N3
,0.231,0.244,0.813,1.0,,1787653488639.4702,33.455,21.52,4.64,0.35,1787653488641.4785,False,,,1,OP1,C3_WIFI_CARGA_ALTA,N3
,0.231,0.244,0.811,1.0,,1787653488692.5176,33.385,21.52,4.64,0.35,1787653488696.5923,False,,,1,OP1,C3_WIFI_CARGA_ALTA,N3
,0.232,0.244,0.81,1.0,,1787653488724.4983,33.35,21.44,4.64,0.35,1787653488728.0938,False,,,1,OP1,C3_WIFI_CARGA_ALTA,N3
,0.233,0.244,0.808,1.0,,1787653488780.1787,33.28,21.36,4.64,0.35,1787653488780.1787,False,,,1,OP1,C3_WIFI_CARGA_ALTA,N3
,0.237,0.244,0.805,1.0,,1787653488824.439,33.175,21.04,4.64,0.35,1787653488826.4492,False,,,1,OP1,C3_WIFI_CARGA_ALTA,N3
,0.237,0.243,0.804,1.0,,1787653488864.067,33.14,21.04,4.58,0.35,1787653488865.5098,False,,,1,OP1,C3_WIFI_CARGA_ALTA,N3
,0.238,0.243,0.803,1.0,,1787653488891.058,33.105,20.96,4.58,0.35,1787653488891.058,False,,,1,OP1,C3_WIFI_CARGA_ALTA,N3
,0.239,0.242,0.802,1.0,,1787653488946.3904,33.07,20.88,4.52,0.35,1787653488946.3904,False,,,1,OP1,C3_WIFI_CARGA_ALTA,N3
,0.239,0.242,0.801,1.0,,1787653488974.0818,33.035,20.88,4.52,0.35,1787653488974.0818,False,,,1,OP1,C3_WIFI_CARGA_ALTA,N3
,0.24,0.24,0.801,1.0,,1787653489017.5706,33.035,20.8,4.4,0.35,1787653489020.0813,False,,,1,OP1,C3_WIFI_CARGA_ALTA,N3
,0.241,0.239,0.801,1.0,,1787653489053.5876,33.035,20.72,4.34,0.35,1787653489054.3188,False,,,1,OP1,C3_WIFI_CARGA_ALTA,N3
,0.241,0.237,0.801,1.0,,1787653489076.7363,33.035,20.72,4.22,0.35,1787653489078.707,False,,,1,OP1,C3_WIFI_CARGA_ALTA,N3
,0.242,0.235,0.801,1.0,,1787653489115.3796,33.035,20.64,4.1,0.35,1787653489115.3796,False,,,1,OP1,C3_WIFI_CARGA_ALTA,N3
,0.242,0.229,0.802,1.0,,1787653489162.3242,33.07,20.64,3.74,0.35,1787653489162.3242,False,,,1,OP1,C3_WIFI_CARGA_ALTA,N3
,0.243,0.228,0.801,1.0,,1787653489197.3892,33.035,20.56,3.68,0.35,1787653489197.3892,False,,,1,OP1,C3_WIFI_CARGA_ALTA,N3
,0.243,0.224,0.8,1.0,,1787653489249.2546,33.0,20.56,3.44,0.35,1787653489250.453,False,,,1,OP1,C3_WIFI_CARGA_ALTA,N3
,0.244,0.223,0.798,1.0,,1787653489280.8943,32.93,20.48,3.38,0.35,1787653489280.8943,False,,,1,OP1,C3_WIFI_CARGA_ALTA,N3
,0.246,0.219,0.793,1.0,,1787653489333.5098,32.755,20.32,3.14,0.35,1787653489334.6145,False,,,1,OP1,C3_WIFI_CARGA_ALTA,N3
,0.246,0.219,0.792,1.0,,1787653489364.5718,32.72,20.32,3.14,0.35,1787653489368.647,False,,,1,OP1,C3_WIFI_CARGA_ALTA,N3
,0.247,0.218,0.792,1.0,,1787653489392.7888,32.72,20.24,3.08,0.35,1787653489392.7888,False,,,1,OP1,C3_WIFI_CARGA_ALTA,N3
,0.247,0.217,0.791,1.0,,1787653489415.888,32.685,20.24,3.02,0.35,1787653489415.888,False,,,1,OP1,C3_WIFI_CARGA_ALTA,N3
,0.247,0.217,0.791,1.0,,1787653489448.7156,32.685,20.24,3.02,0.35,1787653489448.7156,False,,,1,OP1,C3_WIFI_CARGA_ALTA,N3
,0.247,0.215,0.79,1.0,,1787653489500.1482,32.65,20.24,2.9,0.35,1787653489501.6587,False,,,1,OP1,C3_WIFI_CARGA_ALTA,N3
,0.247,0.215,0.79,1.0,,1787653489531.743,32.65,20.24,2.9,0.35,1787653489533.697,False,,,1,OP1,C3_WIFI_CARGA_ALTA,N3
,0.247,0.213,0.788,1.0,,1787653489586.6184,32.58,20.24,2.78,0.35,1787653489588.628,False,,,1,OP1,C3_WIFI_CARGA_ALTA,N3
,0.247,0.213,0.788,1.0,,1787653489613.52,32.58,20.24,2.78,0.35,1787653489615.527,False,,,1,OP1,C3_WIFI_CARGA_ALTA,N3
,0.247,0.212,0.789,1.0,,1787653489641.2026,32.615,20.24,2.72,0.35,1787653489645.2908,False,,,1,OP1,C3_WIFI_CARGA_ALTA,N3
,0.246,0.208,0.792,1.0,,1787653489693.4404,32.72,20.32,2.48,0.35,1787653489697.5686,False,,,1,OP1,C3_WIFI_CARGA_ALTA,N3
,0.246,0.206,0.792,1.0,,1787653489714.9707,32.72,20.32,2.36,0.35,1787653489721.2852,False,,,1,OP1,C3_WIFI_CARGA_ALTA,N3
,0.246,0.205,0.792,1.0,,1787653489742.458,32.72,20.32,2.3,0.35,1787653489742.458,False,,,1,OP1,C3_WIFI_CARGA_ALTA,N3
,0.246,0.205,0.792,1.0,,1787653489781.7131,32.72,20.32,2.3,0.35,1787653489785.3623,False,,,1,OP1,C3_WIFI_CARGA_ALTA,N3
,0.246,0.203,0.792,1.0,,1787653489931.5256,32.72,20.32,2.18,0.35,1787653489932.521,False,,,1,OP1,C3_WIFI_CARGA_ALTA,N3
,0.246,0.197,0.792,1.0,,1787653489964.3833,32.72,20.32,1.82,0.35,1787653489968.1108,False,,,1,OP1,C3_WIFI_CARGA_ALTA,N3
,0.246,0.195,0.793,1.0,,1787653490005.7903,32.755,20.32,1.7,0.35,1787653490007.1155,False,,,1,OP1,C3_WIFI_CARGA_ALTA,N3
,0.245,0.195,0.795,1.0,,1787653490049.155,32.825,20.4,1.7,0.35,1787653490051.767,False,,,1,OP1,C3_WIFI_CARGA_ALTA,N3
,0.244,0.195,0.795,1.0,,1787653490087.6196,32.825,20.48,1.7,0.35,1787653490087.6196,False,,,1,OP1,C3_WIFI_CARGA_ALTA,N3
,0.242,0.195,0.798,1.0,,1787653490132.2754,32.93,20.64,1.7,0.35,1787653490134.3157,False,,,1,OP1,C3_WIFI_CARGA_ALTA,N3
,0.242,0.195,0.798,1.0,,1787653490171.0095,32.93,20.64,1.7,0.35,1787653490171.0095,False,,,1,OP1,C3_WIFI_CARGA_ALTA,N3
,0.241,0.196,0.798,1.0,,1787653490196.4329,32.93,20.72,1.76,0.35,1787653490201.6284,False,,,1,OP1,C3_WIFI_CARGA_ALTA,N3
,0.239,0.195,0.799,1.0,,1787653490253.205,32.965,20.88,1.7,0.35,1787653490254.955,False,,,1,OP1,C3_WIFI_CARGA_ALTA,N3
,0.238,0.195,0.8,1.0,,1787653490283.616,33.0,20.96,1.7,0.35,1787653490283.616,False,,,1,OP1,C3_WIFI_CARGA_ALTA,N3
,0.237,0.194,0.804,1.0,,1787653490338.4744,33.14,21.04,1.64,0.35,1787653490338.4744,False,,,1,OP1,C3_WIFI_CARGA_ALTA,N3
,0.236,0.193,0.806,1.0,,1787653490366.6765,33.21,21.12,1.58,0.35,1787653490367.6123,False,,,1,OP1,C3_WIFI_CARGA_ALTA,N3
,0.236,0.19,0.808,1.0,,1787653490422.735,33.28,21.12,1.4,0.35,1787653490422.735,False,,,1,OP1,C3_WIFI_CARGA_ALTA,N3
,0.236,0.189,0.808,1.0,,1787653490448.0022,33.28,21.12,1.34,0.35,1787653490451.733,False,,,1,OP1,C3_WIFI_CARGA_ALTA,N3
,0.235,0.187,0.81,1.0,,1787653490499.4373,33.35,21.2,1.22,0.35,1787653490499.4373,False,,,1,OP1,C3_WIFI_CARGA_ALTA,N3
,0.235,0.186,0.811,1.0,,1787653490535.098,33.385,21.2,1.16,0.35,1787653490535.098,False,,,1,OP1,C3_WIFI_CARGA_ALTA,N3
,0.235,0.184,0.811,1.0,,1787653490586.8252,33.385,21.2,1.04,0.35,1787653490586.8252,False,,,1,OP1,C3_WIFI_CARGA_ALTA,N3
,0.236,0.178,0.812,1.0,,1787653490803.648,33.42,21.12,0.68,0.35,1787653490803.648,False,,,1,OP1,C3_WIFI_CARGA_ALTA,N3
,0.237,0.173,0.813,1.0,,1787653490920.7178,33.455,21.04,0.38,0.35,1787653490922.001,False,,,1,OP1,C3_WIFI_CARGA_ALTA,N3
,0.238,0.17,0.819,1.0,,1787653490951.933,33.665,20.96,0.2,0.35,1787653490953.9524,False,,,1,OP1,C3_WIFI_CARGA_ALTA,N3
,0.239,0.168,0.821,1.0,,1787653491007.4478,33.735,20.88,0.08,0.35,1787653491007.4478,False,,,1,OP1,C3_WIFI_CARGA_ALTA,N3
,0.239,0.168,0.822,1.0,,1787653491034.592,33.77,20.88,0.08,0.35,1787653491036.6052,False,,,1,OP1,C3_WIFI_CARGA_ALTA,N3
,0.242,0.166,0.825,1.0,,1787653491090.4895,33.875,20.64,-0.04,0.35,1787653491090.4895,False,,,1,OP1,C3_WIFI_CARGA_ALTA,N3
,0.243,0.165,0.827,1.0,,1787653491118.569,33.945,20.56,-0.1,0.35,1787653491119.7007,False,,,1,OP1,C3_WIFI_CARGA_ALTA,N3
,0.244,0.163,0.829,1.0,,1787653491173.0208,34.015,20.48,-0.22,0.35,1787653491173.0208,False,,,1,OP1,C3_WIFI_CARGA_ALTA,N3
,0.245,0.163,0.83,1.0,,1787653491201.7896,34.05,20.4,-0.22,0.35,1787653491202.3242,False,,,1,OP1,C3_WIFI_CARGA_ALTA,N3
,0.245,0.162,0.831,1.0,,1787653491257.1145,34.085,20.4,-0.28,0.35,1787653491257.1145,False,,,1,OP1,C3_WIFI_CARGA_ALTA,N3
,0.246,0.162,0.832,1.0,,1787653491282.6106,34.12,20.32,-0.28,0.35,1787653491284.4182,False,,,1,OP1,C3_WIFI_CARGA_ALTA,N3
,0.247,0.161,0.831,1.0,,1787653491343.912,34.085,20.24,-0.34,0.35,1787653491343.912,False,,,1,OP1,C3_WIFI_CARGA_ALTA,N3
,0.248,0.16,0.832,1.0,,1787653491368.373,34.12,20.16,-0.4,0.35,1787653491372.6794,False,,,1,OP1,C3_WIFI_CARGA_ALTA,N3
,0.249,0.161,0.831,1.0,,1787653491424.7163,34.085,20.08,-0.34,0.35,1787653491424.7163,False,,,1,OP1,C3_WIFI_CARGA_ALTA,N3
,0.249,0.161,0.831,1.0,,1787653491451.5916,34.085,20.08,-0.34,0.35,1787653491456.481,False,,,1,OP1,C3_WIFI_CARGA_ALTA,N3
,0.251,0.162,0.83,1.0,,1787653491508.275,34.05,19.92,-0.28,0.35,1787653491508.275,False,,,1,OP1,C3_WIFI_CARGA_ALTA,N3
,0.253,0.162,0.83,1.0,,1787653491553.4568,34.05,19.76,-0.28,0.35,1787653491556.9775,False,,,1,OP1,C3_WIFI_CARGA_ALTA,N3
,0.253,0.162,0.831,1.0,,1787653491590.8147,34.085,19.76,-0.28,0.35,1787653491590.8147,False,,,1,OP1,C3_WIFI_CARGA_ALTA,N3
,0.254,0.161,0.831,1.0,,1787653491646.707,34.085,19.68,-0.34,0.35,1787653491648.1294,False,,,1,OP1,C3_WIFI_CARGA_ALTA,N3
,0.255,0.161,0.831,1.0,,1787653491676.9316,34.085,19.6,-0.34,0.35,1787653491676.9316,False,,,1,OP1,C3_WIFI_CARGA_ALTA,N3
,0.255,0.16,0.832,1.0,,1787653491719.2188,34.12,19.6,-0.4,0.35,1787653491719.2188,False,,,1,OP1,C3_WIFI_CARGA_ALTA,N3
,0.256,0.16,0.833,1.0,,1787653491758.102,34.155,19.52,-0.4,0.35,1787653491760.1355,False,,,1,OP1,C3_WIFI_CARGA_ALTA,N3
,0.256,0.158,0.834,1.0,,1787653491814.161,34.19,19.52,-0.52,0.35,1787653491815.1702,False,,,1,OP1,C3_WIFI_CARGA_ALTA,N3
,0.256,0.158,0.835,1.0,,1787653491840.8484,34.225,19.52,-0.52,0.35,1787653491840.8484,False,,,1,OP1,C3_WIFI_CARGA_ALTA,N3
,0.255,0.158,0.835,1.0,,1787653491870.8748,34.225,19.6,-0.52,0.35,1787653491874.276,False,,,1,OP1,C3_WIFI_CARGA_ALTA,N3
,0.255,0.158,0.834,1.0,,1787653491894.8252,34.19,19.6,-0.52,0.35,1787653491899.3804,False,,,1,OP1,C3_WIFI_CARGA_ALTA,N3
,0.254,0.158,0.834,1.0,,1787653491946.035,34.19,19.68,-0.52,0.35,1787653491947.0522,False,,,1,OP1,C3_WIFI_CARGA_ALTA,N3
,0.254,0.158,0.835,1.0,,1787653491981.5488,34.225,19.68,-0.52,0.35,1787653491981.5488,False,,,1,OP1,C3_WIFI_CARGA_ALTA,N3
,0.253,0.158,0.835,1.0,,1787653492010.269,34.225,19.76,-0.52,0.35,1787653492010.269,False,,,1,OP1,C3_WIFI_CARGA_ALTA,N3
,0.253,0.158,0.836,1.0,,1787653492223.9568,34.26,19.76,-0.52,0.35,1787653492225.2683,False,,,1,OP1,C3_WIFI_CARGA_ALTA,N3
,0.251,0.155,0.839,1.0,,1787653492261.5945,34.365,19.92,-0.7,0.35,1787653492261.5945,False,,,1,OP1,C3_WIFI_CARGA_ALTA,N3
,0.251,0.155,0.839,1.0,,1787653492306.206,34.365,19.92,-0.7,0.35,1787653492306.206,False,,,1,OP1,C3_WIFI_CARGA_ALTA,N3
,0.251,0.154,0.839,1.0,,1787653492346.3213,34.365,19.92,-0.76,0.35,1787653492346.3213,False,,,1,OP1,C3_WIFI_CARGA_ALTA,N3
,0.25,0.153,0.84,1.0,,1787653492390.531,34.4,20.0,-0.82,0.35,1787653492391.525,False,,,1,OP1,C3_WIFI_CARGA_ALTA,N3
,0.25,0.153,0.84,1.0,,1787653492426.8933,34.4,20.0,-0.82,0.35,1787653492429.6284,False,,,1,OP1,C3_WIFI_CARGA_ALTA,N3
,0.25,0.152,0.84,1.0,,1787653492455.6394,34.4,20.0,-0.88,0.35,1787653492455.6394,False,,,1,OP1,C3_WIFI_CARGA_ALTA,N3
,0.25,0.152,0.841,1.0,,1787653492600.2307,34.435,20.0,-0.88,0.35,1787653492602.5415,False,,,1,OP1,C3_WIFI_CARGA_ALTA,N3
,0.248,0.149,0.84,1.0,,1787653492643.073,34.4,20.16,-1.06,0.35,1787653492643.073,False,,,1,OP1,C3_WIFI_CARGA_ALTA,N3
,0.247,0.148,0.84,1.0,,1787653492676.2766,34.4,20.24,-1.12,0.35,1787653492680.783,False,,,1,OP1,C3_WIFI_CARGA_ALTA,N3
,0.247,0.148,0.839,1.0,,1787653492706.781,34.365,20.24,-1.12,0.35,1787653492707.43,False,,,1,OP1,C3_WIFI_CARGA_ALTA,N3
,0.246,0.148,0.837,1.0,,1787653492845.0215,34.295,20.32,-1.12,0.35,1787653492845.0215,False,,,1,OP1,C3_WIFI_CARGA_ALTA,N3
,0.245,0.144,0.838,1.0,,1787653492895.5027,34.33,20.4,-1.36,0.35,1787653492897.0618,False,,,1,OP1,C3_WIFI_CARGA_ALTA,N3
,0.245,0.143,0.839,1.0,,1787653492927.4932,34.365,20.4,-1.42,0.35,1787653492929.511,False,,,1,OP1,C3_WIFI_CARGA_ALTA,N3
,0.245,0.141,0.84,1.0,,1787653492954.7263,34.4,20.4,-1.54,0.35,1787653492954.7263,False,,,1,OP1,C3_WIFI_CARGA_ALTA,N3
,0.245,0.14,0.841,1.0,,1787653492977.5862,34.435,20.4,-1.6,0.35,1787653492977.5862,False,,,1,OP1,C3_WIFI_CARGA_ALTA,N3
,0.246,0.139,0.841,1.0,,1787653493012.2188,34.435,20.32,-1.66,0.35,1787653493012.2188,False,,,1,OP1,C3_WIFI_CARGA_ALTA,N3
,0.246,0.138,0.842,1.0,,1787653493039.249,34.47,20.32,-1.72,0.35,1787653493039.249,False,,,1,OP1,C3_WIFI_CARGA_ALTA,N3
,0.246,0.137,0.842,1.0,,1787653493059.4456,34.47,20.32,-1.78,0.35,1787653493059.4456,False,,,1,OP1,C3_WIFI_CARGA_ALTA,N3
,0.246,0.136,0.843,1.0,,1787653493096.72,34.505,20.32,-1.84,0.35,1787653493097.3003,False,,,1,OP1,C3_WIFI_CARGA_ALTA,N3
,0.246,0.135,0.844,1.0,,1787653493123.417,34.54,20.32,-1.9,0.35,1787653493124.749,False,,,1,OP1,C3_WIFI_CARGA_ALTA,N3
,0.247,0.133,0.845,1.0,,1787653493179.4558,34.575,20.24,-2.02,0.35,1787653493181.4658,False,,,1,OP1,C3_WIFI_CARGA_ALTA,N3
,0.247,0.132,0.846,1.0,,1787653493206.9033,34.61,20.24,-2.08,0.35,1787653493208.2625,False,,,1,OP1,C3_WIFI_CARGA_ALTA,N3
,0.249,0.131,0.847,1.0,,1787653493261.7383,34.645,20.08,-2.14,0.35,1787653493261.7383,False,,,1,OP1,C3_WIFI_CARGA_ALTA,N3
,0.25,0.129,0.849,1.0,,1787653493288.1077,34.715,20.0,-2.26,0.35,1787653493292.1611,False,,,1,OP1,C3_WIFI_CARGA_ALTA,N3
,0.252,0.127,0.85,1.0,,1787653493345.998,34.75,19.84,-2.38,0.35,1787653493348.0264,False,,,1,OP1,C3_WIFI_CARGA_ALTA,N3
,0.252,0.127,0.85,1.0,,1787653493372.6675,34.75,19.84,-2.38,0.35,1787653493375.8325,False,,,1,OP1,C3_WIFI_CARGA_ALTA,N3
,0.253,0.126,0.85,1.0,,1787653493429.452,34.75,19.76,-2.44,0.35,1787653493431.4614,False,,,1,OP1,C3_WIFI_CARGA_ALTA,N3
,0.254,0.125,0.85,1.0,,1787653493455.4448,34.75,19.68,-2.5,0.35,1787653493455.4448,False,,,1,OP1,C3_WIFI_CARGA_ALTA,N3
,0.255,0.125,0.851,1.0,,1787653493512.223,34.785,19.6,-2.5,0.35,1787653493514.2307,False,,,1,OP1,C3_WIFI_CARGA_ALTA,N3
,0.257,0.123,0.853,1.0,,1787653493564.338,34.855,19.44,-2.62,0.35,1787653493564.7537,False,,,1,OP1,C3_WIFI_CARGA_ALTA,N3
,0.258,0.122,0.855,1.0,,1787653493598.5854,34.925,19.36,-2.68,0.35,1787653493601.404,False,,,1,OP1,C3_WIFI_CARGA_ALTA,N3
,0.26,0.121,0.857,1.0,,1787653493644.1184,34.995,19.2,-2.74,0.35,1787653493644.1184,False,,,1,OP1,C3_WIFI_CARGA_ALTA,N3
,0.261,0.12,0.857,1.0,,1787653493670.1577,34.995,19.12,-2.8,0.35,1787653493670.819,False,,,1,OP1,C3_WIFI_CARGA_ALTA,N3
,0.262,0.12,0.858,1.0,,1787653493705.2632,35.03,19.04,-2.8,0.35,1787653493705.2632,False,,,1,OP1,C3_WIFI_CARGA_ALTA,N3
,0.263,0.119,0.859,1.0,,1787653493733.08,35.065,18.96,-2.86,0.35,1787653493733.08,False,,,1,OP1,C3_WIFI_CARGA_ALTA,N3
,0.266,0.115,0.865,1.0,,1787653493787.7158,35.275,18.72,-3.1,0.35,1787653493788.5735,False,,,1,OP1,C3_WIFI_CARGA_ALTA,N3
,0.266,0.114,0.867,1.0,,1787653493816.2478,35.345,18.72,-3.16,0.35,1787653493820.8694,False,,,1,OP1,C3_WIFI_CARGA_ALTA,N3
,0.267,0.114,0.867,1.0,,1787653493837.2437,35.345,18.64,-3.16,0.35,1787653493837.9504,False,,,1,OP1,C3_WIFI_CARGA_ALTA,N3
,0.267,0.114,0.867,1.0,,1787653493862.683,35.345,18.64,-3.16,0.35,1787653493863.34,False,,,1,OP1,C3_WIFI_CARGA_ALTA,N3
,0.268,0.114,0.867,1.0,,1787653493901.4575,35.345,18.56,-3.16,0.35,1787653493905.6943,False,,,1,OP1,C3_WIFI_CARGA_ALTA,N3
,0.27,0.114,0.868,1.0,,1787653493947.667,35.38,18.4,-3.16,0.35,1787653493950.5776,False,,,1,OP1,C3_WIFI_CARGA_ALTA,N3
,0.271,0.115,0.869,1.0,,1787653493988.3936,35.415,18.32,-3.1,0.35,1787653493989.202,False,,,1,OP1,C3_WIFI_CARGA_ALTA,N3
,0.273,0.115,0.87,1.0,,1787653494030.9556,35.45,18.16,-3.1,0.35,1787653494030.9556,False,,,1,OP1,C3_WIFI_CARGA_ALTA,N3
,0.274,0.115,0.87,1.0,,1787653494069.7063,35.45,18.08,-3.1,0.35,1787653494069.7063,False,,,1,OP1,C3_WIFI_CARGA_ALTA,N3
,0.275,0.115,0.872,1.0,,1787653494116.215,35.52,18.0,-3.1,0.35,1787653494116.215,False,,,1,OP1,C3_WIFI_CARGA_ALTA,N3
,0.275,0.115,0.872,1.0,,1787653494152.0005,35.52,18.0,-3.1,0.35,1787653494152.0005,False,,,1,OP1,C3_WIFI_CARGA_ALTA,N3
,0.276,0.114,0.873,1.0,,1787653494199.9907,35.555,17.92,-3.16,0.35,1787653494201.5093,False,,,1,OP1,C3_WIFI_CARGA_ALTA,N3
,0.277,0.114,0.873,1.0,,1787653494235.4167,35.555,17.84,-3.16,0.35,1787653494235.4167,False,,,1,OP1,C3_WIFI_CARGA_ALTA,N3
,0.277,0.112,0.874,1.0,,1787653494281.2456,35.59,17.84,-3.28,0.35,1787653494281.2456,False,,,1,OP1,C3_WIFI_CARGA_ALTA,N3
,0.277,0.112,0.875,1.0,,1787653494320.1123,35.625,17.84,-3.28,0.35,1787653494322.1235,False,,,1,OP1,C3_WIFI_CARGA_ALTA,N3
,0.278,0.11,0.875,1.0,,1787653494348.2395,35.625,17.76,-3.4,0.35,1787653494349.2966,False,,,1,OP1,C3_WIFI_CARGA_ALTA,N3
,0.278,0.107,0.876,1.0,,1787653494403.7188,35.66,17.76,-3.58,0.35,1787653494403.7188,False,,,1,OP1,C3_WIFI_CARGA_ALTA,N3
,0.278,0.107,0.876,1.0,,1787653494430.6685,35.66,17.76,-3.58,0.35,1787653494433.571,False,,,1,OP1,C3_WIFI_CARGA_ALTA,N3
,0.278,0.106,0.877,1.0,,1787653494486.9102,35.695,17.76,-3.64,0.35,1787653494486.9102,False,,,1,OP1,C3_WIFI_CARGA_ALTA,N3
,0.278,0.106,0.877,1.0,,1787653494513.3413,35.695,17.76,-3.64,0.35,1787653494517.5845,False,,,1,OP1,C3_WIFI_CARGA_ALTA,N3
,0.278,0.106,0.876,1.0,,1787653494536.7986,35.66,17.76,-3.64,0.35,1787653494536.7986,False,,,1,OP1,C3_WIFI_CARGA_ALTA,N3
,0.277,0.105,0.876,1.0,,1787653494705.5032,35.66,17.84,-3.7,0.35,1787653494707.0603,False,,,1,OP1,C3_WIFI_CARGA_ALTA,N3
,0.277,0.104,0.874,1.0,,1787653494735.8435,35.59,17.84,-3.76,0.35,1787653494739.873,False,,,1,OP1,C3_WIFI_CARGA_ALTA,N3
,0.276,0.105,0.874,1.0,,1787653494788.4236,35.59,17.92,-3.7,0.35,1787653494788.9272,False,,,1,OP1,C3_WIFI_CARGA_ALTA,N3
,0.276,0.105,0.874,1.0,,1787653494823.183,35.59,17.92,-3.7,0.35,1787653494823.183,False,,,1,OP1,C3_WIFI_CARGA_ALTA,N3
,0.276,0.106,0.874,1.0,,1787653495014.85,35.59,17.92,-3.64,0.35,1787653495019.2292,False,,,1,OP1,C3_WIFI_CARGA_ALTA,N3
,0.275,0.108,0.875,1.0,,1787653495062.8433,35.625,18.0,-3.52,0.35,1787653495064.9023,False,,,1,OP1,C3_WIFI_CARGA_ALTA,N3
,0.275,0.108,0.874,1.0,,1787653495102.576,35.59,18.0,-3.52,0.35,1787653495103.1394,False,,,1,OP1,C3_WIFI_CARGA_ALTA,N3
,0.274,0.108,0.874,1.0,,1787653495155.6687,35.59,18.08,-3.52,0.35,1787653495155.6687,False,,,1,OP1,C3_WIFI_CARGA_ALTA,N3
,0.273,0.107,0.873,1.0,,1787653495200.0515,35.555,18.16,-3.58,0.35,1787653495201.6816,False,,,1,OP1,C3_WIFI_CARGA_ALTA,N3
,0.273,0.107,0.873,1.0,,1787653495239.7725,35.555,18.16,-3.58,0.35,1787653495240.3357,False,,,1,OP1,C3_WIFI_CARGA_ALTA,N3
,0.272,0.106,0.872,1.0,,1787653495267.0198,35.52,18.24,-3.64,0.35,1787653495267.0198,False,,,1,OP1,C3_WIFI_CARGA_ALTA,N3
,0.272,0.105,0.871,1.0,,1787653495322.8389,35.485,18.24,-3.7,0.35,1787653495323.9,False,,,1,OP1,C3_WIFI_CARGA_ALTA,N3
,0.271,0.105,0.871,1.0,,1787653495346.2317,35.485,18.32,-3.7,0.35,1787653495347.3748,False,,,1,OP1,C3_WIFI_CARGA_ALTA,N3
,0.271,0.104,0.871,1.0,,1787653495368.3542,35.485,18.32,-3.76,0.35,1787653495368.3542,False,,,1,OP1,C3_WIFI_CARGA_ALTA,N3
,0.271,0.104,0.871,1.0,,1787653495405.889,35.485,18.32,-3.76,0.35,1787653495409.2737,False,,,1,OP1,C3_WIFI_CARGA_ALTA,N3
,0.271,0.104,0.87,1.0,,1787653495431.1,35.45,18.32,-3.76,0.35,1787653495435.2449,False,,,1,OP1,C3_WIFI_CARGA_ALTA,N3
,0.27,0.103,0.869,1.0,,1787653495452.3447,35.415,18.4,-3.82,0.35,1787653495452.5474,False,,,1,OP1,C3_WIFI_CARGA_ALTA,N3
,0.27,0.103,0.869,1.0,,1787653495481.8635,35.415,18.4,-3.82,0.35,1787653495481.8635,False,,,1,OP1,C3_WIFI_CARGA_ALTA,N3
,0.27,0.103,0.869,1.0,,1787653495517.7097,35.415,18.4,-3.82,0.35,1787653495517.7097,False,,,1,OP1,C3_WIFI_CARGA_ALTA,N3
,0.27,0.102,0.868,1.0,,1787653495574.1672,35.38,18.4,-3.88,0.35,1787653495574.1672,False,,,1,OP1,C3_WIFI_CARGA_ALTA,N3
,0.27,0.102,0.869,1.0,,1787653495618.4077,35.415,18.4,-3.88,0.35,1787653495620.4172,False,,,1,OP1,C3_WIFI_CARGA_ALTA,N3
,0.27,0.102,0.869,1.0,,1787653495657.2751,35.415,18.4,-3.88,0.35,1787653495657.2751,False,,,1,OP1,C3_WIFI_CARGA_ALTA,N3
,0.27,0.102,0.87,1.0,,1787653495684.917,35.45,18.4,-3.88,0.35,1787653495686.934,False,,,1,OP1,C3_WIFI_CARGA_ALTA,N3
,0.269,0.101,0.87,1.0,,1787653495739.3286,35.45,18.48,-3.94,0.35,1787653495739.3286,False,,,1,OP1,C3_WIFI_CARGA_ALTA,N3
,0.268,0.1,0.87,1.0,,1787653495768.6255,35.45,18.56,-4.0,0.35,1787653495770.3867,False,,,1,OP1,C3_WIFI_CARGA_ALTA,N3
,0.268,0.099,0.869,1.0,,1787653495825.671,35.415,18.56,-4.06,0.35,1787653495825.671,False,,,1,OP1,C3_WIFI_CARGA_ALTA,N3
,0.268,0.097,0.868,1.0,,1787653495880.0027,35.38,18.56,-4.18,0.35,1787653495880.0027,False,,,1,OP1,C3_WIFI_CARGA_ALTA,N3
,0.268,0.096,0.867,1.0,,1787653495907.6602,35.345,18.56,-4.24,0.35,1787653495909.126,False,,,1,OP1,C3_WIFI_CARGA_ALTA,N3
,0.268,0.095,0.867,1.0,,1787653495935.083,35.345,18.56,-4.3,0.35,1787653495939.456,False,,,1,OP1,C3_WIFI_CARGA_ALTA,N3
,0.268,0.095,0.865,1.0,,1787653495991.2034,35.275,18.56,-4.3,0.35,1787653495991.2034,False,,,1,OP1,C3_WIFI_CARGA_ALTA,N3
,0.27,0.093,0.86,1.0,,1787653496035.4585,35.1,18.4,-4.42,0.35,1787653496035.4585,False,,,1,OP1,C3_WIFI_CARGA_ALTA,N3
,0.271,0.093,0.857,1.0,,1787653496075.8132,34.995,18.32,-4.42,0.35,1787653496075.8132,False,,,1,OP1,C3_WIFI_CARGA_ALTA,N3
,0.272,0.093,0.852,1.0,,1787653496102.7344,34.82,18.24,-4.42,0.35,1787653496104.7432,False,,,1,OP1,C3_WIFI_CARGA_ALTA,N3
,0.275,0.092,0.841,1.0,,1787653496145.5254,34.435,18.0,-4.48,0.35,1787653496146.1648,False,,,1,OP1,C3_WIFI_CARGA_ALTA,N3
,0.276,0.091,0.836,1.0,,1787653496175.9883,34.26,17.92,-4.54,0.35,1787653496176.3726,False,,,1,OP1,C3_WIFI_CARGA_ALTA,N3
,0.277,0.091,0.831,1.0,,1787653496211.7144,34.085,17.84,-4.54,0.35,1787653496213.2576,False,,,1,OP1,C3_WIFI_CARGA_ALTA,N3
,0.278,0.093,0.821,1.0,,1787653496240.6016,33.735,17.76,-4.42,0.35,1787653496240.6016,False,,,1,OP1,C3_WIFI_CARGA_ALTA,N3
,0.279,0.095,0.813,1.0,,1787653496268.7185,33.455,17.68,-4.3,0.35,1787653496270.2285,False,,,1,OP1,C3_WIFI_CARGA_ALTA,N3
,0.279,0.097,0.805,1.0,,1787653496297.5923,33.175,17.68,-4.18,0.35,1787653496299.6052,False,,,1,OP1,C3_WIFI_CARGA_ALTA,N3
,0.279,0.098,0.8,1.0,,1787653496322.9375,33.0,17.68,-4.12,0.35,1787653496322.9375,False,,,1,OP1,C3_WIFI_CARGA_ALTA,N3
,0.28,0.1,0.797,1.0,,1787653496345.139,32.895,17.6,-4.0,0.35,1787653496345.139,False,,,1,OP1,C3_WIFI_CARGA_ALTA,N3
,0.28,0.1,0.795,1.0,,1787653496374.8691,32.825,17.6,-4.0,0.35,1787653496378.9185,False,,,1,OP1,C3_WIFI_CARGA_ALTA,N3
,0.281,0.103,0.791,1.0,,1787653496405.371,32.685,17.52,-3.82,0.35,1787653496405.371,False,,,1,OP1,C3_WIFI_CARGA_ALTA,N3
,0.282,0.105,0.789,1.0,,1787653496435.7876,32.615,17.44,-3.7,0.35,1787653496435.7876,False,,,1,OP1,C3_WIFI_CARGA_ALTA,N3
,0.283,0.107,0.786,1.0,,1787653496464.5056,32.51,17.36,-3.58,0.35,1787653496466.9062,False,,,1,OP1,C3_WIFI_CARGA_ALTA,N3
,0.285,0.109,0.784,1.0,,1787653496487.184,32.44,17.2,-3.46,0.35,1787653496487.184,False,,,1,OP1,C3_WIFI_CARGA_ALTA,N3
,0.286,0.11,0.781,1.0,,1787653496513.0984,32.335,17.12,-3.4,0.35,1787653496514.204,False,,,1,OP1,C3_WIFI_CARGA_ALTA,N3
,0.287,0.112,0.779,1.0,,1787653496542.9028,32.265,17.04,-3.28,0.35,1787653496545.2417,False,,,1,OP1,C3_WIFI_CARGA_ALTA,N3
,0.287,0.112,0.779,1.0,,1787653496571.4294,32.265,17.04,-3.28,0.35,1787653496573.4453,False,,,1,OP1,C3_WIFI_CARGA_ALTA,N3
,0.288,0.112,0.778,1.0,,1787653496604.0903,32.23,16.96,-3.28,0.35,1787653496604.0903,False,,,1,OP1,C3_WIFI_CARGA_ALTA,N3
,0.289,0.112,0.777,1.0,,1787653496629.992,32.195,16.88,-3.28,0.35,1787653496633.2888,False,,,1,OP1,C3_WIFI_CARGA_ALTA,N3
,0.289,0.113,0.776,1.0,,1787653496679.24,32.16,16.88,-3.22,0.35,1787653496680.2473,False,,,1,OP1,C3_WIFI_CARGA_ALTA,N3
,0.29,0.113,0.776,1.0,,1787653496714.8962,32.16,16.8,-3.22,0.35,1787653496714.8962,False,,,1,OP1,C3_WIFI_CARGA_ALTA,N3
,0.29,0.113,0.775,1.0,,1787653496739.202,32.125,16.8,-3.22,0.35,1787653496739.202,False,,,1,OP1,C3_WIFI_CARGA_ALTA,N3
,0.29,0.113,0.775,1.0,,1787653496771.5664,32.125,16.8,-3.22,0.35,1787653496772.162,False,,,1,OP1,C3_WIFI_CARGA_ALTA,N3
,0.29,0.113,0.775,1.0,,1787653496797.139,32.125,16.8,-3.22,0.35,1787653496797.139,False,,,1,OP1,C3_WIFI_CARGA_ALTA,N3
,0.29,0.113,0.774,1.0,,1787653496849.8435,32.09,16.8,-3.22,0.35,1787653496849.8435,False,,,1,OP1,C3_WIFI_CARGA_ALTA,N3
,0.29,0.114,0.775,1.0,,1787653496881.702,32.125,16.8,-3.16,0.35,1787653496883.6667,False,,,1,OP1,C3_WIFI_CARGA_ALTA,N3
,0.29,0.116,0.774,1.0,,1787653496938.4038,32.09,16.8,-3.04,0.35,1787653496938.999,False,,,1,OP1,C3_WIFI_CARGA_ALTA,N3
,0.29,0.117,0.774,1.0,,1787653496965.941,32.09,16.8,-2.98,0.35,1787653496965.941,False,,,1,OP1,C3_WIFI_CARGA_ALTA,N3
,0.29,0.117,0.774,1.0,,1787653497130.7407,32.09,16.8,-2.98,0.35,1787653497134.8047,False,,,1,OP1,C3_WIFI_CARGA_ALTA,N3
,0.289,0.131,0.768,1.0,,1787653497186.4038,31.88,16.88,-2.14,0.35,1787653497186.79,False,,,1,OP1,C3_WIFI_CARGA_ALTA,N3
,0.289,0.131,0.768,1.0,,1787653497215.1711,31.88,16.88,-2.14,0.35,1787653497215.1711,False,,,1,OP1,C3_WIFI_CARGA_ALTA,N3
,0.289,0.131,0.769,1.0,,1787653497271.8818,31.915,16.88,-2.14,0.35,1787653497272.8816,False,,,1,OP1,C3_WIFI_CARGA_ALTA,N3
,0.289,0.13,0.769,1.0,,1787653497299.5354,31.915,16.88,-2.2,0.35,1787653497301.1511,False,,,1,OP1,C3_WIFI_CARGA_ALTA,N3
,0.288,0.129,0.773,1.0,,1787653497354.1082,32.055,16.96,-2.26,0.35,1787653497354.1082,False,,,1,OP1,C3_WIFI_CARGA_ALTA,N3
,0.288,0.129,0.775,1.0,,1787653497383.2742,32.125,16.96,-2.26,0.35,1787653497385.2805,False,,,1,OP1,C3_WIFI_CARGA_ALTA,N3
,0.287,0.129,0.777,1.0,,1787653497410.489,32.195,17.04,-2.26,0.35,1787653497412.0,False,,,1,OP1,C3_WIFI_CARGA_ALTA,N3
,0.287,0.129,0.778,1.0,,1787653497439.3296,32.23,17.04,-2.26,0.35,1787653497441.542,False,,,1,OP1,C3_WIFI_CARGA_ALTA,N3
,0.287,0.129,0.779,1.0,,1787653497483.95,32.265,17.04,-2.26,0.35,1787653497483.95,False,,,1,OP1,C3_WIFI_CARGA_ALTA,N3
,0.286,0.129,0.78,1.0,,1787653497521.856,32.3,17.12,-2.26,0.35,1787653497522.1882,False,,,1,OP1,C3_WIFI_CARGA_ALTA,N3
,0.285,0.129,0.782,1.0,,1787653497551.4543,32.37,17.2,-2.26,0.35,1787653497551.4543,False,,,1,OP1,C3_WIFI_CARGA_ALTA,N3
,0.284,0.129,0.784,1.0,,1787653497605.5967,32.44,17.28,-2.26,0.35,1787653497608.225,False,,,1,OP1,C3_WIFI_CARGA_ALTA,N3
,0.283,0.129,0.784,1.0,,1787653497633.5945,32.44,17.36,-2.26,0.35,1787653497633.5945,False,,,1,OP1,C3_WIFI_CARGA_ALTA,N3
,0.283,0.13,0.784,1.0,,1787653497689.568,32.44,17.36,-2.2,0.35,1787653497689.568,False,,,1,OP1,C3_WIFI_CARGA_ALTA,N3
,0.282,0.13,0.784,1.0,,1787653497717.8047,32.44,17.44,-2.2,0.35,1787653497717.8047,False,,,1,OP1,C3_WIFI_CARGA_ALTA,N3
,0.282,0.131,0.784,1.0,,1787653497772.2727,32.44,17.44,-2.14,0.35,1787653497772.2727,False,,,1,OP1,C3_WIFI_CARGA_ALTA,N3
,0.281,0.131,0.786,1.0,,1787653497816.5266,32.51,17.52,-2.14,0.35,1787653497816.5266,False,,,1,OP1,C3_WIFI_CARGA_ALTA,N3
,0.28,0.131,0.788,1.0,,1787653497853.158,32.58,17.6,-2.14,0.35,1787653497853.158,False,,,1,OP1,C3_WIFI_CARGA_ALTA,N3
,0.28,0.132,0.788,1.0,,1787653497885.5088,32.58,17.6,-2.08,0.35,1787653497885.5088,False,,,1,OP1,C3_WIFI_CARGA_ALTA,N3
,0.28,0.132,0.789,1.0,,1787653497914.1997,32.615,17.6,-2.08,0.35,1787653497914.1997,False,,,1,OP1,C3_WIFI_CARGA_ALTA,N3
,0.28,0.133,0.789,1.0,,1787653497937.6675,32.615,17.6,-2.02,0.35,1787653497937.6675,False,,,1,OP1,C3_WIFI_CARGA_ALTA,N3
,0.28,0.135,0.791,1.0,,1787653497988.412,32.685,17.6,-1.9,0.35,1787653497990.0293,False,,,1,OP1,C3_WIFI_CARGA_ALTA,N3
,0.279,0.135,0.793,1.0,,1787653498023.4236,32.755,17.68,-1.9,0.35,1787653498023.4236,False,,,1,OP1,C3_WIFI_CARGA_ALTA,N3
,0.279,0.136,0.797,1.0,,1787653498051.6196,32.895,17.68,-1.84,0.35,1787653498051.6196,False,,,1,OP1,C3_WIFI_CARGA_ALTA,N3
,0.279,0.137,0.8,1.0,,1787653498218.8835,33.0,17.68,-1.78,0.35,1787653498219.8965,False,,,1,OP1,C3_WIFI_CARGA_ALTA,N3
,0.277,0.139,0.809,1.0,,1787653498276.2063,33.315,17.84,-1.66,0.35,1787653498278.2244,False,,,1,OP1,C3_WIFI_CARGA_ALTA,N3
,0.277,0.139,0.811,1.0,,1787653498318.4214,33.385,17.84,-1.66,0.35,1787653498318.4214,False,,,1,OP1,C3_WIFI_CARGA_ALTA,N3
,0.277,0.139,0.811,1.0,,1787653498351.952,33.385,17.84,-1.66,0.35,1787653498353.462,False,,,1,OP1,C3_WIFI_CARGA_ALTA,N3
,0.277,0.139,0.812,1.0,,1787653498383.228,33.42,17.84,-1.66,0.35,1787653498384.019,False,,,1,OP1,C3_WIFI_CARGA_ALTA,N3
,0.276,0.14,0.813,1.0,,1787653498441.756,33.455,17.92,-1.6,0.35,1787653498441.756,False,,,1,OP1,C3_WIFI_CARGA_ALTA,N3
,0.275,0.141,0.813,1.0,,1787653498461.7664,33.455,18.0,-1.54,0.35,1787653498461.7664,False,,,1,OP1,C3_WIFI_CARGA_ALTA,N3
,0.274,0.141,0.813,1.0,,1787653498488.9402,33.455,18.08,-1.54,0.35,1787653498488.9402,False,,,1,OP1,C3_WIFI_CARGA_ALTA,N3
,0.274,0.141,0.814,1.0,,1787653498525.1616,33.49,18.08,-1.54,0.35,1787653498525.1616,False,,,1,OP1,C3_WIFI_CARGA_ALTA,N3
,0.274,0.141,0.814,1.0,,1787653498553.894,33.49,18.08,-1.54,0.35,1787653498555.655,False,,,1,OP1,C3_WIFI_CARGA_ALTA,N3
,0.274,0.141,0.816,1.0,,1787653498597.297,33.56,18.08,-1.54,0.35,1787653498598.48,False,,,1,OP1,C3_WIFI_CARGA_ALTA,N3
,0.273,0.141,0.816,1.0,,1787653498630.7395,33.56,18.16,-1.54,0.35,1787653498633.7185,False,,,1,OP1,C3_WIFI_CARGA_ALTA,N3
,0.273,0.142,0.817,1.0,,1787653498656.921,33.595,18.16,-1.48,0.35,1787653498656.921,False,,,1,OP1,C3_WIFI_CARGA_ALTA,N3
,0.272,0.141,0.818,1.0,,1787653498693.8665,33.63,18.24,-1.54,0.35,1787653498693.8665,False,,,1,OP1,C3_WIFI_CARGA_ALTA,N3
,0.272,0.141,0.818,1.0,,1787653498720.6638,33.63,18.24,-1.54,0.35,1787653498720.6638,False,,,1,OP1,C3_WIFI_CARGA_ALTA,N3
,0.271,0.142,0.818,1.0,,1787653498775.9,33.63,18.32,-1.48,0.35,1787653498775.9,False,,,1,OP1,C3_WIFI_CARGA_ALTA,N3
,0.271,0.141,0.819,1.0,,1787653498798.243,33.665,18.32,-1.54,0.35,1787653498798.243,False,,,1,OP1,C3_WIFI_CARGA_ALTA,N3
,0.271,0.141,0.819,1.0,,1787653498824.348,33.665,18.32,-1.54,0.35,1787653498826.9883,False,,,1,OP1,C3_WIFI_CARGA_ALTA,N3
,0.271,0.141,0.819,1.0,,1787653498859.4873,33.665,18.32,-1.54,0.35,1787653498860.0754,False,,,1,OP1,C3_WIFI_CARGA_ALTA,N3
,0.271,0.141,0.819,1.0,,1787653498889.4473,33.665,18.32,-1.54,0.35,1787653498891.1997,False,,,1,OP1,C3_WIFI_CARGA_ALTA,N3
,0.271,0.141,0.818,1.0,,1787653498933.1658,33.63,18.32,-1.54,0.35,1787653498934.1165,False,,,1,OP1,C3_WIFI_CARGA_ALTA,N3
,0.271,0.141,0.818,1.0,,1787653498965.8423,33.63,18.32,-1.54,0.35,1787653498965.8423,False,,,1,OP1,C3_WIFI_CARGA_ALTA,N3
,0.271,0.142,0.818,1.0,,1787653498988.714,33.63,18.32,-1.48,0.35,1787653498988.714,False,,,1,OP1,C3_WIFI_CARGA_ALTA,N3
,0.27,0.142,0.818,1.0,,1787653499025.9812,33.63,18.4,-1.48,0.35,1787653499030.0044,False,,,1,OP1,C3_WIFI_CARGA_ALTA,N3
,0.27,0.142,0.819,1.0,,1787653499193.2007,33.665,18.4,-1.48,0.35,1787653499193.2007,False,,,1,OP1,C3_WIFI_CARGA_ALTA,N3
,0.27,0.143,0.822,1.0,,1787653499221.4424,33.77,18.4,-1.42,0.35,1787653499222.4983,False,,,1,OP1,C3_WIFI_CARGA_ALTA,N3
,0.27,0.143,0.824,1.0,,1787653499266.652,33.84,18.4,-1.42,0.35,1787653499268.502,False,,,1,OP1,C3_WIFI_CARGA_ALTA,N3
,0.27,0.143,0.824,1.0,,1787653499303.2942,33.84,18.4,-1.42,0.35,1787653499303.2942,False,,,1,OP1,C3_WIFI_CARGA_ALTA,N3
,0.27,0.143,0.824,1.0,,1787653499360.123,33.84,18.4,-1.42,0.35,1787653499362.1335,False,,,1,OP1,C3_WIFI_CARGA_ALTA,N3
,0.27,0.142,0.824,1.0,,1787653499385.0156,33.84,18.4,-1.48,0.35,1787653499389.993,False,,,1,OP1,C3_WIFI_CARGA_ALTA,N3
,0.27,0.142,0.824,1.0,,1787653499627.3855,33.84,18.4,-1.48,0.35,1787653499627.3855,False,,,1,OP1,C3_WIFI_CARGA_ALTA,N3
,0.27,0.138,0.825,1.0,,1787653499652.733,33.875,18.4,-1.72,0.35,1787653499652.733,False,,,1,OP1,C3_WIFI_CARGA_ALTA,N3
,0.27,0.138,0.826,1.0,,1787653499877.3894,33.91,18.4,-1.72,0.35,1787653499878.3582,False,,,1,OP1,C3_WIFI_CARGA_ALTA,N3
,0.27,0.138,0.827,1.0,,1787653499904.086,33.945,18.4,-1.72,0.35,1787653499906.098,False,,,1,OP1,C3_WIFI_CARGA_ALTA,N3
,0.268,0.14,0.829,0.876,,1787653500046.9604,34.015,18.56,-1.6,0.4802,1787653500048.7017,False,,,1,OP1,C3_WIFI_CARGA_ALTA,N3
,0.267,0.17,0.819,0.184,,1787653500081.67,33.665,18.64,0.2,1.2068,1787653500081.67,False,,,1,OP1,C3_WIFI_CARGA_ALTA,N3
,0.268,0.17,0.817,0.164,,1787653500111.4316,33.595,18.56,0.2,1.2278,1787653500111.4316,False,,,1,OP1,C3_WIFI_CARGA_ALTA,N3
,0.271,0.167,0.818,0.144,,1787653500140.239,33.63,18.32,0.02,1.2488,1787653500141.9204,False,,,1,OP1,C3_WIFI_CARGA_ALTA,N3
,0.271,0.166,0.816,0.096,,1787653500166.6729,33.56,18.32,-0.04,1.2992,1787653500168.688,False,,,1,OP1,C3_WIFI_CARGA_ALTA,N3
,0.272,0.166,0.816,0.069,,1787653500192.6963,33.56,18.24,-0.04,1.3276,1787653500196.853,False,,,1,OP1,C3_WIFI_CARGA_ALTA,N3
,0.275,0.167,0.816,0.039,,1787653500242.9895,33.56,18.0,0.02,1.359,1787653500242.9895,False,,,1,OP1,C3_WIFI_CARGA_ALTA,N3
,0.275,0.169,0.815,0.035,,1787653500279.5205,33.525,18.0,0.14,1.3632,1787653500279.5205,False,,,1,OP1,C3_WIFI_CARGA_ALTA,N3
,0.275,0.171,0.814,0.031,,1787653500306.8174,33.49,18.0,0.26,1.3674,1787653500307.9265,False,,,1,OP1,C3_WIFI_CARGA_ALTA,N3
,0.276,0.169,0.815,0.025,,1787653500363.7654,33.525,17.92,0.14,1.3737,1787653500365.7769,False,,,1,OP1,C3_WIFI_CARGA_ALTA,N3
,0.276,0.169,0.816,0.022,,1787653500389.8745,33.56,17.92,0.14,1.3769,1787653500391.4973,False,,,1,OP1,C3_WIFI_CARGA_ALTA,N3
,0.277,0.168,0.817,0.017,,1787653500447.155,33.595,17.84,0.08,1.3821,1787653500449.6982,False,,,1,OP1,C3_WIFI_CARGA_ALTA,N3
,0.277,0.168,0.818,0.015,,1787653500474.071,33.63,17.84,0.08,1.3842,1787653500475.4167,False,,,1,OP1,C3_WIFI_CARGA_ALTA,N3
,0.277,0.162,0.822,0.011,,1787653500531.552,33.77,17.84,-0.28,1.3884,1787653500532.0613,False,,,1,OP1,C3_WIFI_CARGA_ALTA,N3
,0.278,0.159,0.823,0.009,,1787653500556.0835,33.805,17.76,-0.46,1.3905,1787653500557.4934,False,,,1,OP1,C3_WIFI_CARGA_ALTA,N3
,0.278,0.159,0.824,0.003,,1787653500610.046,33.84,17.76,-0.46,1.3968,1787653500610.046,False,,,1,OP1,C3_WIFI_CARGA_ALTA,N3
,0.278,0.158,0.824,0.0,,1787653500641.0305,33.84,17.76,-0.52,1.4,1787653500643.0415,False,,,1,OP1,C3_WIFI_CARGA_ALTA,N3
,0.277,0.158,0.824,0.0,,1787653500697.2832,33.84,17.84,-0.52,1.4,1787653500698.7957,False,,,1,OP1,C3_WIFI_CARGA_ALTA,N3
,0.277,0.157,0.824,0.0,,1787653500719.1008,33.84,17.84,-0.58,1.4,1787653500719.1008,False,,,1,OP1,C3_WIFI_CARGA_ALTA,N3
,0.277,0.157,0.824,0.0,,1787653500746.8794,33.84,17.84,-0.58,1.4,1787653500746.8794,False,,,1,OP1,C3_WIFI_CARGA_ALTA,N3
,0.278,0.157,0.823,0.0,,1787653500780.6284,33.805,17.76,-0.58,1.4,1787653500782.395,False,,,1,OP1,C3_WIFI_CARGA_ALTA,N3
,0.277,0.158,0.823,0.0,,1787653500834.0305,33.805,17.84,-0.52,1.4,1787653500835.0715,False,,,1,OP1,C3_WIFI_CARGA_ALTA,N3
,0.277,0.158,0.822,0.0,,1787653500863.317,33.77,17.84,-0.52,1.4,1787653500863.317,False,,,1,OP1,C3_WIFI_CARGA_ALTA,N3
,0.277,0.159,0.821,0.0,,1787653501030.8003,33.735,17.84,-0.46,1.4,1787653501030.8003,False,,,1,OP1,C3_WIFI_CARGA_ALTA,N3
,0.275,0.158,0.82,0.0,,1787653501056.869,33.7,18.0,-0.52,1.4,1787653501056.869,False,,,1,OP1,C3_WIFI_CARGA_ALTA,N3
,0.275,0.157,0.819,0.0,,1787653501082.0337,33.665,18.0,-0.58,1.4,1787653501082.0337,False,,,1,OP1,C3_WIFI_CARGA_ALTA,N3
,0.275,0.157,0.818,0.0,,1787653501115.2805,33.63,18.0,-0.58,1.4,1787653501115.2805,False,,,1,OP1,C3_WIFI_CARGA_ALTA,N3
,0.275,0.157,0.817,0.0,,1787653501142.7607,33.595,18.0,-0.58,1.4,1787653501142.7607,False,,,1,OP1,C3_WIFI_CARGA_ALTA,N3
,0.274,0.156,0.816,0.0,,1787653501167.955,33.56,18.08,-0.64,1.4,1787653501167.955,False,,,1,OP1,C3_WIFI_CARGA_ALTA,N3
,0.274,0.155,0.815,0.0,,1787653501198.452,33.525,18.08,-0.7,1.4,1787653501201.2844,False,,,1,OP1,C3_WIFI_CARGA_ALTA,N3
,0.274,0.153,0.815,0.0,,1787653501248.7488,33.525,18.08,-0.82,1.4,1787653501248.7488,False,,,1,OP1,C3_WIFI_CARGA_ALTA,N3
,0.274,0.153,0.815,0.0,,1787653501281.1128,33.525,18.08,-0.82,1.4,1787653501282.7107,False,,,1,OP1,C3_WIFI_CARGA_ALTA,N3
,0.274,0.152,0.815,0.0,,1787653501309.2036,33.525,18.08,-0.88,1.4,1787653501309.2036,False,,,1,OP1,C3_WIFI_CARGA_ALTA,N3
,0.274,0.152,0.815,0.0,,1787653501337.2795,33.525,18.08,-0.88,1.4,1787653501339.0994,False,,,1,OP1,C3_WIFI_CARGA_ALTA,N3
,0.273,0.151,0.815,0.0,,1787653501366.2563,33.525,18.16,-0.94,1.4,1787653501367.0208,False,,,1,OP1,C3_WIFI_CARGA_ALTA,N3
,0.273,0.151,0.815,0.0,,1787653501392.9138,33.525,18.16,-0.94,1.4,1787653501392.9138,False,,,1,OP1,C3_WIFI_CARGA_ALTA,N3
,0.273,0.15,0.815,0.0,,1787653501417.5808,33.525,18.16,-1.0,1.4,1787653501417.5808,False,,,1,OP1,C3_WIFI_CARGA_ALTA,N3
,0.273,0.15,0.816,0.0,,1787653501448.1042,33.56,18.16,-1.0,1.4,1787653501449.7192,False,,,1,OP1,C3_WIFI_CARGA_ALTA,N3
,0.273,0.149,0.816,0.0,,1787653501501.2983,33.56,18.16,-1.06,1.4,1787653501505.4573,False,,,1,OP1,C3_WIFI_CARGA_ALTA,N3
,0.274,0.149,0.817,0.0,,1787653501551.9507,33.595,18.08,-1.06,1.4,1787653501554.4988,False,,,1,OP1,C3_WIFI_CARGA_ALTA,N3
,0.273,0.149,0.817,0.0,,1787653501582.6982,33.595,18.16,-1.06,1.4,1787653501582.6982,False,,,1,OP1,C3_WIFI_CARGA_ALTA,N3
,0.274,0.149,0.817,0.0,,1787653501616.176,33.595,18.08,-1.06,1.4,1787653501616.176,False,,,1,OP1,C3_WIFI_CARGA_ALTA,N3
,0.273,0.149,0.816,0.0,,1787653501670.7107,33.56,18.16,-1.06,1.4,1787653501670.7107,False,,,1,OP1,C3_WIFI_CARGA_ALTA,N3
,0.273,0.148,0.816,0.0,,1787653501699.0786,33.56,18.16,-1.12,1.4,1787653501701.1433,False,,,1,OP1,C3_WIFI_CARGA_ALTA,N3
,0.273,0.148,0.816,0.0,,1787653501819.6035,33.56,18.16,-1.12,1.4,1787653501819.6035,False,,,1,OP1,C3_WIFI_CARGA_ALTA,N3
,0.274,0.147,0.814,0.0,,1787653501854.118,33.49,18.08,-1.18,1.4,1787653501854.6892,False,,,1,OP1,C3_WIFI_CARGA_ALTA,N3
,0.274,0.147,0.814,0.0,,1787653501885.592,33.49,18.08,-1.18,1.4,1787653501885.592,False,,,1,OP1,C3_WIFI_CARGA_ALTA,N3
,0.274,0.147,0.815,0.0,,1787653501918.6184,33.525,18.08,-1.18,1.4,1787653501922.694,False,,,1,OP1,C3_WIFI_CARGA_ALTA,N3
,0.274,0.147,0.815,0.0,,1787653501950.1147,33.525,18.08,-1.18,1.4,1787653501950.1147,False,,,1,OP1,C3_WIFI_CARGA_ALTA,N3
,0.273,0.147,0.815,0.0,,1787653502005.8967,33.525,18.16,-1.18,1.4,1787653502007.9104,False,,,1,OP1,C3_WIFI_CARGA_ALTA,N3
,0.272,0.147,0.815,0.0,,1787653502051.3423,33.525,18.24,-1.18,1.4,1787653502051.3423,False,,,1,OP1,C3_WIFI_CARGA_ALTA,N3
,0.272,0.148,0.815,0.0,,1787653502088.9275,33.525,18.24,-1.12,1.4,1787653502088.9275,False,,,1,OP1,C3_WIFI_CARGA_ALTA,N3
,0.272,0.148,0.815,0.0,,1787653502116.3574,33.525,18.24,-1.12,1.4,1787653502116.3574,False,,,1,OP1,C3_WIFI_CARGA_ALTA,N3
,0.272,0.149,0.815,0.0,,1787653502284.4077,33.525,18.24,-1.06,1.4,1787653502284.4077,False,,,1,OP1,C3_WIFI_CARGA_ALTA,N3
,0.272,0.148,0.816,0.0,,1787653502304.4346,33.56,18.24,-1.12,1.4,1787653502304.4346,False,,,1,OP1,C3_WIFI_CARGA_ALTA,N3
,0.272,0.147,0.816,0.0,,1787653502338.8684,33.56,18.24,-1.18,1.4,1787653502341.5312,False,,,1,OP1,C3_WIFI_CARGA_ALTA,N3
,0.273,0.147,0.816,0.0,,1787653502389.2249,33.56,18.16,-1.18,1.4,1787653502389.2249,False,,,1,OP1,C3_WIFI_CARGA_ALTA,N3
,0.273,0.147,0.816,0.0,,1787653502423.42,33.56,18.16,-1.18,1.4,1787653502425.0337,False,,,1,OP1,C3_WIFI_CARGA_ALTA,N3
,0.273,0.147,0.816,0.0,,1787653502450.368,33.56,18.16,-1.18,1.4,1787653502451.3804,False,,,1,OP1,C3_WIFI_CARGA_ALTA,N3
,0.272,0.147,0.816,0.171,,1787653502492.1396,33.56,18.24,-1.18,1.2205,1787653502493.8782,False,,,1,OP1,C3_WIFI_CARGA_ALTA,N3
,0.272,0.147,0.817,0.39,,1787653502523.7527,33.595,18.24,-1.18,0.9905,1787653502525.387,False,,,1,OP1,C3_WIFI_CARGA_ALTA,N3
,0.271,0.147,0.814,0.881,,1787653502553.2075,33.49,18.32,-1.18,0.475,1787653502553.2075,False,,,1,OP1,C3_WIFI_CARGA_ALTA,N3
,0.27,0.144,0.814,1.0,,1787653502805.9568,33.49,18.4,-1.36,0.35,1787653502805.9568,False,,,1,OP1,C3_WIFI_CARGA_ALTA,N3
,0.261,0.134,0.829,1.0,,1787653502841.2576,34.015,19.12,-1.96,0.35,1787653502842.3457,False,,,1,OP1,C3_WIFI_CARGA_ALTA,N3
,0.26,0.135,0.827,1.0,,1787653502889.0613,33.945,19.2,-1.9,0.35,1787653502889.0613,False,,,1,OP1,C3_WIFI_CARGA_ALTA,N3
,0.259,0.137,0.825,1.0,,1787653502924.621,33.875,19.28,-1.78,0.35,1787653502924.621,False,,,1,OP1,C3_WIFI_CARGA_ALTA,N3
,0.259,0.139,0.823,1.0,,1787653502952.7666,33.805,19.28,-1.66,0.35,1787653502953.282,False,,,1,OP1,C3_WIFI_CARGA_ALTA,N3
,0.259,0.14,0.823,1.0,,1787653502973.0198,33.805,19.28,-1.6,0.35,1787653502973.0198,False,,,1,OP1,C3_WIFI_CARGA_ALTA,N3
,0.258,0.14,0.822,1.0,,1787653502995.3938,33.77,19.36,-1.6,0.35,1787653502996.8855,False,,,1,OP1,C3_WIFI_CARGA_ALTA,N3
,0.258,0.141,0.822,1.0,,1787653503025.898,33.77,19.36,-1.54,0.35,1787653503030.077,False,,,1,OP1,C3_WIFI_CARGA_ALTA,N3
,0.257,0.141,0.821,1.0,,1787653503057.019,33.735,19.44,-1.54,0.35,1787653503057.019,False,,,1,OP1,C3_WIFI_CARGA_ALTA,N3
,0.257,0.141,0.821,1.0,,1787653503090.1646,33.735,19.44,-1.54,0.35,1787653503092.173,False,,,1,OP1,C3_WIFI_CARGA_ALTA,N3
,0.256,0.141,0.82,1.0,,1787653503119.3845,33.7,19.52,-1.54,0.35,1787653503119.7258,False,,,1,OP1,C3_WIFI_CARGA_ALTA,N3
,0.256,0.141,0.82,1.0,,1787653503141.587,33.7,19.52,-1.54,0.35,1787653503141.587,False,,,1,OP1,C3_WIFI_CARGA_ALTA,N3
,0.255,0.141,0.819,1.0,,1787653503175.119,33.665,19.6,-1.54,0.35,1787653503177.179,False,,,1,OP1,C3_WIFI_CARGA_ALTA,N3
,0.254,0.142,0.819,1.0,,1787653503195.6023,33.665,19.68,-1.48,0.35,1787653503196.422,False,,,1,OP1,C3_WIFI_CARGA_ALTA,N3
,0.253,0.142,0.818,1.0,,1787653503226.034,33.63,19.76,-1.48,0.35,1787653503226.034,False,,,1,OP1,C3_WIFI_CARGA_ALTA,N3
,0.252,0.142,0.817,1.0,,1787653503257.1052,33.595,19.84,-1.48,0.35,1787653503259.1145,False,,,1,OP1,C3_WIFI_CARGA_ALTA,N3
,0.252,0.142,0.817,1.0,,1787653503285.8635,33.595,19.84,-1.48,0.35,1787653503286.8103,False,,,1,OP1,C3_WIFI_CARGA_ALTA,N3
,0.252,0.142,0.817,1.0,,1787653503315.1565,33.595,19.84,-1.48,0.35,1787653503315.834,False,,,1,OP1,C3_WIFI_CARGA_ALTA,N3
,0.251,0.143,0.815,1.0,,1787653503367.3982,33.525,19.92,-1.42,0.35,1787653503367.705,False,,,1,OP1,C3_WIFI_CARGA_ALTA,N3
,0.25,0.143,0.814,1.0,,1787653503397.756,33.49,20.0,-1.42,0.35,1787653503397.756,False,,,1,OP1,C3_WIFI_CARGA_ALTA,N3
,0.25,0.144,0.813,1.0,,1787653503425.1382,33.455,20.0,-1.36,0.35,1787653503425.1382,False,,,1,OP1,C3_WIFI_CARGA_ALTA,N3
,0.249,0.145,0.811,1.0,,1787653503452.7454,33.385,20.08,-1.3,0.35,1787653503453.7522,False,,,1,OP1,C3_WIFI_CARGA_ALTA,N3
,0.248,0.145,0.811,1.0,,1787653503479.8818,33.385,20.16,-1.3,0.35,1787653503479.8818,False,,,1,OP1,C3_WIFI_CARGA_ALTA,N3
,0.248,0.146,0.811,1.0,,1787653503506.428,33.385,20.16,-1.24,0.35,1787653503510.5757,False,,,1,OP1,C3_WIFI_CARGA_ALTA,N3
,0.247,0.146,0.809,1.0,,1787653503564.9824,33.315,20.24,-1.24,0.35,1787653503564.9824,False,,,1,OP1,C3_WIFI_CARGA_ALTA,N3
,0.246,0.147,0.808,1.0,,1787653503591.9443,33.28,20.32,-1.18,0.35,1787653503591.9443,False,,,1,OP1,C3_WIFI_CARGA_ALTA,N3
,0.246,0.147,0.807,1.0,,1787653503620.9626,33.245,20.32,-1.18,0.35,1787653503620.9626,False,,,1,OP1,C3_WIFI_CARGA_ALTA,N3
,0.245,0.148,0.806,1.0,,1787653503647.476,33.21,20.4,-1.12,0.35,1787653503647.476,False,,,1,OP1,C3_WIFI_CARGA_ALTA,N3
,0.245,0.148,0.805,1.0,,1787653503688.402,33.175,20.4,-1.12,0.35,1787653503689.3892,False,,,1,OP1,C3_WIFI_CARGA_ALTA,N3
,0.245,0.149,0.803,1.0,,1787653503730.182,33.105,20.4,-1.06,0.35,1787653503730.182,False,,,1,OP1,C3_WIFI_CARGA_ALTA,N3
,0.245,0.149,0.802,1.0,,1787653503759.0208,33.07,20.4,-1.06,0.35,1787653503759.0208,False,,,1,OP1,C3_WIFI_CARGA_ALTA,N3
,0.246,0.15,0.802,1.0,,1787653503786.942,33.07,20.32,-1.0,0.35,1787653503786.942,False,,,1,OP1,C3_WIFI_CARGA_ALTA,N3
,0.245,0.152,0.801,1.0,,1787653503842.4978,33.035,20.4,-0.88,0.35,1787653503842.4978,False,,,1,OP1,C3_WIFI_CARGA_ALTA,N3
,0.245,0.152,0.8,1.0,,1787653503871.6067,33.0,20.4,-0.88,0.35,1787653503871.6067,False,,,1,OP1,C3_WIFI_CARGA_ALTA,N3
,0.245,0.153,0.798,1.0,,1787653503894.0906,32.93,20.4,-0.82,0.35,1787653503894.0906,False,,,1,OP1,C3_WIFI_CARGA_ALTA,N3
,0.245,0.153,0.798,1.0,,1787653503925.3765,32.93,20.4,-0.82,0.35,1787653503925.3765,False,,,1,OP1,C3_WIFI_CARGA_ALTA,N3
,0.245,0.153,0.798,1.0,,1787653503953.39,32.93,20.4,-0.82,0.35,1787653503953.39,False,,,1,OP1,C3_WIFI_CARGA_ALTA,N3
,0.244,0.153,0.797,1.0,,1787653503977.7131,32.895,20.48,-0.82,0.35,1787653503977.7131,False,,,1,OP1,C3_WIFI_CARGA_ALTA,N3
,0.244,0.153,0.796,1.0,,1787653503998.2715,32.86,20.48,-0.82,0.35,1787653503998.2715,False,,,1,OP1,C3_WIFI_CARGA_ALTA,N3
,0.244,0.154,0.796,1.0,,1787653504028.2556,32.86,20.48,-0.76,0.35,1787653504028.2556,False,,,1,OP1,C3_WIFI_CARGA_ALTA,N3
,0.244,0.154,0.795,1.0,,1787653504061.2815,32.825,20.48,-0.76,0.35,1787653504061.2815,False,,,1,OP1,C3_WIFI_CARGA_ALTA,N3
,0.244,0.155,0.794,1.0,,1787653504095.141,32.79,20.48,-0.7,0.35,1787653504097.152,False,,,1,OP1,C3_WIFI_CARGA_ALTA,N3
,0.244,0.156,0.794,1.0,,1787653504121.232,32.79,20.48,-0.64,0.35,1787653504122.2517,False,,,1,OP1,C3_WIFI_CARGA_ALTA,N3
,0.245,0.158,0.793,1.0,,1787653504173.8948,32.755,20.4,-0.52,0.35,1787653504177.2043,False,,,1,OP1,C3_WIFI_CARGA_ALTA,N3
,0.245,0.162,0.792,1.0,,1787653504205.0452,32.72,20.4,-0.28,0.35,1787653504205.8884,False,,,1,OP1,C3_WIFI_CARGA_ALTA,N3
,0.246,0.166,0.791,1.0,,1787653504232.3682,32.685,20.32,-0.04,0.35,1787653504232.3682,False,,,1,OP1,C3_WIFI_CARGA_ALTA,N3
,0.246,0.169,0.79,1.0,,1787653504260.286,32.65,20.32,0.14,0.35,1787653504260.286,False,,,1,OP1,C3_WIFI_CARGA_ALTA,N3
,0.247,0.173,0.789,1.0,,1787653504308.2158,32.615,20.24,0.38,0.35,1787653504308.8552,False,,,1,OP1,C3_WIFI_CARGA_ALTA,N3
,0.247,0.173,0.789,1.0,,1787653504474.6997,32.615,20.24,0.38,0.35,1787653504476.7463,False,,,1,OP1,C3_WIFI_CARGA_ALTA,N3
,0.247,0.173,0.788,1.0,,1787653504507.2195,32.58,20.24,0.38,0.35,1787653504509.1394,False,,,1,OP1,C3_WIFI_CARGA_ALTA,N3
,0.247,0.172,0.788,1.0,,1787653504676.0256,32.58,20.24,0.32,0.35,1787653504676.5334,False,,,1,OP1,C3_WIFI_CARGA_ALTA,N3
,0.246,0.161,0.788,1.0,,1787653504697.05,32.58,20.32,-0.34,0.35,1787653504698.8057,False,,,1,OP1,C3_WIFI_CARGA_ALTA,N3
,0.246,0.16,0.788,1.0,,1787653504732.2822,32.58,20.32,-0.4,0.35,1787653504734.296,False,,,1,OP1,C3_WIFI_CARGA_ALTA,N3
,0.246,0.159,0.788,1.0,,1787653504761.3755,32.58,20.32,-0.46,0.35,1787653504762.5803,False,,,1,OP1,C3_WIFI_CARGA_ALTA,N3
,0.246,0.158,0.788,1.0,,1787653504805.8235,32.58,20.32,-0.52,0.35,1787653504805.8235,False,,,1,OP1,C3_WIFI_CARGA_ALTA,N3
,0.246,0.158,0.788,1.0,,1787653504836.6853,32.58,20.32,-0.52,0.35,1787653504840.8523,False,,,1,OP1,C3_WIFI_CARGA_ALTA,N3
,0.246,0.158,0.788,1.0,,1787653504864.198,32.58,20.32,-0.52,0.35,1787653504865.1096,False,,,1,OP1,C3_WIFI_CARGA_ALTA,N3
,0.246,0.158,0.788,1.0,,1787653504898.9807,32.58,20.32,-0.52,0.35,1787653504901.6506,False,,,1,OP1,C3_WIFI_CARGA_ALTA,N3
,0.246,0.159,0.787,1.0,,1787653504925.2458,32.545,20.32,-0.46,0.35,1787653504925.2458,False,,,1,OP1,C3_WIFI_CARGA_ALTA,N3
,0.246,0.161,0.787,1.0,,1787653504948.9785,32.545,20.32,-0.34,0.35,1787653504949.9849,False,,,1,OP1,C3_WIFI_CARGA_ALTA,N3
,0.246,0.165,0.786,1.0,,1787653504973.6853,32.51,20.32,-0.1,0.35,1787653504973.6853,False,,,1,OP1,C3_WIFI_CARGA_ALTA,N3
,0.246,0.172,0.786,1.0,,1787653505007.364,32.51,20.32,0.32,0.35,1787653505009.2266,False,,,1,OP1,C3_WIFI_CARGA_ALTA,N3
,0.248,0.181,0.785,1.0,,1787653505031.6687,32.475,20.16,0.86,0.35,1787653505031.6687,False,,,1,OP1,C3_WIFI_CARGA_ALTA,N3
,0.252,0.193,0.784,1.0,,1787653505069.4707,32.44,19.84,1.58,0.35,1787653505071.4817,False,,,1,OP1,C3_WIFI_CARGA_ALTA,N3
,0.257,0.207,0.783,1.0,,1787653505235.431,32.405,19.44,2.42,0.35,1787653505236.4348,False,,,1,OP1,C3_WIFI_CARGA_ALTA,N3
