t_unity_captura,norm_x,norm_y,norm_z,g,t_unity_envio,t_robot_recepcion,x_cm,y_cm,z_cm,t_rad,t_uart_escritura,clamp_activo,rtt_ms,perdida_pct,id_intento,id_operador,condicion_red,nivel_objeto
,0.269,0.225,0.819,0.0,,1787593869031.8992,33.665,18.48,3.5,1.4,1787593869031.8992,False,,,2,OP1,C2_WIFI_CARGA_MEDIA,N1
,0.269,0.234,0.823,0.0,,1787593869057.5374,33.805,18.48,4.04,1.4,1787593869057.5374,False,,,2,OP1,C2_WIFI_CARGA_MEDIA,N1
,0.27,0.245,0.826,0.0,,1787593869089.0676,33.91,18.4,4.7,1.4,1787593869089.0676,False,,,2,OP1,C2_WIFI_CARGA_MEDIA,N1
,0.275,0.26,0.829,0.0,,1787593869122.7502,34.015,18.0,5.6,1.4,1787593869125.2893,False,,,2,OP1,C2_WIFI_CARGA_MEDIA,N1
,0.279,0.275,0.836,0.0,,1787593869143.3958,34.26,17.68,6.5,1.4,1787593869143.3958,False,,,2,OP1,C2_WIFI_CARGA_MEDIA,N1
,0.282,0.29,0.844,0.0,,1787593869169.152,34.54,17.44,7.4,1.4,1787593869169.152,False,,,2,OP1,C2_WIFI_CARGA_MEDIA,N1
,0.282,0.307,0.83,0.0,,1787593869197.8098,34.05,17.44,8.42,1.4,1787593869197.8098,False,,,2,OP1,C2_WIFI_CARGA_MEDIA,N1
,0.282,0.321,0.812,0.0,,1787593869229.369,33.42,17.44,9.26,1.4,1787593869229.369,False,,,2,OP1,C2_WIFI_CARGA_MEDIA,N1
,0.283,0.338,0.785,0.0,,1787593869277.874,32.475,17.36,10.28,1.4,1787593869293.705,False,,,2,OP1,C2_WIFI_CARGA_MEDIA,N1
,0.281,0.343,0.779,0.0,,1787593869337.5063,32.265,17.52,10.58,1.4,1787593869337.5063,False,,,2,OP1,C2_WIFI_CARGA_MEDIA,N1
,0.282,0.345,0.776,0.0,,1787593869372.5627,32.16,17.44,10.7,1.4,1787593869372.5627,False,,,2,OP1,C2_WIFI_CARGA_MEDIA,N1
,0.283,0.347,0.774,0.0,,1787593869394.6316,32.09,17.36,10.82,1.4,1787593869395.6296,False,,,2,OP1,C2_WIFI_CARGA_MEDIA,N1
,0.286,0.353,0.77,0.0,,1787593869431.7249,31.95,17.12,11.18,1.4,1787593869433.7373,False,,,2,OP1,C2_WIFI_CARGA_MEDIA,N1
,0.295,0.375,0.76,0.0,,1787593869474.0352,31.6,16.4,12.5,1.4,1787593869474.0352,False,,,2,OP1,C2_WIFI_CARGA_MEDIA,N1
,0.298,0.386,0.755,0.0,,1787593869495.024,31.425,16.16,13.16,1.4,1787593869497.204,False,,,2,OP1,C2_WIFI_CARGA_MEDIA,N1
,0.302,0.396,0.75,0.0,,1787593869647.1592,31.25,15.84,13.76,1.4,1787593869647.1592,False,,,2,OP1,C2_WIFI_CARGA_MEDIA,N1
,0.316,0.409,0.734,0.0,,1787593869669.0703,30.69,14.72,14.54,1.4,1787593869669.0703,False,,,2,OP1,C2_WIFI_CARGA_MEDIA,N1
,0.317,0.41,0.732,0.0,,1787593869695.5923,30.62,14.64,14.6,1.4,1787593869695.5923,False,,,2,OP1,C2_WIFI_CARGA_MEDIA,N1
,0.319,0.411,0.729,0.0,,1787593869960.0132,30.515,14.48,14.66,1.4,1787593869962.742,False,,,2,OP1,C2_WIFI_CARGA_MEDIA,N1
,0.354,0.418,0.682,0.0,,1787593870004.1553,28.87,11.68,15.08,1.4,1787593870004.1553,False,,,2,OP1,C2_WIFI_CARGA_MEDIA,N1
,0.36,0.418,0.672,0.0,,1787593870030.881,28.52,11.2,15.08,1.4,1787593870032.895,False,,,2,OP1,C2_WIFI_CARGA_MEDIA,N1
,0.367,0.418,0.657,0.0,,1787593870072.1206,27.995,10.64,15.08,1.4,1787593870072.1206,False,,,2,OP1,C2_WIFI_CARGA_MEDIA,N1
,0.384,0.416,0.626,0.0,,1787593870122.0725,26.91,9.28,14.96,1.4,1787593870130.895,False,,,2,OP1,C2_WIFI_CARGA_MEDIA,N1
,0.408,0.414,0.599,0.0,,1787593870178.323,25.965,7.36,14.84,1.4,1787593870178.323,False,,,2,OP1,C2_WIFI_CARGA_MEDIA,N1
,0.419,0.413,0.59,0.0,,1787593870209.8032,25.65,6.48,14.78,1.4,1787593870209.8032,False,,,2,OP1,C2_WIFI_CARGA_MEDIA,N1
,0.424,0.413,0.585,0.0,,1787593870233.9211,25.475,6.08,14.78,1.4,1787593870233.9211,False,,,2,OP1,C2_WIFI_CARGA_MEDIA,N1
,0.43,0.415,0.579,0.0,,1787593870263.9585,25.265,5.6,14.9,1.4,1787593870267.8103,False,,,2,OP1,C2_WIFI_CARGA_MEDIA,N1
,0.445,0.421,0.558,0.0,,1787593870322.9043,24.53,4.4,15.26,1.4,1787593870322.9043,False,,,2,OP1,C2_WIFI_CARGA_MEDIA,N1
,0.457,0.423,0.543,0.0,,1787593870491.1414,24.005,3.44,15.38,1.4,1787593870491.1414,False,,,2,OP1,C2_WIFI_CARGA_MEDIA,N1
,0.505,0.432,0.449,0.0,,1787593870528.9502,20.715,-0.4,15.92,1.4,1787593870528.9502,False,,,2,OP1,C2_WIFI_CARGA_MEDIA,N1
,0.508,0.432,0.433,0.0,,1787593870565.264,20.155,-0.64,15.92,1.4,1787593870565.264,False,,,2,OP1,C2_WIFI_CARGA_MEDIA,N1
,0.509,0.432,0.425,0.0,,1787593870588.7048,19.875,-0.72,15.92,1.4,1787593870588.7048,False,,,2,OP1,C2_WIFI_CARGA_MEDIA,N1
,0.51,0.432,0.42,0.0,,1787593870622.4011,19.7,-0.8,15.92,1.4,1787593870623.4165,False,,,2,OP1,C2_WIFI_CARGA_MEDIA,N1
,0.513,0.433,0.413,0.0,,1787593870673.1155,19.455,-1.04,15.98,1.4,1787593870673.1155,False,,,2,OP1,C2_WIFI_CARGA_MEDIA,N1
,0.516,0.433,0.405,0.0,,1787593870727.7788,19.175,-1.28,15.98,1.4,1787593870728.8306,False,,,2,OP1,C2_WIFI_CARGA_MEDIA,N1
,0.518,0.435,0.4,0.0,,1787593870768.0503,19.0,-1.44,16.1,1.4,1787593870768.0503,False,,,2,OP1,C2_WIFI_CARGA_MEDIA,N1
,0.523,0.44,0.387,0.0,,1787593870815.218,18.545,-1.84,16.4,1.4,1787593870816.2893,False,,,2,OP1,C2_WIFI_CARGA_MEDIA,N1
,0.524,0.442,0.384,0.0,,1787593870850.0808,18.44,-1.92,16.52,1.4,1787593870850.0808,False,,,2,OP1,C2_WIFI_CARGA_MEDIA,N1
,0.525,0.443,0.38,0.0,,1787593870871.474,18.3,-2.0,16.58,1.4,1787593870871.474,False,,,2,OP1,C2_WIFI_CARGA_MEDIA,N1
,0.527,0.445,0.376,0.0,,1787593870927.2625,18.16,-2.16,16.7,1.4,1787593870927.2625,False,,,2,OP1,C2_WIFI_CARGA_MEDIA,N1
,0.527,0.445,0.375,0.0,,1787593870961.6138,18.125,-2.16,16.7,1.4,1787593870962.6123,False,,,2,OP1,C2_WIFI_CARGA_MEDIA,N1
,0.528,0.447,0.372,0.0,,1787593871017.743,18.02,-2.24,16.82,1.4,1787593871017.743,False,,,2,OP1,C2_WIFI_CARGA_MEDIA,N1
,0.53,0.45,0.362,0.0,,1787593871073.6694,17.67,-2.4,17.0,1.4,1787593871074.718,False,,,2,OP1,C2_WIFI_CARGA_MEDIA,N1
,0.538,0.45,0.351,0.0,,1787593871117.2407,17.285,-3.04,17.0,1.4,1787593871117.2407,False,,,2,OP1,C2_WIFI_CARGA_MEDIA,N1
,0.541,0.452,0.345,0.0,,1787593871145.828,17.075,-3.28,17.12,1.4,1787593871146.8413,False,,,2,OP1,C2_WIFI_CARGA_MEDIA,N1
,0.544,0.453,0.341,0.0,,1787593871170.4397,16.935,-3.52,17.18,1.4,1787593871170.4397,False,,,2,OP1,C2_WIFI_CARGA_MEDIA,N1
,0.546,0.455,0.336,0.0,,1787593871212.828,16.76,-3.68,17.3,1.4,1787593871215.3418,False,,,2,OP1,C2_WIFI_CARGA_MEDIA,N1
,0.547,0.457,0.331,0.0,,1787593871242.3308,16.585,-3.76,17.42,1.4,1787593871242.3308,False,,,2,OP1,C2_WIFI_CARGA_MEDIA,N1
,0.549,0.459,0.325,0.0,,1787593871269.9707,16.375,-3.92,17.54,1.4,1787593871272.0066,False,,,2,OP1,C2_WIFI_CARGA_MEDIA,N1
,0.55,0.46,0.322,0.0,,1787593871317.5237,16.27,-4.0,17.6,1.4,1787593871317.5237,False,,,2,OP1,C2_WIFI_CARGA_MEDIA,N1
,0.551,0.461,0.321,0.0,,1787593871342.7273,16.235,-4.08,17.66,1.4,1787593871345.057,False,,,2,OP1,C2_WIFI_CARGA_MEDIA,N1
,0.554,0.462,0.319,0.0,,1787593871379.3174,16.165,-4.32,17.72,1.4,1787593871379.3174,False,,,2,OP1,C2_WIFI_CARGA_MEDIA,N1
,0.559,0.463,0.316,0.0,,1787593871423.7036,16.06,-4.72,17.78,1.4,1787593871423.7036,False,,,2,OP1,C2_WIFI_CARGA_MEDIA,N1
,0.56,0.463,0.316,0.0,,1787593871444.9712,16.06,-4.8,17.78,1.4,1787593871444.9712,False,,,2,OP1,C2_WIFI_CARGA_MEDIA,N1
,0.561,0.463,0.316,0.0,,1787593871480.6353,16.06,-4.88,17.78,1.4,1787593871480.6353,False,,,2,OP1,C2_WIFI_CARGA_MEDIA,N1
,0.564,0.462,0.317,0.0,,1787593871545.3484,16.095,-5.12,17.72,1.4,1787593871546.8623,False,,,2,OP1,C2_WIFI_CARGA_MEDIA,N1
,0.565,0.462,0.319,0.0,,1787593871594.8928,16.165,-5.2,17.72,1.4,1787593871594.8928,False,,,2,OP1,C2_WIFI_CARGA_MEDIA,N1
,0.566,0.462,0.319,0.0,,1787593871763.474,16.165,-5.28,17.72,1.4,1787593871763.474,False,,,2,OP1,C2_WIFI_CARGA_MEDIA,N1
,0.581,0.463,0.344,0.0,,1787593871824.965,17.04,-6.48,17.78,1.4,1787593871826.9707,False,,,2,OP1,C2_WIFI_CARGA_MEDIA,N1
,0.583,0.463,0.351,0.0,,1787593871847.3284,17.285,-6.64,17.78,1.4,1787593871847.3284,False,,,2,OP1,C2_WIFI_CARGA_MEDIA,N1
,0.586,0.462,0.363,0.0,,1787593871883.696,17.705,-6.88,17.72,1.4,1787593871885.7085,False,,,2,OP1,C2_WIFI_CARGA_MEDIA,N1
,0.591,0.459,0.379,0.0,,1787593871926.9346,18.265,-7.28,17.54,1.4,1787593871926.9346,False,,,2,OP1,C2_WIFI_CARGA_MEDIA,N1
,0.591,0.455,0.392,0.0,,1787593871986.5637,18.72,-7.28,17.3,1.4,1787593871986.5637,False,,,2,OP1,C2_WIFI_CARGA_MEDIA,N1
,0.591,0.455,0.395,0.0,,1787593872019.2983,18.825,-7.28,17.3,1.4,1787593872019.2983,False,,,2,OP1,C2_WIFI_CARGA_MEDIA,N1
,0.591,0.456,0.4,0.0,,1787593872048.606,19.0,-7.28,17.36,1.4,1787593872049.2932,False,,,2,OP1,C2_WIFI_CARGA_MEDIA,N1
,0.591,0.457,0.408,0.0,,1787593872097.1858,19.28,-7.28,17.42,1.4,1787593872098.3064,False,,,2,OP1,C2_WIFI_CARGA_MEDIA,N1
,0.591,0.456,0.412,0.0,,1787593872118.7195,19.42,-7.28,17.36,1.4,1787593872118.7195,False,,,2,OP1,C2_WIFI_CARGA_MEDIA,N1
,0.591,0.456,0.416,0.0,,1787593872149.5818,19.56,-7.28,17.36,1.4,1787593872150.5815,False,,,2,OP1,C2_WIFI_CARGA_MEDIA,N1
,0.592,0.456,0.42,0.0,,1787593872187.0044,19.7,-7.36,17.36,1.4,1787593872189.0146,False,,,2,OP1,C2_WIFI_CARGA_MEDIA,N1
,0.594,0.456,0.425,0.0,,1787593872234.3667,19.875,-7.52,17.36,1.4,1787593872235.3662,False,,,2,OP1,C2_WIFI_CARGA_MEDIA,N1
,0.594,0.456,0.428,0.0,,1787593872256.077,19.98,-7.52,17.36,1.4,1787593872256.077,False,,,2,OP1,C2_WIFI_CARGA_MEDIA,N1
,0.595,0.457,0.431,0.0,,1787593872297.8108,20.085,-7.6,17.42,1.4,1787593872297.8108,False,,,2,OP1,C2_WIFI_CARGA_MEDIA,N1
,0.596,0.457,0.435,0.0,,1787593872321.246,20.225,-7.68,17.42,1.4,1787593872321.246,False,,,2,OP1,C2_WIFI_CARGA_MEDIA,N1
,0.597,0.457,0.441,0.0,,1787593872351.569,20.435,-7.76,17.42,1.4,1787593872352.5713,False,,,2,OP1,C2_WIFI_CARGA_MEDIA,N1
,0.601,0.457,0.449,0.0,,1787593872375.688,20.715,-8.08,17.42,1.4,1787593872385.4807,False,,,2,OP1,C2_WIFI_CARGA_MEDIA,N1
,0.607,0.456,0.459,0.0,,1787593872427.5928,21.065,-8.56,17.36,1.4,1787593872427.5928,False,,,2,OP1,C2_WIFI_CARGA_MEDIA,N1
,0.61,0.455,0.463,0.0,,1787593872451.3254,21.205,-8.8,17.3,1.4,1787593872452.4006,False,,,2,OP1,C2_WIFI_CARGA_MEDIA,N1
,0.614,0.454,0.467,0.0,,1787593872493.1802,21.345,-9.12,17.24,1.4,1787593872493.1802,False,,,2,OP1,C2_WIFI_CARGA_MEDIA,N1
,0.618,0.453,0.475,0.0,,1787593872522.3918,21.625,-9.44,17.18,1.4,1787593872522.9229,False,,,2,OP1,C2_WIFI_CARGA_MEDIA,N1
,0.624,0.45,0.485,0.0,,1787593872562.675,21.975,-9.92,17.0,1.4,1787593872562.675,False,,,2,OP1,C2_WIFI_CARGA_MEDIA,N1
,0.625,0.448,0.492,0.0,,1787593872594.1428,22.22,-10.0,16.88,1.4,1787593872594.1428,False,,,2,OP1,C2_WIFI_CARGA_MEDIA,N1
,0.627,0.446,0.5,0.0,,1787593872629.181,22.5,-10.16,16.76,1.4,1787593872629.181,False,,,2,OP1,C2_WIFI_CARGA_MEDIA,N1
,0.627,0.444,0.507,0.0,,1787593872654.4453,22.745,-10.16,16.64,1.4,1787593872654.8333,False,,,2,OP1,C2_WIFI_CARGA_MEDIA,N1
,0.628,0.443,0.514,0.0,,1787593872688.5889,22.99,-10.24,16.58,1.4,1787593872689.586,False,,,2,OP1,C2_WIFI_CARGA_MEDIA,N1
,0.63,0.441,0.522,0.0,,1787593872728.7424,23.27,-10.4,16.46,1.4,1787593872728.7424,False,,,2,OP1,C2_WIFI_CARGA_MEDIA,N1
,0.63,0.441,0.524,0.0,,1787593872762.8684,23.34,-10.4,16.46,1.4,1787593872764.375,False,,,2,OP1,C2_WIFI_CARGA_MEDIA,N1
,0.631,0.441,0.526,0.0,,1787593872798.931,23.41,-10.48,16.46,1.4,1787593872798.931,False,,,2,OP1,C2_WIFI_CARGA_MEDIA,N1
,0.632,0.441,0.527,0.0,,1787593872826.6,23.445,-10.56,16.46,1.4,1787593872828.6074,False,,,2,OP1,C2_WIFI_CARGA_MEDIA,N1
,0.633,0.442,0.528,0.0,,1787593872854.63,23.48,-10.64,16.52,1.4,1787593872855.704,False,,,2,OP1,C2_WIFI_CARGA_MEDIA,N1
,0.633,0.442,0.528,0.0,,1787593872877.1,23.48,-10.64,16.52,1.4,1787593872885.8826,False,,,2,OP1,C2_WIFI_CARGA_MEDIA,N1
,0.634,0.443,0.529,0.0,,1787593872900.928,23.515,-10.72,16.58,1.4,1787593872900.928,False,,,2,OP1,C2_WIFI_CARGA_MEDIA,N1
,0.635,0.443,0.531,0.0,,1787593872934.6409,23.585,-10.8,16.58,1.4,1787593872934.6409,False,,,2,OP1,C2_WIFI_CARGA_MEDIA,N1
,0.636,0.444,0.532,0.0,,1787593872956.54,23.62,-10.88,16.64,1.4,1787593872956.9124,False,,,2,OP1,C2_WIFI_CARGA_MEDIA,N1
,0.637,0.444,0.532,0.0,,1787593872993.6997,23.62,-10.96,16.64,1.4,1787593872993.6997,False,,,2,OP1,C2_WIFI_CARGA_MEDIA,N1
,0.639,0.443,0.531,0.0,,1787593873035.1194,23.585,-11.12,16.58,1.4,1787593873035.1194,False,,,2,OP1,C2_WIFI_CARGA_MEDIA,N1
,0.64,0.442,0.529,0.0,,1787593873059.3923,23.515,-11.2,16.52,1.4,1787593873059.904,False,,,2,OP1,C2_WIFI_CARGA_MEDIA,N1
,0.641,0.441,0.527,0.0,,1787593873104.7068,23.445,-11.28,16.46,1.4,1787593873104.7068,False,,,2,OP1,C2_WIFI_CARGA_MEDIA,N1
,0.641,0.441,0.525,0.0,,1787593873132.6233,23.375,-11.28,16.46,1.4,1787593873132.6233,False,,,2,OP1,C2_WIFI_CARGA_MEDIA,N1
,0.642,0.441,0.523,0.0,,1787593873157.1565,23.305,-11.36,16.46,1.4,1787593873158.1538,False,,,2,OP1,C2_WIFI_CARGA_MEDIA,N1
,0.642,0.441,0.522,0.0,,1787593873189.236,23.27,-11.36,16.46,1.4,1787593873190.9724,False,,,2,OP1,C2_WIFI_CARGA_MEDIA,N1
,0.643,0.441,0.519,0.0,,1787593873236.8398,23.165,-11.44,16.46,1.4,1787593873236.8398,False,,,2,OP1,C2_WIFI_CARGA_MEDIA,N1
,0.643,0.442,0.519,0.0,,1787593873260.0396,23.165,-11.44,16.52,1.4,1787593873260.0396,False,,,2,OP1,C2_WIFI_CARGA_MEDIA,N1
,0.643,0.442,0.52,0.0,,1787593873301.6426,23.2,-11.44,16.52,1.4,1787593873302.7988,False,,,2,OP1,C2_WIFI_CARGA_MEDIA,N1
,0.644,0.443,0.521,0.0,,1787593873329.6946,23.235,-11.52,16.58,1.4,1787593873330.256,False,,,2,OP1,C2_WIFI_CARGA_MEDIA,N1
,0.644,0.443,0.523,0.0,,1787593873354.0825,23.305,-11.52,16.58,1.4,1787593873358.77,False,,,2,OP1,C2_WIFI_CARGA_MEDIA,N1
,0.646,0.445,0.529,0.0,,1787593873400.6045,23.515,-11.68,16.7,1.4,1787593873400.6045,False,,,2,OP1,C2_WIFI_CARGA_MEDIA,N1
,0.646,0.445,0.531,0.0,,1787593873437.0957,23.585,-11.68,16.7,1.4,1787593873437.0957,False,,,2,OP1,C2_WIFI_CARGA_MEDIA,N1
,0.647,0.446,0.534,0.0,,1787593873460.0725,23.69,-11.76,16.76,1.4,1787593873461.1104,False,,,2,OP1,C2_WIFI_CARGA_MEDIA,N1
,0.647,0.446,0.538,0.0,,1787593873605.9397,23.83,-11.76,16.76,1.4,1787593873605.9397,False,,,2,OP1,C2_WIFI_CARGA_MEDIA,N1
,0.652,0.445,0.544,0.0,,1787593873634.5278,24.04,-12.16,16.7,1.4,1787593873634.5278,False,,,2,OP1,C2_WIFI_CARGA_MEDIA,N1
,0.653,0.444,0.544,0.0,,1787593873660.5752,24.04,-12.24,16.64,1.4,1787593873662.526,False,,,2,OP1,C2_WIFI_CARGA_MEDIA,N1
,0.653,0.444,0.544,0.0,,1787593873707.1418,24.04,-12.24,16.64,1.4,1787593873707.1418,False,,,2,OP1,C2_WIFI_CARGA_MEDIA,N1
,0.653,0.443,0.544,0.0,,1787593873740.4517,24.04,-12.24,16.58,1.4,1787593873740.4517,False,,,2,OP1,C2_WIFI_CARGA_MEDIA,N1
,0.654,0.443,0.544,0.0,,1787593873763.2568,24.04,-12.32,16.58,1.4,1787593873763.8113,False,,,2,OP1,C2_WIFI_CARGA_MEDIA,N1
,0.654,0.443,0.547,0.0,,1787593873812.4849,24.145,-12.32,16.58,1.4,1787593873814.06,False,,,2,OP1,C2_WIFI_CARGA_MEDIA,N1
,0.654,0.442,0.552,0.0,,1787593873853.4812,24.32,-12.32,16.52,1.4,1787593873853.4812,False,,,2,OP1,C2_WIFI_CARGA_MEDIA,N1
,0.654,0.442,0.558,0.0,,1787593874014.1658,24.53,-12.32,16.52,1.4,1787593874014.1658,False,,,2,OP1,C2_WIFI_CARGA_MEDIA,N1
,0.652,0.442,0.587,0.0,,1787593874074.9124,25.545,-12.16,16.52,1.4,1787593874074.9124,False,,,2,OP1,C2_WIFI_CARGA_MEDIA,N1
,0.651,0.442,0.59,0.0,,1787593874107.2896,25.65,-12.08,16.52,1.4,1787593874107.2896,False,,,2,OP1,C2_WIFI_CARGA_MEDIA,N1
,0.652,0.443,0.592,0.0,,1787593874130.752,25.72,-12.16,16.58,1.4,1787593874131.77,False,,,2,OP1,C2_WIFI_CARGA_MEDIA,N1
,0.652,0.443,0.594,0.0,,1787593874164.4363,25.79,-12.16,16.58,1.4,1787593874166.786,False,,,2,OP1,C2_WIFI_CARGA_MEDIA,N1
,0.652,0.443,0.598,0.0,,1787593874208.8247,25.93,-12.16,16.58,1.4,1787593874208.8247,False,,,2,OP1,C2_WIFI_CARGA_MEDIA,N1
,0.652,0.444,0.599,0.0,,1787593874233.856,25.965,-12.16,16.64,1.4,1787593874234.9592,False,,,2,OP1,C2_WIFI_CARGA_MEDIA,N1
,0.653,0.445,0.6,0.0,,1787593874276.2712,26.0,-12.24,16.7,1.4,1787593874276.2712,False,,,2,OP1,C2_WIFI_CARGA_MEDIA,N1
,0.653,0.445,0.602,0.0,,1787593874303.1897,26.07,-12.24,16.7,1.4,1787593874305.7627,False,,,2,OP1,C2_WIFI_CARGA_MEDIA,N1
,0.654,0.445,0.605,0.0,,1787593874332.3108,26.175,-12.32,16.7,1.4,1787593874332.9963,False,,,2,OP1,C2_WIFI_CARGA_MEDIA,N1
,0.654,0.444,0.608,0.0,,1787593874371.078,26.28,-12.32,16.64,1.4,1787593874372.0789,False,,,2,OP1,C2_WIFI_CARGA_MEDIA,N1
,0.654,0.443,0.61,0.0,,1787593874410.8428,26.35,-12.32,16.58,1.4,1787593874410.8428,False,,,2,OP1,C2_WIFI_CARGA_MEDIA,N1
,0.654,0.442,0.613,0.0,,1787593874433.886,26.455,-12.32,16.52,1.4,1787593874434.995,False,,,2,OP1,C2_WIFI_CARGA_MEDIA,N1
,0.654,0.44,0.617,0.0,,1787593874470.0789,26.595,-12.32,16.4,1.4,1787593874470.0789,False,,,2,OP1,C2_WIFI_CARGA_MEDIA,N1
,0.656,0.437,0.628,0.0,,1787593874514.7715,26.98,-12.48,16.22,1.4,1787593874514.7715,False,,,2,OP1,C2_WIFI_CARGA_MEDIA,N1
,0.657,0.437,0.631,0.0,,1787593874576.432,27.085,-12.56,16.22,1.4,1787593874576.432,False,,,2,OP1,C2_WIFI_CARGA_MEDIA,N1
,0.657,0.437,0.631,0.0,,1787593874611.989,27.085,-12.56,16.22,1.4,1787593874611.989,False,,,2,OP1,C2_WIFI_CARGA_MEDIA,N1
,0.657,0.436,0.632,0.0,,1787593874663.9048,27.12,-12.56,16.16,1.4,1787593874663.9048,False,,,2,OP1,C2_WIFI_CARGA_MEDIA,N1
,0.658,0.437,0.633,0.0,,1787593874722.8137,27.155,-12.64,16.22,1.4,1787593874724.826,False,,,2,OP1,C2_WIFI_CARGA_MEDIA,N1
,0.657,0.437,0.634,0.0,,1787593874777.139,27.19,-12.56,16.22,1.4,1787593874777.139,False,,,2,OP1,C2_WIFI_CARGA_MEDIA,N1
,0.658,0.437,0.635,0.0,,1787593874806.8782,27.225,-12.64,16.22,1.4,1787593874806.8782,False,,,2,OP1,C2_WIFI_CARGA_MEDIA,N1
,0.659,0.437,0.637,0.0,,1787593874834.6328,27.295,-12.72,16.22,1.4,1787593874834.6328,False,,,2,OP1,C2_WIFI_CARGA_MEDIA,N1
,0.659,0.436,0.638,0.0,,1787593874884.412,27.33,-12.72,16.16,1.4,1787593874885.5845,False,,,2,OP1,C2_WIFI_CARGA_MEDIA,N1
,0.661,0.434,0.639,0.0,,1787593874913.6255,27.365,-12.88,16.04,1.4,1787593874913.6255,False,,,2,OP1,C2_WIFI_CARGA_MEDIA,N1
,0.663,0.432,0.64,0.0,,1787593875084.5798,27.4,-13.04,15.92,1.4,1787593875086.6333,False,,,2,OP1,C2_WIFI_CARGA_MEDIA,N1
,0.672,0.427,0.639,0.0,,1787593875125.9856,27.365,-13.76,15.62,1.4,1787593875125.9856,False,,,2,OP1,C2_WIFI_CARGA_MEDIA,N1
,0.674,0.427,0.637,0.0,,1787593875158.631,27.295,-13.92,15.62,1.4,1787593875158.631,False,,,2,OP1,C2_WIFI_CARGA_MEDIA,N1
,0.675,0.427,0.637,0.0,,1787593875194.619,27.295,-14.0,15.62,1.4,1787593875194.619,False,,,2,OP1,C2_WIFI_CARGA_MEDIA,N1
,0.675,0.427,0.637,0.0,,1787593875215.8232,27.295,-14.0,15.62,1.4,1787593875216.834,False,,,2,OP1,C2_WIFI_CARGA_MEDIA,N1
,0.676,0.427,0.636,0.0,,1787593875251.4749,27.26,-14.08,15.62,1.4,1787593875252.0312,False,,,2,OP1,C2_WIFI_CARGA_MEDIA,N1
,0.678,0.427,0.636,0.0,,1787593875297.2595,27.26,-14.24,15.62,1.4,1787593875297.2595,False,,,2,OP1,C2_WIFI_CARGA_MEDIA,N1
,0.68,0.426,0.635,0.0,,1787593875320.7903,27.225,-14.4,15.56,1.4,1787593875321.7915,False,,,2,OP1,C2_WIFI_CARGA_MEDIA,N1
,0.682,0.425,0.636,0.0,,1787593875360.5464,27.26,-14.56,15.5,1.4,1787593875362.5554,False,,,2,OP1,C2_WIFI_CARGA_MEDIA,N1
,0.684,0.424,0.637,0.0,,1787593875419.5833,27.295,-14.72,15.44,1.4,1787593875420.9106,False,,,2,OP1,C2_WIFI_CARGA_MEDIA,N1
,0.685,0.422,0.638,0.0,,1787593875473.3716,27.33,-14.8,15.32,1.4,1787593875475.3867,False,,,2,OP1,C2_WIFI_CARGA_MEDIA,N1
,0.686,0.42,0.641,0.0,,1787593875514.2236,27.435,-14.88,15.2,1.4,1787593875516.2307,False,,,2,OP1,C2_WIFI_CARGA_MEDIA,N1
,0.686,0.418,0.641,0.0,,1787593875546.82,27.435,-14.88,15.08,1.4,1787593875546.82,False,,,2,OP1,C2_WIFI_CARGA_MEDIA,N1
,0.688,0.415,0.64,0.0,,1787593875610.814,27.4,-15.04,14.9,1.4,1787593875612.822,False,,,2,OP1,C2_WIFI_CARGA_MEDIA,N1
,0.69,0.412,0.641,0.0,,1787593875652.0608,27.435,-15.2,14.72,1.4,1787593875653.0686,False,,,2,OP1,C2_WIFI_CARGA_MEDIA,N1
,0.691,0.41,0.641,0.0,,1787593875689.1797,27.435,-15.28,14.6,1.4,1787593875689.1797,False,,,2,OP1,C2_WIFI_CARGA_MEDIA,N1
,0.692,0.409,0.642,0.0,,1787593875719.2104,27.47,-15.36,14.54,1.4,1787593875719.2104,False,,,2,OP1,C2_WIFI_CARGA_MEDIA,N1
,0.695,0.405,0.643,0.0,,1787593875767.242,27.505,-15.6,14.3,1.4,1787593875767.242,False,,,2,OP1,C2_WIFI_CARGA_MEDIA,N1
,0.697,0.403,0.643,0.0,,1787593875794.3313,27.505,-15.76,14.18,1.4,1787593875794.3313,False,,,2,OP1,C2_WIFI_CARGA_MEDIA,N1
,0.699,0.4,0.644,0.0,,1787593875825.2004,27.54,-15.92,14.0,1.4,1787593875825.2004,False,,,2,OP1,C2_WIFI_CARGA_MEDIA,N1
,0.7,0.398,0.644,0.0,,1787593875847.8225,27.54,-16.0,13.88,1.4,1787593875849.8325,False,,,2,OP1,C2_WIFI_CARGA_MEDIA,N1
,0.701,0.396,0.644,0.0,,1787593875886.1565,27.54,-16.08,13.76,1.4,1787593875886.1565,False,,,2,OP1,C2_WIFI_CARGA_MEDIA,N1
,0.702,0.396,0.643,0.0,,1787593875917.986,27.505,-16.16,13.76,1.4,1787593875917.986,False,,,2,OP1,C2_WIFI_CARGA_MEDIA,N1
,0.702,0.395,0.642,0.0,,1787593875939.3716,27.47,-16.16,13.7,1.4,1787593875940.5437,False,,,2,OP1,C2_WIFI_CARGA_MEDIA,N1
,0.703,0.394,0.642,0.0,,1787593875986.3403,27.47,-16.24,13.64,1.4,1787593875986.3403,False,,,2,OP1,C2_WIFI_CARGA_MEDIA,N1
,0.703,0.394,0.642,0.0,,1787593876025.7476,27.47,-16.24,13.64,1.4,1787593876025.7476,False,,,2,OP1,C2_WIFI_CARGA_MEDIA,N1
,0.704,0.393,0.643,0.0,,1787593876046.7412,27.505,-16.32,13.58,1.4,1787593876047.8174,False,,,2,OP1,C2_WIFI_CARGA_MEDIA,N1
,0.707,0.391,0.649,0.0,,1787593876086.3325,27.715,-16.56,13.46,1.4,1787593876086.3325,False,,,2,OP1,C2_WIFI_CARGA_MEDIA,N1
,0.711,0.387,0.66,0.0,,1787593876122.9658,28.1,-16.88,13.22,1.4,1787593876122.9658,False,,,2,OP1,C2_WIFI_CARGA_MEDIA,N1
,0.711,0.385,0.666,0.0,,1787593876157.8157,28.31,-16.88,13.1,1.4,1787593876157.8157,False,,,2,OP1,C2_WIFI_CARGA_MEDIA,N1
,0.711,0.384,0.671,0.0,,1787593876186.6396,28.485,-16.88,13.04,1.4,1787593876186.6396,False,,,2,OP1,C2_WIFI_CARGA_MEDIA,N1
,0.711,0.383,0.679,0.0,,1787593876218.642,28.765,-16.88,12.98,1.4,1787593876218.642,False,,,2,OP1,C2_WIFI_CARGA_MEDIA,N1
,0.71,0.381,0.689,0.0,,1787593876244.5413,29.115,-16.8,12.86,1.4,1787593876247.8284,False,,,2,OP1,C2_WIFI_CARGA_MEDIA,N1
,0.709,0.381,0.696,0.0,,1787593876280.95,29.36,-16.72,12.86,1.4,1787593876282.0227,False,,,2,OP1,C2_WIFI_CARGA_MEDIA,N1
,0.706,0.381,0.709,0.0,,1787593876317.0427,29.815,-16.48,12.86,1.4,1787593876317.0427,False,,,2,OP1,C2_WIFI_CARGA_MEDIA,N1
,0.706,0.38,0.717,0.0,,1787593876348.3406,30.095,-16.48,12.8,1.4,1787593876348.3406,False,,,2,OP1,C2_WIFI_CARGA_MEDIA,N1
,0.706,0.38,0.722,0.0,,1787593876391.1487,30.27,-16.48,12.8,1.4,1787593876393.1543,False,,,2,OP1,C2_WIFI_CARGA_MEDIA,N1
,0.706,0.379,0.723,0.0,,1787593876419.1924,30.305,-16.48,12.74,1.4,1787593876419.1924,False,,,2,OP1,C2_WIFI_CARGA_MEDIA,N1
,0.706,0.379,0.723,0.0,,1787593876448.7793,30.305,-16.48,12.74,1.4,1787593876450.3782,False,,,2,OP1,C2_WIFI_CARGA_MEDIA,N1
,0.705,0.378,0.724,0.0,,1787593876488.3567,30.34,-16.4,12.68,1.4,1787593876488.3567,False,,,2,OP1,C2_WIFI_CARGA_MEDIA,N1
,0.704,0.377,0.724,0.0,,1787593876522.0415,30.34,-16.32,12.62,1.4,1787593876523.0852,False,,,2,OP1,C2_WIFI_CARGA_MEDIA,N1
,0.703,0.376,0.727,0.0,,1787593876559.4995,30.445,-16.24,12.56,1.4,1787593876560.3286,False,,,2,OP1,C2_WIFI_CARGA_MEDIA,N1
,0.695,0.372,0.741,0.0,,1787593876605.0051,30.935,-15.6,12.32,1.4,1787593876605.0051,False,,,2,OP1,C2_WIFI_CARGA_MEDIA,N1
,0.692,0.372,0.746,0.0,,1787593876627.862,31.11,-15.36,12.32,1.4,1787593876627.862,False,,,2,OP1,C2_WIFI_CARGA_MEDIA,N1
,0.691,0.372,0.751,0.0,,1787593876671.4873,31.285,-15.28,12.32,1.4,1787593876671.4873,False,,,2,OP1,C2_WIFI_CARGA_MEDIA,N1
,0.689,0.371,0.757,0.0,,1787593876727.2356,31.495,-15.12,12.26,1.4,1787593876728.181,False,,,2,OP1,C2_WIFI_CARGA_MEDIA,N1
,0.687,0.37,0.766,0.0,,1787593876776.3457,31.81,-14.96,12.2,1.4,1787593876776.3457,False,,,2,OP1,C2_WIFI_CARGA_MEDIA,N1
,0.686,0.37,0.768,0.0,,1787593876807.7097,31.88,-14.88,12.2,1.4,1787593876807.7097,False,,,2,OP1,C2_WIFI_CARGA_MEDIA,N1
,0.685,0.37,0.774,0.0,,1787593876861.4856,32.09,-14.8,12.2,1.4,1787593876861.4856,False,,,2,OP1,C2_WIFI_CARGA_MEDIA,N1
,0.684,0.37,0.776,0.0,,1787593876884.1885,32.16,-14.72,12.2,1.4,1787593876884.1885,False,,,2,OP1,C2_WIFI_CARGA_MEDIA,N1
,0.682,0.369,0.78,0.0,,1787593876905.1992,32.3,-14.56,12.14,1.4,1787593876905.1992,False,,,2,OP1,C2_WIFI_CARGA_MEDIA,N1
,0.681,0.368,0.783,0.0,,1787593876950.3667,32.405,-14.48,12.08,1.4,1787593876950.3667,False,,,2,OP1,C2_WIFI_CARGA_MEDIA,N1
,0.681,0.366,0.786,0.0,,1787593876988.3552,32.51,-14.48,11.96,1.4,1787593876989.5442,False,,,2,OP1,C2_WIFI_CARGA_MEDIA,N1
,0.682,0.365,0.786,0.0,,1787593877022.8708,32.51,-14.56,11.9,1.4,1787593877022.8708,False,,,2,OP1,C2_WIFI_CARGA_MEDIA,N1
,0.683,0.364,0.785,0.0,,1787593877085.9004,32.475,-14.64,11.84,1.4,1787593877088.933,False,,,2,OP1,C2_WIFI_CARGA_MEDIA,N1
,0.683,0.364,0.783,0.0,,1787593877116.7446,32.405,-14.64,11.84,1.4,1787593877116.7446,False,,,2,OP1,C2_WIFI_CARGA_MEDIA,N1
,0.683,0.363,0.781,0.0,,1787593877138.0876,32.335,-14.64,11.78,1.4,1787593877138.0876,False,,,2,OP1,C2_WIFI_CARGA_MEDIA,N1
,0.683,0.364,0.778,0.0,,1787593877164.4128,32.23,-14.64,11.84,1.4,1787593877164.4128,False,,,2,OP1,C2_WIFI_CARGA_MEDIA,N1
,0.683,0.364,0.772,0.0,,1787593877189.8225,32.02,-14.64,11.84,1.4,1787593877190.9143,False,,,2,OP1,C2_WIFI_CARGA_MEDIA,N1
,0.683,0.366,0.766,0.0,,1787593877227.4893,31.81,-14.64,11.96,1.4,1787593877227.4893,False,,,2,OP1,C2_WIFI_CARGA_MEDIA,N1
,0.681,0.368,0.758,0.0,,1787593877266.071,31.53,-14.48,12.08,1.4,1787593877266.071,False,,,2,OP1,C2_WIFI_CARGA_MEDIA,N1
,0.68,0.369,0.756,0.0,,1787593877289.2622,31.46,-14.4,12.14,1.4,1787593877289.2622,False,,,2,OP1,C2_WIFI_CARGA_MEDIA,N1
,0.679,0.369,0.754,0.0,,1787593877328.6416,31.39,-14.32,12.14,1.4,1787593877328.6416,False,,,2,OP1,C2_WIFI_CARGA_MEDIA,N1
,0.678,0.37,0.75,0.0,,1787593877388.1963,31.25,-14.24,12.2,1.4,1787593877389.7993,False,,,2,OP1,C2_WIFI_CARGA_MEDIA,N1
,0.678,0.37,0.749,0.0,,1787593877423.4902,31.215,-14.24,12.2,1.4,1787593877424.2122,False,,,2,OP1,C2_WIFI_CARGA_MEDIA,N1
,0.679,0.37,0.745,0.0,,1787593877468.2776,31.075,-14.32,12.2,1.4,1787593877468.2776,False,,,2,OP1,C2_WIFI_CARGA_MEDIA,N1
,0.68,0.369,0.742,0.0,,1787593877491.2527,30.97,-14.4,12.14,1.4,1787593877492.755,False,,,2,OP1,C2_WIFI_CARGA_MEDIA,N1
,0.682,0.368,0.738,0.0,,1787593877533.0227,30.83,-14.56,12.08,1.4,1787593877534.2078,False,,,2,OP1,C2_WIFI_CARGA_MEDIA,N1
,0.683,0.367,0.732,0.0,,1787593877666.7837,30.62,-14.64,12.02,1.4,1787593877668.7908,False,,,2,OP1,C2_WIFI_CARGA_MEDIA,N1
,0.694,0.365,0.7,0.0,,1787593877693.6106,29.5,-15.52,11.9,1.4,1787593877694.3052,False,,,2,OP1,C2_WIFI_CARGA_MEDIA,N1
,0.695,0.366,0.69,0.0,,1787593877729.611,29.15,-15.6,11.96,1.4,1787593877730.268,False,,,2,OP1,C2_WIFI_CARGA_MEDIA,N1
,0.697,0.365,0.683,0.0,,1787593877911.5857,28.905,-15.76,11.9,1.4,1787593877911.5857,False,,,2,OP1,C2_WIFI_CARGA_MEDIA,N1
,0.695,0.348,0.676,0.0,,1787593877939.3538,28.66,-15.6,10.88,1.4,1787593877939.3538,False,,,2,OP1,C2_WIFI_CARGA_MEDIA,N1
,0.695,0.347,0.674,0.0,,1787593877970.652,28.59,-15.6,10.82,1.4,1787593877970.652,False,,,2,OP1,C2_WIFI_CARGA_MEDIA,N1
,0.695,0.345,0.673,0.0,,1787593877995.306,28.555,-15.6,10.7,1.4,1787593877996.93,False,,,2,OP1,C2_WIFI_CARGA_MEDIA,N1
,0.695,0.345,0.673,0.0,,1787593878034.8064,28.555,-15.6,10.7,1.4,1787593878034.8064,False,,,2,OP1,C2_WIFI_CARGA_MEDIA,N1
,0.694,0.345,0.671,0.0,,1787593878090.879,28.485,-15.52,10.7,1.4,1787593878093.3987,False,,,2,OP1,C2_WIFI_CARGA_MEDIA,N1
,0.694,0.345,0.669,0.0,,1787593878138.7156,28.415,-15.52,10.7,1.4,1787593878138.7156,False,,,2,OP1,C2_WIFI_CARGA_MEDIA,N1
,0.694,0.345,0.668,0.0,,1787593878174.4722,28.38,-15.52,10.7,1.4,1787593878174.4722,False,,,2,OP1,C2_WIFI_CARGA_MEDIA,N1
,0.694,0.344,0.668,0.0,,1787593878197.313,28.38,-15.52,10.64,1.4,1787593878197.313,False,,,2,OP1,C2_WIFI_CARGA_MEDIA,N1
,0.693,0.344,0.668,0.0,,1787593878228.2056,28.38,-15.44,10.64,1.4,1787593878230.2202,False,,,2,OP1,C2_WIFI_CARGA_MEDIA,N1
,0.693,0.344,0.667,0.0,,1787593878272.7754,28.345,-15.44,10.64,1.4,1787593878272.7754,False,,,2,OP1,C2_WIFI_CARGA_MEDIA,N1
,0.693,0.344,0.665,0.0,,1787593878306.2668,28.275,-15.44,10.64,1.4,1787593878306.2668,False,,,2,OP1,C2_WIFI_CARGA_MEDIA,N1
,0.693,0.344,0.663,0.0,,1787593878331.9507,28.205,-15.44,10.64,1.4,1787593878331.9507,False,,,2,OP1,C2_WIFI_CARGA_MEDIA,N1
,0.693,0.345,0.661,0.0,,1787593878368.2524,28.135,-15.44,10.7,1.4,1787593878370.266,False,,,2,OP1,C2_WIFI_CARGA_MEDIA,N1
,0.692,0.344,0.659,0.0,,1787593878407.627,28.065,-15.36,10.64,1.4,1787593878409.6458,False,,,2,OP1,C2_WIFI_CARGA_MEDIA,N1
,0.692,0.344,0.657,0.0,,1787593878433.301,27.995,-15.36,10.64,1.4,1787593878433.301,False,,,2,OP1,C2_WIFI_CARGA_MEDIA,N1
,0.692,0.344,0.655,0.0,,1787593878476.53,27.925,-15.36,10.64,1.4,1787593878476.53,False,,,2,OP1,C2_WIFI_CARGA_MEDIA,N1
,0.692,0.344,0.654,0.0,,1787593878507.9895,27.89,-15.36,10.64,1.4,1787593878507.9895,False,,,2,OP1,C2_WIFI_CARGA_MEDIA,N1
,0.691,0.344,0.652,0.0,,1787593878532.3904,27.82,-15.28,10.64,1.4,1787593878533.4058,False,,,2,OP1,C2_WIFI_CARGA_MEDIA,N1
,0.691,0.344,0.65,0.0,,1787593878564.534,27.75,-15.28,10.64,1.4,1787593878566.2903,False,,,2,OP1,C2_WIFI_CARGA_MEDIA,N1
,0.692,0.344,0.649,0.0,,1787593878584.5525,27.715,-15.36,10.64,1.4,1787593878584.5525,False,,,2,OP1,C2_WIFI_CARGA_MEDIA,N1
,0.692,0.343,0.65,0.0,,1787593878605.0188,27.75,-15.36,10.58,1.4,1787593878605.0188,False,,,2,OP1,C2_WIFI_CARGA_MEDIA,N1
,0.691,0.343,0.65,0.0,,1787593878636.8862,27.75,-15.28,10.58,1.4,1787593878638.8987,False,,,2,OP1,C2_WIFI_CARGA_MEDIA,N1
,0.689,0.344,0.654,0.0,,1787593878674.5522,27.89,-15.12,10.64,1.4,1787593878676.5596,False,,,2,OP1,C2_WIFI_CARGA_MEDIA,N1
,0.687,0.344,0.658,0.0,,1787593878703.733,28.03,-14.96,10.64,1.4,1787593878703.733,False,,,2,OP1,C2_WIFI_CARGA_MEDIA,N1
,0.685,0.344,0.66,0.0,,1787593878731.9385,28.1,-14.8,10.64,1.4,1787593878733.6736,False,,,2,OP1,C2_WIFI_CARGA_MEDIA,N1
,0.682,0.343,0.669,0.0,,1787593878779.058,28.415,-14.56,10.58,1.4,1787593878779.058,False,,,2,OP1,C2_WIFI_CARGA_MEDIA,N1
,0.681,0.343,0.672,0.0,,1787593878812.3904,28.52,-14.48,10.58,1.4,1787593878817.703,False,,,2,OP1,C2_WIFI_CARGA_MEDIA,N1
,0.681,0.342,0.676,0.0,,1787593878868.6016,28.66,-14.48,10.52,1.4,1787593878868.6016,False,,,2,OP1,C2_WIFI_CARGA_MEDIA,N1
,0.681,0.34,0.68,0.0,,1787593878920.7932,28.8,-14.48,10.4,1.4,1787593878920.7932,False,,,2,OP1,C2_WIFI_CARGA_MEDIA,N1
,0.681,0.339,0.682,0.0,,1787593878943.7505,28.87,-14.48,10.34,1.4,1787593878943.7505,False,,,2,OP1,C2_WIFI_CARGA_MEDIA,N1
,0.681,0.338,0.684,0.0,,1787593878976.804,28.94,-14.48,10.28,1.4,1787593878976.804,False,,,2,OP1,C2_WIFI_CARGA_MEDIA,N1
,0.681,0.336,0.686,0.0,,1787593879037.819,29.01,-14.48,10.16,1.4,1787593879038.4126,False,,,2,OP1,C2_WIFI_CARGA_MEDIA,N1
,0.681,0.334,0.688,0.0,,1787593879092.8472,29.08,-14.48,10.04,1.4,1787593879094.8567,False,,,2,OP1,C2_WIFI_CARGA_MEDIA,N1
,0.683,0.331,0.688,0.0,,1787593879144.7126,29.08,-14.64,9.86,1.4,1787593879144.7126,False,,,2,OP1,C2_WIFI_CARGA_MEDIA,N1
,0.683,0.331,0.688,0.0,,1787593879176.8535,29.08,-14.64,9.86,1.4,1787593879179.6604,False,,,2,OP1,C2_WIFI_CARGA_MEDIA,N1
,0.683,0.331,0.689,0.0,,1787593879203.9336,29.115,-14.64,9.86,1.4,1787593879204.8042,False,,,2,OP1,C2_WIFI_CARGA_MEDIA,N1
,0.684,0.331,0.69,0.0,,1787593879251.296,29.15,-14.72,9.86,1.4,1787593879251.296,False,,,2,OP1,C2_WIFI_CARGA_MEDIA,N1
,0.684,0.33,0.69,0.0,,1787593879285.0393,29.15,-14.72,9.8,1.4,1787593879285.0393,False,,,2,OP1,C2_WIFI_CARGA_MEDIA,N1
,0.685,0.33,0.692,0.0,,1787593879306.8032,29.22,-14.8,9.8,1.4,1787593879308.844,False,,,2,OP1,C2_WIFI_CARGA_MEDIA,N1
,0.685,0.329,0.694,0.0,,1787593879339.3784,29.29,-14.8,9.74,1.4,1787593879340.3772,False,,,2,OP1,C2_WIFI_CARGA_MEDIA,N1
,0.685,0.329,0.697,0.0,,1787593879373.058,29.395,-14.8,9.74,1.4,1787593879374.4124,False,,,2,OP1,C2_WIFI_CARGA_MEDIA,N1
,0.685,0.327,0.701,0.0,,1787593879416.0947,29.535,-14.8,9.62,1.4,1787593879416.0947,False,,,2,OP1,C2_WIFI_CARGA_MEDIA,N1
,0.685,0.324,0.703,0.0,,1787593879440.7292,29.605,-14.8,9.44,1.4,1787593879441.1416,False,,,2,OP1,C2_WIFI_CARGA_MEDIA,N1
,0.685,0.323,0.704,0.0,,1787593879480.9548,29.64,-14.8,9.38,1.4,1787593879482.9644,False,,,2,OP1,C2_WIFI_CARGA_MEDIA,N1
,0.686,0.322,0.705,0.0,,1787593879511.0525,29.675,-14.88,9.32,1.4,1787593879512.0884,False,,,2,OP1,C2_WIFI_CARGA_MEDIA,N1
,0.686,0.321,0.707,0.0,,1787593879540.1248,29.745,-14.88,9.26,1.4,1787593879542.142,False,,,2,OP1,C2_WIFI_CARGA_MEDIA,N1
,0.686,0.32,0.709,0.0,,1787593879584.3313,29.815,-14.88,9.2,1.4,1787593879586.338,False,,,2,OP1,C2_WIFI_CARGA_MEDIA,N1
,0.686,0.32,0.712,0.0,,1787593879617.9258,29.92,-14.88,9.2,1.4,1787593879617.9258,False,,,2,OP1,C2_WIFI_CARGA_MEDIA,N1
,0.686,0.321,0.714,0.0,,1787593879639.7444,29.99,-14.88,9.26,1.4,1787593879639.7444,False,,,2,OP1,C2_WIFI_CARGA_MEDIA,N1
,0.686,0.322,0.716,0.0,,1787593879663.307,30.06,-14.88,9.32,1.4,1787593879663.307,False,,,2,OP1,C2_WIFI_CARGA_MEDIA,N1
,0.686,0.323,0.718,0.0,,1787593879691.0857,30.13,-14.88,9.38,1.4,1787593879691.0857,False,,,2,OP1,C2_WIFI_CARGA_MEDIA,N1
,0.685,0.323,0.721,0.0,,1787593879723.1829,30.235,-14.8,9.38,1.4,1787593879723.1829,False,,,2,OP1,C2_WIFI_CARGA_MEDIA,N1
,0.684,0.324,0.722,0.0,,1787593879744.6963,30.27,-14.72,9.44,1.4,1787593879746.7085,False,,,2,OP1,C2_WIFI_CARGA_MEDIA,N1
,0.684,0.324,0.723,0.0,,1787593879787.527,30.305,-14.72,9.44,1.4,1787593879787.527,False,,,2,OP1,C2_WIFI_CARGA_MEDIA,N1
,0.684,0.323,0.724,0.0,,1787593879816.3706,30.34,-14.72,9.38,1.4,1787593879816.3706,False,,,2,OP1,C2_WIFI_CARGA_MEDIA,N1
,0.685,0.322,0.724,0.0,,1787593879843.638,30.34,-14.8,9.32,1.4,1787593879843.638,False,,,2,OP1,C2_WIFI_CARGA_MEDIA,N1
,0.685,0.321,0.724,0.0,,1787593879873.6477,30.34,-14.8,9.26,1.4,1787593879873.6477,False,,,2,OP1,C2_WIFI_CARGA_MEDIA,N1
,0.686,0.319,0.723,0.0,,1787593879921.1675,30.305,-14.88,9.14,1.4,1787593879921.1675,False,,,2,OP1,C2_WIFI_CARGA_MEDIA,N1
,0.686,0.317,0.723,0.0,,1787593879944.7715,30.305,-14.88,9.02,1.4,1787593879946.7852,False,,,2,OP1,C2_WIFI_CARGA_MEDIA,N1
,0.686,0.316,0.723,0.0,,1787593879983.6914,30.305,-14.88,8.96,1.4,1787593879983.6914,False,,,2,OP1,C2_WIFI_CARGA_MEDIA,N1
,0.686,0.315,0.722,0.0,,1787593880011.9724,30.27,-14.88,8.9,1.4,1787593880013.9663,False,,,2,OP1,C2_WIFI_CARGA_MEDIA,N1
,0.686,0.314,0.722,0.0,,1787593880047.0037,30.27,-14.88,8.84,1.4,1787593880047.0037,False,,,2,OP1,C2_WIFI_CARGA_MEDIA,N1
,0.686,0.313,0.722,0.0,,1787593880089.209,30.27,-14.88,8.78,1.4,1787593880089.209,False,,,2,OP1,C2_WIFI_CARGA_MEDIA,N1
,0.687,0.313,0.722,0.0,,1787593880121.6433,30.27,-14.96,8.78,1.4,1787593880121.6433,False,,,2,OP1,C2_WIFI_CARGA_MEDIA,N1
,0.687,0.313,0.722,0.0,,1787593880146.965,30.27,-14.96,8.78,1.4,1787593880146.965,False,,,2,OP1,C2_WIFI_CARGA_MEDIA,N1
,0.687,0.312,0.722,0.0,,1787593880179.181,30.27,-14.96,8.72,1.4,1787593880179.181,False,,,2,OP1,C2_WIFI_CARGA_MEDIA,N1
,0.688,0.311,0.722,0.0,,1787593880226.7527,30.27,-15.04,8.66,1.4,1787593880226.7527,False,,,2,OP1,C2_WIFI_CARGA_MEDIA,N1
,0.688,0.311,0.722,0.0,,1787593880257.4824,30.27,-15.04,8.66,1.4,1787593880257.4824,False,,,2,OP1,C2_WIFI_CARGA_MEDIA,N1
,0.689,0.311,0.724,0.0,,1787593880280.691,30.34,-15.12,8.66,1.4,1787593880280.691,False,,,2,OP1,C2_WIFI_CARGA_MEDIA,N1
,0.689,0.311,0.724,0.0,,1787593880318.8215,30.34,-15.12,8.66,1.4,1787593880318.8215,False,,,2,OP1,C2_WIFI_CARGA_MEDIA,N1
,0.689,0.311,0.726,0.0,,1787593880360.6553,30.41,-15.12,8.66,1.4,1787593880360.6553,False,,,2,OP1,C2_WIFI_CARGA_MEDIA,N1
,0.689,0.31,0.728,0.0,,1787593880380.822,30.48,-15.12,8.6,1.4,1787593880380.822,False,,,2,OP1,C2_WIFI_CARGA_MEDIA,N1
,0.689,0.31,0.729,0.0,,1787593880426.396,30.515,-15.12,8.6,1.4,1787593880426.396,False,,,2,OP1,C2_WIFI_CARGA_MEDIA,N1
,0.689,0.31,0.729,0.0,,1787593880457.9968,30.515,-15.12,8.6,1.4,1787593880457.9968,False,,,2,OP1,C2_WIFI_CARGA_MEDIA,N1
,0.69,0.309,0.729,0.0,,1787593880481.5625,30.515,-15.2,8.54,1.4,1787593880482.5747,False,,,2,OP1,C2_WIFI_CARGA_MEDIA,N1
,0.69,0.308,0.729,0.0,,1787593880508.1758,30.515,-15.2,8.48,1.4,1787593880514.1252,False,,,2,OP1,C2_WIFI_CARGA_MEDIA,N1
,0.691,0.305,0.729,0.0,,1787593880561.1992,30.515,-15.28,8.3,1.4,1787593880561.1992,False,,,2,OP1,C2_WIFI_CARGA_MEDIA,N1
,0.691,0.304,0.729,0.0,,1787593880583.5745,30.515,-15.28,8.24,1.4,1787593880584.577,False,,,2,OP1,C2_WIFI_CARGA_MEDIA,N1
,0.691,0.303,0.73,0.0,,1787593880619.0872,30.55,-15.28,8.18,1.4,1787593880619.0872,False,,,2,OP1,C2_WIFI_CARGA_MEDIA,N1
,0.691,0.302,0.732,0.0,,1787593880677.791,30.62,-15.28,8.12,1.4,1787593880677.791,False,,,2,OP1,C2_WIFI_CARGA_MEDIA,N1
,0.691,0.301,0.734,0.0,,1787593880698.2185,30.69,-15.28,8.06,1.4,1787593880698.706,False,,,2,OP1,C2_WIFI_CARGA_MEDIA,N1
,0.691,0.301,0.735,0.0,,1787593880722.743,30.725,-15.28,8.06,1.4,1787593880722.743,False,,,2,OP1,C2_WIFI_CARGA_MEDIA,N1
,0.692,0.3,0.736,0.0,,1787593880784.046,30.76,-15.36,8.0,1.4,1787593880785.142,False,,,2,OP1,C2_WIFI_CARGA_MEDIA,N1
,0.692,0.299,0.737,0.0,,1787593880819.9922,30.795,-15.36,7.94,1.4,1787593880819.9922,False,,,2,OP1,C2_WIFI_CARGA_MEDIA,N1
,0.693,0.297,0.737,0.0,,1787593880862.4038,30.795,-15.44,7.82,1.4,1787593880862.4038,False,,,2,OP1,C2_WIFI_CARGA_MEDIA,N1
,0.694,0.295,0.738,0.0,,1787593880885.4795,30.83,-15.52,7.7,1.4,1787593880885.4795,False,,,2,OP1,C2_WIFI_CARGA_MEDIA,N1
,0.695,0.294,0.742,0.0,,1787593880929.8936,30.97,-15.6,7.64,1.4,1787593880929.8936,False,,,2,OP1,C2_WIFI_CARGA_MEDIA,N1
,0.696,0.293,0.743,0.0,,1787593880957.0386,31.005,-15.68,7.58,1.4,1787593880957.0386,False,,,2,OP1,C2_WIFI_CARGA_MEDIA,N1
,0.697,0.292,0.744,0.0,,1787593880985.7102,31.04,-15.76,7.52,1.4,1787593880985.7102,False,,,2,OP1,C2_WIFI_CARGA_MEDIA,N1
,0.698,0.291,0.747,0.0,,1787593881024.7651,31.145,-15.84,7.46,1.4,1787593881024.7651,False,,,2,OP1,C2_WIFI_CARGA_MEDIA,N1
,0.698,0.289,0.749,0.0,,1787593881064.3318,31.215,-15.84,7.34,1.4,1787593881064.3318,False,,,2,OP1,C2_WIFI_CARGA_MEDIA,N1
,0.699,0.288,0.75,0.0,,1787593881086.4114,31.25,-15.92,7.28,1.4,1787593881087.4849,False,,,2,OP1,C2_WIFI_CARGA_MEDIA,N1
,0.699,0.287,0.753,0.0,,1787593881125.6226,31.355,-15.92,7.22,1.4,1787593881125.6226,False,,,2,OP1,C2_WIFI_CARGA_MEDIA,N1
,0.699,0.286,0.757,0.0,,1787593881171.1023,31.495,-15.92,7.16,1.4,1787593881171.1023,False,,,2,OP1,C2_WIFI_CARGA_MEDIA,N1
,0.699,0.285,0.759,0.0,,1787593881237.743,31.565,-15.92,7.1,1.4,1787593881240.27,False,,,2,OP1,C2_WIFI_CARGA_MEDIA,N1
,0.698,0.284,0.76,0.0,,1787593881289.5483,31.6,-15.84,7.04,1.4,1787593881289.5483,False,,,2,OP1,C2_WIFI_CARGA_MEDIA,N1
,0.697,0.283,0.763,0.0,,1787593881337.66,31.705,-15.76,6.98,1.4,1787593881340.6455,False,,,2,OP1,C2_WIFI_CARGA_MEDIA,N1
,0.696,0.283,0.766,0.0,,1787593881376.6748,31.81,-15.68,6.98,1.4,1787593881377.179,False,,,2,OP1,C2_WIFI_CARGA_MEDIA,N1
,0.696,0.282,0.77,0.0,,1787593881425.1914,31.95,-15.68,6.92,1.4,1787593881425.1914,False,,,2,OP1,C2_WIFI_CARGA_MEDIA,N1
,0.695,0.282,0.772,0.0,,1787593881447.3213,32.02,-15.6,6.92,1.4,1787593881447.3213,False,,,2,OP1,C2_WIFI_CARGA_MEDIA,N1
,0.695,0.282,0.773,0.0,,1787593881483.5789,32.055,-15.6,6.92,1.4,1787593881483.5789,False,,,2,OP1,C2_WIFI_CARGA_MEDIA,N1
,0.694,0.282,0.775,0.0,,1787593881539.4917,32.125,-15.52,6.92,1.4,1787593881539.4917,False,,,2,OP1,C2_WIFI_CARGA_MEDIA,N1
,0.693,0.282,0.775,0.0,,1787593881571.4087,32.125,-15.44,6.92,1.4,1787593881574.6938,False,,,2,OP1,C2_WIFI_CARGA_MEDIA,N1
,0.691,0.283,0.779,0.0,,1787593881623.131,32.265,-15.28,6.98,1.4,1787593881623.131,False,,,2,OP1,C2_WIFI_CARGA_MEDIA,N1
,0.689,0.284,0.779,0.0,,1787593881683.9292,32.265,-15.12,7.04,1.4,1787593881683.9292,False,,,2,OP1,C2_WIFI_CARGA_MEDIA,N1
,0.688,0.283,0.777,0.0,,1787593881737.548,32.195,-15.04,6.98,1.4,1787593881737.548,False,,,2,OP1,C2_WIFI_CARGA_MEDIA,N1
,0.687,0.283,0.776,0.0,,1787593881766.8347,32.16,-14.96,6.98,1.4,1787593881769.37,False,,,2,OP1,C2_WIFI_CARGA_MEDIA,N1
,0.686,0.282,0.772,0.0,,1787593881805.8152,32.02,-14.88,6.92,1.4,1787593881807.3345,False,,,2,OP1,C2_WIFI_CARGA_MEDIA,N1
,0.685,0.281,0.771,0.0,,1787593881849.2263,31.985,-14.8,6.86,1.4,1787593881851.2366,False,,,2,OP1,C2_WIFI_CARGA_MEDIA,N1
,0.686,0.281,0.77,0.0,,1787593881878.85,31.95,-14.88,6.86,1.4,1787593881878.85,False,,,2,OP1,C2_WIFI_CARGA_MEDIA,N1
,0.687,0.28,0.77,0.0,,1787593881908.08,31.95,-14.96,6.8,1.4,1787593881908.08,False,,,2,OP1,C2_WIFI_CARGA_MEDIA,N1
,0.688,0.28,0.769,0.0,,1787593881960.9573,31.915,-15.04,6.8,1.4,1787593881960.9573,False,,,2,OP1,C2_WIFI_CARGA_MEDIA,N1
,0.688,0.28,0.768,0.0,,1787593881988.2563,31.88,-15.04,6.8,1.4,1787593881990.27,False,,,2,OP1,C2_WIFI_CARGA_MEDIA,N1
,0.689,0.281,0.768,0.0,,1787593882015.7988,31.88,-15.12,6.86,1.4,1787593882015.7988,False,,,2,OP1,C2_WIFI_CARGA_MEDIA,N1
,0.689,0.281,0.767,0.1,,1787593882291.2764,31.845,-15.12,6.86,1.295,1787593882292.2727,False,,,2,OP1,C2_WIFI_CARGA_MEDIA,N1
,0.688,0.275,0.772,0.514,,1787593882339.8257,32.02,-15.04,6.5,0.8603,1787593882339.8257,False,,,2,OP1,C2_WIFI_CARGA_MEDIA,N1
,0.688,0.275,0.771,0.515,,1787593882378.491,31.985,-15.04,6.5,0.8592,1787593882380.723,False,,,2,OP1,C2_WIFI_CARGA_MEDIA,N1
,0.688,0.275,0.77,0.624,,1787593882411.7588,31.95,-15.04,6.5,0.7448,1787593882411.7588,False,,,2,OP1,C2_WIFI_CARGA_MEDIA,N1
,0.689,0.274,0.77,0.712,,1787593882442.8052,31.95,-15.12,6.44,0.6524,1787593882444.3271,False,,,2,OP1,C2_WIFI_CARGA_MEDIA,N1
,0.689,0.274,0.77,0.795,,1787593882465.6848,31.95,-15.12,6.44,0.5653,1787593882465.6848,False,,,2,OP1,C2_WIFI_CARGA_MEDIA,N1
,0.69,0.273,0.77,0.855,,1787593882495.8342,31.95,-15.2,6.38,0.5023,1787593882497.891,False,,,2,OP1,C2_WIFI_CARGA_MEDIA,N1
,0.69,0.272,0.77,0.89,,1787593882544.8252,31.95,-15.2,6.32,0.4655,1787593882544.8252,False,,,2,OP1,C2_WIFI_CARGA_MEDIA,N1
,0.691,0.271,0.77,0.898,,1787593882573.3586,31.95,-15.28,6.26,0.4571,1787593882573.3586,False,,,2,OP1,C2_WIFI_CARGA_MEDIA,N1
,0.691,0.271,0.769,0.9,,1787593882598.7915,31.915,-15.28,6.26,0.455,1787593882599.8176,False,,,2,OP1,C2_WIFI_CARGA_MEDIA,N1
,0.691,0.27,0.769,0.9,,1787593882629.4692,31.915,-15.28,6.2,0.455,1787593882631.4844,False,,,2,OP1,C2_WIFI_CARGA_MEDIA,N1
,0.692,0.269,0.771,0.894,,1787593882674.3674,31.985,-15.36,6.14,0.4613,1787593882674.3674,False,,,2,OP1,C2_WIFI_CARGA_MEDIA,N1
,0.693,0.269,0.772,0.892,,1787593882698.2195,32.02,-15.44,6.14,0.4634,1787593882700.2292,False,,,2,OP1,C2_WIFI_CARGA_MEDIA,N1
,0.693,0.269,0.772,0.891,,1787593882735.6328,32.02,-15.44,6.14,0.4645,1787593882735.6328,False,,,2,OP1,C2_WIFI_CARGA_MEDIA,N1
,0.693,0.268,0.771,0.89,,1787593882796.9756,31.985,-15.44,6.08,0.4655,1787593882798.7336,False,,,2,OP1,C2_WIFI_CARGA_MEDIA,N1
,0.692,0.268,0.77,0.884,,1787593882843.8723,31.95,-15.36,6.08,0.4718,1787593882844.4165,False,,,2,OP1,C2_WIFI_CARGA_MEDIA,N1
,0.692,0.267,0.769,0.88,,1787593882878.9707,31.915,-15.36,6.02,0.476,1787593882878.9707,False,,,2,OP1,C2_WIFI_CARGA_MEDIA,N1
,0.692,0.267,0.768,0.876,,1787593882901.6511,31.88,-15.36,6.02,0.4802,1787593882901.985,False,,,2,OP1,C2_WIFI_CARGA_MEDIA,N1
,0.692,0.267,0.767,0.872,,1787593882937.623,31.845,-15.36,6.02,0.4844,1787593882937.623,False,,,2,OP1,C2_WIFI_CARGA_MEDIA,N1
,0.692,0.266,0.764,0.864,,1787593882976.7693,31.74,-15.36,5.96,0.4928,1787593882978.958,False,,,2,OP1,C2_WIFI_CARGA_MEDIA,N1
,0.693,0.266,0.763,0.861,,1787593882997.4363,31.705,-15.44,5.96,0.496,1787593883000.8286,False,,,2,OP1,C2_WIFI_CARGA_MEDIA,N1
,0.693,0.265,0.762,0.861,,1787593883037.9512,31.67,-15.44,5.9,0.496,1787593883048.469,False,,,2,OP1,C2_WIFI_CARGA_MEDIA,N1
,0.694,0.265,0.76,0.868,,1787593883098.8838,31.6,-15.52,5.9,0.4886,1787593883098.8838,False,,,2,OP1,C2_WIFI_CARGA_MEDIA,N1
,0.695,0.264,0.759,0.885,,1787593883147.1262,31.565,-15.6,5.84,0.4708,1787593883149.9065,False,,,2,OP1,C2_WIFI_CARGA_MEDIA,N1
,0.695,0.263,0.758,0.895,,1787593883186.3567,31.53,-15.6,5.78,0.4603,1787593883188.3486,False,,,2,OP1,C2_WIFI_CARGA_MEDIA,N1
,0.697,0.262,0.756,0.911,,1787593883226.3162,31.46,-15.76,5.72,0.4435,1787593883226.3162,False,,,2,OP1,C2_WIFI_CARGA_MEDIA,N1
,0.697,0.262,0.755,0.92,,1787593883250.7278,31.425,-15.76,5.72,0.434,1787593883251.826,False,,,2,OP1,C2_WIFI_CARGA_MEDIA,N1
,0.698,0.262,0.754,0.928,,1787593883296.6638,31.39,-15.84,5.72,0.4256,1787593883296.6638,False,,,2,OP1,C2_WIFI_CARGA_MEDIA,N1
,0.698,0.262,0.753,0.935,,1787593883324.8906,31.355,-15.84,5.72,0.4183,1787593883324.8906,False,,,2,OP1,C2_WIFI_CARGA_MEDIA,N1
,0.698,0.262,0.751,0.943,,1787593883353.2886,31.285,-15.84,5.72,0.4099,1787593883354.2886,False,,,2,OP1,C2_WIFI_CARGA_MEDIA,N1
,0.698,0.263,0.749,0.963,,1787593883409.7185,31.215,-15.84,5.78,0.3889,1787593883411.8706,False,,,2,OP1,C2_WIFI_CARGA_MEDIA,N1
,0.699,0.262,0.748,1.0,,1787593883464.6704,31.18,-15.92,5.72,0.35,1787593883464.6704,False,,,2,OP1,C2_WIFI_CARGA_MEDIA,N1
,0.7,0.26,0.747,1.0,,1787593883510.9973,31.145,-16.0,5.6,0.35,1787593883512.0068,False,,,2,OP1,C2_WIFI_CARGA_MEDIA,N1
,0.7,0.26,0.747,1.0,,1787593883546.5957,31.145,-16.0,5.6,0.35,1787593883547.1504,False,,,2,OP1,C2_WIFI_CARGA_MEDIA,N1
,0.7,0.26,0.746,1.0,,1787593883570.5825,31.11,-16.0,5.6,0.35,1787593883578.4666,False,,,2,OP1,C2_WIFI_CARGA_MEDIA,N1
,0.701,0.258,0.746,1.0,,1787593883630.6802,31.11,-16.08,5.48,0.35,1787593883631.706,False,,,2,OP1,C2_WIFI_CARGA_MEDIA,N1
,0.702,0.255,0.747,1.0,,1787593883680.9785,31.145,-16.16,5.3,0.35,1787593883680.9785,False,,,2,OP1,C2_WIFI_CARGA_MEDIA,N1
,0.703,0.254,0.748,1.0,,1787593883712.446,31.18,-16.24,5.24,0.35,1787593883717.036,False,,,2,OP1,C2_WIFI_CARGA_MEDIA,N1
,0.704,0.253,0.748,1.0,,1787593883756.0947,31.18,-16.32,5.18,0.35,1787593883756.0947,False,,,2,OP1,C2_WIFI_CARGA_MEDIA,N1
,0.704,0.253,0.748,1.0,,1787593883780.4343,31.18,-16.32,5.18,0.35,1787593883781.4324,False,,,2,OP1,C2_WIFI_CARGA_MEDIA,N1
,0.705,0.253,0.749,1.0,,1787593883827.2834,31.215,-16.4,5.18,0.35,1787593883827.2834,False,,,2,OP1,C2_WIFI_CARGA_MEDIA,N1
,0.706,0.253,0.749,1.0,,1787593883855.0034,31.215,-16.48,5.18,0.35,1787593883855.0034,False,,,2,OP1,C2_WIFI_CARGA_MEDIA,N1
,0.707,0.253,0.75,1.0,,1787593883906.0427,31.25,-16.56,5.18,0.35,1787593883906.0427,False,,,2,OP1,C2_WIFI_CARGA_MEDIA,N1
,0.708,0.253,0.75,1.0,,1787593883957.657,31.25,-16.64,5.18,0.35,1787593883957.657,False,,,2,OP1,C2_WIFI_CARGA_MEDIA,N1
,0.708,0.253,0.75,1.0,,1787593883983.1926,31.25,-16.64,5.18,0.35,1787593883984.254,False,,,2,OP1,C2_WIFI_CARGA_MEDIA,N1
,0.708,0.252,0.751,1.0,,1787593884022.2,31.285,-16.64,5.12,0.35,1787593884022.2,False,,,2,OP1,C2_WIFI_CARGA_MEDIA,N1
,0.709,0.252,0.752,1.0,,1787593884074.8562,31.32,-16.72,5.12,0.35,1787593884076.8718,False,,,2,OP1,C2_WIFI_CARGA_MEDIA,N1
,0.71,0.252,0.752,1.0,,1787593884119.4026,31.32,-16.8,5.12,0.35,1787593884119.4026,False,,,2,OP1,C2_WIFI_CARGA_MEDIA,N1
,0.711,0.252,0.752,1.0,,1787593884146.7473,31.32,-16.88,5.12,0.35,1787593884146.7473,False,,,2,OP1,C2_WIFI_CARGA_MEDIA,N1
,0.711,0.252,0.753,1.0,,1787593884175.2776,31.355,-16.88,5.12,0.35,1787593884176.8274,False,,,2,OP1,C2_WIFI_CARGA_MEDIA,N1
,0.711,0.251,0.753,1.0,,1787593884216.3435,31.355,-16.88,5.06,0.35,1787593884218.3582,False,,,2,OP1,C2_WIFI_CARGA_MEDIA,N1
,0.712,0.25,0.755,1.0,,1787593884271.7212,31.425,-16.96,5.0,0.35,1787593884271.7212,False,,,2,OP1,C2_WIFI_CARGA_MEDIA,N1
,0.713,0.249,0.757,1.0,,1787593884321.3137,31.495,-17.04,4.94,0.35,1787593884328.3987,False,,,2,OP1,C2_WIFI_CARGA_MEDIA,N1
,0.714,0.248,0.758,1.0,,1787593884354.6853,31.53,-17.12,4.88,0.35,1787593884354.6853,False,,,2,OP1,C2_WIFI_CARGA_MEDIA,N1
,0.714,0.248,0.759,1.0,,1787593884379.0923,31.565,-17.12,4.88,0.35,1787593884380.2002,False,,,2,OP1,C2_WIFI_CARGA_MEDIA,N1
,0.715,0.247,0.758,1.0,,1787593884410.872,31.53,-17.2,4.82,0.35,1787593884411.868,False,,,2,OP1,C2_WIFI_CARGA_MEDIA,N1
,0.716,0.247,0.759,1.0,,1787593884459.4668,31.565,-17.28,4.82,0.35,1787593884459.4668,False,,,2,OP1,C2_WIFI_CARGA_MEDIA,N1
,0.716,0.247,0.759,1.0,,1787593884613.89,31.565,-17.28,4.82,0.35,1787593884614.821,False,,,2,OP1,C2_WIFI_CARGA_MEDIA,N1
,0.716,0.244,0.763,1.0,,1787593884659.6523,31.705,-17.28,4.64,0.35,1787593884659.6523,False,,,2,OP1,C2_WIFI_CARGA_MEDIA,N1
,0.716,0.244,0.763,1.0,,1787593884684.7808,31.705,-17.28,4.64,0.35,1787593884684.7808,False,,,2,OP1,C2_WIFI_CARGA_MEDIA,N1
,0.716,0.244,0.763,1.0,,1787593884715.1067,31.705,-17.28,4.64,0.35,1787593884715.1067,False,,,2,OP1,C2_WIFI_CARGA_MEDIA,N1
,0.716,0.244,0.763,1.0,,1787593884746.8027,31.705,-17.28,4.64,0.35,1787593884747.548,False,,,2,OP1,C2_WIFI_CARGA_MEDIA,N1
,0.715,0.244,0.763,1.0,,1787593884797.7012,31.705,-17.2,4.64,0.35,1787593884797.7012,False,,,2,OP1,C2_WIFI_CARGA_MEDIA,N1
,0.715,0.243,0.762,1.0,,1787593884857.8733,31.67,-17.2,4.58,0.35,1787593884857.8733,False,,,2,OP1,C2_WIFI_CARGA_MEDIA,N1
,0.715,0.243,0.765,1.0,,1787593884897.006,31.775,-17.2,4.58,0.35,1787593884897.006,False,,,2,OP1,C2_WIFI_CARGA_MEDIA,N1
,0.716,0.242,0.767,1.0,,1787593884930.219,31.845,-17.28,4.52,0.35,1787593884932.2263,False,,,2,OP1,C2_WIFI_CARGA_MEDIA,N1
,0.716,0.241,0.77,1.0,,1787593884963.9512,31.95,-17.28,4.46,0.35,1787593884964.9514,False,,,2,OP1,C2_WIFI_CARGA_MEDIA,N1
,0.716,0.241,0.771,1.0,,1787593884996.1497,31.985,-17.28,4.46,0.35,1787593884996.1497,False,,,2,OP1,C2_WIFI_CARGA_MEDIA,N1
,0.717,0.241,0.771,1.0,,1787593885128.9973,31.985,-17.36,4.46,0.35,1787593885128.9973,False,,,2,OP1,C2_WIFI_CARGA_MEDIA,N1
,0.715,0.24,0.767,1.0,,1787593885161.8108,31.845,-17.2,4.4,0.35,1787593885161.8108,False,,,2,OP1,C2_WIFI_CARGA_MEDIA,N1
,0.715,0.24,0.767,1.0,,1787593885296.7295,31.845,-17.2,4.4,0.35,1787593885296.7295,False,,,2,OP1,C2_WIFI_CARGA_MEDIA,N1
,0.716,0.238,0.77,1.0,,1787593885321.0935,31.95,-17.28,4.28,0.35,1787593885321.0935,False,,,2,OP1,C2_WIFI_CARGA_MEDIA,N1
,0.716,0.237,0.77,1.0,,1787593885357.3325,31.95,-17.28,4.22,0.35,1787593885359.34,False,,,2,OP1,C2_WIFI_CARGA_MEDIA,N1
,0.716,0.236,0.769,1.0,,1787593885398.726,31.915,-17.28,4.16,0.35,1787593885398.726,False,,,2,OP1,C2_WIFI_CARGA_MEDIA,N1
,0.716,0.235,0.769,1.0,,1787593885431.3567,31.915,-17.28,4.1,0.35,1787593885431.3567,False,,,2,OP1,C2_WIFI_CARGA_MEDIA,N1
,0.716,0.235,0.769,1.0,,1787593885469.3518,31.915,-17.28,4.1,0.35,1787593885469.3518,False,,,2,OP1,C2_WIFI_CARGA_MEDIA,N1
,0.716,0.234,0.769,1.0,,1787593885496.1365,31.915,-17.28,4.04,0.35,1787593885497.1367,False,,,2,OP1,C2_WIFI_CARGA_MEDIA,N1
,0.716,0.234,0.768,1.0,,1787593885520.1226,31.88,-17.28,4.04,0.35,1787593885521.1353,False,,,2,OP1,C2_WIFI_CARGA_MEDIA,N1
,0.716,0.233,0.768,1.0,,1787593885553.1504,31.88,-17.28,3.98,0.35,1787593885554.1606,False,,,2,OP1,C2_WIFI_CARGA_MEDIA,N1
,0.715,0.233,0.768,1.0,,1787593885599.294,31.88,-17.2,3.98,0.35,1787593885599.294,False,,,2,OP1,C2_WIFI_CARGA_MEDIA,N1
,0.715,0.233,0.768,1.0,,1787593885621.771,31.88,-17.2,3.98,0.35,1787593885622.8418,False,,,2,OP1,C2_WIFI_CARGA_MEDIA,N1
,0.715,0.233,0.767,1.0,,1787593885656.7344,31.845,-17.2,3.98,0.35,1787593885657.6792,False,,,2,OP1,C2_WIFI_CARGA_MEDIA,N1
,0.714,0.234,0.766,1.0,,1787593885860.7178,31.81,-17.12,4.04,0.35,1787593885862.728,False,,,2,OP1,C2_WIFI_CARGA_MEDIA,N1
,0.714,0.234,0.76,1.0,,1787593885902.9067,31.6,-17.12,4.04,0.35,1787593885902.9067,False,,,2,OP1,C2_WIFI_CARGA_MEDIA,N1
,0.714,0.234,0.757,1.0,,1787593885924.3828,31.495,-17.12,4.04,0.35,1787593885925.4375,False,,,2,OP1,C2_WIFI_CARGA_MEDIA,N1
,0.715,0.233,0.754,1.0,,1787593885968.1458,31.39,-17.2,3.98,0.35,1787593885968.1458,False,,,2,OP1,C2_WIFI_CARGA_MEDIA,N1
,0.716,0.232,0.748,1.0,,1787593885998.848,31.18,-17.28,3.92,0.35,1787593885998.848,False,,,2,OP1,C2_WIFI_CARGA_MEDIA,N1
,0.723,0.229,0.731,1.0,,1787593886046.8923,30.585,-17.84,3.74,0.35,1787593886055.018,False,,,2,OP1,C2_WIFI_CARGA_MEDIA,N1
,0.725,0.229,0.72,1.0,,1787593886069.3418,30.2,-18.0,3.74,0.35,1787593886069.3418,False,,,2,OP1,C2_WIFI_CARGA_MEDIA,N1
,0.728,0.229,0.708,1.0,,1787593886103.0503,29.78,-18.24,3.74,0.35,1787593886103.0503,False,,,2,OP1,C2_WIFI_CARGA_MEDIA,N1
,0.731,0.229,0.695,1.0,,1787593886125.734,29.325,-18.48,3.74,0.35,1787593886126.8335,False,,,2,OP1,C2_WIFI_CARGA_MEDIA,N1
,0.733,0.229,0.682,1.0,,1787593886162.829,28.87,-18.64,3.74,0.35,1787593886162.829,False,,,2,OP1,C2_WIFI_CARGA_MEDIA,N1
,0.739,0.229,0.658,1.0,,1787593886207.1003,28.03,-19.12,3.74,0.35,1787593886207.1003,False,,,2,OP1,C2_WIFI_CARGA_MEDIA,N1
,0.742,0.229,0.648,1.0,,1787593886228.1138,27.68,-19.36,3.74,0.35,1787593886228.1138,False,,,2,OP1,C2_WIFI_CARGA_MEDIA,N1
,0.745,0.228,0.638,1.0,,1787593886269.3333,27.33,-19.6,3.68,0.35,1787593886269.3333,False,,,2,OP1,C2_WIFI_CARGA_MEDIA,N1
,0.747,0.228,0.628,1.0,,1787593886301.869,26.98,-19.76,3.68,0.35,1787593886301.869,False,,,2,OP1,C2_WIFI_CARGA_MEDIA,N1
,0.748,0.228,0.621,1.0,,1787593886327.8125,26.735,-19.84,3.68,0.35,1787593886328.8127,False,,,2,OP1,C2_WIFI_CARGA_MEDIA,N1
,0.751,0.229,0.612,1.0,,1787593886361.1968,26.42,-20.08,3.74,0.35,1787593886361.1968,False,,,2,OP1,C2_WIFI_CARGA_MEDIA,N1
,0.756,0.23,0.599,1.0,,1787593886408.742,25.965,-20.48,3.8,0.35,1787593886409.343,False,,,2,OP1,C2_WIFI_CARGA_MEDIA,N1
,0.76,0.229,0.591,1.0,,1787593886472.256,25.685,-20.8,3.74,0.35,1787593886472.256,False,,,2,OP1,C2_WIFI_CARGA_MEDIA,N1
,0.762,0.229,0.588,1.0,,1787593886500.4292,25.58,-20.96,3.74,0.35,1787593886502.4404,False,,,2,OP1,C2_WIFI_CARGA_MEDIA,N1
,0.764,0.227,0.586,1.0,,1787593886538.0906,25.51,-21.12,3.62,0.35,1787593886538.0906,False,,,2,OP1,C2_WIFI_CARGA_MEDIA,N1
,0.765,0.226,0.587,1.0,,1787593886568.6082,25.545,-21.2,3.56,0.35,1787593886568.6082,False,,,2,OP1,C2_WIFI_CARGA_MEDIA,N1
,0.765,0.225,0.589,1.0,,1787593886601.3638,25.615,-21.2,3.5,0.35,1787593886601.3638,False,,,2,OP1,C2_WIFI_CARGA_MEDIA,N1
,0.764,0.221,0.598,1.0,,1787593886663.845,25.93,-21.12,3.26,0.35,1787593886664.9478,False,,,2,OP1,C2_WIFI_CARGA_MEDIA,N1
,0.76,0.216,0.613,1.0,,1787593886696.162,26.455,-20.8,2.96,0.35,1787593886697.19,False,,,2,OP1,C2_WIFI_CARGA_MEDIA,N1
,0.759,0.214,0.62,1.0,,1787593886863.4,26.7,-20.72,2.84,0.35,1787593886863.4,False,,,2,OP1,C2_WIFI_CARGA_MEDIA,N1
,0.754,0.203,0.673,1.0,,1787593886909.5977,28.555,-20.32,2.18,0.35,1787593886909.5977,False,,,2,OP1,C2_WIFI_CARGA_MEDIA,N1
,0.753,0.202,0.682,1.0,,1787593886944.917,28.87,-20.24,2.12,0.35,1787593886944.917,False,,,2,OP1,C2_WIFI_CARGA_MEDIA,N1
,0.751,0.202,0.693,1.0,,1787593886967.2192,29.255,-20.08,2.12,0.35,1787593886967.7837,False,,,2,OP1,C2_WIFI_CARGA_MEDIA,N1
,0.751,0.201,0.704,1.0,,1787593887000.5957,29.64,-20.08,2.06,0.35,1787593887000.5957,False,,,2,OP1,C2_WIFI_CARGA_MEDIA,N1
,0.748,0.203,0.725,1.0,,1787593887035.2769,30.375,-19.84,2.18,0.35,1787593887035.2769,False,,,2,OP1,C2_WIFI_CARGA_MEDIA,N1
,0.745,0.203,0.73,1.0,,1787593887071.6116,30.55,-19.6,2.18,0.35,1787593887072.7686,False,,,2,OP1,C2_WIFI_CARGA_MEDIA,N1
,0.744,0.203,0.738,1.0,,1787593887110.4993,30.83,-19.52,2.18,0.35,1787593887110.4993,False,,,2,OP1,C2_WIFI_CARGA_MEDIA,N1
,0.743,0.203,0.746,1.0,,1787593887137.216,31.11,-19.44,2.18,0.35,1787593887137.216,False,,,2,OP1,C2_WIFI_CARGA_MEDIA,N1
,0.742,0.203,0.752,1.0,,1787593887167.37,31.32,-19.36,2.18,0.35,1787593887167.37,False,,,2,OP1,C2_WIFI_CARGA_MEDIA,N1
,0.74,0.203,0.774,1.0,,1787593887211.014,32.09,-19.2,2.18,0.35,1787593887211.014,False,,,2,OP1,C2_WIFI_CARGA_MEDIA,N1
,0.739,0.202,0.786,1.0,,1787593887246.865,32.51,-19.12,2.12,0.35,1787593887248.8745,False,,,2,OP1,C2_WIFI_CARGA_MEDIA,N1
,0.736,0.201,0.797,1.0,,1787593887301.535,32.895,-18.88,2.06,0.35,1787593887301.535,False,,,2,OP1,C2_WIFI_CARGA_MEDIA,N1
,0.734,0.197,0.811,1.0,,1787593887357.4763,33.385,-18.72,1.82,0.35,1787593887357.4763,False,,,2,OP1,C2_WIFI_CARGA_MEDIA,N1
,0.733,0.194,0.816,1.0,,1787593887391.3235,33.56,-18.64,1.64,0.35,1787593887391.3235,False,,,2,OP1,C2_WIFI_CARGA_MEDIA,N1
,0.732,0.192,0.82,1.0,,1787593887415.993,33.7,-18.56,1.52,0.35,1787593887415.993,False,,,2,OP1,C2_WIFI_CARGA_MEDIA,N1
,0.731,0.189,0.823,1.0,,1787593887452.0393,33.805,-18.48,1.34,0.35,1787593887453.6462,False,,,2,OP1,C2_WIFI_CARGA_MEDIA,N1
,0.731,0.187,0.823,1.0,,1787593887500.6848,33.805,-18.48,1.22,0.35,1787593887500.6848,False,,,2,OP1,C2_WIFI_CARGA_MEDIA,N1
,0.731,0.185,0.824,1.0,,1787593887524.6836,33.84,-18.48,1.1,0.35,1787593887524.6836,False,,,2,OP1,C2_WIFI_CARGA_MEDIA,N1
,0.731,0.184,0.825,1.0,,1787593887546.0408,33.875,-18.48,1.04,0.35,1787593887547.2068,False,,,2,OP1,C2_WIFI_CARGA_MEDIA,N1
,0.732,0.182,0.827,1.0,,1787593887586.0354,33.945,-18.56,0.92,0.35,1787593887589.948,False,,,2,OP1,C2_WIFI_CARGA_MEDIA,N1
,0.733,0.18,0.829,1.0,,1787593887637.0588,34.015,-18.64,0.8,0.35,1787593887637.0588,False,,,2,OP1,C2_WIFI_CARGA_MEDIA,N1
,0.733,0.178,0.83,1.0,,1787593887674.8848,34.05,-18.64,0.68,0.35,1787593887674.8848,False,,,2,OP1,C2_WIFI_CARGA_MEDIA,N1
,0.734,0.178,0.83,1.0,,1787593887707.3457,34.05,-18.72,0.68,0.35,1787593887707.3457,False,,,2,OP1,C2_WIFI_CARGA_MEDIA,N1
,0.734,0.179,0.83,1.0,,1787593887751.6013,34.05,-18.72,0.74,0.35,1787593887751.6013,False,,,2,OP1,C2_WIFI_CARGA_MEDIA,N1
,0.734,0.179,0.829,1.0,,1787593887778.3633,34.015,-18.72,0.74,0.35,1787593887778.3633,False,,,2,OP1,C2_WIFI_CARGA_MEDIA,N1
,0.734,0.18,0.828,1.0,,1787593887804.14,33.98,-18.72,0.8,0.35,1787593887805.0718,False,,,2,OP1,C2_WIFI_CARGA_MEDIA,N1
,0.734,0.18,0.827,1.0,,1787593887836.925,33.945,-18.72,0.8,0.35,1787593887837.9412,False,,,2,OP1,C2_WIFI_CARGA_MEDIA,N1
,0.734,0.18,0.825,1.0,,1787593887884.7402,33.875,-18.72,0.8,0.35,1787593887884.7402,False,,,2,OP1,C2_WIFI_CARGA_MEDIA,N1
,0.735,0.181,0.823,1.0,,1787593887907.1938,33.805,-18.8,0.86,0.35,1787593887908.1975,False,,,2,OP1,C2_WIFI_CARGA_MEDIA,N1
,0.735,0.181,0.822,1.0,,1787593887946.8987,33.77,-18.8,0.86,0.35,1787593887948.907,False,,,2,OP1,C2_WIFI_CARGA_MEDIA,N1
,0.735,0.182,0.818,1.0,,1787593887997.385,33.63,-18.8,0.92,0.35,1787593887997.385,False,,,2,OP1,C2_WIFI_CARGA_MEDIA,N1
,0.736,0.181,0.814,1.0,,1787593888050.9255,33.49,-18.88,0.86,0.35,1787593888050.9255,False,,,2,OP1,C2_WIFI_CARGA_MEDIA,N1
,0.737,0.181,0.813,1.0,,1787593888085.588,33.455,-18.96,0.86,0.35,1787593888085.588,False,,,2,OP1,C2_WIFI_CARGA_MEDIA,N1
,0.737,0.18,0.812,1.0,,1787593888113.8174,33.42,-18.96,0.8,0.35,1787593888115.3276,False,,,2,OP1,C2_WIFI_CARGA_MEDIA,N1
,0.737,0.18,0.811,1.0,,1787593888142.7185,33.385,-18.96,0.8,0.35,1787593888143.641,False,,,2,OP1,C2_WIFI_CARGA_MEDIA,N1
,0.738,0.18,0.807,1.0,,1787593888177.9111,33.245,-19.04,0.8,0.35,1787593888177.9111,False,,,2,OP1,C2_WIFI_CARGA_MEDIA,N1
,0.739,0.181,0.804,1.0,,1787593888220.0828,33.14,-19.12,0.86,0.35,1787593888220.0828,False,,,2,OP1,C2_WIFI_CARGA_MEDIA,N1
,0.739,0.182,0.801,1.0,,1787593888253.0364,33.035,-19.12,0.92,0.35,1787593888253.0364,False,,,2,OP1,C2_WIFI_CARGA_MEDIA,N1
,0.74,0.183,0.8,1.0,,1787593888280.8682,33.0,-19.2,0.98,0.35,1787593888280.8682,False,,,2,OP1,C2_WIFI_CARGA_MEDIA,N1
,0.74,0.186,0.796,1.0,,1787593888308.3013,32.86,-19.2,1.16,0.35,1787593888310.5664,False,,,2,OP1,C2_WIFI_CARGA_MEDIA,N1
,0.742,0.191,0.786,1.0,,1787593888354.225,32.51,-19.36,1.46,0.35,1787593888354.225,False,,,2,OP1,C2_WIFI_CARGA_MEDIA,N1
,0.742,0.193,0.78,1.0,,1787593888387.933,32.3,-19.36,1.58,0.35,1787593888387.933,False,,,2,OP1,C2_WIFI_CARGA_MEDIA,N1
,0.743,0.198,0.774,1.0,,1787593888411.146,32.09,-19.44,1.88,0.35,1787593888411.6057,False,,,2,OP1,C2_WIFI_CARGA_MEDIA,N1
,0.744,0.204,0.768,1.0,,1787593888447.4675,31.88,-19.52,2.24,0.35,1787593888449.4802,False,,,2,OP1,C2_WIFI_CARGA_MEDIA,N1
,0.744,0.222,0.769,1.0,,1787593888487.8904,31.915,-19.52,3.32,0.35,1787593888487.8904,False,,,2,OP1,C2_WIFI_CARGA_MEDIA,N1
,0.742,0.232,0.768,1.0,,1787593888515.5227,31.88,-19.36,3.92,0.35,1787593888515.5227,False,,,2,OP1,C2_WIFI_CARGA_MEDIA,N1
,0.74,0.24,0.771,1.0,,1787593888549.223,31.985,-19.2,4.4,0.35,1787593888549.223,False,,,2,OP1,C2_WIFI_CARGA_MEDIA,N1
,0.736,0.255,0.772,1.0,,1787593888611.6414,32.02,-18.88,5.3,0.35,1787593888613.8752,False,,,2,OP1,C2_WIFI_CARGA_MEDIA,N1
,0.731,0.266,0.77,1.0,,1787593888644.8523,31.95,-18.48,5.96,0.35,1787593888644.8523,False,,,2,OP1,C2_WIFI_CARGA_MEDIA,N1
,0.723,0.286,0.761,1.0,,1787593888688.4517,31.635,-17.84,7.16,0.35,1787593888688.4517,False,,,2,OP1,C2_WIFI_CARGA_MEDIA,N1
,0.718,0.295,0.751,1.0,,1787593888715.3542,31.285,-17.44,7.7,0.35,1787593888715.3542,False,,,2,OP1,C2_WIFI_CARGA_MEDIA,N1
,0.712,0.303,0.741,1.0,,1787593888749.0757,30.935,-16.96,8.18,0.35,1787593888749.0757,False,,,2,OP1,C2_WIFI_CARGA_MEDIA,N1
,0.701,0.319,0.722,1.0,,1787593888807.7551,30.27,-16.08,9.14,0.35,1787593888807.7551,False,,,2,OP1,C2_WIFI_CARGA_MEDIA,N1
,0.696,0.329,0.71,1.0,,1787593888830.792,29.85,-15.68,9.74,0.35,1787593888830.792,False,,,2,OP1,C2_WIFI_CARGA_MEDIA,N1
,0.693,0.337,0.704,1.0,,1787593888859.8557,29.64,-15.44,10.22,0.35,1787593888859.8557,False,,,2,OP1,C2_WIFI_CARGA_MEDIA,N1
,0.691,0.343,0.701,1.0,,1787593888893.048,29.535,-15.28,10.58,0.35,1787593888893.048,False,,,2,OP1,C2_WIFI_CARGA_MEDIA,N1
,0.689,0.35,0.696,1.0,,1787593888915.3054,29.36,-15.12,11.0,0.35,1787593888915.762,False,,,2,OP1,C2_WIFI_CARGA_MEDIA,N1
,0.687,0.357,0.692,1.0,,1787593888951.1016,29.22,-14.96,11.42,0.35,1787593888953.1145,False,,,2,OP1,C2_WIFI_CARGA_MEDIA,N1
,0.683,0.369,0.682,1.0,,1787593888996.8618,28.87,-14.64,12.14,0.35,1787593888996.8618,False,,,2,OP1,C2_WIFI_CARGA_MEDIA,N1
,0.679,0.377,0.665,1.0,,1787593889059.7444,28.275,-14.32,12.62,0.35,1787593889059.7444,False,,,2,OP1,C2_WIFI_CARGA_MEDIA,N1
,0.675,0.381,0.653,1.0,,1787593889090.2769,27.855,-14.0,12.86,0.35,1787593889090.2769,False,,,2,OP1,C2_WIFI_CARGA_MEDIA,N1
,0.671,0.383,0.643,1.0,,1787593889118.2708,27.505,-13.68,12.98,0.35,1787593889120.2952,False,,,2,OP1,C2_WIFI_CARGA_MEDIA,N1
,0.669,0.384,0.637,1.0,,1787593889265.63,27.295,-13.52,13.04,0.35,1787593889265.63,False,,,2,OP1,C2_WIFI_CARGA_MEDIA,N1
,0.663,0.379,0.605,1.0,,1787593889296.8606,26.175,-13.04,12.74,0.35,1787593889296.8606,False,,,2,OP1,C2_WIFI_CARGA_MEDIA,N1
,0.662,0.377,0.604,1.0,,1787593889318.3257,26.14,-12.96,12.62,0.35,1787593889319.4265,False,,,2,OP1,C2_WIFI_CARGA_MEDIA,N1
,0.662,0.376,0.604,1.0,,1787593889365.0093,26.14,-12.96,12.56,0.35,1787593889365.0093,False,,,2,OP1,C2_WIFI_CARGA_MEDIA,N1
,0.662,0.374,0.603,1.0,,1787593889388.232,26.105,-12.96,12.44,0.35,1787593889396.808,False,,,2,OP1,C2_WIFI_CARGA_MEDIA,N1
,0.663,0.371,0.603,1.0,,1787593889417.7612,26.105,-13.04,12.26,0.35,1787593889419.796,False,,,2,OP1,C2_WIFI_CARGA_MEDIA,N1
,0.663,0.368,0.603,1.0,,1787593889450.784,26.105,-13.04,12.08,0.35,1787593889451.7974,False,,,2,OP1,C2_WIFI_CARGA_MEDIA,N1
,0.664,0.364,0.603,1.0,,1787593889496.896,26.105,-13.12,11.84,0.35,1787593889496.896,False,,,2,OP1,C2_WIFI_CARGA_MEDIA,N1
,0.664,0.363,0.603,1.0,,1787593889519.5276,26.105,-13.12,11.78,0.35,1787593889519.957,False,,,2,OP1,C2_WIFI_CARGA_MEDIA,N1
,0.664,0.362,0.604,1.0,,1787593889562.0403,26.14,-13.12,11.72,0.35,1787593889563.0835,False,,,2,OP1,C2_WIFI_CARGA_MEDIA,N1
,0.664,0.361,0.604,1.0,,1787593889590.0938,26.14,-13.12,11.66,0.35,1787593889590.0938,False,,,2,OP1,C2_WIFI_CARGA_MEDIA,N1
,0.664,0.36,0.605,1.0,,1787593889614.8872,26.175,-13.12,11.6,0.35,1787593889618.9546,False,,,2,OP1,C2_WIFI_CARGA_MEDIA,N1
,0.664,0.359,0.605,1.0,,1787593889757.947,26.175,-13.12,11.54,0.35,1787593889757.947,False,,,2,OP1,C2_WIFI_CARGA_MEDIA,N1
,0.665,0.35,0.607,1.0,,1787593889922.084,26.245,-13.2,11.0,0.35,1787593889923.0425,False,,,2,OP1,C2_WIFI_CARGA_MEDIA,N1
,0.663,0.34,0.619,1.0,,1787593889947.083,26.665,-13.04,10.4,0.35,1787593889947.083,False,,,2,OP1,C2_WIFI_CARGA_MEDIA,N1
,0.663,0.338,0.62,1.0,,1787593889967.2017,26.7,-13.04,10.28,0.35,1787593889967.2017,False,,,2,OP1,C2_WIFI_CARGA_MEDIA,N1
,0.663,0.337,0.621,1.0,,1787593890000.9204,26.735,-13.04,10.22,0.35,1787593890000.9204,False,,,2,OP1,C2_WIFI_CARGA_MEDIA,N1
,0.662,0.336,0.622,1.0,,1787593890022.955,26.77,-12.96,10.16,0.35,1787593890023.957,False,,,2,OP1,C2_WIFI_CARGA_MEDIA,N1
,0.662,0.335,0.623,1.0,,1787593890064.2954,26.805,-12.96,10.1,0.35,1787593890064.2954,False,,,2,OP1,C2_WIFI_CARGA_MEDIA,N1
,0.662,0.332,0.623,1.0,,1787593890259.507,26.805,-12.96,9.92,0.35,1787593890261.408,False,,,2,OP1,C2_WIFI_CARGA_MEDIA,N1
,0.661,0.327,0.631,1.0,,1787593890287.7305,27.085,-12.88,9.62,0.35,1787593890287.7305,False,,,2,OP1,C2_WIFI_CARGA_MEDIA,N1
,0.661,0.327,0.631,1.0,,1787593890338.0615,27.085,-12.88,9.62,0.35,1787593890338.0615,False,,,2,OP1,C2_WIFI_CARGA_MEDIA,N1
,0.66,0.326,0.632,1.0,,1787593890368.806,27.12,-12.8,9.56,0.35,1787593890370.811,False,,,2,OP1,C2_WIFI_CARGA_MEDIA,N1
,0.659,0.326,0.634,1.0,,1787593890393.786,27.19,-12.72,9.56,0.35,1787593890396.9766,False,,,2,OP1,C2_WIFI_CARGA_MEDIA,N1
,0.658,0.325,0.638,1.0,,1787593890425.1255,27.33,-12.64,9.5,0.35,1787593890426.8354,False,,,2,OP1,C2_WIFI_CARGA_MEDIA,N1
,0.658,0.321,0.647,1.0,,1787593890471.4158,27.645,-12.64,9.26,0.35,1787593890471.4158,False,,,2,OP1,C2_WIFI_CARGA_MEDIA,N1
,0.658,0.318,0.652,1.0,,1787593890494.32,27.82,-12.64,9.08,0.35,1787593890494.6904,False,,,2,OP1,C2_WIFI_CARGA_MEDIA,N1
,0.658,0.316,0.657,1.0,,1787593890530.017,27.995,-12.64,8.96,0.35,1787593890530.017,False,,,2,OP1,C2_WIFI_CARGA_MEDIA,N1
,0.658,0.313,0.662,1.0,,1787593890591.706,28.17,-12.64,8.78,0.35,1787593890594.502,False,,,2,OP1,C2_WIFI_CARGA_MEDIA,N1
,0.657,0.31,0.668,1.0,,1787593890613.6428,28.38,-12.56,8.6,0.35,1787593890613.6428,False,,,2,OP1,C2_WIFI_CARGA_MEDIA,N1
,0.656,0.308,0.675,1.0,,1787593890639.8376,28.625,-12.48,8.48,0.35,1787593890639.8376,False,,,2,OP1,C2_WIFI_CARGA_MEDIA,N1
,0.655,0.305,0.68,1.0,,1787593890670.922,28.8,-12.4,8.3,0.35,1787593890670.922,False,,,2,OP1,C2_WIFI_CARGA_MEDIA,N1
,0.655,0.301,0.685,1.0,,1787593890694.8977,28.975,-12.4,8.06,0.35,1787593890694.8977,False,,,2,OP1,C2_WIFI_CARGA_MEDIA,N1
,0.655,0.297,0.69,1.0,,1787593890734.556,29.15,-12.4,7.82,0.35,1787593890734.556,False,,,2,OP1,C2_WIFI_CARGA_MEDIA,N1
,0.653,0.289,0.7,1.0,,1787593890777.3052,29.5,-12.24,7.34,0.35,1787593890778.4568,False,,,2,OP1,C2_WIFI_CARGA_MEDIA,N1
,0.651,0.287,0.703,1.0,,1787593890805.301,29.605,-12.08,7.22,0.35,1787593890805.301,False,,,2,OP1,C2_WIFI_CARGA_MEDIA,N1
,0.651,0.285,0.707,1.0,,1787593890832.869,29.745,-12.08,7.1,0.35,1787593890832.869,False,,,2,OP1,C2_WIFI_CARGA_MEDIA,N1
,0.65,0.277,0.713,1.0,,1787593890896.4048,29.955,-12.0,6.62,0.35,1787593890897.7383,False,,,2,OP1,C2_WIFI_CARGA_MEDIA,N1
,0.65,0.274,0.715,1.0,,1787593890927.839,30.025,-12.0,6.44,0.35,1787593890927.839,False,,,2,OP1,C2_WIFI_CARGA_MEDIA,N1
,0.65,0.27,0.719,1.0,,1787593890973.6245,30.165,-12.0,6.2,0.35,1787593890973.6245,False,,,2,OP1,C2_WIFI_CARGA_MEDIA,N1
,0.65,0.266,0.723,1.0,,1787593890998.6448,30.305,-12.0,5.96,0.35,1787593890999.6626,False,,,2,OP1,C2_WIFI_CARGA_MEDIA,N1
,0.652,0.261,0.723,1.0,,1787593891037.8198,30.305,-12.16,5.66,0.35,1787593891037.8198,False,,,2,OP1,C2_WIFI_CARGA_MEDIA,N1
,0.654,0.257,0.724,1.0,,1787593891067.3296,30.34,-12.32,5.42,0.35,1787593891067.3296,False,,,2,OP1,C2_WIFI_CARGA_MEDIA,N1
,0.658,0.253,0.721,1.0,,1787593891095.6636,30.235,-12.64,5.18,0.35,1787593891097.1963,False,,,2,OP1,C2_WIFI_CARGA_MEDIA,N1
,0.661,0.253,0.718,1.0,,1787593891138.429,30.13,-12.88,5.18,0.35,1787593891138.429,False,,,2,OP1,C2_WIFI_CARGA_MEDIA,N1
,0.663,0.253,0.714,1.0,,1787593891176.7727,29.99,-13.04,5.18,0.35,1787593891177.9814,False,,,2,OP1,C2_WIFI_CARGA_MEDIA,N1
,0.665,0.253,0.711,1.0,,1787593891198.3357,29.885,-13.2,5.18,0.35,1787593891199.3503,False,,,2,OP1,C2_WIFI_CARGA_MEDIA,N1
,0.668,0.253,0.707,1.0,,1787593891232.8503,29.745,-13.44,5.18,0.35,1787593891233.2944,False,,,2,OP1,C2_WIFI_CARGA_MEDIA,N1
,0.673,0.253,0.702,1.0,,1787593891277.0295,29.57,-13.84,5.18,0.35,1787593891277.0295,False,,,2,OP1,C2_WIFI_CARGA_MEDIA,N1
,0.675,0.252,0.701,1.0,,1787593891310.4773,29.535,-14.0,5.12,0.35,1787593891311.3696,False,,,2,OP1,C2_WIFI_CARGA_MEDIA,N1
,0.677,0.251,0.699,1.0,,1787593891344.2993,29.465,-14.16,5.06,0.35,1787593891344.865,False,,,2,OP1,C2_WIFI_CARGA_MEDIA,N1
,0.679,0.251,0.696,1.0,,1787593891370.9429,29.36,-14.32,5.06,0.35,1787593891370.9429,False,,,2,OP1,C2_WIFI_CARGA_MEDIA,N1
,0.681,0.25,0.694,1.0,,1787593891399.5427,29.29,-14.48,5.0,0.35,1787593891399.5427,False,,,2,OP1,C2_WIFI_CARGA_MEDIA,N1
,0.686,0.249,0.69,1.0,,1787593891582.4185,29.15,-14.88,4.94,0.35,1787593891584.5364,False,,,2,OP1,C2_WIFI_CARGA_MEDIA,N1
,0.691,0.246,0.677,1.0,,1787593891617.716,28.695,-15.28,4.76,0.35,1787593891617.716,False,,,2,OP1,C2_WIFI_CARGA_MEDIA,N1
,0.692,0.245,0.673,1.0,,1787593891637.9573,28.555,-15.36,4.7,0.35,1787593891639.964,False,,,2,OP1,C2_WIFI_CARGA_MEDIA,N1
,0.692,0.246,0.668,1.0,,1787593891680.3386,28.38,-15.36,4.76,0.35,1787593891680.3386,False,,,2,OP1,C2_WIFI_CARGA_MEDIA,N1
,0.696,0.244,0.658,1.0,,1787593891724.6533,28.03,-15.68,4.64,0.35,1787593891724.6533,False,,,2,OP1,C2_WIFI_CARGA_MEDIA,N1
,0.701,0.242,0.646,1.0,,1787593891790.0066,27.61,-16.08,4.52,0.35,1787593891792.015,False,,,2,OP1,C2_WIFI_CARGA_MEDIA,N1
,0.703,0.242,0.64,1.0,,1787593891818.8313,27.4,-16.24,4.52,0.35,1787593891819.5176,False,,,2,OP1,C2_WIFI_CARGA_MEDIA,N1
,0.708,0.242,0.623,1.0,,1787593891860.7932,26.805,-16.64,4.52,0.35,1787593891860.7932,False,,,2,OP1,C2_WIFI_CARGA_MEDIA,N1
,0.709,0.243,0.616,1.0,,1787593891897.1848,26.56,-16.72,4.58,0.35,1787593891897.1848,False,,,2,OP1,C2_WIFI_CARGA_MEDIA,N1
,0.71,0.244,0.609,1.0,,1787593891929.5627,26.315,-16.8,4.64,0.35,1787593891930.73,False,,,2,OP1,C2_WIFI_CARGA_MEDIA,N1
,0.71,0.245,0.605,1.0,,1787593891952.9548,26.175,-16.8,4.7,0.35,1787593891953.4912,False,,,2,OP1,C2_WIFI_CARGA_MEDIA,N1
,0.711,0.247,0.598,1.0,,1787593891998.9062,25.93,-16.88,4.82,0.35,1787593891998.9062,False,,,2,OP1,C2_WIFI_CARGA_MEDIA,N1
,0.711,0.247,0.596,1.0,,1787593892041.548,25.86,-16.88,4.82,0.35,1787593892042.0615,False,,,2,OP1,C2_WIFI_CARGA_MEDIA,N1
,0.711,0.249,0.593,1.0,,1787593892079.827,25.755,-16.88,4.94,0.35,1787593892079.827,False,,,2,OP1,C2_WIFI_CARGA_MEDIA,N1
,0.711,0.249,0.593,1.0,,1787593892107.421,25.755,-16.88,4.94,0.35,1787593892109.5308,False,,,2,OP1,C2_WIFI_CARGA_MEDIA,N1
,0.711,0.249,0.593,1.0,,1787593892150.7483,25.755,-16.88,4.94,0.35,1787593892150.7483,False,,,2,OP1,C2_WIFI_CARGA_MEDIA,N1
,0.711,0.249,0.595,1.0,,1787593892179.5105,25.825,-16.88,4.94,0.35,1787593892179.5105,False,,,2,OP1,C2_WIFI_CARGA_MEDIA,N1
,0.71,0.249,0.597,1.0,,1787593892204.9507,25.895,-16.8,4.94,0.35,1787593892204.9507,False,,,2,OP1,C2_WIFI_CARGA_MEDIA,N1
,0.708,0.246,0.604,1.0,,1787593892250.7793,26.14,-16.64,4.76,0.35,1787593892250.7793,False,,,2,OP1,C2_WIFI_CARGA_MEDIA,N1
,0.706,0.244,0.61,1.0,,1787593892283.3103,26.35,-16.48,4.64,0.35,1787593892283.3103,False,,,2,OP1,C2_WIFI_CARGA_MEDIA,N1
,0.703,0.239,0.619,1.0,,1787593892307.6736,26.665,-16.24,4.34,0.35,1787593892308.5183,False,,,2,OP1,C2_WIFI_CARGA_MEDIA,N1
,0.702,0.235,0.626,1.0,,1787593892347.1848,26.91,-16.16,4.1,0.35,1787593892347.1848,False,,,2,OP1,C2_WIFI_CARGA_MEDIA,N1
,0.7,0.227,0.635,1.0,,1787593892387.663,27.225,-16.0,3.62,0.35,1787593892388.6738,False,,,2,OP1,C2_WIFI_CARGA_MEDIA,N1
,0.699,0.223,0.641,1.0,,1787593892416.8523,27.435,-15.92,3.38,0.35,1787593892416.8523,False,,,2,OP1,C2_WIFI_CARGA_MEDIA,N1
,0.698,0.219,0.649,1.0,,1787593892452.7393,27.715,-15.84,3.14,0.35,1787593892452.7393,False,,,2,OP1,C2_WIFI_CARGA_MEDIA,N1
,0.694,0.216,0.663,1.0,,1787593892485.7805,28.205,-15.52,2.96,0.35,1787593892485.7805,False,,,2,OP1,C2_WIFI_CARGA_MEDIA,N1
,0.69,0.213,0.671,1.0,,1787593892510.6367,28.485,-15.2,2.78,0.35,1787593892510.6367,False,,,2,OP1,C2_WIFI_CARGA_MEDIA,N1
,0.687,0.212,0.676,1.0,,1787593892542.808,28.66,-14.96,2.72,0.35,1787593892542.808,False,,,2,OP1,C2_WIFI_CARGA_MEDIA,N1
,0.684,0.21,0.683,1.0,,1787593892584.0078,28.905,-14.72,2.6,0.35,1787593892584.0078,False,,,2,OP1,C2_WIFI_CARGA_MEDIA,N1
,0.683,0.209,0.685,1.0,,1787593892736.5876,28.975,-14.64,2.54,0.35,1787593892736.5876,False,,,2,OP1,C2_WIFI_CARGA_MEDIA,N1
,0.671,0.207,0.718,1.0,,1787593892787.508,30.13,-13.68,2.42,0.35,1787593892787.508,False,,,2,OP1,C2_WIFI_CARGA_MEDIA,N1
,0.67,0.206,0.722,1.0,,1787593892812.0627,30.27,-13.6,2.36,0.35,1787593892812.0627,False,,,2,OP1,C2_WIFI_CARGA_MEDIA,N1
,0.668,0.206,0.724,1.0,,1787593892846.5354,30.34,-13.44,2.36,0.35,1787593892849.3074,False,,,2,OP1,C2_WIFI_CARGA_MEDIA,N1
,0.665,0.209,0.729,1.0,,1787593892892.8533,30.515,-13.2,2.54,0.35,1787593892893.9426,False,,,2,OP1,C2_WIFI_CARGA_MEDIA,N1
,0.665,0.209,0.732,1.0,,1787593892921.7825,30.62,-13.2,2.54,0.35,1787593892921.7825,False,,,2,OP1,C2_WIFI_CARGA_MEDIA,N1
,0.664,0.21,0.733,1.0,,1787593892953.7175,30.655,-13.12,2.6,0.35,1787593892953.7175,False,,,2,OP1,C2_WIFI_CARGA_MEDIA,N1
,0.664,0.21,0.735,1.0,,1787593892988.337,30.725,-13.12,2.6,0.35,1787593892988.337,False,,,2,OP1,C2_WIFI_CARGA_MEDIA,N1
,0.664,0.211,0.736,1.0,,1787593893026.625,30.76,-13.12,2.66,0.35,1787593893026.625,False,,,2,OP1,C2_WIFI_CARGA_MEDIA,N1
,0.664,0.212,0.736,1.0,,1787593893049.2627,30.76,-13.12,2.72,0.35,1787593893049.2627,False,,,2,OP1,C2_WIFI_CARGA_MEDIA,N1
,0.664,0.213,0.736,1.0,,1787593893082.993,30.76,-13.12,2.78,0.35,1787593893082.993,False,,,2,OP1,C2_WIFI_CARGA_MEDIA,N1
,0.664,0.213,0.735,1.0,,1787593893117.4514,30.725,-13.12,2.78,0.35,1787593893117.4514,False,,,2,OP1,C2_WIFI_CARGA_MEDIA,N1
,0.664,0.213,0.735,1.0,,1787593893147.455,30.725,-13.12,2.78,0.35,1787593893148.2625,False,,,2,OP1,C2_WIFI_CARGA_MEDIA,N1
,0.665,0.214,0.735,1.0,,1787593893181.816,30.725,-13.2,2.84,0.35,1787593893181.816,False,,,2,OP1,C2_WIFI_CARGA_MEDIA,N1
,0.665,0.214,0.734,1.0,,1787593893226.0725,30.69,-13.2,2.84,0.35,1787593893226.0725,False,,,2,OP1,C2_WIFI_CARGA_MEDIA,N1
,0.666,0.214,0.733,1.0,,1787593893248.3662,30.655,-13.28,2.84,0.35,1787593893248.3662,False,,,2,OP1,C2_WIFI_CARGA_MEDIA,N1
,0.666,0.215,0.732,1.0,,1787593893293.4194,30.62,-13.28,2.9,0.35,1787593893293.4194,False,,,2,OP1,C2_WIFI_CARGA_MEDIA,N1
,0.667,0.215,0.73,1.0,,1787593893319.9678,30.55,-13.36,2.9,0.35,1787593893321.9775,False,,,2,OP1,C2_WIFI_CARGA_MEDIA,N1
,0.668,0.215,0.729,1.0,,1787593893349.6174,30.515,-13.44,2.9,0.35,1787593893350.5278,False,,,2,OP1,C2_WIFI_CARGA_MEDIA,N1
,0.668,0.215,0.725,1.0,,1787593893388.3567,30.375,-13.44,2.9,0.35,1787593893388.3567,False,,,2,OP1,C2_WIFI_CARGA_MEDIA,N1
,0.668,0.215,0.723,1.0,,1787593893429.2207,30.305,-13.44,2.9,0.35,1787593893430.0896,False,,,2,OP1,C2_WIFI_CARGA_MEDIA,N1
,0.668,0.215,0.721,1.0,,1787593893454.0825,30.235,-13.44,2.9,0.35,1787593893455.082,False,,,2,OP1,C2_WIFI_CARGA_MEDIA,N1
,0.669,0.215,0.719,1.0,,1787593893489.5537,30.165,-13.52,2.9,0.35,1787593893489.5537,False,,,2,OP1,C2_WIFI_CARGA_MEDIA,N1
,0.67,0.215,0.716,1.0,,1787593893524.1077,30.06,-13.6,2.9,0.35,1787593893524.1077,False,,,2,OP1,C2_WIFI_CARGA_MEDIA,N1
,0.671,0.214,0.713,1.0,,1787593893552.0256,29.955,-13.68,2.84,0.35,1787593893552.0256,False,,,2,OP1,C2_WIFI_CARGA_MEDIA,N1
,0.672,0.214,0.711,1.0,,1787593893587.3115,29.885,-13.76,2.84,0.35,1787593893597.697,False,,,2,OP1,C2_WIFI_CARGA_MEDIA,N1
,0.674,0.213,0.708,1.0,,1787593893626.3125,29.78,-13.92,2.78,0.35,1787593893628.3206,False,,,2,OP1,C2_WIFI_CARGA_MEDIA,N1
,0.676,0.212,0.702,1.0,,1787593893651.5647,29.57,-14.08,2.72,0.35,1787593893652.9304,False,,,2,OP1,C2_WIFI_CARGA_MEDIA,N1
,0.678,0.211,0.696,1.0,,1787593893684.4385,29.36,-14.24,2.66,0.35,1787593893684.4385,False,,,2,OP1,C2_WIFI_CARGA_MEDIA,N1
,0.681,0.211,0.688,1.0,,1787593893724.5706,29.08,-14.48,2.66,0.35,1787593893724.5706,False,,,2,OP1,C2_WIFI_CARGA_MEDIA,N1
,0.682,0.211,0.685,1.0,,1787593893753.2131,28.975,-14.56,2.66,0.35,1787593893753.2131,False,,,2,OP1,C2_WIFI_CARGA_MEDIA,N1
,0.683,0.211,0.684,1.0,,1787593893789.5127,28.94,-14.64,2.66,0.35,1787593893789.5127,False,,,2,OP1,C2_WIFI_CARGA_MEDIA,N1
,0.684,0.211,0.682,1.0,,1787593893847.2317,28.87,-14.72,2.66,0.35,1787593893847.2317,False,,,2,OP1,C2_WIFI_CARGA_MEDIA,N1
,0.685,0.211,0.68,1.0,,1787593893899.0984,28.8,-14.8,2.66,0.35,1787593893899.0984,False,,,2,OP1,C2_WIFI_CARGA_MEDIA,N1
,0.686,0.21,0.68,1.0,,1787593893924.4077,28.8,-14.88,2.6,0.35,1787593893924.4077,False,,,2,OP1,C2_WIFI_CARGA_MEDIA,N1
,0.686,0.21,0.679,1.0,,1787593893955.7837,28.765,-14.88,2.6,0.35,1787593893957.7783,False,,,2,OP1,C2_WIFI_CARGA_MEDIA,N1
,0.687,0.21,0.678,1.0,,1787593893990.8145,28.73,-14.96,2.6,0.35,1787593893990.8145,False,,,2,OP1,C2_WIFI_CARGA_MEDIA,N1
,0.689,0.21,0.672,1.0,,1787593894040.8372,28.52,-15.12,2.6,0.35,1787593894047.158,False,,,2,OP1,C2_WIFI_CARGA_MEDIA,N1
,0.693,0.211,0.663,1.0,,1787593894096.9153,28.205,-15.44,2.66,0.35,1787593894096.9153,False,,,2,OP1,C2_WIFI_CARGA_MEDIA,N1
,0.695,0.212,0.658,1.0,,1787593894124.5942,28.03,-15.6,2.72,0.35,1787593894124.5942,False,,,2,OP1,C2_WIFI_CARGA_MEDIA,N1
,0.695,0.213,0.655,1.0,,1787593894147.3225,27.925,-15.6,2.78,0.35,1787593894147.3225,False,,,2,OP1,C2_WIFI_CARGA_MEDIA,N1
,0.695,0.215,0.651,1.0,,1787593894172.0022,27.785,-15.6,2.9,0.35,1787593894172.0022,False,,,2,OP1,C2_WIFI_CARGA_MEDIA,N1
,0.691,0.222,0.636,1.0,,1787593894227.3074,27.26,-15.28,3.32,0.35,1787593894227.3074,False,,,2,OP1,C2_WIFI_CARGA_MEDIA,N1
,0.685,0.234,0.618,1.0,,1787593894255.5625,26.63,-14.8,4.04,0.35,1787593894257.1472,False,,,2,OP1,C2_WIFI_CARGA_MEDIA,N1
,0.678,0.249,0.597,1.0,,1787593894295.3574,25.895,-14.24,4.94,0.35,1787593894295.3574,False,,,2,OP1,C2_WIFI_CARGA_MEDIA,N1
,0.672,0.263,0.589,1.0,,1787593894336.0857,25.615,-13.76,5.78,0.35,1787593894336.0857,False,,,2,OP1,C2_WIFI_CARGA_MEDIA,N1
,0.67,0.27,0.587,1.0,,1787593894366.8003,25.545,-13.6,6.2,0.35,1787593894366.8003,False,,,2,OP1,C2_WIFI_CARGA_MEDIA,N1
,0.668,0.274,0.586,1.0,,1787593894519.5938,25.51,-13.44,6.44,0.35,1787593894521.6133,False,,,2,OP1,C2_WIFI_CARGA_MEDIA,N1
,0.654,0.282,0.569,1.0,,1787593894559.137,24.915,-12.32,6.92,0.35,1787593894559.137,False,,,2,OP1,C2_WIFI_CARGA_MEDIA,N1
,0.652,0.282,0.566,1.0,,1787593894600.7275,24.81,-12.16,6.92,0.35,1787593894602.7334,False,,,2,OP1,C2_WIFI_CARGA_MEDIA,N1
,0.65,0.282,0.563,1.0,,1787593894629.2744,24.705,-12.0,6.92,0.35,1787593894629.2744,False,,,2,OP1,C2_WIFI_CARGA_MEDIA,N1
,0.647,0.283,0.559,1.0,,1787593894654.6812,24.565,-11.76,6.98,0.35,1787593894658.6147,False,,,2,OP1,C2_WIFI_CARGA_MEDIA,N1
,0.644,0.284,0.552,1.0,,1787593894705.993,24.32,-11.52,7.04,0.35,1787593894707.999,False,,,2,OP1,C2_WIFI_CARGA_MEDIA,N1
,0.643,0.284,0.55,1.0,,1787593894739.1057,24.25,-11.44,7.04,0.35,1787593894739.1057,False,,,2,OP1,C2_WIFI_CARGA_MEDIA,N1
,0.642,0.284,0.547,1.0,,1787593894762.048,24.145,-11.36,7.04,0.35,1787593894762.048,False,,,2,OP1,C2_WIFI_CARGA_MEDIA,N1
,0.64,0.285,0.546,1.0,,1787593894797.8442,24.11,-11.2,7.1,0.35,1787593894799.8572,False,,,2,OP1,C2_WIFI_CARGA_MEDIA,N1
,0.637,0.287,0.544,1.0,,1787593894839.2842,24.04,-10.96,7.22,0.35,1787593894839.2842,False,,,2,OP1,C2_WIFI_CARGA_MEDIA,N1
,0.635,0.288,0.544,1.0,,1787593894861.4128,24.04,-10.8,7.28,0.35,1787593894862.4116,False,,,2,OP1,C2_WIFI_CARGA_MEDIA,N1
,0.633,0.29,0.544,1.0,,1787593894907.9292,24.04,-10.64,7.4,0.35,1787593894907.9292,False,,,2,OP1,C2_WIFI_CARGA_MEDIA,N1
,0.632,0.29,0.544,1.0,,1787593894936.0608,24.04,-10.56,7.4,0.35,1787593894936.0608,False,,,2,OP1,C2_WIFI_CARGA_MEDIA,N1
,0.631,0.29,0.545,1.0,,1787593894960.0286,24.075,-10.48,7.4,0.35,1787593894960.0286,False,,,2,OP1,C2_WIFI_CARGA_MEDIA,N1
,0.63,0.29,0.545,1.0,,1787593895001.7192,24.075,-10.4,7.4,0.35,1787593895004.2646,False,,,2,OP1,C2_WIFI_CARGA_MEDIA,N1
,0.63,0.289,0.544,1.0,,1787593895040.413,24.04,-10.4,7.34,0.35,1787593895040.413,False,,,2,OP1,C2_WIFI_CARGA_MEDIA,N1
,0.629,0.289,0.543,1.0,,1787593895074.13,24.005,-10.32,7.34,0.35,1787593895074.6636,False,,,2,OP1,C2_WIFI_CARGA_MEDIA,N1
,0.629,0.289,0.541,1.0,,1787593895100.8647,23.935,-10.32,7.34,0.35,1787593895100.8647,False,,,2,OP1,C2_WIFI_CARGA_MEDIA,N1
,0.628,0.289,0.539,1.0,,1787593895132.2307,23.865,-10.24,7.34,0.35,1787593895132.2307,False,,,2,OP1,C2_WIFI_CARGA_MEDIA,N1
,0.627,0.289,0.536,1.0,,1787593895162.3406,23.76,-10.16,7.34,0.35,1787593895163.3477,False,,,2,OP1,C2_WIFI_CARGA_MEDIA,N1
,0.627,0.289,0.535,1.0,,1787593895209.3772,23.725,-10.16,7.34,0.35,1787593895209.3772,False,,,2,OP1,C2_WIFI_CARGA_MEDIA,N1
,0.628,0.289,0.535,1.0,,1787593895235.9443,23.725,-10.24,7.34,0.35,1787593895235.9443,False,,,2,OP1,C2_WIFI_CARGA_MEDIA,N1
,0.628,0.288,0.536,1.0,,1787593895264.3914,23.76,-10.24,7.28,0.35,1787593895265.572,False,,,2,OP1,C2_WIFI_CARGA_MEDIA,N1
,0.628,0.288,0.538,1.0,,1787593895299.8418,23.83,-10.24,7.28,0.35,1787593895299.8418,False,,,2,OP1,C2_WIFI_CARGA_MEDIA,N1
,0.628,0.287,0.544,1.0,,1787593895346.817,24.04,-10.24,7.22,0.35,1787593895346.817,False,,,2,OP1,C2_WIFI_CARGA_MEDIA,N1
,0.628,0.283,0.552,1.0,,1787593895540.2085,24.32,-10.24,6.98,0.35,1787593895540.2085,False,,,2,OP1,C2_WIFI_CARGA_MEDIA,N1
,0.626,0.252,0.608,1.0,,1787593895572.3723,26.28,-10.08,5.12,0.35,1787593895572.3723,False,,,2,OP1,C2_WIFI_CARGA_MEDIA,N1
,0.625,0.248,0.618,1.0,,1787593895600.262,26.63,-10.0,4.88,0.35,1787593895601.2622,False,,,2,OP1,C2_WIFI_CARGA_MEDIA,N1
,0.627,0.238,0.63,1.0,,1787593895646.6602,27.05,-10.16,4.28,0.35,1787593895646.6602,False,,,2,OP1,C2_WIFI_CARGA_MEDIA,N1
,0.627,0.234,0.632,1.0,,1787593895673.5908,27.12,-10.16,4.04,0.35,1787593895675.5967,False,,,2,OP1,C2_WIFI_CARGA_MEDIA,N1
,0.628,0.233,0.635,1.0,,1787593895711.427,27.225,-10.24,3.98,0.35,1787593895711.427,False,,,2,OP1,C2_WIFI_CARGA_MEDIA,N1
,0.628,0.23,0.637,1.0,,1787593895741.9375,27.295,-10.24,3.8,0.35,1787593895741.9375,False,,,2,OP1,C2_WIFI_CARGA_MEDIA,N1
,0.629,0.226,0.638,1.0,,1787593895789.5352,27.33,-10.32,3.56,0.35,1787593895791.5144,False,,,2,OP1,C2_WIFI_CARGA_MEDIA,N1
,0.63,0.225,0.638,1.0,,1787593895829.2124,27.33,-10.4,3.5,0.35,1787593895829.2124,False,,,2,OP1,C2_WIFI_CARGA_MEDIA,N1
,0.629,0.223,0.638,1.0,,1787593895869.7285,27.33,-10.32,3.38,0.35,1787593895869.7285,False,,,2,OP1,C2_WIFI_CARGA_MEDIA,N1
,0.628,0.222,0.639,1.0,,1787593895895.035,27.365,-10.24,3.32,0.35,1787593895895.9238,False,,,2,OP1,C2_WIFI_CARGA_MEDIA,N1
,0.626,0.218,0.64,1.0,,1787593895936.569,27.4,-10.08,3.08,0.35,1787593895936.569,False,,,2,OP1,C2_WIFI_CARGA_MEDIA,N1
,0.621,0.212,0.636,1.0,,1787593895981.2334,27.26,-9.68,2.72,0.35,1787593895981.2334,False,,,2,OP1,C2_WIFI_CARGA_MEDIA,N1
,0.621,0.21,0.636,1.0,,1787593896005.1511,27.26,-9.68,2.6,0.35,1787593896006.1675,False,,,2,OP1,C2_WIFI_CARGA_MEDIA,N1
,0.62,0.209,0.637,1.0,,1787593896048.7964,27.295,-9.6,2.54,0.35,1787593896048.7964,False,,,2,OP1,C2_WIFI_CARGA_MEDIA,N1
,0.62,0.209,0.637,1.0,,1787593896078.0874,27.295,-9.6,2.54,0.35,1787593896080.079,False,,,2,OP1,C2_WIFI_CARGA_MEDIA,N1
,0.621,0.209,0.639,1.0,,1787593896133.6416,27.365,-9.68,2.54,0.35,1787593896134.447,False,,,2,OP1,C2_WIFI_CARGA_MEDIA,N1
,0.621,0.209,0.641,1.0,,1787593896159.91,27.435,-9.68,2.54,0.35,1787593896161.923,False,,,2,OP1,C2_WIFI_CARGA_MEDIA,N1
,0.622,0.209,0.643,1.0,,1787593896189.5098,27.505,-9.76,2.54,0.35,1787593896189.5098,False,,,2,OP1,C2_WIFI_CARGA_MEDIA,N1
,0.623,0.208,0.645,1.0,,1787593896245.4011,27.575,-9.84,2.48,0.35,1787593896247.6233,False,,,2,OP1,C2_WIFI_CARGA_MEDIA,N1
,0.624,0.207,0.645,1.0,,1787593896288.2195,27.575,-9.92,2.42,0.35,1787593896288.2195,False,,,2,OP1,C2_WIFI_CARGA_MEDIA,N1
,0.625,0.207,0.646,1.0,,1787593896318.5725,27.61,-10.0,2.42,0.35,1787593896318.5725,False,,,2,OP1,C2_WIFI_CARGA_MEDIA,N1
,0.625,0.206,0.646,1.0,,1787593896340.3113,27.61,-10.0,2.36,0.35,1787593896340.3113,False,,,2,OP1,C2_WIFI_CARGA_MEDIA,N1
,0.626,0.206,0.646,1.0,,1787593896382.5989,27.61,-10.08,2.36,0.35,1787593896382.5989,False,,,2,OP1,C2_WIFI_CARGA_MEDIA,N1
,0.628,0.206,0.646,1.0,,1787593896410.7454,27.61,-10.24,2.36,0.35,1787593896410.7454,False,,,2,OP1,C2_WIFI_CARGA_MEDIA,N1
,0.629,0.205,0.645,1.0,,1787593896439.7258,27.575,-10.32,2.3,0.35,1787593896440.8074,False,,,2,OP1,C2_WIFI_CARGA_MEDIA,N1
,0.631,0.205,0.643,1.0,,1787593896479.4314,27.505,-10.48,2.3,0.35,1787593896479.4314,False,,,2,OP1,C2_WIFI_CARGA_MEDIA,N1
,0.632,0.205,0.641,1.0,,1787593896516.8064,27.435,-10.56,2.3,0.35,1787593896516.8064,False,,,2,OP1,C2_WIFI_CARGA_MEDIA,N1
,0.632,0.205,0.639,1.0,,1787593896542.5222,27.365,-10.56,2.3,0.35,1787593896542.5222,False,,,2,OP1,C2_WIFI_CARGA_MEDIA,N1
,0.633,0.206,0.636,1.0,,1787593896577.1665,27.26,-10.64,2.36,0.35,1787593896577.1665,False,,,2,OP1,C2_WIFI_CARGA_MEDIA,N1
,0.634,0.206,0.631,1.0,,1787593896606.7915,27.085,-10.72,2.36,0.35,1787593896606.7915,False,,,2,OP1,C2_WIFI_CARGA_MEDIA,N1
,0.637,0.206,0.626,1.0,,1787593896652.2815,26.91,-10.96,2.36,0.35,1787593896652.2815,False,,,2,OP1,C2_WIFI_CARGA_MEDIA,N1
,0.638,0.206,0.623,1.0,,1787593896675.0332,26.805,-11.04,2.36,0.35,1787593896675.0332,False,,,2,OP1,C2_WIFI_CARGA_MEDIA,N1
,0.639,0.206,0.619,1.0,,1787593896718.1902,26.665,-11.12,2.36,0.35,1787593896718.1902,False,,,2,OP1,C2_WIFI_CARGA_MEDIA,N1
,0.642,0.206,0.615,1.0,,1787593896747.224,26.525,-11.36,2.36,0.35,1787593896747.224,False,,,2,OP1,C2_WIFI_CARGA_MEDIA,N1
,0.645,0.206,0.61,1.0,,1787593896771.297,26.35,-11.6,2.36,0.35,1787593896776.1228,False,,,2,OP1,C2_WIFI_CARGA_MEDIA,N1
,0.651,0.206,0.603,1.0,,1787593896820.5642,26.105,-12.08,2.36,0.35,1787593896820.5642,False,,,2,OP1,C2_WIFI_CARGA_MEDIA,N1
,0.654,0.207,0.599,1.0,,1787593896848.517,25.965,-12.32,2.42,0.35,1787593896848.517,False,,,2,OP1,C2_WIFI_CARGA_MEDIA,N1
,0.657,0.209,0.598,1.0,,1787593896877.5198,25.93,-12.56,2.54,0.35,1787593896877.5198,False,,,2,OP1,C2_WIFI_CARGA_MEDIA,N1
,0.661,0.211,0.596,1.0,,1787593896914.902,25.86,-12.88,2.66,0.35,1787593896914.902,False,,,2,OP1,C2_WIFI_CARGA_MEDIA,N1
,0.666,0.212,0.591,1.0,,1787593896950.2195,25.685,-13.28,2.72,0.35,1787593896950.2195,False,,,2,OP1,C2_WIFI_CARGA_MEDIA,N1
,0.668,0.213,0.59,1.0,,1787593896976.6787,25.65,-13.44,2.78,0.35,1787593896978.7957,False,,,2,OP1,C2_WIFI_CARGA_MEDIA,N1
,0.669,0.213,0.588,1.0,,1787593897023.382,25.58,-13.52,2.78,0.35,1787593897023.382,False,,,2,OP1,C2_WIFI_CARGA_MEDIA,N1
,0.67,0.213,0.587,1.0,,1787593897051.4634,25.545,-13.6,2.78,0.35,1787593897053.473,False,,,2,OP1,C2_WIFI_CARGA_MEDIA,N1
,0.671,0.214,0.586,1.0,,1787593897079.9224,25.51,-13.68,2.84,0.35,1787593897079.9224,False,,,2,OP1,C2_WIFI_CARGA_MEDIA,N1
,0.672,0.214,0.586,1.0,,1787593897125.0664,25.51,-13.76,2.84,0.35,1787593897125.0664,False,,,2,OP1,C2_WIFI_CARGA_MEDIA,N1
,0.673,0.214,0.587,1.0,,1787593897154.85,25.545,-13.84,2.84,0.35,1787593897154.85,False,,,2,OP1,C2_WIFI_CARGA_MEDIA,N1
,0.673,0.214,0.588,1.0,,1787593897218.986,25.58,-13.84,2.84,0.35,1787593897221.4954,False,,,2,OP1,C2_WIFI_CARGA_MEDIA,N1
,0.673,0.213,0.589,1.0,,1787593897248.0525,25.615,-13.84,2.78,0.35,1787593897248.8022,False,,,2,OP1,C2_WIFI_CARGA_MEDIA,N1
,0.673,0.213,0.589,1.0,,1787593897274.9038,25.615,-13.84,2.78,0.35,1787593897274.9038,False,,,2,OP1,C2_WIFI_CARGA_MEDIA,N1
,0.674,0.212,0.591,1.0,,1787593897298.0496,25.685,-13.92,2.72,0.35,1787593897298.0496,False,,,2,OP1,C2_WIFI_CARGA_MEDIA,N1
,0.674,0.212,0.592,1.0,,1787593897322.4087,25.72,-13.92,2.72,0.35,1787593897322.4087,False,,,2,OP1,C2_WIFI_CARGA_MEDIA,N1
,0.674,0.211,0.594,1.0,,1787593897356.5674,25.79,-13.92,2.66,0.35,1787593897356.5674,False,,,2,OP1,C2_WIFI_CARGA_MEDIA,N1
,0.674,0.211,0.595,1.0,,1787593897379.9492,25.825,-13.92,2.66,0.35,1787593897382.7014,False,,,2,OP1,C2_WIFI_CARGA_MEDIA,N1
,0.673,0.211,0.597,1.0,,1787593897415.2788,25.895,-13.84,2.66,0.35,1787593897415.2788,False,,,2,OP1,C2_WIFI_CARGA_MEDIA,N1
,0.673,0.211,0.601,1.0,,1787593897462.402,26.035,-13.84,2.66,0.35,1787593897462.402,False,,,2,OP1,C2_WIFI_CARGA_MEDIA,N1
,0.672,0.211,0.603,1.0,,1787593897482.5625,26.105,-13.76,2.66,0.35,1787593897483.655,False,,,2,OP1,C2_WIFI_CARGA_MEDIA,N1
,0.671,0.212,0.61,1.0,,1787593897526.6145,26.35,-13.68,2.72,0.35,1787593897526.6145,False,,,2,OP1,C2_WIFI_CARGA_MEDIA,N1
,0.669,0.212,0.616,1.0,,1787593897553.009,26.56,-13.52,2.72,0.35,1787593897553.009,False,,,2,OP1,C2_WIFI_CARGA_MEDIA,N1
,0.668,0.212,0.623,1.0,,1787593897581.671,26.805,-13.44,2.72,0.35,1787593897582.7844,False,,,2,OP1,C2_WIFI_CARGA_MEDIA,N1
,0.664,0.213,0.642,1.0,,1787593897619.4502,27.47,-13.12,2.78,0.35,1787593897619.4502,False,,,2,OP1,C2_WIFI_CARGA_MEDIA,N1
,0.662,0.214,0.652,1.0,,1787593897662.6724,27.82,-12.96,2.84,0.35,1787593897663.8103,False,,,2,OP1,C2_WIFI_CARGA_MEDIA,N1
,0.659,0.214,0.662,1.0,,1787593897689.1543,28.17,-12.72,2.84,0.35,1787593897689.1543,False,,,2,OP1,C2_WIFI_CARGA_MEDIA,N1
,0.658,0.215,0.675,1.0,,1787593897720.5496,28.625,-12.64,2.9,0.35,1787593897722.5613,False,,,2,OP1,C2_WIFI_CARGA_MEDIA,N1
,0.655,0.213,0.693,1.0,,1787593897764.716,29.255,-12.4,2.78,0.35,1787593897764.716,False,,,2,OP1,C2_WIFI_CARGA_MEDIA,N1
,0.654,0.212,0.7,1.0,,1787593897784.7593,29.5,-12.32,2.72,0.35,1787593897785.8394,False,,,2,OP1,C2_WIFI_CARGA_MEDIA,N1
,0.653,0.211,0.708,1.0,,1787593897829.7532,29.78,-12.24,2.66,0.35,1787593897829.7532,False,,,2,OP1,C2_WIFI_CARGA_MEDIA,N1
,0.651,0.21,0.716,1.0,,1787593897860.6902,30.06,-12.08,2.6,0.35,1787593897860.6902,False,,,2,OP1,C2_WIFI_CARGA_MEDIA,N1
,0.65,0.209,0.724,1.0,,1787593897883.8855,30.34,-12.0,2.54,0.35,1787593897883.8855,False,,,2,OP1,C2_WIFI_CARGA_MEDIA,N1
,0.649,0.207,0.73,1.0,,1787593897914.3745,30.55,-11.92,2.42,0.35,1787593897917.0295,False,,,2,OP1,C2_WIFI_CARGA_MEDIA,N1
,0.648,0.206,0.739,1.0,,1787593897962.6443,30.865,-11.84,2.36,0.35,1787593897962.6443,False,,,2,OP1,C2_WIFI_CARGA_MEDIA,N1
,0.648,0.206,0.741,1.0,,1787593897997.0957,30.935,-11.84,2.36,0.35,1787593897997.0957,False,,,2,OP1,C2_WIFI_CARGA_MEDIA,N1
,0.648,0.205,0.743,1.0,,1787593898018.6396,31.005,-11.84,2.3,0.35,1787593898019.6665,False,,,2,OP1,C2_WIFI_CARGA_MEDIA,N1
,0.648,0.204,0.749,1.0,,1787593898069.8213,31.215,-11.84,2.24,0.35,1787593898069.8213,False,,,2,OP1,C2_WIFI_CARGA_MEDIA,N1
,0.649,0.204,0.752,1.0,,1787593898101.5508,31.32,-11.92,2.24,0.35,1787593898101.5508,False,,,2,OP1,C2_WIFI_CARGA_MEDIA,N1
,0.649,0.203,0.754,1.0,,1787593898122.88,31.39,-11.92,2.18,0.35,1787593898124.889,False,,,2,OP1,C2_WIFI_CARGA_MEDIA,N1
,0.649,0.203,0.758,1.0,,1787593898164.6794,31.53,-11.92,2.18,0.35,1787593898164.6794,False,,,2,OP1,C2_WIFI_CARGA_MEDIA,N1
,0.649,0.203,0.76,1.0,,1787593898190.8591,31.6,-11.92,2.18,0.35,1787593898190.8591,False,,,2,OP1,C2_WIFI_CARGA_MEDIA,N1
,0.649,0.203,0.762,1.0,,1787593898221.2004,31.67,-11.92,2.18,0.35,1787593898221.2004,False,,,2,OP1,C2_WIFI_CARGA_MEDIA,N1
,0.65,0.202,0.765,1.0,,1787593898261.837,31.775,-12.0,2.12,0.35,1787593898261.837,False,,,2,OP1,C2_WIFI_CARGA_MEDIA,N1
,0.65,0.201,0.766,1.0,,1787593898297.0903,31.81,-12.0,2.06,0.35,1787593898297.0903,False,,,2,OP1,C2_WIFI_CARGA_MEDIA,N1
,0.651,0.2,0.766,1.0,,1787593898321.4097,31.81,-12.08,2.0,0.35,1787593898322.411,False,,,2,OP1,C2_WIFI_CARGA_MEDIA,N1
,0.652,0.198,0.766,1.0,,1787593898361.0068,31.81,-12.16,1.88,0.35,1787593898361.0068,False,,,2,OP1,C2_WIFI_CARGA_MEDIA,N1
,0.654,0.194,0.765,1.0,,1787593898408.9453,31.775,-12.32,1.64,0.35,1787593898417.7695,False,,,2,OP1,C2_WIFI_CARGA_MEDIA,N1
,0.655,0.192,0.763,1.0,,1787593898467.4507,31.705,-12.4,1.52,0.35,1787593898467.4507,False,,,2,OP1,C2_WIFI_CARGA_MEDIA,N1
,0.656,0.192,0.761,1.0,,1787593898500.7678,31.635,-12.48,1.52,0.35,1787593898500.7678,False,,,2,OP1,C2_WIFI_CARGA_MEDIA,N1
,0.656,0.192,0.76,1.0,,1787593898521.7249,31.6,-12.48,1.52,0.35,1787593898522.9585,False,,,2,OP1,C2_WIFI_CARGA_MEDIA,N1
,0.657,0.192,0.759,1.0,,1787593898556.8064,31.565,-12.56,1.52,0.35,1787593898558.8984,False,,,2,OP1,C2_WIFI_CARGA_MEDIA,N1
,0.658,0.191,0.756,1.0,,1787593898601.1267,31.46,-12.64,1.46,0.35,1787593898601.1267,False,,,2,OP1,C2_WIFI_CARGA_MEDIA,N1
,0.659,0.191,0.753,1.0,,1787593898624.1812,31.355,-12.72,1.46,0.35,1787593898625.2473,False,,,2,OP1,C2_WIFI_CARGA_MEDIA,N1
,0.66,0.191,0.75,1.0,,1787593898667.4983,31.25,-12.8,1.46,0.35,1787593898667.4983,False,,,2,OP1,C2_WIFI_CARGA_MEDIA,N1
,0.66,0.192,0.748,1.0,,1787593898694.1533,31.18,-12.8,1.52,0.35,1787593898696.1636,False,,,2,OP1,C2_WIFI_CARGA_MEDIA,N1
,0.662,0.192,0.74,1.0,,1787593898722.8374,30.9,-12.96,1.52,0.35,1787593898722.8374,False,,,2,OP1,C2_WIFI_CARGA_MEDIA,N1
,0.665,0.194,0.728,1.0,,1787593898765.2869,30.48,-13.2,1.64,0.35,1787593898765.2869,False,,,2,OP1,C2_WIFI_CARGA_MEDIA,N1
,0.665,0.195,0.723,1.0,,1787593898797.01,30.305,-13.2,1.7,0.35,1787593898797.01,False,,,2,OP1,C2_WIFI_CARGA_MEDIA,N1
,0.666,0.195,0.721,1.0,,1787593898826.87,30.235,-13.28,1.7,0.35,1787593898827.2754,False,,,2,OP1,C2_WIFI_CARGA_MEDIA,N1
,0.667,0.194,0.72,1.0,,1787593898858.5725,30.2,-13.36,1.64,0.35,1787593898858.5725,False,,,2,OP1,C2_WIFI_CARGA_MEDIA,N1
,0.669,0.193,0.716,1.0,,1787593898919.3088,30.06,-13.52,1.58,0.35,1787593898919.3088,False,,,2,OP1,C2_WIFI_CARGA_MEDIA,N1
,0.669,0.191,0.708,1.0,,1787593898973.506,29.78,-13.52,1.46,0.35,1787593898973.506,False,,,2,OP1,C2_WIFI_CARGA_MEDIA,N1
,0.67,0.191,0.706,1.0,,1787593899000.9888,29.71,-13.6,1.46,0.35,1787593899000.9888,False,,,2,OP1,C2_WIFI_CARGA_MEDIA,N1
,0.671,0.19,0.703,1.0,,1787593899040.8137,29.605,-13.68,1.4,0.35,1787593899040.8137,False,,,2,OP1,C2_WIFI_CARGA_MEDIA,N1
,0.671,0.19,0.702,1.0,,1787593899082.3867,29.57,-13.68,1.4,0.35,1787593899086.9216,False,,,2,OP1,C2_WIFI_CARGA_MEDIA,N1
,0.671,0.19,0.701,1.0,,1787593899113.0454,29.535,-13.68,1.4,0.35,1787593899113.556,False,,,2,OP1,C2_WIFI_CARGA_MEDIA,N1
,0.672,0.191,0.698,1.0,,1787593899141.6238,29.43,-13.76,1.46,0.35,1787593899141.6238,False,,,2,OP1,C2_WIFI_CARGA_MEDIA,N1
,0.672,0.191,0.697,1.0,,1787593899194.9585,29.395,-13.76,1.46,0.35,1787593899194.9585,False,,,2,OP1,C2_WIFI_CARGA_MEDIA,N1
,0.672,0.191,0.696,1.0,,1787593899226.7708,29.36,-13.76,1.46,0.35,1787593899227.7417,False,,,2,OP1,C2_WIFI_CARGA_MEDIA,N1
,0.671,0.191,0.695,1.0,,1787593899274.402,29.325,-13.68,1.46,0.35,1787593899275.606,False,,,2,OP1,C2_WIFI_CARGA_MEDIA,N1
,0.67,0.191,0.695,1.0,,1787593899304.1843,29.325,-13.6,1.46,0.35,1787593899304.1843,False,,,2,OP1,C2_WIFI_CARGA_MEDIA,N1
,0.669,0.19,0.695,1.0,,1787593899392.8494,29.325,-13.52,1.4,0.35,1787593899392.8494,False,,,2,OP1,C2_WIFI_CARGA_MEDIA,N1
,0.668,0.187,0.694,1.0,,1787593899434.1316,29.29,-13.44,1.22,0.35,1787593899434.1316,False,,,2,OP1,C2_WIFI_CARGA_MEDIA,N1
,0.668,0.187,0.693,1.0,,1787593899464.2542,29.255,-13.44,1.22,0.35,1787593899464.2542,False,,,2,OP1,C2_WIFI_CARGA_MEDIA,N1
,0.669,0.186,0.692,1.0,,1787593899503.425,29.22,-13.52,1.16,0.35,1787593899503.425,False,,,2,OP1,C2_WIFI_CARGA_MEDIA,N1
,0.669,0.184,0.687,1.0,,1787593899547.0374,29.045,-13.52,1.04,0.35,1787593899547.0374,False,,,2,OP1,C2_WIFI_CARGA_MEDIA,N1
,0.669,0.183,0.685,1.0,,1787593899586.8477,28.975,-13.52,0.98,0.35,1787593899586.8477,False,,,2,OP1,C2_WIFI_CARGA_MEDIA,N1
,0.669,0.181,0.681,1.0,,1787593899641.9666,28.835,-13.52,0.86,0.35,1787593899641.9666,False,,,2,OP1,C2_WIFI_CARGA_MEDIA,N1
,0.669,0.18,0.68,1.0,,1787593899667.31,28.8,-13.52,0.8,0.35,1787593899667.765,False,,,2,OP1,C2_WIFI_CARGA_MEDIA,N1
,0.668,0.179,0.68,1.0,,1787593899697.1223,28.8,-13.44,0.74,0.35,1787593899697.1223,False,,,2,OP1,C2_WIFI_CARGA_MEDIA,N1
,0.667,0.177,0.682,1.0,,1787593899748.1033,28.87,-13.36,0.62,0.35,1787593899751.1685,False,,,2,OP1,C2_WIFI_CARGA_MEDIA,N1
,0.666,0.177,0.682,1.0,,1787593899768.2715,28.87,-13.28,0.62,0.35,1787593899768.2715,False,,,2,OP1,C2_WIFI_CARGA_MEDIA,N1
,0.665,0.176,0.682,1.0,,1787593899808.6326,28.87,-13.2,0.56,0.35,1787593899810.6492,False,,,2,OP1,C2_WIFI_CARGA_MEDIA,N1
,0.66,0.176,0.677,1.0,,1787593899864.2275,28.695,-12.8,0.56,0.35,1787593899864.2275,False,,,2,OP1,C2_WIFI_CARGA_MEDIA,N1
,0.656,0.176,0.672,1.0,,1787593899893.3533,28.52,-12.48,0.56,0.35,1787593899895.3428,False,,,2,OP1,C2_WIFI_CARGA_MEDIA,N1
,0.65,0.177,0.66,1.0,,1787593899947.1145,28.1,-12.0,0.62,0.35,1787593899947.1145,False,,,2,OP1,C2_WIFI_CARGA_MEDIA,N1
,0.644,0.178,0.635,1.0,,1787593899997.2185,27.225,-11.52,0.68,0.35,1787593899997.2185,False,,,2,OP1,C2_WIFI_CARGA_MEDIA,N1
,0.641,0.179,0.622,1.0,,1787593900020.771,26.77,-11.28,0.74,0.35,1787593900021.892,False,,,2,OP1,C2_WIFI_CARGA_MEDIA,N1
,0.64,0.179,0.614,1.0,,1787593900059.3752,26.49,-11.2,0.74,0.35,1787593900061.422,False,,,2,OP1,C2_WIFI_CARGA_MEDIA,N1
,0.642,0.18,0.606,1.0,,1787593900115.4846,26.21,-11.36,0.8,0.35,1787593900115.4846,False,,,2,OP1,C2_WIFI_CARGA_MEDIA,N1
,0.646,0.181,0.595,1.0,,1787593900171.3958,25.825,-11.68,0.86,0.35,1787593900171.3958,False,,,2,OP1,C2_WIFI_CARGA_MEDIA,N1
,0.648,0.183,0.588,1.0,,1787593900198.1074,25.58,-11.84,0.98,0.35,1787593900198.1074,False,,,2,OP1,C2_WIFI_CARGA_MEDIA,N1
,0.654,0.186,0.579,1.0,,1787593900244.823,25.265,-12.32,1.16,0.35,1787593900244.823,False,,,2,OP1,C2_WIFI_CARGA_MEDIA,N1
,0.658,0.188,0.576,1.0,,1787593900382.1714,25.16,-12.64,1.28,0.35,1787593900382.1714,False,,,2,OP1,C2_WIFI_CARGA_MEDIA,N1
,0.666,0.19,0.57,1.0,,1787593900412.7822,24.95,-13.28,1.4,0.35,1787593900412.7822,False,,,2,OP1,C2_WIFI_CARGA_MEDIA,N1
,0.667,0.189,0.569,1.0,,1787593900435.4404,24.915,-13.36,1.34,0.35,1787593900435.4404,False,,,2,OP1,C2_WIFI_CARGA_MEDIA,N1
,0.667,0.188,0.568,1.0,,1787593900463.2732,24.88,-13.36,1.28,0.35,1787593900463.2732,False,,,2,OP1,C2_WIFI_CARGA_MEDIA,N1
,0.668,0.188,0.567,1.0,,1787593900492.388,24.845,-13.44,1.28,0.35,1787593900492.388,False,,,2,OP1,C2_WIFI_CARGA_MEDIA,N1
,0.669,0.187,0.566,1.0,,1787593900522.3435,24.81,-13.52,1.22,0.35,1787593900522.3435,False,,,2,OP1,C2_WIFI_CARGA_MEDIA,N1
,0.67,0.187,0.565,1.0,,1787593900579.757,24.775,-13.6,1.22,0.35,1787593900579.757,False,,,2,OP1,C2_WIFI_CARGA_MEDIA,N1
,0.671,0.186,0.564,1.0,,1787593900616.7322,24.74,-13.68,1.16,0.35,1787593900618.7544,False,,,2,OP1,C2_WIFI_CARGA_MEDIA,N1
,0.673,0.183,0.562,1.0,,1787593900671.1003,24.67,-13.84,0.98,0.35,1787593900673.1135,False,,,2,OP1,C2_WIFI_CARGA_MEDIA,N1
,0.675,0.181,0.562,1.0,,1787593900715.4846,24.67,-14.0,0.86,0.35,1787593900715.4846,False,,,2,OP1,C2_WIFI_CARGA_MEDIA,N1
,0.676,0.181,0.562,1.0,,1787593900739.989,24.67,-14.08,0.86,0.35,1787593900741.1174,False,,,2,OP1,C2_WIFI_CARGA_MEDIA,N1
,0.677,0.18,0.561,1.0,,1787593900784.2412,24.635,-14.16,0.8,0.35,1787593900784.2412,False,,,2,OP1,C2_WIFI_CARGA_MEDIA,N1
,0.678,0.179,0.562,1.0,,1787593900839.4114,24.67,-14.24,0.74,0.35,1787593900840.412,False,,,2,OP1,C2_WIFI_CARGA_MEDIA,N1
,0.679,0.178,0.561,1.0,,1787593900867.0603,24.635,-14.32,0.68,0.35,1787593900869.826,False,,,2,OP1,C2_WIFI_CARGA_MEDIA,N1
,0.679,0.178,0.561,1.0,,1787593900889.0427,24.635,-14.32,0.68,0.35,1787593900889.0427,False,,,2,OP1,C2_WIFI_CARGA_MEDIA,N1
,0.68,0.177,0.561,1.0,,1787593900927.8516,24.635,-14.4,0.62,0.35,1787593900929.071,False,,,2,OP1,C2_WIFI_CARGA_MEDIA,N1
,0.681,0.177,0.562,1.0,,1787593900982.933,24.67,-14.48,0.62,0.35,1787593900982.933,False,,,2,OP1,C2_WIFI_CARGA_MEDIA,N1
,0.681,0.176,0.564,1.0,,1787593901038.751,24.74,-14.48,0.56,0.35,1787593901038.751,False,,,2,OP1,C2_WIFI_CARGA_MEDIA,N1
,0.681,0.175,0.566,1.0,,1787593901075.8608,24.81,-14.48,0.5,0.35,1787593901076.4062,False,,,2,OP1,C2_WIFI_CARGA_MEDIA,N1
,0.681,0.173,0.573,1.0,,1787593901134.217,25.055,-14.48,0.38,0.35,1787593901136.2874,False,,,2,OP1,C2_WIFI_CARGA_MEDIA,N1
,0.681,0.172,0.576,1.0,,1787593901167.933,25.16,-14.48,0.32,0.35,1787593901167.933,False,,,2,OP1,C2_WIFI_CARGA_MEDIA,N1
,0.68,0.171,0.578,1.0,,1787593901217.4282,25.23,-14.4,0.26,0.35,1787593901217.4282,False,,,2,OP1,C2_WIFI_CARGA_MEDIA,N1
,0.68,0.17,0.58,1.0,,1787593901256.1155,25.3,-14.4,0.2,0.35,1787593901256.1155,False,,,2,OP1,C2_WIFI_CARGA_MEDIA,N1
,0.68,0.169,0.582,1.0,,1787593901289.6414,25.37,-14.4,0.14,0.35,1787593901289.6414,False,,,2,OP1,C2_WIFI_CARGA_MEDIA,N1
,0.68,0.168,0.583,1.0,,1787593901322.904,25.405,-14.4,0.08,0.35,1787593901322.904,False,,,2,OP1,C2_WIFI_CARGA_MEDIA,N1
,0.68,0.167,0.585,1.0,,1787593901353.4028,25.475,-14.4,0.02,0.35,1787593901355.4097,False,,,2,OP1,C2_WIFI_CARGA_MEDIA,N1
,0.68,0.165,0.587,1.0,,1787593901380.7527,25.545,-14.4,-0.1,0.35,1787593901380.7527,False,,,2,OP1,C2_WIFI_CARGA_MEDIA,N1
,0.68,0.164,0.59,1.0,,1787593901549.3513,25.65,-14.4,-0.16,0.35,1787593901550.3462,False,,,2,OP1,C2_WIFI_CARGA_MEDIA,N1
,0.679,0.161,0.598,1.0,,1787593901583.43,25.93,-14.32,-0.34,0.35,1787593901583.43,False,,,2,OP1,C2_WIFI_CARGA_MEDIA,N1
,0.679,0.16,0.598,1.0,,1787593901770.0503,25.93,-14.32,-0.4,0.35,1787593901770.0503,False,,,2,OP1,C2_WIFI_CARGA_MEDIA,N1
,0.677,0.158,0.601,1.0,,1787593901855.1382,26.035,-14.16,-0.52,0.35,1787593901856.6204,False,,,2,OP1,C2_WIFI_CARGA_MEDIA,N1
,0.675,0.156,0.606,1.0,,1787593901896.0215,26.21,-14.0,-0.64,0.35,1787593901897.528,False,,,2,OP1,C2_WIFI_CARGA_MEDIA,N1
,0.675,0.157,0.606,1.0,,1787593901921.2837,26.21,-14.0,-0.58,0.35,1787593901921.2837,False,,,2,OP1,C2_WIFI_CARGA_MEDIA,N1
,0.674,0.158,0.606,1.0,,1787593901961.8542,26.21,-13.92,-0.52,0.35,1787593901961.8542,False,,,2,OP1,C2_WIFI_CARGA_MEDIA,N1
,0.674,0.159,0.607,1.0,,1787593901995.3838,26.245,-13.92,-0.46,0.35,1787593901995.3838,False,,,2,OP1,C2_WIFI_CARGA_MEDIA,N1
,0.674,0.16,0.608,1.0,,1787593902018.0708,26.28,-13.92,-0.4,0.35,1787593902019.1667,False,,,2,OP1,C2_WIFI_CARGA_MEDIA,N1
,0.674,0.162,0.609,1.0,,1787593902051.0708,26.315,-13.92,-0.28,0.35,1787593902051.0708,False,,,2,OP1,C2_WIFI_CARGA_MEDIA,N1
,0.674,0.163,0.612,1.0,,1787593902089.4636,26.42,-13.92,-0.22,0.35,1787593902095.6897,False,,,2,OP1,C2_WIFI_CARGA_MEDIA,N1
,0.674,0.163,0.612,1.0,,1787593902118.553,26.42,-13.92,-0.22,0.35,1787593902118.553,False,,,2,OP1,C2_WIFI_CARGA_MEDIA,N1
,0.674,0.163,0.612,1.0,,1787593902160.936,26.42,-13.92,-0.22,0.35,1787593902160.936,False,,,2,OP1,C2_WIFI_CARGA_MEDIA,N1
,0.673,0.163,0.612,1.0,,1787593902188.5466,26.42,-13.84,-0.22,0.35,1787593902190.5513,False,,,2,OP1,C2_WIFI_CARGA_MEDIA,N1
,0.673,0.163,0.612,1.0,,1787593902216.183,26.42,-13.84,-0.22,0.35,1787593902218.2012,False,,,2,OP1,C2_WIFI_CARGA_MEDIA,N1
,0.673,0.162,0.612,1.0,,1787593902262.6096,26.42,-13.84,-0.28,0.35,1787593902262.6096,False,,,2,OP1,C2_WIFI_CARGA_MEDIA,N1
,0.673,0.161,0.613,1.0,,1787593902296.7437,26.455,-13.84,-0.34,0.35,1787593902296.7437,False,,,2,OP1,C2_WIFI_CARGA_MEDIA,N1
,0.673,0.16,0.614,1.0,,1787593902319.3853,26.49,-13.84,-0.4,0.35,1787593902319.3853,False,,,2,OP1,C2_WIFI_CARGA_MEDIA,N1
,0.672,0.157,0.616,1.0,,1787593902355.9424,26.56,-13.76,-0.58,0.35,1787593902357.9988,False,,,2,OP1,C2_WIFI_CARGA_MEDIA,N1
,0.668,0.151,0.623,1.0,,1787593902396.9236,26.805,-13.44,-0.94,0.35,1787593902396.9236,False,,,2,OP1,C2_WIFI_CARGA_MEDIA,N1
,0.665,0.146,0.626,1.0,,1787593902430.2336,26.91,-13.2,-1.24,0.35,1787593902430.2336,False,,,2,OP1,C2_WIFI_CARGA_MEDIA,N1
,0.662,0.14,0.629,1.0,,1787593902458.1577,27.015,-12.96,-1.6,0.35,1787593902459.17,False,,,2,OP1,C2_WIFI_CARGA_MEDIA,N1
,0.659,0.135,0.632,1.0,,1787593902485.231,27.12,-12.72,-1.9,0.35,1787593902486.9705,False,,,2,OP1,C2_WIFI_CARGA_MEDIA,N1
,0.657,0.128,0.633,1.0,,1787593902522.5557,27.155,-12.56,-2.32,0.35,1787593902525.3403,False,,,2,OP1,C2_WIFI_CARGA_MEDIA,N1
,0.653,0.12,0.63,1.0,,1787593902566.0938,27.05,-12.24,-2.8,0.35,1787593902566.0938,False,,,2,OP1,C2_WIFI_CARGA_MEDIA,N1
,0.651,0.119,0.63,1.0,,1787593902707.6162,27.05,-12.08,-2.86,0.35,1787593902720.0908,False,,,2,OP1,C2_WIFI_CARGA_MEDIA,N1
,0.649,0.118,0.624,1.0,,1787593902768.104,26.84,-11.92,-2.92,0.35,1787593902768.104,False,,,2,OP1,C2_WIFI_CARGA_MEDIA,N1
,0.65,0.119,0.623,1.0,,1787593902801.087,26.805,-12.0,-2.86,0.35,1787593902801.087,False,,,2,OP1,C2_WIFI_CARGA_MEDIA,N1
,0.651,0.121,0.623,1.0,,1787593902824.5293,26.805,-12.08,-2.74,0.35,1787593902825.599,False,,,2,OP1,C2_WIFI_CARGA_MEDIA,N1
,0.653,0.123,0.625,1.0,,1787593902846.91,26.875,-12.24,-2.62,0.35,1787593902851.7017,False,,,2,OP1,C2_WIFI_CARGA_MEDIA,N1
,0.656,0.124,0.628,1.0,,1787593902873.0054,26.98,-12.48,-2.56,0.35,1787593902873.0054,False,,,2,OP1,C2_WIFI_CARGA_MEDIA,N1
,0.658,0.125,0.632,1.0,,1787593902905.372,27.12,-12.64,-2.5,0.35,1787593902905.372,False,,,2,OP1,C2_WIFI_CARGA_MEDIA,N1
,0.659,0.126,0.634,1.0,,1787593902926.238,27.19,-12.72,-2.44,0.35,1787593902928.2505,False,,,2,OP1,C2_WIFI_CARGA_MEDIA,N1
,0.659,0.126,0.635,1.0,,1787593902968.177,27.225,-12.72,-2.44,0.35,1787593902970.5547,False,,,2,OP1,C2_WIFI_CARGA_MEDIA,N1
,0.659,0.126,0.636,1.0,,1787593902996.6746,27.26,-12.72,-2.44,0.35,1787593902997.6873,False,,,2,OP1,C2_WIFI_CARGA_MEDIA,N1
,0.659,0.125,0.637,1.0,,1787593903020.3523,27.295,-12.72,-2.5,0.35,1787593903020.3523,False,,,2,OP1,C2_WIFI_CARGA_MEDIA,N1
,0.659,0.121,0.639,1.0,,1787593903069.8184,27.365,-12.72,-2.74,0.35,1787593903069.8184,False,,,2,OP1,C2_WIFI_CARGA_MEDIA,N1
,0.658,0.119,0.639,1.0,,1787593903105.1096,27.365,-12.64,-2.86,0.35,1787593903105.1096,False,,,2,OP1,C2_WIFI_CARGA_MEDIA,N1
,0.658,0.116,0.636,1.0,,1787593903127.192,27.26,-12.64,-3.04,0.35,1787593903129.2073,False,,,2,OP1,C2_WIFI_CARGA_MEDIA,N1
,0.658,0.116,0.634,1.0,,1787593903164.6565,27.19,-12.64,-3.04,0.35,1787593903164.6565,False,,,2,OP1,C2_WIFI_CARGA_MEDIA,N1
,0.658,0.116,0.629,1.0,,1787593903209.9204,27.015,-12.64,-3.04,0.35,1787593903209.9204,False,,,2,OP1,C2_WIFI_CARGA_MEDIA,N1
,0.658,0.118,0.624,1.0,,1787593903273.3916,26.84,-12.64,-2.92,0.35,1787593903273.3916,False,,,2,OP1,C2_WIFI_CARGA_MEDIA,N1
,0.658,0.12,0.622,1.0,,1787593903302.77,26.77,-12.64,-2.8,0.35,1787593903302.77,False,,,2,OP1,C2_WIFI_CARGA_MEDIA,N1
,0.659,0.122,0.619,1.0,,1787593903326.427,26.665,-12.72,-2.68,0.35,1787593903327.5928,False,,,2,OP1,C2_WIFI_CARGA_MEDIA,N1
,0.66,0.126,0.619,1.0,,1787593903359.5227,26.665,-12.8,-2.44,0.35,1787593903361.2546,False,,,2,OP1,C2_WIFI_CARGA_MEDIA,N1
,0.661,0.13,0.618,1.0,,1787593903499.2112,26.63,-12.88,-2.2,0.35,1787593903499.2112,False,,,2,OP1,C2_WIFI_CARGA_MEDIA,N1
,0.661,0.139,0.609,1.0,,1787593903520.774,26.315,-12.88,-1.66,0.35,1787593903527.5112,False,,,2,OP1,C2_WIFI_CARGA_MEDIA,N1
,0.66,0.141,0.604,1.0,,1787593903541.5178,26.14,-12.8,-1.54,0.35,1787593903541.5178,False,,,2,OP1,C2_WIFI_CARGA_MEDIA,N1
,0.659,0.144,0.596,1.0,,1787593903573.6155,25.86,-12.72,-1.36,0.35,1787593903573.6155,False,,,2,OP1,C2_WIFI_CARGA_MEDIA,N1
,0.658,0.149,0.587,1.0,,1787593903604.4097,25.545,-12.64,-1.06,0.35,1787593903604.4097,False,,,2,OP1,C2_WIFI_CARGA_MEDIA,N1
,0.654,0.163,0.574,1.0,,1787593903630.8184,25.09,-12.32,-0.22,0.35,1787593903631.921,False,,,2,OP1,C2_WIFI_CARGA_MEDIA,N1
,0.645,0.183,0.551,1.0,,1787593903667.2825,24.285,-11.6,0.98,0.35,1787593903667.2825,False,,,2,OP1,C2_WIFI_CARGA_MEDIA,N1
,0.617,0.226,0.488,1.0,,1787593903708.442,22.08,-9.36,3.56,0.35,1787593903710.449,False,,,2,OP1,C2_WIFI_CARGA_MEDIA,N1
,0.601,0.244,0.468,1.0,,1787593903733.896,21.38,-8.08,4.64,0.35,1787593903733.896,False,,,2,OP1,C2_WIFI_CARGA_MEDIA,N1
,0.584,0.261,0.443,1.0,,1787593903776.1794,20.505,-6.72,5.66,0.35,1787593903778.1858,False,,,2,OP1,C2_WIFI_CARGA_MEDIA,N1
,0.569,0.276,0.413,1.0,,1787593903803.9192,19.455,-5.52,6.56,0.35,1787593903803.9192,False,,,2,OP1,C2_WIFI_CARGA_MEDIA,N1
,0.569,0.273,0.41,1.0,,1787593903831.8142,19.35,-5.52,6.38,0.35,1787593903833.1328,False,,,2,OP1,C2_WIFI_CARGA_MEDIA,N1
,0.568,0.274,0.404,1.0,,1787593903859.4617,19.14,-5.44,6.44,0.35,1787593903859.4617,False,,,2,OP1,C2_WIFI_CARGA_MEDIA,N1
,0.566,0.277,0.391,1.0,,1787593903911.488,18.685,-5.28,6.62,0.35,1787593903911.488,False,,,2,OP1,C2_WIFI_CARGA_MEDIA,N1
,0.565,0.279,0.384,1.0,,1787593903934.1294,18.44,-5.2,6.74,0.35,1787593903934.1294,False,,,2,OP1,C2_WIFI_CARGA_MEDIA,N1
,0.562,0.285,0.371,1.0,,1787593903971.2896,17.985,-4.96,7.1,0.35,1787593903973.2974,False,,,2,OP1,C2_WIFI_CARGA_MEDIA,N1
,0.558,0.29,0.355,1.0,,1787593904136.7751,17.425,-4.64,7.4,0.35,1787593904136.7751,False,,,2,OP1,C2_WIFI_CARGA_MEDIA,N1
,0.532,0.305,0.229,1.0,,1787593904167.413,13.015,-2.56,8.3,0.35,1787593904167.413,False,,,2,OP1,C2_WIFI_CARGA_MEDIA,N1
,0.526,0.312,0.174,1.0,,1787593904217.642,11.09,-2.08,8.72,0.35,1787593904217.642,False,,,2,OP1,C2_WIFI_CARGA_MEDIA,N1
,0.527,0.31,0.15,1.0,,1787593904278.4072,10.25,-2.16,8.6,0.35,1787593904278.4072,False,,,2,OP1,C2_WIFI_CARGA_MEDIA,N1
,0.53,0.308,0.143,1.0,,1787593904307.588,10.005,-2.4,8.48,0.35,1787593904307.588,False,,,2,OP1,C2_WIFI_CARGA_MEDIA,N1
,0.538,0.307,0.138,1.0,,1787593904347.1477,9.83,-3.04,8.42,0.35,1787593904347.1477,False,,,2,OP1,C2_WIFI_CARGA_MEDIA,N1
,0.544,0.308,0.143,1.0,,1787593904375.2205,10.005,-3.52,8.48,0.35,1787593904375.2205,False,,,2,OP1,C2_WIFI_CARGA_MEDIA,N1
,0.553,0.309,0.157,1.0,,1787593904414.204,10.495,-4.24,8.54,0.35,1787593904414.7112,False,,,2,OP1,C2_WIFI_CARGA_MEDIA,N1
,0.559,0.311,0.168,1.0,,1787593904437.4258,10.88,-4.72,8.66,0.35,1787593904438.1465,False,,,2,OP1,C2_WIFI_CARGA_MEDIA,N1
,0.567,0.306,0.18,1.0,,1787593904472.749,11.3,-5.36,8.36,0.35,1787593904474.7588,False,,,2,OP1,C2_WIFI_CARGA_MEDIA,N1
,0.578,0.301,0.198,1.0,,1787593904515.861,11.93,-6.24,8.06,0.35,1787593904515.861,False,,,2,OP1,C2_WIFI_CARGA_MEDIA,N1
,0.585,0.298,0.207,1.0,,1787593904549.517,12.245,-6.8,7.88,0.35,1787593904549.517,False,,,2,OP1,C2_WIFI_CARGA_MEDIA,N1
,0.593,0.297,0.225,1.0,,1787593904580.121,12.875,-7.44,7.82,0.35,1787593904580.9502,False,,,2,OP1,C2_WIFI_CARGA_MEDIA,N1
,0.602,0.297,0.247,1.0,,1787593904687.9211,13.645,-8.16,7.82,0.35,1787593904696.9531,False,,,2,OP1,C2_WIFI_CARGA_MEDIA,N1
,0.623,0.296,0.298,1.0,,1787593904750.9868,15.43,-9.84,7.76,0.35,1787593904750.9868,False,,,2,OP1,C2_WIFI_CARGA_MEDIA,N1
,0.625,0.296,0.312,1.0,,1787593904778.3406,15.92,-10.0,7.76,0.35,1787593904780.35,False,,,2,OP1,C2_WIFI_CARGA_MEDIA,N1
,0.628,0.296,0.326,1.0,,1787593904806.804,16.41,-10.24,7.76,0.35,1787593904808.0276,False,,,2,OP1,C2_WIFI_CARGA_MEDIA,N1
,0.63,0.294,0.365,1.0,,1787593904837.0493,17.775,-10.4,7.64,0.35,1787593904838.785,False,,,2,OP1,C2_WIFI_CARGA_MEDIA,N1
,0.63,0.293,0.386,1.0,,1787593904886.2612,18.51,-10.4,7.58,0.35,1787593904886.2612,False,,,2,OP1,C2_WIFI_CARGA_MEDIA,N1
,0.631,0.293,0.392,1.0,,1787593904908.1758,18.72,-10.48,7.58,0.35,1787593904909.11,False,,,2,OP1,C2_WIFI_CARGA_MEDIA,N1
,0.631,0.293,0.399,1.0,,1787593904944.7097,18.965,-10.48,7.58,0.35,1787593904946.7212,False,,,2,OP1,C2_WIFI_CARGA_MEDIA,N1
,0.632,0.293,0.415,1.0,,1787593904984.6394,19.525,-10.56,7.58,0.35,1787593904984.6394,False,,,2,OP1,C2_WIFI_CARGA_MEDIA,N1
,0.631,0.294,0.42,1.0,,1787593905017.3708,19.7,-10.48,7.64,0.35,1787593905017.3708,False,,,2,OP1,C2_WIFI_CARGA_MEDIA,N1
,0.63,0.295,0.425,1.0,,1787593905052.972,19.875,-10.4,7.7,0.35,1787593905052.972,False,,,2,OP1,C2_WIFI_CARGA_MEDIA,N1
,0.629,0.296,0.427,1.0,,1787593905084.7212,19.945,-10.32,7.76,0.35,1787593905084.7212,False,,,2,OP1,C2_WIFI_CARGA_MEDIA,N1
,0.628,0.297,0.432,1.0,,1787593905137.5105,20.12,-10.24,7.82,0.35,1787593905137.5105,False,,,2,OP1,C2_WIFI_CARGA_MEDIA,N1
,0.628,0.299,0.439,1.0,,1787593905181.0598,20.365,-10.24,7.94,0.35,1787593905181.0598,False,,,2,OP1,C2_WIFI_CARGA_MEDIA,N1
,0.627,0.299,0.443,1.0,,1787593905222.1528,20.505,-10.16,7.94,0.35,1787593905222.1528,False,,,2,OP1,C2_WIFI_CARGA_MEDIA,N1
,0.627,0.3,0.448,1.0,,1787593905243.568,20.68,-10.16,8.0,0.35,1787593905244.5676,False,,,2,OP1,C2_WIFI_CARGA_MEDIA,N1
,0.626,0.302,0.458,1.0,,1787593905279.5876,21.03,-10.08,8.12,0.35,1787593905281.6,False,,,2,OP1,C2_WIFI_CARGA_MEDIA,N1
,0.624,0.304,0.482,1.0,,1787593905323.0413,21.87,-9.92,8.24,0.35,1787593905323.0413,False,,,2,OP1,C2_WIFI_CARGA_MEDIA,N1
,0.622,0.304,0.492,1.0,,1787593905345.0227,22.22,-9.76,8.24,0.35,1787593905345.4268,False,,,2,OP1,C2_WIFI_CARGA_MEDIA,N1
,0.619,0.303,0.506,1.0,,1787593905387.553,22.71,-9.52,8.18,0.35,1787593905387.553,False,,,2,OP1,C2_WIFI_CARGA_MEDIA,N1
,0.615,0.302,0.52,1.0,,1787593905419.72,23.2,-9.2,8.12,0.35,1787593905419.72,False,,,2,OP1,C2_WIFI_CARGA_MEDIA,N1
,0.609,0.301,0.534,1.0,,1787593905443.5322,23.69,-8.72,8.06,0.35,1787593905444.5508,False,,,2,OP1,C2_WIFI_CARGA_MEDIA,N1
,0.603,0.294,0.56,1.0,,1787593905472.3987,24.6,-8.24,7.64,0.35,1787593905477.242,False,,,2,OP1,C2_WIFI_CARGA_MEDIA,N1
,0.594,0.29,0.583,1.0,,1787593905521.4358,25.405,-7.52,7.4,0.35,1787593905521.4358,False,,,2,OP1,C2_WIFI_CARGA_MEDIA,N1
,0.591,0.285,0.593,1.0,,1787593905545.8176,25.755,-7.28,7.1,0.35,1787593905547.0942,False,,,2,OP1,C2_WIFI_CARGA_MEDIA,N1
,0.59,0.281,0.602,1.0,,1787593905569.161,26.07,-7.2,6.86,0.35,1787593905571.6748,False,,,2,OP1,C2_WIFI_CARGA_MEDIA,N1
,0.589,0.276,0.612,1.0,,1787593905616.0327,26.42,-7.12,6.56,0.35,1787593905617.0283,False,,,2,OP1,C2_WIFI_CARGA_MEDIA,N1
,0.587,0.27,0.626,1.0,,1787593905652.682,26.91,-6.96,6.2,0.35,1787593905652.682,False,,,2,OP1,C2_WIFI_CARGA_MEDIA,N1
,0.587,0.268,0.628,1.0,,1787593905677.8325,26.98,-6.96,6.08,0.35,1787593905679.9626,False,,,2,OP1,C2_WIFI_CARGA_MEDIA,N1
,0.586,0.265,0.629,1.0,,1787593905723.0095,27.015,-6.88,5.9,0.35,1787593905723.0095,False,,,2,OP1,C2_WIFI_CARGA_MEDIA,N1
,0.587,0.26,0.63,1.0,,1787593905753.9146,27.05,-6.96,5.6,0.35,1787593905753.9146,False,,,2,OP1,C2_WIFI_CARGA_MEDIA,N1
,0.587,0.255,0.63,1.0,,1787593905779.2295,27.05,-6.96,5.3,0.35,1787593905779.2295,False,,,2,OP1,C2_WIFI_CARGA_MEDIA,N1
,0.59,0.244,0.623,1.0,,1787593905823.5989,26.805,-7.2,4.64,0.35,1787593905823.5989,False,,,2,OP1,C2_WIFI_CARGA_MEDIA,N1
,0.592,0.241,0.618,1.0,,1787593905856.2524,26.63,-7.36,4.46,0.35,1787593905856.2524,False,,,2,OP1,C2_WIFI_CARGA_MEDIA,N1
,0.594,0.24,0.612,1.0,,1787593905880.5208,26.42,-7.52,4.4,0.35,1787593905881.1582,False,,,2,OP1,C2_WIFI_CARGA_MEDIA,N1
,0.597,0.238,0.608,1.0,,1787593905921.3718,26.28,-7.76,4.28,0.35,1787593905921.3718,False,,,2,OP1,C2_WIFI_CARGA_MEDIA,N1
,0.6,0.236,0.602,1.0,,1787593905949.4744,26.07,-8.0,4.16,0.35,1787593905951.465,False,,,2,OP1,C2_WIFI_CARGA_MEDIA,N1
,0.608,0.235,0.589,1.0,,1787593905985.183,25.615,-8.64,4.1,0.35,1787593905985.183,False,,,2,OP1,C2_WIFI_CARGA_MEDIA,N1
,0.61,0.235,0.584,1.0,,1787593906027.236,25.44,-8.8,4.1,0.35,1787593906027.236,False,,,2,OP1,C2_WIFI_CARGA_MEDIA,N1
,0.612,0.235,0.58,1.0,,1787593906059.479,25.3,-8.96,4.1,0.35,1787593906059.479,False,,,2,OP1,C2_WIFI_CARGA_MEDIA,N1
,0.614,0.236,0.574,1.0,,1787593906082.7412,25.09,-9.12,4.16,0.35,1787593906083.7393,False,,,2,OP1,C2_WIFI_CARGA_MEDIA,N1
,0.617,0.238,0.563,1.0,,1787593906117.7456,24.705,-9.36,4.28,0.35,1787593906117.7456,False,,,2,OP1,C2_WIFI_CARGA_MEDIA,N1
,0.623,0.241,0.539,1.0,,1787593906156.6067,23.865,-9.84,4.46,0.35,1787593906157.6074,False,,,2,OP1,C2_WIFI_CARGA_MEDIA,N1
,0.627,0.241,0.528,1.0,,1787593906194.14,23.48,-10.16,4.46,0.35,1787593906194.14,False,,,2,OP1,C2_WIFI_CARGA_MEDIA,N1
,0.632,0.24,0.516,1.0,,1787593906215.4487,23.06,-10.56,4.4,0.35,1787593906218.4033,False,,,2,OP1,C2_WIFI_CARGA_MEDIA,N1
,0.637,0.238,0.504,1.0,,1787593906254.3413,22.64,-10.96,4.28,0.35,1787593906254.3413,False,,,2,OP1,C2_WIFI_CARGA_MEDIA,N1
,0.642,0.236,0.492,1.0,,1787593906296.8577,22.22,-11.36,4.16,0.35,1787593906296.8577,False,,,2,OP1,C2_WIFI_CARGA_MEDIA,N1
,0.644,0.237,0.485,1.0,,1787593906319.0874,21.975,-11.52,4.22,0.35,1787593906319.441,False,,,2,OP1,C2_WIFI_CARGA_MEDIA,N1
,0.644,0.238,0.477,1.0,,1787593906361.5957,21.695,-11.52,4.28,0.35,1787593906361.5957,False,,,2,OP1,C2_WIFI_CARGA_MEDIA,N1
,0.645,0.239,0.473,1.0,,1787593906392.1946,21.555,-11.6,4.34,0.35,1787593906392.1946,False,,,2,OP1,C2_WIFI_CARGA_MEDIA,N1
,0.645,0.239,0.47,1.0,,1787593906417.452,21.45,-11.6,4.34,0.35,1787593906419.379,False,,,2,OP1,C2_WIFI_CARGA_MEDIA,N1
,0.646,0.24,0.468,1.0,,1787593906446.7012,21.38,-11.68,4.4,0.35,1787593906446.7012,False,,,2,OP1,C2_WIFI_CARGA_MEDIA,N1
,0.647,0.241,0.466,1.0,,1787593906496.8838,21.31,-11.76,4.46,0.35,1787593906496.8838,False,,,2,OP1,C2_WIFI_CARGA_MEDIA,N1
,0.647,0.242,0.465,1.0,,1787593906518.702,21.275,-11.76,4.52,0.35,1787593906518.702,False,,,2,OP1,C2_WIFI_CARGA_MEDIA,N1
,0.648,0.243,0.466,1.0,,1787593906561.9104,21.31,-11.84,4.58,0.35,1787593906561.9104,False,,,2,OP1,C2_WIFI_CARGA_MEDIA,N1
,0.649,0.246,0.465,1.0,,1787593906614.3662,21.275,-11.92,4.76,0.35,1787593906614.3662,False,,,2,OP1,C2_WIFI_CARGA_MEDIA,N1
,0.65,0.247,0.466,1.0,,1787593906637.389,21.31,-12.0,4.82,0.35,1787593906646.7668,False,,,2,OP1,C2_WIFI_CARGA_MEDIA,N1
,0.65,0.249,0.469,1.0,,1787593906665.0488,21.415,-12.0,4.94,0.35,1787593906665.0488,False,,,2,OP1,C2_WIFI_CARGA_MEDIA,N1
,0.651,0.251,0.472,1.0,,1787593906701.743,21.52,-12.08,5.06,0.35,1787593906702.3877,False,,,2,OP1,C2_WIFI_CARGA_MEDIA,N1
,0.65,0.254,0.478,1.0,,1787593906756.4744,21.73,-12.0,5.24,0.35,1787593906758.485,False,,,2,OP1,C2_WIFI_CARGA_MEDIA,N1
,0.649,0.259,0.495,1.0,,1787593906801.0889,22.325,-11.92,5.54,0.35,1787593906801.0889,False,,,2,OP1,C2_WIFI_CARGA_MEDIA,N1
,0.647,0.263,0.51,1.0,,1787593906822.2534,22.85,-11.76,5.78,0.35,1787593906823.2534,False,,,2,OP1,C2_WIFI_CARGA_MEDIA,N1
,0.646,0.266,0.521,1.0,,1787593906855.8284,23.235,-11.68,5.96,0.35,1787593906856.5022,False,,,2,OP1,C2_WIFI_CARGA_MEDIA,N1
,0.645,0.267,0.529,1.0,,1787593906894.2104,23.515,-11.6,6.02,0.35,1787593906894.2104,False,,,2,OP1,C2_WIFI_CARGA_MEDIA,N1
,0.642,0.268,0.547,1.0,,1787593906946.901,24.145,-11.36,6.08,0.35,1787593906952.858,False,,,2,OP1,C2_WIFI_CARGA_MEDIA,N1
,0.639,0.27,0.569,1.0,,1787593907001.0408,24.915,-11.12,6.2,0.35,1787593907001.0408,False,,,2,OP1,C2_WIFI_CARGA_MEDIA,N1
,0.636,0.272,0.582,1.0,,1787593907034.876,25.37,-10.88,6.32,0.35,1787593907034.876,False,,,2,OP1,C2_WIFI_CARGA_MEDIA,N1
,0.634,0.274,0.594,1.0,,1787593907056.863,25.79,-10.72,6.44,0.35,1787593907057.8647,False,,,2,OP1,C2_WIFI_CARGA_MEDIA,N1
,0.631,0.277,0.605,1.0,,1787593907091.66,26.175,-10.48,6.62,0.35,1787593907092.6538,False,,,2,OP1,C2_WIFI_CARGA_MEDIA,N1
,0.63,0.277,0.609,1.0,,1787593907115.3408,26.315,-10.4,6.62,0.35,1787593907115.3408,False,,,2,OP1,C2_WIFI_CARGA_MEDIA,N1
,0.629,0.278,0.618,1.0,,1787593907168.024,26.63,-10.32,6.68,0.35,1787593907168.024,False,,,2,OP1,C2_WIFI_CARGA_MEDIA,N1
,0.628,0.278,0.624,1.0,,1787593907209.1355,26.84,-10.24,6.68,0.35,1787593907210.14,False,,,2,OP1,C2_WIFI_CARGA_MEDIA,N1
,0.627,0.279,0.638,1.0,,1787593907252.9192,27.33,-10.16,6.74,0.35,1787593907252.9192,False,,,2,OP1,C2_WIFI_CARGA_MEDIA,N1
,0.627,0.279,0.643,1.0,,1787593907431.569,27.505,-10.16,6.74,0.35,1787593907431.569,False,,,2,OP1,C2_WIFI_CARGA_MEDIA,N1
,0.628,0.28,0.66,1.0,,1787593907461.803,28.1,-10.24,6.8,0.35,1787593907461.803,False,,,2,OP1,C2_WIFI_CARGA_MEDIA,N1
,0.629,0.279,0.662,1.0,,1787593907508.9912,28.17,-10.32,6.74,0.35,1787593907508.9912,False,,,2,OP1,C2_WIFI_CARGA_MEDIA,N1
,0.629,0.278,0.662,1.0,,1787593907560.3542,28.17,-10.32,6.68,0.35,1787593907562.1077,False,,,2,OP1,C2_WIFI_CARGA_MEDIA,N1
,0.63,0.276,0.66,1.0,,1787593907607.9622,28.1,-10.4,6.56,0.35,1787593907607.9622,False,,,2,OP1,C2_WIFI_CARGA_MEDIA,N1
,0.63,0.274,0.657,1.0,,1787593907638.578,27.995,-10.4,6.44,0.35,1787593907638.578,False,,,2,OP1,C2_WIFI_CARGA_MEDIA,N1
,0.631,0.271,0.654,1.0,,1787593907662.4636,27.89,-10.48,6.26,0.35,1787593907663.2344,False,,,2,OP1,C2_WIFI_CARGA_MEDIA,N1
,0.632,0.269,0.651,1.0,,1787593907704.8694,27.785,-10.56,6.14,0.35,1787593907704.8694,False,,,2,OP1,C2_WIFI_CARGA_MEDIA,N1
,0.634,0.267,0.648,1.0,,1787593907730.738,27.68,-10.72,6.02,0.35,1787593907730.738,False,,,2,OP1,C2_WIFI_CARGA_MEDIA,N1
,0.635,0.264,0.644,1.0,,1787593907754.0142,27.54,-10.8,5.84,0.35,1787593907754.0142,False,,,2,OP1,C2_WIFI_CARGA_MEDIA,N1
,0.637,0.262,0.641,1.0,,1787593907775.1716,27.435,-10.96,5.72,0.35,1787593907775.1716,False,,,2,OP1,C2_WIFI_CARGA_MEDIA,N1
,0.638,0.261,0.64,1.0,,1787593907801.205,27.4,-11.04,5.66,0.35,1787593907807.886,False,,,2,OP1,C2_WIFI_CARGA_MEDIA,N1
,0.639,0.26,0.638,1.0,,1787593907841.3088,27.33,-11.12,5.6,0.35,1787593907841.3088,False,,,2,OP1,C2_WIFI_CARGA_MEDIA,N1
,0.64,0.26,0.636,1.0,,1787593907862.908,27.26,-11.2,5.6,0.35,1787593907864.3896,False,,,2,OP1,C2_WIFI_CARGA_MEDIA,N1
,0.641,0.259,0.635,1.0,,1787593907899.2234,27.225,-11.28,5.54,0.35,1787593907899.2234,False,,,2,OP1,C2_WIFI_CARGA_MEDIA,N1
,0.644,0.258,0.632,1.0,,1787593907941.3884,27.12,-11.52,5.48,0.35,1787593907941.3884,False,,,2,OP1,C2_WIFI_CARGA_MEDIA,N1
,0.646,0.257,0.63,1.0,,1787593907962.744,27.05,-11.68,5.42,0.35,1787593907964.257,False,,,2,OP1,C2_WIFI_CARGA_MEDIA,N1
,0.649,0.256,0.629,1.0,,1787593908007.7446,27.015,-11.92,5.36,0.35,1787593908007.7446,False,,,2,OP1,C2_WIFI_CARGA_MEDIA,N1
,0.651,0.256,0.626,1.0,,1787593908037.2646,26.91,-12.08,5.36,0.35,1787593908037.2646,False,,,2,OP1,C2_WIFI_CARGA_MEDIA,N1
,0.653,0.256,0.624,1.0,,1787593908058.132,26.84,-12.24,5.36,0.35,1787593908062.5488,False,,,2,OP1,C2_WIFI_CARGA_MEDIA,N1
,0.658,0.256,0.619,1.0,,1787593908109.0825,26.665,-12.64,5.36,0.35,1787593908109.0825,False,,,2,OP1,C2_WIFI_CARGA_MEDIA,N1
,0.659,0.257,0.617,1.0,,1787593908143.0037,26.595,-12.72,5.42,0.35,1787593908143.0037,False,,,2,OP1,C2_WIFI_CARGA_MEDIA,N1
,0.66,0.258,0.616,1.0,,1787593908165.6274,26.56,-12.8,5.48,0.35,1787593908165.6274,False,,,2,OP1,C2_WIFI_CARGA_MEDIA,N1
,0.661,0.258,0.615,1.0,,1787593908204.9438,26.525,-12.88,5.48,0.35,1787593908204.9438,False,,,2,OP1,C2_WIFI_CARGA_MEDIA,N1
,0.662,0.258,0.614,1.0,,1787593908260.1167,26.49,-12.96,5.48,0.35,1787593908261.6428,False,,,2,OP1,C2_WIFI_CARGA_MEDIA,N1
,0.665,0.258,0.612,1.0,,1787593908312.6123,26.42,-13.2,5.48,0.35,1787593908314.619,False,,,2,OP1,C2_WIFI_CARGA_MEDIA,N1
,0.666,0.258,0.612,1.0,,1787593908342.606,26.42,-13.28,5.48,0.35,1787593908342.606,False,,,2,OP1,C2_WIFI_CARGA_MEDIA,N1
,0.667,0.258,0.613,1.0,,1787593908368.973,26.455,-13.36,5.48,0.35,1787593908370.8596,False,,,2,OP1,C2_WIFI_CARGA_MEDIA,N1
,0.669,0.258,0.616,1.0,,1787593908415.9868,26.56,-13.52,5.48,0.35,1787593908415.9868,False,,,2,OP1,C2_WIFI_CARGA_MEDIA,N1
,0.67,0.259,0.619,1.0,,1787593908447.267,26.665,-13.6,5.54,0.35,1787593908448.1804,False,,,2,OP1,C2_WIFI_CARGA_MEDIA,N1
,0.671,0.262,0.625,1.0,,1787593908485.6338,26.875,-13.68,5.72,0.35,1787593908485.6338,False,,,2,OP1,C2_WIFI_CARGA_MEDIA,N1
,0.673,0.264,0.639,1.0,,1787593908534.7654,27.365,-13.84,5.84,0.35,1787593908537.4363,False,,,2,OP1,C2_WIFI_CARGA_MEDIA,N1
,0.674,0.266,0.642,1.0,,1787593908594.9258,27.47,-13.92,5.96,0.35,1787593908594.9258,False,,,2,OP1,C2_WIFI_CARGA_MEDIA,N1
,0.675,0.266,0.648,1.0,,1787593908649.4614,27.68,-14.0,5.96,0.35,1787593908651.4692,False,,,2,OP1,C2_WIFI_CARGA_MEDIA,N1
,0.673,0.267,0.652,1.0,,1787593908703.868,27.82,-13.84,6.02,0.35,1787593908703.868,False,,,2,OP1,C2_WIFI_CARGA_MEDIA,N1
,0.672,0.268,0.653,1.0,,1787593908728.0657,27.855,-13.76,6.08,0.35,1787593908728.0657,False,,,2,OP1,C2_WIFI_CARGA_MEDIA,N1
,0.665,0.275,0.653,0.523,,1787593908780.9077,27.855,-13.2,6.5,0.8508,1787593908780.9077,False,,,2,OP1,C2_WIFI_CARGA_MEDIA,N1
,0.664,0.281,0.651,0.0,,1787593908816.3108,27.785,-13.12,6.86,1.4,1787593908817.4644,False,,,2,OP1,C2_WIFI_CARGA_MEDIA,N1
,0.661,0.287,0.651,0.084,,1787593908837.4104,27.785,-12.88,7.22,1.3118,1787593908847.0142,False,,,2,OP1,C2_WIFI_CARGA_MEDIA,N1
,0.658,0.287,0.655,0.102,,1787593908863.363,27.925,-12.64,7.22,1.2929,1787593908863.363,False,,,2,OP1,C2_WIFI_CARGA_MEDIA,N1
,0.654,0.29,0.652,0.112,,1787593908901.4792,27.82,-12.32,7.4,1.2824,1787593908901.4792,False,,,2,OP1,C2_WIFI_CARGA_MEDIA,N1
,0.65,0.294,0.643,0.087,,1787593909036.7542,27.505,-12.0,7.64,1.3086,1787593909036.7542,False,,,2,OP1,C2_WIFI_CARGA_MEDIA,N1
,0.65,0.284,0.645,0.0,,1787593909056.8533,27.575,-12.0,7.04,1.4,1787593909056.8533,False,,,2,OP1,C2_WIFI_CARGA_MEDIA,N1
,0.652,0.281,0.651,0.0,,1787593909122.0872,27.785,-12.16,6.86,1.4,1787593909124.0952,False,,,2,OP1,C2_WIFI_CARGA_MEDIA,N1
,0.652,0.281,0.65,0.0,,1787593909147.941,27.75,-12.16,6.86,1.4,1787593909149.3752,False,,,2,OP1,C2_WIFI_CARGA_MEDIA,N1
,0.652,0.283,0.646,0.0,,1787593909186.9883,27.61,-12.16,6.98,1.4,1787593909188.0725,False,,,2,OP1,C2_WIFI_CARGA_MEDIA,N1
,0.651,0.284,0.644,0.0,,1787593909233.7354,27.54,-12.08,7.04,1.4,1787593909233.7354,False,,,2,OP1,C2_WIFI_CARGA_MEDIA,N1
,0.651,0.284,0.642,0.0,,1787593909259.484,27.47,-12.08,7.04,1.4,1787593909262.3406,False,,,2,OP1,C2_WIFI_CARGA_MEDIA,N1
,0.651,0.285,0.637,0.0,,1787593909290.0386,27.295,-12.08,7.1,1.4,1787593909290.0386,False,,,2,OP1,C2_WIFI_CARGA_MEDIA,N1
,0.65,0.285,0.63,0.0,,1787593909338.5933,27.05,-12.0,7.1,1.4,1787593909339.5906,False,,,2,OP1,C2_WIFI_CARGA_MEDIA,N1
,0.65,0.285,0.629,0.0,,1787593909374.8528,27.015,-12.0,7.1,1.4,1787593909374.8528,False,,,2,OP1,C2_WIFI_CARGA_MEDIA,N1
,0.651,0.283,0.629,0.0,,1787593909429.3916,27.015,-12.08,6.98,1.4,1787593909431.4028,False,,,2,OP1,C2_WIFI_CARGA_MEDIA,N1
,0.652,0.281,0.627,0.0,,1787593909486.418,26.945,-12.16,6.86,1.4,1787593909486.418,False,,,2,OP1,C2_WIFI_CARGA_MEDIA,N1
,0.652,0.28,0.627,0.0,,1787593909509.2546,26.945,-12.16,6.8,1.4,1787593909509.2546,False,,,2,OP1,C2_WIFI_CARGA_MEDIA,N1
,0.653,0.28,0.627,0.0,,1787593909530.9883,26.945,-12.24,6.8,1.4,1787593909532.171,False,,,2,OP1,C2_WIFI_CARGA_MEDIA,N1
,0.653,0.279,0.627,0.0,,1787593909557.639,26.945,-12.24,6.74,1.4,1787593909557.639,False,,,2,OP1,C2_WIFI_CARGA_MEDIA,N1
,0.654,0.279,0.627,0.0,,1787593909594.6772,26.945,-12.32,6.74,1.4,1787593909597.1826,False,,,2,OP1,C2_WIFI_CARGA_MEDIA,N1
,0.655,0.278,0.628,0.0,,1787593909649.6584,26.98,-12.4,6.68,1.4,1787593909650.172,False,,,2,OP1,C2_WIFI_CARGA_MEDIA,N1
,0.656,0.277,0.63,0.0,,1787593909699.4844,27.05,-12.48,6.62,1.4,1787593909700.5862,False,,,2,OP1,C2_WIFI_CARGA_MEDIA,N1
,0.656,0.277,0.63,0.0,,1787593909736.832,27.05,-12.48,6.62,1.4,1787593909737.319,False,,,2,OP1,C2_WIFI_CARGA_MEDIA,N1
,0.657,0.278,0.629,0.0,,1787593909781.5034,27.015,-12.56,6.68,1.4,1787593909781.5034,False,,,2,OP1,C2_WIFI_CARGA_MEDIA,N1
,0.657,0.278,0.628,0.0,,1787593909804.0264,26.98,-12.56,6.68,1.4,1787593909805.0413,False,,,2,OP1,C2_WIFI_CARGA_MEDIA,N1
,0.658,0.279,0.627,0.0,,1787593909958.0476,26.945,-12.64,6.74,1.4,1787593909958.0476,False,,,2,OP1,C2_WIFI_CARGA_MEDIA,N1
,0.658,0.277,0.624,0.0,,1787593910001.063,26.84,-12.64,6.62,1.4,1787593910001.063,False,,,2,OP1,C2_WIFI_CARGA_MEDIA,N1
,0.658,0.277,0.623,0.0,,1787593910043.6775,26.805,-12.64,6.62,1.4,1787593910043.6775,False,,,2,OP1,C2_WIFI_CARGA_MEDIA,N1
,0.658,0.277,0.621,0.0,,1787593910087.3232,26.735,-12.64,6.62,1.4,1787593910087.3232,False,,,2,OP1,C2_WIFI_CARGA_MEDIA,N1
,0.658,0.277,0.619,0.0,,1787593910126.3042,26.665,-12.64,6.62,1.4,1787593910127.308,False,,,2,OP1,C2_WIFI_CARGA_MEDIA,N1
,0.658,0.276,0.616,0.0,,1787593910162.3484,26.56,-12.64,6.56,1.4,1787593910163.1614,False,,,2,OP1,C2_WIFI_CARGA_MEDIA,N1
,0.658,0.275,0.614,0.0,,1787593910197.0212,26.49,-12.64,6.5,1.4,1787593910197.0212,False,,,2,OP1,C2_WIFI_CARGA_MEDIA,N1
,0.658,0.275,0.613,0.0,,1787593910220.116,26.455,-12.64,6.5,1.4,1787593910220.116,False,,,2,OP1,C2_WIFI_CARGA_MEDIA,N1
,0.659,0.274,0.612,0.0,,1787593910261.5947,26.42,-12.72,6.44,1.4,1787593910261.5947,False,,,2,OP1,C2_WIFI_CARGA_MEDIA,N1
,0.659,0.274,0.611,0.0,,1787593910290.0542,26.385,-12.72,6.44,1.4,1787593910292.0735,False,,,2,OP1,C2_WIFI_CARGA_MEDIA,N1
,0.658,0.274,0.611,0.0,,1787593910335.0798,26.385,-12.64,6.44,1.4,1787593910335.0798,False,,,2,OP1,C2_WIFI_CARGA_MEDIA,N1
,0.658,0.274,0.61,0.0,,1787593910377.046,26.35,-12.64,6.44,1.4,1787593910379.1958,False,,,2,OP1,C2_WIFI_CARGA_MEDIA,N1
,0.658,0.276,0.611,0.0,,1787593910426.0728,26.385,-12.64,6.56,1.4,1787593910426.0728,False,,,2,OP1,C2_WIFI_CARGA_MEDIA,N1
,0.658,0.276,0.61,0.0,,1787593910624.0933,26.35,-12.64,6.56,1.4,1787593910624.0933,False,,,2,OP1,C2_WIFI_CARGA_MEDIA,N1
,0.659,0.279,0.605,0.0,,1787593910681.2363,26.175,-12.72,6.74,1.4,1787593910681.2363,False,,,2,OP1,C2_WIFI_CARGA_MEDIA,N1
,0.658,0.28,0.604,0.0,,1787593910729.2207,26.14,-12.64,6.8,1.4,1787593910731.2266,False,,,2,OP1,C2_WIFI_CARGA_MEDIA,N1
,0.656,0.282,0.603,0.0,,1787593910762.7595,26.105,-12.48,6.92,1.4,1787593910762.7595,False,,,2,OP1,C2_WIFI_CARGA_MEDIA,N1
,0.655,0.283,0.603,0.0,,1787593910788.2683,26.105,-12.4,6.98,1.4,1787593910788.629,False,,,2,OP1,C2_WIFI_CARGA_MEDIA,N1
,0.654,0.285,0.604,0.0,,1787593910823.506,26.14,-12.32,7.1,1.4,1787593910823.506,False,,,2,OP1,C2_WIFI_CARGA_MEDIA,N1
,0.651,0.288,0.606,0.0,,1787593910858.3586,26.21,-12.08,7.28,1.4,1787593910858.3586,False,,,2,OP1,C2_WIFI_CARGA_MEDIA,N1
,0.649,0.292,0.606,0.0,,1787593910886.726,26.21,-11.92,7.52,1.4,1787593910887.9124,False,,,2,OP1,C2_WIFI_CARGA_MEDIA,N1
,0.646,0.296,0.606,0.0,,1787593910933.535,26.21,-11.68,7.76,1.4,1787593910934.2222,False,,,2,OP1,C2_WIFI_CARGA_MEDIA,N1
,0.644,0.3,0.601,0.0,,1787593910958.897,26.035,-11.52,8.0,1.4,1787593910960.9053,False,,,2,OP1,C2_WIFI_CARGA_MEDIA,N1
,0.642,0.304,0.597,0.0,,1787593910986.9397,25.895,-11.36,8.24,1.4,1787593910988.7324,False,,,2,OP1,C2_WIFI_CARGA_MEDIA,N1
,0.641,0.309,0.595,0.0,,1787593911139.9873,25.825,-11.28,8.54,1.4,1787593911140.5947,False,,,2,OP1,C2_WIFI_CARGA_MEDIA,N1
,0.635,0.322,0.593,0.0,,1787593911174.7192,25.755,-10.8,9.32,1.4,1787593911174.7192,False,,,2,OP1,C2_WIFI_CARGA_MEDIA,N1
,0.634,0.322,0.587,0.0,,1787593911232.2678,25.545,-10.72,9.32,1.4,1787593911232.2678,False,,,2,OP1,C2_WIFI_CARGA_MEDIA,N1
,0.633,0.323,0.579,0.0,,1787593911265.8726,25.265,-10.64,9.38,1.4,1787593911265.8726,False,,,2,OP1,C2_WIFI_CARGA_MEDIA,N1
,0.633,0.321,0.571,0.0,,1787593911290.2896,24.985,-10.64,9.26,1.4,1787593911290.2896,False,,,2,OP1,C2_WIFI_CARGA_MEDIA,N1
,0.633,0.32,0.561,0.0,,1787593911323.6975,24.635,-10.64,9.2,1.4,1787593911324.4714,False,,,2,OP1,C2_WIFI_CARGA_MEDIA,N1
,0.632,0.314,0.542,0.0,,1787593911366.0334,23.97,-10.56,8.84,1.4,1787593911368.041,False,,,2,OP1,C2_WIFI_CARGA_MEDIA,N1
,0.633,0.312,0.535,0.0,,1787593911390.9253,23.725,-10.64,8.72,1.4,1787593911391.9424,False,,,2,OP1,C2_WIFI_CARGA_MEDIA,N1
,0.634,0.31,0.524,0.0,,1787593911442.4517,23.34,-10.72,8.6,1.4,1787593911443.4507,False,,,2,OP1,C2_WIFI_CARGA_MEDIA,N1
,0.636,0.309,0.502,0.0,,1787593911485.8145,22.57,-10.88,8.54,1.4,1787593911488.7175,False,,,2,OP1,C2_WIFI_CARGA_MEDIA,N1
,0.638,0.309,0.481,0.0,,1787593911530.723,21.835,-11.04,8.54,1.4,1787593911530.723,False,,,2,OP1,C2_WIFI_CARGA_MEDIA,N1
,0.639,0.31,0.47,0.0,,1787593911571.4275,21.45,-11.12,8.6,1.4,1787593911571.4275,False,,,2,OP1,C2_WIFI_CARGA_MEDIA,N1
,0.639,0.31,0.457,0.0,,1787593911710.6482,20.995,-11.12,8.6,1.4,1787593911710.6482,False,,,2,OP1,C2_WIFI_CARGA_MEDIA,N1
,0.624,0.338,0.352,0.0,,1787593911739.344,17.32,-9.92,10.28,1.4,1787593911739.344,False,,,2,OP1,C2_WIFI_CARGA_MEDIA,N1
,0.617,0.347,0.327,0.0,,1787593911768.0017,16.445,-9.36,10.82,1.4,1787593911768.508,False,,,2,OP1,C2_WIFI_CARGA_MEDIA,N1
,0.604,0.359,0.286,0.0,,1787593911794.63,15.01,-8.32,11.54,1.4,1787593911795.1924,False,,,2,OP1,C2_WIFI_CARGA_MEDIA,N1
,0.596,0.371,0.257,0.0,,1787593911821.9043,13.995,-7.68,12.26,1.4,1787593911825.3953,False,,,2,OP1,C2_WIFI_CARGA_MEDIA,N1
,0.587,0.383,0.214,0.0,,1787593911869.0042,12.49,-6.96,12.98,1.4,1787593911869.0042,False,,,2,OP1,C2_WIFI_CARGA_MEDIA,N1
,0.585,0.386,0.197,0.0,,1787593911894.8342,11.895,-6.8,13.16,1.4,1787593911895.8872,False,,,2,OP1,C2_WIFI_CARGA_MEDIA,N1
,0.581,0.387,0.182,0.0,,1787593911935.9165,11.37,-6.48,13.22,1.4,1787593911935.9165,False,,,2,OP1,C2_WIFI_CARGA_MEDIA,N1
,0.576,0.386,0.136,0.0,,1787593911979.2302,9.76,-6.08,13.16,1.4,1787593911980.44,False,,,2,OP1,C2_WIFI_CARGA_MEDIA,N1
,0.573,0.383,0.106,0.0,,1787593912003.6526,8.71,-5.84,12.98,1.4,1787593912003.6526,False,,,2,OP1,C2_WIFI_CARGA_MEDIA,N1
,0.569,0.379,0.076,0.0,,1787593912035.885,7.66,-5.52,12.74,1.4,1787593912035.885,False,,,2,OP1,C2_WIFI_CARGA_MEDIA,N1
,0.554,0.387,0.033,0.0,,1787593912073.3582,6.155,-4.32,13.22,1.4,1787593912073.3582,False,,,2,OP1,C2_WIFI_CARGA_MEDIA,N1
,0.546,0.391,0.009,0.0,,1787593912101.0962,5.315,-3.68,13.46,1.4,1787593912103.1042,False,,,2,OP1,C2_WIFI_CARGA_MEDIA,N1
,0.54,0.395,0.0,0.0,,1787593912129.5857,5.0,-3.2,13.7,1.4,1787593912131.1133,False,,,2,OP1,C2_WIFI_CARGA_MEDIA,N1
,0.532,0.403,0.0,0.0,,1787593912157.6746,5.0,-2.56,14.18,1.4,1787593912157.6746,False,,,2,OP1,C2_WIFI_CARGA_MEDIA,N1
,0.514,0.414,0.0,0.0,,1787593912205.8923,5.0,-1.12,14.84,1.4,1787593912207.8987,False,,,2,OP1,C2_WIFI_CARGA_MEDIA,N1
,0.51,0.412,0.0,0.0,,1787593912229.136,5.0,-0.8,14.72,1.4,1787593912231.15,False,,,2,OP1,C2_WIFI_CARGA_MEDIA,N1
,0.506,0.409,0.0,0.0,,1787593912269.9417,5.0,-0.48,14.54,1.4,1787593912270.4773,False,,,2,OP1,C2_WIFI_CARGA_MEDIA,N1
,0.5,0.399,0.0,0.0,,1787593912309.92,5.0,0.0,13.94,1.4,1787593912309.92,False,,,2,OP1,C2_WIFI_CARGA_MEDIA,N1
,0.497,0.396,0.0,0.0,,1787593912331.6838,5.0,0.24,13.76,1.4,1787593912333.6843,False,,,2,OP1,C2_WIFI_CARGA_MEDIA,N1
,0.493,0.393,0.0,0.0,,1787593912377.4326,5.0,0.56,13.58,1.4,1787593912378.131,False,,,2,OP1,C2_WIFI_CARGA_MEDIA,N1
,0.489,0.391,0.0,0.0,,1787593912409.6008,5.0,0.88,13.46,1.4,1787593912409.6008,False,,,2,OP1,C2_WIFI_CARGA_MEDIA,N1
,0.475,0.392,0.0,0.0,,1787593912431.4011,5.0,2.0,13.52,1.4,1787593912433.4226,False,,,2,OP1,C2_WIFI_CARGA_MEDIA,N1
,0.467,0.392,0.0,0.0,,1787593912464.481,5.0,2.64,13.52,1.4,1787593912465.034,False,,,2,OP1,C2_WIFI_CARGA_MEDIA,N1
,0.465,0.389,0.0,0.0,,1787593912511.6196,5.0,2.8,13.34,1.4,1787593912512.3142,False,,,2,OP1,C2_WIFI_CARGA_MEDIA,N1
,0.465,0.387,0.0,0.0,,1787593912537.972,5.0,2.8,13.22,1.4,1787593912538.9707,False,,,2,OP1,C2_WIFI_CARGA_MEDIA,N1
,0.466,0.382,0.0,0.0,,1787593912575.0544,5.0,2.72,12.92,1.4,1787593912575.0544,False,,,2,OP1,C2_WIFI_CARGA_MEDIA,N1
,0.463,0.376,0.0,0.0,,1787593912616.498,5.0,2.96,12.56,1.4,1787593912632.548,False,,,2,OP1,C2_WIFI_CARGA_MEDIA,N1
,0.453,0.374,0.0,0.0,,1787593912678.464,5.0,3.76,12.44,1.4,1787593912678.464,False,,,2,OP1,C2_WIFI_CARGA_MEDIA,N1
,0.452,0.373,0.0,0.0,,1787593912713.3044,5.0,3.84,12.38,1.4,1787593912717.2617,False,,,2,OP1,C2_WIFI_CARGA_MEDIA,N1
,0.441,0.374,0.004,0.0,,1787593912764.526,5.14,4.72,12.44,1.4,1787593912764.526,False,,,2,OP1,C2_WIFI_CARGA_MEDIA,N1
,0.435,0.373,0.019,0.0,,1787593912784.8594,5.665,5.2,12.38,1.4,1787593912784.8594,False,,,2,OP1,C2_WIFI_CARGA_MEDIA,N1
,0.429,0.372,0.035,0.0,,1787593912827.4744,6.225,5.68,12.32,1.4,1787593912828.473,False,,,2,OP1,C2_WIFI_CARGA_MEDIA,N1
,0.42,0.367,0.073,0.0,,1787593912872.2893,7.555,6.4,12.02,1.4,1787593912879.1155,False,,,2,OP1,C2_WIFI_CARGA_MEDIA,N1
,0.42,0.362,0.09,0.0,,1787593912910.9504,8.15,6.4,11.72,1.4,1787593912910.9504,False,,,2,OP1,C2_WIFI_CARGA_MEDIA,N1
,0.418,0.352,0.128,0.0,,1787593912958.0208,9.48,6.56,11.12,1.4,1787593912958.0208,False,,,2,OP1,C2_WIFI_CARGA_MEDIA,N1
,0.418,0.348,0.141,0.0,,1787593912984.192,9.935,6.56,10.88,1.4,1787593912985.1875,False,,,2,OP1,C2_WIFI_CARGA_MEDIA,N1
,0.418,0.345,0.15,0.0,,1787593913007.6675,10.25,6.56,10.7,1.4,1787593913007.6675,False,,,2,OP1,C2_WIFI_CARGA_MEDIA,N1
,0.418,0.343,0.155,0.0,,1787593913036.7998,10.425,6.56,10.58,1.4,1787593913036.7998,False,,,2,OP1,C2_WIFI_CARGA_MEDIA,N1
,0.418,0.342,0.157,0.0,,1787593913062.8457,10.495,6.56,10.52,1.4,1787593913069.8298,False,,,2,OP1,C2_WIFI_CARGA_MEDIA,N1
,0.418,0.342,0.159,0.0,,1787593913105.2517,10.565,6.56,10.52,1.4,1787593913105.2517,False,,,2,OP1,C2_WIFI_CARGA_MEDIA,N1
,0.419,0.341,0.163,0.0,,1787593913142.4023,10.705,6.48,10.46,1.4,1787593913143.501,False,,,2,OP1,C2_WIFI_CARGA_MEDIA,N1
,0.419,0.341,0.164,0.0,,1787593913173.4695,10.74,6.48,10.46,1.4,1787593913174.2876,False,,,2,OP1,C2_WIFI_CARGA_MEDIA,N1
,0.42,0.34,0.164,0.0,,1787593913197.4805,10.74,6.4,10.4,1.4,1787593913198.804,False,,,2,OP1,C2_WIFI_CARGA_MEDIA,N1
,0.421,0.34,0.162,0.0,,1787593913226.418,10.67,6.32,10.4,1.4,1787593913226.418,False,,,2,OP1,C2_WIFI_CARGA_MEDIA,N1
,0.423,0.34,0.158,0.0,,1787593913251.5442,10.53,6.16,10.4,1.4,1787593913252.2654,False,,,2,OP1,C2_WIFI_CARGA_MEDIA,N1
,0.425,0.339,0.154,0.0,,1787593913300.0005,10.39,6.0,10.34,1.4,1787593913301.3977,False,,,2,OP1,C2_WIFI_CARGA_MEDIA,N1
,0.432,0.339,0.147,0.0,,1787593913350.527,10.145,5.44,10.34,1.4,1787593913352.0603,False,,,2,OP1,C2_WIFI_CARGA_MEDIA,N1
,0.438,0.339,0.142,0.0,,1787593913384.0312,9.97,4.96,10.34,1.4,1787593913384.0312,False,,,2,OP1,C2_WIFI_CARGA_MEDIA,N1
,0.45,0.339,0.129,0.0,,1787593913423.5627,9.515,4.0,10.34,1.4,1787593913423.5627,False,,,2,OP1,C2_WIFI_CARGA_MEDIA,N1
,0.453,0.339,0.125,0.0,,1787593913449.587,9.375,3.76,10.34,1.4,1787593913450.0503,False,,,2,OP1,C2_WIFI_CARGA_MEDIA,N1
,0.455,0.339,0.121,0.0,,1787593913488.6155,9.235,3.6,10.34,1.4,1787593913488.6155,False,,,2,OP1,C2_WIFI_CARGA_MEDIA,N1
,0.458,0.341,0.111,0.0,,1787593913548.583,8.885,3.36,10.46,1.4,1787593913548.583,False,,,2,OP1,C2_WIFI_CARGA_MEDIA,N1
,0.461,0.342,0.105,0.0,,1787593913571.2544,8.675,3.12,10.52,1.4,1787593913572.2517,False,,,2,OP1,C2_WIFI_CARGA_MEDIA,N1
,0.464,0.343,0.1,0.0,,1787593913593.319,8.5,2.88,10.58,1.4,1787593913593.319,False,,,2,OP1,C2_WIFI_CARGA_MEDIA,N1
,0.468,0.345,0.095,0.0,,1787593913620.2656,8.325,2.56,10.7,1.4,1787593913620.2656,False,,,2,OP1,C2_WIFI_CARGA_MEDIA,N1
,0.472,0.345,0.089,0.0,,1787593913661.2544,8.115,2.24,10.7,1.4,1787593913661.2544,False,,,2,OP1,C2_WIFI_CARGA_MEDIA,N1
,0.482,0.343,0.07,0.0,,1787593913690.9526,7.45,1.44,10.58,1.4,1787593913690.9526,False,,,2,OP1,C2_WIFI_CARGA_MEDIA,N1
,0.486,0.342,0.058,0.0,,1787593913732.0664,7.03,1.12,10.52,1.4,1787593913733.079,False,,,2,OP1,C2_WIFI_CARGA_MEDIA,N1
,0.489,0.341,0.046,0.0,,1787593913762.5813,6.61,0.88,10.46,1.4,1787593913762.5813,False,,,2,OP1,C2_WIFI_CARGA_MEDIA,N1
,0.492,0.34,0.039,0.0,,1787593913798.7676,6.365,0.64,10.4,1.4,1787593913798.7676,False,,,2,OP1,C2_WIFI_CARGA_MEDIA,N1
,0.494,0.339,0.034,0.0,,1787593913819.923,6.19,0.48,10.34,1.4,1787593913819.923,False,,,2,OP1,C2_WIFI_CARGA_MEDIA,N1
,0.496,0.338,0.03,0.0,,1787593913858.9453,6.05,0.32,10.28,1.4,1787593913858.9453,False,,,2,OP1,C2_WIFI_CARGA_MEDIA,N1
,0.5,0.337,0.024,0.0,,1787593913909.1704,5.84,0.0,10.22,1.4,1787593913909.1704,False,,,2,OP1,C2_WIFI_CARGA_MEDIA,N1
,0.502,0.336,0.021,0.0,,1787593913930.0813,5.735,-0.16,10.16,1.4,1787593913930.0813,False,,,2,OP1,C2_WIFI_CARGA_MEDIA,N1
,0.504,0.335,0.017,0.0,,1787593913967.9058,5.595,-0.32,10.1,1.4,1787593913968.8682,False,,,2,OP1,C2_WIFI_CARGA_MEDIA,N1
,0.51,0.331,0.008,0.0,,1787593914011.8438,5.28,-0.8,9.86,1.4,1787593914011.8438,False,,,2,OP1,C2_WIFI_CARGA_MEDIA,N1
,0.511,0.33,0.006,0.0,,1787593914037.9724,5.21,-0.88,9.8,1.4,1787593914038.9568,False,,,2,OP1,C2_WIFI_CARGA_MEDIA,N1
,0.512,0.33,0.005,0.0,,1787593914078.2258,5.175,-0.96,9.8,1.4,1787593914078.2258,False,,,2,OP1,C2_WIFI_CARGA_MEDIA,N1
,0.513,0.329,0.002,0.0,,1787593914118.057,5.07,-1.04,9.74,1.4,1787593914120.068,False,,,2,OP1,C2_WIFI_CARGA_MEDIA,N1
,0.514,0.329,0.001,0.0,,1787593914164.3398,5.035,-1.12,9.74,1.4,1787593914164.3398,False,,,2,OP1,C2_WIFI_CARGA_MEDIA,N1
,0.516,0.329,0.0,0.0,,1787593914185.7036,5.0,-1.28,9.74,1.4,1787593914185.7036,False,,,2,OP1,C2_WIFI_CARGA_MEDIA,N1
,0.519,0.33,0.0,0.0,,1787593914246.7495,5.0,-1.52,9.8,1.4,1787593914247.5266,False,,,2,OP1,C2_WIFI_CARGA_MEDIA,N1
,0.521,0.329,0.0,0.0,,1787593914293.7588,5.0,-1.68,9.74,1.4,1787593914293.7588,False,,,2,OP1,C2_WIFI_CARGA_MEDIA,N1
,0.522,0.329,0.0,0.0,,1787593914328.203,5.0,-1.76,9.74,1.4,1787593914328.203,False,,,2,OP1,C2_WIFI_CARGA_MEDIA,N1
,0.522,0.329,0.0,0.0,,1787593914352.0725,5.0,-1.76,9.74,1.4,1787593914353.0776,False,,,2,OP1,C2_WIFI_CARGA_MEDIA,N1
,0.522,0.329,0.0,0.0,,1787593914386.886,5.0,-1.76,9.74,1.4,1787593914386.886,False,,,2,OP1,C2_WIFI_CARGA_MEDIA,N1
,0.521,0.33,0.0,0.0,,1787593914436.6304,5.0,-1.68,9.8,1.4,1787593914436.6304,False,,,2,OP1,C2_WIFI_CARGA_MEDIA,N1
,0.52,0.33,0.004,0.0,,1787593914496.8577,5.14,-1.6,9.8,1.4,1787593914497.9482,False,,,2,OP1,C2_WIFI_CARGA_MEDIA,N1
,0.516,0.328,0.015,0.0,,1787593914547.4392,5.525,-1.28,9.68,1.4,1787593914549.3528,False,,,2,OP1,C2_WIFI_CARGA_MEDIA,N1
,0.514,0.325,0.027,0.0,,1787593914597.012,5.945,-1.12,9.5,1.4,1787593914597.012,False,,,2,OP1,C2_WIFI_CARGA_MEDIA,N1
,0.513,0.324,0.032,0.0,,1787593914629.3188,6.12,-1.04,9.44,1.4,1787593914630.4895,False,,,2,OP1,C2_WIFI_CARGA_MEDIA,N1
,0.513,0.323,0.037,0.0,,1787593914654.5583,6.295,-1.04,9.38,1.4,1787593914654.5583,False,,,2,OP1,C2_WIFI_CARGA_MEDIA,N1
,0.512,0.322,0.04,0.0,,1787593914691.9578,6.4,-0.96,9.32,1.4,1787593914693.9695,False,,,2,OP1,C2_WIFI_CARGA_MEDIA,N1
,0.507,0.322,0.053,0.0,,1787593914737.7856,6.855,-0.56,9.32,1.4,1787593914737.7856,False,,,2,OP1,C2_WIFI_CARGA_MEDIA,N1
,0.506,0.322,0.056,0.0,,1787593914776.4814,6.96,-0.48,9.32,1.4,1787593914777.2424,False,,,2,OP1,C2_WIFI_CARGA_MEDIA,N1
