t_unity_captura,norm_x,norm_y,norm_z,g,t_unity_envio,t_robot_recepcion,x_cm,y_cm,z_cm,t_rad,t_uart_escritura,clamp_activo,rtt_ms,perdida_pct,id_intento,id_operador,condicion_red,nivel_objeto
,0.5830,0.4480,0.4200,0.9780,,1787585003214.9873,19.7000,-6.6400,16.8800,0.5198,1787585003227.7874,False,,,2,OP1,C1_ETHERNET_SIN_CARGA,medio
,0.5830,0.4480,0.4200,0.9760,,1787585003241.7324,19.7000,-6.6400,16.8800,0.5216,1787585003241.7324,False,,,2,OP1,C1_ETHERNET_SIN_CARGA,medio
,0.5830,0.4490,0.4210,0.9720,,1787585003272.6353,19.7350,-6.6400,16.9400,0.5252,1787585003272.6353,False,,,2,OP1,C1_ETHERNET_SIN_CARGA,medio
,0.5830,0.4480,0.4210,0.9700,,1787585003298.0510,19.7350,-6.6400,16.8800,0.5270,1787585003298.0510,False,,,2,OP1,C1_ETHERNET_SIN_CARGA,medio
,0.5830,0.4480,0.4220,0.9690,,1787585003330.3787,19.7700,-6.6400,16.8800,0.5279,1787585003332.3914,False,,,2,OP1,C1_ETHERNET_SIN_CARGA,medio
,0.5830,0.4480,0.4210,0.9700,,1787585003358.2908,19.7350,-6.6400,16.8800,0.5270,1787585003359.3604,False,,,2,OP1,C1_ETHERNET_SIN_CARGA,medio
,0.5820,0.4480,0.4220,0.9720,,1787585003381.4553,19.7700,-6.5600,16.8800,0.5252,1787585003381.4553,False,,,2,OP1,C1_ETHERNET_SIN_CARGA,medio
,0.5820,0.4480,0.4220,0.9750,,1787585003410.3164,19.7700,-6.5600,16.8800,0.5225,1787585003410.3164,False,,,2,OP1,C1_ETHERNET_SIN_CARGA,medio
,0.5830,0.4480,0.4220,0.9790,,1787585003441.0566,19.7700,-6.6400,16.8800,0.5189,1787585003441.0566,False,,,2,OP1,C1_ETHERNET_SIN_CARGA,medio
,0.5820,0.4470,0.4220,0.9830,,1787585003467.0906,19.7700,-6.5600,16.8200,0.5153,1787585003467.0906,False,,,2,OP1,C1_ETHERNET_SIN_CARGA,medio
,0.5820,0.4470,0.4220,0.9870,,1787585003495.4417,19.7700,-6.5600,16.8200,0.5117,1787585003497.9612,False,,,2,OP1,C1_ETHERNET_SIN_CARGA,medio
,0.5820,0.4480,0.4220,0.9900,,1787585003524.6438,19.7700,-6.5600,16.8800,0.5090,1787585003525.6699,False,,,2,OP1,C1_ETHERNET_SIN_CARGA,medio
,0.5830,0.4480,0.4240,0.9910,,1787585003549.2795,19.8400,-6.6400,16.8800,0.5081,1787585003549.2795,False,,,2,OP1,C1_ETHERNET_SIN_CARGA,medio
,0.5830,0.4480,0.4250,0.9930,,1787585003576.0947,19.8750,-6.6400,16.8800,0.5063,1787585003576.0947,False,,,2,OP1,C1_ETHERNET_SIN_CARGA,medio
,0.5840,0.4480,0.4250,0.9950,,1787585003607.1169,19.8750,-6.7200,16.8800,0.5045,1787585003607.1169,False,,,2,OP1,C1_ETHERNET_SIN_CARGA,medio
,0.5840,0.4480,0.4260,0.9970,,1787585003633.2830,19.9100,-6.7200,16.8800,0.5027,1787585003633.2830,False,,,2,OP1,C1_ETHERNET_SIN_CARGA,medio
,0.5840,0.4480,0.4270,0.9980,,1787585003663.2136,19.9450,-6.7200,16.8800,0.5018,1787585003663.2136,False,,,2,OP1,C1_ETHERNET_SIN_CARGA,medio
,0.5840,0.4480,0.4280,0.9980,,1787585003692.3623,19.9800,-6.7200,16.8800,0.5018,1787585003693.3689,False,,,2,OP1,C1_ETHERNET_SIN_CARGA,medio
,0.5840,0.4480,0.4290,0.9970,,1787585003720.6045,20.0150,-6.7200,16.8800,0.5027,1787585003720.6045,False,,,2,OP1,C1_ETHERNET_SIN_CARGA,medio
,0.5840,0.4480,0.4300,0.9960,,1787585003747.9875,20.0500,-6.7200,16.8800,0.5036,1787585003747.9875,False,,,2,OP1,C1_ETHERNET_SIN_CARGA,medio
,0.5840,0.4480,0.4310,0.9960,,1787585003776.0266,20.0850,-6.7200,16.8800,0.5036,1787585003776.0266,False,,,2,OP1,C1_ETHERNET_SIN_CARGA,medio
,0.5840,0.4480,0.4310,0.9940,,1787585003802.8909,20.0850,-6.7200,16.8800,0.5054,1787585003802.8909,False,,,2,OP1,C1_ETHERNET_SIN_CARGA,medio
,0.5840,0.4480,0.4310,0.9920,,1787585003831.2676,20.0850,-6.7200,16.8800,0.5072,1787585003833.2776,False,,,2,OP1,C1_ETHERNET_SIN_CARGA,medio
,0.5840,0.4480,0.4320,0.9900,,1787585003858.9990,20.1200,-6.7200,16.8800,0.5090,1787585003858.9990,False,,,2,OP1,C1_ETHERNET_SIN_CARGA,medio
,0.5830,0.4480,0.4330,0.9850,,1787585003912.9448,20.1550,-6.6400,16.8800,0.5135,1787585003912.9448,False,,,2,OP1,C1_ETHERNET_SIN_CARGA,medio
,0.5830,0.4480,0.4330,0.9820,,1787585003936.1692,20.1550,-6.6400,16.8800,0.5162,1787585003936.1692,False,,,2,OP1,C1_ETHERNET_SIN_CARGA,medio
,0.5830,0.4480,0.4330,0.9790,,1787585003969.8645,20.1550,-6.6400,16.8800,0.5189,1787585003969.8645,False,,,2,OP1,C1_ETHERNET_SIN_CARGA,medio
,0.5820,0.4480,0.4330,0.9770,,1787585003997.9548,20.1550,-6.5600,16.8800,0.5207,1787585003999.9663,False,,,2,OP1,C1_ETHERNET_SIN_CARGA,medio
,0.5820,0.4480,0.4320,0.9750,,1787585004026.5076,20.1200,-6.5600,16.8800,0.5225,1787585004026.5076,False,,,2,OP1,C1_ETHERNET_SIN_CARGA,medio
,0.5820,0.4480,0.4320,0.9730,,1787585004050.9695,20.1200,-6.5600,16.8800,0.5243,1787585004050.9695,False,,,2,OP1,C1_ETHERNET_SIN_CARGA,medio
,0.5820,0.4480,0.4320,0.9710,,1787585004081.4802,20.1200,-6.5600,16.8800,0.5261,1787585004082.5322,False,,,2,OP1,C1_ETHERNET_SIN_CARGA,medio
,0.5830,0.4480,0.4330,0.9680,,1787585004107.9673,20.1550,-6.6400,16.8800,0.5288,1787585004107.9673,False,,,2,OP1,C1_ETHERNET_SIN_CARGA,medio
,0.5830,0.4480,0.4340,0.9660,,1787585004135.2146,20.1900,-6.6400,16.8800,0.5306,1787585004139.0127,False,,,2,OP1,C1_ETHERNET_SIN_CARGA,medio
,0.5830,0.4480,0.4340,0.9640,,1787585004166.3804,20.1900,-6.6400,16.8800,0.5324,1787585004166.3804,False,,,2,OP1,C1_ETHERNET_SIN_CARGA,medio
,0.5820,0.4490,0.4340,0.9620,,1787585004212.7166,20.1900,-6.5600,16.9400,0.5342,1787585004223.1838,False,,,2,OP1,C1_ETHERNET_SIN_CARGA,medio
,0.5820,0.4490,0.4340,0.9610,,1787585004248.3616,20.1900,-6.5600,16.9400,0.5351,1787585004248.3616,False,,,2,OP1,C1_ETHERNET_SIN_CARGA,medio
,0.5800,0.4490,0.4340,0.9600,,1787585004275.2295,20.1900,-6.4000,16.9400,0.5360,1787585004275.2295,False,,,2,OP1,C1_ETHERNET_SIN_CARGA,medio
,0.5730,0.4500,0.4330,0.9580,,1787585004303.0444,20.1550,-5.8400,17.0000,0.5378,1787585004303.0444,False,,,2,OP1,C1_ETHERNET_SIN_CARGA,medio
,0.5660,0.4510,0.4310,0.9570,,1787585004331.6594,20.0850,-5.2800,17.0600,0.5387,1787585004333.8372,False,,,2,OP1,C1_ETHERNET_SIN_CARGA,medio
,0.5590,0.4500,0.4300,0.9550,,1787585004359.1885,20.0500,-4.7200,17.0000,0.5405,1787585004359.1885,False,,,2,OP1,C1_ETHERNET_SIN_CARGA,medio
,0.5540,0.4510,0.4260,0.9530,,1787585004389.2607,19.9100,-4.3200,17.0600,0.5423,1787585004389.2607,False,,,2,OP1,C1_ETHERNET_SIN_CARGA,medio
,0.5490,0.4500,0.4240,0.9490,,1787585004415.1721,19.8400,-3.9200,17.0000,0.5459,1787585004415.1721,False,,,2,OP1,C1_ETHERNET_SIN_CARGA,medio
,0.5440,0.4490,0.4240,0.9440,,1787585004437.9512,19.8400,-3.5200,16.9400,0.5504,1787585004437.9512,False,,,2,OP1,C1_ETHERNET_SIN_CARGA,medio
,0.5410,0.4490,0.4240,0.9380,,1787585004471.5635,19.8400,-3.2800,16.9400,0.5558,1787585004471.5635,False,,,2,OP1,C1_ETHERNET_SIN_CARGA,medio
,0.5380,0.4490,0.4250,0.9360,,1787585004501.1418,19.8750,-3.0400,16.9400,0.5576,1787585004502.1719,False,,,2,OP1,C1_ETHERNET_SIN_CARGA,medio
,0.5350,0.4490,0.4300,0.9400,,1787585004552.5791,20.0500,-2.8000,16.9400,0.5540,1787585004552.5791,False,,,2,OP1,C1_ETHERNET_SIN_CARGA,medio
,0.5340,0.4490,0.4350,0.9400,,1787585004581.7639,20.2250,-2.7200,16.9400,0.5540,1787585004581.7639,False,,,2,OP1,C1_ETHERNET_SIN_CARGA,medio
,0.5330,0.4480,0.4400,0.9400,,1787585004610.6624,20.4000,-2.6400,16.8800,0.5540,1787585004610.6624,False,,,2,OP1,C1_ETHERNET_SIN_CARGA,medio
,0.5330,0.4480,0.4450,0.9410,,1787585004638.8601,20.5750,-2.6400,16.8800,0.5531,1787585004638.8601,False,,,2,OP1,C1_ETHERNET_SIN_CARGA,medio
,0.5320,0.4490,0.4490,0.9430,,1787585004667.0720,20.7150,-2.5600,16.9400,0.5513,1787585004667.9688,False,,,2,OP1,C1_ETHERNET_SIN_CARGA,medio
,0.5300,0.4480,0.4540,0.9430,,1787585004717.3799,20.8900,-2.4000,16.8800,0.5513,1787585004717.3799,False,,,2,OP1,C1_ETHERNET_SIN_CARGA,medio
,0.5310,0.4470,0.4580,0.9420,,1787585004748.1089,21.0300,-2.4800,16.8200,0.5522,1787585004749.9573,False,,,2,OP1,C1_ETHERNET_SIN_CARGA,medio
,0.5310,0.4450,0.4620,0.9400,,1787585004771.7356,21.1700,-2.4800,16.7000,0.5540,1787585004771.7356,False,,,2,OP1,C1_ETHERNET_SIN_CARGA,medio
,0.5310,0.4450,0.4630,0.9380,,1787585004806.1138,21.2050,-2.4800,16.7000,0.5558,1787585004806.1138,False,,,2,OP1,C1_ETHERNET_SIN_CARGA,medio
,0.5320,0.4440,0.4660,0.9370,,1787585004861.8059,21.3100,-2.5600,16.6400,0.5567,1787585004861.8059,False,,,2,OP1,C1_ETHERNET_SIN_CARGA,medio
,0.5310,0.4440,0.4670,0.9360,,1787585004885.1809,21.3450,-2.4800,16.6400,0.5576,1787585004885.1809,False,,,2,OP1,C1_ETHERNET_SIN_CARGA,medio
,0.5310,0.4430,0.4660,0.9350,,1787585004911.1729,21.3100,-2.4800,16.5800,0.5585,1787585004911.1729,False,,,2,OP1,C1_ETHERNET_SIN_CARGA,medio
,0.5290,0.4420,0.4650,0.9340,,1787585004940.4438,21.2750,-2.3200,16.5200,0.5594,1787585004940.4438,False,,,2,OP1,C1_ETHERNET_SIN_CARGA,medio
,0.5280,0.4410,0.4640,0.9330,,1787585004972.2722,21.2400,-2.2400,16.4600,0.5603,1787585004974.2783,False,,,2,OP1,C1_ETHERNET_SIN_CARGA,medio
,0.5270,0.4400,0.4630,0.9310,,1787585004998.3552,21.2050,-2.1600,16.4000,0.5621,1787585005001.7102,False,,,2,OP1,C1_ETHERNET_SIN_CARGA,medio
,0.5250,0.4380,0.4630,0.9290,,1787585005019.2786,21.2050,-2.0000,16.2800,0.5639,1787585005019.2786,False,,,2,OP1,C1_ETHERNET_SIN_CARGA,medio
,0.5210,0.4360,0.4630,0.9280,,1787585005054.2612,21.2050,-1.6800,16.1600,0.5648,1787585005054.2612,False,,,2,OP1,C1_ETHERNET_SIN_CARGA,medio
,0.5170,0.4330,0.4630,0.9270,,1787585005083.4395,21.2050,-1.3600,15.9800,0.5657,1787585005084.5679,False,,,2,OP1,C1_ETHERNET_SIN_CARGA,medio
,0.5130,0.4310,0.4620,0.9270,,1787585005111.0198,21.1700,-1.0400,15.8600,0.5657,1787585005111.0198,False,,,2,OP1,C1_ETHERNET_SIN_CARGA,medio
,0.5080,0.4300,0.4610,0.9280,,1787585005138.9109,21.1350,-0.6400,15.8000,0.5648,1787585005140.9199,False,,,2,OP1,C1_ETHERNET_SIN_CARGA,medio
,0.5020,0.4290,0.4590,0.9300,,1787585005168.0037,21.0650,-0.1600,15.7400,0.5630,1787585005168.0037,False,,,2,OP1,C1_ETHERNET_SIN_CARGA,medio
,0.4940,0.4280,0.4590,0.9320,,1787585005195.3696,21.0650,0.4800,15.6800,0.5612,1787585005195.3696,False,,,2,OP1,C1_ETHERNET_SIN_CARGA,medio
,0.4860,0.4290,0.4580,0.9340,,1787585005222.3596,21.0300,1.1200,15.7400,0.5594,1787585005222.3596,False,,,2,OP1,C1_ETHERNET_SIN_CARGA,medio
,0.4820,0.4300,0.4570,0.9370,,1787585005248.1243,20.9950,1.4400,15.8000,0.5567,1787585005248.1243,False,,,2,OP1,C1_ETHERNET_SIN_CARGA,medio
,0.4810,0.4300,0.4560,0.9430,,1787585005275.8987,20.9600,1.5200,15.8000,0.5513,1787585005275.8987,False,,,2,OP1,C1_ETHERNET_SIN_CARGA,medio
,0.4810,0.4310,0.4550,0.9510,,1787585005298.7146,20.9250,1.5200,15.8600,0.5441,1787585005309.2383,False,,,2,OP1,C1_ETHERNET_SIN_CARGA,medio
,0.4810,0.4310,0.4540,0.9590,,1787585005327.7058,20.8900,1.5200,15.8600,0.5369,1787585005327.7058,False,,,2,OP1,C1_ETHERNET_SIN_CARGA,medio
,0.4800,0.4300,0.4540,0.9670,,1787585005357.2095,20.8900,1.6000,15.8000,0.5297,1787585005357.2095,False,,,2,OP1,C1_ETHERNET_SIN_CARGA,medio
,0.4800,0.4290,0.4540,0.9730,,1787585005383.6257,20.8900,1.6000,15.7400,0.5243,1787585005383.6257,False,,,2,OP1,C1_ETHERNET_SIN_CARGA,medio
,0.4790,0.4290,0.4530,0.9770,,1787585005418.2903,20.8550,1.6800,15.7400,0.5207,1787585005418.2903,False,,,2,OP1,C1_ETHERNET_SIN_CARGA,medio
,0.4770,0.4280,0.4530,0.9780,,1787585005448.1169,20.8550,1.8400,15.6800,0.5198,1787585005448.1169,False,,,2,OP1,C1_ETHERNET_SIN_CARGA,medio
,0.4770,0.4270,0.4530,0.9790,,1787585005473.8354,20.8550,1.8400,15.6200,0.5189,1787585005473.8354,False,,,2,OP1,C1_ETHERNET_SIN_CARGA,medio
,0.4760,0.4260,0.4530,0.9770,,1787585005503.1562,20.8550,1.9200,15.5600,0.5207,1787585005503.1562,False,,,2,OP1,C1_ETHERNET_SIN_CARGA,medio
,0.4750,0.4250,0.4520,0.9740,,1787585005557.5090,20.8200,2.0000,15.5000,0.5234,1787585005557.5090,False,,,2,OP1,C1_ETHERNET_SIN_CARGA,medio
,0.4730,0.4230,0.4520,0.9710,,1787585005611.1204,20.8200,2.1600,15.3800,0.5261,1787585005611.1204,False,,,2,OP1,C1_ETHERNET_SIN_CARGA,medio
,0.4720,0.4230,0.4540,0.9690,,1787585005640.9429,20.8900,2.2400,15.3800,0.5279,1787585005642.9580,False,,,2,OP1,C1_ETHERNET_SIN_CARGA,medio
,0.4700,0.4230,0.4530,0.9680,,1787585005663.0066,20.8550,2.4000,15.3800,0.5288,1787585005663.0066,False,,,2,OP1,C1_ETHERNET_SIN_CARGA,medio
,0.4690,0.4230,0.4530,0.9670,,1787585005693.9131,20.8550,2.4800,15.3800,0.5297,1787585005697.9636,False,,,2,OP1,C1_ETHERNET_SIN_CARGA,medio
,0.4690,0.4230,0.4540,0.9670,,1787585005725.1638,20.8900,2.4800,15.3800,0.5297,1787585005726.1663,False,,,2,OP1,C1_ETHERNET_SIN_CARGA,medio
,0.4680,0.4220,0.4540,0.9680,,1787585005750.0356,20.8900,2.5600,15.3200,0.5288,1787585005750.0356,False,,,2,OP1,C1_ETHERNET_SIN_CARGA,medio
,0.4670,0.4220,0.4540,0.9680,,1787585005781.5132,20.8900,2.6400,15.3200,0.5288,1787585005781.5132,False,,,2,OP1,C1_ETHERNET_SIN_CARGA,medio
,0.4670,0.4220,0.4550,0.9700,,1787585005806.2046,20.9250,2.6400,15.3200,0.5270,1787585005808.7490,False,,,2,OP1,C1_ETHERNET_SIN_CARGA,medio
,0.4660,0.4210,0.4550,0.9710,,1787585005827.3967,20.9250,2.7200,15.2600,0.5261,1787585005827.3967,False,,,2,OP1,C1_ETHERNET_SIN_CARGA,medio
,0.4670,0.4210,0.4560,0.9750,,1787585005857.2266,20.9600,2.6400,15.2600,0.5225,1787585005857.2266,False,,,2,OP1,C1_ETHERNET_SIN_CARGA,medio
,0.4670,0.4210,0.4560,0.9790,,1787585005890.9380,20.9600,2.6400,15.2600,0.5189,1787585005892.9553,False,,,2,OP1,C1_ETHERNET_SIN_CARGA,medio
,0.4670,0.4200,0.4560,0.9820,,1787585005915.5081,20.9600,2.6400,15.2000,0.5162,1787585005922.4529,False,,,2,OP1,C1_ETHERNET_SIN_CARGA,medio
,0.4680,0.4200,0.4560,0.9830,,1787585005947.8879,20.9600,2.5600,15.2000,0.5153,1787585005947.8879,False,,,2,OP1,C1_ETHERNET_SIN_CARGA,medio
,0.4680,0.4200,0.4550,0.9840,,1787585006006.8625,20.9250,2.5600,15.2000,0.5144,1787585006008.8108,False,,,2,OP1,C1_ETHERNET_SIN_CARGA,medio
,0.4710,0.4200,0.4560,0.9820,,1787585006029.1018,20.9600,2.3200,15.2000,0.5162,1787585006029.1018,False,,,2,OP1,C1_ETHERNET_SIN_CARGA,medio
,0.4730,0.4190,0.4570,0.9810,,1787585006059.4575,20.9950,2.1600,15.1400,0.5171,1787585006059.4575,False,,,2,OP1,C1_ETHERNET_SIN_CARGA,medio
,0.4760,0.4180,0.4600,0.9810,,1787585006080.6902,21.1000,1.9200,15.0800,0.5171,1787585006080.6902,False,,,2,OP1,C1_ETHERNET_SIN_CARGA,medio
,0.4770,0.4180,0.4590,0.9800,,1787585006108.6577,21.0650,1.8400,15.0800,0.5180,1787585006116.6624,False,,,2,OP1,C1_ETHERNET_SIN_CARGA,medio
,0.4780,0.4190,0.4590,0.9810,,1787585006135.9058,21.0650,1.7600,15.1400,0.5171,1787585006135.9058,False,,,2,OP1,C1_ETHERNET_SIN_CARGA,medio
,0.4800,0.4190,0.4590,0.9810,,1787585006163.6738,21.0650,1.6000,15.1400,0.5171,1787585006163.6738,False,,,2,OP1,C1_ETHERNET_SIN_CARGA,medio
,0.4800,0.4200,0.4590,0.9820,,1787585006197.6187,21.0650,1.6000,15.2000,0.5162,1787585006197.6187,False,,,2,OP1,C1_ETHERNET_SIN_CARGA,medio
,0.4810,0.4200,0.4600,0.9850,,1787585006221.9658,21.1000,1.5200,15.2000,0.5135,1787585006227.2488,False,,,2,OP1,C1_ETHERNET_SIN_CARGA,medio
,0.4820,0.4210,0.4600,0.9880,,1787585006248.5466,21.1000,1.4400,15.2600,0.5108,1787585006248.5466,False,,,2,OP1,C1_ETHERNET_SIN_CARGA,medio
,0.4830,0.4210,0.4600,0.9930,,1787585006274.0696,21.1000,1.3600,15.2600,0.5063,1787585006274.0696,False,,,2,OP1,C1_ETHERNET_SIN_CARGA,medio
,0.4840,0.4220,0.4590,0.9970,,1787585006302.1938,21.0650,1.2800,15.3200,0.5027,1787585006302.1938,False,,,2,OP1,C1_ETHERNET_SIN_CARGA,medio
,0.4850,0.4220,0.4590,1.0000,,1787585006333.6394,21.0650,1.2000,15.3200,0.5000,1787585006333.6394,False,,,2,OP1,C1_ETHERNET_SIN_CARGA,medio
,0.4860,0.4220,0.4590,1.0000,,1787585006365.1128,21.0650,1.1200,15.3200,0.5000,1787585006365.1128,False,,,2,OP1,C1_ETHERNET_SIN_CARGA,medio
,0.4860,0.4220,0.4590,1.0000,,1787585006393.0559,21.0650,1.1200,15.3200,0.5000,1787585006395.8054,False,,,2,OP1,C1_ETHERNET_SIN_CARGA,medio
,0.4870,0.4220,0.4590,1.0000,,1787585006414.1626,21.0650,1.0400,15.3200,0.5000,1787585006414.1626,False,,,2,OP1,C1_ETHERNET_SIN_CARGA,medio
,0.4900,0.4220,0.4600,1.0000,,1787585006448.2437,21.1000,0.8000,15.3200,0.5000,1787585006450.4883,False,,,2,OP1,C1_ETHERNET_SIN_CARGA,medio
,0.4950,0.4220,0.4610,1.0000,,1787585006474.7710,21.1350,0.4000,15.3200,0.5000,1787585006474.7710,False,,,2,OP1,C1_ETHERNET_SIN_CARGA,medio
,0.4990,0.4220,0.4620,1.0000,,1787585006498.4504,21.1700,0.0800,15.3200,0.5000,1787585006498.4504,False,,,2,OP1,C1_ETHERNET_SIN_CARGA,medio
,0.5030,0.4220,0.4630,1.0000,,1787585006526.4714,21.2050,-0.2400,15.3200,0.5000,1787585006526.4714,False,,,2,OP1,C1_ETHERNET_SIN_CARGA,medio
,0.5080,0.4220,0.4630,1.0000,,1787585006556.0410,21.2050,-0.6400,15.3200,0.5000,1787585006556.0410,False,,,2,OP1,C1_ETHERNET_SIN_CARGA,medio
,0.5120,0.4220,0.4660,1.0000,,1787585006581.9768,21.3100,-0.9600,15.3200,0.5000,1787585006581.9768,False,,,2,OP1,C1_ETHERNET_SIN_CARGA,medio
,0.5150,0.4230,0.4670,1.0000,,1787585006614.9397,21.3450,-1.2000,15.3800,0.5000,1787585006616.0662,False,,,2,OP1,C1_ETHERNET_SIN_CARGA,medio
,0.5200,0.4220,0.4730,0.9940,,1787585006670.5042,21.5550,-1.6000,15.3200,0.5054,1787585006670.5042,False,,,2,OP1,C1_ETHERNET_SIN_CARGA,medio
,0.5230,0.4220,0.4760,0.9920,,1787585006699.6018,21.6600,-1.8400,15.3200,0.5072,1787585006701.7144,False,,,2,OP1,C1_ETHERNET_SIN_CARGA,medio
,0.5250,0.4220,0.4810,0.9960,,1787585006750.1199,21.8350,-2.0000,15.3200,0.5036,1787585006750.1199,False,,,2,OP1,C1_ETHERNET_SIN_CARGA,medio
,0.5250,0.4210,0.4820,0.9970,,1787585006773.5908,21.8700,-2.0000,15.2600,0.5027,1787585006773.5908,False,,,2,OP1,C1_ETHERNET_SIN_CARGA,medio
,0.5260,0.4200,0.4830,0.9990,,1787585006809.6501,21.9050,-2.0800,15.2000,0.5009,1787585006810.7373,False,,,2,OP1,C1_ETHERNET_SIN_CARGA,medio
,0.5260,0.4200,0.4830,1.0000,,1787585006835.6428,21.9050,-2.0800,15.2000,0.5000,1787585006835.6428,False,,,2,OP1,C1_ETHERNET_SIN_CARGA,medio
,0.5260,0.4210,0.4830,1.0000,,1787585006859.6541,21.9050,-2.0800,15.2600,0.5000,1787585006859.6541,False,,,2,OP1,C1_ETHERNET_SIN_CARGA,medio
,0.5250,0.4210,0.4830,1.0000,,1787585006893.3257,21.9050,-2.0000,15.2600,0.5000,1787585006893.3257,False,,,2,OP1,C1_ETHERNET_SIN_CARGA,medio
,0.5250,0.4210,0.4830,1.0000,,1787585006916.7681,21.9050,-2.0000,15.2600,0.5000,1787585006916.7681,False,,,2,OP1,C1_ETHERNET_SIN_CARGA,medio
,0.5250,0.4210,0.4820,1.0000,,1787585006948.1067,21.8700,-2.0000,15.2600,0.5000,1787585006948.1067,False,,,2,OP1,C1_ETHERNET_SIN_CARGA,medio
,0.5240,0.4210,0.4810,1.0000,,1787585006969.7529,21.8350,-1.9200,15.2600,0.5000,1787585006969.7529,False,,,2,OP1,C1_ETHERNET_SIN_CARGA,medio
,0.5240,0.4210,0.4800,1.0000,,1787585007006.1675,21.8000,-1.9200,15.2600,0.5000,1787585007016.0071,False,,,2,OP1,C1_ETHERNET_SIN_CARGA,medio
,0.5230,0.4210,0.4790,1.0000,,1787585007058.1387,21.7650,-1.8400,15.2600,0.5000,1787585007058.1387,False,,,2,OP1,C1_ETHERNET_SIN_CARGA,medio
,0.5230,0.4210,0.4790,1.0000,,1787585007081.3489,21.7650,-1.8400,15.2600,0.5000,1787585007081.3489,False,,,2,OP1,C1_ETHERNET_SIN_CARGA,medio
,0.5230,0.4210,0.4790,1.0000,,1787585007116.7400,21.7650,-1.8400,15.2600,0.5000,1787585007116.7400,False,,,2,OP1,C1_ETHERNET_SIN_CARGA,medio
,0.5230,0.4210,0.4790,1.0000,,1787585007137.5103,21.7650,-1.8400,15.2600,0.5000,1787585007137.5103,False,,,2,OP1,C1_ETHERNET_SIN_CARGA,medio
,0.5240,0.4200,0.4790,1.0000,,1787585007169.0337,21.7650,-1.9200,15.2000,0.5000,1787585007169.0337,False,,,2,OP1,C1_ETHERNET_SIN_CARGA,medio
,0.5250,0.4200,0.4800,1.0000,,1787585007197.9341,21.8000,-2.0000,15.2000,0.5000,1787585007197.9341,False,,,2,OP1,C1_ETHERNET_SIN_CARGA,medio
,0.5250,0.4190,0.4800,1.0000,,1787585007223.5381,21.8000,-2.0000,15.1400,0.5000,1787585007223.5381,False,,,2,OP1,C1_ETHERNET_SIN_CARGA,medio
,0.5250,0.4190,0.4800,1.0000,,1787585007255.2412,21.8000,-2.0000,15.1400,0.5000,1787585007258.4009,False,,,2,OP1,C1_ETHERNET_SIN_CARGA,medio
,0.5250,0.4180,0.4800,1.0000,,1787585007304.2395,21.8000,-2.0000,15.0800,0.5000,1787585007304.2395,False,,,2,OP1,C1_ETHERNET_SIN_CARGA,medio
,0.5250,0.4180,0.4800,1.0000,,1787585007337.6899,21.8000,-2.0000,15.0800,0.5000,1787585007337.6899,False,,,2,OP1,C1_ETHERNET_SIN_CARGA,medio
,0.5250,0.4170,0.4800,1.0000,,1787585007363.5530,21.8000,-2.0000,15.0200,0.5000,1787585007363.5530,False,,,2,OP1,C1_ETHERNET_SIN_CARGA,medio
,0.5250,0.4170,0.4800,1.0000,,1787585007395.0679,21.8000,-2.0000,15.0200,0.5000,1787585007395.0679,False,,,2,OP1,C1_ETHERNET_SIN_CARGA,medio
,0.5240,0.4160,0.4800,1.0000,,1787585007424.2180,21.8000,-1.9200,14.9600,0.5000,1787585007424.7283,False,,,2,OP1,C1_ETHERNET_SIN_CARGA,medio
,0.5240,0.4160,0.4800,1.0000,,1787585007448.4026,21.8000,-1.9200,14.9600,0.5000,1787585007452.7556,False,,,2,OP1,C1_ETHERNET_SIN_CARGA,medio
,0.5230,0.4150,0.4790,1.0000,,1787585007473.1472,21.7650,-1.8400,14.9000,0.5000,1787585007473.1472,False,,,2,OP1,C1_ETHERNET_SIN_CARGA,medio
,0.5220,0.4150,0.4800,1.0000,,1787585007504.6062,21.8000,-1.7600,14.9000,0.5000,1787585007504.6062,False,,,2,OP1,C1_ETHERNET_SIN_CARGA,medio
,0.5220,0.4150,0.4810,1.0000,,1787585007533.9697,21.8350,-1.7600,14.9000,0.5000,1787585007533.9697,False,,,2,OP1,C1_ETHERNET_SIN_CARGA,medio
,0.5210,0.4150,0.4810,1.0000,,1787585007559.1497,21.8350,-1.6800,14.9000,0.5000,1787585007559.1497,False,,,2,OP1,C1_ETHERNET_SIN_CARGA,medio
,0.5190,0.4150,0.4810,1.0000,,1787585007590.4236,21.8350,-1.5200,14.9000,0.5000,1787585007590.4236,False,,,2,OP1,C1_ETHERNET_SIN_CARGA,medio
,0.5170,0.4150,0.4820,1.0000,,1787585007616.9626,21.8700,-1.3600,14.9000,0.5000,1787585007616.9626,False,,,2,OP1,C1_ETHERNET_SIN_CARGA,medio
,0.5170,0.4140,0.4850,1.0000,,1787585007640.5701,21.9750,-1.3600,14.8400,0.5000,1787585007640.5701,False,,,2,OP1,C1_ETHERNET_SIN_CARGA,medio
,0.5160,0.4140,0.4850,1.0000,,1787585007673.5708,21.9750,-1.2800,14.8400,0.5000,1787585007673.5708,False,,,2,OP1,C1_ETHERNET_SIN_CARGA,medio
,0.5160,0.4140,0.4850,1.0000,,1787585007698.4250,21.9750,-1.2800,14.8400,0.5000,1787585007698.4250,False,,,2,OP1,C1_ETHERNET_SIN_CARGA,medio
,0.5150,0.4140,0.4850,1.0000,,1787585007726.6689,21.9750,-1.2000,14.8400,0.5000,1787585007726.6689,False,,,2,OP1,C1_ETHERNET_SIN_CARGA,medio
,0.5140,0.4140,0.4850,1.0000,,1787585007757.3000,21.9750,-1.1200,14.8400,0.5000,1787585007759.5164,False,,,2,OP1,C1_ETHERNET_SIN_CARGA,medio
,0.5140,0.4150,0.4850,1.0000,,1787585007809.2471,21.9750,-1.1200,14.9000,0.5000,1787585007809.2471,False,,,2,OP1,C1_ETHERNET_SIN_CARGA,medio
,0.5130,0.4150,0.4850,1.0000,,1787585007841.4836,21.9750,-1.0400,14.9000,0.5000,1787585007841.4836,False,,,2,OP1,C1_ETHERNET_SIN_CARGA,medio
,0.5130,0.4150,0.4850,1.0000,,1787585007867.6399,21.9750,-1.0400,14.9000,0.5000,1787585007867.6399,False,,,2,OP1,C1_ETHERNET_SIN_CARGA,medio
,0.5130,0.4150,0.4860,1.0000,,1787585007895.3933,22.0100,-1.0400,14.9000,0.5000,1787585007897.4016,False,,,2,OP1,C1_ETHERNET_SIN_CARGA,medio
,0.5140,0.4150,0.4860,1.0000,,1787585007924.5962,22.0100,-1.1200,14.9000,0.5000,1787585007925.6128,False,,,2,OP1,C1_ETHERNET_SIN_CARGA,medio
,0.5140,0.4150,0.4860,1.0000,,1787585007948.2158,22.0100,-1.1200,14.9000,0.5000,1787585007948.2158,False,,,2,OP1,C1_ETHERNET_SIN_CARGA,medio
,0.5140,0.4150,0.4870,1.0000,,1787585007976.6780,22.0450,-1.1200,14.9000,0.5000,1787585007976.6780,False,,,2,OP1,C1_ETHERNET_SIN_CARGA,medio
,0.5140,0.4150,0.4880,1.0000,,1787585008002.1616,22.0800,-1.1200,14.9000,0.5000,1787585008002.1616,False,,,2,OP1,C1_ETHERNET_SIN_CARGA,medio
,0.5140,0.4150,0.4880,1.0000,,1787585008034.9629,22.0800,-1.1200,14.9000,0.5000,1787585008034.9629,False,,,2,OP1,C1_ETHERNET_SIN_CARGA,medio
,0.5140,0.4150,0.4880,1.0000,,1787585008062.8401,22.0800,-1.1200,14.9000,0.5000,1787585008062.8401,False,,,2,OP1,C1_ETHERNET_SIN_CARGA,medio
,0.5140,0.4150,0.4860,1.0000,,1787585008116.8120,22.0100,-1.1200,14.9000,0.5000,1787585008121.6140,False,,,2,OP1,C1_ETHERNET_SIN_CARGA,medio
,0.5140,0.4150,0.4860,1.0000,,1787585008143.2793,22.0100,-1.1200,14.9000,0.5000,1787585008143.2793,False,,,2,OP1,C1_ETHERNET_SIN_CARGA,medio
,0.5140,0.4160,0.4860,1.0000,,1787585008169.7524,22.0100,-1.1200,14.9600,0.5000,1787585008169.7524,False,,,2,OP1,C1_ETHERNET_SIN_CARGA,medio
,0.5140,0.4160,0.4870,1.0000,,1787585008198.1570,22.0450,-1.1200,14.9600,0.5000,1787585008198.1570,False,,,2,OP1,C1_ETHERNET_SIN_CARGA,medio
,0.5150,0.4160,0.4870,1.0000,,1787585008232.2354,22.0450,-1.2000,14.9600,0.5000,1787585008234.2463,False,,,2,OP1,C1_ETHERNET_SIN_CARGA,medio
,0.5150,0.4160,0.4870,1.0000,,1787585008278.1362,22.0450,-1.2000,14.9600,0.5000,1787585008278.1362,False,,,2,OP1,C1_ETHERNET_SIN_CARGA,medio
,0.5150,0.4160,0.4870,1.0000,,1787585008311.4045,22.0450,-1.2000,14.9600,0.5000,1787585008311.4045,False,,,2,OP1,C1_ETHERNET_SIN_CARGA,medio
,0.5150,0.4160,0.4870,1.0000,,1787585008333.2981,22.0450,-1.2000,14.9600,0.5000,1787585008333.2981,False,,,2,OP1,C1_ETHERNET_SIN_CARGA,medio
,0.5150,0.4170,0.4870,1.0000,,1787585008367.4294,22.0450,-1.2000,15.0200,0.5000,1787585008367.4294,False,,,2,OP1,C1_ETHERNET_SIN_CARGA,medio
,0.5160,0.4170,0.4880,1.0000,,1787585008398.6272,22.0800,-1.2800,15.0200,0.5000,1787585008398.6272,False,,,2,OP1,C1_ETHERNET_SIN_CARGA,medio
,0.5160,0.4170,0.4870,1.0000,,1787585008423.6628,22.0450,-1.2800,15.0200,0.5000,1787585008423.6628,False,,,2,OP1,C1_ETHERNET_SIN_CARGA,medio
,0.5160,0.4170,0.4870,1.0000,,1787585008448.2515,22.0450,-1.2800,15.0200,0.5000,1787585008448.2515,False,,,2,OP1,C1_ETHERNET_SIN_CARGA,medio
,0.5170,0.4180,0.4860,1.0000,,1787585008479.2427,22.0100,-1.3600,15.0800,0.5000,1787585008479.2427,False,,,2,OP1,C1_ETHERNET_SIN_CARGA,medio
,0.5170,0.4180,0.4850,1.0000,,1787585008500.5859,21.9750,-1.3600,15.0800,0.5000,1787585008500.5859,False,,,2,OP1,C1_ETHERNET_SIN_CARGA,medio
,0.5170,0.4180,0.4850,1.0000,,1787585008537.6201,21.9750,-1.3600,15.0800,0.5000,1787585008537.6201,False,,,2,OP1,C1_ETHERNET_SIN_CARGA,medio
,0.5170,0.4190,0.4840,1.0000,,1787585008564.8633,21.9400,-1.3600,15.1400,0.5000,1787585008565.9246,False,,,2,OP1,C1_ETHERNET_SIN_CARGA,medio
,0.5170,0.4200,0.4830,1.0000,,1787585008613.1133,21.9050,-1.3600,15.2000,0.5000,1787585008613.1133,False,,,2,OP1,C1_ETHERNET_SIN_CARGA,medio
,0.5170,0.4200,0.4820,1.0000,,1787585008648.5532,21.8700,-1.3600,15.2000,0.5000,1787585008648.5532,False,,,2,OP1,C1_ETHERNET_SIN_CARGA,medio
,0.5170,0.4200,0.4810,1.0000,,1787585008669.6304,21.8350,-1.3600,15.2000,0.5000,1787585008669.6304,False,,,2,OP1,C1_ETHERNET_SIN_CARGA,medio
,0.5170,0.4210,0.4800,1.0000,,1787585008703.1394,21.8000,-1.3600,15.2600,0.5000,1787585008703.1394,False,,,2,OP1,C1_ETHERNET_SIN_CARGA,medio
,0.5160,0.4210,0.4780,1.0000,,1787585008732.2688,21.7300,-1.2800,15.2600,0.5000,1787585008733.3562,False,,,2,OP1,C1_ETHERNET_SIN_CARGA,medio
,0.5160,0.4210,0.4770,1.0000,,1787585008759.0652,21.6950,-1.2800,15.2600,0.5000,1787585008759.0652,False,,,2,OP1,C1_ETHERNET_SIN_CARGA,medio
,0.5160,0.4210,0.4770,1.0000,,1787585008781.6941,21.6950,-1.2800,15.2600,0.5000,1787585008781.6941,False,,,2,OP1,C1_ETHERNET_SIN_CARGA,medio
,0.5160,0.4210,0.4760,1.0000,,1787585008808.8220,21.6600,-1.2800,15.2600,0.5000,1787585008815.3652,False,,,2,OP1,C1_ETHERNET_SIN_CARGA,medio
,0.5160,0.4210,0.4760,1.0000,,1787585008838.7759,21.6600,-1.2800,15.2600,0.5000,1787585008838.7759,False,,,2,OP1,C1_ETHERNET_SIN_CARGA,medio
,0.5160,0.4220,0.4750,1.0000,,1787585008871.0447,21.6250,-1.2800,15.3200,0.5000,1787585008871.0447,False,,,2,OP1,C1_ETHERNET_SIN_CARGA,medio
,0.5160,0.4220,0.4760,1.0000,,1787585008899.7622,21.6600,-1.2800,15.3200,0.5000,1787585008900.8577,False,,,2,OP1,C1_ETHERNET_SIN_CARGA,medio
,0.5170,0.4230,0.4770,1.0000,,1787585008950.4587,21.6950,-1.3600,15.3800,0.5000,1787585008950.4587,False,,,2,OP1,C1_ETHERNET_SIN_CARGA,medio
,0.5170,0.4230,0.4770,1.0000,,1787585008972.6738,21.6950,-1.3600,15.3800,0.5000,1787585008972.6738,False,,,2,OP1,C1_ETHERNET_SIN_CARGA,medio
,0.5170,0.4230,0.4770,1.0000,,1787585009010.1821,21.6950,-1.3600,15.3800,0.5000,1787585009010.1821,False,,,2,OP1,C1_ETHERNET_SIN_CARGA,medio
,0.5170,0.4240,0.4770,1.0000,,1787585009039.2676,21.6950,-1.3600,15.4400,0.5000,1787585009041.2766,False,,,2,OP1,C1_ETHERNET_SIN_CARGA,medio
,0.5170,0.4240,0.4760,1.0000,,1787585009064.0295,21.6600,-1.3600,15.4400,0.5000,1787585009064.0295,False,,,2,OP1,C1_ETHERNET_SIN_CARGA,medio
,0.5160,0.4250,0.4750,1.0000,,1787585009087.8250,21.6250,-1.2800,15.5000,0.5000,1787585009087.8250,False,,,2,OP1,C1_ETHERNET_SIN_CARGA,medio
,0.5160,0.4250,0.4730,1.0000,,1787585009119.3560,21.5550,-1.2800,15.5000,0.5000,1787585009119.3560,False,,,2,OP1,C1_ETHERNET_SIN_CARGA,medio
,0.5160,0.4260,0.4720,1.0000,,1787585009148.4541,21.5200,-1.2800,15.5600,0.5000,1787585009151.9404,False,,,2,OP1,C1_ETHERNET_SIN_CARGA,medio
,0.5160,0.4260,0.4720,1.0000,,1787585009174.9668,21.5200,-1.2800,15.5600,0.5000,1787585009174.9668,False,,,2,OP1,C1_ETHERNET_SIN_CARGA,medio
,0.5160,0.4260,0.4720,0.9990,,1787585009206.3779,21.5200,-1.2800,15.5600,0.5009,1787585009206.3779,False,,,2,OP1,C1_ETHERNET_SIN_CARGA,medio
,0.5160,0.4270,0.4710,0.9930,,1787585009252.2510,21.4850,-1.2800,15.6200,0.5063,1787585009262.8015,False,,,2,OP1,C1_ETHERNET_SIN_CARGA,medio
,0.5160,0.4270,0.4710,0.9900,,1787585009288.3721,21.4850,-1.2800,15.6200,0.5090,1787585009288.3721,False,,,2,OP1,C1_ETHERNET_SIN_CARGA,medio
,0.5160,0.4270,0.4720,0.9870,,1787585009317.4695,21.5200,-1.2800,15.6200,0.5117,1787585009317.4695,False,,,2,OP1,C1_ETHERNET_SIN_CARGA,medio
,0.5160,0.4270,0.4710,0.9850,,1787585009343.6252,21.4850,-1.2800,15.6200,0.5135,1787585009345.1340,False,,,2,OP1,C1_ETHERNET_SIN_CARGA,medio
,0.5160,0.4280,0.4710,0.9830,,1787585009371.0515,21.4850,-1.2800,15.6800,0.5153,1787585009371.0515,False,,,2,OP1,C1_ETHERNET_SIN_CARGA,medio
,0.5160,0.4280,0.4710,0.9810,,1787585009398.6765,21.4850,-1.2800,15.6800,0.5171,1787585009398.6765,False,,,2,OP1,C1_ETHERNET_SIN_CARGA,medio
,0.5160,0.4290,0.4700,0.9790,,1787585009420.4692,21.4500,-1.2800,15.7400,0.5189,1787585009420.4692,False,,,2,OP1,C1_ETHERNET_SIN_CARGA,medio
,0.5150,0.4290,0.4700,0.9780,,1787585009453.7444,21.4500,-1.2000,15.7400,0.5198,1787585009453.7444,False,,,2,OP1,C1_ETHERNET_SIN_CARGA,medio
,0.5150,0.4290,0.4690,0.9770,,1787585009482.7241,21.4150,-1.2000,15.7400,0.5207,1787585009482.7241,False,,,2,OP1,C1_ETHERNET_SIN_CARGA,medio
,0.5150,0.4290,0.4680,0.9760,,1787585009508.5959,21.3800,-1.2000,15.7400,0.5216,1787585009508.5959,False,,,2,OP1,C1_ETHERNET_SIN_CARGA,medio
,0.5150,0.4300,0.4680,0.9750,,1787585009540.5464,21.3800,-1.2000,15.8000,0.5225,1787585009540.5464,False,,,2,OP1,C1_ETHERNET_SIN_CARGA,medio
,0.5150,0.4300,0.4670,0.9740,,1787585009565.0898,21.3450,-1.2000,15.8000,0.5234,1787585009572.0605,False,,,2,OP1,C1_ETHERNET_SIN_CARGA,medio
,0.5130,0.4310,0.4650,0.9740,,1787585009591.3237,21.2750,-1.0400,15.8600,0.5234,1787585009591.3237,False,,,2,OP1,C1_ETHERNET_SIN_CARGA,medio
,0.5130,0.4310,0.4640,0.9750,,1787585009621.0911,21.2400,-1.0400,15.8600,0.5225,1787585009621.0911,False,,,2,OP1,C1_ETHERNET_SIN_CARGA,medio
,0.5120,0.4310,0.4630,0.9760,,1787585009648.3623,21.2050,-0.9600,15.8600,0.5216,1787585009648.3623,False,,,2,OP1,C1_ETHERNET_SIN_CARGA,medio
,0.5110,0.4310,0.4620,0.9790,,1787585009676.7971,21.1700,-0.8800,15.8600,0.5189,1787585009678.8035,False,,,2,OP1,C1_ETHERNET_SIN_CARGA,medio
,0.5100,0.4310,0.4620,0.9810,,1787585009707.5593,21.1700,-0.8000,15.8600,0.5171,1787585009707.5593,False,,,2,OP1,C1_ETHERNET_SIN_CARGA,medio
,0.5090,0.4310,0.4610,0.9850,,1787585009756.5601,21.1350,-0.7200,15.8600,0.5135,1787585009764.2605,False,,,2,OP1,C1_ETHERNET_SIN_CARGA,medio
,0.5080,0.4300,0.4610,0.9850,,1787585009789.5984,21.1350,-0.6400,15.8000,0.5135,1787585009789.5984,False,,,2,OP1,C1_ETHERNET_SIN_CARGA,medio
,0.5070,0.4300,0.4620,0.9830,,1787585009816.0840,21.1700,-0.5600,15.8000,0.5153,1787585009816.0840,False,,,2,OP1,C1_ETHERNET_SIN_CARGA,medio
,0.5070,0.4290,0.4620,0.9810,,1787585009844.7246,21.1700,-0.5600,15.7400,0.5171,1787585009844.7246,False,,,2,OP1,C1_ETHERNET_SIN_CARGA,medio
,0.5070,0.4300,0.4630,0.9770,,1787585009872.6321,21.2050,-0.5600,15.8000,0.5207,1787585009873.9507,False,,,2,OP1,C1_ETHERNET_SIN_CARGA,medio
,0.5070,0.4300,0.4630,0.9730,,1787585009898.1121,21.2050,-0.5600,15.8000,0.5243,1787585009898.1121,False,,,2,OP1,C1_ETHERNET_SIN_CARGA,medio
,0.5060,0.4310,0.4640,0.9700,,1787585009922.8655,21.2400,-0.4800,15.8600,0.5270,1787585009922.8655,False,,,2,OP1,C1_ETHERNET_SIN_CARGA,medio
,0.5060,0.4310,0.4640,0.9680,,1787585009953.5073,21.2400,-0.4800,15.8600,0.5288,1787585009953.5073,False,,,2,OP1,C1_ETHERNET_SIN_CARGA,medio
,0.5060,0.4310,0.4640,0.9680,,1787585009978.4993,21.2400,-0.4800,15.8600,0.5288,1787585009978.4993,False,,,2,OP1,C1_ETHERNET_SIN_CARGA,medio
,0.5050,0.4310,0.4640,0.9680,,1787585010011.2961,21.2400,-0.4000,15.8600,0.5288,1787585010011.2961,False,,,2,OP1,C1_ETHERNET_SIN_CARGA,medio
,0.5050,0.4310,0.4660,0.9670,,1787585010064.8389,21.3100,-0.4000,15.8600,0.5297,1787585010069.9070,False,,,2,OP1,C1_ETHERNET_SIN_CARGA,medio
,0.5050,0.4310,0.4670,0.9670,,1787585010092.0176,21.3450,-0.4000,15.8600,0.5297,1787585010092.0176,False,,,2,OP1,C1_ETHERNET_SIN_CARGA,medio
,0.5050,0.4310,0.4670,0.9670,,1787585010122.2222,21.3450,-0.4000,15.8600,0.5297,1787585010122.2222,False,,,2,OP1,C1_ETHERNET_SIN_CARGA,medio
,0.5050,0.4300,0.4680,0.9670,,1787585010150.1660,21.3800,-0.4000,15.8000,0.5297,1787585010150.1660,False,,,2,OP1,C1_ETHERNET_SIN_CARGA,medio
,0.5050,0.4290,0.4690,0.9670,,1787585010179.5430,21.4150,-0.4000,15.7400,0.5297,1787585010181.5540,False,,,2,OP1,C1_ETHERNET_SIN_CARGA,medio
,0.5060,0.4290,0.4690,0.9710,,1787585010227.7996,21.4150,-0.4800,15.7400,0.5261,1787585010227.7996,False,,,2,OP1,C1_ETHERNET_SIN_CARGA,medio
,0.5060,0.4290,0.4680,0.9740,,1787585010260.3997,21.3800,-0.4800,15.7400,0.5234,1787585010260.3997,False,,,2,OP1,C1_ETHERNET_SIN_CARGA,medio
,0.5060,0.4290,0.4670,0.9770,,1787585010285.2439,21.3450,-0.4800,15.7400,0.5207,1787585010285.2439,False,,,2,OP1,C1_ETHERNET_SIN_CARGA,medio
,0.5060,0.4290,0.4670,0.9800,,1787585010317.7427,21.3450,-0.4800,15.7400,0.5180,1787585010319.7537,False,,,2,OP1,C1_ETHERNET_SIN_CARGA,medio
,0.5060,0.4290,0.4670,0.9810,,1787585010345.5503,21.3450,-0.4800,15.7400,0.5171,1787585010347.5647,False,,,2,OP1,C1_ETHERNET_SIN_CARGA,medio
,0.5060,0.4290,0.4670,0.9830,,1787585010371.3442,21.3450,-0.4800,15.7400,0.5153,1787585010371.3442,False,,,2,OP1,C1_ETHERNET_SIN_CARGA,medio
,0.5060,0.4290,0.4660,0.9840,,1787585010397.6125,21.3100,-0.4800,15.7400,0.5144,1787585010397.6125,False,,,2,OP1,C1_ETHERNET_SIN_CARGA,medio
,0.5060,0.4280,0.4670,0.9850,,1787585010429.5525,21.3450,-0.4800,15.6800,0.5135,1787585010429.5525,False,,,2,OP1,C1_ETHERNET_SIN_CARGA,medio
,0.5070,0.4280,0.4680,0.9860,,1787585010455.8083,21.3800,-0.5600,15.6800,0.5126,1787585010455.8083,False,,,2,OP1,C1_ETHERNET_SIN_CARGA,medio
,0.5070,0.4280,0.4680,0.9870,,1787585010485.5596,21.3800,-0.5600,15.6800,0.5117,1787585010485.5596,False,,,2,OP1,C1_ETHERNET_SIN_CARGA,medio
,0.5070,0.4280,0.4700,0.9880,,1787585010513.2656,21.4500,-0.5600,15.6800,0.5108,1787585010514.1414,False,,,2,OP1,C1_ETHERNET_SIN_CARGA,medio
,0.5080,0.4270,0.4700,0.9920,,1787585010565.5027,21.4500,-0.6400,15.6200,0.5072,1787585010565.5027,False,,,2,OP1,C1_ETHERNET_SIN_CARGA,medio
,0.5080,0.4270,0.4710,0.9930,,1787585010597.2168,21.4850,-0.6400,15.6200,0.5063,1787585010597.2168,False,,,2,OP1,C1_ETHERNET_SIN_CARGA,medio
,0.5080,0.4270,0.4710,0.9920,,1787585010622.1775,21.4850,-0.6400,15.6200,0.5072,1787585010622.1775,False,,,2,OP1,C1_ETHERNET_SIN_CARGA,medio
,0.5080,0.4260,0.4720,0.9900,,1787585010652.9126,21.5200,-0.6400,15.5600,0.5090,1787585010652.9126,False,,,2,OP1,C1_ETHERNET_SIN_CARGA,medio
,0.5090,0.4260,0.4730,0.9880,,1787585010681.7759,21.5550,-0.7200,15.5600,0.5108,1787585010682.2969,False,,,2,OP1,C1_ETHERNET_SIN_CARGA,medio
,0.5090,0.4250,0.4740,0.9850,,1787585010708.8728,21.5900,-0.7200,15.5000,0.5135,1787585010708.8728,False,,,2,OP1,C1_ETHERNET_SIN_CARGA,medio
,0.5090,0.4250,0.4740,0.9830,,1787585010731.4641,21.5900,-0.7200,15.5000,0.5153,1787585010731.4641,False,,,2,OP1,C1_ETHERNET_SIN_CARGA,medio
,0.5090,0.4250,0.4750,0.9810,,1787585010764.0571,21.6250,-0.7200,15.5000,0.5171,1787585010764.0571,False,,,2,OP1,C1_ETHERNET_SIN_CARGA,medio
,0.5090,0.4240,0.4760,0.9800,,1787585010791.7305,21.6600,-0.7200,15.4400,0.5180,1787585010791.7305,False,,,2,OP1,C1_ETHERNET_SIN_CARGA,medio
,0.5090,0.4240,0.4770,0.9810,,1787585010819.4695,21.6950,-0.7200,15.4400,0.5171,1787585010819.4695,False,,,2,OP1,C1_ETHERNET_SIN_CARGA,medio
,0.5090,0.4240,0.4780,0.9820,,1787585010848.9299,21.7300,-0.7200,15.4400,0.5162,1787585010849.3540,False,,,2,OP1,C1_ETHERNET_SIN_CARGA,medio
,0.5090,0.4250,0.4780,0.9840,,1787585010875.4121,21.7300,-0.7200,15.5000,0.5144,1787585010875.4121,False,,,2,OP1,C1_ETHERNET_SIN_CARGA,medio
,0.5090,0.4250,0.4780,0.9850,,1787585010904.4749,21.7300,-0.7200,15.5000,0.5135,1787585010905.5254,False,,,2,OP1,C1_ETHERNET_SIN_CARGA,medio
,0.5080,0.4250,0.4780,0.9840,,1787585010928.0193,21.7300,-0.6400,15.5000,0.5144,1787585010928.0193,False,,,2,OP1,C1_ETHERNET_SIN_CARGA,medio
,0.5080,0.4250,0.4790,0.9830,,1787585010958.1584,21.7650,-0.6400,15.5000,0.5153,1787585010960.1646,False,,,2,OP1,C1_ETHERNET_SIN_CARGA,medio
,0.5080,0.4260,0.4790,0.9820,,1787585010988.2170,21.7650,-0.6400,15.5600,0.5162,1787585010988.2170,False,,,2,OP1,C1_ETHERNET_SIN_CARGA,medio
,0.5080,0.4260,0.4790,0.9800,,1787585011009.0483,21.7650,-0.6400,15.5600,0.5180,1787585011016.3721,False,,,2,OP1,C1_ETHERNET_SIN_CARGA,medio
,0.5070,0.4270,0.4790,0.9790,,1787585011035.6289,21.7650,-0.5600,15.6200,0.5189,1787585011035.6289,False,,,2,OP1,C1_ETHERNET_SIN_CARGA,medio
,0.5070,0.4270,0.4790,0.9770,,1787585011068.2063,21.7650,-0.5600,15.6200,0.5207,1787585011068.2063,False,,,2,OP1,C1_ETHERNET_SIN_CARGA,medio
,0.5070,0.4280,0.4790,0.9750,,1787585011097.9822,21.7650,-0.5600,15.6800,0.5225,1787585011097.9822,False,,,2,OP1,C1_ETHERNET_SIN_CARGA,medio
,0.5070,0.4280,0.4800,0.9740,,1787585011126.4602,21.8000,-0.5600,15.6800,0.5234,1787585011126.4602,False,,,2,OP1,C1_ETHERNET_SIN_CARGA,medio
,0.5060,0.4280,0.4800,0.9740,,1787585011153.8145,21.8000,-0.4800,15.6800,0.5234,1787585011153.8145,False,,,2,OP1,C1_ETHERNET_SIN_CARGA,medio
,0.5060,0.4290,0.4800,0.9760,,1787585011203.9136,21.8000,-0.4800,15.7400,0.5216,1787585011210.7351,False,,,2,OP1,C1_ETHERNET_SIN_CARGA,medio
,0.5060,0.4290,0.4800,0.9780,,1787585011234.9482,21.8000,-0.4800,15.7400,0.5198,1787585011234.9482,False,,,2,OP1,C1_ETHERNET_SIN_CARGA,medio
,0.5070,0.4300,0.4800,0.9800,,1787585011262.8337,21.8000,-0.5600,15.8000,0.5180,1787585011266.1702,False,,,2,OP1,C1_ETHERNET_SIN_CARGA,medio
,0.5070,0.4300,0.4810,0.9830,,1787585011292.5999,21.8350,-0.5600,15.8000,0.5153,1787585011292.5999,False,,,2,OP1,C1_ETHERNET_SIN_CARGA,medio
,0.5060,0.4300,0.4810,0.9870,,1787585011321.5547,21.8350,-0.4800,15.8000,0.5117,1787585011321.5547,False,,,2,OP1,C1_ETHERNET_SIN_CARGA,medio
,0.5060,0.4300,0.4800,0.9900,,1787585011347.9802,21.8000,-0.4800,15.8000,0.5090,1787585011347.9802,False,,,2,OP1,C1_ETHERNET_SIN_CARGA,medio
,0.5060,0.4300,0.4800,0.9930,,1787585011370.7073,21.8000,-0.4800,15.8000,0.5063,1787585011370.7073,False,,,2,OP1,C1_ETHERNET_SIN_CARGA,medio
,0.5060,0.4300,0.4800,0.9970,,1787585011403.7720,21.8000,-0.4800,15.8000,0.5027,1787585011403.7720,False,,,2,OP1,C1_ETHERNET_SIN_CARGA,medio
,0.5060,0.4310,0.4780,0.9990,,1787585011424.6748,21.7300,-0.4800,15.8600,0.5009,1787585011424.6748,False,,,2,OP1,C1_ETHERNET_SIN_CARGA,medio
,0.5060,0.4300,0.4780,1.0000,,1787585011459.4697,21.7300,-0.4800,15.8000,0.5000,1787585011459.4697,False,,,2,OP1,C1_ETHERNET_SIN_CARGA,medio
,0.5060,0.4300,0.4770,1.0000,,1787585011488.4353,21.6950,-0.4800,15.8000,0.5000,1787585011489.2427,False,,,2,OP1,C1_ETHERNET_SIN_CARGA,medio
,0.5050,0.4310,0.4770,1.0000,,1787585011515.1143,21.6950,-0.4000,15.8600,0.5000,1787585011515.1143,False,,,2,OP1,C1_ETHERNET_SIN_CARGA,medio
,0.5050,0.4310,0.4770,1.0000,,1787585011537.4182,21.6950,-0.4000,15.8600,0.5000,1787585011537.4182,False,,,2,OP1,C1_ETHERNET_SIN_CARGA,medio
,0.5050,0.4310,0.4770,1.0000,,1787585011571.6506,21.6950,-0.4000,15.8600,0.5000,1787585011571.6506,False,,,2,OP1,C1_ETHERNET_SIN_CARGA,medio
,0.5050,0.4310,0.4770,1.0000,,1787585011599.9307,21.6950,-0.4000,15.8600,0.5000,1787585011599.9307,False,,,2,OP1,C1_ETHERNET_SIN_CARGA,medio
,0.5050,0.4320,0.4770,1.0000,,1787585011625.9065,21.6950,-0.4000,15.9200,0.5000,1787585011627.9177,False,,,2,OP1,C1_ETHERNET_SIN_CARGA,medio
,0.5050,0.4320,0.4770,1.0000,,1787585011653.3469,21.6950,-0.4000,15.9200,0.5000,1787585011656.8296,False,,,2,OP1,C1_ETHERNET_SIN_CARGA,medio
,0.5060,0.4330,0.4780,1.0000,,1787585011673.7944,21.7300,-0.4800,15.9800,0.5000,1787585011673.7944,False,,,2,OP1,C1_ETHERNET_SIN_CARGA,medio
,0.5070,0.4330,0.4780,1.0000,,1787585011705.8262,21.7300,-0.5600,15.9800,0.5000,1787585011705.8262,False,,,2,OP1,C1_ETHERNET_SIN_CARGA,medio
,0.5070,0.4340,0.4790,1.0000,,1787585011738.7168,21.7650,-0.5600,16.0400,0.5000,1787585011738.7168,False,,,2,OP1,C1_ETHERNET_SIN_CARGA,medio
,0.5080,0.4350,0.4790,1.0000,,1787585011766.7095,21.7650,-0.6400,16.1000,0.5000,1787585011766.7095,False,,,2,OP1,C1_ETHERNET_SIN_CARGA,medio
,0.5090,0.4350,0.4780,1.0000,,1787585011796.0588,21.7300,-0.7200,16.1000,0.5000,1787585011796.0588,False,,,2,OP1,C1_ETHERNET_SIN_CARGA,medio
,0.5090,0.4350,0.4780,1.0000,,1787585011823.0798,21.7300,-0.7200,16.1000,0.5000,1787585011824.0098,False,,,2,OP1,C1_ETHERNET_SIN_CARGA,medio
,0.5100,0.4360,0.4770,1.0000,,1787585011848.2349,21.6950,-0.8000,16.1600,0.5000,1787585011848.2349,False,,,2,OP1,C1_ETHERNET_SIN_CARGA,medio
,0.5100,0.4360,0.4760,1.0000,,1787585011874.6169,21.6600,-0.8000,16.1600,0.5000,1787585011874.6169,False,,,2,OP1,C1_ETHERNET_SIN_CARGA,medio
,0.5100,0.4360,0.4760,1.0000,,1787585011898.2244,21.6600,-0.8000,16.1600,0.5000,1787585011907.8672,False,,,2,OP1,C1_ETHERNET_SIN_CARGA,medio
,0.5100,0.4360,0.4760,1.0000,,1787585011933.9858,21.6600,-0.8000,16.1600,0.5000,1787585011933.9858,False,,,2,OP1,C1_ETHERNET_SIN_CARGA,medio
,0.5100,0.4360,0.4750,1.0000,,1787585011958.7820,21.6250,-0.8000,16.1600,0.5000,1787585011958.7820,False,,,2,OP1,C1_ETHERNET_SIN_CARGA,medio
,0.5090,0.4370,0.4750,1.0000,,1787585011988.7590,21.6250,-0.7200,16.2200,0.5000,1787585011991.0181,False,,,2,OP1,C1_ETHERNET_SIN_CARGA,medio
,0.5090,0.4370,0.4740,1.0000,,1787585012009.1968,21.5900,-0.7200,16.2200,0.5000,1787585012019.1951,False,,,2,OP1,C1_ETHERNET_SIN_CARGA,medio
,0.5090,0.4370,0.4740,1.0000,,1787585012042.2324,21.5900,-0.7200,16.2200,0.5000,1787585012048.0906,False,,,2,OP1,C1_ETHERNET_SIN_CARGA,medio
,0.5090,0.4370,0.4740,1.0000,,1787585012068.1577,21.5900,-0.7200,16.2200,0.5000,1787585012068.1577,False,,,2,OP1,C1_ETHERNET_SIN_CARGA,medio
,0.5090,0.4360,0.4740,1.0000,,1787585012100.2158,21.5900,-0.7200,16.1600,0.5000,1787585012100.2158,False,,,2,OP1,C1_ETHERNET_SIN_CARGA,medio
,0.5090,0.4360,0.4750,1.0000,,1787585012128.2439,21.6250,-0.7200,16.1600,0.5000,1787585012128.2439,False,,,2,OP1,C1_ETHERNET_SIN_CARGA,medio
,0.5080,0.4350,0.4760,1.0000,,1787585012177.7876,21.6600,-0.6400,16.1000,0.5000,1787585012177.7876,False,,,2,OP1,C1_ETHERNET_SIN_CARGA,medio
,0.5080,0.4350,0.4770,1.0000,,1787585012208.8774,21.6950,-0.6400,16.1000,0.5000,1787585012208.8774,False,,,2,OP1,C1_ETHERNET_SIN_CARGA,medio
,0.5080,0.4350,0.4780,1.0000,,1787585012233.4343,21.7300,-0.6400,16.1000,0.5000,1787585012233.4343,False,,,2,OP1,C1_ETHERNET_SIN_CARGA,medio
,0.5080,0.4350,0.4780,1.0000,,1787585012267.0391,21.7300,-0.6400,16.1000,0.5000,1787585012267.0391,False,,,2,OP1,C1_ETHERNET_SIN_CARGA,medio
,0.5090,0.4350,0.4790,1.0000,,1787585012295.1960,21.7650,-0.7200,16.1000,0.5000,1787585012297.8901,False,,,2,OP1,C1_ETHERNET_SIN_CARGA,medio
,0.5090,0.4350,0.4800,1.0000,,1787585012321.6355,21.8000,-0.7200,16.1000,0.5000,1787585012321.6355,False,,,2,OP1,C1_ETHERNET_SIN_CARGA,medio
,0.5100,0.4360,0.4800,1.0000,,1787585012977.5117,21.8000,-0.8000,16.1600,0.5000,1787585012982.0486,False,,,2,OP1,C1_ETHERNET_SIN_CARGA,medio
,0.5100,0.4330,0.4820,1.0000,,1787585013016.1609,21.8700,-0.8000,15.9800,0.5000,1787585013016.1609,False,,,2,OP1,C1_ETHERNET_SIN_CARGA,medio
,0.5100,0.4330,0.4820,1.0000,,1787585013064.6765,21.8700,-0.8000,15.9800,0.5000,1787585013065.6780,False,,,2,OP1,C1_ETHERNET_SIN_CARGA,medio
,0.5100,0.4330,0.4820,1.0000,,1787585013117.1924,21.8700,-0.8000,15.9800,0.5000,1787585013117.1924,False,,,2,OP1,C1_ETHERNET_SIN_CARGA,medio
,0.5100,0.4330,0.4830,1.0000,,1787585013148.1750,21.9050,-0.8000,15.9800,0.5000,1787585013148.5916,False,,,2,OP1,C1_ETHERNET_SIN_CARGA,medio
,0.5090,0.4320,0.4840,1.0000,,1787585013183.1663,21.9400,-0.7200,15.9200,0.5000,1787585013197.8201,False,,,2,OP1,C1_ETHERNET_SIN_CARGA,medio
,0.5090,0.4320,0.4840,1.0000,,1787585013217.4133,21.9400,-0.7200,15.9200,0.5000,1787585013217.4133,False,,,2,OP1,C1_ETHERNET_SIN_CARGA,medio
,0.5090,0.4320,0.4840,1.0000,,1787585013251.5027,21.9400,-0.7200,15.9200,0.5000,1787585013251.5027,False,,,2,OP1,C1_ETHERNET_SIN_CARGA,medio
,0.5090,0.4320,0.4850,1.0000,,1787585013275.3647,21.9750,-0.7200,15.9200,0.5000,1787585013285.2378,False,,,2,OP1,C1_ETHERNET_SIN_CARGA,medio
,0.5090,0.4310,0.4850,1.0000,,1787585013310.9177,21.9750,-0.7200,15.8600,0.5000,1787585013310.9177,False,,,2,OP1,C1_ETHERNET_SIN_CARGA,medio
,0.5090,0.4310,0.4860,1.0000,,1787585013340.2773,22.0100,-0.7200,15.8600,0.5000,1787585013340.2773,False,,,2,OP1,C1_ETHERNET_SIN_CARGA,medio
,0.5090,0.4320,0.4860,1.0000,,1787585013367.4485,22.0100,-0.7200,15.9200,0.5000,1787585013367.4485,False,,,2,OP1,C1_ETHERNET_SIN_CARGA,medio
,0.5090,0.4310,0.4860,1.0000,,1787585013420.2190,22.0100,-0.7200,15.8600,0.5000,1787585013420.2190,False,,,2,OP1,C1_ETHERNET_SIN_CARGA,medio
,0.5090,0.4310,0.4860,1.0000,,1787585013452.0400,22.0100,-0.7200,15.8600,0.5000,1787585013452.0400,False,,,2,OP1,C1_ETHERNET_SIN_CARGA,medio
,0.5090,0.4310,0.4860,1.0000,,1787585013478.3892,22.0100,-0.7200,15.8600,0.5000,1787585013480.3979,False,,,2,OP1,C1_ETHERNET_SIN_CARGA,medio
,0.5090,0.4300,0.4860,1.0000,,1787585013506.8220,22.0100,-0.7200,15.8000,0.5000,1787585013506.8220,False,,,2,OP1,C1_ETHERNET_SIN_CARGA,medio
,0.5090,0.4300,0.4860,1.0000,,1787585013535.6292,22.0100,-0.7200,15.8000,0.5000,1787585013537.6392,False,,,2,OP1,C1_ETHERNET_SIN_CARGA,medio
,0.5100,0.4290,0.4870,1.0000,,1787585013564.1401,22.0450,-0.8000,15.7400,0.5000,1787585013564.1401,False,,,2,OP1,C1_ETHERNET_SIN_CARGA,medio
,0.5100,0.4290,0.4870,1.0000,,1787585013584.4805,22.0450,-0.8000,15.7400,0.5000,1787585013584.4805,False,,,2,OP1,C1_ETHERNET_SIN_CARGA,medio
,0.5100,0.4290,0.4860,1.0000,,1787585013618.7012,22.0100,-0.8000,15.7400,0.5000,1787585013618.7012,False,,,2,OP1,C1_ETHERNET_SIN_CARGA,medio
,0.5090,0.4290,0.4860,1.0000,,1787585013646.2739,22.0100,-0.7200,15.7400,0.5000,1787585013646.2739,False,,,2,OP1,C1_ETHERNET_SIN_CARGA,medio
,0.5090,0.4290,0.4860,1.0000,,1787585013669.7585,22.0100,-0.7200,15.7400,0.5000,1787585013669.7585,False,,,2,OP1,C1_ETHERNET_SIN_CARGA,medio
,0.5090,0.4290,0.4850,1.0000,,1787585013697.9902,21.9750,-0.7200,15.7400,0.5000,1787585013697.9902,False,,,2,OP1,C1_ETHERNET_SIN_CARGA,medio
,0.5090,0.4290,0.4850,1.0000,,1787585013730.1907,21.9750,-0.7200,15.7400,0.5000,1787585013731.1836,False,,,2,OP1,C1_ETHERNET_SIN_CARGA,medio
,0.5080,0.4290,0.4840,1.0000,,1787585013753.9587,21.9400,-0.6400,15.7400,0.5000,1787585013753.9587,False,,,2,OP1,C1_ETHERNET_SIN_CARGA,medio
,0.5080,0.4300,0.4830,1.0000,,1787585013785.9973,21.9050,-0.6400,15.8000,0.5000,1787585013785.9973,False,,,2,OP1,C1_ETHERNET_SIN_CARGA,medio
,0.5070,0.4300,0.4820,1.0000,,1787585013813.2012,21.8700,-0.5600,15.8000,0.5000,1787585013813.2012,False,,,2,OP1,C1_ETHERNET_SIN_CARGA,medio
,0.5070,0.4310,0.4820,1.0000,,1787585013836.8818,21.8700,-0.5600,15.8600,0.5000,1787585013836.8818,False,,,2,OP1,C1_ETHERNET_SIN_CARGA,medio
,0.5060,0.4310,0.4810,1.0000,,1787585013861.3511,21.8350,-0.4800,15.8600,0.5000,1787585013870.0068,False,,,2,OP1,C1_ETHERNET_SIN_CARGA,medio
,0.5050,0.4310,0.4800,1.0000,,1787585013889.6824,21.8000,-0.4000,15.8600,0.5000,1787585013889.6824,False,,,2,OP1,C1_ETHERNET_SIN_CARGA,medio
,0.5050,0.4310,0.4790,1.0000,,1787585013923.0757,21.7650,-0.4000,15.8600,0.5000,1787585013923.0757,False,,,2,OP1,C1_ETHERNET_SIN_CARGA,medio
,0.5060,0.4310,0.4780,1.0000,,1787585013948.2708,21.7300,-0.4800,15.8600,0.5000,1787585013948.2708,False,,,2,OP1,C1_ETHERNET_SIN_CARGA,medio
,0.5060,0.4310,0.4780,1.0000,,1787585013978.3601,21.7300,-0.4800,15.8600,0.5000,1787585013978.3601,False,,,2,OP1,C1_ETHERNET_SIN_CARGA,medio
,0.5070,0.4310,0.4780,1.0000,,1787585014009.5247,21.7300,-0.5600,15.8600,0.5000,1787585014010.0288,False,,,2,OP1,C1_ETHERNET_SIN_CARGA,medio
,0.5080,0.4320,0.4790,1.0000,,1787585014059.1279,21.7650,-0.6400,15.9200,0.5000,1787585014059.1279,False,,,2,OP1,C1_ETHERNET_SIN_CARGA,medio
,0.5080,0.4320,0.4800,1.0000,,1787585014091.0872,21.8000,-0.6400,15.9200,0.5000,1787585014091.0872,False,,,2,OP1,C1_ETHERNET_SIN_CARGA,medio
,0.5080,0.4320,0.4800,1.0000,,1787585014118.6038,21.8000,-0.6400,15.9200,0.5000,1787585014118.6038,False,,,2,OP1,C1_ETHERNET_SIN_CARGA,medio
,0.5090,0.4330,0.4810,1.0000,,1787585014144.4106,21.8350,-0.7200,15.9800,0.5000,1787585014148.3987,False,,,2,OP1,C1_ETHERNET_SIN_CARGA,medio
,0.5090,0.4330,0.4810,1.0000,,1787585014176.2114,21.8350,-0.7200,15.9800,0.5000,1787585014178.3821,False,,,2,OP1,C1_ETHERNET_SIN_CARGA,medio
,0.5090,0.4330,0.4810,1.0000,,1787585014198.0747,21.8350,-0.7200,15.9800,0.5000,1787585014198.0747,False,,,2,OP1,C1_ETHERNET_SIN_CARGA,medio
,0.5090,0.4330,0.4810,1.0000,,1787585014225.3787,21.8350,-0.7200,15.9800,0.5000,1787585014225.3787,False,,,2,OP1,C1_ETHERNET_SIN_CARGA,medio
,0.5090,0.4330,0.4800,1.0000,,1787585014258.6978,21.8000,-0.7200,15.9800,0.5000,1787585014258.6978,False,,,2,OP1,C1_ETHERNET_SIN_CARGA,medio
,0.5090,0.4330,0.4800,1.0000,,1787585014286.6160,21.8000,-0.7200,15.9800,0.5000,1787585014286.6160,False,,,2,OP1,C1_ETHERNET_SIN_CARGA,medio
,0.5090,0.4330,0.4790,1.0000,,1787585014314.0603,21.7650,-0.7200,15.9800,0.5000,1787585014314.0603,False,,,2,OP1,C1_ETHERNET_SIN_CARGA,medio
,0.5090,0.4340,0.4790,1.0000,,1787585014342.5391,21.7650,-0.7200,16.0400,0.5000,1787585014345.0627,False,,,2,OP1,C1_ETHERNET_SIN_CARGA,medio
,0.5090,0.4340,0.4790,1.0000,,1787585014371.1763,21.7650,-0.7200,16.0400,0.5000,1787585014371.1763,False,,,2,OP1,C1_ETHERNET_SIN_CARGA,medio
,0.5090,0.4340,0.4790,1.0000,,1787585014398.2354,21.7650,-0.7200,16.0400,0.5000,1787585014398.2354,False,,,2,OP1,C1_ETHERNET_SIN_CARGA,medio
,0.5090,0.4340,0.4800,1.0000,,1787585014421.5527,21.8000,-0.7200,16.0400,0.5000,1787585014421.5527,False,,,2,OP1,C1_ETHERNET_SIN_CARGA,medio
,0.5090,0.4340,0.4810,1.0000,,1787585014454.0107,21.8350,-0.7200,16.0400,0.5000,1787585014454.0107,False,,,2,OP1,C1_ETHERNET_SIN_CARGA,medio
,0.5090,0.4340,0.4820,1.0000,,1787585014481.3887,21.8700,-0.7200,16.0400,0.5000,1787585014481.3887,False,,,2,OP1,C1_ETHERNET_SIN_CARGA,medio
,0.5090,0.4340,0.4820,1.0000,,1787585014509.6165,21.8700,-0.7200,16.0400,0.5000,1787585014511.7354,False,,,2,OP1,C1_ETHERNET_SIN_CARGA,medio
,0.5090,0.4350,0.4820,1.0000,,1787585014560.6711,21.8700,-0.7200,16.1000,0.5000,1787585014560.6711,False,,,2,OP1,C1_ETHERNET_SIN_CARGA,medio
,0.5090,0.4350,0.4810,1.0000,,1787585014589.0701,21.8350,-0.7200,16.1000,0.5000,1787585014589.0701,False,,,2,OP1,C1_ETHERNET_SIN_CARGA,medio
,0.5090,0.4350,0.4810,1.0000,,1787585014621.0234,21.8350,-0.7200,16.1000,0.5000,1787585014621.0234,False,,,2,OP1,C1_ETHERNET_SIN_CARGA,medio
,0.5090,0.4350,0.4810,1.0000,,1787585014648.4399,21.8350,-0.7200,16.1000,0.5000,1787585014650.4558,False,,,2,OP1,C1_ETHERNET_SIN_CARGA,medio
,0.5080,0.4350,0.4810,1.0000,,1787585014672.7388,21.8350,-0.6400,16.1000,0.5000,1787585014672.7388,False,,,2,OP1,C1_ETHERNET_SIN_CARGA,medio
,0.5080,0.4340,0.4820,1.0000,,1787585014698.9375,21.8700,-0.6400,16.0400,0.5000,1787585014698.9375,False,,,2,OP1,C1_ETHERNET_SIN_CARGA,medio
,0.5070,0.4340,0.4820,1.0000,,1787585014729.3201,21.8700,-0.5600,16.0400,0.5000,1787585014729.3201,False,,,2,OP1,C1_ETHERNET_SIN_CARGA,medio
,0.5070,0.4350,0.4820,1.0000,,1787585014754.7766,21.8700,-0.5600,16.1000,0.5000,1787585014754.7766,False,,,2,OP1,C1_ETHERNET_SIN_CARGA,medio
,0.5070,0.4350,0.4820,1.0000,,1787585014786.6064,21.8700,-0.5600,16.1000,0.5000,1787585014788.6162,False,,,2,OP1,C1_ETHERNET_SIN_CARGA,medio
,0.5060,0.4350,0.4820,1.0000,,1787585014815.4900,21.8700,-0.4800,16.1000,0.5000,1787585014817.5002,False,,,2,OP1,C1_ETHERNET_SIN_CARGA,medio
,0.5060,0.4350,0.4830,1.0000,,1787585014844.3513,21.9050,-0.4800,16.1000,0.5000,1787585014844.3513,False,,,2,OP1,C1_ETHERNET_SIN_CARGA,medio
,0.5060,0.4360,0.4830,1.0000,,1787585014872.4724,21.9050,-0.4800,16.1600,0.5000,1787585014872.4724,False,,,2,OP1,C1_ETHERNET_SIN_CARGA,medio
,0.5060,0.4370,0.4830,1.0000,,1787585014898.3542,21.9050,-0.4800,16.2200,0.5000,1787585014898.3542,False,,,2,OP1,C1_ETHERNET_SIN_CARGA,medio
,0.5060,0.4380,0.4830,1.0000,,1787585014922.8997,21.9050,-0.4800,16.2800,0.5000,1787585014922.8997,False,,,2,OP1,C1_ETHERNET_SIN_CARGA,medio
,0.5060,0.4390,0.4830,1.0000,,1787585014954.4526,21.9050,-0.4800,16.3400,0.5000,1787585014954.4526,False,,,2,OP1,C1_ETHERNET_SIN_CARGA,medio
,0.5070,0.4400,0.4820,1.0000,,1787585014983.0713,21.8700,-0.5600,16.4000,0.5000,1787585014984.6172,False,,,2,OP1,C1_ETHERNET_SIN_CARGA,medio
,0.5070,0.4410,0.4810,1.0000,,1787585015009.7739,21.8350,-0.5600,16.4600,0.5000,1787585015009.7739,False,,,2,OP1,C1_ETHERNET_SIN_CARGA,medio
,0.5070,0.4420,0.4800,1.0000,,1787585015031.3003,21.8000,-0.5600,16.5200,0.5000,1787585015031.3003,False,,,2,OP1,C1_ETHERNET_SIN_CARGA,medio
,0.5070,0.4420,0.4800,1.0000,,1787585015064.4910,21.8000,-0.5600,16.5200,0.5000,1787585015064.4910,False,,,2,OP1,C1_ETHERNET_SIN_CARGA,medio
,0.5070,0.4420,0.4790,1.0000,,1787585015087.9509,21.7650,-0.5600,16.5200,0.5000,1787585015087.9509,False,,,2,OP1,C1_ETHERNET_SIN_CARGA,medio
,0.5070,0.4420,0.4780,1.0000,,1787585015121.0891,21.7300,-0.5600,16.5200,0.5000,1787585015121.0891,False,,,2,OP1,C1_ETHERNET_SIN_CARGA,medio
,0.5070,0.4420,0.4790,1.0000,,1787585015151.2126,21.7650,-0.5600,16.5200,0.5000,1787585015151.5562,False,,,2,OP1,C1_ETHERNET_SIN_CARGA,medio
,0.5070,0.4410,0.4780,1.0000,,1787585015173.4292,21.7300,-0.5600,16.4600,0.5000,1787585015173.4292,False,,,2,OP1,C1_ETHERNET_SIN_CARGA,medio
,0.5070,0.4410,0.4780,1.0000,,1787585015199.5681,21.7300,-0.5600,16.4600,0.5000,1787585015199.5681,False,,,2,OP1,C1_ETHERNET_SIN_CARGA,medio
,0.5070,0.4400,0.4780,1.0000,,1787585015231.7546,21.7300,-0.5600,16.4000,0.5000,1787585015231.7546,False,,,2,OP1,C1_ETHERNET_SIN_CARGA,medio
,0.5060,0.4400,0.4780,1.0000,,1787585015257.1685,21.7300,-0.4800,16.4000,0.5000,1787585015257.1685,False,,,2,OP1,C1_ETHERNET_SIN_CARGA,medio
,0.5060,0.4400,0.4780,1.0000,,1787585015288.5774,21.7300,-0.4800,16.4000,0.5000,1787585015288.5774,False,,,2,OP1,C1_ETHERNET_SIN_CARGA,medio
,0.5060,0.4390,0.4780,1.0000,,1787585015317.3726,21.7300,-0.4800,16.3400,0.5000,1787585015319.3679,False,,,2,OP1,C1_ETHERNET_SIN_CARGA,medio
,0.5060,0.4390,0.4790,1.0000,,1787585015345.3887,21.7650,-0.4800,16.3400,0.5000,1787585015345.3887,False,,,2,OP1,C1_ETHERNET_SIN_CARGA,medio
,0.5070,0.4390,0.4790,1.0000,,1787585015370.5930,21.7650,-0.5600,16.3400,0.5000,1787585015370.5930,False,,,2,OP1,C1_ETHERNET_SIN_CARGA,medio
,0.5070,0.4390,0.4800,1.0000,,1787585015399.7041,21.8000,-0.5600,16.3400,0.5000,1787585015399.7041,False,,,2,OP1,C1_ETHERNET_SIN_CARGA,medio
,0.5070,0.4390,0.4800,1.0000,,1787585015428.2944,21.8000,-0.5600,16.3400,0.5000,1787585015428.2944,False,,,2,OP1,C1_ETHERNET_SIN_CARGA,medio
,0.5070,0.4380,0.4810,1.0000,,1787585015455.3030,21.8350,-0.5600,16.2800,0.5000,1787585015457.3198,False,,,2,OP1,C1_ETHERNET_SIN_CARGA,medio
,0.5080,0.4380,0.4810,1.0000,,1787585015484.8076,21.8350,-0.6400,16.2800,0.5000,1787585015485.8069,False,,,2,OP1,C1_ETHERNET_SIN_CARGA,medio
,0.5080,0.4380,0.4820,1.0000,,1787585015536.1978,21.8700,-0.6400,16.2800,0.5000,1787585015536.1978,False,,,2,OP1,C1_ETHERNET_SIN_CARGA,medio
,0.5080,0.4380,0.4820,1.0000,,1787585015564.1370,21.8700,-0.6400,16.2800,0.5000,1787585015564.1370,False,,,2,OP1,C1_ETHERNET_SIN_CARGA,medio
,0.5080,0.4380,0.4830,1.0000,,1787585015596.1206,21.9050,-0.6400,16.2800,0.5000,1787585015596.1206,False,,,2,OP1,C1_ETHERNET_SIN_CARGA,medio
,0.5080,0.4380,0.4820,1.0000,,1787585015623.4424,21.8700,-0.6400,16.2800,0.5000,1787585015623.4424,False,,,2,OP1,C1_ETHERNET_SIN_CARGA,medio
,0.5080,0.4390,0.4820,1.0000,,1787585015647.9888,21.8700,-0.6400,16.3400,0.5000,1787585015647.9888,False,,,2,OP1,C1_ETHERNET_SIN_CARGA,medio
,0.5090,0.4380,0.4820,1.0000,,1787585015679.4304,21.8700,-0.7200,16.2800,0.5000,1787585015680.5454,False,,,2,OP1,C1_ETHERNET_SIN_CARGA,medio
,0.5090,0.4380,0.4820,1.0000,,1787585015702.6145,21.8700,-0.7200,16.2800,0.5000,1787585015702.6145,False,,,2,OP1,C1_ETHERNET_SIN_CARGA,medio
,0.5090,0.4380,0.4820,1.0000,,1787585015725.5078,21.8700,-0.7200,16.2800,0.5000,1787585015739.0559,False,,,2,OP1,C1_ETHERNET_SIN_CARGA,medio
,0.5090,0.4380,0.4820,1.0000,,1787585015762.9868,21.8700,-0.7200,16.2800,0.5000,1787585015762.9868,False,,,2,OP1,C1_ETHERNET_SIN_CARGA,medio
,0.5080,0.4380,0.4820,1.0000,,1787585015791.3442,21.8700,-0.6400,16.2800,0.5000,1787585015791.3442,False,,,2,OP1,C1_ETHERNET_SIN_CARGA,medio
,0.5080,0.4380,0.4810,1.0000,,1787585015815.7170,21.8350,-0.6400,16.2800,0.5000,1787585015815.7170,False,,,2,OP1,C1_ETHERNET_SIN_CARGA,medio
,0.5080,0.4370,0.4820,1.0000,,1787585015845.6711,21.8700,-0.6400,16.2200,0.5000,1787585015845.6711,False,,,2,OP1,C1_ETHERNET_SIN_CARGA,medio
,0.5080,0.4360,0.4830,1.0000,,1787585015870.1853,21.9050,-0.6400,16.1600,0.5000,1787585015875.3318,False,,,2,OP1,C1_ETHERNET_SIN_CARGA,medio
,0.5080,0.4360,0.4830,1.0000,,1787585015897.9922,21.9050,-0.6400,16.1600,0.5000,1787585015897.9922,False,,,2,OP1,C1_ETHERNET_SIN_CARGA,medio
,0.5080,0.4360,0.4830,1.0000,,1787585015928.5669,21.9050,-0.6400,16.1600,0.5000,1787585015928.5669,False,,,2,OP1,C1_ETHERNET_SIN_CARGA,medio
,0.5080,0.4360,0.4830,1.0000,,1787585015955.8313,21.9050,-0.6400,16.1600,0.5000,1787585015958.0481,False,,,2,OP1,C1_ETHERNET_SIN_CARGA,medio
,0.5080,0.4360,0.4840,1.0000,,1787585016007.2651,21.9400,-0.6400,16.1600,0.5000,1787585016007.2651,False,,,2,OP1,C1_ETHERNET_SIN_CARGA,medio
,0.5080,0.4370,0.4840,1.0000,,1787585016039.6465,21.9400,-0.6400,16.2200,0.5000,1787585016039.6465,False,,,2,OP1,C1_ETHERNET_SIN_CARGA,medio
,0.5080,0.4370,0.4830,1.0000,,1787585016066.4458,21.9050,-0.6400,16.2200,0.5000,1787585016066.4458,False,,,2,OP1,C1_ETHERNET_SIN_CARGA,medio
,0.5080,0.4370,0.4830,1.0000,,1787585016096.7051,21.9050,-0.6400,16.2200,0.5000,1787585016098.2134,False,,,2,OP1,C1_ETHERNET_SIN_CARGA,medio
,0.5080,0.4370,0.4830,1.0000,,1787585016124.3923,21.9050,-0.6400,16.2200,0.5000,1787585016126.5945,False,,,2,OP1,C1_ETHERNET_SIN_CARGA,medio
,0.5080,0.4380,0.4820,1.0000,,1787585016150.0076,21.8700,-0.6400,16.2800,0.5000,1787585016154.2419,False,,,2,OP1,C1_ETHERNET_SIN_CARGA,medio
,0.5080,0.4380,0.4820,1.0000,,1787585016176.3247,21.8700,-0.6400,16.2800,0.5000,1787585016176.3247,False,,,2,OP1,C1_ETHERNET_SIN_CARGA,medio
,0.5080,0.4380,0.4810,1.0000,,1787585016206.4275,21.8350,-0.6400,16.2800,0.5000,1787585016206.4275,False,,,2,OP1,C1_ETHERNET_SIN_CARGA,medio
,0.5080,0.4380,0.4810,1.0000,,1787585016235.2627,21.8350,-0.6400,16.2800,0.5000,1787585016235.2627,False,,,2,OP1,C1_ETHERNET_SIN_CARGA,medio
,0.5080,0.4380,0.4800,1.0000,,1787585016262.9172,21.8000,-0.6400,16.2800,0.5000,1787585016264.9265,False,,,2,OP1,C1_ETHERNET_SIN_CARGA,medio
,0.5080,0.4380,0.4800,1.0000,,1787585016291.9475,21.8000,-0.6400,16.2800,0.5000,1787585016292.9673,False,,,2,OP1,C1_ETHERNET_SIN_CARGA,medio
,0.5080,0.4380,0.4810,1.0000,,1787585016319.6443,21.8350,-0.6400,16.2800,0.5000,1787585016319.6443,False,,,2,OP1,C1_ETHERNET_SIN_CARGA,medio
,0.5090,0.4380,0.4810,1.0000,,1787585016347.8967,21.8350,-0.7200,16.2800,0.5000,1787585016347.8967,False,,,2,OP1,C1_ETHERNET_SIN_CARGA,medio
,0.5090,0.4390,0.4820,1.0000,,1787585016369.6953,21.8700,-0.7200,16.3400,0.5000,1787585016369.6953,False,,,2,OP1,C1_ETHERNET_SIN_CARGA,medio
,0.5090,0.4390,0.4820,1.0000,,1787585016402.1125,21.8700,-0.7200,16.3400,0.5000,1787585016404.1211,False,,,2,OP1,C1_ETHERNET_SIN_CARGA,medio
,0.5090,0.4400,0.4810,1.0000,,1787585016431.7085,21.8350,-0.7200,16.4000,0.5000,1787585016431.7085,False,,,2,OP1,C1_ETHERNET_SIN_CARGA,medio
,0.5090,0.4400,0.4810,1.0000,,1787585016459.1157,21.8350,-0.7200,16.4000,0.5000,1787585016460.1152,False,,,2,OP1,C1_ETHERNET_SIN_CARGA,medio
,0.5090,0.4410,0.4800,1.0000,,1787585016510.2600,21.8000,-0.7200,16.4600,0.5000,1787585016510.2600,False,,,2,OP1,C1_ETHERNET_SIN_CARGA,medio
,0.5090,0.4410,0.4800,1.0000,,1787585016530.5452,21.8000,-0.7200,16.4600,0.5000,1787585016542.4568,False,,,2,OP1,C1_ETHERNET_SIN_CARGA,medio
,0.5090,0.4410,0.4800,1.0000,,1787585016569.6785,21.8000,-0.7200,16.4600,0.5000,1787585016570.6880,False,,,2,OP1,C1_ETHERNET_SIN_CARGA,medio
,0.5090,0.4410,0.4810,1.0000,,1787585016598.1895,21.8350,-0.7200,16.4600,0.5000,1787585016598.1895,False,,,2,OP1,C1_ETHERNET_SIN_CARGA,medio
,0.5090,0.4410,0.4800,1.0000,,1787585016621.7141,21.8000,-0.7200,16.4600,0.5000,1787585016627.8860,False,,,2,OP1,C1_ETHERNET_SIN_CARGA,medio
,0.5090,0.4410,0.4800,1.0000,,1787585016649.6418,21.8000,-0.7200,16.4600,0.5000,1787585016649.6418,False,,,2,OP1,C1_ETHERNET_SIN_CARGA,medio
,0.5090,0.4420,0.4800,1.0000,,1787585016678.1057,21.8000,-0.7200,16.5200,0.5000,1787585016678.1057,False,,,2,OP1,C1_ETHERNET_SIN_CARGA,medio
,0.5090,0.4410,0.4800,1.0000,,1787585016698.9380,21.8000,-0.7200,16.4600,0.5000,1787585016698.9380,False,,,2,OP1,C1_ETHERNET_SIN_CARGA,medio
,0.5090,0.4410,0.4790,1.0000,,1787585016736.9060,21.7650,-0.7200,16.4600,0.5000,1787585016736.9060,False,,,2,OP1,C1_ETHERNET_SIN_CARGA,medio
,0.5100,0.4410,0.4790,1.0000,,1787585016766.6169,21.7650,-0.8000,16.4600,0.5000,1787585016766.6169,False,,,2,OP1,C1_ETHERNET_SIN_CARGA,medio
,0.5100,0.4410,0.4790,1.0000,,1787585016814.3179,21.7650,-0.8000,16.4600,0.5000,1787585016814.3179,False,,,2,OP1,C1_ETHERNET_SIN_CARGA,medio
,0.5090,0.4410,0.4800,1.0000,,1787585016848.7131,21.8000,-0.7200,16.4600,0.5000,1787585016848.7131,False,,,2,OP1,C1_ETHERNET_SIN_CARGA,medio
,0.5090,0.4410,0.4800,1.0000,,1787585016874.0410,21.8000,-0.7200,16.4600,0.5000,1787585016874.0410,False,,,2,OP1,C1_ETHERNET_SIN_CARGA,medio
,0.5090,0.4410,0.4800,1.0000,,1787585016904.7598,21.8000,-0.7200,16.4600,0.5000,1787585016904.7598,False,,,2,OP1,C1_ETHERNET_SIN_CARGA,medio
,0.5090,0.4410,0.4810,1.0000,,1787585016930.8647,21.8350,-0.7200,16.4600,0.5000,1787585016933.0903,False,,,2,OP1,C1_ETHERNET_SIN_CARGA,medio
,0.5080,0.4440,0.4850,1.0000,,1787585016978.8618,21.9750,-0.6400,16.6400,0.5000,1787585016978.8618,False,,,2,OP1,C1_ETHERNET_SIN_CARGA,medio
,0.5070,0.4450,0.4880,1.0000,,1787585017014.1045,22.0800,-0.5600,16.7000,0.5000,1787585017014.1045,False,,,2,OP1,C1_ETHERNET_SIN_CARGA,medio
,0.5070,0.4460,0.4920,1.0000,,1787585017040.0337,22.2200,-0.5600,16.7600,0.5000,1787585017040.0337,False,,,2,OP1,C1_ETHERNET_SIN_CARGA,medio
,0.5070,0.4470,0.4940,1.0000,,1787585017068.6633,22.2900,-0.5600,16.8200,0.5000,1787585017072.3052,False,,,2,OP1,C1_ETHERNET_SIN_CARGA,medio
,0.5070,0.4470,0.4950,1.0000,,1787585017100.6267,22.3250,-0.5600,16.8200,0.5000,1787585017100.6267,False,,,2,OP1,C1_ETHERNET_SIN_CARGA,medio
,0.5070,0.4480,0.4980,1.0000,,1787585017124.9683,22.4300,-0.5600,16.8800,0.5000,1787585017124.9683,False,,,2,OP1,C1_ETHERNET_SIN_CARGA,medio
,0.5070,0.4490,0.5030,1.0000,,1787585017148.4419,22.6050,-0.5600,16.9400,0.5000,1787585017148.4419,False,,,2,OP1,C1_ETHERNET_SIN_CARGA,medio
,0.5070,0.4510,0.5050,1.0000,,1787585017181.5134,22.6750,-0.5600,17.0600,0.5000,1787585017181.5134,False,,,2,OP1,C1_ETHERNET_SIN_CARGA,medio
,0.5070,0.4530,0.5070,1.0000,,1787585017203.6033,22.7450,-0.5600,17.1800,0.5000,1787585017203.6033,False,,,2,OP1,C1_ETHERNET_SIN_CARGA,medio
,0.5070,0.4540,0.5090,1.0000,,1787585017237.2659,22.8150,-0.5600,17.2400,0.5000,1787585017237.2659,False,,,2,OP1,C1_ETHERNET_SIN_CARGA,medio
,0.5080,0.4570,0.5110,1.0000,,1787585017266.6384,22.8850,-0.6400,17.4200,0.5000,1787585017266.6384,False,,,2,OP1,C1_ETHERNET_SIN_CARGA,medio
,0.5090,0.4650,0.5080,1.0000,,1787585017315.9824,22.7800,-0.7200,17.9000,0.5000,1787585017315.9824,False,,,2,OP1,C1_ETHERNET_SIN_CARGA,medio
,0.5110,0.4690,0.5040,1.0000,,1787585017349.8472,22.6400,-0.8800,18.1400,0.5000,1787585017349.8472,False,,,2,OP1,C1_ETHERNET_SIN_CARGA,medio
,0.5130,0.4720,0.5020,1.0000,,1787585017376.3743,22.5700,-1.0400,18.3200,0.5000,1787585017376.3743,False,,,2,OP1,C1_ETHERNET_SIN_CARGA,medio
,0.5150,0.4750,0.5000,1.0000,,1787585017405.3201,22.5000,-1.2000,18.5000,0.5000,1787585017405.3201,False,,,2,OP1,C1_ETHERNET_SIN_CARGA,medio
,0.5180,0.4770,0.4980,1.0000,,1787585017433.3494,22.4300,-1.4400,18.6200,0.5000,1787585017435.7104,False,,,2,OP1,C1_ETHERNET_SIN_CARGA,medio
,0.5200,0.4820,0.4960,1.0000,,1787585017459.2388,22.3600,-1.6000,18.9200,0.5000,1787585017459.2388,False,,,2,OP1,C1_ETHERNET_SIN_CARGA,medio
,0.5220,0.4880,0.4930,1.0000,,1787585017484.0181,22.2550,-1.7600,19.2800,0.5000,1787585017484.0181,False,,,2,OP1,C1_ETHERNET_SIN_CARGA,medio
,0.5240,0.4940,0.4920,1.0000,,1787585017512.1089,22.2200,-1.9200,19.6400,0.5000,1787585017517.5288,False,,,2,OP1,C1_ETHERNET_SIN_CARGA,medio
,0.5220,0.4970,0.4920,1.0000,,1787585017543.8584,22.2200,-1.7600,19.8200,0.5000,1787585017543.8584,False,,,2,OP1,C1_ETHERNET_SIN_CARGA,medio
,0.5210,0.4980,0.4920,1.0000,,1787585017571.6499,22.2200,-1.6800,19.8800,0.5000,1787585017571.6499,False,,,2,OP1,C1_ETHERNET_SIN_CARGA,medio
,0.5200,0.4980,0.4930,0.9940,,1787585017602.0596,22.2550,-1.6000,19.8800,0.5054,1787585017602.0596,False,,,2,OP1,C1_ETHERNET_SIN_CARGA,medio
,0.5180,0.4960,0.4940,0.9790,,1787585017652.4905,22.2900,-1.4400,19.7600,0.5189,1787585017652.4905,False,,,2,OP1,C1_ETHERNET_SIN_CARGA,medio
,0.5170,0.4940,0.4960,0.9740,,1787585017681.4512,22.3600,-1.3600,19.6400,0.5234,1787585017684.9841,False,,,2,OP1,C1_ETHERNET_SIN_CARGA,medio
,0.5170,0.4890,0.5000,0.9710,,1787585017710.9668,22.5000,-1.3600,19.3400,0.5261,1787585017711.9941,False,,,2,OP1,C1_ETHERNET_SIN_CARGA,medio
,0.5160,0.4850,0.5080,0.9720,,1787585017741.3789,22.7800,-1.2800,19.1000,0.5252,1787585017742.3787,False,,,2,OP1,C1_ETHERNET_SIN_CARGA,medio
,0.5150,0.4790,0.5240,0.9820,,1787585017790.2788,23.3400,-1.2000,18.7400,0.5162,1787585017790.2788,False,,,2,OP1,C1_ETHERNET_SIN_CARGA,medio
,0.5140,0.4770,0.5370,0.9930,,1787585017816.0349,23.7950,-1.1200,18.6200,0.5063,1787585017816.0349,False,,,2,OP1,C1_ETHERNET_SIN_CARGA,medio
,0.5130,0.4760,0.5470,1.0000,,1787585017848.7329,24.1450,-1.0400,18.5600,0.5000,1787585017848.7329,False,,,2,OP1,C1_ETHERNET_SIN_CARGA,medio
,0.5120,0.4760,0.5530,1.0000,,1787585017871.1890,24.3550,-0.9600,18.5600,0.5000,1787585017881.6160,False,,,2,OP1,C1_ETHERNET_SIN_CARGA,medio
,0.5110,0.4780,0.5570,1.0000,,1787585017907.3430,24.4950,-0.8800,18.6800,0.5000,1787585017907.3430,False,,,2,OP1,C1_ETHERNET_SIN_CARGA,medio
,0.5100,0.4790,0.5600,1.0000,,1787585017935.7241,24.6000,-0.8000,18.7400,0.5000,1787585017935.7241,False,,,2,OP1,C1_ETHERNET_SIN_CARGA,medio
,0.5100,0.4800,0.5640,1.0000,,1787585017957.5598,24.7400,-0.8000,18.8000,0.5000,1787585017957.5598,False,,,2,OP1,C1_ETHERNET_SIN_CARGA,medio
,0.5090,0.4800,0.5650,0.9950,,1787585017990.3052,24.7750,-0.7200,18.8000,0.5045,1787585017992.3159,False,,,2,OP1,C1_ETHERNET_SIN_CARGA,medio
,0.5110,0.4800,0.5720,0.9730,,1787585018036.5530,25.0200,-0.8800,18.8000,0.5243,1787585018036.5530,False,,,2,OP1,C1_ETHERNET_SIN_CARGA,medio
,0.5110,0.4800,0.5750,0.9690,,1787585018073.3696,25.1250,-0.8800,18.8000,0.5279,1787585018074.4055,False,,,2,OP1,C1_ETHERNET_SIN_CARGA,medio
,0.5130,0.4790,0.5760,0.9670,,1787585018098.4231,25.1600,-1.0400,18.7400,0.5297,1787585018098.4231,False,,,2,OP1,C1_ETHERNET_SIN_CARGA,medio
,0.5130,0.4770,0.5770,0.9720,,1787585018125.3569,25.1950,-1.0400,18.6200,0.5252,1787585018125.3569,False,,,2,OP1,C1_ETHERNET_SIN_CARGA,medio
,0.5140,0.4760,0.5760,0.9830,,1787585018154.7854,25.1600,-1.1200,18.5600,0.5153,1787585018154.7854,False,,,2,OP1,C1_ETHERNET_SIN_CARGA,medio
,0.5140,0.4740,0.5740,0.9960,,1787585018183.9475,25.0900,-1.1200,18.4400,0.5036,1787585018185.9573,False,,,2,OP1,C1_ETHERNET_SIN_CARGA,medio
,0.5150,0.4720,0.5720,1.0000,,1787585018213.6555,25.0200,-1.2000,18.3200,0.5000,1787585018213.6555,False,,,2,OP1,C1_ETHERNET_SIN_CARGA,medio
,0.5160,0.4690,0.5700,1.0000,,1787585018241.2244,24.9500,-1.2800,18.1400,0.5000,1787585018241.2244,False,,,2,OP1,C1_ETHERNET_SIN_CARGA,medio
,0.5180,0.4650,0.5680,1.0000,,1787585018267.8872,24.8800,-1.4400,17.9000,0.5000,1787585018267.8872,False,,,2,OP1,C1_ETHERNET_SIN_CARGA,medio
,0.5200,0.4610,0.5670,1.0000,,1787585018290.9824,24.8450,-1.6000,17.6600,0.5000,1787585018290.9824,False,,,2,OP1,C1_ETHERNET_SIN_CARGA,medio
,0.5220,0.4580,0.5660,1.0000,,1787585018324.8726,24.8100,-1.7600,17.4800,0.5000,1787585018324.8726,False,,,2,OP1,C1_ETHERNET_SIN_CARGA,medio
,0.5230,0.4560,0.5650,1.0000,,1787585018350.6128,24.7750,-1.8400,17.3600,0.5000,1787585018352.6208,False,,,2,OP1,C1_ETHERNET_SIN_CARGA,medio
,0.5240,0.4540,0.5640,1.0000,,1787585018376.8870,24.7400,-1.9200,17.2400,0.5000,1787585018376.8870,False,,,2,OP1,C1_ETHERNET_SIN_CARGA,medio
,0.5240,0.4520,0.5630,1.0000,,1787585018408.4131,24.7050,-1.9200,17.1200,0.5000,1787585018410.2400,False,,,2,OP1,C1_ETHERNET_SIN_CARGA,medio
,0.5240,0.4510,0.5620,1.0000,,1787585018434.3699,24.6700,-1.9200,17.0600,0.5000,1787585018434.3699,False,,,2,OP1,C1_ETHERNET_SIN_CARGA,medio
,0.5240,0.4510,0.5610,1.0000,,1787585018457.4446,24.6350,-1.9200,17.0600,0.5000,1787585018457.4446,False,,,2,OP1,C1_ETHERNET_SIN_CARGA,medio
,0.5230,0.4510,0.5600,1.0000,,1787585018486.7053,24.6000,-1.8400,17.0600,0.5000,1787585018491.5471,False,,,2,OP1,C1_ETHERNET_SIN_CARGA,medio
,0.5230,0.4510,0.5590,1.0000,,1787585018515.0046,24.5650,-1.8400,17.0600,0.5000,1787585018515.0046,False,,,2,OP1,C1_ETHERNET_SIN_CARGA,medio
,0.5230,0.4520,0.5580,1.0000,,1787585018546.7808,24.5300,-1.8400,17.1200,0.5000,1787585018546.7808,False,,,2,OP1,C1_ETHERNET_SIN_CARGA,medio
,0.5220,0.4530,0.5570,1.0000,,1787585018574.2859,24.4950,-1.7600,17.1800,0.5000,1787585018574.2859,False,,,2,OP1,C1_ETHERNET_SIN_CARGA,medio
,0.5210,0.4560,0.5550,1.0000,,1787585018600.3730,24.4250,-1.6800,17.3600,0.5000,1787585018600.3730,False,,,2,OP1,C1_ETHERNET_SIN_CARGA,medio
,0.5180,0.4600,0.5530,1.0000,,1787585018624.2065,24.3550,-1.4400,17.6000,0.5000,1787585018624.2065,False,,,2,OP1,C1_ETHERNET_SIN_CARGA,medio
,0.5160,0.4620,0.5510,1.0000,,1787585018659.3313,24.2850,-1.2800,17.7200,0.5000,1787585018659.3313,False,,,2,OP1,C1_ETHERNET_SIN_CARGA,medio
,0.5130,0.4630,0.5490,1.0000,,1787585018684.8174,24.2150,-1.0400,17.7800,0.5000,1787585018686.8257,False,,,2,OP1,C1_ETHERNET_SIN_CARGA,medio
,0.5110,0.4630,0.5470,0.9990,,1787585018713.4221,24.1450,-0.8800,17.7800,0.5009,1787585018713.4221,False,,,2,OP1,C1_ETHERNET_SIN_CARGA,medio
,0.5100,0.4630,0.5470,0.9980,,1787585018738.0625,24.1450,-0.8000,17.7800,0.5018,1787585018742.9463,False,,,2,OP1,C1_ETHERNET_SIN_CARGA,medio
,0.5090,0.4620,0.5460,0.9980,,1787585018761.4460,24.1100,-0.7200,17.7200,0.5018,1787585018761.4460,False,,,2,OP1,C1_ETHERNET_SIN_CARGA,medio
,0.5080,0.4610,0.5460,0.9980,,1787585018797.8330,24.1100,-0.6400,17.6600,0.5018,1787585018798.2661,False,,,2,OP1,C1_ETHERNET_SIN_CARGA,medio
,0.5070,0.4600,0.5470,0.9980,,1787585018825.7466,24.1450,-0.5600,17.6000,0.5018,1787585018826.2537,False,,,2,OP1,C1_ETHERNET_SIN_CARGA,medio
,0.5070,0.4590,0.5480,0.9970,,1787585018849.3284,24.1800,-0.5600,17.5400,0.5027,1787585018855.3386,False,,,2,OP1,C1_ETHERNET_SIN_CARGA,medio
,0.5060,0.4570,0.5470,0.9950,,1787585018881.3276,24.1450,-0.4800,17.4200,0.5045,1787585018881.3276,False,,,2,OP1,C1_ETHERNET_SIN_CARGA,medio
,0.5090,0.4530,0.5490,0.9880,,1787585018928.7192,24.2150,-0.7200,17.1800,0.5108,1787585018928.7192,False,,,2,OP1,C1_ETHERNET_SIN_CARGA,medio
,0.5120,0.4500,0.5510,0.9840,,1787585018963.2534,24.2850,-0.9600,17.0000,0.5144,1787585018963.2534,False,,,2,OP1,C1_ETHERNET_SIN_CARGA,medio
,0.5160,0.4470,0.5530,0.9840,,1787585018988.9404,24.3550,-1.2800,16.8200,0.5144,1787585018988.9404,False,,,2,OP1,C1_ETHERNET_SIN_CARGA,medio
,0.5190,0.4460,0.5550,0.9840,,1787585019018.1802,24.4250,-1.5200,16.7600,0.5144,1787585019018.1802,False,,,2,OP1,C1_ETHERNET_SIN_CARGA,medio
,0.5210,0.4460,0.5570,0.9840,,1787585019048.2214,24.4950,-1.6800,16.7600,0.5144,1787585019048.2214,False,,,2,OP1,C1_ETHERNET_SIN_CARGA,medio
,0.5230,0.4450,0.5630,0.9850,,1787585019103.8794,24.7050,-1.8400,16.7000,0.5135,1787585019103.8794,False,,,2,OP1,C1_ETHERNET_SIN_CARGA,medio
,0.5240,0.4450,0.5650,0.9860,,1787585019131.7012,24.7750,-1.9200,16.7000,0.5126,1787585019131.7012,False,,,2,OP1,C1_ETHERNET_SIN_CARGA,medio
,0.5250,0.4460,0.5660,0.9880,,1787585019151.7690,24.8100,-2.0000,16.7600,0.5108,1787585019151.7690,False,,,2,OP1,C1_ETHERNET_SIN_CARGA,medio
,0.5260,0.4480,0.5660,0.9910,,1787585019187.4705,24.8100,-2.0800,16.8800,0.5081,1787585019187.4705,False,,,2,OP1,C1_ETHERNET_SIN_CARGA,medio
,0.5280,0.4490,0.5680,0.9940,,1787585019216.0818,24.8800,-2.2400,16.9400,0.5054,1787585019216.0818,False,,,2,OP1,C1_ETHERNET_SIN_CARGA,medio
,0.5300,0.4520,0.5720,0.9970,,1787585019265.9114,25.0200,-2.4000,17.1200,0.5027,1787585019265.9114,False,,,2,OP1,C1_ETHERNET_SIN_CARGA,medio
,0.5320,0.4550,0.5770,0.9970,,1787585019298.9099,25.1950,-2.5600,17.3000,0.5027,1787585019298.9099,False,,,2,OP1,C1_ETHERNET_SIN_CARGA,medio
,0.5350,0.4560,0.5800,0.9960,,1787585019326.5876,25.3000,-2.8000,17.3600,0.5036,1787585019326.5876,False,,,2,OP1,C1_ETHERNET_SIN_CARGA,medio
,0.5380,0.4560,0.5820,0.9930,,1787585019355.3806,25.3700,-3.0400,17.3600,0.5063,1787585019355.3806,False,,,2,OP1,C1_ETHERNET_SIN_CARGA,medio
,0.5410,0.4570,0.5870,0.9860,,1787585019381.8928,25.5450,-3.2800,17.4200,0.5126,1787585019384.4666,False,,,2,OP1,C1_ETHERNET_SIN_CARGA,medio
,0.5450,0.4560,0.5920,0.9780,,1787585019410.1462,25.7200,-3.6000,17.3600,0.5198,1787585019410.1462,False,,,2,OP1,C1_ETHERNET_SIN_CARGA,medio
,0.5490,0.4550,0.5970,0.9700,,1787585019432.5518,25.8950,-3.9200,17.3000,0.5270,1787585019432.5518,False,,,2,OP1,C1_ETHERNET_SIN_CARGA,medio
,0.5520,0.4540,0.6010,0.9620,,1787585019461.2126,26.0350,-4.1600,17.2400,0.5342,1787585019461.2126,False,,,2,OP1,C1_ETHERNET_SIN_CARGA,medio
,0.5540,0.4540,0.6050,0.9570,,1787585019492.9673,26.1750,-4.3200,17.2400,0.5387,1787585019492.9673,False,,,2,OP1,C1_ETHERNET_SIN_CARGA,medio
,0.5550,0.4530,0.6100,0.9540,,1787585019520.5796,26.3500,-4.4000,17.1800,0.5414,1787585019520.5796,False,,,2,OP1,C1_ETHERNET_SIN_CARGA,medio
,0.5540,0.4530,0.6180,0.9520,,1787585019549.4189,26.6300,-4.3200,17.1800,0.5432,1787585019550.5142,False,,,2,OP1,C1_ETHERNET_SIN_CARGA,medio
,0.5530,0.4510,0.6310,0.9500,,1787585019601.0901,27.0850,-4.2400,17.0600,0.5450,1787585019601.0901,False,,,2,OP1,C1_ETHERNET_SIN_CARGA,medio
,0.5510,0.4490,0.6360,0.9490,,1787585019633.5273,27.2600,-4.0800,16.9400,0.5459,1787585019633.5273,False,,,2,OP1,C1_ETHERNET_SIN_CARGA,medio
,0.5480,0.4470,0.6380,0.9470,,1787585019659.8738,27.3300,-3.8400,16.8200,0.5477,1787585019659.8738,False,,,2,OP1,C1_ETHERNET_SIN_CARGA,medio
,0.5450,0.4460,0.6400,0.9450,,1787585019687.4973,27.4000,-3.6000,16.7600,0.5495,1787585019690.3069,False,,,2,OP1,C1_ETHERNET_SIN_CARGA,medio
,0.5370,0.4450,0.6380,0.9400,,1787585019736.4858,27.3300,-2.9600,16.7000,0.5540,1787585019736.4858,False,,,2,OP1,C1_ETHERNET_SIN_CARGA,medio
,0.5350,0.4460,0.6350,0.9370,,1787585019771.8206,27.2250,-2.8000,16.7600,0.5567,1787585019771.8206,False,,,2,OP1,C1_ETHERNET_SIN_CARGA,medio
,0.5320,0.4470,0.6320,0.9330,,1787585019799.1687,27.1200,-2.5600,16.8200,0.5603,1787585019799.1687,False,,,2,OP1,C1_ETHERNET_SIN_CARGA,medio
,0.5330,0.4470,0.6330,0.9300,,1787585019827.1843,27.1550,-2.6400,16.8200,0.5630,1787585019827.1843,False,,,2,OP1,C1_ETHERNET_SIN_CARGA,medio
,0.5330,0.4480,0.6350,0.9250,,1787585019856.7432,27.2250,-2.6400,16.8800,0.5675,1787585019856.7432,False,,,2,OP1,C1_ETHERNET_SIN_CARGA,medio
,0.5380,0.4540,0.6380,0.9110,,1787585019908.2075,27.3300,-3.0400,17.2400,0.5801,1787585019911.5957,False,,,2,OP1,C1_ETHERNET_SIN_CARGA,medio
,0.5440,0.4610,0.6420,0.9100,,1787585019935.2693,27.4700,-3.5200,17.6600,0.5810,1787585019935.2693,False,,,2,OP1,C1_ETHERNET_SIN_CARGA,medio
,0.5500,0.4680,0.6440,0.9090,,1787585019958.8311,27.5400,-4.0000,18.0800,0.5819,1787585019958.8311,False,,,2,OP1,C1_ETHERNET_SIN_CARGA,medio
,0.5550,0.4740,0.6460,0.9090,,1787585019995.4241,27.6100,-4.4000,18.4400,0.5819,1787585019995.4241,False,,,2,OP1,C1_ETHERNET_SIN_CARGA,medio
,0.5580,0.4760,0.6480,0.9110,,1787585020023.7356,27.6800,-4.6400,18.5600,0.5801,1787585020023.7356,False,,,2,OP1,C1_ETHERNET_SIN_CARGA,medio
,0.5600,0.4780,0.6480,0.9130,,1787585020048.0967,27.6800,-4.8000,18.6800,0.5783,1787585020048.0967,False,,,2,OP1,C1_ETHERNET_SIN_CARGA,medio
,0.5600,0.4780,0.6470,0.9150,,1787585020074.6577,27.6450,-4.8000,18.6800,0.5765,1787585020074.6577,False,,,2,OP1,C1_ETHERNET_SIN_CARGA,medio
,0.5600,0.4780,0.6470,0.9170,,1787585020105.1577,27.6450,-4.8000,18.6800,0.5747,1787585020105.1577,False,,,2,OP1,C1_ETHERNET_SIN_CARGA,medio
,0.5610,0.4770,0.6470,0.9190,,1787585020133.8152,27.6450,-4.8800,18.6200,0.5729,1787585020133.8152,False,,,2,OP1,C1_ETHERNET_SIN_CARGA,medio
,0.5610,0.4740,0.6470,0.9210,,1787585020160.4937,27.6450,-4.8800,18.4400,0.5711,1787585020160.4937,False,,,2,OP1,C1_ETHERNET_SIN_CARGA,medio
,0.5610,0.4700,0.6470,0.9220,,1787585020188.5466,27.6450,-4.8800,18.2000,0.5702,1787585020190.6836,False,,,2,OP1,C1_ETHERNET_SIN_CARGA,medio
,0.5600,0.4610,0.6440,0.9180,,1787585020240.6980,27.5400,-4.8000,17.6600,0.5738,1787585020240.6980,False,,,2,OP1,C1_ETHERNET_SIN_CARGA,medio
,0.5590,0.4580,0.6430,0.9140,,1787585020273.1262,27.5050,-4.7200,17.4800,0.5774,1787585020273.1262,False,,,2,OP1,C1_ETHERNET_SIN_CARGA,medio
,0.5590,0.4550,0.6420,0.9100,,1787585020299.9485,27.4700,-4.7200,17.3000,0.5810,1787585020299.9485,False,,,2,OP1,C1_ETHERNET_SIN_CARGA,medio
,0.5590,0.4540,0.6410,0.9080,,1787585020330.1411,27.4350,-4.7200,17.2400,0.5828,1787585020330.1411,False,,,2,OP1,C1_ETHERNET_SIN_CARGA,medio
,0.5580,0.4530,0.6390,0.9050,,1787585020357.6768,27.3650,-4.6400,17.1800,0.5855,1787585020358.3792,False,,,2,OP1,C1_ETHERNET_SIN_CARGA,medio
,0.5580,0.4530,0.6370,0.9040,,1787585020385.9949,27.2950,-4.6400,17.1800,0.5864,1787585020388.0444,False,,,2,OP1,C1_ETHERNET_SIN_CARGA,medio
,0.5580,0.4520,0.6350,0.9030,,1787585020412.5442,27.2250,-4.6400,17.1200,0.5873,1787585020412.5442,False,,,2,OP1,C1_ETHERNET_SIN_CARGA,medio
,0.5570,0.4530,0.6340,0.9030,,1787585020441.0583,27.1900,-4.5600,17.1800,0.5873,1787585020442.0662,False,,,2,OP1,C1_ETHERNET_SIN_CARGA,medio
,0.5570,0.4530,0.6330,0.9050,,1787585020468.2209,27.1550,-4.5600,17.1800,0.5855,1787585020468.2209,False,,,2,OP1,C1_ETHERNET_SIN_CARGA,medio
,0.5560,0.4540,0.6310,0.9070,,1787585020496.0776,27.0850,-4.4800,17.2400,0.5837,1787585020498.0942,False,,,2,OP1,C1_ETHERNET_SIN_CARGA,medio
,0.5540,0.4570,0.6290,0.9100,,1787585020524.5615,27.0150,-4.3200,17.4200,0.5810,1787585020525.5764,False,,,2,OP1,C1_ETHERNET_SIN_CARGA,medio
,0.5520,0.4610,0.6240,0.9130,,1787585020548.0105,26.8400,-4.1600,17.6600,0.5783,1787585020548.0105,False,,,2,OP1,C1_ETHERNET_SIN_CARGA,medio
,0.5480,0.4670,0.6190,0.9190,,1787585020573.9187,26.6650,-3.8400,18.0200,0.5729,1787585020573.9187,False,,,2,OP1,C1_ETHERNET_SIN_CARGA,medio
,0.5460,0.4710,0.6160,0.9280,,1787585020597.9648,26.5600,-3.6800,18.2600,0.5648,1787585020597.9648,False,,,2,OP1,C1_ETHERNET_SIN_CARGA,medio
,0.5450,0.4750,0.6150,0.9390,,1787585020628.4307,26.5250,-3.6000,18.5000,0.5549,1787585020628.4307,False,,,2,OP1,C1_ETHERNET_SIN_CARGA,medio
,0.5460,0.4820,0.6110,0.9540,,1787585020662.0369,26.3850,-3.6800,18.9200,0.5414,1787585020662.0369,False,,,2,OP1,C1_ETHERNET_SIN_CARGA,medio
,0.5450,0.4870,0.6060,0.9620,,1787585020686.6797,26.2100,-3.6000,19.2200,0.5342,1787585020692.0757,False,,,2,OP1,C1_ETHERNET_SIN_CARGA,medio
,0.5430,0.4920,0.6000,0.9650,,1787585020710.1033,26.0000,-3.4400,19.5200,0.5315,1787585020710.1033,False,,,2,OP1,C1_ETHERNET_SIN_CARGA,medio
,0.5420,0.4990,0.5920,0.9680,,1787585020742.9482,25.7200,-3.3600,19.9400,0.5288,1787585020742.9482,False,,,2,OP1,C1_ETHERNET_SIN_CARGA,medio
,0.5410,0.5030,0.5840,0.9690,,1787585020770.7654,25.4400,-3.2800,20.1800,0.5279,1787585020776.3142,False,,,2,OP1,C1_ETHERNET_SIN_CARGA,medio
,0.5390,0.5060,0.5750,0.9690,,1787585020802.4175,25.1250,-3.1200,20.3600,0.5279,1787585020802.4175,False,,,2,OP1,C1_ETHERNET_SIN_CARGA,medio
,0.5390,0.5080,0.5710,0.9670,,1787585020830.4790,24.9850,-3.1200,20.4800,0.5297,1787585020830.4790,False,,,2,OP1,C1_ETHERNET_SIN_CARGA,medio
,0.5370,0.5060,0.5670,0.9650,,1787585020887.0850,24.8450,-2.9600,20.3600,0.5315,1787585020887.0850,False,,,2,OP1,C1_ETHERNET_SIN_CARGA,medio
,0.5340,0.5060,0.5600,0.9630,,1787585020912.0139,24.6000,-2.7200,20.3600,0.5333,1787585020912.0139,False,,,2,OP1,C1_ETHERNET_SIN_CARGA,medio
,0.5290,0.5040,0.5570,0.9570,,1787585020969.8411,24.4950,-2.3200,20.2400,0.5387,1787585020969.8411,False,,,2,OP1,C1_ETHERNET_SIN_CARGA,medio
,0.5280,0.5040,0.5570,0.9570,,1787585020995.7427,24.4950,-2.2400,20.2400,0.5387,1787585020998.3992,False,,,2,OP1,C1_ETHERNET_SIN_CARGA,medio
,0.5250,0.5050,0.5600,0.9540,,1787585021048.5117,24.6000,-2.0000,20.3000,0.5414,1787585021048.5117,False,,,2,OP1,C1_ETHERNET_SIN_CARGA,medio
,0.5230,0.5050,0.5610,0.9510,,1787585021079.3198,24.6350,-1.8400,20.3000,0.5441,1787585021079.3198,False,,,2,OP1,C1_ETHERNET_SIN_CARGA,medio
,0.5210,0.5060,0.5600,0.9490,,1787585021106.0701,24.6000,-1.6800,20.3600,0.5459,1787585021106.0701,False,,,2,OP1,C1_ETHERNET_SIN_CARGA,medio
,0.5190,0.5060,0.5580,0.9480,,1787585021136.4568,24.5300,-1.5200,20.3600,0.5468,1787585021136.4568,False,,,2,OP1,C1_ETHERNET_SIN_CARGA,medio
,0.5170,0.5070,0.5550,0.9470,,1787585021165.9385,24.4250,-1.3600,20.4200,0.5477,1787585021165.9385,False,,,2,OP1,C1_ETHERNET_SIN_CARGA,medio
,0.5150,0.5070,0.5530,0.9470,,1787585021188.0007,24.3550,-1.2000,20.4200,0.5477,1787585021188.0007,False,,,2,OP1,C1_ETHERNET_SIN_CARGA,medio
,0.5140,0.5060,0.5530,0.9490,,1787585021214.6030,24.3550,-1.1200,20.3600,0.5459,1787585021214.6030,False,,,2,OP1,C1_ETHERNET_SIN_CARGA,medio
,0.5140,0.5050,0.5530,0.9500,,1787585021247.9854,24.3550,-1.1200,20.3000,0.5450,1787585021247.9854,False,,,2,OP1,C1_ETHERNET_SIN_CARGA,medio
,0.5130,0.5040,0.5530,0.9520,,1787585021275.1082,24.3550,-1.0400,20.2400,0.5432,1787585021275.1082,False,,,2,OP1,C1_ETHERNET_SIN_CARGA,medio
,0.5130,0.5030,0.5530,0.9540,,1787585021303.5571,24.3550,-1.0400,20.1800,0.5414,1787585021305.5664,False,,,2,OP1,C1_ETHERNET_SIN_CARGA,medio
,0.5120,0.5020,0.5540,0.9560,,1787585021332.2190,24.3900,-0.9600,20.1200,0.5396,1787585021333.1011,False,,,2,OP1,C1_ETHERNET_SIN_CARGA,medio
,0.5120,0.5020,0.5550,0.9580,,1787585021381.8857,24.4250,-0.9600,20.1200,0.5378,1787585021388.4675,False,,,2,OP1,C1_ETHERNET_SIN_CARGA,medio
,0.5120,0.5020,0.5560,0.9560,,1787585021415.0989,24.4600,-0.9600,20.1200,0.5396,1787585021415.0989,False,,,2,OP1,C1_ETHERNET_SIN_CARGA,medio
,0.5120,0.5020,0.5560,0.9510,,1787585021442.3401,24.4600,-0.9600,20.1200,0.5441,1787585021442.3401,False,,,2,OP1,C1_ETHERNET_SIN_CARGA,medio
,0.5130,0.5040,0.5560,0.9450,,1787585021471.2952,24.4600,-1.0400,20.2400,0.5495,1787585021471.2952,False,,,2,OP1,C1_ETHERNET_SIN_CARGA,medio
,0.5130,0.5060,0.5560,0.9400,,1787585021499.0354,24.4600,-1.0400,20.3600,0.5540,1787585021501.0356,False,,,2,OP1,C1_ETHERNET_SIN_CARGA,medio
,0.5130,0.5100,0.5560,0.9320,,1787585021551.7319,24.4600,-1.0400,20.6000,0.5612,1787585021551.7319,False,,,2,OP1,C1_ETHERNET_SIN_CARGA,medio
,0.5140,0.5110,0.5560,0.9300,,1787585021574.7688,24.4600,-1.1200,20.6600,0.5630,1787585021582.5618,False,,,2,OP1,C1_ETHERNET_SIN_CARGA,medio
,0.5140,0.5120,0.5560,0.9280,,1787585021605.3513,24.4600,-1.1200,20.7200,0.5648,1787585021605.3513,False,,,2,OP1,C1_ETHERNET_SIN_CARGA,medio
,0.5140,0.5130,0.5560,0.9250,,1787585021637.3584,24.4600,-1.1200,20.7800,0.5675,1787585021639.3704,False,,,2,OP1,C1_ETHERNET_SIN_CARGA,medio
,0.5140,0.5130,0.5560,0.9230,,1787585021666.8643,24.4600,-1.1200,20.7800,0.5693,1787585021667.8220,False,,,2,OP1,C1_ETHERNET_SIN_CARGA,medio
,0.5140,0.5130,0.5560,0.9220,,1787585021689.4209,24.4600,-1.1200,20.7800,0.5702,1787585021689.4209,False,,,2,OP1,C1_ETHERNET_SIN_CARGA,medio
,0.5150,0.5130,0.5560,0.9210,,1787585021716.6033,24.4600,-1.2000,20.7800,0.5711,1787585021716.6033,False,,,2,OP1,C1_ETHERNET_SIN_CARGA,medio
,0.5150,0.5130,0.5550,0.9200,,1787585021748.1965,24.4250,-1.2000,20.7800,0.5720,1787585021748.1965,False,,,2,OP1,C1_ETHERNET_SIN_CARGA,medio
,0.5150,0.5130,0.5540,0.9200,,1787585021773.4612,24.3900,-1.2000,20.7800,0.5720,1787585021773.4612,False,,,2,OP1,C1_ETHERNET_SIN_CARGA,medio
,0.5150,0.5120,0.5520,0.9210,,1787585021805.2612,24.3200,-1.2000,20.7200,0.5711,1787585021806.2988,False,,,2,OP1,C1_ETHERNET_SIN_CARGA,medio
,0.5150,0.5120,0.5510,0.9270,,1787585021853.3398,24.2850,-1.2000,20.7200,0.5657,1787585021853.3398,False,,,2,OP1,C1_ETHERNET_SIN_CARGA,medio
,0.5150,0.5110,0.5500,0.9320,,1787585021884.2632,24.2500,-1.2000,20.6600,0.5612,1787585021889.9746,False,,,2,OP1,C1_ETHERNET_SIN_CARGA,medio
,0.5160,0.5110,0.5490,0.9370,,1787585021914.8713,24.2150,-1.2800,20.6600,0.5567,1787585021914.8713,False,,,2,OP1,C1_ETHERNET_SIN_CARGA,medio
,0.5160,0.5110,0.5490,0.9430,,1787585021939.4663,24.2150,-1.2800,20.6600,0.5513,1787585021939.4663,False,,,2,OP1,C1_ETHERNET_SIN_CARGA,medio
,0.5150,0.5110,0.5490,0.9460,,1787585021972.7280,24.2150,-1.2000,20.6600,0.5486,1787585021972.7280,False,,,2,OP1,C1_ETHERNET_SIN_CARGA,medio
,0.5150,0.5100,0.5500,0.9490,,1787585021998.1460,24.2500,-1.2000,20.6000,0.5459,1787585022002.5076,False,,,2,OP1,C1_ETHERNET_SIN_CARGA,medio
,0.5150,0.5100,0.5510,0.9500,,1787585022020.3394,24.2850,-1.2000,20.6000,0.5450,1787585022020.3394,False,,,2,OP1,C1_ETHERNET_SIN_CARGA,medio
,0.5150,0.5110,0.5510,0.9500,,1787585022054.5842,24.2850,-1.2000,20.6600,0.5450,1787585022054.5842,False,,,2,OP1,C1_ETHERNET_SIN_CARGA,medio
,0.5140,0.5120,0.5500,0.9480,,1787585022084.2825,24.2500,-1.1200,20.7200,0.5468,1787585022085.3074,False,,,2,OP1,C1_ETHERNET_SIN_CARGA,medio
,0.5120,0.5150,0.5480,0.9460,,1787585022112.8369,24.1800,-0.9600,20.9000,0.5486,1787585022112.8369,False,,,2,OP1,C1_ETHERNET_SIN_CARGA,medio
,0.5110,0.5160,0.5470,0.9440,,1787585022133.9534,24.1450,-0.8800,20.9600,0.5504,1787585022133.9534,False,,,2,OP1,C1_ETHERNET_SIN_CARGA,medio
,0.5090,0.5160,0.5460,0.9420,,1787585022167.4438,24.1100,-0.7200,20.9600,0.5522,1787585022169.4534,False,,,2,OP1,C1_ETHERNET_SIN_CARGA,medio
,0.5080,0.5170,0.5460,0.9400,,1787585022190.7319,24.1100,-0.6400,21.0200,0.5540,1787585022190.7319,False,,,2,OP1,C1_ETHERNET_SIN_CARGA,medio
,0.5070,0.5170,0.5460,0.9370,,1787585022222.0083,24.1100,-0.5600,21.0200,0.5567,1787585022222.0083,False,,,2,OP1,C1_ETHERNET_SIN_CARGA,medio
,0.5060,0.5170,0.5450,0.9340,,1787585022251.7422,24.0750,-0.4800,21.0200,0.5594,1787585022251.7422,False,,,2,OP1,C1_ETHERNET_SIN_CARGA,medio
,0.5050,0.5170,0.5440,0.9280,,1787585022306.7952,24.0400,-0.4000,21.0200,0.5648,1787585022308.8054,False,,,2,OP1,C1_ETHERNET_SIN_CARGA,medio
,0.5040,0.5180,0.5440,0.9250,,1787585022353.0740,24.0400,-0.3200,21.0800,0.5675,1787585022353.0740,False,,,2,OP1,C1_ETHERNET_SIN_CARGA,medio
,0.5030,0.5180,0.5430,0.9250,,1787585022391.0720,24.0050,-0.2400,21.0800,0.5675,1787585022391.0720,False,,,2,OP1,C1_ETHERNET_SIN_CARGA,medio
,0.5020,0.5170,0.5400,0.9260,,1787585022411.8005,23.9000,-0.1600,21.0200,0.5666,1787585022411.8005,False,,,2,OP1,C1_ETHERNET_SIN_CARGA,medio
,0.5010,0.5170,0.5380,0.9270,,1787585022442.0342,23.8300,-0.0800,21.0200,0.5657,1787585022442.0342,False,,,2,OP1,C1_ETHERNET_SIN_CARGA,medio
,0.4990,0.5160,0.5360,0.9280,,1787585022467.2947,23.7600,0.0800,20.9600,0.5648,1787585022467.2947,False,,,2,OP1,C1_ETHERNET_SIN_CARGA,medio
,0.4970,0.5160,0.5350,0.9300,,1787585022498.0420,23.7250,0.2400,20.9600,0.5630,1787585022498.0420,False,,,2,OP1,C1_ETHERNET_SIN_CARGA,medio
,0.4960,0.5150,0.5340,0.9360,,1787585022529.6458,23.6900,0.3200,20.9000,0.5576,1787585022529.6458,False,,,2,OP1,C1_ETHERNET_SIN_CARGA,medio
,0.4950,0.5150,0.5340,0.9480,,1787585022558.0544,23.6900,0.4000,20.9000,0.5468,1787585022558.7302,False,,,2,OP1,C1_ETHERNET_SIN_CARGA,medio
,0.4920,0.5130,0.5360,0.9760,,1787585022611.8555,23.7600,0.6400,20.7800,0.5216,1787585022611.8555,False,,,2,OP1,C1_ETHERNET_SIN_CARGA,medio
,0.4900,0.5110,0.5380,0.9880,,1787585022640.9426,23.8300,0.8000,20.6600,0.5108,1787585022642.2605,False,,,2,OP1,C1_ETHERNET_SIN_CARGA,medio
,0.4910,0.5100,0.5420,0.9910,,1787585022668.9553,23.9700,0.7200,20.6000,0.5081,1787585022668.9553,False,,,2,OP1,C1_ETHERNET_SIN_CARGA,medio
,0.4920,0.5100,0.5460,0.9930,,1787585022694.0906,24.1100,0.6400,20.6000,0.5063,1787585022694.0906,False,,,2,OP1,C1_ETHERNET_SIN_CARGA,medio
,0.4940,0.5100,0.5480,0.9960,,1787585022724.7129,24.1800,0.4800,20.6000,0.5036,1787585022724.7129,False,,,2,OP1,C1_ETHERNET_SIN_CARGA,medio
,0.4950,0.5100,0.5500,0.9990,,1787585022750.7258,24.2500,0.4000,20.6000,0.5009,1787585022754.0627,False,,,2,OP1,C1_ETHERNET_SIN_CARGA,medio
,0.4950,0.5100,0.5510,1.0000,,1787585022780.6519,24.2850,0.4000,20.6000,0.5000,1787585022780.6519,False,,,2,OP1,C1_ETHERNET_SIN_CARGA,medio
,0.4960,0.5100,0.5510,1.0000,,1787585022808.4268,24.2850,0.3200,20.6000,0.5000,1787585022810.0994,False,,,2,OP1,C1_ETHERNET_SIN_CARGA,medio
,0.4960,0.5110,0.5520,1.0000,,1787585022860.2271,24.3200,0.3200,20.6600,0.5000,1787585022860.2271,False,,,2,OP1,C1_ETHERNET_SIN_CARGA,medio
,0.4960,0.5110,0.5520,1.0000,,1787585022886.7727,24.3200,0.3200,20.6600,0.5000,1787585022892.9084,False,,,2,OP1,C1_ETHERNET_SIN_CARGA,medio
,0.4950,0.5110,0.5520,1.0000,,1787585022919.4038,24.3200,0.4000,20.6600,0.5000,1787585022919.4038,False,,,2,OP1,C1_ETHERNET_SIN_CARGA,medio
,0.4950,0.5110,0.5510,1.0000,,1787585022946.2029,24.2850,0.4000,20.6600,0.5000,1787585022948.2185,False,,,2,OP1,C1_ETHERNET_SIN_CARGA,medio
,0.4950,0.5110,0.5510,1.0000,,1787585022970.5774,24.2850,0.4000,20.6600,0.5000,1787585022975.7649,False,,,2,OP1,C1_ETHERNET_SIN_CARGA,medio
,0.4940,0.5110,0.5500,1.0000,,1787585022999.6567,24.2500,0.4800,20.6600,0.5000,1787585022999.6567,False,,,2,OP1,C1_ETHERNET_SIN_CARGA,medio
,0.4940,0.5110,0.5500,1.0000,,1787585023027.2632,24.2500,0.4800,20.6600,0.5000,1787585023027.2632,False,,,2,OP1,C1_ETHERNET_SIN_CARGA,medio
,0.4940,0.5090,0.5520,1.0000,,1787585023055.9258,24.3200,0.4800,20.5400,0.5000,1787585023055.9258,False,,,2,OP1,C1_ETHERNET_SIN_CARGA,medio
,0.4920,0.5070,0.5550,1.0000,,1787585023085.4390,24.4250,0.6400,20.4200,0.5000,1787585023087.4543,False,,,2,OP1,C1_ETHERNET_SIN_CARGA,medio
,0.4910,0.5060,0.5570,1.0000,,1787585023115.4431,24.4950,0.7200,20.3600,0.5000,1787585023116.4539,False,,,2,OP1,C1_ETHERNET_SIN_CARGA,medio
,0.4900,0.5050,0.5570,1.0000,,1787585023170.0471,24.4950,0.8000,20.3000,0.5000,1787585023171.0894,False,,,2,OP1,C1_ETHERNET_SIN_CARGA,medio
,0.4900,0.5050,0.5560,1.0000,,1787585023198.2593,24.4600,0.8000,20.3000,0.5000,1787585023198.2593,False,,,2,OP1,C1_ETHERNET_SIN_CARGA,medio
,0.4890,0.5040,0.5550,1.0000,,1787585023225.0850,24.4250,0.8800,20.2400,0.5000,1787585023225.0850,False,,,2,OP1,C1_ETHERNET_SIN_CARGA,medio
,0.4850,0.5030,0.5530,1.0000,,1787585023252.3020,24.3550,1.2000,20.1800,0.5000,1787585023252.3020,False,,,2,OP1,C1_ETHERNET_SIN_CARGA,medio
,0.4800,0.5020,0.5490,1.0000,,1787585023279.7656,24.2150,1.6000,20.1200,0.5000,1787585023279.7656,False,,,2,OP1,C1_ETHERNET_SIN_CARGA,medio
,0.4770,0.4980,0.5500,1.0000,,1787585023329.8213,24.2500,1.8400,19.8800,0.5000,1787585023329.8213,False,,,2,OP1,C1_ETHERNET_SIN_CARGA,medio
,0.4750,0.4960,0.5500,1.0000,,1787585023362.9351,24.2500,2.0000,19.7600,0.5000,1787585023362.9351,False,,,2,OP1,C1_ETHERNET_SIN_CARGA,medio
,0.4730,0.4940,0.5510,1.0000,,1787585023391.0476,24.2850,2.1600,19.6400,0.5000,1787585023394.3386,False,,,2,OP1,C1_ETHERNET_SIN_CARGA,medio
,0.4710,0.4930,0.5500,1.0000,,1787585023419.6223,24.2500,2.3200,19.5800,0.5000,1787585023419.6223,False,,,2,OP1,C1_ETHERNET_SIN_CARGA,medio
,0.4680,0.4910,0.5490,1.0000,,1787585023449.3916,24.2150,2.5600,19.4600,0.5000,1787585023451.4019,False,,,2,OP1,C1_ETHERNET_SIN_CARGA,medio
,0.4670,0.4880,0.5480,1.0000,,1787585023474.6855,24.1800,2.6400,19.2800,0.5000,1787585023474.6855,False,,,2,OP1,C1_ETHERNET_SIN_CARGA,medio
,0.4650,0.4840,0.5520,1.0000,,1787585023498.5029,24.3200,2.8000,19.0400,0.5000,1787585023498.5029,False,,,2,OP1,C1_ETHERNET_SIN_CARGA,medio
,0.4620,0.4800,0.5540,1.0000,,1787585023531.3762,24.3900,3.0400,18.8000,0.5000,1787585023531.3762,False,,,2,OP1,C1_ETHERNET_SIN_CARGA,medio
,0.4600,0.4770,0.5540,1.0000,,1787585023558.6548,24.3900,3.2000,18.6200,0.5000,1787585023558.6548,False,,,2,OP1,C1_ETHERNET_SIN_CARGA,medio
,0.4590,0.4750,0.5530,1.0000,,1787585023587.3892,24.3550,3.2800,18.5000,0.5000,1787585023587.3892,False,,,2,OP1,C1_ETHERNET_SIN_CARGA,medio
,0.4580,0.4740,0.5530,0.9930,,1787585023616.2415,24.3550,3.3600,18.4400,0.5063,1787585023616.2415,False,,,2,OP1,C1_ETHERNET_SIN_CARGA,medio
,0.4570,0.4710,0.5540,0.9880,,1787585023665.4434,24.3900,3.4400,18.2600,0.5108,1787585023665.4434,False,,,2,OP1,C1_ETHERNET_SIN_CARGA,medio
,0.4560,0.4700,0.5540,0.9870,,1787585023698.2295,24.3900,3.5200,18.2000,0.5117,1787585023700.0637,False,,,2,OP1,C1_ETHERNET_SIN_CARGA,medio
,0.4560,0.4700,0.5530,0.9860,,1787585023725.7380,24.3550,3.5200,18.2000,0.5126,1787585023725.7380,False,,,2,OP1,C1_ETHERNET_SIN_CARGA,medio
,0.4560,0.4690,0.5530,0.9850,,1787585023753.9780,24.3550,3.5200,18.1400,0.5135,1787585023755.9861,False,,,2,OP1,C1_ETHERNET_SIN_CARGA,medio
,0.4550,0.4680,0.5530,0.9820,,1787585023781.9453,24.3550,3.6000,18.0800,0.5162,1787585023783.0601,False,,,2,OP1,C1_ETHERNET_SIN_CARGA,medio
,0.4540,0.4670,0.5530,0.9810,,1787585023808.7786,24.3550,3.6800,18.0200,0.5171,1787585023808.7786,False,,,2,OP1,C1_ETHERNET_SIN_CARGA,medio
,0.4520,0.4660,0.5540,0.9800,,1787585023832.8625,24.3900,3.8400,17.9600,0.5180,1787585023832.8625,False,,,2,OP1,C1_ETHERNET_SIN_CARGA,medio
,0.4510,0.4650,0.5550,0.9800,,1787585023864.8792,24.4250,3.9200,17.9000,0.5180,1787585023866.8865,False,,,2,OP1,C1_ETHERNET_SIN_CARGA,medio
,0.4500,0.4640,0.5550,0.9820,,1787585023893.1021,24.4250,4.0000,17.8400,0.5162,1787585023893.1021,False,,,2,OP1,C1_ETHERNET_SIN_CARGA,medio
,0.4490,0.4630,0.5540,0.9830,,1787585023921.5737,24.3900,4.0800,17.7800,0.5153,1787585023921.5737,False,,,2,OP1,C1_ETHERNET_SIN_CARGA,medio
,0.4480,0.4610,0.5550,0.9850,,1787585023947.8787,24.4250,4.1600,17.6600,0.5135,1787585023947.8787,False,,,2,OP1,C1_ETHERNET_SIN_CARGA,medio
,0.4470,0.4600,0.5550,0.9860,,1787585023970.2839,24.4250,4.2400,17.6000,0.5126,1787585023970.2839,False,,,2,OP1,C1_ETHERNET_SIN_CARGA,medio
,0.4470,0.4600,0.5540,0.9860,,1787585024001.9370,24.3900,4.2400,17.6000,0.5126,1787585024001.9370,False,,,2,OP1,C1_ETHERNET_SIN_CARGA,medio
,0.4480,0.4590,0.5540,0.9870,,1787585024030.4731,24.3900,4.1600,17.5400,0.5117,1787585024030.4731,False,,,2,OP1,C1_ETHERNET_SIN_CARGA,medio
,0.4490,0.4580,0.5540,0.9870,,1787585024060.8101,24.3900,4.0800,17.4800,0.5117,1787585024060.8101,False,,,2,OP1,C1_ETHERNET_SIN_CARGA,medio
,0.4490,0.4580,0.5540,0.9870,,1787585024088.0032,24.3900,4.0800,17.4800,0.5117,1787585024089.3784,False,,,2,OP1,C1_ETHERNET_SIN_CARGA,medio
,0.4510,0.4580,0.5550,0.9870,,1787585024116.6230,24.4250,3.9200,17.4800,0.5117,1787585024116.6230,False,,,2,OP1,C1_ETHERNET_SIN_CARGA,medio
,0.4540,0.4560,0.5570,0.9880,,1787585024137.4397,24.4950,3.6800,17.3600,0.5108,1787585024137.4397,False,,,2,OP1,C1_ETHERNET_SIN_CARGA,medio
,0.4580,0.4540,0.5600,0.9870,,1787585024169.9893,24.6000,3.3600,17.2400,0.5117,1787585024169.9893,False,,,2,OP1,C1_ETHERNET_SIN_CARGA,medio
,0.4640,0.4520,0.5640,0.9860,,1787585024198.4351,24.7400,2.8800,17.1200,0.5126,1787585024198.4351,False,,,2,OP1,C1_ETHERNET_SIN_CARGA,medio
,0.4700,0.4510,0.5690,0.9830,,1787585024225.8760,24.9150,2.4000,17.0600,0.5153,1787585024225.8760,False,,,2,OP1,C1_ETHERNET_SIN_CARGA,medio
,0.4750,0.4500,0.5710,0.9790,,1787585024255.6130,24.9850,2.0000,17.0000,0.5189,1787585024256.5867,False,,,2,OP1,C1_ETHERNET_SIN_CARGA,medio
,0.4810,0.4510,0.5720,0.9710,,1787585024305.2112,25.0200,1.5200,17.0600,0.5261,1787585024305.2112,False,,,2,OP1,C1_ETHERNET_SIN_CARGA,medio
,0.4810,0.4520,0.5720,0.9680,,1787585024337.3208,25.0200,1.5200,17.1200,0.5288,1787585024337.3208,False,,,2,OP1,C1_ETHERNET_SIN_CARGA,medio
,0.4810,0.4520,0.5720,0.9650,,1787585024363.5952,25.0200,1.5200,17.1200,0.5315,1787585024363.5952,False,,,2,OP1,C1_ETHERNET_SIN_CARGA,medio
,0.4810,0.4530,0.5710,0.9630,,1787585024393.6238,24.9850,1.5200,17.1800,0.5333,1787585024395.6316,False,,,2,OP1,C1_ETHERNET_SIN_CARGA,medio
,0.4810,0.4520,0.5740,0.9600,,1787585024422.5640,25.0900,1.5200,17.1200,0.5360,1787585024423.4263,False,,,2,OP1,C1_ETHERNET_SIN_CARGA,medio
,0.4810,0.4520,0.5780,0.9580,,1787585024448.3508,25.2300,1.5200,17.1200,0.5378,1787585024448.3508,False,,,2,OP1,C1_ETHERNET_SIN_CARGA,medio
,0.4810,0.4520,0.5790,0.9550,,1787585024475.0225,25.2650,1.5200,17.1200,0.5405,1787585024475.0225,False,,,2,OP1,C1_ETHERNET_SIN_CARGA,medio
,0.4810,0.4500,0.5830,0.9530,,1787585024499.9111,25.4050,1.5200,17.0000,0.5423,1787585024507.1558,False,,,2,OP1,C1_ETHERNET_SIN_CARGA,medio
,0.4820,0.4490,0.5870,0.9510,,1787585024533.2366,25.5450,1.4400,16.9400,0.5441,1787585024533.2366,False,,,2,OP1,C1_ETHERNET_SIN_CARGA,medio
,0.4830,0.4480,0.5880,0.9500,,1787585024560.6375,25.5800,1.3600,16.8800,0.5450,1787585024560.6375,False,,,2,OP1,C1_ETHERNET_SIN_CARGA,medio
,0.4830,0.4490,0.5880,0.9480,,1787585024590.4453,25.5800,1.3600,16.9400,0.5468,1787585024591.4470,False,,,2,OP1,C1_ETHERNET_SIN_CARGA,medio
,0.4850,0.4500,0.5900,0.9460,,1787585024640.0361,25.6500,1.2000,17.0000,0.5486,1787585024640.0361,False,,,2,OP1,C1_ETHERNET_SIN_CARGA,medio
,0.4870,0.4500,0.5900,0.9450,,1787585024666.4751,25.6500,1.0400,17.0000,0.5495,1787585024666.4751,False,,,2,OP1,C1_ETHERNET_SIN_CARGA,medio
,0.4880,0.4510,0.5900,0.9430,,1787585024698.4165,25.6500,0.9600,17.0600,0.5513,1787585024698.4165,False,,,2,OP1,C1_ETHERNET_SIN_CARGA,medio
,0.4890,0.4520,0.5900,0.9410,,1787585024727.6831,25.6500,0.8800,17.1200,0.5531,1787585024727.6831,False,,,2,OP1,C1_ETHERNET_SIN_CARGA,medio
,0.4900,0.4530,0.5900,0.9380,,1787585024748.2505,25.6500,0.8000,17.1800,0.5558,1787585024757.8989,False,,,2,OP1,C1_ETHERNET_SIN_CARGA,medio
,0.4900,0.4530,0.5900,0.9340,,1787585024775.0481,25.6500,0.8000,17.1800,0.5594,1787585024775.0481,False,,,2,OP1,C1_ETHERNET_SIN_CARGA,medio
,0.4910,0.4540,0.5900,0.9300,,1787585024808.3203,25.6500,0.7200,17.2400,0.5630,1787585024808.3203,False,,,2,OP1,C1_ETHERNET_SIN_CARGA,medio
,0.4920,0.4550,0.5900,0.9270,,1787585024835.3398,25.6500,0.6400,17.3000,0.5657,1787585024835.3398,False,,,2,OP1,C1_ETHERNET_SIN_CARGA,medio
,0.4920,0.4550,0.5900,0.9250,,1787585024867.5469,25.6500,0.6400,17.3000,0.5675,1787585024867.5469,False,,,2,OP1,C1_ETHERNET_SIN_CARGA,medio
,0.4930,0.4550,0.5900,0.9240,,1787585024895.6558,25.6500,0.5600,17.3000,0.5684,1787585024895.6558,False,,,2,OP1,C1_ETHERNET_SIN_CARGA,medio
,0.4930,0.4550,0.5900,0.9230,,1787585024919.8218,25.6500,0.5600,17.3000,0.5693,1787585024925.7617,False,,,2,OP1,C1_ETHERNET_SIN_CARGA,medio
,0.4930,0.4560,0.5890,0.9230,,1787585024948.2344,25.6150,0.5600,17.3600,0.5693,1787585024948.2344,False,,,2,OP1,C1_ETHERNET_SIN_CARGA,medio
,0.4920,0.4560,0.5890,0.9210,,1787585024976.1294,25.6150,0.6400,17.3600,0.5711,1787585024976.1294,False,,,2,OP1,C1_ETHERNET_SIN_CARGA,medio
,0.4910,0.4560,0.5880,0.9210,,1787585024999.0154,25.5800,0.7200,17.3600,0.5711,1787585024999.0154,False,,,2,OP1,C1_ETHERNET_SIN_CARGA,medio
,0.4910,0.4560,0.5880,0.9210,,1787585025032.0916,25.5800,0.7200,17.3600,0.5711,1787585025032.0916,False,,,2,OP1,C1_ETHERNET_SIN_CARGA,medio
,0.4890,0.4550,0.5880,0.9220,,1787585025061.4043,25.5800,0.8800,17.3000,0.5702,1787585025061.4043,False,,,2,OP1,C1_ETHERNET_SIN_CARGA,medio
,0.4870,0.4550,0.5880,0.9290,,1787585025116.6953,25.5800,1.0400,17.3000,0.5639,1787585025116.6953,False,,,2,OP1,C1_ETHERNET_SIN_CARGA,medio
,0.4870,0.4540,0.5870,0.9340,,1787585025144.1213,25.5450,1.0400,17.2400,0.5594,1787585025144.1213,False,,,2,OP1,C1_ETHERNET_SIN_CARGA,medio
,0.4870,0.4540,0.5870,0.9380,,1787585025172.5002,25.5450,1.0400,17.2400,0.5558,1787585025172.5002,False,,,2,OP1,C1_ETHERNET_SIN_CARGA,medio
,0.4870,0.4540,0.5870,0.9410,,1787585025198.8914,25.5450,1.0400,17.2400,0.5531,1787585025198.8914,False,,,2,OP1,C1_ETHERNET_SIN_CARGA,medio
,0.4880,0.4540,0.5880,0.9440,,1787585025230.3552,25.5800,0.9600,17.2400,0.5504,1787585025232.3826,False,,,2,OP1,C1_ETHERNET_SIN_CARGA,medio
,0.4930,0.4570,0.5920,0.9490,,1787585025278.3496,25.7200,0.5600,17.4200,0.5459,1787585025278.3496,False,,,2,OP1,C1_ETHERNET_SIN_CARGA,medio
,0.5000,0.4590,0.5970,0.9520,,1787585025311.7898,25.8950,0.0000,17.5400,0.5432,1787585025311.7898,False,,,2,OP1,C1_ETHERNET_SIN_CARGA,medio
,0.5030,0.4650,0.5980,0.9550,,1787585025338.7864,25.9300,-0.2400,17.9000,0.5405,1787585025338.7864,False,,,2,OP1,C1_ETHERNET_SIN_CARGA,medio
,0.5070,0.4690,0.5990,0.9570,,1787585025368.0249,25.9650,-0.5600,18.1400,0.5387,1787585025368.0249,False,,,2,OP1,C1_ETHERNET_SIN_CARGA,medio
,0.5130,0.4730,0.6010,0.9590,,1787585025398.2478,26.0350,-1.0400,18.3800,0.5369,1787585025398.2478,False,,,2,OP1,C1_ETHERNET_SIN_CARGA,medio
,0.5180,0.4750,0.6050,0.9610,,1787585025420.7126,26.1750,-1.4400,18.5000,0.5351,1787585025420.7126,False,,,2,OP1,C1_ETHERNET_SIN_CARGA,medio
,0.5210,0.4760,0.6080,0.9620,,1787585025449.1492,26.2800,-1.6800,18.5600,0.5342,1787585025449.1492,False,,,2,OP1,C1_ETHERNET_SIN_CARGA,medio
,0.5240,0.4760,0.6130,0.9630,,1787585025473.3701,26.4550,-1.9200,18.5600,0.5333,1787585025481.7498,False,,,2,OP1,C1_ETHERNET_SIN_CARGA,medio
,0.5270,0.4740,0.6180,0.9640,,1787585025508.5774,26.6300,-2.1600,18.4400,0.5324,1787585025508.5774,False,,,2,OP1,C1_ETHERNET_SIN_CARGA,medio
,0.5280,0.4730,0.6200,0.9640,,1787585025536.3687,26.7000,-2.2400,18.3800,0.5324,1787585025538.3784,False,,,2,OP1,C1_ETHERNET_SIN_CARGA,medio
,0.5280,0.4720,0.6210,0.9620,,1787585025562.6768,26.7350,-2.2400,18.3200,0.5342,1787585025563.9299,False,,,2,OP1,C1_ETHERNET_SIN_CARGA,medio
,0.5300,0.4700,0.6230,0.9590,,1787585025614.2949,26.8050,-2.4000,18.2000,0.5369,1787585025614.2949,False,,,2,OP1,C1_ETHERNET_SIN_CARGA,medio
,0.5320,0.4660,0.6260,0.9610,,1787585025673.5918,26.9100,-2.5600,17.9600,0.5351,1787585025675.6006,False,,,2,OP1,C1_ETHERNET_SIN_CARGA,medio
,0.5330,0.4640,0.6270,0.9610,,1787585025704.3364,26.9450,-2.6400,17.8400,0.5351,1787585025704.3364,False,,,2,OP1,C1_ETHERNET_SIN_CARGA,medio
,0.5350,0.4630,0.6290,0.9620,,1787585025731.2356,27.0150,-2.8000,17.7800,0.5342,1787585025731.2356,False,,,2,OP1,C1_ETHERNET_SIN_CARGA,medio
,0.5360,0.4620,0.6300,0.9640,,1787585025759.0806,27.0500,-2.8800,17.7200,0.5324,1787585025759.0806,False,,,2,OP1,C1_ETHERNET_SIN_CARGA,medio
,0.5370,0.4610,0.6310,0.9610,,1787585025782.9438,27.0850,-2.9600,17.6600,0.5351,1787585025782.9438,False,,,2,OP1,C1_ETHERNET_SIN_CARGA,medio
,0.5380,0.4610,0.6320,0.9620,,1787585025812.7285,27.1200,-3.0400,17.6600,0.5342,1787585025812.7285,False,,,2,OP1,C1_ETHERNET_SIN_CARGA,medio
,0.5400,0.4610,0.6330,0.9640,,1787585025840.9290,27.1550,-3.2000,17.6600,0.5324,1787585025842.9392,False,,,2,OP1,C1_ETHERNET_SIN_CARGA,medio
,0.5400,0.4600,0.6330,0.9640,,1787585025869.7944,27.1550,-3.2000,17.6000,0.5324,1787585025871.8025,False,,,2,OP1,C1_ETHERNET_SIN_CARGA,medio
,0.5420,0.4600,0.6350,0.9670,,1787585025898.9543,27.2250,-3.3600,17.6000,0.5297,1787585025898.9543,False,,,2,OP1,C1_ETHERNET_SIN_CARGA,medio
,0.5420,0.4600,0.6360,0.9730,,1787585025952.1367,27.2600,-3.3600,17.6000,0.5243,1787585025952.1367,False,,,2,OP1,C1_ETHERNET_SIN_CARGA,medio
,0.5430,0.4600,0.6370,0.9770,,1787585025980.3101,27.2950,-3.4400,17.6000,0.5207,1787585025980.3101,False,,,2,OP1,C1_ETHERNET_SIN_CARGA,medio
,0.5430,0.4610,0.6380,0.9820,,1787585026006.7896,27.3300,-3.4400,17.6600,0.5162,1787585026010.8403,False,,,2,OP1,C1_ETHERNET_SIN_CARGA,medio
,0.5440,0.4620,0.6390,0.9880,,1787585026038.2012,27.3650,-3.5200,17.7200,0.5108,1787585026038.2012,False,,,2,OP1,C1_ETHERNET_SIN_CARGA,medio
,0.5440,0.4640,0.6390,0.9900,,1787585026066.5452,27.3650,-3.5200,17.8400,0.5090,1787585026067.2878,False,,,2,OP1,C1_ETHERNET_SIN_CARGA,medio
,0.5430,0.4700,0.6390,0.9890,,1787585026119.5264,27.3650,-3.4400,18.2000,0.5099,1787585026119.5264,False,,,2,OP1,C1_ETHERNET_SIN_CARGA,medio
,0.5420,0.4740,0.6380,0.9860,,1787585026148.2573,27.3300,-3.3600,18.4400,0.5126,1787585026148.2573,False,,,2,OP1,C1_ETHERNET_SIN_CARGA,medio
,0.5420,0.4760,0.6360,0.9830,,1787585026174.5391,27.2600,-3.3600,18.5600,0.5153,1787585026174.5391,False,,,2,OP1,C1_ETHERNET_SIN_CARGA,medio
,0.5400,0.4780,0.6340,0.9810,,1787585026204.3030,27.1900,-3.2000,18.6800,0.5171,1787585026204.3030,False,,,2,OP1,C1_ETHERNET_SIN_CARGA,medio
,0.5330,0.4790,0.6290,0.9790,,1787585026254.5198,27.0150,-2.6400,18.7400,0.5189,1787585026254.5198,False,,,2,OP1,C1_ETHERNET_SIN_CARGA,medio
,0.5290,0.4780,0.6260,0.9800,,1787585026282.5811,26.9100,-2.3200,18.6800,0.5180,1787585026282.5811,False,,,2,OP1,C1_ETHERNET_SIN_CARGA,medio
,0.5250,0.4780,0.6240,0.9830,,1787585026314.2209,26.8400,-2.0000,18.6800,0.5153,1787585026314.2209,False,,,2,OP1,C1_ETHERNET_SIN_CARGA,medio
,0.5170,0.4780,0.6200,0.9880,,1787585026342.7532,26.7000,-1.3600,18.6800,0.5108,1787585026344.7612,False,,,2,OP1,C1_ETHERNET_SIN_CARGA,medio
,0.5100,0.4780,0.6170,0.9930,,1787585026372.1816,26.5950,-0.8000,18.6800,0.5063,1787585026372.1816,False,,,2,OP1,C1_ETHERNET_SIN_CARGA,medio
,0.5040,0.4790,0.6130,0.9970,,1787585026398.3555,26.4550,-0.3200,18.7400,0.5027,1787585026398.3555,False,,,2,OP1,C1_ETHERNET_SIN_CARGA,medio
,0.5000,0.4790,0.6110,0.9990,,1787585026421.1934,26.3850,0.0000,18.7400,0.5009,1787585026421.1934,False,,,2,OP1,C1_ETHERNET_SIN_CARGA,medio
,0.4980,0.4790,0.6100,0.9990,,1787585026453.7764,26.3500,0.1600,18.7400,0.5009,1787585026453.7764,False,,,2,OP1,C1_ETHERNET_SIN_CARGA,medio
,0.4970,0.4790,0.6090,0.9980,,1787585026474.4087,26.3150,0.2400,18.7400,0.5018,1787585026474.4087,False,,,2,OP1,C1_ETHERNET_SIN_CARGA,medio
,0.4980,0.4790,0.6090,0.9950,,1787585026509.4021,26.3150,0.1600,18.7400,0.5045,1787585026509.4021,False,,,2,OP1,C1_ETHERNET_SIN_CARGA,medio
,0.4980,0.4800,0.6080,0.9910,,1787585026539.2988,26.2800,0.1600,18.8000,0.5081,1787585026539.2988,False,,,2,OP1,C1_ETHERNET_SIN_CARGA,medio
,0.5000,0.4810,0.6060,0.9870,,1787585026562.6169,26.2100,0.0000,18.8600,0.5117,1787585026562.6169,False,,,2,OP1,C1_ETHERNET_SIN_CARGA,medio
,0.5020,0.4820,0.6020,0.9820,,1787585026588.6560,26.0700,-0.1600,18.9200,0.5162,1787585026588.6560,False,,,2,OP1,C1_ETHERNET_SIN_CARGA,medio
,0.5050,0.4840,0.5960,0.9760,,1787585026622.2063,25.8600,-0.4000,19.0400,0.5216,1787585026622.2063,False,,,2,OP1,C1_ETHERNET_SIN_CARGA,medio
,0.5070,0.4840,0.5920,0.9700,,1787585026648.0291,25.7200,-0.5600,19.0400,0.5270,1787585026650.0364,False,,,2,OP1,C1_ETHERNET_SIN_CARGA,medio
,0.5070,0.4840,0.5920,0.9640,,1787585026675.7163,25.7200,-0.5600,19.0400,0.5324,1787585026677.7271,False,,,2,OP1,C1_ETHERNET_SIN_CARGA,medio
,0.5080,0.4830,0.5910,0.9600,,1787585026706.0068,25.6850,-0.6400,18.9800,0.5360,1787585026706.6494,False,,,2,OP1,C1_ETHERNET_SIN_CARGA,medio
,0.5090,0.4820,0.5900,0.9540,,1787585026760.0149,25.6500,-0.7200,18.9200,0.5414,1787585026760.0149,False,,,2,OP1,C1_ETHERNET_SIN_CARGA,medio
,0.5090,0.4830,0.5890,0.9480,,1787585026782.9421,25.6150,-0.7200,18.9800,0.5468,1787585026782.9421,False,,,2,OP1,C1_ETHERNET_SIN_CARGA,medio
,0.5080,0.4840,0.5890,0.9410,,1787585026816.7710,25.6150,-0.6400,19.0400,0.5531,1787585026816.7710,False,,,2,OP1,C1_ETHERNET_SIN_CARGA,medio
,0.5080,0.4840,0.5880,0.9350,,1787585026845.3516,25.5800,-0.6400,19.0400,0.5585,1787585026845.3516,False,,,2,OP1,C1_ETHERNET_SIN_CARGA,medio
,0.5070,0.4860,0.5870,0.9300,,1787585026869.5989,25.5450,-0.5600,19.1600,0.5630,1787585026874.7744,False,,,2,OP1,C1_ETHERNET_SIN_CARGA,medio
,0.5020,0.4880,0.5840,0.9270,,1787585026898.1697,25.4400,-0.1600,19.2800,0.5657,1787585026898.1697,False,,,2,OP1,C1_ETHERNET_SIN_CARGA,medio
,0.4980,0.4900,0.5810,0.9240,,1787585026924.9873,25.3350,0.1600,19.4000,0.5684,1787585026924.9873,False,,,2,OP1,C1_ETHERNET_SIN_CARGA,medio
,0.4940,0.4910,0.5780,0.9230,,1787585026951.9458,25.2300,0.4800,19.4600,0.5693,1787585026951.9458,False,,,2,OP1,C1_ETHERNET_SIN_CARGA,medio
,0.4910,0.4910,0.5750,0.9210,,1787585026982.5408,25.1250,0.7200,19.4600,0.5711,1787585026984.5500,False,,,2,OP1,C1_ETHERNET_SIN_CARGA,medio
,0.4890,0.4910,0.5730,0.9190,,1787585027012.2148,25.0550,0.8800,19.4600,0.5729,1787585027012.2148,False,,,2,OP1,C1_ETHERNET_SIN_CARGA,medio
,0.4860,0.4920,0.5670,0.9130,,1787585027060.0354,24.8450,1.1200,19.5200,0.5783,1787585027070.2615,False,,,2,OP1,C1_ETHERNET_SIN_CARGA,medio
,0.4860,0.4930,0.5630,0.9070,,1787585027091.9346,24.7050,1.1200,19.5800,0.5837,1787585027091.9346,False,,,2,OP1,C1_ETHERNET_SIN_CARGA,medio
,0.4860,0.4940,0.5590,0.9000,,1787585027118.8425,24.5650,1.1200,19.6400,0.5900,1787585027118.8425,False,,,2,OP1,C1_ETHERNET_SIN_CARGA,medio
,0.4850,0.4950,0.5560,0.8930,,1787585027148.4026,24.4600,1.2000,19.7000,0.5963,1787585027148.4026,False,,,2,OP1,C1_ETHERNET_SIN_CARGA,medio
,0.4850,0.4940,0.5540,0.8820,,1787585027180.8518,24.3900,1.2000,19.6400,0.6062,1787585027180.8518,False,,,2,OP1,C1_ETHERNET_SIN_CARGA,medio
,0.4850,0.4930,0.5530,0.8770,,1787585027204.7971,24.3550,1.2000,19.5800,0.6107,1787585027204.7971,False,,,2,OP1,C1_ETHERNET_SIN_CARGA,medio
,0.4870,0.4930,0.5520,0.8740,,1787585027227.9612,24.3200,1.0400,19.5800,0.6134,1787585027227.9612,False,,,2,OP1,C1_ETHERNET_SIN_CARGA,medio
,0.4880,0.4920,0.5510,0.8710,,1787585027261.3713,24.2850,0.9600,19.5200,0.6161,1787585027262.7178,False,,,2,OP1,C1_ETHERNET_SIN_CARGA,medio
,0.4900,0.4930,0.5500,0.8680,,1787585027288.3550,24.2500,0.8000,19.5800,0.6188,1787585027290.3628,False,,,2,OP1,C1_ETHERNET_SIN_CARGA,medio
,0.4930,0.4930,0.5500,0.8650,,1787585027317.8684,24.2500,0.5600,19.5800,0.6215,1787585027317.8684,False,,,2,OP1,C1_ETHERNET_SIN_CARGA,medio
,0.4950,0.4930,0.5500,0.8610,,1787585027345.2307,24.2500,0.4000,19.5800,0.6251,1787585027347.4067,False,,,2,OP1,C1_ETHERNET_SIN_CARGA,medio
,0.5020,0.4960,0.5520,0.8580,,1787585027398.8530,24.3200,-0.1600,19.7600,0.6278,1787585027398.8530,False,,,2,OP1,C1_ETHERNET_SIN_CARGA,medio
,0.5040,0.4960,0.5520,0.8580,,1787585027428.2356,24.3200,-0.3200,19.7600,0.6278,1787585027428.2356,False,,,2,OP1,C1_ETHERNET_SIN_CARGA,medio
,0.5050,0.4970,0.5510,0.8590,,1787585027450.0293,24.2850,-0.4000,19.8200,0.6269,1787585027450.0293,False,,,2,OP1,C1_ETHERNET_SIN_CARGA,medio
,0.5060,0.4970,0.5500,0.8600,,1787585027482.0671,24.2500,-0.4800,19.8200,0.6260,1787585027482.0671,False,,,2,OP1,C1_ETHERNET_SIN_CARGA,medio
,0.5070,0.4970,0.5480,0.8630,,1787585027513.8030,24.1800,-0.5600,19.8200,0.6233,1787585027513.8030,False,,,2,OP1,C1_ETHERNET_SIN_CARGA,medio
,0.5080,0.4980,0.5470,0.8770,,1787585027564.1025,24.1450,-0.6400,19.8800,0.6107,1787585027564.1025,False,,,2,OP1,C1_ETHERNET_SIN_CARGA,medio
,0.5080,0.4980,0.5460,0.8890,,1787585027595.8201,24.1100,-0.6400,19.8800,0.5999,1787585027595.8201,False,,,2,OP1,C1_ETHERNET_SIN_CARGA,medio
,0.5080,0.4980,0.5460,0.9140,,1787585027622.2881,24.1100,-0.6400,19.8800,0.5774,1787585027622.2881,False,,,2,OP1,C1_ETHERNET_SIN_CARGA,medio
,0.5080,0.4980,0.5460,0.9420,,1787585027652.7556,24.1100,-0.6400,19.8800,0.5522,1787585027652.7556,False,,,2,OP1,C1_ETHERNET_SIN_CARGA,medio
,0.5070,0.4980,0.5460,0.9730,,1787585027680.8501,24.1100,-0.5600,19.8800,0.5243,1787585027681.8525,False,,,2,OP1,C1_ETHERNET_SIN_CARGA,medio
,0.5070,0.4980,0.5460,1.0000,,1787585027708.5481,24.1100,-0.5600,19.8800,0.5000,1787585027708.5481,False,,,2,OP1,C1_ETHERNET_SIN_CARGA,medio
,0.5070,0.4980,0.5460,1.0000,,1787585027731.6147,24.1100,-0.5600,19.8800,0.5000,1787585027731.6147,False,,,2,OP1,C1_ETHERNET_SIN_CARGA,medio
,0.5070,0.4970,0.5460,1.0000,,1787585027758.7419,24.1100,-0.5600,19.8200,0.5000,1787585027758.7419,False,,,2,OP1,C1_ETHERNET_SIN_CARGA,medio
,0.5070,0.4970,0.5460,1.0000,,1787585027781.7080,24.1100,-0.5600,19.8200,0.5000,1787585027781.7080,False,,,2,OP1,C1_ETHERNET_SIN_CARGA,medio
,0.5060,0.4970,0.5460,1.0000,,1787585027814.8638,24.1100,-0.4800,19.8200,0.5000,1787585027814.8638,False,,,2,OP1,C1_ETHERNET_SIN_CARGA,medio
,0.5060,0.4970,0.5470,1.0000,,1787585027848.1421,24.1450,-0.4800,19.8200,0.5000,1787585027848.1421,False,,,2,OP1,C1_ETHERNET_SIN_CARGA,medio
,0.5060,0.4970,0.5480,1.0000,,1787585027874.6514,24.1800,-0.4800,19.8200,0.5000,1787585027874.6514,False,,,2,OP1,C1_ETHERNET_SIN_CARGA,medio
,0.5070,0.4950,0.5490,1.0000,,1787585027898.2244,24.2150,-0.5600,19.7000,0.5000,1787585027898.2244,False,,,2,OP1,C1_ETHERNET_SIN_CARGA,medio
,0.5080,0.4930,0.5510,1.0000,,1787585027925.8657,24.2850,-0.6400,19.5800,0.5000,1787585027931.8843,False,,,2,OP1,C1_ETHERNET_SIN_CARGA,medio
,0.5080,0.4900,0.5550,1.0000,,1787585027949.0859,24.4250,-0.6400,19.4000,0.5000,1787585027949.0859,False,,,2,OP1,C1_ETHERNET_SIN_CARGA,medio
,0.5090,0.4900,0.5560,1.0000,,1787585027983.8818,24.4600,-0.7200,19.4000,0.5000,1787585027983.8818,False,,,2,OP1,C1_ETHERNET_SIN_CARGA,medio
,0.5090,0.4910,0.5560,1.0000,,1787585028014.4707,24.4600,-0.7200,19.4600,0.5000,1787585028014.4707,False,,,2,OP1,C1_ETHERNET_SIN_CARGA,medio
,0.5100,0.4910,0.5560,1.0000,,1787585028065.3909,24.4600,-0.8000,19.4600,0.5000,1787585028065.3909,False,,,2,OP1,C1_ETHERNET_SIN_CARGA,medio
,0.5100,0.4910,0.5560,1.0000,,1787585028098.1897,24.4600,-0.8000,19.4600,0.5000,1787585028098.1897,False,,,2,OP1,C1_ETHERNET_SIN_CARGA,medio
,0.5100,0.4920,0.5560,1.0000,,1787585028124.8369,24.4600,-0.8000,19.5200,0.5000,1787585028124.8369,False,,,2,OP1,C1_ETHERNET_SIN_CARGA,medio
,0.5100,0.4920,0.5560,1.0000,,1787585028150.8230,24.4600,-0.8000,19.5200,0.5000,1787585028150.8230,False,,,2,OP1,C1_ETHERNET_SIN_CARGA,medio
,0.5090,0.4930,0.5560,1.0000,,1787585028208.4644,24.4600,-0.7200,19.5800,0.5000,1787585028208.4644,False,,,2,OP1,C1_ETHERNET_SIN_CARGA,medio
,0.5070,0.4940,0.5560,1.0000,,1787585028233.9722,24.4600,-0.5600,19.6400,0.5000,1787585028233.9722,False,,,2,OP1,C1_ETHERNET_SIN_CARGA,medio
,0.5070,0.4940,0.5560,1.0000,,1787585028259.9924,24.4600,-0.5600,19.6400,0.5000,1787585028259.9924,False,,,2,OP1,C1_ETHERNET_SIN_CARGA,medio
,0.5070,0.4940,0.5560,1.0000,,1787585028291.8521,24.4600,-0.5600,19.6400,0.5000,1787585028291.8521,False,,,2,OP1,C1_ETHERNET_SIN_CARGA,medio
,0.5060,0.4940,0.5560,1.0000,,1787585028319.2783,24.4600,-0.4800,19.6400,0.5000,1787585028321.4443,False,,,2,OP1,C1_ETHERNET_SIN_CARGA,medio
,0.5060,0.4940,0.5550,1.0000,,1787585028348.0645,24.4250,-0.4800,19.6400,0.5000,1787585028348.0645,False,,,2,OP1,C1_ETHERNET_SIN_CARGA,medio
,0.5050,0.4940,0.5560,1.0000,,1787585028368.9663,24.4600,-0.4000,19.6400,0.5000,1787585028368.9663,False,,,2,OP1,C1_ETHERNET_SIN_CARGA,medio
,0.5050,0.4930,0.5560,1.0000,,1787585028402.1707,24.4600,-0.4000,19.5800,0.5000,1787585028402.1707,False,,,2,OP1,C1_ETHERNET_SIN_CARGA,medio
,0.5050,0.4930,0.5570,1.0000,,1787585028432.5818,24.4950,-0.4000,19.5800,0.5000,1787585028432.5818,False,,,2,OP1,C1_ETHERNET_SIN_CARGA,medio
,0.5050,0.4930,0.5560,1.0000,,1787585028459.0325,24.4600,-0.4000,19.5800,0.5000,1787585028459.0325,False,,,2,OP1,C1_ETHERNET_SIN_CARGA,medio
,0.5060,0.4930,0.5560,1.0000,,1787585028487.9595,24.4600,-0.4800,19.5800,0.5000,1787585028487.9595,False,,,2,OP1,C1_ETHERNET_SIN_CARGA,medio
,0.5060,0.4930,0.5560,1.0000,,1787585028514.2656,24.4600,-0.4800,19.5800,0.5000,1787585028518.3442,False,,,2,OP1,C1_ETHERNET_SIN_CARGA,medio
,0.5070,0.4930,0.5560,1.0000,,1787585028537.8352,24.4600,-0.5600,19.5800,0.5000,1787585028537.8352,False,,,2,OP1,C1_ETHERNET_SIN_CARGA,medio
,0.5070,0.4920,0.5570,1.0000,,1787585028571.1611,24.4950,-0.5600,19.5200,0.5000,1787585028571.1611,False,,,2,OP1,C1_ETHERNET_SIN_CARGA,medio
,0.5080,0.4920,0.5570,1.0000,,1787585028598.3125,24.4950,-0.6400,19.5200,0.5000,1787585028598.3125,False,,,2,OP1,C1_ETHERNET_SIN_CARGA,medio
,0.5080,0.4920,0.5570,1.0000,,1787585028626.7971,24.4950,-0.6400,19.5200,0.5000,1787585028627.8130,False,,,2,OP1,C1_ETHERNET_SIN_CARGA,medio
,0.5090,0.4920,0.5570,1.0000,,1787585028655.7344,24.4950,-0.7200,19.5200,0.5000,1787585028655.7344,False,,,2,OP1,C1_ETHERNET_SIN_CARGA,medio
,0.5100,0.4920,0.5570,1.0000,,1787585028708.2424,24.4950,-0.8000,19.5200,0.5000,1787585028708.2424,False,,,2,OP1,C1_ETHERNET_SIN_CARGA,medio
,0.5120,0.4930,0.5570,1.0000,,1787585028766.2048,24.4950,-0.9600,19.5800,0.5000,1787585028766.2048,False,,,2,OP1,C1_ETHERNET_SIN_CARGA,medio
,0.5130,0.4930,0.5570,1.0000,,1787585028789.8494,24.4950,-1.0400,19.5800,0.5000,1787585028789.8494,False,,,2,OP1,C1_ETHERNET_SIN_CARGA,medio
,0.5140,0.4930,0.5560,1.0000,,1787585028822.4768,24.4600,-1.1200,19.5800,0.5000,1787585028822.4768,False,,,2,OP1,C1_ETHERNET_SIN_CARGA,medio
,0.5140,0.4940,0.5560,1.0000,,1787585028848.2930,24.4600,-1.1200,19.6400,0.5000,1787585028848.2930,False,,,2,OP1,C1_ETHERNET_SIN_CARGA,medio
,0.5150,0.4940,0.5560,1.0000,,1787585028872.8704,24.4600,-1.2000,19.6400,0.5000,1787585028872.8704,False,,,2,OP1,C1_ETHERNET_SIN_CARGA,medio
,0.5150,0.4950,0.5560,1.0000,,1787585028898.3789,24.4600,-1.2000,19.7000,0.5000,1787585028907.5049,False,,,2,OP1,C1_ETHERNET_SIN_CARGA,medio
,0.5160,0.4960,0.5550,1.0000,,1787585028925.9011,24.4250,-1.2800,19.7600,0.5000,1787585028925.9011,False,,,2,OP1,C1_ETHERNET_SIN_CARGA,medio
,0.5170,0.4960,0.5550,1.0000,,1787585028958.5332,24.4250,-1.3600,19.7600,0.5000,1787585028958.5332,False,,,2,OP1,C1_ETHERNET_SIN_CARGA,medio
,0.5170,0.4970,0.5550,1.0000,,1787585029009.0332,24.4250,-1.3600,19.8200,0.5000,1787585029009.0332,False,,,2,OP1,C1_ETHERNET_SIN_CARGA,medio
,0.5170,0.4980,0.5540,1.0000,,1787585029041.1921,24.3900,-1.3600,19.8800,0.5000,1787585029041.1921,False,,,2,OP1,C1_ETHERNET_SIN_CARGA,medio
,0.5180,0.4980,0.5540,1.0000,,1787585029067.1821,24.3900,-1.4400,19.8800,0.5000,1787585029067.1821,False,,,2,OP1,C1_ETHERNET_SIN_CARGA,medio
,0.5190,0.4980,0.5550,1.0000,,1787585029098.1089,24.4250,-1.5200,19.8800,0.5000,1787585029098.1089,False,,,2,OP1,C1_ETHERNET_SIN_CARGA,medio
,0.5190,0.4970,0.5550,1.0000,,1787585029127.6348,24.4250,-1.5200,19.8200,0.5000,1787585029127.6348,False,,,2,OP1,C1_ETHERNET_SIN_CARGA,medio
,0.5200,0.4970,0.5560,1.0000,,1787585029148.0339,24.4600,-1.6000,19.8200,0.5000,1787585029148.0339,False,,,2,OP1,C1_ETHERNET_SIN_CARGA,medio
,0.5220,0.4970,0.5570,1.0000,,1787585029179.4028,24.4950,-1.7600,19.8200,0.5000,1787585029179.4028,False,,,2,OP1,C1_ETHERNET_SIN_CARGA,medio
,0.5230,0.4970,0.5570,1.0000,,1787585029209.9644,24.4950,-1.8400,19.8200,0.5000,1787585029209.9644,False,,,2,OP1,C1_ETHERNET_SIN_CARGA,medio
,0.5240,0.4960,0.5580,1.0000,,1787585029261.1218,24.5300,-1.9200,19.7600,0.5000,1787585029261.1218,False,,,2,OP1,C1_ETHERNET_SIN_CARGA,medio
,0.5250,0.4960,0.5590,1.0000,,1787585029294.4026,24.5650,-2.0000,19.7600,0.5000,1787585029295.3140,False,,,2,OP1,C1_ETHERNET_SIN_CARGA,medio
,0.5250,0.4960,0.5600,1.0000,,1787585029320.6042,24.6000,-2.0000,19.7600,0.5000,1787585029320.6042,False,,,2,OP1,C1_ETHERNET_SIN_CARGA,medio
,0.5270,0.4950,0.5620,1.0000,,1787585029348.3120,24.6700,-2.1600,19.7000,0.5000,1787585029348.3120,False,,,2,OP1,C1_ETHERNET_SIN_CARGA,medio
,0.5270,0.4940,0.5630,1.0000,,1787585029375.5571,24.7050,-2.1600,19.6400,0.5000,1787585029375.5571,False,,,2,OP1,C1_ETHERNET_SIN_CARGA,medio
,0.5270,0.4940,0.5630,1.0000,,1787585029398.1187,24.7050,-2.1600,19.6400,0.5000,1787585029398.1187,False,,,2,OP1,C1_ETHERNET_SIN_CARGA,medio
,0.5270,0.4930,0.5640,1.0000,,1787585029427.4746,24.7400,-2.1600,19.5800,0.5000,1787585029427.4746,False,,,2,OP1,C1_ETHERNET_SIN_CARGA,medio
,0.5280,0.4930,0.5650,1.0000,,1787585029460.9490,24.7750,-2.2400,19.5800,0.5000,1787585029460.9490,False,,,2,OP1,C1_ETHERNET_SIN_CARGA,medio
,0.5270,0.4930,0.5660,1.0000,,1787585029510.3740,24.8100,-2.1600,19.5800,0.5000,1787585029510.3740,False,,,2,OP1,C1_ETHERNET_SIN_CARGA,medio
,0.5270,0.4940,0.5660,1.0000,,1787585029545.6572,24.8100,-2.1600,19.6400,0.5000,1787585029545.6572,False,,,2,OP1,C1_ETHERNET_SIN_CARGA,medio
,0.5280,0.4940,0.5660,1.0000,,1787585029572.0068,24.8100,-2.2400,19.6400,0.5000,1787585029572.0068,False,,,2,OP1,C1_ETHERNET_SIN_CARGA,medio
,0.5280,0.4940,0.5660,1.0000,,1787585029598.0847,24.8100,-2.2400,19.6400,0.5000,1787585029598.0847,False,,,2,OP1,C1_ETHERNET_SIN_CARGA,medio
,0.5280,0.4950,0.5660,1.0000,,1787585029628.4236,24.8100,-2.2400,19.7000,0.5000,1787585029628.4236,False,,,2,OP1,C1_ETHERNET_SIN_CARGA,medio
,0.5290,0.4940,0.5660,1.0000,,1787585029679.7827,24.8100,-2.3200,19.6400,0.5000,1787585029679.7827,False,,,2,OP1,C1_ETHERNET_SIN_CARGA,medio
,0.5290,0.4940,0.5670,1.0000,,1787585029713.3965,24.8450,-2.3200,19.6400,0.5000,1787585029713.3965,False,,,2,OP1,C1_ETHERNET_SIN_CARGA,medio
,0.5280,0.4930,0.5670,1.0000,,1787585029766.6108,24.8450,-2.2400,19.5800,0.5000,1787585029766.6108,False,,,2,OP1,C1_ETHERNET_SIN_CARGA,medio
,0.5270,0.4930,0.5680,1.0000,,1787585029796.4053,24.8800,-2.1600,19.5800,0.5000,1787585029797.5254,False,,,2,OP1,C1_ETHERNET_SIN_CARGA,medio
,0.5260,0.4920,0.5690,1.0000,,1787585029824.3555,24.9150,-2.0800,19.5200,0.5000,1787585029824.3555,False,,,2,OP1,C1_ETHERNET_SIN_CARGA,medio
,0.5260,0.4920,0.5690,1.0000,,1787585029848.1968,24.9150,-2.0800,19.5200,0.5000,1787585029848.1968,False,,,2,OP1,C1_ETHERNET_SIN_CARGA,medio
,0.5250,0.4930,0.5690,1.0000,,1787585029872.5784,24.9150,-2.0000,19.5800,0.5000,1787585029880.9316,False,,,2,OP1,C1_ETHERNET_SIN_CARGA,medio
,0.5240,0.4930,0.5680,1.0000,,1787585029899.2925,24.8800,-1.9200,19.5800,0.5000,1787585029899.2925,False,,,2,OP1,C1_ETHERNET_SIN_CARGA,medio
,0.5240,0.4940,0.5680,1.0000,,1787585029932.8608,24.8800,-1.9200,19.6400,0.5000,1787585029932.8608,False,,,2,OP1,C1_ETHERNET_SIN_CARGA,medio
,0.5240,0.4950,0.5670,1.0000,,1787585029958.6382,24.8450,-1.9200,19.7000,0.5000,1787585029958.6382,False,,,2,OP1,C1_ETHERNET_SIN_CARGA,medio
,0.5240,0.4960,0.5670,1.0000,,1787585029989.8030,24.8450,-1.9200,19.7600,0.5000,1787585029992.7534,False,,,2,OP1,C1_ETHERNET_SIN_CARGA,medio
,0.5230,0.4980,0.5650,1.0000,,1787585030015.5823,24.7750,-1.8400,19.8800,0.5000,1787585030015.5823,False,,,2,OP1,C1_ETHERNET_SIN_CARGA,medio
,0.5220,0.5030,0.5580,1.0000,,1787585030074.9736,24.5300,-1.7600,20.1800,0.5000,1787585030074.9736,False,,,2,OP1,C1_ETHERNET_SIN_CARGA,medio
,0.5220,0.5040,0.5530,1.0000,,1787585030101.9348,24.3550,-1.7600,20.2400,0.5000,1787585030101.9348,False,,,2,OP1,C1_ETHERNET_SIN_CARGA,medio
,0.5210,0.5070,0.5480,1.0000,,1787585030158.6687,24.1800,-1.6800,20.4200,0.5000,1787585030158.6687,False,,,2,OP1,C1_ETHERNET_SIN_CARGA,medio
,0.5210,0.5070,0.5470,1.0000,,1787585030181.9517,24.1450,-1.6800,20.4200,0.5000,1787585030181.9517,False,,,2,OP1,C1_ETHERNET_SIN_CARGA,medio
,0.5220,0.5070,0.5470,1.0000,,1787585030212.1770,24.1450,-1.7600,20.4200,0.5000,1787585030212.1770,False,,,2,OP1,C1_ETHERNET_SIN_CARGA,medio
,0.5220,0.5070,0.5460,1.0000,,1787585030234.2146,24.1100,-1.7600,20.4200,0.5000,1787585030234.2146,False,,,2,OP1,C1_ETHERNET_SIN_CARGA,medio
,0.5220,0.5070,0.5460,1.0000,,1787585030267.3240,24.1100,-1.7600,20.4200,0.5000,1787585030267.3240,False,,,2,OP1,C1_ETHERNET_SIN_CARGA,medio
,0.5230,0.5070,0.5460,1.0000,,1787585030298.0042,24.1100,-1.8400,20.4200,0.5000,1787585030298.0042,False,,,2,OP1,C1_ETHERNET_SIN_CARGA,medio
,0.5220,0.5070,0.5470,1.0000,,1787585030350.6707,24.1450,-1.7600,20.4200,0.5000,1787585030350.6707,False,,,2,OP1,C1_ETHERNET_SIN_CARGA,medio
,0.5220,0.5070,0.5490,1.0000,,1787585030378.4819,24.2150,-1.7600,20.4200,0.5000,1787585030378.4819,False,,,2,OP1,C1_ETHERNET_SIN_CARGA,medio
,0.5210,0.5070,0.5520,1.0000,,1787585030408.2500,24.3200,-1.6800,20.4200,0.5000,1787585030409.7568,False,,,2,OP1,C1_ETHERNET_SIN_CARGA,medio
,0.5210,0.5070,0.5520,1.0000,,1787585030435.7314,24.3200,-1.6800,20.4200,0.5000,1787585030435.7314,False,,,2,OP1,C1_ETHERNET_SIN_CARGA,medio
,0.5200,0.5090,0.5540,1.0000,,1787585030462.3972,24.3900,-1.6000,20.5400,0.5000,1787585030462.3972,False,,,2,OP1,C1_ETHERNET_SIN_CARGA,medio
,0.5190,0.5100,0.5550,1.0000,,1787585030486.4814,24.4250,-1.5200,20.6000,0.5000,1787585030486.4814,False,,,2,OP1,C1_ETHERNET_SIN_CARGA,medio
,0.5190,0.5110,0.5560,1.0000,,1787585030518.3562,24.4600,-1.5200,20.6600,0.5000,1787585030518.3562,False,,,2,OP1,C1_ETHERNET_SIN_CARGA,medio
,0.5180,0.5120,0.5560,1.0000,,1787585030548.0681,24.4600,-1.4400,20.7200,0.5000,1787585030548.0681,False,,,2,OP1,C1_ETHERNET_SIN_CARGA,medio
,0.5160,0.5130,0.5570,1.0000,,1787585030568.6472,24.4950,-1.2800,20.7800,0.5000,1787585030568.6472,False,,,2,OP1,C1_ETHERNET_SIN_CARGA,medio
,0.5140,0.5140,0.5590,1.0000,,1787585030603.6274,24.5650,-1.1200,20.8400,0.5000,1787585030604.1440,False,,,2,OP1,C1_ETHERNET_SIN_CARGA,medio
,0.5120,0.5150,0.5600,1.0000,,1787585030652.4236,24.6000,-0.9600,20.9000,0.5000,1787585030661.9421,False,,,2,OP1,C1_ETHERNET_SIN_CARGA,medio
,0.5110,0.5150,0.5600,1.0000,,1787585030686.3059,24.6000,-0.8800,20.9000,0.5000,1787585030686.3059,False,,,2,OP1,C1_ETHERNET_SIN_CARGA,medio
,0.5100,0.5150,0.5600,1.0000,,1787585030715.2893,24.6000,-0.8000,20.9000,0.5000,1787585030715.2893,False,,,2,OP1,C1_ETHERNET_SIN_CARGA,medio
,0.5090,0.5160,0.5610,1.0000,,1787585030770.4761,24.6350,-0.7200,20.9600,0.5000,1787585030770.4761,False,,,2,OP1,C1_ETHERNET_SIN_CARGA,medio
,0.5070,0.5170,0.5630,1.0000,,1787585030798.2573,24.7050,-0.5600,21.0200,0.5000,1787585030798.2573,False,,,2,OP1,C1_ETHERNET_SIN_CARGA,medio
,0.5060,0.5170,0.5670,1.0000,,1787585030820.0332,24.8450,-0.4800,21.0200,0.5000,1787585030820.0332,False,,,2,OP1,C1_ETHERNET_SIN_CARGA,medio
,0.5060,0.5180,0.5690,1.0000,,1787585030854.3232,24.9150,-0.4800,21.0800,0.5000,1787585030854.3232,False,,,2,OP1,C1_ETHERNET_SIN_CARGA,medio
,0.5050,0.5180,0.5720,1.0000,,1787585030906.2266,25.0200,-0.4000,21.0800,0.5000,1787585030906.2266,False,,,2,OP1,C1_ETHERNET_SIN_CARGA,medio
,0.5050,0.5180,0.5720,1.0000,,1787585030937.3491,25.0200,-0.4000,21.0800,0.5000,1787585030938.4038,False,,,2,OP1,C1_ETHERNET_SIN_CARGA,medio
,0.5050,0.5160,0.5720,1.0000,,1787585030990.4465,25.0200,-0.4000,20.9600,0.5000,1787585030990.4465,False,,,2,OP1,C1_ETHERNET_SIN_CARGA,medio
,0.5050,0.5160,0.5720,1.0000,,1787585031021.7844,25.0200,-0.4000,20.9600,0.5000,1787585031021.7844,False,,,2,OP1,C1_ETHERNET_SIN_CARGA,medio
,0.5050,0.5150,0.5710,1.0000,,1787585031047.8694,24.9850,-0.4000,20.9000,0.5000,1787585031047.8694,False,,,2,OP1,C1_ETHERNET_SIN_CARGA,medio
,0.5050,0.5140,0.5700,1.0000,,1787585031078.0295,24.9500,-0.4000,20.8400,0.5000,1787585031078.0295,False,,,2,OP1,C1_ETHERNET_SIN_CARGA,medio
,0.5050,0.5140,0.5690,1.0000,,1787585031098.3494,24.9150,-0.4000,20.8400,0.5000,1787585031098.3494,False,,,2,OP1,C1_ETHERNET_SIN_CARGA,medio
,0.5040,0.5130,0.5680,1.0000,,1787585031125.0681,24.8800,-0.3200,20.7800,0.5000,1787585031125.0681,False,,,2,OP1,C1_ETHERNET_SIN_CARGA,medio
,0.5040,0.5130,0.5680,1.0000,,1787585031158.8467,24.8800,-0.3200,20.7800,0.5000,1787585031158.8467,False,,,2,OP1,C1_ETHERNET_SIN_CARGA,medio
,0.5030,0.5130,0.5660,1.0000,,1787585031180.7974,24.8100,-0.2400,20.7800,0.5000,1787585031180.7974,False,,,2,OP1,C1_ETHERNET_SIN_CARGA,medio
,0.5020,0.5130,0.5650,1.0000,,1787585031215.1851,24.7750,-0.1600,20.7800,0.5000,1787585031215.1851,False,,,2,OP1,C1_ETHERNET_SIN_CARGA,medio
,0.5000,0.5130,0.5650,1.0000,,1787585031245.2368,24.7750,0.0000,20.7800,0.5000,1787585031245.2368,False,,,2,OP1,C1_ETHERNET_SIN_CARGA,medio
,0.4990,0.5130,0.5640,1.0000,,1787585031269.8149,24.7400,0.0800,20.7800,0.5000,1787585031269.8149,False,,,2,OP1,C1_ETHERNET_SIN_CARGA,medio
,0.4990,0.5130,0.5630,1.0000,,1787585031298.0964,24.7050,0.0800,20.7800,0.5000,1787585031298.0964,False,,,2,OP1,C1_ETHERNET_SIN_CARGA,medio
,0.4980,0.5130,0.5620,1.0000,,1787585031326.0894,24.6700,0.1600,20.7800,0.5000,1787585031326.0894,False,,,2,OP1,C1_ETHERNET_SIN_CARGA,medio
,0.4980,0.5130,0.5590,1.0000,,1787585031354.6458,24.5650,0.1600,20.7800,0.5000,1787585031354.6458,False,,,2,OP1,C1_ETHERNET_SIN_CARGA,medio
,0.4970,0.5130,0.5580,1.0000,,1787585031377.3040,24.5300,0.2400,20.7800,0.5000,1787585031377.3040,False,,,2,OP1,C1_ETHERNET_SIN_CARGA,medio
,0.4970,0.5130,0.5560,1.0000,,1787585031409.4695,24.4600,0.2400,20.7800,0.5000,1787585031411.5576,False,,,2,OP1,C1_ETHERNET_SIN_CARGA,medio
,0.4980,0.5130,0.5530,1.0000,,1787585031458.5620,24.3550,0.1600,20.7800,0.5000,1787585031458.5620,False,,,2,OP1,C1_ETHERNET_SIN_CARGA,medio
,0.4990,0.5130,0.5530,1.0000,,1787585031492.2668,24.3550,0.0800,20.7800,0.5000,1787585031492.2668,False,,,2,OP1,C1_ETHERNET_SIN_CARGA,medio
,0.5000,0.5120,0.5530,1.0000,,1787585031518.3889,24.3550,0.0000,20.7200,0.5000,1787585031518.3889,False,,,2,OP1,C1_ETHERNET_SIN_CARGA,medio
,0.5010,0.5120,0.5530,1.0000,,1787585031547.9827,24.3550,-0.0800,20.7200,0.5000,1787585031551.4775,False,,,2,OP1,C1_ETHERNET_SIN_CARGA,medio
,0.5010,0.5120,0.5530,1.0000,,1787585031577.9358,24.3550,-0.0800,20.7200,0.5000,1787585031577.9358,False,,,2,OP1,C1_ETHERNET_SIN_CARGA,medio
,0.5020,0.5110,0.5540,1.0000,,1787585031600.8169,24.3900,-0.1600,20.6600,0.5000,1787585031600.8169,False,,,2,OP1,C1_ETHERNET_SIN_CARGA,medio
,0.5030,0.5110,0.5550,1.0000,,1787585031626.9456,24.4250,-0.2400,20.6600,0.5000,1787585031626.9456,False,,,2,OP1,C1_ETHERNET_SIN_CARGA,medio
,0.5030,0.5110,0.5570,1.0000,,1787585031660.7151,24.4950,-0.2400,20.6600,0.5000,1787585031660.7151,False,,,2,OP1,C1_ETHERNET_SIN_CARGA,medio
,0.5040,0.5110,0.5620,1.0000,,1787585031717.6926,24.6700,-0.3200,20.6600,0.5000,1787585031717.6926,False,,,2,OP1,C1_ETHERNET_SIN_CARGA,medio
,0.5040,0.5110,0.5630,1.0000,,1787585031744.3149,24.7050,-0.3200,20.6600,0.5000,1787585031745.3181,False,,,2,OP1,C1_ETHERNET_SIN_CARGA,medio
,0.5040,0.5110,0.5640,1.0000,,1787585031772.1011,24.7400,-0.3200,20.6600,0.5000,1787585031772.1011,False,,,2,OP1,C1_ETHERNET_SIN_CARGA,medio
,0.5040,0.5110,0.5650,1.0000,,1787585031798.0540,24.7750,-0.3200,20.6600,0.5000,1787585031798.0540,False,,,2,OP1,C1_ETHERNET_SIN_CARGA,medio
,0.5040,0.5100,0.5650,1.0000,,1787585031822.5356,24.7750,-0.3200,20.6000,0.5000,1787585031830.1182,False,,,2,OP1,C1_ETHERNET_SIN_CARGA,medio
,0.5040,0.5100,0.5660,1.0000,,1787585031854.1653,24.8100,-0.3200,20.6000,0.5000,1787585031854.1653,False,,,2,OP1,C1_ETHERNET_SIN_CARGA,medio
,0.5040,0.5100,0.5660,1.0000,,1787585031884.1628,24.8100,-0.3200,20.6000,0.5000,1787585031884.1628,False,,,2,OP1,C1_ETHERNET_SIN_CARGA,medio
,0.5040,0.5100,0.5660,1.0000,,1787585031908.9800,24.8100,-0.3200,20.6000,0.5000,1787585031913.5352,False,,,2,OP1,C1_ETHERNET_SIN_CARGA,medio
,0.5050,0.5100,0.5660,1.0000,,1787585031932.3831,24.8100,-0.4000,20.6000,0.5000,1787585031932.3831,False,,,2,OP1,C1_ETHERNET_SIN_CARGA,medio
,0.5050,0.5100,0.5660,1.0000,,1787585031965.3567,24.8100,-0.4000,20.6000,0.5000,1787585031965.3567,False,,,2,OP1,C1_ETHERNET_SIN_CARGA,medio
,0.5060,0.5100,0.5660,1.0000,,1787585031990.3362,24.8100,-0.4800,20.6000,0.5000,1787585031990.3362,False,,,2,OP1,C1_ETHERNET_SIN_CARGA,medio
,0.5060,0.5100,0.5660,1.0000,,1787585032022.7600,24.8100,-0.4800,20.6000,0.5000,1787585032024.7673,False,,,2,OP1,C1_ETHERNET_SIN_CARGA,medio
,0.5070,0.5100,0.5670,1.0000,,1787585032052.3374,24.8450,-0.5600,20.6000,0.5000,1787585032052.3374,False,,,2,OP1,C1_ETHERNET_SIN_CARGA,medio
,0.5070,0.5100,0.5680,1.0000,,1787585032078.6213,24.8800,-0.5600,20.6000,0.5000,1787585032078.6213,False,,,2,OP1,C1_ETHERNET_SIN_CARGA,medio
,0.5070,0.5100,0.5700,1.0000,,1787585032100.0315,24.9500,-0.5600,20.6000,0.5000,1787585032100.0315,False,,,2,OP1,C1_ETHERNET_SIN_CARGA,medio
,0.5070,0.5100,0.5720,1.0000,,1787585032130.7012,25.0200,-0.5600,20.6000,0.5000,1787585032130.7012,False,,,2,OP1,C1_ETHERNET_SIN_CARGA,medio
,0.5080,0.5100,0.5770,1.0000,,1787585032190.6702,25.1950,-0.6400,20.6000,0.5000,1787585032190.6702,False,,,2,OP1,C1_ETHERNET_SIN_CARGA,medio
,0.5080,0.5110,0.5780,1.0000,,1787585032216.7341,25.2300,-0.6400,20.6600,0.5000,1787585032220.0513,False,,,2,OP1,C1_ETHERNET_SIN_CARGA,medio
,0.5090,0.5130,0.5840,1.0000,,1787585032266.3159,25.4400,-0.7200,20.7800,0.5000,1787585032266.3159,False,,,2,OP1,C1_ETHERNET_SIN_CARGA,medio
,0.5090,0.5140,0.5850,1.0000,,1787585032299.9243,25.4750,-0.7200,20.8400,0.5000,1787585032299.9243,False,,,2,OP1,C1_ETHERNET_SIN_CARGA,medio
,0.5090,0.5150,0.5860,1.0000,,1787585032356.4897,25.5100,-0.7200,20.9000,0.5000,1787585032358.4976,False,,,2,OP1,C1_ETHERNET_SIN_CARGA,medio
,0.5090,0.5150,0.5880,1.0000,,1787585032384.4060,25.5800,-0.7200,20.9000,0.5000,1787585032386.5710,False,,,2,OP1,C1_ETHERNET_SIN_CARGA,medio
,0.5090,0.5150,0.5890,1.0000,,1787585032409.7571,25.6150,-0.7200,20.9000,0.5000,1787585032409.7571,False,,,2,OP1,C1_ETHERNET_SIN_CARGA,medio
,0.5090,0.5150,0.5900,1.0000,,1787585032432.7000,25.6500,-0.7200,20.9000,0.5000,1787585032432.7000,False,,,2,OP1,C1_ETHERNET_SIN_CARGA,medio
,0.5090,0.5160,0.5910,1.0000,,1787585032468.3567,25.6850,-0.7200,20.9600,0.5000,1787585032468.3567,False,,,2,OP1,C1_ETHERNET_SIN_CARGA,medio
,0.5090,0.5150,0.5910,1.0000,,1787585032496.7710,25.6850,-0.7200,20.9000,0.5000,1787585032498.2810,False,,,2,OP1,C1_ETHERNET_SIN_CARGA,medio
,0.5090,0.5150,0.5910,1.0000,,1787585032524.6646,25.6850,-0.7200,20.9000,0.5000,1787585032524.6646,False,,,2,OP1,C1_ETHERNET_SIN_CARGA,medio
,0.5090,0.5150,0.5920,1.0000,,1787585032552.9077,25.7200,-0.7200,20.9000,0.5000,1787585032553.9434,False,,,2,OP1,C1_ETHERNET_SIN_CARGA,medio
,0.5090,0.5150,0.5920,1.0000,,1787585032602.5176,25.7200,-0.7200,20.9000,0.5000,1787585032602.5176,False,,,2,OP1,C1_ETHERNET_SIN_CARGA,medio
,0.5090,0.5150,0.5920,1.0000,,1787585032636.4951,25.7200,-0.7200,20.9000,0.5000,1787585032636.4951,False,,,2,OP1,C1_ETHERNET_SIN_CARGA,medio
,0.5090,0.5150,0.5920,1.0000,,1787585032662.6372,25.7200,-0.7200,20.9000,0.5000,1787585032662.6372,False,,,2,OP1,C1_ETHERNET_SIN_CARGA,medio
,0.5090,0.5150,0.5920,1.0000,,1787585032691.9219,25.7200,-0.7200,20.9000,0.5000,1787585032693.9343,False,,,2,OP1,C1_ETHERNET_SIN_CARGA,medio
,0.5080,0.5150,0.5920,1.0000,,1787585032720.9504,25.7200,-0.6400,20.9000,0.5000,1787585032720.9504,False,,,2,OP1,C1_ETHERNET_SIN_CARGA,medio
,0.5080,0.5150,0.5930,1.0000,,1787585032748.3789,25.7550,-0.6400,20.9000,0.5000,1787585032748.3789,False,,,2,OP1,C1_ETHERNET_SIN_CARGA,medio
,0.5080,0.5150,0.5940,1.0000,,1787585032772.4119,25.7900,-0.6400,20.9000,0.5000,1787585032772.4119,False,,,2,OP1,C1_ETHERNET_SIN_CARGA,medio
,0.5080,0.5150,0.5950,1.0000,,1787585032798.1836,25.8250,-0.6400,20.9000,0.5000,1787585032798.1836,False,,,2,OP1,C1_ETHERNET_SIN_CARGA,medio
,0.5080,0.5160,0.5970,1.0000,,1787585032830.8887,25.8950,-0.6400,20.9600,0.5000,1787585032830.8887,False,,,2,OP1,C1_ETHERNET_SIN_CARGA,medio
,0.5080,0.5160,0.5980,1.0000,,1787585032857.4065,25.9300,-0.6400,20.9600,0.5000,1787585032860.7859,False,,,2,OP1,C1_ETHERNET_SIN_CARGA,medio
,0.5070,0.5160,0.5980,1.0000,,1787585032888.1672,25.9300,-0.5600,20.9600,0.5000,1787585032888.1672,False,,,2,OP1,C1_ETHERNET_SIN_CARGA,medio
,0.5060,0.5170,0.5980,1.0000,,1787585032908.3569,25.9300,-0.4800,21.0200,0.5000,1787585032916.4561,False,,,2,OP1,C1_ETHERNET_SIN_CARGA,medio
,0.5050,0.5170,0.5980,1.0000,,1787585032938.6592,25.9300,-0.4000,21.0200,0.5000,1787585032938.6592,False,,,2,OP1,C1_ETHERNET_SIN_CARGA,medio
,0.5050,0.5170,0.5980,1.0000,,1787585032964.8652,25.9300,-0.4000,21.0200,0.5000,1787585032964.8652,False,,,2,OP1,C1_ETHERNET_SIN_CARGA,medio
,0.5050,0.5170,0.6000,1.0000,,1787585032998.4893,26.0000,-0.4000,21.0200,0.5000,1787585032998.4893,False,,,2,OP1,C1_ETHERNET_SIN_CARGA,medio
,0.5050,0.5170,0.6010,1.0000,,1787585033025.4446,26.0350,-0.4000,21.0200,0.5000,1787585033027.4519,False,,,2,OP1,C1_ETHERNET_SIN_CARGA,medio
,0.5050,0.5170,0.6010,1.0000,,1787585033048.4565,26.0350,-0.4000,21.0200,0.5000,1787585033055.0398,False,,,2,OP1,C1_ETHERNET_SIN_CARGA,medio
,0.5050,0.5170,0.6020,1.0000,,1787585033073.3442,26.0700,-0.4000,21.0200,0.5000,1787585033073.3442,False,,,2,OP1,C1_ETHERNET_SIN_CARGA,medio
,0.5060,0.5170,0.6030,1.0000,,1787585033105.9954,26.1050,-0.4800,21.0200,0.5000,1787585033105.9954,False,,,2,OP1,C1_ETHERNET_SIN_CARGA,medio
,0.5060,0.5170,0.6030,1.0000,,1787585033130.0410,26.1050,-0.4800,21.0200,0.5000,1787585033130.0410,False,,,2,OP1,C1_ETHERNET_SIN_CARGA,medio
,0.5060,0.5160,0.6030,1.0000,,1787585033163.0562,26.1050,-0.4800,20.9600,0.5000,1787585033163.0562,False,,,2,OP1,C1_ETHERNET_SIN_CARGA,medio
,0.5070,0.5160,0.6020,1.0000,,1787585033194.6826,26.0700,-0.5600,20.9600,0.5000,1787585033194.6826,False,,,2,OP1,C1_ETHERNET_SIN_CARGA,medio
,0.5070,0.5160,0.6020,1.0000,,1787585033219.5068,26.0700,-0.5600,20.9600,0.5000,1787585033219.5068,False,,,2,OP1,C1_ETHERNET_SIN_CARGA,medio
,0.5070,0.5160,0.6020,1.0000,,1787585033248.1589,26.0700,-0.5600,20.9600,0.5000,1787585033248.1589,False,,,2,OP1,C1_ETHERNET_SIN_CARGA,medio
,0.5070,0.5150,0.6010,1.0000,,1787585033273.7139,26.0350,-0.5600,20.9000,0.5000,1787585033273.7139,False,,,2,OP1,C1_ETHERNET_SIN_CARGA,medio
,0.5080,0.5160,0.6010,1.0000,,1787585033297.9822,26.0350,-0.6400,20.9600,0.5000,1787585033297.9822,False,,,2,OP1,C1_ETHERNET_SIN_CARGA,medio
,0.5070,0.5160,0.6010,1.0000,,1787585033330.1699,26.0350,-0.5600,20.9600,0.5000,1787585033330.1699,False,,,2,OP1,C1_ETHERNET_SIN_CARGA,medio
,0.5070,0.5160,0.6000,1.0000,,1787585033359.8140,26.0000,-0.5600,20.9600,0.5000,1787585033361.9170,False,,,2,OP1,C1_ETHERNET_SIN_CARGA,medio
,0.5070,0.5180,0.6000,1.0000,,1787585033410.0115,26.0000,-0.5600,21.0800,0.5000,1787585033410.0115,False,,,2,OP1,C1_ETHERNET_SIN_CARGA,medio
,0.5070,0.5190,0.6000,1.0000,,1787585033442.3967,26.0000,-0.5600,21.1400,0.5000,1787585033442.3967,False,,,2,OP1,C1_ETHERNET_SIN_CARGA,medio
,0.5070,0.5190,0.5990,1.0000,,1787585033469.8899,25.9650,-0.5600,21.1400,0.5000,1787585033469.8899,False,,,2,OP1,C1_ETHERNET_SIN_CARGA,medio
,0.5080,0.5200,0.5990,1.0000,,1787585033500.0649,25.9650,-0.6400,21.2000,0.5000,1787585033500.0649,False,,,2,OP1,C1_ETHERNET_SIN_CARGA,medio
,0.5080,0.5200,0.5970,0.9260,,1787585033527.2974,25.8950,-0.6400,21.2000,0.5666,1787585033527.2974,False,,,2,OP1,C1_ETHERNET_SIN_CARGA,medio
,0.5080,0.5210,0.5930,0.8260,,1787585033548.0210,25.7550,-0.6400,21.2600,0.6566,1787585033548.0210,False,,,2,OP1,C1_ETHERNET_SIN_CARGA,medio
,0.5100,0.5220,0.5910,0.6170,,1787585033576.8140,25.6850,-0.8000,21.3200,0.8447,1787585033576.8140,False,,,2,OP1,C1_ETHERNET_SIN_CARGA,medio
,0.5120,0.5240,0.5880,0.4030,,1787585033610.4099,25.5800,-0.9600,21.4400,1.0373,1787585033610.4099,False,,,2,OP1,C1_ETHERNET_SIN_CARGA,medio
,0.5140,0.5260,0.5850,0.2200,,1787585033635.3794,25.4750,-1.1200,21.5600,1.4000,1787585033639.3943,False,,,2,OP1,C1_ETHERNET_SIN_CARGA,medio
,0.5120,0.5280,0.5880,0.0000,,1787585033666.7139,25.5800,-0.9600,21.6800,1.4000,1787585033667.9082,False,,,2,OP1,C1_ETHERNET_SIN_CARGA,medio
,0.5100,0.5290,0.5880,0.0370,,1787585033693.6956,25.5800,-0.8000,21.7400,1.4000,1787585033694.7007,False,,,2,OP1,C1_ETHERNET_SIN_CARGA,medio
,0.5100,0.5300,0.5880,0.0700,,1787585033719.3018,25.5800,-0.8000,21.8000,1.4000,1787585033719.3018,False,,,2,OP1,C1_ETHERNET_SIN_CARGA,medio
,0.5100,0.5310,0.5880,0.0720,,1787585033748.2278,25.5800,-0.8000,21.8600,1.4000,1787585033748.2278,False,,,2,OP1,C1_ETHERNET_SIN_CARGA,medio
,0.5100,0.5320,0.5860,0.0590,,1787585033777.9795,25.5100,-0.8000,21.9200,1.4000,1787585033777.9795,False,,,2,OP1,C1_ETHERNET_SIN_CARGA,medio
,0.5100,0.5320,0.5840,0.0440,,1787585033798.1641,25.4400,-0.8000,21.9200,1.4000,1787585033798.1641,False,,,2,OP1,C1_ETHERNET_SIN_CARGA,medio
,0.5110,0.5320,0.5820,0.0310,,1787585033833.7712,25.3700,-0.8800,21.9200,1.4000,1787585033835.7827,False,,,2,OP1,C1_ETHERNET_SIN_CARGA,medio
,0.5110,0.5310,0.5790,0.0170,,1787585033858.6648,25.2650,-0.8800,21.8600,1.4000,1787585033858.6648,False,,,2,OP1,C1_ETHERNET_SIN_CARGA,medio
,0.5110,0.5310,0.5770,0.0070,,1787585033881.9282,25.1950,-0.8800,21.8600,1.4000,1787585033881.9282,False,,,2,OP1,C1_ETHERNET_SIN_CARGA,medio
,0.5110,0.5310,0.5760,0.0000,,1787585033912.9495,25.1600,-0.8800,21.8600,1.4000,1787585033912.9495,False,,,2,OP1,C1_ETHERNET_SIN_CARGA,medio
,0.5110,0.5300,0.5750,0.0000,,1787585033937.2268,25.1250,-0.8800,21.8000,1.4000,1787585033937.2268,False,,,2,OP1,C1_ETHERNET_SIN_CARGA,medio
,0.5110,0.5300,0.5750,0.0000,,1787585033971.0027,25.1250,-0.8800,21.8000,1.4000,1787585033973.3708,False,,,2,OP1,C1_ETHERNET_SIN_CARGA,medio
,0.5110,0.5300,0.5750,0.0000,,1787585034000.6499,25.1250,-0.8800,21.8000,1.4000,1787585034002.6604,False,,,2,OP1,C1_ETHERNET_SIN_CARGA,medio
,0.5110,0.5300,0.5750,0.0000,,1787585034028.5442,25.1250,-0.8800,21.8000,1.4000,1787585034028.5442,False,,,2,OP1,C1_ETHERNET_SIN_CARGA,medio
,0.5110,0.5290,0.5740,0.0000,,1787585034049.4832,25.0900,-0.8800,21.7400,1.4000,1787585034058.4038,False,,,2,OP1,C1_ETHERNET_SIN_CARGA,medio
,0.5110,0.5290,0.5740,0.0000,,1787585034081.8645,25.0900,-0.8800,21.7400,1.4000,1787585034081.8645,False,,,2,OP1,C1_ETHERNET_SIN_CARGA,medio
,0.5120,0.5300,0.5730,0.0000,,1787585034112.2922,25.0550,-0.9600,21.8000,1.4000,1787585034112.2922,False,,,2,OP1,C1_ETHERNET_SIN_CARGA,medio
,0.5110,0.5300,0.5720,0.0000,,1787585034165.0593,25.0200,-0.8800,21.8000,1.4000,1787585034165.0593,False,,,2,OP1,C1_ETHERNET_SIN_CARGA,medio
,0.5120,0.5300,0.5710,0.0000,,1787585034223.1101,24.9850,-0.9600,21.8000,1.4000,1787585034223.1101,False,,,2,OP1,C1_ETHERNET_SIN_CARGA,medio
,0.5120,0.5300,0.5710,0.0000,,1787585034251.9109,24.9850,-0.9600,21.8000,1.4000,1787585034251.9109,False,,,2,OP1,C1_ETHERNET_SIN_CARGA,medio
,0.5120,0.5300,0.5700,0.0000,,1787585034279.9590,24.9500,-0.9600,21.8000,1.4000,1787585034280.7646,False,,,2,OP1,C1_ETHERNET_SIN_CARGA,medio
,0.5120,0.5300,0.5700,0.0000,,1787585034298.0657,24.9500,-0.9600,21.8000,1.4000,1787585034308.5581,False,,,2,OP1,C1_ETHERNET_SIN_CARGA,medio
,0.5110,0.5300,0.5700,0.0000,,1787585034353.6902,24.9500,-0.8800,21.8000,1.4000,1787585034353.6902,False,,,2,OP1,C1_ETHERNET_SIN_CARGA,medio
,0.5110,0.5300,0.5700,0.0000,,1787585034382.5439,24.9500,-0.8800,21.8000,1.4000,1787585034382.5439,False,,,2,OP1,C1_ETHERNET_SIN_CARGA,medio
,0.5120,0.5300,0.5710,0.0000,,1787585034415.5273,24.9850,-0.9600,21.8000,1.4000,1787585034420.3042,False,,,2,OP1,C1_ETHERNET_SIN_CARGA,medio
,0.5120,0.5300,0.5710,0.0000,,1787585034438.2502,24.9850,-0.9600,21.8000,1.4000,1787585034438.2502,False,,,2,OP1,C1_ETHERNET_SIN_CARGA,medio
,0.5120,0.5310,0.5710,0.0000,,1787585034472.1985,24.9850,-0.9600,21.8600,1.4000,1787585034472.1985,False,,,2,OP1,C1_ETHERNET_SIN_CARGA,medio
,0.5120,0.5310,0.5710,0.0000,,1787585034500.9224,24.9850,-0.9600,21.8600,1.4000,1787585034500.9224,False,,,2,OP1,C1_ETHERNET_SIN_CARGA,medio
,0.5120,0.5300,0.5710,0.0000,,1787585034550.5500,24.9850,-0.9600,21.8000,1.4000,1787585034559.0059,False,,,2,OP1,C1_ETHERNET_SIN_CARGA,medio
,0.5120,0.5300,0.5710,0.0000,,1787585034584.3643,24.9850,-0.9600,21.8000,1.4000,1787585034584.3643,False,,,2,OP1,C1_ETHERNET_SIN_CARGA,medio
,0.5120,0.5300,0.5700,0.0000,,1787585034609.7913,24.9500,-0.9600,21.8000,1.4000,1787585034609.7913,False,,,2,OP1,C1_ETHERNET_SIN_CARGA,medio
,0.5120,0.5300,0.5700,0.0000,,1787585034641.5483,24.9500,-0.9600,21.8000,1.4000,1787585034641.5483,False,,,2,OP1,C1_ETHERNET_SIN_CARGA,medio
,0.5120,0.5300,0.5710,0.0000,,1787585034668.2988,24.9850,-0.9600,21.8000,1.4000,1787585034669.2974,False,,,2,OP1,C1_ETHERNET_SIN_CARGA,medio
,0.5110,0.5300,0.5710,0.0000,,1787585034723.3757,24.9850,-0.8800,21.8000,1.4000,1787585034723.3757,False,,,2,OP1,C1_ETHERNET_SIN_CARGA,medio
,0.5110,0.5300,0.5710,0.0000,,1787585034751.4531,24.9850,-0.8800,21.8000,1.4000,1787585034751.4531,False,,,2,OP1,C1_ETHERNET_SIN_CARGA,medio
,0.5110,0.5300,0.5710,0.0000,,1787585034780.2908,24.9850,-0.8800,21.8000,1.4000,1787585034780.2908,False,,,2,OP1,C1_ETHERNET_SIN_CARGA,medio
,0.5110,0.5300,0.5710,0.0000,,1787585034835.7141,24.9850,-0.8800,21.8000,1.4000,1787585034836.6951,False,,,2,OP1,C1_ETHERNET_SIN_CARGA,medio
,0.5100,0.5310,0.5720,0.0000,,1787585034863.3728,25.0200,-0.8000,21.8600,1.4000,1787585034863.3728,False,,,2,OP1,C1_ETHERNET_SIN_CARGA,medio
,0.5100,0.5310,0.5720,0.0000,,1787585034887.6133,25.0200,-0.8000,21.8600,1.4000,1787585034887.6133,False,,,2,OP1,C1_ETHERNET_SIN_CARGA,medio
,0.5100,0.5310,0.5720,0.0000,,1787585034915.8804,25.0200,-0.8000,21.8600,1.4000,1787585034915.8804,False,,,2,OP1,C1_ETHERNET_SIN_CARGA,medio
,0.5100,0.5310,0.5720,0.0000,,1787585034947.9377,25.0200,-0.8000,21.8600,1.4000,1787585034947.9377,False,,,2,OP1,C1_ETHERNET_SIN_CARGA,medio
,0.5100,0.5310,0.5730,0.0000,,1787585034974.7632,25.0550,-0.8000,21.8600,1.4000,1787585034976.7761,False,,,2,OP1,C1_ETHERNET_SIN_CARGA,medio
,0.5100,0.5310,0.5730,0.0000,,1787585034999.9749,25.0550,-0.8000,21.8600,1.4000,1787585035006.1887,False,,,2,OP1,C1_ETHERNET_SIN_CARGA,medio
,0.5100,0.5310,0.5730,0.0000,,1787585035026.0776,25.0550,-0.8000,21.8600,1.4000,1787585035026.0776,False,,,2,OP1,C1_ETHERNET_SIN_CARGA,medio
,0.5100,0.5310,0.5730,0.0000,,1787585035058.2095,25.0550,-0.8000,21.8600,1.4000,1787585035058.2095,False,,,2,OP1,C1_ETHERNET_SIN_CARGA,medio
,0.5100,0.5310,0.5720,0.0000,,1787585035081.2693,25.0200,-0.8000,21.8600,1.4000,1787585035081.2693,False,,,2,OP1,C1_ETHERNET_SIN_CARGA,medio
,0.5100,0.5310,0.5720,0.0000,,1787585035113.5862,25.0200,-0.8000,21.8600,1.4000,1787585035115.5952,False,,,2,OP1,C1_ETHERNET_SIN_CARGA,medio
,0.5110,0.5310,0.5710,0.0000,,1787585035143.3721,24.9850,-0.8800,21.8600,1.4000,1787585035143.3721,False,,,2,OP1,C1_ETHERNET_SIN_CARGA,medio
,0.5110,0.5310,0.5710,0.0000,,1787585035171.0581,24.9850,-0.8800,21.8600,1.4000,1787585035173.0742,False,,,2,OP1,C1_ETHERNET_SIN_CARGA,medio
,0.5110,0.5310,0.5710,0.0000,,1787585035198.0193,24.9850,-0.8800,21.8600,1.4000,1787585035198.0193,False,,,2,OP1,C1_ETHERNET_SIN_CARGA,medio
,0.5110,0.5310,0.5710,0.0000,,1787585035222.3687,24.9850,-0.8800,21.8600,1.4000,1787585035222.3687,False,,,2,OP1,C1_ETHERNET_SIN_CARGA,medio
,0.5110,0.5310,0.5700,0.0000,,1787585035249.9473,24.9500,-0.8800,21.8600,1.4000,1787585035249.9473,False,,,2,OP1,C1_ETHERNET_SIN_CARGA,medio
,0.5110,0.5320,0.5700,0.0000,,1787585035279.1826,24.9500,-0.8800,21.9200,1.4000,1787585035279.1826,False,,,2,OP1,C1_ETHERNET_SIN_CARGA,medio
,0.5120,0.5320,0.5700,0.0000,,1787585035310.8157,24.9500,-0.9600,21.9200,1.4000,1787585035310.8157,False,,,2,OP1,C1_ETHERNET_SIN_CARGA,medio
,0.5100,0.5310,0.5650,0.5710,,1787585035357.8647,24.7750,-0.8000,21.8600,1.4000,1787585035357.8647,False,,,2,OP1,C1_ETHERNET_SIN_CARGA,medio
,0.5090,0.5310,0.5620,0.7360,,1787585035392.1890,24.6700,-0.7200,21.8600,1.4000,1787585035392.1890,False,,,2,OP1,C1_ETHERNET_SIN_CARGA,medio
,0.5100,0.5310,0.5600,0.8360,,1787585035417.3342,24.6000,-0.8000,21.8600,1.4000,1787585035417.3342,False,,,2,OP1,C1_ETHERNET_SIN_CARGA,medio
,0.5110,0.5320,0.5590,0.8640,,1787585035448.2400,24.5650,-0.8800,21.9200,1.4000,1787585035448.2400,False,,,2,OP1,C1_ETHERNET_SIN_CARGA,medio
,0.5110,0.5320,0.5580,0.8720,,1787585035474.2131,24.5300,-0.8800,21.9200,1.4000,1787585035474.2131,False,,,2,OP1,C1_ETHERNET_SIN_CARGA,medio
,0.5120,0.5330,0.5570,0.8240,,1787585035498.1230,24.4950,-0.9600,21.9800,1.4000,1787585035498.1230,False,,,2,OP1,C1_ETHERNET_SIN_CARGA,medio
,0.5130,0.5340,0.5570,0.8100,,1787585035525.7437,24.4950,-1.0400,22.0400,1.4000,1787585035525.7437,False,,,2,OP1,C1_ETHERNET_SIN_CARGA,medio
,0.5130,0.5340,0.5560,0.7890,,1787585035558.2637,24.4600,-1.0400,22.0400,1.4000,1787585035558.2637,False,,,2,OP1,C1_ETHERNET_SIN_CARGA,medio
,0.5150,0.5340,0.5560,0.7700,,1787585035614.5525,24.4600,-1.2000,22.0400,1.4000,1787585035616.5588,False,,,2,OP1,C1_ETHERNET_SIN_CARGA,medio
,0.5150,0.5340,0.5550,0.7620,,1787585035643.1616,24.4250,-1.2000,22.0400,1.4000,1787585035643.1616,False,,,2,OP1,C1_ETHERNET_SIN_CARGA,medio
,0.5150,0.5340,0.5540,0.7530,,1787585035668.8950,24.3900,-1.2000,22.0400,1.4000,1787585035668.8950,False,,,2,OP1,C1_ETHERNET_SIN_CARGA,medio
,0.5150,0.5340,0.5550,0.7420,,1787585035698.3579,24.4250,-1.2000,22.0400,1.4000,1787585035698.3579,False,,,2,OP1,C1_ETHERNET_SIN_CARGA,medio
,0.5150,0.5330,0.5550,0.7320,,1787585035726.6045,24.4250,-1.2000,21.9800,1.4000,1787585035726.6045,False,,,2,OP1,C1_ETHERNET_SIN_CARGA,medio
,0.5150,0.5330,0.5560,0.7240,,1787585035750.1384,24.4600,-1.2000,21.9800,1.4000,1787585035750.1384,False,,,2,OP1,C1_ETHERNET_SIN_CARGA,medio
,0.5150,0.5330,0.5560,0.7230,,1787585035781.8433,24.4600,-1.2000,21.9800,1.4000,1787585035781.8433,False,,,2,OP1,C1_ETHERNET_SIN_CARGA,medio
,0.5150,0.5330,0.5570,0.7240,,1787585035810.9653,24.4950,-1.2000,21.9800,1.4000,1787585035811.8501,False,,,2,OP1,C1_ETHERNET_SIN_CARGA,medio
,0.5150,0.5330,0.5570,0.7300,,1787585035861.7170,24.4950,-1.2000,21.9800,1.4000,1787585035861.7170,False,,,2,OP1,C1_ETHERNET_SIN_CARGA,medio
,0.5150,0.5330,0.5570,0.7320,,1787585035892.6511,24.4950,-1.2000,21.9800,1.4000,1787585035892.6511,False,,,2,OP1,C1_ETHERNET_SIN_CARGA,medio
,0.5150,0.5340,0.5560,0.7320,,1787585035921.3723,24.4600,-1.2000,22.0400,1.4000,1787585035921.3723,False,,,2,OP1,C1_ETHERNET_SIN_CARGA,medio
,0.5140,0.5350,0.5540,0.7320,,1787585035948.3325,24.3900,-1.1200,22.1000,1.4000,1787585035950.3425,False,,,2,OP1,C1_ETHERNET_SIN_CARGA,medio
,0.5140,0.5350,0.5540,0.7320,,1787585035976.6489,24.3900,-1.1200,22.1000,1.4000,1787585035977.6565,False,,,2,OP1,C1_ETHERNET_SIN_CARGA,medio
,0.5140,0.5350,0.5550,0.7310,,1787585035997.9858,24.4250,-1.1200,22.1000,1.4000,1787585035997.9858,False,,,2,OP1,C1_ETHERNET_SIN_CARGA,medio
,0.5140,0.5350,0.5550,0.7310,,1787585036028.7551,24.4250,-1.1200,22.1000,1.4000,1787585036028.7551,False,,,2,OP1,C1_ETHERNET_SIN_CARGA,medio
,0.5130,0.5350,0.5550,0.7330,,1787585036061.6560,24.4250,-1.0400,22.1000,1.4000,1787585036062.0742,False,,,2,OP1,C1_ETHERNET_SIN_CARGA,medio
,0.5130,0.5350,0.5560,0.7350,,1787585036088.8521,24.4600,-1.0400,22.1000,1.4000,1787585036088.8521,False,,,2,OP1,C1_ETHERNET_SIN_CARGA,medio
,0.5130,0.5350,0.5560,0.7380,,1787585036116.7563,24.4600,-1.0400,22.1000,1.4000,1787585036116.7563,False,,,2,OP1,C1_ETHERNET_SIN_CARGA,medio
,0.5120,0.5340,0.5570,0.7550,,1787585036165.9304,24.4950,-0.9600,22.0400,1.4000,1787585036165.9304,False,,,2,OP1,C1_ETHERNET_SIN_CARGA,medio
,0.5120,0.5340,0.5570,0.7670,,1787585036198.4182,24.4950,-0.9600,22.0400,1.4000,1787585036198.4182,False,,,2,OP1,C1_ETHERNET_SIN_CARGA,medio
,0.5120,0.5340,0.5570,0.7750,,1787585036226.1499,24.4950,-0.9600,22.0400,1.4000,1787585036226.1499,False,,,2,OP1,C1_ETHERNET_SIN_CARGA,medio
,0.5120,0.5340,0.5570,0.7810,,1787585036255.2112,24.4950,-0.9600,22.0400,1.4000,1787585036255.2112,False,,,2,OP1,C1_ETHERNET_SIN_CARGA,medio
,0.5120,0.5330,0.5560,0.7860,,1787585036284.2483,24.4600,-0.9600,21.9800,1.4000,1787585036284.2483,False,,,2,OP1,C1_ETHERNET_SIN_CARGA,medio
,0.5130,0.5330,0.5560,0.7880,,1787585036308.7419,24.4600,-1.0400,21.9800,1.4000,1787585036308.7419,False,,,2,OP1,C1_ETHERNET_SIN_CARGA,medio
,0.5130,0.5330,0.5550,0.7910,,1787585036332.7712,24.4250,-1.0400,21.9800,1.4000,1787585036332.7712,False,,,2,OP1,C1_ETHERNET_SIN_CARGA,medio
,0.5130,0.5330,0.5540,0.7920,,1787585036365.2664,24.3900,-1.0400,21.9800,1.4000,1787585036365.2664,False,,,2,OP1,C1_ETHERNET_SIN_CARGA,medio
,0.5130,0.5330,0.5530,0.7930,,1787585036391.9702,24.3550,-1.0400,21.9800,1.4000,1787585036391.9702,False,,,2,OP1,C1_ETHERNET_SIN_CARGA,medio
,0.5130,0.5330,0.5520,0.7950,,1787585036423.1333,24.3200,-1.0400,21.9800,1.4000,1787585036423.1333,False,,,2,OP1,C1_ETHERNET_SIN_CARGA,medio
,0.5130,0.5330,0.5510,0.7960,,1787585036450.7097,24.2850,-1.0400,21.9800,1.4000,1787585036450.7097,False,,,2,OP1,C1_ETHERNET_SIN_CARGA,medio
,0.5120,0.5340,0.5500,0.8000,,1787585036506.1414,24.2500,-0.9600,22.0400,1.4000,1787585036506.1414,False,,,2,OP1,C1_ETHERNET_SIN_CARGA,medio
,0.5120,0.5340,0.5500,0.8020,,1787585036531.4658,24.2500,-0.9600,22.0400,1.4000,1787585036531.4658,False,,,2,OP1,C1_ETHERNET_SIN_CARGA,medio
,0.5120,0.5330,0.5500,0.8020,,1787585036556.6743,24.2500,-0.9600,21.9800,1.4000,1787585036556.6743,False,,,2,OP1,C1_ETHERNET_SIN_CARGA,medio
,0.5120,0.5330,0.5510,0.8030,,1787585036583.6799,24.2850,-0.9600,21.9800,1.4000,1787585036591.8840,False,,,2,OP1,C1_ETHERNET_SIN_CARGA,medio
,0.5110,0.5330,0.5510,0.8040,,1787585036617.4514,24.2850,-0.8800,21.9800,1.4000,1787585036617.4514,False,,,2,OP1,C1_ETHERNET_SIN_CARGA,medio
,0.5110,0.5320,0.5520,0.8100,,1787585036666.5627,24.3200,-0.8800,21.9200,1.4000,1787585036666.5627,False,,,2,OP1,C1_ETHERNET_SIN_CARGA,medio
,0.5110,0.5320,0.5520,0.8120,,1787585036699.9387,24.3200,-0.8800,21.9200,1.4000,1787585036699.9387,False,,,2,OP1,C1_ETHERNET_SIN_CARGA,medio
,0.5110,0.5320,0.5520,0.8140,,1787585036724.8152,24.3200,-0.8800,21.9200,1.4000,1787585036724.8152,False,,,2,OP1,C1_ETHERNET_SIN_CARGA,medio
,0.5100,0.5320,0.5520,0.8150,,1787585036751.4241,24.3200,-0.8000,21.9200,1.4000,1787585036751.4241,False,,,2,OP1,C1_ETHERNET_SIN_CARGA,medio
,0.5100,0.5330,0.5520,0.8180,,1787585036784.6389,24.3200,-0.8000,21.9800,1.4000,1787585036784.6389,False,,,2,OP1,C1_ETHERNET_SIN_CARGA,medio
,0.5100,0.5340,0.5510,0.8190,,1787585036812.5134,24.2850,-0.8000,22.0400,1.4000,1787585036812.5134,False,,,2,OP1,C1_ETHERNET_SIN_CARGA,medio
,0.5100,0.5350,0.5500,0.8200,,1787585036837.5818,24.2500,-0.8000,22.1000,1.4000,1787585036837.5818,False,,,2,OP1,C1_ETHERNET_SIN_CARGA,medio
,0.5100,0.5350,0.5500,0.8160,,1787585036864.0408,24.2500,-0.8000,22.1000,1.4000,1787585036864.0408,False,,,2,OP1,C1_ETHERNET_SIN_CARGA,medio
,0.5100,0.5360,0.5490,0.8140,,1787585036895.2163,24.2150,-0.8000,22.1600,1.4000,1787585036897.2263,False,,,2,OP1,C1_ETHERNET_SIN_CARGA,medio
,0.5100,0.5360,0.5480,0.8120,,1787585036923.2126,24.1800,-0.8000,22.1600,1.4000,1787585036925.2205,False,,,2,OP1,C1_ETHERNET_SIN_CARGA,medio
,0.5110,0.5360,0.5470,0.8110,,1787585036948.3064,24.1450,-0.8800,22.1600,1.4000,1787585036954.6340,False,,,2,OP1,C1_ETHERNET_SIN_CARGA,medio
,0.5100,0.5360,0.5460,0.8110,,1787585036971.6379,24.1100,-0.8000,22.1600,1.4000,1787585036971.6379,False,,,2,OP1,C1_ETHERNET_SIN_CARGA,medio
,0.5100,0.5360,0.5450,0.8120,,1787585037004.4565,24.0750,-0.8000,22.1600,1.4000,1787585037004.4565,False,,,2,OP1,C1_ETHERNET_SIN_CARGA,medio
,0.5090,0.5360,0.5440,0.8150,,1787585037031.8433,24.0400,-0.7200,22.1600,1.4000,1787585037031.8433,False,,,2,OP1,C1_ETHERNET_SIN_CARGA,medio
,0.5090,0.5360,0.5440,0.8180,,1787585037063.8628,24.0400,-0.7200,22.1600,1.4000,1787585037063.8628,False,,,2,OP1,C1_ETHERNET_SIN_CARGA,medio
,0.5080,0.5350,0.5430,0.8220,,1787585037092.0635,24.0050,-0.6400,22.1000,1.4000,1787585037092.0635,False,,,2,OP1,C1_ETHERNET_SIN_CARGA,medio
,0.5070,0.5340,0.5430,0.8270,,1787585037116.7549,24.0050,-0.5600,22.0400,1.4000,1787585037119.6797,False,,,2,OP1,C1_ETHERNET_SIN_CARGA,medio
,0.5060,0.5330,0.5440,0.8310,,1787585037171.6282,24.0400,-0.4800,21.9800,1.4000,1787585037171.6282,False,,,2,OP1,C1_ETHERNET_SIN_CARGA,medio
,0.5050,0.5330,0.5450,0.8310,,1787585037198.5781,24.0750,-0.4000,21.9800,1.4000,1787585037198.5781,False,,,2,OP1,C1_ETHERNET_SIN_CARGA,medio
,0.5050,0.5330,0.5460,0.8280,,1787585037229.7136,24.1100,-0.4000,21.9800,1.4000,1787585037229.7136,False,,,2,OP1,C1_ETHERNET_SIN_CARGA,medio
,0.5050,0.5330,0.5460,0.8270,,1787585037255.8313,24.1100,-0.4000,21.9800,1.4000,1787585037260.4888,False,,,2,OP1,C1_ETHERNET_SIN_CARGA,medio
,0.5050,0.5330,0.5470,0.8240,,1787585037306.7224,24.1450,-0.4000,21.9800,1.4000,1787585037306.7224,False,,,2,OP1,C1_ETHERNET_SIN_CARGA,medio
,0.5050,0.5330,0.5480,0.8240,,1787585037338.8394,24.1800,-0.4000,21.9800,1.4000,1787585037338.8394,False,,,2,OP1,C1_ETHERNET_SIN_CARGA,medio
,0.5050,0.5330,0.5470,0.8240,,1787585037364.4397,24.1450,-0.4000,21.9800,1.4000,1787585037364.4397,False,,,2,OP1,C1_ETHERNET_SIN_CARGA,medio
,0.5060,0.5330,0.5470,0.8230,,1787585037397.0908,24.1450,-0.4800,21.9800,1.4000,1787585037398.1973,False,,,2,OP1,C1_ETHERNET_SIN_CARGA,medio
,0.5070,0.5340,0.5470,0.8220,,1787585037425.8345,24.1450,-0.5600,22.0400,1.4000,1787585037425.8345,False,,,2,OP1,C1_ETHERNET_SIN_CARGA,medio
,0.5070,0.5330,0.5470,0.8220,,1787585037448.2634,24.1450,-0.5600,21.9800,1.4000,1787585037448.2634,False,,,2,OP1,C1_ETHERNET_SIN_CARGA,medio
,0.5080,0.5330,0.5470,0.8230,,1787585037473.5186,24.1450,-0.6400,21.9800,1.4000,1787585037473.5186,False,,,2,OP1,C1_ETHERNET_SIN_CARGA,medio
,0.5080,0.5330,0.5470,0.8250,,1787585037506.8110,24.1450,-0.6400,21.9800,1.4000,1787585037506.8110,False,,,2,OP1,C1_ETHERNET_SIN_CARGA,medio
,0.5080,0.5330,0.5470,0.8260,,1787585037528.2444,24.1450,-0.6400,21.9800,1.4000,1787585037528.2444,False,,,2,OP1,C1_ETHERNET_SIN_CARGA,medio
,0.5080,0.5320,0.5460,0.8250,,1787585037565.2065,24.1100,-0.6400,21.9200,1.4000,1787585037565.2065,False,,,2,OP1,C1_ETHERNET_SIN_CARGA,medio
,0.5080,0.5320,0.5460,0.8220,,1787585037592.3677,24.1100,-0.6400,21.9200,1.4000,1787585037593.3916,False,,,2,OP1,C1_ETHERNET_SIN_CARGA,medio
,0.5090,0.5320,0.5470,0.8180,,1787585037620.0012,24.1450,-0.7200,21.9200,1.4000,1787585037620.0012,False,,,2,OP1,C1_ETHERNET_SIN_CARGA,medio
,0.5090,0.5320,0.5480,0.8150,,1787585037648.1758,24.1800,-0.7200,21.9200,1.4000,1787585037648.1758,False,,,2,OP1,C1_ETHERNET_SIN_CARGA,medio
,0.5090,0.5320,0.5490,0.8120,,1787585037676.0413,24.2150,-0.7200,21.9200,1.4000,1787585037676.0413,False,,,2,OP1,C1_ETHERNET_SIN_CARGA,medio
,0.5090,0.5330,0.5490,0.8080,,1787585037697.8911,24.2150,-0.7200,21.9800,1.4000,1787585037697.8911,False,,,2,OP1,C1_ETHERNET_SIN_CARGA,medio
,0.5090,0.5330,0.5490,0.8060,,1787585037730.1423,24.2150,-0.7200,21.9800,1.4000,1787585037732.1501,False,,,2,OP1,C1_ETHERNET_SIN_CARGA,medio
,0.5100,0.5340,0.5490,0.8030,,1787585037759.9609,24.2150,-0.8000,22.0400,1.4000,1787585037759.9609,False,,,2,OP1,C1_ETHERNET_SIN_CARGA,medio
,0.5100,0.5360,0.5480,0.8000,,1787585037810.5757,24.1800,-0.8000,22.1600,1.4000,1787585037810.5757,False,,,2,OP1,C1_ETHERNET_SIN_CARGA,medio
,0.5100,0.5370,0.5460,0.8010,,1787585037843.5342,24.1100,-0.8000,22.2200,1.4000,1787585037843.5342,False,,,2,OP1,C1_ETHERNET_SIN_CARGA,medio
,0.5110,0.5380,0.5450,0.8040,,1787585037869.8542,24.0750,-0.8800,22.2800,1.4000,1787585037869.8542,False,,,2,OP1,C1_ETHERNET_SIN_CARGA,medio
,0.5120,0.5380,0.5440,0.8100,,1787585037897.9387,24.0400,-0.9600,22.2800,1.4000,1787585037897.9387,False,,,2,OP1,C1_ETHERNET_SIN_CARGA,medio
,0.5120,0.5380,0.5450,0.8180,,1787585037926.7510,24.0750,-0.9600,22.2800,1.4000,1787585037927.7651,False,,,2,OP1,C1_ETHERNET_SIN_CARGA,medio
,0.5120,0.5370,0.5450,0.8280,,1787585037949.9414,24.0750,-0.9600,22.2200,1.4000,1787585037949.9414,False,,,2,OP1,C1_ETHERNET_SIN_CARGA,medio
,0.5120,0.5370,0.5460,0.8360,,1787585037978.7283,24.1100,-0.9600,22.2200,1.4000,1787585037978.7283,False,,,2,OP1,C1_ETHERNET_SIN_CARGA,medio
,0.5120,0.5380,0.5470,0.8450,,1787585038004.2842,24.1450,-0.9600,22.2800,1.4000,1787585038004.2842,False,,,2,OP1,C1_ETHERNET_SIN_CARGA,medio
,0.5110,0.5380,0.5470,0.8550,,1787585038035.9719,24.1450,-0.8800,22.2800,1.4000,1787585038035.9719,False,,,2,OP1,C1_ETHERNET_SIN_CARGA,medio
,0.5110,0.5380,0.5470,0.8610,,1787585038064.7698,24.1450,-0.8800,22.2800,1.4000,1787585038064.7698,False,,,2,OP1,C1_ETHERNET_SIN_CARGA,medio
,0.5110,0.5380,0.5460,0.8660,,1787585038093.7012,24.1100,-0.8800,22.2800,1.4000,1787585038095.7190,False,,,2,OP1,C1_ETHERNET_SIN_CARGA,medio
,0.5100,0.5390,0.5460,0.8690,,1787585038117.9089,24.1100,-0.8000,22.3400,1.4000,1787585038117.9089,False,,,2,OP1,C1_ETHERNET_SIN_CARGA,medio
,0.5100,0.5390,0.5460,0.8710,,1787585038148.6321,24.1100,-0.8000,22.3400,1.4000,1787585038148.6321,False,,,2,OP1,C1_ETHERNET_SIN_CARGA,medio
,0.5100,0.5390,0.5460,0.8720,,1787585038173.1179,24.1100,-0.8000,22.3400,1.4000,1787585038173.1179,False,,,2,OP1,C1_ETHERNET_SIN_CARGA,medio
,0.5100,0.5390,0.5460,0.8720,,1787585038205.5852,24.1100,-0.8000,22.3400,1.4000,1787585038205.5852,False,,,2,OP1,C1_ETHERNET_SIN_CARGA,medio
,0.5100,0.5390,0.5460,0.8710,,1787585038234.1428,24.1100,-0.8000,22.3400,1.4000,1787585038234.1428,False,,,2,OP1,C1_ETHERNET_SIN_CARGA,medio
,0.5100,0.5390,0.5450,0.8710,,1787585038261.5603,24.0750,-0.8000,22.3400,1.4000,1787585038261.5603,False,,,2,OP1,C1_ETHERNET_SIN_CARGA,medio
,0.5100,0.5400,0.5460,0.8690,,1787585038284.9663,24.1100,-0.8000,22.4000,1.4000,1787585038284.9663,False,,,2,OP1,C1_ETHERNET_SIN_CARGA,medio
,0.5100,0.5400,0.5460,0.8670,,1787585038313.9692,24.1100,-0.8000,22.4000,1.4000,1787585038313.9692,False,,,2,OP1,C1_ETHERNET_SIN_CARGA,medio
,0.5100,0.5400,0.5460,0.8620,,1787585038338.8164,24.1100,-0.8000,22.4000,1.4000,1787585038345.5159,False,,,2,OP1,C1_ETHERNET_SIN_CARGA,medio
,0.5100,0.5400,0.5460,0.8590,,1787585038372.1389,24.1100,-0.8000,22.4000,1.4000,1787585038374.1465,False,,,2,OP1,C1_ETHERNET_SIN_CARGA,medio
,0.5100,0.5400,0.5470,0.8580,,1787585038400.6052,24.1450,-0.8000,22.4000,1.4000,1787585038401.5991,False,,,2,OP1,C1_ETHERNET_SIN_CARGA,medio
,0.5100,0.5400,0.5480,0.8640,,1787585038427.9104,24.1800,-0.8000,22.4000,1.4000,1787585038429.9958,False,,,2,OP1,C1_ETHERNET_SIN_CARGA,medio
,0.5100,0.5390,0.5490,0.8660,,1787585038451.0010,24.2150,-0.8000,22.3400,1.4000,1787585038451.0010,False,,,2,OP1,C1_ETHERNET_SIN_CARGA,medio
,0.5100,0.5390,0.5500,0.8680,,1787585038479.2268,24.2500,-0.8000,22.3400,1.4000,1787585038479.2268,False,,,2,OP1,C1_ETHERNET_SIN_CARGA,medio
,0.5100,0.5380,0.5510,0.8700,,1787585038504.0569,24.2850,-0.8000,22.2800,1.4000,1787585038504.0569,False,,,2,OP1,C1_ETHERNET_SIN_CARGA,medio
,0.5090,0.5380,0.5510,0.8720,,1787585038540.2102,24.2850,-0.7200,22.2800,1.4000,1787585038540.2102,False,,,2,OP1,C1_ETHERNET_SIN_CARGA,medio
,0.5090,0.5370,0.5510,0.8740,,1787585038567.0391,24.2850,-0.7200,22.2200,1.4000,1787585038568.0986,False,,,2,OP1,C1_ETHERNET_SIN_CARGA,medio
,0.5090,0.5370,0.5510,0.8770,,1787585038616.9507,24.2850,-0.7200,22.2200,1.4000,1787585038616.9507,False,,,2,OP1,C1_ETHERNET_SIN_CARGA,medio
,0.5100,0.5370,0.5510,0.8770,,1787585038647.9404,24.2850,-0.8000,22.2200,1.4000,1787585038650.8083,False,,,2,OP1,C1_ETHERNET_SIN_CARGA,medio
,0.5100,0.5370,0.5510,0.8770,,1787585038678.5042,24.2850,-0.8000,22.2200,1.4000,1787585038678.5042,False,,,2,OP1,C1_ETHERNET_SIN_CARGA,medio
,0.5110,0.5370,0.5510,0.8750,,1787585038706.5347,24.2850,-0.8800,22.2200,1.4000,1787585038706.5347,False,,,2,OP1,C1_ETHERNET_SIN_CARGA,medio
,0.5120,0.5380,0.5520,0.8730,,1787585038733.6846,24.3200,-0.9600,22.2800,1.4000,1787585038735.6941,False,,,2,OP1,C1_ETHERNET_SIN_CARGA,medio
,0.5130,0.5390,0.5520,0.8700,,1787585038785.9216,24.3200,-1.0400,22.3400,1.4000,1787585038785.9216,False,,,2,OP1,C1_ETHERNET_SIN_CARGA,medio
,0.5130,0.5400,0.5530,0.8680,,1787585038813.4839,24.3550,-1.0400,22.4000,1.4000,1787585038818.7253,False,,,2,OP1,C1_ETHERNET_SIN_CARGA,medio
,0.5130,0.5400,0.5530,0.8670,,1787585038845.1265,24.3550,-1.0400,22.4000,1.4000,1787585038845.1265,False,,,2,OP1,C1_ETHERNET_SIN_CARGA,medio
,0.5130,0.5410,0.5530,0.8650,,1787585038872.9753,24.3550,-1.0400,22.4600,1.4000,1787585038872.9753,False,,,2,OP1,C1_ETHERNET_SIN_CARGA,medio
,0.5130,0.5410,0.5530,0.8620,,1787585038898.3286,24.3550,-1.0400,22.4600,1.4000,1787585038898.3286,False,,,2,OP1,C1_ETHERNET_SIN_CARGA,medio
,0.5130,0.5420,0.5530,0.8590,,1787585038929.4675,24.3550,-1.0400,22.5200,1.4000,1787585038929.4675,False,,,2,OP1,C1_ETHERNET_SIN_CARGA,medio
,0.5120,0.5420,0.5520,0.8540,,1787585038953.1096,24.3200,-0.9600,22.5200,1.4000,1787585038953.1096,False,,,2,OP1,C1_ETHERNET_SIN_CARGA,medio
,0.5120,0.5420,0.5520,0.8490,,1787585038983.7590,24.3200,-0.9600,22.5200,1.4000,1787585038983.7590,False,,,2,OP1,C1_ETHERNET_SIN_CARGA,medio
,0.5120,0.5430,0.5520,0.8450,,1787585039008.9871,24.3200,-0.9600,22.5800,1.4000,1787585039013.2812,False,,,2,OP1,C1_ETHERNET_SIN_CARGA,medio
,0.5110,0.5430,0.5520,0.8410,,1787585039040.5073,24.3200,-0.8800,22.5800,1.4000,1787585039040.5073,False,,,2,OP1,C1_ETHERNET_SIN_CARGA,medio
,0.5110,0.5420,0.5520,0.8380,,1787585039085.2244,24.3200,-0.8800,22.5200,1.4000,1787585039085.2244,False,,,2,OP1,C1_ETHERNET_SIN_CARGA,medio
,0.5100,0.5420,0.5510,0.8360,,1787585039117.7737,24.2850,-0.8000,22.5200,1.4000,1787585039117.7737,False,,,2,OP1,C1_ETHERNET_SIN_CARGA,medio
,0.5100,0.5420,0.5510,0.8350,,1787585039152.8616,24.2850,-0.8000,22.5200,1.4000,1787585039152.8616,False,,,2,OP1,C1_ETHERNET_SIN_CARGA,medio
,0.5100,0.5420,0.5500,0.8330,,1787585039198.6228,24.2500,-0.8000,22.5200,1.4000,1787585039198.6228,False,,,2,OP1,C1_ETHERNET_SIN_CARGA,medio
,0.5100,0.5420,0.5490,0.8320,,1787585039234.5229,24.2150,-0.8000,22.5200,1.4000,1787585039234.5229,False,,,2,OP1,C1_ETHERNET_SIN_CARGA,medio
,0.5100,0.5420,0.5480,0.8300,,1787585039263.8843,24.1800,-0.8000,22.5200,1.4000,1787585039264.9839,False,,,2,OP1,C1_ETHERNET_SIN_CARGA,medio
,0.5100,0.5420,0.5470,0.8290,,1787585039318.1118,24.1450,-0.8000,22.5200,1.4000,1787585039318.1118,False,,,2,OP1,C1_ETHERNET_SIN_CARGA,medio
,0.5100,0.5420,0.5470,0.8300,,1787585039346.0320,24.1450,-0.8000,22.5200,1.4000,1787585039348.0466,False,,,2,OP1,C1_ETHERNET_SIN_CARGA,medio
,0.5100,0.5420,0.5470,0.8310,,1787585039368.0032,24.1450,-0.8000,22.5200,1.4000,1787585039368.0032,False,,,2,OP1,C1_ETHERNET_SIN_CARGA,medio
,0.5100,0.5420,0.5460,0.8310,,1787585039401.9497,24.1100,-0.8000,22.5200,1.4000,1787585039403.7944,False,,,2,OP1,C1_ETHERNET_SIN_CARGA,medio
,0.5100,0.5420,0.5440,0.8300,,1787585039430.9265,24.0400,-0.8000,22.5200,1.4000,1787585039430.9265,False,,,2,OP1,C1_ETHERNET_SIN_CARGA,medio
,0.5090,0.5420,0.5440,0.8280,,1787585039487.1501,24.0400,-0.7200,22.5200,1.4000,1787585039489.1626,False,,,2,OP1,C1_ETHERNET_SIN_CARGA,medio
,0.5090,0.5420,0.5440,0.8270,,1787585039508.8447,24.0400,-0.7200,22.5200,1.4000,1787585039508.8447,False,,,2,OP1,C1_ETHERNET_SIN_CARGA,medio
,0.5090,0.5420,0.5440,0.8260,,1787585039540.9055,24.0400,-0.7200,22.5200,1.4000,1787585039542.9148,False,,,2,OP1,C1_ETHERNET_SIN_CARGA,medio
,0.5090,0.5420,0.5440,0.8250,,1787585039567.7905,24.0400,-0.7200,22.5200,1.4000,1787585039569.9553,False,,,2,OP1,C1_ETHERNET_SIN_CARGA,medio
,0.5100,0.5420,0.5440,0.8230,,1787585039597.8450,24.0400,-0.8000,22.5200,1.4000,1787585039600.2761,False,,,2,OP1,C1_ETHERNET_SIN_CARGA,medio
,0.5100,0.5420,0.5430,0.8210,,1787585039621.0503,24.0050,-0.8000,22.5200,1.4000,1787585039621.0503,False,,,2,OP1,C1_ETHERNET_SIN_CARGA,medio
,0.5100,0.5420,0.5430,0.8210,,1787585039648.5603,24.0050,-0.8000,22.5200,1.4000,1787585039648.5603,False,,,2,OP1,C1_ETHERNET_SIN_CARGA,medio
,0.5110,0.5420,0.5440,0.8210,,1787585039677.9460,24.0400,-0.8800,22.5200,1.4000,1787585039677.9460,False,,,2,OP1,C1_ETHERNET_SIN_CARGA,medio
,0.5120,0.5430,0.5450,0.8250,,1787585039708.8987,24.0750,-0.9600,22.5800,1.4000,1787585039708.8987,False,,,2,OP1,C1_ETHERNET_SIN_CARGA,medio
,0.5120,0.5430,0.5470,0.8280,,1787585039731.2549,24.1450,-0.9600,22.5800,1.4000,1787585039731.2549,False,,,2,OP1,C1_ETHERNET_SIN_CARGA,medio
,0.5130,0.5440,0.5480,0.8340,,1787585039756.4097,24.1800,-1.0400,22.6400,1.4000,1787585039766.7036,False,,,2,OP1,C1_ETHERNET_SIN_CARGA,medio
,0.5130,0.5440,0.5490,0.8420,,1787585039785.9875,24.2150,-1.0400,22.6400,1.4000,1787585039785.9875,False,,,2,OP1,C1_ETHERNET_SIN_CARGA,medio
,0.5130,0.5450,0.5490,0.8460,,1787585039813.6140,24.2150,-1.0400,22.7000,1.4000,1787585039813.6140,False,,,2,OP1,C1_ETHERNET_SIN_CARGA,medio
,0.5130,0.5450,0.5490,0.8500,,1787585039848.3884,24.2150,-1.0400,22.7000,1.4000,1787585039848.3884,False,,,2,OP1,C1_ETHERNET_SIN_CARGA,medio
,0.5130,0.5450,0.5500,0.8550,,1787585039869.3611,24.2500,-1.0400,22.7000,1.4000,1787585039869.3611,False,,,2,OP1,C1_ETHERNET_SIN_CARGA,medio
,0.5130,0.5450,0.5500,0.8600,,1787585039898.4800,24.2500,-1.0400,22.7000,1.4000,1787585039898.4800,False,,,2,OP1,C1_ETHERNET_SIN_CARGA,medio
,0.5130,0.5440,0.5510,0.8680,,1787585039931.7976,24.2850,-1.0400,22.6400,1.4000,1787585039931.7976,False,,,2,OP1,C1_ETHERNET_SIN_CARGA,medio
,0.5130,0.5440,0.5520,0.8760,,1787585039953.4509,24.3200,-1.0400,22.6400,1.4000,1787585039953.4509,False,,,2,OP1,C1_ETHERNET_SIN_CARGA,medio
,0.5130,0.5420,0.5530,0.8770,,1787585039986.7126,24.3550,-1.0400,22.5200,1.4000,1787585039988.7244,False,,,2,OP1,C1_ETHERNET_SIN_CARGA,medio
,0.5130,0.5410,0.5530,0.8770,,1787585040011.0327,24.3550,-1.0400,22.4600,1.4000,1787585040011.0327,False,,,2,OP1,C1_ETHERNET_SIN_CARGA,medio
,0.5120,0.5380,0.5540,0.8770,,1787585040033.8127,24.3900,-0.9600,22.2800,1.4000,1787585040033.8127,False,,,2,OP1,C1_ETHERNET_SIN_CARGA,medio
,0.5110,0.5350,0.5560,0.8770,,1787585040063.2463,24.4600,-0.8800,22.1000,1.4000,1787585040063.2463,False,,,2,OP1,C1_ETHERNET_SIN_CARGA,medio
,0.5090,0.5310,0.5560,0.8800,,1787585040093.9192,24.4600,-0.7200,21.8600,1.4000,1787585040093.9192,False,,,2,OP1,C1_ETHERNET_SIN_CARGA,medio
,0.5080,0.5260,0.5570,0.8840,,1787585040120.3276,24.4950,-0.6400,21.5600,1.4000,1787585040120.3276,False,,,2,OP1,C1_ETHERNET_SIN_CARGA,medio
,0.5080,0.5220,0.5580,0.8900,,1787585040148.2302,24.5300,-0.6400,21.3200,1.4000,1787585040148.2302,False,,,2,OP1,C1_ETHERNET_SIN_CARGA,medio
,0.5080,0.5140,0.5640,0.9030,,1787585040182.0496,24.7400,-0.6400,20.8400,1.4000,1787585040182.0496,False,,,2,OP1,C1_ETHERNET_SIN_CARGA,medio
,0.5090,0.4990,0.5720,0.9560,,1787585040232.7805,25.0200,-0.7200,19.9400,1.4000,1787585040232.7805,False,,,2,OP1,C1_ETHERNET_SIN_CARGA,medio
,0.5100,0.4830,0.5670,1.0000,,1787585040263.1389,24.8450,-0.8000,18.9800,1.4000,1787585040263.1389,False,,,2,OP1,C1_ETHERNET_SIN_CARGA,medio
,0.5120,0.4590,0.5590,1.0000,,1787585040285.1201,24.5650,-0.9600,17.5400,1.4000,1787585040285.1201,False,,,2,OP1,C1_ETHERNET_SIN_CARGA,medio
,0.5160,0.4180,0.5490,1.0000,,1787585040320.6636,24.2150,-1.2800,15.0800,1.4000,1787585040320.6636,False,,,2,OP1,C1_ETHERNET_SIN_CARGA,medio
,0.5180,0.3780,0.5410,1.0000,,1787585040350.1433,23.9350,-1.4400,12.6800,1.4000,1787585040350.1433,False,,,2,OP1,C1_ETHERNET_SIN_CARGA,medio
,0.5110,0.2870,0.5300,1.0000,,1787585040397.7046,23.5500,-0.8800,7.2200,1.4000,1787585040397.7046,False,,,2,OP1,C1_ETHERNET_SIN_CARGA,medio
,0.5050,0.2550,0.5240,1.0000,,1787585040433.2568,23.3400,-0.4000,5.3000,1.4000,1787585040433.2568,False,,,2,OP1,C1_ETHERNET_SIN_CARGA,medio
,0.4790,0.2150,0.5230,1.0000,,1787585040459.7495,23.3050,1.6800,2.9000,1.4000,1787585040459.7495,False,,,2,OP1,C1_ETHERNET_SIN_CARGA,medio
,0.4550,0.1830,0.5060,1.0000,,1787585040486.1008,22.7100,3.6000,0.9800,1.4000,1787585040486.1008,False,,,2,OP1,C1_ETHERNET_SIN_CARGA,medio
,0.4320,0.1540,0.4830,1.0000,,1787585040517.1807,21.9050,5.4400,-0.7600,1.4000,1787585040517.5869,False,,,2,OP1,C1_ETHERNET_SIN_CARGA,medio
,0.3840,0.1230,0.4600,1.0000,,1787585040565.5540,21.1000,9.2800,-2.6200,1.4000,1787585040565.5540,False,,,2,OP1,C1_ETHERNET_SIN_CARGA,medio
,0.3730,0.1110,0.4600,1.0000,,1787585040598.2966,21.1000,10.1600,-3.3400,1.4000,1787585040598.2966,False,,,2,OP1,C1_ETHERNET_SIN_CARGA,medio
,0.3820,0.1050,0.4730,1.0000,,1787585040624.8381,21.5550,9.4400,-3.7000,1.4000,1787585040624.8381,False,,,2,OP1,C1_ETHERNET_SIN_CARGA,medio
,0.3850,0.1100,0.4810,1.0000,,1787585040654.0352,21.8350,9.2000,-3.4000,1.4000,1787585040656.0449,False,,,2,OP1,C1_ETHERNET_SIN_CARGA,medio
,0.3870,0.1240,0.4900,1.0000,,1787585040683.0688,22.1500,9.0400,-2.5600,1.4000,1787585040685.0840,False,,,2,OP1,C1_ETHERNET_SIN_CARGA,medio
,0.3900,0.1340,0.4970,1.0000,,1787585040708.8240,22.3950,8.8000,-1.9600,1.4000,1787585040708.8240,False,,,2,OP1,C1_ETHERNET_SIN_CARGA,medio
,0.3970,0.1460,0.5010,1.0000,,1787585040734.1775,22.5350,8.2400,-1.2400,1.4000,1787585040734.1775,False,,,2,OP1,C1_ETHERNET_SIN_CARGA,medio
,0.4050,0.1570,0.5040,1.0000,,1787585040767.5642,22.6400,7.6000,-0.5800,1.4000,1787585040767.5642,False,,,2,OP1,C1_ETHERNET_SIN_CARGA,medio
,0.4120,0.1660,0.5070,1.0000,,1787585040794.0552,22.7450,7.0400,-0.0400,1.4000,1787585040794.0552,False,,,2,OP1,C1_ETHERNET_SIN_CARGA,medio
,0.4200,0.1760,0.5120,1.0000,,1787585040821.2207,22.9200,6.4000,0.5600,1.4000,1787585040821.2207,False,,,2,OP1,C1_ETHERNET_SIN_CARGA,medio
,0.4260,0.1860,0.5120,1.0000,,1787585040850.6243,22.9200,5.9200,1.1600,1.4000,1787585040851.7429,False,,,2,OP1,C1_ETHERNET_SIN_CARGA,medio
,0.4330,0.2030,0.5160,1.0000,,1787585040903.0051,23.0600,5.3600,2.1800,1.4000,1787585040903.0051,False,,,2,OP1,C1_ETHERNET_SIN_CARGA,medio
,0.4330,0.2100,0.5230,1.0000,,1787585040929.9165,23.3050,5.3600,2.6000,1.4000,1787585040934.9785,False,,,2,OP1,C1_ETHERNET_SIN_CARGA,medio
,0.4340,0.2150,0.5290,1.0000,,1787585040960.6516,23.5150,5.2800,2.9000,1.4000,1787585040960.6516,False,,,2,OP1,C1_ETHERNET_SIN_CARGA,medio
,0.4360,0.2200,0.5310,0.9810,,1787585040990.1465,23.5850,5.1200,3.2000,1.4000,1787585040991.9937,False,,,2,OP1,C1_ETHERNET_SIN_CARGA,medio
,0.4350,0.2260,0.5350,0.9700,,1787585041017.5098,23.7250,5.2000,3.5600,1.4000,1787585041017.5098,False,,,2,OP1,C1_ETHERNET_SIN_CARGA,medio
,0.4360,0.2330,0.5370,0.9640,,1787585041037.7974,23.7950,5.1200,3.9800,1.4000,1787585041037.7974,False,,,2,OP1,C1_ETHERNET_SIN_CARGA,medio
,0.4360,0.2400,0.5370,0.9600,,1787585041068.2886,23.7950,5.1200,4.4000,1.4000,1787585041068.2886,False,,,2,OP1,C1_ETHERNET_SIN_CARGA,medio
,0.4360,0.2510,0.5400,0.9640,,1787585041098.5427,23.9000,5.1200,5.0600,1.4000,1787585041098.5427,False,,,2,OP1,C1_ETHERNET_SIN_CARGA,medio
,0.4380,0.2620,0.5420,0.9740,,1787585041127.9175,23.9700,4.9600,5.7200,1.4000,1787585041127.9175,False,,,2,OP1,C1_ETHERNET_SIN_CARGA,medio
,0.4410,0.2710,0.5430,0.9840,,1787585041156.6792,24.0050,4.7200,6.2600,1.4000,1787585041156.6792,False,,,2,OP1,C1_ETHERNET_SIN_CARGA,medio
,0.4450,0.2910,0.5520,0.9810,,1787585041204.1760,24.3200,4.4000,7.4600,1.4000,1787585041204.1760,False,,,2,OP1,C1_ETHERNET_SIN_CARGA,medio
,0.4470,0.3050,0.5580,0.9780,,1787585041238.1692,24.5300,4.2400,8.3000,1.4000,1787585041238.1692,False,,,2,OP1,C1_ETHERNET_SIN_CARGA,medio
,0.4600,0.3300,0.5550,0.9760,,1787585041263.8508,24.4250,3.2000,9.8000,1.4000,1787585041263.8508,False,,,2,OP1,C1_ETHERNET_SIN_CARGA,medio
,0.4680,0.3600,0.5530,0.9720,,1787585041294.9980,24.3550,2.5600,11.6000,1.4000,1787585041294.9980,False,,,2,OP1,C1_ETHERNET_SIN_CARGA,medio
,0.4750,0.3890,0.5550,0.9700,,1787585041323.8291,24.4250,2.0000,13.3400,1.4000,1787585041326.0171,False,,,2,OP1,C1_ETHERNET_SIN_CARGA,medio
,0.4800,0.4170,0.5590,0.9690,,1787585041347.9480,24.5650,1.6000,15.0200,1.4000,1787585041353.3735,False,,,2,OP1,C1_ETHERNET_SIN_CARGA,medio
,0.4890,0.4500,0.5570,0.9690,,1787585041373.9448,24.4950,0.8800,17.0000,1.4000,1787585041373.9448,False,,,2,OP1,C1_ETHERNET_SIN_CARGA,medio
,0.4920,0.4750,0.5510,0.9690,,1787585041404.0325,24.2850,0.6400,18.5000,1.4000,1787585041404.0325,False,,,2,OP1,C1_ETHERNET_SIN_CARGA,medio
,0.4940,0.4960,0.5450,0.9700,,1787585041430.8882,24.0750,0.4800,19.7600,1.4000,1787585041436.4517,False,,,2,OP1,C1_ETHERNET_SIN_CARGA,medio
,0.4870,0.5060,0.5400,0.9690,,1787585041462.9629,23.9000,1.0400,20.3600,1.4000,1787585041462.9629,False,,,2,OP1,C1_ETHERNET_SIN_CARGA,medio
,0.4850,0.5130,0.5370,0.9680,,1787585041490.5605,23.7950,1.2000,20.7800,1.4000,1787585041490.5605,False,,,2,OP1,C1_ETHERNET_SIN_CARGA,medio
,0.4840,0.5180,0.5360,0.9650,,1787585041517.1382,23.7600,1.2800,21.0800,1.4000,1787585041521.0715,False,,,2,OP1,C1_ETHERNET_SIN_CARGA,medio
,0.4860,0.5220,0.5370,0.9590,,1787585041542.4448,23.7950,1.1200,21.3200,1.4000,1787585041542.4448,False,,,2,OP1,C1_ETHERNET_SIN_CARGA,medio
,0.4940,0.5270,0.5370,0.9570,,1787585041573.1375,23.7950,0.4800,21.6200,1.4000,1787585041573.1375,False,,,2,OP1,C1_ETHERNET_SIN_CARGA,medio
,0.5040,0.5350,0.5350,0.9570,,1787585041600.1584,23.7250,-0.3200,22.1000,1.4000,1787585041600.1584,False,,,2,OP1,C1_ETHERNET_SIN_CARGA,medio
,0.5090,0.5430,0.5340,0.9600,,1787585041629.7546,23.6900,-0.7200,22.5800,1.4000,1787585041629.7546,False,,,2,OP1,C1_ETHERNET_SIN_CARGA,medio
,0.5110,0.5510,0.5410,0.9640,,1787585041657.7593,23.9350,-0.8800,23.0600,1.4000,1787585041658.6211,False,,,2,OP1,C1_ETHERNET_SIN_CARGA,medio
,0.5110,0.5660,0.5470,0.9710,,1787585041709.5093,24.1450,-0.8800,23.9600,1.4000,1787585041709.5093,False,,,2,OP1,C1_ETHERNET_SIN_CARGA,medio
,0.5120,0.5680,0.5450,0.9750,,1787585041741.4683,24.0750,-0.9600,24.0800,1.4000,1787585041741.4683,False,,,2,OP1,C1_ETHERNET_SIN_CARGA,medio
,0.5120,0.5700,0.5450,0.9800,,1787585041770.0044,24.0750,-0.9600,24.2000,1.4000,1787585041770.0044,False,,,2,OP1,C1_ETHERNET_SIN_CARGA,medio
,0.5130,0.5710,0.5440,0.9860,,1787585041797.3779,24.0400,-1.0400,24.2600,1.4000,1787585041797.8879,False,,,2,OP1,C1_ETHERNET_SIN_CARGA,medio
,0.5140,0.5710,0.5430,0.9950,,1787585041825.6191,24.0050,-1.1200,24.2600,1.4000,1787585041826.6084,False,,,2,OP1,C1_ETHERNET_SIN_CARGA,medio
,0.5150,0.5720,0.5420,1.0000,,1787585041849.4846,23.9700,-1.2000,24.3200,1.4000,1787585041849.4846,False,,,2,OP1,C1_ETHERNET_SIN_CARGA,medio
,0.5150,0.5720,0.5420,1.0000,,1787585041874.6868,23.9700,-1.2000,24.3200,1.4000,1787585041874.6868,False,,,2,OP1,C1_ETHERNET_SIN_CARGA,medio
,0.5150,0.5740,0.5420,1.0000,,1787585041909.3108,23.9700,-1.2000,24.4400,1.4000,1787585041909.3108,False,,,2,OP1,C1_ETHERNET_SIN_CARGA,medio
,0.5150,0.5750,0.5420,1.0000,,1787585041935.5637,23.9700,-1.2000,24.5000,1.4000,1787585041935.5637,False,,,2,OP1,C1_ETHERNET_SIN_CARGA,medio
,0.5150,0.5780,0.5420,1.0000,,1787585041962.9656,23.9700,-1.2000,24.6800,1.4000,1787585041964.9758,False,,,2,OP1,C1_ETHERNET_SIN_CARGA,medio
,0.5160,0.5810,0.5410,1.0000,,1787585041992.1028,23.9350,-1.2800,24.8600,1.4000,1787585041992.1028,False,,,2,OP1,C1_ETHERNET_SIN_CARGA,medio
,0.5160,0.5830,0.5400,1.0000,,1787585042013.3372,23.9000,-1.2800,24.9800,1.4000,1787585042013.3372,False,,,2,OP1,C1_ETHERNET_SIN_CARGA,medio
,0.5150,0.5850,0.5380,1.0000,,1787585042043.0598,23.8300,-1.2000,25.1000,1.4000,1787585042048.3638,False,,,2,OP1,C1_ETHERNET_SIN_CARGA,medio
,0.5150,0.5860,0.5370,1.0000,,1787585042076.2566,23.7950,-1.2000,25.1600,1.4000,1787585042076.2566,False,,,2,OP1,C1_ETHERNET_SIN_CARGA,medio
,0.5150,0.5860,0.5370,1.0000,,1787585042104.2244,23.7950,-1.2000,25.1600,1.4000,1787585042104.2244,False,,,2,OP1,C1_ETHERNET_SIN_CARGA,medio
,0.5140,0.5860,0.5370,1.0000,,1787585042130.4133,23.7950,-1.1200,25.1600,1.4000,1787585042130.4133,False,,,2,OP1,C1_ETHERNET_SIN_CARGA,medio
,0.5140,0.5860,0.5370,1.0000,,1787585042159.3059,23.7950,-1.1200,25.1600,1.4000,1787585042161.3206,False,,,2,OP1,C1_ETHERNET_SIN_CARGA,medio
,0.5130,0.5860,0.5370,1.0000,,1787585042181.1909,23.7950,-1.0400,25.1600,1.4000,1787585042181.1909,False,,,2,OP1,C1_ETHERNET_SIN_CARGA,medio
,0.5130,0.5850,0.5370,1.0000,,1787585042210.6963,23.7950,-1.0400,25.1000,1.4000,1787585042210.6963,False,,,2,OP1,C1_ETHERNET_SIN_CARGA,medio
,0.5120,0.5850,0.5370,1.0000,,1787585042238.4695,23.7950,-0.9600,25.1000,1.4000,1787585042238.4695,False,,,2,OP1,C1_ETHERNET_SIN_CARGA,medio
,0.5120,0.5850,0.5390,1.0000,,1787585042270.3203,23.8650,-0.9600,25.1000,1.4000,1787585042270.8289,False,,,2,OP1,C1_ETHERNET_SIN_CARGA,medio
,0.5110,0.5840,0.5390,1.0000,,1787585042298.5574,23.8650,-0.8800,25.0400,1.4000,1787585042299.2502,False,,,2,OP1,C1_ETHERNET_SIN_CARGA,medio
,0.5110,0.5830,0.5390,1.0000,,1787585042327.1631,23.8650,-0.8800,24.9800,1.4000,1787585042329.1768,False,,,2,OP1,C1_ETHERNET_SIN_CARGA,medio
,0.5110,0.5830,0.5400,1.0000,,1787585042348.5864,23.9000,-0.8800,24.9800,1.4000,1787585042348.5864,False,,,2,OP1,C1_ETHERNET_SIN_CARGA,medio
,0.5110,0.5830,0.5400,1.0000,,1787585042380.5815,23.9000,-0.8800,24.9800,1.4000,1787585042380.5815,False,,,2,OP1,C1_ETHERNET_SIN_CARGA,medio
,0.5100,0.5830,0.5400,1.0000,,1787585042408.1841,23.9000,-0.8000,24.9800,1.4000,1787585042408.1841,False,,,2,OP1,C1_ETHERNET_SIN_CARGA,medio
,0.5100,0.5830,0.5410,1.0000,,1787585042437.3235,23.9350,-0.8000,24.9800,1.4000,1787585042438.3308,False,,,2,OP1,C1_ETHERNET_SIN_CARGA,medio
,0.5090,0.5830,0.5420,1.0000,,1787585042464.3701,23.9700,-0.7200,24.9800,1.4000,1787585042464.3701,False,,,2,OP1,C1_ETHERNET_SIN_CARGA,medio
,0.5080,0.5840,0.5430,1.0000,,1787585042514.0007,24.0050,-0.6400,25.0400,1.4000,1787585042514.0007,False,,,2,OP1,C1_ETHERNET_SIN_CARGA,medio
,0.5070,0.5840,0.5440,1.0000,,1787585042549.3506,24.0400,-0.5600,25.0400,1.4000,1787585042549.3506,False,,,2,OP1,C1_ETHERNET_SIN_CARGA,medio
,0.5060,0.5850,0.5450,1.0000,,1787585042573.1638,24.0750,-0.4800,25.1000,1.4000,1787585042573.1638,False,,,2,OP1,C1_ETHERNET_SIN_CARGA,medio
,0.5050,0.5850,0.5450,1.0000,,1787585042600.4121,24.0750,-0.4000,25.1000,1.4000,1787585042600.4121,False,,,2,OP1,C1_ETHERNET_SIN_CARGA,medio
,0.5050,0.5840,0.5460,1.0000,,1787585042630.3828,24.1100,-0.4000,25.0400,1.4000,1787585042630.3828,False,,,2,OP1,C1_ETHERNET_SIN_CARGA,medio
,0.5050,0.5840,0.5470,1.0000,,1787585042651.6992,24.1450,-0.4000,25.0400,1.4000,1787585042651.6992,False,,,2,OP1,C1_ETHERNET_SIN_CARGA,medio
,0.5050,0.5840,0.5480,1.0000,,1787585042680.1348,24.1800,-0.4000,25.0400,1.4000,1787585042680.1348,False,,,2,OP1,C1_ETHERNET_SIN_CARGA,medio
,0.5050,0.5840,0.5490,1.0000,,1787585042714.3203,24.2150,-0.4000,25.0400,1.4000,1787585042714.3203,False,,,2,OP1,C1_ETHERNET_SIN_CARGA,medio
,0.5050,0.5830,0.5520,1.0000,,1787585042740.5195,24.3200,-0.4000,24.9800,1.4000,1787585042740.5195,False,,,2,OP1,C1_ETHERNET_SIN_CARGA,medio
,0.5060,0.5820,0.5560,1.0000,,1787585042771.2117,24.4600,-0.4800,24.9200,1.4000,1787585042771.2117,False,,,2,OP1,C1_ETHERNET_SIN_CARGA,medio
,0.5070,0.5820,0.5600,1.0000,,1787585042799.1995,24.6000,-0.5600,24.9200,1.4000,1787585042799.1995,False,,,2,OP1,C1_ETHERNET_SIN_CARGA,medio
,0.5100,0.5820,0.5700,1.0000,,1787585042848.5012,24.9500,-0.8000,24.9200,1.4000,1787585042848.5012,False,,,2,OP1,C1_ETHERNET_SIN_CARGA,medio
,0.5100,0.5820,0.5700,1.0000,,1787585042882.4219,24.9500,-0.8000,24.9200,1.4000,1787585042882.4219,False,,,2,OP1,C1_ETHERNET_SIN_CARGA,medio
,0.5100,0.5830,0.5690,1.0000,,1787585042909.4607,24.9150,-0.8000,24.9800,1.4000,1787585042909.4607,False,,,2,OP1,C1_ETHERNET_SIN_CARGA,medio
,0.5090,0.5850,0.5630,1.0000,,1787585042938.7942,24.7050,-0.7200,25.1000,1.4000,1787585042938.7942,False,,,2,OP1,C1_ETHERNET_SIN_CARGA,medio
,0.5080,0.5880,0.5570,1.0000,,1787585042965.5073,24.4950,-0.6400,25.2800,1.4000,1787585042967.1208,False,,,2,OP1,C1_ETHERNET_SIN_CARGA,medio
,0.5060,0.5930,0.5510,1.0000,,1787585043016.6902,24.2850,-0.4800,25.5800,1.4000,1787585043016.6902,False,,,2,OP1,C1_ETHERNET_SIN_CARGA,medio
,0.5060,0.5950,0.5500,1.0000,,1787585043050.3733,24.2500,-0.4800,25.7000,1.4000,1787585043050.9397,False,,,2,OP1,C1_ETHERNET_SIN_CARGA,medio
,0.5060,0.5960,0.5490,1.0000,,1787585043075.6350,24.2150,-0.4800,25.7600,1.4000,1787585043075.6350,False,,,2,OP1,C1_ETHERNET_SIN_CARGA,medio
,0.5060,0.5960,0.5490,1.0000,,1787585043104.3589,24.2150,-0.4800,25.7600,1.4000,1787585043104.3589,False,,,2,OP1,C1_ETHERNET_SIN_CARGA,medio
,0.5070,0.5970,0.5490,1.0000,,1787585043132.3459,24.2150,-0.5600,25.8200,1.4000,1787585043134.3506,False,,,2,OP1,C1_ETHERNET_SIN_CARGA,medio
,0.5070,0.5970,0.5480,1.0000,,1787585043158.9761,24.1800,-0.5600,25.8200,1.4000,1787585043158.9761,False,,,2,OP1,C1_ETHERNET_SIN_CARGA,medio
,0.5070,0.5970,0.5490,1.0000,,1787585043184.6604,24.2150,-0.5600,25.8200,1.4000,1787585043184.6604,False,,,2,OP1,C1_ETHERNET_SIN_CARGA,medio
,0.5070,0.5970,0.5490,1.0000,,1787585043211.1082,24.2150,-0.5600,25.8200,1.4000,1787585043211.1082,False,,,2,OP1,C1_ETHERNET_SIN_CARGA,medio
,0.5070,0.5970,0.5500,1.0000,,1787585043243.2942,24.2500,-0.5600,25.8200,1.4000,1787585043243.2942,False,,,2,OP1,C1_ETHERNET_SIN_CARGA,medio
,0.5070,0.5960,0.5510,1.0000,,1787585043265.5886,24.2850,-0.5600,25.7600,1.4000,1787585043265.5886,False,,,2,OP1,C1_ETHERNET_SIN_CARGA,medio
,0.5060,0.5960,0.5530,1.0000,,1787585043299.7786,24.3550,-0.4800,25.7600,1.4000,1787585043299.7786,False,,,2,OP1,C1_ETHERNET_SIN_CARGA,medio
,0.5060,0.5960,0.5540,1.0000,,1787585043352.4424,24.3900,-0.4800,25.7600,1.4000,1787585043352.4424,False,,,2,OP1,C1_ETHERNET_SIN_CARGA,medio
,0.5070,0.5960,0.5540,1.0000,,1787585043377.2485,24.3900,-0.5600,25.7600,1.4000,1787585043377.2485,False,,,2,OP1,C1_ETHERNET_SIN_CARGA,medio
,0.5070,0.5960,0.5530,1.0000,,1787585043411.7827,24.3550,-0.5600,25.7600,1.4000,1787585043411.7827,False,,,2,OP1,C1_ETHERNET_SIN_CARGA,medio
,0.5070,0.5960,0.5520,1.0000,,1787585043439.4189,24.3200,-0.5600,25.7600,1.4000,1787585043439.4189,False,,,2,OP1,C1_ETHERNET_SIN_CARGA,medio
,0.5080,0.5960,0.5510,1.0000,,1787585043463.8423,24.2850,-0.6400,25.7600,1.4000,1787585043468.9504,False,,,2,OP1,C1_ETHERNET_SIN_CARGA,medio
,0.5080,0.5970,0.5510,1.0000,,1787585043488.7163,24.2850,-0.6400,25.8200,1.4000,1787585043496.1113,False,,,2,OP1,C1_ETHERNET_SIN_CARGA,medio
,0.5080,0.5970,0.5520,1.0000,,1787585043521.0657,24.3200,-0.6400,25.8200,1.4000,1787585043521.0657,False,,,2,OP1,C1_ETHERNET_SIN_CARGA,medio
,0.5080,0.5970,0.5520,1.0000,,1787585043547.9905,24.3200,-0.6400,25.8200,1.4000,1787585043547.9905,False,,,2,OP1,C1_ETHERNET_SIN_CARGA,medio
,0.5090,0.5980,0.5530,1.0000,,1787585043580.1157,24.3550,-0.7200,25.8800,1.4000,1787585043580.1157,False,,,2,OP1,C1_ETHERNET_SIN_CARGA,medio
,0.5090,0.5980,0.5530,1.0000,,1787585043607.0383,24.3550,-0.7200,25.8800,1.4000,1787585043609.3232,False,,,2,OP1,C1_ETHERNET_SIN_CARGA,medio
,0.5110,0.5980,0.5530,1.0000,,1787585043661.6165,24.3550,-0.8800,25.8800,1.4000,1787585043661.6165,False,,,2,OP1,C1_ETHERNET_SIN_CARGA,medio
,0.5110,0.5980,0.5520,1.0000,,1787585043688.9453,24.3200,-0.8800,25.8800,1.4000,1787585043688.9453,False,,,2,OP1,C1_ETHERNET_SIN_CARGA,medio
,0.5110,0.5990,0.5510,1.0000,,1787585043717.0876,24.2850,-0.8800,25.9400,1.4000,1787585043717.0876,False,,,2,OP1,C1_ETHERNET_SIN_CARGA,medio
,0.5120,0.5990,0.5500,1.0000,,1787585043746.0381,24.2500,-0.9600,25.9400,1.4000,1787585043746.0381,False,,,2,OP1,C1_ETHERNET_SIN_CARGA,medio
,0.5120,0.5990,0.5500,1.0000,,1787585043774.0359,24.2500,-0.9600,25.9400,1.4000,1787585043775.0498,False,,,2,OP1,C1_ETHERNET_SIN_CARGA,medio
,0.5120,0.5990,0.5490,1.0000,,1787585043798.1995,24.2150,-0.9600,25.9400,1.4000,1787585043798.1995,False,,,2,OP1,C1_ETHERNET_SIN_CARGA,medio
,0.5120,0.6000,0.5490,1.0000,,1787585043824.2180,24.2150,-0.9600,26.0000,1.4000,1787585043824.2180,False,,,2,OP1,C1_ETHERNET_SIN_CARGA,medio
,0.5130,0.6000,0.5480,1.0000,,1787585043848.4407,24.1800,-1.0400,26.0000,1.4000,1787585043858.1545,False,,,2,OP1,C1_ETHERNET_SIN_CARGA,medio
,0.5130,0.6000,0.5470,1.0000,,1787585043884.9895,24.1450,-1.0400,26.0000,1.4000,1787585043884.9895,False,,,2,OP1,C1_ETHERNET_SIN_CARGA,medio
,0.5130,0.6000,0.5450,1.0000,,1787585043912.1680,24.0750,-1.0400,26.0000,1.4000,1787585043914.1790,False,,,2,OP1,C1_ETHERNET_SIN_CARGA,medio
,0.5130,0.6010,0.5430,1.0000,,1787585043939.7861,24.0050,-1.0400,26.0600,1.4000,1787585043939.7861,False,,,2,OP1,C1_ETHERNET_SIN_CARGA,medio
,0.5130,0.6010,0.5420,1.0000,,1787585043968.4744,23.9700,-1.0400,26.0600,1.4000,1787585043968.4744,False,,,2,OP1,C1_ETHERNET_SIN_CARGA,medio
,0.5120,0.6010,0.5400,1.0000,,1787585043997.7864,23.9000,-0.9600,26.0600,1.4000,1787585043997.7864,False,,,2,OP1,C1_ETHERNET_SIN_CARGA,medio
,0.5120,0.6010,0.5380,1.0000,,1787585044018.1560,23.8300,-0.9600,26.0600,1.4000,1787585044026.1685,False,,,2,OP1,C1_ETHERNET_SIN_CARGA,medio
,0.5120,0.6010,0.5370,1.0000,,1787585044051.9373,23.7950,-0.9600,26.0600,1.4000,1787585044051.9373,False,,,2,OP1,C1_ETHERNET_SIN_CARGA,medio
