t_unity_captura,norm_x,norm_y,norm_z,g,t_unity_envio,t_robot_recepcion,x_cm,y_cm,z_cm,t_rad,t_uart_escritura,clamp_activo,rtt_ms,perdida_pct,id_intento,id_operador,condicion_red,nivel_objeto
,0.6210,0.5290,0.4430,0.9650,,1787340849455.9451,20.5050,-9.6800,21.7400,0.5315,1787340849464.1160,False,,,1,OP1,C1_ETHERNET_SIN_CARGA,medio
,0.6210,0.5290,0.4430,0.9660,,1787340849479.3601,20.5050,-9.6800,21.7400,0.5306,1787340849481.3682,False,,,1,OP1,C1_ETHERNET_SIN_CARGA,medio
,0.6210,0.5290,0.4440,0.9680,,1787340849510.3821,20.5400,-9.6800,21.7400,0.5288,1787340849511.8977,False,,,1,OP1,C1_ETHERNET_SIN_CARGA,medio
,0.6210,0.5290,0.4440,0.9680,,1787340849531.4045,20.5400,-9.6800,21.7400,0.5288,1787340849537.7400,False,,,1,OP1,C1_ETHERNET_SIN_CARGA,medio
,0.6210,0.5290,0.4450,0.9690,,1787340849558.5583,20.5750,-9.6800,21.7400,0.5279,1787340849558.5583,False,,,1,OP1,C1_ETHERNET_SIN_CARGA,medio
,0.6210,0.5280,0.4450,0.9690,,1787340849592.7532,20.5750,-9.6800,21.6800,0.5279,1787340849593.8528,False,,,1,OP1,C1_ETHERNET_SIN_CARGA,medio
,0.6210,0.5280,0.4460,0.9690,,1787340849640.7559,20.6100,-9.6800,21.6800,0.5279,1787340849650.6316,False,,,1,OP1,C1_ETHERNET_SIN_CARGA,medio
,0.6220,0.5280,0.4450,0.9690,,1787340849671.8899,20.5750,-9.7600,21.6800,0.5279,1787340849671.8899,False,,,1,OP1,C1_ETHERNET_SIN_CARGA,medio
,0.6220,0.5280,0.4450,0.9680,,1787340849704.2244,20.5750,-9.7600,21.6800,0.5288,1787340849705.3430,False,,,1,OP1,C1_ETHERNET_SIN_CARGA,medio
,0.6220,0.5280,0.4450,0.9660,,1787340849755.5017,20.5750,-9.7600,21.6800,0.5306,1787340849755.5017,False,,,1,OP1,C1_ETHERNET_SIN_CARGA,medio
,0.6220,0.5270,0.4460,0.9650,,1787340849788.5637,20.6100,-9.7600,21.6200,0.5315,1787340849788.5637,False,,,1,OP1,C1_ETHERNET_SIN_CARGA,medio
,0.6230,0.5270,0.4460,0.9650,,1787340849816.0476,20.6100,-9.8400,21.6200,0.5315,1787340849816.0476,False,,,1,OP1,C1_ETHERNET_SIN_CARGA,medio
,0.6230,0.5270,0.4460,0.9650,,1787340849840.8462,20.6100,-9.8400,21.6200,0.5315,1787340849840.8462,False,,,1,OP1,C1_ETHERNET_SIN_CARGA,medio
,0.6230,0.5260,0.4450,0.9650,,1787340849864.0088,20.5750,-9.8400,21.5600,0.5315,1787340849864.0088,False,,,1,OP1,C1_ETHERNET_SIN_CARGA,medio
,0.6230,0.5260,0.4460,0.9650,,1787340849892.5435,20.6100,-9.8400,21.5600,0.5315,1787340849892.5435,False,,,1,OP1,C1_ETHERNET_SIN_CARGA,medio
,0.6230,0.5260,0.4460,0.9650,,1787340849927.4534,20.6100,-9.8400,21.5600,0.5315,1787340849927.4534,False,,,1,OP1,C1_ETHERNET_SIN_CARGA,medio
,0.6230,0.5260,0.4460,0.9650,,1787340849953.2078,20.6100,-9.8400,21.5600,0.5315,1787340849957.0110,False,,,1,OP1,C1_ETHERNET_SIN_CARGA,medio
,0.6230,0.5250,0.4450,0.9650,,1787340849978.2603,20.5750,-9.8400,21.5000,0.5315,1787340849978.2603,False,,,1,OP1,C1_ETHERNET_SIN_CARGA,medio
,0.6230,0.5250,0.4450,0.9650,,1787340850010.4229,20.5750,-9.8400,21.5000,0.5315,1787340850013.0979,False,,,1,OP1,C1_ETHERNET_SIN_CARGA,medio
,0.6230,0.5250,0.4440,0.9630,,1787340850065.1274,20.5400,-9.8400,21.5000,0.5333,1787340850065.1274,False,,,1,OP1,C1_ETHERNET_SIN_CARGA,medio
,0.6220,0.5250,0.4450,0.9610,,1787340850094.8611,20.5750,-9.7600,21.5000,0.5351,1787340850094.8611,False,,,1,OP1,C1_ETHERNET_SIN_CARGA,medio
,0.6220,0.5250,0.4450,0.9590,,1787340850121.5452,20.5750,-9.7600,21.5000,0.5369,1787340850121.5452,False,,,1,OP1,C1_ETHERNET_SIN_CARGA,medio
,0.6220,0.5250,0.4450,0.9570,,1787340850151.0991,20.5750,-9.7600,21.5000,0.5387,1787340850152.1223,False,,,1,OP1,C1_ETHERNET_SIN_CARGA,medio
,0.6200,0.5260,0.4460,0.9500,,1787340850205.0784,20.6100,-9.6000,21.5600,0.5450,1787340850205.0784,False,,,1,OP1,C1_ETHERNET_SIN_CARGA,medio
,0.6190,0.5260,0.4470,0.9460,,1787340850232.9136,20.6450,-9.5200,21.5600,0.5486,1787340850234.9326,False,,,1,OP1,C1_ETHERNET_SIN_CARGA,medio
,0.6180,0.5260,0.4460,0.9440,,1787340850261.2004,20.6100,-9.4400,21.5600,0.5504,1787340850261.2004,False,,,1,OP1,C1_ETHERNET_SIN_CARGA,medio
,0.6170,0.5260,0.4460,0.9430,,1787340850316.6121,20.6100,-9.3600,21.5600,0.5513,1787340850316.6121,False,,,1,OP1,C1_ETHERNET_SIN_CARGA,medio
,0.6160,0.5260,0.4450,0.9430,,1787340850342.9221,20.5750,-9.2800,21.5600,0.5513,1787340850342.9221,False,,,1,OP1,C1_ETHERNET_SIN_CARGA,medio
,0.6140,0.5270,0.4440,0.9440,,1787340850371.2559,20.5400,-9.1200,21.6200,0.5504,1787340850371.2559,False,,,1,OP1,C1_ETHERNET_SIN_CARGA,medio
,0.6110,0.5280,0.4420,0.9450,,1787340850400.4229,20.4700,-8.8800,21.6800,0.5495,1787340850401.4517,False,,,1,OP1,C1_ETHERNET_SIN_CARGA,medio
,0.6050,0.5310,0.4370,0.9470,,1787340850455.0435,20.2950,-8.4000,21.8600,0.5477,1787340850457.0593,False,,,1,OP1,C1_ETHERNET_SIN_CARGA,medio
,0.6030,0.5320,0.4360,0.9480,,1787340850511.6240,20.2600,-8.2400,21.9200,0.5468,1787340850511.6240,False,,,1,OP1,C1_ETHERNET_SIN_CARGA,medio
,0.6020,0.5320,0.4360,0.9490,,1787340850539.5176,20.2600,-8.1600,21.9200,0.5459,1787340850541.2654,False,,,1,OP1,C1_ETHERNET_SIN_CARGA,medio
,0.6020,0.5320,0.4350,0.9510,,1787340850564.0256,20.2250,-8.1600,21.9200,0.5441,1787340850564.0256,False,,,1,OP1,C1_ETHERNET_SIN_CARGA,medio
,0.6020,0.5320,0.4350,0.9530,,1787340850591.0984,20.2250,-8.1600,21.9200,0.5423,1787340850591.0984,False,,,1,OP1,C1_ETHERNET_SIN_CARGA,medio
,0.6010,0.5310,0.4350,0.9540,,1787340850615.3716,20.2250,-8.0800,21.8600,0.5414,1787340850615.3716,False,,,1,OP1,C1_ETHERNET_SIN_CARGA,medio
,0.6010,0.5310,0.4350,0.9550,,1787340850641.7058,20.2250,-8.0800,21.8600,0.5405,1787340850651.7329,False,,,1,OP1,C1_ETHERNET_SIN_CARGA,medio
,0.6010,0.5310,0.4350,0.9550,,1787340850671.4292,20.2250,-8.0800,21.8600,0.5405,1787340850671.4292,False,,,1,OP1,C1_ETHERNET_SIN_CARGA,medio
,0.6010,0.5300,0.4360,0.9550,,1787340850702.0515,20.2600,-8.0800,21.8000,0.5405,1787340850702.0515,False,,,1,OP1,C1_ETHERNET_SIN_CARGA,medio
,0.6010,0.5300,0.4360,0.9550,,1787340850732.5681,20.2600,-8.0800,21.8000,0.5405,1787340850732.5681,False,,,1,OP1,C1_ETHERNET_SIN_CARGA,medio
,0.6010,0.5300,0.4370,0.9560,,1787340850755.0452,20.2950,-8.0800,21.8000,0.5396,1787340850763.7878,False,,,1,OP1,C1_ETHERNET_SIN_CARGA,medio
,0.6010,0.5290,0.4370,0.9560,,1787340850788.8188,20.2950,-8.0800,21.7400,0.5396,1787340850788.8188,False,,,1,OP1,C1_ETHERNET_SIN_CARGA,medio
,0.6000,0.5290,0.4370,0.9550,,1787340850817.0391,20.2950,-8.0000,21.7400,0.5405,1787340850819.0513,False,,,1,OP1,C1_ETHERNET_SIN_CARGA,medio
,0.5990,0.5290,0.4380,0.9540,,1787340850844.3584,20.3300,-7.9200,21.7400,0.5414,1787340850846.0488,False,,,1,OP1,C1_ETHERNET_SIN_CARGA,medio
,0.5990,0.5290,0.4380,0.9520,,1787340850867.8357,20.3300,-7.9200,21.7400,0.5432,1787340850867.8357,False,,,1,OP1,C1_ETHERNET_SIN_CARGA,medio
,0.5980,0.5290,0.4380,0.9500,,1787340850895.1089,20.3300,-7.8400,21.7400,0.5450,1787340850895.1089,False,,,1,OP1,C1_ETHERNET_SIN_CARGA,medio
,0.5970,0.5290,0.4380,0.9490,,1787340850928.1709,20.3300,-7.7600,21.7400,0.5459,1787340850928.1709,False,,,1,OP1,C1_ETHERNET_SIN_CARGA,medio
,0.5970,0.5290,0.4380,0.9480,,1787340850955.7678,20.3300,-7.7600,21.7400,0.5468,1787340850955.7678,False,,,1,OP1,C1_ETHERNET_SIN_CARGA,medio
,0.5960,0.5290,0.4390,0.9430,,1787340851002.1338,20.3650,-7.6800,21.7400,0.5513,1787340851014.1470,False,,,1,OP1,C1_ETHERNET_SIN_CARGA,medio
,0.5960,0.5270,0.4410,0.9410,,1787340851033.4194,20.4350,-7.6800,21.6200,0.5531,1787340851040.6501,False,,,1,OP1,C1_ETHERNET_SIN_CARGA,medio
,0.5960,0.5270,0.4410,0.9390,,1787340851058.3918,20.4350,-7.6800,21.6200,0.5549,1787340851058.3918,False,,,1,OP1,C1_ETHERNET_SIN_CARGA,medio
,0.5960,0.5270,0.4410,0.9380,,1787340851090.9172,20.4350,-7.6800,21.6200,0.5558,1787340851090.9172,False,,,1,OP1,C1_ETHERNET_SIN_CARGA,medio
,0.5960,0.5270,0.4410,0.9390,,1787340851122.0217,20.4350,-7.6800,21.6200,0.5549,1787340851122.0217,False,,,1,OP1,C1_ETHERNET_SIN_CARGA,medio
,0.5960,0.5260,0.4410,0.9400,,1787340851150.7461,20.4350,-7.6800,21.5600,0.5540,1787340851150.7461,False,,,1,OP1,C1_ETHERNET_SIN_CARGA,medio
,0.5950,0.5260,0.4410,0.9410,,1787340851178.0437,20.4350,-7.6000,21.5600,0.5531,1787340851178.0437,False,,,1,OP1,C1_ETHERNET_SIN_CARGA,medio
,0.5940,0.5260,0.4410,0.9400,,1787340851199.4631,20.4350,-7.5200,21.5600,0.5540,1787340851199.4631,False,,,1,OP1,C1_ETHERNET_SIN_CARGA,medio
,0.5930,0.5260,0.4410,0.9400,,1787340851235.2029,20.4350,-7.4400,21.5600,0.5540,1787340851235.8203,False,,,1,OP1,C1_ETHERNET_SIN_CARGA,medio
,0.5900,0.5260,0.4410,0.9390,,1787340851260.1030,20.4350,-7.2000,21.5600,0.5549,1787340851260.1030,False,,,1,OP1,C1_ETHERNET_SIN_CARGA,medio
,0.5880,0.5260,0.4420,0.9390,,1787340851287.8347,20.4700,-7.0400,21.5600,0.5549,1787340851289.8420,False,,,1,OP1,C1_ETHERNET_SIN_CARGA,medio
,0.5860,0.5250,0.4430,0.9390,,1787340851318.7542,20.5050,-6.8800,21.5000,0.5549,1787340851318.7542,False,,,1,OP1,C1_ETHERNET_SIN_CARGA,medio
,0.5820,0.5260,0.4450,0.9410,,1787340851340.5227,20.5750,-6.5600,21.5600,0.5531,1787340851340.5227,False,,,1,OP1,C1_ETHERNET_SIN_CARGA,medio
,0.5770,0.5250,0.4470,0.9420,,1787340851364.3782,20.6450,-6.1600,21.5000,0.5522,1787340851364.3782,False,,,1,OP1,C1_ETHERNET_SIN_CARGA,medio
,0.5720,0.5250,0.4490,0.9420,,1787340851400.8625,20.7150,-5.7600,21.5000,0.5522,1787340851402.8718,False,,,1,OP1,C1_ETHERNET_SIN_CARGA,medio
,0.5660,0.5250,0.4520,0.9410,,1787340851429.7478,20.8200,-5.2800,21.5000,0.5531,1787340851429.7478,False,,,1,OP1,C1_ETHERNET_SIN_CARGA,medio
,0.5640,0.5250,0.4540,0.9400,,1787340851456.5322,20.8900,-5.1200,21.5000,0.5540,1787340851456.5322,False,,,1,OP1,C1_ETHERNET_SIN_CARGA,medio
,0.5630,0.5250,0.4550,0.9390,,1787340851484.6587,20.9250,-5.0400,21.5000,0.5549,1787340851484.6587,False,,,1,OP1,C1_ETHERNET_SIN_CARGA,medio
,0.5620,0.5250,0.4570,0.9390,,1787340851509.6372,20.9950,-4.9600,21.5000,0.5549,1787340851513.9656,False,,,1,OP1,C1_ETHERNET_SIN_CARGA,medio
,0.5590,0.5250,0.4580,0.9410,,1787340851540.4846,21.0300,-4.7200,21.5000,0.5531,1787340851540.4846,False,,,1,OP1,C1_ETHERNET_SIN_CARGA,medio
,0.5540,0.5250,0.4580,0.9430,,1787340851568.2932,21.0300,-4.3200,21.5000,0.5513,1787340851568.2932,False,,,1,OP1,C1_ETHERNET_SIN_CARGA,medio
,0.5480,0.5250,0.4580,0.9440,,1787340851590.6135,21.0300,-3.8400,21.5000,0.5504,1787340851590.6135,False,,,1,OP1,C1_ETHERNET_SIN_CARGA,medio
,0.5440,0.5240,0.4570,0.9440,,1787340851622.3816,20.9950,-3.5200,21.4400,0.5504,1787340851622.3816,False,,,1,OP1,C1_ETHERNET_SIN_CARGA,medio
,0.5400,0.5240,0.4560,0.9440,,1787340851651.9087,20.9600,-3.2000,21.4400,0.5504,1787340851652.4739,False,,,1,OP1,C1_ETHERNET_SIN_CARGA,medio
,0.5340,0.5250,0.4540,0.9440,,1787340851699.7913,20.8900,-2.7200,21.5000,0.5504,1787340851710.3345,False,,,1,OP1,C1_ETHERNET_SIN_CARGA,medio
,0.5310,0.5250,0.4520,0.9430,,1787340851733.7410,20.8200,-2.4800,21.5000,0.5513,1787340851733.7410,False,,,1,OP1,C1_ETHERNET_SIN_CARGA,medio
,0.5290,0.5250,0.4510,0.9410,,1787340851761.5388,20.7850,-2.3200,21.5000,0.5531,1787340851761.5388,False,,,1,OP1,C1_ETHERNET_SIN_CARGA,medio
,0.5270,0.5250,0.4490,0.9390,,1787340851790.7952,20.7150,-2.1600,21.5000,0.5549,1787340851790.7952,False,,,1,OP1,C1_ETHERNET_SIN_CARGA,medio
,0.5250,0.5260,0.4480,0.9370,,1787340851819.8459,20.6800,-2.0000,21.5600,0.5567,1787340851820.1836,False,,,1,OP1,C1_ETHERNET_SIN_CARGA,medio
,0.5220,0.5260,0.4480,0.9340,,1787340851842.0447,20.6800,-1.7600,21.5600,0.5594,1787340851842.0447,False,,,1,OP1,C1_ETHERNET_SIN_CARGA,medio
,0.5210,0.5270,0.4470,0.9320,,1787340851868.5942,20.6450,-1.6800,21.6200,0.5612,1787340851876.6694,False,,,1,OP1,C1_ETHERNET_SIN_CARGA,medio
,0.5190,0.5280,0.4470,0.9300,,1787340851901.7161,20.6450,-1.5200,21.6800,0.5630,1787340851902.3833,False,,,1,OP1,C1_ETHERNET_SIN_CARGA,medio
,0.5170,0.5280,0.4460,0.9270,,1787340851925.2085,20.6100,-1.3600,21.6800,0.5657,1787340851930.1333,False,,,1,OP1,C1_ETHERNET_SIN_CARGA,medio
,0.5140,0.5290,0.4460,0.9250,,1787340851956.6365,20.6100,-1.1200,21.7400,0.5675,1787340851958.6436,False,,,1,OP1,C1_ETHERNET_SIN_CARGA,medio
,0.5110,0.5290,0.4460,0.9220,,1787340851985.5835,20.6100,-0.8800,21.7400,0.5702,1787340851987.3059,False,,,1,OP1,C1_ETHERNET_SIN_CARGA,medio
,0.5090,0.5290,0.4460,0.9190,,1787340852013.0811,20.6100,-0.7200,21.7400,0.5729,1787340852013.0811,False,,,1,OP1,C1_ETHERNET_SIN_CARGA,medio
,0.5070,0.5280,0.4450,0.9170,,1787340852041.0413,20.5750,-0.5600,21.6800,0.5747,1787340852041.0413,False,,,1,OP1,C1_ETHERNET_SIN_CARGA,medio
,0.5050,0.5280,0.4450,0.9150,,1787340852069.4680,20.5750,-0.4000,21.6800,0.5765,1787340852069.4680,False,,,1,OP1,C1_ETHERNET_SIN_CARGA,medio
,0.5040,0.5280,0.4450,0.9150,,1787340852093.3279,20.5750,-0.3200,21.6800,0.5765,1787340852093.3279,False,,,1,OP1,C1_ETHERNET_SIN_CARGA,medio
,0.5030,0.5280,0.4460,0.9160,,1787340852123.5740,20.6100,-0.2400,21.6800,0.5756,1787340852123.5740,False,,,1,OP1,C1_ETHERNET_SIN_CARGA,medio
,0.5010,0.5270,0.4470,0.9170,,1787340852153.9248,20.6450,-0.0800,21.6200,0.5747,1787340852154.9814,False,,,1,OP1,C1_ETHERNET_SIN_CARGA,medio
,0.4970,0.5270,0.4470,0.9230,,1787340852206.0229,20.6450,0.2400,21.6200,0.5693,1787340852206.0229,False,,,1,OP1,C1_ETHERNET_SIN_CARGA,medio
,0.4950,0.5270,0.4470,0.9250,,1787340852232.8110,20.6450,0.4000,21.6200,0.5675,1787340852232.8110,False,,,1,OP1,C1_ETHERNET_SIN_CARGA,medio
,0.4920,0.5270,0.4460,0.9250,,1787340852263.6301,20.6100,0.6400,21.6200,0.5675,1787340852263.6301,False,,,1,OP1,C1_ETHERNET_SIN_CARGA,medio
,0.4890,0.5260,0.4460,0.9250,,1787340852290.9697,20.6100,0.8800,21.5600,0.5675,1787340852292.9788,False,,,1,OP1,C1_ETHERNET_SIN_CARGA,medio
,0.4850,0.5260,0.4450,0.9230,,1787340852319.9507,20.5750,1.2000,21.5600,0.5693,1787340852320.9666,False,,,1,OP1,C1_ETHERNET_SIN_CARGA,medio
,0.4820,0.5260,0.4440,0.9220,,1787340852340.8105,20.5400,1.4400,21.5600,0.5702,1787340852340.8105,False,,,1,OP1,C1_ETHERNET_SIN_CARGA,medio
,0.4780,0.5260,0.4430,0.9200,,1787340852373.4541,20.5050,1.7600,21.5600,0.5720,1787340852373.4541,False,,,1,OP1,C1_ETHERNET_SIN_CARGA,medio
,0.4750,0.5260,0.4420,0.9180,,1787340852400.2969,20.4700,2.0000,21.5600,0.5738,1787340852400.2969,False,,,1,OP1,C1_ETHERNET_SIN_CARGA,medio
,0.4730,0.5260,0.4420,0.9150,,1787340852430.1936,20.4700,2.1600,21.5600,0.5765,1787340852430.1936,False,,,1,OP1,C1_ETHERNET_SIN_CARGA,medio
,0.4720,0.5260,0.4420,0.9130,,1787340852458.0151,20.4700,2.2400,21.5600,0.5783,1787340852460.2117,False,,,1,OP1,C1_ETHERNET_SIN_CARGA,medio
,0.4700,0.5270,0.4410,0.9100,,1787340852515.2478,20.4350,2.4000,21.6200,0.5810,1787340852515.2478,False,,,1,OP1,C1_ETHERNET_SIN_CARGA,medio
,0.4690,0.5270,0.4410,0.9100,,1787340852543.1091,20.4350,2.4800,21.6200,0.5810,1787340852543.1091,False,,,1,OP1,C1_ETHERNET_SIN_CARGA,medio
,0.4670,0.5270,0.4410,0.9110,,1787340852590.7886,20.4350,2.6400,21.6200,0.5801,1787340852590.7886,False,,,1,OP1,C1_ETHERNET_SIN_CARGA,medio
,0.4660,0.5270,0.4400,0.9110,,1787340852622.6021,20.4000,2.7200,21.6200,0.5801,1787340852622.6021,False,,,1,OP1,C1_ETHERNET_SIN_CARGA,medio
,0.4650,0.5270,0.4400,0.9100,,1787340852652.3418,20.4000,2.8000,21.6200,0.5810,1787340852652.3418,False,,,1,OP1,C1_ETHERNET_SIN_CARGA,medio
,0.4650,0.5270,0.4400,0.9090,,1787340852681.5750,20.4000,2.8000,21.6200,0.5819,1787340852683.5701,False,,,1,OP1,C1_ETHERNET_SIN_CARGA,medio
,0.4640,0.5270,0.4400,0.9080,,1787340852708.2463,20.4000,2.8800,21.6200,0.5828,1787340852708.2463,False,,,1,OP1,C1_ETHERNET_SIN_CARGA,medio
,0.4640,0.5270,0.4400,0.9070,,1787340852730.4790,20.4000,2.8800,21.6200,0.5837,1787340852730.4790,False,,,1,OP1,C1_ETHERNET_SIN_CARGA,medio
,0.4630,0.5260,0.4400,0.9060,,1787340852758.9226,20.4000,2.9600,21.5600,0.5846,1787340852758.9226,False,,,1,OP1,C1_ETHERNET_SIN_CARGA,medio
,0.4620,0.5260,0.4400,0.9050,,1787340852790.9648,20.4000,3.0400,21.5600,0.5855,1787340852790.9648,False,,,1,OP1,C1_ETHERNET_SIN_CARGA,medio
,0.4610,0.5260,0.4400,0.9050,,1787340852817.6912,20.4000,3.1200,21.5600,0.5855,1787340852817.6912,False,,,1,OP1,C1_ETHERNET_SIN_CARGA,medio
,0.4610,0.5250,0.4400,0.9050,,1787340852842.2471,20.4000,3.1200,21.5000,0.5855,1787340852842.2471,False,,,1,OP1,C1_ETHERNET_SIN_CARGA,medio
,0.4600,0.5250,0.4400,0.9060,,1787340852875.5239,20.4000,3.2000,21.5000,0.5846,1787340852875.5239,False,,,1,OP1,C1_ETHERNET_SIN_CARGA,medio
,0.4600,0.5240,0.4410,0.9050,,1787340852902.4656,20.4350,3.2000,21.4400,0.5855,1787340852902.4656,False,,,1,OP1,C1_ETHERNET_SIN_CARGA,medio
,0.4600,0.5240,0.4410,0.9050,,1787340852930.3367,20.4350,3.2000,21.4400,0.5855,1787340852932.3452,False,,,1,OP1,C1_ETHERNET_SIN_CARGA,medio
,0.4600,0.5230,0.4410,0.9030,,1787340852960.6187,20.4350,3.2000,21.3800,0.5873,1787340852961.6453,False,,,1,OP1,C1_ETHERNET_SIN_CARGA,medio
,0.4590,0.5200,0.4430,0.8990,,1787340853009.5042,20.5050,3.2800,21.2000,0.5909,1787340853009.5042,False,,,1,OP1,C1_ETHERNET_SIN_CARGA,medio
,0.4590,0.5190,0.4450,0.8960,,1787340853043.9312,20.5750,3.2800,21.1400,0.5936,1787340853043.9312,False,,,1,OP1,C1_ETHERNET_SIN_CARGA,medio
,0.4590,0.5170,0.4460,0.8920,,1787340853070.0076,20.6100,3.2800,21.0200,0.5972,1787340853070.0076,False,,,1,OP1,C1_ETHERNET_SIN_CARGA,medio
,0.4590,0.5160,0.4470,0.8880,,1787340853099.3408,20.6450,3.2800,20.9600,0.6008,1787340853099.3408,False,,,1,OP1,C1_ETHERNET_SIN_CARGA,medio
,0.4590,0.5140,0.4470,0.8850,,1787340853126.8774,20.6450,3.2800,20.8400,0.6035,1787340853128.0974,False,,,1,OP1,C1_ETHERNET_SIN_CARGA,medio
,0.4590,0.5140,0.4470,0.8820,,1787340853154.7500,20.6450,3.2800,20.8400,0.6062,1787340853154.7500,False,,,1,OP1,C1_ETHERNET_SIN_CARGA,medio
,0.4590,0.5130,0.4470,0.8790,,1787340853178.0266,20.6450,3.2800,20.7800,0.6089,1787340853178.0266,False,,,1,OP1,C1_ETHERNET_SIN_CARGA,medio
,0.4590,0.5120,0.4470,0.8770,,1787340853206.4539,20.6450,3.2800,20.7200,0.6107,1787340853206.4539,False,,,1,OP1,C1_ETHERNET_SIN_CARGA,medio
,0.4590,0.5100,0.4470,0.8750,,1787340853233.5754,20.6450,3.2800,20.6000,0.6125,1787340853233.5754,False,,,1,OP1,C1_ETHERNET_SIN_CARGA,medio
,0.4580,0.5060,0.4460,0.8720,,1787340853265.5063,20.6100,3.3600,20.3600,0.6152,1787340853267.5164,False,,,1,OP1,C1_ETHERNET_SIN_CARGA,medio
,0.4580,0.5010,0.4450,0.8700,,1787340853290.6721,20.5750,3.3600,20.0600,0.6170,1787340853294.3962,False,,,1,OP1,C1_ETHERNET_SIN_CARGA,medio
,0.4600,0.4910,0.4400,0.8680,,1787340853319.1172,20.4000,3.2000,19.4600,0.6188,1787340853319.1172,False,,,1,OP1,C1_ETHERNET_SIN_CARGA,medio
,0.4600,0.4800,0.4350,0.8670,,1787340853345.7368,20.2250,3.2000,18.8000,0.6197,1787340853345.7368,False,,,1,OP1,C1_ETHERNET_SIN_CARGA,medio
,0.4590,0.4630,0.4330,0.8650,,1787340853373.7188,20.1550,3.2800,17.7800,0.6215,1787340853379.3215,False,,,1,OP1,C1_ETHERNET_SIN_CARGA,medio
,0.4580,0.4500,0.4340,0.8640,,1787340853405.5215,20.1900,3.3600,17.0000,0.6224,1787340853405.5215,False,,,1,OP1,C1_ETHERNET_SIN_CARGA,medio
,0.4570,0.4370,0.4370,0.8640,,1787340853433.2446,20.2950,3.4400,16.2200,0.6224,1787340853433.2446,False,,,1,OP1,C1_ETHERNET_SIN_CARGA,medio
,0.4570,0.4310,0.4370,0.8630,,1787340853461.8083,20.2950,3.4400,15.8600,0.6233,1787340853461.8083,False,,,1,OP1,C1_ETHERNET_SIN_CARGA,medio
,0.4580,0.4270,0.4380,0.8620,,1787340853482.6130,20.3300,3.3600,15.6200,0.6242,1787340853490.7468,False,,,1,OP1,C1_ETHERNET_SIN_CARGA,medio
,0.4590,0.4250,0.4380,0.8600,,1787340853513.9404,20.3300,3.2800,15.5000,0.6260,1787340853513.9404,False,,,1,OP1,C1_ETHERNET_SIN_CARGA,medio
,0.4600,0.4250,0.4380,0.8570,,1787340853544.7109,20.3300,3.2000,15.5000,0.6287,1787340853544.7109,False,,,1,OP1,C1_ETHERNET_SIN_CARGA,medio
,0.4600,0.4250,0.4380,0.8550,,1787340853570.6594,20.3300,3.2000,15.5000,0.6305,1787340853570.6594,False,,,1,OP1,C1_ETHERNET_SIN_CARGA,medio
,0.4600,0.4260,0.4370,0.8540,,1787340853600.4192,20.2950,3.2000,15.5600,0.6314,1787340853601.4197,False,,,1,OP1,C1_ETHERNET_SIN_CARGA,medio
,0.4600,0.4260,0.4360,0.8540,,1787340853620.4204,20.2600,3.2000,15.5600,0.6314,1787340853620.4204,False,,,1,OP1,C1_ETHERNET_SIN_CARGA,medio
,0.4600,0.4250,0.4360,0.8550,,1787340853649.2163,20.2600,3.2000,15.5000,0.6305,1787340853649.2163,False,,,1,OP1,C1_ETHERNET_SIN_CARGA,medio
,0.4610,0.4250,0.4350,0.8570,,1787340853681.9963,20.2250,3.1200,15.5000,0.6287,1787340853681.9963,False,,,1,OP1,C1_ETHERNET_SIN_CARGA,medio
,0.4610,0.4250,0.4330,0.8580,,1787340853707.9426,20.1550,3.1200,15.5000,0.6278,1787340853707.9426,False,,,1,OP1,C1_ETHERNET_SIN_CARGA,medio
,0.4610,0.4240,0.4320,0.8590,,1787340853740.4468,20.1200,3.1200,15.4400,0.6269,1787340853740.4468,False,,,1,OP1,C1_ETHERNET_SIN_CARGA,medio
,0.4610,0.4240,0.4310,0.8590,,1787340853768.1526,20.0850,3.1200,15.4400,0.6269,1787340853768.1526,False,,,1,OP1,C1_ETHERNET_SIN_CARGA,medio
,0.4620,0.4240,0.4300,0.8600,,1787340853791.9873,20.0500,3.0400,15.4400,0.6260,1787340853791.9873,False,,,1,OP1,C1_ETHERNET_SIN_CARGA,medio
,0.4620,0.4230,0.4300,0.8600,,1787340853821.0762,20.0500,3.0400,15.3800,0.6260,1787340853821.0762,False,,,1,OP1,C1_ETHERNET_SIN_CARGA,medio
,0.4630,0.4230,0.4290,0.8590,,1787340853849.6851,20.0150,2.9600,15.3800,0.6269,1787340853849.6851,False,,,1,OP1,C1_ETHERNET_SIN_CARGA,medio
,0.4630,0.4220,0.4280,0.8590,,1787340853878.7542,19.9800,2.9600,15.3200,0.6269,1787340853878.7542,False,,,1,OP1,C1_ETHERNET_SIN_CARGA,medio
,0.4640,0.4210,0.4280,0.8610,,1787340853907.2993,19.9800,2.8800,15.2600,0.6251,1787340853907.2993,False,,,1,OP1,C1_ETHERNET_SIN_CARGA,medio
,0.4640,0.4210,0.4270,0.8620,,1787340853934.5217,19.9450,2.8800,15.2600,0.6242,1787340853935.3479,False,,,1,OP1,C1_ETHERNET_SIN_CARGA,medio
,0.4650,0.4200,0.4270,0.8640,,1787340853960.7388,19.9450,2.8000,15.2000,0.6224,1787340853960.7388,False,,,1,OP1,C1_ETHERNET_SIN_CARGA,medio
,0.4650,0.4190,0.4270,0.8670,,1787340853990.8123,19.9450,2.8000,15.1400,0.6197,1787340853990.8123,False,,,1,OP1,C1_ETHERNET_SIN_CARGA,medio
,0.4650,0.4190,0.4260,0.8690,,1787340854017.6755,19.9100,2.8000,15.1400,0.6179,1787340854017.6755,False,,,1,OP1,C1_ETHERNET_SIN_CARGA,medio
,0.4650,0.4180,0.4260,0.8700,,1787340854046.4365,19.9100,2.8000,15.0800,0.6170,1787340854046.4365,False,,,1,OP1,C1_ETHERNET_SIN_CARGA,medio
,0.4660,0.4180,0.4250,0.8720,,1787340854074.5701,19.8750,2.7200,15.0800,0.6152,1787340854074.5701,False,,,1,OP1,C1_ETHERNET_SIN_CARGA,medio
,0.4660,0.4170,0.4250,0.8730,,1787340854101.6658,19.8750,2.7200,15.0200,0.6143,1787340854102.2207,False,,,1,OP1,C1_ETHERNET_SIN_CARGA,medio
,0.4660,0.4160,0.4250,0.8750,,1787340854121.6946,19.8750,2.7200,14.9600,0.6125,1787340854121.6946,False,,,1,OP1,C1_ETHERNET_SIN_CARGA,medio
,0.4660,0.4150,0.4250,0.8770,,1787340854151.9099,19.8750,2.7200,14.9000,0.6107,1787340854151.9099,False,,,1,OP1,C1_ETHERNET_SIN_CARGA,medio
,0.4660,0.4140,0.4250,0.8810,,1787340854184.8147,19.8750,2.7200,14.8400,0.6071,1787340854184.8147,False,,,1,OP1,C1_ETHERNET_SIN_CARGA,medio
,0.4660,0.4110,0.4240,0.8840,,1787340854213.7920,19.8400,2.7200,14.6600,0.6044,1787340854213.7920,False,,,1,OP1,C1_ETHERNET_SIN_CARGA,medio
,0.4660,0.4090,0.4240,0.8870,,1787340854240.8049,19.8400,2.7200,14.5400,0.6017,1787340854240.8049,False,,,1,OP1,C1_ETHERNET_SIN_CARGA,medio
,0.4660,0.4070,0.4240,0.8890,,1787340854268.2354,19.8400,2.7200,14.4200,0.5999,1787340854270.8359,False,,,1,OP1,C1_ETHERNET_SIN_CARGA,medio
,0.4670,0.4040,0.4250,0.8910,,1787340854291.8208,19.8750,2.6400,14.2400,0.5981,1787340854291.8208,False,,,1,OP1,C1_ETHERNET_SIN_CARGA,medio
,0.4680,0.4020,0.4250,0.8920,,1787340854322.2842,19.8750,2.5600,14.1200,0.5972,1787340854322.2842,False,,,1,OP1,C1_ETHERNET_SIN_CARGA,medio
,0.4680,0.4000,0.4260,0.8920,,1787340854344.7371,19.9100,2.5600,14.0000,0.5972,1787340854344.7371,False,,,1,OP1,C1_ETHERNET_SIN_CARGA,medio
,0.4690,0.4000,0.4260,0.8900,,1787340854380.0847,19.9100,2.4800,14.0000,0.5990,1787340854380.0847,False,,,1,OP1,C1_ETHERNET_SIN_CARGA,medio
,0.4690,0.3990,0.4270,0.8880,,1787340854407.2161,19.9450,2.4800,13.9400,0.6008,1787340854409.2297,False,,,1,OP1,C1_ETHERNET_SIN_CARGA,medio
,0.4710,0.3960,0.4290,0.8850,,1787340854454.9453,20.0150,2.3200,13.7600,0.6035,1787340854465.3435,False,,,1,OP1,C1_ETHERNET_SIN_CARGA,medio
,0.4730,0.3940,0.4300,0.8850,,1787340854490.8813,20.0500,2.1600,13.6400,0.6035,1787340854490.8813,False,,,1,OP1,C1_ETHERNET_SIN_CARGA,medio
,0.4740,0.3920,0.4320,0.8870,,1787340854513.9512,20.1200,2.0800,13.5200,0.6017,1787340854521.0642,False,,,1,OP1,C1_ETHERNET_SIN_CARGA,medio
,0.4750,0.3910,0.4320,0.8890,,1787340854541.0833,20.1200,2.0000,13.4600,0.5999,1787340854541.0833,False,,,1,OP1,C1_ETHERNET_SIN_CARGA,medio
,0.4760,0.3900,0.4320,0.8930,,1787340854572.6179,20.1200,1.9200,13.4000,0.5963,1787340854576.8054,False,,,1,OP1,C1_ETHERNET_SIN_CARGA,medio
,0.4770,0.3890,0.4320,0.8960,,1787340854602.3179,20.1200,1.8400,13.3400,0.5936,1787340854602.3179,False,,,1,OP1,C1_ETHERNET_SIN_CARGA,medio
,0.4770,0.3890,0.4320,0.9000,,1787340854623.1545,20.1200,1.8400,13.3400,0.5900,1787340854623.1545,False,,,1,OP1,C1_ETHERNET_SIN_CARGA,medio
,0.4770,0.3860,0.4320,0.9010,,1787340854657.1506,20.1200,1.8400,13.1600,0.5891,1787340854657.1506,False,,,1,OP1,C1_ETHERNET_SIN_CARGA,medio
,0.4770,0.3790,0.4300,0.8970,,1787340854710.1338,20.0500,1.8400,12.7400,0.5927,1787340854716.1819,False,,,1,OP1,C1_ETHERNET_SIN_CARGA,medio
,0.4780,0.3750,0.4300,0.8950,,1787340854744.1172,20.0500,1.7600,12.5000,0.5945,1787340854744.1172,False,,,1,OP1,C1_ETHERNET_SIN_CARGA,medio
,0.4790,0.3710,0.4290,0.8930,,1787340854768.5942,20.0150,1.6800,12.2600,0.5963,1787340854768.5942,False,,,1,OP1,C1_ETHERNET_SIN_CARGA,medio
,0.4810,0.3660,0.4280,0.8910,,1787340854791.1348,19.9800,1.5200,11.9600,0.5981,1787340854791.1348,False,,,1,OP1,C1_ETHERNET_SIN_CARGA,medio
,0.4820,0.3630,0.4250,0.8930,,1787340854823.6956,19.8750,1.4400,11.7800,0.5963,1787340854823.6956,False,,,1,OP1,C1_ETHERNET_SIN_CARGA,medio
,0.4830,0.3590,0.4230,0.8990,,1787340854843.8049,19.8050,1.3600,11.5400,0.5909,1787340854843.8049,False,,,1,OP1,C1_ETHERNET_SIN_CARGA,medio
,0.4830,0.3560,0.4210,0.9070,,1787340854882.2649,19.7350,1.3600,11.3600,0.5837,1787340854882.2649,False,,,1,OP1,C1_ETHERNET_SIN_CARGA,medio
,0.4830,0.3530,0.4180,0.9150,,1787340854909.6960,19.6300,1.3600,11.1800,0.5765,1787340854910.6997,False,,,1,OP1,C1_ETHERNET_SIN_CARGA,medio
,0.4830,0.3470,0.4140,0.9220,,1787340854958.9131,19.4900,1.3600,10.8200,0.5702,1787340854958.9131,False,,,1,OP1,C1_ETHERNET_SIN_CARGA,medio
,0.4840,0.3420,0.4120,0.9180,,1787340854991.3186,19.4200,1.2800,10.5200,0.5738,1787340854991.3186,False,,,1,OP1,C1_ETHERNET_SIN_CARGA,medio
,0.4830,0.3400,0.4120,0.9130,,1787340855019.1453,19.4200,1.3600,10.4000,0.5783,1787340855019.1453,False,,,1,OP1,C1_ETHERNET_SIN_CARGA,medio
,0.4830,0.3380,0.4130,0.9090,,1787340855048.4050,19.4550,1.3600,10.2800,0.5819,1787340855048.4050,False,,,1,OP1,C1_ETHERNET_SIN_CARGA,medio
,0.4830,0.3350,0.4130,0.9070,,1787340855076.1428,19.4550,1.3600,10.1000,0.5837,1787340855078.7759,False,,,1,OP1,C1_ETHERNET_SIN_CARGA,medio
,0.4820,0.3310,0.4140,0.9050,,1787340855126.8469,19.4900,1.4400,9.8600,0.5855,1787340855126.8469,False,,,1,OP1,C1_ETHERNET_SIN_CARGA,medio
,0.4820,0.3300,0.4140,0.9040,,1787340855160.3601,19.4900,1.4400,9.8000,0.5864,1787340855160.3601,False,,,1,OP1,C1_ETHERNET_SIN_CARGA,medio
,0.4820,0.3300,0.4140,0.9040,,1787340855188.6748,19.4900,1.4400,9.8000,0.5864,1787340855188.6748,False,,,1,OP1,C1_ETHERNET_SIN_CARGA,medio
,0.4820,0.3300,0.4140,0.9020,,1787340855214.2480,19.4900,1.4400,9.8000,0.5882,1787340855216.2615,False,,,1,OP1,C1_ETHERNET_SIN_CARGA,medio
,0.4820,0.3300,0.4140,0.9010,,1787340855244.7041,19.4900,1.4400,9.8000,0.5891,1787340855245.1296,False,,,1,OP1,C1_ETHERNET_SIN_CARGA,medio
,0.4820,0.3300,0.4140,0.8990,,1787340855296.0073,19.4900,1.4400,9.8000,0.5909,1787340855296.0073,False,,,1,OP1,C1_ETHERNET_SIN_CARGA,medio
,0.4820,0.3300,0.4140,0.8980,,1787340855327.2258,19.4900,1.4400,9.8000,0.5918,1787340855327.2258,False,,,1,OP1,C1_ETHERNET_SIN_CARGA,medio
,0.4820,0.3300,0.4140,0.8980,,1787340855353.5496,19.4900,1.4400,9.8000,0.5918,1787340855353.5496,False,,,1,OP1,C1_ETHERNET_SIN_CARGA,medio
,0.4820,0.3300,0.4140,0.8990,,1787340855381.7400,19.4900,1.4400,9.8000,0.5909,1787340855381.7400,False,,,1,OP1,C1_ETHERNET_SIN_CARGA,medio
,0.4810,0.3300,0.4140,0.9010,,1787340855406.4395,19.4900,1.5200,9.8000,0.5891,1787340855411.5332,False,,,1,OP1,C1_ETHERNET_SIN_CARGA,medio
,0.4810,0.3300,0.4140,0.9070,,1787340855430.8655,19.4900,1.5200,9.8000,0.5837,1787340855440.5930,False,,,1,OP1,C1_ETHERNET_SIN_CARGA,medio
,0.4790,0.3300,0.4160,0.9180,,1787340855462.5591,19.5600,1.6800,9.8000,0.5738,1787340855462.5591,False,,,1,OP1,C1_ETHERNET_SIN_CARGA,medio
,0.4780,0.3330,0.4170,0.9860,,1787340855492.6841,19.5950,1.7600,9.9800,0.5126,1787340855492.6841,False,,,1,OP1,C1_ETHERNET_SIN_CARGA,medio
,0.4770,0.3370,0.4170,1.0000,,1787340855521.7925,19.5950,1.8400,10.2200,0.5000,1787340855521.7925,False,,,1,OP1,C1_ETHERNET_SIN_CARGA,medio
,0.4770,0.3380,0.4160,1.0000,,1787340855549.5962,19.5600,1.8400,10.2800,0.5000,1787340855549.5962,False,,,1,OP1,C1_ETHERNET_SIN_CARGA,medio
,0.4810,0.3340,0.4160,1.0000,,1787340855602.3936,19.5600,1.5200,10.0400,0.5000,1787340855602.3936,False,,,1,OP1,C1_ETHERNET_SIN_CARGA,medio
,0.4820,0.3330,0.4150,1.0000,,1787340855630.3396,19.5250,1.4400,9.9800,0.5000,1787340855630.3396,False,,,1,OP1,C1_ETHERNET_SIN_CARGA,medio
,0.4830,0.3330,0.4150,1.0000,,1787340855656.0527,19.5250,1.3600,9.9800,0.5000,1787340855656.0527,False,,,1,OP1,C1_ETHERNET_SIN_CARGA,medio
,0.4840,0.3330,0.4130,1.0000,,1787340855687.0037,19.4550,1.2800,9.9800,0.5000,1787340855689.0188,False,,,1,OP1,C1_ETHERNET_SIN_CARGA,medio
,0.4840,0.3350,0.4110,1.0000,,1787340855716.7468,19.3850,1.2800,10.1000,0.5000,1787340855718.7581,False,,,1,OP1,C1_ETHERNET_SIN_CARGA,medio
,0.4840,0.3380,0.4080,1.0000,,1787340855740.7405,19.2800,1.2800,10.2800,0.5000,1787340855740.7405,False,,,1,OP1,C1_ETHERNET_SIN_CARGA,medio
,0.4840,0.3400,0.4070,1.0000,,1787340855766.1990,19.2450,1.2800,10.4000,0.5000,1787340855766.1990,False,,,1,OP1,C1_ETHERNET_SIN_CARGA,medio
,0.4840,0.3420,0.4070,1.0000,,1787340855798.4204,19.2450,1.2800,10.5200,0.5000,1787340855798.4204,False,,,1,OP1,C1_ETHERNET_SIN_CARGA,medio
,0.4850,0.3430,0.4060,1.0000,,1787340855827.1638,19.2100,1.2000,10.5800,0.5000,1787340855827.1638,False,,,1,OP1,C1_ETHERNET_SIN_CARGA,medio
,0.4850,0.3440,0.4070,1.0000,,1787340855854.2615,19.2450,1.2000,10.6400,0.5000,1787340855856.2688,False,,,1,OP1,C1_ETHERNET_SIN_CARGA,medio
,0.4860,0.3450,0.4080,1.0000,,1787340855883.5227,19.2800,1.1200,10.7000,0.5000,1787340855884.4438,False,,,1,OP1,C1_ETHERNET_SIN_CARGA,medio
,0.4870,0.3470,0.4090,1.0000,,1787340855910.0454,19.3150,1.0400,10.8200,0.5000,1787340855910.0454,False,,,1,OP1,C1_ETHERNET_SIN_CARGA,medio
,0.4880,0.3490,0.4100,1.0000,,1787340855934.2141,19.3500,0.9600,10.9400,0.5000,1787340855940.8384,False,,,1,OP1,C1_ETHERNET_SIN_CARGA,medio
,0.4890,0.3500,0.4100,1.0000,,1787340855966.5176,19.3500,0.8800,11.0000,0.5000,1787340855966.5176,False,,,1,OP1,C1_ETHERNET_SIN_CARGA,medio
,0.4890,0.3510,0.4110,1.0000,,1787340855990.9814,19.3850,0.8800,11.0600,0.5000,1787340855990.9814,False,,,1,OP1,C1_ETHERNET_SIN_CARGA,medio
,0.4890,0.3520,0.4100,1.0000,,1787340856023.1228,19.3500,0.8800,11.1200,0.5000,1787340856023.1228,False,,,1,OP1,C1_ETHERNET_SIN_CARGA,medio
,0.4880,0.3520,0.4100,1.0000,,1787340856049.8306,19.3500,0.9600,11.1200,0.5000,1787340856049.8306,False,,,1,OP1,C1_ETHERNET_SIN_CARGA,medio
,0.4870,0.3520,0.4100,1.0000,,1787340856069.9211,19.3500,1.0400,11.1200,0.5000,1787340856069.9211,False,,,1,OP1,C1_ETHERNET_SIN_CARGA,medio
,0.4870,0.3520,0.4100,1.0000,,1787340856101.9741,19.3500,1.0400,11.1200,0.5000,1787340856101.9741,False,,,1,OP1,C1_ETHERNET_SIN_CARGA,medio
,0.4870,0.3530,0.4100,1.0000,,1787340856133.7295,19.3500,1.0400,11.1800,0.5000,1787340856133.7295,False,,,1,OP1,C1_ETHERNET_SIN_CARGA,medio
,0.4870,0.3530,0.4110,1.0000,,1787340856162.0393,19.3850,1.0400,11.1800,0.5000,1787340856162.0393,False,,,1,OP1,C1_ETHERNET_SIN_CARGA,medio
,0.4870,0.3530,0.4110,1.0000,,1787340856189.5845,19.3850,1.0400,11.1800,0.5000,1787340856190.5984,False,,,1,OP1,C1_ETHERNET_SIN_CARGA,medio
,0.4870,0.3530,0.4110,1.0000,,1787340856218.0273,19.3850,1.0400,11.1800,0.5000,1787340856220.0237,False,,,1,OP1,C1_ETHERNET_SIN_CARGA,medio
,0.4870,0.3530,0.4110,1.0000,,1787340856241.5957,19.3850,1.0400,11.1800,0.5000,1787340856241.5957,False,,,1,OP1,C1_ETHERNET_SIN_CARGA,medio
,0.4870,0.3530,0.4110,1.0000,,1787340856268.7520,19.3850,1.0400,11.1800,0.5000,1787340856268.7520,False,,,1,OP1,C1_ETHERNET_SIN_CARGA,medio
,0.4860,0.3540,0.4110,1.0000,,1787340856296.4834,19.3850,1.1200,11.2400,0.5000,1787340856296.4834,False,,,1,OP1,C1_ETHERNET_SIN_CARGA,medio
,0.4860,0.3550,0.4100,1.0000,,1787340856328.2454,19.3500,1.1200,11.3000,0.5000,1787340856328.2454,False,,,1,OP1,C1_ETHERNET_SIN_CARGA,medio
,0.4860,0.3560,0.4090,1.0000,,1787340856355.9106,19.3150,1.1200,11.3600,0.5000,1787340856355.9106,False,,,1,OP1,C1_ETHERNET_SIN_CARGA,medio
,0.4860,0.3570,0.4090,1.0000,,1787340856385.3413,19.3150,1.1200,11.4200,0.5000,1787340856387.3682,False,,,1,OP1,C1_ETHERNET_SIN_CARGA,medio
,0.4860,0.3580,0.4080,1.0000,,1787340856406.9778,19.2800,1.1200,11.4800,0.5000,1787340856406.9778,False,,,1,OP1,C1_ETHERNET_SIN_CARGA,medio
,0.4860,0.3590,0.4080,1.0000,,1787340856440.7473,19.2800,1.1200,11.5400,0.5000,1787340856440.7473,False,,,1,OP1,C1_ETHERNET_SIN_CARGA,medio
,0.4860,0.3600,0.4070,1.0000,,1787340856463.5994,19.2450,1.1200,11.6000,0.5000,1787340856470.7178,False,,,1,OP1,C1_ETHERNET_SIN_CARGA,medio
,0.4860,0.3600,0.4070,1.0000,,1787340856495.6189,19.2450,1.1200,11.6000,0.5000,1787340856497.6277,False,,,1,OP1,C1_ETHERNET_SIN_CARGA,medio
,0.4860,0.3610,0.4070,1.0000,,1787340856524.6504,19.2450,1.1200,11.6600,0.5000,1787340856524.6504,False,,,1,OP1,C1_ETHERNET_SIN_CARGA,medio
,0.4850,0.3620,0.4060,1.0000,,1787340856548.6917,19.2100,1.2000,11.7200,0.5000,1787340856553.8821,False,,,1,OP1,C1_ETHERNET_SIN_CARGA,medio
,0.4840,0.3640,0.4040,1.0000,,1787340856572.5852,19.1400,1.2800,11.8400,0.5000,1787340856572.5852,False,,,1,OP1,C1_ETHERNET_SIN_CARGA,medio
,0.4830,0.3650,0.4030,1.0000,,1787340856607.5496,19.1050,1.3600,11.9000,0.5000,1787340856607.5496,False,,,1,OP1,C1_ETHERNET_SIN_CARGA,medio
,0.4820,0.3670,0.4020,1.0000,,1787340856630.7964,19.0700,1.4400,12.0200,0.5000,1787340856630.7964,False,,,1,OP1,C1_ETHERNET_SIN_CARGA,medio
,0.4810,0.3670,0.4010,1.0000,,1787340856663.3757,19.0350,1.5200,12.0200,0.5000,1787340856663.8823,False,,,1,OP1,C1_ETHERNET_SIN_CARGA,medio
,0.4810,0.3670,0.4010,1.0000,,1787340856690.6211,19.0350,1.5200,12.0200,0.5000,1787340856690.6211,False,,,1,OP1,C1_ETHERNET_SIN_CARGA,medio
,0.4810,0.3680,0.4010,1.0000,,1787340856718.8955,19.0350,1.5200,12.0800,0.5000,1787340856720.9133,False,,,1,OP1,C1_ETHERNET_SIN_CARGA,medio
,0.4810,0.3680,0.4010,1.0000,,1787340856746.5671,19.0350,1.5200,12.0800,0.5000,1787340856746.5671,False,,,1,OP1,C1_ETHERNET_SIN_CARGA,medio
,0.4810,0.3680,0.4020,1.0000,,1787340856772.2251,19.0700,1.5200,12.0800,0.5000,1787340856772.2251,False,,,1,OP1,C1_ETHERNET_SIN_CARGA,medio
,0.4810,0.3680,0.4020,1.0000,,1787340856801.1462,19.0700,1.5200,12.0800,0.5000,1787340856801.1462,False,,,1,OP1,C1_ETHERNET_SIN_CARGA,medio
,0.4810,0.3680,0.4020,1.0000,,1787340856829.1772,19.0700,1.5200,12.0800,0.5000,1787340856829.1772,False,,,1,OP1,C1_ETHERNET_SIN_CARGA,medio
,0.4810,0.3680,0.4020,1.0000,,1787340856852.0393,19.0700,1.5200,12.0800,0.5000,1787340856852.0393,False,,,1,OP1,C1_ETHERNET_SIN_CARGA,medio
,0.4810,0.3690,0.4010,1.0000,,1787340856880.1206,19.0350,1.5200,12.1400,0.5000,1787340856888.0652,False,,,1,OP1,C1_ETHERNET_SIN_CARGA,medio
,0.4810,0.3690,0.4010,1.0000,,1787340856908.1235,19.0350,1.5200,12.1400,0.5000,1787340856908.1235,False,,,1,OP1,C1_ETHERNET_SIN_CARGA,medio
,0.4810,0.3690,0.4010,1.0000,,1787340856941.5994,19.0350,1.5200,12.1400,0.5000,1787340856941.5994,False,,,1,OP1,C1_ETHERNET_SIN_CARGA,medio
,0.4810,0.3690,0.4010,1.0000,,1787340856964.9509,19.0350,1.5200,12.1400,0.5000,1787340856964.9509,False,,,1,OP1,C1_ETHERNET_SIN_CARGA,medio
,0.4820,0.3690,0.4000,1.0000,,1787340856996.3066,19.0000,1.4400,12.1400,0.5000,1787340856998.3164,False,,,1,OP1,C1_ETHERNET_SIN_CARGA,medio
,0.4810,0.3690,0.4000,1.0000,,1787340857024.6287,19.0000,1.5200,12.1400,0.5000,1787340857026.7141,False,,,1,OP1,C1_ETHERNET_SIN_CARGA,medio
,0.4810,0.3690,0.4000,1.0000,,1787340857051.3311,19.0000,1.5200,12.1400,0.5000,1787340857051.3311,False,,,1,OP1,C1_ETHERNET_SIN_CARGA,medio
,0.4810,0.3690,0.4000,1.0000,,1787340857075.5635,19.0000,1.5200,12.1400,0.5000,1787340857075.5635,False,,,1,OP1,C1_ETHERNET_SIN_CARGA,medio
,0.4810,0.3690,0.4010,1.0000,,1787340857108.6519,19.0350,1.5200,12.1400,0.5000,1787340857108.6519,False,,,1,OP1,C1_ETHERNET_SIN_CARGA,medio
,0.4810,0.3690,0.4010,1.0000,,1787340857136.3105,19.0350,1.5200,12.1400,0.5000,1787340857136.3105,False,,,1,OP1,C1_ETHERNET_SIN_CARGA,medio
,0.4810,0.3690,0.4010,1.0000,,1787340857162.9070,19.0350,1.5200,12.1400,0.5000,1787340857164.9160,False,,,1,OP1,C1_ETHERNET_SIN_CARGA,medio
,0.4810,0.3690,0.4010,1.0000,,1787340857192.6785,19.0350,1.5200,12.1400,0.5000,1787340857193.3918,False,,,1,OP1,C1_ETHERNET_SIN_CARGA,medio
,0.4780,0.3700,0.4040,1.0000,,1787340857243.7368,19.1400,1.7600,12.2000,0.5000,1787340857243.7368,False,,,1,OP1,C1_ETHERNET_SIN_CARGA,medio
,0.4740,0.3730,0.4080,1.0000,,1787340857276.9692,19.2800,2.0800,12.3800,0.5000,1787340857276.9692,False,,,1,OP1,C1_ETHERNET_SIN_CARGA,medio
,0.4740,0.3760,0.4110,0.8950,,1787340857302.9155,19.3850,2.0800,12.5600,0.5945,1787340857302.9155,False,,,1,OP1,C1_ETHERNET_SIN_CARGA,medio
,0.4740,0.3780,0.4130,0.6240,,1787340857330.4392,19.4550,2.0800,12.6800,0.8384,1787340857332.4709,False,,,1,OP1,C1_ETHERNET_SIN_CARGA,medio
,0.4740,0.3790,0.4140,0.4120,,1787340857358.4807,19.4900,2.0800,12.7400,1.0292,1787340857361.5669,False,,,1,OP1,C1_ETHERNET_SIN_CARGA,medio
,0.4740,0.3800,0.4140,0.2570,,1787340857378.5859,19.4900,2.0800,12.8000,1.1687,1787340857378.5859,False,,,1,OP1,C1_ETHERNET_SIN_CARGA,medio
,0.4740,0.3810,0.4150,0.1520,,1787340857410.2583,19.5250,2.0800,12.8600,1.2632,1787340857410.2583,False,,,1,OP1,C1_ETHERNET_SIN_CARGA,medio
,0.4740,0.3820,0.4150,0.0620,,1787340857441.0125,19.5250,2.0800,12.9200,1.3442,1787340857441.0125,False,,,1,OP1,C1_ETHERNET_SIN_CARGA,medio
,0.4740,0.3830,0.4150,0.0000,,1787340857471.0325,19.5250,2.0800,12.9800,1.4000,1787340857471.0325,False,,,1,OP1,C1_ETHERNET_SIN_CARGA,medio
,0.4740,0.3840,0.4150,0.0000,,1787340857497.3672,19.5250,2.0800,13.0400,1.4000,1787340857497.3672,False,,,1,OP1,C1_ETHERNET_SIN_CARGA,medio
,0.4730,0.3860,0.4140,0.0470,,1787340857553.6921,19.4900,2.1600,13.1600,1.3577,1787340857553.6921,False,,,1,OP1,C1_ETHERNET_SIN_CARGA,medio
,0.4730,0.3870,0.4130,0.0480,,1787340857580.9907,19.4550,2.1600,13.2200,1.3568,1787340857582.7144,False,,,1,OP1,C1_ETHERNET_SIN_CARGA,medio
,0.4730,0.3870,0.4120,0.0390,,1787340857607.3403,19.4200,2.1600,13.2200,1.3649,1787340857607.3403,False,,,1,OP1,C1_ETHERNET_SIN_CARGA,medio
,0.4740,0.3860,0.4130,0.0340,,1787340857636.2478,19.4550,2.0800,13.1600,1.3694,1787340857638.2556,False,,,1,OP1,C1_ETHERNET_SIN_CARGA,medio
,0.4750,0.3860,0.4140,0.0230,,1787340857666.8052,19.4900,2.0000,13.1600,1.3793,1787340857666.8052,False,,,1,OP1,C1_ETHERNET_SIN_CARGA,medio
,0.4760,0.3860,0.4140,0.0130,,1787340857690.9111,19.4900,1.9200,13.1600,1.3883,1787340857690.9111,False,,,1,OP1,C1_ETHERNET_SIN_CARGA,medio
,0.4780,0.3860,0.4150,0.0040,,1787340857715.5352,19.5250,1.7600,13.1600,1.3964,1787340857715.5352,False,,,1,OP1,C1_ETHERNET_SIN_CARGA,medio
,0.4780,0.3870,0.4160,0.0000,,1787340857748.7002,19.5600,1.7600,13.2200,1.4000,1787340857748.7002,False,,,1,OP1,C1_ETHERNET_SIN_CARGA,medio
,0.4790,0.3860,0.4170,0.0000,,1787340857775.5200,19.5950,1.6800,13.1600,1.4000,1787340857775.5200,False,,,1,OP1,C1_ETHERNET_SIN_CARGA,medio
,0.4790,0.3860,0.4180,0.0000,,1787340857804.0391,19.6300,1.6800,13.1600,1.4000,1787340857804.0391,False,,,1,OP1,C1_ETHERNET_SIN_CARGA,medio
,0.4800,0.3860,0.4180,0.0000,,1787340857834.3733,19.6300,1.6000,13.1600,1.4000,1787340857834.3733,False,,,1,OP1,C1_ETHERNET_SIN_CARGA,medio
,0.4800,0.3870,0.4180,0.0000,,1787340857858.6350,19.6300,1.6000,13.2200,1.4000,1787340857858.6350,False,,,1,OP1,C1_ETHERNET_SIN_CARGA,medio
,0.4800,0.3870,0.4180,0.0000,,1787340857882.1514,19.6300,1.6000,13.2200,1.4000,1787340857890.8413,False,,,1,OP1,C1_ETHERNET_SIN_CARGA,medio
,0.4800,0.3860,0.4180,0.0000,,1787340857913.7917,19.6300,1.6000,13.1600,1.4000,1787340857913.7917,False,,,1,OP1,C1_ETHERNET_SIN_CARGA,medio
,0.4800,0.3860,0.4180,0.0000,,1787340857940.9507,19.6300,1.6000,13.1600,1.4000,1787340857940.9507,False,,,1,OP1,C1_ETHERNET_SIN_CARGA,medio
,0.4800,0.3860,0.4190,0.0000,,1787340857970.9407,19.6650,1.6000,13.1600,1.4000,1787340857970.9407,False,,,1,OP1,C1_ETHERNET_SIN_CARGA,medio
,0.4800,0.3850,0.4180,0.0000,,1787340857999.9722,19.6300,1.6000,13.1000,1.4000,1787340858001.9680,False,,,1,OP1,C1_ETHERNET_SIN_CARGA,medio
,0.4790,0.3850,0.4180,0.0000,,1787340858051.1665,19.6300,1.6800,13.1000,1.4000,1787340858051.1665,False,,,1,OP1,C1_ETHERNET_SIN_CARGA,medio
,0.4780,0.3850,0.4180,0.0000,,1787340858083.3867,19.6300,1.7600,13.1000,1.4000,1787340858083.3867,False,,,1,OP1,C1_ETHERNET_SIN_CARGA,medio
,0.4780,0.3840,0.4180,0.0000,,1787340858111.0142,19.6300,1.7600,13.0400,1.4000,1787340858111.0142,False,,,1,OP1,C1_ETHERNET_SIN_CARGA,medio
,0.4780,0.3840,0.4180,0.0000,,1787340858138.4817,19.6300,1.7600,13.0400,1.4000,1787340858140.4929,False,,,1,OP1,C1_ETHERNET_SIN_CARGA,medio
,0.4780,0.3840,0.4180,0.0000,,1787340858167.4282,19.6300,1.7600,13.0400,1.4000,1787340858167.9033,False,,,1,OP1,C1_ETHERNET_SIN_CARGA,medio
,0.4780,0.3840,0.4170,0.0000,,1787340858191.5867,19.5950,1.7600,13.0400,1.4000,1787340858191.5867,False,,,1,OP1,C1_ETHERNET_SIN_CARGA,medio
,0.4780,0.3840,0.4170,0.0000,,1787340858220.4238,19.5950,1.7600,13.0400,1.4000,1787340858220.4238,False,,,1,OP1,C1_ETHERNET_SIN_CARGA,medio
,0.4770,0.3840,0.4170,0.0000,,1787340858251.3098,19.5950,1.8400,13.0400,1.4000,1787340858251.3098,False,,,1,OP1,C1_ETHERNET_SIN_CARGA,medio
,0.4770,0.3840,0.4170,0.0000,,1787340858277.5569,19.5950,1.8400,13.0400,1.4000,1787340858277.5569,False,,,1,OP1,C1_ETHERNET_SIN_CARGA,medio
,0.4760,0.3840,0.4170,0.0000,,1787340858304.7087,19.5950,1.9200,13.0400,1.4000,1787340858304.7087,False,,,1,OP1,C1_ETHERNET_SIN_CARGA,medio
,0.4760,0.3840,0.4170,0.0000,,1787340858333.1123,19.5950,1.9200,13.0400,1.4000,1787340858333.1123,False,,,1,OP1,C1_ETHERNET_SIN_CARGA,medio
,0.4760,0.3840,0.4170,0.0000,,1787340858353.6514,19.5950,1.9200,13.0400,1.4000,1787340858364.3625,False,,,1,OP1,C1_ETHERNET_SIN_CARGA,medio
,0.4760,0.3840,0.4170,0.0000,,1787340858390.8508,19.5950,1.9200,13.0400,1.4000,1787340858390.8508,False,,,1,OP1,C1_ETHERNET_SIN_CARGA,medio
,0.4760,0.3840,0.4170,0.0000,,1787340858411.7947,19.5950,1.9200,13.0400,1.4000,1787340858419.2690,False,,,1,OP1,C1_ETHERNET_SIN_CARGA,medio
,0.4760,0.3840,0.4170,0.0000,,1787340858444.8069,19.5950,1.9200,13.0400,1.4000,1787340858444.8069,False,,,1,OP1,C1_ETHERNET_SIN_CARGA,medio
,0.4770,0.3830,0.4180,0.0000,,1787340858473.4707,19.6300,1.8400,12.9800,1.4000,1787340858475.4805,False,,,1,OP1,C1_ETHERNET_SIN_CARGA,medio
,0.4770,0.3830,0.4180,0.0000,,1787340858501.7266,19.6300,1.8400,12.9800,1.4000,1787340858501.7266,False,,,1,OP1,C1_ETHERNET_SIN_CARGA,medio
,0.4760,0.3820,0.4190,0.0000,,1787340858552.8792,19.6650,1.9200,12.9200,1.4000,1787340858552.8792,False,,,1,OP1,C1_ETHERNET_SIN_CARGA,medio
,0.4760,0.3820,0.4190,0.0000,,1787340858579.8726,19.6650,1.9200,12.9200,1.4000,1787340858579.8726,False,,,1,OP1,C1_ETHERNET_SIN_CARGA,medio
,0.4760,0.3820,0.4190,0.0000,,1787340858611.7578,19.6650,1.9200,12.9200,1.4000,1787340858611.7578,False,,,1,OP1,C1_ETHERNET_SIN_CARGA,medio
,0.4760,0.3820,0.4190,0.0000,,1787340858640.7598,19.6650,1.9200,12.9200,1.4000,1787340858640.7598,False,,,1,OP1,C1_ETHERNET_SIN_CARGA,medio
,0.4760,0.3820,0.4180,0.0000,,1787340858664.8093,19.6300,1.9200,12.9200,1.4000,1787340858669.5710,False,,,1,OP1,C1_ETHERNET_SIN_CARGA,medio
,0.4760,0.3820,0.4190,0.0000,,1787340858692.4514,19.6650,1.9200,12.9200,1.4000,1787340858692.4514,False,,,1,OP1,C1_ETHERNET_SIN_CARGA,medio
,0.4760,0.3820,0.4190,0.0000,,1787340858721.0320,19.6650,1.9200,12.9200,1.4000,1787340858721.0320,False,,,1,OP1,C1_ETHERNET_SIN_CARGA,medio
,0.4760,0.3830,0.4180,0.0000,,1787340858751.0576,19.6300,1.9200,12.9800,1.4000,1787340858751.0576,False,,,1,OP1,C1_ETHERNET_SIN_CARGA,medio
,0.4750,0.3820,0.4180,0.0000,,1787340858779.4958,19.6300,2.0000,12.9200,1.4000,1787340858779.4958,False,,,1,OP1,C1_ETHERNET_SIN_CARGA,medio
,0.4750,0.3820,0.4180,0.0000,,1787340858805.8337,19.6300,2.0000,12.9200,1.4000,1787340858807.8472,False,,,1,OP1,C1_ETHERNET_SIN_CARGA,medio
,0.4750,0.3810,0.4190,0.0000,,1787340858834.2126,19.6650,2.0000,12.8600,1.4000,1787340858836.8599,False,,,1,OP1,C1_ETHERNET_SIN_CARGA,medio
,0.4750,0.3810,0.4190,0.0000,,1787340858857.5793,19.6650,2.0000,12.8600,1.4000,1787340858857.5793,False,,,1,OP1,C1_ETHERNET_SIN_CARGA,medio
,0.4740,0.3800,0.4190,0.0000,,1787340858890.8594,19.6650,2.0800,12.8000,1.4000,1787340858890.8594,False,,,1,OP1,C1_ETHERNET_SIN_CARGA,medio
,0.4740,0.3790,0.4190,0.0000,,1787340858915.2598,19.6650,2.0800,12.7400,1.4000,1787340858915.2598,False,,,1,OP1,C1_ETHERNET_SIN_CARGA,medio
,0.4740,0.3790,0.4190,0.0000,,1787340858946.6943,19.6650,2.0800,12.7400,1.4000,1787340858947.7527,False,,,1,OP1,C1_ETHERNET_SIN_CARGA,medio
,0.4750,0.3790,0.4190,0.0000,,1787340858973.0667,19.6650,2.0000,12.7400,1.4000,1787340858975.1328,False,,,1,OP1,C1_ETHERNET_SIN_CARGA,medio
,0.4750,0.3780,0.4190,0.0000,,1787340859001.5122,19.6650,2.0000,12.6800,1.4000,1787340859001.5122,False,,,1,OP1,C1_ETHERNET_SIN_CARGA,medio
,0.4750,0.3780,0.4190,0.0000,,1787340859025.8042,19.6650,2.0000,12.6800,1.4000,1787340859025.8042,False,,,1,OP1,C1_ETHERNET_SIN_CARGA,medio
,0.4750,0.3780,0.4190,0.0000,,1787340859056.9612,19.6650,2.0000,12.6800,1.4000,1787340859056.9612,False,,,1,OP1,C1_ETHERNET_SIN_CARGA,medio
,0.4760,0.3760,0.4180,0.5980,,1787340859107.8850,19.6300,1.9200,12.5600,0.8618,1787340859107.8850,False,,,1,OP1,C1_ETHERNET_SIN_CARGA,medio
,0.4770,0.3730,0.4190,0.9890,,1787340859142.2664,19.6650,1.8400,12.3800,0.5099,1787340859143.1685,False,,,1,OP1,C1_ETHERNET_SIN_CARGA,medio
,0.4790,0.3660,0.4210,1.0000,,1787340859192.4937,19.7350,1.6800,11.9600,0.5000,1787340859192.4937,False,,,1,OP1,C1_ETHERNET_SIN_CARGA,medio
,0.4800,0.3640,0.4210,1.0000,,1787340859225.3386,19.7350,1.6000,11.8400,0.5000,1787340859227.3564,False,,,1,OP1,C1_ETHERNET_SIN_CARGA,medio
,0.4800,0.3630,0.4220,1.0000,,1787340859251.5688,19.7700,1.6000,11.7800,0.5000,1787340859251.5688,False,,,1,OP1,C1_ETHERNET_SIN_CARGA,medio
,0.4800,0.3630,0.4230,1.0000,,1787340859281.2197,19.8050,1.6000,11.7800,0.5000,1787340859281.2197,False,,,1,OP1,C1_ETHERNET_SIN_CARGA,medio
,0.4800,0.3630,0.4240,1.0000,,1787340859309.8926,19.8400,1.6000,11.7800,0.5000,1787340859309.8926,False,,,1,OP1,C1_ETHERNET_SIN_CARGA,medio
,0.4800,0.3640,0.4240,1.0000,,1787340859336.3904,19.8400,1.6000,11.8400,0.5000,1787340859336.3904,False,,,1,OP1,C1_ETHERNET_SIN_CARGA,medio
,0.4800,0.3650,0.4240,1.0000,,1787340859359.9338,19.8400,1.6000,11.9000,0.5000,1787340859359.9338,False,,,1,OP1,C1_ETHERNET_SIN_CARGA,medio
,0.4800,0.3670,0.4230,1.0000,,1787340859390.9949,19.8050,1.6000,12.0200,0.5000,1787340859393.2939,False,,,1,OP1,C1_ETHERNET_SIN_CARGA,medio
,0.4790,0.3690,0.4240,1.0000,,1787340859419.1023,19.8400,1.6800,12.1400,0.5000,1787340859419.1023,False,,,1,OP1,C1_ETHERNET_SIN_CARGA,medio
,0.4790,0.3700,0.4240,1.0000,,1787340859449.6685,19.8400,1.6800,12.2000,0.5000,1787340859449.6685,False,,,1,OP1,C1_ETHERNET_SIN_CARGA,medio
,0.4790,0.3700,0.4240,1.0000,,1787340859475.5078,19.8400,1.6800,12.2000,0.5000,1787340859475.5078,False,,,1,OP1,C1_ETHERNET_SIN_CARGA,medio
,0.4790,0.3710,0.4250,1.0000,,1787340859532.0481,19.8750,1.6800,12.2600,0.5000,1787340859533.7168,False,,,1,OP1,C1_ETHERNET_SIN_CARGA,medio
,0.4790,0.3720,0.4250,1.0000,,1787340859553.4878,19.8750,1.6800,12.3200,0.5000,1787340859560.8330,False,,,1,OP1,C1_ETHERNET_SIN_CARGA,medio
,0.4790,0.3720,0.4250,1.0000,,1787340859586.8777,19.8750,1.6800,12.3200,0.5000,1787340859589.1277,False,,,1,OP1,C1_ETHERNET_SIN_CARGA,medio
,0.4790,0.3730,0.4250,1.0000,,1787340859615.7561,19.8750,1.6800,12.3800,0.5000,1787340859615.7561,False,,,1,OP1,C1_ETHERNET_SIN_CARGA,medio
,0.4790,0.3730,0.4250,1.0000,,1787340859641.0110,19.8750,1.6800,12.3800,0.5000,1787340859644.0806,False,,,1,OP1,C1_ETHERNET_SIN_CARGA,medio
,0.4790,0.3740,0.4250,1.0000,,1787340859664.4829,19.8750,1.6800,12.4400,0.5000,1787340859664.4829,False,,,1,OP1,C1_ETHERNET_SIN_CARGA,medio
,0.4790,0.3740,0.4260,1.0000,,1787340859696.9536,19.9100,1.6800,12.4400,0.5000,1787340859696.9536,False,,,1,OP1,C1_ETHERNET_SIN_CARGA,medio
,0.4800,0.3740,0.4260,1.0000,,1787340859724.2136,19.9100,1.6000,12.4400,0.5000,1787340859724.2136,False,,,1,OP1,C1_ETHERNET_SIN_CARGA,medio
,0.4800,0.3750,0.4260,1.0000,,1787340859754.0093,19.9100,1.6000,12.5000,0.5000,1787340859754.0093,False,,,1,OP1,C1_ETHERNET_SIN_CARGA,medio
,0.4800,0.3750,0.4260,1.0000,,1787340859781.7798,19.9100,1.6000,12.5000,0.5000,1787340859781.7798,False,,,1,OP1,C1_ETHERNET_SIN_CARGA,medio
,0.4790,0.3760,0.4260,1.0000,,1787340859808.2363,19.9100,1.6800,12.5600,0.5000,1787340859811.7898,False,,,1,OP1,C1_ETHERNET_SIN_CARGA,medio
,0.4790,0.3760,0.4270,1.0000,,1787340859837.8547,19.9450,1.6800,12.5600,0.5000,1787340859837.8547,False,,,1,OP1,C1_ETHERNET_SIN_CARGA,medio
,0.4780,0.3760,0.4270,1.0000,,1787340859864.3105,19.9450,1.7600,12.5600,0.5000,1787340859864.3105,False,,,1,OP1,C1_ETHERNET_SIN_CARGA,medio
,0.4780,0.3770,0.4260,1.0000,,1787340859892.4260,19.9100,1.7600,12.6200,0.5000,1787340859892.4260,False,,,1,OP1,C1_ETHERNET_SIN_CARGA,medio
,0.4780,0.3770,0.4260,1.0000,,1787340859920.6121,19.9100,1.7600,12.6200,0.5000,1787340859920.6121,False,,,1,OP1,C1_ETHERNET_SIN_CARGA,medio
,0.4770,0.3770,0.4250,1.0000,,1787340859947.9451,19.8750,1.8400,12.6200,0.5000,1787340859950.7261,False,,,1,OP1,C1_ETHERNET_SIN_CARGA,medio
,0.4770,0.3770,0.4250,1.0000,,1787340859973.3010,19.8750,1.8400,12.6200,0.5000,1787340859973.3010,False,,,1,OP1,C1_ETHERNET_SIN_CARGA,medio
,0.4760,0.3770,0.4250,1.0000,,1787340860000.7732,19.8750,1.9200,12.6200,0.5000,1787340860006.0964,False,,,1,OP1,C1_ETHERNET_SIN_CARGA,medio
,0.4760,0.3770,0.4240,1.0000,,1787340860031.8992,19.8400,1.9200,12.6200,0.5000,1787340860033.2117,False,,,1,OP1,C1_ETHERNET_SIN_CARGA,medio
,0.4760,0.3770,0.4240,1.0000,,1787340860059.6702,19.8400,1.9200,12.6200,0.5000,1787340860059.6702,False,,,1,OP1,C1_ETHERNET_SIN_CARGA,medio
,0.4750,0.3770,0.4230,1.0000,,1787340860087.6006,19.8050,2.0000,12.6200,0.5000,1787340860089.6082,False,,,1,OP1,C1_ETHERNET_SIN_CARGA,medio
,0.4750,0.3770,0.4230,1.0000,,1787340860117.0369,19.8050,2.0000,12.6200,0.5000,1787340860117.0369,False,,,1,OP1,C1_ETHERNET_SIN_CARGA,medio
,0.4740,0.3770,0.4230,1.0000,,1787340860140.9248,19.8050,2.0800,12.6200,0.5000,1787340860145.7600,False,,,1,OP1,C1_ETHERNET_SIN_CARGA,medio
,0.4740,0.3770,0.4230,1.0000,,1787340860166.6841,19.8050,2.0800,12.6200,0.5000,1787340860166.6841,False,,,1,OP1,C1_ETHERNET_SIN_CARGA,medio
,0.4740,0.3770,0.4230,1.0000,,1787340860199.7207,19.8050,2.0800,12.6200,0.5000,1787340860200.0737,False,,,1,OP1,C1_ETHERNET_SIN_CARGA,medio
,0.4740,0.3770,0.4230,1.0000,,1787340860225.3193,19.8050,2.0800,12.6200,0.5000,1787340860225.3193,False,,,1,OP1,C1_ETHERNET_SIN_CARGA,medio
,0.4740,0.3770,0.4230,1.0000,,1787340860254.4724,19.8050,2.0800,12.6200,0.5000,1787340860256.4897,False,,,1,OP1,C1_ETHERNET_SIN_CARGA,medio
,0.4740,0.3770,0.4220,1.0000,,1787340860282.8311,19.7700,2.0800,12.6200,0.5000,1787340860282.8311,False,,,1,OP1,C1_ETHERNET_SIN_CARGA,medio
,0.4740,0.3770,0.4220,1.0000,,1787340860309.8625,19.7700,2.0800,12.6200,0.5000,1787340860309.8625,False,,,1,OP1,C1_ETHERNET_SIN_CARGA,medio
,0.4740,0.3770,0.4220,1.0000,,1787340860339.1694,19.7700,2.0800,12.6200,0.5000,1787340860339.1694,False,,,1,OP1,C1_ETHERNET_SIN_CARGA,medio
,0.4730,0.3770,0.4220,1.0000,,1787340860362.7175,19.7700,2.1600,12.6200,0.5000,1787340860362.7175,False,,,1,OP1,C1_ETHERNET_SIN_CARGA,medio
,0.4730,0.3780,0.4220,1.0000,,1787340860394.4106,19.7700,2.1600,12.6800,0.5000,1787340860394.4106,False,,,1,OP1,C1_ETHERNET_SIN_CARGA,medio
,0.4730,0.3780,0.4220,1.0000,,1787340860421.6638,19.7700,2.1600,12.6800,0.5000,1787340860421.6638,False,,,1,OP1,C1_ETHERNET_SIN_CARGA,medio
,0.4730,0.3780,0.4220,1.0000,,1787340860450.7319,19.7700,2.1600,12.6800,0.5000,1787340860451.4702,False,,,1,OP1,C1_ETHERNET_SIN_CARGA,medio
,0.4720,0.3780,0.4220,1.0000,,1787340860502.4963,19.7700,2.2400,12.6800,0.5000,1787340860502.4963,False,,,1,OP1,C1_ETHERNET_SIN_CARGA,medio
,0.4710,0.3780,0.4230,1.0000,,1787340860528.7571,19.8050,2.3200,12.6800,0.5000,1787340860528.7571,False,,,1,OP1,C1_ETHERNET_SIN_CARGA,medio
,0.4710,0.3780,0.4230,1.0000,,1787340860557.2573,19.8050,2.3200,12.6800,0.5000,1787340860557.2573,False,,,1,OP1,C1_ETHERNET_SIN_CARGA,medio
,0.4700,0.3770,0.4230,1.0000,,1787340860589.6631,19.8050,2.4000,12.6200,0.5000,1787340860589.6631,False,,,1,OP1,C1_ETHERNET_SIN_CARGA,medio
,0.4700,0.3770,0.4240,1.0000,,1787340860613.3782,19.8400,2.4000,12.6200,0.5000,1787340860618.6064,False,,,1,OP1,C1_ETHERNET_SIN_CARGA,medio
,0.4700,0.3770,0.4240,1.0000,,1787340860641.0820,19.8400,2.4000,12.6200,0.5000,1787340860641.0820,False,,,1,OP1,C1_ETHERNET_SIN_CARGA,medio
,0.4700,0.3770,0.4250,1.0000,,1787340860670.0234,19.8750,2.4000,12.6200,0.5000,1787340860670.0234,False,,,1,OP1,C1_ETHERNET_SIN_CARGA,medio
,0.4700,0.3770,0.4250,1.0000,,1787340860698.8506,19.8750,2.4000,12.6200,0.5000,1787340860698.8506,False,,,1,OP1,C1_ETHERNET_SIN_CARGA,medio
,0.4690,0.3770,0.4250,1.0000,,1787340860723.9778,19.8750,2.4800,12.6200,0.5000,1787340860723.9778,False,,,1,OP1,C1_ETHERNET_SIN_CARGA,medio
,0.4690,0.3770,0.4240,1.0000,,1787340860755.8259,19.8400,2.4800,12.6200,0.5000,1787340860757.8357,False,,,1,OP1,C1_ETHERNET_SIN_CARGA,medio
,0.4690,0.3780,0.4240,1.0000,,1787340860805.4565,19.8400,2.4800,12.6800,0.5000,1787340860805.4565,False,,,1,OP1,C1_ETHERNET_SIN_CARGA,medio
,0.4690,0.3780,0.4240,1.0000,,1787340860840.1951,19.8400,2.4800,12.6800,0.5000,1787340860840.8303,False,,,1,OP1,C1_ETHERNET_SIN_CARGA,medio
,0.4700,0.3780,0.4240,1.0000,,1787340860867.5181,19.8400,2.4000,12.6800,0.5000,1787340860868.6301,False,,,1,OP1,C1_ETHERNET_SIN_CARGA,medio
,0.4700,0.3790,0.4240,1.0000,,1787340860890.9885,19.8400,2.4000,12.7400,0.5000,1787340860890.9885,False,,,1,OP1,C1_ETHERNET_SIN_CARGA,medio
,0.4700,0.3790,0.4240,1.0000,,1787340860923.4980,19.8400,2.4000,12.7400,0.5000,1787340860925.5093,False,,,1,OP1,C1_ETHERNET_SIN_CARGA,medio
,0.4710,0.3800,0.4240,1.0000,,1787340860951.3157,19.8400,2.3200,12.8000,0.5000,1787340860951.3157,False,,,1,OP1,C1_ETHERNET_SIN_CARGA,medio
,0.4710,0.3810,0.4240,1.0000,,1787340860998.8452,19.8400,2.3200,12.8600,0.5000,1787340861009.2146,False,,,1,OP1,C1_ETHERNET_SIN_CARGA,medio
,0.4700,0.3810,0.4240,1.0000,,1787340861030.2117,19.8400,2.4000,12.8600,0.5000,1787340861030.2117,False,,,1,OP1,C1_ETHERNET_SIN_CARGA,medio
,0.4700,0.3810,0.4240,1.0000,,1787340861053.1562,19.8400,2.4000,12.8600,0.5000,1787340861063.7222,False,,,1,OP1,C1_ETHERNET_SIN_CARGA,medio
,0.4690,0.3800,0.4250,1.0000,,1787340861091.1816,19.8750,2.4800,12.8000,0.5000,1787340861091.1816,False,,,1,OP1,C1_ETHERNET_SIN_CARGA,medio
,0.4690,0.3800,0.4250,1.0000,,1787340861111.3540,19.8750,2.4800,12.8000,0.5000,1787340861121.0940,False,,,1,OP1,C1_ETHERNET_SIN_CARGA,medio
,0.4690,0.3800,0.4250,1.0000,,1787340861143.0173,19.8750,2.4800,12.8000,0.5000,1787340861143.0173,False,,,1,OP1,C1_ETHERNET_SIN_CARGA,medio
,0.4690,0.3800,0.4250,1.0000,,1787340861173.1497,19.8750,2.4800,12.8000,0.5000,1787340861173.1497,False,,,1,OP1,C1_ETHERNET_SIN_CARGA,medio
,0.4690,0.3790,0.4250,1.0000,,1787340861202.0725,19.8750,2.4800,12.7400,0.5000,1787340861202.0725,False,,,1,OP1,C1_ETHERNET_SIN_CARGA,medio
,0.4690,0.3800,0.4250,1.0000,,1787340861229.6528,19.8750,2.4800,12.8000,0.5000,1787340861229.6528,False,,,1,OP1,C1_ETHERNET_SIN_CARGA,medio
,0.4700,0.3800,0.4250,1.0000,,1787340861258.2358,19.8750,2.4000,12.8000,0.5000,1787340861259.1182,False,,,1,OP1,C1_ETHERNET_SIN_CARGA,medio
,0.4700,0.3800,0.4260,1.0000,,1787340861309.2585,19.9100,2.4000,12.8000,0.5000,1787340861309.2585,False,,,1,OP1,C1_ETHERNET_SIN_CARGA,medio
,0.4710,0.3810,0.4260,1.0000,,1787340861340.9531,19.9100,2.3200,12.8600,0.5000,1787340861340.9531,False,,,1,OP1,C1_ETHERNET_SIN_CARGA,medio
,0.4710,0.3810,0.4260,1.0000,,1787340861368.7185,19.9100,2.3200,12.8600,0.5000,1787340861368.7185,False,,,1,OP1,C1_ETHERNET_SIN_CARGA,medio
,0.4720,0.3820,0.4250,1.0000,,1787340861397.3638,19.8750,2.2400,12.9200,0.5000,1787340861397.3638,False,,,1,OP1,C1_ETHERNET_SIN_CARGA,medio
,0.4720,0.3820,0.4250,1.0000,,1787340861424.7212,19.8750,2.2400,12.9200,0.5000,1787340861426.7651,False,,,1,OP1,C1_ETHERNET_SIN_CARGA,medio
,0.4730,0.3820,0.4250,1.0000,,1787340861451.6084,19.8750,2.1600,12.9200,0.5000,1787340861451.6084,False,,,1,OP1,C1_ETHERNET_SIN_CARGA,medio
,0.4730,0.3820,0.4250,1.0000,,1787340861474.8926,19.8750,2.1600,12.9200,0.5000,1787340861474.8926,False,,,1,OP1,C1_ETHERNET_SIN_CARGA,medio
,0.4740,0.3830,0.4260,1.0000,,1787340861505.6892,19.9100,2.0800,12.9800,0.5000,1787340861505.6892,False,,,1,OP1,C1_ETHERNET_SIN_CARGA,medio
,0.4740,0.3830,0.4260,1.0000,,1787340861534.5544,19.9100,2.0800,12.9800,0.5000,1787340861536.5632,False,,,1,OP1,C1_ETHERNET_SIN_CARGA,medio
,0.4750,0.3840,0.4250,1.0000,,1787340861564.1072,19.8750,2.0000,13.0400,0.5000,1787340861564.1072,False,,,1,OP1,C1_ETHERNET_SIN_CARGA,medio
,0.4760,0.3840,0.4250,1.0000,,1787340861592.7253,19.8750,1.9200,13.0400,0.5000,1787340861594.2407,False,,,1,OP1,C1_ETHERNET_SIN_CARGA,medio
,0.4770,0.3850,0.4250,1.0000,,1787340861614.2869,19.8750,1.8400,13.1000,0.5000,1787340861614.2869,False,,,1,OP1,C1_ETHERNET_SIN_CARGA,medio
,0.4780,0.3860,0.4250,1.0000,,1787340861646.3093,19.8750,1.7600,13.1600,0.5000,1787340861646.3093,False,,,1,OP1,C1_ETHERNET_SIN_CARGA,medio
,0.4790,0.3870,0.4250,1.0000,,1787340861670.1047,19.8750,1.6800,13.2200,0.5000,1787340861670.1047,False,,,1,OP1,C1_ETHERNET_SIN_CARGA,medio
,0.4810,0.3880,0.4240,1.0000,,1787340861703.0535,19.8400,1.5200,13.2800,0.5000,1787340861704.0630,False,,,1,OP1,C1_ETHERNET_SIN_CARGA,medio
,0.4820,0.3890,0.4230,1.0000,,1787340861732.1504,19.8050,1.4400,13.3400,0.5000,1787340861732.1504,False,,,1,OP1,C1_ETHERNET_SIN_CARGA,medio
,0.4830,0.3900,0.4230,1.0000,,1787340861759.7205,19.8050,1.3600,13.4000,0.5000,1787340861761.7329,False,,,1,OP1,C1_ETHERNET_SIN_CARGA,medio
,0.4830,0.3910,0.4220,1.0000,,1787340861782.1533,19.7700,1.3600,13.4600,0.5000,1787340861782.1533,False,,,1,OP1,C1_ETHERNET_SIN_CARGA,medio
,0.4840,0.3920,0.4210,1.0000,,1787340861812.9658,19.7350,1.2800,13.5200,0.5000,1787340861812.9658,False,,,1,OP1,C1_ETHERNET_SIN_CARGA,medio
,0.4840,0.3920,0.4210,1.0000,,1787340861840.7339,19.7350,1.2800,13.5200,0.5000,1787340861840.7339,False,,,1,OP1,C1_ETHERNET_SIN_CARGA,medio
,0.4840,0.3930,0.4210,1.0000,,1787340861869.0320,19.7350,1.2800,13.5800,0.5000,1787340861869.0320,False,,,1,OP1,C1_ETHERNET_SIN_CARGA,medio
,0.4840,0.3930,0.4210,1.0000,,1787340861897.7727,19.7350,1.2800,13.5800,0.5000,1787340861898.7837,False,,,1,OP1,C1_ETHERNET_SIN_CARGA,medio
,0.4850,0.3930,0.4220,1.0000,,1787340861947.6980,19.7700,1.2000,13.5800,0.5000,1787340861947.6980,False,,,1,OP1,C1_ETHERNET_SIN_CARGA,medio
,0.4850,0.3940,0.4220,1.0000,,1787340861980.5718,19.7700,1.2000,13.6400,0.5000,1787340861980.5718,False,,,1,OP1,C1_ETHERNET_SIN_CARGA,medio
,0.4860,0.3950,0.4240,1.0000,,1787340862008.8503,19.8400,1.1200,13.7000,0.5000,1787340862008.8503,False,,,1,OP1,C1_ETHERNET_SIN_CARGA,medio
,0.4870,0.3950,0.4250,1.0000,,1787340862036.3845,19.8750,1.0400,13.7000,0.5000,1787340862038.3936,False,,,1,OP1,C1_ETHERNET_SIN_CARGA,medio
,0.4880,0.3960,0.4250,1.0000,,1787340862066.8750,19.8750,0.9600,13.7600,0.5000,1787340862066.8750,False,,,1,OP1,C1_ETHERNET_SIN_CARGA,medio
,0.4890,0.3970,0.4260,1.0000,,1787340862090.6023,19.9100,0.8800,13.8200,0.5000,1787340862090.6023,False,,,1,OP1,C1_ETHERNET_SIN_CARGA,medio
,0.4920,0.3980,0.4270,1.0000,,1787340862115.1411,19.9450,0.6400,13.8800,0.5000,1787340862115.1411,False,,,1,OP1,C1_ETHERNET_SIN_CARGA,medio
,0.4940,0.3990,0.4290,1.0000,,1787340862148.3862,20.0150,0.4800,13.9400,0.5000,1787340862148.3862,False,,,1,OP1,C1_ETHERNET_SIN_CARGA,medio
,0.4960,0.4000,0.4280,1.0000,,1787340862175.9282,19.9800,0.3200,14.0000,0.5000,1787340862175.9282,False,,,1,OP1,C1_ETHERNET_SIN_CARGA,medio
,0.4980,0.4010,0.4280,1.0000,,1787340862204.9902,19.9800,0.1600,14.0600,0.5000,1787340862204.9902,False,,,1,OP1,C1_ETHERNET_SIN_CARGA,medio
,0.5000,0.4020,0.4270,1.0000,,1787340862232.4880,19.9450,0.0000,14.1200,0.5000,1787340862234.4814,False,,,1,OP1,C1_ETHERNET_SIN_CARGA,medio
,0.5020,0.4020,0.4270,1.0000,,1787340862283.2146,19.9450,-0.1600,14.1200,0.5000,1787340862283.2146,False,,,1,OP1,C1_ETHERNET_SIN_CARGA,medio
,0.5020,0.4020,0.4280,1.0000,,1787340862316.1238,19.9800,-0.1600,14.1200,0.5000,1787340862316.8745,False,,,1,OP1,C1_ETHERNET_SIN_CARGA,medio
,0.5030,0.4020,0.4280,1.0000,,1787340862344.2419,19.9800,-0.2400,14.1200,0.5000,1787340862344.2419,False,,,1,OP1,C1_ETHERNET_SIN_CARGA,medio
,0.5030,0.4020,0.4280,1.0000,,1787340862369.8147,19.9800,-0.2400,14.1200,0.5000,1787340862371.8210,False,,,1,OP1,C1_ETHERNET_SIN_CARGA,medio
,0.5040,0.4020,0.4280,1.0000,,1787340862400.2637,19.9800,-0.3200,14.1200,0.5000,1787340862400.2637,False,,,1,OP1,C1_ETHERNET_SIN_CARGA,medio
,0.5040,0.4020,0.4280,1.0000,,1787340862420.9500,19.9800,-0.3200,14.1200,0.5000,1787340862420.9500,False,,,1,OP1,C1_ETHERNET_SIN_CARGA,medio
,0.5040,0.4010,0.4280,1.0000,,1787340862450.5020,19.9800,-0.3200,14.0600,0.5000,1787340862450.5020,False,,,1,OP1,C1_ETHERNET_SIN_CARGA,medio
,0.5040,0.4010,0.4280,1.0000,,1787340862476.1501,19.9800,-0.3200,14.0600,0.5000,1787340862483.9233,False,,,1,OP1,C1_ETHERNET_SIN_CARGA,medio
,0.5040,0.4010,0.4280,1.0000,,1787340862510.1101,19.9800,-0.3200,14.0600,0.5000,1787340862510.1101,False,,,1,OP1,C1_ETHERNET_SIN_CARGA,medio
,0.5030,0.4010,0.4280,1.0000,,1787340862538.8997,19.9800,-0.2400,14.0600,0.5000,1787340862538.8997,False,,,1,OP1,C1_ETHERNET_SIN_CARGA,medio
,0.5030,0.4000,0.4280,1.0000,,1787340862561.9143,19.9800,-0.2400,14.0000,0.5000,1787340862567.2793,False,,,1,OP1,C1_ETHERNET_SIN_CARGA,medio
,0.5020,0.4000,0.4300,1.0000,,1787340862591.2620,20.0500,-0.1600,14.0000,0.5000,1787340862591.2620,False,,,1,OP1,C1_ETHERNET_SIN_CARGA,medio
,0.5000,0.4000,0.4320,1.0000,,1787340862618.6973,20.1200,0.0000,14.0000,0.5000,1787340862618.6973,False,,,1,OP1,C1_ETHERNET_SIN_CARGA,medio
,0.4990,0.4000,0.4330,1.0000,,1787340862646.2449,20.1550,0.0800,14.0000,0.5000,1787340862646.2449,False,,,1,OP1,C1_ETHERNET_SIN_CARGA,medio
,0.4980,0.4000,0.4340,1.0000,,1787340862676.5530,20.1900,0.1600,14.0000,0.5000,1787340862676.5530,False,,,1,OP1,C1_ETHERNET_SIN_CARGA,medio
,0.4960,0.4000,0.4360,1.0000,,1787340862705.1956,20.2600,0.3200,14.0000,0.5000,1787340862707.2031,False,,,1,OP1,C1_ETHERNET_SIN_CARGA,medio
,0.4940,0.4000,0.4360,1.0000,,1787340862733.9492,20.2600,0.4800,14.0000,0.5000,1787340862734.9580,False,,,1,OP1,C1_ETHERNET_SIN_CARGA,medio
,0.4930,0.4000,0.4360,1.0000,,1787340862762.6597,20.2600,0.5600,14.0000,0.5000,1787340862762.6597,False,,,1,OP1,C1_ETHERNET_SIN_CARGA,medio
,0.4910,0.4000,0.4360,1.0000,,1787340862786.2471,20.2600,0.7200,14.0000,0.5000,1787340862786.2471,False,,,1,OP1,C1_ETHERNET_SIN_CARGA,medio
,0.4890,0.4010,0.4370,1.0000,,1787340862816.8472,20.2950,0.8800,14.0600,0.5000,1787340862816.8472,False,,,1,OP1,C1_ETHERNET_SIN_CARGA,medio
,0.4880,0.4010,0.4370,1.0000,,1787340862844.9937,20.2950,0.9600,14.0600,0.5000,1787340862844.9937,False,,,1,OP1,C1_ETHERNET_SIN_CARGA,medio
,0.4880,0.4010,0.4370,1.0000,,1787340862874.0146,20.2950,0.9600,14.0600,0.5000,1787340862876.0259,False,,,1,OP1,C1_ETHERNET_SIN_CARGA,medio
,0.4870,0.4020,0.4380,1.0000,,1787340862922.6948,20.3300,1.0400,14.1200,0.5000,1787340862922.6948,False,,,1,OP1,C1_ETHERNET_SIN_CARGA,medio
,0.4870,0.4010,0.4370,1.0000,,1787340862954.4578,20.2950,1.0400,14.0600,0.5000,1787340862954.4578,False,,,1,OP1,C1_ETHERNET_SIN_CARGA,medio
,0.4870,0.4010,0.4370,1.0000,,1787340862983.6414,20.2950,1.0400,14.0600,0.5000,1787340862984.3689,False,,,1,OP1,C1_ETHERNET_SIN_CARGA,medio
,0.4870,0.4010,0.4360,1.0000,,1787340863012.9036,20.2600,1.0400,14.0600,0.5000,1787340863012.9036,False,,,1,OP1,C1_ETHERNET_SIN_CARGA,medio
,0.4870,0.4010,0.4360,1.0000,,1787340863040.4871,20.2600,1.0400,14.0600,0.5000,1787340863041.5347,False,,,1,OP1,C1_ETHERNET_SIN_CARGA,medio
,0.4860,0.4000,0.4360,1.0000,,1787340863065.5283,20.2600,1.1200,14.0000,0.5000,1787340863065.5283,False,,,1,OP1,C1_ETHERNET_SIN_CARGA,medio
,0.4860,0.4010,0.4360,1.0000,,1787340863091.1147,20.2600,1.1200,14.0600,0.5000,1787340863091.1147,False,,,1,OP1,C1_ETHERNET_SIN_CARGA,medio
,0.4860,0.4020,0.4360,1.0000,,1787340863122.2244,20.2600,1.1200,14.1200,0.5000,1787340863122.2244,False,,,1,OP1,C1_ETHERNET_SIN_CARGA,medio
,0.4860,0.4030,0.4360,1.0000,,1787340863151.5137,20.2600,1.1200,14.1800,0.5000,1787340863151.5137,False,,,1,OP1,C1_ETHERNET_SIN_CARGA,medio
,0.4870,0.4050,0.4380,0.8510,,1787340863179.5288,20.3300,1.0400,14.3000,0.6341,1787340863179.5288,False,,,1,OP1,C1_ETHERNET_SIN_CARGA,medio
,0.4880,0.4080,0.4390,0.4580,,1787340863205.4331,20.3650,0.9600,14.4800,0.9878,1787340863207.6577,False,,,1,OP1,C1_ETHERNET_SIN_CARGA,medio
,0.4890,0.4120,0.4380,0.1920,,1787340863225.8979,20.3300,0.8800,14.7200,1.2272,1787340863225.8979,False,,,1,OP1,C1_ETHERNET_SIN_CARGA,medio
,0.4890,0.4220,0.4340,0.0040,,1787340863257.9531,20.1900,0.8800,15.3200,1.3964,1787340863257.9531,False,,,1,OP1,C1_ETHERNET_SIN_CARGA,medio
,0.4900,0.4270,0.4320,0.1160,,1787340863290.5125,20.1200,0.8000,15.6200,1.2956,1787340863290.5125,False,,,1,OP1,C1_ETHERNET_SIN_CARGA,medio
,0.4920,0.4290,0.4310,0.2130,,1787340863316.9504,20.0850,0.6400,15.7400,1.2083,1787340863316.9504,False,,,1,OP1,C1_ETHERNET_SIN_CARGA,medio
,0.4940,0.4300,0.4290,0.1700,,1787340863345.3115,20.0150,0.4800,15.8000,1.2470,1787340863347.3237,False,,,1,OP1,C1_ETHERNET_SIN_CARGA,medio
,0.4960,0.4270,0.4280,0.0990,,1787340863373.8752,19.9800,0.3200,15.6200,1.3109,1787340863373.8752,False,,,1,OP1,C1_ETHERNET_SIN_CARGA,medio
,0.4960,0.4250,0.4280,0.0720,,1787340863401.2998,19.9800,0.3200,15.5000,1.3352,1787340863401.2998,False,,,1,OP1,C1_ETHERNET_SIN_CARGA,medio
,0.4960,0.4240,0.4280,0.0520,,1787340863425.0483,19.9800,0.3200,15.4400,1.3532,1787340863425.0483,False,,,1,OP1,C1_ETHERNET_SIN_CARGA,medio
,0.4960,0.4240,0.4280,0.0210,,1787340863453.4380,19.9800,0.3200,15.4400,1.3811,1787340863453.4380,False,,,1,OP1,C1_ETHERNET_SIN_CARGA,medio
,0.4970,0.4230,0.4280,0.0030,,1787340863481.4387,19.9800,0.2400,15.3800,1.3973,1787340863481.4387,False,,,1,OP1,C1_ETHERNET_SIN_CARGA,medio
,0.4970,0.4230,0.4280,0.0000,,1787340863513.2200,19.9800,0.2400,15.3800,1.4000,1787340863513.2200,False,,,1,OP1,C1_ETHERNET_SIN_CARGA,medio
,0.4970,0.4230,0.4280,0.0000,,1787340863538.6560,19.9800,0.2400,15.3800,1.4000,1787340863541.2729,False,,,1,OP1,C1_ETHERNET_SIN_CARGA,medio
,0.4980,0.4230,0.4270,0.0000,,1787340863560.4290,19.9450,0.1600,15.3800,1.4000,1787340863560.4290,False,,,1,OP1,C1_ETHERNET_SIN_CARGA,medio
,0.4990,0.4230,0.4270,0.0000,,1787340863593.1235,19.9450,0.0800,15.3800,1.4000,1787340863593.1235,False,,,1,OP1,C1_ETHERNET_SIN_CARGA,medio
,0.4990,0.4230,0.4270,0.0000,,1787340863616.5254,19.9450,0.0800,15.3800,1.4000,1787340863626.0557,False,,,1,OP1,C1_ETHERNET_SIN_CARGA,medio
,0.4990,0.4240,0.4270,0.0000,,1787340863652.4961,19.9450,0.0800,15.4400,1.4000,1787340863652.4961,False,,,1,OP1,C1_ETHERNET_SIN_CARGA,medio
,0.5000,0.4240,0.4280,0.0000,,1787340863679.4221,19.9800,0.0000,15.4400,1.4000,1787340863681.4353,False,,,1,OP1,C1_ETHERNET_SIN_CARGA,medio
,0.5000,0.4250,0.4280,0.0000,,1787340863702.1738,19.9800,0.0000,15.5000,1.4000,1787340863709.4907,False,,,1,OP1,C1_ETHERNET_SIN_CARGA,medio
,0.5000,0.4250,0.4290,0.0000,,1787340863729.9978,20.0150,0.0000,15.5000,1.4000,1787340863729.9978,False,,,1,OP1,C1_ETHERNET_SIN_CARGA,medio
,0.5000,0.4260,0.4290,0.0000,,1787340863759.8196,20.0150,0.0000,15.5600,1.4000,1787340863759.8196,False,,,1,OP1,C1_ETHERNET_SIN_CARGA,medio
,0.5000,0.4260,0.4290,0.0000,,1787340863791.4976,20.0150,0.0000,15.5600,1.4000,1787340863791.4976,False,,,1,OP1,C1_ETHERNET_SIN_CARGA,medio
,0.5000,0.4260,0.4290,0.0000,,1787340863818.6162,20.0150,0.0000,15.5600,1.4000,1787340863818.6162,False,,,1,OP1,C1_ETHERNET_SIN_CARGA,medio
,0.5000,0.4260,0.4290,0.0000,,1787340863848.7803,20.0150,0.0000,15.5600,1.4000,1787340863848.7803,False,,,1,OP1,C1_ETHERNET_SIN_CARGA,medio
,0.5010,0.4270,0.4290,0.0000,,1787340863897.3777,20.0150,-0.0800,15.6200,1.4000,1787340863897.3777,False,,,1,OP1,C1_ETHERNET_SIN_CARGA,medio
,0.5010,0.4270,0.4280,0.0000,,1787340863929.0251,19.9800,-0.0800,15.6200,1.4000,1787340863929.0251,False,,,1,OP1,C1_ETHERNET_SIN_CARGA,medio
,0.5010,0.4270,0.4280,0.0000,,1787340863956.9902,19.9800,-0.0800,15.6200,1.4000,1787340863956.9902,False,,,1,OP1,C1_ETHERNET_SIN_CARGA,medio
,0.5010,0.4270,0.4270,0.0000,,1787340863987.4941,19.9450,-0.0800,15.6200,1.4000,1787340863987.4941,False,,,1,OP1,C1_ETHERNET_SIN_CARGA,medio
,0.5000,0.4260,0.4260,0.0000,,1787340864015.8298,19.9100,0.0000,15.5600,1.4000,1787340864015.8298,False,,,1,OP1,C1_ETHERNET_SIN_CARGA,medio
,0.5000,0.4260,0.4260,0.0000,,1787340864040.6208,19.9100,0.0000,15.5600,1.4000,1787340864045.2625,False,,,1,OP1,C1_ETHERNET_SIN_CARGA,medio
,0.4990,0.4260,0.4250,0.0000,,1787340864064.1492,19.8750,0.0800,15.5600,1.4000,1787340864064.1492,False,,,1,OP1,C1_ETHERNET_SIN_CARGA,medio
,0.4990,0.4260,0.4240,0.0000,,1787340864097.1787,19.8400,0.0800,15.5600,1.4000,1787340864097.1787,False,,,1,OP1,C1_ETHERNET_SIN_CARGA,medio
,0.4990,0.4260,0.4230,0.0000,,1787340864119.3538,19.8050,0.0800,15.5600,1.4000,1787340864119.3538,False,,,1,OP1,C1_ETHERNET_SIN_CARGA,medio
,0.4990,0.4260,0.4230,0.0000,,1787340864149.2893,19.8050,0.0800,15.5600,1.4000,1787340864149.2893,False,,,1,OP1,C1_ETHERNET_SIN_CARGA,medio
,0.4990,0.4250,0.4220,0.0000,,1787340864181.6282,19.7700,0.0800,15.5000,1.4000,1787340864182.5513,False,,,1,OP1,C1_ETHERNET_SIN_CARGA,medio
,0.4990,0.4250,0.4230,0.0000,,1787340864209.3591,19.8050,0.0800,15.5000,1.4000,1787340864213.3962,False,,,1,OP1,C1_ETHERNET_SIN_CARGA,medio
,0.4990,0.4250,0.4230,0.0000,,1787340864233.5522,19.8050,0.0800,15.5000,1.4000,1787340864233.5522,False,,,1,OP1,C1_ETHERNET_SIN_CARGA,medio
,0.4990,0.4250,0.4230,0.0000,,1787340864266.1660,19.8050,0.0800,15.5000,1.4000,1787340864266.1660,False,,,1,OP1,C1_ETHERNET_SIN_CARGA,medio
,0.5000,0.4250,0.4240,0.0000,,1787340864290.7349,19.8400,0.0000,15.5000,1.4000,1787340864290.7349,False,,,1,OP1,C1_ETHERNET_SIN_CARGA,medio
,0.5000,0.4250,0.4230,0.0000,,1787340864320.6160,19.8050,0.0000,15.5000,1.4000,1787340864320.6160,False,,,1,OP1,C1_ETHERNET_SIN_CARGA,medio
,0.4990,0.4250,0.4220,0.0000,,1787340864348.8125,19.7700,0.0800,15.5000,1.4000,1787340864349.5691,False,,,1,OP1,C1_ETHERNET_SIN_CARGA,medio
,0.5000,0.4240,0.4210,0.0000,,1787340864404.6301,19.7350,0.0000,15.4400,1.4000,1787340864404.6301,False,,,1,OP1,C1_ETHERNET_SIN_CARGA,medio
,0.4990,0.4240,0.4210,0.0000,,1787340864432.4612,19.7350,0.0800,15.4400,1.4000,1787340864432.4612,False,,,1,OP1,C1_ETHERNET_SIN_CARGA,medio
,0.5000,0.4240,0.4200,0.0000,,1787340864459.2322,19.7000,0.0000,15.4400,1.4000,1787340864459.2322,False,,,1,OP1,C1_ETHERNET_SIN_CARGA,medio
,0.5000,0.4240,0.4200,0.0000,,1787340864488.6108,19.7000,0.0000,15.4400,1.4000,1787340864488.6108,False,,,1,OP1,C1_ETHERNET_SIN_CARGA,medio
,0.5000,0.4240,0.4200,0.0000,,1787340864515.9749,19.7000,0.0000,15.4400,1.4000,1787340864517.6758,False,,,1,OP1,C1_ETHERNET_SIN_CARGA,medio
,0.5000,0.4240,0.4200,0.0000,,1787340864540.7017,19.7000,0.0000,15.4400,1.4000,1787340864540.7017,False,,,1,OP1,C1_ETHERNET_SIN_CARGA,medio
,0.5000,0.4240,0.4190,0.0000,,1787340864567.0420,19.6650,0.0000,15.4400,1.4000,1787340864567.0420,False,,,1,OP1,C1_ETHERNET_SIN_CARGA,medio
,0.5000,0.4240,0.4190,0.0000,,1787340864590.9282,19.6650,0.0000,15.4400,1.4000,1787340864590.9282,False,,,1,OP1,C1_ETHERNET_SIN_CARGA,medio
,0.5000,0.4240,0.4200,0.0000,,1787340864627.8318,19.7000,0.0000,15.4400,1.4000,1787340864629.8391,False,,,1,OP1,C1_ETHERNET_SIN_CARGA,medio
,0.5000,0.4240,0.4200,0.0000,,1787340864653.4163,19.7000,0.0000,15.4400,1.4000,1787340864656.2246,False,,,1,OP1,C1_ETHERNET_SIN_CARGA,medio
,0.5000,0.4240,0.4190,0.0000,,1787340864701.8628,19.6650,0.0000,15.4400,1.4000,1787340864712.4490,False,,,1,OP1,C1_ETHERNET_SIN_CARGA,medio
,0.4990,0.4240,0.4190,0.0000,,1787340864735.1284,19.6650,0.0800,15.4400,1.4000,1787340864735.1284,False,,,1,OP1,C1_ETHERNET_SIN_CARGA,medio
,0.4990,0.4240,0.4190,0.0000,,1787340864760.9861,19.6650,0.0800,15.4400,1.4000,1787340864760.9861,False,,,1,OP1,C1_ETHERNET_SIN_CARGA,medio
,0.4980,0.4240,0.4200,0.0000,,1787340864790.6233,19.7000,0.1600,15.4400,1.4000,1787340864790.6233,False,,,1,OP1,C1_ETHERNET_SIN_CARGA,medio
,0.4980,0.4240,0.4200,0.3380,,1787340864822.9995,19.7000,0.1600,15.4400,1.0958,1787340864825.0076,False,,,1,OP1,C1_ETHERNET_SIN_CARGA,medio
,0.4990,0.4240,0.4200,0.6570,,1787340864848.0159,19.7000,0.0800,15.4400,0.8087,1787340864848.0159,False,,,1,OP1,C1_ETHERNET_SIN_CARGA,medio
,0.4990,0.4220,0.4210,0.8930,,1787340864871.2068,19.7350,0.0800,15.3200,0.5963,1787340864871.2068,False,,,1,OP1,C1_ETHERNET_SIN_CARGA,medio
,0.5000,0.4200,0.4220,1.0000,,1787340864902.8899,19.7700,0.0000,15.2000,0.5000,1787340864902.8899,False,,,1,OP1,C1_ETHERNET_SIN_CARGA,medio
,0.5020,0.4160,0.4230,1.0000,,1787340864932.5833,19.8050,-0.1600,14.9600,0.5000,1787340864932.5833,False,,,1,OP1,C1_ETHERNET_SIN_CARGA,medio
,0.5030,0.4120,0.4250,1.0000,,1787340864961.2429,19.8750,-0.2400,14.7200,0.5000,1787340864962.7515,False,,,1,OP1,C1_ETHERNET_SIN_CARGA,medio
,0.5040,0.4100,0.4270,1.0000,,1787340864991.1538,19.9450,-0.3200,14.6000,0.5000,1787340864991.1538,False,,,1,OP1,C1_ETHERNET_SIN_CARGA,medio
,0.5040,0.4090,0.4280,1.0000,,1787340865015.6716,19.9800,-0.3200,14.5400,0.5000,1787340865015.6716,False,,,1,OP1,C1_ETHERNET_SIN_CARGA,medio
,0.5040,0.4090,0.4280,1.0000,,1787340865041.0354,19.9800,-0.3200,14.5400,0.5000,1787340865048.6553,False,,,1,OP1,C1_ETHERNET_SIN_CARGA,medio
,0.5030,0.4090,0.4280,1.0000,,1787340865070.9177,19.9800,-0.2400,14.5400,0.5000,1787340865070.9177,False,,,1,OP1,C1_ETHERNET_SIN_CARGA,medio
,0.5030,0.4100,0.4270,1.0000,,1787340865097.7983,19.9450,-0.2400,14.6000,0.5000,1787340865097.7983,False,,,1,OP1,C1_ETHERNET_SIN_CARGA,medio
,0.5020,0.4100,0.4270,1.0000,,1787340865128.4197,19.9450,-0.1600,14.6000,0.5000,1787340865128.4197,False,,,1,OP1,C1_ETHERNET_SIN_CARGA,medio
,0.5010,0.4100,0.4250,1.0000,,1787340865156.3408,19.8750,-0.0800,14.6000,0.5000,1787340865158.4277,False,,,1,OP1,C1_ETHERNET_SIN_CARGA,medio
,0.5000,0.4110,0.4250,1.0000,,1787340865212.9658,19.8750,0.0000,14.6600,0.5000,1787340865212.9658,False,,,1,OP1,C1_ETHERNET_SIN_CARGA,medio
,0.4990,0.4110,0.4250,1.0000,,1787340865239.8142,19.8750,0.0800,14.6600,0.5000,1787340865240.8201,False,,,1,OP1,C1_ETHERNET_SIN_CARGA,medio
,0.4990,0.4120,0.4250,1.0000,,1787340865265.4968,19.8750,0.0800,14.7200,0.5000,1787340865265.4968,False,,,1,OP1,C1_ETHERNET_SIN_CARGA,medio
,0.4990,0.4120,0.4240,1.0000,,1787340865290.9426,19.8400,0.0800,14.7200,0.5000,1787340865290.9426,False,,,1,OP1,C1_ETHERNET_SIN_CARGA,medio
,0.4990,0.4120,0.4240,1.0000,,1787340865319.7329,19.8400,0.0800,14.7200,0.5000,1787340865319.7329,False,,,1,OP1,C1_ETHERNET_SIN_CARGA,medio
,0.4980,0.4130,0.4240,1.0000,,1787340865351.5854,19.8400,0.1600,14.7800,0.5000,1787340865351.5854,False,,,1,OP1,C1_ETHERNET_SIN_CARGA,medio
,0.4980,0.4130,0.4240,1.0000,,1787340865374.1902,19.8400,0.1600,14.7800,0.5000,1787340865374.1902,False,,,1,OP1,C1_ETHERNET_SIN_CARGA,medio
,0.4980,0.4130,0.4240,1.0000,,1787340865408.2363,19.8400,0.1600,14.7800,0.5000,1787340865408.8616,False,,,1,OP1,C1_ETHERNET_SIN_CARGA,medio
,0.4980,0.4130,0.4230,1.0000,,1787340865460.0845,19.8050,0.1600,14.7800,0.5000,1787340865460.0845,False,,,1,OP1,C1_ETHERNET_SIN_CARGA,medio
,0.4980,0.4140,0.4230,1.0000,,1787340865491.8547,19.8050,0.1600,14.8400,0.5000,1787340865492.7346,False,,,1,OP1,C1_ETHERNET_SIN_CARGA,medio
,0.4980,0.4140,0.4230,1.0000,,1787340865518.2039,19.8050,0.1600,14.8400,0.5000,1787340865518.2039,False,,,1,OP1,C1_ETHERNET_SIN_CARGA,medio
,0.4980,0.4150,0.4230,1.0000,,1787340865540.9551,19.8050,0.1600,14.9000,0.5000,1787340865549.6323,False,,,1,OP1,C1_ETHERNET_SIN_CARGA,medio
,0.4980,0.4150,0.4230,1.0000,,1787340865567.8149,19.8050,0.1600,14.9000,0.5000,1787340865567.8149,False,,,1,OP1,C1_ETHERNET_SIN_CARGA,medio
,0.4980,0.4150,0.4230,1.0000,,1787340865602.0969,19.8050,0.1600,14.9000,0.5000,1787340865602.6230,False,,,1,OP1,C1_ETHERNET_SIN_CARGA,medio
,0.4980,0.4160,0.4230,1.0000,,1787340865630.1917,19.8050,0.1600,14.9600,0.5000,1787340865630.1917,False,,,1,OP1,C1_ETHERNET_SIN_CARGA,medio
,0.4980,0.4160,0.4230,1.0000,,1787340865658.2031,19.8050,0.1600,14.9600,0.5000,1787340865659.0515,False,,,1,OP1,C1_ETHERNET_SIN_CARGA,medio
,0.4990,0.4160,0.4230,1.0000,,1787340865709.6089,19.8050,0.0800,14.9600,0.5000,1787340865709.6089,False,,,1,OP1,C1_ETHERNET_SIN_CARGA,medio
,0.4990,0.4160,0.4230,1.0000,,1787340865741.2068,19.8050,0.0800,14.9600,0.5000,1787340865741.2068,False,,,1,OP1,C1_ETHERNET_SIN_CARGA,medio
,0.4980,0.4160,0.4230,1.0000,,1787340865769.5129,19.8050,0.1600,14.9600,0.5000,1787340865769.5129,False,,,1,OP1,C1_ETHERNET_SIN_CARGA,medio
,0.4980,0.4160,0.4240,1.0000,,1787340865798.3579,19.8400,0.1600,14.9600,0.5000,1787340865798.3579,False,,,1,OP1,C1_ETHERNET_SIN_CARGA,medio
,0.4980,0.4160,0.4240,1.0000,,1787340865825.1501,19.8400,0.1600,14.9600,0.5000,1787340865825.1501,False,,,1,OP1,C1_ETHERNET_SIN_CARGA,medio
,0.4980,0.4150,0.4240,1.0000,,1787340865850.5801,19.8400,0.1600,14.9000,0.5000,1787340865850.5801,False,,,1,OP1,C1_ETHERNET_SIN_CARGA,medio
,0.4990,0.4150,0.4250,1.0000,,1787340865876.5178,19.8750,0.0800,14.9000,0.5000,1787340865876.5178,False,,,1,OP1,C1_ETHERNET_SIN_CARGA,medio
,0.4990,0.4160,0.4250,1.0000,,1787340865904.1008,19.8750,0.0800,14.9600,0.5000,1787340865904.1008,False,,,1,OP1,C1_ETHERNET_SIN_CARGA,medio
,0.4990,0.4160,0.4250,1.0000,,1787340865936.3564,19.8750,0.0800,14.9600,0.5000,1787340865936.3564,False,,,1,OP1,C1_ETHERNET_SIN_CARGA,medio
,0.4980,0.4160,0.4250,1.0000,,1787340865965.6677,19.8750,0.1600,14.9600,0.5000,1787340865965.6677,False,,,1,OP1,C1_ETHERNET_SIN_CARGA,medio
,0.4980,0.4170,0.4250,1.0000,,1787340865990.8586,19.8750,0.1600,15.0200,0.5000,1787340865990.8586,False,,,1,OP1,C1_ETHERNET_SIN_CARGA,medio
,0.4990,0.4170,0.4250,1.0000,,1787340866014.0811,19.8750,0.0800,15.0200,0.5000,1787340866014.0811,False,,,1,OP1,C1_ETHERNET_SIN_CARGA,medio
,0.4990,0.4170,0.4240,1.0000,,1787340866044.8689,19.8400,0.0800,15.0200,0.5000,1787340866044.8689,False,,,1,OP1,C1_ETHERNET_SIN_CARGA,medio
,0.4990,0.4180,0.4240,1.0000,,1787340866070.9658,19.8400,0.0800,15.0800,0.5000,1787340866070.9658,False,,,1,OP1,C1_ETHERNET_SIN_CARGA,medio
,0.4990,0.4180,0.4240,1.0000,,1787340866102.0947,19.8400,0.0800,15.0800,0.5000,1787340866102.0947,False,,,1,OP1,C1_ETHERNET_SIN_CARGA,medio
,0.4990,0.4180,0.4240,1.0000,,1787340866131.5562,19.8400,0.0800,15.0800,0.5000,1787340866131.9250,False,,,1,OP1,C1_ETHERNET_SIN_CARGA,medio
,0.4990,0.4180,0.4240,1.0000,,1787340866157.8689,19.8400,0.0800,15.0800,0.5000,1787340866157.8689,False,,,1,OP1,C1_ETHERNET_SIN_CARGA,medio
,0.4990,0.4180,0.4240,1.0000,,1787340866181.0571,19.8400,0.0800,15.0800,0.5000,1787340866181.0571,False,,,1,OP1,C1_ETHERNET_SIN_CARGA,medio
,0.5000,0.4180,0.4230,1.0000,,1787340866214.1924,19.8050,0.0000,15.0800,0.5000,1787340866214.1924,False,,,1,OP1,C1_ETHERNET_SIN_CARGA,medio
,0.5000,0.4170,0.4230,1.0000,,1787340866240.6167,19.8050,0.0000,15.0200,0.5000,1787340866240.6167,False,,,1,OP1,C1_ETHERNET_SIN_CARGA,medio
,0.5000,0.4170,0.4230,1.0000,,1787340866271.0051,19.8050,0.0000,15.0200,0.5000,1787340866271.0051,False,,,1,OP1,C1_ETHERNET_SIN_CARGA,medio
,0.4990,0.4170,0.4230,1.0000,,1787340866298.3782,19.8050,0.0800,15.0200,0.5000,1787340866298.9370,False,,,1,OP1,C1_ETHERNET_SIN_CARGA,medio
,0.4990,0.4170,0.4230,1.0000,,1787340866352.1453,19.8050,0.0800,15.0200,0.5000,1787340866352.1453,False,,,1,OP1,C1_ETHERNET_SIN_CARGA,medio
,0.4990,0.4170,0.4230,1.0000,,1787340866381.3096,19.8050,0.0800,15.0200,0.5000,1787340866381.3096,False,,,1,OP1,C1_ETHERNET_SIN_CARGA,medio
,0.4990,0.4170,0.4220,1.0000,,1787340866409.4893,19.7700,0.0800,15.0200,0.5000,1787340866409.4893,False,,,1,OP1,C1_ETHERNET_SIN_CARGA,medio
,0.4990,0.4170,0.4220,1.0000,,1787340866437.4116,19.7700,0.0800,15.0200,0.5000,1787340866442.4561,False,,,1,OP1,C1_ETHERNET_SIN_CARGA,medio
,0.5000,0.4170,0.4220,1.0000,,1787340866465.7476,19.7700,0.0000,15.0200,0.5000,1787340866467.8945,False,,,1,OP1,C1_ETHERNET_SIN_CARGA,medio
,0.5000,0.4170,0.4220,1.0000,,1787340866491.8901,19.7700,0.0000,15.0200,0.5000,1787340866491.8901,False,,,1,OP1,C1_ETHERNET_SIN_CARGA,medio
,0.5000,0.4160,0.4220,1.0000,,1787340866516.7649,19.7700,0.0000,14.9600,0.5000,1787340866516.7649,False,,,1,OP1,C1_ETHERNET_SIN_CARGA,medio
,0.5000,0.4160,0.4230,1.0000,,1787340866544.6223,19.8050,0.0000,14.9600,0.5000,1787340866551.1946,False,,,1,OP1,C1_ETHERNET_SIN_CARGA,medio
,0.5000,0.4160,0.4220,1.0000,,1787340866574.8752,19.7700,0.0000,14.9600,0.5000,1787340866574.8752,False,,,1,OP1,C1_ETHERNET_SIN_CARGA,medio
,0.5000,0.4160,0.4220,1.0000,,1787340866603.7512,19.7700,0.0000,14.9600,0.5000,1787340866605.7742,False,,,1,OP1,C1_ETHERNET_SIN_CARGA,medio
,0.5000,0.4150,0.4220,1.0000,,1787340866633.4446,19.7700,0.0000,14.9000,0.5000,1787340866633.4446,False,,,1,OP1,C1_ETHERNET_SIN_CARGA,medio
,0.5000,0.4150,0.4230,1.0000,,1787340866685.0957,19.8050,0.0000,14.9000,0.5000,1787340866689.2581,False,,,1,OP1,C1_ETHERNET_SIN_CARGA,medio
,0.4990,0.4150,0.4230,1.0000,,1787340866710.0322,19.8050,0.0800,14.9000,0.5000,1787340866710.0322,False,,,1,OP1,C1_ETHERNET_SIN_CARGA,medio
,0.4990,0.4160,0.4220,1.0000,,1787340866742.5400,19.7700,0.0800,14.9600,0.5000,1787340866744.5488,False,,,1,OP1,C1_ETHERNET_SIN_CARGA,medio
,0.4990,0.4160,0.4220,1.0000,,1787340866773.1582,19.7700,0.0800,14.9600,0.5000,1787340866773.1582,False,,,1,OP1,C1_ETHERNET_SIN_CARGA,medio
,0.4990,0.4160,0.4220,1.0000,,1787340866823.9739,19.7700,0.0800,14.9600,0.5000,1787340866823.9739,False,,,1,OP1,C1_ETHERNET_SIN_CARGA,medio
,0.4990,0.4160,0.4230,1.0000,,1787340866853.3772,19.8050,0.0800,14.9600,0.5000,1787340866853.3772,False,,,1,OP1,C1_ETHERNET_SIN_CARGA,medio
,0.4990,0.4160,0.4230,1.0000,,1787340866876.7026,19.8050,0.0800,14.9600,0.5000,1787340866884.5508,False,,,1,OP1,C1_ETHERNET_SIN_CARGA,medio
,0.5000,0.4160,0.4240,1.0000,,1787340866910.9956,19.8400,0.0000,14.9600,0.5000,1787340866910.9956,False,,,1,OP1,C1_ETHERNET_SIN_CARGA,medio
,0.5000,0.4160,0.4240,1.0000,,1787340866938.2124,19.8400,0.0000,14.9600,0.5000,1787340866938.2124,False,,,1,OP1,C1_ETHERNET_SIN_CARGA,medio
,0.5000,0.4160,0.4240,1.0000,,1787340866967.6206,19.8400,0.0000,14.9600,0.5000,1787340866967.6206,False,,,1,OP1,C1_ETHERNET_SIN_CARGA,medio
,0.5000,0.4160,0.4250,1.0000,,1787340866992.4563,19.8750,0.0000,14.9600,0.5000,1787340866992.4563,False,,,1,OP1,C1_ETHERNET_SIN_CARGA,medio
,0.5000,0.4150,0.4250,1.0000,,1787340867019.9194,19.8750,0.0000,14.9000,0.5000,1787340867019.9194,False,,,1,OP1,C1_ETHERNET_SIN_CARGA,medio
,0.5010,0.4150,0.4260,1.0000,,1787340867046.5149,19.9100,-0.0800,14.9000,0.5000,1787340867046.5149,False,,,1,OP1,C1_ETHERNET_SIN_CARGA,medio
,0.5010,0.4150,0.4260,1.0000,,1787340867077.8840,19.9100,-0.0800,14.9000,0.5000,1787340867077.8840,False,,,1,OP1,C1_ETHERNET_SIN_CARGA,medio
,0.5010,0.4150,0.4260,1.0000,,1787340867105.2446,19.9100,-0.0800,14.9000,0.5000,1787340867107.4258,False,,,1,OP1,C1_ETHERNET_SIN_CARGA,medio
,0.5020,0.4150,0.4260,1.0000,,1787340867132.6653,19.9100,-0.1600,14.9000,0.5000,1787340867135.1633,False,,,1,OP1,C1_ETHERNET_SIN_CARGA,medio
,0.5020,0.4150,0.4260,1.0000,,1787340867156.7131,19.9100,-0.1600,14.9000,0.5000,1787340867156.7131,False,,,1,OP1,C1_ETHERNET_SIN_CARGA,medio
,0.5010,0.4150,0.4260,1.0000,,1787340867187.3096,19.9100,-0.0800,14.9000,0.5000,1787340867191.0161,False,,,1,OP1,C1_ETHERNET_SIN_CARGA,medio
,0.5010,0.4150,0.4260,1.0000,,1787340867214.8013,19.9100,-0.0800,14.9000,0.5000,1787340867214.8013,False,,,1,OP1,C1_ETHERNET_SIN_CARGA,medio
,0.5000,0.4150,0.4260,1.0000,,1787340867243.6523,19.9100,0.0000,14.9000,0.5000,1787340867243.6523,False,,,1,OP1,C1_ETHERNET_SIN_CARGA,medio
,0.4980,0.4150,0.4250,1.0000,,1787340867271.9426,19.8750,0.1600,14.9000,0.5000,1787340867273.0273,False,,,1,OP1,C1_ETHERNET_SIN_CARGA,medio
,0.4930,0.4150,0.4240,1.0000,,1787340867323.8599,19.8400,0.5600,14.9000,0.5000,1787340867323.8599,False,,,1,OP1,C1_ETHERNET_SIN_CARGA,medio
,0.4900,0.4140,0.4240,1.0000,,1787340867356.6807,19.8400,0.8000,14.8400,0.5000,1787340867356.6807,False,,,1,OP1,C1_ETHERNET_SIN_CARGA,medio
,0.4870,0.4140,0.4250,1.0000,,1787340867378.5356,19.8750,1.0400,14.8400,0.5000,1787340867378.5356,False,,,1,OP1,C1_ETHERNET_SIN_CARGA,medio
,0.4840,0.4130,0.4260,1.0000,,1787340867410.9148,19.9100,1.2800,14.7800,0.5000,1787340867412.9236,False,,,1,OP1,C1_ETHERNET_SIN_CARGA,medio
,0.4770,0.4120,0.4290,1.0000,,1787340867438.8684,20.0150,1.8400,14.7200,0.5000,1787340867438.8684,False,,,1,OP1,C1_ETHERNET_SIN_CARGA,medio
,0.4690,0.4110,0.4320,1.0000,,1787340867465.7993,20.1200,2.4800,14.6600,0.5000,1787340867470.3799,False,,,1,OP1,C1_ETHERNET_SIN_CARGA,medio
,0.4620,0.4110,0.4350,1.0000,,1787340867492.2319,20.2250,3.0400,14.6600,0.5000,1787340867492.2319,False,,,1,OP1,C1_ETHERNET_SIN_CARGA,medio
,0.4560,0.4110,0.4360,1.0000,,1787340867523.0999,20.2600,3.5200,14.6600,0.5000,1787340867523.0999,False,,,1,OP1,C1_ETHERNET_SIN_CARGA,medio
,0.4490,0.4110,0.4370,1.0000,,1787340867550.0112,20.2950,4.0800,14.6600,0.5000,1787340867550.0112,False,,,1,OP1,C1_ETHERNET_SIN_CARGA,medio
,0.4430,0.4110,0.4380,1.0000,,1787340867577.8455,20.3300,4.5600,14.6600,0.5000,1787340867579.8574,False,,,1,OP1,C1_ETHERNET_SIN_CARGA,medio
,0.4350,0.4120,0.4380,1.0000,,1787340867602.7864,20.3300,5.2000,14.7200,0.5000,1787340867602.7864,False,,,1,OP1,C1_ETHERNET_SIN_CARGA,medio
,0.4250,0.4120,0.4390,1.0000,,1787340867628.1821,20.3650,6.0000,14.7200,0.5000,1787340867628.1821,False,,,1,OP1,C1_ETHERNET_SIN_CARGA,medio
,0.4090,0.4140,0.4330,1.0000,,1787340867656.3428,20.1550,7.2800,14.8400,0.5000,1787340867656.3428,False,,,1,OP1,C1_ETHERNET_SIN_CARGA,medio
,0.3950,0.4160,0.4270,1.0000,,1787340867689.0535,19.9450,8.4000,14.9600,0.5000,1787340867691.0637,False,,,1,OP1,C1_ETHERNET_SIN_CARGA,medio
,0.3820,0.4170,0.4210,1.0000,,1787340867718.1042,19.7350,9.4400,15.0200,0.5000,1787340867718.1042,False,,,1,OP1,C1_ETHERNET_SIN_CARGA,medio
,0.3620,0.4170,0.4140,1.0000,,1787340867746.1489,19.4900,11.0400,15.0200,0.5000,1787340867748.1606,False,,,1,OP1,C1_ETHERNET_SIN_CARGA,medio
,0.3290,0.4190,0.4030,1.0000,,1787340867797.8982,19.1050,13.6800,15.1400,0.5000,1787340867797.8982,False,,,1,OP1,C1_ETHERNET_SIN_CARGA,medio
,0.3140,0.4200,0.3980,1.0000,,1787340867825.6929,18.9300,14.8800,15.2000,0.5000,1787340867825.6929,False,,,1,OP1,C1_ETHERNET_SIN_CARGA,medio
,0.3060,0.4180,0.3960,1.0000,,1787340867856.5923,18.8600,15.5200,15.0800,0.5000,1787340867856.5923,False,,,1,OP1,C1_ETHERNET_SIN_CARGA,medio
,0.2940,0.4170,0.3920,1.0000,,1787340867885.2554,18.7200,16.4800,15.0200,0.5000,1787340867885.2554,False,,,1,OP1,C1_ETHERNET_SIN_CARGA,medio
,0.2790,0.4160,0.3880,1.0000,,1787340867913.7725,18.5800,17.6800,14.9600,0.5000,1787340867913.7725,False,,,1,OP1,C1_ETHERNET_SIN_CARGA,medio
,0.2680,0.4160,0.3770,1.0000,,1787340867940.3030,18.1950,18.5600,14.9600,0.5000,1787340867940.3030,False,,,1,OP1,C1_ETHERNET_SIN_CARGA,medio
,0.2590,0.4160,0.3630,1.0000,,1787340867963.3242,17.7050,19.2800,14.9600,0.5000,1787340867963.3242,False,,,1,OP1,C1_ETHERNET_SIN_CARGA,medio
,0.2500,0.4140,0.3470,1.0000,,1787340867994.4961,17.1450,20.0000,14.8400,0.5000,1787340867994.4961,False,,,1,OP1,C1_ETHERNET_SIN_CARGA,medio
,0.2420,0.4150,0.3360,1.0000,,1787340868020.5493,16.7600,20.6400,14.9000,0.5000,1787340868020.5493,False,,,1,OP1,C1_ETHERNET_SIN_CARGA,medio
,0.2300,0.4180,0.3240,1.0000,,1787340868052.1455,16.3400,21.6000,15.0800,0.5000,1787340868052.1455,False,,,1,OP1,C1_ETHERNET_SIN_CARGA,medio
,0.2150,0.4230,0.3160,1.0000,,1787340868081.6245,16.0600,22.8000,15.3800,0.5000,1787340868081.6245,False,,,1,OP1,C1_ETHERNET_SIN_CARGA,medio
,0.2040,0.4270,0.3090,1.0000,,1787340868106.2117,15.8150,23.6800,15.6200,0.5000,1787340868106.2117,False,,,1,OP1,C1_ETHERNET_SIN_CARGA,medio
,0.2010,0.4280,0.3060,1.0000,,1787340868130.6880,15.7100,23.9200,15.6800,0.5000,1787340868130.6880,False,,,1,OP1,C1_ETHERNET_SIN_CARGA,medio
,0.1990,0.4280,0.3050,1.0000,,1787340868161.7676,15.6750,24.0800,15.6800,0.5000,1787340868161.7676,False,,,1,OP1,C1_ETHERNET_SIN_CARGA,medio
,0.1980,0.4280,0.3040,1.0000,,1787340868190.8918,15.6400,24.1600,15.6800,0.5000,1787340868190.8918,False,,,1,OP1,C1_ETHERNET_SIN_CARGA,medio
,0.1970,0.4280,0.3050,1.0000,,1787340868217.8572,15.6750,24.2400,15.6800,0.5000,1787340868220.3689,False,,,1,OP1,C1_ETHERNET_SIN_CARGA,medio
,0.1950,0.4280,0.3060,1.0000,,1787340868249.0967,15.7100,24.4000,15.6800,0.5000,1787340868249.0967,False,,,1,OP1,C1_ETHERNET_SIN_CARGA,medio
,0.1920,0.4280,0.3070,1.0000,,1787340868297.6633,15.7450,24.6400,15.6800,0.5000,1787340868297.6633,False,,,1,OP1,C1_ETHERNET_SIN_CARGA,medio
,0.1930,0.4280,0.3080,1.0000,,1787340868329.3252,15.7800,24.5600,15.6800,0.5000,1787340868329.3252,False,,,1,OP1,C1_ETHERNET_SIN_CARGA,medio
,0.1940,0.4280,0.3090,1.0000,,1787340868357.5115,15.8150,24.4800,15.6800,0.5000,1787340868357.5115,False,,,1,OP1,C1_ETHERNET_SIN_CARGA,medio
,0.1950,0.4290,0.3090,1.0000,,1787340868385.4629,15.8150,24.4000,15.7400,0.5000,1787340868385.4629,False,,,1,OP1,C1_ETHERNET_SIN_CARGA,medio
,0.1970,0.4300,0.3080,1.0000,,1787340868414.6145,15.7800,24.2400,15.8000,0.5000,1787340868416.6116,False,,,1,OP1,C1_ETHERNET_SIN_CARGA,medio
,0.1990,0.4300,0.3070,1.0000,,1787340868440.5286,15.7450,24.0800,15.8000,0.5000,1787340868440.5286,False,,,1,OP1,C1_ETHERNET_SIN_CARGA,medio
,0.2000,0.4300,0.3070,1.0000,,1787340868465.0894,15.7450,24.0000,15.8000,0.5000,1787340868465.0894,False,,,1,OP1,C1_ETHERNET_SIN_CARGA,medio
,0.2020,0.4310,0.3070,1.0000,,1787340868498.7837,15.7450,23.8400,15.8600,0.5000,1787340868498.7837,False,,,1,OP1,C1_ETHERNET_SIN_CARGA,medio
,0.2030,0.4310,0.3070,1.0000,,1787340868524.9460,15.7450,23.7600,15.8600,0.5000,1787340868524.9460,False,,,1,OP1,C1_ETHERNET_SIN_CARGA,medio
,0.2040,0.4300,0.3090,1.0000,,1787340868552.4316,15.8150,23.6800,15.8000,0.5000,1787340868554.4458,False,,,1,OP1,C1_ETHERNET_SIN_CARGA,medio
,0.2080,0.4290,0.3090,1.0000,,1787340868581.9509,15.8150,23.3600,15.7400,0.5000,1787340868583.8562,False,,,1,OP1,C1_ETHERNET_SIN_CARGA,medio
,0.2100,0.4280,0.3110,1.0000,,1787340868604.2573,15.8850,23.2000,15.6800,0.5000,1787340868604.2573,False,,,1,OP1,C1_ETHERNET_SIN_CARGA,medio
,0.2120,0.4270,0.3120,1.0000,,1787340868634.4297,15.9200,23.0400,15.6200,0.5000,1787340868634.4297,False,,,1,OP1,C1_ETHERNET_SIN_CARGA,medio
,0.2120,0.4270,0.3130,1.0000,,1787340868662.0591,15.9550,23.0400,15.6200,0.5000,1787340868662.0591,False,,,1,OP1,C1_ETHERNET_SIN_CARGA,medio
,0.2120,0.4260,0.3140,1.0000,,1787340868693.0205,15.9900,23.0400,15.5600,0.5000,1787340868693.0205,False,,,1,OP1,C1_ETHERNET_SIN_CARGA,medio
,0.2120,0.4260,0.3140,1.0000,,1787340868719.5537,15.9900,23.0400,15.5600,0.5000,1787340868719.5537,False,,,1,OP1,C1_ETHERNET_SIN_CARGA,medio
,0.2130,0.4260,0.3150,1.0000,,1787340868749.1084,16.0250,22.9600,15.5600,0.5000,1787340868750.0652,False,,,1,OP1,C1_ETHERNET_SIN_CARGA,medio
,0.2120,0.4260,0.3160,1.0000,,1787340868802.0166,16.0600,23.0400,15.5600,0.5000,1787340868802.0166,False,,,1,OP1,C1_ETHERNET_SIN_CARGA,medio
,0.2120,0.4260,0.3170,1.0000,,1787340868830.6938,16.0950,23.0400,15.5600,0.5000,1787340868830.6938,False,,,1,OP1,C1_ETHERNET_SIN_CARGA,medio
,0.2120,0.4260,0.3170,1.0000,,1787340868860.7290,16.0950,23.0400,15.5600,0.5000,1787340868860.7290,False,,,1,OP1,C1_ETHERNET_SIN_CARGA,medio
,0.2120,0.4260,0.3180,1.0000,,1787340868888.2180,16.1300,23.0400,15.5600,0.5000,1787340868888.2180,False,,,1,OP1,C1_ETHERNET_SIN_CARGA,medio
,0.2130,0.4240,0.3180,1.0000,,1787340868942.3245,16.1300,22.9600,15.4400,0.5000,1787340868942.3245,False,,,1,OP1,C1_ETHERNET_SIN_CARGA,medio
,0.2130,0.4240,0.3180,1.0000,,1787340868968.5137,16.1300,22.9600,15.4400,0.5000,1787340868968.5137,False,,,1,OP1,C1_ETHERNET_SIN_CARGA,medio
,0.2140,0.4230,0.3190,1.0000,,1787340868997.0166,16.1650,22.8800,15.3800,0.5000,1787340868997.0166,False,,,1,OP1,C1_ETHERNET_SIN_CARGA,medio
,0.2150,0.4230,0.3190,1.0000,,1787340869025.6238,16.1650,22.8000,15.3800,0.5000,1787340869027.6338,False,,,1,OP1,C1_ETHERNET_SIN_CARGA,medio
,0.2150,0.4230,0.3190,1.0000,,1787340869054.5437,16.1650,22.8000,15.3800,0.5000,1787340869054.5437,False,,,1,OP1,C1_ETHERNET_SIN_CARGA,medio
,0.2160,0.4230,0.3200,1.0000,,1787340869105.1587,16.2000,22.7200,15.3800,0.5000,1787340869105.1587,False,,,1,OP1,C1_ETHERNET_SIN_CARGA,medio
,0.2160,0.4230,0.3210,1.0000,,1787340869137.2629,16.2350,22.7200,15.3800,0.5000,1787340869139.2717,False,,,1,OP1,C1_ETHERNET_SIN_CARGA,medio
,0.2160,0.4230,0.3210,1.0000,,1787340869159.5256,16.2350,22.7200,15.3800,0.5000,1787340869159.5256,False,,,1,OP1,C1_ETHERNET_SIN_CARGA,medio
,0.2170,0.4230,0.3220,1.0000,,1787340869193.6155,16.2700,22.6400,15.3800,0.5000,1787340869193.6155,False,,,1,OP1,C1_ETHERNET_SIN_CARGA,medio
,0.2180,0.4220,0.3220,1.0000,,1787340869222.2256,16.2700,22.5600,15.3200,0.5000,1787340869223.1541,False,,,1,OP1,C1_ETHERNET_SIN_CARGA,medio
,0.2190,0.4210,0.3240,1.0000,,1787340869272.8162,16.3400,22.4800,15.2600,0.5000,1787340869272.8162,False,,,1,OP1,C1_ETHERNET_SIN_CARGA,medio
,0.2190,0.4210,0.3240,1.0000,,1787340869305.8728,16.3400,22.4800,15.2600,0.5000,1787340869305.8728,False,,,1,OP1,C1_ETHERNET_SIN_CARGA,medio
,0.2210,0.4210,0.3250,1.0000,,1787340869332.7073,16.3750,22.3200,15.2600,0.5000,1787340869332.7073,False,,,1,OP1,C1_ETHERNET_SIN_CARGA,medio
,0.2240,0.4200,0.3260,1.0000,,1787340869361.9163,16.4100,22.0800,15.2000,0.5000,1787340869361.9163,False,,,1,OP1,C1_ETHERNET_SIN_CARGA,medio
,0.2290,0.4190,0.3260,1.0000,,1787340869389.6602,16.4100,21.6800,15.1400,0.5000,1787340869390.5781,False,,,1,OP1,C1_ETHERNET_SIN_CARGA,medio
,0.2330,0.4200,0.3270,1.0000,,1787340869416.2322,16.4450,21.3600,15.2000,0.5000,1787340869416.2322,False,,,1,OP1,C1_ETHERNET_SIN_CARGA,medio
,0.2410,0.4200,0.3290,1.0000,,1787340869442.2180,16.5150,20.7200,15.2000,0.5000,1787340869445.7305,False,,,1,OP1,C1_ETHERNET_SIN_CARGA,medio
,0.2520,0.4190,0.3340,1.0000,,1787340869468.0430,16.6900,19.8400,15.1400,0.5000,1787340869468.0430,False,,,1,OP1,C1_ETHERNET_SIN_CARGA,medio
,0.2690,0.4160,0.3410,1.0000,,1787340869494.9780,16.9350,18.4800,14.9600,0.5000,1787340869494.9780,False,,,1,OP1,C1_ETHERNET_SIN_CARGA,medio
,0.2820,0.4130,0.3470,1.0000,,1787340869527.5957,17.1450,17.4400,14.7800,0.5000,1787340869529.6079,False,,,1,OP1,C1_ETHERNET_SIN_CARGA,medio
,0.2940,0.4110,0.3520,1.0000,,1787340869556.8586,17.3200,16.4800,14.6600,0.5000,1787340869556.8586,False,,,1,OP1,C1_ETHERNET_SIN_CARGA,medio
,0.3130,0.4110,0.3620,1.0000,,1787340869607.0010,17.6700,14.9600,14.6600,0.5000,1787340869607.0010,False,,,1,OP1,C1_ETHERNET_SIN_CARGA,medio
,0.3250,0.4120,0.3670,1.0000,,1787340869632.8584,17.8450,14.0000,14.7200,0.5000,1787340869632.8584,False,,,1,OP1,C1_ETHERNET_SIN_CARGA,medio
,0.3440,0.4110,0.3760,1.0000,,1787340869668.2068,18.1600,12.4800,14.6600,0.5000,1787340869668.2068,False,,,1,OP1,C1_ETHERNET_SIN_CARGA,medio
,0.3620,0.4090,0.3900,1.0000,,1787340869694.1570,18.6500,11.0400,14.5400,0.5000,1787340869694.1570,False,,,1,OP1,C1_ETHERNET_SIN_CARGA,medio
,0.3930,0.4040,0.3920,1.0000,,1787340869741.8015,18.7200,8.5600,14.2400,0.5000,1787340869741.8015,False,,,1,OP1,C1_ETHERNET_SIN_CARGA,medio
,0.4040,0.4020,0.3950,1.0000,,1787340869776.2307,18.8250,7.6800,14.1200,0.5000,1787340869776.2307,False,,,1,OP1,C1_ETHERNET_SIN_CARGA,medio
,0.4150,0.4000,0.3980,1.0000,,1787340869807.9985,18.9300,6.8000,14.0000,0.5000,1787340869807.9985,False,,,1,OP1,C1_ETHERNET_SIN_CARGA,medio
,0.4270,0.3990,0.4000,1.0000,,1787340869831.5022,19.0000,5.8400,13.9400,0.5000,1787340869831.5022,False,,,1,OP1,C1_ETHERNET_SIN_CARGA,medio
,0.4410,0.4010,0.4010,1.0000,,1787340869862.8591,19.0350,4.7200,14.0600,0.5000,1787340869863.8933,False,,,1,OP1,C1_ETHERNET_SIN_CARGA,medio
,0.4590,0.4020,0.4040,1.0000,,1787340869890.7224,19.1400,3.2800,14.1200,0.5000,1787340869890.7224,False,,,1,OP1,C1_ETHERNET_SIN_CARGA,medio
,0.4770,0.4020,0.4080,1.0000,,1787340869912.9248,19.2800,1.8400,14.1200,0.5000,1787340869912.9248,False,,,1,OP1,C1_ETHERNET_SIN_CARGA,medio
,0.4930,0.4090,0.4120,1.0000,,1787340869942.5386,19.4200,0.5600,14.5400,0.5000,1787340869942.5386,False,,,1,OP1,C1_ETHERNET_SIN_CARGA,medio
,0.5040,0.4120,0.4180,1.0000,,1787340869973.3518,19.6300,-0.3200,14.7200,0.5000,1787340869973.3518,False,,,1,OP1,C1_ETHERNET_SIN_CARGA,medio
,0.5150,0.4130,0.4220,1.0000,,1787340870001.3955,19.7700,-1.2000,14.7800,0.5000,1787340870001.3955,False,,,1,OP1,C1_ETHERNET_SIN_CARGA,medio
,0.5260,0.4140,0.4260,1.0000,,1787340870031.3184,19.9100,-2.0800,14.8400,0.5000,1787340870031.3184,False,,,1,OP1,C1_ETHERNET_SIN_CARGA,medio
,0.5470,0.4160,0.4200,1.0000,,1787340870077.5803,19.7000,-3.7600,14.9600,0.5000,1787340870077.5803,False,,,1,OP1,C1_ETHERNET_SIN_CARGA,medio
,0.5590,0.4150,0.4170,1.0000,,1787340870112.0012,19.5950,-4.7200,14.9000,0.5000,1787340870113.1165,False,,,1,OP1,C1_ETHERNET_SIN_CARGA,medio
,0.5650,0.4160,0.4110,1.0000,,1787340870140.1572,19.3850,-5.2000,14.9600,0.5000,1787340870141.6628,False,,,1,OP1,C1_ETHERNET_SIN_CARGA,medio
,0.5710,0.4170,0.4090,1.0000,,1787340870168.9741,19.3150,-5.6800,15.0200,0.5000,1787340870168.9741,False,,,1,OP1,C1_ETHERNET_SIN_CARGA,medio
,0.5760,0.4170,0.4090,1.0000,,1787340870197.3191,19.3150,-6.0800,15.0200,0.5000,1787340870197.3191,False,,,1,OP1,C1_ETHERNET_SIN_CARGA,medio
,0.5930,0.4170,0.4040,1.0000,,1787340870246.3684,19.1400,-7.4400,15.0200,0.5000,1787340870254.7036,False,,,1,OP1,C1_ETHERNET_SIN_CARGA,medio
,0.6020,0.4180,0.4020,1.0000,,1787340870278.6240,19.0700,-8.1600,15.0800,0.5000,1787340870278.6240,False,,,1,OP1,C1_ETHERNET_SIN_CARGA,medio
,0.6100,0.4220,0.4000,1.0000,,1787340870307.7061,19.0000,-8.8000,15.3200,0.5000,1787340870309.2158,False,,,1,OP1,C1_ETHERNET_SIN_CARGA,medio
,0.6130,0.4240,0.4010,1.0000,,1787340870335.5059,19.0350,-9.0400,15.4400,0.5000,1787340870335.5059,False,,,1,OP1,C1_ETHERNET_SIN_CARGA,medio
,0.6170,0.4250,0.4010,1.0000,,1787340870363.9663,19.0350,-9.3600,15.5000,0.5000,1787340870365.9536,False,,,1,OP1,C1_ETHERNET_SIN_CARGA,medio
,0.6200,0.4270,0.4020,1.0000,,1787340870390.7476,19.0700,-9.6000,15.6200,0.5000,1787340870390.7476,False,,,1,OP1,C1_ETHERNET_SIN_CARGA,medio
,0.6220,0.4280,0.4000,1.0000,,1787340870413.5247,19.0000,-9.7600,15.6800,0.5000,1787340870413.5247,False,,,1,OP1,C1_ETHERNET_SIN_CARGA,medio
,0.6240,0.4300,0.3980,1.0000,,1787340870447.4763,18.9300,-9.9200,15.8000,0.5000,1787340870448.1089,False,,,1,OP1,C1_ETHERNET_SIN_CARGA,medio
,0.6270,0.4310,0.3950,1.0000,,1787340870468.4736,18.8250,-10.1600,15.8600,0.5000,1787340870468.4736,False,,,1,OP1,C1_ETHERNET_SIN_CARGA,medio
,0.6330,0.4340,0.3890,1.0000,,1787340870502.9868,18.6150,-10.6400,16.0400,0.5000,1787340870502.9868,False,,,1,OP1,C1_ETHERNET_SIN_CARGA,medio
,0.6370,0.4360,0.3850,1.0000,,1787340870530.3945,18.4750,-10.9600,16.1600,0.5000,1787340870531.4109,False,,,1,OP1,C1_ETHERNET_SIN_CARGA,medio
,0.6420,0.4380,0.3830,1.0000,,1787340870581.8767,18.4050,-11.3600,16.2800,0.5000,1787340870581.8767,False,,,1,OP1,C1_ETHERNET_SIN_CARGA,medio
,0.6440,0.4390,0.3830,1.0000,,1787340870602.7576,18.4050,-11.5200,16.3400,0.5000,1787340870615.1870,False,,,1,OP1,C1_ETHERNET_SIN_CARGA,medio
,0.6460,0.4390,0.3830,1.0000,,1787340870641.1226,18.4050,-11.6800,16.3400,0.5000,1787340870641.1226,False,,,1,OP1,C1_ETHERNET_SIN_CARGA,medio
,0.6480,0.4390,0.3820,1.0000,,1787340870669.2600,18.3700,-11.8400,16.3400,0.5000,1787340870669.2600,False,,,1,OP1,C1_ETHERNET_SIN_CARGA,medio
,0.6490,0.4390,0.3820,1.0000,,1787340870690.8367,18.3700,-11.9200,16.3400,0.5000,1787340870698.8237,False,,,1,OP1,C1_ETHERNET_SIN_CARGA,medio
,0.6500,0.4390,0.3820,1.0000,,1787340870718.0569,18.3700,-12.0000,16.3400,0.5000,1787340870718.0569,False,,,1,OP1,C1_ETHERNET_SIN_CARGA,medio
,0.6510,0.4390,0.3820,1.0000,,1787340870748.9250,18.3700,-12.0800,16.3400,0.5000,1787340870748.9250,False,,,1,OP1,C1_ETHERNET_SIN_CARGA,medio
,0.6530,0.4390,0.3810,1.0000,,1787340870769.9695,18.3350,-12.2400,16.3400,0.5000,1787340870769.9695,False,,,1,OP1,C1_ETHERNET_SIN_CARGA,medio
,0.6540,0.4400,0.3810,1.0000,,1787340870808.9802,18.3350,-12.3200,16.4000,0.5000,1787340870808.9802,False,,,1,OP1,C1_ETHERNET_SIN_CARGA,medio
,0.6560,0.4400,0.3820,1.0000,,1787340870837.1912,18.3700,-12.4800,16.4000,0.5000,1787340870839.2083,False,,,1,OP1,C1_ETHERNET_SIN_CARGA,medio
,0.6590,0.4390,0.3830,1.0000,,1787340870862.3113,18.4050,-12.7200,16.3400,0.5000,1787340870865.6973,False,,,1,OP1,C1_ETHERNET_SIN_CARGA,medio
,0.6620,0.4390,0.3830,1.0000,,1787340870890.9277,18.4050,-12.9600,16.3400,0.5000,1787340870890.9277,False,,,1,OP1,C1_ETHERNET_SIN_CARGA,medio
,0.6640,0.4390,0.3830,1.0000,,1787340870917.8118,18.4050,-13.1200,16.3400,0.5000,1787340870917.8118,False,,,1,OP1,C1_ETHERNET_SIN_CARGA,medio
,0.6650,0.4390,0.3840,1.0000,,1787340870940.7832,18.4400,-13.2000,16.3400,0.5000,1787340870940.7832,False,,,1,OP1,C1_ETHERNET_SIN_CARGA,medio
,0.6660,0.4390,0.3840,1.0000,,1787340870975.2605,18.4400,-13.2800,16.3400,0.5000,1787340870975.2605,False,,,1,OP1,C1_ETHERNET_SIN_CARGA,medio
,0.6670,0.4390,0.3840,1.0000,,1787340871005.1477,18.4400,-13.3600,16.3400,0.5000,1787340871005.1477,False,,,1,OP1,C1_ETHERNET_SIN_CARGA,medio
,0.6690,0.4390,0.3840,1.0000,,1787340871053.6401,18.4400,-13.5200,16.3400,0.5000,1787340871053.6401,False,,,1,OP1,C1_ETHERNET_SIN_CARGA,medio
,0.6690,0.4390,0.3840,1.0000,,1787340871085.1746,18.4400,-13.5200,16.3400,0.5000,1787340871085.1746,False,,,1,OP1,C1_ETHERNET_SIN_CARGA,medio
,0.6710,0.4390,0.3830,1.0000,,1787340871140.9414,18.4050,-13.6800,16.3400,0.5000,1787340871140.9414,False,,,1,OP1,C1_ETHERNET_SIN_CARGA,medio
,0.6710,0.4400,0.3830,1.0000,,1787340871170.7053,18.4050,-13.6800,16.4000,0.5000,1787340871172.9031,False,,,1,OP1,C1_ETHERNET_SIN_CARGA,medio
,0.6720,0.4400,0.3830,1.0000,,1787340871191.1494,18.4050,-13.7600,16.4000,0.5000,1787340871191.1494,False,,,1,OP1,C1_ETHERNET_SIN_CARGA,medio
,0.6730,0.4410,0.3830,1.0000,,1787340871226.6609,18.4050,-13.8400,16.4600,0.5000,1787340871226.6609,False,,,1,OP1,C1_ETHERNET_SIN_CARGA,medio
,0.6730,0.4410,0.3840,1.0000,,1787340871254.2188,18.4400,-13.8400,16.4600,0.5000,1787340871254.2188,False,,,1,OP1,C1_ETHERNET_SIN_CARGA,medio
,0.6740,0.4410,0.3840,1.0000,,1787340871282.0654,18.4400,-13.9200,16.4600,0.5000,1787340871282.0654,False,,,1,OP1,C1_ETHERNET_SIN_CARGA,medio
,0.6750,0.4400,0.3840,1.0000,,1787340871309.1880,18.4400,-14.0000,16.4000,0.5000,1787340871309.1880,False,,,1,OP1,C1_ETHERNET_SIN_CARGA,medio
,0.6750,0.4400,0.3840,1.0000,,1787340871339.1650,18.4400,-14.0000,16.4000,0.5000,1787340871339.1650,False,,,1,OP1,C1_ETHERNET_SIN_CARGA,medio
,0.6760,0.4390,0.3840,1.0000,,1787340871364.3677,18.4400,-14.0800,16.3400,0.5000,1787340871364.3677,False,,,1,OP1,C1_ETHERNET_SIN_CARGA,medio
,0.6770,0.4380,0.3850,1.0000,,1787340871390.8240,18.4750,-14.1600,16.2800,0.5000,1787340871390.8240,False,,,1,OP1,C1_ETHERNET_SIN_CARGA,medio
,0.6800,0.4360,0.3850,1.0000,,1787340871421.4983,18.4750,-14.4000,16.1600,0.5000,1787340871421.4983,False,,,1,OP1,C1_ETHERNET_SIN_CARGA,medio
,0.6850,0.4340,0.3850,1.0000,,1787340871442.7610,18.4750,-14.8000,16.0400,0.5000,1787340871442.7610,False,,,1,OP1,C1_ETHERNET_SIN_CARGA,medio
,0.6910,0.4320,0.3850,1.0000,,1787340871474.3037,18.4750,-15.2800,15.9200,0.5000,1787340871474.3037,False,,,1,OP1,C1_ETHERNET_SIN_CARGA,medio
,0.6990,0.4340,0.3850,1.0000,,1787340871505.1184,18.4750,-15.9200,16.0400,0.5000,1787340871506.2205,False,,,1,OP1,C1_ETHERNET_SIN_CARGA,medio
,0.7150,0.4370,0.3780,1.0000,,1787340871557.0593,18.2300,-17.2000,16.2200,0.5000,1787340871557.0593,False,,,1,OP1,C1_ETHERNET_SIN_CARGA,medio
,0.7210,0.4390,0.3770,1.0000,,1787340871588.8696,18.1950,-17.6800,16.3400,0.5000,1787340871588.8696,False,,,1,OP1,C1_ETHERNET_SIN_CARGA,medio
,0.7240,0.4380,0.3750,1.0000,,1787340871616.4387,18.1250,-17.9200,16.2800,0.5000,1787340871616.4387,False,,,1,OP1,C1_ETHERNET_SIN_CARGA,medio
,0.7270,0.4380,0.3730,1.0000,,1787340871644.2463,18.0550,-18.1600,16.2800,0.5000,1787340871646.2610,False,,,1,OP1,C1_ETHERNET_SIN_CARGA,medio
,0.7300,0.4370,0.3700,1.0000,,1787340871671.1926,17.9500,-18.4000,16.2200,0.5000,1787340871673.7900,False,,,1,OP1,C1_ETHERNET_SIN_CARGA,medio
,0.7310,0.4360,0.3680,1.0000,,1787340871691.8110,17.8800,-18.4800,16.1600,0.5000,1787340871702.1331,False,,,1,OP1,C1_ETHERNET_SIN_CARGA,medio
,0.7330,0.4340,0.3680,1.0000,,1787340871724.9229,17.8800,-18.6400,16.0400,0.5000,1787340871724.9229,False,,,1,OP1,C1_ETHERNET_SIN_CARGA,medio
,0.7390,0.4310,0.3680,1.0000,,1787340871756.9348,17.8800,-19.1200,15.8600,0.5000,1787340871756.9348,False,,,1,OP1,C1_ETHERNET_SIN_CARGA,medio
,0.7480,0.4270,0.3700,1.0000,,1787340871781.8386,17.9500,-19.8400,15.6200,0.5000,1787340871783.8484,False,,,1,OP1,C1_ETHERNET_SIN_CARGA,medio
,0.7570,0.4250,0.3700,1.0000,,1787340871809.7336,17.9500,-20.5600,15.5000,0.5000,1787340871809.7336,False,,,1,OP1,C1_ETHERNET_SIN_CARGA,medio
,0.7670,0.4230,0.3710,1.0000,,1787340871838.9060,17.9850,-21.3600,15.3800,0.5000,1787340871838.9060,False,,,1,OP1,C1_ETHERNET_SIN_CARGA,medio
,0.7740,0.4230,0.3700,1.0000,,1787340871866.8921,17.9500,-21.9200,15.3800,0.5000,1787340871866.8921,False,,,1,OP1,C1_ETHERNET_SIN_CARGA,medio
,0.7770,0.4240,0.3710,1.0000,,1787340871891.8105,17.9850,-22.1600,15.4400,0.5000,1787340871891.8105,False,,,1,OP1,C1_ETHERNET_SIN_CARGA,medio
,0.7790,0.4240,0.3710,1.0000,,1787340871917.0305,17.9850,-22.3200,15.4400,0.5000,1787340871923.8506,False,,,1,OP1,C1_ETHERNET_SIN_CARGA,medio
,0.7820,0.4240,0.3710,1.0000,,1787340871949.2292,17.9850,-22.5600,15.4400,0.5000,1787340871949.2292,False,,,1,OP1,C1_ETHERNET_SIN_CARGA,medio
,0.7820,0.4250,0.3710,1.0000,,1787340871978.7200,17.9850,-22.5600,15.5000,0.5000,1787340871978.7200,False,,,1,OP1,C1_ETHERNET_SIN_CARGA,medio
,0.7830,0.4250,0.3700,1.0000,,1787340872007.0168,17.9500,-22.6400,15.5000,0.5000,1787340872007.0168,False,,,1,OP1,C1_ETHERNET_SIN_CARGA,medio
,0.7850,0.4260,0.3700,1.0000,,1787340872060.2783,17.9500,-22.8000,15.5600,0.5000,1787340872060.2783,False,,,1,OP1,C1_ETHERNET_SIN_CARGA,medio
,0.7870,0.4290,0.3710,1.0000,,1787340872112.0066,17.9850,-22.9600,15.7400,0.5000,1787340872112.0066,False,,,1,OP1,C1_ETHERNET_SIN_CARGA,medio
,0.7870,0.4300,0.3720,1.0000,,1787340872146.1672,18.0200,-22.9600,15.8000,0.5000,1787340872146.1672,False,,,1,OP1,C1_ETHERNET_SIN_CARGA,medio
,0.7880,0.4300,0.3730,1.0000,,1787340872166.8049,18.0550,-23.0400,15.8000,0.5000,1787340872174.7683,False,,,1,OP1,C1_ETHERNET_SIN_CARGA,medio
,0.7870,0.4320,0.3740,1.0000,,1787340872227.9626,18.0900,-22.9600,15.9200,0.5000,1787340872227.9626,False,,,1,OP1,C1_ETHERNET_SIN_CARGA,medio
,0.7870,0.4330,0.3750,1.0000,,1787340872254.3352,18.1250,-22.9600,15.9800,0.5000,1787340872254.3352,False,,,1,OP1,C1_ETHERNET_SIN_CARGA,medio
,0.7860,0.4340,0.3760,1.0000,,1787340872284.5098,18.1600,-22.8800,16.0400,0.5000,1787340872286.5227,False,,,1,OP1,C1_ETHERNET_SIN_CARGA,medio
,0.7860,0.4350,0.3760,1.0000,,1787340872314.6299,18.1600,-22.8800,16.1000,0.5000,1787340872314.6299,False,,,1,OP1,C1_ETHERNET_SIN_CARGA,medio
,0.7840,0.4360,0.3770,1.0000,,1787340872340.7534,18.1950,-22.7200,16.1600,0.5000,1787340872340.7534,False,,,1,OP1,C1_ETHERNET_SIN_CARGA,medio
,0.7830,0.4370,0.3780,1.0000,,1787340872367.2627,18.2300,-22.6400,16.2200,0.5000,1787340872367.2627,False,,,1,OP1,C1_ETHERNET_SIN_CARGA,medio
,0.7810,0.4380,0.3780,1.0000,,1787340872395.7979,18.2300,-22.4800,16.2800,0.5000,1787340872395.7979,False,,,1,OP1,C1_ETHERNET_SIN_CARGA,medio
,0.7800,0.4380,0.3790,1.0000,,1787340872416.0498,18.2650,-22.4000,16.2800,0.5000,1787340872416.0498,False,,,1,OP1,C1_ETHERNET_SIN_CARGA,medio
,0.7780,0.4390,0.3790,1.0000,,1787340872448.5146,18.2650,-22.2400,16.3400,0.5000,1787340872448.5146,False,,,1,OP1,C1_ETHERNET_SIN_CARGA,medio
,0.7740,0.4400,0.3820,1.0000,,1787340872479.7085,18.3700,-21.9200,16.4000,0.5000,1787340872479.7085,False,,,1,OP1,C1_ETHERNET_SIN_CARGA,medio
,0.7690,0.4420,0.3860,1.0000,,1787340872506.3818,18.5100,-21.5200,16.5200,0.5000,1787340872510.5972,False,,,1,OP1,C1_ETHERNET_SIN_CARGA,medio
,0.7630,0.4440,0.3890,1.0000,,1787340872530.1707,18.6150,-21.0400,16.6400,0.5000,1787340872530.1707,False,,,1,OP1,C1_ETHERNET_SIN_CARGA,medio
,0.7540,0.4470,0.3920,1.0000,,1787340872560.5396,18.7200,-20.3200,16.8200,0.5000,1787340872560.5396,False,,,1,OP1,C1_ETHERNET_SIN_CARGA,medio
,0.7440,0.4500,0.3950,1.0000,,1787340872590.9104,18.8250,-19.5200,17.0000,0.5000,1787340872591.9517,False,,,1,OP1,C1_ETHERNET_SIN_CARGA,medio
,0.7320,0.4490,0.3980,1.0000,,1787340872618.8667,18.9300,-18.5600,16.9400,0.5000,1787340872620.8801,False,,,1,OP1,C1_ETHERNET_SIN_CARGA,medio
,0.7190,0.4490,0.4020,1.0000,,1787340872645.1367,19.0700,-17.5200,16.9400,0.5000,1787340872645.1367,False,,,1,OP1,C1_ETHERNET_SIN_CARGA,medio
,0.7050,0.4490,0.4070,1.0000,,1787340872668.5330,19.2450,-16.4000,16.9400,0.5000,1787340872668.5330,False,,,1,OP1,C1_ETHERNET_SIN_CARGA,medio
,0.6930,0.4510,0.4070,1.0000,,1787340872696.7974,19.2450,-15.4400,17.0600,0.5000,1787340872696.7974,False,,,1,OP1,C1_ETHERNET_SIN_CARGA,medio
,0.6830,0.4520,0.4070,1.0000,,1787340872720.5073,19.2450,-14.6400,17.1200,0.5000,1787340872732.4385,False,,,1,OP1,C1_ETHERNET_SIN_CARGA,medio
,0.6730,0.4530,0.4080,1.0000,,1787340872758.4836,19.2800,-13.8400,17.1800,0.5000,1787340872758.4836,False,,,1,OP1,C1_ETHERNET_SIN_CARGA,medio
,0.6610,0.4550,0.4080,1.0000,,1787340872786.1394,19.2800,-12.8800,17.3000,0.5000,1787340872786.1394,False,,,1,OP1,C1_ETHERNET_SIN_CARGA,medio
,0.6460,0.4570,0.4120,1.0000,,1787340872813.4412,19.4200,-11.6800,17.4200,0.5000,1787340872813.4412,False,,,1,OP1,C1_ETHERNET_SIN_CARGA,medio
,0.6330,0.4580,0.4130,1.0000,,1787340872841.0061,19.4550,-10.6400,17.4800,0.5000,1787340872841.0061,False,,,1,OP1,C1_ETHERNET_SIN_CARGA,medio
,0.6200,0.4590,0.4110,1.0000,,1787340872869.2939,19.3850,-9.6000,17.5400,0.5000,1787340872869.2939,False,,,1,OP1,C1_ETHERNET_SIN_CARGA,medio
,0.6150,0.4580,0.4150,1.0000,,1787340872894.6858,19.5250,-9.2000,17.4800,0.5000,1787340872894.6858,False,,,1,OP1,C1_ETHERNET_SIN_CARGA,medio
,0.6100,0.4590,0.4170,1.0000,,1787340872922.1377,19.5950,-8.8000,17.5400,0.5000,1787340872922.1377,False,,,1,OP1,C1_ETHERNET_SIN_CARGA,medio
,0.6060,0.4590,0.4180,1.0000,,1787340872953.3826,19.6300,-8.4800,17.5400,0.5000,1787340872953.3826,False,,,1,OP1,C1_ETHERNET_SIN_CARGA,medio
,0.5990,0.4590,0.4180,1.0000,,1787340872981.6890,19.6300,-7.9200,17.5400,0.5000,1787340872981.6890,False,,,1,OP1,C1_ETHERNET_SIN_CARGA,medio
,0.5930,0.4590,0.4190,1.0000,,1787340873002.3948,19.6650,-7.4400,17.5400,0.5000,1787340873002.3948,False,,,1,OP1,C1_ETHERNET_SIN_CARGA,medio
,0.5870,0.4590,0.4190,1.0000,,1787340873033.9258,19.6650,-6.9600,17.5400,0.5000,1787340873033.9258,False,,,1,OP1,C1_ETHERNET_SIN_CARGA,medio
,0.5800,0.4590,0.4200,1.0000,,1787340873061.7134,19.7000,-6.4000,17.5400,0.5000,1787340873061.7134,False,,,1,OP1,C1_ETHERNET_SIN_CARGA,medio
,0.5720,0.4590,0.4200,1.0000,,1787340873092.6484,19.7000,-5.7600,17.5400,0.5000,1787340873092.6484,False,,,1,OP1,C1_ETHERNET_SIN_CARGA,medio
,0.5650,0.4590,0.4190,1.0000,,1787340873119.3433,19.6650,-5.2000,17.5400,0.5000,1787340873121.5220,False,,,1,OP1,C1_ETHERNET_SIN_CARGA,medio
,0.5590,0.4590,0.4200,1.0000,,1787340873149.1013,19.7000,-4.7200,17.5400,0.5000,1787340873149.1013,False,,,1,OP1,C1_ETHERNET_SIN_CARGA,medio
,0.5540,0.4600,0.4180,1.0000,,1787340873170.2842,19.6300,-4.3200,17.6000,0.5000,1787340873170.2842,False,,,1,OP1,C1_ETHERNET_SIN_CARGA,medio
,0.5510,0.4610,0.4170,1.0000,,1787340873201.5962,19.5950,-4.0800,17.6600,0.5000,1787340873201.5962,False,,,1,OP1,C1_ETHERNET_SIN_CARGA,medio
,0.5500,0.4610,0.4170,1.0000,,1787340873229.2703,19.5950,-4.0000,17.6600,0.5000,1787340873229.2703,False,,,1,OP1,C1_ETHERNET_SIN_CARGA,medio
,0.5500,0.4610,0.4170,1.0000,,1787340873259.0833,19.5950,-4.0000,17.6600,0.5000,1787340873259.0833,False,,,1,OP1,C1_ETHERNET_SIN_CARGA,medio
,0.5490,0.4610,0.4180,1.0000,,1787340873286.5571,19.6300,-3.9200,17.6600,0.5000,1787340873287.5603,False,,,1,OP1,C1_ETHERNET_SIN_CARGA,medio
,0.5480,0.4610,0.4180,1.0000,,1787340873314.5481,19.6300,-3.8400,17.6600,0.5000,1787340873316.8318,False,,,1,OP1,C1_ETHERNET_SIN_CARGA,medio
,0.5460,0.4610,0.4190,1.0000,,1787340873340.9199,19.6650,-3.6800,17.6600,0.5000,1787340873340.9199,False,,,1,OP1,C1_ETHERNET_SIN_CARGA,medio
,0.5430,0.4610,0.4210,1.0000,,1787340873370.8738,19.7350,-3.4400,17.6600,0.5000,1787340873370.8738,False,,,1,OP1,C1_ETHERNET_SIN_CARGA,medio
,0.5410,0.4610,0.4230,1.0000,,1787340873396.9045,19.8050,-3.2800,17.6600,0.5000,1787340873396.9045,False,,,1,OP1,C1_ETHERNET_SIN_CARGA,medio
,0.5390,0.4610,0.4240,1.0000,,1787340873425.7974,19.8400,-3.1200,17.6600,0.5000,1787340873425.7974,False,,,1,OP1,C1_ETHERNET_SIN_CARGA,medio
,0.5380,0.4610,0.4230,1.0000,,1787340873454.1941,19.8050,-3.0400,17.6600,0.5000,1787340873456.1924,False,,,1,OP1,C1_ETHERNET_SIN_CARGA,medio
,0.5350,0.4620,0.4230,1.0000,,1787340873510.8340,19.8050,-2.8000,17.7200,0.5000,1787340873510.8340,False,,,1,OP1,C1_ETHERNET_SIN_CARGA,medio
,0.5350,0.4620,0.4230,1.0000,,1787340873538.5266,19.8050,-2.8000,17.7200,0.5000,1787340873538.5266,False,,,1,OP1,C1_ETHERNET_SIN_CARGA,medio
,0.5340,0.4610,0.4230,1.0000,,1787340873560.3994,19.8050,-2.7200,17.6600,0.5000,1787340873560.3994,False,,,1,OP1,C1_ETHERNET_SIN_CARGA,medio
,0.5330,0.4610,0.4230,1.0000,,1787340873592.8748,19.8050,-2.6400,17.6600,0.5000,1787340873594.8828,False,,,1,OP1,C1_ETHERNET_SIN_CARGA,medio
,0.5320,0.4610,0.4230,1.0000,,1787340873621.4771,19.8050,-2.5600,17.6600,0.5000,1787340873622.3667,False,,,1,OP1,C1_ETHERNET_SIN_CARGA,medio
,0.5310,0.4600,0.4220,1.0000,,1787340873674.1348,19.7700,-2.4800,17.6000,0.5000,1787340873674.1348,False,,,1,OP1,C1_ETHERNET_SIN_CARGA,medio
,0.5310,0.4600,0.4210,1.0000,,1787340873706.3669,19.7350,-2.4800,17.6000,0.5000,1787340873706.3669,False,,,1,OP1,C1_ETHERNET_SIN_CARGA,medio
,0.5310,0.4590,0.4210,1.0000,,1787340873759.4541,19.7350,-2.4800,17.5400,0.5000,1787340873761.9612,False,,,1,OP1,C1_ETHERNET_SIN_CARGA,medio
,0.5310,0.4580,0.4210,1.0000,,1787340873789.3091,19.7350,-2.4800,17.4800,0.5000,1787340873789.3091,False,,,1,OP1,C1_ETHERNET_SIN_CARGA,medio
,0.5310,0.4580,0.4220,1.0000,,1787340873817.1145,19.7700,-2.4800,17.4800,0.5000,1787340873817.1145,False,,,1,OP1,C1_ETHERNET_SIN_CARGA,medio
,0.5320,0.4580,0.4220,1.0000,,1787340873840.8242,19.7700,-2.5600,17.4800,0.5000,1787340873840.8242,False,,,1,OP1,C1_ETHERNET_SIN_CARGA,medio
,0.5320,0.4580,0.4230,1.0000,,1787340873872.2971,19.8050,-2.5600,17.4800,0.5000,1787340873872.2971,False,,,1,OP1,C1_ETHERNET_SIN_CARGA,medio
,0.5310,0.4580,0.4240,1.0000,,1787340873895.7495,19.8400,-2.4800,17.4800,0.5000,1787340873895.7495,False,,,1,OP1,C1_ETHERNET_SIN_CARGA,medio
,0.5300,0.4600,0.4280,1.0000,,1787340873927.1758,19.9800,-2.4000,17.6000,0.5000,1787340873929.1875,False,,,1,OP1,C1_ETHERNET_SIN_CARGA,medio
,0.5280,0.4620,0.4330,1.0000,,1787340873955.4241,20.1550,-2.2400,17.7200,0.5000,1787340873957.0876,False,,,1,OP1,C1_ETHERNET_SIN_CARGA,medio
,0.5230,0.4720,0.4560,1.0000,,1787340874011.8604,20.9600,-1.8400,18.3200,0.5000,1787340874011.8604,False,,,1,OP1,C1_ETHERNET_SIN_CARGA,medio
,0.5220,0.4770,0.4740,1.0000,,1787340874040.6648,21.5900,-1.7600,18.6200,0.5000,1787340874040.6648,False,,,1,OP1,C1_ETHERNET_SIN_CARGA,medio
,0.5220,0.4810,0.4900,1.0000,,1787340874067.3806,22.1500,-1.7600,18.8600,0.5000,1787340874067.3806,False,,,1,OP1,C1_ETHERNET_SIN_CARGA,medio
,0.5220,0.4850,0.5080,1.0000,,1787340874094.6206,22.7800,-1.7600,19.1000,0.5000,1787340874094.6206,False,,,1,OP1,C1_ETHERNET_SIN_CARGA,medio
,0.5200,0.4940,0.5390,1.0000,,1787340874144.1099,23.8650,-1.6000,19.6400,0.5000,1787340874151.5598,False,,,1,OP1,C1_ETHERNET_SIN_CARGA,medio
,0.5180,0.5020,0.5550,1.0000,,1787340874177.9622,24.4250,-1.4400,20.1200,0.5000,1787340874177.9622,False,,,1,OP1,C1_ETHERNET_SIN_CARGA,medio
,0.5170,0.5070,0.5680,1.0000,,1787340874204.0691,24.8800,-1.3600,20.4200,0.5000,1787340874204.0691,False,,,1,OP1,C1_ETHERNET_SIN_CARGA,medio
,0.5150,0.5100,0.5800,1.0000,,1787340874232.2314,25.3000,-1.2000,20.6000,0.5000,1787340874234.2393,False,,,1,OP1,C1_ETHERNET_SIN_CARGA,medio
,0.5120,0.5120,0.5870,1.0000,,1787340874263.9551,25.5450,-0.9600,20.7200,0.5000,1787340874263.9551,False,,,1,OP1,C1_ETHERNET_SIN_CARGA,medio
,0.5080,0.5140,0.5970,1.0000,,1787340874290.4087,25.8950,-0.6400,20.8400,0.5000,1787340874290.4087,False,,,1,OP1,C1_ETHERNET_SIN_CARGA,medio
,0.5020,0.5170,0.6080,1.0000,,1787340874313.6848,26.2800,-0.1600,21.0200,0.5000,1787340874313.6848,False,,,1,OP1,C1_ETHERNET_SIN_CARGA,medio
,0.5030,0.5170,0.6100,1.0000,,1787340874344.1174,26.3500,-0.2400,21.0200,0.5000,1787340874344.1174,False,,,1,OP1,C1_ETHERNET_SIN_CARGA,medio
,0.5040,0.5160,0.6110,1.0000,,1787340874373.1345,26.3850,-0.3200,20.9600,0.5000,1787340874373.1345,False,,,1,OP1,C1_ETHERNET_SIN_CARGA,medio
,0.5040,0.5170,0.6140,1.0000,,1787340874400.8132,26.4900,-0.3200,21.0200,0.5000,1787340874400.8132,False,,,1,OP1,C1_ETHERNET_SIN_CARGA,medio
,0.5040,0.5190,0.6220,1.0000,,1787340874429.5757,26.7700,-0.3200,21.1400,0.5000,1787340874431.5708,False,,,1,OP1,C1_ETHERNET_SIN_CARGA,medio
,0.5060,0.5220,0.6410,1.0000,,1787340874481.7676,27.4350,-0.4800,21.3200,0.5000,1787340874481.7676,False,,,1,OP1,C1_ETHERNET_SIN_CARGA,medio
,0.5060,0.5230,0.6540,1.0000,,1787340874511.8718,27.8900,-0.4800,21.3800,0.5000,1787340874511.8718,False,,,1,OP1,C1_ETHERNET_SIN_CARGA,medio
,0.5060,0.5230,0.6660,1.0000,,1787340874540.8359,28.3100,-0.4800,21.3800,0.5000,1787340874540.8359,False,,,1,OP1,C1_ETHERNET_SIN_CARGA,medio
,0.5060,0.5220,0.6780,1.0000,,1787340874568.7029,28.7300,-0.4800,21.3200,0.5000,1787340874568.7029,False,,,1,OP1,C1_ETHERNET_SIN_CARGA,medio
,0.5040,0.5200,0.6910,1.0000,,1787340874595.5483,29.1850,-0.3200,21.2000,0.5000,1787340874596.5605,False,,,1,OP1,C1_ETHERNET_SIN_CARGA,medio
,0.5030,0.5180,0.6950,1.0000,,1787340874647.5630,29.3250,-0.2400,21.0800,0.5000,1787340874647.5630,False,,,1,OP1,C1_ETHERNET_SIN_CARGA,medio
,0.5010,0.5170,0.6980,1.0000,,1787340874680.3318,29.4300,-0.0800,21.0200,0.5000,1787340874680.3318,False,,,1,OP1,C1_ETHERNET_SIN_CARGA,medio
,0.5010,0.5170,0.6990,1.0000,,1787340874706.4294,29.4650,-0.0800,21.0200,0.5000,1787340874706.4294,False,,,1,OP1,C1_ETHERNET_SIN_CARGA,medio
,0.5000,0.5170,0.6990,1.0000,,1787340874735.2710,29.4650,0.0000,21.0200,0.5000,1787340874735.2710,False,,,1,OP1,C1_ETHERNET_SIN_CARGA,medio
,0.5000,0.5160,0.7000,1.0000,,1787340874762.8840,29.5000,0.0000,20.9600,0.5000,1787340874763.7883,False,,,1,OP1,C1_ETHERNET_SIN_CARGA,medio
,0.4980,0.5160,0.7020,1.0000,,1787340874790.8025,29.5700,0.1600,20.9600,0.5000,1787340874790.8025,False,,,1,OP1,C1_ETHERNET_SIN_CARGA,medio
,0.4960,0.5160,0.7050,1.0000,,1787340874815.6704,29.6750,0.3200,20.9600,0.5000,1787340874815.6704,False,,,1,OP1,C1_ETHERNET_SIN_CARGA,medio
,0.4940,0.5160,0.7100,1.0000,,1787340874840.6155,29.8500,0.4800,20.9600,0.5000,1787340874848.0054,False,,,1,OP1,C1_ETHERNET_SIN_CARGA,medio
,0.4930,0.5160,0.7150,1.0000,,1787340874873.7939,30.0250,0.5600,20.9600,0.5000,1787340874873.7939,False,,,1,OP1,C1_ETHERNET_SIN_CARGA,medio
,0.4920,0.5150,0.7210,1.0000,,1787340874902.8433,30.2350,0.6400,20.9000,0.5000,1787340874902.8433,False,,,1,OP1,C1_ETHERNET_SIN_CARGA,medio
,0.4920,0.5140,0.7310,1.0000,,1787340874951.7041,30.5850,0.6400,20.8400,0.5000,1787340874951.7041,False,,,1,OP1,C1_ETHERNET_SIN_CARGA,medio
,0.4930,0.5130,0.7340,1.0000,,1787340874981.5879,30.6900,0.5600,20.7800,0.5000,1787340874981.5879,False,,,1,OP1,C1_ETHERNET_SIN_CARGA,medio
,0.4930,0.5130,0.7350,1.0000,,1787340875010.5374,30.7250,0.5600,20.7800,0.5000,1787340875010.5374,False,,,1,OP1,C1_ETHERNET_SIN_CARGA,medio
,0.4940,0.5120,0.7360,1.0000,,1787340875040.5535,30.7600,0.4800,20.7200,0.5000,1787340875040.5535,False,,,1,OP1,C1_ETHERNET_SIN_CARGA,medio
,0.4950,0.5120,0.7370,1.0000,,1787340875070.2810,30.7950,0.4000,20.7200,0.5000,1787340875072.2932,False,,,1,OP1,C1_ETHERNET_SIN_CARGA,medio
,0.4960,0.5110,0.7410,1.0000,,1787340875090.6497,30.9350,0.3200,20.6600,0.5000,1787340875090.6497,False,,,1,OP1,C1_ETHERNET_SIN_CARGA,medio
,0.4980,0.5110,0.7450,1.0000,,1787340875118.3093,31.0750,0.1600,20.6600,0.5000,1787340875118.3093,False,,,1,OP1,C1_ETHERNET_SIN_CARGA,medio
,0.5010,0.5100,0.7490,1.0000,,1787340875151.9417,31.2150,-0.0800,20.6000,0.5000,1787340875153.9565,False,,,1,OP1,C1_ETHERNET_SIN_CARGA,medio
,0.5020,0.5090,0.7530,1.0000,,1787340875176.4038,31.3550,-0.1600,20.5400,0.5000,1787340875176.4038,False,,,1,OP1,C1_ETHERNET_SIN_CARGA,medio
,0.5040,0.5080,0.7580,1.0000,,1787340875208.7319,31.5300,-0.3200,20.4800,0.5000,1787340875208.7319,False,,,1,OP1,C1_ETHERNET_SIN_CARGA,medio
,0.5050,0.5070,0.7640,1.0000,,1787340875236.8735,31.7400,-0.4000,20.4200,0.5000,1787340875236.8735,False,,,1,OP1,C1_ETHERNET_SIN_CARGA,medio
,0.5070,0.5060,0.7700,1.0000,,1787340875261.3333,31.9500,-0.5600,20.3600,0.5000,1787340875261.3333,False,,,1,OP1,C1_ETHERNET_SIN_CARGA,medio
,0.5100,0.5050,0.7770,1.0000,,1787340875290.6675,32.1950,-0.8000,20.3000,0.5000,1787340875290.6675,False,,,1,OP1,C1_ETHERNET_SIN_CARGA,medio
,0.5120,0.5030,0.7830,1.0000,,1787340875319.9749,32.4050,-0.9600,20.1800,0.5000,1787340875319.9749,False,,,1,OP1,C1_ETHERNET_SIN_CARGA,medio
,0.5140,0.5010,0.7880,1.0000,,1787340875343.2537,32.5800,-1.1200,20.0600,0.5000,1787340875343.2537,False,,,1,OP1,C1_ETHERNET_SIN_CARGA,medio
,0.5160,0.5000,0.7920,1.0000,,1787340875376.9299,32.7200,-1.2800,20.0000,0.5000,1787340875376.9299,False,,,1,OP1,C1_ETHERNET_SIN_CARGA,medio
,0.5180,0.4990,0.7950,1.0000,,1787340875403.8262,32.8250,-1.4400,19.9400,0.5000,1787340875403.8262,False,,,1,OP1,C1_ETHERNET_SIN_CARGA,medio
,0.5220,0.4990,0.8020,1.0000,,1787340875453.4585,33.0700,-1.7600,19.9400,0.5000,1787340875453.4585,False,,,1,OP1,C1_ETHERNET_SIN_CARGA,medio
,0.5240,0.4990,0.8050,1.0000,,1787340875486.6426,33.1750,-1.9200,19.9400,0.5000,1787340875486.6426,False,,,1,OP1,C1_ETHERNET_SIN_CARGA,medio
,0.5250,0.4990,0.8090,1.0000,,1787340875512.7283,33.3150,-2.0000,19.9400,0.5000,1787340875512.7283,False,,,1,OP1,C1_ETHERNET_SIN_CARGA,medio
,0.5260,0.4990,0.8120,1.0000,,1787340875542.5798,33.4200,-2.0800,19.9400,0.5000,1787340875542.5798,False,,,1,OP1,C1_ETHERNET_SIN_CARGA,medio
,0.5270,0.4980,0.8160,1.0000,,1787340875571.0852,33.5600,-2.1600,19.8800,0.5000,1787340875571.9248,False,,,1,OP1,C1_ETHERNET_SIN_CARGA,medio
,0.5300,0.4970,0.8250,1.0000,,1787340875621.0769,33.8750,-2.4000,19.8200,0.5000,1787340875621.0769,False,,,1,OP1,C1_ETHERNET_SIN_CARGA,medio
,0.5310,0.4960,0.8280,1.0000,,1787340875654.6472,33.9800,-2.4800,19.7600,0.5000,1787340875654.6472,False,,,1,OP1,C1_ETHERNET_SIN_CARGA,medio
,0.5310,0.4950,0.8310,1.0000,,1787340875681.3765,34.0850,-2.4800,19.7000,0.5000,1787340875681.3765,False,,,1,OP1,C1_ETHERNET_SIN_CARGA,medio
,0.5320,0.4940,0.8360,1.0000,,1787340875710.2102,34.2600,-2.5600,19.6400,0.5000,1787340875710.2102,False,,,1,OP1,C1_ETHERNET_SIN_CARGA,medio
,0.5330,0.4930,0.8370,1.0000,,1787340875737.6780,34.2950,-2.6400,19.5800,0.5000,1787340875738.6270,False,,,1,OP1,C1_ETHERNET_SIN_CARGA,medio
,0.5340,0.4920,0.8370,1.0000,,1787340875764.3235,34.2950,-2.7200,19.5200,0.5000,1787340875764.3235,False,,,1,OP1,C1_ETHERNET_SIN_CARGA,medio
,0.5360,0.4900,0.8370,1.0000,,1787340875790.7188,34.2950,-2.8800,19.4000,0.5000,1787340875790.7188,False,,,1,OP1,C1_ETHERNET_SIN_CARGA,medio
,0.5360,0.4870,0.8400,1.0000,,1787340875816.2297,34.4000,-2.8800,19.2200,0.5000,1787340875822.3125,False,,,1,OP1,C1_ETHERNET_SIN_CARGA,medio
,0.5370,0.4840,0.8430,1.0000,,1787340875849.3059,34.5050,-2.9600,19.0400,0.5000,1787340875849.3059,False,,,1,OP1,C1_ETHERNET_SIN_CARGA,medio
,0.5400,0.4790,0.8460,1.0000,,1787340875875.6379,34.6100,-3.2000,18.7400,0.5000,1787340875875.6379,False,,,1,OP1,C1_ETHERNET_SIN_CARGA,medio
,0.5420,0.4760,0.8480,1.0000,,1787340875905.2087,34.6800,-3.3600,18.5600,0.5000,1787340875906.9473,False,,,1,OP1,C1_ETHERNET_SIN_CARGA,medio
,0.5430,0.4730,0.8500,1.0000,,1787340875926.3333,34.7500,-3.4400,18.3800,0.5000,1787340875926.3333,False,,,1,OP1,C1_ETHERNET_SIN_CARGA,medio
,0.5440,0.4710,0.8520,1.0000,,1787340875957.0603,34.8200,-3.5200,18.2600,0.5000,1787340875957.0603,False,,,1,OP1,C1_ETHERNET_SIN_CARGA,medio
,0.5460,0.4680,0.8550,1.0000,,1787340875986.1865,34.9250,-3.6800,18.0800,0.5000,1787340875986.1865,False,,,1,OP1,C1_ETHERNET_SIN_CARGA,medio
,0.5450,0.4660,0.8580,1.0000,,1787340876014.7520,35.0300,-3.6000,17.9600,0.5000,1787340876014.7520,False,,,1,OP1,C1_ETHERNET_SIN_CARGA,medio
,0.5450,0.4640,0.8600,1.0000,,1787340876044.3450,35.1000,-3.6000,17.8400,0.5000,1787340876044.3450,False,,,1,OP1,C1_ETHERNET_SIN_CARGA,medio
,0.5470,0.4540,0.8640,1.0000,,1787340876092.5547,35.2400,-3.7600,17.2400,0.5000,1787340876101.1191,False,,,1,OP1,C1_ETHERNET_SIN_CARGA,medio
,0.5470,0.4480,0.8680,1.0000,,1787340876123.7109,35.3800,-3.7600,16.8800,0.5000,1787340876123.7109,False,,,1,OP1,C1_ETHERNET_SIN_CARGA,medio
,0.5470,0.4420,0.8720,1.0000,,1787340876152.4504,35.5200,-3.7600,16.5200,0.5000,1787340876152.4504,False,,,1,OP1,C1_ETHERNET_SIN_CARGA,medio
,0.5460,0.4400,0.8730,1.0000,,1787340876183.1309,35.5550,-3.6800,16.4000,0.5000,1787340876183.1309,False,,,1,OP1,C1_ETHERNET_SIN_CARGA,medio
,0.5450,0.4370,0.8750,1.0000,,1787340876212.2717,35.6250,-3.6000,16.2200,0.5000,1787340876212.2717,False,,,1,OP1,C1_ETHERNET_SIN_CARGA,medio
,0.5440,0.4330,0.8780,1.0000,,1787340876240.2576,35.7300,-3.5200,15.9800,0.5000,1787340876240.2576,False,,,1,OP1,C1_ETHERNET_SIN_CARGA,medio
,0.5420,0.4260,0.8820,1.0000,,1787340876291.9834,35.8700,-3.3600,15.5600,0.5000,1787340876291.9834,False,,,1,OP1,C1_ETHERNET_SIN_CARGA,medio
,0.5410,0.4240,0.8830,1.0000,,1787340876316.4197,35.9050,-3.2800,15.4400,0.5000,1787340876316.4197,False,,,1,OP1,C1_ETHERNET_SIN_CARGA,medio
,0.5410,0.4210,0.8830,1.0000,,1787340876350.6570,35.9050,-3.2800,15.2600,0.5000,1787340876350.6570,False,,,1,OP1,C1_ETHERNET_SIN_CARGA,medio
,0.5400,0.4170,0.8840,1.0000,,1787340876378.6345,35.9400,-3.2000,15.0200,0.5000,1787340876379.4575,False,,,1,OP1,C1_ETHERNET_SIN_CARGA,medio
,0.5380,0.4120,0.8880,1.0000,,1787340876406.1909,36.0800,-3.0400,14.7200,0.5000,1787340876408.0447,False,,,1,OP1,C1_ETHERNET_SIN_CARGA,medio
,0.5360,0.4050,0.8940,1.0000,,1787340876428.7021,36.2900,-2.8800,14.3000,0.5000,1787340876428.7021,False,,,1,OP1,C1_ETHERNET_SIN_CARGA,medio
,0.5350,0.4030,0.8920,1.0000,,1787340876461.9143,36.2200,-2.8000,14.1800,0.5000,1787340876461.9143,False,,,1,OP1,C1_ETHERNET_SIN_CARGA,medio
,0.5350,0.4000,0.8910,1.0000,,1787340876485.7700,36.1850,-2.8000,14.0000,0.5000,1787340876485.7700,False,,,1,OP1,C1_ETHERNET_SIN_CARGA,medio
,0.5360,0.3970,0.8910,1.0000,,1787340876517.9260,36.1850,-2.8800,13.8200,0.5000,1787340876517.9260,False,,,1,OP1,C1_ETHERNET_SIN_CARGA,medio
,0.5380,0.3920,0.8910,1.0000,,1787340876545.4617,36.1850,-3.0400,13.5200,0.5000,1787340876545.4617,False,,,1,OP1,C1_ETHERNET_SIN_CARGA,medio
,0.5380,0.3890,0.8910,1.0000,,1787340876568.8926,36.1850,-3.0400,13.3400,0.5000,1787340876573.3545,False,,,1,OP1,C1_ETHERNET_SIN_CARGA,medio
,0.5370,0.3860,0.8930,1.0000,,1787340876597.8464,36.2550,-2.9600,13.1600,0.5000,1787340876597.8464,False,,,1,OP1,C1_ETHERNET_SIN_CARGA,medio
,0.5360,0.3820,0.8970,1.0000,,1787340876629.1809,36.3950,-2.8800,12.9200,0.5000,1787340876629.1809,False,,,1,OP1,C1_ETHERNET_SIN_CARGA,medio
,0.5370,0.3790,0.8980,1.0000,,1787340876654.8230,36.4300,-2.9600,12.7400,0.5000,1787340876654.8230,False,,,1,OP1,C1_ETHERNET_SIN_CARGA,medio
,0.5370,0.3770,0.8990,1.0000,,1787340876682.6184,36.4650,-2.9600,12.6200,0.5000,1787340876684.6243,False,,,1,OP1,C1_ETHERNET_SIN_CARGA,medio
,0.5380,0.3740,0.8980,1.0000,,1787340876712.1729,36.4300,-3.0400,12.4400,0.5000,1787340876712.1729,False,,,1,OP1,C1_ETHERNET_SIN_CARGA,medio
,0.5380,0.3710,0.8970,1.0000,,1787340876740.6743,36.3950,-3.0400,12.2600,0.5000,1787340876740.6743,False,,,1,OP1,C1_ETHERNET_SIN_CARGA,medio
,0.5370,0.3680,0.8950,1.0000,,1787340876765.5386,36.3250,-2.9600,12.0800,0.5000,1787340876765.5386,False,,,1,OP1,C1_ETHERNET_SIN_CARGA,medio
,0.5360,0.3640,0.8930,1.0000,,1787340876795.4180,36.2550,-2.8800,11.8400,0.5000,1787340876795.4180,False,,,1,OP1,C1_ETHERNET_SIN_CARGA,medio
,0.5360,0.3600,0.8920,1.0000,,1787340876821.2332,36.2200,-2.8800,11.6000,0.5000,1787340876821.2332,False,,,1,OP1,C1_ETHERNET_SIN_CARGA,medio
,0.5350,0.3570,0.8910,1.0000,,1787340876851.1533,36.1850,-2.8000,11.4200,0.5000,1787340876853.1658,False,,,1,OP1,C1_ETHERNET_SIN_CARGA,medio
,0.5340,0.3530,0.8900,1.0000,,1787340876880.4644,36.1500,-2.7200,11.1800,0.5000,1787340876881.4778,False,,,1,OP1,C1_ETHERNET_SIN_CARGA,medio
,0.5340,0.3480,0.8890,1.0000,,1787340876909.0354,36.1150,-2.7200,10.8800,0.5000,1787340876909.0354,False,,,1,OP1,C1_ETHERNET_SIN_CARGA,medio
,0.5310,0.3400,0.8890,1.0000,,1787340876930.4675,36.1150,-2.4800,10.4000,0.5000,1787340876930.4675,False,,,1,OP1,C1_ETHERNET_SIN_CARGA,medio
,0.5290,0.3320,0.8900,1.0000,,1787340876958.6829,36.1500,-2.3200,9.9200,0.5000,1787340876958.6829,False,,,1,OP1,C1_ETHERNET_SIN_CARGA,medio
,0.5280,0.3230,0.8900,1.0000,,1787340876990.6301,36.1500,-2.2400,9.3800,0.5000,1787340876990.6301,False,,,1,OP1,C1_ETHERNET_SIN_CARGA,medio
,0.5290,0.3090,0.8900,1.0000,,1787340877019.7546,36.1500,-2.3200,8.5400,0.5000,1787340877019.7546,False,,,1,OP1,C1_ETHERNET_SIN_CARGA,medio
,0.5300,0.2970,0.8900,1.0000,,1787340877046.5725,36.1500,-2.4000,7.8200,0.5000,1787340877046.5725,False,,,1,OP1,C1_ETHERNET_SIN_CARGA,medio
,0.5310,0.2870,0.8900,1.0000,,1787340877067.4331,36.1500,-2.4800,7.2200,0.5000,1787340877067.4331,False,,,1,OP1,C1_ETHERNET_SIN_CARGA,medio
,0.5330,0.2770,0.8880,1.0000,,1787340877099.5208,36.0800,-2.6400,6.6200,0.5000,1787340877099.5208,False,,,1,OP1,C1_ETHERNET_SIN_CARGA,medio
,0.5330,0.2680,0.8850,1.0000,,1787340877126.8643,35.9750,-2.6400,6.0800,0.5000,1787340877126.8643,False,,,1,OP1,C1_ETHERNET_SIN_CARGA,medio
,0.5340,0.2620,0.8820,1.0000,,1787340877158.8989,35.8700,-2.7200,5.7200,0.5000,1787340877158.8989,False,,,1,OP1,C1_ETHERNET_SIN_CARGA,medio
,0.5330,0.2570,0.8780,1.0000,,1787340877186.8208,35.7300,-2.6400,5.4200,0.5000,1787340877186.8208,False,,,1,OP1,C1_ETHERNET_SIN_CARGA,medio
,0.5340,0.2530,0.8750,1.0000,,1787340877211.6250,35.6250,-2.7200,5.1800,0.5000,1787340877211.6250,False,,,1,OP1,C1_ETHERNET_SIN_CARGA,medio
,0.5350,0.2470,0.8720,1.0000,,1787340877240.6743,35.5200,-2.8000,4.8200,0.5000,1787340877240.6743,False,,,1,OP1,C1_ETHERNET_SIN_CARGA,medio
,0.5330,0.2430,0.8700,1.0000,,1787340877266.1394,35.4500,-2.6400,4.5800,0.5000,1787340877266.1394,False,,,1,OP1,C1_ETHERNET_SIN_CARGA,medio
,0.5320,0.2410,0.8690,1.0000,,1787340877294.6401,35.4150,-2.5600,4.4600,0.5000,1787340877294.6401,False,,,1,OP1,C1_ETHERNET_SIN_CARGA,medio
,0.5310,0.2380,0.8700,1.0000,,1787340877325.4639,35.4500,-2.4800,4.2800,0.5000,1787340877325.4639,False,,,1,OP1,C1_ETHERNET_SIN_CARGA,medio
,0.5280,0.2340,0.8700,1.0000,,1787340877352.0532,35.4500,-2.2400,4.0400,0.5000,1787340877354.1663,False,,,1,OP1,C1_ETHERNET_SIN_CARGA,medio
,0.5270,0.2310,0.8700,1.0000,,1787340877379.4717,35.4500,-2.1600,3.8600,0.5000,1787340877379.4717,False,,,1,OP1,C1_ETHERNET_SIN_CARGA,medio
,0.5260,0.2290,0.8690,1.0000,,1787340877402.2981,35.4150,-2.0800,3.7400,0.5000,1787340877402.2981,False,,,1,OP1,C1_ETHERNET_SIN_CARGA,medio
,0.5240,0.2260,0.8680,1.0000,,1787340877429.5667,35.3800,-1.9200,3.5600,0.5000,1787340877429.5667,False,,,1,OP1,C1_ETHERNET_SIN_CARGA,medio
,0.5230,0.2220,0.8670,1.0000,,1787340877463.1860,35.3450,-1.8400,3.3200,0.5000,1787340877463.1860,False,,,1,OP1,C1_ETHERNET_SIN_CARGA,medio
,0.5220,0.2200,0.8650,1.0000,,1787340877490.3914,35.2750,-1.7600,3.2000,0.5000,1787340877492.4014,False,,,1,OP1,C1_ETHERNET_SIN_CARGA,medio
,0.5230,0.2190,0.8630,1.0000,,1787340877519.5676,35.2050,-1.8400,3.1400,0.5000,1787340877520.4475,False,,,1,OP1,C1_ETHERNET_SIN_CARGA,medio
,0.5230,0.2190,0.8620,1.0000,,1787340877540.9402,35.1700,-1.8400,3.1400,0.5000,1787340877540.9402,False,,,1,OP1,C1_ETHERNET_SIN_CARGA,medio
,0.5230,0.2180,0.8600,1.0000,,1787340877570.8132,35.1000,-1.8400,3.0800,0.5000,1787340877570.8132,False,,,1,OP1,C1_ETHERNET_SIN_CARGA,medio
,0.5240,0.2170,0.8590,1.0000,,1787340877603.2568,35.0650,-1.9200,3.0200,0.5000,1787340877603.2568,False,,,1,OP1,C1_ETHERNET_SIN_CARGA,medio
,0.5240,0.2170,0.8600,1.0000,,1787340877626.9500,35.1000,-1.9200,3.0200,0.5000,1787340877626.9500,False,,,1,OP1,C1_ETHERNET_SIN_CARGA,medio
,0.5240,0.2150,0.8600,1.0000,,1787340877658.5908,35.1000,-1.9200,2.9000,0.5000,1787340877658.5908,False,,,1,OP1,C1_ETHERNET_SIN_CARGA,medio
,0.5250,0.2140,0.8600,1.0000,,1787340877686.6921,35.1000,-2.0000,2.8400,0.5000,1787340877687.6907,False,,,1,OP1,C1_ETHERNET_SIN_CARGA,medio
,0.5250,0.2140,0.8610,1.0000,,1787340877714.4929,35.1350,-2.0000,2.8400,0.5000,1787340877714.4929,False,,,1,OP1,C1_ETHERNET_SIN_CARGA,medio
,0.5250,0.2130,0.8610,1.0000,,1787340877740.9651,35.1350,-2.0000,2.7800,0.5000,1787340877740.9651,False,,,1,OP1,C1_ETHERNET_SIN_CARGA,medio
,0.5250,0.2130,0.8610,1.0000,,1787340877770.1758,35.1350,-2.0000,2.7800,0.5000,1787340877771.8003,False,,,1,OP1,C1_ETHERNET_SIN_CARGA,medio
,0.5260,0.2130,0.8600,1.0000,,1787340877793.6716,35.1000,-2.0800,2.7800,0.5000,1787340877793.6716,False,,,1,OP1,C1_ETHERNET_SIN_CARGA,medio
,0.5260,0.2130,0.8610,1.0000,,1787340877825.9663,35.1350,-2.0800,2.7800,0.5000,1787340877825.9663,False,,,1,OP1,C1_ETHERNET_SIN_CARGA,medio
,0.5260,0.2130,0.8600,1.0000,,1787340877853.6238,35.1000,-2.0800,2.7800,0.5000,1787340877855.6367,False,,,1,OP1,C1_ETHERNET_SIN_CARGA,medio
,0.5270,0.2130,0.8600,1.0000,,1787340877880.1130,35.1000,-2.1600,2.7800,0.5000,1787340877880.1130,False,,,1,OP1,C1_ETHERNET_SIN_CARGA,medio
,0.5270,0.2130,0.8600,1.0000,,1787340877907.3738,35.1000,-2.1600,2.7800,0.5000,1787340877907.3738,False,,,1,OP1,C1_ETHERNET_SIN_CARGA,medio
,0.5270,0.2130,0.8610,1.0000,,1787340877936.9553,35.1350,-2.1600,2.7800,0.5000,1787340877936.9553,False,,,1,OP1,C1_ETHERNET_SIN_CARGA,medio
,0.5270,0.2140,0.8610,1.0000,,1787340877963.8000,35.1350,-2.1600,2.8400,0.5000,1787340877963.8000,False,,,1,OP1,C1_ETHERNET_SIN_CARGA,medio
,0.5280,0.2130,0.8610,1.0000,,1787340877991.0222,35.1350,-2.2400,2.7800,0.5000,1787340877991.0222,False,,,1,OP1,C1_ETHERNET_SIN_CARGA,medio
,0.5290,0.2130,0.8630,1.0000,,1787340878014.3987,35.2050,-2.3200,2.7800,0.5000,1787340878014.3987,False,,,1,OP1,C1_ETHERNET_SIN_CARGA,medio
,0.5310,0.2130,0.8660,1.0000,,1787340878044.5833,35.3100,-2.4800,2.7800,0.5000,1787340878044.5833,False,,,1,OP1,C1_ETHERNET_SIN_CARGA,medio
,0.5330,0.2130,0.8680,1.0000,,1787340878076.2285,35.3800,-2.6400,2.7800,0.5000,1787340878079.6406,False,,,1,OP1,C1_ETHERNET_SIN_CARGA,medio
,0.5340,0.2130,0.8680,1.0000,,1787340878096.9697,35.3800,-2.7200,2.7800,0.5000,1787340878096.9697,False,,,1,OP1,C1_ETHERNET_SIN_CARGA,medio
,0.5340,0.2140,0.8680,1.0000,,1787340878127.4685,35.3800,-2.7200,2.8400,0.5000,1787340878127.4685,False,,,1,OP1,C1_ETHERNET_SIN_CARGA,medio
,0.5330,0.2140,0.8680,1.0000,,1787340878154.4321,35.3800,-2.6400,2.8400,0.5000,1787340878154.4321,False,,,1,OP1,C1_ETHERNET_SIN_CARGA,medio
,0.5320,0.2160,0.8670,1.0000,,1787340878189.6069,35.3450,-2.5600,2.9600,0.5000,1787340878191.2778,False,,,1,OP1,C1_ETHERNET_SIN_CARGA,medio
,0.5320,0.2160,0.8670,1.0000,,1787340878211.9768,35.3450,-2.5600,2.9600,0.5000,1787340878211.9768,False,,,1,OP1,C1_ETHERNET_SIN_CARGA,medio
,0.5320,0.2170,0.8680,1.0000,,1787340878242.6565,35.3800,-2.5600,3.0200,0.5000,1787340878242.6565,False,,,1,OP1,C1_ETHERNET_SIN_CARGA,medio
,0.5330,0.2170,0.8680,1.0000,,1787340878272.0781,35.3800,-2.6400,3.0200,0.5000,1787340878272.0781,False,,,1,OP1,C1_ETHERNET_SIN_CARGA,medio
,0.5330,0.2220,0.8660,1.0000,,1787340878327.6814,35.3100,-2.6400,3.3200,0.5000,1787340878327.6814,False,,,1,OP1,C1_ETHERNET_SIN_CARGA,medio
,0.5340,0.2260,0.8640,1.0000,,1787340878356.4688,35.2400,-2.7200,3.5600,0.5000,1787340878356.4688,False,,,1,OP1,C1_ETHERNET_SIN_CARGA,medio
,0.5350,0.2310,0.8650,1.0000,,1787340878381.5037,35.2750,-2.8000,3.8600,0.5000,1787340878381.5037,False,,,1,OP1,C1_ETHERNET_SIN_CARGA,medio
,0.5380,0.2380,0.8650,1.0000,,1787340878408.3933,35.2750,-3.0400,4.2800,0.5000,1787340878408.3933,False,,,1,OP1,C1_ETHERNET_SIN_CARGA,medio
,0.5410,0.2460,0.8640,1.0000,,1787340878431.2256,35.2400,-3.2800,4.7600,0.5000,1787340878431.2256,False,,,1,OP1,C1_ETHERNET_SIN_CARGA,medio
,0.5440,0.2580,0.8640,1.0000,,1787340878467.6792,35.2400,-3.5200,5.4800,0.5000,1787340878467.6792,False,,,1,OP1,C1_ETHERNET_SIN_CARGA,medio
,0.5460,0.2740,0.8630,1.0000,,1787340878495.2231,35.2050,-3.6800,6.4400,0.5000,1787340878495.2231,False,,,1,OP1,C1_ETHERNET_SIN_CARGA,medio
,0.5520,0.3060,0.8660,1.0000,,1787340878544.4653,35.3100,-4.1600,8.3600,0.5000,1787340878544.4653,False,,,1,OP1,C1_ETHERNET_SIN_CARGA,medio
,0.5550,0.3220,0.8670,1.0000,,1787340878577.9895,35.3450,-4.4000,9.3200,0.5000,1787340878577.9895,False,,,1,OP1,C1_ETHERNET_SIN_CARGA,medio
,0.5580,0.3320,0.8640,1.0000,,1787340878605.9897,35.2400,-4.6400,9.9200,0.5000,1787340878605.9897,False,,,1,OP1,C1_ETHERNET_SIN_CARGA,medio
,0.5620,0.3410,0.8590,1.0000,,1787340878633.8938,35.0650,-4.9600,10.4600,0.5000,1787340878633.8938,False,,,1,OP1,C1_ETHERNET_SIN_CARGA,medio
,0.5660,0.3560,0.8520,1.0000,,1787340878662.0947,34.8200,-5.2800,11.3600,0.5000,1787340878662.0947,False,,,1,OP1,C1_ETHERNET_SIN_CARGA,medio
,0.5680,0.3670,0.8460,1.0000,,1787340878682.6953,34.6100,-5.4400,12.0200,0.5000,1787340878691.2551,False,,,1,OP1,C1_ETHERNET_SIN_CARGA,medio
,0.5690,0.3750,0.8420,1.0000,,1787340878713.0002,34.4700,-5.5200,12.5000,0.5000,1787340878713.0002,False,,,1,OP1,C1_ETHERNET_SIN_CARGA,medio
,0.5730,0.3840,0.8310,1.0000,,1787340878745.7119,34.0850,-5.8400,13.0400,0.5000,1787340878745.7119,False,,,1,OP1,C1_ETHERNET_SIN_CARGA,medio
,0.5750,0.3990,0.8220,1.0000,,1787340878773.7532,33.7700,-6.0000,13.9400,0.5000,1787340878773.7532,False,,,1,OP1,C1_ETHERNET_SIN_CARGA,medio
,0.5770,0.4130,0.8120,1.0000,,1787340878797.9150,33.4200,-6.1600,14.7800,0.5000,1787340878797.9150,False,,,1,OP1,C1_ETHERNET_SIN_CARGA,medio
,0.5800,0.4260,0.8020,1.0000,,1787340878829.3862,33.0700,-6.4000,15.5600,0.5000,1787340878829.3862,False,,,1,OP1,C1_ETHERNET_SIN_CARGA,medio
,0.5740,0.4360,0.7940,1.0000,,1787340878853.1572,32.7900,-5.9200,16.1600,0.5000,1787340878853.1572,False,,,1,OP1,C1_ETHERNET_SIN_CARGA,medio
,0.5720,0.4460,0.7860,1.0000,,1787340878883.0378,32.5100,-5.7600,16.7600,0.5000,1787340878883.0378,False,,,1,OP1,C1_ETHERNET_SIN_CARGA,medio
,0.5730,0.4560,0.7760,1.0000,,1787340878908.0244,32.1600,-5.8400,17.3600,0.5000,1787340878915.5747,False,,,1,OP1,C1_ETHERNET_SIN_CARGA,medio
,0.5740,0.4630,0.7610,1.0000,,1787340878939.7534,31.6350,-5.9200,17.7800,0.5000,1787340878939.7534,False,,,1,OP1,C1_ETHERNET_SIN_CARGA,medio
,0.5730,0.4690,0.7500,1.0000,,1787340878967.3301,31.2500,-5.8400,18.1400,0.5000,1787340878969.3403,False,,,1,OP1,C1_ETHERNET_SIN_CARGA,medio
,0.5720,0.4730,0.7420,1.0000,,1787340878996.5293,30.9700,-5.7600,18.3800,0.5000,1787340878997.5483,False,,,1,OP1,C1_ETHERNET_SIN_CARGA,medio
,0.5710,0.4790,0.7230,1.0000,,1787340879047.4932,30.3050,-5.6800,18.7400,0.5000,1787340879047.4932,False,,,1,OP1,C1_ETHERNET_SIN_CARGA,medio
,0.5720,0.4820,0.7130,1.0000,,1787340879076.7217,29.9550,-5.7600,18.9200,0.5000,1787340879076.7217,False,,,1,OP1,C1_ETHERNET_SIN_CARGA,medio
,0.5700,0.4900,0.6970,1.0000,,1787340879105.2151,29.3950,-5.6000,19.4000,0.5000,1787340879107.7236,False,,,1,OP1,C1_ETHERNET_SIN_CARGA,medio
,0.5680,0.5030,0.6720,1.0000,,1787340879136.2590,28.5200,-5.4400,20.1800,0.5000,1787340879136.2590,False,,,1,OP1,C1_ETHERNET_SIN_CARGA,medio
,0.5650,0.5140,0.6540,1.0000,,1787340879157.4858,27.8900,-5.2000,20.8400,0.5000,1787340879164.6731,False,,,1,OP1,C1_ETHERNET_SIN_CARGA,medio
,0.5620,0.5260,0.6390,1.0000,,1787340879190.6575,27.3650,-4.9600,21.5600,0.5000,1787340879190.6575,False,,,1,OP1,C1_ETHERNET_SIN_CARGA,medio
,0.5580,0.5350,0.6340,1.0000,,1787340879215.9937,27.1900,-4.6400,22.1000,0.5000,1787340879215.9937,False,,,1,OP1,C1_ETHERNET_SIN_CARGA,medio
,0.5570,0.5440,0.6320,1.0000,,1787340879243.6882,27.1200,-4.5600,22.6400,0.5000,1787340879243.6882,False,,,1,OP1,C1_ETHERNET_SIN_CARGA,medio
,0.5570,0.5530,0.6330,1.0000,,1787340879273.8286,27.1550,-4.5600,23.1800,0.5000,1787340879273.8286,False,,,1,OP1,C1_ETHERNET_SIN_CARGA,medio
,0.5620,0.5620,0.6380,1.0000,,1787340879302.3457,27.3300,-4.9600,23.7200,0.5000,1787340879302.7026,False,,,1,OP1,C1_ETHERNET_SIN_CARGA,medio
,0.5680,0.5780,0.6370,1.0000,,1787340879351.7783,27.2950,-5.4400,24.6800,0.5000,1787340879351.7783,False,,,1,OP1,C1_ETHERNET_SIN_CARGA,medio
,0.5700,0.5830,0.6340,1.0000,,1787340879383.8577,27.1900,-5.6000,24.9800,0.5000,1787340879383.8577,False,,,1,OP1,C1_ETHERNET_SIN_CARGA,medio
,0.5710,0.5870,0.6300,1.0000,,1787340879413.2554,27.0500,-5.6800,25.2200,0.5000,1787340879413.2554,False,,,1,OP1,C1_ETHERNET_SIN_CARGA,medio
,0.5720,0.5910,0.6260,1.0000,,1787340879441.1870,26.9100,-5.7600,25.4600,0.5000,1787340879441.1870,False,,,1,OP1,C1_ETHERNET_SIN_CARGA,medio
,0.5730,0.5950,0.6230,1.0000,,1787340879468.9600,26.8050,-5.8400,25.7000,0.5000,1787340879470.9846,False,,,1,OP1,C1_ETHERNET_SIN_CARGA,medio
,0.5730,0.6010,0.5990,1.0000,,1787340879491.2920,25.9650,-5.8400,26.0600,0.5000,1787340879491.2920,False,,,1,OP1,C1_ETHERNET_SIN_CARGA,medio
,0.5710,0.6090,0.5740,1.0000,,1787340879518.4353,25.0900,-5.6800,26.5400,0.5000,1787340879518.4353,False,,,1,OP1,C1_ETHERNET_SIN_CARGA,medio
,0.5680,0.6160,0.5510,1.0000,,1787340879551.5852,24.2850,-5.4400,26.9600,0.5000,1787340879551.5852,False,,,1,OP1,C1_ETHERNET_SIN_CARGA,medio
,0.5650,0.6210,0.5350,1.0000,,1787340879580.3171,23.7250,-5.2000,27.2600,0.5000,1787340879580.3171,False,,,1,OP1,C1_ETHERNET_SIN_CARGA,medio
,0.5640,0.6240,0.5280,1.0000,,1787340879605.9968,23.4800,-5.1200,27.4400,0.5000,1787340879609.6143,False,,,1,OP1,C1_ETHERNET_SIN_CARGA,medio
,0.5640,0.6250,0.5270,1.0000,,1787340879637.2336,23.4450,-5.1200,27.5000,0.5000,1787340879638.2683,False,,,1,OP1,C1_ETHERNET_SIN_CARGA,medio
,0.5620,0.6260,0.5270,1.0000,,1787340879664.6609,23.4450,-4.9600,27.5600,0.5000,1787340879664.6609,False,,,1,OP1,C1_ETHERNET_SIN_CARGA,medio
,0.5580,0.6300,0.5180,1.0000,,1787340879690.7583,23.1300,-4.6400,27.8000,0.5000,1787340879690.7583,False,,,1,OP1,C1_ETHERNET_SIN_CARGA,medio
,0.5520,0.6360,0.5000,1.0000,,1787340879720.3149,22.5000,-4.1600,28.1600,0.5000,1787340879720.3149,False,,,1,OP1,C1_ETHERNET_SIN_CARGA,medio
,0.5430,0.6420,0.4830,1.0000,,1787340879747.1572,21.9050,-3.4400,28.5200,0.5000,1787340879747.1572,False,,,1,OP1,C1_ETHERNET_SIN_CARGA,medio
,0.5320,0.6500,0.4550,1.0000,,1787340879773.3979,20.9250,-2.5600,29.0000,0.5000,1787340879776.6113,False,,,1,OP1,C1_ETHERNET_SIN_CARGA,medio
,0.5280,0.6530,0.4430,1.0000,,1787340879803.3425,20.5050,-2.2400,29.1800,0.5000,1787340879804.4697,False,,,1,OP1,C1_ETHERNET_SIN_CARGA,medio
,0.5240,0.6580,0.4260,1.0000,,1787340879854.7505,19.9100,-1.9200,29.4800,0.5000,1787340879854.7505,False,,,1,OP1,C1_ETHERNET_SIN_CARGA,medio
,0.5220,0.6620,0.4150,1.0000,,1787340879887.6191,19.5250,-1.7600,29.7200,0.5000,1787340879887.6191,False,,,1,OP1,C1_ETHERNET_SIN_CARGA,medio
,0.5220,0.6650,0.4060,1.0000,,1787340879913.8572,19.2100,-1.7600,29.9000,0.5000,1787340879913.8572,False,,,1,OP1,C1_ETHERNET_SIN_CARGA,medio
,0.5210,0.6620,0.4030,1.0000,,1787340879942.8210,19.1050,-1.6800,29.7200,0.5000,1787340879942.8210,False,,,1,OP1,C1_ETHERNET_SIN_CARGA,medio
,0.5240,0.6550,0.3990,1.0000,,1787340879963.3013,18.9650,-1.9200,29.3000,0.5000,1787340879971.8877,False,,,1,OP1,C1_ETHERNET_SIN_CARGA,medio
,0.5280,0.6470,0.3950,1.0000,,1787340879991.3545,18.8250,-2.2400,28.8200,0.5000,1787340880000.3293,False,,,1,OP1,C1_ETHERNET_SIN_CARGA,medio
,0.5360,0.6360,0.3860,1.0000,,1787340880021.2297,18.5100,-2.8800,28.1600,0.5000,1787340880021.2297,False,,,1,OP1,C1_ETHERNET_SIN_CARGA,medio
,0.5390,0.6240,0.3830,1.0000,,1787340880049.3010,18.4050,-3.1200,27.4400,0.5000,1787340880055.3013,False,,,1,OP1,C1_ETHERNET_SIN_CARGA,medio
,0.5420,0.6160,0.3840,1.0000,,1787340880081.1860,18.4400,-3.3600,26.9600,0.5000,1787340880081.1860,False,,,1,OP1,C1_ETHERNET_SIN_CARGA,medio
,0.5440,0.6080,0.3860,1.0000,,1787340880109.3279,18.5100,-3.5200,26.4800,0.5000,1787340880111.3396,False,,,1,OP1,C1_ETHERNET_SIN_CARGA,medio
,0.5490,0.5900,0.4080,1.0000,,1787340880165.7209,19.2800,-3.9200,25.4000,0.5000,1787340880166.8223,False,,,1,OP1,C1_ETHERNET_SIN_CARGA,medio
,0.5500,0.5830,0.4140,1.0000,,1787340880191.3943,19.4900,-4.0000,24.9800,0.5000,1787340880191.3943,False,,,1,OP1,C1_ETHERNET_SIN_CARGA,medio
,0.5510,0.5750,0.4250,1.0000,,1787340880217.7117,19.8750,-4.0800,24.5000,0.5000,1787340880217.7117,False,,,1,OP1,C1_ETHERNET_SIN_CARGA,medio
,0.5510,0.5700,0.4300,1.0000,,1787340880248.0830,20.0500,-4.0800,24.2000,0.5000,1787340880248.0830,False,,,1,OP1,C1_ETHERNET_SIN_CARGA,medio
,0.5500,0.5650,0.4320,1.0000,,1787340880277.6646,20.1200,-4.0000,23.9000,0.5000,1787340880277.6646,False,,,1,OP1,C1_ETHERNET_SIN_CARGA,medio
,0.5490,0.5610,0.4350,1.0000,,1787340880301.8254,20.2250,-3.9200,23.6600,0.5000,1787340880301.8254,False,,,1,OP1,C1_ETHERNET_SIN_CARGA,medio
,0.5460,0.5540,0.4390,1.0000,,1787340880327.2083,20.3650,-3.6800,23.2400,0.5000,1787340880327.2083,False,,,1,OP1,C1_ETHERNET_SIN_CARGA,medio
,0.5440,0.5470,0.4410,1.0000,,1787340880358.2505,20.4350,-3.5200,22.8200,0.5000,1787340880358.2505,False,,,1,OP1,C1_ETHERNET_SIN_CARGA,medio
,0.5420,0.5420,0.4390,1.0000,,1787340880385.8635,20.3650,-3.3600,22.5200,0.5000,1787340880385.8635,False,,,1,OP1,C1_ETHERNET_SIN_CARGA,medio
,0.5360,0.5380,0.4230,1.0000,,1787340880415.7402,19.8050,-2.8800,22.2800,0.5000,1787340880415.7402,False,,,1,OP1,C1_ETHERNET_SIN_CARGA,medio
,0.5320,0.5330,0.4090,1.0000,,1787340880445.0754,19.3150,-2.5600,21.9800,0.5000,1787340880445.0754,False,,,1,OP1,C1_ETHERNET_SIN_CARGA,medio
,0.5270,0.5250,0.3880,1.0000,,1787340880493.7695,18.5800,-2.1600,21.5000,0.5000,1787340880501.3022,False,,,1,OP1,C1_ETHERNET_SIN_CARGA,medio
,0.5260,0.5190,0.3790,1.0000,,1787340880526.1396,18.2650,-2.0800,21.1400,0.5000,1787340880526.1396,False,,,1,OP1,C1_ETHERNET_SIN_CARGA,medio
,0.5260,0.5130,0.3730,1.0000,,1787340880554.3777,18.0550,-2.0800,20.7800,0.5000,1787340880554.3777,False,,,1,OP1,C1_ETHERNET_SIN_CARGA,medio
,0.5270,0.5070,0.3690,1.0000,,1787340880581.8237,17.9150,-2.1600,20.4200,0.5000,1787340880583.8318,False,,,1,OP1,C1_ETHERNET_SIN_CARGA,medio
,0.5290,0.5010,0.3620,1.0000,,1787340880610.8640,17.6700,-2.3200,20.0600,0.5000,1787340880611.7009,False,,,1,OP1,C1_ETHERNET_SIN_CARGA,medio
,0.5330,0.4860,0.3270,1.0000,,1787340880660.9741,16.4450,-2.6400,19.1600,0.5000,1787340880660.9741,False,,,1,OP1,C1_ETHERNET_SIN_CARGA,medio
,0.5330,0.4790,0.3140,1.0000,,1787340880693.3843,15.9900,-2.6400,18.7400,0.5000,1787340880693.3843,False,,,1,OP1,C1_ETHERNET_SIN_CARGA,medio
,0.5330,0.4730,0.3050,1.0000,,1787340880720.4973,15.6750,-2.6400,18.3800,0.5000,1787340880720.4973,False,,,1,OP1,C1_ETHERNET_SIN_CARGA,medio
,0.5350,0.4610,0.3050,1.0000,,1787340880749.9292,15.6750,-2.8000,17.6600,0.5000,1787340880751.9382,False,,,1,OP1,C1_ETHERNET_SIN_CARGA,medio
,0.5390,0.4450,0.2990,1.0000,,1787340880778.4924,15.4650,-3.1200,16.7000,0.5000,1787340880779.5181,False,,,1,OP1,C1_ETHERNET_SIN_CARGA,medio
,0.5440,0.4310,0.2890,1.0000,,1787340880806.4275,15.1150,-3.5200,15.8600,0.5000,1787340880806.4275,False,,,1,OP1,C1_ETHERNET_SIN_CARGA,medio
,0.5500,0.4200,0.2770,1.0000,,1787340880828.5879,14.6950,-4.0000,15.2000,0.5000,1787340880828.5879,False,,,1,OP1,C1_ETHERNET_SIN_CARGA,medio
,0.5540,0.4140,0.2650,1.0000,,1787340880861.8655,14.2750,-4.3200,14.8400,0.5000,1787340880861.8655,False,,,1,OP1,C1_ETHERNET_SIN_CARGA,medio
,0.5580,0.4100,0.2550,1.0000,,1787340880888.9741,13.9250,-4.6400,14.6000,0.5000,1787340880888.9741,False,,,1,OP1,C1_ETHERNET_SIN_CARGA,medio
,0.5610,0.4070,0.2450,1.0000,,1787340880917.4932,13.5750,-4.8800,14.4200,0.5000,1787340880917.4932,False,,,1,OP1,C1_ETHERNET_SIN_CARGA,medio
,0.5600,0.4070,0.2420,1.0000,,1787340880945.0251,13.4700,-4.8000,14.4200,0.5000,1787340880945.0251,False,,,1,OP1,C1_ETHERNET_SIN_CARGA,medio
,0.5550,0.4090,0.2290,1.0000,,1787340880996.7312,13.0150,-4.4000,14.5400,0.5000,1787340880996.7312,False,,,1,OP1,C1_ETHERNET_SIN_CARGA,medio
,0.5540,0.4090,0.2160,1.0000,,1787340881022.0156,12.5600,-4.3200,14.5400,0.5000,1787340881022.0156,False,,,1,OP1,C1_ETHERNET_SIN_CARGA,medio
,0.5530,0.4090,0.2110,1.0000,,1787340881055.8030,12.3850,-4.2400,14.5400,0.5000,1787340881055.8030,False,,,1,OP1,C1_ETHERNET_SIN_CARGA,medio
,0.5540,0.4070,0.2070,1.0000,,1787340881085.4336,12.2450,-4.3200,14.4200,0.5000,1787340881085.4336,False,,,1,OP1,C1_ETHERNET_SIN_CARGA,medio
,0.5550,0.4060,0.2050,1.0000,,1787340881107.8667,12.1750,-4.4000,14.3600,0.5000,1787340881114.6426,False,,,1,OP1,C1_ETHERNET_SIN_CARGA,medio
,0.5550,0.4060,0.2030,1.0000,,1787340881140.7244,12.1050,-4.4000,14.3600,0.5000,1787340881140.7244,False,,,1,OP1,C1_ETHERNET_SIN_CARGA,medio
,0.5550,0.4050,0.1990,1.0000,,1787340881164.9771,11.9650,-4.4000,14.3000,0.5000,1787340881164.9771,False,,,1,OP1,C1_ETHERNET_SIN_CARGA,medio
,0.5550,0.4040,0.1920,1.0000,,1787340881192.6951,11.7200,-4.4000,14.2400,0.5000,1787340881192.6951,False,,,1,OP1,C1_ETHERNET_SIN_CARGA,medio
,0.5540,0.4040,0.1860,1.0000,,1787340881223.6353,11.5100,-4.3200,14.2400,0.5000,1787340881223.6353,False,,,1,OP1,C1_ETHERNET_SIN_CARGA,medio
,0.5520,0.4040,0.1800,1.0000,,1787340881251.8887,11.3000,-4.1600,14.2400,0.5000,1787340881251.8887,False,,,1,OP1,C1_ETHERNET_SIN_CARGA,medio
,0.5520,0.4050,0.1680,1.0000,,1787340881307.5662,10.8800,-4.1600,14.3000,0.5000,1787340881309.1165,False,,,1,OP1,C1_ETHERNET_SIN_CARGA,medio
,0.5520,0.4060,0.1640,1.0000,,1787340881332.0486,10.7400,-4.1600,14.3600,0.5000,1787340881332.0486,False,,,1,OP1,C1_ETHERNET_SIN_CARGA,medio
,0.5520,0.4070,0.1590,1.0000,,1787340881358.3535,10.5650,-4.1600,14.4200,0.5000,1787340881358.3535,False,,,1,OP1,C1_ETHERNET_SIN_CARGA,medio
,0.5530,0.4080,0.1520,1.0000,,1787340881390.8804,10.3200,-4.2400,14.4800,0.5000,1787340881390.8804,False,,,1,OP1,C1_ETHERNET_SIN_CARGA,medio
,0.5540,0.4090,0.1440,1.0000,,1787340881419.7334,10.0400,-4.3200,14.5400,0.5000,1787340881419.7334,False,,,1,OP1,C1_ETHERNET_SIN_CARGA,medio
,0.5550,0.4100,0.1370,1.0000,,1787340881446.1165,9.7950,-4.4000,14.6000,0.5000,1787340881446.1165,False,,,1,OP1,C1_ETHERNET_SIN_CARGA,medio
,0.5560,0.4120,0.1310,1.0000,,1787340881466.7517,9.5850,-4.4800,14.7200,0.5000,1787340881466.7517,False,,,1,OP1,C1_ETHERNET_SIN_CARGA,medio
,0.5570,0.4120,0.1270,1.0000,,1787340881499.9233,9.4450,-4.5600,14.7200,0.5000,1787340881499.9233,False,,,1,OP1,C1_ETHERNET_SIN_CARGA,medio
,0.5570,0.4130,0.1230,1.0000,,1787340881528.5190,9.3050,-4.5600,14.7800,0.5000,1787340881528.5190,False,,,1,OP1,C1_ETHERNET_SIN_CARGA,medio
,0.5580,0.4140,0.1200,1.0000,,1787340881557.0435,9.2000,-4.6400,14.8400,0.5000,1787340881557.0435,False,,,1,OP1,C1_ETHERNET_SIN_CARGA,medio
,0.5580,0.4140,0.1190,1.0000,,1787340881585.1167,9.1650,-4.6400,14.8400,0.5000,1787340881586.0042,False,,,1,OP1,C1_ETHERNET_SIN_CARGA,medio
,0.5580,0.4150,0.1180,1.0000,,1787340881612.6111,9.1300,-4.6400,14.9000,0.5000,1787340881612.6111,False,,,1,OP1,C1_ETHERNET_SIN_CARGA,medio
,0.5580,0.4150,0.1170,1.0000,,1787340881641.0408,9.0950,-4.6400,14.9000,0.5000,1787340881641.0408,False,,,1,OP1,C1_ETHERNET_SIN_CARGA,medio
,0.5570,0.4160,0.1170,1.0000,,1787340881668.3821,9.0950,-4.5600,14.9600,0.5000,1787340881668.3821,False,,,1,OP1,C1_ETHERNET_SIN_CARGA,medio
,0.5570,0.4170,0.1160,1.0000,,1787340881696.8320,9.0600,-4.5600,15.0200,0.5000,1787340881696.8320,False,,,1,OP1,C1_ETHERNET_SIN_CARGA,medio
,0.5560,0.4190,0.1160,1.0000,,1787340881724.1953,9.0600,-4.4800,15.1400,0.5000,1787340881724.1953,False,,,1,OP1,C1_ETHERNET_SIN_CARGA,medio
,0.5550,0.4220,0.1160,1.0000,,1787340881751.2776,9.0600,-4.4000,15.3200,0.5000,1787340881753.1755,False,,,1,OP1,C1_ETHERNET_SIN_CARGA,medio
,0.5500,0.4260,0.1200,1.0000,,1787340881807.0203,9.2000,-4.0000,15.5600,0.5000,1787340881809.0320,False,,,1,OP1,C1_ETHERNET_SIN_CARGA,medio
,0.5470,0.4270,0.1240,1.0000,,1787340881836.8059,9.3400,-3.7600,15.6200,0.5000,1787340881837.3369,False,,,1,OP1,C1_ETHERNET_SIN_CARGA,medio
,0.5450,0.4280,0.1280,1.0000,,1787340881862.6648,9.4800,-3.6000,15.6800,0.5000,1787340881862.6648,False,,,1,OP1,C1_ETHERNET_SIN_CARGA,medio
,0.5420,0.4270,0.1320,1.0000,,1787340881890.3816,9.6200,-3.3600,15.6200,0.5000,1787340881892.3921,False,,,1,OP1,C1_ETHERNET_SIN_CARGA,medio
,0.5400,0.4260,0.1350,1.0000,,1787340881914.7334,9.7250,-3.2000,15.5600,0.5000,1787340881914.7334,False,,,1,OP1,C1_ETHERNET_SIN_CARGA,medio
,0.5380,0.4260,0.1370,1.0000,,1787340881941.5398,9.7950,-3.0400,15.5600,0.5000,1787340881941.5398,False,,,1,OP1,C1_ETHERNET_SIN_CARGA,medio
,0.5360,0.4250,0.1410,1.0000,,1787340881970.9023,9.9350,-2.8800,15.5000,0.5000,1787340881970.9023,False,,,1,OP1,C1_ETHERNET_SIN_CARGA,medio
,0.5340,0.4250,0.1470,1.0000,,1787340881999.6123,10.1450,-2.7200,15.5000,0.5000,1787340882005.0667,False,,,1,OP1,C1_ETHERNET_SIN_CARGA,medio
,0.5310,0.4250,0.1550,1.0000,,1787340882029.8796,10.4250,-2.4800,15.5000,0.5000,1787340882029.8796,False,,,1,OP1,C1_ETHERNET_SIN_CARGA,medio
,0.5280,0.4270,0.1650,1.0000,,1787340882058.2544,10.7750,-2.2400,15.6200,0.5000,1787340882060.2654,False,,,1,OP1,C1_ETHERNET_SIN_CARGA,medio
,0.5260,0.4330,0.1830,1.0000,,1787340882105.6099,11.4050,-2.0800,15.9800,0.5000,1787340882116.2253,False,,,1,OP1,C1_ETHERNET_SIN_CARGA,medio
,0.5260,0.4370,0.1940,1.0000,,1787340882141.1377,11.7900,-2.0800,16.2200,0.5000,1787340882141.1377,False,,,1,OP1,C1_ETHERNET_SIN_CARGA,medio
,0.5250,0.4420,0.2050,1.0000,,1787340882165.0256,12.1750,-2.0000,16.5200,0.5000,1787340882165.0256,False,,,1,OP1,C1_ETHERNET_SIN_CARGA,medio
,0.5220,0.4490,0.2160,1.0000,,1787340882195.3071,12.5600,-1.7600,16.9400,0.5000,1787340882195.3071,False,,,1,OP1,C1_ETHERNET_SIN_CARGA,medio
,0.5220,0.4530,0.2290,1.0000,,1787340882226.0415,13.0150,-1.7600,17.1800,0.5000,1787340882226.0415,False,,,1,OP1,C1_ETHERNET_SIN_CARGA,medio
,0.5230,0.4540,0.2430,1.0000,,1787340882274.4182,13.5050,-1.8400,17.2400,0.5000,1787340882274.4182,False,,,1,OP1,C1_ETHERNET_SIN_CARGA,medio
,0.5210,0.4540,0.2470,1.0000,,1787340882309.1758,13.6450,-1.6800,17.2400,0.5000,1787340882309.1758,False,,,1,OP1,C1_ETHERNET_SIN_CARGA,medio
,0.5180,0.4550,0.2530,1.0000,,1787340882336.2390,13.8550,-1.4400,17.3000,0.5000,1787340882336.2390,False,,,1,OP1,C1_ETHERNET_SIN_CARGA,medio
,0.5150,0.4570,0.2630,1.0000,,1787340882365.5498,14.2050,-1.2000,17.4200,0.5000,1787340882365.5498,False,,,1,OP1,C1_ETHERNET_SIN_CARGA,medio
,0.5120,0.4590,0.2760,1.0000,,1787340882391.9780,14.6600,-0.9600,17.5400,0.5000,1787340882394.1614,False,,,1,OP1,C1_ETHERNET_SIN_CARGA,medio
,0.5080,0.4610,0.2890,1.0000,,1787340882418.3589,15.1150,-0.6400,17.6600,0.5000,1787340882418.3589,False,,,1,OP1,C1_ETHERNET_SIN_CARGA,medio
,0.5040,0.4630,0.3050,1.0000,,1787340882442.1914,15.6750,-0.3200,17.7800,0.5000,1787340882442.1914,False,,,1,OP1,C1_ETHERNET_SIN_CARGA,medio
,0.5010,0.4650,0.3220,1.0000,,1787340882476.4851,16.2700,-0.0800,17.9000,0.5000,1787340882476.4851,False,,,1,OP1,C1_ETHERNET_SIN_CARGA,medio
,0.5010,0.4630,0.3390,1.0000,,1787340882500.5378,16.8650,-0.0800,17.7800,0.5000,1787340882500.5378,False,,,1,OP1,C1_ETHERNET_SIN_CARGA,medio
,0.4990,0.4600,0.3510,1.0000,,1787340882532.7800,17.2850,0.0800,17.6000,0.5000,1787340882532.7800,False,,,1,OP1,C1_ETHERNET_SIN_CARGA,medio
,0.4980,0.4590,0.3580,1.0000,,1787340882561.8545,17.5300,0.1600,17.5400,0.5000,1787340882561.8545,False,,,1,OP1,C1_ETHERNET_SIN_CARGA,medio
,0.4960,0.4590,0.3600,1.0000,,1787340882609.9485,17.6000,0.3200,17.5400,0.5000,1787340882609.9485,False,,,1,OP1,C1_ETHERNET_SIN_CARGA,medio
,0.4940,0.4600,0.3610,1.0000,,1787340882643.3079,17.6350,0.4800,17.6000,0.5000,1787340882643.3079,False,,,1,OP1,C1_ETHERNET_SIN_CARGA,medio
,0.4900,0.4600,0.3630,1.0000,,1787340882670.3511,17.7050,0.8000,17.6000,0.5000,1787340882670.3511,False,,,1,OP1,C1_ETHERNET_SIN_CARGA,medio
,0.4890,0.4600,0.3620,1.0000,,1787340882698.8032,17.6700,0.8800,17.6000,0.5000,1787340882700.7917,False,,,1,OP1,C1_ETHERNET_SIN_CARGA,medio
,0.4880,0.4600,0.3620,1.0000,,1787340882727.2939,17.6700,0.9600,17.6000,0.5000,1787340882728.2966,False,,,1,OP1,C1_ETHERNET_SIN_CARGA,medio
,0.4860,0.4590,0.3600,1.0000,,1787340882755.0347,17.6000,1.1200,17.5400,0.5000,1787340882755.0347,False,,,1,OP1,C1_ETHERNET_SIN_CARGA,medio
,0.4840,0.4600,0.3590,1.0000,,1787340882777.4265,17.5650,1.2800,17.6000,0.5000,1787340882777.4265,False,,,1,OP1,C1_ETHERNET_SIN_CARGA,medio
,0.4820,0.4600,0.3580,1.0000,,1787340882811.2681,17.5300,1.4400,17.6000,0.5000,1787340882812.6997,False,,,1,OP1,C1_ETHERNET_SIN_CARGA,medio
,0.4810,0.4600,0.3580,1.0000,,1787340882839.5295,17.5300,1.5200,17.6000,0.5000,1787340882839.5295,False,,,1,OP1,C1_ETHERNET_SIN_CARGA,medio
,0.4810,0.4600,0.3580,1.0000,,1787340882866.1077,17.5300,1.5200,17.6000,0.5000,1787340882866.1077,False,,,1,OP1,C1_ETHERNET_SIN_CARGA,medio
,0.4810,0.4600,0.3570,1.0000,,1787340882893.5510,17.4950,1.5200,17.6000,0.5000,1787340882895.3052,False,,,1,OP1,C1_ETHERNET_SIN_CARGA,medio
,0.4810,0.4600,0.3560,1.0000,,1787340882913.6582,17.4600,1.5200,17.6000,0.5000,1787340882926.1265,False,,,1,OP1,C1_ETHERNET_SIN_CARGA,medio
,0.4810,0.4600,0.3550,1.0000,,1787340882947.2922,17.4250,1.5200,17.6000,0.5000,1787340882947.2922,False,,,1,OP1,C1_ETHERNET_SIN_CARGA,medio
,0.4810,0.4600,0.3550,1.0000,,1787340882978.9058,17.4250,1.5200,17.6000,0.5000,1787340882978.9058,False,,,1,OP1,C1_ETHERNET_SIN_CARGA,medio
,0.4810,0.4600,0.3560,1.0000,,1787340883006.8000,17.4600,1.5200,17.6000,0.5000,1787340883006.8000,False,,,1,OP1,C1_ETHERNET_SIN_CARGA,medio
,0.4810,0.4600,0.3560,1.0000,,1787340883032.8342,17.4600,1.5200,17.6000,0.5000,1787340883034.8440,False,,,1,OP1,C1_ETHERNET_SIN_CARGA,medio
,0.4800,0.4600,0.3570,1.0000,,1787340883057.8477,17.4950,1.6000,17.6000,0.5000,1787340883062.7900,False,,,1,OP1,C1_ETHERNET_SIN_CARGA,medio
,0.4790,0.4610,0.3600,1.0000,,1787340883080.0791,17.6000,1.6800,17.6600,0.5000,1787340883092.0330,False,,,1,OP1,C1_ETHERNET_SIN_CARGA,medio
,0.4780,0.4630,0.3620,1.0000,,1787340883112.2808,17.6700,1.7600,17.7800,0.5000,1787340883112.2808,False,,,1,OP1,C1_ETHERNET_SIN_CARGA,medio
,0.4760,0.4660,0.3640,1.0000,,1787340883140.9688,17.7400,1.9200,17.9600,0.5000,1787340883146.3228,False,,,1,OP1,C1_ETHERNET_SIN_CARGA,medio
,0.4730,0.4700,0.3680,1.0000,,1787340883172.1167,17.8800,2.1600,18.2000,0.5000,1787340883172.1167,False,,,1,OP1,C1_ETHERNET_SIN_CARGA,medio
,0.4720,0.4730,0.3700,1.0000,,1787340883201.2891,17.9500,2.2400,18.3800,0.5000,1787340883201.2891,False,,,1,OP1,C1_ETHERNET_SIN_CARGA,medio
,0.4720,0.4790,0.3740,1.0000,,1787340883257.8118,18.0900,2.2400,18.7400,0.5000,1787340883257.8118,False,,,1,OP1,C1_ETHERNET_SIN_CARGA,medio
,0.4720,0.4810,0.3750,1.0000,,1787340883281.8247,18.1250,2.2400,18.8600,0.5000,1787340883281.8247,False,,,1,OP1,C1_ETHERNET_SIN_CARGA,medio
,0.4720,0.4820,0.3750,1.0000,,1787340883309.0437,18.1250,2.2400,18.9200,0.5000,1787340883314.0464,False,,,1,OP1,C1_ETHERNET_SIN_CARGA,medio
,0.4730,0.4820,0.3750,1.0000,,1787340883335.4858,18.1250,2.1600,18.9200,0.5000,1787340883340.7800,False,,,1,OP1,C1_ETHERNET_SIN_CARGA,medio
,0.4730,0.4820,0.3760,1.0000,,1787340883368.5693,18.1600,2.1600,18.9200,0.5000,1787340883370.5835,False,,,1,OP1,C1_ETHERNET_SIN_CARGA,medio
,0.4750,0.4820,0.3770,1.0000,,1787340883393.4175,18.1950,2.0000,18.9200,0.5000,1787340883393.4175,False,,,1,OP1,C1_ETHERNET_SIN_CARGA,medio
,0.4760,0.4810,0.3780,1.0000,,1787340883416.5132,18.2300,1.9200,18.8600,0.5000,1787340883416.5132,False,,,1,OP1,C1_ETHERNET_SIN_CARGA,medio
,0.4760,0.4800,0.3790,1.0000,,1787340883449.8335,18.2650,1.9200,18.8000,0.5000,1787340883449.8335,False,,,1,OP1,C1_ETHERNET_SIN_CARGA,medio
,0.4770,0.4800,0.3800,1.0000,,1787340883478.0940,18.3000,1.8400,18.8000,0.5000,1787340883478.0940,False,,,1,OP1,C1_ETHERNET_SIN_CARGA,medio
,0.4780,0.4790,0.3820,1.0000,,1787340883505.8555,18.3700,1.7600,18.7400,0.5000,1787340883507.8723,False,,,1,OP1,C1_ETHERNET_SIN_CARGA,medio
,0.4800,0.4780,0.3840,1.0000,,1787340883534.6416,18.4400,1.6000,18.6800,0.5000,1787340883535.6436,False,,,1,OP1,C1_ETHERNET_SIN_CARGA,medio
,0.4810,0.4760,0.3870,1.0000,,1787340883557.5168,18.5450,1.5200,18.5600,0.5000,1787340883564.8699,False,,,1,OP1,C1_ETHERNET_SIN_CARGA,medio
,0.4830,0.4750,0.3890,1.0000,,1787340883590.5679,18.6150,1.3600,18.5000,0.5000,1787340883590.5679,False,,,1,OP1,C1_ETHERNET_SIN_CARGA,medio
,0.4840,0.4740,0.3900,1.0000,,1787340883617.6594,18.6500,1.2800,18.4400,0.5000,1787340883617.6594,False,,,1,OP1,C1_ETHERNET_SIN_CARGA,medio
,0.4850,0.4740,0.3920,1.0000,,1787340883644.6917,18.7200,1.2000,18.4400,0.5000,1787340883644.6917,False,,,1,OP1,C1_ETHERNET_SIN_CARGA,medio
,0.4860,0.4740,0.3940,1.0000,,1787340883672.7964,18.7900,1.1200,18.4400,0.5000,1787340883674.8074,False,,,1,OP1,C1_ETHERNET_SIN_CARGA,medio
,0.4870,0.4740,0.3950,1.0000,,1787340883702.2021,18.8250,1.0400,18.4400,0.5000,1787340883703.0496,False,,,1,OP1,C1_ETHERNET_SIN_CARGA,medio
,0.4880,0.4730,0.3970,1.0000,,1787340883750.6562,18.8950,0.9600,18.3800,0.5000,1787340883759.3713,False,,,1,OP1,C1_ETHERNET_SIN_CARGA,medio
,0.4900,0.4720,0.3980,1.0000,,1787340883785.3513,18.9300,0.8000,18.3200,0.5000,1787340883785.3513,False,,,1,OP1,C1_ETHERNET_SIN_CARGA,medio
,0.4910,0.4710,0.3990,1.0000,,1787340883813.2065,18.9650,0.7200,18.2600,0.5000,1787340883813.2065,False,,,1,OP1,C1_ETHERNET_SIN_CARGA,medio
,0.4920,0.4710,0.4000,1.0000,,1787340883840.6074,19.0000,0.6400,18.2600,0.5000,1787340883840.6074,False,,,1,OP1,C1_ETHERNET_SIN_CARGA,medio
,0.4930,0.4690,0.4010,1.0000,,1787340883869.4653,19.0350,0.5600,18.1400,0.5000,1787340883871.4609,False,,,1,OP1,C1_ETHERNET_SIN_CARGA,medio
,0.4930,0.4690,0.4030,1.0000,,1787340883894.8066,19.1050,0.5600,18.1400,0.5000,1787340883894.8066,False,,,1,OP1,C1_ETHERNET_SIN_CARGA,medio
,0.4940,0.4680,0.4040,1.0000,,1787340883918.9719,19.1400,0.4800,18.0800,0.5000,1787340883918.9719,False,,,1,OP1,C1_ETHERNET_SIN_CARGA,medio
,0.4940,0.4680,0.4050,1.0000,,1787340883948.6465,19.1750,0.4800,18.0800,0.5000,1787340883948.6465,False,,,1,OP1,C1_ETHERNET_SIN_CARGA,medio
,0.4940,0.4680,0.4060,1.0000,,1787340883977.7627,19.2100,0.4800,18.0800,0.5000,1787340883982.0696,False,,,1,OP1,C1_ETHERNET_SIN_CARGA,medio
,0.4940,0.4690,0.4070,1.0000,,1787340884008.3611,19.2450,0.4800,18.1400,0.5000,1787340884008.3611,False,,,1,OP1,C1_ETHERNET_SIN_CARGA,medio
,0.4940,0.4690,0.4080,1.0000,,1787340884035.8308,19.2800,0.4800,18.1400,0.5000,1787340884035.8308,False,,,1,OP1,C1_ETHERNET_SIN_CARGA,medio
,0.4940,0.4690,0.4090,1.0000,,1787340884061.7959,19.3150,0.4800,18.1400,0.5000,1787340884061.7959,False,,,1,OP1,C1_ETHERNET_SIN_CARGA,medio
,0.4930,0.4690,0.4110,1.0000,,1787340884090.5244,19.3850,0.5600,18.1400,0.5000,1787340884090.5244,False,,,1,OP1,C1_ETHERNET_SIN_CARGA,medio
,0.4930,0.4690,0.4110,1.0000,,1787340884116.1802,19.3850,0.5600,18.1400,0.5000,1787340884116.1802,False,,,1,OP1,C1_ETHERNET_SIN_CARGA,medio
,0.4940,0.4690,0.4120,1.0000,,1787340884147.0425,19.4200,0.4800,18.1400,0.5000,1787340884147.0425,False,,,1,OP1,C1_ETHERNET_SIN_CARGA,medio
,0.4940,0.4690,0.4120,1.0000,,1787340884175.4214,19.4200,0.4800,18.1400,0.5000,1787340884175.4214,False,,,1,OP1,C1_ETHERNET_SIN_CARGA,medio
,0.4940,0.4690,0.4130,1.0000,,1787340884204.0925,19.4550,0.4800,18.1400,0.5000,1787340884205.1067,False,,,1,OP1,C1_ETHERNET_SIN_CARGA,medio
,0.4940,0.4690,0.4140,1.0000,,1787340884255.8848,19.4900,0.4800,18.1400,0.5000,1787340884255.8848,False,,,1,OP1,C1_ETHERNET_SIN_CARGA,medio
,0.4950,0.4690,0.4150,1.0000,,1787340884277.5408,19.5250,0.4000,18.1400,0.5000,1787340884277.5408,False,,,1,OP1,C1_ETHERNET_SIN_CARGA,medio
,0.4950,0.4690,0.4160,1.0000,,1787340884309.6064,19.5600,0.4000,18.1400,0.5000,1787340884309.6064,False,,,1,OP1,C1_ETHERNET_SIN_CARGA,medio
,0.4950,0.4690,0.4170,1.0000,,1787340884343.1123,19.5950,0.4000,18.1400,0.5000,1787340884343.1123,False,,,1,OP1,C1_ETHERNET_SIN_CARGA,medio
,0.4960,0.4690,0.4170,1.0000,,1787340884367.5676,19.5950,0.3200,18.1400,0.5000,1787340884367.5676,False,,,1,OP1,C1_ETHERNET_SIN_CARGA,medio
,0.4960,0.4690,0.4180,1.0000,,1787340884396.7520,19.6300,0.3200,18.1400,0.5000,1787340884396.7520,False,,,1,OP1,C1_ETHERNET_SIN_CARGA,medio
,0.4960,0.4700,0.4180,1.0000,,1787340884423.2676,19.6300,0.3200,18.2000,0.5000,1787340884423.2676,False,,,1,OP1,C1_ETHERNET_SIN_CARGA,medio
,0.4960,0.4700,0.4180,1.0000,,1787340884445.2083,19.6300,0.3200,18.2000,0.5000,1787340884445.2083,False,,,1,OP1,C1_ETHERNET_SIN_CARGA,medio
,0.4960,0.4710,0.4180,1.0000,,1787340884480.2688,19.6300,0.3200,18.2600,0.5000,1787340884480.2688,False,,,1,OP1,C1_ETHERNET_SIN_CARGA,medio
,0.4950,0.4710,0.4180,1.0000,,1787340884510.2368,19.6300,0.4000,18.2600,0.5000,1787340884512.2490,False,,,1,OP1,C1_ETHERNET_SIN_CARGA,medio
,0.4950,0.4720,0.4190,1.0000,,1787340884558.0388,19.6650,0.4000,18.3200,0.5000,1787340884558.0388,False,,,1,OP1,C1_ETHERNET_SIN_CARGA,medio
,0.4940,0.4720,0.4200,1.0000,,1787340884591.0928,19.7000,0.4800,18.3200,0.5000,1787340884591.0928,False,,,1,OP1,C1_ETHERNET_SIN_CARGA,medio
,0.4940,0.4720,0.4200,1.0000,,1787340884611.5046,19.7000,0.4800,18.3200,0.5000,1787340884611.5046,False,,,1,OP1,C1_ETHERNET_SIN_CARGA,medio
,0.4940,0.4720,0.4210,1.0000,,1787340884647.4844,19.7350,0.4800,18.3200,0.5000,1787340884647.4844,False,,,1,OP1,C1_ETHERNET_SIN_CARGA,medio
,0.4940,0.4730,0.4220,1.0000,,1787340884676.7847,19.7700,0.4800,18.3800,0.5000,1787340884676.7847,False,,,1,OP1,C1_ETHERNET_SIN_CARGA,medio
,0.4940,0.4730,0.4220,1.0000,,1787340884701.3120,19.7700,0.4800,18.3800,0.5000,1787340884706.4333,False,,,1,OP1,C1_ETHERNET_SIN_CARGA,medio
,0.4930,0.4740,0.4220,1.0000,,1787340884726.3335,19.7700,0.5600,18.4400,0.5000,1787340884726.3335,False,,,1,OP1,C1_ETHERNET_SIN_CARGA,medio
,0.4920,0.4740,0.4220,1.0000,,1787340884760.0952,19.7700,0.6400,18.4400,0.5000,1787340884760.0952,False,,,1,OP1,C1_ETHERNET_SIN_CARGA,medio
,0.4920,0.4740,0.4220,1.0000,,1787340884781.5500,19.7700,0.6400,18.4400,0.5000,1787340884781.5500,False,,,1,OP1,C1_ETHERNET_SIN_CARGA,medio
,0.4920,0.4740,0.4210,1.0000,,1787340884814.7681,19.7350,0.6400,18.4400,0.5000,1787340884816.7769,False,,,1,OP1,C1_ETHERNET_SIN_CARGA,medio
,0.4910,0.4740,0.4210,1.0000,,1787340884843.9670,19.7350,0.7200,18.4400,0.5000,1787340884845.0427,False,,,1,OP1,C1_ETHERNET_SIN_CARGA,medio
,0.4910,0.4740,0.4210,1.0000,,1787340884898.9915,19.7350,0.7200,18.4400,0.5000,1787340884898.9915,False,,,1,OP1,C1_ETHERNET_SIN_CARGA,medio
,0.4910,0.4740,0.4220,1.0000,,1787340884924.4160,19.7700,0.7200,18.4400,0.5000,1787340884924.4160,False,,,1,OP1,C1_ETHERNET_SIN_CARGA,medio
,0.4900,0.4740,0.4220,1.0000,,1787340884953.7561,19.7700,0.8000,18.4400,0.5000,1787340884954.7607,False,,,1,OP1,C1_ETHERNET_SIN_CARGA,medio
,0.4900,0.4730,0.4210,1.0000,,1787340884982.2380,19.7350,0.8000,18.3800,0.5000,1787340884982.2380,False,,,1,OP1,C1_ETHERNET_SIN_CARGA,medio
,0.4900,0.4730,0.4210,1.0000,,1787340885010.4536,19.7350,0.8000,18.3800,0.5000,1787340885011.5776,False,,,1,OP1,C1_ETHERNET_SIN_CARGA,medio
,0.4890,0.4720,0.4210,1.0000,,1787340885064.3044,19.7350,0.8800,18.3200,0.5000,1787340885064.3044,False,,,1,OP1,C1_ETHERNET_SIN_CARGA,medio
,0.4880,0.4720,0.4210,1.0000,,1787340885090.6514,19.7350,0.9600,18.3200,0.5000,1787340885090.6514,False,,,1,OP1,C1_ETHERNET_SIN_CARGA,medio
,0.4880,0.4720,0.4210,1.0000,,1787340885117.9895,19.7350,0.9600,18.3200,0.5000,1787340885117.9895,False,,,1,OP1,C1_ETHERNET_SIN_CARGA,medio
,0.4870,0.4730,0.4210,1.0000,,1787340885148.9717,19.7350,1.0400,18.3800,0.5000,1787340885150.9836,False,,,1,OP1,C1_ETHERNET_SIN_CARGA,medio
,0.4880,0.4730,0.4210,1.0000,,1787340885177.1260,19.7350,0.9600,18.3800,0.5000,1787340885178.8584,False,,,1,OP1,C1_ETHERNET_SIN_CARGA,medio
,0.4880,0.4730,0.4210,1.0000,,1787340885199.7539,19.7350,0.9600,18.3800,0.5000,1787340885206.6221,False,,,1,OP1,C1_ETHERNET_SIN_CARGA,medio
,0.4870,0.4730,0.4220,1.0000,,1787340885230.4277,19.7700,1.0400,18.3800,0.5000,1787340885230.4277,False,,,1,OP1,C1_ETHERNET_SIN_CARGA,medio
,0.4870,0.4740,0.4210,1.0000,,1787340885256.8176,19.7350,1.0400,18.4400,0.5000,1787340885256.8176,False,,,1,OP1,C1_ETHERNET_SIN_CARGA,medio
,0.4870,0.4740,0.4210,1.0000,,1787340885286.6135,19.7350,1.0400,18.4400,0.5000,1787340885286.6135,False,,,1,OP1,C1_ETHERNET_SIN_CARGA,medio
,0.4870,0.4740,0.4210,1.0000,,1787340885316.9695,19.7350,1.0400,18.4400,0.5000,1787340885316.9695,False,,,1,OP1,C1_ETHERNET_SIN_CARGA,medio
,0.4870,0.4730,0.4210,1.0000,,1787340885341.0378,19.7350,1.0400,18.3800,0.5000,1787340885341.0378,False,,,1,OP1,C1_ETHERNET_SIN_CARGA,medio
,0.4860,0.4730,0.4220,1.0000,,1787340885364.3325,19.7700,1.1200,18.3800,0.5000,1787340885364.3325,False,,,1,OP1,C1_ETHERNET_SIN_CARGA,medio
,0.4860,0.4730,0.4220,1.0000,,1787340885400.4507,19.7700,1.1200,18.3800,0.5000,1787340885400.4507,False,,,1,OP1,C1_ETHERNET_SIN_CARGA,medio
,0.4860,0.4720,0.4220,1.0000,,1787340885453.7661,19.7700,1.1200,18.3200,0.5000,1787340885458.0122,False,,,1,OP1,C1_ETHERNET_SIN_CARGA,medio
,0.4860,0.4720,0.4220,1.0000,,1787340885483.7214,19.7700,1.1200,18.3200,0.5000,1787340885483.7214,False,,,1,OP1,C1_ETHERNET_SIN_CARGA,medio
,0.4860,0.4710,0.4220,1.0000,,1787340885509.9229,19.7700,1.1200,18.2600,0.5000,1787340885509.9229,False,,,1,OP1,C1_ETHERNET_SIN_CARGA,medio
,0.4860,0.4710,0.4210,1.0000,,1787340885538.4521,19.7350,1.1200,18.2600,0.5000,1787340885541.0239,False,,,1,OP1,C1_ETHERNET_SIN_CARGA,medio
,0.4860,0.4700,0.4200,1.0000,,1787340885564.8872,19.7000,1.1200,18.2000,0.5000,1787340885564.8872,False,,,1,OP1,C1_ETHERNET_SIN_CARGA,medio
,0.4860,0.4690,0.4200,1.0000,,1787340885594.9331,19.7000,1.1200,18.1400,0.5000,1787340885594.9331,False,,,1,OP1,C1_ETHERNET_SIN_CARGA,medio
,0.4870,0.4690,0.4190,1.0000,,1787340885620.9963,19.6650,1.0400,18.1400,0.5000,1787340885624.5005,False,,,1,OP1,C1_ETHERNET_SIN_CARGA,medio
,0.4870,0.4680,0.4170,1.0000,,1787340885651.2041,19.5950,1.0400,18.0800,0.5000,1787340885651.2041,False,,,1,OP1,C1_ETHERNET_SIN_CARGA,medio
,0.4880,0.4680,0.4150,1.0000,,1787340885701.1350,19.5250,0.9600,18.0800,0.5000,1787340885701.1350,False,,,1,OP1,C1_ETHERNET_SIN_CARGA,medio
,0.4890,0.4680,0.4150,1.0000,,1787340885733.6626,19.5250,0.8800,18.0800,0.5000,1787340885733.6626,False,,,1,OP1,C1_ETHERNET_SIN_CARGA,medio
,0.4890,0.4680,0.4150,1.0000,,1787340885762.4607,19.5250,0.8800,18.0800,0.5000,1787340885762.4607,False,,,1,OP1,C1_ETHERNET_SIN_CARGA,medio
,0.4900,0.4680,0.4150,1.0000,,1787340885790.9951,19.5250,0.8000,18.0800,0.5000,1787340885790.9951,False,,,1,OP1,C1_ETHERNET_SIN_CARGA,medio
,0.4900,0.4680,0.4160,1.0000,,1787340885818.2725,19.5600,0.8000,18.0800,0.5000,1787340885819.1240,False,,,1,OP1,C1_ETHERNET_SIN_CARGA,medio
,0.4910,0.4680,0.4160,1.0000,,1787340885841.9807,19.5600,0.7200,18.0800,0.5000,1787340885841.9807,False,,,1,OP1,C1_ETHERNET_SIN_CARGA,medio
,0.4920,0.4680,0.4160,1.0000,,1787340885869.9500,19.5600,0.6400,18.0800,0.5000,1787340885869.9500,False,,,1,OP1,C1_ETHERNET_SIN_CARGA,medio
,0.4920,0.4680,0.4170,1.0000,,1787340885901.7046,19.5950,0.6400,18.0800,0.5000,1787340885901.7046,False,,,1,OP1,C1_ETHERNET_SIN_CARGA,medio
,0.4920,0.4690,0.4170,1.0000,,1787340885929.4177,19.5950,0.6400,18.1400,0.5000,1787340885929.4177,False,,,1,OP1,C1_ETHERNET_SIN_CARGA,medio
,0.4920,0.4690,0.4170,1.0000,,1787340885957.0845,19.5950,0.6400,18.1400,0.5000,1787340885957.0845,False,,,1,OP1,C1_ETHERNET_SIN_CARGA,medio
,0.4920,0.4690,0.4170,1.0000,,1787340885984.7834,19.5950,0.6400,18.1400,0.5000,1787340885986.9675,False,,,1,OP1,C1_ETHERNET_SIN_CARGA,medio
,0.4910,0.4700,0.4170,1.0000,,1787340886040.8857,19.5950,0.7200,18.2000,0.5000,1787340886040.8857,False,,,1,OP1,C1_ETHERNET_SIN_CARGA,medio
,0.4910,0.4700,0.4160,1.0000,,1787340886069.9021,19.5600,0.7200,18.2000,0.5000,1787340886069.9021,False,,,1,OP1,C1_ETHERNET_SIN_CARGA,medio
,0.4910,0.4700,0.4160,1.0000,,1787340886093.1826,19.5600,0.7200,18.2000,0.5000,1787340886093.1826,False,,,1,OP1,C1_ETHERNET_SIN_CARGA,medio
,0.4910,0.4700,0.4160,1.0000,,1787340886124.9131,19.5600,0.7200,18.2000,0.5000,1787340886124.9131,False,,,1,OP1,C1_ETHERNET_SIN_CARGA,medio
,0.4900,0.4700,0.4160,1.0000,,1787340886153.3789,19.5600,0.8000,18.2000,0.5000,1787340886153.9270,False,,,1,OP1,C1_ETHERNET_SIN_CARGA,medio
,0.4890,0.4700,0.4160,1.0000,,1787340886207.5862,19.5600,0.8800,18.2000,0.5000,1787340886209.3560,False,,,1,OP1,C1_ETHERNET_SIN_CARGA,medio
,0.4890,0.4700,0.4160,1.0000,,1787340886231.6858,19.5600,0.8800,18.2000,0.5000,1787340886231.6858,False,,,1,OP1,C1_ETHERNET_SIN_CARGA,medio
,0.4880,0.4690,0.4160,1.0000,,1787340886263.1509,19.5600,0.9600,18.1400,0.5000,1787340886265.1619,False,,,1,OP1,C1_ETHERNET_SIN_CARGA,medio
,0.4870,0.4700,0.4170,1.0000,,1787340886291.3306,19.5950,1.0400,18.2000,0.5000,1787340886291.3306,False,,,1,OP1,C1_ETHERNET_SIN_CARGA,medio
,0.4860,0.4700,0.4170,1.0000,,1787340886316.5010,19.5950,1.1200,18.2000,0.5000,1787340886320.5332,False,,,1,OP1,C1_ETHERNET_SIN_CARGA,medio
,0.4850,0.4700,0.4160,1.0000,,1787340886341.4146,19.5600,1.2000,18.2000,0.5000,1787340886341.4146,False,,,1,OP1,C1_ETHERNET_SIN_CARGA,medio
,0.4850,0.4710,0.4160,1.0000,,1787340886369.5273,19.5600,1.2000,18.2600,0.5000,1787340886369.5273,False,,,1,OP1,C1_ETHERNET_SIN_CARGA,medio
,0.4850,0.4710,0.4160,1.0000,,1787340886403.2991,19.5600,1.2000,18.2600,0.5000,1787340886403.2991,False,,,1,OP1,C1_ETHERNET_SIN_CARGA,medio
,0.4850,0.4710,0.4160,1.0000,,1787340886430.9058,19.5600,1.2000,18.2600,0.5000,1787340886430.9058,False,,,1,OP1,C1_ETHERNET_SIN_CARGA,medio
,0.4850,0.4710,0.4160,1.0000,,1787340886452.6501,19.5600,1.2000,18.2600,0.5000,1787340886452.6501,False,,,1,OP1,C1_ETHERNET_SIN_CARGA,medio
,0.4840,0.4710,0.4160,1.0000,,1787340886486.2212,19.5600,1.2800,18.2600,0.5000,1787340886488.2131,False,,,1,OP1,C1_ETHERNET_SIN_CARGA,medio
,0.4840,0.4710,0.4160,1.0000,,1787340886514.3003,19.5600,1.2800,18.2600,0.5000,1787340886514.3003,False,,,1,OP1,C1_ETHERNET_SIN_CARGA,medio
,0.4830,0.4710,0.4160,1.0000,,1787340886540.7717,19.5600,1.3600,18.2600,0.5000,1787340886540.7717,False,,,1,OP1,C1_ETHERNET_SIN_CARGA,medio
,0.4830,0.4710,0.4160,1.0000,,1787340886563.5881,19.5600,1.3600,18.2600,0.5000,1787340886563.5881,False,,,1,OP1,C1_ETHERNET_SIN_CARGA,medio
,0.4830,0.4710,0.4160,1.0000,,1787340886593.1130,19.5600,1.3600,18.2600,0.5000,1787340886593.1130,False,,,1,OP1,C1_ETHERNET_SIN_CARGA,medio
,0.4830,0.4710,0.4150,1.0000,,1787340886627.9734,19.5250,1.3600,18.2600,0.5000,1787340886627.9734,False,,,1,OP1,C1_ETHERNET_SIN_CARGA,medio
,0.4830,0.4710,0.4150,1.0000,,1787340886651.8762,19.5250,1.3600,18.2600,0.5000,1787340886655.9141,False,,,1,OP1,C1_ETHERNET_SIN_CARGA,medio
,0.4830,0.4710,0.4140,1.0000,,1787340886674.3989,19.4900,1.3600,18.2600,0.5000,1787340886674.3989,False,,,1,OP1,C1_ETHERNET_SIN_CARGA,medio
,0.4830,0.4710,0.4140,1.0000,,1787340886708.6865,19.4900,1.3600,18.2600,0.5000,1787340886708.6865,False,,,1,OP1,C1_ETHERNET_SIN_CARGA,medio
,0.4830,0.4700,0.4140,1.0000,,1787340886761.4121,19.4900,1.3600,18.2000,0.5000,1787340886761.4121,False,,,1,OP1,C1_ETHERNET_SIN_CARGA,medio
,0.4830,0.4710,0.4140,1.0000,,1787340886793.1450,19.4900,1.3600,18.2600,0.5000,1787340886795.1387,False,,,1,OP1,C1_ETHERNET_SIN_CARGA,medio
,0.4830,0.4700,0.4150,1.0000,,1787340886844.8401,19.5250,1.3600,18.2000,0.5000,1787340886844.8401,False,,,1,OP1,C1_ETHERNET_SIN_CARGA,medio
,0.4830,0.4700,0.4150,1.0000,,1787340886875.1763,19.5250,1.3600,18.2000,0.5000,1787340886875.1763,False,,,1,OP1,C1_ETHERNET_SIN_CARGA,medio
,0.4820,0.4700,0.4150,1.0000,,1787340886904.5178,19.5250,1.4400,18.2000,0.5000,1787340886904.5178,False,,,1,OP1,C1_ETHERNET_SIN_CARGA,medio
,0.4820,0.4700,0.4150,1.0000,,1787340886932.6458,19.5250,1.4400,18.2000,0.5000,1787340886932.6458,False,,,1,OP1,C1_ETHERNET_SIN_CARGA,medio
,0.4820,0.4700,0.4150,1.0000,,1787340886960.4829,19.5250,1.4400,18.2000,0.5000,1787340886960.4829,False,,,1,OP1,C1_ETHERNET_SIN_CARGA,medio
,0.4830,0.4700,0.4150,1.0000,,1787340887011.1333,19.5250,1.3600,18.2000,0.5000,1787340887011.1333,False,,,1,OP1,C1_ETHERNET_SIN_CARGA,medio
,0.4830,0.4700,0.4150,1.0000,,1787340887044.9075,19.5250,1.3600,18.2000,0.5000,1787340887044.9075,False,,,1,OP1,C1_ETHERNET_SIN_CARGA,medio
,0.4840,0.4700,0.4150,1.0000,,1787340887071.3135,19.5250,1.2800,18.2000,0.5000,1787340887071.3135,False,,,1,OP1,C1_ETHERNET_SIN_CARGA,medio
,0.4840,0.4700,0.4150,1.0000,,1787340887098.2671,19.5250,1.2800,18.2000,0.5000,1787340887098.2671,False,,,1,OP1,C1_ETHERNET_SIN_CARGA,medio
,0.4840,0.4700,0.4150,1.0000,,1787340887127.9653,19.5250,1.2800,18.2000,0.5000,1787340887130.2209,False,,,1,OP1,C1_ETHERNET_SIN_CARGA,medio
,0.4850,0.4700,0.4150,1.0000,,1787340887154.4521,19.5250,1.2000,18.2000,0.5000,1787340887154.4521,False,,,1,OP1,C1_ETHERNET_SIN_CARGA,medio
,0.4850,0.4700,0.4150,1.0000,,1787340887178.8254,19.5250,1.2000,18.2000,0.5000,1787340887178.8254,False,,,1,OP1,C1_ETHERNET_SIN_CARGA,medio
,0.4850,0.4700,0.4150,1.0000,,1787340887211.5701,19.5250,1.2000,18.2000,0.5000,1787340887211.5701,False,,,1,OP1,C1_ETHERNET_SIN_CARGA,medio
,0.4850,0.4700,0.4150,1.0000,,1787340887234.8582,19.5250,1.2000,18.2000,0.5000,1787340887234.8582,False,,,1,OP1,C1_ETHERNET_SIN_CARGA,medio
,0.4860,0.4700,0.4160,1.0000,,1787340887265.2979,19.5600,1.1200,18.2000,0.5000,1787340887265.2979,False,,,1,OP1,C1_ETHERNET_SIN_CARGA,medio
,0.4860,0.4700,0.4160,1.0000,,1787340887294.9275,19.5600,1.1200,18.2000,0.5000,1787340887296.9380,False,,,1,OP1,C1_ETHERNET_SIN_CARGA,medio
,0.4860,0.4700,0.4180,1.0000,,1787340887346.7532,19.6300,1.1200,18.2000,0.5000,1787340887346.7532,False,,,1,OP1,C1_ETHERNET_SIN_CARGA,medio
,0.4860,0.4700,0.4180,1.0000,,1787340887373.6562,19.6300,1.1200,18.2000,0.5000,1787340887373.6562,False,,,1,OP1,C1_ETHERNET_SIN_CARGA,medio
,0.4860,0.4700,0.4190,1.0000,,1787340887405.5457,19.6650,1.1200,18.2000,0.5000,1787340887405.5457,False,,,1,OP1,C1_ETHERNET_SIN_CARGA,medio
,0.4860,0.4700,0.4190,1.0000,,1787340887434.1506,19.6650,1.1200,18.2000,0.5000,1787340887434.1506,False,,,1,OP1,C1_ETHERNET_SIN_CARGA,medio
,0.4870,0.4700,0.4190,1.0000,,1787340887458.4353,19.6650,1.0400,18.2000,0.5000,1787340887458.4353,False,,,1,OP1,C1_ETHERNET_SIN_CARGA,medio
,0.4870,0.4690,0.4190,1.0000,,1787340887483.5549,19.6650,1.0400,18.1400,0.5000,1787340887490.8696,False,,,1,OP1,C1_ETHERNET_SIN_CARGA,medio
,0.4860,0.4690,0.4200,1.0000,,1787340887515.3452,19.7000,1.1200,18.1400,0.5000,1787340887515.3452,False,,,1,OP1,C1_ETHERNET_SIN_CARGA,medio
,0.4860,0.4690,0.4210,1.0000,,1787340887542.7280,19.7350,1.1200,18.1400,0.5000,1787340887542.7280,False,,,1,OP1,C1_ETHERNET_SIN_CARGA,medio
,0.4860,0.4690,0.4220,1.0000,,1787340887573.4771,19.7700,1.1200,18.1400,0.5000,1787340887573.4771,False,,,1,OP1,C1_ETHERNET_SIN_CARGA,medio
,0.4860,0.4690,0.4220,1.0000,,1787340887600.6379,19.7700,1.1200,18.1400,0.5000,1787340887602.2209,False,,,1,OP1,C1_ETHERNET_SIN_CARGA,medio
,0.4860,0.4690,0.4230,1.0000,,1787340887629.6191,19.8050,1.1200,18.1400,0.5000,1787340887629.6191,False,,,1,OP1,C1_ETHERNET_SIN_CARGA,medio
,0.4850,0.4690,0.4230,1.0000,,1787340887654.1299,19.8050,1.2000,18.1400,0.5000,1787340887654.1299,False,,,1,OP1,C1_ETHERNET_SIN_CARGA,medio
,0.4850,0.4690,0.4230,1.0000,,1787340887683.2795,19.8050,1.2000,18.1400,0.5000,1787340887683.2795,False,,,1,OP1,C1_ETHERNET_SIN_CARGA,medio
,0.4860,0.4680,0.4240,1.0000,,1787340887709.5793,19.8400,1.1200,18.0800,0.5000,1787340887709.5793,False,,,1,OP1,C1_ETHERNET_SIN_CARGA,medio
,0.4850,0.4690,0.4240,1.0000,,1787340887737.9392,19.8400,1.2000,18.1400,0.5000,1787340887737.9392,False,,,1,OP1,C1_ETHERNET_SIN_CARGA,medio
,0.4850,0.4690,0.4240,1.0000,,1787340887767.7334,19.8400,1.2000,18.1400,0.5000,1787340887768.7354,False,,,1,OP1,C1_ETHERNET_SIN_CARGA,medio
,0.4850,0.4690,0.4240,1.0000,,1787340887790.8064,19.8400,1.2000,18.1400,0.5000,1787340887790.8064,False,,,1,OP1,C1_ETHERNET_SIN_CARGA,medio
,0.4850,0.4680,0.4250,1.0000,,1787340887818.9753,19.8750,1.2000,18.0800,0.5000,1787340887818.9753,False,,,1,OP1,C1_ETHERNET_SIN_CARGA,medio
,0.4860,0.4680,0.4250,1.0000,,1787340887850.6506,19.8750,1.1200,18.0800,0.5000,1787340887851.6548,False,,,1,OP1,C1_ETHERNET_SIN_CARGA,medio
,0.4850,0.4680,0.4250,1.0000,,1787340887873.1069,19.8750,1.2000,18.0800,0.5000,1787340887873.1069,False,,,1,OP1,C1_ETHERNET_SIN_CARGA,medio
,0.4850,0.4680,0.4260,1.0000,,1787340887905.3228,19.9100,1.2000,18.0800,0.5000,1787340887907.3330,False,,,1,OP1,C1_ETHERNET_SIN_CARGA,medio
,0.4850,0.4680,0.4260,1.0000,,1787340887934.5435,19.9100,1.2000,18.0800,0.5000,1787340887936.5398,False,,,1,OP1,C1_ETHERNET_SIN_CARGA,medio
,0.4850,0.4680,0.4260,1.0000,,1787340887963.0554,19.9100,1.2000,18.0800,0.5000,1787340887963.0554,False,,,1,OP1,C1_ETHERNET_SIN_CARGA,medio
,0.4850,0.4680,0.4260,1.0000,,1787340887990.5435,19.9100,1.2000,18.0800,0.5000,1787340887990.5435,False,,,1,OP1,C1_ETHERNET_SIN_CARGA,medio
,0.4850,0.4680,0.4260,1.0000,,1787340888019.1733,19.9100,1.2000,18.0800,0.5000,1787340888019.1733,False,,,1,OP1,C1_ETHERNET_SIN_CARGA,medio
,0.4850,0.4680,0.4250,1.0000,,1787340888041.4392,19.8750,1.2000,18.0800,0.5000,1787340888041.4392,False,,,1,OP1,C1_ETHERNET_SIN_CARGA,medio
,0.4850,0.4680,0.4250,1.0000,,1787340888073.8389,19.8750,1.2000,18.0800,0.5000,1787340888073.8389,False,,,1,OP1,C1_ETHERNET_SIN_CARGA,medio
,0.4840,0.4680,0.4260,1.0000,,1787340888101.7205,19.9100,1.2800,18.0800,0.5000,1787340888102.7170,False,,,1,OP1,C1_ETHERNET_SIN_CARGA,medio
,0.4830,0.4680,0.4260,1.0000,,1787340888152.7688,19.9100,1.3600,18.0800,0.5000,1787340888152.7688,False,,,1,OP1,C1_ETHERNET_SIN_CARGA,medio
,0.4840,0.4680,0.4260,1.0000,,1787340888178.5940,19.9100,1.2800,18.0800,0.5000,1787340888186.1616,False,,,1,OP1,C1_ETHERNET_SIN_CARGA,medio
,0.4840,0.4680,0.4260,1.0000,,1787340888212.5303,19.9100,1.2800,18.0800,0.5000,1787340888212.5303,False,,,1,OP1,C1_ETHERNET_SIN_CARGA,medio
,0.4850,0.4680,0.4250,1.0000,,1787340888240.7439,19.8750,1.2000,18.0800,0.5000,1787340888242.7542,False,,,1,OP1,C1_ETHERNET_SIN_CARGA,medio
,0.4850,0.4690,0.4250,1.0000,,1787340888264.3762,19.8750,1.2000,18.1400,0.5000,1787340888270.0706,False,,,1,OP1,C1_ETHERNET_SIN_CARGA,medio
,0.4850,0.4690,0.4250,1.0000,,1787340888291.0190,19.8750,1.2000,18.1400,0.5000,1787340888291.0190,False,,,1,OP1,C1_ETHERNET_SIN_CARGA,medio
,0.4850,0.4690,0.4250,1.0000,,1787340888321.5056,19.8750,1.2000,18.1400,0.5000,1787340888321.5056,False,,,1,OP1,C1_ETHERNET_SIN_CARGA,medio
,0.4860,0.4690,0.4240,1.0000,,1787340888343.5105,19.8400,1.1200,18.1400,0.5000,1787340888343.5105,False,,,1,OP1,C1_ETHERNET_SIN_CARGA,medio
,0.4870,0.4690,0.4240,1.0000,,1787340888378.7412,19.8400,1.0400,18.1400,0.5000,1787340888378.7412,False,,,1,OP1,C1_ETHERNET_SIN_CARGA,medio
,0.4870,0.4690,0.4240,1.0000,,1787340888408.7371,19.8400,1.0400,18.1400,0.5000,1787340888410.7483,False,,,1,OP1,C1_ETHERNET_SIN_CARGA,medio
,0.4880,0.4690,0.4240,1.0000,,1787340888436.0894,19.8400,0.9600,18.1400,0.5000,1787340888436.0894,False,,,1,OP1,C1_ETHERNET_SIN_CARGA,medio
,0.4880,0.4690,0.4240,1.0000,,1787340888458.1296,19.8400,0.9600,18.1400,0.5000,1787340888458.1296,False,,,1,OP1,C1_ETHERNET_SIN_CARGA,medio
,0.4880,0.4690,0.4240,1.0000,,1787340888490.8926,19.8400,0.9600,18.1400,0.5000,1787340888490.8926,False,,,1,OP1,C1_ETHERNET_SIN_CARGA,medio
,0.4880,0.4690,0.4240,1.0000,,1787340888515.5576,19.8400,0.9600,18.1400,0.5000,1787340888515.5576,False,,,1,OP1,C1_ETHERNET_SIN_CARGA,medio
,0.4880,0.4690,0.4240,1.0000,,1787340888546.9363,19.8400,0.9600,18.1400,0.5000,1787340888546.9363,False,,,1,OP1,C1_ETHERNET_SIN_CARGA,medio
,0.4880,0.4680,0.4250,1.0000,,1787340888575.6509,19.8750,0.9600,18.0800,0.5000,1787340888575.6509,False,,,1,OP1,C1_ETHERNET_SIN_CARGA,medio
,0.4880,0.4680,0.4250,1.0000,,1787340888602.8840,19.8750,0.9600,18.0800,0.5000,1787340888602.8840,False,,,1,OP1,C1_ETHERNET_SIN_CARGA,medio
,0.4880,0.4670,0.4260,1.0000,,1787340888623.8499,19.9100,0.9600,18.0200,0.5000,1787340888623.8499,False,,,1,OP1,C1_ETHERNET_SIN_CARGA,medio
,0.4880,0.4670,0.4260,1.0000,,1787340888657.8074,19.9100,0.9600,18.0200,0.5000,1787340888657.8074,False,,,1,OP1,C1_ETHERNET_SIN_CARGA,medio
,0.4870,0.4670,0.4260,1.0000,,1787340888680.7598,19.9100,1.0400,18.0200,0.5000,1787340888680.7598,False,,,1,OP1,C1_ETHERNET_SIN_CARGA,medio
,0.4870,0.4670,0.4270,1.0000,,1787340888713.8745,19.9450,1.0400,18.0200,0.5000,1787340888713.8745,False,,,1,OP1,C1_ETHERNET_SIN_CARGA,medio
,0.4860,0.4660,0.4270,1.0000,,1787340888744.0989,19.9450,1.1200,17.9600,0.5000,1787340888744.0989,False,,,1,OP1,C1_ETHERNET_SIN_CARGA,medio
,0.4860,0.4660,0.4270,1.0000,,1787340888768.5742,19.9450,1.1200,17.9600,0.5000,1787340888771.5493,False,,,1,OP1,C1_ETHERNET_SIN_CARGA,medio
,0.4860,0.4660,0.4270,1.0000,,1787340888792.8162,19.9450,1.1200,17.9600,0.5000,1787340888792.8162,False,,,1,OP1,C1_ETHERNET_SIN_CARGA,medio
,0.4860,0.4660,0.4270,1.0000,,1787340888824.3806,19.9450,1.1200,17.9600,0.5000,1787340888824.3806,False,,,1,OP1,C1_ETHERNET_SIN_CARGA,medio
,0.4860,0.4660,0.4270,1.0000,,1787340888851.1667,19.9450,1.1200,17.9600,0.5000,1787340888851.1667,False,,,1,OP1,C1_ETHERNET_SIN_CARGA,medio
,0.4860,0.4650,0.4270,1.0000,,1787340888880.0620,19.9450,1.1200,17.9000,0.5000,1787340888880.0620,False,,,1,OP1,C1_ETHERNET_SIN_CARGA,medio
,0.4860,0.4650,0.4280,1.0000,,1787340888908.9651,19.9800,1.1200,17.9000,0.5000,1787340888908.9651,False,,,1,OP1,C1_ETHERNET_SIN_CARGA,medio
,0.4870,0.4650,0.4280,1.0000,,1787340888957.5752,19.9800,1.0400,17.9000,0.5000,1787340888957.5752,False,,,1,OP1,C1_ETHERNET_SIN_CARGA,medio
,0.4870,0.4650,0.4270,1.0000,,1787340888991.9375,19.9450,1.0400,17.9000,0.5000,1787340888993.6914,False,,,1,OP1,C1_ETHERNET_SIN_CARGA,medio
,0.4860,0.4650,0.4270,1.0000,,1787340889044.6875,19.9450,1.1200,17.9000,0.5000,1787340889044.6875,False,,,1,OP1,C1_ETHERNET_SIN_CARGA,medio
,0.4860,0.4650,0.4280,1.0000,,1787340889077.0706,19.9800,1.1200,17.9000,0.5000,1787340889077.0706,False,,,1,OP1,C1_ETHERNET_SIN_CARGA,medio
,0.4860,0.4640,0.4280,1.0000,,1787340889103.4446,19.9800,1.1200,17.8400,0.5000,1787340889103.4446,False,,,1,OP1,C1_ETHERNET_SIN_CARGA,medio
,0.4860,0.4640,0.4280,1.0000,,1787340889127.3518,19.9800,1.1200,17.8400,0.5000,1787340889127.3518,False,,,1,OP1,C1_ETHERNET_SIN_CARGA,medio
,0.4860,0.4640,0.4280,1.0000,,1787340889161.5469,19.9800,1.1200,17.8400,0.5000,1787340889161.5469,False,,,1,OP1,C1_ETHERNET_SIN_CARGA,medio
,0.4860,0.4640,0.4280,1.0000,,1787340889212.5493,19.9800,1.1200,17.8400,0.5000,1787340889212.5493,False,,,1,OP1,C1_ETHERNET_SIN_CARGA,medio
,0.4860,0.4630,0.4280,1.0000,,1787340889243.6895,19.9800,1.1200,17.7800,0.5000,1787340889243.6895,False,,,1,OP1,C1_ETHERNET_SIN_CARGA,medio
,0.4850,0.4630,0.4290,1.0000,,1787340889295.7649,20.0150,1.2000,17.7800,0.5000,1787340889295.7649,False,,,1,OP1,C1_ETHERNET_SIN_CARGA,medio
,0.4850,0.4630,0.4300,1.0000,,1787340889354.7571,20.0500,1.2000,17.7800,0.5000,1787340889354.7571,False,,,1,OP1,C1_ETHERNET_SIN_CARGA,medio
,0.4850,0.4630,0.4300,1.0000,,1787340889380.8589,20.0500,1.2000,17.7800,0.5000,1787340889380.8589,False,,,1,OP1,C1_ETHERNET_SIN_CARGA,medio
,0.4850,0.4630,0.4300,1.0000,,1787340889407.5005,20.0500,1.2000,17.7800,0.5000,1787340889407.5005,False,,,1,OP1,C1_ETHERNET_SIN_CARGA,medio
,0.4850,0.4630,0.4300,1.0000,,1787340889431.7786,20.0500,1.2000,17.7800,0.5000,1787340889440.5864,False,,,1,OP1,C1_ETHERNET_SIN_CARGA,medio
,0.4850,0.4630,0.4290,1.0000,,1787340889463.4941,20.0150,1.2000,17.7800,0.5000,1787340889463.4941,False,,,1,OP1,C1_ETHERNET_SIN_CARGA,medio
,0.4850,0.4630,0.4290,1.0000,,1787340889490.8999,20.0150,1.2000,17.7800,0.5000,1787340889490.8999,False,,,1,OP1,C1_ETHERNET_SIN_CARGA,medio
,0.4850,0.4620,0.4280,1.0000,,1787340889515.4600,19.9800,1.2000,17.7200,0.5000,1787340889515.4600,False,,,1,OP1,C1_ETHERNET_SIN_CARGA,medio
,0.4850,0.4620,0.4280,1.0000,,1787340889548.4922,19.9800,1.2000,17.7200,0.5000,1787340889548.4922,False,,,1,OP1,C1_ETHERNET_SIN_CARGA,medio
,0.4840,0.4600,0.4260,1.0000,,1787340889603.6128,19.9100,1.2800,17.6000,0.5000,1787340889603.6128,False,,,1,OP1,C1_ETHERNET_SIN_CARGA,medio
,0.4840,0.4600,0.4250,1.0000,,1787340889630.9399,19.8750,1.2800,17.6000,0.5000,1787340889630.9399,False,,,1,OP1,C1_ETHERNET_SIN_CARGA,medio
,0.4830,0.4580,0.4250,1.0000,,1787340889656.8120,19.8750,1.3600,17.4800,0.5000,1787340889656.8120,False,,,1,OP1,C1_ETHERNET_SIN_CARGA,medio
,0.4830,0.4580,0.4250,1.0000,,1787340889681.8311,19.8750,1.3600,17.4800,0.5000,1787340889681.8311,False,,,1,OP1,C1_ETHERNET_SIN_CARGA,medio
,0.4830,0.4580,0.4240,1.0000,,1787340889716.8074,19.8400,1.3600,17.4800,0.5000,1787340889716.8074,False,,,1,OP1,C1_ETHERNET_SIN_CARGA,medio
,0.4840,0.4570,0.4240,1.0000,,1787340889741.2808,19.8400,1.2800,17.4200,0.5000,1787340889741.2808,False,,,1,OP1,C1_ETHERNET_SIN_CARGA,medio
,0.4850,0.4570,0.4240,1.0000,,1787340889767.7009,19.8400,1.2000,17.4200,0.5000,1787340889767.7009,False,,,1,OP1,C1_ETHERNET_SIN_CARGA,medio
,0.4860,0.4570,0.4240,1.0000,,1787340889798.9343,19.8400,1.1200,17.4200,0.5000,1787340889798.9343,False,,,1,OP1,C1_ETHERNET_SIN_CARGA,medio
,0.4870,0.4580,0.4240,1.0000,,1787340889850.7451,19.8400,1.0400,17.4800,0.5000,1787340889850.7451,False,,,1,OP1,C1_ETHERNET_SIN_CARGA,medio
,0.4870,0.4580,0.4250,1.0000,,1787340889884.2920,19.8750,1.0400,17.4800,0.5000,1787340889885.7424,False,,,1,OP1,C1_ETHERNET_SIN_CARGA,medio
,0.4880,0.4590,0.4250,1.0000,,1787340889911.2075,19.8750,0.9600,17.5400,0.5000,1787340889911.2075,False,,,1,OP1,C1_ETHERNET_SIN_CARGA,medio
,0.4880,0.4600,0.4260,1.0000,,1787340889940.8740,19.9100,0.9600,17.6000,0.5000,1787340889940.8740,False,,,1,OP1,C1_ETHERNET_SIN_CARGA,medio
,0.4880,0.4600,0.4260,1.0000,,1787340889967.1404,19.9100,0.9600,17.6000,0.5000,1787340889967.1404,False,,,1,OP1,C1_ETHERNET_SIN_CARGA,medio
,0.4880,0.4600,0.4260,1.0000,,1787340889993.4548,19.9100,0.9600,17.6000,0.5000,1787340889993.4548,False,,,1,OP1,C1_ETHERNET_SIN_CARGA,medio
,0.4890,0.4610,0.4270,1.0000,,1787340890018.5881,19.9450,0.8800,17.6600,0.5000,1787340890018.5881,False,,,1,OP1,C1_ETHERNET_SIN_CARGA,medio
,0.4890,0.4610,0.4270,1.0000,,1787340890050.6467,19.9450,0.8800,17.6600,0.5000,1787340890050.6467,False,,,1,OP1,C1_ETHERNET_SIN_CARGA,medio
